v 0.08793942630290985 0.10424339026212692 0.18100902438163757 1.0 0.0 0.0
v -0.21330425143241882 -0.3690037727355957 0.013757006265223026 1.0 0.0 0.0
v -0.4803372919559479 -0.7443705201148987 -0.14589263498783112 1.0 0.0 0.0
v -0.4727349281311035 -0.4279220998287201 -0.14589263498783112 1.0 0.0 0.0
v 0.006214014254510403 -0.19319911301136017 0.13824571669101715 1.0 0.0 0.0
v -0.3482462167739868 -0.5818699598312378 -0.06796840578317642 1.0 0.0 0.0
v -0.04415164887905121 -0.3813576102256775 0.11163744330406189 1.0 0.0 0.0
v -0.18384508788585663 -0.17799438536167145 0.028011439368128777 1.0 0.0 0.0
v -0.03274810314178467 -0.029748279601335526 0.11258774250745773 1.0 0.0 0.0
v 0.09934297204017639 -0.06490921229124069 0.19051197171211243 1.0 0.0 0.0
v -0.3482462167739868 -0.34049490094184875 -0.06986899673938751 1.0 0.0 0.0
v -0.47558581829071045 -0.5752179026603699 -0.1411411613225937 1.0 0.0 0.0
v -0.2532166540622711 -0.4972936809062958 -0.01095067709684372 1.0 0.0 0.0
v -0.0945173129439354 -0.2597197890281677 0.07932739704847336 1.0 0.0 0.0
v -0.28362610936164856 -0.12477783113718033 -0.03185717761516571 1.0 0.0 0.0
v -0.14203208684921265 -0.0630086213350296 0.05557001009583473 1.0 0.0 0.0
v -0.27887463569641113 -0.24831624329090118 -0.025205109268426895 1.0 0.0 0.0
v -0.37675508856773376 -0.45833155512809753 -0.08412343263626099 1.0 0.0 0.0
v -0.45467931032180786 -0.2863280773162842 -0.12783703207969666 1.0 0.0 0.0
v -0.004239236004650593 0.080485999584198 0.12779246270656586 1.0 0.0 0.0
v -0.12777765095233917 -0.4260215163230896 0.06222207844257355 1.0 0.0 0.0
v -0.0755114033818245 -0.14473403990268707 0.0907309427857399 1.0 0.0 0.0
v -0.4138166010379791 -0.6483906507492065 -0.10502993315458298 1.0 0.0 0.0
v 0.012866083532571793 -0.2910795509815216 0.14109660685062408 1.0 0.0 0.0
v -0.2978805601596832 -0.4193694293498993 -0.038509245961904526 1.0 0.0 0.0
v -0.17339183390140533 -0.2929801344871521 0.039414986968040466 1.0 0.0 0.0
v 0.08033706247806549 -0.22645944356918335 0.18005871772766113 1.0 0.0 0.0
v 0.045176129788160324 0.01491560973227024 0.1563013345003128 1.0 0.0 0.0
v 0.008114605210721493 -0.1010204404592514 0.1372954249382019 1.0 0.0 0.0
v -0.4128662943840027 -0.38325822353363037 -0.10693052411079407 1.0 0.0 0.0
v -0.10972204059362411 -0.34429609775543213 0.06887414306402206 1.0 0.0 0.0
v -0.20760247111320496 -0.08391512185335159 0.010906119830906391 1.0 0.0 0.0
v 0.07273469865322113 -0.14663462340831757 0.17815813422203064 1.0 0.0 0.0
v -0.4223692715167999 -0.5277031064033508 -0.10883111506700516 1.0 0.0 0.0
v -0.40621423721313477 -0.730116069316864 -0.0926760882139206 1.0 0.0 0.0
v -0.18859656155109406 -0.45643097162246704 0.026110848411917686 1.0 0.0 0.0
v -0.0755114033818245 0.029170043766498566 0.08883035182952881 1.0 0.0 0.0
v -0.2693716883659363 -0.3309919536113739 -0.02045363187789917 1.0 0.0 0.0
v -0.3263894021511078 -0.5115481019020081 -0.0527636781334877 1.0 0.0 0.0
v -0.3919598162174225 -0.26637187600135803 -0.09172579646110535 1.0 0.0 0.0
v -0.474635511636734 -0.6607444882392883 -0.14684294164180756 1.0 0.0 0.0
v 0.028070811182260513 0.17171436548233032 0.14204689860343933 1.0 0.0 0.0
v -0.19049715995788574 -0.5305539965629578 0.02896173484623432 1.0 0.0 0.0
v -0.4717846214771271 -0.3566499352455139 -0.1411411613225937 1.0 0.0 0.0
v -0.13633030652999878 -0.1371316760778427 0.05747060105204582 1.0 0.0 0.0
v -0.3539479970932007 -0.6702474355697632 -0.06701811403036118 1.0 0.0 0.0
v -0.0460522398352623 -0.30248308181762695 0.10878656059503555 1.0 0.0 0.0
v -0.217105433344841 -0.25211742520332336 0.008055233396589756 1.0 0.0 0.0
v -0.08216346800327301 -0.07441216707229614 0.08407887071371078 1.0 0.0 0.0
v -0.2703219950199127 -0.561913788318634 -0.017602745443582535 1.0 0.0 0.0
v -0.04795283079147339 -0.22455886006355286 0.11258774250745773 1.0 0.0 0.0
v -0.3054829239845276 -0.1874973326921463 -0.04136013239622116 1.0 0.0 0.0
v -0.1391811966896057 -0.21600620448589325 0.05461971461772919 1.0 0.0 0.0
v -0.23896223306655884 -0.1703920215368271 -0.004298608284443617 1.0 0.0 0.0
v 0.10409445315599442 0.0225179735571146 0.1924125701189041 1.0 0.0 0.0
v -0.3311409056186676 -0.2635209858417511 -0.05846545472741127 1.0 0.0 0.0
v -0.4698840379714966 -0.5010948777198792 -0.1392405778169632 1.0 0.0 0.0
v 0.04612642526626587 -0.048754189163446426 0.16295340657234192 1.0 0.0 0.0
v -0.23991252481937408 -0.4364747703075409 -0.0014477219665423036 1.0 0.0 0.0
v 0.1288021355867386 -0.1409328579902649 0.20951788127422333 1.0 0.0 0.0
v -0.3482462167739868 -0.408916175365448 -0.06891870498657227 1.0 0.0 0.0
v -0.16388888657093048 -0.353799045085907 0.041315577924251556 1.0 0.0 0.0
v -0.10497055947780609 -0.01739443652331829 0.07077473402023315 1.0 0.0 0.0
v -0.02324514649808407 -0.14663462340831757 0.1201901063323021 1.0 0.0 0.0
v -0.43092191219329834 -0.44787830114364624 -0.11168200522661209 1.0 0.0 0.0
v -0.05745578557252884 0.08238659054040909 0.09833330661058426 1.0 0.0 0.0
v -0.007090122904628515 0.02631915546953678 0.12969306111335754 1.0 0.0 0.0
v -0.4432757496833801 -0.6959054470062256 -0.1202346608042717 1.0 0.0 0.0
v -0.2760237455368042 -0.617030918598175 -0.025205109268426895 1.0 0.0 0.0
v -0.423319548368454 -0.3309919536113739 -0.10883111506700516 1.0 0.0 0.0
v 0.052778493613004684 0.06718186289072037 0.16200309991836548 1.0 0.0 0.0
v -0.4328225255012512 -0.5894723534584045 -0.11453288793563843 1.0 0.0 0.0
v -0.3292402923107147 -0.459281861782074 -0.0527636781334877 1.0 0.0 0.0
v 0.03472287952899933 -0.2464156597852707 0.15440073609352112 1.0 0.0 0.0
v -0.20950306951999664 -0.3157872259616852 0.010906119830906391 1.0 0.0 0.0
v -0.008040417917072773 -0.34904757142066956 0.1268421709537506 1.0 0.0 0.0
v -0.08786524087190628 -0.19319911301136017 0.08312857896089554 1.0 0.0 0.0
v -0.38245683908462524 -0.5476593375205994 -0.08602402359247208 1.0 0.0 0.0
v -0.25416696071624756 -0.3880096971988678 -0.008099790662527084 1.0 0.0 0.0
v -0.3092840909957886 -0.3556996285915375 -0.042310427874326706 1.0 0.0 0.0
v -0.0926167219877243 -0.3927611708641052 0.08122798800468445 1.0 0.0 0.0
v -0.3862580358982086 -0.6141800284385681 -0.08412343263626099 1.0 0.0 0.0
v 0.028070811182260513 0.11089545488357544 0.1477486789226532 1.0 0.0 0.0
v -0.04130076244473457 -0.10197073966264725 0.11353803426027298 1.0 0.0 0.0
v 0.07558558881282806 0.15080787241458893 0.17435695230960846 1.0 0.0 0.0
v -0.23040956258773804 -0.5476593375205994 0.006154641974717379 1.0 0.0 0.0
v 0.10409445315599442 -0.1808452606201172 0.19716404378414154 1.0 0.0 0.0
v -0.24276341497898102 -0.12287724018096924 -0.006199199706315994 1.0 0.0 0.0
v -0.1809941977262497 -0.11907605826854706 0.02896173484623432 1.0 0.0 0.0
v -0.3121349811553955 -0.30438369512557983 -0.04326072335243225 1.0 0.0 0.0
v 0.048977311700582504 -0.10862280428409576 0.16295340657234192 1.0 0.0 0.0
v -0.16293857991695404 -0.4003635346889496 0.04036528244614601 1.0 0.0 0.0
v -0.31688645482063293 -0.6217823624610901 -0.046111609786748886 1.0 0.0 0.0
v -0.2446639984846115 -0.21980738639831543 -0.010000381618738174 1.0 0.0 0.0
v -0.15058474242687225 -0.46688422560691833 0.04891794174909592 1.0 0.0 0.0
v 0.007164310198277235 -0.02309621125459671 0.13349424302577972 1.0 0.0 0.0
v -0.20285099744796753 -0.4136676788330078 0.02325996197760105 1.0 0.0 0.0
v -0.43947458267211914 -0.7472214102745056 -0.11738377809524536 1.0 0.0 0.0
v -0.004239236004650593 -0.2359624058008194 0.1306433528661728 1.0 0.0 0.0
v -0.29027819633483887 -0.5229516625404358 -0.02995658665895462 1.0 0.0 0.0
v -0.2484651803970337 -0.2777754068374634 -0.00905008614063263 1.0 0.0 0.0
v 0.13925538957118988 0.13370254635810852 0.21807053685188293 1.0 0.0 0.0
v -0.3862580358982086 -0.41461795568466187 -0.08982520550489426 1.0 0.0 0.0
v -0.35774916410446167 -0.23121093213558197 -0.07081929594278336 1.0 0.0 0.0
v -0.10592085868120193 -0.11052339524030685 0.07362562417984009 1.0 0.0 0.0
v 0.0869891345500946 -0.015493846498429775 0.18100902438163757 1.0 0.0 0.0
v -0.38055625557899475 -0.3072345554828644 -0.08412343263626099 1.0 0.0 0.0
v -0.0755114033818245 -0.32814106345176697 0.0907309427857399 1.0 0.0 0.0
v -0.4052639305591583 -0.48589012026786804 -0.10027845203876495 1.0 0.0 0.0
v -0.45848050713539124 -0.6189314723014832 -0.13163821399211884 1.0 0.0 0.0
v 0.12405066192150116 -0.01454355102032423 0.20191551744937897 1.0 0.0 0.0
v -0.13538001477718353 -0.2977316081523895 0.05747060105204582 1.0 0.0 0.0
v -0.2722225785255432 -0.45643097162246704 -0.019503336399793625 1.0 0.0 0.0
v -0.3815065622329712 -0.6997066140174866 -0.07842165976762772 1.0 0.0 0.0
v -0.3159361779689789 -0.5514605045318604 -0.046111609786748886 1.0 0.0 0.0
v -0.21425454318523407 -0.48589012026786804 0.011856415309011936 1.0 0.0 0.0
v -0.04130076244473457 0.042474180459976196 0.10783626139163971 1.0 0.0 0.0
v -0.17434214055538177 -0.06205832585692406 0.029912030324339867 1.0 0.0 0.0
v -0.3748544752597809 -0.5058463215827942 -0.08127254247665405 1.0 0.0 0.0
v -0.06980962306261063 -0.020245324820280075 0.09168124198913574 1.0 0.0 0.0
v 0.09649208933115005 -0.11527487635612488 0.18861138820648193 1.0 0.0 0.0
v -0.3159361779689789 -0.14853522181510925 -0.046111609786748886 1.0 0.0 0.0
v 0.1373547911643982 -0.10197073966264725 0.2152196615934372 1.0 0.0 0.0
v 0.020468447357416153 -0.13808196783065796 0.14489778876304626 1.0 0.0 0.0
v -0.1306285411119461 -0.17609378695487976 0.05652030557394028 1.0 0.0 0.0
v -0.2703219950199127 -0.18369615077972412 -0.02425481379032135 1.0 0.0 0.0
v -0.15248534083366394 -0.013593255542218685 0.04701735079288483 1.0 0.0 0.0
v -0.056505490094423294 -0.2597197890281677 0.09833330661058426 1.0 0.0 0.0
v -0.20095041394233704 -0.21220502257347107 0.02135937102138996 1.0 0.0 0.0
v -0.4537290036678314 -0.38705939054489136 -0.12593643367290497 1.0 0.0 0.0
v -0.4404248893260956 -0.484939843416214 -0.12118496000766754 1.0 0.0 0.0
v -0.423319548368454 -0.2929801344871521 -0.10598022490739822 1.0 0.0 0.0
v 0.06418204307556152 -0.18274585902690887 0.16960546374320984 1.0 0.0 0.0
v 0.1078956350684166 0.13845402002334595 0.19716404378414154 1.0 0.0 0.0
v -0.05175401270389557 -0.06205832585692406 0.10688596963882446 1.0 0.0 0.0
v 0.017617560923099518 -0.06490921229124069 0.14394749701023102 1.0 0.0 0.0
v 0.11929918080568314 0.07098304480314255 0.19716404378414154 1.0 0.0 0.0
v -0.24181310832500458 -0.349997878074646 -0.0033483130391687155 1.0 0.0 0.0
v -0.3539479970932007 -0.6265338659286499 -0.06986899673938751 1.0 0.0 0.0
v -0.44802725315093994 -0.5562120079994202 -0.12213525176048279 1.0 0.0 0.0
v -0.46323198080062866 -0.3224392831325531 -0.1306879073381424 1.0 0.0 0.0
v 0.024269629269838333 0.042474180459976196 0.14394749701023102 1.0 0.0 0.0
v -0.47558581829071045 -0.46498361229896545 -0.1392405778169632 1.0 0.0 0.0
v -0.03179780766367912 -0.18179556727409363 0.11543862521648407 1.0 0.0 0.0
v -0.39576098322868347 -0.22645944356918335 -0.08982520550489426 1.0 0.0 0.0
v -0.14013148844242096 -0.25211742520332336 0.05652030557394028 1.0 0.0 0.0
v -0.28172552585601807 -0.37470555305480957 -0.027105700224637985 1.0 0.0 0.0
v 0.062281448394060135 0.18311791121959686 0.16580428183078766 1.0 0.0 0.0
v -0.08311376720666885 -0.2929801344871521 0.08692976087331772 1.0 0.0 0.0
v -0.37675508856773376 -0.38040733337402344 -0.08412343263626099 1.0 0.0 0.0
v 0.06608263403177261 -0.07821334898471832 0.17055577039718628 1.0 0.0 0.0
v -0.3073835074901581 -0.5885220170021057 -0.03945954144001007 1.0 0.0 0.0
v 0.07273469865322113 -0.26067009568214417 0.1772078275680542 1.0 0.0 0.0
v 0.03282228857278824 -0.17609378695487976 0.15345044434070587 1.0 0.0 0.0
v -0.0736108124256134 -0.10672221332788467 0.09453212469816208 1.0 0.0 0.0
v -0.28742730617523193 -0.28347718715667725 -0.02995658665895462 1.0 0.0 0.0
v -0.3520473837852478 -0.5296037197113037 -0.06796840578317642 1.0 0.0 0.0
v -0.3881586194038391 -0.6645456552505493 -0.08792461454868317 1.0 0.0 0.0
v -0.1220758780837059 0.015865905210375786 0.06222207844257355 1.0 0.0 0.0
v -0.012791896238923073 -0.2692227363586426 0.12589187920093536 1.0 0.0 0.0
v -0.4727349281311035 -0.7111101746559143 -0.14019086956977844 1.0 0.0 0.0
v -0.24086281657218933 -0.31103575229644775 -0.0033483130391687155 1.0 0.0 0.0
v -0.08026287704706192 -0.22645944356918335 0.08788006007671356 1.0 0.0 0.0
v 0.0698838159441948 0.038672998547554016 0.16960546374320984 1.0 0.0 0.0
v -0.018493669107556343 -0.3167375326156616 0.12399128824472427 1.0 0.0 0.0
v -0.13347943127155304 -0.1029210314154625 0.05557001009583473 1.0 0.0 0.0
v -0.33209118247032166 -0.21315531432628632 -0.05846545472741127 1.0 0.0 0.0
v 0.056579675525426865 0.12039840966463089 0.16295340657234192 1.0 0.0 0.0
v -0.33874326944351196 -0.37185466289520264 -0.06226663663983345 1.0 0.0 0.0
v -0.2807752192020416 -0.49064159393310547 -0.029006291180849075 1.0 0.0 0.0
v -0.445176362991333 -0.4193694293498993 -0.12308555096387863 1.0 0.0 0.0
v -0.36345094442367554 -0.27682510018348694 -0.07747136056423187 1.0 0.0 0.0
v -0.26842138171195984 -0.42317062616348267 -0.019503336399793625 1.0 0.0 0.0
v -0.3121349811553955 -0.38895997405052185 -0.042310427874326706 1.0 0.0 0.0
v 0.015716969966888428 0.14130491018295288 0.13634513318538666 1.0 0.0 0.0
v -0.21425454318523407 -0.15328669548034668 0.009955824352800846 1.0 0.0 0.0
v -0.2655704915523529 -0.10007014870643616 -0.015702154487371445 1.0 0.0 0.0
v -0.022294851019978523 -0.07061098515987396 0.11923980712890625 1.0 0.0 0.0
v -0.16293857991695404 -0.1561375856399536 0.041315577924251556 1.0 0.0 0.0
v -0.41191601753234863 -0.5676155686378479 -0.1012287512421608 1.0 0.0 0.0
v -0.11447351425886154 0.04722565785050392 0.06887414306402206 1.0 0.0 0.0
v -0.15628652274608612 -0.3205386996269226 0.04511675983667374 1.0 0.0 0.0
v -0.0840640589594841 -0.35950082540512085 0.08597946912050247 1.0 0.0 0.0
v -0.24371370673179626 -0.5856711268424988 -0.011900972574949265 1.0 0.0 0.0
v -0.4518284201622009 -0.6502912640571594 -0.12498614192008972 1.0 0.0 0.0
v -0.052704308182001114 0.008263541385531425 0.0992836058139801 1.0 0.0 0.0
v -0.18574568629264832 -0.38040733337402344 0.02706114389002323 1.0 0.0 0.0
v -0.0840640589594841 0.06052979454398155 0.08597946912050247 1.0 0.0 0.0
v -0.37865567207336426 -0.5818699598312378 -0.07937195152044296 1.0 0.0 0.0
v -0.024195441976189613 0.002561768516898155 0.11638892441987991 1.0 0.0 0.0
v 0.052778493613004684 -0.01739443652331829 0.16200309991836548 1.0 0.0 0.0
v -0.34919649362564087 -0.4792380630970001 -0.06796840578317642 1.0 0.0 0.0
v -0.30263203382492065 -0.4640333354473114 -0.03565835952758789 1.0 0.0 0.0
v 0.11929918080568314 0.10234279930591583 0.1981143355369568 1.0 0.0 0.0
v -0.058406081050634384 -0.18844762444496155 0.10023389756679535 1.0 0.0 0.0
v -0.21805572509765625 -0.5191504955291748 0.009005528874695301 1.0 0.0 0.0
v -0.0355989895761013 0.1080445721745491 0.1097368523478508 1.0 0.0 0.0
v -0.4005124568939209 -0.34524640440940857 -0.09362638741731644 1.0 0.0 0.0
v -0.30263203382492065 -0.2359624058008194 -0.040409836918115616 1.0 0.0 0.0
v -0.050803717225790024 -0.3518984615802765 0.10593567043542862 1.0 0.0 0.0
v -0.0013883496867492795 -0.16278965771198273 0.13444453477859497 1.0 0.0 0.0
v 0.015716969966888428 0.008263541385531425 0.1391960084438324 1.0 0.0 0.0
v -0.16578947007656097 -0.20745353400707245 0.0422658734023571 1.0 0.0 0.0
v -0.42046865820884705 -0.679750382900238 -0.10788082331418991 1.0 0.0 0.0
v -0.09831849485635757 -0.16088905930519104 0.07837709784507751 1.0 0.0 0.0
v -0.1895468682050705 -0.5001445412635803 0.02706114389002323 1.0 0.0 0.0
v -0.04985342174768448 -0.15423698723316193 0.10403507947921753 1.0 0.0 0.0
v -0.19904981553554535 -0.05160507559776306 0.01565759815275669 1.0 0.0 0.0
v -0.44992783665657043 -0.518200159072876 -0.12403584271669388 1.0 0.0 0.0
v 0.12595124542713165 -0.07061098515987396 0.20381611585617065 1.0 0.0 0.0
v 0.12595124542713165 0.040573589503765106 0.2028658092021942 1.0 0.0 0.0
v -0.16673977673053741 -0.09341807663440704 0.03561380133032799 1.0 0.0 0.0
v 0.04612642526626587 -0.14188314974308014 0.16010251641273499 1.0 0.0 0.0
v -0.33589237928390503 -0.31293633580207825 -0.059415750205516815 1.0 0.0 0.0
v -0.27317285537719727 -0.21315531432628632 -0.02045363187789917 1.0 0.0 0.0
v 0.048977311700582504 0.15270845592021942 0.16105280816555023 1.0 0.0 0.0
v -0.4043136537075043 -0.44977888464927673 -0.09837786108255386 1.0 0.0 0.0
v -0.17149125039577484 -0.43362388014793396 0.03466350585222244 1.0 0.0 0.0
v -0.1220758780837059 -0.04020152986049652 0.06222207844257355 1.0 0.0 0.0
v -0.27697405219078064 -0.15328669548034668 -0.027105700224637985 1.0 0.0 0.0
v -0.1344297230243683 -0.39751264452934265 0.05747060105204582 1.0 0.0 0.0
v -0.31688645482063293 -0.6616948246955872 -0.05561456456780434 1.0 0.0 0.0
v -0.4109657108783722 -0.4193694293498993 -0.10502993315458298 1.0 0.0 0.0
v 0.09269090741872787 0.07288363575935364 0.18481020629405975 1.0 0.0 0.0
v -0.10211967676877975 -0.4260215163230896 0.0802776888012886 1.0 0.0 0.0
v -0.20760247111320496 -0.18179556727409363 0.009005528874695301 1.0 0.0 0.0
v -0.4328225255012512 -0.3623517155647278 -0.11168200522661209 1.0 0.0 0.0
v -0.23326045274734497 -0.0905671939253807 -0.0014477219665423036 1.0 0.0 0.0
v -0.11637410521507263 -0.2274097502231598 0.06887414306402206 1.0 0.0 0.0
v 0.056579675525426865 -0.2150558978319168 0.16770488023757935 1.0 0.0 0.0
v 0.14115597307682037 0.019667087122797966 0.21616995334625244 1.0 0.0 0.0
v -0.09736819565296173 -0.05160507559776306 0.07457591593265533 1.0 0.0 0.0
v -0.19334805011749268 -0.24356476962566376 0.022309666499495506 1.0 0.0 0.0
v 0.03092169761657715 0.07858540862798691 0.14679837226867676 1.0 0.0 0.0
v -0.32353854179382324 -0.4241209030151367 -0.05086308717727661 1.0 0.0 0.0
v -0.35774916410446167 -0.4412262439727783 -0.07081929594278336 1.0 0.0 0.0
v -0.03179780766367912 0.06813216209411621 0.11638892441987991 1.0 0.0 0.0
v -0.4337728023529053 -0.619881808757782 -0.11738377809524536 1.0 0.0 0.0
v 0.0974423810839653 0.16411200165748596 0.19051197171211243 1.0 0.0 0.0
v -0.21805572509765625 -0.1200263500213623 0.007104937452822924 1.0 0.0 0.0
v -0.1895468682050705 -0.15043580532073975 0.02706114389002323 1.0 0.0 0.0
v -0.1410817950963974 -0.3671031892299652 0.05081853270530701 1.0 0.0 0.0
v -0.011841600760817528 0.11374634504318237 0.12399128824472427 1.0 0.0 0.0
v 0.0974423810839653 -0.15423698723316193 0.18861138820648193 1.0 0.0 0.0
v -0.3368426561355591 -0.6056273579597473 -0.05656486004590988 1.0 0.0 0.0
v -0.21235395967960358 -0.43742504715919495 0.012806710787117481 1.0 0.0 0.0
v -0.06790903210639954 -0.3861090838909149 0.09833330661058426 1.0 0.0 0.0
v -0.1600877046585083 -0.12477783113718033 0.04606705531477928 1.0 0.0 0.0
v -0.11637410521507263 -0.06966069340705872 0.0631723701953888 1.0 0.0 0.0
v -0.24561429023742676 -0.5305539965629578 -0.00905008614063263 1.0 0.0 0.0
v 0.07653588056564331 -0.05350566655397415 0.17625753581523895 1.0 0.0 0.0
v -0.1116226315498352 -0.19890087842941284 0.07077473402023315 1.0 0.0 0.0
v 0.024269629269838333 -0.21125471591949463 0.1477486789226532 1.0 0.0 0.0
v -0.015642782673239708 -0.10007014870643616 0.12399128824472427 1.0 0.0 0.0
v -0.10497055947780609 -0.29868191480636597 0.071725033223629 1.0 0.0 0.0
v 0.13450391590595245 -0.041151825338602066 0.2152196615934372 1.0 0.0 0.0
v 0.004313423298299313 -0.3224392831325531 0.1372954249382019 1.0 0.0 0.0
v -0.3758047819137573 -0.244515061378479 -0.08792461454868317 1.0 0.0 0.0
v 0.060380857437849045 0.21447767317295074 0.17150606215000153 1.0 0.0 0.0
v -0.22660838067531586 -0.28727835416793823 0.0033037555404007435 1.0 0.0 0.0
v -0.41476690769195557 -0.6046770811080933 -0.10217904299497604 1.0 0.0 0.0
v -0.46513256430625916 -0.6778498291969299 -0.1287873238325119 1.0 0.0 0.0
v 0.028070811182260513 -0.03449975699186325 0.1496492624282837 1.0 0.0 0.0
v -0.014692487195134163 -0.21220502257347107 0.12494157999753952 1.0 0.0 0.0
v 0.10409445315599442 0.04912624880671501 0.19051197171211243 1.0 0.0 0.0
v -0.31688645482063293 -0.48779070377349854 -0.046111609786748886 1.0 0.0 0.0
v -0.42046865820884705 -0.2673221528530121 -0.11073170602321625 1.0 0.0 0.0
v -0.2950296700000763 -0.6341361999511719 -0.030906882137060165 1.0 0.0 0.0
v -0.18574568629264832 -0.34429609775543213 0.03086232580244541 1.0 0.0 0.0
v 0.07273469865322113 -0.10767251253128052 0.17340664565563202 1.0 0.0 0.0
v -0.25226637721061707 -0.25211742520332336 -0.00905008614063263 1.0 0.0 0.0
v -0.288377583026886 -0.34429609775543213 -0.03185717761516571 1.0 0.0 0.0
v -0.4404248893260956 -0.3119860589504242 -0.11263229697942734 1.0 0.0 0.0
v -0.23991252481937408 -0.47733747959136963 -0.0014477219665423036 1.0 0.0 0.0
v -0.12492676824331284 -0.3205386996269226 0.0631723701953888 1.0 0.0 0.0
v 0.06323174387216568 0.08998895436525345 0.16770488023757935 1.0 0.0 0.0
v 0.04612642526626587 0.040573589503765106 0.16010251641273499 1.0 0.0 0.0
v -0.33399176597595215 -0.6426888704299927 -0.05656486004590988 1.0 0.0 0.0
v -0.22185690701007843 -0.4032144248485565 0.009955824352800846 1.0 0.0 0.0
v -0.03749958053231239 -0.270173043012619 0.11163744330406189 1.0 0.0 0.0
v -0.3463456332683563 -0.5524108409881592 -0.05846545472741127 1.0 0.0 0.0
v -0.03179780766367912 -0.3376440405845642 0.11448833346366882 1.0 0.0 0.0
v 0.09459149837493896 -0.20175176858901978 0.18671078979969025 1.0 0.0 0.0
v 0.04992760717868805 -0.2654215693473816 0.16105280816555023 1.0 0.0 0.0
v -0.0013883496867492795 -0.1371316760778427 0.13254395127296448 1.0 0.0 0.0
v -0.14773385226726532 -0.039251234382390976 0.04986823722720146 1.0 0.0 0.0
v -0.15058474242687225 -0.4298226833343506 0.04796764627099037 1.0 0.0 0.0
v -0.2912284731864929 -0.5581125617027283 -0.030906882137060165 1.0 0.0 0.0
v -0.36630183458328247 -0.20935413241386414 -0.07937195152044296 1.0 0.0 0.0
v -0.32829001545906067 -0.5714167356491089 -0.05466426908969879 1.0 0.0 0.0
v -0.0023386452812701464 -0.05635655298829079 0.13159364461898804 1.0 0.0 0.0
v -0.2617693245410919 -0.36330199241638184 -0.017602745443582535 1.0 0.0 0.0
v -0.3558485805988312 -0.30913516879081726 -0.07367017865180969 1.0 0.0 0.0
v -0.1135232225060463 -0.14283344149589539 0.06507296115159988 1.0 0.0 0.0
v -0.31118467450141907 -0.2692227363586426 -0.04516131430864334 1.0 0.0 0.0
v -0.1306285411119461 -0.0069411867298185825 0.05842089653015137 1.0 0.0 0.0
v -0.15913739800453186 -0.23881329596042633 0.04891794174909592 1.0 0.0 0.0
v -0.2969302535057068 -0.21030442416667938 -0.040409836918115616 1.0 0.0 0.0
v -0.3948107063770294 -0.6398379802703857 -0.0926760882139206 1.0 0.0 0.0
v -0.054604899138212204 -0.08486542105674744 0.0992836058139801 1.0 0.0 0.0
v -0.027996623888611794 -0.2359624058008194 0.1201901063323021 1.0 0.0 0.0
v -0.32543912529945374 -0.18464644253253937 -0.05466426908969879 1.0 0.0 0.0
v -0.23135986924171448 -0.20270206034183502 0.0004528690769802779 1.0 0.0 0.0
v -0.056505490094423294 -0.037350643426179886 0.10213448852300644 1.0 0.0 0.0
v 0.10219386219978333 -0.2340618222951889 0.1962137520313263 1.0 0.0 0.0
v -0.08881554007530212 -0.12667842209339142 0.0821782797574997 1.0 0.0 0.0
v -0.00613982742652297 0.05672861263155937 0.12969306111335754 1.0 0.0 0.0
v -0.3691527247428894 -0.349997878074646 -0.07652106881141663 1.0 0.0 0.0
v -0.15723681449890137 -0.27682510018348694 0.04606705531477928 1.0 0.0 0.0
v 0.12595124542713165 -0.18464644253253937 0.20571669936180115 1.0 0.0 0.0
v -0.33019059896469116 -0.33859431743621826 -0.05466426908969879 1.0 0.0 0.0
v -0.2950296700000763 -0.3176878094673157 -0.0337577685713768 1.0 0.0 0.0
v -0.16769006848335266 -0.4801883399486542 0.039414986968040466 1.0 0.0 0.0
v -0.103069968521595 0.02631915546953678 0.07077473402023315 1.0 0.0 0.0
v 0.08984001725912094 0.1270504742860794 0.18481020629405975 1.0 0.0 0.0
v 0.010015196166932583 0.09664102643728256 0.13634513318538666 1.0 0.0 0.0
v -0.43092191219329834 -0.7139610648155212 -0.11263229697942734 1.0 0.0 0.0
v 0.1164482906460762 -0.12382753193378448 0.20001493394374847 1.0 0.0 0.0
v 0.08793942630290985 -0.17419320344924927 0.18195931613445282 1.0 0.0 0.0
v -0.2361113429069519 -0.06776010245084763 -0.0014477219665423036 1.0 0.0 0.0
v -0.026096032932400703 -0.3623517155647278 0.12209069728851318 1.0 0.0 0.0
v -0.23040956258773804 -0.23501211404800415 -0.0004974264302290976 1.0 0.0 0.0
v -0.25226637721061707 -0.15328669548034668 -0.01095067709684372 1.0 0.0 0.0
v -0.005189531482756138 -0.29868191480636597 0.12969306111335754 1.0 0.0 0.0
v -0.07075992226600647 -0.05730684846639633 0.09358183294534683 1.0 0.0 0.0
v -0.3967112898826599 -0.5305539965629578 -0.08982520550489426 1.0 0.0 0.0
v -0.0840640589594841 -0.004090300295501947 0.08502916991710663 1.0 0.0 0.0
v -0.45848050713539124 -0.43742504715919495 -0.12118496000766754 1.0 0.0 0.0
v 0.11834888160228729 -0.03830093890428543 0.20001493394374847 1.0 0.0 0.0
v -0.35964974761009216 -0.38895997405052185 -0.07271988689899445 1.0 0.0 0.0
v -0.18194450438022614 -0.041151825338602066 0.029912030324339867 1.0 0.0 0.0
v 0.11359740793704987 -0.08866660296916962 0.20001493394374847 1.0 0.0 0.0
v -0.2598687410354614 -0.6008758544921875 -0.011900972574949265 1.0 0.0 0.0
v 0.033772584050893784 -0.09721925854682922 0.15154986083507538 1.0 0.0 0.0
v -0.2760237455368042 -0.3015328049659729 -0.02425481379032135 1.0 0.0 0.0
v -0.022294851019978523 0.04817595332860947 0.11733921617269516 1.0 0.0 0.0
v -0.20285099744796753 -0.3480972647666931 0.01755818910896778 1.0 0.0 0.0
v -0.2104533612728119 -0.29393044114112854 0.016607893630862236 1.0 0.0 0.0
v -0.47748640179634094 -0.6217823624610901 -0.14209145307540894 1.0 0.0 0.0
v -0.060306672006845474 -0.1304796040058136 0.09738301485776901 1.0 0.0 0.0
v -0.3606000542640686 -0.561913788318634 -0.0717695876955986 1.0 0.0 0.0
v -0.09831849485635757 -0.21315531432628632 0.0802776888012886 1.0 0.0 0.0
v -0.35774916410446167 -0.5086972117424011 -0.06796840578317642 1.0 0.0 0.0
v -0.45467931032180786 -0.36140140891075134 -0.1287873238325119 1.0 0.0 0.0
v -0.20475159585475922 -0.46688422560691833 0.01565759815275669 1.0 0.0 0.0
v -0.12302617728710175 -0.3642522990703583 0.06222207844257355 1.0 0.0 0.0
v 0.0784364715218544 0.173614963889122 0.17625753581523895 1.0 0.0 0.0
v -0.16483917832374573 -0.02689739316701889 0.03561380133032799 1.0 0.0 0.0
v -0.05745578557252884 -0.32338958978652954 0.10118419677019119 1.0 0.0 0.0
v 0.12024947255849838 -0.1599387675523758 0.2047664076089859 1.0 0.0 0.0
v -0.3672521114349365 -0.6094285249710083 -0.07557076960802078 1.0 0.0 0.0
v 0.07178440690040588 0.07193334400653839 0.1753072440624237 1.0 0.0 0.0
v -0.39100950956344604 -0.3937114477157593 -0.0926760882139206 1.0 0.0 0.0
v -0.39766156673431396 -0.36615288257598877 -0.09647727012634277 1.0 0.0 0.0
v -0.19904981553554535 -0.11527487635612488 0.018508484587073326 1.0 0.0 0.0
v -0.103069968521595 0.002561768516898155 0.07837709784507751 1.0 0.0 0.0
v -0.41191601753234863 -0.7120604515075684 -0.10217904299497604 1.0 0.0 0.0
v 0.10694533586502075 -0.0031400045845657587 0.19716404378414154 1.0 0.0 0.0
v -0.10687115043401718 -0.32529017329216003 0.07742680609226227 1.0 0.0 0.0
v 0.03472287952899933 -0.007891482673585415 0.15725162625312805 1.0 0.0 0.0
v 0.06703292578458786 -0.035450052469968796 0.17150606215000153 1.0 0.0 0.0
v -0.39766156673431396 -0.6997066140174866 -0.09172579646110535 1.0 0.0 0.0
v -0.0755114033818245 -0.2597197890281677 0.08978065103292465 1.0 0.0 0.0
v 0.060380857437849045 0.0016114729223772883 0.16580428183078766 1.0 0.0 0.0
v -0.4005124568939209 -0.7481716871261597 -0.1012287512421608 1.0 0.0 0.0
v -0.393860399723053 -0.5771185159683228 -0.0926760882139206 1.0 0.0 0.0
v -0.288377583026886 -0.44977888464927673 -0.030906882137060165 1.0 0.0 0.0
v 0.09174060821533203 -0.035450052469968796 0.1838598996400833 1.0 0.0 0.0
v -0.3843574523925781 -0.3271907866001129 -0.08792461454868317 1.0 0.0 0.0
v -0.06600844115018845 0.06338068097829819 0.09548242390155792 1.0 0.0 0.0
v -0.31688645482063293 -0.324339896440506 -0.048012200742959976 1.0 0.0 0.0
v -0.054604899138212204 0.10614398121833801 0.10023389756679535 1.0 0.0 0.0
v -0.4594307839870453 -0.5552616715431213 -0.1392405778169632 1.0 0.0 0.0
v -0.14868415892124176 -0.1665908396244049 0.05176882818341255 1.0 0.0 0.0
v -0.11637410521507263 -0.4022641181945801 0.06602326035499573 1.0 0.0 0.0
v 0.016667265444993973 -0.244515061378479 0.14489778876304626 1.0 0.0 0.0
v -0.39766156673431396 -0.4706853926181793 -0.08887490630149841 1.0 0.0 0.0
v -0.14583326876163483 -0.1874973326921463 0.04891794174909592 1.0 0.0 0.0
v -0.10497055947780609 -0.44597771763801575 0.07742680609226227 1.0 0.0 0.0
v -0.12397646903991699 -0.28157660365104675 0.06222207844257355 1.0 0.0 0.0
v 0.0005122413858771324 -0.2616203725337982 0.1391960084438324 1.0 0.0 0.0
v -0.27317285537719727 -0.514398992061615 -0.023304518312215805 1.0 0.0 0.0
v -0.26652079820632935 -0.5818699598312378 -0.013801563531160355 1.0 0.0 0.0
v -0.3377929627895355 -0.23216122388839722 -0.06226663663983345 1.0 0.0 0.0
v -0.3463456332683563 -0.2758748233318329 -0.063216932117939 1.0 0.0 0.0
v -0.021344555541872978 -0.12667842209339142 0.118289515376091 1.0 0.0 0.0
v -0.21330425143241882 -0.5581125617027283 0.005204346496611834 1.0 0.0 0.0
v -0.23991252481937408 -0.4573812484741211 -0.0033483130391687155 1.0 0.0 0.0
v -0.3463456332683563 -0.17989496886730194 -0.06606781482696533 1.0 0.0 0.0
v -0.3368426561355591 -0.4915919005870819 -0.05846545472741127 1.0 0.0 0.0
v -0.3054829239845276 -0.5286534428596497 -0.04136013239622116 1.0 0.0 0.0
v -0.06885933130979538 -0.16278965771198273 0.09548242390155792 1.0 0.0 0.0
v -0.18194450438022614 -0.4174688458442688 0.029912030324339867 1.0 0.0 0.0
v 0.14115597307682037 0.0510268397629261 0.21807053685188293 1.0 0.0 0.0
v -0.06600844115018845 -0.2882286608219147 0.09548242390155792 1.0 0.0 0.0
v 0.012866083532571793 0.07668481767177582 0.1391960084438324 1.0 0.0 0.0
v -0.06600844115018845 -0.349997878074646 0.09358183294534683 1.0 0.0 0.0
v -0.445176362991333 -0.3271907866001129 -0.12403584271669388 1.0 0.0 0.0
v -0.10021908581256866 -0.3652026057243347 0.07647650688886642 1.0 0.0 0.0
v -0.36630183458328247 -0.4725859761238098 -0.07462047785520554 1.0 0.0 0.0
v -0.2570178508758545 -0.5505102276802063 -0.00905008614063263 1.0 0.0 0.0
v 0.03092169761657715 -0.07631275802850723 0.15250015258789062 1.0 0.0 0.0
v -0.4613313674926758 -0.6949551105499268 -0.1373399794101715 1.0 0.0 0.0
v -0.14678356051445007 -0.08961689472198486 0.05081853270530701 1.0 0.0 0.0
v -0.26271963119506836 -0.2882286608219147 -0.019503336399793625 1.0 0.0 0.0
v -0.28742730617523193 -0.1998511701822281 -0.027105700224637985 1.0 0.0 0.0
v -0.019443964585661888 -0.04020152986049652 0.12209069728851318 1.0 0.0 0.0
v -0.06125696748495102 -0.20745353400707245 0.09833330661058426 1.0 0.0 0.0
v 0.04232524335384369 0.18311791121959686 0.15535104274749756 1.0 0.0 0.0
v -0.2741231620311737 -0.40606531500816345 -0.02615540474653244 1.0 0.0 0.0
v -0.0926167219877243 -0.03449975699186325 0.08122798800468445 1.0 0.0 0.0
v -0.41666749119758606 -0.5457587242126465 -0.10788082331418991 1.0 0.0 0.0
v -0.46038109064102173 -0.722513735294342 -0.13163821399211884 1.0 0.0 0.0
v 0.11454769968986511 -0.22075767815113068 0.20096522569656372 1.0 0.0 0.0
v -0.08026287704706192 -0.09341807663440704 0.08312857896089554 1.0 0.0 0.0
v 0.012866083532571793 -0.22455886006355286 0.14109660685062408 1.0 0.0 0.0
v -0.43947458267211914 -0.2948807179927826 -0.1202346608042717 1.0 0.0 0.0
v -0.3453953266143799 -0.20175176858901978 -0.06511752307415009 1.0 0.0 0.0
v 0.04422583431005478 0.13465283811092377 0.16010251641273499 1.0 0.0 0.0
v -0.16673977673053741 -0.3100854456424713 0.0337132103741169 1.0 0.0 0.0
v -0.3796059787273407 -0.6331859230995178 -0.08412343263626099 1.0 0.0 0.0
v -0.14393267035484314 0.019667087122797966 0.05366941913962364 1.0 0.0 0.0
v -0.3625006377696991 -0.4193694293498993 -0.07462047785520554 1.0 0.0 0.0
v -0.33589237928390503 -0.405115008354187 -0.05561456456780434 1.0 0.0 0.0
v -0.2864769995212555 -0.3927611708641052 -0.02995658665895462 1.0 0.0 0.0
v -0.2294592708349228 -0.3775564432144165 0.010906119830906391 1.0 0.0 0.0
v -0.00613982742652297 -0.07441216707229614 0.1306433528661728 1.0 0.0 0.0
v -0.4423254728317261 -0.4003635346889496 -0.1202346608042717 1.0 0.0 0.0
v 0.08223765343427658 0.032971225678920746 0.18195931613445282 1.0 0.0 0.0
v -0.36820241808891296 -0.19319911301136017 -0.06986899673938751 1.0 0.0 0.0
v -0.1619882881641388 -0.046853598207235336 0.041315577924251556 1.0 0.0 0.0
v -0.2446639984846115 -0.10482162237167358 -0.007149495184421539 1.0 0.0 0.0
v -0.07646169513463974 -0.3100854456424713 0.09263153374195099 1.0 0.0 0.0
v -0.448977530002594 -0.6103788614273071 -0.11453288793563843 1.0 0.0 0.0
v -0.32353854179382324 -0.2948807179927826 -0.053713973611593246 1.0 0.0 0.0
v -0.2598687410354614 -0.46973511576652527 -0.019503336399793625 1.0 0.0 0.0
v -0.284576416015625 -0.16944171488285065 -0.02425481379032135 1.0 0.0 0.0
v -0.18194450438022614 -0.09816955775022507 0.02706114389002323 1.0 0.0 0.0
v 0.015716969966888428 -0.16373994946479797 0.14014631509780884 1.0 0.0 0.0
v -0.3035823106765747 -0.4364747703075409 -0.03755895048379898 1.0 0.0 0.0
v -0.4660828709602356 -0.5904226303100586 -0.1392405778169632 1.0 0.0 0.0
v -0.19429834187030792 -0.31483691930770874 0.020409075543284416 1.0 0.0 0.0
v -0.2703219950199127 -0.1285790055990219 -0.02045363187789917 1.0 0.0 0.0
v -0.38910892605781555 -0.514398992061615 -0.08792461454868317 1.0 0.0 0.0
v -0.15628652274608612 -0.30248308181762695 0.04606705531477928 1.0 0.0 0.0
v -0.3948107063770294 -0.31483691930770874 -0.09552697837352753 1.0 0.0 0.0
v -0.04320135340094566 0.02061738260090351 0.10783626139163971 1.0 0.0 0.0
v 0.07463528960943222 -0.0031400045845657587 0.1753072440624237 1.0 0.0 0.0
v -0.2779243588447571 -0.35760024189949036 -0.02425481379032135 1.0 0.0 0.0
v -0.2513160705566406 -0.2967813313007355 -0.0033483130391687155 1.0 0.0 0.0
v -0.015642782673239708 0.09379013627767563 0.12589187920093536 1.0 0.0 0.0
v -0.3415941298007965 -0.24926654994487762 -0.063216932117939 1.0 0.0 0.0
v -0.19904981553554535 -0.1684914231300354 0.016607893630862236 1.0 0.0 0.0
v -0.07456110417842865 -0.18274585902690887 0.09643271565437317 1.0 0.0 0.0
v -0.03654928505420685 -0.00884177815169096 0.11163744330406189 1.0 0.0 0.0
v -0.3415941298007965 -0.5124983787536621 -0.061316341161727905 1.0 0.0 0.0
v 0.039474356919527054 -0.19224880635738373 0.15345044434070587 1.0 0.0 0.0
v -0.007090122904628515 -0.015493846498429775 0.1268421709537506 1.0 0.0 0.0
v -0.3691527247428894 -0.4896913170814514 -0.07842165976762772 1.0 0.0 0.0
v -0.11827469617128372 -0.1684914231300354 0.06602326035499573 1.0 0.0 0.0
v -0.0945173129439354 -0.40986648201942444 0.07932739704847336 1.0 0.0 0.0
v 0.06893351674079895 0.1356031447649002 0.16960546374320984 1.0 0.0 0.0
v -0.12587706744670868 -0.26447126269340515 0.0631723701953888 1.0 0.0 0.0
v -0.09831849485635757 -0.07631275802850723 0.07837709784507751 1.0 0.0 0.0
v -0.062207262963056564 -0.22645944356918335 0.10308478772640228 1.0 0.0 0.0
v -0.0840640589594841 0.04342447593808174 0.08407887071371078 1.0 0.0 0.0
v -0.09736819565296173 -0.23026062548160553 0.08122798800468445 1.0 0.0 0.0
v 0.06703292578458786 -0.1304796040058136 0.1772078275680542 1.0 0.0 0.0
v -0.41191601753234863 -0.30438369512557983 -0.10027845203876495 1.0 0.0 0.0
v -0.23896223306655884 -0.561913788318634 0.0023534600622951984 1.0 0.0 0.0
v -0.07646169513463974 0.01111442781984806 0.08597946912050247 1.0 0.0 0.0
v 0.04232524335384369 -0.06395892053842545 0.1563013345003128 1.0 0.0 0.0
v 0.0014625368639826775 0.1184978187084198 0.13349424302577972 1.0 0.0 0.0
v 0.12310036271810532 0.1184978187084198 0.20191551744937897 1.0 0.0 0.0
v -0.1410817950963974 -0.41651853919029236 0.05747060105204582 1.0 0.0 0.0
v 0.12975242733955383 0.0614800900220871 0.2066669911146164 1.0 0.0 0.0
v -0.32829001545906067 -0.3728049695491791 -0.04896249622106552 1.0 0.0 0.0
v -0.10782144963741302 -0.24926654994487762 0.07837709784507751 1.0 0.0 0.0
v 0.027120515704154968 -0.2882286608219147 0.1496492624282837 1.0 0.0 0.0
v -0.19049715995788574 -0.13428078591823578 0.022309666499495506 1.0 0.0 0.0
v -0.474635511636734 -0.30248308181762695 -0.13448908925056458 1.0 0.0 0.0
v -0.2361113429069519 -0.18844762444496155 -0.007149495184421539 1.0 0.0 0.0
v -0.4005124568939209 -0.6094285249710083 -0.09457667917013168 1.0 0.0 0.0
v -0.03940017148852348 -0.3176878094673157 0.11163744330406189 1.0 0.0 0.0
v 0.13165302574634552 0.10139250010251999 0.20951788127422333 1.0 0.0 0.0
v -0.4404248893260956 -0.5752179026603699 -0.109781414270401 1.0 0.0 0.0
v -0.46323198080062866 -0.3946617543697357 -0.1373399794101715 1.0 0.0 0.0
v 0.0594305619597435 -0.25401800870895386 0.1686551719903946 1.0 0.0 0.0
v 0.05182819813489914 0.16886349022388458 0.16390369832515717 1.0 0.0 0.0
v 0.043275538831949234 0.11184575408697128 0.15440073609352112 1.0 0.0 0.0
v -0.29217877984046936 -0.5875717401504517 -0.032807473093271255 1.0 0.0 0.0
v -0.3853077292442322 -0.28157660365104675 -0.09172579646110535 1.0 0.0 0.0
v -0.10116937756538391 -0.1323801875114441 0.07267532497644424 1.0 0.0 0.0
v -0.40811482071876526 -0.4326735734939575 -0.09552697837352753 1.0 0.0 0.0
v -0.4052639305591583 -0.2616203725337982 -0.10027845203876495 1.0 0.0 0.0
v 0.13925538957118988 -0.12952931225299835 0.2152196615934372 1.0 0.0 0.0
v -0.14868415892124176 -0.2891789674758911 0.0527191236615181 1.0 0.0 0.0
v -0.09071613103151321 -0.32529017329216003 0.0802776888012886 1.0 0.0 0.0
v 0.10409445315599442 -0.04970448464155197 0.1943131536245346 1.0 0.0 0.0
v -0.14488297700881958 -0.33194226026535034 0.04796764627099037 1.0 0.0 0.0
v -0.36535152792930603 -0.5942237973213196 -0.06986899673938751 1.0 0.0 0.0
v -0.3368426561355591 -0.4744865894317627 -0.05846545472741127 1.0 0.0 0.0
v -0.2275586873292923 -0.14663462340831757 0.0033037555404007435 1.0 0.0 0.0
v -0.23231016099452972 -0.4915919005870819 0.0004528690769802779 1.0 0.0 0.0
v -0.24086281657218933 -0.3347931504249573 0.0023534600622951984 1.0 0.0 0.0
v -0.1876462697982788 -0.3965623378753662 0.02706114389002323 1.0 0.0 0.0
v -0.04795283079147339 -0.11242398619651794 0.10308478772640228 1.0 0.0 0.0
v -0.1534356325864792 -0.2065032422542572 0.0527191236615181 1.0 0.0 0.0
v 0.0014625368639826775 -0.041151825338602066 0.13539482653141022 1.0 0.0 0.0
v -0.24751488864421844 -0.5115481019020081 -0.006199199706315994 1.0 0.0 0.0
v 0.04232524335384369 -0.23311151564121246 0.15915222465991974 1.0 0.0 0.0
v -0.4052639305591583 -0.33194226026535034 -0.1012287512421608 1.0 0.0 0.0
v -0.3206876516342163 -0.5362557768821716 -0.044211018830537796 1.0 0.0 0.0
v -0.03940017148852348 -0.19509969651699066 0.11068715155124664 1.0 0.0 0.0
v -0.3625006377696991 -0.6597942113876343 -0.07557076960802078 1.0 0.0 0.0
v -0.17149125039577484 -0.3376440405845642 0.0337132103741169 1.0 0.0 0.0
v 0.1440068632364273 0.11564693599939346 0.2152196615934372 1.0 0.0 0.0
v -0.12492676824331284 -0.4678345024585724 0.05842089653015137 1.0 0.0 0.0
v -0.054604899138212204 -0.3918108642101288 0.10498537868261337 1.0 0.0 0.0
v 0.0888897255063057 0.08808836340904236 0.18195931613445282 1.0 0.0 0.0
v -0.31973734498023987 -0.6065776348114014 -0.049912791699171066 1.0 0.0 0.0
v -0.11257292330265045 -0.03449975699186325 0.07362562417984009 1.0 0.0 0.0
v 0.058480266481637955 -0.12097664922475815 0.16580428183078766 1.0 0.0 0.0
v -0.31308528780937195 -0.25401800870895386 -0.04136013239622116 1.0 0.0 0.0
v -0.4242698550224304 -0.5124983787536621 -0.11263229697942734 1.0 0.0 0.0
v -0.2465645968914032 -0.13808196783065796 -0.008099790662527084 1.0 0.0 0.0
v -0.14773385226726532 -0.13998256623744965 0.04701735079288483 1.0 0.0 0.0
v -0.3092840909957886 -0.6341361999511719 -0.03755895048379898 1.0 0.0 0.0
v -0.37010300159454346 -0.5457587242126465 -0.07652106881141663 1.0 0.0 0.0
v 0.0024128323420882225 -0.1219269409775734 0.13254395127296448 1.0 0.0 0.0
v -0.048903126269578934 -0.25211742520332336 0.1097368523478508 1.0 0.0 0.0
v -0.09546760469675064 -0.1010204404592514 0.0802776888012886 1.0 0.0 0.0
v -0.2608190178871155 -0.17324289679527283 -0.017602745443582535 1.0 0.0 0.0
v -0.013742191717028618 0.14130491018295288 0.12494157999753952 1.0 0.0 0.0
v 0.06703292578458786 -0.23311151564121246 0.1753072440624237 1.0 0.0 0.0
v -0.4727349281311035 -0.5581125617027283 -0.14684294164180756 1.0 0.0 0.0
v -0.20380128920078278 -0.06966069340705872 0.01565759815275669 1.0 0.0 0.0
v -0.3349420726299286 -0.5419575572013855 -0.05751515552401543 1.0 0.0 0.0
v -0.0650581493973732 -0.0734618753194809 0.09833330661058426 1.0 0.0 0.0
v -0.46038109064102173 -0.4659339189529419 -0.13638968765735626 1.0 0.0 0.0
v -0.1116226315498352 0.7361899018287659 -0.1373399794101715 1.0 0.6666666865348816 0.0
v 0.3131594657897949 0.5746396780014038 -0.03945954144001007 1.0 0.6666666865348816 0.0
v -0.13633030652999878 0.401685893535614 0.05557001009583473 1.0 0.6666666865348816 0.0
v -0.48984023928642273 0.6307070851325989 -0.07081929594278336 1.0 0.6666666865348816 0.0
v -0.2807752192020416 0.22303032875061035 0.16295340657234192 1.0 0.6666666865348816 0.0
v 0.1440068632364273 0.7352396249771118 -0.1373399794101715 1.0 0.6666666865348816 0.0
v 0.49561619758605957 0.7209851741790771 -0.12308555096387863 1.0 0.6666666865348816 0.0
v 0.11074651777744293 0.41499000787734985 0.0527191236615181 1.0 0.6666666865348816 0.0
v -0.26462021470069885 0.5774905681610107 -0.038509245961904526 1.0 0.6666666865348816 0.0
v -0.35774916410446167 0.4073876440525055 0.05937119200825691 1.0 0.6666666865348816 0.0
v -0.021344555541872978 0.5717887878417969 -0.038509245961904526 1.0 0.6666666865348816 0.0
v -0.5658639073371887 0.46535569429397583 0.026110848411917686 1.0 0.6666666865348816 0.0
v -0.6513904929161072 0.7380905151367188 -0.1306879073381424 1.0 0.6666666865348816 0.0
v -0.30453261733055115 0.7485437393188477 -0.1287873238325119 1.0 0.6666666865348816 0.0
v 0.018567856401205063 0.2724457085132599 0.13349424302577972 1.0 0.6666666865348816 0.0
v 0.4243440330028534 0.44444918632507324 0.03466350585222244 1.0 0.6666666865348816 0.0
v -0.6770484447479248 0.5869935154914856 -0.04516131430864334 1.0 0.6666666865348816 0.0
v 0.3255133032798767 0.7247863411903381 -0.12593643367290497 1.0 0.6666666865348816 0.0
v 0.14875833690166473 0.5765402317047119 -0.03755895048379898 1.0 0.6666666865348816 0.0
v 0.17821750044822693 0.25724098086357117 0.1477486789226532 1.0 0.6666666865348816 0.0
v 0.26754528284072876 0.4368468225002289 0.041315577924251556 1.0 0.6666666865348816 0.0
v 0.46330615878105164 0.5869935154914856 -0.046111609786748886 1.0 0.6666666865348816 0.0
v 0.635309636592865 0.6392597556114197 -0.07081929594278336 1.0 0.6666666865348816 0.0
v -0.13538001477718353 0.2762468755245209 0.13254395127296448 1.0 0.6666666865348816 0.0
v -0.4831881821155548 0.7456928491592407 -0.14494234323501587 1.0 0.6666666865348816 0.0
v -0.42902132868766785 0.507168710231781 0.0014031645841896534 1.0 0.6666666865348816 0.0
v 0.010965491645038128 0.6962774991989136 -0.10693052411079407 1.0 0.6666666865348816 0.0
v -0.1410817950963974 0.6288065314292908 -0.06891870498657227 1.0 0.6666666865348816 0.0
v -0.14678356051445007 0.5166716575622559 -0.0023980175610631704 1.0 0.6666666865348816 0.0
v -0.024195441976189613 0.4625048041343689 0.026110848411917686 1.0 0.6666666865348816 0.0
v 0.22953346371650696 0.6554147601127625 -0.08602402359247208 1.0 0.6666666865348816 0.0
v -0.24276341497898102 0.3522705137729645 0.0907309427857399 1.0 0.6666666865348816 0.0
v -0.4812875986099243 0.379829078912735 0.07552621513605118 1.0 0.6666666865348816 0.0
v -0.36630183458328247 0.6573153734207153 -0.08317313343286514 1.0 0.6666666865348816 0.0
v -0.24276341497898102 0.45680302381515503 0.0337132103741169 1.0 0.6666666865348816 0.0
v 0.2133784294128418 0.3465687334537506 0.09168124198913574 1.0 0.6666666865348816 0.0
v -0.3472959101200104 0.3000042736530304 0.11923980712890625 1.0 0.6666666865348816 0.0
v 0.6087013483047485 0.7314384579658508 -0.12498614192008972 1.0 0.6666666865348816 0.0
v 0.07368499785661697 0.5090692639350891 0.0004528690769802779 1.0 0.6666666865348816 0.0
v -0.554460346698761 0.5556337833404541 -0.02615540474653244 1.0 0.6666666865348816 0.0
v 0.1820186823606491 0.48721247911453247 0.009955824352800846 1.0 0.6666666865348816 0.0
v -0.03179780766367912 0.3522705137729645 0.08978065103292465 1.0 0.6666666865348816 0.0
v -0.22185690701007843 0.6896254420280457 -0.10693052411079407 1.0 0.6666666865348816 0.0
v 0.3844316303730011 0.6516135931015015 -0.0822228416800499 1.0 0.6666666865348816 0.0
v -0.608627200126648 0.6525639295578003 -0.08412343263626099 1.0 0.6666666865348816 0.0
v 0.08603883534669876 0.20972618460655212 0.17815813422203064 1.0 0.6666666865348816 0.0
v 0.11359740793704987 0.3228113651275635 0.10878656059503555 1.0 0.6666666865348816 0.0
v 0.10029327124357224 0.6487627029418945 -0.0822228416800499 1.0 0.6666666865348816 0.0
v 0.5032185912132263 0.49481484293937683 0.010906119830906391 1.0 0.6666666865348816 0.0
v -0.31973734498023987 0.5043178200721741 0.0014031645841896534 1.0 0.6666666865348816 0.0
v 0.34071803092956543 0.49101367592811584 0.010906119830906391 1.0 0.6666666865348816 0.0
v 0.5421806573867798 0.6316574215888977 -0.07081929594278336 1.0 0.6666666865348816 0.0
v 0.35402217507362366 0.3969344198703766 0.06982444226741791 1.0 0.6666666865348816 0.0
v -0.4157171845436096 0.5888941287994385 -0.042310427874326706 1.0 0.6666666865348816 0.0
v -0.3967112898826599 0.7456928491592407 -0.14684294164180756 1.0 0.6666666865348816 0.0
v -0.22090661525726318 0.2790977656841278 0.1306433528661728 1.0 0.6666666865348816 0.0
v 0.2646943926811218 0.2600918412208557 0.14679837226867676 1.0 0.6666666865348816 0.0
v 0.2285831719636917 0.7361899018287659 -0.12688672542572021 1.0 0.6666666865348816 0.0
v 0.26089322566986084 0.5176219344139099 -0.005248904228210449 1.0 0.6666666865348816 0.0
v 0.4176919758319855 0.5252243280410767 -0.011900972574949265 1.0 0.6666666865348816 0.0
v -0.062207262963056564 0.6525639295578003 -0.08507372438907623 1.0 0.6666666865348816 0.0
v -0.5487585663795471 0.7019792795181274 -0.11263229697942734 1.0 0.6666666865348816 0.0
v 0.4072387218475342 0.734289288520813 -0.12973761558532715 1.0 0.6666666865348816 0.0
v -0.7331159114837646 0.7323887348175049 -0.12403584271669388 1.0 0.6666666865348816 0.0
v -0.6951040625572205 0.6554147601127625 -0.08412343263626099 1.0 0.6666666865348816 0.0
v -0.48603907227516174 0.4539521336555481 0.029912030324339867 1.0 0.6666666865348816 0.0
v -0.28172552585601807 0.6440112590789795 -0.07937195152044296 1.0 0.6666666865348816 0.0
v 0.024269629269838333 0.4007355868816376 0.06222207844257355 1.0 0.6666666865348816 0.0
v 0.46615704894065857 0.6554147601127625 -0.08507372438907623 1.0 0.6666666865348816 0.0
v 0.050877902656793594 0.5964964628219604 -0.05086308717727661 1.0 0.6666666865348816 0.0
v -0.058406081050634384 0.28194865584373474 0.13254395127296448 1.0 0.6666666865348816 0.0
v 0.306507408618927 0.6611165404319763 -0.08887490630149841 1.0 0.6666666865348816 0.0
v 0.5963475108146667 0.5793911218643188 -0.03945954144001007 1.0 0.6666666865348816 0.0
v -0.06980962306261063 0.514771044254303 -0.0033483130391687155 1.0 0.6666666865348816 0.0
v -0.15248534083366394 0.3418172597885132 0.09833330661058426 1.0 0.6666666865348816 0.0
v -0.1895468682050705 0.5746396780014038 -0.038509245961904526 1.0 0.6666666865348816 0.0
v 0.28655117750167847 0.3608231842517853 0.08692976087331772 1.0 0.6666666865348816 0.0
v -0.3415941298007965 0.5917449593544006 -0.04706190526485443 1.0 0.6666666865348816 0.0
v 0.22288139164447784 0.5784408450126648 -0.03945954144001007 1.0 0.6666666865348816 0.0
v 0.6809238195419312 0.7124325037002563 -0.11358259618282318 1.0 0.6666666865348816 0.0
v -0.4337728023529053 0.6810727715492249 -0.1012287512421608 1.0 0.6666666865348816 0.0
v -0.284576416015625 0.4007355868816376 0.05937119200825691 1.0 0.6666666865348816 0.0
v -0.21805572509765625 0.5195225477218628 -0.004298608284443617 1.0 0.6666666865348816 0.0
v -0.3881586194038391 0.3513202369213104 0.08978065103292465 1.0 0.6666666865348816 0.0
v -0.04130076244473457 0.7323887348175049 -0.1392405778169632 1.0 0.6666666865348816 0.0
v -0.1809941977262497 0.7456928491592407 -0.14494234323501587 1.0 0.6666666865348816 0.0
v 0.5241250991821289 0.5518325567245483 -0.02425481379032135 1.0 0.6666666865348816 0.0
v -0.11447351425886154 0.4606042206287384 0.026110848411917686 1.0 0.6666666865348816 0.0
v 0.3929843008518219 0.5822420120239258 -0.04136013239622116 1.0 0.6666666865348816 0.0
v -0.10402026772499084 0.566087007522583 -0.0337577685713768 1.0 0.6666666865348816 0.0
v 0.08128736168146133 0.7067307233810425 -0.11358259618282318 1.0 0.6666666865348816 0.0
v 0.20007430016994476 0.405487060546875 0.06032148748636246 1.0 0.6666666865348816 0.0
v -0.5135976076126099 0.5090692639350891 0.0004528690769802779 1.0 0.6666666865348816 0.0
v -0.3729538917541504 0.4644053876399994 0.02706114389002323 1.0 0.6666666865348816 0.0
v -0.6285833716392517 0.5252243280410767 -0.008099790662527084 1.0 0.6666666865348816 0.0
v -0.060306672006845474 0.4121391475200653 0.05176882818341255 1.0 0.6666666865348816 0.0
v 0.08508854359388351 0.266743928194046 0.1372954249382019 1.0 0.6666666865348816 0.0
v 0.15826129913330078 0.6772716045379639 -0.09932816028594971 1.0 0.6666666865348816 0.0
v -0.14393267035484314 0.6896254420280457 -0.10312934219837189 1.0 0.6666666865348816 0.0
v -0.20190070569515228 0.40453678369522095 0.061271782964468 1.0 0.6666666865348816 0.0
v -0.48984023928642273 0.5736894011497498 -0.038509245961904526 1.0 0.6666666865348816 0.0
v -0.2807752192020416 0.3038054406642914 0.12399128824472427 1.0 0.6666666865348816 0.0
v -0.4223692715167999 0.40643736720085144 0.06032148748636246 1.0 0.6666666865348816 0.0
v 0.03282228857278824 0.3275628387928009 0.10403507947921753 1.0 0.6666666865348816 0.0
v 0.039474356919527054 0.45680302381515503 0.028011439368128777 1.0 0.6666666865348816 0.0
v -0.3606000542640686 0.24868831038475037 0.15440073609352112 1.0 0.6666666865348816 0.0
v -0.31498587131500244 0.6905757188796997 -0.10598022490739822 1.0 0.6666666865348816 0.0
v 0.1478080451488495 0.3674752414226532 0.0802776888012886 1.0 0.6666666865348816 0.0
v -0.5525597333908081 0.6259556412696838 -0.06701811403036118 1.0 0.6666666865348816 0.0
v -0.37675508856773376 0.5366278290748596 -0.017602745443582535 1.0 0.6666666865348816 0.0
v -0.5639632940292358 0.7513946294784546 -0.1477932333946228 1.0 0.6666666865348816 0.0
v 0.014766674488782883 0.5271248817443848 -0.010000381618738174 1.0 0.6666666865348816 0.0
v -0.09356701374053955 0.35987287759780884 0.08692976087331772 1.0 0.6666666865348816 0.0
v 0.13070273399353027 0.17076407372951508 0.1962137520313263 1.0 0.6666666865348816 0.0
v 0.13640449941158295 0.5223734378814697 -0.01095067709684372 1.0 0.6666666865348816 0.0
v 0.5564351081848145 0.7019792795181274 -0.11263229697942734 1.0 0.6666666865348816 0.0
v -0.17814332246780396 0.4520515501499176 0.03086232580244541 1.0 0.6666666865348816 0.0
v -0.22660838067531586 0.6183532476425171 -0.063216932117939 1.0 0.6666666865348816 0.0
v 0.18011809885501862 0.62025386095047 -0.06606781482696533 1.0 0.6666666865348816 0.0
v -0.31118467450141907 0.4473000764846802 0.03086232580244541 1.0 0.6666666865348816 0.0
v -0.6171798706054688 0.5869935154914856 -0.04516131430864334 1.0 0.6666666865348816 0.0
v -0.5288023352622986 0.4178408980369568 0.05081853270530701 1.0 0.6666666865348816 0.0
v -0.7910839319229126 0.7181342840194702 -0.12213525176048279 1.0 0.6666666865348816 0.0
v 0.12024947255849838 0.4777095317840576 0.024210257455706596 1.0 0.6666666865348816 0.0
v -0.007090122904628515 0.6335579752922058 -0.07747136056423187 1.0 0.6666666865348816 0.0
v 0.17441631853580475 0.30950722098350525 0.11353803426027298 1.0 0.6666666865348816 0.0
v 0.2304837554693222 0.3000042736530304 0.1201901063323021 1.0 0.6666666865348816 0.0
v 0.2732470631599426 0.621204137802124 -0.06511752307415009 1.0 0.6666666865348816 0.0
v -0.33209118247032166 0.3551214039325714 0.08692976087331772 1.0 0.6666666865348816 0.0
v 0.32646360993385315 0.4368468225002289 0.041315577924251556 1.0 0.6666666865348816 0.0
v 0.19152164459228516 0.5347272753715515 -0.01855304092168808 1.0 0.6666666865348816 0.0
v 0.03282228857278824 0.22112973034381866 0.16770488023757935 1.0 0.6666666865348816 0.0
v -0.2085527777671814 0.22588121891021729 0.1667545884847641 1.0 0.6666666865348816 0.0
v 0.3502209782600403 0.6145520806312561 -0.06036604568362236 1.0 0.6666666865348816 0.0
v 0.3549724817276001 0.5442302227020264 -0.02235422283411026 1.0 0.6666666865348816 0.0
v 0.63055819272995 0.6886751055717468 -0.10027845203876495 1.0 0.6666666865348816 0.0
v 0.07748617976903915 0.3779284954071045 0.07267532497644424 1.0 0.6666666865348816 0.0
v 0.018567856401205063 0.7418916821479797 -0.13353879749774933 1.0 0.6666666865348816 0.0
v -0.018493669107556343 0.24203623831272125 0.1563013345003128 1.0 0.6666666865348816 0.0
v -0.4974426031112671 0.6915259957313538 -0.10407963395118713 1.0 0.6666666865348816 0.0
v 0.43574759364128113 0.6934266090393066 -0.10502993315458298 1.0 0.6666666865348816 0.0
v 0.4500020146369934 0.4900633692741394 0.009955824352800846 1.0 0.6666666865348816 0.0
v 0.0869891345500946 0.5641863942146301 -0.03185717761516571 1.0 0.6666666865348816 0.0
v 0.3673263192176819 0.6934266090393066 -0.10788082331418991 1.0 0.6666666865348816 0.0
v -0.42712074518203735 0.6402100324630737 -0.06986899673938751 1.0 0.6666666865348816 0.0
v 0.587794840335846 0.6544644832611084 -0.08507372438907623 1.0 0.6666666865348816 0.0
v -0.6485396027565002 0.624055027961731 -0.06701811403036118 1.0 0.6666666865348816 0.0
v -0.668495774269104 0.6924763321876526 -0.10788082331418991 1.0 0.6666666865348816 0.0
v -0.4347231090068817 0.4558527171611786 0.02896173484623432 1.0 0.6666666865348816 0.0
v -0.18669597804546356 0.6478124260902405 -0.0822228416800499 1.0 0.6666666865348816 0.0
v 0.5108209252357483 0.679172158241272 -0.0926760882139206 1.0 0.6666666865348816 0.0
v 0.22288139164447784 0.45775333046913147 0.028011439368128777 1.0 0.6666666865348816 0.0
v -0.08501435816287994 0.7000786662101746 -0.11358259618282318 1.0 0.6666666865348816 0.0
v -0.2598687410354614 0.7247863411903381 -0.12498614192008972 1.0 0.6666666865348816 0.0
v 0.47851088643074036 0.5318763852119446 -0.01285126805305481 1.0 0.6666666865348816 0.0
v -0.054604899138212204 0.6050491333007812 -0.05656486004590988 1.0 0.6666666865348816 0.0
v 0.16016188263893127 0.2030741274356842 0.17150606215000153 1.0 0.6666666865348816 0.0
v -0.2703219950199127 0.4967154264450073 0.005204346496611834 1.0 0.6666666865348816 0.0
v -0.6162295341491699 0.7067307233810425 -0.11358259618282318 1.0 0.6666666865348816 0.0
v 0.13450391590595245 0.2809983491897583 0.1268421709537506 1.0 0.6666666865348816 0.0
v 0.15731100738048553 0.431145042181015 0.04416646435856819 1.0 0.6666666865348816 0.0
v -0.39291009306907654 0.7057804465293884 -0.11453288793563843 1.0 0.6666666865348816 0.0
v 0.052778493613004684 0.6706194877624512 -0.09552697837352753 1.0 0.6666666865348816 0.0
v -0.1116226315498352 0.31615927815437317 0.10878656059503555 1.0 0.6666666865348816 0.0
v -0.44802725315093994 0.34751904010772705 0.09263153374195099 1.0 0.6666666865348816 0.0
v -0.16293857991695404 0.23538416624069214 0.15059955418109894 1.0 0.6666666865348816 0.0
v 0.27609795331954956 0.7361899018287659 -0.13829027116298676 1.0 0.6666666865348816 0.0
v -0.5791680216789246 0.518572211265564 -0.007149495184421539 1.0 0.6666666865348816 0.0
v -0.46323198080062866 0.5366278290748596 -0.015702154487371445 1.0 0.6666666865348816 0.0
v 0.2029251903295517 0.7000786662101746 -0.10788082331418991 1.0 0.6666666865348816 0.0
v 0.39013341069221497 0.49291425943374634 0.010906119830906391 1.0 0.6666666865348816 0.0
v 0.28655117750167847 0.3190101683139801 0.10878656059503555 1.0 0.6666666865348816 0.0
v 0.10694533586502075 0.6002976298332214 -0.05466426908969879 1.0 0.6666666865348816 0.0
v 0.5051191449165344 0.6050491333007812 -0.05656486004590988 1.0 0.6666666865348816 0.0
v -0.30073145031929016 0.5394787192344666 -0.02235422283411026 1.0 0.6666666865348816 0.0
v 0.4015369415283203 0.3921829164028168 0.06792385131120682 1.0 0.6666666865348816 0.0
v -0.09831849485635757 0.24868831038475037 0.14299719035625458 1.0 0.6666666865348816 0.0
v -0.3539479970932007 0.7437922954559326 -0.12973761558532715 1.0 0.6666666865348816 0.0
v -0.4432757496833801 0.7314384579658508 -0.12688672542572021 1.0 0.6666666865348816 0.0
v 0.37872985005378723 0.4387474060058594 0.037514396011829376 1.0 0.6666666865348816 0.0
v -0.17624272406101227 0.29430249333381653 0.12399128824472427 1.0 0.6666666865348816 0.0
v 0.27609795331954956 0.6896254420280457 -0.10693052411079407 1.0 0.6666666865348816 0.0
v -0.0945173129439354 0.624055027961731 -0.06606781482696533 1.0 0.6666666865348816 0.0
v 0.3169606626033783 0.5233237147331238 -0.010000381618738174 1.0 0.6666666865348816 0.0
v 0.3017559051513672 0.46820658445358276 0.020409075543284416 1.0 0.6666666865348816 0.0
v 0.33501625061035156 0.34941962361335754 0.0907309427857399 1.0 0.6666666865348816 0.0
v 0.4538032114505768 0.7352396249771118 -0.12973761558532715 1.0 0.6666666865348816 0.0
v 0.12119977176189423 0.22873209416866302 0.1582019180059433 1.0 0.6666666865348816 0.0
v 0.26944586634635925 0.5670372843742371 -0.036608655005693436 1.0 0.6666666865348816 0.0
v -0.17339183390140533 0.3741273283958435 0.07647650688886642 1.0 0.6666666865348816 0.0
v -0.5269017815589905 0.7371401786804199 -0.1287873238325119 1.0 0.6666666865348816 0.0
v -0.020394260063767433 0.3000042736530304 0.1201901063323021 1.0 0.6666666865348816 0.0
v 0.043275538831949234 0.5556337833404541 -0.027105700224637985 1.0 0.6666666865348816 0.0
v 0.2894020676612854 0.401685893535614 0.05557001009583473 1.0 0.6666666865348816 0.0
v 0.4072387218475342 0.62025386095047 -0.05751515552401543 1.0 0.6666666865348816 0.0
v -0.364401251077652 0.5014669299125671 0.005204346496611834 1.0 0.6666666865348816 0.0
v -0.5297526717185974 0.6649177670478821 -0.0926760882139206 1.0 0.6666666865348816 0.0
v -0.3225882351398468 0.26294273138046265 0.1391960084438324 1.0 0.6666666865348816 0.0
v 0.2532908618450165 0.3845805525779724 0.071725033223629 1.0 0.6666666865348816 0.0
v -0.29597994685173035 0.6098005771636963 -0.05751515552401543 1.0 0.6666666865348816 0.0
v -0.18479537963867188 0.49576514959335327 0.009005528874695301 1.0 0.6666666865348816 0.0
v -0.39100950956344604 0.617402970790863 -0.06511752307415009 1.0 0.6666666865348816 0.0
v 0.056579675525426865 0.2933521866798401 0.12114039808511734 1.0 0.6666666865348816 0.0
v -0.7350164651870728 0.6943768858909607 -0.10598022490739822 1.0 0.6666666865348816 0.0
v -0.26271963119506836 0.2686445116996765 0.13824571669101715 1.0 0.6666666865348816 0.0
v 0.18677015602588654 0.7371401786804199 -0.12688672542572021 1.0 0.6666666865348816 0.0
v -0.06125696748495102 0.5480313897132874 -0.027105700224637985 1.0 0.6666666865348816 0.0
v 0.20767666399478912 0.20687530934810638 0.17340664565563202 1.0 0.6666666865348816 0.0
v -0.06125696748495102 0.3256622552871704 0.10213448852300644 1.0 0.6666666865348816 0.0
v -0.1429823786020279 0.5784408450126648 -0.040409836918115616 1.0 0.6666666865348816 0.0
v 0.007164310198277235 0.4330456256866455 0.043216168880462646 1.0 0.6666666865348816 0.0
v 0.5554848313331604 0.5755899548530579 -0.040409836918115616 1.0 0.6666666865348816 0.0
v -0.24561429023742676 0.38743144273757935 0.06982444226741791 1.0 0.6666666865348816 0.0
v 0.4243440330028534 0.6563650965690613 -0.08982520550489426 1.0 0.6666666865348816 0.0
v 0.22573228180408478 0.49766573309898376 0.0004528690769802779 1.0 0.6666666865348816 0.0
v 0.022369038313627243 0.48911306262016296 0.009955824352800846 1.0 0.6666666865348816 0.0
v -0.5772674083709717 0.5974467396736145 -0.051813382655382156 1.0 0.6666666865348816 0.0
v -0.5269017815589905 0.5888941287994385 -0.04516131430864334 1.0 0.6666666865348816 0.0
v -0.2636699080467224 0.675370991230011 -0.09742756932973862 1.0 0.6666666865348816 0.0
v -0.03179780766367912 0.6744207143783569 -0.10027845203876495 1.0 0.6666666865348816 0.0
v -0.029897214844822884 0.49766573309898376 0.007104937452822924 1.0 0.6666666865348816 0.0
v -0.6399869322776794 0.5603852272033691 -0.02425481379032135 1.0 0.6666666865348816 0.0
v -0.47938698530197144 0.48911306262016296 0.011856415309011936 1.0 0.6666666865348816 0.0
v -0.40621423721313477 0.31996047496795654 0.10688596963882446 1.0 0.6666666865348816 0.0
v 0.010965491645038128 0.5936455726623535 -0.05086308717727661 1.0 0.6666666865348816 0.0
v -0.33874326944351196 0.5518325567245483 -0.02425481379032135 1.0 0.6666666865348816 0.0
v 0.23523522913455963 0.6088503003120422 -0.06416722387075424 1.0 0.6666666865348816 0.0
v 0.37302806973457336 0.36272376775741577 0.08692976087331772 1.0 0.6666666865348816 0.0
v -0.07171022146940231 0.22683151066303253 0.16295340657234192 1.0 0.6666666865348816 0.0
v -0.10687115043401718 0.5318763852119446 -0.013801563531160355 1.0 0.6666666865348816 0.0
v 0.21622931957244873 0.24583742022514343 0.14869897067546844 1.0 0.6666666865348816 0.0
v -0.03274810314178467 0.38743144273757935 0.071725033223629 1.0 0.6666666865348816 0.0
v -0.3292402923107147 0.6449615359306335 -0.07747136056423187 1.0 0.6666666865348816 0.0
v -0.14868415892124176 0.48056042194366455 0.013757006265223026 1.0 0.6666666865348816 0.0
v -0.22470779716968536 0.3256622552871704 0.11353803426027298 1.0 0.6666666865348816 0.0
v -0.2598687410354614 0.5290254950523376 -0.0147518590092659 1.0 0.6666666865348816 0.0
v -0.191447451710701 0.33896636962890625 0.09548242390155792 1.0 0.6666666865348816 0.0
v 0.09174060821533203 0.44254860281944275 0.03276291489601135 1.0 0.6666666865348816 0.0
v -0.3501468002796173 0.7057804465293884 -0.11263229697942734 1.0 0.6666666865348816 0.0
v 0.06893351674079895 0.3446681499481201 0.0907309427857399 1.0 0.6666666865348816 0.0
v 0.13165302574634552 0.7029295563697815 -0.11073170602321625 1.0 0.6666666865348816 0.0
v -0.3206876516342163 0.4159403145313263 0.0527191236615181 1.0 0.6666666865348816 0.0
v 0.04422583431005478 0.7143331170082092 -0.12118496000766754 1.0 0.6666666865348816 0.0
v -0.48793965578079224 0.42164209485054016 0.05081853270530701 1.0 0.6666666865348816 0.0
v -0.2722225785255432 0.43399593234062195 0.043216168880462646 1.0 0.6666666865348816 0.0
v -0.7483206391334534 0.6411603689193726 -0.07557076960802078 1.0 0.6666666865348816 0.0
v -0.7008058428764343 0.7124325037002563 -0.11833406984806061 1.0 0.6666666865348816 0.0
v -0.08691494911909103 0.4387474060058594 0.041315577924251556 1.0 0.6666666865348816 0.0
v 0.45095232129096985 0.5556337833404541 -0.02805599570274353 1.0 0.6666666865348816 0.0
v -0.22185690701007843 0.7276372313499451 -0.12783703207969666 1.0 0.6666666865348816 0.0
v -0.09926878660917282 0.4938645362854004 0.009005528874695301 1.0 0.6666666865348816 0.0
v -0.17719301581382751 0.7048301696777344 -0.11358259618282318 1.0 0.6666666865348816 0.0
v -0.6352354288101196 0.6801224946975708 -0.09457667917013168 1.0 0.6666666865348816 0.0
v -0.5810686349868774 0.7190845608711243 -0.12213525176048279 1.0 0.6666666865348816 0.0
v -0.16293857991695404 0.5461307764053345 -0.019503336399793625 1.0 0.6666666865348816 0.0
v -0.22090661525726318 0.48626217246055603 0.013757006265223026 1.0 0.6666666865348816 0.0
v 0.2390364110469818 0.4140397310256958 0.04986823722720146 1.0 0.6666666865348816 0.0
v -0.15058474242687225 0.7352396249771118 -0.12593643367290497 1.0 0.6666666865348816 0.0
v 0.5754410028457642 0.616452693939209 -0.06416722387075424 1.0 0.6666666865348816 0.0
v -0.24276341497898102 0.23633445799350739 0.15725162625312805 1.0 0.6666666865348816 0.0
v -0.4679834544658661 0.6563650965690613 -0.08602402359247208 1.0 0.6666666865348816 0.0
v 0.16396306455135345 0.39788469672203064 0.06222207844257355 1.0 0.6666666865348816 0.0
v -0.4537290036678314 0.616452693939209 -0.06036604568362236 1.0 0.6666666865348816 0.0
v 0.6638185381889343 0.6601662635803223 -0.08412343263626099 1.0 0.6666666865348816 0.0
v -0.5487585663795471 0.49956631660461426 0.005204346496611834 1.0 0.6666666865348816 0.0
v 0.0888897255063057 0.7352396249771118 -0.13543939590454102 1.0 0.6666666865348816 0.0
v 0.17726720869541168 0.3418172597885132 0.09548242390155792 1.0 0.6666666865348816 0.0
v 0.026170220226049423 0.36842554807662964 0.07932739704847336 1.0 0.6666666865348816 0.0
v -0.817692220211029 0.7523449063301086 -0.13353879749774933 1.0 0.6666666865348816 0.0
v 0.255191445350647 0.4729580581188202 0.020409075543284416 1.0 0.6666666865348816 0.0
v -0.42712074518203735 0.5404290556907654 -0.01855304092168808 1.0 0.6666666865348816 0.0
v -0.048903126269578934 0.7038798332214355 -0.11548318713903427 1.0 0.6666666865348816 0.0
v 0.1440068632364273 0.624055027961731 -0.06796840578317642 1.0 0.6666666865348816 0.0
v 0.3483203947544098 0.6544644832611084 -0.08412343263626099 1.0 0.6666666865348816 0.0
v 0.026170220226049423 0.6506633162498474 -0.08127254247665405 1.0 0.6666666865348816 0.0
v -0.3834071457386017 0.569888174533844 -0.02995658665895462 1.0 0.6666666865348816 0.0
v -0.21805572509765625 0.43209534883499146 0.0422658734023571 1.0 0.6666666865348816 0.0
v -0.4024130702018738 0.667768657207489 -0.08982520550489426 1.0 0.6666666865348816 0.0
v -0.613378643989563 0.7390407919883728 -0.1287873238325119 1.0 0.6666666865348816 0.0
v -0.5202497243881226 0.4625048041343689 0.024210257455706596 1.0 0.6666666865348816 0.0
v -0.4537290036678314 0.4292444586753845 0.043216168880462646 1.0 0.6666666865348816 0.0
v 0.3188612461090088 0.6278561949729919 -0.07081929594278336 1.0 0.6666666865348816 0.0
v 0.3340659737586975 0.6820230484008789 -0.10217904299497604 1.0 0.6666666865348816 0.0
v -0.016593078151345253 0.7190845608711243 -0.11738377809524536 1.0 0.6666666865348816 0.0
v -0.5725159645080566 0.6516135931015015 -0.08127254247665405 1.0 0.6666666865348816 0.0
v -0.364401251077652 0.376027911901474 0.07457591593265533 1.0 0.6666666865348816 0.0
v 0.26564469933509827 0.6516135931015015 -0.08127254247665405 1.0 0.6666666865348816 0.0
v 0.5573853850364685 0.6744207143783569 -0.0907754972577095 1.0 0.6666666865348816 0.0
v 0.2029251903295517 0.28004807233810425 0.1287427693605423 1.0 0.6666666865348816 0.0
v -0.07266051322221756 0.7418916821479797 -0.12688672542572021 1.0 0.6666666865348816 0.0
v -0.058406081050634384 0.46820658445358276 0.02135937102138996 1.0 0.6666666865348816 0.0
v -0.4052639305591583 0.43209534883499146 0.04416646435856819 1.0 0.6666666865348816 0.0
v 0.17821750044822693 0.6525639295578003 -0.08507372438907623 1.0 0.6666666865348816 0.0
v 0.16586366295814514 0.7076810598373413 -0.11453288793563843 1.0 0.6666666865348816 0.0
v -0.7141099572181702 0.7513946294784546 -0.14589263498783112 1.0 0.6666666865348816 0.0
v 0.3739783763885498 0.7323887348175049 -0.1392405778169632 1.0 0.6666666865348816 0.0
v 0.11549799889326096 0.3779284954071045 0.07362562417984009 1.0 0.6666666865348816 0.0
v -0.1135232225060463 0.5945958495140076 -0.05086308717727661 1.0 0.6666666865348816 0.0
v -0.314035564661026 0.29525279998779297 0.12779246270656586 1.0 0.6666666865348816 0.0
v 0.44049906730651855 0.6098005771636963 -0.05846545472741127 1.0 0.6666666865348816 0.0
v 0.0005122413858771324 0.3427675664424896 0.09738301485776901 1.0 0.6666666865348816 0.0
v 0.7113332748413086 0.6915259957313538 -0.11073170602321625 1.0 0.6666666865348816 0.0
v 0.49751678109169006 0.569888174533844 -0.036608655005693436 1.0 0.6666666865348816 0.0
v -0.18004390597343445 0.6193035840988159 -0.06416722387075424 1.0 0.6666666865348816 0.0
v -0.06600844115018845 0.37697818875312805 0.07552621513605118 1.0 0.6666666865348816 0.0
v -0.2617693245410919 0.6069496870040894 -0.059415750205516815 1.0 0.6666666865348816 0.0
v 0.2409370094537735 0.3294634222984314 0.10308478772640228 1.0 0.6666666865348816 0.0
v -0.48984023928642273 0.7209851741790771 -0.12213525176048279 1.0 0.6666666865348816 0.0
v -0.2997811436653137 0.34751904010772705 0.09548242390155792 1.0 0.6666666865348816 0.0
v -0.1135232225060463 0.6468621492385864 -0.08317313343286514 1.0 0.6666666865348816 0.0
v 0.18867075443267822 0.45775333046913147 0.029912030324339867 1.0 0.6666666865348816 0.0
v -0.6152792572975159 0.617402970790863 -0.06226663663983345 1.0 0.6666666865348816 0.0
v -0.11827469617128372 0.7124325037002563 -0.11358259618282318 1.0 0.6666666865348816 0.0
v 0.07368499785661697 0.41974151134490967 0.05081853270530701 1.0 0.6666666865348816 0.0
v -0.49839290976524353 0.5442302227020264 -0.023304518312215805 1.0 0.6666666865348816 0.0
v -0.3244888186454773 0.3864811658859253 0.07552621513605118 1.0 0.6666666865348816 0.0
v -0.39576098322868347 0.514771044254303 0.0004528690769802779 1.0 0.6666666865348816 0.0
v -0.5848698019981384 0.5689378976821899 -0.034708064049482346 1.0 0.6666666865348816 0.0
v -0.1220758780837059 0.43209534883499146 0.043216168880462646 1.0 0.6666666865348816 0.0
v 0.40248724818229675 0.6810727715492249 -0.09837786108255386 1.0 0.6666666865348816 0.0
v -0.29217877984046936 0.2553403675556183 0.15250015258789062 1.0 0.6666666865348816 0.0
v 0.17726720869541168 0.5936455726623535 -0.04516131430864334 1.0 0.6666666865348816 0.0
v -0.3330414891242981 0.4710574448108673 0.020409075543284416 1.0 0.6666666865348816 0.0
v -0.7283644080162048 0.6639674305915833 -0.0907754972577095 1.0 0.6666666865348816 0.0
v 0.20672637224197388 0.37697818875312805 0.07742680609226227 1.0 0.6666666865348816 0.0
v 0.008114605210721493 0.5556337833404541 -0.027105700224637985 1.0 0.6666666865348816 0.0
v -0.12872794270515442 0.379829078912735 0.0802776888012886 1.0 0.6666666865348816 0.0
v -0.37865567207336426 0.28860071301460266 0.12494157999753952 1.0 0.6666666865348816 0.0
v -0.191447451710701 0.6801224946975708 -0.09552697837352753 1.0 0.6666666865348816 0.0
v 0.5953972339630127 0.6829733848571777 -0.1012287512421608 1.0 0.6666666865348816 0.0
v -0.42902132868766785 0.37887880206108093 0.07837709784507751 1.0 0.6666666865348816 0.0
v -0.6960543990135193 0.6126514673233032 -0.05561456456780434 1.0 0.6666666865348816 0.0
v -0.09926878660917282 0.4102385342121124 0.05461971461772919 1.0 0.6666666865348816 0.0
v 0.3948848843574524 0.5470811128616333 -0.023304518312215805 1.0 0.6666666865348816 0.0
v 0.1059950441122055 0.5005165934562683 0.0042540510185062885 1.0 0.6666666865348816 0.0
v 0.11929918080568314 0.5556337833404541 -0.030906882137060165 1.0 0.6666666865348816 0.0
v -0.46038109064102173 0.4007355868816376 0.05937119200825691 1.0 0.6666666865348816 0.0
v 0.3226624131202698 0.40453678369522095 0.061271782964468 1.0 0.6666666865348816 0.0
v -0.5411561727523804 0.5280751585960388 -0.01285126805305481 1.0 0.6666666865348816 0.0
v 0.08508854359388351 0.6221544146537781 -0.06701811403036118 1.0 0.6666666865348816 0.0
v -0.021344555541872978 0.6050491333007812 -0.05656486004590988 1.0 0.6666666865348816 0.0
v -0.22185690701007843 0.5822420120239258 -0.03755895048379898 1.0 0.6666666865348816 0.0
v -0.2741231620311737 0.3722267150878906 0.07742680609226227 1.0 0.6666666865348816 0.0
v 0.1250009536743164 0.19737234711647034 0.1772078275680542 1.0 0.6666666865348816 0.0
v -0.35489827394485474 0.617402970790863 -0.063216932117939 1.0 0.6666666865348816 0.0
v 0.41674166917800903 0.4748586416244507 0.018508484587073326 1.0 0.6666666865348816 0.0
v -0.08026287704706192 0.30285516381263733 0.11923980712890625 1.0 0.6666666865348816 0.0
v -0.2104533612728119 0.5461307764053345 -0.02235422283411026 1.0 0.6666666865348816 0.0
v -0.017543373629450798 0.5328266620635986 -0.013801563531160355 1.0 0.6666666865348816 0.0
v 0.43004581332206726 0.4187912046909332 0.05461971461772919 1.0 0.6666666865348816 0.0
v -0.15913739800453186 0.4292444586753845 0.04511675983667374 1.0 0.6666666865348816 0.0
v 0.45950496196746826 0.46535569429397583 0.029912030324339867 1.0 0.6666666865348816 0.0
v 0.2532908618450165 0.7152833938598633 -0.12118496000766754 1.0 0.6666666865348816 0.0
v 0.2913026809692383 0.5423296093940735 -0.017602745443582535 1.0 0.6666666865348816 0.0
v -0.03940017148852348 0.6307070851325989 -0.07271988689899445 1.0 0.6666666865348816 0.0
v 0.09269090741872787 0.29525279998779297 0.12304098904132843 1.0 0.6666666865348816 0.0
v -0.03179780766367912 0.43399593234062195 0.04036528244614601 1.0 0.6666666865348816 0.0
v -0.013742191717028618 0.266743928194046 0.13539482653141022 1.0 0.6666666865348816 0.0
v 0.048977311700582504 0.5290254950523376 -0.00905008614063263 1.0 0.6666666865348816 0.0
v 0.058480266481637955 0.6440112590789795 -0.07747136056423187 1.0 0.6666666865348816 0.0
v -0.45657989382743835 0.5641863942146301 -0.03185717761516571 1.0 0.6666666865348816 0.0
v 0.4728091061115265 0.6278561949729919 -0.06891870498657227 1.0 0.6666666865348816 0.0
v -0.34064385294914246 0.6744207143783569 -0.09362638741731644 1.0 0.6666666865348816 0.0
v -0.19049715995788574 0.25248947739601135 0.1477486789226532 1.0 0.6666666865348816 0.0
v -0.10782144963741302 0.6810727715492249 -0.10027845203876495 1.0 0.6666666865348816 0.0
v -0.5953230261802673 0.49291425943374634 0.014707301743328571 1.0 0.6666666865348816 0.0
v -0.48413845896720886 0.6031485199928284 -0.05466426908969879 1.0 0.6666666865348816 0.0
v 0.5611866116523743 0.5499320030212402 -0.021403927356004715 1.0 0.6666666865348816 0.0
v -0.36630183458328247 0.43209534883499146 0.04036528244614601 1.0 0.6666666865348816 0.0
v 0.10694533586502075 0.34941962361335754 0.09168124198913574 1.0 0.6666666865348816 0.0
v 0.05372878909111023 0.241085946559906 0.15345044434070587 1.0 0.6666666865348816 0.0
v 0.20767666399478912 0.6354585886001587 -0.07271988689899445 1.0 0.6666666865348816 0.0
v -0.12777765095233917 0.23348358273506165 0.16010251641273499 1.0 0.6666666865348816 0.0
v 0.43194639682769775 0.5812917351722717 -0.04326072335243225 1.0 0.6666666865348816 0.0
v 0.24568848311901093 0.35607171058654785 0.08597946912050247 1.0 0.6666666865348816 0.0
v 0.5060694813728333 0.6326076984405518 -0.07271988689899445 1.0 0.6666666865348816 0.0
v -0.05365460366010666 0.5755899548530579 -0.04136013239622116 1.0 0.6666666865348816 0.0
v 0.013816379010677338 0.3057060241699219 0.11733921617269516 1.0 0.6666666865348816 0.0
v 0.3568730652332306 0.5860432386398315 -0.048012200742959976 1.0 0.6666666865348816 0.0
v 0.30935826897621155 0.7000786662101746 -0.11073170602321625 1.0 0.6666666865348816 0.0
v 0.6647688150405884 0.6867745518684387 -0.10407963395118713 1.0 0.6666666865348816 0.0
v 0.15921159088611603 0.5423296093940735 -0.02045363187789917 1.0 0.6666666865348816 0.0
v -0.0023386452812701464 0.667768657207489 -0.0907754972577095 1.0 0.6666666865348816 0.0
v 0.0698838159441948 0.46345508098602295 0.022309666499495506 1.0 0.6666666865348816 0.0
v -0.5164484977722168 0.6126514673233032 -0.063216932117939 1.0 0.6666666865348816 0.0
v -0.5981739163398743 0.5423296093940735 -0.015702154487371445 1.0 0.6666666865348816 0.0
v 0.7103829979896545 0.7209851741790771 -0.12213525176048279 1.0 0.6666666865348816 0.0
v 0.37302806973457336 0.4663059711456299 0.02325996197760105 1.0 0.6666666865348816 0.0
v 0.30935826897621155 0.49576514959335327 0.007104937452822924 1.0 0.6666666865348816 0.0
v 0.16206248104572296 0.17456525564193726 0.18481020629405975 1.0 0.6666666865348816 0.0
v 0.12975242733955383 0.44920065999031067 0.0337132103741169 1.0 0.6666666865348816 0.0
v -0.2693716883659363 0.3294634222984314 0.1097368523478508 1.0 0.6666666865348816 0.0
v 0.14305657148361206 0.3104575276374817 0.11543862521648407 1.0 0.6666666865348816 0.0
v -0.21805572509765625 0.6478124260902405 -0.08127254247665405 1.0 0.6666666865348816 0.0
v -0.2969302535057068 0.7190845608711243 -0.12118496000766754 1.0 0.6666666865348816 0.0
v 0.15350982546806335 0.2306326925754547 0.1582019180059433 1.0 0.6666666865348816 0.0
v -0.33874326944351196 0.33041372895240784 0.10498537868261337 1.0 0.6666666865348816 0.0
v 0.6182043552398682 0.6592159867286682 -0.0907754972577095 1.0 0.6666666865348816 0.0
v 0.6039499044418335 0.6050491333007812 -0.05846545472741127 1.0 0.6666666865348816 0.0
v 0.5754410028457642 0.72288578748703 -0.12593643367290497 1.0 0.6666666865348816 0.0
v -0.14678356051445007 0.3152090013027191 0.11353803426027298 1.0 0.6666666865348816 0.0
v -0.3539479970932007 0.2724457085132599 0.13539482653141022 1.0 0.6666666865348816 0.0
v -0.21330425143241882 0.35987287759780884 0.08407887071371078 1.0 0.6666666865348816 0.0
v -0.6466389894485474 0.5955461859703064 -0.049912791699171066 1.0 0.6666666865348816 0.0
v 0.526025652885437 0.7247863411903381 -0.12783703207969666 1.0 0.6666666865348816 0.0
v 0.32456302642822266 0.5499320030212402 -0.02425481379032135 1.0 0.6666666865348816 0.0
v 0.3996363580226898 0.7067307233810425 -0.11548318713903427 1.0 0.6666666865348816 0.0
v -0.39100950956344604 0.48721247911453247 0.013757006265223026 1.0 0.6666666865348816 0.0
v 0.5488327741622925 0.6031485199928284 -0.05561456456780434 1.0 0.6666666865348816 0.0
v -0.41191601753234863 0.7276372313499451 -0.12688672542572021 1.0 0.6666666865348816 0.0
v -0.7825312614440918 0.7409414052963257 -0.1411411613225937 1.0 0.6666666865348816 0.0
v 0.255191445350647 0.5432799458503723 -0.021403927356004715 1.0 0.6666666865348816 0.0
v 0.15160922706127167 0.485311895608902 0.014707301743328571 1.0 0.6666666865348816 0.0
v -0.48413845896720886 0.5176219344139099 -0.0023980175610631704 1.0 0.6666666865348816 0.0
v -0.6703963875770569 0.5603852272033691 -0.029006291180849075 1.0 0.6666666865348816 0.0
v -0.5877206921577454 0.6943768858909607 -0.10502993315458298 1.0 0.6666666865348816 0.0
v 0.38728252053260803 0.5176219344139099 -0.007149495184421539 1.0 0.6666666865348816 0.0
v 0.30745768547058105 0.6012479662895203 -0.053713973611593246 1.0 0.6666666865348816 0.0
v 0.010965491645038128 0.24583742022514343 0.14869897067546844 1.0 0.6666666865348816 0.0
v -0.7673265337944031 0.6953272223472595 -0.10788082331418991 1.0 0.6666666865348816 0.0
v -0.44802725315093994 0.5898444056510925 -0.046111609786748886 1.0 0.6666666865348816 0.0
v 0.16776424646377563 0.28384923934936523 0.1287427693605423 1.0 0.6666666865348816 0.0
v 0.2599429190158844 0.29240190982818604 0.12304098904132843 1.0 0.6666666865348816 0.0
v 0.24568848311901093 0.6886751055717468 -0.10502993315458298 1.0 0.6666666865348816 0.0
v -0.21140365302562714 0.4587036073207855 0.02896173484623432 1.0 0.6666666865348816 0.0
v -0.2513160705566406 0.4140397310256958 0.0527191236615181 1.0 0.6666666865348816 0.0
v -0.719811737537384 0.6316574215888977 -0.07081929594278336 1.0 0.6666666865348816 0.0
v 0.46805763244628906 0.6810727715492249 -0.1012287512421608 1.0 0.6666666865348816 0.0
v 0.10694533586502075 0.5290254950523376 -0.00905008614063263 1.0 0.6666666865348816 0.0
v 0.6514646410942078 0.7133828401565552 -0.1202346608042717 1.0 0.6666666865348816 0.0
v 0.1440068632364273 0.6506633162498474 -0.0822228416800499 1.0 0.6666666865348816 0.0
v -0.5259514451026917 0.6392597556114197 -0.07367017865180969 1.0 0.6666666865348816 0.0
v 0.17536661028862 0.5128704309463501 -0.004298608284443617 1.0 0.6666666865348816 0.0
v 0.3340659737586975 0.46535569429397583 0.02516055293381214 1.0 0.6666666865348816 0.0
v -0.659943163394928 0.6639674305915833 -0.08887490630149841 1.0 0.6666666865348816 0.0
v 0.1288021355867386 0.2562906742095947 0.14299719035625458 1.0 0.6666666865348816 0.0
v 0.1943725198507309 0.4301947355270386 0.04416646435856819 1.0 0.6666666865348816 0.0
v -0.07836228609085083 0.6734703779220581 -0.09932816028594971 1.0 0.6666666865348816 0.0
v 0.04802701622247696 0.26959481835365295 0.13824571669101715 1.0 0.6666666865348816 0.0
v 0.018567856401205063 0.6231047511100769 -0.06606781482696533 1.0 0.6666666865348816 0.0
v -0.45467931032180786 0.7057804465293884 -0.11643347889184952 1.0 0.6666666865348816 0.0
v 0.2323843538761139 0.5261746048927307 -0.008099790662527084 1.0 0.6666666865348816 0.0
v -0.5212000012397766 0.5632361173629761 -0.030906882137060165 1.0 0.6666666865348816 0.0
v 0.32836419343948364 0.3779284954071045 0.07362562417984009 1.0 0.6666666865348816 0.0
v -0.5173988342285156 0.7105319499969482 -0.11738377809524536 1.0 0.6666666865348816 0.0
v -0.3092840909957886 0.6639674305915833 -0.08887490630149841 1.0 0.6666666865348816 0.0
v -0.12112558633089066 0.3484693467617035 0.08692976087331772 1.0 0.6666666865348816 0.0
v 0.09934297204017639 0.675370991230011 -0.09552697837352753 1.0 0.6666666865348816 0.0
v -0.16578947007656097 0.4035864770412445 0.05937119200825691 1.0 0.6666666865348816 0.0
v -0.37675508856773376 0.3228113651275635 0.10498537868261337 1.0 0.6666666865348816 0.0
v -0.16673977673053741 0.266743928194046 0.1372954249382019 1.0 0.6666666865348816 0.0
v 0.34737011790275574 0.514771044254303 -0.005248904228210449 1.0 0.6666666865348816 0.0
v -0.1600877046585083 0.6002976298332214 -0.053713973611593246 1.0 0.6666666865348816 0.0
v 0.27989912033081055 0.5926952958106995 -0.048012200742959976 1.0 0.6666666865348816 0.0
v -0.02704632841050625 0.3275628387928009 0.10498537868261337 1.0 0.6666666865348816 0.0
v 0.37682926654815674 0.625005304813385 -0.06701811403036118 1.0 0.6666666865348816 0.0
v -0.7065076231956482 0.6886751055717468 -0.10217904299497604 1.0 0.6666666865348816 0.0
v -0.6722970008850098 0.7181342840194702 -0.12118496000766754 1.0 0.6666666865348816 0.0
v -0.14203208684921265 0.45300185680389404 0.03181261941790581 1.0 0.6666666865348816 0.0
v -0.10497055947780609 0.28860071301460266 0.12494157999753952 1.0 0.6666666865348816 0.0
v -0.010891304351389408 0.7361899018287659 -0.14019086956977844 1.0 0.6666666865348816 0.0
v 0.5117712020874023 0.5166716575622559 -0.006199199706315994 1.0 0.6666666865348816 0.0
v 0.11454769968986511 0.6278561949729919 -0.06796840578317642 1.0 0.6666666865348816 0.0
v 0.18772046267986298 0.2239806205034256 0.16105280816555023 1.0 0.6666666865348816 0.0
v -0.2693716883659363 0.7010289430618286 -0.109781414270401 1.0 0.6666666865348816 0.0
v 0.08318795263767242 0.24013563990592957 0.14869897067546844 1.0 0.6666666865348816 0.0
v -0.5563609600067139 0.676321268081665 -0.09457667917013168 1.0 0.6666666865348816 0.0
v -0.30073145031929016 0.48626217246055603 0.013757006265223026 1.0 0.6666666865348816 0.0
v 0.19532282650470734 0.6734703779220581 -0.09552697837352753 1.0 0.6666666865348816 0.0
v -0.5364047288894653 0.44254860281944275 0.037514396011829376 1.0 0.6666666865348816 0.0
v -0.32543912529945374 0.7285875678062439 -0.12783703207969666 1.0 0.6666666865348816 0.0
v -0.4280710220336914 0.4815106987953186 0.014707301743328571 1.0 0.6666666865348816 0.0
v 0.2285831719636917 0.5537331700325012 -0.025205109268426895 1.0 0.6666666865348816 0.0
v 0.3483203947544098 0.41689062118530273 0.04986823722720146 1.0 0.6666666865348816 0.0
v -0.20285099744796753 0.3085569143295288 0.12114039808511734 1.0 0.6666666865348816 0.0
v -0.6447384357452393 0.7095816135406494 -0.11358259618282318 1.0 0.6666666865348816 0.0
v -0.7597241997718811 0.7219354510307312 -0.12403584271669388 1.0 0.6666666865348816 0.0
v -0.49649232625961304 0.6582656502723694 -0.08602402359247208 1.0 0.6666666865348816 0.0
v 0.29510384798049927 0.4415982961654663 0.03561380133032799 1.0 0.6666666865348816 0.0
v 0.27799853682518005 0.48721247911453247 0.010906119830906391 1.0 0.6666666865348816 0.0
v -0.16293857991695404 0.6620668768882751 -0.08887490630149841 1.0 0.6666666865348816 0.0
v 0.445250540971756 0.5204728245735168 -0.007149495184421539 1.0 0.6666666865348816 0.0
v 0.38158074021339417 0.41499000787734985 0.0527191236615181 1.0 0.6666666865348816 0.0
v -0.09926878660917282 0.3864811658859253 0.06982444226741791 1.0 0.6666666865348816 0.0
v -0.13347943127155304 0.5404290556907654 -0.017602745443582535 1.0 0.6666666865348816 0.0
v -0.04415164887905121 0.5242739915847778 -0.010000381618738174 1.0 0.6666666865348816 0.0
v -0.19619892537593842 0.5993473529815674 -0.0527636781334877 1.0 0.6666666865348816 0.0
v -0.3843574523925781 0.2638930380344391 0.14489778876304626 1.0 0.6666666865348816 0.0
v 0.5307771563529968 0.6601662635803223 -0.08792461454868317 1.0 0.6666666865348816 0.0
v 0.44430023431777954 0.6335579752922058 -0.07271988689899445 1.0 0.6666666865348816 0.0
v -0.3463456332683563 0.5280751585960388 -0.011900972574949265 1.0 0.6666666865348816 0.0
v -0.2484651803970337 0.5565840601921082 -0.02995658665895462 1.0 0.6666666865348816 0.0
v -0.005189531482756138 0.3864811658859253 0.06887414306402206 1.0 0.6666666865348816 0.0
v -0.3377929627895355 0.4396977126598358 0.03181261941790581 1.0 0.6666666865348816 0.0
v -0.314035564661026 0.5898444056510925 -0.048012200742959976 1.0 0.6666666865348816 0.0
v 0.0033631278201937675 0.46345508098602295 0.024210257455706596 1.0 0.6666666865348816 0.0
v -0.2950296700000763 0.27529656887054443 0.12969306111335754 1.0 0.6666666865348816 0.0
v -0.500293493270874 0.39978528022766113 0.06222207844257355 1.0 0.6666666865348816 0.0
v -0.2864769995212555 0.5214231014251709 -0.007149495184421539 1.0 0.6666666865348816 0.0
v -0.4613313674926758 0.6820230484008789 -0.1012287512421608 1.0 0.6666666865348816 0.0
v -0.26462021470069885 0.4691568613052368 0.022309666499495506 1.0 0.6666666865348816 0.0
v 0.19722341001033783 0.5689378976821899 -0.036608655005693436 1.0 0.6666666865348816 0.0
v 0.15065893530845642 0.33706578612327576 0.0992836058139801 1.0 0.6666666865348816 0.0
v -0.6276330947875977 0.7523449063301086 -0.1477932333946228 1.0 0.6666666865348816 0.0
v -0.4337728023529053 0.32661253213882446 0.10878656059503555 1.0 0.6666666865348816 0.0
v -0.2551172375679016 0.29525279998779297 0.12114039808511734 1.0 0.6666666865348816 0.0
v -0.06790903210639954 0.2496386021375656 0.14869897067546844 1.0 0.6666666865348816 0.0
v 0.050877902656793594 0.7399910688400269 -0.12688672542572021 1.0 0.6666666865348816 0.0
v 0.47661030292510986 0.49576514959335327 0.006154641974717379 1.0 0.6666666865348816 0.0
v -0.33399176597595215 0.2429865300655365 0.15345044434070587 1.0 0.6666666865348816 0.0
v -0.3187870383262634 0.5679876208305359 -0.032807473093271255 1.0 0.6666666865348816 0.0
v -0.010891304351389408 0.4159403145313263 0.05366941913962364 1.0 0.6666666865348816 0.0
v -0.3586994707584381 0.3532208204269409 0.0907309427857399 1.0 0.6666666865348816 0.0
v -0.11827469617128372 0.5090692639350891 -0.0023980175610631704 1.0 0.6666666865348816 0.0
v -0.39576098322868347 0.6411603689193726 -0.07652106881141663 1.0 0.6666666865348816 0.0
v 0.07653588056564331 0.6592159867286682 -0.09172579646110535 1.0 0.6666666865348816 0.0
v 0.42529433965682983 0.7171840071678162 -0.1202346608042717 1.0 0.6666666865348816 0.0
v -0.2674711048603058 0.24583742022514343 0.15154986083507538 1.0 0.6666666865348816 0.0
v -0.2513160705566406 0.6544644832611084 -0.08697431534528732 1.0 0.6666666865348816 0.0
v 0.6106019616127014 0.6307070851325989 -0.07462047785520554 1.0 0.6666666865348816 0.0
v 0.4538032114505768 0.7095816135406494 -0.11548318713903427 1.0 0.6666666865348816 0.0
v 0.11264710873365402 0.726686954498291 -0.12783703207969666 1.0 0.6666666865348816 0.0
v 0.24853937327861786 0.5841426253318787 -0.04136013239622116 1.0 0.6666666865348816 0.0
v -0.08691494911909103 0.3313640058040619 0.10213448852300644 1.0 0.6666666865348816 0.0
v -0.07836228609085083 0.5945958495140076 -0.0527636781334877 1.0 0.6666666865348816 0.0
v 0.062281448394060135 0.32376164197921753 0.10498537868261337 1.0 0.6666666865348816 0.0
v -0.17814332246780396 0.7333390116691589 -0.12213525176048279 1.0 0.6666666865348816 0.0
v 0.047076720744371414 0.48246100544929504 0.014707301743328571 1.0 0.6666666865348816 0.0
v -0.45467931032180786 0.37697818875312805 0.07457591593265533 1.0 0.6666666865348816 0.0
v -0.6951040625572205 0.7371401786804199 -0.12403584271669388 1.0 0.6666666865348816 0.0
v 0.22763286530971527 0.2743462920188904 0.13444453477859497 1.0 0.6666666865348816 0.0
v 0.04612642526626587 0.3883817493915558 0.06887414306402206 1.0 0.6666666865348816 0.0
v 0.1354542076587677 0.5936455726623535 -0.051813382655382156 1.0 0.6666666865348816 0.0
v 0.03282228857278824 0.4301947355270386 0.04511675983667374 1.0 0.6666666865348816 0.0
v 0.07653588056564331 0.5936455726623535 -0.04896249622106552 1.0 0.6666666865348816 0.0
v 0.42529433965682983 0.5527828931808472 -0.027105700224637985 1.0 0.6666666865348816 0.0
v 0.2390364110469818 0.23728476464748383 0.15725162625312805 1.0 0.6666666865348816 0.0
v -0.5468579530715942 0.6021982431411743 -0.05466426908969879 1.0 0.6666666865348816 0.0
v 0.20577606558799744 0.7190845608711243 -0.12498614192008972 1.0 0.6666666865348816 0.0
v -0.13728061318397522 0.6611165404319763 -0.08982520550489426 1.0 0.6666666865348816 0.0
v 0.2894020676612854 0.518572211265564 -0.008099790662527084 1.0 0.6666666865348816 0.0
v -0.21140365302562714 0.38363027572631836 0.07457591593265533 1.0 0.6666666865348816 0.0
v -0.45277872681617737 0.48721247911453247 0.012806710787117481 1.0 0.6666666865348816 0.0
v -0.4024130702018738 0.5461307764053345 -0.02045363187789917 1.0 0.6666666865348816 0.0
v 0.48896414041519165 0.6943768858909607 -0.10598022490739822 1.0 0.6666666865348816 0.0
v -0.5012437701225281 0.4777095317840576 0.01755818910896778 1.0 0.6666666865348816 0.0
v -0.39766156673431396 0.45965391397476196 0.028011439368128777 1.0 0.6666666865348816 0.0
v -0.5858200788497925 0.6335579752922058 -0.06986899673938751 1.0 0.6666666865348816 0.0
v 0.29035237431526184 0.6364088654518127 -0.07557076960802078 1.0 0.6666666865348816 0.0
v -0.03654928505420685 0.5508822798728943 -0.023304518312215805 1.0 0.6666666865348816 0.0
v 0.06323174387216568 0.6934266090393066 -0.10217904299497604 1.0 0.6666666865348816 0.0
v 0.1354542076587677 0.4206917881965637 0.05081853270530701 1.0 0.6666666865348816 0.0
v 0.20577606558799744 0.4815106987953186 0.01565759815275669 1.0 0.6666666865348816 0.0
v -0.2893278896808624 0.5793911218643188 -0.042310427874326706 1.0 0.6666666865348816 0.0
v 0.26564469933509827 0.33231431245803833 0.10023389756679535 1.0 0.6666666865348816 0.0
v 0.34737011790275574 0.7323887348175049 -0.13543939590454102 1.0 0.6666666865348816 0.0
v 0.10694533586502075 0.7019792795181274 -0.11453288793563843 1.0 0.6666666865348816 0.0
v -0.4594307839870453 0.45965391397476196 0.02896173484623432 1.0 0.6666666865348816 0.0
v -0.4299716353416443 0.569888174533844 -0.034708064049482346 1.0 0.6666666865348816 0.0
v -0.419518381357193 0.6991283893585205 -0.11073170602321625 1.0 0.6666666865348816 0.0
v -0.24561429023742676 0.49576514959335327 0.008055233396589756 1.0 0.6666666865348816 0.0
v 0.28179970383644104 0.7114822268486023 -0.11738377809524536 1.0 0.6666666865348816 0.0
v 0.20007430016994476 0.6088503003120422 -0.05656486004590988 1.0 0.6666666865348816 0.0
v 0.5507333278656006 0.726686954498291 -0.12593643367290497 1.0 0.6666666865348816 0.0
v -0.05555519461631775 0.3047557473182678 0.11733921617269516 1.0 0.6666666865348816 0.0
v -0.08311376720666885 0.4672562777996063 0.02325996197760105 1.0 0.6666666865348816 0.0
v -0.20380128920078278 0.6278561949729919 -0.061316341161727905 1.0 0.6666666865348816 0.0
v -0.04320135340094566 0.24868831038475037 0.1496492624282837 1.0 0.6666666865348816 0.0
v -0.0023386452812701464 0.4881627857685089 0.010906119830906391 1.0 0.6666666865348816 0.0
v -0.29027819633483887 0.6896254420280457 -0.10312934219837189 1.0 0.6666666865348816 0.0
v -0.37675508856773376 0.7523449063301086 -0.13353879749774933 1.0 0.6666666865348816 0.0
v -0.5430567860603333 0.47390833497047424 0.022309666499495506 1.0 0.6666666865348816 0.0
v -0.1705409586429596 0.5195225477218628 -0.008099790662527084 1.0 0.6666666865348816 0.0
v -0.2361113429069519 0.7105319499969482 -0.11738377809524536 1.0 0.6666666865348816 0.0
v -0.41476690769195557 0.3019048571586609 0.12114039808511734 1.0 0.6666666865348816 0.0
v 0.06513233482837677 0.5451804995536804 -0.030906882137060165 1.0 0.6666666865348816 0.0
v -0.558261513710022 0.726686954498291 -0.12688672542572021 1.0 0.6666666865348816 0.0
v 0.21908020973205566 0.3209107518196106 0.1097368523478508 1.0 0.6666666865348816 0.0
v 0.27989912033081055 0.38363027572631836 0.06887414306402206 1.0 0.6666666865348816 0.0
v 0.310308575630188 0.29905396699905396 0.12494157999753952 1.0 0.6666666865348816 0.0
v 0.1924719363451004 0.3570219874382019 0.08407887071371078 1.0 0.6666666865348816 0.0
v -0.0755114033818245 0.48911306262016296 0.010906119830906391 1.0 0.6666666865348816 0.0
v -0.500293493270874 0.7447425723075867 -0.12783703207969666 1.0 0.6666666865348816 0.0
v -0.7549726963043213 0.6687189340591431 -0.0926760882139206 1.0 0.6666666865348816 0.0
v -0.16769006848335266 0.565136730670929 -0.034708064049482346 1.0 0.6666666865348816 0.0
v -0.25796812772750854 0.6288065314292908 -0.06891870498657227 1.0 0.6666666865348816 0.0
v -0.3311409056186676 0.621204137802124 -0.063216932117939 1.0 0.6666666865348816 0.0
v 0.052778493613004684 0.36177346110343933 0.08597946912050247 1.0 0.6666666865348816 0.0
v -0.6323845982551575 0.6535142064094543 -0.08127254247665405 1.0 0.6666666865348816 0.0
v -0.19714923202991486 0.28194865584373474 0.1306433528661728 1.0 0.6666666865348816 0.0
v -0.07075992226600647 0.6221544146537781 -0.06796840578317642 1.0 0.6666666865348816 0.0
v -0.06790903210639954 0.35607171058654785 0.08692976087331772 1.0 0.6666666865348816 0.0
v -0.2256580889225006 0.4035864770412445 0.05937119200825691 1.0 0.6666666865348816 0.0
v -0.42046865820884705 0.7466431856155396 -0.14494234323501587 1.0 0.6666666865348816 0.0
v -0.21425454318523407 0.25248947739601135 0.1458480805158615 1.0 0.6666666865348816 0.0
v 0.0974423810839653 0.4758089482784271 0.01755818910896778 1.0 0.6666666865348816 0.0
v 0.0974423810839653 0.1859688013792038 0.18100902438163757 1.0 0.6666666865348816 0.0
v -0.6837005019187927 0.6373592019081116 -0.07367017865180969 1.0 0.6666666865348816 0.0
v 0.36447542905807495 0.49101367592811584 0.009955824352800846 1.0 0.6666666865348816 0.0
v 0.34071803092956543 0.7086313366889954 -0.11738377809524536 1.0 0.6666666865348816 0.0
v -0.1429823786020279 0.24773801863193512 0.14679837226867676 1.0 0.6666666865348816 0.0
v -0.554460346698761 0.5746396780014038 -0.040409836918115616 1.0 0.6666666865348816 0.0
v -0.4594307839870453 0.6345083117485046 -0.07462047785520554 1.0 0.6666666865348816 0.0
v 0.08413824439048767 0.5318763852119446 -0.0147518590092659 1.0 0.6666666865348816 0.0
v 0.5003677010536194 0.6582656502723694 -0.08887490630149841 1.0 0.6666666865348816 0.0
v 0.12310036271810532 0.6601662635803223 -0.08792461454868317 1.0 0.6666666865348816 0.0
v 0.14115597307682037 0.3921829164028168 0.06412266939878464 1.0 0.6666666865348816 0.0
v -0.0355989895761013 0.2762468755245209 0.13444453477859497 1.0 0.6666666865348816 0.0
v 0.41103991866111755 0.5014669299125671 0.0042540510185062885 1.0 0.6666666865348816 0.0
v 0.20957724750041962 0.5138207674026489 -0.005248904228210449 1.0 0.6666666865348816 0.0
v -0.08501435816287994 0.5375781655311584 -0.02045363187789917 1.0 0.6666666865348816 0.0
v -0.24561429023742676 0.5936455726623535 -0.04896249622106552 1.0 0.6666666865348816 0.0
v 0.058480266481637955 0.6231047511100769 -0.06701811403036118 1.0 0.6666666865348816 0.0
v 0.06323174387216568 0.4377971291542053 0.04036528244614601 1.0 0.6666666865348816 0.0
v 0.2238316833972931 0.6820230484008789 -0.10027845203876495 1.0 0.6666666865348816 0.0
v -0.23231016099452972 0.5394787192344666 -0.017602745443582535 1.0 0.6666666865348816 0.0
v 0.3340659737586975 0.5907946825027466 -0.048012200742959976 1.0 0.6666666865348816 0.0
v -0.05555519461631775 0.6782218813896179 -0.09932816028594971 1.0 0.6666666865348816 0.0
v 0.08128736168146133 0.39788469672203064 0.061271782964468 1.0 0.6666666865348816 0.0
v -0.18289479613304138 0.32186105847358704 0.10878656059503555 1.0 0.6666666865348816 0.0
v -0.39766156673431396 0.37032613158226013 0.0802776888012886 1.0 0.6666666865348816 0.0
v 0.17916779220104218 0.18976998329162598 0.18100902438163757 1.0 0.6666666865348816 0.0
v 0.1059950441122055 0.28004807233810425 0.13444453477859497 1.0 0.6666666865348816 0.0
v 0.34071803092956543 0.5641863942146301 -0.032807473093271255 1.0 0.6666666865348816 0.0
v 0.529826819896698 0.6858242154121399 -0.10407963395118713 1.0 0.6666666865348816 0.0
v 0.2304837554693222 0.6316574215888977 -0.0717695876955986 1.0 0.6666666865348816 0.0
v 0.3046067953109741 0.3465687334537506 0.08883035182952881 1.0 0.6666666865348816 0.0
v 0.5193735957145691 0.5755899548530579 -0.04136013239622116 1.0 0.6666666865348816 0.0
v -0.010891304351389408 0.5128704309463501 -0.004298608284443617 1.0 0.6666666865348816 0.0
v 0.17061513662338257 0.37032613158226013 0.07837709784507751 1.0 0.6666666865348816 0.0
v 0.5697392821311951 0.6430609226226807 -0.07652106881141663 1.0 0.6666666865348816 0.0
v -0.5725159645080566 0.4919639527797699 0.011856415309011936 1.0 0.6666666865348816 0.0
v -0.19239774346351624 0.4710574448108673 0.02516055293381214 1.0 0.6666666865348816 0.0
v 0.2599429190158844 0.40833795070648193 0.05747060105204582 1.0 0.6666666865348816 0.0
v -0.28362610936164856 0.5546834468841553 -0.02425481379032135 1.0 0.6666666865348816 0.0
v -0.03179780766367912 0.6573153734207153 -0.08507372438907623 1.0 0.6666666865348816 0.0
v -0.3625006377696991 0.72288578748703 -0.12688672542572021 1.0 0.6666666865348816 0.0
v -0.30263203382492065 0.6364088654518127 -0.07462047785520554 1.0 0.6666666865348816 0.0
v -0.1895468682050705 0.5385284423828125 -0.017602745443582535 1.0 0.6666666865348816 0.0
v 0.37968015670776367 0.3864811658859253 0.06602326035499573 1.0 0.6666666865348816 0.0
v -0.2275586873292923 0.30760663747787476 0.1268421709537506 1.0 0.6666666865348816 0.0
v 0.1288021355867386 0.3380160927772522 0.09358183294534683 1.0 0.6666666865348816 0.0
v 0.09839268028736115 0.5841426253318787 -0.04136013239622116 1.0 0.6666666865348816 0.0
v -0.149634450674057 0.7143331170082092 -0.11738377809524536 1.0 0.6666666865348816 0.0
v -0.40621423721313477 0.5632361173629761 -0.034708064049482346 1.0 0.6666666865348816 0.0
v -0.04985342174768448 0.2220800369977951 0.16580428183078766 1.0 0.6666666865348816 0.0
v -0.08216346800327301 0.5708385109901428 -0.036608655005693436 1.0 0.6666666865348816 0.0
v 0.27609795331954956 0.45110124349594116 0.026110848411917686 1.0 0.6666666865348816 0.0
v -0.284576416015625 0.7323887348175049 -0.13448908925056458 1.0 0.6666666865348816 0.0
v -0.3415941298007965 0.4244929850101471 0.04796764627099037 1.0 0.6666666865348816 0.0
v -0.42712074518203735 0.35417109727859497 0.08788006007671356 1.0 0.6666666865348816 0.0
v -0.12017528712749481 0.48911306262016296 0.01565759815275669 1.0 0.6666666865348816 0.0
v -0.19714923202991486 0.511920154094696 -0.0004974264302290976 1.0 0.6666666865348816 0.0
v 0.0869891345500946 0.36177346110343933 0.08502916991710663 1.0 0.6666666865348816 0.0
v 0.10504474490880966 0.25724098086357117 0.14109660685062408 1.0 0.6666666865348816 0.0
v -0.3862580358982086 0.7323887348175049 -0.12973761558532715 1.0 0.6666666865348816 0.0
v 0.15160922706127167 0.45300185680389404 0.03181261941790581 1.0 0.6666666865348816 0.0
v 0.34546950459480286 0.44825035333633423 0.0337132103741169 1.0 0.6666666865348816 0.0
v -0.056505490094423294 0.4301947355270386 0.039414986968040466 1.0 0.6666666865348816 0.0
v 0.6495640873908997 0.6744207143783569 -0.09362638741731644 1.0 0.6666666865348816 0.0
v 0.004313423298299313 0.7238360643386841 -0.12308555096387863 1.0 0.6666666865348816 0.0
v 0.09364119917154312 0.33516520261764526 0.10213448852300644 1.0 0.6666666865348816 0.0
v -0.2484651803970337 0.3228113651275635 0.10688596963882446 1.0 0.6666666865348816 0.0
v 0.3948848843574524 0.4691568613052368 0.022309666499495506 1.0 0.6666666865348816 0.0
v -0.05175401270389557 0.49481484293937683 0.006154641974717379 1.0 0.6666666865348816 0.0
v 0.041374947875738144 0.31140780448913574 0.11638892441987991 1.0 0.6666666865348816 0.0
v -0.19904981553554535 0.7019792795181274 -0.11453288793563843 1.0 0.6666666865348816 0.0
v 0.06608263403177261 0.7247863411903381 -0.12213525176048279 1.0 0.6666666865348816 0.0
v 0.30365651845932007 0.726686954498291 -0.12498614192008972 1.0 0.6666666865348816 0.0
v 0.20102459192276 0.19072027504444122 0.18671078979969025 1.0 0.6666666865348816 0.0
v -0.12777765095233917 0.30285516381263733 0.11543862521648407 1.0 0.6666666865348816 0.0
v -0.16388888657093048 0.6810727715492249 -0.10027845203876495 1.0 0.6666666865348816 0.0
v 0.2494896650314331 0.27529656887054443 0.13349424302577972 1.0 0.6666666865348816 0.0
v -0.37010300159454346 0.6972277760505676 -0.11073170602321625 1.0 0.6666666865348816 0.0
v 0.12975242733955383 0.6829733848571777 -0.10217904299497604 1.0 0.6666666865348816 0.0
v 0.6029996275901794 0.7114822268486023 -0.11833406984806061 1.0 0.6666666865348816 0.0
v 0.2475890815258026 0.4434988796710968 0.03561380133032799 1.0 0.6666666865348816 0.0
v 0.49086472392082214 0.5470811128616333 -0.02235422283411026 1.0 0.6666666865348816 0.0
v 0.3511712849140167 0.6335579752922058 -0.07081929594278336 1.0 0.6666666865348816 0.0
v -0.23991252481937408 0.43589651584625244 0.03846469148993492 1.0 0.6666666865348816 0.0
v -0.03940017148852348 0.4092882573604584 0.05652030557394028 1.0 0.6666666865348816 0.0
v -0.2674711048603058 0.34561845660209656 0.09548242390155792 1.0 0.6666666865348816 0.0
v 0.05562938004732132 0.4092882573604584 0.05652030557394028 1.0 0.6666666865348816 0.0
v -0.02324514649808407 0.6934266090393066 -0.10598022490739822 1.0 0.6666666865348816 0.0
v -0.659943163394928 0.5461307764053345 -0.01665244996547699 1.0 0.6666666865348816 0.0
v -0.504094660282135 0.5964964628219604 -0.049912791699171066 1.0 0.6666666865348816 0.0
v -0.5972236394882202 0.7437922954559326 -0.14209145307540894 1.0 0.6666666865348816 0.0
v 0.32646360993385315 0.6535142064094543 -0.08697431534528732 1.0 0.6666666865348816 0.0
v -0.6000745296478271 0.515721321105957 -0.0033483130391687155 1.0 0.6666666865348816 0.0
v 0.2323843538761139 0.3883817493915558 0.06887414306402206 1.0 0.6666666865348816 0.0
v 0.4794611930847168 0.5993473529815674 -0.0527636781334877 1.0 0.6666666865348816 0.0
v -0.21140365302562714 0.672520101070404 -0.09647727012634277 1.0 0.6666666865348816 0.0
v -0.3710533082485199 0.6383094787597656 -0.07462047785520554 1.0 0.6666666865348816 0.0
v 0.17251573503017426 0.4178408980369568 0.05081853270530701 1.0 0.6666666865348816 0.0
v -0.1980995237827301 0.4387474060058594 0.039414986968040466 1.0 0.6666666865348816 0.0
v -0.34064385294914246 0.5014669299125671 0.0033037555404007435 1.0 0.6666666865348816 0.0
v 0.37302806973457336 0.667768657207489 -0.08982520550489426 1.0 0.6666666865348816 0.0
v 0.03662347048521042 0.5841426253318787 -0.04136013239622116 1.0 0.6666666865348816 0.0
v 0.22098080813884735 0.4244929850101471 0.04701735079288483 1.0 0.6666666865348816 0.0
v -0.03179780766367912 0.5888941287994385 -0.048012200742959976 1.0 0.6666666865348816 0.0
v 0.0974423810839653 0.22873209416866302 0.15915222465991974 1.0 0.6666666865348816 0.0
v 0.1563607007265091 0.5955461859703064 -0.05086308717727661 1.0 0.6666666865348816 0.0
v -0.25796812772750854 0.5128704309463501 -0.0014477219665423036 1.0 0.6666666865348816 0.0
v -0.0926167219877243 0.23348358273506165 0.1563013345003128 1.0 0.6666666865348816 0.0
v -0.5953230261802673 0.667768657207489 -0.08982520550489426 1.0 0.6666666865348816 0.0
v -0.24371370673179626 0.6810727715492249 -0.10027845203876495 1.0 0.6666666865348816 0.0
v -0.19714923202991486 0.7276372313499451 -0.1287873238325119 1.0 0.6666666865348816 0.0
v 0.2618435025215149 0.4986160397529602 0.0033037555404007435 1.0 0.6666666865348816 0.0
v -0.6342851519584656 0.7276372313499451 -0.12498614192008972 1.0 0.6666666865348816 0.0
v 0.1858198642730713 0.5537331700325012 -0.02805599570274353 1.0 0.6666666865348816 0.0
v -0.6152792572975159 0.6820230484008789 -0.10027845203876495 1.0 0.6666666865348816 0.0
v 0.256141722202301 0.6107509136199951 -0.059415750205516815 1.0 0.6666666865348816 0.0
v -0.5135976076126099 0.5347272753715515 -0.01285126805305481 1.0 0.6666666865348816 0.0
v 0.027120515704154968 0.47200775146484375 0.02135937102138996 1.0 0.6666666865348816 0.0
v -0.5972236394882202 0.6012479662895203 -0.05561456456780434 1.0 0.6666666865348816 0.0
v 0.035673175007104874 0.3513202369213104 0.0907309427857399 1.0 0.6666666865348816 0.0
v 0.012866083532571793 0.5052680969238281 0.0014031645841896534 1.0 0.6666666865348816 0.0
v -0.3586994707584381 0.4758089482784271 0.01755818910896778 1.0 0.6666666865348816 0.0
v 0.3863322138786316 0.6107509136199951 -0.05561456456780434 1.0 0.6666666865348816 0.0
v 0.22953346371650696 0.7162336707115173 -0.12213525176048279 1.0 0.6666666865348816 0.0
v 0.0033631278201937675 0.31996047496795654 0.10688596963882446 1.0 0.6666666865348816 0.0
v -0.47368523478507996 0.7019792795181274 -0.109781414270401 1.0 0.6666666865348816 0.0
v -0.16388888657093048 0.3608231842517853 0.08883035182952881 1.0 0.6666666865348816 0.0
v -0.07646169513463974 0.2724457085132599 0.13349424302577972 1.0 0.6666666865348816 0.0
v 0.21052755415439606 0.7371401786804199 -0.13638968765735626 1.0 0.6666666865348816 0.0
v -0.09546760469675064 0.734289288520813 -0.12498614192008972 1.0 0.6666666865348816 0.0
v 0.041374947875738144 0.5014669299125671 0.009955824352800846 1.0 0.6666666865348816 0.0
v 0.3635251224040985 0.5594349503517151 -0.032807473093271255 1.0 0.6666666865348816 0.0
v 0.5383794903755188 0.5879437923431396 -0.04706190526485443 1.0 0.6666666865348816 0.0
v -0.12112558633089066 0.625005304813385 -0.06796840578317642 1.0 0.6666666865348816 0.0
v 0.20862695574760437 0.5499320030212402 -0.02615540474653244 1.0 0.6666666865348816 0.0
v -0.1116226315498352 0.5480313897132874 -0.025205109268426895 1.0 0.6666666865348816 0.0
v 0.1668139547109604 0.5679876208305359 -0.0337577685713768 1.0 0.6666666865348816 0.0
v -0.30263203382492065 0.4644053876399994 0.024210257455706596 1.0 0.6666666865348816 0.0
v 0.4091393053531647 0.6002976298332214 -0.05466426908969879 1.0 0.6666666865348816 0.0
v 0.1924719363451004 0.24203623831272125 0.15345044434070587 1.0 0.6666666865348816 0.0
v -0.045101944357156754 0.33706578612327576 0.09833330661058426 1.0 0.6666666865348816 0.0
v -0.36155036091804504 0.5936455726623535 -0.04896249622106552 1.0 0.6666666865348816 0.0
v -0.3083338141441345 0.3608231842517853 0.08312857896089554 1.0 0.6666666865348816 0.0
v 0.16206248104572296 0.6326076984405518 -0.06986899673938751 1.0 0.6666666865348816 0.0
v 0.033772584050893784 0.676321268081665 -0.09837786108255386 1.0 0.6666666865348816 0.0
v -0.314035564661026 0.2429865300655365 0.15250015258789062 1.0 0.6666666865348816 0.0
v -0.41476690769195557 0.625005304813385 -0.06606781482696533 1.0 0.6666666865348816 0.0
v -0.5259514451026917 0.6820230484008789 -0.10217904299497604 1.0 0.6666666865348816 0.0
v 0.029971402138471603 0.6098005771636963 -0.05656486004590988 1.0 0.6666666865348816 0.0
v 0.022369038313627243 0.7057804465293884 -0.1202346608042717 1.0 0.6666666865348816 0.0
v -0.562062680721283 0.45110124349594116 0.039414986968040466 1.0 0.6666666865348816 0.0
v -0.12017528712749481 0.3313640058040619 0.0992836058139801 1.0 0.6666666865348816 0.0
v 0.15160922706127167 0.5128704309463501 -0.0023980175610631704 1.0 0.6666666865348816 0.0
v 0.5307771563529968 0.5223734378814697 -0.006199199706315994 1.0 0.6666666865348816 0.0
v -0.6656449437141418 0.6440112590789795 -0.07842165976762772 1.0 0.6666666865348816 0.0
v 0.14970864355564117 0.6953272223472595 -0.10788082331418991 1.0 0.6666666865348816 0.0
v 0.30555710196495056 0.32376164197921753 0.10593567043542862 1.0 0.6666666865348816 0.0
v 0.4376481771469116 0.5043178200721741 0.0014031645841896534 1.0 0.6666666865348816 0.0
v -0.11732440441846848 0.25248947739601135 0.14679837226867676 1.0 0.6666666865348816 0.0
v -0.3777053654193878 0.6687189340591431 -0.09457667917013168 1.0 0.6666666865348816 0.0
v -0.4157171845436096 0.4520515501499176 0.03276291489601135 1.0 0.6666666865348816 0.0
v -0.23991252481937408 0.4710574448108673 0.020409075543284416 1.0 0.6666666865348816 0.0
v 0.4053381383419037 0.4396977126598358 0.03656409680843353 1.0 0.6666666865348816 0.0
v -0.20950306951999664 0.33706578612327576 0.10308478772640228 1.0 0.6666666865348816 0.0
v -0.20380128920078278 0.5641863942146301 -0.02995658665895462 1.0 0.6666666865348816 0.0
v -0.23516105115413666 0.6326076984405518 -0.07367017865180969 1.0 0.6666666865348816 0.0
v -0.4660828709602356 0.47865980863571167 0.024210257455706596 1.0 0.6666666865348816 0.0
v 0.22478199005126953 0.35987287759780884 0.08312857896089554 1.0 0.6666666865348816 0.0
v 0.3758789598941803 0.5043178200721741 0.0014031645841896534 1.0 0.6666666865348816 0.0
v -0.5677644610404968 0.6126514673233032 -0.059415750205516815 1.0 0.6666666865348816 0.0
v 0.3692269027233124 0.5328266620635986 -0.015702154487371445 1.0 0.6666666865348816 0.0
v -0.11827469617128372 0.5784408450126648 -0.04136013239622116 1.0 0.6666666865348816 0.0
v -0.28362610936164856 0.6620668768882751 -0.08602402359247208 1.0 0.6666666865348816 0.0
v 0.46615704894065857 0.6117011904716492 -0.059415750205516815 1.0 0.6666666865348816 0.0
v -0.6523407697677612 0.5708385109901428 -0.034708064049482346 1.0 0.6666666865348816 0.0
v -0.4641822576522827 0.5204728245735168 -0.005248904228210449 1.0 0.6666666865348816 0.0
v -0.5173988342285156 0.6544644832611084 -0.0822228416800499 1.0 0.6666666865348816 0.0
v 0.028070811182260513 0.23918534815311432 0.15440073609352112 1.0 0.6666666865348816 0.0
v 0.2827500104904175 0.2762468755245209 0.13824571669101715 1.0 0.6666666865348816 0.0
v 0.2048257738351822 0.29715338349342346 0.1201901063323021 1.0 0.6666666865348816 0.0
v -0.4043136537075043 0.4007355868816376 0.0631723701953888 1.0 0.6666666865348816 0.0
v 0.36827659606933594 0.7105319499969482 -0.11643347889184952 1.0 0.6666666865348816 0.0
v 0.054679084569215775 0.5100196003913879 -0.0014477219665423036 1.0 0.6666666865348816 0.0
v -0.08026287704706192 0.4121391475200653 0.05557001009583473 1.0 0.6666666865348816 0.0
v 0.016667265444993973 0.6696692109107971 -0.0907754972577095 1.0 0.6666666865348816 0.0
v -0.5126473307609558 0.49101367592811584 0.009955824352800846 1.0 0.6666666865348816 0.0
v -0.08501435816287994 0.7390407919883728 -0.1411411613225937 1.0 0.6666666865348816 0.0
v -0.09926878660917282 0.5166716575622559 -0.005248904228210449 1.0 0.6666666865348816 0.0
v 0.0014625368639826775 0.35797229409217834 0.08597946912050247 1.0 0.6666666865348816 0.0
v -0.24276341497898102 0.2515392005443573 0.1458480805158615 1.0 0.6666666865348816 0.0
v -0.3834071457386017 0.5850929021835327 -0.04136013239622116 1.0 0.6666666865348816 0.0
v 0.39393457770347595 0.565136730670929 -0.029006291180849075 1.0 0.6666666865348816 0.0
v -0.12682735919952393 0.6820230484008789 -0.10027845203876495 1.0 0.6666666865348816 0.0
v 0.2599429190158844 0.6772716045379639 -0.10027845203876495 1.0 0.6666666865348816 0.0
v 0.29035237431526184 0.3038054406642914 0.11923980712890625 1.0 0.6666666865348816 0.0
v 0.2998553216457367 0.41689062118530273 0.05176882818341255 1.0 0.6666666865348816 0.0
v 0.4205428659915924 0.6772716045379639 -0.09457667917013168 1.0 0.6666666865348816 0.0
v -0.16103799641132355 0.6459118127822876 -0.07937195152044296 1.0 0.6666666865348816 0.0
v -0.4024130702018738 0.7437922954559326 -0.12498614192008972 1.0 0.6666666865348816 0.0
v 0.6258066892623901 0.7238360643386841 -0.12308555096387863 1.0 0.6666666865348816 0.0
v 0.24663877487182617 0.734289288520813 -0.13163821399211884 1.0 0.6666666865348816 0.0
v 0.4176919758319855 0.6297568082809448 -0.06986899673938751 1.0 0.6666666865348816 0.0
v 0.11549799889326096 0.39408352971076965 0.06412266939878464 1.0 0.6666666865348816 0.0
v -0.16103799641132355 0.4587036073207855 0.02706114389002323 1.0 0.6666666865348816 0.0
v 0.028070811182260513 0.5138207674026489 -0.005248904228210449 1.0 0.6666666865348816 0.0
v 0.08508854359388351 0.6402100324630737 -0.07557076960802078 1.0 0.6666666865348816 0.0
v -0.828145444393158 0.7371401786804199 -0.13638968765735626 1.0 0.6666666865348816 0.0
v 0.04612642526626587 0.6981781125068665 -0.10788082331418991 1.0 0.6666666865348816 0.0
v 0.5687889456748962 0.565136730670929 -0.029006291180849075 1.0 0.6666666865348816 0.0
v 0.3188612461090088 0.3361154794692993 0.09453212469816208 1.0 0.6666666865348816 0.0
v 0.19532282650470734 0.2600918412208557 0.14109660685062408 1.0 0.6666666865348816 0.0
v 0.256141722202301 0.6278561949729919 -0.06796840578317642 1.0 0.6666666865348816 0.0
v 0.2770482301712036 0.5537331700325012 -0.02615540474653244 1.0 0.6666666865348816 0.0
v 0.14685775339603424 0.2581912577152252 0.1391960084438324 1.0 0.6666666865348816 0.0
v 0.004313423298299313 0.5679876208305359 -0.040409836918115616 1.0 0.6666666865348816 0.0
v -0.3472959101200104 0.6478124260902405 -0.0803222507238388 1.0 0.6666666865348816 0.0
v -0.0013883496867492795 0.6829733848571777 -0.1012287512421608 1.0 0.6666666865348816 0.0
v 0.0784364715218544 0.49291425943374634 0.008055233396589756 1.0 0.6666666865348816 0.0
v -0.24086281657218933 0.726686954498291 -0.12498614192008972 1.0 0.6666666865348816 0.0
v -0.6808496713638306 0.6021982431411743 -0.05561456456780434 1.0 0.6666666865348816 0.0
v 0.6733214855194092 0.7247863411903381 -0.12498614192008972 1.0 0.6666666865348816 0.0
v 0.24378789961338043 0.45965391397476196 0.026110848411917686 1.0 0.6666666865348816 0.0
v 0.39013341069221497 0.7285875678062439 -0.12593643367290497 1.0 0.6666666865348816 0.0
v 0.07178440690040588 0.27814745903015137 0.13159364461898804 1.0 0.6666666865348816 0.0
v 0.17916779220104218 0.4434988796710968 0.03656409680843353 1.0 0.6666666865348816 0.0
v -0.44612663984298706 0.511920154094696 -0.0033483130391687155 1.0 0.6666666865348816 0.0
v 0.3673263192176819 0.4539521336555481 0.03561380133032799 1.0 0.6666666865348816 0.0
v 0.16586366295814514 0.24393682181835175 0.15535104274749756 1.0 0.6666666865348816 0.0
v 0.1288021355867386 0.569888174533844 -0.03755895048379898 1.0 0.6666666865348816 0.0
v -0.20285099744796753 0.266743928194046 0.1391960084438324 1.0 0.6666666865348816 0.0
v -0.29217877984046936 0.37507760524749756 0.07647650688886642 1.0 0.6666666865348816 0.0
v -0.5107467174530029 0.7361899018287659 -0.14019086956977844 1.0 0.6666666865348816 0.0
v 0.18486957252025604 0.3275628387928009 0.10403507947921753 1.0 0.6666666865348816 0.0
v -0.19524863362312317 0.376027911901474 0.07837709784507751 1.0 0.6666666865348816 0.0
v -0.4698840379714966 0.7181342840194702 -0.11738377809524536 1.0 0.6666666865348816 0.0
v -0.08121317625045776 0.3845805525779724 0.06887414306402206 1.0 0.6666666865348816 0.0
v -0.43947458267211914 0.4102385342121124 0.05557001009583473 1.0 0.6666666865348816 0.0
v -0.17529243230819702 0.5907946825027466 -0.05086308717727661 1.0 0.6666666865348816 0.0
v 0.012866083532571793 0.38743144273757935 0.06982444226741791 1.0 0.6666666865348816 0.0
v 0.06893351674079895 0.5641863942146301 -0.032807473093271255 1.0 0.6666666865348816 0.0
v 0.2114778459072113 0.4453994929790497 0.03466350585222244 1.0 0.6666666865348816 0.0
v -0.3330414891242981 0.7010289430618286 -0.109781414270401 1.0 0.6666666865348816 0.0
v 0.09934297204017639 0.45965391397476196 0.02516055293381214 1.0 0.6666666865348816 0.0
v 0.17441631853580475 0.6848739385604858 -0.1012287512421608 1.0 0.6666666865348816 0.0
v -0.4698840379714966 0.5755899548530579 -0.03565835952758789 1.0 0.6666666865348816 0.0
v -0.15913739800453186 0.2981036603450775 0.1201901063323021 1.0 0.6666666865348816 0.0
v 0.07368499785661697 0.679172158241272 -0.09932816028594971 1.0 0.6666666865348816 0.0
v -0.0032889407593756914 0.5413793325424194 -0.02045363187789917 1.0 0.6666666865348816 0.0
v -0.339693546295166 0.3931332230567932 0.06887414306402206 1.0 0.6666666865348816 0.0
v 0.09934297204017639 0.3104575276374817 0.11638892441987991 1.0 0.6666666865348816 0.0
v -0.3016817271709442 0.22778180241584778 0.16580428183078766 1.0 0.6666666865348816 0.0
v 0.573540449142456 0.6021982431411743 -0.053713973611593246 1.0 0.6666666865348816 0.0
v 0.5820931196212769 0.5888941287994385 -0.044211018830537796 1.0 0.6666666865348816 0.0
v -0.13823090493679047 0.5546834468841553 -0.027105700224637985 1.0 0.6666666865348816 0.0
v 0.2941535413265228 0.672520101070404 -0.09457667917013168 1.0 0.6666666865348816 0.0
v 0.1630127727985382 0.47200775146484375 0.01755818910896778 1.0 0.6666666865348816 0.0
v -0.17814332246780396 0.4159403145313263 0.05652030557394028 1.0 0.6666666865348816 0.0
v 0.47185882925987244 0.518572211265564 -0.0033483130391687155 1.0 0.6666666865348816 0.0
v 0.06513233482837677 0.30760663747787476 0.11543862521648407 1.0 0.6666666865348816 0.0
v -0.004239236004650593 0.2933521866798401 0.12209069728851318 1.0 0.6666666865348816 0.0
v 0.3122091591358185 0.3845805525779724 0.071725033223629 1.0 0.6666666865348816 0.0
v -0.48223787546157837 0.6668183207511902 -0.09172579646110535 1.0 0.6666666865348816 0.0
v 0.2703961730003357 0.6649177670478821 -0.09172579646110535 1.0 0.6666666865348816 0.0
v -0.613378643989563 0.5727390646934509 -0.03565835952758789 1.0 0.6666666865348816 0.0
v -0.004239236004650593 0.6088503003120422 -0.05751515552401543 1.0 0.6666666865348816 0.0
v 0.13165302574634552 0.6098005771636963 -0.05751515552401543 1.0 0.6666666865348816 0.0
v 0.4690079391002655 0.7152833938598633 -0.12213525176048279 1.0 0.6666666865348816 0.0
v 0.48041146993637085 0.6649177670478821 -0.08887490630149841 1.0 0.6666666865348816 0.0
v 0.3597239553928375 0.7238360643386841 -0.12403584271669388 1.0 0.6666666865348816 0.0
v -0.42712074518203735 0.6516135931015015 -0.08317313343286514 1.0 0.6666666865348816 0.0
v -0.23706163465976715 0.2743462920188904 0.13539482653141022 1.0 0.6666666865348816 0.0
v -0.7768294811248779 0.679172158241272 -0.09362638741731644 1.0 0.6666666865348816 0.0
v 0.021418742835521698 0.2914516031742096 0.12399128824472427 1.0 0.6666666865348816 0.0
v 0.3758789598941803 0.5470811128616333 -0.023304518312215805 1.0 0.6666666865348816 0.0
v -0.058406081050634384 0.7352396249771118 -0.1373399794101715 1.0 0.6666666865348816 0.0
v -0.2931290864944458 0.7038798332214355 -0.11358259618282318 1.0 0.6666666865348816 0.0
v 0.2837003171443939 0.5774905681610107 -0.040409836918115616 1.0 0.6666666865348816 0.0
v 0.027120515704154968 0.5499320030212402 -0.02425481379032135 1.0 0.6666666865348816 0.0
v 0.2913026809692383 0.6040988564491272 -0.059415750205516815 1.0 0.6666666865348816 0.0
v 0.4328967034816742 0.48721247911453247 0.009955824352800846 1.0 0.6666666865348816 0.0
v -0.6029254198074341 0.6392597556114197 -0.07462047785520554 1.0 0.6666666865348816 0.0
v 0.5326777100563049 0.5641863942146301 -0.032807473093271255 1.0 0.6666666865348816 0.0
v -0.15533621609210968 0.7390407919883728 -0.14209145307540894 1.0 0.6666666865348816 0.0
v -0.3986118733882904 0.5898444056510925 -0.048012200742959976 1.0 0.6666666865348816 0.0
v -0.3520473837852478 0.44920065999031067 0.0337132103741169 1.0 0.6666666865348816 0.0
v -0.14013148844242096 0.33041372895240784 0.10213448852300644 1.0 0.6666666865348816 0.0
v 0.3929843008518219 0.7361899018287659 -0.1411411613225937 1.0 0.6666666865348816 0.0
v -0.20380128920078278 0.48436158895492554 0.014707301743328571 1.0 0.6666666865348816 0.0
v 0.15826129913330078 0.3484693467617035 0.08883035182952881 1.0 0.6666666865348816 0.0
v -0.40811482071876526 0.6516135931015015 -0.0822228416800499 1.0 0.6666666865348816 0.0
v 0.2732470631599426 0.3047557473182678 0.1201901063323021 1.0 0.6666666865348816 0.0
v 0.14495715498924255 0.2933521866798401 0.12114039808511734 1.0 0.6666666865348816 0.0
v -0.18194450438022614 0.23918534815311432 0.15440073609352112 1.0 0.6666666865348816 0.0
v -0.6266828179359436 0.6269059181213379 -0.07081929594278336 1.0 0.6666666865348816 0.0
v -0.6409372091293335 0.5812917351722717 -0.042310427874326706 1.0 0.6666666865348816 0.0
v -0.25796812772750854 0.4415982961654663 0.037514396011829376 1.0 0.6666666865348816 0.0
v -0.22850897908210754 0.6734703779220581 -0.09647727012634277 1.0 0.6666666865348816 0.0
v -0.26271963119506836 0.4834113121032715 0.012806710787117481 1.0 0.6666666865348816 0.0
v 0.15731100738048553 0.7181342840194702 -0.12498614192008972 1.0 0.6666666865348816 0.0
v 0.361624538898468 0.6021982431411743 -0.05751515552401543 1.0 0.6666666865348816 0.0
v -0.40146276354789734 0.4159403145313263 0.04796764627099037 1.0 0.6666666865348816 0.0
v -0.5021941065788269 0.5594349503517151 -0.02995658665895462 1.0 0.6666666865348816 0.0
v 0.26279380917549133 0.7380905151367188 -0.12783703207969666 1.0 0.6666666865348816 0.0
v -0.30643320083618164 0.5138207674026489 -0.0033483130391687155 1.0 0.6666666865348816 0.0
v -0.3815065622329712 0.6040988564491272 -0.06036604568362236 1.0 0.6666666865348816 0.0
v 0.12024947255849838 0.5879437923431396 -0.04706190526485443 1.0 0.6666666865348816 0.0
v 0.145907461643219 0.6668183207511902 -0.09457667917013168 1.0 0.6666666865348816 0.0
v -0.3377929627895355 0.485311895608902 0.012806710787117481 1.0 0.6666666865348816 0.0
v 0.24188730120658875 0.3741273283958435 0.07837709784507751 1.0 0.6666666865348816 0.0
v -0.5326035618782043 0.616452693939209 -0.06036604568362236 1.0 0.6666666865348816 0.0
v -0.014692487195134163 0.35417109727859497 0.08883035182952881 1.0 0.6666666865348816 0.0
v -0.10592085868120193 0.4368468225002289 0.043216168880462646 1.0 0.6666666865348816 0.0
v 0.0404246523976326 0.4159403145313263 0.05366941913962364 1.0 0.6666666865348816 0.0
v -0.2703219950199127 0.5632361173629761 -0.02995658665895462 1.0 0.6666666865348816 0.0
v -0.1391811966896057 0.2220800369977951 0.1648539900779724 1.0 0.6666666865348816 0.0
v -0.2703219950199127 0.45490244030952454 0.02896173484623432 1.0 0.6666666865348816 0.0
v 0.17251573503017426 0.730488121509552 -0.13258850574493408 1.0 0.6666666865348816 0.0
v -0.3244888186454773 0.5432799458503723 -0.02235422283411026 1.0 0.6666666865348816 0.0
v 0.1668139547109604 0.4938645362854004 0.008055233396589756 1.0 0.6666666865348816 0.0
v 0.09174060821533203 0.5451804995536804 -0.021403927356004715 1.0 0.6666666865348816 0.0
v 0.24853937327861786 0.5565840601921082 -0.029006291180849075 1.0 0.6666666865348816 0.0
v 0.6951782703399658 0.726686954498291 -0.12593643367290497 1.0 0.6666666865348816 0.0
v 0.21432873606681824 0.6611165404319763 -0.08982520550489426 1.0 0.6666666865348816 0.0
v -0.35679885745048523 0.7466431856155396 -0.14589263498783112 1.0 0.6666666865348816 0.0
v -0.4157171845436096 0.4710574448108673 0.018508484587073326 1.0 0.6666666865348816 0.0
v -0.38055625557899475 0.379829078912735 0.07362562417984009 1.0 0.6666666865348816 0.0
v 0.525075376033783 0.5356775522232056 -0.02045363187789917 1.0 0.6666666865348816 0.0
v -0.35679885745048523 0.6782218813896179 -0.09362638741731644 1.0 0.6666666865348816 0.0
v -0.23326045274734497 0.3779284954071045 0.07552621513605118 1.0 0.6666666865348816 0.0
v -0.04225105792284012 0.3741273283958435 0.07457591593265533 1.0 0.6666666865348816 0.0
v -0.05935637652873993 0.6924763321876526 -0.10693052411079407 1.0 0.6666666865348816 0.0
v -0.31973734498023987 0.3066563308238983 0.11733921617269516 1.0 0.6666666865348816 0.0
v 0.21242813766002655 0.22112973034381866 0.1667545884847641 1.0 0.6666666865348816 0.0
v 0.18867075443267822 0.6924763321876526 -0.10502993315458298 1.0 0.6666666865348816 0.0
v -0.31498587131500244 0.621204137802124 -0.06606781482696533 1.0 0.6666666865348816 0.0
v -0.6542413830757141 0.7456928491592407 -0.14494234323501587 1.0 0.6666666865348816 0.0
v 0.15255951881408691 0.18786939978599548 0.185760498046875 1.0 0.6666666865348816 0.0
v -0.48223787546157837 0.3931332230567932 0.06602326035499573 1.0 0.6666666865348816 0.0
v -0.37010300159454346 0.625005304813385 -0.06511752307415009 1.0 0.6666666865348816 0.0
v 0.445250540971756 0.5423296093940735 -0.02045363187789917 1.0 0.6666666865348816 0.0
v 0.17821750044822693 0.5271248817443848 -0.01285126805305481 1.0 0.6666666865348816 0.0
v -0.5791680216789246 0.6658680438995361 -0.08887490630149841 1.0 0.6666666865348816 0.0
v 0.6514646410942078 0.6373592019081116 -0.06986899673938751 1.0 0.6666666865348816 0.0
v -0.017543373629450798 0.4415982961654663 0.03846469148993492 1.0 0.6666666865348816 0.0
v -0.6760981678962708 0.6639674305915833 -0.0907754972577095 1.0 0.6666666865348816 0.0
v -0.716010570526123 0.6117011904716492 -0.059415750205516815 1.0 0.6666666865348816 0.0
v 0.5535842180252075 0.6430609226226807 -0.07842165976762772 1.0 0.6666666865348816 0.0
v 0.5127215385437012 0.6231047511100769 -0.061316341161727905 1.0 0.6666666865348816 0.0
v 0.18962104618549347 0.6459118127822876 -0.07557076960802078 1.0 0.6666666865348816 0.0
v 0.19152164459228516 0.5955461859703064 -0.0527636781334877 1.0 0.6666666865348816 0.0
v 0.25899261236190796 0.42354267835617065 0.05176882818341255 1.0 0.6666666865348816 0.0
v 0.35782334208488464 0.5014669299125671 -0.0004974264302290976 1.0 0.6666666865348816 0.0
v -0.5421065092086792 0.7276372313499451 -0.12593643367290497 1.0 0.6666666865348816 0.0
v -0.4641822576522827 0.3465687334537506 0.09358183294534683 1.0 0.6666666865348816 0.0
v 0.5440812706947327 0.6183532476425171 -0.05846545472741127 1.0 0.6666666865348816 0.0
v 0.41484108567237854 0.42164209485054016 0.04986823722720146 1.0 0.6666666865348816 0.0
v -0.5563609600067139 0.5252243280410767 -0.008099790662527084 1.0 0.6666666865348816 0.0
v -0.30453261733055115 0.5603852272033691 -0.03185717761516571 1.0 0.6666666865348816 0.0
v -0.5706153512001038 0.5755899548530579 -0.038509245961904526 1.0 0.6666666865348816 0.0
v -0.12492676824331284 0.6050491333007812 -0.05561456456780434 1.0 0.6666666865348816 0.0
v -0.2190060168504715 0.44444918632507324 0.029912030324339867 1.0 0.6666666865348816 0.0
v -0.29597994685173035 0.3921829164028168 0.06697355210781097 1.0 0.6666666865348816 0.0
v 0.5393298268318176 0.67156982421875 -0.09552697837352753 1.0 0.6666666865348816 0.0
v 0.21622931957244873 0.6088503003120422 -0.05656486004590988 1.0 0.6666666865348816 0.0
v 0.5345783233642578 0.7133828401565552 -0.1202346608042717 1.0 0.6666666865348816 0.0
v -0.43092191219329834 0.5252243280410767 -0.0147518590092659 1.0 0.6666666865348816 0.0
v 0.09174060821533203 0.431145042181015 0.04416646435856819 1.0 0.6666666865348816 0.0
v 0.5051191449165344 0.5527828931808472 -0.027105700224637985 1.0 0.6666666865348816 0.0
v -0.09356701374053955 0.4796101152896881 0.013757006265223026 1.0 0.6666666865348816 0.0
v -0.2997811436653137 0.6772716045379639 -0.09932816028594971 1.0 0.6666666865348816 0.0
v 0.24378789961338043 0.25058889389038086 0.1496492624282837 1.0 0.6666666865348816 0.0
v -0.7084082365036011 0.725736677646637 -0.12308555096387863 1.0 0.6666666865348816 0.0
v 0.3312150835990906 0.5746396780014038 -0.040409836918115616 1.0 0.6666666865348816 0.0
v 0.09269090741872787 0.6117011904716492 -0.05751515552401543 1.0 0.6666666865348816 0.0
v 0.23523522913455963 0.401685893535614 0.05937119200825691 1.0 0.6666666865348816 0.0
v -0.13633030652999878 0.42544326186180115 0.04606705531477928 1.0 0.6666666865348816 0.0
v -0.38055625557899475 0.4292444586753845 0.04701735079288483 1.0 0.6666666865348816 0.0
v 0.2409370094537735 0.4986160397529602 0.005204346496611834 1.0 0.6666666865348816 0.0
v -0.663744330406189 0.6193035840988159 -0.06606781482696533 1.0 0.6666666865348816 0.0
v 0.12215007096529007 0.3655746579170227 0.08122798800468445 1.0 0.6666666865348816 0.0
v 0.310308575630188 0.4587036073207855 0.029912030324339867 1.0 0.6666666865348816 0.0
v -0.2978805601596832 0.6535142064094543 -0.08507372438907623 1.0 0.6666666865348816 0.0
v -0.20950306951999664 0.5926952958106995 -0.04706190526485443 1.0 0.6666666865348816 0.0
v 0.1924719363451004 0.2030741274356842 0.17625753581523895 1.0 0.6666666865348816 0.0
v 0.18962104618549347 0.28860071301460266 0.1268421709537506 1.0 0.6666666865348816 0.0
v -0.28742730617523193 0.4301947355270386 0.04606705531477928 1.0 0.6666666865348816 0.0
v 0.1250009536743164 0.1840682178735733 0.18956167995929718 1.0 0.6666666865348816 0.0
v 0.19342222809791565 0.4967154264450073 0.0042540510185062885 1.0 0.6666666865348816 0.0
v 0.3312150835990906 0.6972277760505676 -0.11168200522661209 1.0 0.6666666865348816 0.0
v 0.12975242733955383 0.43209534883499146 0.041315577924251556 1.0 0.6666666865348816 0.0
v -0.103069968521595 0.30285516381263733 0.118289515376091 1.0 0.6666666865348816 0.0
v 0.12215007096529007 0.5432799458503723 -0.021403927356004715 1.0 0.6666666865348816 0.0
v 0.3312150835990906 0.3902823328971863 0.06412266939878464 1.0 0.6666666865348816 0.0
v 0.25424113869667053 0.32186105847358704 0.10688596963882446 1.0 0.6666666865348816 0.0
v -0.6247822046279907 0.5565840601921082 -0.02615540474653244 1.0 0.6666666865348816 0.0
v 0.10409445315599442 0.5575343370437622 -0.027105700224637985 1.0 0.6666666865348816 0.0
v 0.11454769968986511 0.613601803779602 -0.061316341161727905 1.0 0.6666666865348816 0.0
v 0.011915787123143673 0.6117011904716492 -0.05751515552401543 1.0 0.6666666865348816 0.0
v 0.3720777928829193 0.42734387516975403 0.04606705531477928 1.0 0.6666666865348816 0.0
v -0.5126473307609558 0.6953272223472595 -0.10312934219837189 1.0 0.6666666865348816 0.0
v 0.11359740793704987 0.511920154094696 -0.0033483130391687155 1.0 0.6666666865348816 0.0
v 0.08984001725912094 0.72288578748703 -0.12593643367290497 1.0 0.6666666865348816 0.0
v -0.3434947431087494 0.734289288520813 -0.12308555096387863 1.0 0.6666666865348816 0.0
v -0.20950306951999664 0.23918534815311432 0.15250015258789062 1.0 0.6666666865348816 0.0
v 0.0014625368639826775 0.5831923484802246 -0.044211018830537796 1.0 0.6666666865348816 0.0
v 0.19722341001033783 0.3921829164028168 0.06792385131120682 1.0 0.6666666865348816 0.0
v 0.21717962622642517 0.33231431245803833 0.0992836058139801 1.0 0.6666666865348816 0.0
v 0.21717962622642517 0.7086313366889954 -0.11643347889184952 1.0 0.6666666865348816 0.0
v 0.09079031646251678 0.5033674836158752 0.0023534600622951984 1.0 0.6666666865348816 0.0
v 0.361624538898468 0.36462435126304626 0.07647650688886642 1.0 0.6666666865348816 0.0
v -0.47558581829071045 0.3674752414226532 0.08312857896089554 1.0 0.6666666865348816 0.0
v 0.24378789961338043 0.6782218813896179 -0.09362638741731644 1.0 0.6666666865348816 0.0
v 0.2741973400115967 0.36842554807662964 0.08122798800468445 1.0 0.6666666865348816 0.0
v 0.33881744742393494 0.6021982431411743 -0.05751515552401543 1.0 0.6666666865348816 0.0
v -0.8233939409255981 0.726686954498291 -0.12593643367290497 1.0 0.6666666865348816 0.0
v -0.28552672266960144 0.62025386095047 -0.06226663663983345 1.0 0.6666666865348816 0.0
v -0.36630183458328247 0.5470811128616333 -0.02235422283411026 1.0 0.6666666865348816 0.0
v 0.19057133793830872 0.7219354510307312 -0.12403584271669388 1.0 0.6666666865348816 0.0
v -0.11257292330265045 -0.9743420481681824 -0.12593643367290497 0.6666666865348816 1.0 0.0
v 0.004313423298299313 -0.7006568908691406 -0.05656486004590988 0.6666666865348816 1.0 0.0
v -0.08881554007530212 -0.8222947120666504 -0.11073170602321625 0.6666666865348816 1.0 0.0
v 0.006214014254510403 -0.8479527235031128 -0.05466426908969879 0.6666666865348816 1.0 0.0
v 0.09174060821533203 -0.7348675727844238 -0.00905008614063263 0.6666666865348816 1.0 0.0
v 0.07368499785661697 -0.6417385935783386 -0.01855304092168808 0.6666666865348816 1.0 0.0
v -0.058406081050634384 -0.9220757484436035 -0.0907754972577095 0.6666666865348816 1.0 0.0
v -0.024195441976189613 -0.78048175573349 -0.07367017865180969 0.6666666865348816 1.0 0.0
v 0.03852406144142151 -0.7747799754142761 -0.034708064049482346 0.6666666865348816 1.0 0.0
v 0.1354542076587677 -0.6303350329399109 0.022309666499495506 0.6666666865348816 1.0 0.0
v -0.10592085868120193 -0.894517183303833 -0.12118496000766754 0.6666666865348816 1.0 0.0
v 0.09839268028736115 -0.5904226303100586 -0.006199199706315994 0.6666666865348816 1.0 0.0
v -0.07836228609085083 -0.7652770280838013 -0.10598022490739822 0.6666666865348816 1.0 0.0
v 0.11169681698083878 -0.6854521632194519 0.009955824352800846 0.6666666865348816 1.0 0.0
v -0.04130076244473457 -0.8546047806739807 -0.0822228416800499 0.6666666865348816 1.0 0.0
v 0.052778493613004684 -0.7044581174850464 -0.03185717761516571 0.6666666865348816 1.0 0.0
v 0.06133115291595459 -0.8298971056938171 -0.02615540474653244 0.6666666865348816 1.0 0.0
v -0.03844987601041794 -0.7244142889976501 -0.08412343263626099 0.6666666865348816 1.0 0.0
v 0.09364119917154312 -0.7966367602348328 -0.006199199706315994 0.6666666865348816 1.0 0.0
v 0.004313423298299313 -0.7500723004341125 -0.051813382655382156 0.6666666865348816 1.0 0.0
v -0.09736819565296173 -0.9344295859336853 -0.11738377809524536 0.6666666865348816 1.0 0.0
v -0.05555519461631775 -0.7966367602348328 -0.09647727012634277 0.6666666865348816 1.0 0.0
v -0.07171022146940231 -0.8641077280044556 -0.10502993315458298 0.6666666865348816 1.0 0.0
v 0.007164310198277235 -0.8089905977249146 -0.05086308717727661 0.6666666865348816 1.0 0.0
v 0.12310036271810532 -0.72916579246521 0.01945878006517887 0.6666666865348816 1.0 0.0
v 0.10504474490880966 -0.6322356462478638 0.0004528690769802779 0.6666666865348816 1.0 0.0
v -0.029897214844822884 -0.6892533898353577 -0.07462047785520554 0.6666666865348816 1.0 0.0
v -0.018493669107556343 -0.8802627921104431 -0.06606781482696533 0.6666666865348816 1.0 0.0
v 0.041374947875738144 -0.6673965454101562 -0.034708064049482346 0.6666666865348816 1.0 0.0
v 0.04802701622247696 -0.7405693531036377 -0.030906882137060165 0.6666666865348816 1.0 0.0
v 0.08128736168146133 -0.6940048336982727 -0.013801563531160355 0.6666666865348816 1.0 0.0
v -0.047002535313367844 -0.7595752477645874 -0.0907754972577095 0.6666666865348816 1.0 0.0
v 0.133553609251976 -0.7652770280838013 0.012806710787117481 0.6666666865348816 1.0 0.0
v -0.03369839861989021 -0.8175432682037354 -0.07842165976762772 0.6666666865348816 1.0 0.0
v 0.06893351674079895 -0.7662273049354553 -0.021403927356004715 0.6666666865348816 1.0 0.0
v 0.10124356299638748 -0.7652770280838013 0.007104937452822924 0.6666666865348816 1.0 0.0
v -0.09546760469675064 -0.791885256767273 -0.11548318713903427 0.6666666865348816 1.0 0.0
v 0.09649208933115005 -0.6654959917068481 -0.008099790662527084 0.6666666865348816 1.0 0.0
v -0.06410785019397736 -0.8926166296005249 -0.09647727012634277 0.6666666865348816 1.0 0.0
v 0.031871993094682693 -0.8213444352149963 -0.038509245961904526 0.6666666865348816 1.0 0.0
v -0.06790903210639954 -0.7272651791572571 -0.0907754972577095 0.6666666865348816 1.0 0.0
v 0.12595124542713165 -0.6597942113876343 0.016607893630862236 0.6666666865348816 1.0 0.0
v -0.09736819565296173 -0.8593562841415405 -0.11738377809524536 0.6666666865348816 1.0 0.0
v 0.0594305619597435 -0.8013882637023926 -0.023304518312215805 0.6666666865348816 1.0 0.0
v -0.06410785019397736 -0.8298971056938171 -0.09837786108255386 0.6666666865348816 1.0 0.0
v -0.016593078151345253 -0.7472214102745056 -0.07081929594278336 0.6666666865348816 1.0 0.0
v 0.0679832249879837 -0.7215633988380432 -0.01665244996547699 0.6666666865348816 1.0 0.0
v -0.0032889407593756914 -0.6673965454101562 -0.05751515552401543 0.6666666865348816 1.0 0.0
v -0.04225105792284012 -0.9030698537826538 -0.08317313343286514 0.6666666865348816 1.0 0.0
v 0.03852406144142151 -0.6436392068862915 -0.044211018830537796 0.6666666865348816 1.0 0.0
v 0.06513233482837677 -0.675949215888977 -0.02235422283411026 0.6666666865348816 1.0 0.0
v 0.027120515704154968 -0.6940048336982727 -0.04706190526485443 0.6666666865348816 1.0 0.0
v 0.031871993094682693 -0.722513735294342 -0.038509245961904526 0.6666666865348816 1.0 0.0
v 0.12215007096529007 -0.5790190696716309 0.010906119830906391 0.6666666865348816 1.0 0.0
v 0.016667265444993973 -0.7719290852546692 -0.049912791699171066 0.6666666865348816 1.0 0.0
v -0.012791896238923073 -0.8232450485229492 -0.06701811403036118 0.6666666865348816 1.0 0.0
v -0.004239236004650593 -0.7899847030639648 -0.06036604568362236 0.6666666865348816 1.0 0.0
v 0.1288021355867386 -0.6094285249710083 0.013757006265223026 0.6666666865348816 1.0 0.0
v 0.025219924747943878 -0.7928355932235718 -0.04326072335243225 0.6666666865348816 1.0 0.0
v 0.1288021355867386 -0.5476593375205994 0.013757006265223026 0.6666666865348816 1.0 0.0
v -0.10782144963741302 -0.839400053024292 -0.11168200522661209 0.6666666865348816 1.0 0.0
v 0.014766674488782883 -0.7206131219863892 -0.05466426908969879 0.6666666865348816 1.0 0.0
v 0.08413824439048767 -0.6065776348114014 -0.011900972574949265 0.6666666865348816 1.0 0.0
v -0.019443964585661888 -0.725364625453949 -0.06986899673938751 0.6666666865348816 1.0 0.0
v -0.022294851019978523 -0.8593562841415405 -0.07271988689899445 0.6666666865348816 1.0 0.0
v -0.03844987601041794 -0.7956864833831787 -0.08317313343286514 0.6666666865348816 1.0 0.0
v -0.08026287704706192 -0.9011692404747009 -0.10788082331418991 0.6666666865348816 1.0 0.0
v -0.07836228609085083 -0.7443705201148987 -0.10312934219837189 0.6666666865348816 1.0 0.0
v -0.029897214844822884 -0.8374994397163391 -0.07367017865180969 0.6666666865348816 1.0 0.0
v 0.11454769968986511 -0.5989753007888794 0.0033037555404007435 0.6666666865348816 1.0 0.0
v -0.07456110417842865 -0.9296781420707703 -0.10027845203876495 0.6666666865348816 1.0 0.0
v -0.047002535313367844 -0.8298971056938171 -0.08792461454868317 0.6666666865348816 1.0 0.0
v 0.1059950441122055 -0.7244142889976501 -0.0004974264302290976 0.6666666865348816 1.0 0.0
v 0.024269629269838333 -0.7396190166473389 -0.044211018830537796 0.6666666865348816 1.0 0.0
v -0.054604899138212204 -0.7415196299552917 -0.08982520550489426 0.6666666865348816 1.0 0.0
v -0.010891304351389408 -0.6921042799949646 -0.06511752307415009 0.6666666865348816 1.0 0.0
v 0.020468447357416153 -0.8413006663322449 -0.04326072335243225 0.6666666865348816 1.0 0.0
v -0.02894691936671734 -0.7605255246162415 -0.07747136056423187 0.6666666865348816 1.0 0.0
v -0.048903126269578934 -0.8831136226654053 -0.08982520550489426 0.6666666865348816 1.0 0.0
v 0.060380857437849045 -0.6151303052902222 -0.02615540474653244 0.6666666865348816 1.0 0.0
v -0.05555519461631775 -0.8612568378448486 -0.0926760882139206 0.6666666865348816 1.0 0.0
v -0.08026287704706192 -0.788084089756012 -0.10502993315458298 0.6666666865348816 1.0 0.0
v 0.08984001725912094 -0.624633252620697 -0.007149495184421539 0.6666666865348816 1.0 0.0
v 0.048977311700582504 -0.6331859230995178 -0.030906882137060165 0.6666666865348816 1.0 0.0
v 0.07368499785661697 -0.7966367602348328 -0.01285126805305481 0.6666666865348816 1.0 0.0
v 0.08128736168146133 -0.674048662185669 -0.0147518590092659 0.6666666865348816 1.0 0.0
v -0.08501435816287994 -0.8726603984832764 -0.11168200522661209 0.6666666865348816 1.0 0.0
v 0.005263718776404858 -0.8660083413124084 -0.05656486004590988 0.6666666865348816 1.0 0.0
v -0.0945173129439354 -0.9068710207939148 -0.11833406984806061 0.6666666865348816 1.0 0.0
v 0.09364119917154312 -0.6949551105499268 -0.0023980175610631704 0.6666666865348816 1.0 0.0
v -0.07646169513463974 -0.8384497761726379 -0.10502993315458298 0.6666666865348816 1.0 0.0
v 0.08128736168146133 -0.6578935980796814 -0.011900972574949265 0.6666666865348816 1.0 0.0
v 0.07748617976903915 -0.7348675727844238 -0.017602745443582535 0.6666666865348816 1.0 0.0
v -0.03179780766367912 -0.8926166296005249 -0.07652106881141663 0.6666666865348816 1.0 0.0
v 0.11454769968986511 -0.6645456552505493 0.006154641974717379 0.6666666865348816 1.0 0.0
v -0.008040417917072773 -0.7149113416671753 -0.06606781482696533 0.6666666865348816 1.0 0.0
v -0.047002535313367844 -0.7747799754142761 -0.08602402359247208 0.6666666865348816 1.0 0.0
v 0.0784364715218544 -0.7643266916275024 -0.00905008614063263 0.6666666865348816 1.0 0.0
v 0.12310036271810532 -0.5638143420219421 0.008055233396589756 0.6666666865348816 1.0 0.0
v 0.37968015670776367 -0.7861835360527039 -0.11643347889184952 0.0 1.0 0.0
v 0.18486957252025604 -0.6673965454101562 -0.007149495184421539 0.0 1.0 0.0
v 0.28655117750167847 -0.7177622318267822 -0.06036604568362236 0.0 1.0 0.0
v 0.3568730652332306 -0.889765739440918 -0.10502993315458298 0.0 1.0 0.0
v 0.2114778459072113 -0.7709788084030151 -0.019503336399793625 0.0 1.0 0.0
v 0.15731100738048553 -0.564764678478241 0.009005528874695301 0.0 1.0 0.0
v 0.31791093945503235 -0.8137421011924744 -0.07557076960802078 0.0 1.0 0.0
v 0.15921159088611603 -0.7415196299552917 0.01755818910896778 0.0 1.0 0.0
v 0.2618435025215149 -0.8099408745765686 -0.046111609786748886 0.0 1.0 0.0
v 0.3967854678630829 -0.8498533368110657 -0.13258850574493408 0.0 1.0 0.0
v 0.22763286530971527 -0.7130107283592224 -0.02995658665895462 0.0 1.0 0.0
v 0.38158074021339417 -0.9401313662528992 -0.11358259618282318 0.0 1.0 0.0
v 0.335966557264328 -0.7624261379241943 -0.08792461454868317 0.0 1.0 0.0
v 0.31125888228416443 -0.8783621788024902 -0.07557076960802078 0.0 1.0 0.0
v 0.2200305014848709 -0.623682975769043 -0.02995658665895462 0.0 1.0 0.0
v 0.21622931957244873 -0.8308473825454712 -0.019503336399793625 0.0 1.0 0.0
v 0.25899261236190796 -0.7614758014678955 -0.04706190526485443 0.0 1.0 0.0
v 0.25709202885627747 -0.6778498291969299 -0.04516131430864334 0.0 1.0 0.0
v 0.3635251224040985 -0.8279964923858643 -0.11073170602321625 0.0 1.0 0.0
v 0.15541040897369385 -0.6921042799949646 0.016607893630862236 0.0 1.0 0.0
v 0.28845179080963135 -0.8441515564918518 -0.059415750205516815 0.0 1.0 0.0
v 0.18011809885501862 -0.6008758544921875 -0.0004974264302290976 0.0 1.0 0.0
v 0.18677015602588654 -0.7158616185188293 -0.0014477219665423036 0.0 1.0 0.0
v 0.28845179080963135 -0.7795314192771912 -0.06226663663983345 0.0 1.0 0.0
v 0.30270621180534363 -0.6835516095161438 -0.06416722387075424 0.0 1.0 0.0
v 0.34737011790275574 -0.8546047806739807 -0.09457667917013168 0.0 1.0 0.0
v 0.17061513662338257 -0.6341361999511719 0.0023534600622951984 0.0 1.0 0.0
v 0.22953346371650696 -0.6569433212280273 -0.032807473093271255 0.0 1.0 0.0
v 0.1858198642730713 -0.7500723004341125 -0.0023980175610631704 0.0 1.0 0.0
v 0.39013341069221497 -0.9078213572502136 -0.11928436905145645 0.0 1.0 0.0
v 0.23143404722213745 -0.7956864833831787 -0.02995658665895462 0.0 1.0 0.0
v 0.3635251224040985 -0.7424699068069458 -0.09932816028594971 0.0 1.0 0.0
v 0.39583516120910645 -0.9676899313926697 -0.12308555096387863 0.0 1.0 0.0
v 0.14210627973079681 -0.5904226303100586 0.02135937102138996 0.0 1.0 0.0
v 0.34546950459480286 -0.8061397075653076 -0.09742756932973862 0.0 1.0 0.0
v 0.25424113869667053 -0.8413006663322449 -0.042310427874326706 0.0 1.0 0.0
v 0.24853937327861786 -0.7310663461685181 -0.042310427874326706 0.0 1.0 0.0
v 0.20767666399478912 -0.6940048336982727 -0.017602745443582535 0.0 1.0 0.0
v 0.33691686391830444 -0.7310663461685181 -0.0926760882139206 0.0 1.0 0.0
v 0.3891831040382385 -0.8194438815116882 -0.12118496000766754 0.0 1.0 0.0
v 0.2133784294128418 -0.7348675727844238 -0.017602745443582535 0.0 1.0 0.0
v 0.16206248104572296 -0.6645456552505493 0.011856415309011936 0.0 1.0 0.0
v 0.24663877487182617 -0.6322356462478638 -0.040409836918115616 0.0 1.0 0.0
v 0.37302806973457336 -0.8669586181640625 -0.11168200522661209 0.0 1.0 0.0
v 0.3131594657897949 -0.8451018333435059 -0.07367017865180969 0.0 1.0 0.0
v 0.3977357745170593 -0.8774119019508362 -0.12593643367290497 0.0 1.0 0.0
v 0.3122091591358185 -0.7700284719467163 -0.07462047785520554 0.0 1.0 0.0
v 0.20767666399478912 -0.7975870370864868 -0.01095067709684372 0.0 1.0 0.0
v 0.1734660267829895 -0.7728793621063232 0.007104937452822924 0.0 1.0 0.0
v 0.23523522913455963 -0.7690781950950623 -0.034708064049482346 0.0 1.0 0.0
v 0.2856009006500244 -0.8707597851753235 -0.06416722387075424 0.0 1.0 0.0
v 0.3046067953109741 -0.733917236328125 -0.0717695876955986 0.0 1.0 0.0
v 0.15541040897369385 -0.6141800284385681 0.014707301743328571 0.0 1.0 0.0
v 0.27609795331954956 -0.6645456552505493 -0.05751515552401543 0.0 1.0 0.0
v 0.19532282650470734 -0.6436392068862915 -0.00905008614063263 0.0 1.0 0.0
v 0.20767666399478912 -0.6654959917068481 -0.019503336399793625 0.0 1.0 0.0
v 0.280849426984787 -0.7424699068069458 -0.05656486004590988 0.0 1.0 0.0
v 0.26564469933509827 -0.7082592844963074 -0.049912791699171066 0.0 1.0 0.0
v 0.33026477694511414 -0.7871338129043579 -0.0907754972577095 0.0 1.0 0.0
v 0.35402217507362366 -0.7747799754142761 -0.10027845203876495 0.0 1.0 0.0
v 0.3445192277431488 -0.9087716341018677 -0.09457667917013168 0.0 1.0 0.0
v 0.14685775339603424 -0.7206131219863892 0.020409075543284416 0.0 1.0 0.0
v 0.2390364110469818 -0.6940048336982727 -0.03755895048379898 0.0 1.0 0.0
v 0.29700443148612976 -0.8137421011924744 -0.06511752307415009 0.0 1.0 0.0
v 0.19342222809791565 -0.78048175573349 -0.0023980175610631704 0.0 1.0 0.0
v 0.3293145000934601 -0.8679088950157166 -0.08602402359247208 0.0 1.0 0.0
v 0.23713582754135132 -0.8279964923858643 -0.027105700224637985 0.0 1.0 0.0
v 0.36637601256370544 -0.9258769750595093 -0.10693052411079407 0.0 1.0 0.0
v 0.15350982546806335 -0.5438581705093384 0.013757006265223026 0.0 1.0 0.0
v 0.3378671407699585 -0.835598886013031 -0.08982520550489426 0.0 1.0 0.0
v 0.3207618296146393 -0.722513735294342 -0.0803222507238388 0.0 1.0 0.0
v 0.26944586634635925 -0.78048175573349 -0.0527636781334877 0.0 1.0 0.0
v 0.14495715498924255 -0.675949215888977 0.024210257455706596 0.0 1.0 0.0
v 0.17061513662338257 -0.6816509962081909 0.0042540510185062885 0.0 1.0 0.0
v 0.3226624131202698 -0.894517183303833 -0.0803222507238388 0.0 1.0 0.0
v 0.20197488367557526 -0.8175432682037354 -0.0147518590092659 0.0 1.0 0.0
v 0.3692269027233124 -0.8470024466514587 -0.10788082331418991 0.0 1.0 0.0
v 0.24663877487182617 -0.7871338129043579 -0.03945954144001007 0.0 1.0 0.0
v 0.3207618296146393 -0.7510225772857666 -0.08317313343286514 0.0 1.0 0.0
v 0.21812991797924042 -0.7538734674453735 -0.02425481379032135 0.0 1.0 0.0
v 0.2219310998916626 -0.8089905977249146 -0.02045363187789917 0.0 1.0 0.0
v 0.2960541546344757 -0.7006568908691406 -0.06796840578317642 0.0 1.0 0.0
v 0.37492868304252625 -0.9572367072105408 -0.11358259618282318 0.0 1.0 0.0
v 0.1924719363451004 -0.6255835890769958 -0.008099790662527084 0.0 1.0 0.0
v 0.2856009006500244 -0.7614758014678955 -0.06226663663983345 0.0 1.0 0.0
v 0.3340659737586975 -0.894517183303833 -0.09647727012634277 0.0 1.0 0.0
v 0.2494896650314331 -0.7082592844963074 -0.036608655005693436 0.0 1.0 0.0
v 0.1943725198507309 -0.6873527765274048 -0.008099790662527084 0.0 1.0 0.0
v 0.3017559051513672 -0.8878651261329651 -0.06416722387075424 0.0 1.0 0.0
v 0.36257484555244446 -0.9087716341018677 -0.10788082331418991 0.0 1.0 0.0
v 0.22573228180408478 -0.733917236328125 -0.02995658665895462 0.0 1.0 0.0
v 0.35402217507362366 -0.791885256767273 -0.10312934219837189 0.0 1.0 0.0
v 0.22953346371650696 -0.674048662185669 -0.02995658665895462 0.0 1.0 0.0
v 0.39013341069221497 -0.9306284189224243 -0.12498614192008972 0.0 1.0 0.0
v 0.19817370176315308 -0.7367681264877319 -0.010000381618738174 0.0 1.0 0.0
v 0.27609795331954956 -0.8336982727050781 -0.05656486004590988 0.0 1.0 0.0
v 0.37112748622894287 -0.7548237442970276 -0.10693052411079407 0.0 1.0 0.0
v 0.3445192277431488 -0.7567243576049805 -0.10027845203876495 0.0 1.0 0.0
v 0.38158074021339417 -0.894517183303833 -0.11833406984806061 0.0 1.0 0.0
v 0.2751476466655731 -0.8061397075653076 -0.053713973611593246 0.0 1.0 0.0
v 0.23808611929416656 -0.6436392068862915 -0.0337577685713768 0.0 1.0 0.0
v 0.19057133793830872 -0.5980250239372253 -0.011900972574949265 0.0 1.0 0.0
v 0.33881744742393494 -0.8194438815116882 -0.0926760882139206 0.0 1.0 0.0
v 0.39203399419784546 -0.785233199596405 -0.12593643367290497 0.0 1.0 0.0
v 0.24188730120658875 -0.7358178496360779 -0.029006291180849075 0.0 1.0 0.0
v 0.24378789961338043 -0.8023385405540466 -0.036608655005693436 0.0 1.0 0.0
v 0.19342222809791565 -0.7025575041770935 -0.01095067709684372 0.0 1.0 0.0
v 0.28845179080963135 -0.3566499352455139 0.12969306111335754 0.0 1.0 0.6666666865348816
v 0.5906457304954529 -0.7614758014678955 -0.109781414270401 0.0 1.0 0.6666666865348816
v -0.17149125039577484 -0.6959054470062256 -0.07271988689899445 0.0 1.0 0.6666666865348816
v 0.07368499785661697 -0.5400569438934326 0.01565759815275669 0.0 1.0 0.6666666865348816
v 0.3530718684196472 -0.6027764678001404 -0.017602745443582535 0.0 1.0 0.6666666865348816
v -0.11827469617128372 -0.5429078340530396 0.014707301743328571 0.0 1.0 0.6666666865348816
v 0.12119977176189423 -0.3186381161212921 0.14204689860343933 0.0 1.0 0.6666666865348816
v 0.23333464562892914 -0.484939843416214 0.04511675983667374 0.0 1.0 0.6666666865348816
v -0.3292402923107147 -0.7348675727844238 -0.09457667917013168 0.0 1.0 0.6666666865348816
v 0.37872985005378723 -0.4640333354473114 0.05842089653015137 0.0 1.0 0.6666666865348816
v 0.4690079391002655 -0.6949551105499268 -0.0717695876955986 0.0 1.0 0.6666666865348816
v 0.0869891345500946 -0.42507120966911316 0.0802776888012886 0.0 1.0 0.6666666865348816
v -0.21995632350444794 -0.6065776348114014 -0.02045363187789917 0.0 1.0 0.6666666865348816
v -0.03179780766367912 -0.4792380630970001 0.05366941913962364 0.0 1.0 0.6666666865348816
v 0.44905173778533936 -0.5495599508285522 0.013757006265223026 0.0 1.0 0.6666666865348816
v -0.03654928505420685 -0.6027764678001404 -0.02235422283411026 0.0 1.0 0.6666666865348816
v 0.18867075443267822 -0.39751264452934265 0.09643271565437317 0.0 1.0 0.6666666865348816
v 0.24378789961338043 -0.5809196829795837 -0.006199199706315994 0.0 1.0 0.6666666865348816
v -0.28742730617523193 -0.6607444882392883 -0.05466426908969879 0.0 1.0 0.6666666865348816
v 0.3739783763885498 -0.7016072273254395 -0.07652106881141663 0.0 1.0 0.6666666865348816
v 0.1440068632364273 -0.488741010427475 0.04511675983667374 0.0 1.0 0.6666666865348816
v 0.29510384798049927 -0.42887240648269653 0.07837709784507751 0.0 1.0 0.6666666865348816
v 0.20862695574760437 -0.3138866424560547 0.14394749701023102 0.0 1.0 0.6666666865348816
v 0.310308575630188 -0.5201007723808289 0.02706114389002323 0.0 1.0 0.6666666865348816
v -0.08691494911909103 -0.7054083943367004 -0.0822228416800499 0.0 1.0 0.6666666865348816
v -0.2275586873292923 -0.7510225772857666 -0.10598022490739822 0.0 1.0 0.6666666865348816
v 0.5032185912132263 -0.7633764147758484 -0.10788082331418991 0.0 1.0 0.6666666865348816
v 0.5554848313331604 -0.6930545568466187 -0.06986899673938751 0.0 1.0 0.6666666865348816
v 0.43384701013565063 -0.620832085609436 -0.027105700224637985 0.0 1.0 0.6666666865348816
v 0.045176129788160324 -0.36330199241638184 0.118289515376091 0.0 1.0 0.6666666865348816
v -0.1325291246175766 -0.6341361999511719 -0.036608655005693436 0.0 1.0 0.6666666865348816
v 0.2827500104904175 -0.6388877034187317 -0.040409836918115616 0.0 1.0 0.6666666865348816
v 0.16016188263893127 -0.2635209858417511 0.1753072440624237 0.0 1.0 0.6666666865348816
v -0.007090122904628515 -0.5457587242126465 0.010906119830906391 0.0 1.0 0.6666666865348816
v 0.058480266481637955 -0.4811386466026306 0.04891794174909592 0.0 1.0 0.6666666865348816
v 0.3777795732021332 -0.5315043330192566 0.024210257455706596 0.0 1.0 0.6666666865348816
v 0.6410114169120789 -0.722513735294342 -0.08507372438907623 0.0 1.0 0.6666666865348816
v 0.005263718776404858 -0.4279220998287201 0.07647650688886642 0.0 1.0 0.6666666865348816
v -0.15723681449890137 -0.7510225772857666 -0.10598022490739822 0.0 1.0 0.6666666865348816
v 0.4984670877456665 -0.6227326989173889 -0.029006291180849075 0.0 1.0 0.6666666865348816
v -0.09546760469675064 -0.484939843416214 0.04606705531477928 0.0 1.0 0.6666666865348816
v -0.04985342174768448 -0.6607444882392883 -0.05656486004590988 0.0 1.0 0.6666666865348816
v 0.441449373960495 -0.7434201836585999 -0.09932816028594971 0.0 1.0 0.6666666865348816
v -0.24276341497898102 -0.6997066140174866 -0.07747136056423187 0.0 1.0 0.6666666865348816
v -0.1534356325864792 -0.5856711268424988 -0.00905008614063263 0.0 1.0 0.6666666865348816
v 0.37872985005378723 -0.6493409276008606 -0.044211018830537796 0.0 1.0 0.6666666865348816
v 0.021418742835521698 -0.5894723534584045 -0.01665244996547699 0.0 1.0 0.6666666865348816
v 0.19912400841712952 -0.5286534428596497 0.02706114389002323 0.0 1.0 0.6666666865348816
v 0.14970864355564117 -0.4383753538131714 0.07267532497644424 0.0 1.0 0.6666666865348816
v 0.06893351674079895 -0.2977316081523895 0.15154986083507538 0.0 1.0 0.6666666865348816
v 0.11264710873365402 -0.3671031892299652 0.11353803426027298 0.0 1.0 0.6666666865348816
v 0.22953346371650696 -0.3642522990703583 0.11543862521648407 0.0 1.0 0.6666666865348816
v -0.09166642278432846 -0.6018261909484863 -0.019503336399793625 0.0 1.0 0.6666666865348816
v 0.30365651845932007 -0.5809196829795837 -0.00905008614063263 0.0 1.0 0.6666666865348816
v 0.16396306455135345 -0.3480972647666931 0.12589187920093536 0.0 1.0 0.6666666865348816
v 0.5621368885040283 -0.6398379802703857 -0.03565835952758789 0.0 1.0 0.6666666865348816
v 0.4072387218475342 -0.5780687928199768 -0.004298608284443617 0.0 1.0 0.6666666865348816
v -0.06790903210639954 -0.5258025527000427 0.02135937102138996 0.0 1.0 0.6666666865348816
v 0.3587736487388611 -0.42697179317474365 0.0907309427857399 0.0 1.0 0.6666666865348816
v -0.07741199433803558 -0.4393256604671478 0.071725033223629 0.0 1.0 0.6666666865348816
v 0.012866083532571793 -0.6493409276008606 -0.04706190526485443 0.0 1.0 0.6666666865348816
v -0.18574568629264832 -0.6398379802703857 -0.040409836918115616 0.0 1.0 0.6666666865348816
v -0.12492676824331284 -0.6768995523452759 -0.06416722387075424 0.0 1.0 0.6666666865348816
v 0.23333464562892914 -0.4193694293498993 0.08597946912050247 0.0 1.0 0.6666666865348816
v 0.3312150835990906 -0.6626451015472412 -0.05561456456780434 0.0 1.0 0.6666666865348816
v -0.27887463569641113 -0.7320166826248169 -0.09552697837352753 0.0 1.0 0.6666666865348816
v -0.23231016099452972 -0.6578935980796814 -0.051813382655382156 0.0 1.0 0.6666666865348816
v 0.2646943926811218 -0.5391066670417786 0.01945878006517887 0.0 1.0 0.6666666865348816
v 0.014766674488782883 -0.49919426441192627 0.037514396011829376 0.0 1.0 0.6666666865348816
v 0.5079700350761414 -0.6626451015472412 -0.053713973611593246 0.0 1.0 0.6666666865348816
v 0.47661030292510986 -0.5847208499908447 -0.0033483130391687155 0.0 1.0 0.6666666865348816
v 0.6029996275901794 -0.6911539435386658 -0.06701811403036118 0.0 1.0 0.6666666865348816
v 0.41959255933761597 -0.6683468818664551 -0.059415750205516815 0.0 1.0 0.6666666865348816
v 0.526025652885437 -0.726314902305603 -0.08887490630149841 0.0 1.0 0.6666666865348816
v 0.4243440330028534 -0.5134487152099609 0.03181261941790581 0.0 1.0 0.6666666865348816
v 0.32456302642822266 -0.46118244528770447 0.06032148748636246 0.0 1.0 0.6666666865348816
v -0.05935637652873993 -0.565714955329895 -0.0023980175610631704 0.0 1.0 0.6666666865348816
v 0.19152164459228516 -0.4678345024585724 0.05557001009583473 0.0 1.0 0.6666666865348816
v 0.11264710873365402 -0.27967599034309387 0.16390369832515717 0.0 1.0 0.6666666865348816
v 0.39583516120910645 -0.7462710738182068 -0.10217904299497604 0.0 1.0 0.6666666865348816
v 0.133553609251976 -0.5267528295516968 0.02325996197760105 0.0 1.0 0.6666666865348816
v 0.27799853682518005 -0.49254220724105835 0.041315577924251556 0.0 1.0 0.6666666865348816
v 0.6581167578697205 -0.7586249113082886 -0.10502993315458298 0.0 1.0 0.6666666865348816
v 0.14020568132400513 -0.40131381154060364 0.09453212469816208 0.0 1.0 0.6666666865348816
v 0.35592275857925415 -0.5628640651702881 0.0023534600622951984 0.0 1.0 0.6666666865348816
v 0.2741973400115967 -0.39086058735847473 0.10593567043542862 0.0 1.0 0.6666666865348816
v -0.3083338141441345 -0.6949551105499268 -0.07271988689899445 0.0 1.0 0.6666666865348816
v 0.05372878909111023 -0.4022641181945801 0.10023389756679535 0.0 1.0 0.6666666865348816
v 0.13640449941158295 -0.22836004197597504 0.1962137520313263 0.0 1.0 0.6666666865348816
v 0.34737011790275574 -0.5001445412635803 0.03466350585222244 0.0 1.0 0.6666666865348816
v 0.2048257738351822 -0.565714955329895 0.0023534600622951984 0.0 1.0 0.6666666865348816
v 0.09554179012775421 -0.46308302879333496 0.05937119200825691 0.0 1.0 0.6666666865348816
v 0.332165390253067 -0.7035077810287476 -0.07842165976762772 0.0 1.0 0.6666666865348816
v 0.08508854359388351 -0.33669373393058777 0.13349424302577972 0.0 1.0 0.6666666865348816
v -0.1344297230243683 -0.5010948777198792 0.03276291489601135 0.0 1.0 0.6666666865348816
v 0.4671073257923126 -0.6464900970458984 -0.03945954144001007 0.0 1.0 0.6666666865348816
v 0.5687889456748962 -0.7320166826248169 -0.0926760882139206 0.0 1.0 0.6666666865348816
v 0.035673175007104874 -0.324339896440506 0.14394749701023102 0.0 1.0 0.6666666865348816
v -0.03464869409799576 -0.4260215163230896 0.07932739704847336 0.0 1.0 0.6666666865348816
v 0.05752997100353241 -0.5704663991928101 -0.004298608284443617 0.0 1.0 0.6666666865348816
v -0.08216346800327301 -0.6426888704299927 -0.042310427874326706 0.0 1.0 0.6666666865348816
v -0.1809941977262497 -0.5600131750106812 0.0042540510185062885 0.0 1.0 0.6666666865348816
v 0.026170220226049423 -0.45833155512809753 0.06222207844257355 0.0 1.0 0.6666666865348816
v 0.03472287952899933 -0.5343552231788635 0.016607893630862236 0.0 1.0 0.6666666865348816
v -0.3710533082485199 -0.7434201836585999 -0.10407963395118713 0.0 1.0 0.6666666865348816
v -0.20095041394233704 -0.725364625453949 -0.0926760882139206 0.0 1.0 0.6666666865348816
v 0.4328967034816742 -0.7111101746559143 -0.07937195152044296 0.0 1.0 0.6666666865348816
v 0.2751476466655731 -0.4573812484741211 0.061271782964468 0.0 1.0 0.6666666865348816
v 0.10504474490880966 -0.5029954314231873 0.0337132103741169 0.0 1.0 0.6666666865348816
v 0.16871455311775208 -0.29393044114112854 0.15345044434070587 0.0 1.0 0.6666666865348816
v 0.2770482301712036 -0.6065776348114014 -0.017602745443582535 0.0 1.0 0.6666666865348816
v 0.04232524335384369 -0.6160805821418762 -0.03185717761516571 0.0 1.0 0.6666666865348816
v 0.3131594657897949 -0.619881808757782 -0.030906882137060165 0.0 1.0 0.6666666865348816
v -0.3453953266143799 -0.7063586711883545 -0.07747136056423187 0.0 1.0 0.6666666865348816
v 0.2532908618450165 -0.3262404799461365 0.14204689860343933 0.0 1.0 0.6666666865348816
v 0.39583516120910645 -0.6217823624610901 -0.02805599570274353 0.0 1.0 0.6666666865348816
v 0.20102459192276 -0.34429609775543213 0.12589187920093536 0.0 1.0 0.6666666865348816
v 0.39203399419784546 -0.49919426441192627 0.039414986968040466 0.0 1.0 0.6666666865348816
v -0.012791896238923073 -0.627484142780304 -0.0337577685713768 0.0 1.0 0.6666666865348816
v -0.13538001477718353 -0.726314902305603 -0.09172579646110535 0.0 1.0 0.6666666865348816
v -0.2104533612728119 -0.6835516095161438 -0.063216932117939 0.0 1.0 0.6666666865348816
v -0.0023386452812701464 -0.37850672006607056 0.10783626139163971 0.0 1.0 0.6666666865348816
v 0.1059950441122055 -0.5571622848510742 0.0033037555404007435 0.0 1.0 0.6666666865348816
v -0.1724415421485901 -0.6103788614273071 -0.02615540474653244 0.0 1.0 0.6666666865348816
v 0.22288139164447784 -0.29012924432754517 0.1667545884847641 0.0 1.0 0.6666666865348816
v -0.16578947007656097 -0.6654959917068481 -0.05656486004590988 0.0 1.0 0.6666666865348816
v 0.4899144172668457 -0.7358178496360779 -0.09172579646110535 0.0 1.0 0.6666666865348816
v 0.22098080813884735 -0.44787830114364624 0.07077473402023315 0.0 1.0 0.6666666865348816
v 0.4690079391002655 -0.7662273049354553 -0.11168200522661209 0.0 1.0 0.6666666865348816
v -0.09356701374053955 -0.568565845489502 -0.0004974264302290976 0.0 1.0 0.6666666865348816
v 0.16776424646377563 -0.510597825050354 0.0337132103741169 0.0 1.0 0.6666666865348816
v -0.014692487195134163 -0.514398992061615 0.02896173484623432 0.0 1.0 0.6666666865348816
v 0.18106839060783386 -0.4279220998287201 0.0802776888012886 0.0 1.0 0.6666666865348816
v 0.6058504581451416 -0.7196628451347351 -0.08507372438907623 0.0 1.0 0.6666666865348816
v 0.44049906730651855 -0.5828202962875366 -0.008099790662527084 0.0 1.0 0.6666666865348816
v -0.1116226315498352 -0.4621327519416809 0.06507296115159988 0.0 1.0 0.6666666865348816
v 0.31125888228416443 -0.39086058735847473 0.10688596963882446 0.0 1.0 0.6666666865348816
v -0.2104533612728119 -0.5771185159683228 -0.007149495184421539 0.0 1.0 0.6666666865348816
v 0.06608263403177261 -0.5115481019020081 0.03181261941790581 0.0 1.0 0.6666666865348816
v 0.23523522913455963 -0.5514605045318604 0.009005528874695301 0.0 1.0 0.6666666865348816
v -0.062207262963056564 -0.49824395775794983 0.039414986968040466 0.0 1.0 0.6666666865348816
v 0.1078956350684166 -0.2549683153629303 0.185760498046875 0.0 1.0 0.6666666865348816
v 0.33881744742393494 -0.5372061133384705 0.014707301743328571 0.0 1.0 0.6666666865348816
v 0.14685775339603424 -0.37375524640083313 0.11353803426027298 0.0 1.0 0.6666666865348816
v -0.12587706744670868 -0.5999255776405334 -0.019503336399793625 0.0 1.0 0.6666666865348816
v 0.30365651845932007 -0.5476593375205994 0.010906119830906391 0.0 1.0 0.6666666865348816
v 0.05562938004732132 -0.44597771763801575 0.06887414306402206 0.0 1.0 0.6666666865348816
v 0.07558558881282806 -0.37375524640083313 0.11353803426027298 0.0 1.0 0.6666666865348816
v 0.020468447357416153 -0.561913788318634 0.0004528690769802779 0.0 1.0 0.6666666865348816
v -0.06885933130979538 -0.46973511576652527 0.05652030557394028 0.0 1.0 0.6666666865348816
v 0.2722967565059662 -0.5676155686378479 0.0014031645841896534 0.0 1.0 0.6666666865348816
v 0.5716398358345032 -0.6702474355697632 -0.053713973611593246 0.0 1.0 0.6666666865348816
v 0.3293145000934601 -0.42031973600387573 0.07932739704847336 0.0 1.0 0.6666666865348816
v 0.22763286530971527 -0.514398992061615 0.03181261941790581 0.0 1.0 0.6666666865348816
v 0.4176919758319855 -0.5429078340530396 0.012806710787117481 0.0 1.0 0.6666666865348816
v 0.21242813766002655 -0.5923232436180115 -0.013801563531160355 0.0 1.0 0.6666666865348816
v 0.5231747627258301 -0.6997066140174866 -0.0717695876955986 0.0 1.0 0.6666666865348816
v 0.2637440860271454 -0.4298226833343506 0.08312857896089554 0.0 1.0 0.6666666865348816
v 0.526025652885437 -0.6369870901107788 -0.03565835952758789 0.0 1.0 0.6666666865348816
v 0.22573228180408478 -0.3918108642101288 0.10023389756679535 0.0 1.0 0.6666666865348816
v 0.5421806573867798 -0.7510225772857666 -0.10027845203876495 0.0 1.0 0.6666666865348816
v -0.017543373629450798 -0.40416470170021057 0.09453212469816208 0.0 1.0 0.6666666865348816
v -0.02894691936671734 -0.573317289352417 -0.006199199706315994 0.0 1.0 0.6666666865348816
v -0.149634450674057 -0.5400569438934326 0.014707301743328571 0.0 1.0 0.6666666865348816
v 0.6267569661140442 -0.7586249113082886 -0.10502993315458298 0.0 1.0 0.6666666865348816
v -0.04320135340094566 -0.6312853693962097 -0.040409836918115616 0.0 1.0 0.6666666865348816
v 0.3084079921245575 -0.488741010427475 0.04796764627099037 0.0 1.0 0.6666666865348816
v 0.3863322138786316 -0.6778498291969299 -0.06036604568362236 0.0 1.0 0.6666666865348816
v 0.24663877487182617 -0.6084782481193542 -0.02425481379032135 0.0 1.0 0.6666666865348816
v 0.10314415395259857 -0.5343552231788635 0.024210257455706596 0.0 1.0 0.6666666865348816
v 0.19532282650470734 -0.36995407938957214 0.1097368523478508 0.0 1.0 0.6666666865348816
v 0.1943725198507309 -0.25781920552253723 0.18100902438163757 0.0 1.0 0.6666666865348816
v -0.06315755844116211 -0.41841915249824524 0.08883035182952881 0.0 1.0 0.6666666865348816
v -0.10402026772499084 -0.5201007723808289 0.02896173484623432 0.0 1.0 0.6666666865348816
v 0.34071803092956543 -0.6388877034187317 -0.03945954144001007 0.0 1.0 0.6666666865348816
v 0.521274209022522 -0.6008758544921875 -0.015702154487371445 0.0 1.0 0.6666666865348816
v -0.2722225785255432 -0.7054083943367004 -0.07842165976762772 0.0 1.0 0.6666666865348816
v 0.45950496196746826 -0.6018261909484863 -0.021403927356004715 0.0 1.0 0.6666666865348816
v 0.5383794903755188 -0.6721480488777161 -0.05751515552401543 0.0 1.0 0.6666666865348816
v -0.25796812772750854 -0.6445894837379456 -0.04516131430864334 0.0 1.0 0.6666666865348816
v 0.4538032114505768 -0.5267528295516968 0.03276291489601135 0.0 1.0 0.6666666865348816
v 0.011915787123143673 -0.4022641181945801 0.09263153374195099 0.0 1.0 0.6666666865348816
v 0.5450315475463867 -0.6179811954498291 -0.023304518312215805 0.0 1.0 0.6666666865348816
v -0.09736819565296173 -0.6626451015472412 -0.05751515552401543 0.0 1.0 0.6666666865348816
v -0.10402026772499084 -0.7519728541374207 -0.109781414270401 0.0 1.0 0.6666666865348816
v 0.043275538831949234 -0.4241209030151367 0.08312857896089554 0.0 1.0 0.6666666865348816
v 0.17536661028862 -0.31958842277526855 0.14204689860343933 0.0 1.0 0.6666666865348816
v -0.1600877046585083 -0.5124983787536621 0.03846469148993492 0.0 1.0 0.6666666865348816
v -0.16388888657093048 -0.726314902305603 -0.08887490630149841 0.0 1.0 0.6666666865348816
v 0.1269015520811081 -0.46878480911254883 0.05652030557394028 0.0 1.0 0.6666666865348816
v -0.0023386452812701464 -0.459281861782074 0.061271782964468 0.0 1.0 0.6666666865348816
v 0.44905173778533936 -0.678800106048584 -0.059415750205516815 0.0 1.0 0.6666666865348816
v 0.2618435025215149 -0.3671031892299652 0.11543862521648407 0.0 1.0 0.6666666865348816
v -0.05745578557252884 -0.6892533898353577 -0.06796840578317642 0.0 1.0 0.6666666865348816
v 0.025219924747943878 -0.34429609775543213 0.1268421709537506 0.0 1.0 0.6666666865348816
v 0.45950496196746826 -0.7244142889976501 -0.08887490630149841 0.0 1.0 0.6666666865348816
v -0.10687115043401718 -0.619881808757782 -0.034708064049482346 0.0 1.0 0.6666666865348816
v -0.26462021470069885 -0.674048662185669 -0.06416722387075424 0.0 1.0 0.6666666865348816
v 0.1164482906460762 -0.34239551424980164 0.12589187920093536 0.0 1.0 0.6666666865348816
v 0.32456302642822266 -0.5970746874809265 -0.017602745443582535 0.0 1.0 0.6666666865348816
v -0.2551172375679016 -0.7491219639778137 -0.10788082331418991 0.0 1.0 0.6666666865348816
v 0.010965491645038128 -0.6132297515869141 -0.02615540474653244 0.0 1.0 0.6666666865348816
v 0.36827659606933594 -0.48779070377349854 0.04986823722720146 0.0 1.0 0.6666666865348816
v -0.03940017148852348 -0.44977888464927673 0.06697355210781097 0.0 1.0 0.6666666865348816
v 0.3587736487388611 -0.4488286077976227 0.06887414306402206 0.0 1.0 0.6666666865348816
v 0.3378671407699585 -0.40416470170021057 0.0992836058139801 0.0 1.0 0.6666666865348816
v 0.5003677010536194 -0.6864024996757507 -0.06416722387075424 0.0 1.0 0.6666666865348816
v 0.44049906730651855 -0.6426888704299927 -0.042310427874326706 0.0 1.0 0.6666666865348816
v 0.058480266481637955 -0.3395446240901947 0.12969306111335754 0.0 1.0 0.6666666865348816
v 0.25709202885627747 -0.5086972117424011 0.03561380133032799 0.0 1.0 0.6666666865348816
v 0.17441631853580475 -0.44977888464927673 0.06602326035499573 0.0 1.0 0.6666666865348816
v 0.33026477694511414 -0.5704663991928101 -0.0004974264302290976 0.0 1.0 0.6666666865348816
v 0.40628841519355774 -0.725364625453949 -0.08887490630149841 0.0 1.0 0.6666666865348816
v 0.11834888160228729 -0.4136676788330078 0.08502916991710663 0.0 1.0 0.6666666865348816
v -0.008990713395178318 -0.48779070377349854 0.0422658734023571 0.0 1.0 0.6666666865348816
v 0.4053381383419037 -0.6512415409088135 -0.04326072335243225 0.0 1.0 0.6666666865348816
v -0.24941547214984894 -0.6179811954498291 -0.027105700224637985 0.0 1.0 0.6666666865348816
v 0.010965491645038128 -0.5229516625404358 0.026110848411917686 0.0 1.0 0.6666666865348816
v 0.05752997100353241 -0.5970746874809265 -0.021403927356004715 0.0 1.0 0.6666666865348816
v -0.0032889407593756914 -0.5780687928199768 -0.008099790662527084 0.0 1.0 0.6666666865348816
v -0.14393267035484314 -0.7044581174850464 -0.0803222507238388 0.0 1.0 0.6666666865348816
v -0.21140365302562714 -0.6360368132591248 -0.038509245961904526 0.0 1.0 0.6666666865348816
v 0.09554179012775421 -0.2967813313007355 0.15440073609352112 0.0 1.0 0.6666666865348816
v 0.041374947875738144 -0.5039457678794861 0.0337132103741169 0.0 1.0 0.6666666865348816
v 0.16206248104572296 -0.23121093213558197 0.19716404378414154 0.0 1.0 0.6666666865348816
v 0.19817370176315308 -0.2844274640083313 0.16200309991836548 0.0 1.0 0.6666666865348816
v -0.18669597804546356 -0.7443705201148987 -0.10217904299497604 0.0 1.0 0.6666666865348816
v -0.18194450438022614 -0.5828202962875366 -0.007149495184421539 0.0 1.0 0.6666666865348816
v -0.11257292330265045 -0.7177622318267822 -0.08412343263626099 0.0 1.0 0.6666666865348816
v 0.16871455311775208 -0.4830392301082611 0.04701735079288483 0.0 1.0 0.6666666865348816
v 0.2409370094537735 -0.460232138633728 0.061271782964468 0.0 1.0 0.6666666865348816
v 0.30555710196495056 -0.6474403738975525 -0.04706190526485443 0.0 1.0 0.6666666865348816
v 0.2637440860271454 -0.34524640440940857 0.12779246270656586 0.0 1.0 0.6666666865348816
v -0.2950296700000763 -0.7158616185188293 -0.08507372438907623 0.0 1.0 0.6666666865348816
v -0.29407936334609985 -0.7500723004341125 -0.10407963395118713 0.0 1.0 0.6666666865348816
v 0.37112748622894287 -0.5875717401504517 -0.00905008614063263 0.0 1.0 0.6666666865348816
v 0.37112748622894287 -0.6179811954498291 -0.027105700224637985 0.0 1.0 0.6666666865348816
v -0.1581871062517166 -0.6464900970458984 -0.042310427874326706 0.0 1.0 0.6666666865348816
v -0.03179780766367912 -0.5467090606689453 0.012806710787117481 0.0 1.0 0.6666666865348816
v -0.05935637652873993 -0.6179811954498291 -0.027105700224637985 0.0 1.0 0.6666666865348816
v 0.12595124542713165 -0.4450274109840393 0.07077473402023315 0.0 1.0 0.6666666865348816
v 0.40438783168792725 -0.5999255776405334 -0.02045363187789917 0.0 1.0 0.6666666865348816
v 0.16586366295814514 -0.40606531500816345 0.09263153374195099 0.0 1.0 0.6666666865348816
v 0.41294050216674805 -0.6978060007095337 -0.07367017865180969 0.0 1.0 0.6666666865348816
v 0.14970864355564117 -0.460232138633728 0.05937119200825691 0.0 1.0 0.6666666865348816
v 0.3863322138786316 -0.568565845489502 0.0042540510185062885 0.0 1.0 0.6666666865348816
v 0.10314415395259857 -0.38705939054489136 0.10308478772640228 0.0 1.0 0.6666666865348816
v 0.474709689617157 -0.675949215888977 -0.05751515552401543 0.0 1.0 0.6666666865348816
v 0.14115597307682037 -0.24926654994487762 0.18100902438163757 0.0 1.0 0.6666666865348816
v 0.25234055519104004 -0.40606531500816345 0.09358183294534683 0.0 1.0 0.6666666865348816
v -0.09356701374053955 -0.6854521632194519 -0.06511752307415009 0.0 1.0 0.6666666865348816
v -0.11447351425886154 -0.6483906507492065 -0.048012200742959976 0.0 1.0 0.6666666865348816
v -0.21330425143241882 -0.7025575041770935 -0.07747136056423187 0.0 1.0 0.6666666865348816
v 0.17061513662338257 -0.37375524640083313 0.11068715155124664 0.0 1.0 0.6666666865348816
v 0.576391339302063 -0.7025575041770935 -0.07652106881141663 0.0 1.0 0.6666666865348816
v 0.18106839060783386 -0.564764678478241 0.0004528690769802779 0.0 1.0 0.6666666865348816
v -0.09166642278432846 -0.5362557768821716 0.016607893630862236 0.0 1.0 0.6666666865348816
v -0.06790903210639954 -0.5856711268424988 -0.011900972574949265 0.0 1.0 0.6666666865348816
v -0.11542381346225739 -0.5809196829795837 -0.010000381618738174 0.0 1.0 0.6666666865348816
v 0.04422583431005478 -0.5552616715431213 0.008055233396589756 0.0 1.0 0.6666666865348816
v 0.5488327741622925 -0.7206131219863892 -0.08602402359247208 0.0 1.0 0.6666666865348816
v 0.23618553578853607 -0.3376440405845642 0.1306433528661728 0.0 1.0 0.6666666865348816
v 0.3312150835990906 -0.6845018863677979 -0.06416722387075424 0.0 1.0 0.6666666865348816
v -0.0840640589594841 -0.5039457678794861 0.0337132103741169 0.0 1.0 0.6666666865348816
v -0.02704632841050625 -0.6569433212280273 -0.053713973611593246 0.0 1.0 0.6666666865348816
v 0.24378789961338043 -0.3072345554828644 0.15154986083507538 0.0 1.0 0.6666666865348816
v 0.20102459192276 -0.5067965984344482 0.03466350585222244 0.0 1.0 0.6666666865348816
v 0.5022682547569275 -0.573317289352417 0.0004528690769802779 0.0 1.0 0.6666666865348816
v -0.04035046696662903 -0.5058463215827942 0.03846469148993492 0.0 1.0 0.6666666865348816
v 0.3568730652332306 -0.6559930443763733 -0.04706190526485443 0.0 1.0 0.6666666865348816
v 0.08603883534669876 -0.4792380630970001 0.04606705531477928 0.0 1.0 0.6666666865348816
v 0.21052755415439606 -0.4868404269218445 0.04701735079288483 0.0 1.0 0.6666666865348816
v -0.11067233234643936 -0.5010948777198792 0.04036528244614601 0.0 1.0 0.6666666865348816
v 0.20957724750041962 -0.5448084473609924 0.014707301743328571 0.0 1.0 0.6666666865348816
v -0.20570188760757446 -0.6616948246955872 -0.05846545472741127 0.0 1.0 0.6666666865348816
v 0.07558558881282806 -0.4022641181945801 0.09358183294534683 0.0 1.0 0.6666666865348816
v 0.5621368885040283 -0.7605255246162415 -0.10598022490739822 0.0 1.0 0.6666666865348816
v -0.07171022146940231 -0.6664462685585022 -0.05466426908969879 0.0 1.0 0.6666666865348816
v 0.14495715498924255 -0.33669373393058777 0.1306433528661728 0.0 1.0 0.6666666865348816
v 0.4091393053531647 -0.7633764147758484 -0.10883111506700516 0.0 1.0 0.6666666865348816
v -0.15438592433929443 -0.6227326989173889 -0.03185717761516571 0.0 1.0 0.6666666865348816
v -0.3178367614746094 -0.7168119549751282 -0.08792461454868317 0.0 1.0 0.6666666865348816
v 0.15541040897369385 -0.3100854456424713 0.1458480805158615 0.0 1.0 0.6666666865348816
v 0.3511712849140167 -0.671197772026062 -0.06226663663983345 0.0 1.0 0.6666666865348816
v 0.2960541546344757 -0.46498361229896545 0.061271782964468 0.0 1.0 0.6666666865348816
v 0.35402217507362366 -0.6940048336982727 -0.07081929594278336 0.0 1.0 0.6666666865348816
v 0.13450391590595245 -0.27682510018348694 0.16295340657234192 0.0 1.0 0.6666666865348816
v -0.11542381346225739 -0.5609634518623352 0.0023534600622951984 0.0 1.0 0.6666666865348816
v 0.2048257738351822 -0.434574156999588 0.07742680609226227 0.0 1.0 0.6666666865348816
v 0.49276530742645264 -0.7158616185188293 -0.08317313343286514 0.0 1.0 0.6666666865348816
v 0.4224434494972229 -0.5638143420219421 0.0023534600622951984 0.0 1.0 0.6666666865348816
v -0.14678356051445007 -0.6778498291969299 -0.06416722387075424 0.0 1.0 0.6666666865348816
v 0.05752997100353241 -0.3205386996269226 0.14014631509780884 0.0 1.0 0.6666666865348816
v 0.018567856401205063 -0.3728049695491791 0.10688596963882446 0.0 1.0 0.6666666865348816
v -0.0755114033818245 -0.5562120079994202 0.008055233396589756 0.0 1.0 0.6666666865348816
v 0.21242813766002655 -0.46498361229896545 0.05937119200825691 0.0 1.0 0.6666666865348816
v -0.19049715995788574 -0.675949215888977 -0.06416722387075424 0.0 1.0 0.6666666865348816
v 0.30080562829971313 -0.41176706552505493 0.08978065103292465 0.0 1.0 0.6666666865348816
v 0.29225295782089233 -0.3728049695491791 0.11638892441987991 0.0 1.0 0.6666666865348816
v 0.48231205344200134 -0.6094285249710083 -0.025205109268426895 0.0 1.0 0.6666666865348816
v 0.3996363580226898 -0.46878480911254883 0.05747060105204582 0.0 1.0 0.6666666865348816
v -0.19334805011749268 -0.6122794151306152 -0.02615540474653244 0.0 1.0 0.6666666865348816
v 0.13070273399353027 -0.35760024189949036 0.118289515376091 0.0 1.0 0.6666666865348816
v 0.4376481771469116 -0.6930545568466187 -0.06986899673938751 0.0 1.0 0.6666666865348816
v -0.010891304351389408 -0.6084782481193542 -0.025205109268426895 0.0 1.0 0.6666666865348816
v -0.38245683908462524 -0.7320166826248169 -0.0907754972577095 0.0 1.0 0.6666666865348816
v 0.5431309938430786 -0.6559930443763733 -0.04516131430864334 0.0 1.0 0.6666666865348816
v -0.22280719876289368 -0.7348675727844238 -0.09362638741731644 0.0 1.0 0.6666666865348816
v 0.2751476466655731 -0.4136676788330078 0.08978065103292465 0.0 1.0 0.6666666865348816
v -0.27887463569641113 -0.6407883167266846 -0.042310427874326706 0.0 1.0 0.6666666865348816
v 0.2475890815258026 -0.5277031064033508 0.022309666499495506 0.0 1.0 0.6666666865348816
v -0.17149125039577484 -0.5448084473609924 0.014707301743328571 0.0 1.0 0.6666666865348816
v 0.26944586634635925 -0.5847208499908447 -0.010000381618738174 0.0 1.0 0.6666666865348816
v 0.062281448394060135 -0.41651853919029236 0.08407887071371078 0.0 1.0 0.6666666865348816
v -0.05555519461631775 -0.5486096143722534 0.008055233396589756 0.0 1.0 0.6666666865348816
v -0.3263894021511078 -0.6778498291969299 -0.063216932117939 0.0 1.0 0.6666666865348816
v 0.43194639682769775 -0.6018261909484863 -0.02045363187789917 0.0 1.0 0.6666666865348816
v -0.24086281657218933 -0.674048662185669 -0.06036604568362236 0.0 1.0 0.6666666865348816
v 0.28655117750167847 -0.6227326989173889 -0.029006291180849075 0.0 1.0 0.6666666865348816
v 0.3758789598941803 -0.7187125086784363 -0.08697431534528732 0.0 1.0 0.6666666865348816
v -0.14583326876163483 -0.6607444882392883 -0.053713973611593246 0.0 1.0 0.6666666865348816
v 0.035673175007104874 -0.3937114477157593 0.09833330661058426 0.0 1.0 0.6666666865348816
v 0.029971402138471603 -0.4364747703075409 0.07457591593265533 0.0 1.0 0.6666666865348816
v -0.23040956258773804 -0.7139610648155212 -0.08412343263626099 0.0 1.0 0.6666666865348816
v -0.022294851019978523 -0.3775564432144165 0.10783626139163971 0.0 1.0 0.6666666865348816
v 0.3340659737586975 -0.47733747959136963 0.05366941913962364 0.0 1.0 0.6666666865348816
v 0.42814522981643677 -0.49919426441192627 0.04511675983667374 0.0 1.0 0.6666666865348816
v 0.4946659207344055 -0.5543113946914673 0.013757006265223026 0.0 1.0 0.6666666865348816
v -0.1391811966896057 -0.5258025527000427 0.02325996197760105 0.0 1.0 0.6666666865348816
v 0.3967854678630829 -0.5353055000305176 0.02135937102138996 0.0 1.0 0.6666666865348816
v -0.1809941977262497 -0.7168119549751282 -0.08982520550489426 0.0 1.0 0.6666666865348816
v 0.09269090741872787 -0.5723670125007629 -0.0014477219665423036 0.0 1.0 0.6666666865348816
v -0.1724415421485901 -0.5248522162437439 0.024210257455706596 0.0 1.0 0.6666666865348816
v 0.08223765343427658 -0.5267528295516968 0.02706114389002323 0.0 1.0 0.6666666865348816
v -0.009941008873283863 -0.5638143420219421 0.0033037555404007435 0.0 1.0 0.6666666865348816
v 0.3929843008518219 -0.7044581174850464 -0.07367017865180969 0.0 1.0 0.6666666865348816
v 0.24473819136619568 -0.375655859708786 0.11163744330406189 0.0 1.0 0.6666666865348816
v -0.062207262963056564 -0.4507291913032532 0.06792385131120682 0.0 1.0 0.6666666865348816
v 0.4366978704929352 -0.5296037197113037 0.024210257455706596 0.0 1.0 0.6666666865348816
v -0.007090122904628515 -0.4421765208244324 0.06887414306402206 0.0 1.0 0.6666666865348816
v -0.3083338141441345 -0.7377184629440308 -0.10027845203876495 0.0 1.0 0.6666666865348816
v -0.2551172375679016 -0.732966959476471 -0.09742756932973862 0.0 1.0 0.6666666865348816
v -0.1410817950963974 -0.5723670125007629 -0.0033483130391687155 0.0 1.0 0.6666666865348816
v 0.04422583431005478 -0.37850672006607056 0.10688596963882446 0.0 1.0 0.6666666865348816
v 0.4671073257923126 -0.620832085609436 -0.025205109268426895 0.0 1.0 0.6666666865348816
v 0.5127215385437012 -0.7367681264877319 -0.09742756932973862 0.0 1.0 0.6666666865348816
v 0.581142783164978 -0.7206131219863892 -0.08412343263626099 0.0 1.0 0.6666666865348816
v 0.1440068632364273 -0.42317062616348267 0.0821782797574997 0.0 1.0 0.6666666865348816
v 0.4794611930847168 -0.6569433212280273 -0.04896249622106552 0.0 1.0 0.6666666865348816
v 0.18296897411346436 -0.34904757142066956 0.1268421709537506 0.0 1.0 0.6666666865348816
v -0.1220758780837059 -0.4868404269218445 0.04416646435856819 0.0 1.0 0.6666666865348816
v 0.1373547911643982 -0.3062842786312103 0.1477486789226532 0.0 1.0 0.6666666865348816
v 0.4566541016101837 -0.6597942113876343 -0.04706190526485443 0.0 1.0 0.6666666865348816
v 0.4899144172668457 -0.5970746874809265 -0.013801563531160355 0.0 1.0 0.6666666865348816
v 0.5972978472709656 -0.7348675727844238 -0.0907754972577095 0.0 1.0 0.6666666865348816
v 0.31981152296066284 -0.4469280242919922 0.07077473402023315 0.0 1.0 0.6666666865348816
v 0.17251573503017426 -0.2739742398262024 0.1667545884847641 0.0 1.0 0.6666666865348816
v 0.029971402138471603 -0.6037267446517944 -0.02425481379032135 0.0 1.0 0.6666666865348816
v 0.3568730652332306 -0.5391066670417786 0.012806710787117481 0.0 1.0 0.6666666865348816
v 0.029971402138471603 -0.5780687928199768 -0.005248904228210449 0.0 1.0 0.6666666865348816
v -0.3472959101200104 -0.7358178496360779 -0.09647727012634277 0.0 1.0 0.6666666865348816
v 0.2618435025215149 -0.46878480911254883 0.05652030557394028 0.0 1.0 0.6666666865348816
v 0.45760437846183777 -0.7082592844963074 -0.07652106881141663 0.0 1.0 0.6666666865348816
v -0.05175401270389557 -0.6464900970458984 -0.04516131430864334 0.0 1.0 0.6666666865348816
v 0.3340659737586975 -0.6113291382789612 -0.023304518312215805 0.0 1.0 0.6666666865348816
v 0.48231205344200134 -0.5704663991928101 0.006154641974717379 0.0 1.0 0.6666666865348816
v 0.38538193702697754 -0.48208895325660706 0.04986823722720146 0.0 1.0 0.6666666865348816
v -0.08121317625045776 -0.627484142780304 -0.032807473093271255 0.0 1.0 0.6666666865348816
v -0.11067233234643936 -0.6892533898353577 -0.06891870498657227 0.0 1.0 0.6666666865348816
v -0.06410785019397736 -0.7035077810287476 -0.07652106881141663 0.0 1.0 0.6666666865348816
v 0.17821750044822693 -0.25401800870895386 0.1876610815525055 0.0 1.0 0.6666666865348816
v 0.42529433965682983 -0.7472214102745056 -0.10598022490739822 0.0 1.0 0.6666666865348816
v 0.21052755415439606 -0.33194226026535034 0.13444453477859497 0.0 1.0 0.6666666865348816
v 0.42339375615119934 -0.730116069316864 -0.08792461454868317 0.0 1.0 0.6666666865348816
v -0.050803717225790024 -0.46308302879333496 0.06222207844257355 0.0 1.0 0.6666666865348816
v 0.39013341069221497 -0.6578935980796814 -0.05466426908969879 0.0 1.0 0.6666666865348816
v -0.22185690701007843 -0.619881808757782 -0.03185717761516571 0.0 1.0 0.6666666865348816
v -0.016593078151345253 -0.5353055000305176 0.02135937102138996 0.0 1.0 0.6666666865348816
v 0.13165302574634552 -0.5115481019020081 0.03181261941790581 0.0 1.0 0.6666666865348816
v 0.518423318862915 -0.7548237442970276 -0.10598022490739822 0.0 1.0 0.6666666865348816
v 0.3511712849140167 -0.48398953676223755 0.04891794174909592 0.0 1.0 0.6666666865348816
v -0.050803717225790024 -0.5258025527000427 0.02516055293381214 0.0 1.0 0.6666666865348816
v -0.1980995237827301 -0.6902036666870117 -0.07367017865180969 0.0 1.0 0.6666666865348816
v 0.03662347048521042 -0.40986648201942444 0.09168124198913574 0.0 1.0 0.6666666865348816
v 0.0974423810839653 -0.27112334966659546 0.1648539900779724 0.0 1.0 0.6666666865348816
v 0.47375941276550293 -0.5448084473609924 0.01945878006517887 0.0 1.0 0.6666666865348816
v -0.02324514649808407 -0.6436392068862915 -0.04326072335243225 0.0 1.0 0.6666666865348816
v -0.07836228609085083 -0.48208895325660706 0.04606705531477928 0.0 1.0 0.6666666865348816
v 0.0698838159441948 -0.3842085003852844 0.10118419677019119 0.0 1.0 0.6666666865348816
v 0.07653588056564331 -0.35760024189949036 0.11923980712890625 0.0 1.0 0.6666666865348816
v 0.2665949761867523 -0.6445894837379456 -0.040409836918115616 0.0 1.0 0.6666666865348816
v -0.2798249423503876 -0.6921042799949646 -0.07081929594278336 0.0 1.0 0.6666666865348816
v -0.09641790390014648 -0.45453038811683655 0.0631723701953888 0.0 1.0 0.6666666865348816
v 0.18867075443267822 -0.5391066670417786 0.018508484587073326 0.0 1.0 0.6666666865348816
v -0.30453261733055115 -0.6730983257293701 -0.05846545472741127 0.0 1.0 0.6666666865348816
v 0.11454769968986511 -0.49254220724105835 0.043216168880462646 0.0 1.0 0.6666666865348816
v -0.14583326876163483 -0.5552616715431213 0.008055233396589756 0.0 1.0 0.6666666865348816
v 0.35212159156799316 -0.5780687928199768 -0.004298608284443617 0.0 1.0 0.6666666865348816
v -0.04985342174768448 -0.40796589851379395 0.0907309427857399 0.0 1.0 0.6666666865348816
v 0.20387548208236694 -0.29963219165802 0.15154986083507538 0.0 1.0 0.6666666865348816
v 0.2475890815258026 -0.42697179317474365 0.07932739704847336 0.0 1.0 0.6666666865348816
v 0.10219386219978333 -0.3556996285915375 0.1201901063323021 0.0 1.0 0.6666666865348816
v -0.07075992226600647 -0.6008758544921875 -0.01855304092168808 0.0 1.0 0.6666666865348816
v 0.21622931957244873 -0.42317062616348267 0.0821782797574997 0.0 1.0 0.6666666865348816
v 0.005263718776404858 -0.5362557768821716 0.01755818910896778 0.0 1.0 0.6666666865348816
v -0.2931290864944458 -0.7006568908691406 -0.07652106881141663 0.0 1.0 0.6666666865348816
v 0.42529433965682983 -0.6835516095161438 -0.063216932117939 0.0 1.0 0.6666666865348816
v -0.22660838067531586 -0.5799694061279297 -0.005248904228210449 0.0 1.0 0.6666666865348816
v 0.48231205344200134 -0.7063586711883545 -0.07462047785520554 0.0 1.0 0.6666666865348816
v 0.41294050216674805 -0.5239019393920898 0.026110848411917686 0.0 1.0 0.6666666865348816
v 0.022369038313627243 -0.5486096143722534 0.009955824352800846 0.0 1.0 0.6666666865348816
v 0.365425705909729 -0.5210510492324829 0.02706114389002323 0.0 1.0 0.6666666865348816
v 0.3758789598941803 -0.7358178496360779 -0.0907754972577095 0.0 1.0 0.6666666865348816
v 0.11264710873365402 -0.4279220998287201 0.07932739704847336 0.0 1.0 0.6666666865348816
v 0.5136718153953552 -0.620832085609436 -0.023304518312215805 0.0 1.0 0.6666666865348816
v 0.16016188263893127 -0.3927611708641052 0.10023389756679535 0.0 1.0 0.6666666865348816
v 0.043275538831949234 -0.4915919005870819 0.04416646435856819 0.0 1.0 0.6666666865348816
v -0.1410817950963974 -0.5951741337776184 -0.013801563531160355 0.0 1.0 0.6666666865348816
v 0.4519025981426239 -0.6331859230995178 -0.03565835952758789 0.0 1.0 0.6666666865348816
v 0.4072387218475342 -0.49634337425231934 0.04416646435856819 0.0 1.0 0.6666666865348816
v -0.03844987601041794 -0.5856711268424988 -0.010000381618738174 0.0 1.0 0.6666666865348816
v 0.12310036271810532 -0.25021684169769287 0.1838598996400833 0.0 1.0 0.6666666865348816
v 0.09459149837493896 -0.324339896440506 0.1372954249382019 0.0 1.0 0.6666666865348816
v 0.24663877487182617 -0.5951741337776184 -0.01285126805305481 0.0 1.0 0.6666666865348816
v 0.4566541016101837 -0.561913788318634 0.007104937452822924 0.0 1.0 0.6666666865348816
v 0.5279262661933899 -0.7415196299552917 -0.09647727012634277 0.0 1.0 0.6666666865348816
v 0.5459818840026855 -0.6407883167266846 -0.04136013239622116 0.0 1.0 0.6666666865348816
v 0.1373547911643982 -0.26447126269340515 0.17245635390281677 0.0 1.0 0.6666666865348816
v 0.05182819813489914 -0.5847208499908447 -0.008099790662527084 0.0 1.0 0.6666666865348816
v 0.14875833690166473 -0.5305539965629578 0.02135937102138996 0.0 1.0 0.6666666865348816
v -0.0023386452812701464 -0.5923232436180115 -0.0147518590092659 0.0 1.0 0.6666666865348816
v -0.25226637721061707 -0.6293847560882568 -0.03755895048379898 0.0 1.0 0.6666666865348816
v -0.13347943127155304 -0.5457587242126465 0.011856415309011936 0.0 1.0 0.6666666865348816
v 0.09839268028736115 -0.488741010427475 0.04416646435856819 0.0 1.0 0.6666666865348816
v 0.11359740793704987 -0.3072345554828644 0.1496492624282837 0.0 1.0 0.6666666865348816
v 0.4671073257923126 -0.5723670125007629 -0.0023980175610631704 0.0 1.0 0.6666666865348816
v -0.2085527777671814 -0.5961244106292725 -0.01855304092168808 0.0 1.0 0.6666666865348816
v 0.2875014841556549 -0.5666652321815491 0.0042540510185062885 0.0 1.0 0.6666666865348816
v 0.7521960139274597 0.726686954498291 -0.13448908925056458 0.0 0.6666666865348816 1.0
v 0.7208362221717834 -0.3015328049659729 -0.11738377809524536 0.0 0.6666666865348816 1.0
v 0.5991984009742737 0.21637825667858124 -0.044211018830537796 0.0 0.6666666865348816 1.0
v 0.48231205344200134 -0.09626896679401398 0.016607893630862236 0.0 0.6666666865348816 1.0
v 0.3312150835990906 0.30095455050468445 0.11258774250745773 0.0 0.6666666865348816 1.0
v 0.5868445634841919 0.5043178200721741 -0.03755895048379898 0.0 0.6666666865348816 1.0
v 0.7227368354797363 -0.02119562029838562 -0.11833406984806061 0.0 0.6666666865348816 1.0
v 0.2494896650314331 -0.09626896679401398 0.15345044434070587 0.0 0.6666666865348816 1.0
v 0.5070197582244873 -0.39941322803497314 0.005204346496611834 0.0 0.6666666865348816 1.0
v 0.7255877256393433 -0.5495599508285522 -0.12118496000766754 0.0 0.6666666865348816 1.0
v 0.37302806973457336 0.08428718149662018 0.07932739704847336 0.0 0.6666666865348816 1.0
v 0.7360409498214722 0.37697818875312805 -0.12403584271669388 0.0 0.6666666865348816 1.0
v 0.5535842180252075 -0.5866214632987976 -0.019503336399793625 0.0 0.6666666865348816 1.0
v 0.744593620300293 0.16411200165748596 -0.1306879073381424 0.0 0.6666666865348816 1.0
v 0.6248564124107361 -0.16278965771198273 -0.063216932117939 0.0 0.6666666865348816 1.0
v 0.4100896120071411 -0.2568688988685608 0.06032148748636246 0.0 0.6666666865348816 1.0
v 0.5706895589828491 0.04152388498187065 -0.030906882137060165 0.0 0.6666666865348816 1.0
v 0.748394787311554 0.5613355040550232 -0.12783703207969666 0.0 0.6666666865348816 1.0
v 0.4519025981426239 0.2306326925754547 0.03466350585222244 0.0 0.6666666865348816 1.0
v 0.2390364110469818 0.06908245384693146 0.16390369832515717 0.0 0.6666666865348816 1.0
v 0.635309636592865 -0.4393256604671478 -0.07462047785520554 0.0 0.6666666865348816 1.0
v 0.7227368354797363 -0.6968557238578796 -0.11928436905145645 0.0 0.6666666865348816 1.0
v 0.5336280465126038 0.3589226007461548 -0.008099790662527084 0.0 0.6666666865348816 1.0
v 0.1544601172208786 -0.19509969651699066 0.21807053685188293 0.0 0.6666666865348816 1.0
v 0.5991984009742737 -0.3034333884716034 -0.048012200742959976 0.0 0.6666666865348816 1.0
v 0.3692269027233124 -0.05920743942260742 0.08692976087331772 0.0 0.6666666865348816 1.0
v 0.2618435025215149 -0.22931033372879028 0.1458480805158615 0.0 0.6666666865348816 1.0
v 0.736991286277771 -0.1684914231300354 -0.12593643367290497 0.0 0.6666666865348816 1.0
v 0.30270621180534363 0.17836643755435944 0.12494157999753952 0.0 0.6666666865348816 1.0
v 0.5193735957145691 -0.21315531432628632 -0.0023980175610631704 0.0 0.6666666865348816 1.0
v 0.4899144172668457 0.11564693599939346 0.013757006265223026 0.0 0.6666666865348816 1.0
v 0.636259913444519 0.3532208204269409 -0.06606781482696533 0.0 0.6666666865348816 1.0
v 0.6771226525306702 0.07668481767177582 -0.08887490630149841 0.0 0.6666666865348816 1.0
v 0.6286575794219971 -0.05350566655397415 -0.06226663663983345 0.0 0.6666666865348816 1.0
v 0.6752220392227173 0.4672562777996063 -0.08982520550489426 0.0 0.6666666865348816 1.0
v 0.686625599861145 0.2534397840499878 -0.09742756932973862 0.0 0.6666666865348816 1.0
v 0.627707302570343 -0.6493409276008606 -0.06796840578317642 0.0 0.6666666865348816 1.0
v 0.46995821595191956 0.01111442781984806 0.03181261941790581 0.0 0.6666666865348816 1.0
v 0.7293888926506042 -0.42507120966911316 -0.12308555096387863 0.0 0.6666666865348816 1.0
v 0.19342222809791565 0.16126112639904022 0.18956167995929718 0.0 0.6666666865348816 1.0
v 0.3568730652332306 -0.1703920215368271 0.08883035182952881 0.0 0.6666666865348816 1.0
v 0.41674166917800903 0.3256622552871704 0.06032148748636246 0.0 0.6666666865348816 1.0
v 0.39203399419784546 -0.36330199241638184 0.06792385131120682 0.0 0.6666666865348816 1.0
v 0.5497830510139465 -0.48589012026786804 -0.02235422283411026 0.0 0.6666666865348816 1.0
v 0.1668139547109604 0.01491560973227024 0.2028658092021942 0.0 0.6666666865348816 1.0
v 0.2998553216457367 -0.0031400045845657587 0.12494157999753952 0.0 0.6666666865348816 1.0
v 0.528876543045044 0.266743928194046 -0.0033483130391687155 0.0 0.6666666865348816 1.0
v 0.47851088643074036 -0.31483691930770874 0.024210257455706596 0.0 0.6666666865348816 1.0
v 0.6239060759544373 -0.5457587242126465 -0.06036604568362236 0.0 0.6666666865348816 1.0
v 0.3692269027233124 0.2220800369977951 0.08407887071371078 0.0 0.6666666865348816 1.0
v 0.7160847783088684 0.6478124260902405 -0.10788082331418991 0.0 0.6666666865348816 1.0
v 0.33501625061035156 -0.2806262969970703 0.10118419677019119 0.0 0.6666666865348816 1.0
v 0.5545345544815063 -0.1285790055990219 -0.023304518312215805 0.0 0.6666666865348816 1.0
v 0.43574759364128113 -0.16373994946479797 0.04701735079288483 0.0 0.6666666865348816 1.0
v 0.583993673324585 0.1308516561985016 -0.03755895048379898 0.0 0.6666666865348816 1.0
v 0.6590670347213745 -0.3566499352455139 -0.08697431534528732 0.0 0.6666666865348816 1.0
v 0.17536661028862 -0.10672221332788467 0.1962137520313263 0.0 0.6666666865348816 1.0
v 0.6704705953598022 0.5527828931808472 -0.08602402359247208 0.0 0.6666666865348816 1.0
v 0.5526339411735535 -0.04020152986049652 -0.017602745443582535 0.0 0.6666666865348816 1.0
v 0.4186422824859619 0.14890727400779724 0.05176882818341255 0.0 0.6666666865348816 1.0
v 0.581142783164978 -0.38895997405052185 -0.03565835952758789 0.0 0.6666666865348816 1.0
v 0.5896954536437988 0.42164209485054016 -0.040409836918115616 0.0 0.6666666865348816 1.0
v 0.6657190918922424 -0.22931033372879028 -0.08982520550489426 0.0 0.6666666865348816 1.0
v 0.30555710196495056 0.09569072723388672 0.12399128824472427 0.0 0.6666666865348816 1.0
v 0.4557037949562073 -0.46973511576652527 0.0337132103741169 0.0 0.6666666865348816 1.0
v 0.6685699820518494 0.1755155473947525 -0.08697431534528732 0.0 0.6666666865348816 1.0
v 0.685675323009491 -0.09626896679401398 -0.09647727012634277 0.0 0.6666666865348816 1.0
v 0.5345783233642578 0.17931672930717468 -0.00905008614063263 0.0 0.6666666865348816 1.0
v 0.49276530742645264 0.4187912046909332 0.018508484587073326 0.0 0.6666666865348816 1.0
v 0.3169606626033783 -0.10482162237167358 0.11448833346366882 0.0 0.6666666865348816 1.0
v 0.39203399419784546 0.013965314254164696 0.06982444226741791 0.0 0.6666666865348816 1.0
v 0.5944469571113586 -0.23121093213558197 -0.03945954144001007 0.0 0.6666666865348816 1.0
v 0.736991286277771 0.07288363575935364 -0.12973761558532715 0.0 0.6666666865348816 1.0
v 0.5934966206550598 0.28860071301460266 -0.04136013239622116 0.0 0.6666666865348816 1.0
v 0.6704705953598022 -0.5942237973213196 -0.08697431534528732 0.0 0.6666666865348816 1.0
v 0.4366978704929352 0.07953570783138275 0.04606705531477928 0.0 0.6666666865348816 1.0
v 0.7436433434486389 0.27529656887054443 -0.13448908925056458 0.0 0.6666666865348816 1.0
v 0.5364789366722107 -0.30058249831199646 -0.0147518590092659 0.0 0.6666666865348816 1.0
v 0.21527902781963348 -0.18654704093933105 0.17815813422203064 0.0 0.6666666865348816 1.0
v 0.14970864355564117 0.08238659054040909 0.21616995334625244 0.0 0.6666666865348816 1.0
v 0.2323843538761139 -0.0012394136283546686 0.16295340657234192 0.0 0.6666666865348816 1.0
v 0.6970788836479187 -0.4868404269218445 -0.10788082331418991 0.0 0.6666666865348816 1.0
v 0.7255877256393433 -0.619881808757782 -0.12118496000766754 0.0 0.6666666865348816 1.0
v 0.6638185381889343 0.0016114729223772883 -0.08887490630149841 0.0 0.6666666865348816 1.0
v 0.42814522981643677 -0.05635655298829079 0.04986823722720146 0.0 0.6666666865348816 1.0
v 0.7360409498214722 0.45965391397476196 -0.12213525176048279 0.0 0.6666666865348816 1.0
v 0.29510384798049927 -0.17134231328964233 0.13254395127296448 0.0 0.6666666865348816 1.0
v 0.3549724817276001 0.15365876257419586 0.08978065103292465 0.0 0.6666666865348816 1.0
v 0.24853937327861786 0.14985758066177368 0.15440073609352112 0.0 0.6666666865348816 1.0
v 0.470908522605896 0.30950722098350525 0.026110848411917686 0.0 0.6666666865348816 1.0
v 0.40058666467666626 -0.11242398619651794 0.06697355210781097 0.0 0.6666666865348816 1.0
v 0.44905173778533936 -0.40606531500816345 0.037514396011829376 0.0 0.6666666865348816 1.0
v 0.4395487606525421 0.3826799690723419 0.043216168880462646 0.0 0.6666666865348816 1.0
v 0.6837747097015381 0.3209107518196106 -0.09362638741731644 0.0 0.6666666865348816 1.0
v 0.5108209252357483 -0.5410072803497314 0.0023534600622951984 0.0 0.6666666865348816 1.0
v 0.4671073257923126 -0.2274097502231598 0.029912030324339867 0.0 0.6666666865348816 1.0
v 0.5155724287033081 0.04532506689429283 -0.0004974264302290976 0.0 0.6666666865348816 1.0
v 0.34166833758354187 -0.37660613656044006 0.10403507947921753 0.0 0.6666666865348816 1.0
v 0.2741973400115967 -0.2967813313007355 0.1372954249382019 0.0 0.6666666865348816 1.0
v 0.6752220392227173 0.405487060546875 -0.09172579646110535 0.0 0.6666666865348816 1.0
v 0.4091393053531647 0.2648433446884155 0.0631723701953888 0.0 0.6666666865348816 1.0
v 0.5459818840026855 0.45680302381515503 -0.015702154487371445 0.0 0.6666666865348816 1.0
v 0.6172540187835693 0.07193334400653839 -0.05656486004590988 0.0 0.6666666865348816 1.0
v 0.15826129913330078 -0.044953007251024246 0.2028658092021942 0.0 0.6666666865348816 1.0
v 0.737941563129425 -0.08866660296916962 -0.12498614192008972 0.0 0.6666666865348816 1.0
v 0.49941739439964294 -0.15328669548034668 0.012806710787117481 0.0 0.6666666865348816 1.0
v 0.7255877256393433 -0.36615288257598877 -0.12498614192008972 0.0 0.6666666865348816 1.0
v 0.7189356684684753 -0.7557740807533264 -0.11928436905145645 0.0 0.6666666865348816 1.0
v 0.6049001812934875 -0.10957310348749161 -0.04706190526485443 0.0 0.6666666865348816 1.0
v 0.6039499044418335 -0.4915919005870819 -0.051813382655382156 0.0 0.6666666865348816 1.0
v 0.3122091591358185 0.241085946559906 0.11923980712890625 0.0 0.6666666865348816 1.0
v 0.5402801036834717 0.09664102643728256 -0.011900972574949265 0.0 0.6666666865348816 1.0
v 0.7341403961181641 -0.22645944356918335 -0.12403584271669388 0.0 0.6666666865348816 1.0
v 0.6429120302200317 0.28194865584373474 -0.07081929594278336 0.0 0.6666666865348816 1.0
v 0.6134528517723083 0.01301501877605915 -0.05656486004590988 0.0 0.6666666865348816 1.0
v 0.24568848311901093 0.20687530934810638 0.1563013345003128 0.0 0.6666666865348816 1.0
v 0.6334090828895569 0.13370254635810852 -0.06606781482696533 0.0 0.6666666865348816 1.0
v 0.31791093945503235 -0.22836004197597504 0.11638892441987991 0.0 0.6666666865348816 1.0
v 0.6799735426902771 -0.408916175365448 -0.09552697837352753 0.0 0.6666666865348816 1.0
v 0.6001487374305725 -0.6037267446517944 -0.049912791699171066 0.0 0.6666666865348816 1.0
v 0.42814522981643677 -0.32338958978652954 0.05176882818341255 0.0 0.6666666865348816 1.0
v 0.689476490020752 -0.16469024121761322 -0.09647727012634277 0.0 0.6666666865348816 1.0
v 0.740792453289032 0.21922914683818817 -0.12403584271669388 0.0 0.6666666865348816 1.0
v 0.4899144172668457 0.1859688013792038 0.022309666499495506 0.0 0.6666666865348816 1.0
v 0.5858942866325378 0.3427675664424896 -0.036608655005693436 0.0 0.6666666865348816 1.0
v 0.6543155312538147 -0.28157660365104675 -0.07937195152044296 0.0 0.6666666865348816 1.0
v 0.5592859983444214 -0.18464644253253937 -0.02615540474653244 0.0 0.6666666865348816 1.0
v 0.6837747097015381 -0.6474403738975525 -0.1012287512421608 0.0 0.6666666865348816 1.0
v 0.5041688680648804 -0.4830392301082611 0.006154641974717379 0.0 0.6666666865348816 1.0
v 0.5117712020874023 -0.015493846498429775 0.007104937452822924 0.0 0.6666666865348816 1.0
v 0.3464198112487793 0.040573589503765106 0.09548242390155792 0.0 0.6666666865348816 1.0
v 0.4034375250339508 -0.41651853919029236 0.0631723701953888 0.0 0.6666666865348816 1.0
v 0.7151344418525696 0.12610018253326416 -0.10883111506700516 0.0 0.6666666865348816 1.0
v 0.21908020973205566 -0.05730684846639633 0.17150606215000153 0.0 0.6666666865348816 1.0
v 0.2475890815258026 -0.14853522181510925 0.1496492624282837 0.0 0.6666666865348816 1.0
v 0.22288139164447784 -0.2549683153629303 0.16960546374320984 0.0 0.6666666865348816 1.0
v 0.2722967565059662 -0.044953007251024246 0.14014631509780884 0.0 0.6666666865348816 1.0
v 0.35592275857925415 -0.32814106345176697 0.0907309427857399 0.0 0.6666666865348816 1.0
v 0.37112748622894287 0.3228113651275635 0.08692976087331772 0.0 0.6666666865348816 1.0
v 0.5725901126861572 -0.5305539965629578 -0.036608655005693436 0.0 0.6666666865348816 1.0
v 0.3825310468673706 -0.2150558978319168 0.08122798800468445 0.0 0.6666666865348816 1.0
v 0.5374292135238647 -0.3604511320590973 -0.01095067709684372 0.0 0.6666666865348816 1.0
v 0.48706355690956116 0.36177346110343933 0.014707301743328571 0.0 0.6666666865348816 1.0
v 0.6286575794219971 0.48626217246055603 -0.06226663663983345 0.0 0.6666666865348816 1.0
v 0.5440812706947327 -0.4298226833343506 -0.013801563531160355 0.0 0.6666666865348816 1.0
v 0.1924719363451004 0.05862920358777046 0.18290960788726807 0.0 0.6666666865348816 1.0
v 0.7151344418525696 0.5261746048927307 -0.11073170602321625 0.0 0.6666666865348816 1.0
v 0.6970788836479187 0.5936455726623535 -0.1012287512421608 0.0 0.6666666865348816 1.0
v 0.6258066892623901 0.5423296093940735 -0.05846545472741127 0.0 0.6666666865348816 1.0
v 0.6590670347213745 -0.5067965984344482 -0.0803222507238388 0.0 0.6666666865348816 1.0
v 0.741742730140686 0.32661253213882446 -0.1287873238325119 0.0 0.6666666865348816 1.0
v 0.7521960139274597 0.6269059181213379 -0.13543939590454102 0.0 0.6666666865348816 1.0
v 0.627707302570343 -0.3899102807044983 -0.06701811403036118 0.0 0.6666666865348816 1.0
v 0.5051191449165344 -0.2597197890281677 0.008055233396589756 0.0 0.6666666865348816 1.0
v 0.2827500104904175 0.05197713524103165 0.1306433528661728 0.0 0.6666666865348816 1.0
v 0.5497830510139465 -0.2530677318572998 -0.017602745443582535 0.0 0.6666666865348816 1.0
v 0.5402801036834717 0.4073876440525055 -0.013801563531160355 0.0 0.6666666865348816 1.0
v 0.7189356684684753 0.027269450947642326 -0.11453288793563843 0.0 0.6666666865348816 1.0
v 0.18011809885501862 0.11469663679599762 0.1943131536245346 0.0 0.6666666865348816 1.0
v 0.4756599962711334 0.06908245384693146 0.020409075543284416 0.0 0.6666666865348816 1.0
v 0.3274138867855072 -0.05160507559776306 0.10878656059503555 0.0 0.6666666865348816 1.0
v 0.18677015602588654 -0.22170796990394592 0.19336286187171936 0.0 0.6666666865348816 1.0
v 0.445250540971756 -0.28157660365104675 0.03846469148993492 0.0 0.6666666865348816 1.0
v 0.2133784294128418 -0.12382753193378448 0.17435695230960846 0.0 0.6666666865348816 1.0
v 0.5108209252357483 0.31996047496795654 0.0042540510185062885 0.0 0.6666666865348816 1.0
v 0.4243440330028534 0.19832263886928558 0.05366941913962364 0.0 0.6666666865348816 1.0
v 0.686625599861145 -0.03830093890428543 -0.09457667917013168 0.0 0.6666666865348816 1.0
v 0.6495640873908997 -0.11622516810894012 -0.07557076960802078 0.0 0.6666666865348816 1.0
v 0.6419616937637329 0.44254860281944275 -0.06891870498657227 0.0 0.6666666865348816 1.0
v 0.4271949231624603 -0.2150558978319168 0.05081853270530701 0.0 0.6666666865348816 1.0
v 0.44049906730651855 -0.10862280428409576 0.04416646435856819 0.0 0.6666666865348816 1.0
v 0.6400611400604248 0.20687530934810638 -0.06891870498657227 0.0 0.6666666865348816 1.0
v 0.5868445634841919 -0.06776010245084763 -0.04326072335243225 0.0 0.6666666865348816 1.0
v 0.17061513662338257 -0.15518729388713837 0.20001493394374847 0.0 0.6666666865348816 1.0
v 0.6334090828895569 0.5907946825027466 -0.06226663663983345 0.0 0.6666666865348816 1.0
v 0.6771226525306702 -0.6978060007095337 -0.09552697837352753 0.0 0.6666666865348816 1.0
v 0.5564351081848145 0.23633445799350739 -0.021403927356004715 0.0 0.6666666865348816 1.0
v 0.686625599861145 -0.5476593375205994 -0.09932816028594971 0.0 0.6666666865348816 1.0
v 0.521274209022522 -0.10577192157506943 -0.004298608284443617 0.0 0.6666666865348816 1.0
v 0.4034375250339508 -0.029748279601335526 0.07552621513605118 0.0 0.6666666865348816 1.0
v 0.5953972339630127 -0.42887240648269653 -0.04896249622106552 0.0 0.6666666865348816 1.0
v 0.49086472392082214 0.23728476464748383 0.01565759815275669 0.0 0.6666666865348816 1.0
v 0.6970788836479187 0.36842554807662964 -0.09932816028594971 0.0 0.6666666865348816 1.0
v 0.635309636592865 -0.31958842277526855 -0.06986899673938751 0.0 0.6666666865348816 1.0
v 0.7122836112976074 0.2876504361629486 -0.10693052411079407 0.0 0.6666666865348816 1.0
v 0.4642564654350281 -0.3556996285915375 0.028011439368128777 0.0 0.6666666865348816 1.0
v 0.7008800506591797 0.2135273665189743 -0.10788082331418991 0.0 0.6666666865348816 1.0
v 0.5507333278656006 0.5195225477218628 -0.01285126805305481 0.0 0.6666666865348816 1.0
v 0.4328967034816742 -0.0059908912517130375 0.04606705531477928 0.0 0.6666666865348816 1.0
v 0.741742730140686 0.6858242154121399 -0.12593643367290497 0.0 0.6666666865348816 1.0
v 0.3977357745170593 -0.15518729388713837 0.07077473402023315 0.0 0.6666666865348816 1.0
v 0.3929843008518219 -0.3100854456424713 0.07267532497644424 0.0 0.6666666865348816 1.0
v 0.6467131972312927 0.044374771416187286 -0.07081929594278336 0.0 0.6666666865348816 1.0
v 0.745543897151947 0.5014669299125671 -0.12783703207969666 0.0 0.6666666865348816 1.0
v 0.635309636592865 -0.20365235209465027 -0.06986899673938751 0.0 0.6666666865348816 1.0
v 0.1943725198507309 -0.025947097688913345 0.185760498046875 0.0 0.6666666865348816 1.0
v 0.6115522384643555 -0.26447126269340515 -0.059415750205516815 0.0 0.6666666865348816 1.0
v 0.6980291604995728 -0.2692227363586426 -0.10217904299497604 0.0 0.6666666865348816 1.0
v 0.5383794903755188 0.01301501877605915 -0.015702154487371445 0.0 0.6666666865348816 1.0
v 0.4205428659915924 -0.4706853926181793 0.05747060105204582 0.0 0.6666666865348816 1.0
v 0.6923273801803589 -0.3290913701057434 -0.10312934219837189 0.0 0.6666666865348816 1.0
v 0.5887451767921448 -0.025947097688913345 -0.040409836918115616 0.0 0.6666666865348816 1.0
v 0.4690079391002655 -0.1808452606201172 0.028011439368128777 0.0 0.6666666865348816 1.0
v 0.37302806973457336 0.2686445116996765 0.08407887071371078 0.0 0.6666666865348816 1.0
v 0.36637601256370544 -0.12952931225299835 0.08407887071371078 0.0 0.6666666865348816 1.0
v 0.4585546851158142 0.1356031447649002 0.03276291489601135 0.0 0.6666666865348816 1.0
v 0.3397677540779114 0.09854161739349365 0.10023389756679535 0.0 0.6666666865348816 1.0
v 0.4091393053531647 0.10994516313076019 0.0631723701953888 0.0 0.6666666865348816 1.0
v 0.7255877256393433 0.41689062118530273 -0.11833406984806061 0.0 0.6666666865348816 1.0
v 0.5849440097808838 -0.3480972647666931 -0.042310427874326706 0.0 0.6666666865348816 1.0
v 0.3340659737586975 0.19832263886928558 0.10688596963882446 0.0 0.6666666865348816 1.0
v 0.7056314945220947 0.16981378197669983 -0.10407963395118713 0.0 0.6666666865348816 1.0
v 0.6106019616127014 0.1774161458015442 -0.05086308717727661 0.0 0.6666666865348816 1.0
v 0.6704705953598022 -0.4488286077976227 -0.09362638741731644 0.0 0.6666666865348816 1.0
v 0.4290955066680908 -0.3642522990703583 0.04891794174909592 0.0 0.6666666865348816 1.0
v 0.573540449142456 0.18786939978599548 -0.02995658665895462 0.0 0.6666666865348816 1.0
v 0.5241250991821289 0.21827885508537292 -0.0033483130391687155 0.0 0.6666666865348816 1.0
v 0.5583357214927673 0.2933521866798401 -0.021403927356004715 0.0 0.6666666865348816 1.0
v 0.26944586634635925 0.10329309105873108 0.14109660685062408 0.0 0.6666666865348816 1.0
v 0.3169606626033783 -0.3347931504249573 0.11068715155124664 0.0 0.6666666865348816 1.0
v 0.5906457304954529 -0.15423698723316193 -0.04326072335243225 0.0 0.6666666865348816 1.0
v 0.6153534650802612 0.3864811658859253 -0.05656486004590988 0.0 0.6666666865348816 1.0
v 0.46140557527542114 0.26959481835365295 0.03181261941790581 0.0 0.6666666865348816 1.0
v 0.6001487374305725 0.4625048041343689 -0.04706190526485443 0.0 0.6666666865348816 1.0
v 0.7312895059585571 -0.5001445412635803 -0.12403584271669388 0.0 0.6666666865348816 1.0
v 0.518423318862915 0.14415580034255981 0.0014031645841896534 0.0 0.6666666865348816 1.0
v 0.36447542905807495 -0.25876951217651367 0.08502916991710663 0.0 0.6666666865348816 1.0
v 0.6714208722114563 0.1356031447649002 -0.08602402359247208 0.0 0.6666666865348816 1.0
v 0.47185882925987244 -0.5048960447311401 0.024210257455706596 0.0 0.6666666865348816 1.0
v 0.4623558521270752 0.43399593234062195 0.039414986968040466 0.0 0.6666666865348816 1.0
v 0.3226624131202698 0.14225520193576813 0.1097368523478508 0.0 0.6666666865348816 1.0
v 0.5003677010536194 -0.3604511320590973 0.008055233396589756 0.0 0.6666666865348816 1.0
v 0.6457629203796387 -0.6854521632194519 -0.07271988689899445 0.0 0.6666666865348816 1.0
v 0.40438783168792725 0.06623157113790512 0.06412266939878464 0.0 0.6666666865348816 1.0
v 0.25043997168540955 -0.1874973326921463 0.15345044434070587 0.0 0.6666666865348816 1.0
v 0.6524149775505066 0.2429865300655365 -0.07652106881141663 0.0 0.6666666865348816 1.0
v 0.6524149775505066 0.518572211265564 -0.07367017865180969 0.0 0.6666666865348816 1.0
v 0.21242813766002655 0.12990136444568634 0.1772078275680542 0.0 0.6666666865348816 1.0
v 0.7141841650009155 -0.11812575906515121 -0.11073170602321625 0.0 0.6666666865348816 1.0
v 0.686625599861145 0.6316574215888977 -0.08887490630149841 0.0 0.6666666865348816 1.0
v 0.3929843008518219 0.18501850962638855 0.071725033223629 0.0 0.6666666865348816 1.0
v 0.26279380917549133 0.01681620068848133 0.1477486789226532 0.0 0.6666666865348816 1.0
v 0.5868445634841919 0.08618777245283127 -0.038509245961904526 0.0 0.6666666865348816 1.0
v 0.686625599861145 -0.7348675727844238 -0.09742756932973862 0.0 0.6666666865348816 1.0
v 0.44239965081214905 0.034871816635131836 0.0422658734023571 0.0 0.6666666865348816 1.0
v 0.6505143642425537 0.0994919091463089 -0.07462047785520554 0.0 0.6666666865348816 1.0
v 0.3863322138786316 0.13655343651771545 0.07742680609226227 0.0 0.6666666865348816 1.0
v 0.2770482301712036 -0.11717546731233597 0.13824571669101715 0.0 0.6666666865348816 1.0
v 0.6334090828895569 -0.5989753007888794 -0.06701811403036118 0.0 0.6666666865348816 1.0
v 0.33691686391830444 -0.015493846498429775 0.10403507947921753 0.0 0.6666666865348816 1.0
v 0.44905173778533936 0.17171436548233032 0.037514396011829376 0.0 0.6666666865348816 1.0
v 0.2532908618450165 -0.2682724595069885 0.1496492624282837 0.0 0.6666666865348816 1.0
v 0.31791093945503235 0.05672861263155937 0.11353803426027298 0.0 0.6666666865348816 1.0
v 0.5526339411735535 0.1375037282705307 -0.01855304092168808 0.0 0.6666666865348816 1.0
v 0.525075376033783 -0.5771185159683228 0.0023534600622951984 0.0 0.6666666865348816 1.0
v 0.5649877786636353 -0.3205386996269226 -0.027105700224637985 0.0 0.6666666865348816 1.0
v 0.5792422294616699 0.37887880206108093 -0.032807473093271255 0.0 0.6666666865348816 1.0
v 0.48231205344200134 -0.42507120966911316 0.014707301743328571 0.0 0.6666666865348816 1.0
v 0.2304837554693222 -0.2169564962387085 0.16295340657234192 0.0 0.6666666865348816 1.0
v 0.5934966206550598 -0.19509969651699066 -0.046111609786748886 0.0 0.6666666865348816 1.0
v 0.4015369415283203 0.2239806205034256 0.06602326035499573 0.0 0.6666666865348816 1.0
v 0.6970788836479187 -0.19890087842941284 -0.10598022490739822 0.0 0.6666666865348816 1.0
v 0.689476490020752 -0.36805349588394165 -0.10312934219837189 0.0 0.6666666865348816 1.0
v 0.3464198112487793 -0.2150558978319168 0.09833330661058426 0.0 0.6666666865348816 1.0
v 0.6438623070716858 0.31805989146232605 -0.07367017865180969 0.0 0.6666666865348816 1.0
v 0.6581167578697205 -0.1513861119747162 -0.08412343263626099 0.0 0.6666666865348816 1.0
v 0.2732470631599426 0.2239806205034256 0.14014631509780884 0.0 0.6666666865348816 1.0
v 0.6799735426902771 0.03392152115702629 -0.0907754972577095 0.0 0.6666666865348816 1.0
v 0.2932032644748688 0.14130491018295288 0.1306433528661728 0.0 0.6666666865348816 1.0
v 0.22478199005126953 0.03392152115702629 0.16580428183078766 0.0 0.6666666865348816 1.0
v 0.6989794373512268 -0.5951741337776184 -0.10883111506700516 0.0 0.6666666865348816 1.0
v 0.7037309408187866 -0.06776010245084763 -0.10883111506700516 0.0 0.6666666865348816 1.0
v 0.5127215385437012 -0.0715612843632698 0.0023534600622951984 0.0 0.6666666865348816 1.0
v 0.5592859983444214 -0.08296483010053635 -0.02615540474653244 0.0 0.6666666865348816 1.0
v 0.5203238725662231 -0.33004167675971985 -0.0023980175610631704 0.0 0.6666666865348816 1.0
v 0.19342222809791565 -0.07631275802850723 0.1876610815525055 0.0 0.6666666865348816 1.0
v 0.474709689617157 -0.06490921229124069 0.03181261941790581 0.0 0.6666666865348816 1.0
v 0.7436433434486389 0.1184978187084198 -0.1287873238325119 0.0 0.6666666865348816 1.0
v 0.6647688150405884 0.36177346110343933 -0.08602402359247208 0.0 0.6666666865348816 1.0
v 0.4604552686214447 -0.027847688645124435 0.041315577924251556 0.0 0.6666666865348816 1.0
v 0.7018303275108337 0.4938645362854004 -0.10502993315458298 0.0 0.6666666865348816 1.0
v 0.5868445634841919 -0.4621327519416809 -0.040409836918115616 0.0 0.6666666865348816 1.0
v 0.5108209252357483 -0.4383753538131714 -0.0014477219665423036 0.0 0.6666666865348816 1.0
v 0.7265380024909973 0.6050491333007812 -0.11643347889184952 0.0 0.6666666865348816 1.0
v 0.5383794903755188 -0.5277031064033508 -0.0147518590092659 0.0 0.6666666865348816 1.0
v 0.3967854678630829 -0.07536246627569199 0.07267532497644424 0.0 0.6666666865348816 1.0
v 0.15921159088611603 0.04817595332860947 0.21046817302703857 0.0 0.6666666865348816 1.0
v 0.4462008476257324 0.3484693467617035 0.041315577924251556 0.0 0.6666666865348816 1.0
v 0.6438623070716858 0.40643736720085144 -0.07652106881141663 0.0 0.6666666865348816 1.0
v 0.29510384798049927 -0.27112334966659546 0.1268421709537506 0.0 0.6666666865348816 1.0
v 0.6296078562736511 -0.01739443652331829 -0.06036604568362236 0.0 0.6666666865348816 1.0
v 0.635309636592865 -0.47353628277778625 -0.06986899673938751 0.0 0.6666666865348816 1.0
v 0.5792422294616699 0.008263541385531425 -0.0337577685713768 0.0 0.6666666865348816 1.0
v 0.5421806573867798 0.3256622552871704 -0.01095067709684372 0.0 0.6666666865348816 1.0
v 0.3739783763885498 -0.3899102807044983 0.0802776888012886 0.0 0.6666666865348816 1.0
v 0.7236871123313904 -0.46688422560691833 -0.11928436905145645 0.0 0.6666666865348816 1.0
v 0.5849440097808838 -0.26447126269340515 -0.03755895048379898 0.0 0.6666666865348816 1.0
v 0.6400611400604248 -0.244515061378479 -0.07271988689899445 0.0 0.6666666865348816 1.0
v 0.28655117750167847 -0.2046026587486267 0.13349424302577972 0.0 0.6666666865348816 1.0
v 0.4604552686214447 -0.14473403990268707 0.03276291489601135 0.0 0.6666666865348816 1.0
v 0.7084823846817017 -0.39751264452934265 -0.11073170602321625 0.0 0.6666666865348816 1.0
v 0.2998553216457367 0.270545095205307 0.13159364461898804 0.0 0.6666666865348816 1.0
v 0.7151344418525696 -0.6635953783988953 -0.11643347889184952 0.0 0.6666666865348816 1.0
v 0.5108209252357483 0.46155449748039246 0.008055233396589756 0.0 0.6666666865348816 1.0
v 0.6087013483047485 0.24868831038475037 -0.049912791699171066 0.0 0.6666666865348816 1.0
v 0.5013179779052734 0.2809983491897583 0.010906119830906391 0.0 0.6666666865348816 1.0
v 0.2323843538761139 0.10234279930591583 0.16770488023757935 0.0 0.6666666865348816 1.0
v 0.20387548208236694 0.01111442781984806 0.18005871772766113 0.0 0.6666666865348816 1.0
v 0.48041146993637085 -0.28157660365104675 0.01755818910896778 0.0 0.6666666865348816 1.0
v 0.6676197052001953 -0.18844762444496155 -0.08602402359247208 0.0 0.6666666865348816 1.0
v 0.6875758767127991 0.1080445721745491 -0.09742756932973862 0.0 0.6666666865348816 1.0
v 0.30080562829971313 -0.06680980324745178 0.12304098904132843 0.0 0.6666666865348816 1.0
v 0.6619179248809814 0.5898444056510925 -0.0803222507238388 0.0 0.6666666865348816 1.0
v 0.5963475108146667 0.5423296093940735 -0.042310427874326706 0.0 0.6666666865348816 1.0
v 0.6799735426902771 0.5195225477218628 -0.0926760882139206 0.0 0.6666666865348816 1.0
v 0.5754410028457642 -0.565714955329895 -0.0337577685713768 0.0 0.6666666865348816 1.0
v 0.4728091061115265 -0.38895997405052185 0.02135937102138996 0.0 0.6666666865348816 1.0
v 0.7303391695022583 -0.0544559620320797 -0.12403584271669388 0.0 0.6666666865348816 1.0
v 0.32456302642822266 -0.1371316760778427 0.11068715155124664 0.0 0.6666666865348816 1.0
v 0.44239965081214905 -0.4383753538131714 0.03276291489601135 0.0 0.6666666865348816 1.0
v 0.23998671770095825 -0.033549461513757706 0.16010251641273499 0.0 0.6666666865348816 1.0
v 0.5364789366722107 -0.3965623378753662 -0.010000381618738174 0.0 0.6666666865348816 1.0
v 0.34071803092956543 0.241085946559906 0.10213448852300644 0.0 0.6666666865348816 1.0
v 0.6638185381889343 -0.31958842277526855 -0.08697431534528732 0.0 0.6666666865348816 1.0
v 0.4091393053531647 0.35987287759780884 0.06602326035499573 0.0 0.6666666865348816 1.0
v 0.6172540187835693 0.30760663747787476 -0.05466426908969879 0.0 0.6666666865348816 1.0
v 0.20197488367557526 -0.1561375856399536 0.17815813422203064 0.0 0.6666666865348816 1.0
v 0.6543155312538147 -0.04020152986049652 -0.07842165976762772 0.0 0.6666666865348816 1.0
v 0.6809238195419312 -0.1285790055990219 -0.09172579646110535 0.0 0.6666666865348816 1.0
v 0.48896414041519165 -0.5410072803497314 0.02706114389002323 0.0 0.6666666865348816 1.0
v 0.7075321078300476 0.33896636962890625 -0.109781414270401 0.0 0.6666666865348816 1.0
v 0.5478824377059937 0.06052979454398155 -0.01665244996547699 0.0 0.6666666865348816 1.0
v 0.6419616937637329 0.1650623083114624 -0.07081929594278336 0.0 0.6666666865348816 1.0
v 0.6581167578697205 -0.624633252620697 -0.08792461454868317 0.0 0.6666666865348816 1.0
v 0.6438623070716858 -0.08391512185335159 -0.07557076960802078 0.0 0.6666666865348816 1.0
v 0.4243440330028534 0.2933521866798401 0.05747060105204582 0.0 0.6666666865348816 1.0
v 0.6980291604995728 0.4501509666442871 -0.10598022490739822 0.0 0.6666666865348816 1.0
v 0.7141841650009155 0.5670372843742371 -0.109781414270401 0.0 0.6666666865348816 1.0
v 0.5089203715324402 0.07668481767177582 0.006154641974717379 0.0 0.6666666865348816 1.0
v 0.5991984009742737 -0.6360368132591248 -0.046111609786748886 0.0 0.6666666865348816 1.0
v 0.17821750044822693 -0.18654704093933105 0.1962137520313263 0.0 0.6666666865348816 1.0
v 0.5383794903755188 0.4900633692741394 -0.007149495184421539 0.0 0.6666666865348816 1.0
v 0.6201049089431763 0.4225923717021942 -0.05561456456780434 0.0 0.6666666865348816 1.0
v 0.6980291604995728 -0.0021897091064602137 -0.109781414270401 0.0 0.6666666865348816 1.0
v 0.4366978704929352 -0.24831624329090118 0.04416646435856819 0.0 0.6666666865348816 1.0
v 0.5402801036834717 -0.16088905930519104 -0.015702154487371445 0.0 0.6666666865348816 1.0
v 0.7037309408187866 -0.23026062548160553 -0.10788082331418991 0.0 0.6666666865348816 1.0
v 0.7217865586280823 0.24393682181835175 -0.11643347889184952 0.0 0.6666666865348816 1.0
v 0.470908522605896 0.3988350033760071 0.03086232580244541 0.0 0.6666666865348816 1.0
v 0.7274883389472961 -0.33194226026535034 -0.12498614192008972 0.0 0.6666666865348816 1.0
v 0.6676197052001953 0.21447767317295074 -0.08317313343286514 0.0 0.6666666865348816 1.0
v 0.3758789598941803 -0.015493846498429775 0.08312857896089554 0.0 0.6666666865348816 1.0
v 0.3084079921245575 0.027269450947642326 0.12114039808511734 0.0 0.6666666865348816 1.0
v 0.6505143642425537 -0.5372061133384705 -0.07652106881141663 0.0 0.6666666865348816 1.0
v 0.6761723756790161 0.29050129652023315 -0.08887490630149841 0.0 0.6666666865348816 1.0
v 0.38728252053260803 0.29905396699905396 0.07362562417984009 0.0 0.6666666865348816 1.0
v 0.2932032644748688 -0.3205386996269226 0.1287427693605423 0.0 0.6666666865348816 1.0
v 0.3274138867855072 -0.19509969651699066 0.11353803426027298 0.0 0.6666666865348816 1.0
v 0.7265380024909973 -0.2568688988685608 -0.12118496000766754 0.0 0.6666666865348816 1.0
v 0.3017559051513672 -0.035450052469968796 0.12494157999753952 0.0 0.6666666865348816 1.0
v 0.21908020973205566 0.16221141815185547 0.17150606215000153 0.0 0.6666666865348816 1.0
v 0.6980291604995728 -0.44407713413238525 -0.10788082331418991 0.0 0.6666666865348816 1.0
v 0.6419616937637329 -0.5676155686378479 -0.07367017865180969 0.0 0.6666666865348816 1.0
v 0.20197488367557526 0.09664102643728256 0.18100902438163757 0.0 0.6666666865348816 1.0
v 0.6942279934883118 0.6630171537399292 -0.0907754972577095 0.0 0.6666666865348816 1.0
v 0.2219310998916626 -0.09436837583780289 0.1686551719903946 0.0 0.6666666865348816 1.0
v 0.39013341069221497 -0.18464644253253937 0.07742680609226227 0.0 0.6666666865348816 1.0
v 0.5193735957145691 0.42544326186180115 0.0004528690769802779 0.0 0.6666666865348816 1.0
v 0.4176919758319855 -0.08676601201295853 0.0527191236615181 0.0 0.6666666865348816 1.0
v 0.6495640873908997 -0.40796589851379395 -0.07937195152044296 0.0 0.6666666865348816 1.0
v 0.6153534650802612 -0.5752179026603699 -0.05751515552401543 0.0 0.6666666865348816 1.0
v 0.35402217507362366 0.008263541385531425 0.09453212469816208 0.0 0.6666666865348816 1.0
v 0.28655117750167847 -0.23786300420761108 0.12969306111335754 0.0 0.6666666865348816 1.0
v 0.49751678109169006 -0.2274097502231598 0.013757006265223026 0.0 0.6666666865348816 1.0
v 0.391083687543869 -0.27682510018348694 0.07362562417984009 0.0 0.6666666865348816 1.0
v 0.3549724817276001 -0.08486542105674744 0.09548242390155792 0.0 0.6666666865348816 1.0
v 0.7103829979896545 -0.5248522162437439 -0.11168200522661209 0.0 0.6666666865348816 1.0
v 0.4671073257923126 0.10139250010251999 0.028011439368128777 0.0 0.6666666865348816 1.0
v 0.740792453289032 0.5318763852119446 -0.12783703207969666 0.0 0.6666666865348816 1.0
v 0.5127215385437012 -0.2948807179927826 0.0033037555404007435 0.0 0.6666666865348816 1.0
v 0.7103829979896545 -0.7244142889976501 -0.11643347889184952 0.0 0.6666666865348816 1.0
v 0.16776424646377563 0.1394043266773224 0.2066669911146164 0.0 0.6666666865348816 1.0
v 0.6134528517723083 -0.4535800814628601 -0.059415750205516815 0.0 0.6666666865348816 1.0
v 0.5108209252357483 -0.17989496886730194 0.0042540510185062885 0.0 0.6666666865348816 1.0
v 0.6847249865531921 -0.29583102464675903 -0.09742756932973862 0.0 0.6666666865348816 1.0
v 0.6125025749206543 -0.08106423914432526 -0.0527636781334877 0.0 0.6666666865348816 1.0
v 0.6115522384643555 -0.3690037727355957 -0.0527636781334877 0.0 0.6666666865348816 1.0
v 0.6068007946014404 0.11754752695560455 -0.051813382655382156 0.0 0.6666666865348816 1.0
v 0.6172540187835693 0.511920154094696 -0.051813382655382156 0.0 0.6666666865348816 1.0
v 0.6106019616127014 0.3522705137729645 -0.05086308717727661 0.0 0.6666666865348816 1.0
v 0.5782918930053711 -0.49254220724105835 -0.036608655005693436 0.0 0.6666666865348816 1.0
v 0.4813617765903473 0.15365876257419586 0.026110848411917686 0.0 0.6666666865348816 1.0
v 0.63055819272995 -0.5172498822212219 -0.06701811403036118 0.0 0.6666666865348816 1.0
v 0.6039499044418335 -0.39941322803497314 -0.051813382655382156 0.0 0.6666666865348816 1.0
v 0.5659380555152893 -0.41651853919029236 -0.029006291180849075 0.0 0.6666666865348816 1.0
v 0.6552658677101135 -0.6531421542167664 -0.07842165976762772 0.0 0.6666666865348816 1.0
v 0.33691686391830444 -0.2511671483516693 0.10403507947921753 0.0 0.6666666865348816 1.0
v 0.3825310468673706 0.04817595332860947 0.07267532497644424 0.0 0.6666666865348816 1.0
v 0.2580423355102539 0.18216761946678162 0.1458480805158615 0.0 0.6666666865348816 1.0
v 0.7322397828102112 0.18881969153881073 -0.1202346608042717 0.0 0.6666666865348816 1.0
v 0.5583357214927673 -0.45453038811683655 -0.021403927356004715 0.0 0.6666666865348816 1.0
v 0.5963475108146667 -0.5514605045318604 -0.04896249622106552 0.0 0.6666666865348816 1.0
v 0.24853937327861786 0.042474180459976196 0.14679837226867676 0.0 0.6666666865348816 1.0
v 0.4328967034816742 0.24773801863193512 0.04891794174909592 0.0 0.6666666865348816 1.0
v 0.33501625061035156 -0.1665908396244049 0.10783626139163971 0.0 0.6666666865348816 1.0
v 0.5051191449165344 -0.5124983787536621 0.005204346496611834 0.0 0.6666666865348816 1.0
v 0.30745768547058105 0.20687530934810638 0.12114039808511734 0.0 0.6666666865348816 1.0
v 0.4842126667499542 -0.4535800814628601 0.020409075543284416 0.0 0.6666666865348816 1.0
v 0.577341616153717 -0.10577192157506943 -0.038509245961904526 0.0 0.6666666865348816 1.0
v 0.24378789961338043 -0.06490921229124069 0.1582019180059433 0.0 0.6666666865348816 1.0
v 0.28179970383644104 -0.14568433165550232 0.13539482653141022 0.0 0.6666666865348816 1.0
v 0.4138907790184021 0.03012033924460411 0.06032148748636246 0.0 0.6666666865348816 1.0
v 0.6087013483047485 0.040573589503765106 -0.049912791699171066 0.0 0.6666666865348816 1.0
v 0.1668139547109604 -0.07916364818811417 0.1981143355369568 0.0 0.6666666865348816 1.0
v 0.5611866116523743 -0.35284876823425293 -0.025205109268426895 0.0 0.6666666865348816 1.0
v 0.3635251224040985 0.12134870886802673 0.08597946912050247 0.0 0.6666666865348816 1.0
v 0.365425705909729 -0.28727835416793823 0.08692976087331772 0.0 0.6666666865348816 1.0
v 0.6096516847610474 -0.3395446240901947 -0.053713973611593246 0.0 0.6666666865348816 1.0
v 0.27799853682518005 0.16601260006427765 0.13349424302577972 0.0 0.6666666865348816 1.0
v 0.45285290479660034 -0.3186381161212921 0.03846469148993492 0.0 0.6666666865348816 1.0
v 0.6163037419319153 0.27814745903015137 -0.05466426908969879 0.0 0.6666666865348816 1.0
v 0.6163037419319153 -0.1323801875114441 -0.059415750205516815 0.0 0.6666666865348816 1.0
v 0.636259913444519 -0.35284876823425293 -0.07081929594278336 0.0 0.6666666865348816 1.0
v 0.3863322138786316 -0.434574156999588 0.07647650688886642 0.0 0.6666666865348816 1.0
v 0.39203399419784546 0.33706578612327576 0.07457591593265533 0.0 0.6666666865348816 1.0
v 0.6381605267524719 0.01301501877605915 -0.06986899673938751 0.0 0.6666666865348816 1.0
v 0.34927070140838623 0.27529656887054443 0.09738301485776901 0.0 0.6666666865348816 1.0
v 0.42149314284324646 -0.18844762444496155 0.05747060105204582 0.0 0.6666666865348816 1.0
v 0.6115522384643555 -0.2150558978319168 -0.05466426908969879 0.0 0.6666666865348816 1.0
v 0.3255133032798767 0.17171436548233032 0.10878656059503555 0.0 0.6666666865348816 1.0
v 0.4119901955127716 -0.38325822353363037 0.06032148748636246 0.0 0.6666666865348816 1.0
v 0.5488327741622925 -0.2255091518163681 -0.02235422283411026 0.0 0.6666666865348816 1.0
v 0.3464198112487793 -0.1114736944437027 0.09643271565437317 0.0 0.6666666865348816 1.0
v 0.5858942866325378 0.25914156436920166 -0.03755895048379898 0.0 0.6666666865348816 1.0
v 0.4471511244773865 -0.1960499882698059 0.03656409680843353 0.0 0.6666666865348816 1.0
v 0.3530718684196472 0.06908245384693146 0.09168124198913574 0.0 0.6666666865348816 1.0
v 0.6676197052001953 -0.4763871729373932 -0.08982520550489426 0.0 0.6666666865348816 1.0
v 0.4557037949562073 0.06052979454398155 0.03846469148993492 0.0 0.6666666865348816 1.0
v 0.28179970383644104 0.19357116520404816 0.13539482653141022 0.0 0.6666666865348816 1.0
v 0.577341616153717 -0.5932735204696655 -0.036608655005693436 0.0 0.6666666865348816 1.0
v 0.26754528284072876 -0.07916364818811417 0.14109660685062408 0.0 0.6666666865348816 1.0
v 0.5307771563529968 -0.5010948777198792 -0.00905008614063263 0.0 0.6666666865348816 1.0
v 0.7265380024909973 -0.5923232436180115 -0.12403584271669388 0.0 0.6666666865348816 1.0
v 0.37682926654815674 -0.09341807663440704 0.07932739704847336 0.0 0.6666666865348816 1.0
v 0.5678386688232422 0.4140397310256958 -0.025205109268426895 0.0 0.6666666865348816 1.0
v 0.4775605797767639 0.21067649126052856 0.022309666499495506 0.0 0.6666666865348816 1.0
v 0.5269759297370911 -0.2654215693473816 -0.008099790662527084 0.0 0.6666666865348816 1.0
v 0.577341616153717 0.46535569429397583 -0.03185717761516571 0.0 0.6666666865348816 1.0
v 0.6609676480293274 0.48911306262016296 -0.08127254247665405 0.0 0.6666666865348816 1.0
v 0.32646360993385315 -0.30913516879081726 0.10878656059503555 0.0 0.6666666865348816 1.0
v 0.4728091061115265 -0.12097664922475815 0.02706114389002323 0.0 0.6666666865348816 1.0
v 0.5611866116523743 -0.007891482673585415 -0.021403927356004715 0.0 0.6666666865348816 1.0
v 0.577341616153717 -0.29583102464675903 -0.0337577685713768 0.0 0.6666666865348816 1.0
v 0.5868445634841919 0.1669628918170929 -0.04326072335243225 0.0 0.6666666865348816 1.0
v 0.38348132371902466 -0.24166418612003326 0.07647650688886642 0.0 0.6666666865348816 1.0
v 0.682824432849884 -0.619881808757782 -0.09742756932973862 0.0 0.6666666865348816 1.0
v 0.529826819896698 -0.1371316760778427 -0.00905008614063263 0.0 0.6666666865348816 1.0
v 0.5678386688232422 0.32661253213882446 -0.025205109268426895 0.0 0.6666666865348816 1.0
v 0.6989794373512268 0.07953570783138275 -0.10407963395118713 0.0 0.6666666865348816 1.0
v 0.748394787311554 0.39978528022766113 -0.1306879073381424 0.0 0.6666666865348816 1.0
v 0.6258066892623901 0.09664102643728256 -0.06511752307415009 0.0 0.6666666865348816 1.0
v 0.3217121362686157 0.2762468755245209 0.11543862521648407 0.0 0.6666666865348816 1.0
v 0.5573853850364685 -0.38325822353363037 -0.025205109268426895 0.0 0.6666666865348816 1.0
v 0.5497830510139465 0.2619924545288086 -0.02045363187789917 0.0 0.6666666865348816 1.0
v 0.48706355690956116 0.3294634222984314 0.01945878006517887 0.0 0.6666666865348816 1.0
v 0.14970864355564117 -0.01454355102032423 0.20856758952140808 0.0 0.6666666865348816 1.0
v 0.4262446463108063 -0.42507120966911316 0.0527191236615181 0.0 0.6666666865348816 1.0
v 0.3568730652332306 0.3019048571586609 0.09453212469816208 0.0 0.6666666865348816 1.0
v 0.5564351081848145 -0.2844274640083313 -0.02045363187789917 0.0 0.6666666865348816 1.0
v 0.5231747627258301 -0.4706853926181793 -0.007149495184421539 0.0 0.6666666865348816 1.0
v 0.744593620300293 0.6601662635803223 -0.1306879073381424 0.0 0.6666666865348816 1.0
v 0.7122836112976074 -0.5714167356491089 -0.11548318713903427 0.0 0.6666666865348816 1.0
v 0.15826129913330078 0.11279604583978653 0.20856758952140808 0.0 0.6666666865348816 1.0
v 0.3084079921245575 0.12229900062084198 0.12114039808511734 0.0 0.6666666865348816 1.0
v 0.6267569661140442 -0.10862280428409576 -0.06226663663983345 0.0 0.6666666865348816 1.0
v 0.5165227055549622 0.012064723297953606 -0.0014477219665423036 0.0 0.6666666865348816 1.0
v 0.1858198642730713 0.034871816635131836 0.19146226346492767 0.0 0.6666666865348816 1.0
v 0.5611866116523743 0.1669628918170929 -0.02045363187789917 0.0 0.6666666865348816 1.0
v 0.5317274332046509 -0.024046506732702255 -0.007149495184421539 0.0 0.6666666865348816 1.0
v 0.31410977244377136 -0.2568688988685608 0.11638892441987991 0.0 0.6666666865348816 1.0
v 0.18296897411346436 -0.05350566655397415 0.1943131536245346 0.0 0.6666666865348816 1.0
v 0.63055819272995 -0.28727835416793823 -0.07081929594278336 0.0 0.6666666865348816 1.0
v 0.23523522913455963 -0.12762871384620667 0.16105280816555023 0.0 0.6666666865348816 1.0
v 0.7246374487876892 0.48911306262016296 -0.11928436905145645 0.0 0.6666666865348816 1.0
v 0.5782918930053711 0.2306326925754547 -0.0337577685713768 0.0 0.6666666865348816 1.0
v 0.7398421764373779 -0.11432457715272903 -0.12593643367290497 0.0 0.6666666865348816 1.0
v 0.6571664214134216 0.613601803779602 -0.0717695876955986 0.0 0.6666666865348816 1.0
v 0.5193735957145691 0.39978528022766113 0.0004528690769802779 0.0 0.6666666865348816 1.0
v 0.48041146993637085 0.4473000764846802 0.02706114389002323 0.0 0.6666666865348816 1.0
v 0.5079700350761414 0.17646585404872894 0.007104937452822924 0.0 0.6666666865348816 1.0
v 0.5573853850364685 0.3826799690723419 -0.02045363187789917 0.0 0.6666666865348816 1.0
v 0.37302806973457336 0.02821974828839302 0.08502916991710663 0.0 0.6666666865348816 1.0
v 0.7103829979896545 -0.6388877034187317 -0.11358259618282318 0.0 0.6666666865348816 1.0
v 0.5336280465126038 -0.18369615077972412 -0.007149495184421539 0.0 0.6666666865348816 1.0
v 0.5725901126861572 -0.4393256604671478 -0.03755895048379898 0.0 0.6666666865348816 1.0
v 0.5117712020874023 0.11754752695560455 0.0014031645841896534 0.0 0.6666666865348816 1.0
v 0.6999297142028809 -0.6807007193565369 -0.10598022490739822 0.0 0.6666666865348816 1.0
v 0.7075321078300476 0.616452693939209 -0.10312934219837189 0.0 0.6666666865348816 1.0
v 0.43194639682769775 -0.031648870557546616 0.0527191236615181 0.0 0.6666666865348816 1.0
v 0.7236871123313904 0.1565096378326416 -0.11548318713903427 0.0 0.6666666865348816 1.0
v 0.4937156140804291 0.05292743071913719 0.013757006265223026 0.0 0.6666666865348816 1.0
v 0.6932776570320129 0.13655343651771545 -0.09837786108255386 0.0 0.6666666865348816 1.0
v 0.6029996275901794 0.147956982254982 -0.046111609786748886 0.0 0.6666666865348816 1.0
v 0.5649877786636353 0.09093925356864929 -0.027105700224637985 0.0 0.6666666865348816 1.0
v 0.445250540971756 0.28670012950897217 0.04036528244614601 0.0 0.6666666865348816 1.0
v 0.17441631853580475 -0.02119562029838562 0.20001493394374847 0.0 0.6666666865348816 1.0
v 0.4262446463108063 0.17266467213630676 0.0527191236615181 0.0 0.6666666865348816 1.0
v 0.4604552686214447 0.3674752414226532 0.0337132103741169 0.0 0.6666666865348816 1.0
v 0.6818740963935852 0.4349462389945984 -0.09457667917013168 0.0 0.6666666865348816 1.0
v 0.34166833758354187 0.3228113651275635 0.10688596963882446 0.0 0.6666666865348816 1.0
v 0.4091393053531647 -0.23216122388839722 0.05747060105204582 0.0 0.6666666865348816 1.0
v 0.46520674228668213 -0.08771630376577377 0.03466350585222244 0.0 0.6666666865348816 1.0
v 0.7065818309783936 0.3142586946487427 -0.10788082331418991 0.0 0.6666666865348816 1.0
v 0.7350906729698181 0.6364088654518127 -0.1202346608042717 0.0 0.6666666865348816 1.0
v 0.5630871653556824 -0.1599387675523758 -0.025205109268426895 0.0 0.6666666865348816 1.0
v 0.41103991866111755 0.0006611774442717433 0.061271782964468 0.0 0.6666666865348816 1.0
v 0.682824432849884 0.5708385109901428 -0.09742756932973862 0.0 0.6666666865348816 1.0
v 0.45095232129096985 -0.06490921229124069 0.03846469148993492 0.0 0.6666666865348816 1.0
v 0.5725901126861572 -0.23216122388839722 -0.02805599570274353 0.0 0.6666666865348816 1.0
v 0.6562161445617676 0.38363027572631836 -0.07842165976762772 0.0 0.6666666865348816 1.0
v 0.4100896120071411 -0.29583102464675903 0.06222207844257355 0.0 0.6666666865348816 1.0
v 0.27134644985198975 -0.1684914231300354 0.13824571669101715 0.0 0.6666666865348816 1.0
v 0.7398421764373779 0.4349462389945984 -0.12688672542572021 0.0 0.6666666865348816 1.0
v 0.7056314945220947 -0.1494855135679245 -0.10693052411079407 0.0 0.6666666865348816 1.0
v 0.46995821595191956 0.24583742022514343 0.028011439368128777 0.0 0.6666666865348816 1.0
v 0.5098706483840942 0.36652496457099915 0.007104937452822924 0.0 0.6666666865348816 1.0
v 0.7037309408187866 0.4225923717021942 -0.10883111506700516 0.0 0.6666666865348816 1.0
v 0.627707302570343 0.23823505640029907 -0.061316341161727905 0.0 0.6666666865348816 1.0
v 0.6524149775505066 -0.015493846498429775 -0.07557076960802078 0.0 0.6666666865348816 1.0
v 0.48896414041519165 -0.19129851460456848 0.018508484587073326 0.0 0.6666666865348816 1.0
v 0.49086472392082214 0.39408352971076965 0.01755818910896778 0.0 0.6666666865348816 1.0
v 0.6191546320915222 0.20687530934810638 -0.05466426908969879 0.0 0.6666666865348816 1.0
v 0.21622931957244873 0.07098304480314255 0.17245635390281677 0.0 0.6666666865348816 1.0
v 0.3483203947544098 0.1755155473947525 0.09833330661058426 0.0 0.6666666865348816 1.0
v 0.3236127197742462 0.08428718149662018 0.11163744330406189 0.0 0.6666666865348816 1.0
v 0.6647688150405884 0.26104214787483215 -0.08697431534528732 0.0 0.6666666865348816 1.0
v 0.43574759364128113 0.3209107518196106 0.04606705531477928 0.0 0.6666666865348816 1.0
v 0.6885262131690979 0.19832263886928558 -0.09362638741731644 0.0 0.6666666865348816 1.0
v 0.6552658677101135 0.07573452591896057 -0.07462047785520554 0.0 0.6666666865348816 1.0
v 0.4918150305747986 -0.12952931225299835 0.014707301743328571 0.0 0.6666666865348816 1.0
v 0.37302806973457336 -0.15328669548034668 0.08312857896089554 0.0 0.6666666865348816 1.0
v 0.3948848843574524 0.08808836340904236 0.06982444226741791 0.0 0.6666666865348816 1.0
v 0.30270621180534363 -0.14188314974308014 0.12399128824472427 0.0 0.6666666865348816 1.0
v 0.22478199005126953 -0.14663462340831757 0.17150606215000153 0.0 0.6666666865348816 1.0
v 0.6771226525306702 -0.5115481019020081 -0.09552697837352753 0.0 0.6666666865348816 1.0
v 0.2114778459072113 -0.01074236910790205 0.17340664565563202 0.0 0.6666666865348816 1.0
v 0.4937156140804291 0.3066563308238983 0.014707301743328571 0.0 0.6666666865348816 1.0
v 0.6068007946014404 -0.515349268913269 -0.053713973611593246 0.0 0.6666666865348816 1.0
v 0.4433499574661255 -0.13333049416542053 0.04511675983667374 0.0 0.6666666865348816 1.0
v 0.2285831719636917 0.19547176361083984 0.17625753581523895 0.0 0.6666666865348816 1.0
v 0.7065818309783936 0.04722565785050392 -0.109781414270401 0.0 0.6666666865348816 1.0
v 0.37682926654815674 0.17076407372951508 0.0821782797574997 0.0 0.6666666865348816 1.0
v 0.741742730140686 0.5841426253318787 -0.1306879073381424 0.0 0.6666666865348816 1.0
v 0.42814522981643677 0.11279604583978653 0.04891794174909592 0.0 0.6666666865348816 1.0
v 0.5716398358345032 -0.043052416294813156 -0.03185717761516571 0.0 0.6666666865348816 1.0
v 0.576391339302063 -0.12952931225299835 -0.036608655005693436 0.0 0.6666666865348816 1.0
v 0.5355286002159119 -0.05635655298829079 -0.013801563531160355 0.0 0.6666666865348816 1.0
v 0.4072387218475342 -0.3461966812610626 0.061271782964468 0.0 0.6666666865348816 1.0
v 0.7208362221717834 0.10329309105873108 -0.11263229697942734 0.0 0.6666666865348816 1.0
v 0.521274209022522 -0.2426144778728485 -0.004298608284443617 0.0 0.6666666865348816 1.0
v 0.7312895059585571 -0.14568433165550232 -0.12213525176048279 0.0 0.6666666865348816 1.0
v 0.7341403961181641 -0.20270206034183502 -0.12403584271669388 0.0 0.6666666865348816 1.0
v 0.6505143642425537 0.5708385109901428 -0.0717695876955986 0.0 0.6666666865348816 1.0
v 0.4271949231624603 0.05957949906587601 0.05461971461772919 0.0 0.6666666865348816 1.0
v 0.34737011790275574 -0.19034822285175323 0.09738301485776901 0.0 0.6666666865348816 1.0
v 0.4519025981426239 0.40833795070648193 0.041315577924251556 0.0 0.6666666865348816 1.0
v 0.5459818840026855 -0.33574342727661133 -0.019503336399793625 0.0 0.6666666865348816 1.0
v 0.7160847783088684 0.37507760524749756 -0.11168200522661209 0.0 0.6666666865348816 1.0
v 0.2751476466655731 -0.0012394136283546686 0.1391960084438324 0.0 0.6666666865348816 1.0
v 0.6647688150405884 -0.06015773490071297 -0.08507372438907623 0.0 0.6666666865348816 1.0
v 0.6049001812934875 0.4919639527797699 -0.046111609786748886 0.0 0.6666666865348816 1.0
v 0.7284386157989502 0.3484693467617035 -0.11453288793563843 0.0 0.6666666865348816 1.0
v 0.5440812706947327 0.20022323727607727 -0.013801563531160355 0.0 0.6666666865348816 1.0
v 0.6666693687438965 0.33896636962890625 -0.08127254247665405 0.0 0.6666666865348816 1.0
v 0.6163037419319153 -0.23786300420761108 -0.05656486004590988 0.0 0.6666666865348816 1.0
v 0.5383794903755188 0.30095455050468445 -0.011900972574949265 0.0 0.6666666865348816 1.0
v 0.7170350551605225 0.080485999584198 -0.1202346608042717 0.0 0.6666666865348816 1.0
v 0.6571664214134216 0.4282941520214081 -0.07937195152044296 0.0 0.6666666865348816 1.0
v 0.6182043552398682 -0.430772989988327 -0.061316341161727905 0.0 0.6666666865348816 1.0
v 0.2827500104904175 0.029170043766498566 0.13539482653141022 0.0 0.6666666865348816 1.0
v 0.5716398358345032 0.48721247911453247 -0.02615540474653244 0.0 0.6666666865348816 1.0
v 0.39013341069221497 0.2553403675556183 0.07267532497644424 0.0 0.6666666865348816 1.0
v 0.6771226525306702 -0.26257067918777466 -0.09457667917013168 0.0 0.6666666865348816 1.0
v 0.4851629436016083 0.0225179735571146 0.018508484587073326 0.0 0.6666666865348816 1.0
v 0.4243440330028534 -0.27302393317222595 0.05176882818341255 0.0 0.6666666865348816 1.0
v 0.20577606558799744 -0.22645944356918335 0.18100902438163757 0.0 0.6666666865348816 1.0
v 0.33311566710472107 0.1184978187084198 0.1097368523478508 0.0 0.6666666865348816 1.0
v 0.5421806573867798 -0.2046026587486267 -0.011900972574949265 0.0 0.6666666865348816 1.0
v 0.6780729293823242 -0.38515880703926086 -0.0926760882139206 0.0 0.6666666865348816 1.0
v 0.4918150305747986 -0.3309919536113739 0.014707301743328571 0.0 0.6666666865348816 1.0
v 0.5165227055549622 0.19737234711647034 0.0023534600622951984 0.0 0.6666666865348816 1.0
v 0.16776424646377563 0.06718186289072037 0.20096522569656372 0.0 0.6666666865348816 1.0
v 0.5697392821311951 0.3551214039325714 -0.02615540474653244 0.0 0.6666666865348816 1.0
v 0.6505143642425537 -0.38515880703926086 -0.07937195152044296 0.0 0.6666666865348816 1.0
v 0.5554848313331604 0.027269450947642326 -0.02045363187789917 0.0 0.6666666865348816 1.0
v 0.18772046267986298 0.07953570783138275 0.19051197171211243 0.0 0.6666666865348816 1.0
v 0.6096516847610474 0.5575343370437622 -0.053713973611593246 0.0 0.6666666865348816 1.0
v 0.3274138867855072 0.02061738260090351 0.11068715155124664 0.0 0.6666666865348816 1.0
v 0.6685699820518494 -0.0820145308971405 -0.08982520550489426 0.0 0.6666666865348816 1.0
v 0.7046812176704407 -0.617030918598175 -0.11168200522661209 0.0 0.6666666865348816 1.0
v 0.6201049089431763 0.45775333046913147 -0.05656486004590988 0.0 0.6666666865348816 1.0
v 0.5326777100563049 0.1289510726928711 -0.007149495184421539 0.0 0.6666666865348816 1.0
v 0.4946659207344055 -0.06966069340705872 0.01565759815275669 0.0 0.6666666865348816 1.0
v 0.5782918930053711 0.5242739915847778 -0.03185717761516571 0.0 0.6666666865348816 1.0
v 0.5754410028457642 0.06338068097829819 -0.032807473093271255 0.0 0.6666666865348816 1.0
v 0.5944469571113586 0.3104575276374817 -0.046111609786748886 0.0 0.6666666865348816 1.0
v 0.4775605797767639 -0.00884177815169096 0.02516055293381214 0.0 0.6666666865348816 1.0
v 0.6258066892623901 0.32851311564445496 -0.06606781482696533 0.0 0.6666666865348816 1.0
v 0.43004581332206726 -0.4469280242919922 0.05176882818341255 0.0 0.6666666865348816 1.0
v 0.49941739439964294 0.13655343651771545 0.009955824352800846 0.0 0.6666666865348816 1.0
v 0.4984670877456665 0.21637825667858124 0.01755818910896778 0.0 0.6666666865348816 1.0
v 0.2684955894947052 0.1251498907804489 0.13824571669101715 0.0 0.6666666865348816 1.0
v 0.2323843538761139 0.1356031447649002 0.15915222465991974 0.0 0.6666666865348816 1.0
v 0.690426766872406 -0.7139610648155212 -0.10312934219837189 0.0 0.6666666865348816 1.0
v 0.5858942866325378 -0.3262404799461365 -0.044211018830537796 0.0 0.6666666865348816 1.0
v 0.3568730652332306 0.25248947739601135 0.09263153374195099 0.0 0.6666666865348816 1.0
v 0.7141841650009155 -0.21030442416667938 -0.11358259618282318 0.0 0.6666666865348816 1.0
v 0.7208362221717834 0.2657936215400696 -0.11643347889184952 0.0 0.6666666865348816 1.0
v 0.3863322138786316 -0.4070155918598175 0.07457591593265533 0.0 0.6666666865348816 1.0
v 0.5383794903755188 0.4377971291542053 -0.008099790662527084 0.0 0.6666666865348816 1.0
v 0.2494896650314331 -0.009792073629796505 0.15250015258789062 0.0 0.6666666865348816 1.0
v 0.37112748622894287 -0.34049490094184875 0.08122798800468445 0.0 0.6666666865348816 1.0
v 0.686625599861145 -0.23976358771324158 -0.09837786108255386 0.0 0.6666666865348816 1.0
v 0.5621368885040283 0.215427964925766 -0.023304518312215805 0.0 0.6666666865348816 1.0
v 0.5526339411735535 0.11279604583978653 -0.019503336399793625 0.0 0.6666666865348816 1.0
v 0.6419616937637329 -0.14568433165550232 -0.07081929594278336 0.0 0.6666666865348816 1.0
v 0.41294050216674805 -0.14378374814987183 0.06032148748636246 0.0 0.6666666865348816 1.0
v 0.25899261236190796 0.08428718149662018 0.14109660685062408 0.0 0.6666666865348816 1.0
v 0.576391339302063 -0.36805349588394165 -0.038509245961904526 0.0 0.6666666865348816 1.0
v 0.4072387218475342 -0.43742504715919495 0.06697355210781097 0.0 0.6666666865348816 1.0
v 0.45760437846183777 0.32471194863319397 0.0337132103741169 0.0 0.6666666865348816 1.0
v 0.46615704894065857 -0.2673221528530121 0.02516055293381214 0.0 0.6666666865348816 1.0
v 0.6125025749206543 -0.6227326989173889 -0.05656486004590988 0.0 0.6666666865348816 1.0
v 0.15255951881408691 -0.08676601201295853 0.2152196615934372 0.0 0.6666666865348816 1.0
v 0.6847249865531921 0.3418172597885132 -0.09837786108255386 0.0 0.6666666865348816 1.0
v 0.7265380024909973 0.05672861263155937 -0.1202346608042717 0.0 0.6666666865348816 1.0
v 0.2979547381401062 -0.10197073966264725 0.12399128824472427 0.0 0.6666666865348816 1.0
v 0.4100896120071411 -0.05825714394450188 0.061271782964468 0.0 0.6666666865348816 1.0
v 0.34546950459480286 -0.046853598207235336 0.09833330661058426 0.0 0.6666666865348816 1.0
v 0.26279380917549133 -0.13428078591823578 0.14489778876304626 0.0 0.6666666865348816 1.0
v 0.5953972339630127 0.19547176361083984 -0.046111609786748886 0.0 0.6666666865348816 1.0
v 0.7360409498214722 0.3066563308238983 -0.12403584271669388 0.0 0.6666666865348816 1.0
v 0.4471511244773865 0.09759131819009781 0.0422658734023571 0.0 0.6666666865348816 1.0
v 0.4395487606525421 0.13180196285247803 0.041315577924251556 0.0 0.6666666865348816 1.0
v 0.6010990142822266 0.37697818875312805 -0.044211018830537796 0.0 0.6666666865348816 1.0
v 0.4376481771469116 -0.4659339189529419 0.04606705531477928 0.0 0.6666666865348816 1.0
v 0.3017559051513672 -0.2910795509815216 0.12589187920093536 0.0 0.6666666865348816 1.0
v 0.5336280465126038 -0.5476593375205994 -0.010000381618738174 0.0 0.6666666865348816 1.0
v 0.5887451767921448 -0.518200159072876 -0.04326072335243225 0.0 0.6666666865348816 1.0
v 0.3948848843574524 -0.01074236910790205 0.07267532497644424 0.0 0.6666666865348816 1.0
v 0.5051191449165344 -0.3176878094673157 0.005204346496611834 0.0 0.6666666865348816 1.0
v 0.31601035594940186 -0.17134231328964233 0.11543862521648407 0.0 0.6666666865348816 1.0
v 0.17441631853580475 -0.12762871384620667 0.1981143355369568 0.0 0.6666666865348816 1.0
v 0.3188612461090088 -0.08391512185335159 0.11448833346366882 0.0 0.6666666865348816 1.0
v 0.5231747627258301 0.4748586416244507 -0.0023980175610631704 0.0 0.6666666865348816 1.0
v 0.36447542905807495 -0.3081848621368408 0.08597946912050247 0.0 0.6666666865348816 1.0
v 0.521274209022522 -0.42031973600387573 -0.0033483130391687155 0.0 0.6666666865348816 1.0
v 0.3692269027233124 -0.408916175365448 0.08883035182952881 0.0 0.6666666865348816 1.0
v 0.6780729293823242 -0.5666652321815491 -0.09837786108255386 0.0 0.6666666865348816 1.0
v 0.38538193702697754 -0.1304796040058136 0.07552621513605118 0.0 0.6666666865348816 1.0
v 0.2703961730003357 -0.26257067918777466 0.1391960084438324 0.0 0.6666666865348816 1.0
v 0.5849440097808838 0.44634976983070374 -0.03565835952758789 0.0 0.6666666865348816 1.0
v 0.7426930665969849 0.09283984452486038 -0.1287873238325119 0.0 0.6666666865348816 1.0
v 0.5013179779052734 0.4434988796710968 0.011856415309011936 0.0 0.6666666865348816 1.0
v 0.587794840335846 0.038672998547554016 -0.042310427874326706 0.0 0.6666666865348816 1.0
v 0.23998671770095825 -0.25211742520332336 0.1582019180059433 0.0 0.6666666865348816 1.0
v 0.2837003171443939 -0.06395892053842545 0.13444453477859497 0.0 0.6666666865348816 1.0
v 0.4262446463108063 0.3570219874382019 0.05461971461772919 0.0 0.6666666865348816 1.0
v 0.7160847783088684 0.44064798951148987 -0.109781414270401 0.0 0.6666666865348816 1.0
v 0.5203238725662231 0.3019048571586609 0.0004528690769802779 0.0 0.6666666865348816 1.0
v 0.5355286002159119 0.07478422671556473 -0.008099790662527084 0.0 0.6666666865348816 1.0
v 0.5896954536437988 0.5575343370437622 -0.02995658665895462 0.0 0.6666666865348816 1.0
v 0.1943725198507309 0.1375037282705307 0.1838598996400833 0.0 0.6666666865348816 1.0
v 0.4880138337612152 -0.25021684169769287 0.014707301743328571 0.0 0.6666666865348816 1.0
v 0.6220055222511292 -0.48779070377349854 -0.063216932117939 0.0 0.6666666865348816 1.0
v 0.40438783168792725 0.12990136444568634 0.06507296115159988 0.0 0.6666666865348816 1.0
v 0.7360409498214722 0.03582211211323738 -0.12213525176048279 0.0 0.6666666865348816 1.0
v 0.242837592959404 -0.1684914231300354 0.15535104274749756 0.0 0.6666666865348816 1.0
v 0.5089203715324402 0.2306326925754547 0.007104937452822924 0.0 0.6666666865348816 1.0
v 0.4481014311313629 0.19072027504444122 0.04511675983667374 0.0 0.6666666865348816 1.0
v 0.7046812176704407 -0.4678345024585724 -0.10883111506700516 0.0 0.6666666865348816 1.0
v 0.19627311825752258 -0.1874973326921463 0.185760498046875 0.0 0.6666666865348816 1.0
v 0.6676197052001953 -0.6626451015472412 -0.09172579646110535 0.0 0.6666666865348816 1.0
v 0.6096516847610474 -0.17419320344924927 -0.05561456456780434 0.0 0.6666666865348816 1.0
v 0.24853937327861786 -0.28727835416793823 0.15535104274749756 0.0 0.6666666865348816 1.0
v 0.6638185381889343 -0.5476593375205994 -0.08792461454868317 0.0 0.6666666865348816 1.0
v 0.3426186144351959 -0.1371316760778427 0.10118419677019119 0.0 0.6666666865348816 1.0
v 0.6875758767127991 -0.5248522162437439 -0.10693052411079407 0.0 0.6666666865348816 1.0
v 0.6533652544021606 -0.2169564962387085 -0.07937195152044296 0.0 0.6666666865348816 1.0
v 0.6780729293823242 0.6002976298332214 -0.08697431534528732 0.0 0.6666666865348816 1.0
v 0.24188730120658875 0.1755155473947525 0.1563013345003128 0.0 0.6666666865348816 1.0
v 0.6581167578697205 0.5385284423828125 -0.07842165976762772 0.0 0.6666666865348816 1.0
v 0.43384701013565063 -0.39751264452934265 0.04796764627099037 0.0 0.6666666865348816 1.0
v 0.7094327211380005 -0.28537777066230774 -0.11263229697942734 0.0 0.6666666865348816 1.0
v 0.4832623600959778 -0.21410560607910156 0.01945878006517887 0.0 0.6666666865348816 1.0
v 0.5963475108146667 -0.28347718715667725 -0.049912791699171066 0.0 0.6666666865348816 1.0
v 0.6486138105392456 -0.45453038811683655 -0.07557076960802078 0.0 0.6666666865348816 1.0
v 0.7312895059585571 -0.44977888464927673 -0.12688672542572021 0.0 0.6666666865348816 1.0
v 0.49561619758605957 -0.11052339524030685 0.009005528874695301 0.0 0.6666666865348816 1.0
v 0.26279380917549133 0.05672861263155937 0.1458480805158615 0.0 0.6666666865348816 1.0
v 0.4813617765903473 -0.1561375856399536 0.02135937102138996 0.0 0.6666666865348816 1.0
v 0.35782334208488464 0.20782560110092163 0.09263153374195099 0.0 0.6666666865348816 1.0
v 0.5364789366722107 0.23348358273506165 -0.008099790662527084 0.0 0.6666666865348816 1.0
v 0.3882327973842621 0.11659722775220871 0.07742680609226227 0.0 0.6666666865348816 1.0
v 0.5355286002159119 -0.44787830114364624 -0.01285126805305481 0.0 0.6666666865348816 1.0
v 0.34071803092956543 0.14700669050216675 0.10213448852300644 0.0 0.6666666865348816 1.0
v 0.3502209782600403 0.12800078094005585 0.0992836058139801 0.0 0.6666666865348816 1.0
v 0.28179970383644104 -0.33004167675971985 0.14204689860343933 0.0 0.6666666865348816 1.0
v 0.1858198642730713 -0.1494855135679245 0.1876610815525055 0.0 0.6666666865348816 1.0
v 0.4918150305747986 -0.3899102807044983 0.013757006265223026 0.0 0.6666666865348816 1.0
v 0.22098080813884735 -0.07536246627569199 0.16295340657234192 0.0 0.6666666865348816 1.0
v 0.7094327211380005 0.6687189340591431 -0.10217904299497604 0.0 0.6666666865348816 1.0
v 0.365425705909729 -0.031648870557546616 0.08788006007671356 0.0 0.6666666865348816 1.0
v 0.525075376033783 0.16221141815185547 -0.0033483130391687155 0.0 0.6666666865348816 1.0
v 0.40058666467666626 -0.1960499882698059 0.06507296115159988 0.0 0.6666666865348816 1.0
v 0.47375941276550293 0.12324929982423782 0.029912030324339867 0.0 0.6666666865348816 1.0
v 0.587794840335846 -0.17324289679527283 -0.038509245961904526 0.0 0.6666666865348816 1.0
v 0.5630871653556824 -0.2654215693473816 -0.025205109268426895 0.0 0.6666666865348816 1.0
v 0.34737011790275574 -0.34239551424980164 0.10118419677019119 0.0 0.6666666865348816 1.0
v 0.2741973400115967 0.2429865300655365 0.14489778876304626 0.0 0.6666666865348816 1.0
v 0.3188612461090088 -0.2758748233318329 0.11733921617269516 0.0 0.6666666865348816 1.0
v 0.528876543045044 0.3399166762828827 -0.008099790662527084 0.0 0.6666666865348816 1.0
v 0.2770482301712036 0.06908245384693146 0.13824571669101715 0.0 0.6666666865348816 1.0
v 0.7122836112976074 -0.35760024189949036 -0.11358259618282318 0.0 0.6666666865348816 1.0
v 0.5193735957145691 -0.16278965771198273 0.0004528690769802779 0.0 0.6666666865348816 1.0
v 0.5621368885040283 -0.5543113946914673 -0.025205109268426895 0.0 0.6666666865348816 1.0
v 0.5022682547569275 0.33706578612327576 0.009955824352800846 0.0 0.6666666865348816 1.0
v 0.41674166917800903 0.23158298432826996 0.05652030557394028 0.0 0.6666666865348816 1.0
v 0.6334090828895569 0.07858540862798691 -0.06511752307415009 0.0 0.6666666865348816 1.0
v 0.7113332748413086 0.5480313897132874 -0.10693052411079407 0.0 0.6666666865348816 1.0
v 0.5545345544815063 0.4244929850101471 -0.015702154487371445 0.0 0.6666666865348816 1.0
v 0.3017559051513672 0.07668481767177582 0.12304098904132843 0.0 0.6666666865348816 1.0
v 0.7141841650009155 -0.434574156999588 -0.11263229697942734 0.0 0.6666666865348816 1.0
v 0.5896954536437988 -0.5799694061279297 -0.04326072335243225 0.0 0.6666666865348816 1.0
v 0.686625599861145 -0.6664462685585022 -0.09932816028594971 0.0 0.6666666865348816 1.0
v 0.46140557527542114 -0.37660613656044006 0.03086232580244541 0.0 0.6666666865348816 1.0
v 0.7255877256393433 0.3921829164028168 -0.11833406984806061 0.0 0.6666666865348816 1.0
v 0.6714208722114563 -0.34239551424980164 -0.0907754972577095 0.0 0.6666666865348816 1.0
v 0.441449373960495 0.015865905210375786 0.04511675983667374 0.0 0.6666666865348816 1.0
v 0.636259913444519 -0.6322356462478638 -0.06986899673938751 0.0 0.6666666865348816 1.0
v 0.2409370094537735 0.1184978187084198 0.15725162625312805 0.0 0.6666666865348816 1.0
v 0.7018303275108337 -0.035450052469968796 -0.10598022490739822 0.0 0.6666666865348816 1.0
v 0.7151344418525696 0.0035120639950037003 -0.11643347889184952 0.0 0.6666666865348816 1.0
v 0.7341403961181641 0.2876504361629486 -0.12213525176048279 0.0 0.6666666865348816 1.0
v 0.6220055222511292 -0.3015328049659729 -0.061316341161727905 0.0 0.6666666865348816 1.0
v 0.4851629436016083 0.27529656887054443 0.01945878006517887 0.0 0.6666666865348816 1.0
v 0.7094327211380005 0.1964220553636551 -0.10693052411079407 0.0 0.6666666865348816 1.0
v 0.32646360993385315 0.22968240082263947 0.11353803426027298 0.0 0.6666666865348816 1.0
v 0.7122836112976074 0.46155449748039246 -0.11168200522661209 0.0 0.6666666865348816 1.0
v 0.44049906730651855 0.22303032875061035 0.04796764627099037 0.0 0.6666666865348816 1.0
v 0.7170350551605225 0.22588121891021729 -0.11263229697942734 0.0 0.6666666865348816 1.0
v 0.6742717623710632 -0.025947097688913345 -0.08697431534528732 0.0 0.6666666865348816 1.0
v 0.42814522981643677 -0.12287724018096924 0.04986823722720146 0.0 0.6666666865348816 1.0
v 0.15255951881408691 -0.11052339524030685 0.20761729776859283 0.0 0.6666666865348816 1.0
v 0.27134644985198975 -0.1874973326921463 0.1391960084438324 0.0 0.6666666865348816 1.0
v 0.580192506313324 -0.20080147683620453 -0.0337577685713768 0.0 0.6666666865348816 1.0
v 0.6552658677101135 0.13845402002334595 -0.07652106881141663 0.0 0.6666666865348816 1.0
v 0.5573853850364685 -0.05730684846639633 -0.02425481379032135 0.0 0.6666666865348816 1.0
v 0.7037309408187866 0.2562906742095947 -0.10502993315458298 0.0 0.6666666865348816 1.0
v 0.6552658677101135 -0.4260215163230896 -0.07937195152044296 0.0 0.6666666865348816 1.0
v 0.5478824377059937 0.3427675664424896 -0.01665244996547699 0.0 0.6666666865348816 1.0
v 0.46615704894065857 0.2914516031742096 0.02896173484623432 0.0 0.6666666865348816 1.0
v 0.6581167578697205 -0.5723670125007629 -0.0822228416800499 0.0 0.6666666865348816 1.0
v 0.7388918399810791 -0.025947097688913345 -0.12688672542572021 0.0 0.6666666865348816 1.0
v 0.685675323009491 -0.14663462340831757 -0.10027845203876495 0.0 0.6666666865348816 1.0
v 0.3882327973842621 -0.039251234382390976 0.08122798800468445 0.0 0.6666666865348816 1.0
v 0.6438623070716858 0.4767592251300812 -0.06796840578317642 0.0 0.6666666865348816 1.0
v 0.4091393053531647 0.1859688013792038 0.06222207844257355 0.0 0.6666666865348816 1.0
v 0.7027806043624878 0.5166716575622559 -0.10027845203876495 0.0 0.6666666865348816 1.0
v 0.7255877256393433 -0.07536246627569199 -0.1202346608042717 0.0 0.6666666865348816 1.0
v 0.4918150305747986 -0.4678345024585724 0.010906119830906391 0.0 0.6666666865348816 1.0
v 0.7084823846817017 -0.32148900628089905 -0.10883111506700516 0.0 0.6666666865348816 1.0
v 0.3188612461090088 -0.37470555305480957 0.11258774250745773 0.0 0.6666666865348816 1.0
v 0.7227368354797363 -0.177044078707695 -0.11738377809524536 0.0 0.6666666865348816 1.0
v 0.6324587464332581 0.05577831715345383 -0.06701811403036118 0.0 0.6666666865348816 1.0
v 0.33881744742393494 0.07478422671556473 0.10213448852300644 0.0 0.6666666865348816 1.0
v 0.32646360993385315 0.26104214787483215 0.10593567043542862 0.0 0.6666666865348816 1.0
v 0.5013179779052734 0.1546090543270111 0.006154641974717379 0.0 0.6666666865348816 1.0
v 0.20862695574760437 -0.2464156597852707 0.1838598996400833 0.0 0.6666666865348816 1.0
v 0.36827659606933594 0.10044220834970474 0.08692976087331772 0.0 0.6666666865348816 1.0
v 0.46330615878105164 0.02821974828839302 0.03086232580244541 0.0 0.6666666865348816 1.0
v 0.38348132371902466 -0.32814106345176697 0.07552621513605118 0.0 0.6666666865348816 1.0
v 0.6704705953598022 0.6297568082809448 -0.0803222507238388 0.0 0.6666666865348816 1.0
v 0.6429120302200317 0.6069496870040894 -0.06226663663983345 0.0 0.6666666865348816 1.0
v 0.35592275857925415 -0.27302393317222595 0.09358183294534683 0.0 0.6666666865348816 1.0
v 0.631508469581604 -0.17989496886730194 -0.063216932117939 0.0 0.6666666865348816 1.0
v 0.6875758767127991 0.38363027572631836 -0.09552697837352753 0.0 0.6666666865348816 1.0
v 0.6191546320915222 -0.031648870557546616 -0.05561456456780434 0.0 0.6666666865348816 1.0
v 0.30270621180534363 -0.20555295050144196 0.12494157999753952 0.0 0.6666666865348816 1.0
v 0.6818740963935852 0.002561768516898155 -0.09172579646110535 0.0 0.6666666865348816 1.0
v 0.49561619758605957 -0.016444141045212746 0.01565759815275669 0.0 0.6666666865348816 1.0
v 0.6467131972312927 -0.3671031892299652 -0.07557076960802078 0.0 0.6666666865348816 1.0
v 0.5146220922470093 -0.35284876823425293 -0.0004974264302290976 0.0 0.6666666865348816 1.0
v 0.6429120302200317 0.5546834468841553 -0.06796840578317642 0.0 0.6666666865348816 1.0
v 0.6419616937637329 -0.5039457678794861 -0.07462047785520554 0.0 0.6666666865348816 1.0
v 0.26279380917549133 -0.03259916603565216 0.1496492624282837 0.0 0.6666666865348816 1.0
v 0.5440812706947327 -0.08961689472198486 -0.01855304092168808 0.0 0.6666666865348816 1.0
v 0.5592859983444214 -0.5239019393920898 -0.02615540474653244 0.0 0.6666666865348816 1.0
v 0.7246374487876892 0.679172158241272 -0.11168200522661209 0.0 0.6666666865348816 1.0
v 0.576391339302063 -0.07916364818811417 -0.0337577685713768 0.0 0.6666666865348816 1.0
v 0.6818740963935852 0.26959481835365295 -0.0907754972577095 0.0 0.6666666865348816 1.0
v 0.34071803092956543 -0.3585505187511444 0.09643271565437317 0.0 0.6666666865348816 1.0
v 0.27799853682518005 -0.09911984950304031 0.1391960084438324 0.0 0.6666666865348816 1.0
v 0.4671073257923126 -0.48208895325660706 0.02706114389002323 0.0 0.6666666865348816 1.0
v 0.15065893530845642 0.00541265495121479 0.21046817302703857 0.0 0.6666666865348816 1.0
v 0.4899144172668457 0.09854161739349365 0.01945878006517887 0.0 0.6666666865348816 1.0
v 0.41484108567237854 -0.3138866424560547 0.05937119200825691 0.0 0.6666666865348816 1.0
v 0.529826819896698 -0.0734618753194809 -0.013801563531160355 0.0 0.6666666865348816 1.0
v 0.6163037419319153 0.1565096378326416 -0.05466426908969879 0.0 0.6666666865348816 1.0
v 0.5345783233642578 -0.28157660365104675 -0.010000381618738174 0.0 0.6666666865348816 1.0
v 0.4756599962711334 -0.2426144778728485 0.02516055293381214 0.0 0.6666666865348816 1.0
v 0.45950496196746826 -0.30248308181762695 0.03466350585222244 0.0 0.6666666865348816 1.0
v 0.7265380024909973 0.12039840966463089 -0.12403584271669388 0.0 0.6666666865348816 1.0
v 0.6201049089431763 -0.32814106345176697 -0.06606781482696533 0.0 0.6666666865348816 1.0
v 0.34737011790275574 -0.23786300420761108 0.09833330661058426 0.0 0.6666666865348816 1.0
v 0.6087013483047485 -0.4706853926181793 -0.05751515552401543 0.0 0.6666666865348816 1.0
v 0.47185882925987244 0.08428718149662018 0.029912030324339867 0.0 0.6666666865348816 1.0
v 0.5146220922470093 0.2562906742095947 -0.0014477219665423036 0.0 0.6666666865348816 1.0
v 0.7189356684684753 -0.1371316760778427 -0.11263229697942734 0.0 0.6666666865348816 1.0
v 0.6182043552398682 -0.6578935980796814 -0.05561456456780434 0.0 0.6666666865348816 1.0
v 0.4728091061115265 0.18121732771396637 0.02325996197760105 0.0 0.6666666865348816 1.0
v 0.6961285471916199 0.29240190982818604 -0.1012287512421608 0.0 0.6666666865348816 1.0
v 0.17536661028862 0.09759131819009781 0.19526344537734985 0.0 0.6666666865348816 1.0
v 0.5906457304954529 -0.004090300295501947 -0.03945954144001007 0.0 0.6666666865348816 1.0
v 0.7208362221717834 -0.3918108642101288 -0.12213525176048279 0.0 0.6666666865348816 1.0
v 0.42149314284324646 0.2762468755245209 0.05366941913962364 0.0 0.6666666865348816 1.0
v 0.6410114169120789 0.37032613158226013 -0.06606781482696533 0.0 0.6666666865348816 1.0
v 0.7265380024909973 -0.7177622318267822 -0.11928436905145645 0.0 0.6666666865348816 1.0
v 0.5079700350761414 -0.12287724018096924 0.006154641974717379 0.0 0.6666666865348816 1.0
v 0.6913771033287048 0.5556337833404541 -0.09457667917013168 0.0 0.6666666865348816 1.0
v 0.3758789598941803 0.01111442781984806 0.0821782797574997 0.0 0.6666666865348816 1.0
v 0.496566504240036 -0.28347718715667725 0.010906119830906391 0.0 0.6666666865348816 1.0
v 0.6961285471916199 -0.6331859230995178 -0.10502993315458298 0.0 0.6666666865348816 1.0
v 0.5488327741622925 0.4796101152896881 -0.01665244996547699 0.0 0.6666666865348816 1.0
v 0.5630871653556824 0.4558527171611786 -0.019503336399793625 0.0 0.6666666865348816 1.0
v 0.4243440330028534 -0.29963219165802 0.0527191236615181 0.0 0.6666666865348816 1.0
v 0.47851088643074036 -0.1371316760778427 0.02325996197760105 0.0 0.6666666865348816 1.0
v 0.6970788836479187 -0.18179556727409363 -0.10217904299497604 0.0 0.6666666865348816 1.0
v 0.6153534650802612 0.05292743071913719 -0.06036604568362236 0.0 0.6666666865348816 1.0
v 0.4557037949562073 0.15555934607982635 0.03656409680843353 0.0 0.6666666865348816 1.0
v 0.4347972869873047 -0.22931033372879028 0.04416646435856819 0.0 0.6666666865348816 1.0
v 0.19817370176315308 -0.12382753193378448 0.18290960788726807 0.0 0.6666666865348816 1.0
v 0.4538032114505768 0.25439009070396423 0.03561380133032799 0.0 0.6666666865348816 1.0
v 0.689476490020752 0.48436158895492554 -0.09742756932973862 0.0 0.6666666865348816 1.0
v 0.7037309408187866 -0.10482162237167358 -0.10693052411079407 0.0 0.6666666865348816 1.0
v 0.5944469571113586 -0.38325822353363037 -0.04516131430864334 0.0 0.6666666865348816 1.0
v 0.310308575630188 -0.05350566655397415 0.11733921617269516 0.0 0.6666666865348816 1.0
v 0.2238316833972931 0.18026703596115112 0.16960546374320984 0.0 0.6666666865348816 1.0
v 0.3692269027233124 -0.37375524640083313 0.08407887071371078 0.0 0.6666666865348816 1.0
v 0.6343593597412109 0.5736894011497498 -0.06036604568362236 0.0 0.6666666865348816 1.0
v 0.30365651845932007 -0.30913516879081726 0.12114039808511734 0.0 0.6666666865348816 1.0
v 0.5003677010536194 -0.19509969651699066 0.006154641974717379 0.0 0.6666666865348816 1.0
v 0.7331900596618652 0.5641863942146301 -0.1202346608042717 0.0 0.6666666865348816 1.0
v 0.528876543045044 -0.564764678478241 -0.00905008614063263 0.0 0.6666666865348816 1.0
v 0.5963475108146667 0.5252243280410767 -0.040409836918115616 0.0 0.6666666865348816 1.0
v 0.4395487606525421 0.20592500269412994 0.04701735079288483 0.0 0.6666666865348816 1.0
v 0.6448125839233398 -0.6683468818664551 -0.07367017865180969 0.0 0.6666666865348816 1.0
v 0.2580423355102539 -0.06395892053842545 0.14869897067546844 0.0 0.6666666865348816 1.0
v 0.4794611930847168 0.05197713524103165 0.02325996197760105 0.0 0.6666666865348816 1.0
v 0.682824432849884 0.14890727400779724 -0.0926760882139206 0.0 0.6666666865348816 1.0
v 0.6638185381889343 0.1080445721745491 -0.08127254247665405 0.0 0.6666666865348816 1.0
v 0.6638185381889343 -0.3937114477157593 -0.08602402359247208 0.0 0.6666666865348816 1.0
v 0.6438623070716858 0.29905396699905396 -0.0717695876955986 0.0 0.6666666865348816 1.0
v 0.2390364110469818 0.02821974828839302 0.1582019180059433 0.0 0.6666666865348816 1.0
v 0.6562161445617676 -0.3328925371170044 -0.07937195152044296 0.0 0.6666666865348816 1.0
v 0.6533652544021606 0.44825035333633423 -0.0803222507238388 0.0 0.6666666865348816 1.0
v 0.5013179779052734 0.2638930380344391 0.010906119830906391 0.0 0.6666666865348816 1.0
v 0.365425705909729 0.23823505640029907 0.08883035182952881 0.0 0.6666666865348816 1.0
v 0.5991984009742737 -0.039251234382390976 -0.042310427874326706 0.0 0.6666666865348816 1.0
v 0.23523522913455963 -0.10387133061885834 0.16390369832515717 0.0 0.6666666865348816 1.0
v 0.4366978704929352 -0.0924677848815918 0.04796764627099037 0.0 0.6666666865348816 1.0
v 0.39583516120910645 -0.3946617543697357 0.06792385131120682 0.0 0.6666666865348816 1.0
v 0.5117712020874023 -0.3842085003852844 -0.0004974264302290976 0.0 0.6666666865348816 1.0
v 0.7122836112976074 -0.26637187600135803 -0.11073170602321625 0.0 0.6666666865348816 1.0
v 0.1820186823606491 -0.23786300420761108 0.1943131536245346 0.0 0.6666666865348816 1.0
v 0.4119901955127716 0.30950722098350525 0.061271782964468 0.0 0.6666666865348816 1.0
v 0.6885262131690979 -0.21125471591949463 -0.09837786108255386 0.0 0.6666666865348816 1.0
v 0.32836419343948364 -0.12097664922475815 0.10783626139163971 0.0 0.6666666865348816 1.0
v 0.4176919758319855 0.3893320560455322 0.06412266939878464 0.0 0.6666666865348816 1.0
v 0.5022682547569275 -0.42507120966911316 0.0042540510185062885 0.0 0.6666666865348816 1.0
v 0.49086472392082214 -0.4868404269218445 0.01565759815275669 0.0 0.6666666865348816 1.0
v 0.38538193702697754 -0.34714698791503906 0.07552621513605118 0.0 0.6666666865348816 1.0
v 0.5203238725662231 0.08428718149662018 -0.0033483130391687155 0.0 0.6666666865348816 1.0
v 0.2513902485370636 0.07383393496274948 0.15154986083507538 0.0 0.6666666865348816 1.0
v 0.5668883919715881 0.3047557473182678 -0.02995658665895462 0.0 0.6666666865348816 1.0
v 0.690426766872406 0.4007355868816376 -0.09647727012634277 0.0 0.6666666865348816 1.0
v 0.6695202589035034 0.046275362372398376 -0.08697431534528732 0.0 0.6666666865348816 1.0
v 0.30555710196495056 -0.18369615077972412 0.11923980712890625 0.0 0.6666666865348816 1.0
v 0.5412303805351257 0.21827885508537292 -0.01285126805305481 0.0 0.6666666865348816 1.0
v 0.45095232129096985 -0.15708787739276886 0.03846469148993492 0.0 0.6666666865348816 1.0
v 0.6258066892623901 0.11279604583978653 -0.061316341161727905 0.0 0.6666666865348816 1.0
v 0.29225295782089233 0.01681620068848133 0.12969306111335754 0.0 0.6666666865348816 1.0
v 0.30365651845932007 -0.36140140891075134 0.1201901063323021 0.0 0.6666666865348816 1.0
v 0.6961285471916199 0.22683151066303253 -0.09932816028594971 0.0 0.6666666865348816 1.0
v 0.20102459192276 0.027269450947642326 0.17815813422203064 0.0 0.6666666865348816 1.0
v 0.6733214855194092 -0.6388877034187317 -0.09172579646110535 0.0 0.6666666865348816 1.0
v 0.4832623600959778 -0.4032144248485565 0.018508484587073326 0.0 0.6666666865348816 1.0
v 0.6049001812934875 -0.5866214632987976 -0.051813382655382156 0.0 0.6666666865348816 1.0
v 0.4623558521270752 0.21922914683818817 0.02896173484623432 0.0 0.6666666865348816 1.0
v 0.3445192277431488 -0.0734618753194809 0.10118419677019119 0.0 0.6666666865348816 1.0
v 0.6381605267524719 0.5337769389152527 -0.06511752307415009 0.0 0.6666666865348816 1.0
v 0.6191546320915222 -0.4022641181945801 -0.06036604568362236 0.0 0.6666666865348816 1.0
v 0.20387548208236694 0.17456525564193726 0.18671078979969025 0.0 0.6666666865348816 1.0
v 0.5687889456748962 -0.14378374814987183 -0.0337577685713768 0.0 0.6666666865348816 1.0
v 0.529826819896698 0.04817595332860947 -0.008099790662527084 0.0 0.6666666865348816 1.0
v 0.5621368885040283 0.07478422671556473 -0.027105700224637985 0.0 0.6666666865348816 1.0
v 0.29700443148612976 0.24583742022514343 0.12304098904132843 0.0 0.6666666865348816 1.0
v 0.581142783164978 0.15365876257419586 -0.03565835952758789 0.0 0.6666666865348816 1.0
v 0.5687889456748962 0.021567678079009056 -0.02805599570274353 0.0 0.6666666865348816 1.0
v 0.21432873606681824 0.05482802167534828 0.17340664565563202 0.0 0.6666666865348816 1.0
v 0.5820931196212769 0.2981036603450775 -0.034708064049482346 0.0 0.6666666865348816 1.0
v 0.4034375250339508 0.3446681499481201 0.06507296115159988 0.0 0.6666666865348816 1.0
v 0.1649133712053299 0.031070634722709656 0.2028658092021942 0.0 0.6666666865348816 1.0
v 0.4623558521270752 -0.19700029492378235 0.03086232580244541 0.0 0.6666666865348816 1.0
v 0.6029996275901794 0.05577831715345383 -0.049912791699171066 0.0 0.6666666865348816 1.0
v 0.5488327741622925 0.008263541385531425 -0.027105700224637985 0.0 0.6666666865348816 1.0
v 0.5915960669517517 -0.4507291913032532 -0.05086308717727661 0.0 0.6666666865348816 1.0
v 0.5944469571113586 0.11754752695560455 -0.04136013239622116 0.0 0.6666666865348816 1.0
v 0.6010990142822266 0.01301501877605915 -0.046111609786748886 0.0 0.6666666865348816 1.0
v 0.6638185381889343 -0.3034333884716034 -0.08602402359247208 0.0 0.6666666865348816 1.0
v 0.7065818309783936 0.09379013627767563 -0.10407963395118713 0.0 0.6666666865348816 1.0
v 0.4366978704929352 -0.3119860589504242 0.04416646435856819 0.0 0.6666666865348816 1.0
v 0.4899144172668457 0.4349462389945984 0.01945878006517887 0.0 0.6666666865348816 1.0
v 0.7217865586280823 -0.0905671939253807 -0.11643347889184952 0.0 0.6666666865348816 1.0
v 0.5526339411735535 -0.3119860589504242 -0.021403927356004715 0.0 0.6666666865348816 1.0
v 0.5355286002159119 -0.1010204404592514 -0.010000381618738174 0.0 0.6666666865348816 1.0
v 0.45285290479660034 -0.10007014870643616 0.03846469148993492 0.0 0.6666666865348816 1.0
v 0.3312150835990906 -0.32338958978652954 0.10308478772640228 0.0 0.6666666865348816 1.0
v 0.5972978472709656 0.07668481767177582 -0.046111609786748886 0.0 0.6666666865348816 1.0
v 0.2789488136768341 -0.03069857507944107 0.1372954249382019 0.0 0.6666666865348816 1.0
v 0.6590670347213745 0.22873209416866302 -0.07937195152044296 0.0 0.6666666865348816 1.0
v 0.7493451237678528 0.5404290556907654 -0.13829027116298676 0.0 0.6666666865348816 1.0
v 0.4309961199760437 -0.14853522181510925 0.04796764627099037 0.0 0.6666666865348816 1.0
v 0.5868445634841919 -0.6284344792366028 -0.03945954144001007 0.0 0.6666666865348816 1.0
v 0.6666693687438965 -0.6094285249710083 -0.08982520550489426 0.0 0.6666666865348816 1.0
v 0.631508469581604 -0.42507120966911316 -0.06796840578317642 0.0 0.6666666865348816 1.0
v 0.686625599861145 0.45680302381515503 -0.09362638741731644 0.0 0.6666666865348816 1.0
v 0.576391339302063 -0.31483691930770874 -0.036608655005693436 0.0 0.6666666865348816 1.0
v 0.4756599962711334 0.35607171058654785 0.024210257455706596 0.0 0.6666666865348816 1.0
v 0.5469321608543396 -0.5723670125007629 -0.017602745443582535 0.0 0.6666666865348816 1.0
v 0.7512456774711609 0.6981781125068665 -0.1287873238325119 0.0 0.6666666865348816 1.0
v 0.5583357214927673 -0.14378374814987183 -0.021403927356004715 0.0 0.6666666865348816 1.0
v 0.6752220392227173 -0.4896913170814514 -0.09362638741731644 0.0 0.6666666865348816 1.0
v 0.5706895589828491 0.34086698293685913 -0.032807473093271255 0.0 0.6666666865348816 1.0
v 0.7208362221717834 0.3190101683139801 -0.11263229697942734 0.0 0.6666666865348816 1.0
v 0.441449373960495 -0.3728049695491791 0.04416646435856819 0.0 0.6666666865348816 1.0
v 0.6514646410942078 0.19832263886928558 -0.07557076960802078 0.0 0.6666666865348816 1.0
v 0.6590670347213745 -0.4421765208244324 -0.08507372438907623 0.0 0.6666666865348816 1.0
v 0.5488327741622925 -0.0249968022108078 -0.01855304092168808 0.0 0.6666666865348816 1.0
v 0.24663877487182617 0.19167058169841766 0.15250015258789062 0.0 0.6666666865348816 1.0
v 0.17536661028862 -0.0059908912517130375 0.1962137520313263 0.0 0.6666666865348816 1.0
v 0.2618435025215149 -0.2948807179927826 0.14679837226867676 0.0 0.6666666865348816 1.0
v 0.3844316303730011 -0.0544559620320797 0.0802776888012886 0.0 0.6666666865348816 1.0
v 0.37302806973457336 0.1859688013792038 0.0821782797574997 0.0 0.6666666865348816 1.0
v 0.31125888228416443 -0.0249968022108078 0.118289515376091 0.0 0.6666666865348816 1.0
v 0.46330615878105164 -0.10862280428409576 0.028011439368128777 0.0 0.6666666865348816 1.0
v 0.3274138867855072 -0.2929801344871521 0.10688596963882446 0.0 0.6666666865348816 1.0
v 0.6980291604995728 -0.7443705201148987 -0.10217904299497604 0.0 0.6666666865348816 1.0
v 0.1478080451488495 0.09759131819009781 0.2133190631866455 0.0 0.6666666865348816 1.0
v 0.3606742322444916 -0.1874973326921463 0.08978065103292465 0.0 0.6666666865348816 1.0
v 0.5725901126861572 0.2562906742095947 -0.02995658665895462 0.0 0.6666666865348816 1.0
v 0.7217865586280823 -0.48779070377349854 -0.12403584271669388 0.0 0.6666666865348816 1.0
v 0.5545345544815063 -0.36805349588394165 -0.023304518312215805 0.0 0.6666666865348816 1.0
v 0.4205428659915924 -0.3518984615802765 0.05557001009583473 0.0 0.6666666865348816 1.0
v 0.6714208722114563 -0.2758748233318329 -0.08887490630149841 0.0 0.6666666865348816 1.0
v 0.44905173778533936 -0.01739443652331829 0.0422658734023571 0.0 0.6666666865348816 1.0
v 0.6590670347213745 -0.1665908396244049 -0.08697431534528732 0.0 0.6666666865348816 1.0
v 0.21622931957244873 -0.218857079744339 0.17245635390281677 0.0 0.6666666865348816 1.0
v 0.1839192807674408 0.12990136444568634 0.1924125701189041 0.0 0.6666666865348816 1.0
v 0.11739858984947205 -0.8336982727050781 -0.032807473093271255 0.0 0.0 1.0
v 0.38728252053260803 -1.0 -0.12118496000766754 0.0 0.0 1.0
v 0.1734660267829895 -0.9904970526695251 -0.11643347889184952 0.0 0.0 1.0
v 0.2580423355102539 -0.8764615654945374 -0.06226663663983345 0.0 0.0 1.0
v 0.033772584050893784 -0.944882869720459 -0.09837786108255386 0.0 0.0 1.0
v 0.27989912033081055 -0.9676899313926697 -0.10598022490739822 0.0 0.0 1.0
v 0.11929918080568314 -0.9163739681243896 -0.07652106881141663 0.0 0.0 1.0
v 0.18677015602588654 -0.8603065609931946 -0.048012200742959976 0.0 0.0 1.0
v -0.024195441976189613 -0.9790934920310974 -0.12308555096387863 0.0 0.0 1.0
v 0.09269090741872787 -0.9771928787231445 -0.11358259618282318 0.0 0.0 1.0
v 0.06608263403177261 -0.8736106753349304 -0.05751515552401543 0.0 0.0 1.0
v 0.2114778459072113 -0.9163739681243896 -0.07842165976762772 0.0 0.0 1.0
v 0.3236127197742462 -0.9372804760932922 -0.08792461454868317 0.0 0.0 1.0
v 0.16016188263893127 -0.7909349799156189 -0.00905008614063263 0.0 0.0 1.0
v 0.033772584050893784 -0.9923976063728333 -0.12403584271669388 0.0 0.0 1.0
v 0.33311566710472107 -0.9800437688827515 -0.11548318713903427 0.0 0.0 1.0
v -0.009941008873283863 -0.9144734144210815 -0.07462047785520554 0.0 0.0 1.0
v 0.14020568132400513 -0.8755112886428833 -0.05846545472741127 0.0 0.0 1.0
v 0.1839192807674408 -0.9515349268913269 -0.09457667917013168 0.0 0.0 1.0
v 0.2475890815258026 -0.9933479428291321 -0.12403584271669388 0.0 0.0 1.0
v 0.05562938004732132 -0.9125728011131287 -0.07842165976762772 0.0 0.0 1.0
v 0.2684955894947052 -0.9163739681243896 -0.07367017865180969 0.0 0.0 1.0
v 0.13450391590595245 -0.9743420481681824 -0.11168200522661209 0.0 0.0 1.0
v 0.17061513662338257 -0.9087716341018677 -0.07367017865180969 0.0 0.0 1.0
v -0.07266051322221756 -0.9828946590423584 -0.1202346608042717 0.0 0.0 1.0
v 0.17821750044822693 -0.8222947120666504 -0.02615540474653244 0.0 0.0 1.0
v 0.22288139164447784 -0.952485203742981 -0.10027845203876495 0.0 0.0 1.0
v 0.08318795263767242 -0.9372804760932922 -0.08982520550489426 0.0 0.0 1.0
v 0.22953346371650696 -0.8593562841415405 -0.046111609786748886 0.0 0.0 1.0
v 0.025219924747943878 -0.893566906452179 -0.06986899673938751 0.0 0.0 1.0
v 0.10409445315599442 -0.8812130689620972 -0.05466426908969879 0.0 0.0 1.0
v -0.009941008873283863 -0.9562864303588867 -0.09837786108255386 0.0 0.0 1.0
v 0.21242813766002655 -0.9923976063728333 -0.12403584271669388 0.0 0.0 1.0
v -0.06600844115018845 -0.9572367072105408 -0.09837786108255386 0.0 0.0 1.0
v 0.15541040897369385 -0.8489030003547668 -0.040409836918115616 0.0 0.0 1.0
v 0.039474356919527054 -0.8546047806739807 -0.034708064049482346 0.0 0.0 1.0
v 0.20387548208236694 -0.886914849281311 -0.06036604568362236 0.0 0.0 1.0
v 0.052778493613004684 -0.9676899313926697 -0.11168200522661209 0.0 0.0 1.0
v 0.12595124542713165 -0.7985373735427856 -0.008099790662527084 0.0 0.0 1.0
v 0.12595124542713165 -0.944882869720459 -0.08887490630149841 0.0 0.0 1.0
v 0.1478080451488495 -0.8222947120666504 -0.023304518312215805 0.0 0.0 1.0
v 0.022369038313627243 -0.9201751947402954 -0.08412343263626099 0.0 0.0 1.0
v -0.03369839861989021 -0.9401313662528992 -0.09552697837352753 0.0 0.0 1.0
v 0.361624538898468 -0.9819443821907043 -0.11263229697942734 0.0 0.0 1.0
v 0.0784364715218544 -0.8973680734634399 -0.06986899673938751 0.0 0.0 1.0
v 0.27609795331954956 -0.9923976063728333 -0.12118496000766754 0.0 0.0 1.0
v 0.25899261236190796 -0.949634313583374 -0.09837786108255386 0.0 0.0 1.0
v 0.2913026809692383 -0.9277775287628174 -0.0822228416800499 0.0 0.0 1.0
v 0.07938677072525024 -0.8527041673660278 -0.04706190526485443 0.0 0.0 1.0
v 0.14970864355564117 -0.9553360939025879 -0.10027845203876495 0.0 0.0 1.0
v 0.2913026809692383 -0.9040201306343079 -0.06701811403036118 0.0 0.0 1.0
v 0.0869891345500946 -0.8241953253746033 -0.02615540474653244 0.0 0.0 1.0
v 0.1649133712053299 -0.8840639591217041 -0.05656486004590988 0.0 0.0 1.0
v 0.1373547911643982 -0.9002189636230469 -0.06606781482696533 0.0 0.0 1.0
v 0.0005122413858771324 -0.9828946590423584 -0.11643347889184952 0.0 0.0 1.0
v 0.0404246523976326 -0.8726603984832764 -0.0527636781334877 0.0 0.0 1.0
v 0.11264710873365402 -0.9629384875297546 -0.10693052411079407 0.0 0.0 1.0
v 0.10409445315599442 -0.8584059476852417 -0.044211018830537796 0.0 0.0 1.0
v 0.14115597307682037 -0.9220757484436035 -0.08602402359247208 0.0 0.0 1.0
v 0.013816379010677338 -0.8802627921104431 -0.0527636781334877 0.0 0.0 1.0
v 0.18106839060783386 -0.8032888174057007 -0.008099790662527084 0.0 0.0 1.0
v 0.08318795263767242 -0.9591373205184937 -0.10027845203876495 0.0 0.0 1.0
v 0.0594305619597435 -0.9401313662528992 -0.09362638741731644 0.0 0.0 1.0
v 0.24473819136619568 -0.8954675197601318 -0.06796840578317642 0.0 0.0 1.0
v 0.10219386219978333 -0.9011692404747009 -0.07081929594278336 0.0 0.0 1.0
v 0.310308575630188 -0.9857455492019653 -0.11548318713903427 0.0 0.0 1.0
v 0.3017559051513672 -0.945833146572113 -0.0926760882139206 0.0 0.0 1.0
v 0.048977311700582504 -0.8954675197601318 -0.06416722387075424 0.0 0.0 1.0
v 0.3169606626033783 -0.9648390412330627 -0.10883111506700516 0.0 0.0 1.0
v -0.052704308182001114 -0.9695905447006226 -0.11168200522661209 0.0 0.0 1.0
v 0.18486957252025604 -0.8413006663322449 -0.03565835952758789 0.0 0.0 1.0
v 0.22098080813884735 -0.8992686867713928 -0.06606781482696533 0.0 0.0 1.0
v 0.09269090741872787 -0.9220757484436035 -0.07747136056423187 0.0 0.0 1.0
v 0.20577606558799744 -0.8698095083236694 -0.048012200742959976 0.0 0.0 1.0
v 0.010965491645038128 -0.9534355401992798 -0.09932816028594971 0.0 0.0 1.0
v 0.2323843538761139 -0.9163739681243896 -0.07937195152044296 0.0 0.0 1.0
v 0.20577606558799744 -0.942031979560852 -0.09457667917013168 0.0 0.0 1.0
v 0.2513902485370636 -0.9230260848999023 -0.08317313343286514 0.0 0.0 1.0
v 0.11169681698083878 -0.8070899844169617 -0.019503336399793625 0.0 0.0 1.0
v 0.16776424646377563 -0.8650580644607544 -0.051813382655382156 0.0 0.0 1.0
v 0.12595124542713165 -0.8660083413124084 -0.04896249622106552 0.0 0.0 1.0
v 0.054679084569215775 -0.8584059476852417 -0.046111609786748886 0.0 0.0 1.0
v 0.3293145000934601 -0.9553360939025879 -0.09742756932973862 0.0 0.0 1.0
v 0.19627311825752258 -0.9011692404747009 -0.07081929594278336 0.0 0.0 1.0
v 0.1164482906460762 -0.9800437688827515 -0.11358259618282318 0.0 0.0 1.0
v 0.2133784294128418 -0.9771928787231445 -0.11358259618282318 0.0 0.0 1.0
v 0.2390364110469818 -0.9809941053390503 -0.11358259618282318 0.0 0.0 1.0
v 0.0679832249879837 -0.9771928787231445 -0.11168200522661209 0.0 0.0 1.0
v 0.145907461643219 -0.8013882637023926 -0.011900972574949265 0.0 0.0 1.0
v 0.12119977176189423 -0.8479527235031128 -0.042310427874326706 0.0 0.0 1.0
v 0.08318795263767242 -0.8384497761726379 -0.03565835952758789 0.0 0.0 1.0
v 0.30080562829971313 -0.9724414348602295 -0.109781414270401 0.0 0.0 1.0
v 0.17441631853580475 -0.9249266386032104 -0.07842165976762772 0.0 0.0 1.0
v 0.18677015602588654 -0.8859645128250122 -0.06036604568362236 0.0 0.0 1.0
v 0.2304837554693222 -0.9401313662528992 -0.09172579646110535 0.0 0.0 1.0
v 0.031871993094682693 -0.9591373205184937 -0.10693052411079407 0.0 0.0 1.0
v 0.24853937327861786 -0.8717101216316223 -0.049912791699171066 0.0 0.0 1.0
v 0.2703961730003357 -0.9021195769309998 -0.06606781482696533 0.0 0.0 1.0
v -0.008990713395178318 -0.941081702709198 -0.09362638741731644 0.0 0.0 1.0
v -0.7587738633155823 -0.2806262969970703 -0.12593643367290497 0.6666666865348816 0.0 1.0
v -0.2513160705566406 0.002561768516898155 0.041315577924251556 0.6666666865348816 0.0 1.0
v -0.5905715823173523 -0.0440027117729187 0.011856415309011936 0.6666666865348816 0.0 1.0
v -0.3862580358982086 -0.19034822285175323 -0.06891870498657227 0.6666666865348816 0.0 1.0
v -0.10116937756538391 0.12419959157705307 0.10878656059503555 0.6666666865348816 0.0 1.0
v -0.4366236925125122 0.07193334400653839 0.07932739704847336 0.6666666865348816 0.0 1.0
v -0.5668141841888428 -0.2597197890281677 -0.10883111506700516 0.6666666865348816 0.0 1.0
v -0.7084082365036011 -0.14473403990268707 -0.03755895048379898 0.6666666865348816 0.0 1.0
v -0.4138166010379791 -0.05635655298829079 0.006154641974717379 0.6666666865348816 0.0 1.0
v -0.5221502780914307 -0.147584930062294 -0.042310427874326706 0.6666666865348816 0.0 1.0
v -0.24181310832500458 0.1184978187084198 0.10498537868261337 0.6666666865348816 0.0 1.0
v -0.6694461107254028 -0.2274097502231598 -0.09172579646110535 0.6666666865348816 0.0 1.0
v -0.35299769043922424 0.01681620068848133 0.04986823722720146 0.6666666865348816 0.0 1.0
v -0.04225105792284012 0.19357116520404816 0.15250015258789062 0.6666666865348816 0.0 1.0
v -0.149634450674057 0.036772407591342926 0.05842089653015137 0.6666666865348816 0.0 1.0
v -0.5183491110801697 0.013965314254164696 0.04701735079288483 0.6666666865348816 0.0 1.0
v -0.34064385294914246 0.12324929982423782 0.10783626139163971 0.6666666865348816 0.0 1.0
v -0.17529243230819702 0.18786939978599548 0.14489778876304626 0.6666666865348816 0.0 1.0
v -0.6143289804458618 -0.15043580532073975 -0.04516131430864334 0.6666666865348816 0.0 1.0
v -0.3244888186454773 -0.05540625751018524 0.007104937452822924 0.6666666865348816 0.0 1.0
v -0.503144383430481 -0.07251157611608505 -0.0014477219665423036 0.6666666865348816 0.0 1.0
v -0.47938698530197144 -0.21220502257347107 -0.0822228416800499 0.6666666865348816 0.0 1.0
v -0.2931290864944458 0.06528127193450928 0.07837709784507751 0.6666666865348816 0.0 1.0
v -0.3625006377696991 -0.12667842209339142 -0.034708064049482346 0.6666666865348816 0.0 1.0
v -0.44802725315093994 -0.14853522181510925 -0.048012200742959976 0.6666666865348816 0.0 1.0
v -0.7454697489738464 -0.21030442416667938 -0.07842165976762772 0.6666666865348816 0.0 1.0
v -0.6760981678962708 -0.2882286608219147 -0.12783703207969666 0.6666666865348816 0.0 1.0
v -0.22280719876289368 0.05767890810966492 0.07457591593265533 0.6666666865348816 0.0 1.0
v -0.10972204059362411 0.20687530934810638 0.15915222465991974 0.6666666865348816 0.0 1.0
v -0.34254443645477295 0.18311791121959686 0.14204689860343933 0.6666666865348816 0.0 1.0
v -0.4214189648628235 0.010164132341742516 0.04511675983667374 0.6666666865348816 0.0 1.0
v -0.4223692715167999 0.13275225460529327 0.11353803426027298 0.6666666865348816 0.0 1.0
v -0.5991242527961731 -0.2065032422542572 -0.0803222507238388 0.6666666865348816 0.0 1.0
v -0.16578947007656097 0.10994516313076019 0.10118419677019119 0.6666666865348816 0.0 1.0
v -0.18859656155109406 -0.013593255542218685 0.03181261941790581 0.6666666865348816 0.0 1.0
v -0.6285833716392517 -0.09436837583780289 -0.013801563531160355 0.6666666865348816 0.0 1.0
v -0.5687147974967957 -0.1114736944437027 -0.025205109268426895 0.6666666865348816 0.0 1.0
v -0.02704632841050625 0.13655343651771545 0.118289515376091 0.6666666865348816 0.0 1.0
v -0.2380119264125824 0.16981378197669983 0.1372954249382019 0.6666666865348816 0.0 1.0
v -0.46323198080062866 -0.029748279601335526 0.022309666499495506 0.6666666865348816 0.0 1.0
v -0.4508781135082245 -0.09341807663440704 -0.01855304092168808 0.6666666865348816 0.0 1.0
v -0.37675508856773376 0.08333688974380493 0.08692976087331772 0.6666666865348816 0.0 1.0
v -0.2912284731864929 0.14890727400779724 0.12209069728851318 0.6666666865348816 0.0 1.0
v -0.2617693245410919 -0.06966069340705872 0.0033037555404007435 0.6666666865348816 0.0 1.0
v -0.5402058959007263 -0.21600620448589325 -0.08507372438907623 0.6666666865348816 0.0 1.0
v -0.7986862659454346 -0.22645944356918335 -0.08697431534528732 0.6666666865348816 0.0 1.0
v -0.8385987281799316 -0.2673221528530121 -0.10883111506700516 0.6666666865348816 0.0 1.0
v -0.12112558633089066 0.07573452591896057 0.08502916991710663 0.6666666865348816 0.0 1.0
v -0.30453261733055115 -0.007891482673585415 0.0337132103741169 0.6666666865348816 0.0 1.0
v -0.37200361490249634 -0.027847688645124435 0.02516055293381214 0.6666666865348816 0.0 1.0
v -0.7131596803665161 -0.2549683153629303 -0.10502993315458298 0.6666666865348816 0.0 1.0
v -0.6304839849472046 -0.2692227363586426 -0.10788082331418991 0.6666666865348816 0.0 1.0
v -0.5231006145477295 -0.28537777066230774 -0.12403584271669388 0.6666666865348816 0.0 1.0
v -0.4698840379714966 0.03012033924460411 0.06032148748636246 0.6666666865348816 0.0 1.0
v -0.08596464991569519 0.16791318356990814 0.13349424302577972 0.6666666865348816 0.0 1.0
v -0.43092191219329834 -0.2340618222951889 -0.09362638741731644 0.6666666865348816 0.0 1.0
v -0.5611124038696289 -0.17324289679527283 -0.061316341161727905 0.6666666865348816 0.0 1.0
v -0.37200361490249634 -0.07916364818811417 -0.006199199706315994 0.6666666865348816 0.0 1.0
v -0.664694607257843 -0.12382753193378448 -0.02995658665895462 0.6666666865348816 0.0 1.0
v -0.14488297700881958 0.147956982254982 0.12399128824472427 0.6666666865348816 0.0 1.0
v -0.20190070569515228 0.13655343651771545 0.12304098904132843 0.6666666865348816 0.0 1.0
v -0.4385242760181427 -0.1874973326921463 -0.07271988689899445 0.6666666865348816 0.0 1.0
v -0.6589928269386292 -0.18654704093933105 -0.07081929594278336 0.6666666865348816 0.0 1.0
v -0.32163792848587036 -0.1010204404592514 -0.01855304092168808 0.6666666865348816 0.0 1.0
v -0.4955420196056366 -0.2511671483516693 -0.11073170602321625 0.6666666865348816 0.0 1.0
v -0.19904981553554535 0.02441856451332569 0.05557001009583473 0.6666666865348816 0.0 1.0
v -0.32733970880508423 0.21447767317295074 0.17055577039718628 0.6666666865348816 0.0 1.0
v -0.5278520584106445 -0.024046506732702255 0.02516055293381214 0.6666666865348816 0.0 1.0
v -0.2294592708349228 -0.04210212081670761 0.01755818910896778 0.6666666865348816 0.0 1.0
v -0.1724415421485901 0.0700327530503273 0.08312857896089554 0.6666666865348816 0.0 1.0
v -0.5449573993682861 -0.06015773490071297 0.006154641974717379 0.6666666865348816 0.0 1.0
v -0.3415941298007965 0.05957949906587601 0.07457591593265533 0.6666666865348816 0.0 1.0
v -0.3539479970932007 -0.16469024121761322 -0.05561456456780434 0.6666666865348816 0.0 1.0
v -0.45467931032180786 0.10424339026212692 0.1097368523478508 0.6666666865348816 0.0 1.0
v -0.4128662943840027 -0.11242398619651794 -0.025205109268426895 0.6666666865348816 0.0 1.0
v -0.3777053654193878 0.14035461843013763 0.1201901063323021 0.6666666865348816 0.0 1.0
v -0.28172552585601807 0.10614398121833801 0.10213448852300644 0.6666666865348816 0.0 1.0
v -0.4850887656211853 -0.12952931225299835 -0.036608655005693436 0.6666666865348816 0.0 1.0
v -0.38055625557899475 0.046275362372398376 0.06887414306402206 0.6666666865348816 0.0 1.0
v -0.30263203382492065 0.027269450947642326 0.05461971461772919 0.6666666865348816 0.0 1.0
v -0.7996366024017334 -0.28157660365104675 -0.12593643367290497 0.6666666865348816 0.0 1.0
v 0.0005122413858771324 0.2030741274356842 0.15440073609352112 0.6666666865348816 0.0 1.0
v -0.474635511636734 -0.17419320344924927 -0.061316341161727905 0.6666666865348816 0.0 1.0
v -0.5059952735900879 0.05292743071913719 0.07267532497644424 0.6666666865348816 0.0 1.0
v -0.2712722718715668 -0.027847688645124435 0.02706114389002323 0.6666666865348816 0.0 1.0
v -0.6941537857055664 -0.20080147683620453 -0.07557076960802078 0.6666666865348816 0.0 1.0
v -0.2931290864944458 0.19072027504444122 0.14869897067546844 0.6666666865348816 0.0 1.0
v -0.5763171315193176 -0.08106423914432526 -0.005248904228210449 0.6666666865348816 0.0 1.0
v -0.5307029485702515 -0.11527487635612488 -0.02615540474653244 0.6666666865348816 0.0 1.0
v -0.7388176918029785 -0.1789446771144867 -0.06036604568362236 0.6666666865348816 0.0 1.0
v -0.37865567207336426 0.18216761946678162 0.14869897067546844 0.6666666865348816 0.0 1.0
v -0.21235395967960358 0.09759131819009781 0.0992836058139801 0.6666666865348816 0.0 1.0
v -0.5069455504417419 -0.19129851460456848 -0.07081929594278336 0.6666666865348816 0.0 1.0
v -0.5307029485702515 -0.25591862201690674 -0.10312934219837189 0.6666666865348816 0.0 1.0
v -0.39576098322868347 -0.1409328579902649 -0.03945954144001007 0.6666666865348816 0.0 1.0
v -0.6808496713638306 -0.1618393510580063 -0.05656486004590988 0.6666666865348816 0.0 1.0
v -0.3159361779689789 0.0890386626124382 0.09263153374195099 0.6666666865348816 0.0 1.0
v -0.7473703026771545 -0.23786300420761108 -0.1012287512421608 0.6666666865348816 0.0 1.0
v -0.668495774269104 -0.25591862201690674 -0.11453288793563843 0.6666666865348816 0.0 1.0
v -0.42902132868766785 0.040573589503765106 0.06222207844257355 0.6666666865348816 0.0 1.0
v -0.2598687410354614 0.05577831715345383 0.06982444226741791 0.6666666865348816 0.0 1.0
v -0.4622816741466522 0.0016114729223772883 0.04036528244614601 0.6666666865348816 0.0 1.0
v -0.06600844115018845 0.12039840966463089 0.1097368523478508 0.6666666865348816 0.0 1.0
v -0.24941547214984894 0.08808836340904236 0.08883035182952881 0.6666666865348816 0.0 1.0
v -0.558261513710022 -0.009792073629796505 0.03561380133032799 0.6666666865348816 0.0 1.0
v -0.2931290864944458 -0.08391512185335159 -0.007149495184421539 0.6666666865348816 0.0 1.0
v -0.3853077292442322 0.00541265495121479 0.0422658734023571 0.6666666865348816 0.0 1.0
v -0.00613982742652297 0.173614963889122 0.13539482653141022 0.6666666865348816 0.0 1.0
v -0.2446639984846115 0.19832263886928558 0.1563013345003128 0.6666666865348816 0.0 1.0
v -0.5611124038696289 -0.1409328579902649 -0.04136013239622116 0.6666666865348816 0.0 1.0
v -0.0926167219877243 0.09379013627767563 0.09168124198913574 0.6666666865348816 0.0 1.0
v -0.6352354288101196 -0.06871039420366287 0.008055233396589756 0.6666666865348816 0.0 1.0
v -0.12967824935913086 0.1080445721745491 0.0992836058139801 0.6666666865348816 0.0 1.0
v -0.423319548368454 -0.01739443652331829 0.02516055293381214 0.6666666865348816 0.0 1.0
v -0.2085527777671814 0.19072027504444122 0.15059955418109894 0.6666666865348816 0.0 1.0
v -0.33209118247032166 -0.0249968022108078 0.02516055293381214 0.6666666865348816 0.0 1.0
v -0.6200307011604309 -0.23026062548160553 -0.0907754972577095 0.6666666865348816 0.0 1.0
v -0.3311409056186676 0.14890727400779724 0.1268421709537506 0.6666666865348816 0.0 1.0
v -0.258918434381485 0.14415580034255981 0.1268421709537506 0.6666666865348816 0.0 1.0
v -0.44802725315093994 -0.25781920552253723 -0.10883111506700516 0.6666666865348816 0.0 1.0
v -0.1344297230243683 0.18786939978599548 0.14869897067546844 0.6666666865348816 0.0 1.0
v -0.6475893259048462 -0.14663462340831757 -0.046111609786748886 0.6666666865348816 0.0 1.0
v -0.4470769464969635 -0.05540625751018524 0.009955824352800846 0.6666666865348816 0.0 1.0
v -0.49269112944602966 -0.041151825338602066 0.013757006265223026 0.6666666865348816 0.0 1.0
v -0.23135986924171448 0.02441856451332569 0.05747060105204582 0.6666666865348816 0.0 1.0
v -0.49649232625961304 -0.09911984950304031 -0.01855304092168808 0.6666666865348816 0.0 1.0
v -0.22280719876289368 -0.01264296006411314 0.02896173484623432 0.6666666865348816 0.0 1.0
v -0.4660828709602356 0.06052979454398155 0.07362562417984009 0.6666666865348816 0.0 1.0
v -0.605776309967041 -0.1808452606201172 -0.06226663663983345 0.6666666865348816 0.0 1.0
v -0.6219313144683838 -0.12097664922475815 -0.02995658665895462 0.6666666865348816 0.0 1.0
v -0.5383053421974182 -0.08676601201295853 -0.010000381618738174 0.6666666865348816 0.0 1.0
v -0.3843574523925781 0.11279604583978653 0.10593567043542862 0.6666666865348816 0.0 1.0
v -0.5981739163398743 -0.2635209858417511 -0.11073170602321625 0.6666666865348816 0.0 1.0
v -0.7768294811248779 -0.24926654994487762 -0.1012287512421608 0.6666666865348816 0.0 1.0
v -0.4176177978515625 -0.16944171488285065 -0.05751515552401543 0.6666666865348816 0.0 1.0
v -0.2636699080467224 0.029170043766498566 0.0527191236615181 0.6666666865348816 0.0 1.0
v -0.470834344625473 -0.07251157611608505 -0.006199199706315994 0.6666666865348816 0.0 1.0
v -0.6067265868186951 -0.07536246627569199 -0.0023980175610631704 0.6666666865348816 0.0 1.0
v -0.40811482071876526 0.08333688974380493 0.08407887071371078 0.6666666865348816 0.0 1.0
v -0.5991242527961731 -0.10482162237167358 -0.01665244996547699 0.6666666865348816 0.0 1.0
v -0.4850887656211853 -0.29012924432754517 -0.12973761558532715 0.6666666865348816 0.0 1.0
v -0.5297526717185974 -0.17514349520206451 -0.059415750205516815 0.6666666865348816 0.0 1.0
v -0.4812875986099243 0.09474043548107147 0.09643271565437317 0.6666666865348816 0.0 1.0
v -0.41666749119758606 0.15745994448661804 0.13444453477859497 0.6666666865348816 0.0 1.0
v -0.6352354288101196 -0.2046026587486267 -0.07367017865180969 0.6666666865348816 0.0 1.0
v -0.1809941977262497 0.04722565785050392 0.06602326035499573 0.6666666865348816 0.0 1.0
v -0.5905715823173523 -0.13523107767105103 -0.03565835952758789 0.6666666865348816 0.0 1.0
v -0.07931258529424667 0.1926208734512329 0.14869897067546844 0.6666666865348816 0.0 1.0
v -0.03464869409799576 0.16601260006427765 0.1372954249382019 0.6666666865348816 0.0 1.0
v -0.1809941977262497 0.215427964925766 0.1648539900779724 0.6666666865348816 0.0 1.0
v -0.40621423721313477 -0.08106423914432526 -0.008099790662527084 0.6666666865348816 0.0 1.0
v -0.49079054594039917 -0.0050405957736074924 0.037514396011829376 0.6666666865348816 0.0 1.0
v -0.02324514649808407 0.215427964925766 0.16770488023757935 0.6666666865348816 0.0 1.0
v -0.5829691886901855 -0.2274097502231598 -0.0926760882139206 0.6666666865348816 0.0 1.0
v -0.7093585133552551 -0.22170796990394592 -0.08887490630149841 0.6666666865348816 0.0 1.0
v -0.1619882881641388 0.013965314254164696 0.04606705531477928 0.6666666865348816 0.0 1.0
v -0.10782144963741302 0.15080787241458893 0.1268421709537506 0.6666666865348816 0.0 1.0
v -0.5848698019981384 -0.01739443652331829 0.02896173484623432 0.6666666865348816 0.0 1.0
v -0.4575302004814148 -0.12287724018096924 -0.03565835952758789 0.6666666865348816 0.0 1.0
v -0.5173988342285156 -0.23026062548160553 -0.09362638741731644 0.6666666865348816 0.0 1.0
v -0.2000001072883606 0.16126112639904022 0.13634513318538666 0.6666666865348816 0.0 1.0
v -0.33209118247032166 -0.12287724018096924 -0.032807473093271255 0.6666666865348816 0.0 1.0
v -0.31688645482063293 0.17171436548233032 0.14109660685062408 0.6666666865348816 0.0 1.0
v -0.07171022146940231 0.14320550858974457 0.12494157999753952 0.6666666865348816 0.0 1.0
v -0.4299716353416443 0.10139250010251999 0.09738301485776901 0.6666666865348816 0.0 1.0
v -0.20190070569515228 0.07383393496274948 0.08312857896089554 0.6666666865348816 0.0 1.0
v -0.14393267035484314 0.06243038550019264 0.07647650688886642 0.6666666865348816 0.0 1.0
v -0.2294592708349228 0.1394043266773224 0.12304098904132843 0.6666666865348816 0.0 1.0
v -0.364401251077652 -0.05730684846639633 0.009005528874695301 0.6666666865348816 0.0 1.0
v -0.504094660282135 -0.16564053297042847 -0.05846545472741127 0.6666666865348816 0.0 1.0
v 0.03472287952899933 0.20022323727607727 0.15059955418109894 0.6666666865348816 0.0 1.0
v -0.40146276354789734 -0.03259916603565216 0.02135937102138996 0.6666666865348816 0.0 1.0
v -0.14488297700881958 0.08713807165622711 0.08978065103292465 0.6666666865348816 0.0 1.0
v -0.3796059787273407 -0.10957310348749161 -0.023304518312215805 0.6666666865348816 0.0 1.0
v -0.30263203382492065 -0.04210212081670761 0.014707301743328571 0.6666666865348816 0.0 1.0
v -0.5839195251464844 -0.1618393510580063 -0.053713973611593246 0.6666666865348816 0.0 1.0
v -0.32543912529945374 0.00541265495121479 0.043216168880462646 0.6666666865348816 0.0 1.0
v -0.15533621609210968 0.2030741274356842 0.15250015258789062 0.6666666865348816 0.0 1.0
v -0.1705409586429596 0.14320550858974457 0.12399128824472427 0.6666666865348816 0.0 1.0
v -0.3083338141441345 0.12990136444568634 0.11733921617269516 0.6666666865348816 0.0 1.0
v -0.3463456332683563 -0.0820145308971405 -0.00905008614063263 0.6666666865348816 0.0 1.0
v -0.5753668546676636 -0.19224880635738373 -0.0717695876955986 0.6666666865348816 0.0 1.0
v -0.3035823106765747 0.21067649126052856 0.16105280816555023 0.6666666865348816 0.0 1.0
v -0.3710533082485199 0.16126112639904022 0.13349424302577972 0.6666666865348816 0.0 1.0
v -0.35679885745048523 0.10424339026212692 0.10213448852300644 0.6666666865348816 0.0 1.0
v -0.4090651273727417 -0.20080147683620453 -0.07271988689899445 0.6666666865348816 0.0 1.0
v -0.26842138171195984 0.1859688013792038 0.15154986083507538 0.6666666865348816 0.0 1.0
v -0.4242698550224304 -0.14188314974308014 -0.042310427874326706 0.6666666865348816 0.0 1.0
v -0.3415941298007965 -0.14378374814987183 -0.04326072335243225 0.6666666865348816 0.0 1.0
v -0.29027819633483887 -0.06015773490071297 0.0023534600622951984 0.6666666865348816 0.0 1.0
v -0.5668141841888428 -0.033549461513757706 0.022309666499495506 0.6666666865348816 0.0 1.0
v -0.34444501996040344 0.036772407591342926 0.06222207844257355 0.6666666865348816 0.0 1.0
v -0.49839290976524353 0.025368859991431236 0.05652030557394028 0.6666666865348816 0.0 1.0
v -0.4109657108783722 0.0614800900220871 0.07267532497644424 0.6666666865348816 0.0 1.0
v -0.7036567330360413 -0.17134231328964233 -0.05466426908969879 0.6666666865348816 0.0 1.0
v -0.7283644080162048 -0.2720736265182495 -0.11453288793563843 0.6666666865348816 0.0 1.0
v -0.6466389894485474 -0.27682510018348694 -0.12498614192008972 0.6666666865348816 0.0 1.0
v -0.7568733096122742 -0.26067009568214417 -0.109781414270401 0.6666666865348816 0.0 1.0
v -0.3986118733882904 0.032971225678920746 0.05937119200825691 0.6666666865348816 0.0 1.0
v -0.5563609600067139 0.00731324590742588 0.0527191236615181 0.6666666865348816 0.0 1.0
v -0.2893278896808624 0.16981378197669983 0.1372954249382019 0.6666666865348816 0.0 1.0
v -0.4537290036678314 -0.2274097502231598 -0.08982520550489426 0.6666666865348816 0.0 1.0
v -0.6323845982551575 -0.18274585902690887 -0.06416722387075424 0.6666666865348816 0.0 1.0
v -0.613378643989563 -0.05540625751018524 0.009005528874695301 0.6666666865348816 0.0 1.0
v -0.6542413830757141 -0.16754113137722015 -0.05561456456780434 0.6666666865348816 0.0 1.0
v -0.393860399723053 -0.1684914231300354 -0.059415750205516815 0.6666666865348816 0.0 1.0
v -0.3539479970932007 -0.004090300295501947 0.03846469148993492 0.6666666865348816 0.0 1.0
v -0.2912284731864929 0.04722565785050392 0.0631723701953888 0.6666666865348816 0.0 1.0
v -0.6428378224372864 -0.22075767815113068 -0.08887490630149841 0.6666666865348816 0.0 1.0
v -0.7929844856262207 -0.2673221528530121 -0.10883111506700516 0.6666666865348816 0.0 1.0
v -0.4366236925125122 -0.035450052469968796 0.01565759815275669 0.6666666865348816 0.0 1.0
v -0.21805572509765625 0.1251498907804489 0.10878656059503555 0.6666666865348816 0.0 1.0
v -0.6865513920783997 -0.24831624329090118 -0.10217904299497604 0.6666666865348816 0.0 1.0
v -0.10021908581256866 0.18026703596115112 0.14679837226867676 0.6666666865348816 0.0 1.0
v -0.32163792848587036 0.03962329402565956 0.06412266939878464 0.6666666865348816 0.0 1.0
v -0.6865513920783997 -0.14283344149589539 -0.044211018830537796 0.6666666865348816 0.0 1.0
v -0.27317285537719727 0.08713807165622711 0.09263153374195099 0.6666666865348816 0.0 1.0
v -0.716010570526123 -0.1960499882698059 -0.07081929594278336 0.6666666865348816 0.0 1.0
v -0.3748544752597809 -0.14853522181510925 -0.044211018830537796 0.6666666865348816 0.0 1.0
v -0.5135976076126099 -0.12667842209339142 -0.03565835952758789 0.6666666865348816 0.0 1.0
v -0.2807752192020416 0.01491560973227024 0.04986823722720146 0.6666666865348816 0.0 1.0
v -0.2446639984846115 -0.01739443652331829 0.028011439368128777 0.6666666865348816 0.0 1.0
v -0.06410785019397736 0.1650623083114624 0.12969306111335754 0.6666666865348816 0.0 1.0
v -0.39766156673431396 0.1289510726928711 0.11353803426027298 0.6666666865348816 0.0 1.0
v -0.016593078151345253 0.18691909313201904 0.1496492624282837 0.6666666865348816 0.0 1.0
v -0.5316532254219055 -0.0440027117729187 0.012806710787117481 0.6666666865348816 0.0 1.0
v -0.310234397649765 -0.0715612843632698 -0.0014477219665423036 0.6666666865348816 0.0 1.0
v -0.15248534083366394 0.16601260006427765 0.13349424302577972 0.6666666865348816 0.0 1.0
v -0.34254443645477295 -0.10767251253128052 -0.021403927356004715 0.6666666865348816 0.0 1.0
v -0.04795283079147339 0.13465283811092377 0.11353803426027298 0.6666666865348816 0.0 1.0
v -0.2712722718715668 0.1308516561985016 0.11543862521648407 0.6666666865348816 0.0 1.0
v -0.18479537963867188 0.10044220834970474 0.0992836058139801 0.6666666865348816 0.0 1.0
v -0.3453953266143799 0.20402441918849945 0.1667545884847641 0.6666666865348816 0.0 1.0
v -0.7654259204864502 -0.2084038406610489 -0.0717695876955986 0.6666666865348816 0.0 1.0
v -0.6713466644287109 -0.20270206034183502 -0.07652106881141663 0.6666666865348816 0.0 1.0
v -0.4803372919559479 0.012064723297953606 0.04416646435856819 0.6666666865348816 0.0 1.0
v -0.18004390597343445 0.1650623083114624 0.1306433528661728 0.6666666865348816 0.0 1.0
v -0.6361857652664185 -0.24926654994487762 -0.10407963395118713 0.6666666865348816 0.0 1.0
v -0.17814332246780396 0.025368859991431236 0.05366941913962364 0.6666666865348816 0.0 1.0
v -0.3501468002796173 0.16126112639904022 0.13539482653141022 0.6666666865348816 0.0 1.0
v -0.2503657639026642 0.21922914683818817 0.1667545884847641 0.6666666865348816 0.0 1.0
v -0.07836228609085083 0.10614398121833801 0.10118419677019119 0.6666666865348816 0.0 1.0
v -0.2085527777671814 0.04532506689429283 0.06602326035499573 0.6666666865348816 0.0 1.0
v -0.2636699080467224 0.16411200165748596 0.1287427693605423 0.6666666865348816 0.0 1.0
v -0.6380863189697266 -0.10957310348749161 -0.02425481379032135 0.6666666865348816 0.0 1.0
v 0.008114605210721493 0.1840682178735733 0.1458480805158615 0.6666666865348816 0.0 1.0
v -0.06125696748495102 0.18121732771396637 0.14204689860343933 0.6666666865348816 0.0 1.0
v -0.1895468682050705 0.00541265495121479 0.039414986968040466 0.6666666865348816 0.0 1.0
v -0.7236129641532898 -0.1665908396244049 -0.05466426908969879 0.6666666865348816 0.0 1.0
v -0.22090661525726318 0.20592500269412994 0.1563013345003128 0.6666666865348816 0.0 1.0
v -0.2779243588447571 0.2030741274356842 0.15725162625312805 0.6666666865348816 0.0 1.0
v -0.40146276354789734 0.0994919091463089 0.09453212469816208 0.6666666865348816 0.0 1.0
v -0.4347231090068817 -0.10577192157506943 -0.019503336399793625 0.6666666865348816 0.0 1.0
v -0.33019059896469116 0.10139250010251999 0.10023389756679535 0.6666666865348816 0.0 1.0
v -0.35964974761009216 0.12610018253326416 0.11448833346366882 0.6666666865348816 0.0 1.0
v -0.41666749119758606 -0.22075767815113068 -0.08792461454868317 0.6666666865348816 0.0 1.0
v -0.5059952735900879 -0.2150558978319168 -0.08697431534528732 0.6666666865348816 0.0 1.0
v -0.5639632940292358 -0.0544559620320797 0.009005528874695301 0.6666666865348816 0.0 1.0
v -0.7293146848678589 -0.22075767815113068 -0.08982520550489426 0.6666666865348816 0.0 1.0
v -0.21615514159202576 0.015865905210375786 0.04796764627099037 0.6666666865348816 0.0 1.0
v -0.49839290976524353 -0.2359624058008194 -0.09362638741731644 0.6666666865348816 0.0 1.0
v -0.7787300944328308 -0.2758748233318329 -0.11928436905145645 0.6666666865348816 0.0 1.0
v -0.3748544752597809 -0.16564053297042847 -0.05561456456780434 0.6666666865348816 0.0 1.0
v -0.3121349811553955 0.0614800900220871 0.07552621513605118 0.6666666865348816 0.0 1.0
v -0.2190060168504715 0.08333688974380493 0.08312857896089554 0.6666666865348816 0.0 1.0
v -0.2703219950199127 -0.0012394136283546686 0.04036528244614601 0.6666666865348816 0.0 1.0
v -0.09166642278432846 0.07668481767177582 0.07837709784507751 0.6666666865348816 0.0 1.0
v -0.43947458267211914 -0.08391512185335159 -0.006199199706315994 0.6666666865348816 0.0 1.0
v -0.30263203382492065 -0.10387133061885834 -0.019503336399793625 0.6666666865348816 0.0 1.0
v -0.49649232625961304 -0.15233640372753143 -0.04706190526485443 0.6666666865348816 0.0 1.0
v -0.37865567207336426 0.0320209302008152 0.05652030557394028 0.6666666865348816 0.0 1.0
v -0.23991252481937408 0.06433098018169403 0.07932739704847336 0.6666666865348816 0.0 1.0
v -0.5506591796875 -0.10672221332788467 -0.02235422283411026 0.6666666865348816 0.0 1.0
v -0.4679834544658661 -0.0905671939253807 -0.01095067709684372 0.6666666865348816 0.0 1.0
v -0.6618437170982361 -0.24166418612003326 -0.1012287512421608 0.6666666865348816 0.0 1.0
v -0.43757399916648865 -0.20555295050144196 -0.07747136056423187 0.6666666865348816 0.0 1.0
v -0.4043136537075043 -0.09816955775022507 -0.01665244996547699 0.6666666865348816 0.0 1.0
v -0.3482462167739868 0.07478422671556473 0.08312857896089554 0.6666666865348816 0.0 1.0
v -0.5411561727523804 -0.0031400045845657587 0.03276291489601135 0.6666666865348816 0.0 1.0
v -0.5288023352622986 -0.27112334966659546 -0.11358259618282318 0.6666666865348816 0.0 1.0
v -0.8091395497322083 -0.26447126269340515 -0.11738377809524536 0.6666666865348816 0.0 1.0
v -0.38055625557899475 -0.048754189163446426 0.011856415309011936 0.6666666865348816 0.0 1.0
v -0.5449573993682861 -0.13333049416542053 -0.036608655005693436 0.6666666865348816 0.0 1.0
v -0.4176177978515625 0.11279604583978653 0.10498537868261337 0.6666666865348816 0.0 1.0
v -0.4850887656211853 -0.1114736944437027 -0.02615540474653244 0.6666666865348816 0.0 1.0
v -0.5107467174530029 -0.0440027117729187 0.01565759815275669 0.6666666865348816 0.0 1.0
v -0.4641822576522827 -0.26637187600135803 -0.11073170602321625 0.6666666865348816 0.0 1.0
v -0.42902132868766785 -0.004090300295501947 0.03656409680843353 0.6666666865348816 0.0 1.0
v -0.2931290864944458 0.002561768516898155 0.043216168880462646 0.6666666865348816 0.0 1.0
v -0.32353854179382324 0.11754752695560455 0.1097368523478508 0.6666666865348816 0.0 1.0
v -0.37200361490249634 0.0614800900220871 0.07362562417984009 0.6666666865348816 0.0 1.0
v -0.5801182985305786 -0.09911984950304031 -0.01855304092168808 0.6666666865348816 0.0 1.0
v -0.4318722188472748 0.02441856451332569 0.05461971461772919 0.6666666865348816 0.0 1.0
v -0.21235395967960358 -0.03640034794807434 0.01755818910896778 0.6666666865348816 0.0 1.0
v -0.6922531723976135 -0.2863280773162842 -0.1202346608042717 0.6666666865348816 0.0 1.0
v -0.2988308370113373 0.09283984452486038 0.09643271565437317 0.6666666865348816 0.0 1.0
v -0.2532166540622711 -0.05540625751018524 0.009955824352800846 0.6666666865348816 0.0 1.0
v -0.46513256430625916 -0.15328669548034668 -0.049912791699171066 0.6666666865348816 0.0 1.0
v -0.4594307839870453 0.09854161739349365 0.09358183294534683 0.6666666865348816 0.0 1.0
v -0.3463456332683563 -0.03449975699186325 0.020409075543284416 0.6666666865348816 0.0 1.0
v -0.3881586194038391 0.16601260006427765 0.13349424302577972 0.6666666865348816 0.0 1.0
v -0.46323198080062866 0.01681620068848133 0.05081853270530701 0.6666666865348816 0.0 1.0
v -0.008040417917072773 0.15745994448661804 0.1287427693605423 0.6666666865348816 0.0 1.0
v -0.2465645968914032 -0.03259916603565216 0.01945878006517887 0.6666666865348816 0.0 1.0
v -0.0926167219877243 0.1375037282705307 0.11638892441987991 0.6666666865348816 0.0 1.0
v -0.191447451710701 0.17456525564193726 0.14394749701023102 0.6666666865348816 0.0 1.0
v -0.4974426031112671 -0.05730684846639633 0.009005528874695301 0.6666666865348816 0.0 1.0
v -0.10021908581256866 0.1080445721745491 0.09833330661058426 0.6666666865348816 0.0 1.0
v -0.12872794270515442 0.12324929982423782 0.10783626139163971 0.6666666865348816 0.0 1.0
v -0.554460346698761 -0.0924677848815918 -0.01285126805305481 0.6666666865348816 0.0 1.0
v -0.4575302004814148 -0.24546536803245544 -0.1012287512421608 0.6666666865348816 0.0 1.0
v -0.3520473837852478 -0.06680980324745178 0.0014031645841896534 0.6666666865348816 0.0 1.0
v -0.3900592029094696 -0.00884177815169096 0.0337132103741169 0.6666666865348816 0.0 1.0
v -0.3311409056186676 0.08238659054040909 0.08788006007671356 0.6666666865348816 0.0 1.0
v -0.44612663984298706 -0.17609378695487976 -0.06226663663983345 0.6666666865348816 0.0 1.0
v -0.35774916410446167 -0.018344732001423836 0.026110848411917686 0.6666666865348816 0.0 1.0
v -0.16769006848335266 0.173614963889122 0.1391960084438324 0.6666666865348816 0.0 1.0
v -0.7445194721221924 -0.2777754068374634 -0.11453288793563843 0.6666666865348816 0.0 1.0
v -0.4318722188472748 0.08618777245283127 0.08978065103292465 0.6666666865348816 0.0 1.0
v -0.4803372919559479 -0.16088905930519104 -0.051813382655382156 0.6666666865348816 0.0 1.0
v -0.18669597804546356 0.1356031447649002 0.11543862521648407 0.6666666865348816 0.0 1.0
v -0.2978805601596832 0.12039840966463089 0.10783626139163971 0.6666666865348816 0.0 1.0
v -0.49459171295166016 -0.20555295050144196 -0.07842165976762772 0.6666666865348816 0.0 1.0
v -0.4423254728317261 0.05007654428482056 0.06697355210781097 0.6666666865348816 0.0 1.0
v -0.3311409056186676 -0.08961689472198486 -0.00905008614063263 0.6666666865348816 0.0 1.0
v -0.45657989382743835 -0.10957310348749161 -0.025205109268426895 0.6666666865348816 0.0 1.0
v -0.4641822576522827 -0.043052416294813156 0.011856415309011936 0.6666666865348816 0.0 1.0
v -0.551609456539154 -0.2568688988685608 -0.10217904299497604 0.6666666865348816 0.0 1.0
v -0.7872827649116516 -0.23786300420761108 -0.09457667917013168 0.6666666865348816 0.0 1.0
v -0.6114780902862549 -0.1323801875114441 -0.036608655005693436 0.6666666865348816 0.0 1.0
v -0.23516105115413666 0.04912624880671501 0.06697355210781097 0.6666666865348816 0.0 1.0
v -0.2655704915523529 0.06908245384693146 0.07837709784507751 0.6666666865348816 0.0 1.0
v -0.4575302004814148 -0.015493846498429775 0.02896173484623432 0.6666666865348816 0.0 1.0
v -0.6856011152267456 -0.23121093213558197 -0.09362638741731644 0.6666666865348816 0.0 1.0
v -0.37010300159454346 0.01111442781984806 0.04606705531477928 0.6666666865348816 0.0 1.0
v -0.191447451710701 0.14985758066177368 0.12779246270656586 0.6666666865348816 0.0 1.0
v -0.6532910466194153 -0.26067009568214417 -0.109781414270401 0.6666666865348816 0.0 1.0
v -0.36345094442367554 -0.10672221332788467 -0.021403927356004715 0.6666666865348816 0.0 1.0
v -0.3159361779689789 0.1546090543270111 0.12969306111335754 0.6666666865348816 0.0 1.0
v -0.11542381346225739 0.17836643755435944 0.14109660685062408 0.6666666865348816 0.0 1.0
v -0.47558581829071045 -0.0630086213350296 0.006154641974717379 0.6666666865348816 0.0 1.0
v -0.5848698019981384 -0.1808452606201172 -0.06511752307415009 0.6666666865348816 0.0 1.0
v -0.5050449967384338 -0.01264296006411314 0.03561380133032799 0.6666666865348816 0.0 1.0
v -0.23516105115413666 -0.05540625751018524 0.009005528874695301 0.6666666865348816 0.0 1.0
v -0.5107467174530029 0.03582211211323738 0.05557001009583473 0.6666666865348816 0.0 1.0
v -0.16388888657093048 0.029170043766498566 0.06032148748636246 0.6666666865348816 0.0 1.0
v -0.5221502780914307 -0.08581571280956268 -0.010000381618738174 0.6666666865348816 0.0 1.0
v -0.7369170784950256 -0.19700029492378235 -0.07557076960802078 0.6666666865348816 0.0 1.0
v -0.364401251077652 0.09188954532146454 0.09263153374195099 0.6666666865348816 0.0 1.0
v -0.48793965578079224 -0.01929502747952938 0.03086232580244541 0.6666666865348816 0.0 1.0
v -0.11922499537467957 0.19832263886928558 0.1496492624282837 0.6666666865348816 0.0 1.0
v -0.17529243230819702 0.20117352902889252 0.15345044434070587 0.6666666865348816 0.0 1.0
v -0.11257292330265045 0.13655343651771545 0.12209069728851318 0.6666666865348816 0.0 1.0
v -0.4917408227920532 -0.26637187600135803 -0.11168200522661209 0.6666666865348816 0.0 1.0
v -0.5991242527961731 -0.15423698723316193 -0.044211018830537796 0.6666666865348816 0.0 1.0
v -0.3986118733882904 -0.05255537107586861 0.007104937452822924 0.6666666865348816 0.0 1.0
v -0.39576098322868347 0.06243038550019264 0.07647650688886642 0.6666666865348816 0.0 1.0
v -0.0013883496867492795 0.215427964925766 0.16390369832515717 0.6666666865348816 0.0 1.0
v -0.15248534083366394 0.11469663679599762 0.10783626139163971 0.6666666865348816 0.0 1.0
v -0.40146276354789734 0.11184575408697128 0.10403507947921753 0.6666666865348816 0.0 1.0
v -0.12302617728710175 0.14890727400779724 0.12399128824472427 0.6666666865348816 0.0 1.0
v -0.5278520584106445 -0.1855967491865158 -0.07081929594278336 0.6666666865348816 0.0 1.0
v -0.7055573463439941 -0.2654215693473816 -0.11358259618282318 0.6666666865348816 0.0 1.0
v -0.8519028425216675 0.7447425723075867 -0.14399205148220062 1.0 0.0 0.6666666865348816
v -0.5173988342285156 0.2648433446884155 0.071725033223629 1.0 0.0 0.6666666865348816
v -0.8728093504905701 0.1394043266773224 -0.13163821399211884 1.0 0.0 0.6666666865348816
v -0.7587738633155823 0.43399593234062195 -0.06796840578317642 1.0 0.0 0.6666666865348816
v -0.8471513390541077 -0.07631275802850723 -0.11738377809524536 1.0 0.0 0.6666666865348816
v -0.6865513920783997 0.173614963889122 -0.02425481379032135 1.0 0.0 0.6666666865348816
v -0.8671075701713562 0.565136730670929 -0.1373399794101715 1.0 0.0 0.6666666865348816
v -0.8585548996925354 0.3085569143295288 -0.12403584271669388 1.0 0.0 0.6666666865348816
v -0.6523407697677612 0.33231431245803833 -0.00905008614063263 1.0 0.0 0.6666666865348816
v -0.7264638543128967 0.00921383686363697 -0.048012200742959976 1.0 0.0 0.6666666865348816
v -0.5810686349868774 0.10044220834970474 0.02896173484623432 1.0 0.0 0.6666666865348816
v -0.4138166010379791 0.19927294552326202 0.1287427693605423 1.0 0.0 0.6666666865348816
v -0.876610517501831 -0.24356476962566376 -0.14209145307540894 1.0 0.0 0.6666666865348816
v -0.777779757976532 0.6630171537399292 -0.08697431534528732 1.0 0.0 0.6666666865348816
v -0.7606744766235352 0.26104214787483215 -0.06986899673938751 1.0 0.0 0.6666666865348816
v -0.8604555130004883 0.43209534883499146 -0.1287873238325119 1.0 0.0 0.6666666865348816
v -0.769227147102356 0.11374634504318237 -0.07557076960802078 1.0 0.0 0.6666666865348816
v -0.7749289274215698 0.5575343370437622 -0.07842165976762772 1.0 0.0 0.6666666865348816
v -0.8338472247123718 0.03582211211323738 -0.10407963395118713 1.0 0.0 0.6666666865348816
v -0.8034377694129944 -0.16754113137722015 -0.09362638741731644 1.0 0.0 0.6666666865348816
v -0.5896212458610535 0.20687530934810638 0.026110848411917686 1.0 0.0 0.6666666865348816
v -0.6808496713638306 0.48626217246055603 -0.02425481379032135 1.0 0.0 0.6666666865348816
v -0.49459171295166016 0.15365876257419586 0.08122798800468445 1.0 0.0 0.6666666865348816
v -0.6627940535545349 0.07763511687517166 -0.01855304092168808 1.0 0.0 0.6666666865348816
v -0.5677644610404968 0.37032613158226013 0.037514396011829376 1.0 0.0 0.6666666865348816
v -0.44612663984298706 0.30285516381263733 0.11353803426027298 1.0 0.0 0.6666666865348816
v -0.8623560667037964 0.6544644832611084 -0.1287873238325119 1.0 0.0 0.6666666865348816
v -0.7606744766235352 -0.08391512185335159 -0.06986899673938751 1.0 0.0 0.6666666865348816
v -0.8690081834793091 0.22493091225624084 -0.1373399794101715 1.0 0.0 0.6666666865348816
v -0.7378673553466797 0.3418172597885132 -0.05656486004590988 1.0 0.0 0.6666666865348816
v -0.6323845982551575 0.4159403145313263 0.007104937452822924 1.0 0.0 0.6666666865348816
v -0.6798993349075317 -0.05730684846639633 -0.02425481379032135 1.0 0.0 0.6666666865348816
v -0.8053383827209473 0.1840682178735733 -0.09742756932973862 1.0 0.0 0.6666666865348816
v -0.6865513920783997 0.2619924545288086 -0.027105700224637985 1.0 0.0 0.6666666865348816
v -0.8034377694129944 0.37697818875312805 -0.09932816028594971 1.0 0.0 0.6666666865348816
v -0.8157916069030762 0.4881627857685089 -0.10027845203876495 1.0 0.0 0.6666666865348816
v -0.5991242527961731 0.29240190982818604 0.026110848411917686 1.0 0.0 0.6666666865348816
v -0.6428378224372864 0.00731324590742588 -0.0004974264302290976 1.0 0.0 0.6666666865348816
v -0.6970046758651733 0.40833795070648193 -0.03755895048379898 1.0 0.0 0.6666666865348816
v -0.8671075701713562 -0.14473403990268707 -0.13353879749774933 1.0 0.0 0.6666666865348816
v -0.6352354288101196 0.14035461843013763 0.0033037555404007435 1.0 0.0 0.6666666865348816
v -0.5154982209205627 0.09093925356864929 0.071725033223629 1.0 0.0 0.6666666865348816
v -0.7416685819625854 0.19832263886928558 -0.06036604568362236 1.0 0.0 0.6666666865348816
v -0.46323198080062866 0.2344338744878769 0.10308478772640228 1.0 0.0 0.6666666865348816
v -0.7958353757858276 -0.016444141045212746 -0.0926760882139206 1.0 0.0 0.6666666865348816
v -0.5801182985305786 0.01871679164469242 0.03466350585222244 1.0 0.0 0.6666666865348816
v -0.7891833186149597 0.3142586946487427 -0.08792461454868317 1.0 0.0 0.6666666865348816
v -0.817692220211029 0.5964964628219604 -0.10217904299497604 1.0 0.0 0.6666666865348816
v -0.7074579000473022 0.11374634504318237 -0.04326072335243225 1.0 0.0 0.6666666865348816
v -0.5288023352622986 0.3313640058040619 0.06697355210781097 1.0 0.0 0.6666666865348816
v -0.8614057898521423 -0.013593255542218685 -0.12688672542572021 1.0 0.0 0.6666666865348816
v -0.8233939409255981 0.11754752695560455 -0.10502993315458298 1.0 0.0 0.6666666865348816
v -0.715060293674469 0.5309260487556458 -0.044211018830537796 1.0 0.0 0.6666666865348816
v -0.5335538387298584 0.19547176361083984 0.06412266939878464 1.0 0.0 0.6666666865348816
v -0.6504402160644531 0.21732854843139648 -0.008099790662527084 1.0 0.0 0.6666666865348816
v -0.8614057898521423 0.08238659054040909 -0.1306879073381424 1.0 0.0 0.6666666865348816
v -0.8557040095329285 0.3674752414226532 -0.1202346608042717 1.0 0.0 0.6666666865348816
v -0.817692220211029 0.2676942050457001 -0.10312934219837189 1.0 0.0 0.6666666865348816
v -0.7293146848678589 0.6079000234603882 -0.05086308717727661 1.0 0.0 0.6666666865348816
v -0.5706153512001038 0.15365876257419586 0.04036528244614601 1.0 0.0 0.6666666865348816
v -0.7568733096122742 0.5052680969238281 -0.06986899673938751 1.0 0.0 0.6666666865348816
v -0.8043880462646484 -0.11052339524030685 -0.0907754972577095 1.0 0.0 0.6666666865348816
v -0.7331159114837646 0.06718186289072037 -0.05751515552401543 1.0 0.0 0.6666666865348816
v -0.7758792042732239 0.03012033924460411 -0.0717695876955986 1.0 0.0 0.6666666865348816
v -0.7635253667831421 -0.1409328579902649 -0.06986899673938751 1.0 0.0 0.6666666865348816
v -0.8576046228408813 0.5062183737754822 -0.12783703207969666 1.0 0.0 0.6666666865348816
v -0.6380863189697266 0.2686445116996765 -0.0014477219665423036 1.0 0.0 0.6666666865348816
v -0.6143289804458618 0.0614800900220871 0.016607893630862236 1.0 0.0 0.6666666865348816
v -0.4090651273727417 0.27529656887054443 0.13824571669101715 1.0 0.0 0.6666666865348816
v -0.5649135708808899 0.25058889389038086 0.04036528244614601 1.0 0.0 0.6666666865348816
v -0.7340661883354187 -0.041151825338602066 -0.0527636781334877 1.0 0.0 0.6666666865348816
v -0.6152792572975159 0.4672562777996063 0.01565759815275669 1.0 0.0 0.6666666865348816
v -0.7207620739936829 0.46345508098602295 -0.04326072335243225 1.0 0.0 0.6666666865348816
v -0.8604555130004883 -0.19890087842941284 -0.1287873238325119 1.0 0.0 0.6666666865348816
v -0.7967857122421265 0.07763511687517166 -0.09172579646110535 1.0 0.0 0.6666666865348816
v -0.6922531723976135 0.042474180459976196 -0.032807473093271255 1.0 0.0 0.6666666865348816
v -0.6846508383750916 0.3636740744113922 -0.02615540474653244 1.0 0.0 0.6666666865348816
v -0.5563609600067139 0.06243038550019264 0.043216168880462646 1.0 0.0 0.6666666865348816
v -0.7502211928367615 0.38743144273757935 -0.061316341161727905 1.0 0.0 0.6666666865348816
v -0.609577476978302 0.37032613158226013 0.01565759815275669 1.0 0.0 0.6666666865348816
v -0.8186424970626831 0.4415982961654663 -0.10693052411079407 1.0 0.0 0.6666666865348816
v -0.7207620739936829 -0.10007014870643616 -0.046111609786748886 1.0 0.0 0.6666666865348816
v -0.4850887656211853 0.29715338349342346 0.08788006007671356 1.0 0.0 0.6666666865348816
v -0.7321655750274658 0.296203076839447 -0.048012200742959976 1.0 0.0 0.6666666865348816
v -0.8500022292137146 0.18691909313201904 -0.11833406984806061 1.0 0.0 0.6666666865348816
v -0.8157916069030762 0.5337769389152527 -0.1012287512421608 1.0 0.0 0.6666666865348816
v -0.7255135178565979 0.15745994448661804 -0.04896249622106552 1.0 0.0 0.6666666865348816
v -0.7815809845924377 0.21827885508537292 -0.0803222507238388 1.0 0.0 0.6666666865348816
v -0.7131596803665161 0.22873209416866302 -0.04136013239622116 1.0 0.0 0.6666666865348816
v -0.5715656876564026 0.41689062118530273 0.039414986968040466 1.0 0.0 0.6666666865348816
v -0.6884520053863525 -0.004090300295501947 -0.02995658665895462 1.0 0.0 0.6666666865348816
v -0.562062680721283 0.30760663747787476 0.04416646435856819 1.0 0.0 0.6666666865348816
v -0.5373550057411194 0.12610018253326416 0.05747060105204582 1.0 0.0 0.6666666865348816
v -0.8747099041938782 0.04152388498187065 -0.13829027116298676 1.0 0.0 0.6666666865348816
v -0.4698840379714966 0.1926208734512329 0.09263153374195099 1.0 0.0 0.6666666865348816
v -0.7008058428764343 0.32471194863319397 -0.034708064049482346 1.0 0.0 0.6666666865348816
v -0.6741975545883179 0.13275225460529327 -0.019503336399793625 1.0 0.0 0.6666666865348816
v -0.8034377694129944 -0.05825714394450188 -0.09457667917013168 1.0 0.0 0.6666666865348816
v -0.8509525656700134 0.6107509136199951 -0.12403584271669388 1.0 0.0 0.6666666865348816
v -0.831946611404419 -0.13998256623744965 -0.11073170602321625 1.0 0.0 0.6666666865348816
v -0.8709087371826172 0.266743928194046 -0.13448908925056458 1.0 0.0 0.6666666865348816
v -0.831946611404419 0.22968240082263947 -0.11168200522661209 1.0 0.0 0.6666666865348816
v -0.7654259204864502 0.6040988564491272 -0.07081929594278336 1.0 0.0 0.6666666865348816
v -0.5021941065788269 0.22778180241584778 0.0821782797574997 1.0 0.0 0.6666666865348816
v -0.820543110370636 0.33706578612327576 -0.1012287512421608 1.0 0.0 0.6666666865348816
v -0.6779987812042236 0.4453994929790497 -0.023304518312215805 1.0 0.0 0.6666666865348816
v -0.5991242527961731 0.24583742022514343 0.018508484587073326 1.0 0.0 0.6666666865348816
v -0.6352354288101196 0.18121732771396637 0.0033037555404007435 1.0 0.0 0.6666666865348816
v -0.6485396027565002 0.4672562777996063 -0.008099790662527084 1.0 0.0 0.6666666865348816
v -0.6722970008850098 0.5242739915847778 -0.01665244996547699 1.0 0.0 0.6666666865348816
v -0.6238319277763367 0.0994919091463089 0.010906119830906391 1.0 0.0 0.6666666865348816
v -0.7654259204864502 -0.007891482673585415 -0.06891870498657227 1.0 0.0 0.6666666865348816
v -0.6504402160644531 -0.037350643426179886 -0.008099790662527084 1.0 0.0 0.6666666865348816
v -0.42712074518203735 0.23538416624069214 0.12209069728851318 1.0 0.0 0.6666666865348816
v -0.7711277008056641 0.1755155473947525 -0.0717695876955986 1.0 0.0 0.6666666865348816
v -0.6656449437141418 0.40833795070648193 -0.0147518590092659 1.0 0.0 0.6666666865348816
v -0.608627200126648 -0.0002891181502491236 0.016607893630862236 1.0 0.0 0.6666666865348816
v -0.8347975015640259 0.39788469672203064 -0.10788082331418991 1.0 0.0 0.6666666865348816
v -0.668495774269104 0.29525279998779297 -0.019503336399793625 1.0 0.0 0.6666666865348816
v -0.4366236925125122 0.17076407372951508 0.11638892441987991 1.0 0.0 0.6666666865348816
v -0.7834815382957458 0.40643736720085144 -0.08507372438907623 1.0 0.0 0.6666666865348816
v -0.6029254198074341 0.1584102362394333 0.020409075543284416 1.0 0.0 0.6666666865348816
v -0.875660240650177 -0.05635655298829079 -0.13258850574493408 1.0 0.0 0.6666666865348816
v -0.773978590965271 -0.1855967491865158 -0.07747136056423187 1.0 0.0 0.6666666865348816
v -0.8519028425216675 0.6905757188796997 -0.12783703207969666 1.0 0.0 0.6666666865348816
v -0.8300460577011108 -0.02309621125459671 -0.10598022490739822 1.0 0.0 0.6666666865348816
v -0.5202497243881226 0.36652496457099915 0.07267532497644424 1.0 0.0 0.6666666865348816
v -0.393860399723053 0.22873209416866302 0.1372954249382019 1.0 0.0 0.6666666865348816
v -0.8471513390541077 0.46535569429397583 -0.12213525176048279 1.0 0.0 0.6666666865348816
v -0.8091395497322083 0.6316574215888977 -0.09837786108255386 1.0 0.0 0.6666666865348816
v -0.831946611404419 -0.21220502257347107 -0.11073170602321625 1.0 0.0 0.6666666865348816
v -0.4594307839870453 0.1394043266773224 0.10308478772640228 1.0 0.0 0.6666666865348816
v -0.7074579000473022 0.565136730670929 -0.036608655005693436 1.0 0.0 0.6666666865348816
v -0.6276330947875977 0.30285516381263733 0.007104937452822924 1.0 0.0 0.6666666865348816
v -0.7967857122421265 0.6886751055717468 -0.10312934219837189 1.0 0.0 0.6666666865348816
v -0.6808496713638306 0.21447767317295074 -0.02615540474653244 1.0 0.0 0.6666666865348816
v -0.7882330417633057 0.5176219344139099 -0.08602402359247208 1.0 0.0 0.6666666865348816
v -0.6010248064994812 0.4263935685157776 0.022309666499495506 1.0 0.0 0.6666666865348816
v -0.7378673553466797 0.5746396780014038 -0.05846545472741127 1.0 0.0 0.6666666865348816
v -0.8595051765441895 -0.10767251253128052 -0.12688672542572021 1.0 0.0 0.6666666865348816
v -0.6190804243087769 0.33706578612327576 0.010906119830906391 1.0 0.0 0.6666666865348816
v -0.8404992818832397 0.5708385109901428 -0.11548318713903427 1.0 0.0 0.6666666865348816
v -0.7758792042732239 0.46345508098602295 -0.07462047785520554 1.0 0.0 0.6666666865348816
v -0.448977530002594 0.2648433446884155 0.11163744330406189 1.0 0.0 0.6666666865348816
v -0.5858200788497925 0.3418172597885132 0.029912030324339867 1.0 0.0 0.6666666865348816
v -0.7720780372619629 0.3427675664424896 -0.07842165976762772 1.0 0.0 0.6666666865348816
v -0.47748640179634094 0.33041372895240784 0.09833330661058426 1.0 0.0 0.6666666865348816
v -0.8395490050315857 0.14700669050216675 -0.11263229697942734 1.0 0.0 0.6666666865348816
v -0.8690081834793091 0.3912326395511627 -0.1411411613225937 1.0 0.0 0.6666666865348816
v -0.7682768106460571 -0.050654780119657516 -0.07271988689899445 1.0 0.0 0.6666666865348816
v -0.7844318747520447 0.14320550858974457 -0.08412343263626099 1.0 0.0 0.6666666865348816
v -0.37010300159454346 0.21447767317295074 0.15725162625312805 1.0 0.0 0.6666666865348816
v -0.7416685819625854 0.12419959157705307 -0.05846545472741127 1.0 0.0 0.6666666865348816
v -0.5630130171775818 0.18691909313201904 0.04986823722720146 1.0 0.0 0.6666666865348816
v -0.5459076762199402 0.27814745903015137 0.04796764627099037 1.0 0.0 0.6666666865348816
v -0.7635253667831421 0.0614800900220871 -0.07081929594278336 1.0 0.0 0.6666666865348816
v -0.5421065092086792 0.15936052799224854 0.05937119200825691 1.0 0.0 0.6666666865348816
v -0.6523407697677612 0.11089545488357544 -0.006199199706315994 1.0 0.0 0.6666666865348816
v -0.48984023928642273 0.12039840966463089 0.08312857896089554 1.0 0.0 0.6666666865348816
v -0.5021941065788269 0.1859688013792038 0.07647650688886642 1.0 0.0 0.6666666865348816
v -0.8699584603309631 -0.27492451667785645 -0.13258850574493408 1.0 0.0 0.6666666865348816
v -0.4869893491268158 0.2619924545288086 0.08502916991710663 1.0 0.0 0.6666666865348816
v -0.8328969478607178 0.08143629878759384 -0.11358259618282318 1.0 0.0 0.6666666865348816
v -0.722662627696991 0.2600918412208557 -0.04326072335243225 1.0 0.0 0.6666666865348816
v -0.7407182455062866 0.23728476464748383 -0.059415750205516815 1.0 0.0 0.6666666865348816
v -0.7483206391334534 0.5366278290748596 -0.06606781482696533 1.0 0.0 0.6666666865348816
v -0.6542413830757141 0.5005165934562683 -0.0033483130391687155 1.0 0.0 0.6666666865348816
v -0.657092273235321 0.36462435126304626 -0.008099790662527084 1.0 0.0 0.6666666865348816
v -0.7236129641532898 0.49576514959335327 -0.04706190526485443 1.0 0.0 0.6666666865348816
v -0.6333348751068115 0.040573589503765106 0.0004528690769802779 1.0 0.0 0.6666666865348816
v -0.5468579530715942 0.09093925356864929 0.05557001009583473 1.0 0.0 0.6666666865348816
v -0.8224436640739441 0.7124325037002563 -0.11643347889184952 1.0 0.0 0.6666666865348816
v -0.6732472777366638 -0.08771630376577377 -0.015702154487371445 1.0 0.0 0.6666666865348816
v -0.664694607257843 0.02631915546953678 -0.0147518590092659 1.0 0.0 0.6666666865348816
v -0.7863324284553528 0.2534397840499878 -0.08792461454868317 1.0 0.0 0.6666666865348816
v -0.558261513710022 0.21827885508537292 0.04606705531477928 1.0 0.0 0.6666666865348816
v -0.7093585133552551 -0.02689739316701889 -0.038509245961904526 1.0 0.0 0.6666666865348816
v -0.7055573463439941 -0.0715612843632698 -0.036608655005693436 1.0 0.0 0.6666666865348816
v -0.8005868792533875 0.5717887878417969 -0.09172579646110535 1.0 0.0 0.6666666865348816
v -0.7492709159851074 0.09379013627767563 -0.061316341161727905 1.0 0.0 0.6666666865348816
v -0.5497088432312012 0.034871816635131836 0.05652030557394028 1.0 0.0 0.6666666865348816
v -0.777779757976532 0.2857498228549957 -0.08317313343286514 1.0 0.0 0.6666666865348816
v -0.7910839319229126 0.6050491333007812 -0.08792461454868317 1.0 0.0 0.6666666865348816
v -0.7169608473777771 0.1926208734512329 -0.04326072335243225 1.0 0.0 0.6666666865348816
v -0.6342851519584656 0.3864811658859253 -0.0004974264302290976 1.0 0.0 0.6666666865348816
v -0.7236129641532898 0.3969344198703766 -0.049912791699171066 1.0 0.0 0.6666666865348816
v -0.6304839849472046 0.23728476464748383 0.0033037555404007435 1.0 0.0 0.6666666865348816
v -0.8072389364242554 0.025368859991431236 -0.09362638741731644 1.0 0.0 0.6666666865348816
v -0.5383053421974182 0.2429865300655365 0.0527191236615181 1.0 0.0 0.6666666865348816
v -0.7939348220825195 0.4387474060058594 -0.08982520550489426 1.0 0.0 0.6666666865348816
v -0.5525597333908081 0.3418172597885132 0.05176882818341255 1.0 0.0 0.6666666865348816
v -0.7141099572181702 0.43209534883499146 -0.044211018830537796 1.0 0.0 0.6666666865348816
v -0.5478082895278931 0.3950338065624237 0.05461971461772919 1.0 0.0 0.6666666865348816
v -0.8414495587348938 0.2771971821784973 -0.11833406984806061 1.0 0.0 0.6666666865348816
v -0.7986862659454346 0.11469663679599762 -0.08887490630149841 1.0 0.0 0.6666666865348816
v -0.8072389364242554 0.22683151066303253 -0.09552697837352753 1.0 0.0 0.6666666865348816
v -0.5867704153060913 0.04722565785050392 0.029912030324339867 1.0 0.0 0.6666666865348816
v -0.8404992818832397 0.5356775522232056 -0.11738377809524536 1.0 0.0 0.6666666865348816
v -0.7103087902069092 0.07668481767177582 -0.04136013239622116 1.0 0.0 0.6666666865348816
v -0.6162295341491699 -0.029748279601335526 0.014707301743328571 1.0 0.0 0.6666666865348816
v -0.5012437701225281 0.32661253213882446 0.07552621513605118 1.0 0.0 0.6666666865348816
v -0.5725159645080566 0.2809983491897583 0.03656409680843353 1.0 0.0 0.6666666865348816
v -0.8462010622024536 -0.23691269755363464 -0.11643347889184952 1.0 0.0 0.6666666865348816
v -0.6837005019187927 0.09569072723388672 -0.027105700224637985 1.0 0.0 0.6666666865348816
v -0.8785111308097839 -0.17799438536167145 -0.1373399794101715 1.0 0.0 0.6666666865348816
v -0.6979549527168274 0.5052680969238281 -0.03755895048379898 1.0 0.0 0.6666666865348816
v -0.6694461107254028 0.2429865300655365 -0.013801563531160355 1.0 0.0 0.6666666865348816
v -0.6979549527168274 0.15080787241458893 -0.03755895048379898 1.0 0.0 0.6666666865348816
v -0.7530720829963684 -0.11432457715272903 -0.06701811403036118 1.0 0.0 0.6666666865348816
v -0.7796803712844849 0.37697818875312805 -0.08317313343286514 1.0 0.0 0.6666666865348816
v -0.8680578470230103 0.11184575408697128 -0.1373399794101715 1.0 0.0 0.6666666865348816
v -0.8328969478607178 0.31330838799476624 -0.11073170602321625 1.0 0.0 0.6666666865348816
v -0.7483206391334534 0.0225179735571146 -0.06036604568362236 1.0 0.0 0.6666666865348816
v -0.825294554233551 0.20117352902889252 -0.10788082331418991 1.0 0.0 0.6666666865348816
v -0.5183491110801697 0.1460563838481903 0.06792385131120682 1.0 0.0 0.6666666865348816
v -0.6589928269386292 0.18216761946678162 -0.011900972574949265 1.0 0.0 0.6666666865348816
v -0.8642566800117493 0.3361154794692993 -0.12593643367290497 1.0 0.0 0.6666666865348816
v -0.5259514451026917 0.3038054406642914 0.06222207844257355 1.0 0.0 0.6666666865348816
v -0.6941537857055664 0.29430249333381653 -0.030906882137060165 1.0 0.0 0.6666666865348816
v -0.8509525656700134 -0.16469024121761322 -0.12213525176048279 1.0 0.0 0.6666666865348816
v -0.7074579000473022 0.35417109727859497 -0.03945954144001007 1.0 0.0 0.6666666865348816
v -0.6228815913200378 0.20592500269412994 0.007104937452822924 1.0 0.0 0.6666666865348816
v -0.8500022292137146 0.05482802167534828 -0.11643347889184952 1.0 0.0 0.6666666865348816
v -0.7255135178565979 0.036772407591342926 -0.051813382655382156 1.0 0.0 0.6666666865348816
v -0.8595051765441895 0.7171840071678162 -0.1306879073381424 1.0 0.0 0.6666666865348816
v -0.7293146848678589 -0.0715612843632698 -0.05086308717727661 1.0 0.0 0.6666666865348816
v -0.8680578470230103 0.01491560973227024 -0.13448908925056458 1.0 0.0 0.6666666865348816
v -0.8671075701713562 0.17171436548233032 -0.13353879749774933 1.0 0.0 0.6666666865348816
v -0.8271951675415039 0.3655746579170227 -0.10693052411079407 1.0 0.0 0.6666666865348816
v -0.6760981678962708 0.3275628387928009 -0.023304518312215805 1.0 0.0 0.6666666865348816
v -0.6219313144683838 0.4986160397529602 0.012806710787117481 1.0 0.0 0.6666666865348816
v -0.7654259204864502 0.3142586946487427 -0.07462047785520554 1.0 0.0 0.6666666865348816
v -0.7977359890937805 0.3484693467617035 -0.09172579646110535 1.0 0.0 0.6666666865348816
v -0.8538034558296204 -0.039251234382390976 -0.12213525176048279 1.0 0.0 0.6666666865348816
v -0.8043880462646484 0.6582656502723694 -0.09552697837352753 1.0 0.0 0.6666666865348816
v -0.8091395497322083 0.15745994448661804 -0.09362638741731644 1.0 0.0 0.6666666865348816
v -0.5715656876564026 0.1270504742860794 0.03561380133032799 1.0 0.0 0.6666666865348816
v -0.8328969478607178 0.5043178200721741 -0.11358259618282318 1.0 0.0 0.6666666865348816
v -0.8110401034355164 0.4092882573604584 -0.10217904299497604 1.0 0.0 0.6666666865348816
v -0.4622816741466522 0.16601260006427765 0.10403507947921753 1.0 0.0 0.6666666865348816
v -0.7920342087745667 0.48436158895492554 -0.08887490630149841 1.0 0.0 0.6666666865348816
v -0.48793965578079224 0.35417109727859497 0.09263153374195099 1.0 0.0 0.6666666865348816
v -0.7806306481361389 -0.15708787739276886 -0.0822228416800499 1.0 0.0 0.6666666865348816
v -0.8385987281799316 0.6706194877624512 -0.11643347889184952 1.0 0.0 0.6666666865348816
v -0.4404248893260956 0.21447767317295074 0.11258774250745773 1.0 0.0 0.6666666865348816
v -0.7407182455062866 -0.01074236910790205 -0.05751515552401543 1.0 0.0 0.6666666865348816
v -0.825294554233551 -0.17324289679527283 -0.10693052411079407 1.0 0.0 0.6666666865348816
v -0.824344277381897 -0.06490921229124069 -0.10883111506700516 1.0 0.0 0.6666666865348816
v -0.8110401034355164 0.30285516381263733 -0.1012287512421608 1.0 0.0 0.6666666865348816
v -0.7958353757858276 -0.20080147683620453 -0.08887490630149841 1.0 0.0 0.6666666865348816
v -0.8462010622024536 0.01871679164469242 -0.12118496000766754 1.0 0.0 0.6666666865348816
v -0.6903526186943054 0.5394787192344666 -0.027105700224637985 1.0 0.0 0.6666666865348816
v -0.7986862659454346 -0.14188314974308014 -0.0926760882139206 1.0 0.0 0.6666666865348816
v -0.7901336550712585 0.04532506689429283 -0.08697431534528732 1.0 0.0 0.6666666865348816
v -0.7511715292930603 0.29430249333381653 -0.06511752307415009 1.0 0.0 0.6666666865348816
v -0.5981739163398743 0.3171095848083496 0.01945878006517887 1.0 0.0 0.6666666865348816
v -0.817692220211029 0.004462359473109245 -0.10407963395118713 1.0 0.0 0.6666666865348816
v -0.66754549741745 0.05292743071913719 -0.013801563531160355 1.0 0.0 0.6666666865348816
v -0.7065076231956482 0.3826799690723419 -0.03755895048379898 1.0 0.0 0.6666666865348816
v -0.5839195251464844 0.39598411321640015 0.03181261941790581 1.0 0.0 0.6666666865348816
v -0.5943727493286133 0.07953570783138275 0.02325996197760105 1.0 0.0 0.6666666865348816
v -0.7321655750274658 -0.13618136942386627 -0.040409836918115616 1.0 0.0 0.6666666865348816
v -0.657092273235321 -0.06490921229124069 -0.004298608284443617 1.0 0.0 0.6666666865348816
v -0.6428378224372864 0.43589651584625244 -0.004298608284443617 1.0 0.0 0.6666666865348816
v -0.8500022292137146 0.2429865300655365 -0.12308555096387863 1.0 0.0 0.6666666865348816
v -0.8414495587348938 0.4292444586753845 -0.11263229697942734 1.0 0.0 0.6666666865348816
v -0.6846508383750916 -0.027847688645124435 -0.023304518312215805 1.0 0.0 0.6666666865348816
v -0.7606744766235352 0.13655343651771545 -0.06891870498657227 1.0 0.0 0.6666666865348816
v -0.6428378224372864 0.07098304480314255 -0.005248904228210449 1.0 0.0 0.6666666865348816
v -0.831946611404419 -0.09531866759061813 -0.11263229697942734 1.0 0.0 0.6666666865348816
v -0.6627940535545349 0.266743928194046 -0.015702154487371445 1.0 0.0 0.6666666865348816
v -0.817692220211029 0.06528127193450928 -0.10312934219837189 1.0 0.0 0.6666666865348816
v -0.6010248064994812 0.10994516313076019 0.018508484587073326 1.0 0.0 0.6666666865348816
v -0.7540224194526672 0.4815106987953186 -0.06511752307415009 1.0 0.0 0.6666666865348816
v -0.7426188588142395 0.4178408980369568 -0.059415750205516815 1.0 0.0 0.6666666865348816
v -0.8481016755104065 0.6354585886001587 -0.12403584271669388 1.0 0.0 0.6666666865348816
v -0.8595051765441895 -0.25876951217651367 -0.11738377809524536 1.0 0.0 0.6666666865348816
v -0.66754549741745 0.15555934607982635 -0.015702154487371445 1.0 0.0 0.6666666865348816
v -0.7274141311645508 0.5499320030212402 -0.051813382655382156 1.0 0.0 0.6666666865348816
v -0.7540224194526672 0.15936052799224854 -0.06796840578317642 1.0 0.0 0.6666666865348816
v -0.7825312614440918 0.01111442781984806 -0.08412343263626099 1.0 0.0 0.6666666865348816
v -0.7426188588142395 -0.09436837583780289 -0.0527636781334877 1.0 0.0 0.6666666865348816
v -0.8585548996925354 0.20782560110092163 -0.12498614192008972 1.0 0.0 0.6666666865348816
v -0.828145444393158 0.4691568613052368 -0.10598022490739822 1.0 0.0 0.6666666865348816
v -0.5078958868980408 0.30095455050468445 0.07647650688886642 1.0 0.0 0.6666666865348816
v -0.42712074518203735 0.25914156436920166 0.11638892441987991 1.0 0.0 0.6666666865348816
v -0.5250011682510376 0.22968240082263947 0.06602326035499573 1.0 0.0 0.6666666865348816
v -0.7825312614440918 0.625005304813385 -0.0803222507238388 1.0 0.0 0.6666666865348816
v -0.4803372919559479 0.2325332760810852 0.08597946912050247 1.0 0.0 0.6666666865348816
v -0.7321655750274658 0.3636740744113922 -0.05466426908969879 1.0 0.0 0.6666666865348816
v -0.5097964406013489 0.11944811791181564 0.07267532497644424 1.0 0.0 0.6666666865348816
v -0.7578235864639282 0.5736894011497498 -0.06891870498657227 1.0 0.0 0.6666666865348816
v -0.7863324284553528 -0.04210212081670761 -0.08317313343286514 1.0 0.0 0.6666666865348816
v -0.6884520053863525 0.23538416624069214 -0.029006291180849075 1.0 0.0 0.6666666865348816
v -0.7787300944328308 0.19547176361083984 -0.07842165976762772 1.0 0.0 0.6666666865348816
v -0.5535100698471069 0.10994516313076019 0.04606705531477928 1.0 0.0 0.6666666865348816
v -0.6580425500869751 -0.0050405957736074924 -0.01095067709684372 1.0 0.0 0.6666666865348816
v -0.8081892132759094 0.04532506689429283 -0.10312934219837189 1.0 0.0 0.6666666865348816
v -0.5791680216789246 0.31140780448913574 0.03086232580244541 1.0 0.0 0.6666666865348816
v -0.7340661883354187 0.45110124349594116 -0.05561456456780434 1.0 0.0 0.6666666865348816
v -0.8737596273422241 -0.11622516810894012 -0.1411411613225937 1.0 0.0 0.6666666865348816
v -0.4622816741466522 0.3085569143295288 0.10023389756679535 1.0 0.0 0.6666666865348816
v -0.6779987812042236 0.19357116520404816 -0.021403927356004715 1.0 0.0 0.6666666865348816
v -0.5440070629119873 0.3741273283958435 0.05081853270530701 1.0 0.0 0.6666666865348816
v -0.7093585133552551 -0.0002891181502491236 -0.03945954144001007 1.0 0.0 0.6666666865348816
v -0.6447384357452393 0.3000042736530304 -0.005248904228210449 1.0 0.0 0.6666666865348816
v -0.6000745296478271 0.032971225678920746 0.02135937102138996 1.0 0.0 0.6666666865348816
v -0.4974426031112671 0.09093925356864929 0.08312857896089554 1.0 0.0 0.6666666865348816
v -0.6000745296478271 0.4035864770412445 0.020409075543284416 1.0 0.0 0.6666666865348816
v -0.8462010622024536 0.1289510726928711 -0.12118496000766754 1.0 0.0 0.6666666865348816
v -0.5972236394882202 0.18786939978599548 0.02135937102138996 1.0 0.0 0.6666666865348816
v -0.6181301474571228 0.2534397840499878 0.013757006265223026 1.0 0.0 0.6666666865348816
v -0.5563609600067139 0.1308516561985016 0.04986823722720146 1.0 0.0 0.6666666865348816
v -0.7331159114837646 0.2724457085132599 -0.05656486004590988 1.0 0.0 0.6666666865348816
v -0.6922531723976135 0.06338068097829819 -0.03185717761516571 1.0 0.0 0.6666666865348816
v -0.7958353757858276 -0.07726305723190308 -0.0907754972577095 1.0 0.0 0.6666666865348816
v -0.5915218591690063 0.36177346110343933 0.02896173484623432 1.0 0.0 0.6666666865348816
v -0.7236129641532898 0.12990136444568634 -0.049912791699171066 1.0 0.0 0.6666666865348816
v -0.5801182985305786 0.24013563990592957 0.03086232580244541 1.0 0.0 0.6666666865348816
v -0.5905715823173523 0.4415982961654663 0.03181261941790581 1.0 0.0 0.6666666865348816
v -0.6152792572975159 0.17266467213630676 0.011856415309011936 1.0 0.0 0.6666666865348816
v -0.8500022292137146 0.3912326395511627 -0.1202346608042717 1.0 0.0 0.6666666865348816
v -0.5240508913993835 0.28194865584373474 0.06222207844257355 1.0 0.0 0.6666666865348816
v -0.8119904398918152 0.13845402002334595 -0.1012287512421608 1.0 0.0 0.6666666865348816
v -0.4803372919559479 0.16316170990467072 0.09453212469816208 1.0 0.0 0.6666666865348816
v -0.7749289274215698 -0.09721925854682922 -0.07652106881141663 1.0 0.0 0.6666666865348816
v -0.7578235864639282 0.3522705137729645 -0.06701811403036118 1.0 0.0 0.6666666865348816
v -0.7169608473777771 -0.12287724018096924 -0.044211018830537796 1.0 0.0 0.6666666865348816
v -0.5173988342285156 0.21067649126052856 0.06792385131120682 1.0 0.0 0.6666666865348816
v -0.8490519523620605 0.09569072723388672 -0.12118496000766754 1.0 0.0 0.6666666865348816
v -0.7682768106460571 0.2306326925754547 -0.07081929594278336 1.0 0.0 0.6666666865348816
v -0.831946611404419 -0.04590330272912979 -0.10883111506700516 1.0 0.0 0.6666666865348816
v -0.6561419367790222 0.13275225460529327 -0.010000381618738174 1.0 0.0 0.6666666865348816
v -0.7825312614440918 0.06338068097829819 -0.08127254247665405 1.0 0.0 0.6666666865348816
v -0.5630130171775818 0.3294634222984314 0.039414986968040466 1.0 0.0 0.6666666865348816
v -0.6589928269386292 0.4292444586753845 -0.0147518590092659 1.0 0.0 0.6666666865348816
v -0.6760981678962708 0.010164132341742516 -0.019503336399793625 1.0 0.0 0.6666666865348816
v -0.6437880992889404 0.34941962361335754 -0.0023980175610631704 1.0 0.0 0.6666666865348816
v -0.8481016755104065 0.1669628918170929 -0.12118496000766754 1.0 0.0 0.6666666865348816
v -0.7036567330360413 0.2657936215400696 -0.03945954144001007 1.0 0.0 0.6666666865348816
v -0.7711277008056641 -0.12287724018096924 -0.07462047785520554 1.0 0.0 0.6666666865348816
v -0.8500022292137146 0.4881627857685089 -0.12308555096387863 1.0 0.0 0.6666666865348816
v -0.8633064031600952 0.5252243280410767 -0.1306879073381424 1.0 0.0 0.6666666865348816
v -0.8728093504905701 0.3019048571586609 -0.13638968765735626 1.0 0.0 0.6666666865348816
v -0.8186424970626831 0.17076407372951508 -0.10502993315458298 1.0 0.0 0.6666666865348816
v -0.6238319277763367 0.07668481767177582 0.008055233396589756 1.0 0.0 0.6666666865348816
v -0.42902132868766785 0.18786939978599548 0.12304098904132843 1.0 0.0 0.6666666865348816
v -0.7730283141136169 0.4967154264450073 -0.07747136056423187 1.0 0.0 0.6666666865348816
v -0.8005868792533875 0.46820658445358276 -0.09647727012634277 1.0 0.0 0.6666666865348816
v -0.4318722188472748 0.2914516031742096 0.12114039808511734 1.0 0.0 0.6666666865348816
v -0.8347975015640259 0.3446681499481201 -0.11263229697942734 1.0 0.0 0.6666666865348816
v -0.8271951675415039 0.558484673500061 -0.10788082331418991 1.0 0.0 0.6666666865348816
v -0.5696650743484497 0.03392152115702629 0.041315577924251556 1.0 0.0 0.6666666865348816
v -0.5221502780914307 0.06338068097829819 0.06887414306402206 1.0 0.0 0.6666666865348816
v -0.445176362991333 0.13845402002334595 0.11638892441987991 1.0 0.0 0.6666666865348816
v -0.5801182985305786 0.2600918412208557 0.03276291489601135 1.0 0.0 0.6666666865348816
v -0.7749289274215698 -0.020245324820280075 -0.0803222507238388 1.0 0.0 0.6666666865348816
v -0.773978590965271 0.4396977126598358 -0.07842165976762772 1.0 0.0 0.6666666865348816
v -0.5078958868980408 0.28194865584373474 0.07362562417984009 1.0 0.0 0.6666666865348816
v -0.5383053421974182 0.07383393496274948 0.05557001009583473 1.0 0.0 0.6666666865348816
v -0.7435691356658936 0.5128704309463501 -0.05846545472741127 1.0 0.0 0.6666666865348816
v -0.6884520053863525 0.3418172597885132 -0.02615540474653244 1.0 0.0 0.6666666865348816
v -0.6760981678962708 0.11184575408697128 -0.02045363187789917 1.0 0.0 0.6666666865348816
v -0.6247822046279907 -0.0069411867298185825 0.009005528874695301 1.0 0.0 0.6666666865348816
v -0.8043880462646484 0.09759131819009781 -0.09457667917013168 1.0 0.0 0.6666666865348816
v -0.5278520584106445 0.11089545488357544 0.0631723701953888 1.0 0.0 0.6666666865348816
v -0.817692220211029 -0.2046026587486267 -0.1012287512421608 1.0 0.0 0.6666666865348816
v -0.7464200258255005 -0.14473403990268707 -0.063216932117939 1.0 0.0 0.6666666865348816
v -0.7369170784950256 0.4815106987953186 -0.05751515552401543 1.0 0.0 0.6666666865348816
v -0.8110401034355164 -0.0249968022108078 -0.09932816028594971 1.0 0.0 0.6666666865348816
v -0.44802725315093994 0.24678771197795868 0.10783626139163971 1.0 0.0 0.6666666865348816
v -0.5829691886901855 0.4606042206287384 0.03086232580244541 1.0 0.0 0.6666666865348816
v -0.5639632940292358 0.09569072723388672 0.041315577924251556 1.0 0.0 0.6666666865348816
v -0.5782177448272705 0.2116267830133438 0.039414986968040466 1.0 0.0 0.6666666865348816
v -0.7891833186149597 -0.1200263500213623 -0.08792461454868317 1.0 0.0 0.6666666865348816
v -0.7749289274215698 0.09664102643728256 -0.07367017865180969 1.0 0.0 0.6666666865348816
v -0.7996366024017334 0.5537331700325012 -0.0907754972577095 1.0 0.0 0.6666666865348816
v -0.8062886595726013 0.4501509666442871 -0.09647727012634277 1.0 0.0 0.6666666865348816
v -0.6913028955459595 0.3921829164028168 -0.03185717761516571 1.0 0.0 0.6666666865348816
v -0.7625750303268433 0.08428718149662018 -0.06891870498657227 1.0 0.0 0.6666666865348816
v -0.8690081834793091 0.4187912046909332 -0.1373399794101715 1.0 0.0 0.6666666865348816
v -0.7074579000473022 -0.08866660296916962 -0.042310427874326706 1.0 0.0 0.6666666865348816
v -0.7511715292930603 0.0510268397629261 -0.063216932117939 1.0 0.0 0.6666666865348816
v -0.77017742395401 0.5841426253318787 -0.07652106881141663 1.0 0.0 0.6666666865348816
v -0.7017561197280884 0.1859688013792038 -0.036608655005693436 1.0 0.0 0.6666666865348816
v -0.6846508383750916 0.07763511687517166 -0.02425481379032135 1.0 0.0 0.6666666865348816
v -0.831946611404419 -0.0031400045845657587 -0.11168200522661209 1.0 0.0 0.6666666865348816
v -0.7559229731559753 -0.17419320344924927 -0.05846545472741127 1.0 0.0 0.6666666865348816
v -0.6342851519584656 0.28670012950897217 0.0004528690769802779 1.0 0.0 0.6666666865348816
v -0.6875017285346985 0.12324929982423782 -0.02805599570274353 1.0 0.0 0.6666666865348816
v -0.5288023352622986 0.2534397840499878 0.06412266939878464 1.0 0.0 0.6666666865348816
v -0.6428378224372864 0.25248947739601135 -0.007149495184421539 1.0 0.0 0.6666666865348816
v -0.6076768636703491 0.2828989326953888 0.013757006265223026 1.0 0.0 0.6666666865348816
v -0.6466389894485474 0.2344338744878769 -0.005248904228210449 1.0 0.0 0.6666666865348816
v -0.5449573993682861 0.25914156436920166 0.05557001009583473 1.0 0.0 0.6666666865348816
v -0.6181301474571228 0.3551214039325714 0.012806710787117481 1.0 0.0 0.6666666865348816
v -0.5392556190490723 0.29430249333381653 0.05557001009583473 1.0 0.0 0.6666666865348816
v -0.817692220211029 -0.10862280428409576 -0.10217904299497604 1.0 0.0 0.6666666865348816
v -0.8471513390541077 0.29525279998779297 -0.12213525176048279 1.0 0.0 0.6666666865348816
v -0.6561419367790222 0.19927294552326202 -0.00905008614063263 1.0 0.0 0.6666666865348816
v -0.8538034558296204 0.5936455726623535 -0.12688672542572021 1.0 0.0 0.6666666865348816
v -0.7986862659454346 0.241085946559906 -0.08982520550489426 1.0 0.0 0.6666666865348816
v -0.554460346698761 0.20117352902889252 0.04416646435856819 1.0 0.0 0.6666666865348816
v -0.5364047288894653 0.17456525564193726 0.0527191236615181 1.0 0.0 0.6666666865348816
v -0.6067265868186951 0.14130491018295288 0.020409075543284416 1.0 0.0 0.6666666865348816
v -0.8500022292137146 0.34561845660209656 -0.12118496000766754 1.0 0.0 0.6666666865348816
v -0.7872827649116516 0.16031081974506378 -0.08602402359247208 1.0 0.0 0.6666666865348816
v -0.6998555660247803 0.5271248817443848 -0.034708064049482346 1.0 0.0 0.6666666865348816
v -0.7521218061447144 0.405487060546875 -0.06701811403036118 1.0 0.0 0.6666666865348816
v -0.5924721360206604 0.38172969222068787 0.02706114389002323 1.0 0.0 0.6666666865348816
v -0.4917408227920532 0.24488712847232819 0.0821782797574997 1.0 0.0 0.6666666865348816
v -0.613378643989563 0.31140780448913574 0.013757006265223026 1.0 0.0 0.6666666865348816
v -0.393860399723053 0.2116267830133438 0.1391960084438324 1.0 0.0 0.6666666865348816
v -0.5012437701225281 0.2116267830133438 0.07647650688886642 1.0 0.0 0.6666666865348816
v -0.8747099041938782 0.241085946559906 -0.13638968765735626 1.0 0.0 0.6666666865348816
v -0.8614057898521423 0.6278561949729919 -0.13163821399211884 1.0 0.0 0.6666666865348816
v -0.8100898265838623 0.6962774991989136 -0.11073170602321625 1.0 0.0 0.6666666865348816
v -0.8328969478607178 0.41499000787734985 -0.10883111506700516 1.0 0.0 0.6666666865348816
v -0.5307029485702515 0.2116267830133438 0.05747060105204582 1.0 0.0 0.6666666865348816
v -0.5810686349868774 0.07858540862798691 0.0337132103741169 1.0 0.0 0.6666666865348816
v -0.5677644610404968 0.17171436548233032 0.04416646435856819 1.0 0.0 0.6666666865348816
v -0.6200307011604309 0.45110124349594116 0.014707301743328571 1.0 0.0 0.6666666865348816
v -0.716010570526123 0.0994919091463089 -0.046111609786748886 1.0 0.0 0.6666666865348816
v -0.4831881821155548 0.27814745903015137 0.08788006007671356 1.0 0.0 0.6666666865348816
v -0.657092273235321 0.013965314254164696 -0.006199199706315994 1.0 0.0 0.6666666865348816
v -0.42712074518203735 0.20592500269412994 0.12114039808511734 1.0 0.0 0.6666666865348816
v -0.8081892132759094 0.5204728245735168 -0.09457667917013168 1.0 0.0 0.6666666865348816
v -0.6276330947875977 0.37317702174186707 0.007104937452822924 1.0 0.0 0.6666666865348816
v -0.8585548996925354 0.4558527171611786 -0.12973761558532715 1.0 0.0 0.6666666865348816
v -0.7540224194526672 -0.05160507559776306 -0.06416722387075424 1.0 0.0 0.6666666865348816
v -0.5059952735900879 0.16981378197669983 0.07552621513605118 1.0 0.0 0.6666666865348816
v -0.7312152981758118 0.3123581111431122 -0.051813382655382156 1.0 0.0 0.6666666865348816
v -0.6437880992889404 0.14890727400779724 -0.008099790662527084 1.0 0.0 0.6666666865348816
v -0.6029254198074341 0.01681620068848133 0.02325996197760105 1.0 0.0 0.6666666865348816
v -0.6989052295684814 0.4244929850101471 -0.034708064049482346 1.0 0.0 0.6666666865348816
v -0.7844318747520447 0.18026703596115112 -0.08127254247665405 1.0 0.0 0.6666666865348816
v -0.609577476978302 0.3902823328971863 0.018508484587073326 1.0 0.0 0.6666666865348816
v -0.6257324814796448 0.3228113651275635 0.006154641974717379 1.0 0.0 0.6666666865348816
v -0.715060293674469 0.34086698293685913 -0.04516131430864334 1.0 0.0 0.6666666865348816
v -0.5535100698471069 0.4102385342121124 0.0527191236615181 1.0 0.0 0.6666666865348816
v -0.831946611404419 0.16316170990467072 -0.11073170602321625 1.0 0.0 0.6666666865348816
v -0.7530720829963684 0.24203623831272125 -0.06891870498657227 1.0 0.0 0.6666666865348816
v -0.825294554233551 0.38172969222068787 -0.10598022490739822 1.0 0.0 0.6666666865348816
v -0.8595051765441895 -0.17799438536167145 -0.12593643367290497 1.0 0.0 0.6666666865348816
v -0.8062886595726013 0.2743462920188904 -0.09362638741731644 1.0 0.0 0.6666666865348816
v -0.8300460577011108 0.5974467396736145 -0.11263229697942734 1.0 0.0 0.6666666865348816
v -0.7606744766235352 0.18786939978599548 -0.07081929594278336 1.0 0.0 0.6666666865348816
v -0.6124283671379089 0.48246100544929504 0.020409075543284416 1.0 0.0 0.6666666865348816
v -0.5677644610404968 0.0510268397629261 0.04416646435856819 1.0 0.0 0.6666666865348816
v -0.831946611404419 0.06528127193450928 -0.11073170602321625 1.0 0.0 0.6666666865348816
v -0.7055573463439941 0.46535569429397583 -0.038509245961904526 1.0 0.0 0.6666666865348816
v -0.4727349281311035 0.20687530934810638 0.0992836058139801 1.0 0.0 0.6666666865348816
v -0.7635253667831421 0.5195225477218628 -0.07271988689899445 1.0 0.0 0.6666666865348816
v -0.5924721360206604 0.1184978187084198 0.02896173484623432 1.0 0.0 0.6666666865348816
v -0.7948850989341736 0.5898444056510925 -0.0907754972577095 1.0 0.0 0.6666666865348816
v -0.719811737537384 -0.037350643426179886 -0.044211018830537796 1.0 0.0 0.6666666865348816
v -0.7644756436347961 0.2847995460033417 -0.07462047785520554 1.0 0.0 0.6666666865348816
v -0.6732472777366638 0.42544326186180115 -0.02045363187789917 1.0 0.0 0.6666666865348816
v -0.40146276354789734 0.24203623831272125 0.13349424302577972 1.0 0.0 0.6666666865348816
v -0.6989052295684814 -0.05730684846639633 -0.03565835952758789 1.0 0.0 0.6666666865348816
v -0.4109657108783722 0.21447767317295074 0.13159364461898804 1.0 0.0 0.6666666865348816
v -0.8414495587348938 0.379829078912735 -0.11358259618282318 1.0 0.0 0.6666666865348816
v -0.6523407697677612 0.3171095848083496 -0.01285126805305481 1.0 0.0 0.6666666865348816
v -0.6894022822380066 0.45300185680389404 -0.030906882137060165 1.0 0.0 0.6666666865348816
v -0.8718590140342712 0.20972618460655212 -0.13543939590454102 1.0 0.0 0.6666666865348816
v -0.6951040625572205 0.1375037282705307 -0.02995658665895462 1.0 0.0 0.6666666865348816
v -0.8414495587348938 0.5204728245735168 -0.1202346608042717 1.0 0.0 0.6666666865348816
