v 0.08337555878943805 -0.5611931975698736 -0.1449575985022127
v 0.2538471630854585 -0.5866594905512839 -0.14349649849112794
v 0.3935483295119165 -0.6084672338074109 -0.14813234474310472
v 0.1770854043142623 -0.46069573045473294 -0.13613324081429856
v 0.26573390337498154 -0.4748877293516224 -0.13744521949282879
v 0.37791151883321 -0.4927781450045677 -0.13285632645234977
v -0.0002630772331275014 -0.5127487130999666 -0.14541078495502346
v 0.315426219685193 -0.5952289336965967 -0.14450113418769134
v 0.18237131881195925 -0.5705908277040692 -0.13984385195757712
v 0.12095757225984714 -0.44308662297225027 -0.13145115306291624
v 0.3117019485008566 -0.4806664297719939 -0.13473537264125918
v 0.13586418361595903 -0.5602581829678273 -0.14538140714828304
v 0.41555211191606695 -0.5430083231084772 -0.13813497975617353
v 0.27884708922479506 -0.5905831549969984 -0.14513445074378709
v 0.29910116053584296 -0.5931831142436295 -0.14248971414337588
v 0.03645206369911564 -0.4404658937484442 -0.13338613480350825
v 0.41466942745787655 -0.5626466667910599 -0.13567574604575788
v 0.0455480168017468 -0.5547630578269765 -0.14364209816740522
v 0.10576150084676414 -0.44521116264765687 -0.13863507247764148
v 0.21979775069986826 -0.5772809367754198 -0.14796534510388656
v 0.2230559524575709 -0.4670711319941362 -0.1353326132695633
v 0.14886467993458344 -0.4587727558216342 -0.1361477152516415
v 0.3504485481503566 -0.47798653918146067 -0.13591853141317004
v 0.17126648626327942 -0.57137884134637 -0.14841402523905572
v 0.3525431198670858 -0.5959484647113086 -0.13980595843435425
v 0.2841665718478605 -0.4769912585642303 -0.1347829625933811
v 0.08718965013732126 -0.5581157923960013 -0.1444755129952994
v 0.02229216728884702 -0.5479377637891496 -0.14025662051474208
v 0.21304364747671714 -0.46249799159478094 -0.1360207692935901
v 0.15259329253473744 -0.5699451630772309 -0.14277466960482488
v 0.19166938571448977 -0.4593285060430325 -0.132453947604944
v 0.16848046641153425 -0.4606653347202077 -0.13457739037159405
v 0.33068658985556004 -0.5918303633244864 -0.14197510369092073
v 0.09230701475939801 -0.4384058706131231 -0.13437713374344312
v 0.2871286046291979 -0.5902696575295475 -0.1434893805638547
v 0.14512742555752078 -0.5670808752898074 -0.1468553644857293
v 0.23481733832112348 -0.5834573975132905 -0.14505491804829015
v 0.061551033715721806 -0.4443134007150596 -0.1388635264713317
v 0.10688993594494618 -0.5622024129652187 -0.1435363350256824
v 0.18941403553612185 -0.5767055534568637 -0.14549821062734322
v 0.3534733248891386 -0.48586838500250745 -0.1326902433229865
v 0.004529705380321511 -0.48390183026527417 -0.13162358071052102
v 0.3950813417873971 -0.49371700375087424 -0.13582119375404278
v 0.0027930374896991336 -0.4899279869522446 -0.1406483174515165
v 0.12934745201191525 -0.4504836958004568 -0.137770255452011
v 0.41394094542104615 -0.5730455310166084 -0.14195856850905858
v 0.2578657698284114 -0.47255890458811367 -0.13523159071143184
v 0.37296967181481944 -0.6052387923085178 -0.14747527038913044
v 0.21632030695556118 -0.5737715920672334 -0.1434672202089387
v 0.29901795741895326 -0.47474560365519203 -0.13938458314992094
v 0.29049363615484664 -0.47632871228929285 -0.13640339754919545
v 0.1414861328890001 -0.45289832470509805 -0.13619542650198696
v 0.23351872349911415 -0.46831526693811115 -0.13737459679505967
v 0.4136273648905144 -0.5344825886271574 -0.14079319962484713
v 0.25669230940987126 -0.5842270782512533 -0.14859066466356596
v 0.2719609545786459 -0.5937712393329023 -0.14505479185427672
v 0.10325036153351586 -0.5608370123280005 -0.14089023191762653
v 0.2128791099141661 -0.46706435304077254 -0.1371351330532761
v 0.4136379729100966 -0.5288893676595248 -0.13768141209313436
v 0.1741696814366311 -0.45990245286144055 -0.1357028365461959
v 0.3243303484659546 -0.4737956444650095 -0.1386831356814317
v 0.2520598165449217 -0.4729275976154184 -0.13627103631617282
v 0.058059204007495174 -0.5536456311146831 -0.1395173406651468
v 0.3337493429659236 -0.48114227766389683 -0.13347239273413578
v 0.05183459065339155 -0.547771409065422 -0.14321678795149206
v 0.18852451002010925 -0.5721762004369945 -0.14460686934466388
v 0.06729940755395307 -0.4423216883403238 -0.13924155429074703
v 0.36747817865987437 -0.6000477924998919 -0.14408416714067618
v 0.2380017694654316 -0.5739024648918873 -0.1444232679992681
v 0.1524862963289359 -0.5712657448949948 -0.14754117584820203
v 0.022678424883819322 -0.5490175951350675 -0.14338031536427237
v 0.07103109370123276 -0.5533989565633255 -0.1432981134540378
v 0.38124549930607854 -0.4838392111137541 -0.13719514629321541
v 0.29525975596441656 -0.5942421756429809 -0.14712509915012517
v 0.84752411494362 -0.5898521353078866 -0.1929627696950198
v 0.535193934036618 -0.5689251168526792 -0.24797157440211998
v 0.6767268409352285 -0.5259500030354762 -0.13158795910827578
v 0.4323954775217054 -0.5523230107005672 -0.2528519886447603
v 0.7527579649731775 -0.5938585162101532 -0.24052287754940782
v 0.624473393893178 -0.5839028697900853 -0.24844127201730393
v 0.7592750503936812 -0.5422772356612408 -0.12963330217620878
v 0.41358726630771747 -0.5164308254726638 -0.1871039391471734
v 0.6881370533051236 -0.5840053014844941 -0.2409272756267118
v 0.5211777644568123 -0.5050199195037892 -0.13050103108570296
v 0.6200632161514688 -0.5238128577824785 -0.1330199884985987
v 0.8530167385680373 -0.5565349318646033 -0.15231210958469296
v 0.7943689912206934 -0.6056474811090522 -0.24368259405252818
v 0.7888014774781119 -0.5421014543245183 -0.1370862182872691
v 0.753946795450786 -0.5975405546043702 -0.24554760646945034
v 0.5320200723212481 -0.573917448308669 -0.244475165802685
v 0.41605550526678764 -0.5369035390857635 -0.22133482271028657
v 0.6530380900770444 -0.526010286396309 -0.1335759356247399
v 0.4582704154457779 -0.49757660379047797 -0.13462942194589836
v 0.713655323146528 -0.5367824965377109 -0.13502066684879127
v 0.48875079351211115 -0.5637629732620574 -0.2500340096805888
v 0.49323157826792396 -0.5025760008213809 -0.13647623394767683
v 0.6468898424896422 -0.5838380419880504 -0.2443194608423123
v 0.6478013797499083 -0.5825924764924223 -0.24659432925704855
v 0.5843211577377074 -0.5147481432814022 -0.1309698794809752
v 0.4132079921122008 -0.503808463906481 -0.16217919574552692
v 0.7794561548519587 -0.6021471552413651 -0.23827449107558762
v 0.617406598073922 -0.5210497990454919 -0.13467037992571845
v 0.7042761191008399 -0.5943372309641809 -0.240715040002503
v 0.5715009226011724 -0.5698284802260085 -0.24827897192742338
v 0.5585524001359912 -0.5111274938780036 -0.1382148261240949
v 0.8451469539005609 -0.5803020353184047 -0.18391384754584117
v 0.54636533711213 -0.5045996083027043 -0.13778715408868147
v 0.7580507101990308 -0.5391950759533817 -0.1365906559942151
v 0.45429324389502107 -0.4979019695446913 -0.13195687780726228
v 0.46887906876774377 -0.5614762382777101 -0.2546702557090762
v 0.8140424023091516 -0.548167758270507 -0.14031602962576145
v 0.800960377009394 -0.5476373188412923 -0.1384265418824787
v 0.5984129634640049 -0.5771783908670671 -0.2462283522519638
v 0.8482460533286185 -0.5915546861015807 -0.21108016571105262
v 0.7263912323445837 -0.5940656140051372 -0.2454952933467164
v 0.6721856166290034 -0.586466820586644 -0.2478462471653148
v 0.5552605190069569 -0.5726291715991484 -0.25165317833122763
v 0.41618688904035805 -0.5351505262852911 -0.22320138751505514
v 0.6713314587711996 -0.5864409866180793 -0.24733814846473395
v 0.5098821140832926 -0.5006812913449441 -0.13797673194479368
v 0.4824035559140289 -0.5016156201566548 -0.1330981737756094
v 0.5313177161069134 -0.5097714286018579 -0.13693200664628646
v 0.6983560574577579 -0.5929667201220507 -0.24309553270015996
v 0.4178881340147388 -0.53299139661748 -0.21048321053784985
v 0.6751889947113466 -0.5279528565799178 -0.13597703815168338
v 0.45775711906002964 -0.5581844024759004 -0.254625478536671
v 0.5644154174363724 -0.5111178916987711 -0.13478588539327127
v 0.6410922997243553 -0.5295265231854619 -0.13364033001498604
v 0.5995393364055979 -0.5263495482428112 -0.1328558318489652
v 0.7175733014599623 -0.5933615984628906 -0.24505349189568534
v 0.7778380456436588 -0.5410630899461085 -0.13776827853897045
v 0.5319100810755719 -0.5683135103906566 -0.25129822909237914
v 0.41110509144973845 -0.5084034129993775 -0.16222331249707886
v 0.7732656685736709 -0.5998406105842533 -0.23952772494611152
v 0.7222293286417593 -0.5357000498094319 -0.1399969834267067
v 0.4750698212217944 -0.5559216880572669 -0.2538331826383818
v 0.5005754214581943 -0.5085789066952877 -0.1371297939625619
v 0.5536507427126011 -0.5123441546632863 -0.13888442382507424
v 0.41984872609821 -0.5118097051764241 -0.18566646233081013
v 0.846286342732835 -0.5810735602623016 -0.18617005825594132
v 0.6069080370755581 -0.5715742766920126 -0.2494695677087535
v 0.9925675251070515 0.4506192444778138 -0.24958245043211366
v -0.8214809582810692 0.7191041227503835 -0.24319032543339933
v 0.5006128944927385 0.5282891236656133 -0.26046893483735467
v 0.11663283626543697 0.596477666841265 -0.27295529000549323
v 0.2888841988462115 0.45947665050718034 -0.09472985551049155
v 0.7836174210348144 0.4840362962691633 -0.25150921148437766
v -0.7152170154943529 0.6067035291315348 -0.09493377868388397
v 0.2536140287392396 0.5703699006425303 -0.2670747339461272
v 0.37081581979155326 0.5522893205684105 -0.2608890154157465
v -0.07241947571143699 0.6222409919194538 -0.27733676820746983
v -0.8410677237614483 0.639546129518283 -0.11243264132180607
v -0.57674104336753 0.5860932637050189 -0.09062844201374047
v 1.000290512058014 0.385790274269568 -0.14557589580235866
v 0.8859380690363209 0.4705590699624563 -0.2571573829041155
v 0.5948432528182235 0.5190657752819547 -0.26246542815667273
v -0.4431818254415169 0.6848298627445679 -0.2839695058132627
v 0.6888764073518102 0.5029692528558172 -0.25781411659999376
v 0.19889875326821252 0.46814153895529886 -0.09173405608460002
v 0.3650273141651856 0.4402217441291487 -0.09710995796603289
v -0.03558080242011979 0.503009846698885 -0.09400455872408475
v 0.8945569377206639 0.37510176513714405 -0.09562625523442218
v -0.16828353526594741 0.5229107524096865 -0.08822618345663988
v -0.4219555354156441 0.559712799273232 -0.09563047389345358
v 0.04290205078350331 0.6009439611233511 -0.27576350775502806
v 0.7540249250047357 0.39370508943263494 -0.08962563046130662
v 0.6686131769017183 0.3995845938889527 -0.09673295743506766
v 0.5746860302683704 0.42227337607862725 -0.09799406078166085
v -0.8277420033360005 0.6804355375615795 -0.19429294479070408
v 0.4310757436244247 0.43745168826235603 -0.09754989577227578
v 0.4376654977407282 0.5393393991607985 -0.2633735214696242
v -0.12079726285126795 0.6296632569538242 -0.27760661009021137
v -0.7686751480659849 0.6158999304742285 -0.08906936438532638
v 0.19152688196520473 0.5816208083631517 -0.2708064468560749
v -0.35764227451936065 0.6720284347257226 -0.285833253809167
v 0.31396055554371266 0.561370021042621 -0.2703683355748043
v 0.9377218201102662 0.4659673230973998 -0.25001068799757675
v 0.7408703970221975 0.49374900672986854 -0.2576281936202279
v 0.9561837985021604 0.35854714743973304 -0.09715544297366965
v 0.8433248919659498 0.3881742885599347 -0.09361370071320527
v -0.1123617790253728 0.5214260149056953 -0.09351236737834026
v 0.8380252506774091 0.4749672362752833 -0.2518810313451731
v 1.0011530858034172 0.4109818314899533 -0.1884999746423439
v -0.328591939844068 0.5540481899078491 -0.0934639680918449
v -0.6265997808858278 0.5961165195100924 -0.09955098780088163
v -0.3773517306806122 0.5597436284701758 -0.09172042631918594
v -0.4903471886771608 0.5735870777242249 -0.09207406202364916
v 0.1510555137388827 0.5825558976805028 -0.2642696212947901
v -0.6698707229968881 0.5979922609074613 -0.09382583466645247
v 0.648562613602154 0.5109816861053883 -0.2552855136665177
v -0.8369118772274846 0.6642394814836707 -0.1549827964163674
v 0.25040420967440613 0.4651610631845179 -0.0954261583495525
v 0.5186432490187434 0.4227380139957693 -0.09546034128706313
v -0.40310608155548777 0.5619394047988079 -0.09403676847342325
v 0.021214135759535624 0.502010348743062 -0.09735395292942495
v 0.12721283883386938 0.4833933632833476 -0.09235937433301442
v 0.40590777452582677 0.4448809654639645 -0.09392346481001003
v -0.5349349964485736 0.5864877345013315 -0.09094706716789841
v 0.7181995876959181 0.4007016370207766 -0.09611915277034434
v -0.27121301290789585 0.5402210030693835 -0.09379055472745357
v 0.06597375359955886 0.49153660346085115 -0.09127400242875308
v 0.33383588446964535 0.45012810881873444 -0.09207329089597886
v -0.2276626599173141 0.534786816649036 -0.09663426971142151
v -0.8402025625830075 0.6460781402918131 -0.1364085912493252
v 0.0766680131416928 0.5954769649646158 -0.269553961185077
v 0.9102244726163251 0.36541717170400473 -0.09356108028376152
v 0.20929720356534687 0.47077864644970857 -0.09027440113520566
v 0.7107095382234825 0.3983227125738243 -0.09421888849799712
v -0.5351801999535482 0.5817274908107769 -0.09733265228255367
v 0.2818723694952984 0.5630903171666816 -0.26572343726114306
v -0.5716519388748004 0.708376274463951 -0.29395771407169297
v 0.5963258287033387 0.41558235059413157 -0.09488082898928073
v 0.1520011952414367 0.48131270563259565 -0.0877178337350078
v 0.4070625471144604 0.5450443719405667 -0.2637943851221759
v 0.7107917413402645 0.49722069076719616 -0.25737239282929
v -0.6839565417751703 0.6019195853815871 -0.09119516025821783
v 0.09052257273316079 0.48949278139179925 -0.08761587354834086
v 0.8803801104018152 0.36652215386416487 -0.0960875550765939
v 0.46459860680732856 0.4283217340022391 -0.09834550375118377
v 0.8124055049687475 0.4766333147843917 -0.25212044746725565
v -0.07776505518046001 0.6223199758741136 -0.27287965345025966
v 0.4447568939310336 0.5428957272813995 -0.26071533829782584
v 0.5650819207178531 0.5187492701973017 -0.25938900217572786
v 0.10741313985184402 0.5971998403723255 -0.2733183442090947
v -0.7422379962453831 0.6089325549625516 -0.0936868795977781
v 0.3737804861044527 0.44733848733726683 -0.09680578034926869
v -0.14434636227613354 0.5282305966784501 -0.09268021995728898
v -0.5975591238630026 0.5922341270506676 -0.09353951177607155
v 0.8032635600123568 0.38449702345004183 -0.0915610036703761
v 0.9647829231820289 0.45177801664163186 -0.24841714234819123
v 0.27610391172785015 0.47134328867830155 -0.09618738425046901
v -0.42910017936437156 0.5666821983386054 -0.09529493199598067
v 0.052383487765134594 0.49416192270506937 -0.09047834623434933
v -0.45648535627747855 0.5682894933942599 -0.09481673589152782
v -0.8373385354978543 0.6807408245471713 -0.18761807100368474
v -0.19380125409074417 0.5285004297916008 -0.09790754465434816
v -0.6463033226230189 0.6013574528466568 -0.0900851025481649
v 0.913912834112727 0.46361718524771156 -0.2489770048266019
v 0.9987221988922418 0.3990405765744325 -0.16273233635340706
v -0.015829709707454384 0.5046833352498605 -0.09011534332962708
v -0.34734103467710126 0.5546538115763342 -0.0949889391611248
v -0.5670301475601419 0.585647778041804 -0.09779370506367203
v 0.8726730211479733 0.47509336331527235 -0.2542297288080013
v -0.2964951657467274 0.5465325300089744 -0.09180330558092051
v 0.8346175841627165 0.379816314436427 -0.09334308659969322
v 0.09643310972554488 0.4905968159042113 -0.09636295259337657
v -0.023626463993394062 0.5085604996979872 -0.09417831505163524
v 0.7639722849618834 0.48555286711952284 -0.25387334160818836
v 0.2672559666251658 0.4637997079473859 -0.09427272158666829
v 0.49024274033829585 0.43051822323987693 -0.09606932217878411
v 0.7804996095500605 0.3847441660648259 -0.09908383899108276
v -0.09157021200843685 0.5084310534984483 -0.0976388579405385
v 0.6064389911158591 0.5133736495005208 -0.26339200970615645
v 0.6910976998745962 0.39816098302442104 -0.09191973961096868
v 0.5402571704159391 0.42819202946264273 -0.10301979756638424
v -0.3693529316806683 0.5547625427975653 -0.09412697314296926
v -0.7980354870842596 0.6134967339730747 -0.09049162489614265
v -0.08609904424117246 0.5151714935879484 -0.09197297004598952
v 0.4246700786337493 0.4428098566490393 -0.09142891114295783
v 0.7907256202260111 0.3911178549759594 -0.0914274037789132
v -0.8366071546966454 0.6444334813885825 -0.12061682611270422
v 0.3863124880455976 0.5555394208093937 -0.265021924626972
v 0.45792302643797667 0.43662231809141816 -0.09274615345941221
v 0.6428347890048474 0.41045448214913327 -0.0904591487588302
v 0.3107726742135246 0.45512867447243405 -0.09745073652589603
v 1.0084373101913606 0.42410668668896884 -0.20255886935155526
v 0.5071429149597534 0.4277034514699145 -0.09431470832944885
v 0.9985903232202369 0.37964873167570923 -0.13300110507588886
v -0.3076901634808276 0.5471110925919321 -0.09379833173799447
v -0.21644096844892285 0.5369151216571224 -0.0976038493017509
v -0.07266345636538414 0.5108090854570665 -0.09279066838207124
v 0.7357840561647703 0.3940244340378791 -0.09420863824951563
v 0.033542227605226196 0.5033309895902532 -0.09429366000838044
v -0.8338391927743127 0.6524311694340537 -0.14966655169215073
v -0.5424502882412336 0.5799014327710673 -0.09392505984162705
v 0.22968376459400797 0.4684204686167443 -0.09546523558240229
v -0.398047971584302 0.5616156055606665 -0.094684701282626
v 0.18467661274811345 0.47491634326699933 -0.09284127905936973
v 0.563417674576687 0.41901397117938755 -0.09450279980487696
v 0.9466719293899745 0.36418607433013533 -0.09665771840215999
v -0.31182011523430925 0.5448579570553465 -0.09136384590991475
v 0.44818167595322994 0.4448389040526069 -0.09767868404059578
v -0.44214452362218504 0.5663712489646229 -0.09589040813620371
v -0.3409958452296801 0.549163065068656 -0.09190969629871143
v -0.10857799256368768 0.6325372196497107 -0.27624172882788317
v 0.732257293089387 0.4965989519823443 -0.25457929123775985
v 0.40947254022570556 0.4417935799170469 -0.09556282849262122
v -0.8274454410742801 0.6985542730866484 -0.21332038728866534
v -0.2545661208276507 0.5421060985947564 -0.0955055225031787
v 0.8233507107878558 0.3811945152989542 -0.09191726628715897
v -0.2114153004488173 0.5278282068698563 -0.09604972093051747
v 0.07253519965590241 0.4889624569467437 -0.09497219233515665
v 1.0069223903680924 0.4241721920777721 -0.2107394459808156
v -0.5165672666531641 0.5804731209895986 -0.08915654218744593
v -0.6945272323144907 0.6042081775624807 -0.0883235670101382
v 0.2984553097812533 0.5611083882243129 -0.2637320639509515
v -0.07891121226653201 0.5131962576178037 -0.08816543475742643
v 0.11847724331940113 0.488084421663044 -0.09463827724335644
v 0.995298501700699 0.39706905712004886 -0.16756904004808224
v -0.18560273107950312 0.5289508866698504 -0.09158441626812441
v 0.6809043774937531 0.40501026413239016 -0.0956388605278003
v 0.6205580645541834 0.4170444843462571 -0.09567707136445609
v -0.8293365829068318 0.6194420444803854 -0.09447232849111872
v -0.39046261134098653 0.5582588018898744 -0.09683009113659692
v 0.6854085304981715 0.40414472776860755 -0.09294415272191639
v -0.510492233964357 0.5768443516341341 -0.09129020945323749
v 0.29546743729516906 0.46538497018292574 -0.09531540664038073
v 0.8199377390688891 0.479441255082603 -0.2594957537003637
v -0.7605830490182257 0.6190109468628562 -0.09540217596713489
v 0.4105965260419811 0.4403714109942273 -0.09788369565951517
v 0.6676250461765534 0.5027201371030043 -0.25758977476740846
v -0.19073168177851596 0.5298190625496099 -0.09288971955682337
v -0.691444687800607 -0.42736050998853475 -0.34639796201486195
v -1.004863776902136 -0.3388503524443474 -0.2423565827786865
v -0.4259068804407077 -0.4686647458530468 -0.3520333945956456
v -0.0007196721929495701 -0.5105526009388863 -0.31364729881380937
v -0.5863217334637146 -0.3412379952514819 -0.13762691322258516
v -0.26653363397900687 -0.49075223860745787 -0.3559916041937554
v -0.43792012849598044 -0.3680418454839764 -0.13525899022112434
v -0.8971044697805939 -0.3959373144908897 -0.3391241362015103
v 0.0067362870632547605 -0.4649306636876134 -0.20732616053102626
v -0.11825216152987775 -0.5150096048081971 -0.3691253546104979
v -0.13123391689485808 -0.4126314678455004 -0.13510800688645713
v -0.22467255355893986 -0.3978455956898656 -0.1375862262452388
v -0.7745673968571902 -0.410321611675913 -0.34732841743144727
v -0.7620654181014243 -0.316307589542693 -0.13499862630423512
v -0.2009593076485824 -0.5042993616979558 -0.362347637200308
v -0.573040653057622 -0.44350520165167556 -0.3491074146295973
v -0.35803741778780235 -0.38628943382559217 -0.1345696920084325
v -0.9909865854007377 -0.3821952582233874 -0.3366352936518857
v -0.9985925476942576 -0.3032267365943167 -0.17505429686638882
v -0.6596944922197768 -0.33875073857178134 -0.1367054476901251
v -0.5140239737032345 -0.44988733445523343 -0.35037858821642676
v -0.29175119144003775 -0.3963073058384574 -0.13633817354803643
v -0.06969289639993248 -0.41526214648512394 -0.1374911240483168
v -0.8367259945964123 -0.40029181868004227 -0.33846488680878695
v -0.9363962057824157 -0.2929492101203543 -0.13289417510901927
v -0.036493129172737525 -0.5302662904706896 -0.366242565634391
v 0.00041822768034051674 -0.4821797852196792 -0.2528617503363064
v -0.4857305168935003 -0.36160089326975814 -0.12920335101405472
v -0.17151509627864348 -0.4097911090094374 -0.13309040720387078
v -0.9923492015909748 -0.31888754973236394 -0.20573450938729862
v -0.2120475580426134 -0.49464957200104775 -0.3544760400809869
v -0.6216100377773632 -0.43984955340615806 -0.34478067865106193
v -0.7098183240452824 -0.3272591161642706 -0.13547193871658456
v -0.9370816961422382 -0.3896761864593799 -0.3375112797282398
v -0.554638223729319 -0.35249287157797515 -0.12825712378211238
v -0.616993655909173 -0.34122692523703807 -0.13682551843674354
v -0.9958416189632564 -0.31696350669715995 -0.20974522248543287
v 0.009518474010518661 -0.49308229355570865 -0.275384552736041
v -0.8806031214849311 -0.3032427298901311 -0.13873364462972762
v -0.543070212816949 -0.44991463654253394 -0.3482807063903608
v -0.9986128530843553 -0.3583033204576722 -0.2789490207048708
v -0.09179630859010841 -0.4195894677574478 -0.13489220156766138
v -0.744435712511435 -0.4261527078542346 -0.3422253988135345
v -0.9939209980789299 -0.3024405839912442 -0.1737074602790662
v -0.8175261466429922 -0.40187711004629434 -0.34270977767063293
v -0.26508074723759933 -0.3953941628752771 -0.13214092250237167
v 0.008548774342270894 -0.443675034972869 -0.16983435374954067
v -0.3935314831938231 -0.3822937823951085 -0.13628960201434404
v -0.05319570873566289 -0.5228017142557327 -0.3618813142189128
v -0.6318340698129575 -0.33939622420541354 -0.1405404658365585
v -0.8721757768814817 -0.3048089252324967 -0.1320647692801222
v -0.4050596132003303 -0.4740667915154595 -0.35517719595810365
v -0.316436993819868 -0.38522828545577126 -0.13717993199121836
v -0.7981806416102494 -0.3184710051962876 -0.13914533382696348
v -0.9998763710482967 -0.3384519141567809 -0.23699083576163893
v -0.7371885276674416 -0.32799648663554376 -0.1336069326587499
v -0.7213305316288413 -0.3277016874384357 -0.13483527202643236
v -0.16801850851588218 -0.40784373501370946 -0.13755761577928277
v -0.6534844601158696 -0.43334740772454006 -0.3451343472565725
v -0.4174638447997225 -0.3747337076783968 -0.13688373361080683
v -0.9876616864155914 -0.2923097285849542 -0.15201497752058096
v -0.5132463199044683 -0.3590033620638737 -0.13765346675341808
v 0.0035561887313137783 -0.4969111095013343 -0.2895942059777664
v -0.038944093301903085 -0.4305615411458998 -0.1381706949866945
v -0.8182370079740313 -0.31682465718577935 -0.13153854615202817
v -0.10044920185508432 -0.42059456145794355 -0.13651648228829047
v -0.2628918195220646 -0.38849463939939793 -0.13532544611603547
v -0.8383714012209588 -0.30802153795499154 -0.13450231311833097
v 0.009426979587116358 -0.4817145965322187 -0.2450832162144235
v -0.5827923359524845 -0.3529836558044778 -0.14250554007539643
v -0.49529649661396297 -0.3547964484500689 -0.13730650376707676
v -0.45149032190957633 -0.36787878504326776 -0.1269541077342672
v -0.5347216889507328 -0.35196642679202944 -0.13800580475812133
v -0.24517319880070826 -0.49118669957159533 -0.35399892601498045
v 0.011727372709100684 -0.4552146648052697 -0.1790023008043414
v -0.9139367562825143 -0.301185084294059 -0.13542494253786316
v -0.3679525915899135 -0.38002231395425906 -0.13576946400589904
v -0.19509116817405245 -0.40197231247151877 -0.13266657109297833
v -0.8179847956442183 -0.3104085360370175 -0.12733668972944864
v -0.6736975056802479 -0.43250535330380635 -0.3475322934421344
v -0.7381197425995114 -0.32348812659492393 -0.13632917021203653
v -0.9535607697459119 -0.29502459109143964 -0.14087256380137048
v -0.10903896230990229 -0.4201248256084272 -0.13762752226202007
v -0.6989103022894473 -0.3315001239493104 -0.13754460564010199
v -0.639655194465856 -0.3359087414449927 -0.13198925321660673
v -0.3013236517009897 -0.3936185516134987 -0.13797821431225882
v -0.7042399448563389 -0.4258738367636243 -0.33939917071231346
v -0.5325900087148162 -0.35848919133735563 -0.13471522729706456
v -0.28002060485385405 -0.4881177829734026 -0.3572898266607549
v 0.01068780450354511 -0.4533656002252041 -0.19240134518762178
v -0.64561705607151 -0.3359411057658027 -0.1347700643560341
v -0.017301837924092827 -0.4304133283667267 -0.13667725912170306
v -0.6018324671374383 -0.3476374420019424 -0.13590281881985652
v -0.33665348534044937 -0.383679754975277 -0.1325708493306546
v -0.9156125356014508 -0.2975907412034715 -0.13417024743122308
v -0.9157312195014313 -0.38921136438536885 -0.3381022356161511
v -0.5260258624574788 -0.44879130402462963 -0.3452000513457754
v -0.9978240780668022 -0.3109897493996426 -0.17927561822722723
v -0.21035476560136823 -0.4952673748504509 -0.35670145657206115
v -0.6759301347111363 -0.3281627527615009 -0.1329744173997764
v -1.004191443070731 -0.3696001639174291 -0.3167633739729203
v -0.1782539554736501 -0.5060287250837274 -0.36038315004160953
v -0.8952639359085341 -0.30260859391237493 -0.13363821189609415
v -0.1472543704586939 -0.40964964364534223 -0.13020214635070496
v -0.06518469471604052 -0.4235449414244474 -0.1399205256652886
v -0.21200894907696632 -0.39886530429007855 -0.1404678156180473
v -0.6070226330220518 -0.34589224246890876 -0.1378634047461656
v -0.04926080743352052 -0.4244168853237522 -0.14015197596923265
v 0.011599836390462262 -0.46720058275400517 -0.2126432298478579
v -0.961632597262998 -0.12707713375104868 0.0067769099190520855
v -0.16227851596924603 -0.22698878408562467 0.027961628194972592
v 0.8696945345538314 -0.45971027241595386 -0.05474986279382875
v 0.4798057587898149 -0.3211450595872028 0.032448881327961185
v -0.9432995023121612 -0.2912562966086898 -0.13438728533002517
v 0.27572909951881824 -0.29836398250077595 0.03134088116628807
v 0.4782507582427447 -0.5086647407334292 -0.13333109946666583
v 0.7335256650702093 -0.3583373023299077 0.03289968756357652
v 0.07984045864667856 -0.44999391037274594 -0.13860549202427713
v 0.610644028380203 -0.3415941831677498 0.029811454832945082
v -0.438542117288851 -0.18370220127372464 0.026410324374183648
v -0.8487794436294706 -0.30092741306350007 -0.13794462813361735
v 0.5810176369870482 -0.5241464074866804 -0.13347654741745116
v 0.8020074149338188 -0.5504602952234788 -0.13556417678036056
v 0.8549817846955481 -0.37347678586117383 0.028222931383541313
v 0.19022561371615906 -0.28578416355208575 0.026451426197345536
v -0.535166040034354 -0.3534233238568467 -0.1374813991121426
v 0.035297137601678845 -0.25413388544636656 0.02941119560110021
v -0.9774266327799195 -0.19161828602169206 -0.055834841652023945
v -0.6952274183070313 -0.15487264769345277 0.03278503658450838
v 0.005404484373925137 -0.4270692330563021 -0.13433110499494208
v -0.46766759607072167 -0.3673285806485469 -0.13604377508435783
v 0.6438803537405694 -0.522997594317038 -0.13871368935294198
v -0.37265220880586425 -0.2001093806918898 0.027968594675364854
v -0.20955608973612605 -0.3965131028680562 -0.13422348566740272
v 0.6695369675860336 -0.3531309748822008 0.03130138193146563
v 0.42424692969409455 -0.3111147692165615 0.03100474453956695
v 0.13579881297963511 -0.455031241602192 -0.13536396733644457
v -0.13441182955451236 -0.41517123565510844 -0.13490000165147628
v -0.3132950737054817 -0.20272558519920605 0.03235374336077483
v -0.019519446000570855 -0.2407114533137456 0.03220421434277005
v -0.7215949055737388 -0.32843630188116835 -0.13856168745024167
v 0.34642471018107474 -0.30311902288005127 0.030369446622307627
v 0.7498818259454192 -0.536185880616899 -0.13435618619876386
v -0.21703852907927912 -0.21954045572115294 0.029109301282610325
v -0.9909774759725302 -0.27354423277283374 -0.12874718883068145
v -0.5879115828474148 -0.3425738801209963 -0.1354467592653963
v -0.6428180210374722 -0.15398982584588294 0.03276333540600907
v 0.13988147360448744 -0.2685819445040446 0.030031475218906818
v 0.18989864201969117 -0.4571877273809997 -0.13458004530771617
v 0.5374868456562538 -0.5061419131609101 -0.1410497278562628
v 0.8574061626926544 -0.5055267043946332 -0.08424854924246303
v 0.56788009485752 -0.33734475767039723 0.03377065124523613
v -0.8524609658092631 -0.12921099683144574 0.029179266924949036
v 0.8712334921295568 -0.4279899999425641 -0.014638848446439713
v -0.10273507015089219 -0.2409204289170244 0.028551880401016843
v 0.6923875900356092 -0.5285431458737154 -0.13312557547584658
v -0.7352087793791803 -0.14102307279461274 0.028161967018186036
v -0.3390954417108517 -0.3809831808469452 -0.13005999243168928
v -0.9753818009583288 -0.15688291140511987 -0.023827098180393032
v -0.9886898075689109 -0.2349773343173433 -0.08376071438231053
v 0.5177893261809112 -0.32864217479567537 0.030612978821767067
v -0.39689286744262064 -0.37432258436794935 -0.13396550865857945
v -0.7771952524291477 -0.31867618910200546 -0.14062593615476607
v -0.8115915014368239 -0.1310934771380189 0.026272993036495926
v 0.08189831380194172 -0.26290035253060356 0.03087400175534342
v 0.8007864945950877 -0.36768713696122596 0.025839549988484745
v 0.42946252160849774 -0.49699096854721686 -0.12958199835436826
v -0.1730010453432619 -0.4028819552550662 -0.13117271158561702
v -0.26530097651665013 -0.3924583034477407 -0.13543438262590315
v 0.2862713614808683 -0.46913993593079245 -0.13927096395343497
v -0.1001792132408755 -0.4125360779755699 -0.1333380957785767
v 0.3480249896380488 -0.4775480997128574 -0.1365737502184183
v -0.899276831980298 -0.2971141560803598 -0.13655599411484018
v -0.48278957433606434 -0.17951555068375488 0.03249359061190236
v -0.6788468168523238 -0.3316611727093531 -0.135438180021062
v 0.08072544402302419 -0.4492667998854211 -0.1347698977526023
v -0.06744458737078432 -0.2433271530728924 0.030825856524817362
v 0.40417113167986096 -0.4915330997586344 -0.1426037935948343
v -0.4957746092467621 -0.3593966128638292 -0.14227916194383397
v 0.7193949224552006 -0.35567106046508984 0.028904276730117275
v -0.12493236996842232 -0.22853365811227716 0.030924537741269537
v 0.23550656966693448 -0.4644208481482308 -0.13207700642442535
v -0.03340760975582761 -0.42972545036441623 -0.13263065363151527
v 0.8507888866856363 -0.5343618910935826 -0.11525448834385446
v 0.007799749855542295 -0.43324103408859116 -0.1340071620269587
v -0.8373461115104425 -0.3091401540784691 -0.13736775467281329
v -0.9007250144638616 -0.11774197617505629 0.029339012579707727
v -0.2652690903288047 -0.21308894510145535 0.024086656090529693
v 0.8686908777142293 -0.4754426594259875 -0.0650460830037209
v 0.22746692854914077 -0.2843320609335045 0.03165384341478251
v 0.8227805505086925 -0.3738036213965126 0.02575261064729792
v 0.7684211026816474 -0.3599247946209779 0.028966747598991555
v 0.39160529557812584 -0.30726405347502644 0.027879367268409644
v 0.30949891555798703 -0.29550364544702157 0.027901918940810892
v -0.5359551209263501 -0.17285077830899212 0.02946128214213745
v -0.39248761428329987 -0.19222480408396347 0.026148062431914847
v -0.2035446620346693 -0.4063709791888355 -0.13003572194932392
v 0.6103220872201353 -0.516155230957426 -0.13626408918550703
v -0.8677356456070804 -0.3046103791875157 -0.1359587064972586
v -0.6154125690404796 -0.3459713988612655 -0.13445204532915125
v -0.06620947612985813 -0.4231252737997371 -0.13295301601445078
v -0.5075537698537149 -0.3591572975669789 -0.1390794229512314
v 0.5199419506465244 -0.5069607925530085 -0.13352428805275543
v -0.13328533332689138 -0.2298181526295503 0.03082680647203704
v -0.7788317647217229 -0.13317823260031375 0.022649830398892234
v -0.31648714969796904 -0.38250893914562567 -0.13332441372742643
v -0.040652141622557376 -0.4257151982127626 -0.1370012529115691
v -0.43232590593571396 -0.36967742322947283 -0.13626847667441175
v 0.8641027859887929 -0.454019152999164 -0.03901246589337397
v 0.0812931901529791 -0.26189493976906386 0.022175730457524412
v -0.9874239000648795 -0.2574005979090189 -0.10997333933405168
v 0.4015925310878358 -0.31259312896868585 0.030285948062288754
v 0.514903728031126 -0.32348263524463705 0.028703064464696275
v 0.032453887827540814 -0.4408431707399349 -0.13322319058976412
v -0.4266986877944395 -0.3715336237832579 -0.1333653297239419
v 0.7265355504427995 -0.5335548418860256 -0.1420047498566473
v 0.6334338893339695 -0.3477366638186213 0.032688394335967735
v -0.9475647836246691 -0.28980102239679234 -0.13226576458148254
v -0.07594896170353128 -0.24240832183263358 0.026729243714476866
v 0.11051819975014147 -0.43809776858530175 -0.13956922749872272
v 0.1747278253908893 -0.45927177294680327 -0.13421320493162608
v -0.6596608318011369 -0.3389314878926332 -0.13638115835753611
v -0.5679061016960538 -0.1672686281475435 0.029130711541099922
v -0.8047435651886057 -0.12822130231916026 0.027807561476440854
v -0.1375476495976587 -0.41412990901984886 -0.13615950981929476
v 0.31686999520837245 -0.47359272903700245 -0.13557522691775697
v 0.5576881578735794 -0.3367666307511291 0.027116953227152997
v -0.6009860105778431 -0.16015222990907263 0.028587680755602054
v 0.4305261640662725 -0.49154721419022496 -0.13687636535807005
v -0.007147008156992767 -0.25773008995424124 0.02704392251071514
v -0.7498924263795467 -0.3242850760253978 -0.13151991463251522
v -0.9267892038770074 -0.1149357246886143 0.03086709852556628
v 0.37283132840393624 -0.3044355240844182 0.029279675286521256
v -0.1882082435864624 -0.2204528885631949 0.030656264956713666
v -0.30779712569433054 -0.38767184914338354 -0.13469123511513253
v 0.5047237641987488 -0.5012182021950872 -0.1363429928166957
v -0.23875864664709784 -0.4000249525727431 -0.13051984607856268
v -0.5738060284109382 -0.3540075029651495 -0.1367845734424695
v 0.20697154759577624 -0.28457341608620507 0.029720534409799312
v 0.5691907393040369 -0.5136612088134597 -0.1362819183252665
v 0.8670148881398436 -0.48847928185391604 -0.07020678596375211
v -0.7493690653206367 -0.3252327546853188 -0.1394245319660404
v -0.7002672833580209 -0.14704569393442132 0.02506436576685453
v 0.13614686924696282 -0.2694801815180309 0.03230808175835147
v 0.011410966455064618 -0.24805958352111396 0.02956253646626054
v -0.6959863334503007 -0.3304863293221119 -0.13028959983109412
v -0.38558112898028807 -0.377308569469436 -0.13484410234159533
v 0.7552989077799077 -0.5400088222508346 -0.13882493917688643
v -0.3684159709227508 -0.3735406808681729 -0.1350305229110902
v -0.8673659338109038 -0.12781874316254227 0.029204883999213376
v -0.815090474019997 -0.31515576497847536 -0.13680005116209185
v -0.9711178604304409 -0.15609653563738338 -0.016986680909293523
v 0.2116937114506147 -0.46553730309339253 -0.13940230817076585
v 0.8621978610319158 -0.5196449554869366 -0.10304721033599716
v -0.8340398319706942 -0.12491446617045195 0.0287775311619931
v -0.48654392872818547 -0.3618658833201514 -0.13400917983623906
v -0.16792481258408648 -0.22507330175250034 0.026711967493252404
v -0.290625428449619 -0.21022169107930708 0.028435999146562883
v 0.6275972477379158 -0.5182880969380855 -0.13932681288048282
v -0.9778451737773619 -0.1934265339851441 -0.05281562089456171
v 0.6728956193163492 -0.5261518172028878 -0.13570775027700083
v -0.10178094912767176 -0.23799878605333322 0.027480324982563253
v 0.3234895601966492 -0.4743885771371222 -0.1352429279725473
v 0.7022313356103382 -0.5291048285961072 -0.13602750103210046
v -0.0321103456862091 -0.24815067924649875 0.02991086116321797
v -0.712906067964625 -0.15030065819888236 0.024818148385160763
v -0.9394539674043207 -0.11021830264631194 0.02393042798852244
v 0.30259297673908314 -0.2965828891704582 0.030226319239108228
v -0.10386944441314624 -0.4180022087957105 -0.1349000863917929
v -0.679470891738977 -0.15098885741850596 0.028383313048733073
v 0.7885213462622721 -0.545650824543243 -0.1335223496983841
v -0.513650013047008 -0.1760206986134796 0.030600393179688587
v -0.07431229560081151 -0.4158935273576969 -0.1340996144187775
v 0.6048557233672069 -0.33747028564185605 0.025859322708527307
v 0.05833740431916417 -0.26031056901701427 0.028500559926710235
v 0.7502874118133275 -0.3583755230443446 0.033387267409170036
v 0.13359039628669533 -0.4521369886998806 -0.1352911232188395
v -0.698754185491485 -0.3308178120582274 -0.13656461111706963
v 0.44596708301485727 -0.3144799005818374 0.029682560291897052
v 0.18506658139308038 -0.2826784490704373 0.027841276350046386
v 0.2800144566249423 -0.4765643123152068 -0.13430462071722377
v 0.5801878810832929 -0.3317803936125465 0.029117532973770434
v -0.24107801574743948 -0.39723023392175705 -0.13780313542128303
v 0.11342923458281452 -0.4433796264759605 -0.1380544437504599
v -0.2194862323650129 -0.2194651375081989 0.02524562745521876
v -0.8655534441390415 -0.3111106893297641 -0.13678303343885087
v -0.978863071147005 -0.2519021811019018 -0.10841436536394754
v 0.7931523097541898 -0.3620859603494054 0.03245704499361163
v 0.7099016942296364 -0.3499062017337331 0.03349080507424688
v -0.32833914760909827 -0.3885611951256629 -0.1377433149269345
v -0.4576930111799246 -0.1783343657032534 0.03273936959785692
v -0.4408396570506775 -0.18817072232319582 0.02637661815633634
v -0.9793372495977276 -0.22036267689045677 -0.072096117375178
v 0.2638781727902728 -0.2918581815706644 0.03001553977332288
v -0.7358960528926092 -0.3218449551331014 -0.1302694212794084
v 0.03376284168282305 -0.25170138053757035 0.031857650101785324
v -0.5925185196315804 -0.3435217008708596 -0.12961532506539789
v -0.2432992916485041 -0.21748858747365762 0.03246614909425903
v -0.1272057438803023 -0.2291203627435813 0.026433869005512513
v -0.6172721195362267 -0.15626839846977356 0.02838296108803293
v -0.34156722822971347 -0.20432908831707788 0.03608783746675244
v 0.6642122841393812 -0.34656512612226553 0.022530384485925186
v 0.33234513415834044 -0.29406830412288926 0.029563781367774312
v 0.11753053391157417 -0.2655351125736877 0.027826327894503223
v 0.35900172123872015 -0.3088263264831349 0.026864445118640914
v 0.6282419638724321 -0.5200098952325527 -0.1313347711601678
v -0.046699063659380764 -0.2444286096109394 0.033070272600322394
v -0.9691316589101684 -0.1405096403137109 -0.004528521741261057
v -0.3053650302739778 -0.20449230186639078 0.02675248688408724
v -0.8029379575568723 -0.1317284615767588 0.032666260352315415
v 0.8780127437570696 -0.42302023702555025 -0.008601078923731437
v -0.8933024543297345 -0.12192514322988773 0.033196204965483374
v -0.5481115854126629 -0.3552635021638843 -0.13652358696668507
v -0.2890310953072165 -0.38709449417033853 -0.13858963002329425
v 0.11079336562061651 -0.2665284292872319 0.023362766239263453
v 0.5379889546247191 -0.32976904362082804 0.027554640544648578
v 0.1519531776326859 -0.2723528790843021 0.030781510455851056
v 0.49013207082359844 -0.3268882512411895 0.0333560588106839
v 0.37548137578909907 -0.3094227790100089 0.031546148696606165
v 0.05193375555251328 -0.43829211454443523 -0.1316393382957007
v -0.4908606718576248 -0.1806327592087133 0.030023946374969804
v 0.8692214431306513 -0.4498727800765295 -0.04039572611263738
v 0.15330925625902603 -0.4543280845157029 -0.1386912465374491
v 0.87793448252482 -0.40381447230091905 0.006498735901840361
v -0.9724473270604809 -0.18298556582472258 -0.02982203534872242
v 0.42331878567916975 -0.3142383620221079 0.029007377505073623
v 0.16101096974565615 -0.453991795982637 -0.13567967021196736
v -0.7892172715318692 -0.13200073625703707 0.027694909511137587
v -0.005697996595324181 -0.43182192178372464 -0.13889221701272658
v -0.65432280564458 -0.33364020832842073 -0.13564250631730557
v -0.08578389975504162 -0.24071316302591764 0.030839850843066695
v 0.26027252552236424 -0.46618004685199593 -0.14407357904517454
v -0.053311703382605984 -0.24271139169496297 0.033508137999138495
v -0.42057919283834694 -0.18666695211389153 0.033011218799676
v -0.5417317777831369 -0.1757745233032681 0.022730934703040606
v -0.2821312104304227 -0.2109152342414729 0.03529817623954299
v -0.983635676205223 -0.24201322755845722 -0.09370510653925064
v 0.8192043337092998 -0.5489226812908259 -0.13326044046343632
v -0.5112232600576847 -0.17732778287098508 0.030248698290708365
v 0.7023770704322826 -0.3478004990534909 0.028681723155422827
v 0.8249978527902574 -0.3687517566803819 0.023344125187464836
v -0.6584286175020604 -0.15802857929568564 0.02936840752179705
v 0.5638315016573943 -0.50742584143319 -0.1358867097746636
v 0.34376321285463357 -0.30101950041430653 0.026833359567374
v 0.057668368525856224 -0.25623578304295047 0.025927979489383787
v 0.3601367176788018 -0.48499158562766886 -0.13703557042860204
v -0.03341573735484972 -0.2509265572101474 0.030626643836936206
v -0.3567346653289641 -0.20006447613107606 0.02334046415557365
v 0.24207602073227624 -0.4678443574388439 -0.13780305373854188
v -0.8675491834739244 -0.12285704931946524 0.028624169213852094
v 0.6801273799278618 -0.5273939926940905 -0.13553861487068627
v 0.013589207605932848 -0.4368397198532827 -0.13711306742823984
v 0.2989025213867058 -0.48025665947806395 -0.13735012148194564
v -0.24999254506843724 -0.217054769209295 0.02837679148987351
v 0.535820866182887 -0.33543853725135236 0.025486845201429922
v -0.764357929423515 -0.13943808591074897 0.025262353353871708
v 0.1742918559431149 -0.2752651975135505 0.02975500505965849
v -0.9801236274666436 -0.2137026289512871 -0.06295699319323679
v 0.051032299315576034 -0.4411747469028484 -0.13640365317366948
v 0.7243160770506842 -0.5323329130147123 -0.13339002105824024
v -0.8011620145960414 -0.3101443406520573 -0.1390427361004409
v 0.09951357293277817 -0.26762209732940556 0.02501212640808251
v -0.5991346400349933 -0.15918914525332167 0.023977073302609557
v 0.2538473228627949 -0.28624492147422526 0.02724833587997549
v -0.6154824749903903 -0.16206487635003436 0.025784818111866434
v 0.23350654946970553 -0.29124461834931353 0.03238155753179646
v 0.7689258971887668 -0.3583225416670319 0.029479857631331683
v -0.38172787423378934 -0.1917866661278362 0.031195257726126954
v -0.1552718875154459 -0.4037203805695064 -0.1379817218947315
v 0.43795408245073114 -0.31332963843492134 0.031598259229831976
v 0.8754037275940179 -0.4329630882759121 -0.023551166714309547
v -0.7991587076033119 -0.31061079805813024 -0.13383823558376387
v -0.7169841774126509 -0.14539193938296413 0.028791330053341155
v 0.5127030542855351 -0.5024732192065735 -0.13984976069343621
v 0.4629111932307184 -0.31450858855595915 0.028116733895713664
v 0.4059144429226009 -0.4956533247337938 -0.13540210359480737
v -0.4655684134515269 -0.365558546571969 -0.13545822878005365
v -0.4068296286819376 -0.37101673641651084 -0.13378099626908416
v 0.27113526685499056 -0.46564200803961836 -0.13096915342323007
v -0.6287117852303203 -0.34887393148297585 -0.13408558578523436
v 0.09041595459923842 -0.44188943628827815 -0.13714497594504302
v -0.7478122449364275 -0.13911104446822892 0.026837719391896823
v -0.6114106785925673 -0.1624311155060892 0.022120404490311073
v 0.38624681521367266 -0.48729361354424916 -0.13637252339494127
v -0.48148517188445455 -0.3656574257244102 -0.13378088446241726
v -0.27533064958312825 -0.39143445888102546 -0.13690612909926625
v -0.177941717772054 -0.22306249868876207 0.029528122465458124
v 0.6333335620842984 -0.34128078007567864 0.02763821558619096
v -0.9045296074231747 -0.12005127560925091 0.03062745679910759
v -0.08265474160563178 -0.41658337085629893 -0.13496709865008277
v -0.4418159492622331 -0.18568030330945223 0.032295926963095176
v -0.5458900891503649 -0.3500609299508371 -0.13363113193891862
v -0.8299898705234916 -0.12745628451081928 0.029028792415537675
v -0.3321999425254419 -0.2058999080113932 0.025600954569039085
v 0.28890990952085566 -0.29147234992692983 0.0278605452280307
v 0.806940613964592 -0.5449608525212201 -0.13981729937201665
v -0.7718020132124653 -0.3202906235268274 -0.1341545751350573
v -0.9072479840891482 -0.11822311309981778 0.028301429556870615
v 0.40113916013097123 -0.30308385340270383 0.028842248316688777
v 0.5868100528552992 -0.5198437516327296 -0.13460311571285283
v -0.18428602376937145 -0.4108593618474074 -0.13172552071592175
v -0.24078484194081962 -0.21670517861631922 0.02333347877469788
v 0.49732177314606885 -0.5012579206097546 -0.1326495103892137
v -0.9325698268870135 -0.29500389569154806 -0.12636955673663838
v 0.2448438618869522 -0.2900050498474568 0.028204991790476613
v -0.17684181626916784 -0.22263225956485044 0.025568449132771596
v -0.5629769647990528 -0.16697220716838734 0.022464144082200734
v -0.9661821547393135 -0.14373098779062335 -0.002060316215542443
v -0.9812809145266759 -0.21724457502695096 -0.07381101310098458
v -0.11149443325216414 -0.4212023109259662 -0.13435536336248324
v 0.7774588213540042 -0.5434597849052478 -0.134071507768094
v -0.15461847556535918 -0.4076347400417349 -0.12788419277389124
v 0.7057560542217877 -0.5340221249284652 -0.13587493832084346
v -0.3800403713904448 -0.3718525976659569 -0.13206286336017808
v 0.8402707880931103 -0.3732172461731237 0.027108941417294342
v -0.3282956837194193 -0.3869761505270366 -0.13638410330744916
v 0.6729622925324105 -0.34992438210957266 0.035069621604638716
v 0.5192271397577031 -0.3305882190562313 0.032882379872019786
v 0.6460616538452154 -0.3446244614860204 0.031145875405247853
v -0.516391833733656 -0.3563159189542675 -0.13517112683373542
v -0.7029422451995277 -0.32558222667361375 -0.13423784806083733
v 0.6600679956984866 -0.3492915350228016 0.03425694399144531
v -0.14439179125120216 -0.22988701029525271 0.026357889140973673
v 0.7595348341613114 -0.5347073677265758 -0.13696760120609108
v 0.7514614730257579 -0.3575769773277658 0.030610387165172167
v 0.2625133931756895 -0.46829367526245064 -0.13424715283043093
v -0.3203564961842569 -0.19589957395344293 0.025478258262979555
v 0.8680033020803524 -0.4983806600636328 -0.0921619561175643
v -0.5875595384322168 -0.1617494185975992 0.027572408886811683
v 0.8701356066641232 -0.37998938593714443 0.027024750729800654
v 0.7350299176585693 -0.3588946453373704 0.025692793193855173
v -0.9568280634564991 -0.29044321561546155 -0.13388529558928203
v 0.48396785603923154 -0.5018950583201045 -0.1338267705027288
v -0.6546986154019523 -0.15738789242207446 0.029496299397285944
v 0.44736845598648006 -0.4972083002143559 -0.13224967372091684
v -0.2254272521810735 -0.22074520810058065 0.029026084639877922
v -0.7527890350975448 -0.1427794597780366 0.02990421942324593
v 0.920698801841498 0.15384439299982008 0.05874081860037913
v 0.708165484111489 0.4050785036119465 -0.0940743735646611
v -0.8525198648805105 0.5504211557010519 -0.03558051076266818
v 0.6322160592161551 0.19745615449543094 0.0670677133916357
v 0.9114122403270195 0.3705586628978665 -0.10150115046871327
v -0.3477742785578177 0.5536513156320856 -0.09567284466205939
v 0.5007993213658436 0.42556601960931895 -0.09681743457909657
v -0.6031466946210143 0.37139262382238775 0.06528159905314654
v -0.8710787064554896 0.4256595864727925 0.05200952036435591
v 0.20063244043911332 0.4720856206262093 -0.0896921892457622
v 0.5171670476096482 0.21758170326529164 0.061633889344191235
v 0.9783572746855039 0.25939715449498996 -0.02058555816485744
v 0.2593457130863675 0.2500627081599632 0.06529023203856509
v 0.6136153010031211 0.4140656923059585 -0.09498784622088612
v -0.714773469365911 0.3901759749200001 0.06418887228732839
v -0.6505213774522189 0.5950117102013056 -0.09759739100389642
v 0.7358693417900845 0.17878654657830784 0.05811332758573546
v 0.8142065609301703 0.3810308897654083 -0.09364831649891231
v 0.033153455444064166 0.5018413129573027 -0.0947238960698367
v 0.8145112780143139 0.16783719955454526 0.05963999240987468
v -0.49874995029440644 0.5762272139750846 -0.09103924069182366
v -0.1118413648346925 0.5167152834122151 -0.09713607151360003
v -0.3842376151494032 0.34576306520070815 0.058760003931154665
v -0.7849206769248004 0.4035975548215644 0.06528153724367693
v 0.34087500928453046 0.23198408456179306 0.057700697989838456
v -0.27736474036197667 0.5445395670877257 -0.0909695378232822
v 0.10844234475650759 0.4781318354783745 -0.09760850653558267
v -0.8021849649985988 0.6219770952805582 -0.09262894347311768
v -0.019111242645156443 0.2918133293906383 0.06375985937542658
v 0.9849691928956794 0.3125237321417734 -0.06587721809588362
v 0.17651974307620033 0.2626604584895374 0.05812691689661328
v -0.2356906531908973 0.3298063858634785 0.05677597297512294
v -0.4428602342393171 0.3595696371028475 0.06898942922550394
v -0.5220466414413102 0.36562626239567114 0.061178178341477187
v 0.05212486662812611 0.2854724028577389 0.05864434012621451
v -0.20476460143257633 0.5332060507537101 -0.09343312433814316
v -0.8630715142908709 0.49282377406395106 0.01105944632978259
v 0.4485714823134357 0.22015369041897515 0.057062446667270776
v -0.5724905824275478 0.5850700781956422 -0.09816333622549826
v 0.9723731130338825 0.21948656463596827 0.010291312185180396
v 0.24824568115772488 0.4639027603138067 -0.09091075674681792
v 0.16637006831856443 0.4748973308118635 -0.10129991683730155
v -0.6983578276592348 0.6022416812631458 -0.08787573107422923
v -0.6485362903282496 0.38682904058855416 0.0632905252829356
v -0.07773618068484445 0.3039975896792051 0.06767985145228285
v -0.5560415549349921 0.37339727016098256 0.06238870754015403
v -0.8262652470839992 0.4138817307100555 0.06339727407196535
v 0.3110347535481094 0.458079889214439 -0.09387204086108324
v -0.17214381799489126 0.3124935859191704 0.06644192349569551
v 0.8770976254342996 0.16460671393818746 0.06271950753124401
v -0.33429885446152957 0.3384839847734354 0.05453025803407836
v 0.5447734607081713 0.42004804666254997 -0.0986032968586682
v -0.39383488109532705 0.5588081754040832 -0.09718896970504376
v 0.3001252421684886 0.24592431877829038 0.06549979748421436
v -0.8607142486961314 0.5223744474794254 -0.01670549210819252
v 0.6588854506894207 0.4115902643431753 -0.0963249147349026
v -0.2793592470119634 0.33267536776582507 0.058684213042397765
v -0.054368676418720056 0.5152719167371982 -0.08779536591361975
v -0.1523370518546049 0.5223781640192987 -0.09775621967556877
v 0.7857468384943355 0.3903230334128849 -0.09667172949316331
v 0.3457020678414288 0.44784927006708414 -0.09251258541059318
v 0.12932762469059841 0.2688234520620694 0.05831371173065471
v 0.37975489550985253 0.23546951399196278 0.06280388411539557
v 0.3833977047972542 0.44889837968141416 -0.09542678345965674
v -0.36810901507742166 0.34463868142813575 0.061930113891760494
v -0.46933961031072546 0.36270389630907784 0.0603264518452451
v 0.5653408740187359 0.20283769800301354 0.0628765131697173
v -0.02692299220150274 0.5071099358325796 -0.09722202034936453
v -0.7686030132532323 0.6117937075019275 -0.09674858128481104
v -0.0788124360574734 0.5110841232202977 -0.09579052517658823
v -0.7487256936802753 0.39979879433465776 0.06063955754418761
v -0.4684761928564672 0.5694394124492609 -0.09700019310024764
v -0.8147836949214161 0.6200463162578296 -0.09568795560398938
v -0.14995687408880506 0.3148655042188139 0.06273946316479573
v 0.4217301360163882 0.2260770976973907 0.06663795578245334
v -0.6030863979579099 0.589740450570758 -0.10106730196584256
v 0.8578110172676328 0.37656180436426473 -0.09552579272870557
v 0.5137888787493582 0.4316465118803031 -0.09812483226013345
v 0.2075555693030047 0.2573821941494775 0.06345510297312269
v 0.9464116473066397 0.3607565733161992 -0.09912247010330441
v 0.9643720471971876 0.19097107572100522 0.03488017890832397
v 0.37514420372536905 0.23143951181963823 0.06043723293843561
v 0.983083008268727 0.28951393002765363 -0.03961187809530661
v 0.7541325453835905 0.3925703034292329 -0.09486180817143443
v -0.7963056062929353 0.4091396330477515 0.06204430677404085
v 0.5470812919776482 0.21459440391136692 0.05608414311551213
v 0.1632908960976452 0.47995761813784305 -0.08906065997441755
v -0.2670061128490684 0.5410554499416602 -0.09811117730189992
v 0.8373966164550539 0.1627835128977147 0.05972031839743392
v 0.6815178483588403 0.40365306430543585 -0.09590889565941657
v 0.6041519551328838 0.19636076506402173 0.06793187442324625
v 0.019880357722129004 0.2858168905550229 0.06304686959611103
v -0.17249951204767153 0.5267941287702518 -0.09605861599360328
v -0.4291010272431914 0.5641217142135869 -0.09331891731372985
v -0.7070052200667161 0.6088704308837652 -0.09628882486923657
v -0.3143145413163841 0.3347055646171802 0.062905106061537
v -0.62715339480735 0.3804865411915976 0.0606925474722793
v -0.003251481732451407 0.5030966916665582 -0.09372799992435288
v -0.20175183776953032 0.3216580385628923 0.06120365979199969
v 0.28659948255448314 0.4624031734659764 -0.09541365209977368
v -0.05245642035969488 0.30058224368330044 0.0654323939020987
v -0.5266981962631463 0.5736750764905502 -0.09714450795372737
v 0.018327777236363745 0.5036679196282288 -0.0949335428252733
v -0.6980349244598953 0.3864910234398598 0.0663723622763551
v -0.2641185637631216 0.3262975125103781 0.0639721560309639
v -0.45190491878270783 0.5672849541542989 -0.09179035118962037
v 0.09734737164480763 0.27734738689419147 0.059159177086415035
v 0.40818153158041803 0.4465713045617276 -0.09529584922257885
v -0.31077746788641847 0.5483471356153493 -0.09694608176744049
v 0.6882691888270326 0.1889572909086534 0.06268470097836511
v -0.4967596704765757 0.3662530577688741 0.06330832437486945
v -0.20473883585909633 0.5335741785102451 -0.09264656354908804
v -0.8519052830241681 0.5825659012739948 -0.05761249274873864
v -0.24591339666929335 0.5383457069159574 -0.09268152563472785
v 0.6355279160136561 0.4131968647721414 -0.10114515337451149
v -0.8588017919839306 0.5483031365914894 -0.037009334331101804
v -0.10895683375913977 0.30599978846558357 0.05487932910427263
v 0.2602073017541463 0.25330991283957205 0.06441956993195516
v 0.09613480443776859 0.49161441697411035 -0.09602346573948141
v 0.234723385301677 0.25466120791179897 0.06425094538503129
v 0.4610272746608178 0.43666488918744906 -0.09649942975910841
v -0.8677842912757988 0.46611967871866117 0.027248412044548108
v -0.6416186374054984 0.6012215191792761 -0.09800994227285821
v 0.6320879869425727 0.4140015271227987 -0.09490843914449625
v -0.5912865011682561 0.5924397542718967 -0.08670938939230255
v 0.5220480540529874 0.42982739192356323 -0.09413143555927954
v 0.22173651129834349 0.47123574032163995 -0.09343969608406236
v 0.9765038595867273 0.250003064233341 -0.0119705573979322
v -0.232859466104751 0.5333219404587403 -0.09142120126526646
v 0.1191896625064202 0.48200439983581184 -0.09517695199528131
v -0.6664665180010277 0.5955121883807373 -0.09320573397089346
v 0.42622188675083034 0.22344838231850903 0.062410424713571444
v 0.7365591217493781 0.3955735915951342 -0.09606432336519233
v -0.12446460808744507 0.30981940099787947 0.061959929781253545
v 0.32183331710962676 0.4591077792231449 -0.09979399505306448
v -0.07700365623180346 0.30083940875078974 0.06431080534745987
v 0.268337710966149 0.45647822448631337 -0.09886707408789545
v 0.8536635720982358 0.16083762753439299 0.06364825195234844
v 0.673357862212776 0.4034547856766294 -0.0865457593064564
v -0.8598190967000966 0.5008041714318022 0.004051983539853381
v 0.6613136260100891 0.1916729621010951 0.06007770152030496
v -0.7210999752672377 0.6063970484327946 -0.09308169178387077
v -0.8039697225503226 0.41240426663535135 0.06551395001074192
v 0.7891553733072444 0.17951687770030375 0.06341430410929835
v -0.5813433893787615 0.3745687764400727 0.06360015769645322
v -0.40264931162113277 0.3520980072614284 0.06246466607311274
v 0.14592341615281665 0.2720804200277439 0.06533867998350758
v -0.6733367398906049 0.381683091132861 0.06187243367536522
v 0.9743470626578556 0.236647275316335 -0.007698065286739333
v -0.7511706219901553 0.40044883060985226 0.06681147270916853
v 0.8186348379491787 0.38545069162440665 -0.09171569437479783
v -0.054069921603447674 0.5140247937797351 -0.09289913103319786
v -0.5384132451413024 0.36968178598260315 0.06333900658529919
v -0.4760653834473167 0.569147086329507 -0.09513812625111796
v -0.18512849402627124 0.5351816240825643 -0.09296855994900631
v -0.3644840048795306 0.5559119125365202 -0.09040307023759815
v -0.7807662549625781 0.615285012338433 -0.09432463378717547
v 0.08274775688571785 0.48790803315205866 -0.09772234151080417
v -0.7479144693950057 0.6139318646063646 -0.09249704387139786
v 0.4799294521919884 0.2203559913353035 0.07034002529431523
v -0.528283998265238 0.5813386989068753 -0.09536814586770333
v -0.3255766342103356 0.5512836319205929 -0.09411073582818437
v -0.8448856901475439 0.4109356634358775 0.06054483568405102
v 0.4360314877308676 0.44047952511054295 -0.09296898378587888
v -0.2288867687029309 0.32470301535997315 0.062033375172945625
v -0.7787485060088067 0.6178164385756523 -0.0942305380440083
v -0.0386415189912494 0.2943949364454818 0.056673349657024315
v 0.5667556255913344 0.4179298237766801 -0.0925939815711463
v -0.4951496749881649 0.5673288386927133 -0.09578674513465119
v 0.7924502377090703 0.3880929485809765 -0.09935492628557675
v -0.5660549990402945 0.5822365883154889 -0.09788475019022204
v 0.9680114317942773 0.3639227642963554 -0.09606596640781294
v 0.587502879799485 0.2049474709988564 0.06299336203927282
v 0.14629674145750152 0.48341413529833066 -0.09939837360122353
v 0.013252363019226034 0.28843939560299764 0.061878336900105
v 0.3329094516892428 0.4498671806384811 -0.098911551279204
v -0.845428908126011 0.6017541859837683 -0.08239667070431834
v -0.8671679969034516 0.4528932969076989 0.03663470544809969
v 0.28326288129415367 0.24952348315215045 0.06224295593777413
v -0.8645436751136868 0.4839843167283664 0.015821033981688402
v 0.18175540751182023 0.2643160701477545 0.06795295772922036
v 0.31523922017081574 0.24445764080732535 0.06562544650819303
v -0.14006789623145477 0.31200177285568487 0.058346593578128
v 0.9689904993094588 0.1918562350251089 0.030599780150020663
v -0.7281861437427177 0.6027061612224086 -0.09259958570950538
v -0.39284234069670804 0.5540272477015453 -0.10003578344845478
v 0.89110005357499 0.3739553098820934 -0.09753879722648096
v 0.3923953490671399 0.22793237638910763 0.05988220933319068
v -0.6188919323557833 0.597457206052808 -0.09717642960186954
v -0.14012910681949486 0.5239916776627842 -0.09708112800347435
v -0.006891285687098571 0.5082067421088544 -0.09829732689783288
v -0.6521294407215236 0.37955584781120255 0.05778597883016748
v -0.5816489129439477 0.5855036510977523 -0.10151572563548325
v -0.09299988415331056 0.5157947130629547 -0.09385365924996723
v -0.18658692332616192 0.31611422192872174 0.06074047163886124
v 0.1925823180369514 0.26019153883659324 0.06402374535852576
v -0.7566071933305395 0.6101619489936534 -0.09130735767490845
v 0.9845094622419186 0.31156853684575136 -0.05801734093817781
v -0.6772580842246108 0.38407495414761694 0.0674460227867337
v 0.09010785002738542 0.2720951039351424 0.06185592166116589
v 0.058627076318326365 0.49208071280475024 -0.09397906066799191
v 0.03593682287356862 0.28597674142958646 0.06004773177091083
v -0.3542298116274066 0.34290495751523187 0.058840375196243494
v -0.4136700977678791 0.3480218258125754 0.05736286769603567
v -0.7288689696728637 0.39824574597804574 0.06780978854709988
v -0.484744787336177 0.36209261046317687 0.06627647112520421
v 0.12035689815995974 0.4864070336088008 -0.09239427893848867
v -0.7652980980410616 0.39821550204781 0.06128742442197011
v -0.627415046591133 0.3858006255351266 0.06457056637382753
v -0.46071475606495366 0.35485629448779155 0.0672962677663467
v -0.8551210121055189 0.5329035550308509 -0.02152573230927293
v 0.4718242983717097 0.22526105535081123 0.06373610865136839
v 0.22357807887266898 0.2546076300214723 0.05817425023706894
v 0.7685672914251219 0.17703538581041192 0.06713539063730183
v -0.4481306343211305 0.5681406589902614 -0.09477745098821563
v -0.3516354437415703 0.3426073880622218 0.06516050735251713
v 0.5956460639916541 0.4096394643346748 -0.09768974963321694
v -0.30317260257939244 0.33297470196855106 0.06157168495056263
v -0.2243339279232782 0.5350567803273126 -0.09326289684795788
v -0.5806304510339404 0.37367885223775493 0.06266392712744699
v -0.14862661548955022 0.3145941872161784 0.06021969998888936
v 0.96083289740741 0.17210624059059015 0.044846141806068475
v -0.5932607865301508 0.38015988655546895 0.06437377022192496
v 0.9734259754379736 0.22971217396909502 0.005575019205326279
v 0.7274441540900538 0.1820728774338664 0.060659531597709704
v -0.8506974869854311 0.5709931109174365 -0.05275048040816009
v 0.7512834182921103 0.17568332830292183 0.05758449323877899
v 0.8173995550385474 0.16538318885213385 0.0673059847201458
v -0.31001519169475067 0.3358841746250677 0.06694792458498221
v 0.3857300516193074 0.4481409102952055 -0.0940442238943714
v 0.1442480733398952 0.4845940599599616 -0.10014312689953002
v -0.28573432098197615 0.5448370922225787 -0.0920051761543968
v -0.5494190403118705 0.5822031893117853 -0.09562778089698173
v -0.3318479195834584 0.5515419427937447 -0.09203624915158268
v 0.04236316152563761 0.2835774710481739 0.05790305111964883
v -0.4740475917555262 0.35633730078440423 0.06597068256367274
v 0.6251222209292049 0.1962674250450913 0.06665545554649245
v -0.29838419923900145 0.33146660615579326 0.06025992152095063
v -0.6831422285095248 0.5990354797777623 -0.09537749543468964
v 0.7331751105858888 0.3908834161640608 -0.09534261040092998
v 0.4759598223413462 0.43377551150612514 -0.09455114804788602
v -0.21067851075411356 0.32016563351285926 0.06642890317577602
v 0.04751300026267192 0.49562155333151214 -0.09430589447316635
v 0.4645267860973699 0.2192770257237793 0.05999996989732364
v -0.5508465118966412 0.3668395138124146 0.05901028425963496
v -0.544930355003838 0.5827560593064302 -0.0923044483358733
v 0.8382352426773372 0.38134048696144085 -0.09353062804218475
v 0.45437766379340183 0.43566287328644443 -0.09221628820116026
v 0.59063722236472 0.4108529855782235 -0.0937594518333169
v -0.6235682664385338 0.5927550469367137 -0.09435074738991384
v 0.35869562466784943 0.4465617413878113 -0.09710365379558639
v 0.07270350696904168 0.28074375510759936 0.05773487527528121
v -0.7287256178434296 0.39499196153105237 0.06090173527204666
v 0.34533321464539657 0.23485194141903565 0.05859739862231558
v -0.4350416627881532 0.5648863828328463 -0.08760397637739781
v -0.5842986274956345 0.5790861288561392 -0.09591908036310266
v 0.532641655395976 0.21493673123549825 0.06144827659953496
v -0.682835387426015 0.601617662295609 -0.09387006635164033
v 0.07727659016494949 0.28013114505073705 0.06605937923058396
v 0.3983592444699697 0.44151548936033724 -0.09409394241827025
v 0.6465132804025769 0.1913755083352228 0.059678707664320055
v -0.16780510365040588 0.31612037711525914 0.06185603520655663
v 0.29796256075880373 0.2464693955526047 0.061005773675209186
v -0.5673217002730946 0.3754553695278528 0.0668430787307677
v 0.18973298297556646 0.48228597098437304 -0.09558800201999086
v 0.36954184797444356 0.4449041235420036 -0.08562615341579573
v -0.6112684724477819 0.3809672000979681 0.06158079817640664
v 0.44204354947833824 0.22628104888084175 0.06493459057649738
v -0.843504557369719 0.4113516840936122 0.06191044040125929
v 0.12199318383586694 0.2735926182632953 0.058435591780210856
v 0.4253203552120045 0.4443415214671937 -0.09424284055356878
v -0.44237910613861914 0.35290914575013566 0.06365395883879854
v 0.2005005512208749 0.47444293008239125 -0.09782946202051167
v 0.6959960374346792 0.396368451239907 -0.09206359176373513
v -0.3920415384491728 0.3476472156303637 0.06190517400290125
v -0.7714192924344195 0.4025676290228785 0.056714885132512896
v 0.5642856569750659 0.4223631277105127 -0.09349962241278019
v 0.23705592428910088 0.24906728164789285 0.06596376579900588
v 0.504439033910493 0.21710642282113216 0.061786853950485325
v -0.7868719839011473 0.4081010379907625 0.06381528808047114
v 0.484967144667912 0.43146317573311654 -0.0951995754834683
v -0.09178950854091994 0.3060875667723599 0.06369128714455757
v -0.15631572190255824 0.523636185255974 -0.0953803314981223
v 0.7735588900889554 0.39054599672072693 -0.0951122709541176
v 0.16117721300705243 0.2631633199617791 0.06637740785276752
v -0.40644341987619154 0.5633912980048776 -0.0998769782210434
v 0.0328684001582806 0.28877179408925296 0.06309337760817531
v 0.9440984029148294 0.03227438015894879 0.0813420213686695
v -0.3827147293993335 0.3488144023619433 0.06795507873471211
v 0.45545978173529966 -0.05219684129027175 0.11046608617992089
v -0.25207606816730704 0.044363663877582615 0.11006949561748237
v -0.09719491012932095 0.026063958426550616 0.11332970936113947
v -0.896846523372471 0.30736501957761914 0.07982221219088817
v -0.5037859560019176 0.36069216152167355 0.05726745331331326
v -0.27926839372320017 0.3300045811781797 0.06377794379726712
v 0.4182563475943563 0.2213870138504204 0.05959874781162167
v 0.028595644559714476 0.009256400976779863 0.11397539637095708
v 0.10673560144597777 -0.0009569751130313582 0.10868072745060083
v -0.9105317739352924 0.20468747558500242 0.09941154470035808
v -0.3395120499410909 0.06996892141763662 0.10883329081506894
v 0.9234381017407868 -0.0805940029801126 0.10739707104092847
v 0.2709032326177097 -0.028625059848850696 0.11642068520547429
v 0.573679245205612 0.1995562263028033 0.06499805151689549
v -0.164460476896948 0.0358241628347253 0.10888096187401605
v -0.7176628396868959 0.12436234939896582 0.10710010543687777
v 0.6955059872176949 0.18542661051798714 0.05998246306575156
v -0.6592294284835453 0.38809719740364845 0.05934557053798898
v 0.32363583510192667 -0.029963660126404234 0.10730214187653235
v 0.6450750360733731 -0.07780960167930279 0.11119384481013903
v 0.9563211915833965 0.11380990586558057 0.0706589437487367
v 0.9395864361595817 -0.025975462927355024 0.09480997676686116
v -0.1333106407054687 0.3151769894204747 0.061434714497230036
v -0.8822113215141243 0.36117778618574736 0.0681011142332175
v -0.3314341812091087 0.3383537858047109 0.06398307522675098
v 0.09208680095059137 0.273263195548745 0.05782132349457833
v -0.4466513650088353 0.3574746677036467 0.06554767270779834
v 0.39321661125527513 -0.04155993674729504 0.11783935898228519
v -0.03330405363720831 0.02317597153899731 0.11637277559573482
v -0.9003366801000662 0.24953510673141358 0.0975776916474895
v 0.7640802535763794 -0.09100937125552197 0.11348681165783098
v -0.3877860402102112 0.07404105083113896 0.11594012154159002
v -0.4806057133241269 0.0859363250281336 0.11561186700983676
v 0.47842296193070993 0.21910103399725106 0.06319561338545203
v 0.6305169412501134 0.1918074199162829 0.06532127402576904
v -0.7971692279417988 0.13073089975060082 0.10900759899608845
v -0.7077424004711722 0.3965462534911037 0.061358785308530325
v -0.5506736200485011 0.09865293648111935 0.11205141581414607
v 0.8024187733352482 -0.10407372071681908 0.11368734221435195
v 0.8640626992295651 -0.11288334621534804 0.11127944541378593
v 0.699936875540004 -0.08363500562255238 0.110535726047974
v -0.868694324530805 0.13758258860800943 0.11256117617892844
v 0.7440457788705679 0.18242549848490897 0.06448128291471518
v -0.6231433240612511 0.10913087924921837 0.11171351323126348
v 0.14069274365337286 0.26745203679640794 0.06573180683061466
v 0.35982698083699344 0.23640686065940222 0.06297511550199648
v 0.5266357993755788 0.21820068993325956 0.0605702090371661
v 0.8143462501822397 0.17439909772279272 0.06370071273595025
v 0.9457006246951112 0.0725348926061373 0.07874301199353613
v -0.6047518958734757 0.38104357219540896 0.0641061438997127
v -0.6677257980412008 0.11008724615727918 0.11235794078986162
v 0.2205511334238694 0.2570028407749749 0.05900294886482493
v 0.2942415561344156 0.24376192579619185 0.0605717819016677
v -0.9182119901706146 0.16084549185012018 0.11187523057530027
v -0.8858948365454926 0.3432810403689664 0.07885330364064734
v 0.17075277986086626 -0.012805377704004105 0.11573550793123444
v 0.21221062062186682 -0.018722182242836775 0.11041775929426431
v 0.6008864254163039 -0.06973062774195181 0.10404557966488229
v -0.7695452307429613 0.4047807008852867 0.06445680465675588
v 0.48795727291202434 -0.05590364548191069 0.11448203899934947
v -0.8326420682558549 0.4154533595328346 0.06542882473490738
v -0.29025517746708207 0.06267185051820877 0.11154261082395883
v 0.9238534731263759 -0.06124530000672697 0.09899850158099698
v -0.06614809514443613 0.019894877647300527 0.10988094667788958
v -0.43485618211811244 0.0787751805355034 0.11144765758625425
v -0.4191158977816171 0.35077672332573495 0.06185763386334834
v -0.02602976465559759 0.2984252891574963 0.06190584635998624
v 0.36516309588571794 -0.0384447091827622 0.11337687533001643
v 0.5987593683838164 0.19919853068309792 0.06726774512464348
v 0.5476396522599872 -0.06444242118498997 0.11423317065937022
v -0.7152020769322379 0.11750296835903233 0.11806645218899678
v -0.1320406046869167 0.31099192051174546 0.06464413893735799
v 0.6572114688769578 0.19308634924869977 0.06532619239595894
v -0.9019359149463876 0.24104805336125734 0.09246818367741037
v 0.9285946464758266 -0.02967483020372063 0.09798024990652686
v -0.10382005131833462 0.29949911106128085 0.06139109394491666
v -0.6813892348667109 0.3957289653858961 0.06051941639415083
v 0.4452945573895018 0.2276620994439446 0.06209380736649363
v -0.5745158853324986 0.10182672374609764 0.1124146075383114
v 0.20500686933609363 0.25682124314858445 0.06057036311071459
v 0.3036140124250648 -0.03389306643386204 0.11548057866297042
v -0.5100177422694169 0.08950289444940794 0.11545500433399737
v 0.07380038099653559 -0.003030246936242281 0.11444698745197507
v 0.3309043529157217 0.24356592820156517 0.06904244118241465
v -0.4633414889731651 0.35565505379490925 0.05627568992722459
v -0.8786133267750027 0.39578491095924856 0.06543214791899246
v -0.12591953064699168 0.03586825939933613 0.11554439607346384
v 0.11380823150988749 0.27601329009750775 0.06089950075023195
v -0.6584351154772565 0.10636979423594785 0.10611936319198648
v -0.5388192035204031 0.36620660803313354 0.06090062849401827
v -0.30302846773549463 0.3328613625601973 0.05974225581828782
v -0.9079568919531408 0.2207018729510689 0.09711892899536792
v 0.8467907525227435 0.16629164141058977 0.061673333049591994
v -0.0019123905543222087 0.021330151908663667 0.11129484490313028
v 0.7246958353787255 -0.09313878559935271 0.10998616561058984
v 0.49178344694345166 -0.059094806728338584 0.11259685553004084
v 0.7689101430082097 -0.09415181640644181 0.1177969582267145
v -0.4116755806572523 0.07216826556549741 0.1118557819265665
v -0.7475792909143308 0.11346339153448601 0.11391352389206542
v 0.39613455227564953 0.23262147697783953 0.061609020884177704
v 0.23919477109924298 -0.018235491551716686 0.11637249219583742
v -0.19470954312361144 0.04217125109837627 0.11254678229886769
v -0.20657694781481767 0.31968393608162726 0.06291966412509627
v -0.3033957796165823 0.061794203481737954 0.11006635611590487
v 0.24654373530996831 -0.01711896563853824 0.11258839338097343
v 0.06637886492822598 0.2735579313633973 0.06441753108575131
v -0.2731596604383075 0.05696996642229078 0.11718936229866622
v -0.24851813967908712 0.32017588648540823 0.06735815309344458
v -0.48385024852060565 0.35786115184388567 0.05884013361324311
v 0.7156217664490527 0.1851956149379645 0.06524975052520209
v -0.3590711002023927 0.3428798162202522 0.061254365369288515
v -0.9009096884950804 0.2679230176308294 0.09439067414146254
v 0.5128935121803981 -0.057266852774055355 0.11224614371320296
v 0.9454305991282476 0.07401331900198346 0.0718032683651983
v -0.5830286239390396 0.3755508759006489 0.06321800922611572
v -0.8369282764873197 0.13372939991796512 0.10943464884061949
v 0.03380122092502867 0.012884622611675013 0.1140481195762116
v 0.32620418459107764 -0.03265557615101232 0.11584301750427291
v 0.7819051808833968 0.1728657888265666 0.06228738845337303
v 0.904457146095466 0.15610237670102262 0.06767811761471923
v -0.7471251308712303 0.3980893778286836 0.06602723790536852
v 0.8415565100832015 -0.10479031257409625 0.1168941398641003
v -0.21518445307426193 0.04698836765774893 0.11129948981842161
v 0.6091654478852828 -0.06985403623412308 0.1186937713799722
v -0.7277288131788071 0.3956581995808806 0.05964320459835606
v -0.8043735404169411 0.4084067686563556 0.06211761516681758
v -0.3100576655358519 0.34029243210581417 0.061356388841029584
v 0.7905714076292568 -0.09668965676798681 0.11586290755726836
v 0.0047367909374920695 0.2923792626533269 0.06556727598815516
v 0.9394048993419276 0.03994197737811888 0.08160365254027949
v 0.9384193831320878 0.01299824068557111 0.0894287223973015
v 0.7509490266719463 -0.0922362300235257 0.11431385693199039
v 0.048202182449943135 0.005694264164830539 0.10950752228318547
v -0.17395494584780913 0.315720228318896 0.05931528266821026
v -0.13250950160160063 0.033082620238928086 0.1077406860960848
v -0.1778213749325863 0.04078708852537375 0.11181884507769901
v 0.16814370275600035 0.26131706569029034 0.06483490270779375
v -0.2093571484850629 0.32323352070686956 0.060965974316220306
v -0.49781422177615997 0.08945242207962682 0.11497164689578614
v -0.6887526074053696 0.11333877836935896 0.11268050792058631
v 0.010795142691440674 0.2913321948098444 0.055490045598466306
v -0.6326821873754132 0.37951255580033394 0.06287597893986646
v 0.12997721011676952 -0.005610036484688214 0.10975880247122752
v -0.36916476761242184 0.06420430585217853 0.116310921812294
v 0.2732871441568009 0.253350296147121 0.059286894932338366
v 0.6268295908421894 -0.07654284348565253 0.1126017077448951
v -0.8765056791787857 0.40342999625445664 0.06020792973507392
v 0.19821335308277108 0.2636455174457265 0.06030531332010581
v 0.7161582515879082 -0.0867502609203149 0.11059314711847709
v -0.2562932041451595 0.33347279586888723 0.06163113083358079
v 0.42104255266958013 -0.04324344046617127 0.11263838857079815
v -0.8921494065950679 0.3354414114955316 0.07334291896700355
v 0.08436553570446306 0.2786519519215384 0.06481304581781897
v 0.3934321690200255 0.2302005701307251 0.06364360720549948
v 0.3067897451689969 0.24061450353854352 0.056130593238307706
v -0.9139297101281477 0.18415768567107021 0.10708960733317488
v -0.8166695957017956 0.13526332968085636 0.11015898258085839
v 0.9259418901087708 -0.04561957447754377 0.10558341829312531
v -0.38709914818765456 0.34427405448135917 0.06852953981219889
v 0.8952296204361487 -0.11172453057334106 0.1116511102091963
v -0.7018116658617076 0.3926251763378388 0.06344495939373988
v -0.07299972647081263 0.3018210278879218 0.0622456801956108
v -0.7742550494901712 0.12349555376234228 0.11385240004667907
v 0.3523141730913682 -0.038010282327834405 0.10992460061961239
v 0.5015552475245773 0.2102492804377596 0.06644135561821125
v 0.43640292724732127 0.22955698851533268 0.06818898018645773
v 0.17206224313697838 0.25842715828804025 0.0638890163025159
v -0.027277772621345123 0.019626157785925698 0.11356845936381428
v 0.4489763610742643 -0.052706067460289406 0.11700321456153298
v -0.42639521511268624 0.3529651548662415 0.06510448866331228
v -0.09348484463900676 0.3024546861653866 0.0594295498944805
v 0.672174194216045 -0.08105208399995673 0.10586330877402132
v 0.34603170567697444 0.2369194383128557 0.06539602347077367
v 0.4646655849205937 0.22445448262179724 0.0643065341078866
v -0.14637802718871357 0.034695948581953406 0.11356174226375844
v -0.22597830447855918 0.05265246883904943 0.11496325476048196
v -0.5908316845756933 0.37914600527494124 0.06386824879494046
v 0.5776678915661175 -0.06839838581809132 0.11669754027464253
v -0.650195149186619 0.38471051322602956 0.055559382398079955
v 0.6027590024111205 0.20256829532606752 0.060348039415825304
v 0.23065739263970172 0.2518145241062217 0.06808012114553383
v 0.2856993935479869 -0.026969418011452497 0.11800561292739077
v 0.14579867395007667 0.27325101840202937 0.05661753214929787
v 0.5514004192138097 0.2119730376151557 0.06686210937674048
v -0.04080893044983592 0.2960844943633623 0.05885869341031413
v -0.888139996560201 0.3513704971042303 0.07290562168450708
v -0.6801534036902136 0.3933312248757479 0.06519662219433922
v -0.5290502847488924 0.09268928186969576 0.10843037968402454
v 0.9453566967917244 0.05586228188083011 0.07990902068779111
v 0.8418378116950335 0.16249594679940763 0.0640594831526526
v 0.6894554246194676 0.18665917411051364 0.059777826635249304
v -0.3642601751530492 0.06484609527741053 0.11454782308544287
v -0.14768519699206273 0.309571192768171 0.05869967660380819
v 0.1942354931199841 -0.01178202815368438 0.11264788269306973
v -0.058305375496856694 0.2942573403453579 0.06337953572677467
v -0.15991308220373437 0.04134891081722292 0.10884745669580319
v -0.6320846650260832 0.3819271602263673 0.0643193508664905
v -0.7800458161721088 0.40558894563470904 0.06303537485226389
v 0.5855716128387007 0.20525163682261582 0.0639638587457542
v -0.5621432108669291 0.37031244413993597 0.06474862135336681
v 0.3381061123329818 -0.034219897824174915 0.11592886373034192
v -0.782031933633413 0.13086071642421576 0.10953954127562887
v -0.518882140495975 0.3606371155763681 0.06483477852445571
v -0.7016200404716184 0.11249003971639895 0.10929743308512672
v -0.6496379290329585 0.10895862178048561 0.11300624920228712
v -0.31511976952803666 0.06652554941904945 0.10954311887998941
v 0.1552373317586403 -0.010991670690115765 0.11270041753321852
v 0.6665994681815974 0.18565959897534928 0.06489777117044708
v 0.7868290224113201 0.16813024791688636 0.06691122296339284
v -0.2835188211117212 0.3361128641246439 0.07186972319020478
v 0.4014350239863769 -0.04336080256482327 0.10542617743911856
v 0.04740450051710267 0.28600454032815104 0.0607823599511884
v -0.4332586717690452 0.07704762394879053 0.10487563026436818
v 0.8670661275006231 0.1628862853775872 0.06346741514941552
v 0.35792937956989174 0.2407059732692496 0.06136606739430652
v 0.925024413397763 -0.09019675927512935 0.10938566639657882
v -0.47859343368628593 0.35630499152552264 0.06317597416318263
v -0.033903584272137854 0.28913972182811143 0.059608368875254204
v -0.5840110483948766 0.09906005862237421 0.11075163025547122
v 0.5567642662465274 -0.07252706877446788 0.12082170488636323
v -0.07692107885167704 0.027599370248919987 0.10873897341351481
v -0.898339023020541 0.265588031409096 0.08745164598609827
v -0.6123562833557323 0.3785180997916648 0.06640530904042882
v 0.10542233730033067 -0.002950775419111264 0.11683851567505961
v -0.4008036627212856 0.0749466630599127 0.11256233514987535
v -0.8272933023974245 0.40992337493626624 0.05414637713579798
v 0.05791659611740112 0.2862847140887322 0.059500998818128245
v -0.1897117579066103 0.321561867783331 0.059965139982947946
v -0.05453314142709169 0.02040804916719868 0.11298350720435316
v -0.8157200402113711 0.13333605724803943 0.1192363727114103
v 0.21653540380852554 -0.019033806034975786 0.107780883326163
v -0.6062365292997588 0.1046848382374369 0.11252508627757382
v 0.8708520425850002 -0.11370700682012533 0.11215485869981931
v -0.4396306423055026 0.35475122373950224 0.06259704047652428
v -0.10368532995658762 0.029283681732477845 0.11064515017307536
v -0.3421127704543856 0.06411985562935477 0.11361965110919493
v -0.557321034630468 0.09442351333784745 0.11348500934380606
v 0.9310124200768553 -0.0071379654304176265 0.08442568167381873
v -0.3347210801588088 0.33810899350562956 0.061822296232922694
v -0.197404842828159 0.04286574331899332 0.11124936792186364
v 0.6153303449973698 0.19751361859332772 0.06781295799022839
v -0.4867721437728627 0.0882064369693056 0.11224130569223889
v 0.18727151795349034 -0.009924393759466476 0.10844514127551501
v -0.8873649446496052 0.33129055032051713 0.08261150916103305
v -0.22473652462245347 0.3239587164318765 0.058332759351312415
v -0.5058982256840505 0.3631170040769433 0.06963003230051772
v 0.8212448290627937 -0.10121868175582774 0.10916516582449642
v -0.728603285743599 0.12181226997974753 0.11110333055378686
v 0.11620858146373887 0.269083739204561 0.06260187252492085
v 0.3128497876722723 0.2467332287095572 0.06760887406263372
v -0.7962361981465107 0.13082147018545853 0.11020425105066867
v -0.9117974100601304 0.19413425726930011 0.10266498575704197
v 0.3530090616259376 0.23596676634971184 0.0602962128366996
v -0.8831251286634482 0.3636531284737235 0.07175308458109757
v 0.07239945865957205 0.0016851105566271208 0.11218933244768015
v -0.847456831826403 0.13483923055155686 0.11425600024083755
v -0.7965019303531067 0.4142417693709577 0.0622575445234612
v 0.5331218614609493 -0.06350066913104568 0.11551105033284832
v 0.2659230150740303 -0.02163303701316454 0.11192294782577997
v -0.08220543205394769 0.02654881169583314 0.11738829572110121
v 0.763264185783925 0.17211749396510873 0.06532721013303057
v -0.5199069889963368 0.09082446040035086 0.11221380754420562
v 0.6855500015998677 -0.08342116607267101 0.111609151112601
v 0.46870088548121713 -0.053559588327443355 0.11427483707601566
v 0.8208623743127026 -0.10399081170305023 0.1142665372584323
v 0.9265985585645323 -0.04292361315862671 0.0940857698964686
v 0.534855862854691 0.21015246161120452 0.06124538614856687
v -0.9015135253419522 0.2500892060250297 0.09128827977235333
v 0.4326020384309923 -0.04977594970390297 0.11149000444627298
v -0.15929439590323638 0.312683484300361 0.05964760966005726
v -0.048547608657051496 0.022505768347332995 0.11598079519256357
v -0.26977366160576277 0.054426568598967585 0.1075764905254005
v 0.2322977196059296 0.25249165401225054 0.06413987673872429
v 0.04427004383703322 0.008477620617328156 0.1135878257111342
v 0.14465030547139524 -0.007512260974300179 0.11370327617124273
v 0.7438280015625226 -0.09307681743720264 0.11953884706046898
v 0.7716669543385303 -0.10050580424782589 0.11382181686321367
v -0.5618025760891208 0.09487982434149059 0.10763701422133969
v 0.7369066023863209 -0.08604521852445017 0.11326447049909785
v -0.0034761591787655166 0.29290150976895657 0.062073565561997904
v -0.11072575233086702 0.30373255219895023 0.06382806055653413
v -0.4867743842973867 0.08581886033918214 0.11863870632311678
v 0.45930469110931604 0.22675204331678142 0.06258138228926029
v -0.8999674586023811 0.21897362256442124 0.09361888737353237
v -0.626036409968925 0.10367402756621094 0.10948630853622818
v -0.380865662272198 0.07114600523724732 0.10707152670025223
v -0.1262933058575717 0.3083469512689231 0.06361991118726651
v 0.0024630267871677187 0.01781374888044349 0.11585416607156103
v -0.3061444005045135 0.059738826718405635 0.1090628456962669
v -0.5875736869346811 0.10655125563652307 0.1164646849887038
v -0.10808467011801615 0.0274310394975351 0.10666835437831715
v 0.4772328098805868 -0.05490639875437775 0.10811853333954553
v -0.01080035733583443 0.29154841357952144 0.06250472984660797
v 0.11368290749619629 0.27712458391127276 0.061207164458896034
v 0.08059455859320884 0.00016398266064995793 0.12163130004993589
v -0.40040458105796556 0.34926010302878485 0.06116833592746145
v 0.5132020940384157 0.21189749392688975 0.06530600016922306
v 0.5375644092477334 0.21279308630968796 0.0550319011828022
v 0.3821586423582629 -0.040584176896948904 0.11091165312733636
v -0.2577459810538488 0.05075056459760298 0.11914733519024609
v -0.14755012569849968 0.039929666633274054 0.11439227608173416
v 0.5368276788784186 -0.06007598353152942 0.10839527709771499
v 0.3796592506075265 0.2317677442703688 0.059476843978619624
v -0.6068553379729477 0.10043510843812047 0.10961236222190106
v 0.5908160042731959 -0.07617568272858255 0.11983164533382917
v -0.10749729808442893 0.3032474155604863 0.058378308285406764
v 0.5355121452135148 -0.056965972001483504 0.10778679278664438
v 0.43182693927207505 0.22862644812734886 0.06449782582982563
v 0.6574260634908188 -0.08170077013370147 0.11507448072845092
v -0.4644939235396972 0.08576705709935888 0.11128624284358313
v 0.5157065959206386 -0.05880748204047755 0.11232339050420796
v 0.25381964620128245 0.25275732389018 0.06287946596189002
v -0.26197553669970547 0.3282492847902142 0.06470443378941587
v 0.18481299830297868 0.26148611680526573 0.06245807702052884
v 0.6734099857956305 -0.08251993598910486 0.11732685823351262
v -0.21596544237624532 0.04839460980766254 0.10849583266709541
v 0.24613673258012025 -0.019655220304542982 0.10857416761533657
v -0.8571940860239332 0.4138550163839634 0.059797546824958865
v -0.4650481830344071 0.3601066083342888 0.05858332925871382
v 0.931954559371385 -0.00859302647361625 0.09192711361676863
v -0.7174065361400392 0.3965956982591977 0.06470627789657532
v 0.6178346221906137 -0.07072753381431846 0.11558972359698648
v -0.8317463631143472 0.14133220879189431 0.11735245775148365
v 0.4154159494802264 -0.04960756418163162 0.11092269864547138
v 0.30568707405130446 -0.026905839298938295 0.11329975828632519
v -0.7835433992655694 0.4036055209521821 0.0636601146712174
v -0.5554691551406308 0.36838522012437175 0.0615669578170159
v -0.4017393141352599 0.0740524745101103 0.11039791766443573
v 0.15165652354674128 -0.013713515075750287 0.11252326569007134
v -0.3606349764253616 0.06742127586612187 0.11630075321703451
v 0.8929727801544061 -0.29708852395811375 0.05502810118323269
v -0.9229690612876864 0.1173320845563269 0.09942240923562139
v -0.342337055607009 -0.20064785970545596 0.024711167916381355
v -0.7710985286998251 -0.14230608782434473 0.03312926249387473
v -0.5303400319250856 0.08977449875486218 0.11305617043115464
v 0.9110856515203188 -0.15781762311824538 0.09510351027939297
v 0.658749432339606 -0.07621416696981909 0.11121364035978554
v -0.7856918239002253 0.12676306995258035 0.11339217500934053
v 0.38411601949699165 -0.30800228807582813 0.03319962570124495
v 0.38742596457177253 -0.040176366515075786 0.11418834751955617
v -0.9499302044445015 -0.03352322179844351 0.05159900707390984
v -0.6240447216105323 0.1103493806369248 0.1144290324793021
v -0.8668954635946022 -0.12310661912029196 0.03011464357039333
v 0.10179500285933403 -0.2620478087677887 0.029976168071960647
v -0.9383482165303153 0.04238807832872972 0.08296808614345542
v -0.08343119002018613 -0.23899984809556654 0.02925724949590762
v 0.7327449549738472 -0.08984164433879614 0.10496958841646307
v -0.603616186458884 -0.16572717148818406 0.029496996233434512
v 0.5335271230023116 -0.06364261843646954 0.10492488879903546
v 0.1821605445398555 -0.015818456116944025 0.11401363747336912
v -0.440690600179218 0.07636104256938002 0.10967837674849852
v 0.6708853293171324 -0.3497094977874815 0.02876006980595053
v 0.8298839454634528 -0.1044210424595094 0.1145949369810619
v -0.2283013888659985 0.04981889019649566 0.11627763906278414
v -0.851182074834929 0.1381948349134381 0.11838124967901716
v -0.41951248482217046 -0.18404960308745769 0.023198145075472146
v 0.7975690949632098 -0.36561440526405153 0.028330612152860053
v -0.3022800083787401 0.056181720285661735 0.10922675377807263
v 0.3101947578732146 -0.29260868002042845 0.03048040486755687
v -0.2658413485385357 -0.21681598613977368 0.0326637537170434
v 0.5969765892717965 -0.06854518674516816 0.10976610566410198
v 0.450221252777208 -0.3122921251295974 0.030066611305416803
v -0.5097917829004637 -0.17849839359945838 0.034331474797617494
v -0.17333310400430468 -0.22187291513203675 0.027600076577607
v 0.5452200378194512 -0.33142512874501556 0.026796975827116033
v 0.4588167433243593 -0.05182264251669856 0.10348001091774948
v -0.15186833600075386 0.030336759429590927 0.11216685202901724
v 0.25666988332121254 -0.29009099526447524 0.03851415212301235
v -0.07645772901476965 0.019496063751297983 0.11140987292888617
v 0.2444140497181754 -0.01884376348469956 0.11478079505111187
v -0.5881984278990076 0.09784585902683675 0.11383800763816879
v -0.9215102883282932 -0.11440709881757712 0.02929893344805744
v -0.7027081134423488 -0.14752398417807663 0.03068551708949336
v 0.8829460391295788 -0.33937039433947613 0.03909926604107684
v 0.1369535545120159 -0.006241585191330359 0.11160067175682044
v -0.6793860687095742 0.11217916339996212 0.11392314635536843
v 0.07576005293783018 0.0019504263049280551 0.11157574453920316
v -0.13193463564001467 -0.2361208803433241 0.026835136579184665
v 0.42362636178486984 -0.04433750140572907 0.11030223401928671
v -0.8699196418972006 0.14242186736394966 0.11468293354498606
v 0.32048882770511966 -0.033420462770996584 0.11094782574745421
v -0.20030566963988888 0.04353696106938673 0.11026383192041213
v -0.5530822697967899 -0.1699574766098933 0.02830213875859381
v 0.38228826915389996 -0.03702706070424003 0.11723113620271847
v -0.7667403493586116 -0.13530198643267988 0.025980386992610273
v -0.4589847205948643 -0.17602608655125412 0.029773323672933935
v 0.16200901137616078 -0.0062268159442202715 0.11458124992511909
v 0.1565389040310315 -0.2726292710230018 0.028776914408175636
v 0.8972823824428967 -0.25571922624493076 0.07068404263512916
v -0.6411793175711078 -0.1559691889125797 0.030142862706345742
v -0.3850675660548102 -0.19781791451397923 0.032819155275489
v -0.003411177651350154 0.008463688927840756 0.11023593244478047
v -0.03825716550464789 -0.244115333678557 0.031216487468385574
v 0.9065241763385207 -0.195210032610715 0.08289570194510254
v -0.2961518741087193 -0.20761472786673038 0.028915752089842223
v 0.7581331293173988 -0.35683892582758514 0.031188154284668267
v 0.9099306937056519 -0.17931052976657383 0.09118753912003733
v 0.0035924082168756807 -0.25123474305231264 0.026008158468184158
v 0.7762089193136013 -0.09305918152147498 0.11572012441927071
v 0.627636024909662 -0.3401868063603728 0.027808717253824774
v 0.6930713218329582 -0.3569811921096553 0.028253121060727922
v 0.9140619252870202 -0.11876127289807353 0.11250552296337168
v -0.9606006017650073 -0.08499332917648039 0.03924022333484405
v -0.82437156512465 0.1366205369999797 0.10987631178730159
v 0.5075943158857177 -0.05911440883132333 0.11767586354974674
v 0.6994937873124093 -0.08370317560051217 0.11015222925079161
v -0.3413918702257028 0.0693443004882898 0.11207786523257914
v -0.7595503553469038 0.13071274532813654 0.11073104116734975
v -0.9308860085136855 0.07461684272305383 0.08872228457537279
v 0.43105539684300587 -0.3144558285075302 0.029013474006505013
v 0.29374083085444197 -0.030519475035716066 0.11341678915398631
v -0.9475227776509259 -0.014160869997974557 0.058958883805052556
v -0.4915460800396672 0.08566679703422765 0.10815557371481688
v -0.21103981123182206 -0.21919002577456934 0.028075995948254103
v -0.25383815107725655 0.050571937417853124 0.10984970176359146
v 0.6389787992273176 -0.3436443734427022 0.03292447610668713
v -0.32205392976286906 -0.2021717348453706 0.0271554348713268
v -0.8370640903377183 -0.12813239435832824 0.027923767872660116
v 0.05914805888642188 -0.26152005465886236 0.033427045528163155
v 0.8706642587499848 -0.10587153565808592 0.10788709025473767
v 0.3629202649231975 -0.035900293367027616 0.10792205092150906
v 0.4851534978028529 -0.32495370395276457 0.025007182779515438
v 0.6373439900568703 -0.07683628496668182 0.11559881318739348
v 0.35564054127563893 -0.29923144153691333 0.0306316469161815
v -0.7382585148408152 -0.1450462898938247 0.03017454926606777
v 0.5645128236459299 -0.06938835741938816 0.11437324622596134
v 0.2202990083987543 -0.27967835701119304 0.030258534459229148
v 0.7141126004329555 -0.35243456260857975 0.031727809144537794
v -0.5065040339959855 -0.17664951787167874 0.03169632765385059
v 0.5804264557014168 -0.33119532499404347 0.0318603667864141
v -0.6067922075679861 -0.16821102132373716 0.029295077833219215
v -0.037295634875007394 0.020304554743925424 0.114760592702035
v -0.8001630480962537 -0.13729017276596808 0.025561012068940736
v -0.16918864670076067 -0.22109547810037142 0.023974417112531864
v -0.8115499044860766 0.13197170946608874 0.1117034147150406
v -0.420590477508098 -0.18603148440628842 0.03687131478008918
v -0.5243380472309247 0.09249977431358081 0.1167132004565059
v 0.6829290550039984 -0.07981620708377513 0.1141247540261166
v -0.11295352600561478 0.0307594533905755 0.10559569788001423
v -0.4156154766956021 0.06949313402235881 0.1158674519451559
v -0.6627817948919308 0.11354866413931819 0.10807421445135443
v 0.014607487648482438 -0.259072268539182 0.030726946792387102
v -0.6372996665336298 0.10751777823899009 0.11263299002920593
v 0.42988200917474434 -0.046266607299495555 0.11660818500533586
v -0.9546699838144708 -0.06541789580145198 0.04128288743861003
v -0.6736021758317865 -0.15602725232627926 0.031129923388868615
v -0.2741117298468664 -0.21249035915150072 0.02641624268983467
v 0.12959850070497153 -0.27526793145849665 0.027220444161854374
v 0.8012617413026057 -0.10303060865492013 0.1145842093946462
v 0.0196029667028059 0.01184983897043552 0.11356093818448287
v -0.5665619670457817 -0.1639799062308461 0.03545100473309644
v -0.06833570982622354 0.022741877879715464 0.11608966237507054
v -0.3922749601473072 0.07215021131965742 0.11158969012409768
v -0.3321005684187755 0.06295646973787353 0.10915595656409177
v 0.10804879503938226 -0.0020104971761605054 0.11110648435336554
v 0.2678544534722626 -0.2872992328400632 0.03374355084373989
v 0.4586771430873669 -0.3210606129147553 0.03070140817598583
v -0.8701819204259796 0.1374807138600764 0.1099375388803385
v 0.18552615117376733 -0.014711489839396696 0.10551071305981949
v -0.1013148143785802 -0.2392586686954153 0.031042038063163198
v 0.028903347334633882 -0.25697702760786506 0.02926848778868817
v 0.5083831856894476 -0.32653071478865864 0.023566026433506485
v -0.9456262730542095 0.014509157515530622 0.06620691520724852
v -0.24071869250676542 -0.2109016634555429 0.02887446308141567
v -0.7018096230920899 0.11753913165510081 0.1129236843278163
v 0.826746681305923 -0.3728636184620196 0.02606659922133568
v 0.7135323464474619 -0.08813849969234122 0.11566050522012093
v 0.2804559657623604 -0.2903280661336858 0.029815648034961627
v 0.5653677445179975 -0.33108965987048095 0.02416855982024279
v -0.8992476320718313 -0.12496626086319482 0.029696869738706468
v -0.18116630802579578 0.03774535226160237 0.11071811617036592
v -0.692054949979067 0.1158466884670305 0.11329976224471765
v 0.5996555312003836 -0.3388690082701749 0.029161810240482765
v -0.6063792927399541 0.10499191231246907 0.11531231354657856
v -0.47238220858485613 -0.18407586456311828 0.029276650351678386
v -0.3573784510571605 -0.19883661962511473 0.028692796040615438
v 0.8976075284521919 -0.2477884522797616 0.06727467657493598
v 0.08574458583323533 0.0017363364578165492 0.12483063938293383
v 0.18485817970802185 -0.2776096154726828 0.030687784849296174
v -0.5977498323177953 0.09816854672869375 0.10980809482921987
v 0.8459431781617253 -0.3710099178570411 0.030544656824756707
v 0.39301150392729556 -0.30959542466812656 0.025805360723544186
v -0.6677716873453096 -0.15385481549654792 0.030489753692434805
v -0.8819771942061333 -0.12364398237504007 0.028249997844110697
v 0.22043265059120518 -0.01788665127281356 0.1142102758233133
v 0.312089227183509 -0.0315295289719292 0.11602822470128486
v 0.7796845558574199 -0.36779531608040983 0.033350814591581714
v 0.33204496941090855 -0.3001604392104561 0.031492825589795034
v -0.47388836259828093 0.08008161648033052 0.11733661992502645
v -0.5423858037199428 -0.17343102712906527 0.03025725794891989
v 0.045796106065864664 0.012332326525508025 0.1092802655716276
v -0.7193435998863557 -0.14571517434292444 0.022158109224710874
v -0.9404787919208714 0.03039722266066345 0.0732155800933396
v -0.06136460795757067 -0.24039634012717942 0.02802069534128083
v -0.48376565745329586 -0.18497777508818525 0.032675899366816454
v 0.40286547441823484 -0.3030081135675001 0.03283368332890757
v 0.8136857350425275 -0.10454304469589137 0.11443606495875547
v 0.8910015316254657 -0.3041389174903031 0.04893205680435085
v -0.7472300555716603 0.1243283733342947 0.11424069059338479
v -0.638074889118001 -0.1555964383495475 0.03101660695366009
v -0.9534956824588432 -0.0369934133798865 0.04852862862527478
v -0.9253711780980163 0.08657758647944779 0.0844741062502929
v 0.7328059150607518 -0.08925000130130359 0.11737665916146542
v 0.27336725177764637 -0.021116533275416023 0.11343153101288726
v 0.8395043119278436 -0.10741535339362288 0.1169595550390227
v 0.0919078713632267 -0.26408666946853343 0.030650490043765903
v -0.42629301170592426 0.08275196194836702 0.11119897959224675
v -0.5786985346657765 -0.16431174234526214 0.029893022637466276
v -0.2032193291995587 0.04984821905035419 0.10853931482606326
v -0.8964873077827072 0.14603615921003166 0.11312839541067081
v 0.6597208036768476 -0.08837202908486863 0.11254393875826818
v -0.5508764281702376 0.09772683316476598 0.11088744690792293
v -0.31480395966566316 -0.2023739048060264 0.027075271553811484
v -0.757909579703081 -0.14415787206875263 0.0286700564217901
v -0.010922058695857837 0.02290452129107583 0.11218799249376098
v -0.7235142664249317 0.11977190004756172 0.1117256734507744
v 0.4007992823104466 -0.03960333486926565 0.10784571026564159
v -0.8405241344789738 0.13910989334048474 0.11381058640930948
v 0.5284585756119952 -0.05692308623966265 0.11486633397285516
v 0.5720548701108261 -0.07206587878284461 0.10930065845763795
v 0.04452077304722807 -0.2544570565326382 0.025973130654838885
v 0.15535385981648803 -0.2738131199662817 0.02918095178724855
v 0.36709302615359346 -0.30638342614796704 0.027333607185377116
v 0.4228190928877904 -0.30978094762476377 0.02727588155962649
v -0.19157485887554704 -0.22532346006258103 0.02680981067075589
v -0.02077580844040948 -0.24372002328497924 0.031005061814831165
v -0.09399193854656725 0.02695351974367754 0.10908516060756093
v 0.16611445282341855 -0.010029637559148766 0.11146903596255169
v 0.7539501629324808 -0.36204896367631073 0.030709000808632286
v 0.0777505899298971 -0.26010840902743826 0.03189758622396351
v -0.8399251508401738 -0.1284884130027383 0.029316097768114214
v 0.49091931842158 -0.05669666032215239 0.11266552828558332
v 0.7978553747437064 -0.09862203516719889 0.11289199089687671
v 0.8847663127711757 -0.3632445775207875 0.03830709658800985
v 0.47039498961701187 -0.3185838068890682 0.029421728157534438
v -0.11030211111818218 -0.23895275180540065 0.02907568287544535
v -0.22435041680393444 -0.21386767236098594 0.026953412460835827
v -0.8187056810879998 -0.1265051562279517 0.0248589590614575
v -0.28536544458218355 -0.20638577406664987 0.029765486786009463
v -0.21977335039562865 0.04728370850113313 0.11047353125760004
v 0.7254192000912845 -0.3611260120379747 0.024828415148979006
v -0.6935075077059693 -0.14867657587485336 0.029028416100217544
v -0.018168531885979337 0.011897133769565266 0.11337294100480572
v -0.9474062895359125 -0.015457246721298683 0.060354812959076944
v 0.11783564081646045 -0.00048556233742971734 0.10721039848920613
v -0.15568132491397751 0.03403149041156121 0.11530644739298875
v 0.9138596983903567 -0.16592329265521333 0.09059623355425594
v 0.5485671336211357 -0.06174099446808698 0.11337609598099667
v -0.1485067492950914 -0.23385604546045943 0.030337576813699255
v -0.022497926975231425 -0.2470148270610469 0.027665598408034578
v 0.2049090420763632 -0.01448477291553706 0.11127664370655609
v 0.6656300936398696 -0.3485622195884161 0.03041355035355341
v 0.6139935605426966 -0.07619783352486292 0.11205354803723189
v 0.3844681601584878 -0.044186463687306436 0.11554912268657465
v 0.5133019967100161 -0.058455319491392155 0.10968085924298028
v -0.9342679238565407 0.06517866759284006 0.0838937764016552
v 0.622172584248198 -0.3395364627000599 0.02860492983611894
v -0.9223535679585255 0.11595817603732987 0.09754167073001338
v -0.04653012359068568 0.026631063627841865 0.10899090800300258
v 0.9080013234112599 -0.18868227825010295 0.09000374135776514
v 0.6074459247354866 -0.0738463563657371 0.11180810981588049
v -0.9374450201839905 0.05451823618685736 0.07749108106945611
v 0.9065643712950228 -0.20945290623254761 0.07821166595656293
v 0.15245822987272323 -0.008157993910565788 0.10446088098112997
v -0.08145931839655873 -0.24211953740961686 0.03177410103855968
v 0.013969510280672911 0.016682915206114493 0.11615914588782204
v -0.0015480401887173294 -0.25412658072389394 0.03222809284821327
v -0.7883016569601143 -0.1394711900553869 0.02881038451914223
v -0.5617776115249302 -0.17326892794245125 0.026041040694826607
v 0.8896132296497796 -0.31578315946125785 0.05223786099030442
v 0.45698781931759047 -0.05256047332125851 0.11479729913507655
v -0.6034195458656991 0.10339249485662186 0.11424133125032257
v -0.45878001853757155 0.08050956439470568 0.11593432814064772
v -0.8098485075561224 -0.13258742451723216 0.02762341115560957
v 0.7987698124175857 -0.3679914632803977 0.024391865463118088
v 0.8584073530254845 -0.11002437547889221 0.10815291181081305
v -0.8569940280755228 -0.12743510749967285 0.03522157492984983
v -0.9615683019723582 -0.09926160549144067 0.03059735902713148
v -0.6432089110418977 -0.15674284249291967 0.025258625046308915
v 0.7025863684625989 -0.3527056506382659 0.031931721281379916
v 0.02494922399440332 0.006056891345580957 0.10922770179152563
v -0.3088028768326003 0.056785802810295126 0.11128416207520167
v -0.9280143594712504 0.09652822832531312 0.09848244871543836
v -0.7811642942850168 0.13194863306843727 0.11153629530368947
v -0.621182921688618 -0.1581597938571028 0.027000853216582795
v 0.33150794991221927 -0.2996922554583894 0.030829851399072603
v -0.5145584331080966 0.0872629458680927 0.11505944483304881
v 0.8808068351915228 -0.11573254783588567 0.11161943173120212
v 0.9143558658448532 -0.14832193712920355 0.1058628766710886
v -0.5533610408313527 0.0944570909599005 0.11371616870899325
v -0.2665836222138628 0.052770069279024834 0.11493607750687017
v -0.4892075371443185 -0.17566278550133435 0.028073451288959345
v -0.5319469217662306 -0.16892120449347198 0.028543741151270154
v -0.953920346815792 -0.05724531204221923 0.04151353381597312
v 0.33250819243456453 -0.033836950593471665 0.10861040713072284
v 0.9001743053270272 -0.23048970220383297 0.07639166579827171
v 0.24179628192210603 -0.015019872629070811 0.1133038801039203
v 0.3958840118384779 -0.04505170991985562 0.10817282534452322
v -0.8732708644135798 0.1433896556308999 0.11091347589686515
v -0.49801138020871055 0.08747145695583736 0.11109606451908716
v -0.38738103583480954 -0.18811362829332257 0.027491828276639527
v 0.7213417773031455 -0.353311209199405 0.02662226009408436
v -0.2503694167562522 -0.21276870111837315 0.02838374261790051
v 0.5445735810979178 -0.3277315400735427 0.03100048043884636
v 0.7334475515074868 -0.3570529841228255 0.03371865647415185
v -0.3554294632311944 0.06696200115639198 0.11058524552420938
v -0.6115527878105196 -0.1611455164284138 0.030455953554597508
v -0.2161655453058691 -0.21648922251416083 0.028877963640020297
v 0.297365843973066 -0.02964097493851874 0.11331001648679975
v -0.6619549046195354 0.10942298377731642 0.10927321583616907
v -0.800807163130161 0.12793953918989692 0.11009255699716052
v 0.40464293033698673 -0.309146322677786 0.03392406364446573
v 0.12329231916404378 0.007137843249651835 0.11688136538113589
v -0.06039889766065295 0.02617018095902723 0.11219941834705636
v -0.9450842123202462 0.00619102049909184 0.06577315764110041
v -0.2786983253976584 0.05590516154774531 0.11433060733998827
v -0.4360763719613394 0.08279711802449159 0.10939329312783534
v 0.5878853269044142 -0.06467673473130668 0.11218858125133223
v -0.5773285685548657 0.0971855540707657 0.11441371981855915
v -0.34159167438183213 -0.202082114636419 0.02623127178125183
v -0.3804133627833054 0.06671029830345054 0.11152741240873107
v 0.2832483755193819 -0.29715992775934164 0.031091756129523706
v 0.8959472902338844 -0.28864263313374444 0.0595489528180489
v 0.8297363010653525 -0.37411069018927434 0.037596551522332114
v -0.4342643954603992 -0.1924328506128956 0.027392539666399717
v -0.14541615116445905 -0.22827119417501895 0.023617384881889664
v -0.4714204860395516 0.07935896503412661 0.11088854727742006
v -0.0693117238303578 -0.2432614746235829 0.027518132928120678
v 0.0901582823623202 -0.26227907136563494 0.030652166853590224
v 0.9016584411046301 -0.21827721676096098 0.07271139090935239
v 0.6535700265571329 -0.07566469657134806 0.11742243764821486
v 0.24348874636240367 -0.2846629698136804 0.029979390302823827
v 0.46326539694317975 -0.31768041554017556 0.030404294884891766
v 0.6556138344205809 -0.3487631629399466 0.027785901176030085
v -0.28440042132468224 0.05694418755279307 0.11353483942621519
v -0.37307937648502554 0.06966764178554621 0.11587129086357337
v -0.8266170929193802 0.137676920250012 0.11320701951074098
v -0.6819735481765596 0.11516939613784159 0.11526819937347442
v 0.5597224594058653 -0.33320777030411036 0.03001341371225124
v 0.6390943674388865 -0.08214871734346585 0.10837304716796341
v 0.7722214326401108 -0.09810540794209253 0.10937043766545715
v -0.12494020278436088 0.038296929679678085 0.10986085846235093
v -0.9491793249756428 -0.06017417741458516 0.045948537577522104
v 0.4968941684460608 -0.05224891144153807 0.11452150122400555
v 0.16520645714447568 -0.013345752634660367 0.11404078058793844
v 0.5783465074040396 -0.33842664527893557 0.028136677989254198
v 0.19212443341368143 -0.28213780035764074 0.025705984238773884
v 0.6950007043959578 -0.09047310941342401 0.11385798812978844
v -0.4542251241998559 -0.18709001141776305 0.03034540770600354
v -0.1586821772907142 0.0399785173436218 0.11031599252319685
v -0.5025552558360638 -0.17126116855059495 0.029298890550980144
v 0.30859873947138206 -0.03471273674516492 0.11579574227477302
v -0.9538329203122426 -0.07511005593682768 0.043462092842711214
v 0.7537762823125733 -0.09502419071094223 0.11279996384577048
v 0.8878697707550315 -0.33447053913254626 0.04503240050860089
v 0.6392661137176119 -0.34642099669052695 0.024678923235990264
v -0.7729367027370889 -0.1375534988811984 0.026850182680801887
v 0.23220586224239229 -0.28988082620285505 0.03120319296271855
v -0.5204789421308875 -0.17092914506323692 0.030724535380835895
v 0.8219746984168225 -0.10236976050702996 0.11455580540827072
v -0.6137192231359628 0.1098690138347486 0.1113814554607056
v 0.7792998908879649 -0.36366686423923644 0.032985927962103354
v -0.3151598808687799 0.06081600837172576 0.11426399168458715
v 0.9010130548675029 -0.2614039617230409 0.06686262826111303
v 0.25918746179740826 -0.018180589968782426 0.11401412738321846
v 0.5064816493180369 -0.06007050086714537 0.11172573813575142
v -0.5259996989359959 -0.16898306216472772 0.03158064407673644
v 0.4743527299843164 -0.32272630371793354 0.027974617805038862
v -0.8687474768700643 -0.11867184398653056 0.024879287473794132
v -0.9458692041596491 -0.03016582937324803 0.0546841963811562
v 0.13999749583032078 -0.2667327732034154 0.030736534081040302
v 0.8509190050628405 -0.10572790206427239 0.12000793342944224
v 0.0596955460136542 -0.2614520718655261 0.025842356815207124
v 0.0453930871883479 0.003223191988159217 0.11235301337440562
v -0.13337797227114376 -0.2320859478466806 0.02563919298647938
v -0.5349528023776828 0.09184003096351896 0.11207117074499708
v -0.048549685060300704 -0.24292868999372627 0.028721941444005705
v -0.22610992071022176 0.04724460635225022 0.11352855919695012
v -0.10416433932305785 0.03391145996566783 0.11227240950795543
v -0.5175752688327976 0.08508180411083628 0.11087612156684801
v -0.3628980432390259 -0.19884328118555225 0.02885756280494063
v -0.24710751325437522 0.05399043406976817 0.11063313476560398
v 0.44164226915951793 -0.05012206347442585 0.11563602703347217
v 0.23279092650088182 -0.015391276918388019 0.10948255026003713
v 0.3644561800069889 -0.036278826727436084 0.11181517292531262
v -0.39895802977590644 0.06994953697232444 0.11082692535111298
v 0.4642362001699426 -0.05694438161130462 0.1085207850434071
v -0.23885450754238324 -0.21565979972731944 0.03016138340667397
v 0.41918787155855775 -0.048307106888680056 0.10834615852617278
v 0.0580669211963233 0.0026248398160035086 0.1126196697238564
v -0.08734793327470114 0.022762328093569033 0.1066373521995972
v 0.7895373085465545 -0.09435579905255093 0.10958379006982026
v 0.7026005677404883 -0.08733094028454441 0.11035859753508696
v 0.5686360862011399 -0.06495396795828967 0.10977689650873407
v -0.44312467931554905 -0.18846597463178444 0.033055896687595225
v -0.16977061486801412 0.03683472883337829 0.11670716161848992
