v -0.08736428618431091 0.7432169318199158 -0.16479474306106567 1.0 0.0 0.0
v 0.34752053022384644 0.6521945595741272 0.1082724779844284 1.0 0.0 0.0
v 0.09927760809659958 0.502329409122467 -0.021365493535995483 1.0 0.0 0.0
v 0.2785641551017761 0.3506253659725189 0.09815887361764908 1.0 0.0 0.0
v 0.09008342772722244 0.7046014070510864 -0.05630338564515114 1.0 0.0 0.0
v 0.11674655973911285 0.335914671421051 0.009894726797938347 1.0 0.0 0.0
v 0.2500621974468231 0.5243954062461853 0.06046272814273834 1.0 0.0 0.0
v -0.013810831122100353 0.59151291847229 -0.09308011084794998 1.0 0.0 0.0
v 0.21328547596931458 0.6705828905105591 0.021847164258360863 1.0 0.0 0.0
v 0.2086883783340454 0.23293983936309814 0.07517342269420624 1.0 0.0 0.0
v 0.1967359483242035 0.41682347655296326 0.045752037316560745 1.0 0.0 0.0
v 0.34292343258857727 0.5418643355369568 0.11654724180698395 1.0 0.0 0.0
v 0.12777957320213318 0.6043847799301147 -0.013090728782117367 1.0 0.0 0.0
v -0.011971994303166866 0.6898906826972961 -0.1050325483083725 1.0 0.0 0.0
v 0.30522727966308594 0.44440603256225586 0.10091713070869446 1.0 0.0 0.0
v 0.056984372437000275 0.41590407490730286 -0.03239851072430611 1.0 0.0 0.0
v 0.27212822437286377 0.616337239742279 0.06414040178060532 1.0 0.0 0.0
v 0.21880197525024414 0.1409980207681656 0.08620643615722656 1.0 0.0 0.0
v 0.18938060104846954 0.31476807594299316 0.05494622141122818 1.0 0.0 0.0
v 0.17375048995018005 0.5069264769554138 0.020008327439427376 1.0 0.0 0.0
v 0.06158146262168884 0.6236925721168518 -0.05906163901090622 1.0 0.0 0.0
v -0.0754118487238884 0.6558722257614136 -0.13813160359859467 1.0 0.0 0.0
v 0.03583775460720062 0.5207177400588989 -0.0618198961019516 1.0 0.0 0.0
v 0.21236605942249298 0.5813993215560913 0.031041346490383148 1.0 0.0 0.0
v 0.12134364992380142 0.41406524181365967 0.0034587993286550045 1.0 0.0 0.0
v 0.14800678193569183 0.6696634888648987 -0.01401014719158411 1.0 0.0 0.0
v 0.24454568326473236 0.2917826175689697 0.08436760306358337 1.0 0.0 0.0
v 0.24270685017108917 0.46003612875938416 0.0668986588716507 1.0 0.0 0.0
v 0.08364750444889069 0.5630109906196594 -0.034237347543239594 1.0 0.0 0.0
v 0.3208574056625366 0.5979488492012024 0.09356178343296051 1.0 0.0 0.0
v 0.16271746158599854 0.26052239537239075 0.042993783950805664 1.0 0.0 0.0
v 0.03675717115402222 0.6852936148643494 -0.07469175010919571 1.0 0.0 0.0
v 0.16179804503917694 0.37636908888816833 0.025524836033582687 1.0 0.0 0.0
v 0.2629340589046478 0.22742332518100739 0.10183654725551605 1.0 0.0 0.0
v 0.3079855442047119 0.5014099478721619 0.09815887361764908 1.0 0.0 0.0
v 0.24914278090000153 0.3938380181789398 0.07793167233467102 1.0 0.0 0.0
v 0.1801864206790924 0.6227731704711914 0.013572399504482746 1.0 0.0 0.0
v -0.05610406771302223 0.7082790732383728 -0.12985683977603912 1.0 0.0 0.0
v 0.13697375357151031 0.4646332263946533 0.004378217738121748 1.0 0.0 0.0
v 0.28591951727867126 0.6669052243232727 0.05770447477698326 1.0 0.0 0.0
v 0.28959718346595764 0.5584138631820679 0.07885109633207321 1.0 0.0 0.0
v 0.0533066987991333 0.47566625475883484 -0.04343153163790703 1.0 0.0 0.0
v 0.15076503157615662 0.5492197275161743 0.0025393811520189047 1.0 0.0 0.0
v 0.10571353882551193 0.6457586288452148 -0.033317930996418 1.0 0.0 0.0
v -0.05334581434726715 0.6144983768463135 -0.12158207595348358 1.0 0.0 0.0
v -0.10483323782682419 0.7000042796134949 -0.15376171469688416 1.0 0.0 0.0
v -0.010133158415555954 0.5446226000785828 -0.08572477102279663 1.0 0.0 0.0
v -0.0027778123039752245 0.6374838352203369 -0.09491895139217377 1.0 0.0 0.0
v 0.20593012869358063 0.4692303240299225 0.03931611031293869 1.0 0.0 0.0
v 0.08732517063617706 0.449003130197525 -0.02044607512652874 1.0 0.0 0.0
v 0.21236605942249298 0.3543030321598053 0.06230156496167183 1.0 0.0 0.0
v 0.19949419796466827 0.18788835406303406 0.07609283924102783 1.0 0.0 0.0
v 0.0248047336935997 0.4398089349269867 -0.05906163901090622 1.0 0.0 0.0
v 0.24086801707744598 0.18880777060985565 0.09723945707082748 1.0 0.0 0.0
v 0.15995921194553375 0.43153417110443115 0.022766582667827606 1.0 0.0 0.0
v 0.09927760809659958 0.37361082434654236 -0.0038965463172644377 1.0 0.0 0.0
v 0.24638453125953674 0.5694469213485718 0.05494622141122818 1.0 0.0 0.0
v 0.023885315284132957 0.597029447555542 -0.07285290956497192 1.0 0.0 0.0
v 0.29603311419487 0.31660690903663635 0.11746665835380554 1.0 0.0 0.0
v 0.24362626671791077 0.09870477765798569 0.10183654725551605 1.0 0.0 0.0
v 0.24086801707744598 0.6347256302833557 0.04207436367869377 1.0 0.0 0.0
v 0.14524851739406586 0.3092515468597412 0.02644425444304943 1.0 0.0 0.0
v 0.27212822437286377 0.48853811621665955 0.0797705128788948 1.0 0.0 0.0
v -0.03955454006791115 0.6577110886573792 -0.11606556922197342 1.0 0.0 0.0
v 0.20409129559993744 0.5289925336837769 0.035638436675071716 1.0 0.0 0.0
v 0.3125826418399811 0.6494362950325012 0.08804527670145035 1.0 0.0 0.0
v 0.17191165685653687 0.22282624244689941 0.05402680113911629 1.0 0.0 0.0
v -1.955764128069859e-05 0.5060070753097534 -0.07285290956497192 1.0 0.0 0.0
v 0.05054844543337822 0.5676080584526062 -0.05630338564515114 1.0 0.0 0.0
v 0.19305826723575592 0.27615249156951904 0.06230156496167183 1.0 0.0 0.0
v 0.11766597628593445 0.5363478660583496 -0.015848983079195023 1.0 0.0 0.0
v 0.2831612527370453 0.3947574496269226 0.09632004052400589 1.0 0.0 0.0
v 0.3521176278591156 0.6043847799301147 0.11470840126276016 1.0 0.0 0.0
v 0.09284168481826782 0.6099013090133667 -0.036995600908994675 1.0 0.0 0.0
v 0.07813099026679993 0.6687440872192383 -0.05170629546046257 1.0 0.0 0.0
v 0.18386408686637878 0.6834547519683838 0.0016199629753828049 1.0 0.0 0.0
v 0.13237667083740234 0.502329409122467 -0.002977128140628338 1.0 0.0 0.0
v 0.13513492047786713 0.27247482538223267 0.020008327439427376 1.0 0.0 0.0
v 0.07261448353528976 0.5271536707878113 -0.03791502118110657 1.0 0.0 0.0
v -0.05334581434726715 0.5777216553688049 -0.11330731213092804 1.0 0.0 0.0
v 0.17834757268428802 0.5786411166191101 0.015411236323416233 1.0 0.0 0.0
v 0.23259325325489044 0.3258010745048523 0.07609283924102783 1.0 0.0 0.0
v 0.24914278090000153 0.6705828905105591 0.04391320049762726 1.0 0.0 0.0
v 0.01285229716449976 0.7156344056129456 -0.09951604157686234 1.0 0.0 0.0
v 0.27212822437286377 0.4361312687397003 0.08896469324827194 1.0 0.0 0.0
v 0.27212822437286377 0.19156602025032043 0.11378898471593857 1.0 0.0 0.0
v 0.2813224196434021 0.5234760046005249 0.07701225578784943 1.0 0.0 0.0
v 0.14340968430042267 0.6347256302833557 -0.01125189196318388 1.0 0.0 0.0
v 0.11950480937957764 0.5712857246398926 -0.013090728782117367 1.0 0.0 0.0
v 0.31626030802726746 0.5483002662658691 0.09723945707082748 1.0 0.0 0.0
v 0.03307949751615524 0.6319673657417297 -0.07469175010919571 1.0 0.0 0.0
v 0.1535232812166214 0.34418943524360657 0.02920250967144966 1.0 0.0 0.0
v -0.023005012422800064 0.5087652802467346 -0.09675778448581696 1.0 0.0 0.0
v 0.02756298892199993 0.48853811621665955 -0.05998105928301811 1.0 0.0 0.0
v 0.15720096230506897 0.6007071137428284 0.0016199629753828049 1.0 0.0 0.0
v 0.2371903508901596 0.25960296392440796 0.08528701961040497 1.0 0.0 0.0
v 0.01561055239289999 0.562091588973999 -0.07469175010919571 1.0 0.0 0.0
v 0.2399486005306244 0.35890012979507446 0.0797705128788948 1.0 0.0 0.0
v 0.12869898974895477 0.3837244212627411 0.012652982026338577 1.0 0.0 0.0
v 0.181105837225914 0.34510886669158936 0.04667145758867264 1.0 0.0 0.0
v 0.33097100257873535 0.48853811621665955 0.11654724180698395 1.0 0.0 0.0
v 0.11398830264806747 0.6926489472389221 -0.03883443772792816 1.0 0.0 0.0
v 0.044112518429756165 0.7156344056129456 -0.06917524337768555 1.0 0.0 0.0
v 0.07077564299106598 0.3800467550754547 -0.01768781989812851 1.0 0.0 0.0
v -0.11218857765197754 0.6696634888648987 -0.15284229815006256 1.0 0.0 0.0
v 0.20409129559993744 0.38740208745002747 0.05310738459229469 1.0 0.0 0.0
v 0.17283107340335846 0.6512751579284668 0.0034587993286550045 1.0 0.0 0.0
v 0.10663295537233353 0.47382742166519165 -0.01125189196318388 1.0 0.0 0.0
v 0.2114466279745102 0.4995711147785187 0.042993783950805664 1.0 0.0 0.0
v 0.11398830264806747 0.44348660111427307 -0.002977128140628338 1.0 0.0 0.0
v 0.11858539283275604 0.2972991168498993 0.011733563616871834 1.0 0.0 0.0
v 0.16363689303398132 0.4701497554779053 0.019088909029960632 1.0 0.0 0.0
v 0.21236605942249298 0.2991379499435425 0.06965690851211548 1.0 0.0 0.0
v 0.08824459463357925 0.41866230964660645 -0.01768781989812851 1.0 0.0 0.0
v 0.27120882272720337 0.5813993215560913 0.06781807541847229 1.0 0.0 0.0
v 0.181105837225914 0.540025532245636 0.019088909029960632 1.0 0.0 0.0
v -0.01932734064757824 0.716553807258606 -0.11698498576879501 1.0 0.0 0.0
v 0.20684954524040222 0.6420809626579285 0.025524836033582687 1.0 0.0 0.0
v 0.27212822437286377 0.3120098114013672 0.10091713070869446 1.0 0.0 0.0
v 0.2252379059791565 0.40487104654312134 0.06505981832742691 1.0 0.0 0.0
v -0.08092836290597916 0.6117401719093323 -0.13077625632286072 1.0 0.0 0.0
v 0.23535150289535522 0.48669928312301636 0.05770447477698326 1.0 0.0 0.0
v 0.30063021183013916 0.6117401719093323 0.07793167233467102 1.0 0.0 0.0
v 0.18846118450164795 0.44624486565589905 0.0374772734940052 1.0 0.0 0.0
v -0.02944094128906727 0.619095504283905 -0.10595197230577469 1.0 0.0 0.0
v 0.07721157371997833 0.48669928312301636 -0.03147909417748451 1.0 0.0 0.0
v 0.27120882272720337 0.26144179701805115 0.10735306143760681 1.0 0.0 0.0
v 0.04870960861444473 0.5961100459098816 -0.058142222464084625 1.0 0.0 0.0
v 0.2114466279745102 0.6099013090133667 0.02920250967144966 1.0 0.0 0.0
v 0.2390291839838028 0.6062236428260803 0.04207436367869377 1.0 0.0 0.0
v 0.09100284427404404 0.3395923674106598 -0.0048159644939005375 1.0 0.0 0.0
v 0.1663951426744461 0.40487104654312134 0.030121928080916405 1.0 0.0 0.0
v 0.004577533341944218 0.6696634888648987 -0.09399953484535217 1.0 0.0 0.0
v 0.28683891892433167 0.46095556020736694 0.08712586015462875 1.0 0.0 0.0
v -0.03587687015533447 0.6871324181556702 -0.1197432428598404 1.0 0.0 0.0
v -0.03587687015533447 0.5473808646202087 -0.10227429866790771 1.0 0.0 0.0
v 0.2261573225259781 0.4388895332813263 0.058623891323804855 1.0 0.0 0.0
v 0.04870960861444473 0.44808369874954224 -0.04159269481897354 1.0 0.0 0.0
v 0.154442697763443 0.5216371417045593 0.006217054091393948 1.0 0.0 0.0
v 0.18386408686637878 0.250408798456192 0.061382148414850235 1.0 0.0 0.0
v 0.2500621974468231 0.42969533801078796 0.07425400614738464 1.0 0.0 0.0
v 0.3355681002140045 0.5722051858901978 0.10459480434656143 1.0 0.0 0.0
v 0.23167383670806885 0.223745658993721 0.08620643615722656 1.0 0.0 0.0
v 0.23075442016124725 0.5363478660583496 0.04667145758867264 1.0 0.0 0.0
v 0.2509816288948059 0.15111161768436432 0.1082724779844284 1.0 0.0 0.0
v 0.05606495589017868 0.6687440872192383 -0.06733640283346176 1.0 0.0 0.0
v 0.011013461276888847 0.4655526578426361 -0.06365872919559479 1.0 0.0 0.0
v 0.3208574056625366 0.6246119737625122 0.09080353379249573 1.0 0.0 0.0
v -0.0754118487238884 0.7000042796134949 -0.1454869508743286 1.0 0.0 0.0
v 0.02756298892199993 0.656791627407074 -0.07928884029388428 1.0 0.0 0.0
v 0.067097969353199 0.6908101439476013 -0.05906163901090622 1.0 0.0 0.0
v 0.1958165168762207 0.559333324432373 0.02644425444304943 1.0 0.0 0.0
v 0.2923554480075836 0.6411615610122681 0.07517342269420624 1.0 0.0 0.0
v -0.09747789055109024 0.6466780304908752 -0.1464063674211502 1.0 0.0 0.0
v 0.1691533923149109 0.30557388067245483 0.042993783950805664 1.0 0.0 0.0
v 0.07445331662893295 0.5961100459098816 -0.047109201550483704 1.0 0.0 0.0
v 0.2702893912792206 0.6475974321365356 0.061382148414850235 1.0 0.0 0.0
v 0.30338844656944275 0.5280730724334717 0.08988410979509354 1.0 0.0 0.0
v 0.29603311419487 0.5823187828063965 0.08252876996994019 1.0 0.0 0.0
v 0.23535150289535522 0.13088442385196686 0.10183654725551605 1.0 0.0 0.0
v 0.264772891998291 0.369933158159256 0.09080353379249573 1.0 0.0 0.0
v 0.06158146262168884 0.5069264769554138 -0.04618978500366211 1.0 0.0 0.0
v 0.264772891998291 0.45819729566574097 0.07701225578784943 1.0 0.0 0.0
v 0.007335788104683161 0.5299119353294373 -0.07745000720024109 1.0 0.0 0.0
v 0.08456692099571228 0.6411615610122681 -0.04435094818472862 1.0 0.0 0.0
v 0.10019703209400177 0.5795605182647705 -0.02780142053961754 1.0 0.0 0.0
v -0.06437883526086807 0.676099419593811 -0.13077625632286072 1.0 0.0 0.0
v -0.01289141271263361 0.48945751786231995 -0.08480534702539444 1.0 0.0 0.0
v 0.18662233650684357 0.4784245193004608 0.028283091261982918 1.0 0.0 0.0
v 0.1378931701183319 0.43061476945877075 0.008975308388471603 1.0 0.0 0.0
v 0.21972139179706573 0.19432426989078522 0.08712586015462875 1.0 0.0 0.0
v 0.21512430906295776 0.26328063011169434 0.07701225578784943 1.0 0.0 0.0
v 0.353037029504776 0.6292091012001038 0.1101113110780716 1.0 0.0 0.0
v 0.3135020434856415 0.4784245193004608 0.09907829761505127 1.0 0.0 0.0
v 0.29879137873649597 0.4122263789176941 0.09907829761505127 1.0 0.0 0.0
v 0.003658115165308118 0.616337239742279 -0.08664418756961823 1.0 0.0 0.0
v 0.2528204619884491 0.3248816728591919 0.08804527670145035 1.0 0.0 0.0
v 0.0965193584561348 0.5354284644126892 -0.02596258372068405 1.0 0.0 0.0
v -0.09012254327535629 0.676099419593811 -0.1482452005147934 1.0 0.0 0.0
v 0.22799615561962128 0.16122521460056305 0.09356178343296051 1.0 0.0 0.0
v 0.3236156702041626 0.5170400738716125 0.10551422089338303 1.0 0.0 0.0
v 0.2252379059791565 0.37361082434654236 0.06414040178060532 1.0 0.0 0.0
v -0.03311861306428909 0.5703663229942322 -0.10135487467050552 1.0 0.0 0.0
v 0.20409129559993744 0.33315643668174744 0.05770447477698326 1.0 0.0 0.0
v -0.04047396034002304 0.5988683104515076 -0.10779080539941788 1.0 0.0 0.0
v 0.1801864206790924 0.3662554919719696 0.0374772734940052 1.0 0.0 0.0
v 0.10203586518764496 0.6678246855735779 -0.03883443772792816 1.0 0.0 0.0
v 0.2785641551017761 0.23385925590991974 0.11746665835380554 1.0 0.0 0.0
v 0.11214946210384369 0.616337239742279 -0.025043165311217308 1.0 0.0 0.0
v 0.19121943414211273 0.22006797790527344 0.06781807541847229 1.0 0.0 0.0
v 0.14616793394088745 0.3993545472621918 0.02092774584889412 1.0 0.0 0.0
v 0.28867775201797485 0.37361082434654236 0.10275597125291824 1.0 0.0 0.0
v 0.23075442016124725 0.5685275197029114 0.038396693766117096 1.0 0.0 0.0
v 0.2500621974468231 0.502329409122467 0.06505981832742691 1.0 0.0 0.0
v 0.12226306647062302 0.6374838352203369 -0.02044607512652874 1.0 0.0 0.0
v 0.2564981281757355 0.5501391291618347 0.06046272814273834 1.0 0.0 0.0
v 0.1948971003293991 0.5106041431427002 0.027363672852516174 1.0 0.0 0.0
v 0.2638534605503082 0.2917826175689697 0.09723945707082748 1.0 0.0 0.0
v 0.06158146262168884 0.6503556966781616 -0.05630338564515114 1.0 0.0 0.0
v 0.18846118450164795 0.5979488492012024 0.01816949062049389 1.0 0.0 0.0
v 0.25741755962371826 0.17685532569885254 0.10735306143760681 1.0 0.0 0.0
v 0.15812037885189056 0.5694469213485718 0.005297635681927204 1.0 0.0 0.0
v 0.025724152103066444 0.5391061305999756 -0.06733640283346176 1.0 0.0 0.0
v 0.19030001759529114 0.6659858226776123 0.012652982026338577 1.0 0.0 0.0
v 0.22799615561962128 0.515201210975647 0.04942971095442772 1.0 0.0 0.0
v 0.2537398636341095 0.6016265749931335 0.05678505823016167 1.0 0.0 0.0
v 0.1388126015663147 0.3662554919719696 0.019088909029960632 1.0 0.0 0.0
v 0.14065143465995789 0.28994378447532654 0.03379959985613823 1.0 0.0 0.0
v 0.23167383670806885 0.6531139612197876 0.0374772734940052 1.0 0.0 0.0
v -0.06805650889873505 0.5832381844520569 -0.12709859013557434 1.0 0.0 0.0
v 0.08548633754253387 0.398435115814209 -0.014929564669728279 1.0 0.0 0.0
v 0.020207643508911133 0.6862130165100098 -0.08664418756961823 1.0 0.0 0.0
v -0.07081475853919983 0.7193120718002319 -0.14088986814022064 1.0 0.0 0.0
v 0.13605433702468872 0.5243954062461853 -0.002057709963992238 1.0 0.0 0.0
v 0.22156023979187012 0.4710691571235657 0.0521879643201828 1.0 0.0 0.0
v 0.07169506698846817 0.4370507001876831 -0.025043165311217308 1.0 0.0 0.0
v 0.24638453125953674 0.20811554789543152 0.09907829761505127 1.0 0.0 0.0
v 0.1654757261276245 0.6328867673873901 -0.00021887347975280136 1.0 0.0 0.0
v 0.16271746158599854 0.2402951866388321 0.05034912750124931 1.0 0.0 0.0
v 0.2941942811012268 0.49129635095596313 0.08804527670145035 1.0 0.0 0.0
v 0.1654757261276245 0.681615948677063 -0.0048159644939005375 1.0 0.0 0.0
v 0.17466990649700165 0.4223400056362152 0.032880183309316635 1.0 0.0 0.0
v 0.01193287968635559 0.6494362950325012 -0.0903218612074852 1.0 0.0 0.0
v 0.12961840629577637 0.6696634888648987 -0.02044607512652874 1.0 0.0 0.0
v 0.2546592950820923 0.34418943524360657 0.08620643615722656 1.0 0.0 0.0
v 0.17650873959064484 0.559333324432373 0.01449181791394949 1.0 0.0 0.0
v 0.29603311419487 0.34418943524360657 0.1101113110780716 1.0 0.0 0.0
v 0.14616793394088745 0.4499225318431854 0.012652982026338577 1.0 0.0 0.0
v 0.31809914112091064 0.46279439330101013 0.10919189453125 1.0 0.0 0.0
v 0.18846118450164795 0.40119338035583496 0.038396693766117096 1.0 0.0 0.0
v 0.2537398636341095 0.2642000615596771 0.09356178343296051 1.0 0.0 0.0
v 0.26201462745666504 0.6310479044914246 0.05770447477698326 1.0 0.0 0.0
v 0.05790378898382187 0.5363478660583496 -0.04527036473155022 1.0 0.0 0.0
v -0.09655847400426865 0.7321839332580566 -0.15284229815006256 1.0 0.0 0.0
v 0.2684505581855774 0.16490289568901062 0.11654724180698395 1.0 0.0 0.0
v 0.14984561502933502 0.3258010745048523 0.03379959985613823 1.0 0.0 0.0
v 0.11950480937957764 0.5887547135353088 -0.019526656717061996 1.0 0.0 0.0
v 0.10755237191915512 0.40395161509513855 -0.0038965463172644377 1.0 0.0 0.0
v 0.07996983081102371 0.4692303240299225 -0.02596258372068405 1.0 0.0 0.0
v 0.17650873959064484 0.27707192301750183 0.05402680113911629 1.0 0.0 0.0
v 0.2114466279745102 0.15754754841327667 0.08252876996994019 1.0 0.0 0.0
v 0.26109522581100464 0.13364267349243164 0.11654724180698395 1.0 0.0 0.0
v 0.00917462445795536 0.5988683104515076 -0.08664418756961823 1.0 0.0 0.0
v 0.20593012869358063 0.44716429710388184 0.04207436367869377 1.0 0.0 0.0
v 0.2693699896335602 0.39107978343963623 0.08528701961040497 1.0 0.0 0.0
v -0.05610406771302223 0.6604692935943604 -0.12250149995088577 1.0 0.0 0.0
v 0.10755237191915512 0.5501391291618347 -0.021365493535995483 1.0 0.0 0.0
v 0.03491833433508873 0.5611721277236938 -0.0618198961019516 1.0 0.0 0.0
v 0.22707673907279968 0.2954602837562561 0.07885109633207321 1.0 0.0 0.0
v 0.19397768378257751 0.3708525598049164 0.04759087413549423 1.0 0.0 0.0
v 0.2233990728855133 0.619095504283905 0.038396693766117096 1.0 0.0 0.0
v 0.04870960861444473 0.6981654763221741 -0.07377233356237411 1.0 0.0 0.0
v 0.021127061918377876 0.7036819458007812 -0.08756360411643982 1.0 0.0 0.0
v 0.23535150289535522 0.5841575860977173 0.04483262076973915 1.0 0.0 0.0
v 0.29143601655960083 0.4278565049171448 0.09632004052400589 1.0 0.0 0.0
v 0.24730394780635834 0.12352906912565231 0.11286956816911697 1.0 0.0 0.0
v 0.12777957320213318 0.6889712810516357 -0.028720838949084282 1.0 0.0 0.0
v 0.24270685017108917 0.23569808900356293 0.09264236688613892 1.0 0.0 0.0
v 0.17191165685653687 0.33223700523376465 0.03931611031293869 1.0 0.0 0.0
v -0.05794290453195572 0.7275868654251099 -0.1326151043176651 1.0 0.0 0.0
v 0.11306888610124588 0.31936514377593994 0.013572399504482746 1.0 0.0 0.0
v 0.09743877500295639 0.6264508366584778 -0.03791502118110657 1.0 0.0 0.0
v 0.3098243772983551 0.42969533801078796 0.1082724779844284 1.0 0.0 0.0
v 0.07537273317575455 0.36165839433670044 -0.024123746901750565 1.0 0.0 0.0
v 0.2666117250919342 0.33039817214012146 0.09632004052400589 1.0 0.0 0.0
v 0.12777957320213318 0.5565750598907471 -0.01125189196318388 1.0 0.0 0.0
v -0.08000894635915756 0.7294256687164307 -0.15468113124370575 1.0 0.0 0.0
v 0.11582713574171066 0.5197983384132385 -0.013090728782117367 1.0 0.0 0.0
v 0.1663951426744461 0.5363478660583496 0.011733563616871834 1.0 0.0 0.0
v 0.12318248301744461 0.48853811621665955 -0.005735382903367281 1.0 0.0 0.0
v 0.28959718346595764 0.6577110886573792 0.07517342269420624 1.0 0.0 0.0
v -0.028521522879600525 0.6751800179481506 -0.11054906249046326 1.0 0.0 0.0
v 0.12134364992380142 0.3515447974205017 0.013572399504482746 1.0 0.0 0.0
v 0.18570291996002197 0.5243954062461853 0.022766582667827606 1.0 0.0 0.0
v 0.24178743362426758 0.3791273236274719 0.07517342269420624 1.0 0.0 0.0
v 0.13053783774375916 0.33407583832740784 0.019088909029960632 1.0 0.0 0.0
v 0.33189043402671814 0.5501391291618347 0.10275597125291824 1.0 0.0 0.0
v -0.010133158415555954 0.6733411550521851 -0.1050325483083725 1.0 0.0 0.0
v 0.06342030316591263 0.40303221344947815 -0.024123746901750565 1.0 0.0 0.0
v 0.17375048995018005 0.6678246855735779 0.0025393811520189047 1.0 0.0 0.0
v -0.04782930389046669 0.6282896995544434 -0.11422673612833023 1.0 0.0 0.0
v 0.17466990649700165 0.44624486565589905 0.028283091261982918 1.0 0.0 0.0
v 0.20317186415195465 0.5446226000785828 0.028283091261982918 1.0 0.0 0.0
v 0.020207643508911133 0.621853768825531 -0.0765305832028389 1.0 0.0 0.0
v 0.0955999344587326 0.5170400738716125 -0.02780142053961754 1.0 0.0 0.0
v 0.041354261338710785 0.6650664210319519 -0.07377233356237411 1.0 0.0 0.0
v -0.005536066833883524 0.5602527260780334 -0.08480534702539444 1.0 0.0 0.0
v -0.03679628670215607 0.6420809626579285 -0.11238789558410645 1.0 0.0 0.0
v 0.08916401118040085 0.5933517813682556 -0.04067327454686165 1.0 0.0 0.0
v 0.21512430906295776 0.4113069772720337 0.05402680113911629 1.0 0.0 0.0
v 0.27212822437286377 0.21914856135845184 0.11562782526016235 1.0 0.0 0.0
v 0.28959718346595764 0.44532546401023865 0.08988410979509354 1.0 0.0 0.0
v 0.1967359483242035 0.43245360255241394 0.03655785694718361 1.0 0.0 0.0
v -0.025763267651200294 0.540025532245636 -0.09216069430112839 1.0 0.0 0.0
v 0.154442697763443 0.4821021854877472 0.013572399504482746 1.0 0.0 0.0
v 0.046870771795511246 0.4241788387298584 -0.04159269481897354 1.0 0.0 0.0
v 0.3401651978492737 0.6209343075752258 0.10551422089338303 1.0 0.0 0.0
v 0.30246904492378235 0.46003612875938416 0.09907829761505127 1.0 0.0 0.0
v 0.1958165168762207 0.2375369369983673 0.0668986588716507 1.0 0.0 0.0
v 0.17650873959064484 0.2099543809890747 0.06230156496167183 1.0 0.0 0.0
v 0.2813224196434021 0.6264508366584778 0.07241516560316086 1.0 0.0 0.0
v 0.01193287968635559 0.5869158506393433 -0.0756111666560173 1.0 0.0 0.0
v 0.3070661425590515 0.6273702383041382 0.08344818651676178 1.0 0.0 0.0
v 0.11490771919488907 0.6733411550521851 -0.03147909417748451 1.0 0.0 0.0
v -0.07357301563024521 0.6411615610122681 -0.1326151043176651 1.0 0.0 0.0
v -0.005536066833883524 0.5207177400588989 -0.07745000720024109 1.0 0.0 0.0
v 0.2381097674369812 0.17317765951156616 0.0954006239771843 1.0 0.0 0.0
v 0.22064082324504852 0.5464614629745483 0.040235526859760284 1.0 0.0 0.0
v 0.2693699896335602 0.6632275581359863 0.06046272814273834 1.0 0.0 0.0
v 0.2638534605503082 0.27615249156951904 0.09815887361764908 1.0 0.0 0.0
v 0.14340968430042267 0.4949740469455719 0.005297635681927204 1.0 0.0 0.0
v 0.3116632103919983 0.562091588973999 0.09172295033931732 1.0 0.0 0.0
v 0.2666117250919342 0.5666886568069458 0.06873749196529388 1.0 0.0 0.0
v 0.31442147493362427 0.6577110886573792 0.07517342269420624 1.0 0.0 0.0
v 0.09468051791191101 0.39016035199165344 -0.005735382903367281 1.0 0.0 0.0
v 0.3098243772983551 0.5768022537231445 0.08620643615722656 1.0 0.0 0.0
v 0.02940182574093342 0.6715023517608643 -0.08296651393175125 1.0 0.0 0.0
v 0.033998917788267136 0.5060070753097534 -0.058142222464084625 1.0 0.0 0.0
v 0.23535150289535522 0.20535729825496674 0.08896469324827194 1.0 0.0 0.0
v 0.33189043402671814 0.5896741151809692 0.09999771416187286 1.0 0.0 0.0
v 0.22064082324504852 0.6430003643035889 0.03471902012825012 1.0 0.0 0.0
v 0.07996983081102371 0.6834547519683838 -0.05446454882621765 1.0 0.0 0.0
v 0.20041361451148987 0.3064933121204376 0.06414040178060532 1.0 0.0 0.0
v -0.018407922238111496 0.6144983768463135 -0.09675778448581696 1.0 0.0 0.0
v 0.27396708726882935 0.5961100459098816 0.06965690851211548 1.0 0.0 0.0
v 0.7980354428291321 0.562091588973999 -0.13997043669223785 1.0 0.75 0.0
v 0.5056604743003845 0.2522476315498352 -0.007574219256639481 1.0 0.75 0.0
v 0.5626643896102905 0.53726726770401 -0.010332473553717136 1.0 0.75 0.0
v 0.4072827100753784 0.4692303240299225 0.06965690851211548 1.0 0.75 0.0
v 0.604957640171051 0.38832151889801025 -0.04159269481897354 1.0 0.75 0.0
v 0.3833778500556946 0.26328063011169434 0.06505981832742691 1.0 0.75 0.0
v 0.7116101384162903 0.46095556020736694 -0.09491895139217377 1.0 0.75 0.0
v 0.47348082065582275 0.6227731704711914 0.05402680113911629 1.0 0.75 0.0
v 0.6913829445838928 0.5896741151809692 -0.06917524337768555 1.0 0.75 0.0
v 0.48819151520729065 0.37728849053382874 0.022766582667827606 1.0 0.75 0.0
v 0.3116632103919983 0.18972718715667725 0.10459480434656143 1.0 0.75 0.0
v 0.3787807524204254 0.369933158159256 0.08436760306358337 1.0 0.75 0.0
v 0.7989549040794373 0.4554390609264374 -0.14456753432750702 1.0 0.75 0.0
v 0.4927886128425598 0.480263352394104 0.02920250967144966 1.0 0.75 0.0
v 0.6371372938156128 0.4968128800392151 -0.05354513227939606 1.0 0.75 0.0
v 0.6904635429382324 0.37269142270088196 -0.09951604157686234 1.0 0.75 0.0
v 0.2951136827468872 0.2706359922885895 0.12022491544485092 1.0 0.75 0.0
v 0.4275099039077759 0.5501391291618347 0.06781807541847229 1.0 0.75 0.0
v 0.6132323741912842 0.602545976638794 -0.021365493535995483 1.0 0.75 0.0
v 0.5562284588813782 0.4508419632911682 -0.016768401488661766 1.0 0.75 0.0
v 0.5433565974235535 0.3405117690563202 -0.018607238307595253 1.0 0.75 0.0
v 0.7318373322486877 0.53726726770401 -0.10595197230577469 1.0 0.75 0.0
v 0.463367223739624 0.30465444922447205 0.02644425444304943 1.0 0.75 0.0
v 0.5461148619651794 0.6089819073677063 0.011733563616871834 1.0 0.75 0.0
v 0.44681769609451294 0.23202042281627655 0.030121928080916405 1.0 0.75 0.0
v 0.5001439452171326 0.5584138631820679 0.032880183309316635 1.0 0.75 0.0
v 0.3640700578689575 0.16122521460056305 0.06414040178060532 1.0 0.75 0.0
v 0.6536868214607239 0.4250982403755188 -0.07193349301815033 1.0 0.75 0.0
v 0.41463807225227356 0.6301285028457642 0.08620643615722656 1.0 0.75 0.0
v 0.3374069333076477 0.3221234083175659 0.09907829761505127 1.0 0.75 0.0
v 0.43302643299102783 0.36717489361763 0.051268547773361206 1.0 0.75 0.0
v 0.45968955755233765 0.42877593636512756 0.03655785694718361 1.0 0.75 0.0
v 0.27488648891448975 0.14559510350227356 0.11838607490062714 1.0 0.75 0.0
v 0.6463314294815063 0.5547361969947815 -0.048028621822595596 1.0 0.75 0.0
v 0.38521668314933777 0.5813993215560913 0.09815887361764908 1.0 0.75 0.0
v 0.37234482169151306 0.426937073469162 0.08804527670145035 1.0 0.75 0.0
v 0.6895440816879272 0.5161206722259521 -0.0765305832028389 1.0 0.75 0.0
v 0.35947296023368835 0.4811827540397644 0.09723945707082748 1.0 0.75 0.0
v 0.5166934728622437 0.4241788387298584 0.009894726797938347 1.0 0.75 0.0
v 0.34752053022384644 0.22282624244689941 0.081609345972538 1.0 0.75 0.0
v 0.3226962387561798 0.13364267349243164 0.08436760306358337 1.0 0.75 0.0
v 0.41739630699157715 0.30373504757881165 0.05402680113911629 1.0 0.75 0.0
v 0.7805665135383606 0.5124430060386658 -0.1326151043176651 1.0 0.75 0.0
v 0.3925720155239105 0.20535729825496674 0.05770447477698326 1.0 0.75 0.0
v 0.31993797421455383 0.37269142270088196 0.11930549889802933 1.0 0.75 0.0
v 0.7318373322486877 0.41590407490730286 -0.11698498576879501 1.0 0.75 0.0
v 0.3934914469718933 0.5207177400588989 0.09080353379249573 1.0 0.75 0.0
v 0.6334596276283264 0.35890012979507446 -0.06917524337768555 1.0 0.75 0.0
v 0.6012799739837646 0.4370507001876831 -0.04343153163790703 1.0 0.75 0.0
v 0.5553090572357178 0.40211278200149536 -0.013090728782117367 1.0 0.75 0.0
v 0.525887668132782 0.5170400738716125 0.013572399504482746 1.0 0.75 0.0
v 0.7474674582481384 0.4784245193004608 -0.12066265940666199 1.0 0.75 0.0
v 0.5874887108802795 0.48577985167503357 -0.024123746901750565 1.0 0.75 0.0
v 0.463367223739624 0.5124430060386658 0.04667145758867264 1.0 0.75 0.0
v 0.517612874507904 0.30281561613082886 -0.007574219256639481 1.0 0.75 0.0
v 0.5553090572357178 0.27799132466316223 -0.025043165311217308 1.0 0.75 0.0
v 0.3769419193267822 0.31568747758865356 0.07241516560316086 1.0 0.75 0.0
v 0.5865692496299744 0.33223700523376465 -0.04435094818472862 1.0 0.75 0.0
v 0.4100409746170044 0.40211278200149536 0.06965690851211548 1.0 0.75 0.0
v 0.4413011968135834 0.597029447555542 0.06965690851211548 1.0 0.75 0.0
v 0.6932218074798584 0.41590407490730286 -0.09216069430112839 1.0 0.75 0.0
v 0.6739140152931213 0.4683108925819397 -0.07377233356237411 1.0 0.75 0.0
v 0.5111770033836365 0.6236925721168518 0.03379959985613823 1.0 0.75 0.0
v 0.45785072445869446 0.4692303240299225 0.051268547773361206 1.0 0.75 0.0
v 0.6463314294815063 0.5979488492012024 -0.047109201550483704 1.0 0.75 0.0
v 0.7594199180603027 0.5666886568069458 -0.1179044097661972 1.0 0.75 0.0
v 0.585649847984314 0.5722051858901978 -0.012171310372650623 1.0 0.75 0.0
v 0.5350818634033203 0.4793439209461212 0.0025393811520189047 1.0 0.75 0.0
v 0.33189043402671814 0.2825884222984314 0.09632004052400589 1.0 0.75 0.0
v 0.41647690534591675 0.2559252977371216 0.04483262076973915 1.0 0.75 0.0
v 0.46060895919799805 0.34327003359794617 0.024605419486761093 1.0 0.75 0.0
v 0.38613608479499817 0.6374838352203369 0.11103073507547379 1.0 0.75 0.0
v 0.5350818634033203 0.5722051858901978 0.009894726797938347 1.0 0.75 0.0
v 0.47256141901016235 0.2687971591949463 0.016330653801560402 1.0 0.75 0.0
v 0.7704529166221619 0.43521183729171753 -0.12893742322921753 1.0 0.75 0.0
v 0.47715848684310913 0.5813993215560913 0.0521879643201828 1.0 0.75 0.0
v 0.3392457664012909 0.4545196294784546 0.11470840126276016 1.0 0.75 0.0
v 0.43394583463668823 0.4995711147785187 0.0659792423248291 1.0 0.75 0.0
v 0.31626030802726746 0.23018158972263336 0.10091713070869446 1.0 0.75 0.0
v 0.6352984309196472 0.4554390609264374 -0.0618198961019516 1.0 0.75 0.0
v 0.6638004183769226 0.3855632543563843 -0.07836942374706268 1.0 0.75 0.0
v 0.491869181394577 0.3276399075984955 0.01449181791394949 1.0 0.75 0.0
v 0.5130158066749573 0.3644166588783264 -0.00021887347975280136 1.0 0.75 0.0
v 0.5764556527137756 0.6080624461174011 -0.007574219256639481 1.0 0.75 0.0
v 0.5976023077964783 0.5418643355369568 -0.026882002130150795 1.0 0.75 0.0
v 0.33189043402671814 0.1676611453294754 0.0806899294257164 1.0 0.75 0.0
v 0.34292343258857727 0.4131458103656769 0.10183654725551605 1.0 0.75 0.0
v 0.6978188753128052 0.5501391291618347 -0.07745000720024109 1.0 0.75 0.0
v 0.45785072445869446 0.38832151889801025 0.03471902012825012 1.0 0.75 0.0
v 0.4247516691684723 0.4278565049171448 0.05310738459229469 1.0 0.75 0.0
v 0.8072296380996704 0.5262342691421509 -0.1482452005147934 1.0 0.75 0.0
v 0.3521176278591156 0.3552224636077881 0.09907829761505127 1.0 0.75 0.0
v 0.491869181394577 0.5216371417045593 0.03196076303720474 1.0 0.75 0.0
v 0.42842933535575867 0.3349952697753906 0.04391320049762726 1.0 0.75 0.0
v 0.7235625982284546 0.5050876140594482 -0.1041131317615509 1.0 0.75 0.0
v 0.3769419193267822 0.5483002662658691 0.09815887361764908 1.0 0.75 0.0
v 0.6527673602104187 0.5234760046005249 -0.06457814574241638 1.0 0.75 0.0
v 0.44405943155288696 0.2825884222984314 0.04115494713187218 1.0 0.75 0.0
v 0.2666117250919342 0.11249605566263199 0.12022491544485092 1.0 0.75 0.0
v 0.6095547080039978 0.4683108925819397 -0.04159269481897354 1.0 0.75 0.0
v 0.6113935708999634 0.5050876140594482 -0.034237347543239594 1.0 0.75 0.0
v 0.3548758625984192 0.19248543679714203 0.07333458214998245 1.0 0.75 0.0
v 0.36039239168167114 0.5703663229942322 0.11562782526016235 1.0 0.75 0.0
v 0.5654226541519165 0.36257779598236084 -0.026882002130150795 1.0 0.75 0.0
v 0.5626643896102905 0.3092515468597412 -0.02596258372068405 1.0 0.75 0.0
v 0.41555747389793396 0.22282624244689941 0.04391320049762726 1.0 0.75 0.0
v 0.48727211356163025 0.4214205741882324 0.021847164258360863 1.0 0.75 0.0
v 0.3944108486175537 0.341431200504303 0.0659792423248291 1.0 0.75 0.0
v 0.6150712370872498 0.33407583832740784 -0.0618198961019516 1.0 0.75 0.0
v 0.5084187388420105 0.5887547135353088 0.02920250967144966 1.0 0.75 0.0
v 0.30338844656944275 0.15938638150691986 0.10735306143760681 1.0 0.75 0.0
v 0.7401121258735657 0.44624486565589905 -0.1188238263130188 1.0 0.75 0.0
v 0.45693129301071167 0.5574944615364075 0.0521879643201828 1.0 0.75 0.0
v 0.4422205984592438 0.6282896995544434 0.07057633250951767 1.0 0.75 0.0
v 0.5120964050292969 0.45911672711372375 0.008975308388471603 1.0 0.75 0.0
v 0.37418365478515625 0.22926217317581177 0.0659792423248291 1.0 0.75 0.0
v 0.39992737770080566 0.4388895332813263 0.06873749196529388 1.0 0.75 0.0
v 0.29603311419487 0.1262873262166977 0.10643363744020462 1.0 0.75 0.0
v 0.3401651978492737 0.2522476315498352 0.08804527670145035 1.0 0.75 0.0
v 0.6996577382087708 0.49037694931030273 -0.0912412777543068 1.0 0.75 0.0
v 0.6251848340034485 0.5326701998710632 -0.04435094818472862 1.0 0.75 0.0
v 0.4082021415233612 0.5979488492012024 0.08620643615722656 1.0 0.75 0.0
v 0.6288625001907349 0.3938380181789398 -0.05998105928301811 1.0 0.75 0.0
v 0.525887668132782 0.27431365847587585 -0.01768781989812851 1.0 0.75 0.0
v 0.6288625001907349 0.5740439891815186 -0.03239851072430611 1.0 0.75 0.0
v 0.585649847984314 0.4094681441783905 -0.03239851072430611 1.0 0.75 0.0
v 0.7520645260810852 0.5078458786010742 -0.11330731213092804 1.0 0.75 0.0
v 0.3769419193267822 0.4563584625720978 0.08896469324827194 1.0 0.75 0.0
v 0.4799167513847351 0.4499225318431854 0.03196076303720474 1.0 0.75 0.0
v 0.497385710477829 0.2835078537464142 0.0016199629753828049 1.0 0.75 0.0
v 0.6858664155006409 0.44440603256225586 -0.08572477102279663 1.0 0.75 0.0
v 0.607715904712677 0.36165839433670044 -0.055383965373039246 1.0 0.75 0.0
v 0.3125826418399811 0.3405117690563202 0.11930549889802933 1.0 0.75 0.0
v 0.4082021415233612 0.18513008952140808 0.04391320049762726 1.0 0.75 0.0
v 0.5691003203392029 0.5096847414970398 -0.016768401488661766 1.0 0.75 0.0
v 0.3521176278591156 0.5069264769554138 0.1082724779844284 1.0 0.75 0.0
v 0.29143601655960083 0.21271264553070068 0.11470840126276016 1.0 0.75 0.0
v 0.6270236968994141 0.4223400056362152 -0.060900475829839706 1.0 0.75 0.0
v 0.5277265310287476 0.398435115814209 -0.006654800847172737 1.0 0.75 0.0
v 0.36039239168167114 0.38740208745002747 0.09723945707082748 1.0 0.75 0.0
v 0.7722917795181274 0.4793439209461212 -0.1344539374113083 1.0 0.75 0.0
v 0.7345955967903137 0.5777216553688049 -0.10962964594364166 1.0 0.75 0.0
v 0.41371864080429077 0.5225566029548645 0.07149574905633926 1.0 0.75 0.0
v 0.6693168878555298 0.5556556582450867 -0.06365872919559479 1.0 0.75 0.0
v 0.40176621079444885 0.5556556582450867 0.08804527670145035 1.0 0.75 0.0
v 0.43026816844940186 0.46187499165534973 0.055865637958049774 1.0 0.75 0.0
v 0.3787807524204254 0.40119338035583496 0.0806899294257164 1.0 0.75 0.0
v 0.45968955755233765 0.21639031171798706 0.011733563616871834 1.0 0.75 0.0
v 0.3916526138782501 0.2963796854019165 0.05954331159591675 1.0 0.75 0.0
v 0.40176621079444885 0.369933158159256 0.06965690851211548 1.0 0.75 0.0
v 0.38521668314933777 0.48669928312301636 0.09080353379249573 1.0 0.75 0.0
v 0.33280983567237854 0.19984078407287598 0.09172295033931732 1.0 0.75 0.0
v 0.4909497797489166 0.6034653782844543 0.04667145758867264 1.0 0.75 0.0
v 0.4385429322719574 0.4002739489078522 0.048510290682315826 1.0 0.75 0.0
v 0.3971691131591797 0.2384563535451889 0.05494622141122818 1.0 0.75 0.0
v 0.7640169858932495 0.5299119353294373 -0.12158207595348358 1.0 0.75 0.0
v 0.35763412714004517 0.2697165608406067 0.07885109633207321 1.0 0.75 0.0
v 0.7051742076873779 0.5804799199104309 -0.0894024446606636 1.0 0.75 0.0
v 0.5350818634033203 0.369933158159256 -0.013090728782117367 1.0 0.75 0.0
v 0.3686671555042267 0.3405117690563202 0.08528701961040497 1.0 0.75 0.0
v 0.6435732245445251 0.3368341028690338 -0.07836942374706268 1.0 0.75 0.0
v 0.38613608479499817 0.6071430444717407 0.10091713070869446 1.0 0.75 0.0
v 0.5295653343200684 0.5418643355369568 0.019088909029960632 1.0 0.75 0.0
v 0.33464866876602173 0.3809661865234375 0.09999771416187286 1.0 0.75 0.0
v 0.47440025210380554 0.5354284644126892 0.04667145758867264 1.0 0.75 0.0
v 0.778727650642395 0.5501391291618347 -0.12250149995088577 1.0 0.75 0.0
v 0.5645032525062561 0.48577985167503357 -0.01125189196318388 1.0 0.75 0.0
v 0.7152878046035767 0.42969533801078796 -0.1050325483083725 1.0 0.75 0.0
v 0.5635837912559509 0.4214205741882324 -0.02596258372068405 1.0 0.75 0.0
v 0.5718585848808289 0.38924095034599304 -0.03147909417748451 1.0 0.75 0.0
v 0.30063021183013916 0.24765053391456604 0.11378898471593857 1.0 0.75 0.0
v 0.4100409746170044 0.4986517131328583 0.07517342269420624 1.0 0.75 0.0
v 0.3282127380371094 0.40303221344947815 0.11838607490062714 1.0 0.75 0.0
v 0.5415177941322327 0.5069264769554138 -0.002057709963992238 1.0 0.75 0.0
v 0.5700197219848633 0.338672935962677 -0.02780142053961754 1.0 0.75 0.0
v 0.35855355858802795 0.3064933121204376 0.08528701961040497 1.0 0.75 0.0
v 0.5553090572357178 0.5648497939109802 -0.0011382916709408164 1.0 0.75 0.0
v 0.327293336391449 0.426937073469162 0.11378898471593857 1.0 0.75 0.0
v 0.5111770033836365 0.33131760358810425 0.0007005447405390441 1.0 0.75 0.0
v 0.5847304463386536 0.4508419632911682 -0.033317930996418 1.0 0.75 0.0
v 0.6058770418167114 0.4131458103656769 -0.04435094818472862 1.0 0.75 0.0
v 0.6058770418167114 0.5758828520774841 -0.026882002130150795 1.0 0.75 0.0
v 0.384297251701355 0.17317765951156616 0.061382148414850235 1.0 0.75 0.0
v 0.5847304463386536 0.3708525598049164 -0.03883443772792816 1.0 0.75 0.0
v 0.43026816844940186 0.19892136752605438 0.030121928080916405 1.0 0.75 0.0
v 0.4367040991783142 0.30465444922447205 0.0374772734940052 1.0 0.75 0.0
v 0.6693168878555298 0.5878352522850037 -0.0618198961019516 1.0 0.75 0.0
v 0.5405983328819275 0.3129292130470276 -0.019526656717061996 1.0 0.75 0.0
v 0.4422205984592438 0.5326701998710632 0.0659792423248291 1.0 0.75 0.0
v 0.47164198756217957 0.4821021854877472 0.038396693766117096 1.0 0.75 0.0
v 0.4789973497390747 0.22834274172782898 0.008055890910327435 1.0 0.75 0.0
v 0.4201545715332031 0.5804799199104309 0.07793167233467102 1.0 0.75 0.0
v 0.31809914112091064 0.31476807594299316 0.1082724779844284 1.0 0.75 0.0
v 0.3236156702041626 0.26052239537239075 0.10091713070869446 1.0 0.75 0.0
v 0.5893275141716003 0.5078458786010742 -0.02780142053961754 1.0 0.75 0.0
v 0.7915995121002197 0.47658565640449524 -0.1454869508743286 1.0 0.75 0.0
v 0.6656392216682434 0.48853811621665955 -0.06917524337768555 1.0 0.75 0.0
v 0.34568169713020325 0.43521183729171753 0.09999771416187286 1.0 0.75 0.0
v 0.6573644876480103 0.4545196294784546 -0.06825581938028336 1.0 0.75 0.0
v 0.5047410726547241 0.44256719946861267 0.021847164258360863 1.0 0.75 0.0
v 0.4845138490200043 0.2531670331954956 0.006217054091393948 1.0 0.75 0.0
v 0.4100409746170044 0.27523308992385864 0.05310738459229469 1.0 0.75 0.0
v 0.5654226541519165 0.5905935168266296 -0.00021887347975280136 1.0 0.75 0.0
v 0.7327567934989929 0.4637138247489929 -0.10779080539941788 1.0 0.75 0.0
v 0.6932218074798584 0.3929186165332794 -0.09216069430112839 1.0 0.75 0.0
v 0.6224265694618225 0.5538167953491211 -0.04067327454686165 1.0 0.75 0.0
v 0.5323235988616943 0.45727789402008057 0.0016199629753828049 1.0 0.75 0.0
v 0.503821611404419 0.3828050196170807 0.008975308388471603 1.0 0.75 0.0
v 0.5304847359657288 0.43337300419807434 -0.0038965463172644377 1.0 0.75 0.0
v 0.4495759606361389 0.3543030321598053 0.03931611031293869 1.0 0.75 0.0
v 0.6573644876480103 0.3653360605239868 -0.08112768083810806 1.0 0.75 0.0
v 0.7557422518730164 0.41406524181365967 -0.13077625632286072 1.0 0.75 0.0
v 0.525887668132782 0.6108207106590271 0.025524836033582687 1.0 0.75 0.0
v 0.6996577382087708 0.5317507386207581 -0.08756360411643982 1.0 0.75 0.0
v 0.580133318901062 0.5483002662658691 -0.01401014719158411 1.0 0.75 0.0
v 0.3263739049434662 0.3497059643268585 0.10643363744020462 1.0 0.75 0.0
v 0.6067964434623718 0.3129292130470276 -0.05722280219197273 1.0 0.75 0.0
v 0.434865266084671 0.24673111736774445 0.04115494713187218 1.0 0.75 0.0
v 0.47164198756217957 0.40395161509513855 0.035638436675071716 1.0 0.75 0.0
v 0.3659088909626007 0.2099543809890747 0.07149574905633926 1.0 0.75 0.0
v 0.6693168878555298 0.5087652802467346 -0.07101407647132874 1.0 0.75 0.0
v 0.3070661425590515 0.1409980207681656 0.09723945707082748 1.0 0.75 0.0
v 0.7529839873313904 0.540025532245636 -0.10779080539941788 1.0 0.75 0.0
v 0.7833247780799866 0.4407283663749695 -0.14364811778068542 1.0 0.75 0.0
v 0.3990079462528229 0.41866230964660645 0.07333458214998245 1.0 0.75 0.0
v 0.3677477240562439 0.5133624076843262 0.09723945707082748 1.0 0.75 0.0
v 0.7998743057250977 0.5078458786010742 -0.1454869508743286 1.0 0.75 0.0
v 0.3116632103919983 0.2798301577568054 0.11378898471593857 1.0 0.75 0.0
v 0.4964662790298462 0.502329409122467 0.030121928080916405 1.0 0.75 0.0
v 0.44681769609451294 0.2099543809890747 0.02920250967144966 1.0 0.75 0.0
v 0.5295653343200684 0.3497059643268585 -0.007574219256639481 1.0 0.75 0.0
v 0.5966828465461731 0.3543030321598053 -0.04067327454686165 1.0 0.75 0.0
v 0.5130158066749573 0.47658565640449524 0.01816949062049389 1.0 0.75 0.0
v 0.7208043336868286 0.4094681441783905 -0.10227429866790771 1.0 0.75 0.0
v 0.44314002990722656 0.48945751786231995 0.0521879643201828 1.0 0.75 0.0
v 0.4799167513847351 0.34327003359794617 0.02368600107729435 1.0 0.75 0.0
v 0.4550924599170685 0.5758828520774841 0.05770447477698326 1.0 0.75 0.0
v 0.3511981964111328 0.335914671421051 0.09172295033931732 1.0 0.75 0.0
v 0.40084677934646606 0.3129292130470276 0.06230156496167183 1.0 0.75 0.0
v 0.41831573843955994 0.43429243564605713 0.07057633250951767 1.0 0.75 0.0
v 0.43210700154304504 0.5685275197029114 0.0668986588716507 1.0 0.75 0.0
v 0.37142542004585266 0.6135789752006531 0.11103073507547379 1.0 0.75 0.0
v 0.45877012610435486 0.6007071137428284 0.06322098523378372 1.0 0.75 0.0
v 0.37418365478515625 0.24765053391456604 0.07057633250951767 1.0 0.75 0.0
v 0.7290790677070618 0.44256719946861267 -0.10319371521472931 1.0 0.75 0.0
v 0.7180460691452026 0.5216371417045593 -0.09675778448581696 1.0 0.75 0.0
v 0.4927886128425598 0.40487104654312134 0.01449181791394949 1.0 0.75 0.0
v 0.604957640171051 0.48577985167503357 -0.03607618436217308 1.0 0.75 0.0
v 0.5562284588813782 0.3782079219818115 -0.022284910082817078 1.0 0.75 0.0
v 0.5470342636108398 0.41866230964660645 -0.010332473553717136 1.0 0.75 0.0
v 0.31534090638160706 0.17041939496994019 0.09815887361764908 1.0 0.75 0.0
v 0.7419509291648865 0.5547361969947815 -0.1050325483083725 1.0 0.75 0.0
v 0.4504953622817993 0.4370507001876831 0.05034912750124931 1.0 0.75 0.0
v 0.44314002990722656 0.3809661865234375 0.042993783950805664 1.0 0.75 0.0
v 0.3539564609527588 0.17501649260520935 0.07885109633207321 1.0 0.75 0.0
v 0.36039239168167114 0.53726726770401 0.11470840126276016 1.0 0.75 0.0
v 0.4523341953754425 0.31476807594299316 0.03655785694718361 1.0 0.75 0.0
v 0.6601227521896362 0.4085487127304077 -0.07469175010919571 1.0 0.75 0.0
v 0.6500091552734375 0.4848604202270508 -0.05722280219197273 1.0 0.75 0.0
v 0.809068500995636 0.5437031984329224 -0.14456753432750702 1.0 0.75 0.0
v 0.5157740712165833 0.5556556582450867 0.024605419486761093 1.0 0.75 0.0
v 0.517612874507904 0.5014099478721619 0.01081414520740509 1.0 0.75 0.0
v 0.7299985289573669 0.48853811621665955 -0.1050325483083725 1.0 0.75 0.0
v 0.5488731265068054 0.477505087852478 -0.009413056075572968 1.0 0.75 0.0
v 0.44865652918815613 0.5234760046005249 0.0521879643201828 1.0 0.75 0.0
v 0.6215071678161621 0.4554390609264374 -0.04435094818472862 1.0 0.75 0.0
v 0.3705059885978699 0.5308313369750977 0.09907829761505127 1.0 0.75 0.0
v 0.3990079462528229 0.5804799199104309 0.08712586015462875 1.0 0.75 0.0
v 0.5488731265068054 0.5225566029548645 0.0016199629753828049 1.0 0.75 0.0
v 0.49003034830093384 0.3110903799533844 0.008975308388471603 1.0 0.75 0.0
v 0.3061467111110687 0.20811554789543152 0.10643363744020462 1.0 0.75 0.0
v 0.7888413071632385 0.5464614629745483 -0.13629277050495148 1.0 0.75 0.0
v 0.34476226568222046 0.4710691571235657 0.11562782526016235 1.0 0.75 0.0
v 0.47623908519744873 0.2844272553920746 0.009894726797938347 1.0 0.75 0.0
v 0.7879218459129333 0.4968128800392151 -0.1335345208644867 1.0 0.75 0.0
v 0.6739140152931213 0.43245360255241394 -0.08296651393175125 1.0 0.75 0.0
v 0.41923514008522034 0.341431200504303 0.05678505823016167 1.0 0.75 0.0
v 0.34568169713020325 0.23661750555038452 0.09172295033931732 1.0 0.75 0.0
v 0.2831612527370453 0.17869415879249573 0.11470840126276016 1.0 0.75 0.0
v 0.34568169713020325 0.14283685386180878 0.0797705128788948 1.0 0.75 0.0
v 0.47348082065582275 0.6062236428260803 0.05034912750124931 1.0 0.75 0.0
v 0.6371372938156128 0.5207177400588989 -0.04527036473155022 1.0 0.75 0.0
v 0.6812693476676941 0.4839410185813904 -0.07377233356237411 1.0 0.75 0.0
v 0.47440025210380554 0.4986517131328583 0.040235526859760284 1.0 0.75 0.0
v 0.4799167513847351 0.5676080584526062 0.042993783950805664 1.0 0.75 0.0
v 0.355795294046402 0.24948936700820923 0.08252876996994019 1.0 0.75 0.0
v 0.45601189136505127 0.5409449338912964 0.05494622141122818 1.0 0.75 0.0
v 0.38981378078460693 0.18880777060985565 0.05678505823016167 1.0 0.75 0.0
v 0.3686671555042267 0.5657692551612854 0.10183654725551605 1.0 0.75 0.0
v 0.6729945540428162 0.4499225318431854 -0.07193349301815033 1.0 0.75 0.0
v 0.545195460319519 0.4407283663749695 -0.006654800847172737 1.0 0.75 0.0
v 0.5387595295906067 0.38648268580436707 -0.010332473553717136 1.0 0.75 0.0
v 0.661961555480957 0.53726726770401 -0.0627393126487732 1.0 0.75 0.0
v 0.5782945156097412 0.5234760046005249 -0.01768781989812851 1.0 0.75 0.0
v 0.6821887493133545 0.5758828520774841 -0.06825581938028336 1.0 0.75 0.0
v 0.6831082105636597 0.5565750598907471 -0.07285290956497192 1.0 0.75 0.0
v 0.5755362510681152 0.3230428397655487 -0.03607618436217308 1.0 0.75 0.0
v 0.4642866551876068 0.278910756111145 0.02644425444304943 1.0 0.75 0.0
v 0.4532536268234253 0.37177199125289917 0.03379959985613823 1.0 0.75 0.0
v 0.4367040991783142 0.5170400738716125 0.061382148414850235 1.0 0.75 0.0
v 0.3787807524204254 0.27523308992385864 0.07517342269420624 1.0 0.75 0.0
v 0.6040382385253906 0.3349952697753906 -0.04986745864152908 1.0 0.75 0.0
v 0.4201545715332031 0.2384563535451889 0.04391320049762726 1.0 0.75 0.0
v 0.5139352083206177 0.28718551993370056 -0.0048159644939005375 1.0 0.75 0.0
v 0.6546062231063843 0.5676080584526062 -0.05354513227939606 1.0 0.75 0.0
v 0.33464866876602173 0.3993545472621918 0.10367538779973984 1.0 0.75 0.0
v 0.3539564609527588 0.4057904779911041 0.09264236688613892 1.0 0.75 0.0
v 0.64265376329422 0.3929186165332794 -0.06825581938028336 1.0 0.75 0.0
v 0.6031187772750854 0.6062236428260803 -0.033317930996418 1.0 0.75 0.0
v 0.3833778500556946 0.5087652802467346 0.08712586015462875 1.0 0.75 0.0
v 0.778727650642395 0.534509003162384 -0.12617917358875275 1.0 0.75 0.0
v 0.6288625001907349 0.4848604202270508 -0.047109201550483704 1.0 0.75 0.0
v 0.7097713351249695 0.5528973937034607 -0.08756360411643982 1.0 0.75 0.0
v 0.36315062642097473 0.46095556020736694 0.0954006239771843 1.0 0.75 0.0
v 0.321776807308197 0.18696892261505127 0.09264236688613892 1.0 0.75 0.0
v 0.5323235988616943 0.31936514377593994 -0.007574219256639481 1.0 0.75 0.0
v 0.5939246416091919 0.30373504757881165 -0.05630338564515114 1.0 0.75 0.0
v 0.39992737770080566 0.32855933904647827 0.058623891323804855 1.0 0.75 0.0
v 0.5920857787132263 0.4223400056362152 -0.03883443772792816 1.0 0.75 0.0
v 0.3925720155239105 0.5354284644126892 0.08528701961040497 1.0 0.75 0.0
v 0.7612587213516235 0.4710691571235657 -0.12250149995088577 1.0 0.75 0.0
v 0.34568169713020325 0.2862660884857178 0.08988410979509354 1.0 0.75 0.0
v 0.45601189136505127 0.24397285282611847 0.02644425444304943 1.0 0.75 0.0
v 0.39073318243026733 0.4536002278327942 0.08252876996994019 1.0 0.75 0.0
v 0.3916526138782501 0.4793439209461212 0.07885109633207321 1.0 0.75 0.0
v 0.6196683049201965 0.5391061305999756 -0.03147909417748451 1.0 0.75 0.0
v 0.6159906387329102 0.34878653287887573 -0.05630338564515114 1.0 0.75 0.0
v 0.3916526138782501 0.4057904779911041 0.06965690851211548 1.0 0.75 0.0
v 0.746548056602478 0.41958174109458923 -0.1179044097661972 1.0 0.75 0.0
v 0.437623530626297 0.2697165608406067 0.03655785694718361 1.0 0.75 0.0
v 0.4652060568332672 0.5905935168266296 0.05310738459229469 1.0 0.75 0.0
v 0.6251848340034485 0.3248816728591919 -0.06825581938028336 1.0 0.75 0.0
v 0.6481702923774719 0.3497059643268585 -0.07193349301815033 1.0 0.75 0.0
v 0.5736973881721497 0.44624486565589905 -0.024123746901750565 1.0 0.75 0.0
v 0.48911094665527344 0.5483002662658691 0.03471902012825012 1.0 0.75 0.0
v 0.40544387698173523 0.6347256302833557 0.09723945707082748 1.0 0.75 0.0
v 0.4624478220939636 0.44256719946861267 0.042993783950805664 1.0 0.75 0.0
v 0.7042548060417175 0.44808369874954224 -0.09216069430112839 1.0 0.75 0.0
v 0.6757528185844421 -0.16976533830165863 0.027363672852516174 0.5 1.0 0.0
v 0.5047410726547241 -0.01438366249203682 0.0954006239771843 0.5 1.0 0.0
v 0.6325401663780212 -0.3628431558609009 -0.09767720848321915 0.5 1.0 0.0
v 0.5240488052368164 -0.16700708866119385 0.009894726797938347 0.5 1.0 0.0
v 0.6665586829185486 -0.025416681542992592 0.1101113110780716 0.5 1.0 0.0
v 0.6067964434623718 -0.2580294907093048 -0.03239851072430611 0.5 1.0 0.0
v 0.37142542004585266 -0.005189480725675821 0.08252876996994019 0.5 1.0 0.0
v 0.5976023077964783 -0.1026478111743927 0.05494622141122818 0.5 1.0 0.0
v 0.4624478220939636 -0.09621188789606094 0.04667145758867264 0.5 1.0 0.0
v 0.5047410726547241 -0.24056054651737213 -0.035156767815351486 0.5 1.0 0.0
v 0.6831082105636597 -0.09345363080501556 0.07057633250951767 0.5 1.0 0.0
v 0.5939246416091919 -0.19458962976932526 0.008055890910327435 0.5 1.0 0.0
v 0.5810527801513672 -0.04380504786968231 0.09080353379249573 0.5 1.0 0.0
v 0.40360504388809204 -0.060354575514793396 0.05310738459229469 0.5 1.0 0.0
v 0.6509285569190979 -0.3049198091030121 -0.05630338564515114 0.5 1.0 0.0
v 0.5295653343200684 -0.09529246389865875 0.05310738459229469 0.5 1.0 0.0
v 0.437623530626297 -0.016222499310970306 0.08620643615722656 0.5 1.0 0.0
v 0.5884081125259399 -0.32422760128974915 -0.07285290956497192 0.5 1.0 0.0
v 0.6536868214607239 -0.2175750881433487 -0.0048159644939005375 0.5 1.0 0.0
v 0.4422205984592438 -0.1440216302871704 0.012652982026338577 0.5 1.0 0.0
v 0.5497925281524658 -0.2727401852607727 -0.047109201550483704 0.5 1.0 0.0
v 0.6352984309196472 -0.06679049879312515 0.0797705128788948 0.5 1.0 0.0
v 0.47440025210380554 -0.18447603285312653 -0.005735382903367281 0.5 1.0 0.0
v 0.5589867234230042 -0.13482744991779327 0.03379959985613823 0.5 1.0 0.0
v 0.6325401663780212 -0.13758569955825806 0.0374772734940052 0.5 1.0 0.0
v 0.47440025210380554 -0.04840213805437088 0.07425400614738464 0.5 1.0 0.0
v 0.5369206666946411 -0.21021974086761475 -0.013090728782117367 0.5 1.0 0.0
v 0.33189043402671814 0.020554229617118835 0.09356178343296051 0.5 1.0 0.0
v 0.48727211356163025 -0.13390803337097168 0.025524836033582687 0.5 1.0 0.0
v 0.661961555480957 -0.2589489221572876 -0.026882002130150795 0.5 1.0 0.0
v 0.5470342636108398 0.010440628975629807 0.11286956816911697 0.5 1.0 0.0
v 0.39992737770080566 0.03250666707754135 0.11195015162229538 0.5 1.0 0.0
v 0.324535071849823 0.05733095854520798 0.11838607490062714 0.5 1.0 0.0
v 0.6040382385253906 -0.012544826604425907 0.11103073507547379 0.5 1.0 0.0
v 0.3263739049434662 -0.018980754539370537 0.06873749196529388 0.5 1.0 0.0
v 0.5755362510681152 -0.231366366147995 -0.01768781989812851 0.5 1.0 0.0
v 0.4072827100753784 -0.09805072098970413 0.03471902012825012 0.5 1.0 0.0
v 0.5148546695709229 -0.05851573869585991 0.06873749196529388 0.5 1.0 0.0
v 0.6978188753128052 -0.05024097487330437 0.09723945707082748 0.5 1.0 0.0
v 0.2923554480075836 0.03802317753434181 0.09723945707082748 0.5 1.0 0.0
v 0.6463314294815063 -0.1017283946275711 0.06046272814273834 0.5 1.0 0.0
v 0.6270236968994141 -0.398700475692749 -0.11146847903728485 0.5 1.0 0.0
v 0.6785110831260681 -0.12563326954841614 0.04942971095442772 0.5 1.0 0.0
v 0.6261042356491089 -0.3334217965602875 -0.0765305832028389 0.5 1.0 0.0
v 0.5681809186935425 -0.07138759642839432 0.07057633250951767 0.5 1.0 0.0
v 0.6270236968994141 -0.18079836666584015 0.013572399504482746 0.5 1.0 0.0
v 0.4394623637199402 -0.052079811692237854 0.0659792423248291 0.5 1.0 0.0
v 0.3640700578689575 -0.03736911714076996 0.06873749196529388 0.5 1.0 0.0
v 0.5893275141716003 -0.15229639410972595 0.027363672852516174 0.5 1.0 0.0
v 0.4514147937297821 0.01136004738509655 0.10459480434656143 0.5 1.0 0.0
v 0.5893275141716003 -0.2846926152706146 -0.047109201550483704 0.5 1.0 0.0
v 0.5626643896102905 -0.17895951867103577 0.008975308388471603 0.5 1.0 0.0
v 0.6150712370872498 -0.2286081165075302 -0.015848983079195023 0.5 1.0 0.0
v 0.5341624021530151 -0.03553028032183647 0.08620643615722656 0.5 1.0 0.0
v 0.5580673217773438 -0.33893829584121704 -0.07928884029388428 0.5 1.0 0.0
v 0.6371372938156128 -0.27825668454170227 -0.04067327454686165 0.5 1.0 0.0
v 0.6334596276283264 -0.03736911714076996 0.09632004052400589 0.5 1.0 0.0
v 0.48911094665527344 -0.2148168385028839 -0.02044607512652874 0.5 1.0 0.0
v 0.6003605723381042 -0.370198518037796 -0.09951604157686234 0.5 1.0 0.0
v 0.434865266084671 -0.11551966518163681 0.027363672852516174 0.5 1.0 0.0
v 0.3677477240562439 0.03250666707754135 0.10643363744020462 0.5 1.0 0.0
v 0.5019828081130981 -0.10816432535648346 0.04207436367869377 0.5 1.0 0.0
v 0.5212906002998352 -0.2994033098220825 -0.0618198961019516 0.5 1.0 0.0
v 0.5442760586738586 -0.23780229687690735 -0.02596258372068405 0.5 1.0 0.0
v 0.6610421538352966 -0.052079811692237854 0.0954006239771843 0.5 1.0 0.0
v 0.639895498752594 -0.01070598978549242 0.11930549889802933 0.5 1.0 0.0
v 0.517612874507904 -0.1320692002773285 0.030121928080916405 0.5 1.0 0.0
v 0.4688837230205536 -0.1587323248386383 0.009894726797938347 0.5 1.0 0.0
v 0.5543896555900574 -0.016222499310970306 0.09999771416187286 0.5 1.0 0.0
v 0.4082021415233612 -0.009786571376025677 0.08528701961040497 0.5 1.0 0.0
v 0.6040382385253906 -0.12931093573570251 0.04207436367869377 0.5 1.0 0.0
v 0.4817555844783783 0.003085283562541008 0.10091713070869446 0.5 1.0 0.0
v 0.5148546695709229 0.006762956269085407 0.11286956816911697 0.5 1.0 0.0
v 0.5139352083206177 -0.19183138012886047 -0.0011382916709408164 0.5 1.0 0.0
v 0.37510308623313904 -0.06403224915266037 0.04942971095442772 0.5 1.0 0.0
v 0.5736973881721497 0.0012464469764381647 0.11654724180698395 0.5 1.0 0.0
v 0.6113935708999634 -0.4170888364315033 -0.12801800668239594 0.5 1.0 0.0
v 0.5691003203392029 -0.2037838101387024 -0.002977128140628338 0.5 1.0 0.0
v 0.501063346862793 -0.08058177679777145 0.05770447477698326 0.5 1.0 0.0
v 0.41555747389793396 -0.03736911714076996 0.06781807541847229 0.5 1.0 0.0
v 0.45785072445869446 -0.2037838101387024 -0.01768781989812851 0.5 1.0 0.0
v 0.6205877661705017 -0.2037838101387024 -0.0011382916709408164 0.5 1.0 0.0
v 0.5525507926940918 -0.2984839081764221 -0.05722280219197273 0.5 1.0 0.0
v 0.4964662790298462 -0.16608767211437225 0.009894726797938347 0.5 1.0 0.0
v 0.4367040991783142 -0.0732264295220375 0.048510290682315826 0.5 1.0 0.0
v 0.6187489032745361 -0.08517886698246002 0.06781807541847229 0.5 1.0 0.0
v 0.3944108486175537 0.01136004738509655 0.0954006239771843 0.5 1.0 0.0
v 0.6500091552734375 -0.19367021322250366 0.009894726797938347 0.5 1.0 0.0
v 0.6058770418167114 -0.03369144722819328 0.0954006239771843 0.5 1.0 0.0
v 0.3493593633174896 0.04997561126947403 0.11562782526016235 0.5 1.0 0.0
v 0.5681809186935425 -0.11460024863481522 0.045752037316560745 0.5 1.0 0.0
v 0.44865652918815613 -0.16884592175483704 -0.0011382916709408164 0.5 1.0 0.0
v 0.4109603762626648 -0.12103617936372757 0.021847164258360863 0.5 1.0 0.0
v 0.4624478220939636 -0.012544826604425907 0.08712586015462875 0.5 1.0 0.0
v 0.4817555844783783 -0.24883531033992767 -0.04067327454686165 0.5 1.0 0.0
v 0.5249682664871216 -0.2727401852607727 -0.04435094818472862 0.5 1.0 0.0
v 0.547953724861145 -0.054838065057992935 0.07885109633207321 0.5 1.0 0.0
v 0.6224265694618225 -0.11551966518163681 0.05034912750124931 0.5 1.0 0.0
v 0.42842933535575867 0.026070738211274147 0.10735306143760681 0.5 1.0 0.0
v 0.6123129725456238 -0.0594351552426815 0.081609345972538 0.5 1.0 0.0
v 0.4983051121234894 -0.26906251907348633 -0.04618978500366211 0.5 1.0 0.0
v 0.582891583442688 -0.2589489221572876 -0.033317930996418 0.5 1.0 0.0
v 0.384297251701355 -0.09988955408334732 0.027363672852516174 0.5 1.0 0.0
v 0.3125826418399811 0.007682374678552151 0.08804527670145035 0.5 1.0 0.0
v 0.6739140152931213 -0.21021974086761475 0.005297635681927204 0.5 1.0 0.0
v 0.5911663770675659 -0.07690410315990448 0.07241516560316086 0.5 1.0 0.0
v 0.5736973881721497 -0.09161479026079178 0.05954331159591675 0.5 1.0 0.0
v 0.47440025210380554 -0.07782351970672607 0.05494622141122818 0.5 1.0 0.0
v 0.639895498752594 -0.16608767211437225 0.02644425444304943 0.5 1.0 0.0
v 0.5755362510681152 -0.3012421429157257 -0.058142222464084625 0.5 1.0 0.0
v 0.6196683049201965 -0.3131945729255676 -0.06733640283346176 0.5 1.0 0.0
v 0.4624478220939636 -0.11460024863481522 0.032880183309316635 0.5 1.0 0.0
v 0.5663420557975769 -0.31963050365448 -0.06825581938028336 0.5 1.0 0.0
v 0.5341624021530151 -0.07046817243099213 0.06781807541847229 0.5 1.0 0.0
v 0.6481702923774719 -0.23596344888210297 -0.016768401488661766 0.5 1.0 0.0
v 0.3364875018596649 -0.0015118076698854566 0.07885109633207321 0.5 1.0 0.0
v 0.5111770033836365 -0.2157362550497055 -0.015848983079195023 0.5 1.0 0.0
v 0.4201545715332031 -0.144941046833992 0.009894726797938347 0.5 1.0 0.0
v 0.5369206666946411 -0.11368083208799362 0.042993783950805664 0.5 1.0 0.0
v 0.6564450263977051 -0.12839151918888092 0.04942971095442772 0.5 1.0 0.0
v 0.384297251701355 -0.044724464416503906 0.06322098523378372 0.5 1.0 0.0
v 0.7033354043960571 -0.029094355180859566 0.11470840126276016 0.5 1.0 0.0
v 0.5838110446929932 -0.1734430193901062 0.011733563616871834 0.5 1.0 0.0
v 0.6086353063583374 -0.171604186296463 0.02092774584889412 0.5 1.0 0.0
v 0.4927886128425598 -0.06311282515525818 0.06781807541847229 0.5 1.0 0.0
v 0.6913829445838928 -0.0750652626156807 0.07885109633207321 0.5 1.0 0.0
v 0.30338844656944275 0.05549212172627449 0.11470840126276016 0.5 1.0 0.0
v 0.5553090572357178 -0.15229639410972595 0.021847164258360863 0.5 1.0 0.0
v 0.525887668132782 -0.01346424501389265 0.09907829761505127 0.5 1.0 0.0
v 0.5957634449005127 -0.22033335268497467 -0.012171310372650623 0.5 1.0 0.0
v 0.48911094665527344 -0.025416681542992592 0.08620643615722656 0.5 1.0 0.0
v 0.5736973881721497 -0.36835968494415283 -0.10135487467050552 0.5 1.0 0.0
v 0.5571478605270386 -0.03461086377501488 0.08988410979509354 0.5 1.0 0.0
v 0.494627445936203 0.01136004738509655 0.11654724180698395 0.5 1.0 0.0
v 0.38521668314933777 0.04721735790371895 0.11470840126276016 0.5 1.0 0.0
v 0.547953724861145 -0.19550904631614685 -0.002977128140628338 0.5 1.0 0.0
v 0.3916526138782501 -0.08517886698246002 0.040235526859760284 0.5 1.0 0.0
v 0.3125826418399811 0.03526492044329643 0.09999771416187286 0.5 1.0 0.0
v 0.5773751139640808 -0.025416681542992592 0.09907829761505127 0.5 1.0 0.0
v 0.463367223739624 -0.03277202695608139 0.081609345972538 0.5 1.0 0.0
v 0.5663420557975769 -0.2451576441526413 -0.029640257358551025 0.5 1.0 0.0
v 0.33372926712036133 0.03802317753434181 0.10367538779973984 0.5 1.0 0.0
v 0.4808361828327179 -0.11092257499694824 0.040235526859760284 0.5 1.0 0.0
v 0.6536868214607239 -0.08609828352928162 0.07057633250951767 0.5 1.0 0.0
v 0.36315062642097473 0.010440628975629807 0.09172295033931732 0.5 1.0 0.0
v 0.42842933535575867 -0.08977595716714859 0.04115494713187218 0.5 1.0 0.0
v 0.5249682664871216 -0.25435182452201843 -0.036995600908994675 0.5 1.0 0.0
v 0.545195460319519 -0.32514703273773193 -0.07469175010919571 0.5 1.0 0.0
v 0.41463807225227356 0.015957139432430267 0.09815887361764908 0.5 1.0 0.0
v 0.6683974862098694 -0.14126338064670563 0.04115494713187218 0.5 1.0 0.0
v 0.6132323741912842 -0.3830703794956207 -0.10595197230577469 0.5 1.0 0.0
v 0.5948440432548523 -0.30859750509262085 -0.06365872919559479 0.5 1.0 0.0
v 0.6150712370872498 -0.144941046833992 0.03471902012825012 0.5 1.0 0.0
v 0.5130158066749573 -0.03001377172768116 0.08804527670145035 0.5 1.0 0.0
v 0.45693129301071167 -0.07046817243099213 0.055865637958049774 0.5 1.0 0.0
v 0.5304847359657288 -0.18355661630630493 0.0034587993286550045 0.5 1.0 0.0
v 0.38797494769096375 -0.01346424501389265 0.07885109633207321 0.5 1.0 0.0
v 0.4955468773841858 -0.1881537139415741 -0.002977128140628338 0.5 1.0 0.0
v 0.6325401663780212 -0.22768868505954742 -0.009413056075572968 0.5 1.0 0.0
v 0.37326425313949585 -0.088856540620327 0.0374772734940052 0.5 1.0 0.0
v 0.5415177941322327 -0.14126338064670563 0.027363672852516174 0.5 1.0 0.0
v 0.3493593633174896 -0.041966211050748825 0.058623891323804855 0.5 1.0 0.0
v 0.4826750159263611 -0.09253421425819397 0.04759087413549423 0.5 1.0 0.0
v 0.3484399616718292 0.027909575030207634 0.09999771416187286 0.5 1.0 0.0
v 0.4229128360748291 -0.06495166569948196 0.05678505823016167 0.5 1.0 0.0
v 0.6389760971069336 -0.35089072585105896 -0.08572477102279663 0.5 1.0 0.0
v 0.35671472549438477 -0.01346424501389265 0.07609283924102783 0.5 1.0 0.0
v 0.4799167513847351 -0.19918672740459442 -0.01401014719158411 0.5 1.0 0.0
v 0.4367040991783142 0.007682374678552151 0.0954006239771843 0.5 1.0 0.0
v 0.5626643896102905 -0.35272955894470215 -0.0894024446606636 0.5 1.0 0.0
v 0.5865692496299744 -0.12839151918888092 0.040235526859760284 0.5 1.0 0.0
v 0.6610421538352966 -0.11368083208799362 0.05770447477698326 0.5 1.0 0.0
v 0.42842933535575867 -0.12931093573570251 0.019088909029960632 0.5 1.0 0.0
v 0.34384286403656006 -0.02265842631459236 0.06965690851211548 0.5 1.0 0.0
v 0.664719820022583 -0.17895951867103577 0.01816949062049389 0.5 1.0 0.0
v 0.645412027835846 -0.25527122616767883 -0.028720838949084282 0.5 1.0 0.0
v 0.6224265694618225 -0.27917611598968506 -0.04894803836941719 0.5 1.0 0.0
v 0.48819151520729065 -0.011625408194959164 0.0954006239771843 0.5 1.0 0.0
v 0.5810527801513672 -0.06311282515525818 0.07701225578784943 0.5 1.0 0.0
v 0.497385710477829 -0.1458604633808136 0.020008327439427376 0.5 1.0 0.0
v 0.5185323357582092 -0.2286081165075302 -0.02320432849228382 0.5 1.0 0.0
v 0.47531965374946594 -0.06311282515525818 0.06230156496167183 0.5 1.0 0.0
v 0.4210740029811859 -0.0005923894350416958 0.08896469324827194 0.5 1.0 0.0
v 0.6325401663780212 -0.30675867199897766 -0.05998105928301811 0.5 1.0 0.0
v 0.6408149600028992 -0.12471385300159454 0.04759087413549423 0.5 1.0 0.0
v 0.46152839064598083 0.0012464469764381647 0.09723945707082748 0.5 1.0 0.0
v 0.5433565974235535 -0.088856540620327 0.05770447477698326 0.5 1.0 0.0
v 0.5966828465461731 -0.08977595716714859 0.06505981832742691 0.5 1.0 0.0
v 0.3990079462528229 -0.11184199154376984 0.02644425444304943 0.5 1.0 0.0
v 0.6159906387329102 -0.10632548481225967 0.061382148414850235 0.5 1.0 0.0
v 0.4983051121234894 -0.2304469496011734 -0.025043165311217308 0.5 1.0 0.0
v 0.4909497797489166 -0.12103617936372757 0.03379959985613823 0.5 1.0 0.0
v 0.5470342636108398 -0.18355661630630493 0.007136472500860691 0.5 1.0 0.0
v 0.5792139172554016 -0.19183138012886047 0.0034587993286550045 0.5 1.0 0.0
v 0.5405983328819275 -0.009786571376025677 0.10275597125291824 0.5 1.0 0.0
v 0.5360012650489807 -0.22768868505954742 -0.01768781989812851 0.5 1.0 0.0
v 0.6812693476676941 -0.029094355180859566 0.11286956816911697 0.5 1.0 0.0
v 0.547953724861145 -0.12379442900419235 0.03931611031293869 0.5 1.0 0.0
v 0.5056604743003845 -0.2580294907093048 -0.03883443772792816 0.5 1.0 0.0
v 0.6334596276283264 -0.15321581065654755 0.031041346490383148 0.5 1.0 0.0
v 0.4826750159263611 -0.03553028032183647 0.07701225578784943 0.5 1.0 0.0
v 0.28591951727867126 0.08767175674438477 0.10367538779973984 0.0 1.0 0.25
v 0.7290790677070618 0.09410768747329712 0.04667145758867264 0.0 1.0 0.25
v 0.7511451244354248 0.3129292130470276 -0.0765305832028389 0.0 1.0 0.25
v 0.4256710708141327 0.12904557585716248 0.05770447477698326 0.0 1.0 0.25
v 0.6472508907318115 0.2117932140827179 -0.01401014719158411 0.0 1.0 0.25
v 0.5709391832351685 0.10789895802736282 0.058623891323804855 0.0 1.0 0.25
v 0.5930051803588867 0.28718551993370056 -0.04986745864152908 0.0 1.0 0.25
v 0.743789792060852 0.19432426989078522 -0.009413056075572968 0.0 1.0 0.25
v 0.5893275141716003 0.027909575030207634 0.10091713070869446 0.0 1.0 0.25
v 0.6527673602104187 0.13640092313289642 0.031041346490383148 0.0 1.0 0.25
v 0.4964662790298462 0.17317765951156616 0.031041346490383148 0.0 1.0 0.25
v 0.44314002990722656 0.04537852108478546 0.1101113110780716 0.0 1.0 0.25
v 0.7686140537261963 0.3809661865234375 -0.12158207595348358 0.0 1.0 0.25
v 0.3640700578689575 0.07204165309667587 0.10459480434656143 0.0 1.0 0.25
v 0.6978188753128052 0.26328063011169434 -0.04618978500366211 0.0 1.0 0.25
v 0.5736973881721497 0.1805330067873001 0.017250072211027145 0.0 1.0 0.25
v 0.6601227521896362 0.051814448088407516 0.07609283924102783 0.0 1.0 0.25
v 0.4909497797489166 0.09410768747329712 0.06873749196529388 0.0 1.0 0.25
v 0.7143684029579163 0.01503772009164095 0.09080353379249573 0.0 1.0 0.25
v 0.6518479585647583 0.3120098114013672 -0.060900475829839706 0.0 1.0 0.25
v 0.5874887108802795 0.23385925590991974 -0.013090728782117367 0.0 1.0 0.25
v 0.7097713351249695 0.14559510350227356 0.02092774584889412 0.0 1.0 0.25
v 0.5212906002998352 0.05089503154158592 0.09356178343296051 0.0 1.0 0.25
v 0.4385429322719574 0.17685532569885254 0.030121928080916405 0.0 1.0 0.25
v 0.6987382769584656 0.3230428397655487 -0.0765305832028389 0.0 1.0 0.25
v 0.6316207647323608 0.09870477765798569 0.05678505823016167 0.0 1.0 0.25
v 0.6362178325653076 0.2540864646434784 -0.03883443772792816 0.0 1.0 0.25
v 0.4109603762626648 0.07847757637500763 0.08896469324827194 0.0 1.0 0.25
v 0.7456285953521729 0.25776413083076477 -0.04618978500366211 0.0 1.0 0.25
v 0.5415177941322327 0.22098740935325623 -0.0011382916709408164 0.0 1.0 0.25
v 0.3705059885978699 0.11709314584732056 0.07793167233467102 0.0 1.0 0.25
v 0.6913829445838928 0.19984078407287598 -0.007574219256639481 0.0 1.0 0.25
v 0.4688837230205536 0.14375627040863037 0.05310738459229469 0.0 1.0 0.25
v 0.645412027835846 0.01411830261349678 0.10183654725551605 0.0 1.0 0.25
v 0.7382732629776001 0.3552224636077881 -0.10043545812368393 0.0 1.0 0.25
v 0.6803499460220337 0.08399409055709839 0.0521879643201828 0.0 1.0 0.25
v 0.5369206666946411 0.13088442385196686 0.04115494713187218 0.0 1.0 0.25
v 0.6132323741912842 0.06468630582094193 0.07885109633207321 0.0 1.0 0.25
v 0.6261042356491089 0.17961357533931732 0.007136472500860691 0.0 1.0 0.25
v 0.4955468773841858 0.21271264553070068 0.008055890910327435 0.0 1.0 0.25
v 0.724481999874115 0.05825037509202957 0.06965690851211548 0.0 1.0 0.25
v 0.5589867234230042 0.061928048729896545 0.08344818651676178 0.0 1.0 0.25
v 0.667478084564209 0.1694999784231186 0.013572399504482746 0.0 1.0 0.25
v 0.7290790677070618 0.22834274172782898 -0.026882002130150795 0.0 1.0 0.25
v 0.525887668132782 0.19156602025032043 0.016330653801560402 0.0 1.0 0.25
v 0.724481999874115 0.28902435302734375 -0.06549756973981857 0.0 1.0 0.25
v 0.45693129301071167 0.08951059728860855 0.08344818651676178 0.0 1.0 0.25
v 0.3971691131591797 0.15846696496009827 0.04759087413549423 0.0 1.0 0.25
v 0.5893275141716003 0.13548150658607483 0.04207436367869377 0.0 1.0 0.25
v 0.6178295016288757 0.1538698673248291 0.030121928080916405 0.0 1.0 0.25
v 0.6812693476676941 0.11617372184991837 0.038396693766117096 0.0 1.0 0.25
v 0.497385710477829 0.03250666707754135 0.11103073507547379 0.0 1.0 0.25
v 0.33372926712036133 0.10146303474903107 0.09172295033931732 0.0 1.0 0.25
v 0.5341624021530151 0.10422129184007645 0.06230156496167183 0.0 1.0 0.25
v 0.6141518354415894 0.21271264553070068 -0.005735382903367281 0.0 1.0 0.25
v 0.6785110831260681 0.019634811207652092 0.09907829761505127 0.0 1.0 0.25
v 0.7042548060417175 -0.007028317078948021 0.11378898471593857 0.0 1.0 0.25
v 0.4698031544685364 0.19156602025032043 0.024605419486761093 0.0 1.0 0.25
v 0.7171266674995422 0.17317765951156616 0.004378217738121748 0.0 1.0 0.25
v 0.4679643213748932 0.06100863218307495 0.0954006239771843 0.0 1.0 0.25
v 0.6729945540428162 0.34878653287887573 -0.08664418756961823 0.0 1.0 0.25
v 0.686785876750946 0.2917826175689697 -0.05630338564515114 0.0 1.0 0.25
v 0.5332430005073547 0.16398347914218903 0.031041346490383148 0.0 1.0 0.25
v 0.6720751523971558 0.23110100626945496 -0.02044607512652874 0.0 1.0 0.25
v 0.5939246416091919 0.25960296392440796 -0.03055967576801777 0.0 1.0 0.25
v 0.5792139172554016 0.20259903371334076 -0.0048159644939005375 0.0 1.0 0.25
v 0.7309179306030273 0.3828050196170807 -0.11330731213092804 0.0 1.0 0.25
v 0.6904635429382324 0.04445910453796387 0.07425400614738464 0.0 1.0 0.25
v 0.5277265310287476 0.07755815982818604 0.07885109633207321 0.0 1.0 0.25
v 0.5029022097587585 0.14651452004909515 0.045752037316560745 0.0 1.0 0.25
v 0.7695335149765015 0.33223700523376465 -0.09216069430112839 0.0 1.0 0.25
v 0.5470342636108398 0.24489226937294006 -0.019526656717061996 0.0 1.0 0.25
v 0.6233459711074829 0.30097678303718567 -0.0618198961019516 0.0 1.0 0.25
v 0.5672614574432373 0.1538698673248291 0.03196076303720474 0.0 1.0 0.25
v 0.6251848340034485 0.1253679096698761 0.04391320049762726 0.0 1.0 0.25
v 0.5810527801513672 0.07939699292182922 0.07241516560316086 0.0 1.0 0.25
v 0.7355149984359741 0.11893197894096375 0.031041346490383148 0.0 1.0 0.25
v 0.6582838892936707 0.2853466868400574 -0.04894803836941719 0.0 1.0 0.25
v 0.7005771398544312 0.2402951866388321 -0.02780142053961754 0.0 1.0 0.25
v 0.6463314294815063 0.07479990273714066 0.06505981832742691 0.0 1.0 0.25
v 0.42934876680374146 0.09962419420480728 0.081609345972538 0.0 1.0 0.25
v 0.25833696126937866 0.07847757637500763 0.11654724180698395 0.0 1.0 0.25
v 0.4523341953754425 0.11893197894096375 0.06230156496167183 0.0 1.0 0.25
v 0.7051742076873779 0.34878653287887573 -0.09399953484535217 0.0 1.0 0.25
v 0.6638004183769226 0.26144179701805115 -0.034237347543239594 0.0 1.0 0.25
v 0.6215071678161621 0.03802317753434181 0.08252876996994019 0.0 1.0 0.25
v 0.6205877661705017 0.2402951866388321 -0.02044607512652874 0.0 1.0 0.25
v 0.7759694457054138 0.4085487127304077 -0.1344539374113083 0.0 1.0 0.25
v 0.6187489032745361 0.27523308992385864 -0.03791502118110657 0.0 1.0 0.25
v 0.5102575421333313 0.11709314584732056 0.058623891323804855 0.0 1.0 0.25
v 0.3833778500556946 0.13732033967971802 0.06505981832742691 0.0 1.0 0.25
v 0.7345955967903137 0.33039817214012146 -0.0903218612074852 0.0 1.0 0.25
v 0.3990079462528229 0.10146303474903107 0.081609345972538 0.0 1.0 0.25
v 0.47072258591651917 0.038942594081163406 0.1101113110780716 0.0 1.0 0.25
v 0.7630975842475891 0.35890012979507446 -0.10779080539941788 0.0 1.0 0.25
v 0.4624478220939636 0.17041939496994019 0.038396693766117096 0.0 1.0 0.25
v 0.5277265310287476 0.027909575030207634 0.10459480434656143 0.0 1.0 0.25
v 0.4357846677303314 0.07479990273714066 0.0954006239771843 0.0 1.0 0.25
v 0.5966828465461731 0.10789895802736282 0.05678505823016167 0.0 1.0 0.25
v 0.7575810551643372 0.27707192301750183 -0.058142222464084625 0.0 1.0 0.25
v 0.5893275141716003 0.16030579805374146 0.019088909029960632 0.0 1.0 0.25
v 0.6205877661705017 0.006762956269085407 0.11378898471593857 0.0 1.0 0.25
v 0.610474169254303 0.08123583346605301 0.05954331159591675 0.0 1.0 0.25
v 0.6794304847717285 0.14927278459072113 0.02368600107729435 0.0 1.0 0.25
v 0.40452447533607483 0.05733095854520798 0.1082724779844284 0.0 1.0 0.25
v 0.3493593633174896 0.12904557585716248 0.07057633250951767 0.0 1.0 0.25
v 0.35855355858802795 0.09778536111116409 0.09356178343296051 0.0 1.0 0.25
v 0.6720751523971558 0.32028457522392273 -0.07285290956497192 0.0 1.0 0.25
v 0.3833778500556946 0.08491350710391998 0.09172295033931732 0.0 1.0 0.25
v 0.47623908519744873 0.11433488875627518 0.0668986588716507 0.0 1.0 0.25
v 0.7208043336868286 0.3110903799533844 -0.0756111666560173 0.0 1.0 0.25
v 0.6601227521896362 0.1970825344324112 0.0007005447405390441 0.0 1.0 0.25
v 0.659203290939331 0.028828993439674377 0.08436760306358337 0.0 1.0 0.25
v 0.44314002990722656 0.14559510350227356 0.05402680113911629 0.0 1.0 0.25
v 0.3401651978492737 0.07296106964349747 0.1082724779844284 0.0 1.0 0.25
v 0.31442147493362427 0.09134943038225174 0.10183654725551605 0.0 1.0 0.25
v 0.5534701943397522 0.08399409055709839 0.07609283924102783 0.0 1.0 0.25
v 0.7511451244354248 0.23293983936309814 -0.034237347543239594 0.0 1.0 0.25
v 0.7060936689376831 0.09502710402011871 0.0521879643201828 0.0 1.0 0.25
v 0.5608255863189697 0.1272067427635193 0.04942971095442772 0.0 1.0 0.25
v 0.7042548060417175 0.12077081948518753 0.035638436675071716 0.0 1.0 0.25
v 0.5185323357582092 0.22098740935325623 0.0025393811520189047 0.0 1.0 0.25
v 0.5663420557975769 0.030667830258607864 0.10275597125291824 0.0 1.0 0.25
v 0.6518479585647583 0.2412146031856537 -0.025043165311217308 0.0 1.0 0.25
v 0.40544387698173523 0.1262873262166977 0.06781807541847229 0.0 1.0 0.25
v 0.31442147493362427 0.11249605566263199 0.08528701961040497 0.0 1.0 0.25
v 0.6913829445838928 0.07020281255245209 0.0659792423248291 0.0 1.0 0.25
v 0.6601227521896362 0.11341547220945358 0.04483262076973915 0.0 1.0 0.25
v 0.49003034830093384 0.06008921191096306 0.09356178343296051 0.0 1.0 0.25
v 0.7162072658538818 0.04170084744691849 0.081609345972538 0.0 1.0 0.25
v 0.5599061250686646 0.20719613134860992 0.004378217738121748 0.0 1.0 0.25
v 0.5884081125259399 0.04721735790371895 0.09080353379249573 0.0 1.0 0.25
v 0.7097713351249695 0.21822914481163025 -0.02780142053961754 0.0 1.0 0.25
v 0.5672614574432373 0.24765053391456604 -0.026882002130150795 0.0 1.0 0.25
v 0.6463314294815063 0.1676611453294754 0.017250072211027145 0.0 1.0 0.25
v 0.7106907367706299 0.278910756111145 -0.052625712007284164 0.0 1.0 0.25
v 0.6362178325653076 0.2816689908504486 -0.048028621822595596 0.0 1.0 0.25
v 0.6169100999832153 0.02699015662074089 0.09999771416187286 0.0 1.0 0.25
v 0.7235625982284546 0.19984078407287598 -0.012171310372650623 0.0 1.0 0.25
v 0.5911663770675659 0.19248543679714203 0.008975308388471603 0.0 1.0 0.25
v 0.7171266674995422 0.3690137267112732 -0.10595197230577469 0.0 1.0 0.25
v 0.6325401663780212 0.05733095854520798 0.0806899294257164 0.0 1.0 0.25
v 0.7143684029579163 0.24673111736774445 -0.04159269481897354 0.0 1.0 0.25
v 0.639895498752594 0.19432426989078522 0.0034587993286550045 0.0 1.0 0.25
v 0.5415177941322327 0.04813677817583084 0.09356178343296051 0.0 1.0 0.25
v 0.6858664155006409 0.17685532569885254 0.008975308388471603 0.0 1.0 0.25
v 0.5672614574432373 0.23477867245674133 -0.01125189196318388 0.0 1.0 0.25
v 0.5534701943397522 0.1814524233341217 0.017250072211027145 0.0 1.0 0.25
v 0.5240488052368164 0.24856995046138763 -0.014929564669728279 0.0 1.0 0.25
v 0.7318373322486877 0.2697165608406067 -0.05446454882621765 0.0 1.0 0.25
v 0.6720751523971558 -0.007947735488414764 0.11746665835380554 0.0 1.0 0.25
v 0.6794304847717285 0.24489226937294006 -0.03239851072430611 0.0 1.0 0.25
v 0.4799167513847351 0.07479990273714066 0.08528701961040497 0.0 1.0 0.25
v 0.5019828081130981 0.1961631178855896 0.016330653801560402 0.0 1.0 0.25
v 0.6757528185844421 0.21271264553070068 -0.014929564669728279 0.0 1.0 0.25
v 0.41555747389793396 0.1547892838716507 0.05310738459229469 0.0 1.0 0.25
v 0.4477371275424957 0.10330186784267426 0.07333458214998245 0.0 1.0 0.25
v 0.4413011968135834 0.16122521460056305 0.04115494713187218 0.0 1.0 0.25
v 0.670236349105835 0.07204165309667587 0.06322098523378372 0.0 1.0 0.25
v 0.6656392216682434 0.09502710402011871 0.05678505823016167 0.0 1.0 0.25
v 0.5543896555900574 0.10054361820220947 0.06322098523378372 0.0 1.0 0.25
v 0.5166934728622437 0.09962419420480728 0.0668986588716507 0.0 1.0 0.25
v 0.52037113904953 0.1391591876745224 0.042993783950805664 0.0 1.0 0.25
v 0.3061467111110687 0.07755815982818604 0.11103073507547379 0.0 1.0 0.25
v 0.6352984309196472 0.1538698673248291 0.022766582667827606 0.0 1.0 0.25
v 0.7456285953521729 0.37177199125289917 -0.11422673612833023 0.0 1.0 0.25
v 0.29603311419487 0.10054361820220947 0.0954006239771843 0.0 1.0 0.25
v 0.41463807225227356 0.17041939496994019 0.035638436675071716 0.0 1.0 0.25
v 0.607715904712677 0.18604950606822968 0.009894726797938347 0.0 1.0 0.25
v 0.6362178325653076 0.03250666707754135 0.09080353379249573 0.0 1.0 0.25
v 0.6913829445838928 0.15754754841327667 0.013572399504482746 0.0 1.0 0.25
v 0.5029022097587585 0.04813677817583084 0.09172295033931732 0.0 1.0 0.25
v 0.686785876750946 0.30557388067245483 -0.06733640283346176 0.0 1.0 0.25
v 0.6693168878555298 0.1262873262166977 0.031041346490383148 0.0 1.0 0.25
v 0.7208043336868286 0.15846696496009827 0.012652982026338577 0.0 1.0 0.25
v 0.6444926261901855 0.04813677817583084 0.08896469324827194 0.0 1.0 0.25
v 0.7014965415000916 0.2963796854019165 -0.06365872919559479 0.0 1.0 0.25
v 0.7014965415000916 0.03434550389647484 0.08620643615722656 0.0 1.0 0.25
v 0.686785876750946 0.005843538325279951 0.10459480434656143 0.0 1.0 0.25
v 0.6481702923774719 0.09778536111116409 0.05310738459229469 0.0 1.0 0.25
v 0.3916526138782501 0.07204165309667587 0.09907829761505127 0.0 1.0 0.25
v 0.5497925281524658 0.11433488875627518 0.04942971095442772 0.0 1.0 0.25
v 0.6031187772750854 0.2384563535451889 -0.01768781989812851 0.0 1.0 0.25
v 0.4808361828327179 0.13548150658607483 0.04483262076973915 0.0 1.0 0.25
v 0.3383263349533081 0.08583292365074158 0.0954006239771843 0.0 1.0 0.25
v 0.5792139172554016 0.2862660884857178 -0.04067327454686165 0.0 1.0 0.25
v 0.6334596276283264 0.22006797790527344 -0.010332473553717136 0.0 1.0 0.25
v 0.38797494769096375 0.11341547220945358 0.07885109633207321 0.0 1.0 0.25
v 0.7014965415000916 0.004924119915813208 0.09172295033931732 0.0 1.0 0.25
v 0.7125295400619507 0.0683639794588089 0.06505981832742691 0.0 1.0 0.25
v 0.5461148619651794 0.1952436864376068 0.012652982026338577 0.0 1.0 0.25
v 0.4909497797489166 0.11617372184991837 0.06046272814273834 0.0 1.0 0.25
v 0.4367040991783142 0.05825037509202957 0.10275597125291824 0.0 1.0 0.25
v 0.5074992775917053 0.08859118074178696 0.07425400614738464 0.0 1.0 0.25
v 0.47348082065582275 0.1262873262166977 0.055865637958049774 0.0 1.0 0.25
v 0.7318373322486877 0.13272325694561005 0.02368600107729435 0.0 1.0 0.25
v 0.5350818634033203 0.2375369369983673 -0.01125189196318388 0.0 1.0 0.25
v 0.7299985289573669 0.24948936700820923 -0.04067327454686165 0.0 1.0 0.25
v 0.5470342636108398 0.15662813186645508 0.03379959985613823 0.0 1.0 0.25
v 0.6196683049201965 0.11249605566263199 0.051268547773361206 0.0 1.0 0.25
v 0.5249682664871216 0.17593590915203094 0.01816949062049389 0.0 1.0 0.25
v 0.7088518738746643 0.33315643668174744 -0.08296651393175125 0.0 1.0 0.25
v 0.6371372938156128 0.13732033967971802 0.030121928080916405 0.0 1.0 0.25
v 0.5139352083206177 0.02423190325498581 0.11103073507547379 0.0 1.0 0.25
v 0.4403817653656006 0.08859118074178696 0.08252876996994019 0.0 1.0 0.25
v 0.47440025210380554 0.08859118074178696 0.0806899294257164 0.0 1.0 0.25
v 0.5819721817970276 0.24305343627929688 -0.025043165311217308 0.0 1.0 0.25
v 0.6536868214607239 0.2255844920873642 -0.016768401488661766 0.0 1.0 0.25
v 0.7070130705833435 0.2117932140827179 -0.01401014719158411 0.0 1.0 0.25
v 0.5736973881721497 0.05089503154158592 0.08804527670145035 0.0 1.0 0.25
v 0.3254545032978058 0.0692833960056305 0.10643363744020462 0.0 1.0 0.25
v 0.6803499460220337 0.03158724680542946 0.08988410979509354 0.0 1.0 0.25
v 0.5240488052368164 0.06468630582094193 0.08804527670145035 0.0 1.0 0.25
v 0.37234482169151306 0.1272067427635193 0.0668986588716507 0.0 1.0 0.25
v 0.5691003203392029 0.21822914481163025 -0.00021887347975280136 0.0 1.0 0.25
v 0.7318373322486877 0.36717489361763 -0.10871022194623947 0.0 1.0 0.25
v 0.10203586518764496 -0.65981525182724 0.11562782526016235 0.0 1.0 1.0
v -0.40732184052467346 -0.8124386668205261 -0.15743939578533173 0.0 1.0 1.0
v -0.18666145205497742 -0.25251299142837524 -0.09951604157686234 0.0 1.0 1.0
v -0.18206436932086945 -0.5871812105178833 -0.05078687518835068 0.0 1.0 1.0
v -0.09931672364473343 -0.8841533064842224 0.030121928080916405 0.0 1.0 1.0
v 0.01652996987104416 -0.3977810740470886 0.04483262076973915 0.0 1.0 1.0
v -0.3448013961315155 -0.47960928082466125 -0.16571415960788727 0.0 1.0 1.0
v -0.015649667009711266 -0.19091196358203888 -0.006654800847172737 0.0 1.0 1.0
v -0.23906829953193665 -0.7775008082389832 -0.0627393126487732 0.0 1.0 1.0
v -0.05518465116620064 -0.7057861685752869 0.032880183309316635 0.0 1.0 1.0
v -0.13977113366127014 -0.4170888364315033 -0.047109201550483704 0.0 1.0 1.0
v -0.33744603395462036 -0.6478627920150757 -0.1335345208644867 0.0 1.0 1.0
v 0.0018192788120359182 -0.5531627535820007 0.04483262076973915 0.0 1.0 1.0
v 0.21604372560977936 -0.044724464416503906 0.10275597125291824 0.0 1.0 1.0
v 0.12318248301744461 -0.5117889046669006 0.10919189453125 0.0 1.0 1.0
v -0.28411978483200073 -0.34997132420539856 -0.13813160359859467 0.0 1.0 1.0
v 0.08732517063617706 -0.2571100890636444 0.05494622141122818 0.0 1.0 1.0
v -0.059781741350889206 -0.30951690673828125 -0.019526656717061996 0.0 1.0 1.0
v -0.245504230260849 -0.4979976415634155 -0.10135487467050552 0.0 1.0 1.0
v 0.08732517063617706 -0.14310221374034882 0.04483262076973915 0.0 1.0 1.0
v 0.041354261338710785 -0.7526764869689941 0.08988410979509354 0.0 1.0 1.0
v -0.14160996675491333 -0.7775008082389832 -0.005735382903367281 0.0 1.0 1.0
v -0.08092836290597916 -0.5071918368339539 -0.015848983079195023 0.0 1.0 1.0
v -0.23722946643829346 -0.6699288487434387 -0.07745000720024109 0.0 1.0 1.0
v -0.08460603654384613 -0.6147637367248535 -0.00021887347975280136 0.0 1.0 1.0
v -0.32549360394477844 -0.8317464590072632 -0.1041131317615509 0.0 1.0 1.0
v -0.023924430832266808 -0.8225522637367249 0.06230156496167183 0.0 1.0 1.0
v -0.15356239676475525 -0.679123044013977 -0.026882002130150795 0.0 1.0 1.0
v -0.10023614764213562 -0.2037838101387024 -0.05354513227939606 0.0 1.0 1.0
v -0.3475596606731415 -0.741643488407135 -0.12709859013557434 0.0 1.0 1.0
v 0.10847179591655731 -0.42076653242111206 0.09080353379249573 0.0 1.0 1.0
v -0.2170022577047348 -0.8648455142974854 -0.03607618436217308 0.0 1.0 1.0
v -0.19585563242435455 -0.35456839203834534 -0.08848302066326141 0.0 1.0 1.0
v 0.0248047336935997 -0.6423463225364685 0.06781807541847229 0.0 1.0 1.0
v -0.05610406771302223 -0.4170888364315033 -0.0048159644939005375 0.0 1.0 1.0
v -0.271247923374176 -0.5926977396011353 -0.10595197230577469 0.0 1.0 1.0
v 0.16087862849235535 -0.11276141554117203 0.07701225578784943 0.0 1.0 1.0
v -0.159078910946846 -0.5035141706466675 -0.04618978500366211 0.0 1.0 1.0
v -0.02208559587597847 -0.9062193632125854 0.06781807541847229 0.0 1.0 1.0
v -0.3595120906829834 -0.5614374876022339 -0.1620364785194397 0.0 1.0 1.0
v 0.011013461276888847 -0.3159528374671936 0.021847164258360863 0.0 1.0 1.0
v 0.0965193584561348 -0.341696560382843 0.07241516560316086 0.0 1.0 1.0
v 0.0827280804514885 -0.5844229459762573 0.09172295033931732 0.0 1.0 1.0
v 0.054226119071245193 -0.4731733500957489 0.06230156496167183 0.0 1.0 1.0
v -0.1305769383907318 -0.29388681054115295 -0.0627393126487732 0.0 1.0 1.0
v 0.021127061918377876 -0.10724490135908127 0.0016199629753828049 0.0 1.0 1.0
v -0.2730867564678192 -0.2709013521671295 -0.14456753432750702 0.0 1.0 1.0
v 0.1526038646697998 -0.26722368597984314 0.09632004052400589 0.0 1.0 1.0
v 0.13421550393104553 -0.19550904631614685 0.07701225578784943 0.0 1.0 1.0
v -0.26389259099960327 -0.4262830317020416 -0.11698498576879501 0.0 1.0 1.0
v -0.19953331351280212 -0.429960697889328 -0.08480534702539444 0.0 1.0 1.0
v -0.07173418253660202 -0.7738231420516968 0.031041346490383148 0.0 1.0 1.0
v -0.3015887439250946 -0.5292578935623169 -0.12801800668239594 0.0 1.0 1.0
v 0.14708736538887024 -0.04288562759757042 0.06230156496167183 0.0 1.0 1.0
v -0.29699164628982544 -0.6975113749504089 -0.10779080539941788 0.0 1.0 1.0
v -0.3319295346736908 -0.4124917685985565 -0.1611170619726181 0.0 1.0 1.0
v 0.02756298892199993 -0.24975472688674927 0.021847164258360863 0.0 1.0 1.0
v -0.02484384924173355 -0.49523940682411194 0.02368600107729435 0.0 1.0 1.0
v -0.19401679933071136 -0.7287716269493103 -0.047109201550483704 0.0 1.0 1.0
v -0.15448181331157684 -0.8657649159431458 -0.002977128140628338 0.0 1.0 1.0
v 0.033998917788267136 -0.915413498878479 0.11378898471593857 0.0 1.0 1.0
v -0.26573142409324646 -0.8372629880905151 -0.07009465992450714 0.0 1.0 1.0
v -0.05518465116620064 -0.23964112997055054 -0.025043165311217308 0.0 1.0 1.0
v -0.034038033336400986 -0.6239579319953918 0.03655785694718361 0.0 1.0 1.0
v 0.03216008096933365 -0.8151969313621521 0.0944811999797821 0.0 1.0 1.0
v -0.10115556418895721 -0.35272955894470215 -0.03791502118110657 0.0 1.0 1.0
v -0.10943032801151276 -0.7149803638458252 -0.0011382916709408164 0.0 1.0 1.0
v -0.22527702152729034 -0.30675867199897766 -0.11514615267515182 0.0 1.0 1.0
v 0.0827280804514885 -0.07874293625354767 0.03471902012825012 0.0 1.0 1.0
v 0.2114466279745102 -0.10816432535648346 0.1101113110780716 0.0 1.0 1.0
v 0.04503193497657776 -0.17987895011901855 0.021847164258360863 0.0 1.0 1.0
v -0.20964691042900085 -0.540290892124176 -0.07745000720024109 0.0 1.0 1.0
v -0.18666145205497742 -0.8133581280708313 -0.02780142053961754 0.0 1.0 1.0
v -0.010133158415555954 -0.7398046255111694 0.061382148414850235 0.0 1.0 1.0
v -0.12873810529708862 -0.5770676136016846 -0.025043165311217308 0.0 1.0 1.0
v -0.37973928451538086 -0.6993502378463745 -0.15284229815006256 0.0 1.0 1.0
v -0.03587687015533447 -0.3628431558609009 0.0007005447405390441 0.0 1.0 1.0
v -0.103913813829422 -0.820713460445404 0.019088909029960632 0.0 1.0 1.0
v 0.05054844543337822 -0.6965919733047485 0.08620643615722656 0.0 1.0 1.0
v -0.10575265437364578 -0.4557044208049774 -0.02596258372068405 0.0 1.0 1.0
v 0.17650873959064484 -0.16240999102592468 0.09723945707082748 0.0 1.0 1.0
v 0.24362626671791077 0.053653284907341 0.11470840126276016 0.0 1.0 1.0
v 0.04779018834233284 -0.53753262758255 0.07057633250951767 0.0 1.0 1.0
v -0.2776838541030884 -0.744401752948761 -0.08664418756961823 0.0 1.0 1.0
v 0.14249026775360107 -0.4557044208049774 0.11562782526016235 0.0 1.0 1.0
v -0.24182654917240143 -0.3747956156730652 -0.11698498576879501 0.0 1.0 1.0
v -0.14804589748382568 -0.3619237542152405 -0.060900475829839706 0.0 1.0 1.0
v 0.014691133983433247 -0.8722008466720581 0.08988410979509354 0.0 1.0 1.0
v -0.2877974510192871 -0.4731733500957489 -0.12250149995088577 0.0 1.0 1.0
v -0.021166177466511726 -0.27733728289604187 -0.002977128140628338 0.0 1.0 1.0
v 0.08732517063617706 -0.7149803638458252 0.11838607490062714 0.0 1.0 1.0
v -0.08368661254644394 -0.6680900454521179 0.01081414520740509 0.0 1.0 1.0
v 0.22891558706760406 0.005843538325279951 0.10183654725551605 0.0 1.0 1.0
v -0.2151634246110916 -0.624877393245697 -0.06641698628664017 0.0 1.0 1.0
v 0.07629215717315674 -0.3876674473285675 0.0668986588716507 0.0 1.0 1.0
v 0.16179804503917694 0.01136004738509655 0.061382148414850235 0.0 1.0 1.0
v -0.1747090220451355 -0.3049198091030121 -0.08296651393175125 0.0 1.0 1.0
v -0.02944094128906727 -0.13758569955825806 -0.02320432849228382 0.0 1.0 1.0
v -0.05886232480406761 -0.1881537139415741 -0.03147909417748451 0.0 1.0 1.0
v -0.3153800070285797 -0.594536542892456 -0.12801800668239594 0.0 1.0 1.0
v 0.025724152103066444 -0.5936171412467957 0.06230156496167183 0.0 1.0 1.0
v -0.12597985565662384 -0.6322327256202698 -0.019526656717061996 0.0 1.0 1.0
v -0.3576732575893402 -0.7894532084465027 -0.12617917358875275 0.0 1.0 1.0
v -0.14069055020809174 -0.22309160232543945 -0.07285290956497192 0.0 1.0 1.0
v -0.013810831122100353 -0.6653317809104919 0.04942971095442772 0.0 1.0 1.0
v 0.13513492047786713 -0.32146933674812317 0.09356178343296051 0.0 1.0 1.0
v 0.13329608738422394 -0.37847328186035156 0.09723945707082748 0.0 1.0 1.0
v -0.09471963346004486 -0.398700475692749 -0.028720838949084282 0.0 1.0 1.0
v 0.05054844543337822 -0.3269858658313751 0.04483262076973915 0.0 1.0 1.0
v -0.09839730709791183 -0.24975472688674927 -0.04435094818472862 0.0 1.0 1.0
v 0.09468051791191101 -0.48052871227264404 0.08896469324827194 0.0 1.0 1.0
v -0.3153800070285797 -0.7701454162597656 -0.10871022194623947 0.0 1.0 1.0
v -0.3861752152442932 -0.7563541531562805 -0.1482452005147934 0.0 1.0 1.0
v 0.0008998605771921575 -0.7839367389678955 0.07057633250951767 0.0 1.0 1.0
v -0.1728701889514923 -0.46214035153388977 -0.0618198961019516 0.0 1.0 1.0
v -0.3585926592350006 -0.6120055317878723 -0.15376171469688416 0.0 1.0 1.0
v 0.0818086639046669 -0.21205857396125793 0.04667145758867264 0.0 1.0 1.0
v -0.05518465116620064 -0.5844229459762573 0.01816949062049389 0.0 1.0 1.0
v 0.06342030316591263 -0.6451045870780945 0.09264236688613892 0.0 1.0 1.0
v 0.12686015665531158 -0.088856540620327 0.058623891323804855 0.0 1.0 1.0
v -0.06805650889873505 -0.852893054485321 0.040235526859760284 0.0 1.0 1.0
v -0.19861389696598053 -0.6772841811180115 -0.055383965373039246 0.0 1.0 1.0
v 0.13513492047786713 -0.15137697756290436 0.06965690851211548 0.0 1.0 1.0
v -0.0882837101817131 -0.5485656261444092 -0.002057709963992238 0.0 1.0 1.0
v -0.23998771607875824 -0.7333686947822571 -0.06733640283346176 0.0 1.0 1.0
v -0.3181382715702057 -0.3610043227672577 -0.1629558950662613 0.0 1.0 1.0
v 0.1663951426744461 -0.21941392123699188 0.09356178343296051 0.0 1.0 1.0
v -0.271247923374176 -0.6515405178070068 -0.09675778448581696 0.0 1.0 1.0
v -0.09747789055109024 -0.1605711579322815 -0.05906163901090622 0.0 1.0 1.0
v 0.020207643508911133 -0.5099501013755798 0.05310738459229469 0.0 1.0 1.0
v -0.12230218201875687 -0.5145471692085266 -0.02780142053961754 0.0 1.0 1.0
v 0.011013461276888847 -0.1596517413854599 0.004378217738121748 0.0 1.0 1.0
v 0.06066204607486725 -0.11368083208799362 0.024605419486761093 0.0 1.0 1.0
v -0.05794290453195572 -0.4593820869922638 -0.008493637666106224 0.0 1.0 1.0
v 0.04595135524868965 -0.42352476716041565 0.06046272814273834 0.0 1.0 1.0
v -0.29331398010253906 -0.8078415989875793 -0.0912412777543068 0.0 1.0 1.0
v 0.17834757268428802 -0.06495166569948196 0.0797705128788948 0.0 1.0 1.0
v -0.17930610477924347 -0.6294744610786438 -0.04527036473155022 0.0 1.0 1.0
v 0.07813099026679993 -0.2984839081764221 0.05770447477698326 0.0 1.0 1.0
v 0.05054844543337822 -0.07230701297521591 0.008055890910327435 0.0 1.0 1.0
v -0.05794290453195572 -0.8924280405044556 0.048510290682315826 0.0 1.0 1.0
v 0.007335788104683161 -0.6975113749504089 0.06505981832742691 0.0 1.0 1.0
v -0.23722946643829346 -0.4575432538986206 -0.10227429866790771 0.0 1.0 1.0
v -0.09655847400426865 -0.3030809760093689 -0.04159269481897354 0.0 1.0 1.0
v 0.0248047336935997 -0.3600849211215973 0.031041346490383148 0.0 1.0 1.0
v 0.1112300455570221 -0.5550015568733215 0.10735306143760681 0.0 1.0 1.0
v 0.12134364992380142 -0.24699647724628448 0.07425400614738464 0.0 1.0 1.0
v 0.1967359483242035 -0.009786571376025677 0.08344818651676178 0.0 1.0 1.0
v -0.23447120189666748 -0.5697122812271118 -0.08848302066326141 0.0 1.0 1.0
v -0.15632066130638123 -0.7186580300331116 -0.021365493535995483 0.0 1.0 1.0
v -0.17746727168560028 -0.7747425436973572 -0.02596258372068405 0.0 1.0 1.0
v 0.020207643508911133 -0.21205857396125793 0.012652982026338577 0.0 1.0 1.0
v 0.04043484479188919 -0.2902091443538666 0.03471902012825012 0.0 1.0 1.0
v -0.218841090798378 -0.8271493911743164 -0.047109201550483704 0.0 1.0 1.0
v -0.12781868875026703 -0.18263719975948334 -0.07377233356237411 0.0 1.0 1.0
v -0.1167856752872467 -0.6690094470977783 -0.010332473553717136 0.0 1.0 1.0
v -0.0321991965174675 -0.7839367389678955 0.05034912750124931 0.0 1.0 1.0
v -0.218841090798378 -0.3977810740470886 -0.09583836793899536 0.0 1.0 1.0
v 0.10111644864082336 -0.6211996674537659 0.11470840126276016 0.0 1.0 1.0
v 0.1112300455570221 -0.04656330123543739 0.048510290682315826 0.0 1.0 1.0
v -0.29331398010253906 -0.3141140043735504 -0.1473257839679718 0.0 1.0 1.0
v -0.16643425822257996 -0.39502280950546265 -0.06549756973981857 0.0 1.0 1.0
v -0.031279776245355606 -0.8694426417350769 0.06414040178060532 0.0 1.0 1.0
v -0.36962568759918213 -0.654298722743988 -0.15284229815006256 0.0 1.0 1.0
v -0.1333352029323578 -0.8335853219032288 -0.0011382916709408164 0.0 1.0 1.0
v -0.09931672364473343 -0.7591124176979065 0.009894726797938347 0.0 1.0 1.0
v -0.2730867564678192 -0.543049156665802 -0.10779080539941788 0.0 1.0 1.0
v -0.13701286911964417 -0.46581801772117615 -0.04343153163790703 0.0 1.0 1.0
v -0.011971994303166866 -0.24147996306419373 -0.002057709963992238 0.0 1.0 1.0
v 0.07996983081102371 -0.43915489315986633 0.07609283924102783 0.0 1.0 1.0
v -0.274006187915802 -0.3876674473285675 -0.12985683977603912 0.0 1.0 1.0
v -0.051506977528333664 -0.6690094470977783 0.03196076303720474 0.0 1.0 1.0
v -0.04047396034002304 -0.7489988207817078 0.04207436367869377 0.0 1.0 1.0
v -0.2160828411579132 -0.2709013521671295 -0.11146847903728485 0.0 1.0 1.0
v -0.190339133143425 -0.5090306401252747 -0.06457814574241638 0.0 1.0 1.0
v -0.3034275770187378 -0.42168593406677246 -0.13997043669223785 0.0 1.0 1.0
v -0.25561782717704773 -0.32514703273773193 -0.12434033304452896 0.0 1.0 1.0
v -0.18022553622722626 -0.5448879599571228 -0.05630338564515114 0.0 1.0 1.0
v -0.005536066833883524 -0.38123154640197754 0.02092774584889412 0.0 1.0 1.0
v -0.3061858117580414 -0.7342881560325623 -0.10687138885259628 0.0 1.0 1.0
v -0.12689927220344543 -0.3288246989250183 -0.05354513227939606 0.0 1.0 1.0
v -0.023924430832266808 -0.3131945729255676 0.0016199629753828049 0.0 1.0 1.0
v -0.22343818843364716 -0.3426159620285034 -0.11054906249046326 0.0 1.0 1.0
v -0.3328489661216736 -0.5099501013755798 -0.15008404850959778 0.0 1.0 1.0
v 0.004577533341944218 -0.83634352684021 0.0797705128788948 0.0 1.0 1.0
v -0.159078910946846 -0.2635459899902344 -0.07928884029388428 0.0 1.0 1.0
v 0.002738696988672018 -0.4731733500957489 0.030121928080916405 0.0 1.0 1.0
v -0.3172188401222229 -0.4713345170021057 -0.14272870123386383 0.0 1.0 1.0
v 0.10479412227869034 -0.1872342824935913 0.058623891323804855 0.0 1.0 1.0
v -0.20780807733535767 -0.7811784744262695 -0.042512111365795135 0.0 1.0 1.0
v 0.07813099026679993 -0.5467268228530884 0.08528701961040497 0.0 1.0 1.0
v -0.09655847400426865 -0.5825841426849365 -0.006654800847172737 0.0 1.0 1.0
v -0.24366538226604462 -0.6046501398086548 -0.08848302066326141 0.0 1.0 1.0
v -0.20964691042900085 -0.46673741936683655 -0.08388593047857285 0.0 1.0 1.0
v 0.07077564299106598 -0.5025947690010071 0.07793167233467102 0.0 1.0 1.0
v 0.1093912124633789 -0.1173585057258606 0.05034912750124931 0.0 1.0 1.0
v 0.06158146262168884 -0.6110860705375671 0.08804527670145035 0.0 1.0 1.0
v 0.10571353882551193 -0.30859750509262085 0.07517342269420624 0.0 1.0 1.0
v 0.07813099026679993 -0.04656330123543739 0.02368600107729435 0.0 1.0 1.0
v 0.051467861980199814 -0.7876144051551819 0.09999771416187286 0.0 1.0 1.0
v 0.04503193497657776 -0.8823144435882568 0.11195015162229538 0.0 1.0 1.0
v -0.26940909028053284 -0.7085444331169128 -0.0912412777543068 0.0 1.0 1.0
v -0.02760210447013378 -0.5908588767051697 0.040235526859760284 0.0 1.0 1.0
v -0.06253999471664429 -0.34997132420539856 -0.015848983079195023 0.0 1.0 1.0
v -0.15172356367111206 -0.5568404197692871 -0.042512111365795135 0.0 1.0 1.0
v -0.007374903652817011 -0.10448665171861649 -0.015848983079195023 0.0 1.0 1.0
v -0.057023487985134125 -0.5025947690010071 0.01816949062049389 0.0 1.0 1.0
v -0.26940909028053284 -0.7756619453430176 -0.07836942374706268 0.0 1.0 1.0
v -0.02208559587597847 -0.6993502378463745 0.04942971095442772 0.0 1.0 1.0
v 0.1388126015663147 -0.011625408194959164 0.05402680113911629 0.0 1.0 1.0
v -0.2758450210094452 -0.5108695030212402 -0.1179044097661972 0.0 1.0 1.0
v -0.005536066833883524 -0.6322327256202698 0.051268547773361206 0.0 1.0 1.0
v 0.04779018834233284 -0.21941392123699188 0.02920250967144966 0.0 1.0 1.0
v -0.12322159856557846 -0.8722008466720581 0.01081414520740509 0.0 1.0 1.0
v 0.05238728225231171 -0.5770676136016846 0.07241516560316086 0.0 1.0 1.0
v -0.11402741819620132 -0.5476462244987488 -0.024123746901750565 0.0 1.0 1.0
v -0.3006693124771118 -0.6524599194526672 -0.11146847903728485 0.0 1.0 1.0
v -0.2574566602706909 -0.8050833344459534 -0.07009465992450714 0.0 1.0 1.0
v 0.04043484479188919 -0.8455377221107483 0.10367538779973984 0.0 1.0 1.0
v -0.38157811760902405 -0.8225522637367249 -0.13997043669223785 0.0 1.0 1.0
v -0.1894197165966034 -0.8519736528396606 -0.024123746901750565 0.0 1.0 1.0
v -0.32365477085113525 -0.5641957521438599 -0.13629277050495148 0.0 1.0 1.0
v 0.18662233650684357 -0.09713130444288254 0.08896469324827194 0.0 1.0 1.0
v -0.2317129522562027 -0.7021085023880005 -0.06825581938028336 0.0 1.0 1.0
v -0.1314963698387146 -0.3849092125892639 -0.04527036473155022 0.0 1.0 1.0
v 0.1093912124633789 -0.5890200734138489 0.11838607490062714 0.0 1.0 1.0
v 0.033998917788267136 -0.13758569955825806 0.009894726797938347 0.0 1.0 1.0
v -0.23814888298511505 -0.5338549613952637 -0.0912412777543068 0.0 1.0 1.0
v -0.06897592544555664 -0.6395880579948425 0.013572399504482746 0.0 1.0 1.0
v 0.2086883783340454 -0.07598468661308289 0.10091713070869446 0.0 1.0 1.0
v -0.11218857765197754 -0.7885338068008423 0.01081414520740509 0.0 1.0 1.0
v -0.2170022577047348 -0.4989170730113983 -0.08664418756961823 0.0 1.0 1.0
v 0.06158146262168884 -0.3619237542152405 0.05494622141122818 0.0 1.0 1.0
v 0.18478350341320038 -0.19275079667568207 0.10275597125291824 0.0 1.0 1.0
v -0.3300907015800476 -0.6782036423683167 -0.12709859013557434 0.0 1.0 1.0
v 0.05606495589017868 -0.25343239307403564 0.035638436675071716 0.0 1.0 1.0
v -0.35215672850608826 -0.820713460445404 -0.12525975704193115 0.0 1.0 1.0
v -0.29331398010253906 -0.5632763504981995 -0.12158207595348358 0.0 1.0 1.0
v -0.1609177440404892 -0.8216328620910645 -0.01125189196318388 0.0 1.0 1.0
v -0.35491499304771423 -0.7122220993041992 -0.13629277050495148 0.0 1.0 1.0
v 0.07905040681362152 -0.17620126903057098 0.04391320049762726 0.0 1.0 1.0
v 0.11306888610124588 -0.27733728289604187 0.07149574905633926 0.0 1.0 1.0
v -0.026682686060667038 -0.398700475692749 0.005297635681927204 0.0 1.0 1.0
v -0.11310800164937973 -0.42536360025405884 -0.03239851072430611 0.0 1.0 1.0
v -0.07357301563024521 -0.21941392123699188 -0.04067327454686165 0.0 1.0 1.0
v -0.06529825180768967 -0.3876674473285675 -0.01125189196318388 0.0 1.0 1.0
v -0.16643425822257996 -0.2157362550497055 -0.0894024446606636 0.0 1.0 1.0
v -0.15724007785320282 -0.6092472672462463 -0.03607618436217308 0.0 1.0 1.0
v -0.14896531403064728 -0.7480794191360474 -0.01401014719158411 0.0 1.0 1.0
v 0.17099222540855408 -0.021739007905125618 0.07057633250951767 0.0 1.0 1.0
v -0.32273536920547485 -0.801405668258667 -0.11054906249046326 0.0 1.0 1.0
v -0.08184777945280075 -0.2764178514480591 -0.035156767815351486 0.0 1.0 1.0
v -0.31170234084129333 -0.3885868787765503 -0.15008404850959778 0.0 1.0 1.0
v -0.12230218201875687 -0.2607877552509308 -0.060900475829839706 0.0 1.0 1.0
v 0.06893680989742279 -0.7499182224273682 0.11103073507547379 0.0 1.0 1.0
v -0.21976050734519958 -0.7535958886146545 -0.055383965373039246 0.0 1.0 1.0
v -0.30802467465400696 -0.6230385303497314 -0.1179044097661972 0.0 1.0 1.0
v 0.11674655973911285 -0.45110732316970825 0.09907829761505127 0.0 1.0 1.0
v -0.24918189644813538 -0.8574901819229126 -0.05354513227939606 0.0 1.0 1.0
v -0.2464236468076706 -0.6349909901618958 -0.08480534702539444 0.0 1.0 1.0
v -0.32457420229911804 -0.4409937262535095 -0.15284229815006256 0.0 1.0 1.0
v 0.003658115165308118 -0.1311497837305069 -0.005735382903367281 0.0 1.0 1.0
v -0.32641303539276123 -0.7177386283874512 -0.12250149995088577 0.0 1.0 1.0
v -0.34020429849624634 -0.5412102937698364 -0.15008404850959778 0.0 1.0 1.0
v 0.031240662559866905 -0.6708482503890991 0.07609283924102783 0.0 1.0 1.0
v -0.2032109797000885 -0.32054993510246277 -0.09951604157686234 0.0 1.0 1.0
v 0.07261448353528976 -0.681881308555603 0.10091713070869446 0.0 1.0 1.0
v -0.2629731595516205 -0.29664504528045654 -0.1326151043176651 0.0 1.0 1.0
v -0.39353054761886597 -0.7296910285949707 -0.1601976454257965 0.0 1.0 1.0
v -0.09563905000686646 -0.8538125157356262 0.028283091261982918 0.0 1.0 1.0
v -0.1747090220451355 -0.4281218647956848 -0.06825581938028336 0.0 1.0 1.0
v -0.13517403602600098 -0.6993502378463745 -0.013090728782117367 0.0 1.0 1.0
v 0.2252379059791565 0.03710375726222992 0.09815887361764908 0.0 1.0 1.0
v 0.10295528173446655 -0.370198518037796 0.07793167233467102 0.0 1.0 1.0
v 0.003658115165308118 -0.26538485288619995 0.013572399504482746 0.0 1.0 1.0
v -0.19493621587753296 -0.2865314483642578 -0.09767720848321915 0.0 1.0 1.0
v 0.17283107340335846 -0.2460770606994629 0.10459480434656143 0.0 1.0 1.0
v -0.27860328555107117 -0.6211996674537659 -0.1041131317615509 0.0 1.0 1.0
v 0.20041361451148987 -0.13482744991779327 0.10459480434656143 0.0 1.0 1.0
v 0.0248047336935997 -0.7848561406135559 0.08804527670145035 0.0 1.0 1.0
v -0.16827309131622314 -0.3325023651123047 -0.0756111666560173 0.0 1.0 1.0
v -0.22895470261573792 -0.42444419860839844 -0.10227429866790771 0.0 1.0 1.0
v -0.04323221370577812 -0.16332942247390747 -0.024123746901750565 0.0 1.0 1.0
v 0.00917462445795536 -0.9108164310455322 0.09907829761505127 0.0 1.0 1.0
v -0.20596924424171448 -0.597294807434082 -0.06641698628664017 0.0 1.0 1.0
v 0.16087862849235535 -0.32238876819610596 0.10735306143760681 0.0 1.0 1.0
v -0.17103134095668793 -0.65981525182724 -0.039753858000040054 0.0 1.0 1.0
v 0.15076503157615662 -0.0741458460688591 0.0659792423248291 0.0 1.0 1.0
v 0.13513492047786713 -0.4262830317020416 0.10367538779973984 0.0 1.0 1.0
v -0.19217796623706818 -0.3977810740470886 -0.08480534702539444 0.0 1.0 1.0
v -0.0027778123039752245 -0.6037307381629944 0.04942971095442772 0.0 1.0 1.0
v 0.02756298892199993 -0.48144811391830444 0.055865637958049774 0.0 1.0 1.0
v 0.10755237191915512 -0.22493043541908264 0.06230156496167183 0.0 1.0 1.0
v -0.06713708490133286 -0.15505465865135193 -0.03791502118110657 0.0 1.0 1.0
v -0.08092836290597916 -0.8087610006332397 0.031041346490383148 0.0 1.0 1.0
v -0.08460603654384613 -0.3711179196834564 -0.024123746901750565 0.0 1.0 1.0
v -0.01289141271263361 -0.35181015729904175 0.012652982026338577 0.0 1.0 1.0
v -0.24090713262557983 -0.27825668454170227 -0.12250149995088577 0.0 1.0 1.0
v 0.09927760809659958 -0.5127083659172058 0.0944811999797821 0.0 1.0 1.0
v -0.11402741819620132 -0.22768868505954742 -0.058142222464084625 0.0 1.0 1.0
v -0.3015887439250946 -0.8409406542778015 -0.09308011084794998 0.0 1.0 1.0
v -0.08552545309066772 -0.43731606006622314 -0.02044607512652874 0.0 1.0 1.0
v 0.1250213235616684 -0.4842063784599304 0.10643363744020462 0.0 1.0 1.0
v -0.30894407629966736 -0.5025947690010071 -0.13813160359859467 0.0 1.0 1.0
v 0.1535232812166214 -0.29480621218681335 0.09815887361764908 0.0 1.0 1.0
v 0.003658115165308118 -0.5770676136016846 0.06046272814273834 0.0 1.0 1.0
v 0.07537273317575455 -0.3279052674770355 0.05678505823016167 0.0 1.0 1.0
v -0.051506977528333664 -0.26630425453186035 -0.019526656717061996 0.0 1.0 1.0
v -0.3990470767021179 -0.7784202098846436 -0.15835881233215332 0.0 1.0 1.0
v -0.09839730709791183 -0.4860452115535736 -0.016768401488661766 0.0 1.0 1.0
v -0.19769448041915894 -0.5641957521438599 -0.06457814574241638 0.0 1.0 1.0
v 0.15812037885189056 -0.1872342824935913 0.08712586015462875 0.0 1.0 1.0
v -0.08184777945280075 -0.18447603285312653 -0.048028621822595596 0.0 1.0 1.0
v 0.14340968430042267 -0.231366366147995 0.08528701961040497 0.0 1.0 1.0
v -0.29423338174819946 -0.45018789172172546 -0.13537335395812988 0.0 1.0 1.0
v 0.03307949751615524 -0.716819167137146 0.081609345972538 0.0 1.0 1.0
v -0.06437883526086807 -0.7425628900527954 0.031041346490383148 0.0 1.0 1.0
v -0.028521522879600525 -0.22217218577861786 -0.01125189196318388 0.0 1.0 1.0
v 0.05606495589017868 -0.7214162945747375 0.0954006239771843 0.0 1.0 1.0
v -0.13425461947917938 -0.806922197341919 0.0025393811520189047 0.0 1.0 1.0
v -0.2179216742515564 -0.3711179196834564 -0.09859662503004074 0.0 1.0 1.0
v 0.1103106290102005 -0.15229639410972595 0.05494622141122818 0.0 1.0 1.0
v -0.17103134095668793 -0.7462405562400818 -0.028720838949084282 0.0 1.0 1.0
v -0.059781741350889206 -0.8280687928199768 0.04483262076973915 0.0 1.0 1.0
v 0.03307949751615524 -0.5614374876022339 0.06322098523378372 0.0 1.0 1.0
v 0.010094042867422104 -0.7260133624076843 0.07149574905633926 0.0 1.0 1.0
v -0.020246759057044983 -0.46489858627319336 0.020008327439427376 0.0 1.0 1.0
v -0.0018583941273391247 -0.4970782399177551 0.040235526859760284 0.0 1.0 1.0
v 0.06617855280637741 -0.15321581065654755 0.032880183309316635 0.0 1.0 1.0
v 0.017449388280510902 -0.7563541531562805 0.0797705128788948 0.0 1.0 1.0
v 0.0808892473578453 -0.6257967948913574 0.09907829761505127 0.0 1.0 1.0
v 0.17007280886173248 -0.13482744991779327 0.08712586015462875 0.0 1.0 1.0
v -0.14988473057746887 -0.6395880579948425 -0.02596258372068405 0.0 1.0 1.0
v -0.2629731595516205 -0.6837201118469238 -0.08848302066326141 0.0 1.0 1.0
v 0.020207643508911133 -0.18631486594676971 0.013572399504482746 0.0 1.0 1.0
v -0.09839730709791183 -0.5274190306663513 -0.021365493535995483 0.0 1.0 1.0
v 0.03675717115402222 -0.4474296569824219 0.058623891323804855 0.0 1.0 1.0
v 0.06250087916851044 -0.8280687928199768 0.11470840126276016 0.0 1.0 1.0
v 0.0533066987991333 -0.39410337805747986 0.05770447477698326 0.0 1.0 1.0
v -0.3733033537864685 -0.7287716269493103 -0.14456753432750702 0.0 1.0 1.0
v -0.07173418253660202 -0.48052871227264404 -0.0048159644939005375 0.0 1.0 1.0
v -0.14344879984855652 -0.5228219628334045 -0.04067327454686165 0.0 1.0 1.0
v -0.015649667009711266 -0.8501348495483398 0.06965690851211548 0.0 1.0 1.0
v -0.0036972304806113243 -0.8933475017547607 0.0797705128788948 0.0 1.0 1.0
v 0.09468051791191101 -0.4005393087863922 0.07885109633207321 0.0 1.0 1.0
v -0.1324157863855362 -0.7241745591163635 -0.008493637666106224 0.0 1.0 1.0
v -0.017488503828644753 -0.7655483484268188 0.05954331159591675 0.0 1.0 1.0
v -0.20780807733535767 -0.654298722743988 -0.05998105928301811 0.0 1.0 1.0
v -0.07908952236175537 -0.3334217965602875 -0.025043165311217308 0.0 1.0 1.0
v -0.103913813829422 -0.2754984498023987 -0.047109201550483704 0.0 1.0 1.0
v -0.05242639780044556 -0.798647403717041 0.04942971095442772 0.0 1.0 1.0
v 0.006416370160877705 -0.2902091443538666 0.013572399504482746 0.0 1.0 1.0
v -0.2317129522562027 -0.8078415989875793 -0.05630338564515114 0.0 1.0 1.0
v 0.10571353882551193 -0.08609828352928162 0.045752037316560745 0.0 1.0 1.0
v -0.35215672850608826 -0.5881006121635437 -0.15100346505641937 0.0 1.0 1.0
v -0.09012254327535629 -0.7250939607620239 0.01081414520740509 0.0 1.0 1.0
v -0.36502858996391296 -0.7572736144065857 -0.13537335395812988 0.0 1.0 1.0
v -0.0754118487238884 -0.6984308362007141 0.02092774584889412 0.0 1.0 1.0
v -0.362270325422287 -0.6837201118469238 -0.1454869508743286 0.0 1.0 1.0
v -0.051506977528333664 -0.6193608641624451 0.020008327439427376 0.0 1.0 1.0
v -0.04507105052471161 -0.3279052674770355 -0.013090728782117367 0.0 1.0 1.0
v -0.33928489685058594 -0.7747425436973572 -0.1197432428598404 0.0 1.0 1.0
v -0.2160828411579132 -0.7241745591163635 -0.05630338564515114 0.0 1.0 1.0
v 0.12686015665531158 -0.2984839081764221 0.081609345972538 0.0 1.0 1.0
v 0.04227368161082268 -0.10080897808074951 0.011733563616871834 0.0 1.0 1.0
v 0.12686015665531158 -0.3554878234863281 0.09264236688613892 0.0 1.0 1.0
v -0.37881985306739807 -0.7848561406135559 -0.13721218705177307 0.0 1.0 1.0
v -0.13517403602600098 -0.48972287774086 -0.039753858000040054 0.0 1.0 1.0
v -0.0754118487238884 -0.24883531033992767 -0.036995600908994675 0.0 1.0 1.0
v -0.0321991965174675 -0.2561906576156616 -0.006654800847172737 0.0 1.0 1.0
v -0.051506977528333664 -0.1311497837305069 -0.034237347543239594 0.0 1.0 1.0
v -0.09288080036640167 -0.6478627920150757 0.0016199629753828049 0.0 1.0 1.0
v -0.25653722882270813 -0.3600849211215973 -0.12893742322921753 0.0 1.0 1.0
v -0.03311861306428909 -0.6478627920150757 0.035638436675071716 0.0 1.0 1.0
v -0.004616648890078068 -0.21113915741443634 -0.00021887347975280136 0.0 1.0 1.0
v -0.03771570324897766 -0.8473765850067139 0.05770447477698326 0.0 1.0 1.0
v 0.154442697763443 -0.16516825556755066 0.07885109633207321 0.0 1.0 1.0
v 0.14340968430042267 -0.12839151918888092 0.07333458214998245 0.0 1.0 1.0
v -0.14804589748382568 -0.33801886439323425 -0.06457814574241638 0.0 1.0 1.0
v 0.00917462445795536 -0.23872171342372894 0.008055890910327435 0.0 1.0 1.0
v -0.1167856752872467 -0.7462405562400818 0.0007005447405390441 0.0 1.0 1.0
v 0.044112518429756165 -0.6101666688919067 0.07241516560316086 0.0 1.0 1.0
v 0.007335788104683161 -0.6662511825561523 0.05954331159591675 0.0 1.0 1.0
v -0.04874872416257858 -0.4731733500957489 0.008055890910327435 0.0 1.0 1.0
v -0.07908952236175537 -0.5108695030212402 0.007136472500860691 0.0 1.0 1.0
v -0.0744924321770668 -0.5761482119560242 0.008055890910327435 0.0 1.0 1.0
v -0.051506977528333664 -0.2166556715965271 -0.025043165311217308 0.0 1.0 1.0
v -0.18666145205497742 -0.6947531700134277 -0.04618978500366211 0.0 1.0 1.0
v -0.10115556418895721 -0.6809618473052979 0.0016199629753828049 0.0 1.0 1.0
v 0.01285229716449976 -0.804163932800293 0.08436760306358337 0.0 1.0 1.0
v -0.25010132789611816 -0.40789467096328735 -0.11606556922197342 0.0 1.0 1.0
v -0.1765478551387787 -0.27733728289604187 -0.08480534702539444 0.0 1.0 1.0
v -0.16459542512893677 -0.4842063784599304 -0.05722280219197273 0.0 1.0 1.0
v -0.04047396034002304 -0.2892897129058838 -0.005735382903367281 0.0 1.0 1.0
v 0.12318248301744461 -0.1752818524837494 0.06505981832742691 0.0 1.0 1.0
v -0.10575265437364578 -0.6193608641624451 -0.007574219256639481 0.0 1.0 1.0
v -0.12230218201875687 -0.7683066129684448 0.0025393811520189047 0.0 1.0 1.0
v 0.11858539283275604 -0.39502280950546265 0.09172295033931732 0.0 1.0 1.0
v 0.07813099026679993 -0.4704151153564453 0.07701225578784943 0.0 1.0 1.0
v 0.017449388280510902 -0.33618003129959106 0.030121928080916405 0.0 1.0 1.0
v -0.03495744988322258 -0.2010255604982376 -0.016768401488661766 0.0 1.0 1.0
v -0.29791104793548584 -0.3711179196834564 -0.1454869508743286 0.0 1.0 1.0
v -0.13701286911964417 -0.6083278656005859 -0.02596258372068405 0.0 1.0 1.0
v -0.041393376886844635 -0.8896698355674744 0.06505981832742691 0.0 1.0 1.0
v 0.06985622644424438 -0.7848561406135559 0.11286956816911697 0.0 1.0 1.0
v -0.25377899408340454 -0.4722539484500885 -0.10687138885259628 0.0 1.0 1.0
v 0.1948971003293991 -0.1725236028432846 0.1082724779844284 0.0 1.0 1.0
v 0.067097969353199 -0.42260536551475525 0.06781807541847229 0.0 1.0 1.0
v -0.1765478551387787 -0.722335696220398 -0.029640257358551025 0.0 1.0 1.0
v -0.12322159856557846 -0.34997132420539856 -0.048028621822595596 0.0 1.0 1.0
v 0.0955999344587326 -0.6809618473052979 0.11654724180698395 0.0 1.0 1.0
v -0.038635123521089554 -0.5145471692085266 0.020008327439427376 0.0 1.0 1.0
v -0.023005012422800064 -0.5761482119560242 0.024605419486761093 0.0 1.0 1.0
v -0.2179216742515564 -0.4409937262535095 -0.0894024446606636 0.0 1.0 1.0
v 0.02756298892199993 -0.8878309726715088 0.09815887361764908 0.0 1.0 1.0
v -0.14160996675491333 -0.19550904631614685 -0.08480534702539444 0.0 1.0 1.0
v 0.07996983081102371 -0.12471385300159454 0.035638436675071716 0.0 1.0 1.0
v 0.11398830264806747 -0.025416681542992592 0.04391320049762726 0.0 1.0 1.0
v 0.033998917788267136 -0.3849092125892639 0.04391320049762726 0.0 1.0 1.0
v 0.07077564299106598 -0.26998192071914673 0.04942971095442772 0.0 1.0 1.0
v -0.10851091146469116 -0.3325023651123047 -0.039753858000040054 0.0 1.0 1.0
v 0.05238728225231171 -0.13942454755306244 0.02368600107729435 0.0 1.0 1.0
v -0.0882837101817131 -0.7784202098846436 0.01816949062049389 0.0 1.0 1.0
v -0.26481199264526367 -0.5724705457687378 -0.10319371521472931 0.0 1.0 1.0
v 0.033998917788267136 -0.26998192071914673 0.03196076303720474 0.0 1.0 1.0
v 0.12777957320213318 -0.06770992279052734 0.05678505823016167 0.0 1.0 1.0
v -0.008294321596622467 -0.1614905744791031 -0.0038965463172644377 0.0 1.0 1.0
v 0.23443208634853363 -0.01346424501389265 0.1082724779844284 0.0 1.0 1.0
v -0.16459542512893677 -0.5798258781433105 -0.04159269481897354 0.0 1.0 1.0
v 0.18846118450164795 -0.029094355180859566 0.08344818651676178 0.0 1.0 1.0
v -0.01656908541917801 -0.7940503358840942 0.06505981832742691 0.0 1.0 1.0
v -0.28228095173835754 -0.8436989188194275 -0.08112768083810806 0.0 1.0 1.0
v -0.20780807733535767 -0.23872171342372894 -0.11422673612833023 0.0 1.0 1.0
v -0.11034974455833435 -0.3876674473285675 -0.036995600908994675 0.0 1.0 1.0
v 0.01285229716449976 -0.5421296954154968 0.058623891323804855 0.0 1.0 1.0
v -0.19125854969024658 -0.6110860705375671 -0.0618198961019516 0.0 1.0 1.0
v 0.06342030316591263 -0.060354575514793396 0.019088909029960632 0.0 1.0 1.0
v -0.2850392162799835 -0.7719842791557312 -0.0912412777543068 0.0 1.0 1.0
v 0.14249026775360107 -0.3426159620285034 0.09632004052400589 0.0 1.0 1.0
v 0.0248047336935997 -0.08701770007610321 0.0025393811520189047 0.0 1.0 1.0
v -0.245504230260849 -0.3003227412700653 -0.12250149995088577 0.0 1.0 1.0
v 0.022965898737311363 -0.8538125157356262 0.09356178343296051 0.0 1.0 1.0
v 0.06158146262168884 -0.6653317809104919 0.0954006239771843 0.0 1.0 1.0
v -0.16919250786304474 -0.24699647724628448 -0.08572477102279663 0.0 1.0 1.0
v -0.25469839572906494 -0.5274190306663513 -0.10135487467050552 0.0 1.0 1.0
v 0.1378931701183319 -0.39686164259910583 0.10459480434656143 0.0 1.0 1.0
v -0.06621766835451126 -0.4409937262535095 -0.010332473553717136 0.0 1.0 1.0
v -0.11862450838088989 -0.20562265813350677 -0.0618198961019516 0.0 1.0 1.0
v 0.06158146262168884 -0.17620126903057098 0.032880183309316635 0.0 1.0 1.0
v 0.0018192788120359182 -0.398700475692749 0.031041346490383148 0.0 1.0 1.0
v -0.21148574352264404 -0.29664504528045654 -0.10319371521472931 0.0 1.0 1.0
v -0.15632066130638123 -0.3049198091030121 -0.07469175010919571 0.0 1.0 1.0
v 0.06158146262168884 -0.23412461578845978 0.0374772734940052 0.0 1.0 1.0
v -0.07633127272129059 -0.4023781418800354 -0.021365493535995483 0.0 1.0 1.0
v -0.27952268719673157 -0.44007429480552673 -0.12617917358875275 0.0 1.0 1.0
v -0.2013721466064453 -0.3738761842250824 -0.08756360411643982 0.0 1.0 1.0
v -0.030360359698534012 -0.7333686947822571 0.04942971095442772 0.0 1.0 1.0
v -0.05518465116620064 -0.2902091443538666 -0.02044607512652874 0.0 1.0 1.0
v -0.22343818843364716 -0.5926977396011353 -0.07469175010919571 0.0 1.0 1.0
v 0.05054844543337822 -0.49248114228248596 0.06505981832742691 0.0 1.0 1.0
v 0.08548633754253387 -0.36835968494415283 0.06873749196529388 0.0 1.0 1.0
v -0.2041303962469101 -0.8151969313621521 -0.036995600908994675 0.0 1.0 1.0
v -0.23722946643829346 -0.32606643438339233 -0.11698498576879501 0.0 1.0 1.0
v -0.24090713262557983 -0.8253105282783508 -0.05722280219197273 0.0 1.0 1.0
v -0.11402741819620132 -0.3150334358215332 -0.047109201550483704 0.0 1.0 1.0
v -0.2022915631532669 -0.7591124176979065 -0.048028621822595596 0.0 1.0 1.0
v -0.007374903652817011 -0.3040004074573517 0.007136472500860691 0.0 1.0 1.0
v 0.02756298892199993 -0.15689349174499512 0.01449181791394949 0.0 1.0 1.0
v -0.0036972304806113243 -0.8703620433807373 0.08344818651676178 0.0 1.0 1.0
v 0.06525913625955582 -0.288370281457901 0.045752037316560745 0.0 1.0 1.0
v -0.1894197165966034 -0.5283384323120117 -0.06733640283346176 0.0 1.0 1.0
v -0.16459542512893677 -0.3573266565799713 -0.07009465992450714 0.0 1.0 1.0
v 0.09284168481826782 -0.05299922823905945 0.03471902012825012 0.0 1.0 1.0
v 0.054226119071245193 -0.7609512805938721 0.10183654725551605 0.0 1.0 1.0
v 0.041354261338710785 -0.24056054651737213 0.03196076303720474 0.0 1.0 1.0
v -0.29331398010253906 -0.5825841426849365 -0.12250149995088577 0.0 1.0 1.0
v 0.05238728225231171 -0.8133581280708313 0.10735306143760681 0.0 1.0 1.0
v 0.04595135524868965 -0.30675867199897766 0.042993783950805664 0.0 1.0 1.0
v -0.17195077240467072 -0.684639573097229 -0.03883443772792816 0.0 1.0 1.0
v 0.12869898974895477 -0.26814308762550354 0.07793167233467102 0.0 1.0 1.0
v 0.11214946210384369 -0.33526062965393066 0.081609345972538 0.0 1.0 1.0
v -0.26757025718688965 -0.4759316146373749 -0.1197432428598404 0.0 1.0 1.0
v 0.00917462445795536 -0.3711179196834564 0.02920250967144966 0.0 1.0 1.0
v 0.03583775460720062 -0.33709946274757385 0.035638436675071716 0.0 1.0 1.0
v 0.025724152103066444 -0.3012421429157257 0.02920250967144966 0.0 1.0 1.0
v -0.22251877188682556 -0.6653317809104919 -0.06549756973981857 0.0 1.0 1.0
v 0.04503193497657776 -0.6782036423683167 0.08712586015462875 0.0 1.0 1.0
v 0.2114466279745102 -0.028174936771392822 0.0944811999797821 0.0 1.0 1.0
v -0.3448013961315155 -0.6175220012664795 -0.14180928468704224 0.0 1.0 1.0
v 0.14616793394088745 -0.36652085185050964 0.10459480434656143 0.0 1.0 1.0
v -0.059781741350889206 -0.7609512805938721 0.038396693766117096 0.0 1.0 1.0
v -0.25377899408340454 -0.7434822916984558 -0.0756111666560173 0.0 1.0 1.0
v 0.12961840629577637 -0.21389742195606232 0.07609283924102783 0.0 1.0 1.0
v -0.19401679933071136 -0.46305975317955017 -0.07377233356237411 0.0 1.0 1.0
v 0.10479412227869034 -0.43915489315986633 0.08804527670145035 0.0 1.0 1.0
v -0.007374903652817011 -0.8170357942581177 0.06965690851211548 0.0 1.0 1.0
v 0.20133303105831146 -0.0594351552426815 0.0954006239771843 0.0 1.0 1.0
v -0.18298378586769104 -0.4124917685985565 -0.07745000720024109 0.0 1.0 1.0
v 0.02940182574093342 -0.7407240867614746 0.081609345972538 0.0 1.0 1.0
v -0.06345941871404648 -0.657056987285614 0.02368600107729435 0.0 1.0 1.0
v 0.01561055239289999 -0.6092472672462463 0.05954331159591675 0.0 1.0 1.0
v -0.187580868601799 -0.4906423091888428 -0.06733640283346176 0.0 1.0 1.0
v -0.07908952236175537 -0.46489858627319336 -0.012171310372650623 0.0 1.0 1.0
v 0.18478350341320038 -0.12379442900419235 0.09080353379249573 0.0 1.0 1.0
v 0.0008998605771921575 -0.33893829584121704 0.021847164258360863 0.0 1.0 1.0
v 0.20133303105831146 -0.15505465865135193 0.1101113110780716 0.0 1.0 1.0
v -0.2611343264579773 -0.4446713924407959 -0.11514615267515182 0.0 1.0 1.0
v 0.07629215717315674 -0.7269327640533447 0.10919189453125 0.0 1.0 1.0
v -0.07633127272129059 -0.2010255604982376 -0.03883443772792816 0.0 1.0 1.0
v -0.18114495277404785 -0.6478627920150757 -0.04986745864152908 0.0 1.0 1.0
v -0.25561782717704773 -0.7122220993041992 -0.07928884029388428 0.0 1.0 1.0
v -0.11954392492771149 -0.49615880846977234 -0.028720838949084282 0.0 1.0 1.0
v 0.21420489251613617 0.04721735790371895 0.08712586015462875 0.0 1.0 1.0
v -0.271247923374176 -0.4051364064216614 -0.12434033304452896 0.0 1.0 1.0
v 0.08824459463357925 -0.600053071975708 0.09999771416187286 0.0 1.0 1.0
v 0.13421550393104553 -0.10540606826543808 0.06230156496167183 0.0 1.0 1.0
v -0.023005012422800064 -0.17804010212421417 -0.01768781989812851 0.0 1.0 1.0
v 0.0965193584561348 -0.5632763504981995 0.09999771416187286 0.0 1.0 1.0
v -0.12689927220344543 -0.23964112997055054 -0.06365872919559479 0.0 1.0 1.0
v 0.22156023979187012 -0.06679049879312515 0.1101113110780716 0.0 1.0 1.0
v 0.03216008096933365 -0.11919733881950378 0.009894726797938347 0.0 1.0 1.0
v 0.033998917788267136 -0.5329355597496033 0.05954331159591675 0.0 1.0 1.0
v -0.04507105052471161 -0.8188745975494385 0.05034912750124931 0.0 1.0 1.0
v 0.031240662559866905 -0.622119128704071 0.06781807541847229 0.0 1.0 1.0
v -0.29699164628982544 -0.5071918368339539 -0.12525975704193115 0.0 1.0 1.0
v 0.09008342772722244 -0.2856120467185974 0.06230156496167183 0.0 1.0 1.0
v -0.028521522879600525 -0.38123154640197754 0.009894726797938347 0.0 1.0 1.0
v 0.054226119071245193 -0.2736596167087555 0.042993783950805664 0.0 1.0 1.0
v -0.39720824360847473 -0.8317464590072632 -0.13997043669223785 0.0 1.0 1.0
v -0.16919250786304474 -0.8078415989875793 -0.019526656717061996 0.0 1.0 1.0
v -0.23447120189666748 -0.5035141706466675 -0.08756360411643982 0.0 1.0 1.0
v -0.05058756098151207 -0.6883172392845154 0.032880183309316635 0.0 1.0 1.0
v -0.02484384924173355 -0.8850727081298828 0.07057633250951767 0.0 1.0 1.0
v -0.0744924321770668 -0.8354241251945496 0.0374772734940052 0.0 1.0 1.0
v -0.21148574352264404 -0.35456839203834534 -0.10043545812368393 0.0 1.0 1.0
v -0.11034974455833435 -0.171604186296463 -0.06457814574241638 0.0 1.0 1.0
v -0.1177050918340683 -0.36560142040252686 -0.04159269481897354 0.0 1.0 1.0
v -0.14344879984855652 -0.7949697375297546 -0.008493637666106224 0.0 1.0 1.0
v 0.06985622644424438 -0.08150119334459305 0.022766582667827606 0.0 1.0 1.0
v -0.32181593775749207 -0.6110860705375671 -0.12801800668239594 0.0 1.0 1.0
v -0.30710524320602417 -0.40697523951530457 -0.14916463196277618 0.0 1.0 1.0
v -0.2923945486545563 -0.8253105282783508 -0.08848302066326141 0.0 1.0 1.0
v -0.15172356367111206 -0.657056987285614 -0.02780142053961754 0.0 1.0 1.0
v -0.06621766835451126 -0.6120055317878723 0.013572399504482746 0.0 1.0 1.0
v 0.12594074010849 -0.41065290570259094 0.0954006239771843 0.0 1.0 1.0
v -0.03771570324897766 -0.7655483484268188 0.04759087413549423 0.0 1.0 1.0
v 0.06893680989742279 -0.2019449770450592 0.040235526859760284 0.0 1.0 1.0
v -0.3135411739349365 -0.5770676136016846 -0.12709859013557434 0.0 1.0 1.0
v 0.05790378898382187 -0.3453742265701294 0.05034912750124931 0.0 1.0 1.0
v -0.14804589748382568 -0.45294615626335144 -0.048028621822595596 0.0 1.0 1.0
v 0.23259325325489044 0.06376688927412033 0.10551422089338303 0.0 1.0 1.0
v 0.09376110136508942 -0.31963050365448 0.06873749196529388 0.0 1.0 1.0
v 0.07077564299106598 -0.404217004776001 0.0659792423248291 0.0 1.0 1.0
v -0.07265359908342361 -0.4170888364315033 -0.010332473553717136 0.0 1.0 1.0
v -0.06897592544555664 -0.7260133624076843 0.028283091261982918 0.0 1.0 1.0
v -0.02484384924173355 -0.6782036423683167 0.045752037316560745 0.0 1.0 1.0
v -0.103913813829422 -0.8400212526321411 0.021847164258360863 0.0 1.0 1.0
v -0.3742227852344513 -0.6763647794723511 -0.15560054779052734 0.0 1.0 1.0
v -0.09747789055109024 -0.7407240867614746 0.009894726797938347 0.0 1.0 1.0
v -0.020246759057044983 -0.6064890027046204 0.03931611031293869 0.0 1.0 1.0
v 0.10571353882551193 -0.5283384323120117 0.09815887361764908 0.0 1.0 1.0
v -0.1462070494890213 -0.25343239307403564 -0.07377233356237411 0.0 1.0 1.0
v 0.06250087916851044 -0.5825841426849365 0.08528701961040497 0.0 1.0 1.0
v 0.1093912124633789 -0.25527122616767883 0.06505981832742691 0.0 1.0 1.0
v -0.33652663230895996 -0.7545153498649597 -0.12434033304452896 0.0 1.0 1.0
v -0.038635123521089554 -0.3462936282157898 -0.002977128140628338 0.0 1.0 1.0
v -0.2887168824672699 -0.6644123196601868 -0.10871022194623947 0.0 1.0 1.0
v -0.09655847400426865 -0.5099501013755798 -0.022284910082817078 0.0 1.0 1.0
v -0.0459904670715332 -0.3766344487667084 -0.00021887347975280136 0.0 1.0 1.0
v 0.11398830264806747 -0.4759316146373749 0.09632004052400589 0.0 1.0 1.0
v -0.25653722882270813 -0.5954560041427612 -0.09767720848321915 0.0 1.0 1.0
v -0.021166177466511726 -0.33801886439323425 0.007136472500860691 0.0 1.0 1.0
v 0.17099222540855408 -0.26814308762550354 0.10643363744020462 0.0 1.0 1.0
v -0.0027778123039752245 -0.7673872113227844 0.06965690851211548 0.0 1.0 1.0
v -0.2850392162799835 -0.71406090259552 -0.09491895139217377 0.0 1.0 1.0
v -0.12597985565662384 -0.7839367389678955 -0.002977128140628338 0.0 1.0 1.0
v -0.14344879984855652 -0.852893054485321 -0.002057709963992238 0.0 1.0 1.0
v 0.046870771795511246 -0.520983099937439 0.0668986588716507 0.0 1.0 1.0
v 0.17099222540855408 -0.05024097487330437 0.07609283924102783 0.0 1.0 1.0
v -0.2307935357093811 -0.26538485288619995 -0.1188238263130188 0.0 1.0 1.0
v -0.08368661254644394 -0.2322857826948166 -0.036995600908994675 0.0 1.0 1.0
v -0.06713708490133286 -0.28101494908332825 -0.02780142053961754 0.0 1.0 1.0
v 0.01285229716449976 -0.5586792230606079 0.061382148414850235 0.0 1.0 1.0
v -0.22803527116775513 -0.4704151153564453 -0.09675778448581696 0.0 1.0 1.0
v -0.04323221370577812 -0.231366366147995 -0.016768401488661766 0.0 1.0 1.0
v 0.004577533341944218 -0.1743624359369278 -0.00021887347975280136 0.0 1.0 1.0
v 0.00917462445795536 -0.09161479026079178 -0.0011382916709408164 0.0 1.0 1.0
v -0.28411978483200073 -0.5467268228530884 -0.1197432428598404 0.0 1.0 1.0
v -0.05058756098151207 -0.14769931137561798 -0.035156767815351486 0.0 1.0 1.0
v 0.01652996987104416 -0.6294744610786438 0.061382148414850235 0.0 1.0 1.0
v -0.218841090798378 -0.7398046255111694 -0.06457814574241638 0.0 1.0 1.0
v 0.16271746158599854 -0.004270062316209078 0.0668986588716507 0.0 1.0 1.0
v 0.0955999344587326 -0.09805072098970413 0.040235526859760284 0.0 1.0 1.0
v -0.18482261896133423 -0.747160017490387 -0.03791502118110657 0.0 1.0 1.0
v -0.2022915631532669 -0.33709946274757385 -0.10043545812368393 0.0 1.0 1.0
v -0.0892031267285347 -0.21297800540924072 -0.04527036473155022 0.0 1.0 1.0
v -0.17011192440986633 -0.7885338068008423 -0.02044607512652874 0.0 1.0 1.0
v -0.1747090220451355 -0.23320519924163818 -0.09308011084794998 0.0 1.0 1.0
v 0.07813099026679993 -0.6432657241821289 0.09999771416187286 0.0 1.0 1.0
v 0.11398830264806747 -0.49523940682411194 0.10091713070869446 0.0 1.0 1.0
v -0.2326323688030243 -0.7912920713424683 -0.05630338564515114 0.0 1.0 1.0
v 0.01928822509944439 -0.28101494908332825 0.01816949062049389 0.0 1.0 1.0
v -0.28044211864471436 -0.32422760128974915 -0.1454869508743286 0.0 1.0 1.0
v -0.11218857765197754 -0.24331879615783691 -0.05354513227939606 0.0 1.0 1.0
v -0.14344879984855652 -0.3049198091030121 -0.06457814574241638 0.0 1.0 1.0
v 0.06893680989742279 -0.7664677500724792 0.10643363744020462 0.0 1.0 1.0
v -0.08000894635915756 -0.5991336703300476 0.0007005447405390441 0.0 1.0 1.0
v 0.10479412227869034 -0.06127399206161499 0.045752037316560745 0.0 1.0 1.0
v 0.20041361451148987 -0.10908374190330505 0.09815887361764908 0.0 1.0 1.0
v -0.12138276547193527 -0.6533793210983276 -0.010332473553717136 0.0 1.0 1.0
v -0.017488503828644753 -0.12931093573570251 -0.015848983079195023 0.0 1.0 1.0
v 0.09468051791191101 -0.2166556715965271 0.05678505823016167 0.0 1.0 1.0
v 0.0533066987991333 -0.8510542511940002 0.11195015162229538 0.0 1.0 1.0
v -0.24826247990131378 -0.35456839203834534 -0.11606556922197342 0.0 1.0 1.0
v -0.09104195982217789 -0.2635459899902344 -0.03883443772792816 0.0 1.0 1.0
v 0.022965898737311363 -0.8262299299240112 0.08712586015462875 0.0 1.0 1.0
v -0.1029943972826004 -0.4713345170021057 -0.021365493535995483 0.0 1.0 1.0
v -0.12689927220344543 -0.45386558771133423 -0.039753858000040054 0.0 1.0 1.0
v -0.1737896054983139 -0.4437519609928131 -0.06457814574241638 0.0 1.0 1.0
v -0.11402741819620132 -0.577987015247345 -0.018607238307595253 0.0 1.0 1.0
v 0.17007280886173248 -0.09988955408334732 0.0797705128788948 0.0 1.0 1.0
v 0.05514553561806679 -0.5513238906860352 0.07425400614738464 0.0 1.0 1.0
v -0.13517403602600098 -0.26998192071914673 -0.06365872919559479 0.0 1.0 1.0
v -0.36962568759918213 -0.8133581280708313 -0.1344539374113083 0.0 1.0 1.0
v -0.2326323688030243 -0.38031211495399475 -0.1050325483083725 0.0 1.0 1.0
v -0.22527702152729034 -0.8547319173812866 -0.04527036473155022 0.0 1.0 1.0
v 0.10479412227869034 -0.6441851258277893 0.11746665835380554 0.0 1.0 1.0
v -0.09012254327535629 -0.5163860321044922 -0.006654800847172737 0.0 1.0 1.0
v 0.1250213235616684 -0.5246607661247253 0.11838607490062714 0.0 1.0 1.0
v -0.28136152029037476 -0.3040004074573517 -0.14456753432750702 0.0 1.0 1.0
v -0.12322159856557846 -0.6892366409301758 -0.010332473553717136 0.0 1.0 1.0
v -0.11586625128984451 -0.8271493911743164 0.01081414520740509 0.0 1.0 1.0
v -0.26573142409324646 -0.32238876819610596 -0.13629277050495148 0.0 1.0 1.0
v -0.1618371605873108 -0.8372629880905151 -0.008493637666106224 0.0 1.0 1.0
v 0.08548633754253387 -0.35272955894470215 0.0659792423248291 0.0 1.0 1.0
v 0.16271746158599854 -0.08150119334459305 0.07333458214998245 0.0 1.0 1.0
v -0.1885003000497818 -0.7149803638458252 -0.036995600908994675 0.0 1.0 1.0
v 0.05606495589017868 -0.5062724351882935 0.07057633250951767 0.0 1.0 1.0
v -0.2896362841129303 -0.33709946274757385 -0.1454869508743286 0.0 1.0 1.0
v -0.16459542512893677 -0.518224835395813 -0.048028621822595596 0.0 1.0 1.0
v -0.18390320241451263 -0.36376258730888367 -0.08388593047857285 0.0 1.0 1.0
v 0.16271746158599854 -0.30675867199897766 0.10735306143760681 0.0 1.0 1.0
v -0.10207498073577881 -0.3747956156730652 -0.033317930996418 0.0 1.0 1.0
v -0.17930610477924347 -0.5219025015830994 -0.05722280219197273 0.0 1.0 1.0
v -0.044151633977890015 -0.24699647724628448 -0.015848983079195023 0.0 1.0 1.0
v 0.09192226827144623 -0.5476462244987488 0.09264236688613892 0.0 1.0 1.0
v -0.11310800164937973 -0.804163932800293 0.01081414520740509 0.0 1.0 1.0
v 0.13329608738422394 -0.4915617108345032 0.11746665835380554 0.0 1.0 1.0
v 0.17099222540855408 -0.15045756101608276 0.08896469324827194 0.0 1.0 1.0
v -0.06621766835451126 -0.8676037788391113 0.04483262076973915 0.0 1.0 1.0
v 0.05882320925593376 -0.458462655544281 0.06414040178060532 0.0 1.0 1.0
v -0.15080414712429047 -0.231366366147995 -0.08112768083810806 0.0 1.0 1.0
v 0.21788255870342255 -0.09437304735183716 0.11286956816911697 0.0 1.0 1.0
v -0.14160996675491333 -0.6717677116394043 -0.02044607512652874 0.0 1.0 1.0
v -0.09380021691322327 -0.3334217965602875 -0.035156767815351486 0.0 1.0 1.0
v 0.028482407331466675 -0.4970782399177551 0.05494622141122818 0.0 1.0 1.0
v 0.030321244150400162 -0.36927908658981323 0.04207436367869377 0.0 1.0 1.0
v 0.018368806689977646 -0.7131415009498596 0.07241516560316086 0.0 1.0 1.0
v -0.09931672364473343 -0.60556960105896 -0.005735382903367281 0.0 1.0 1.0
v -0.25285956263542175 -0.8519736528396606 -0.06733640283346176 0.0 1.0 1.0
v 0.04043484479188919 -0.14953814446926117 0.01816949062049389 0.0 1.0 1.0
v -0.3006693124771118 -0.7949697375297546 -0.09491895139217377 0.0 1.0 1.0
v -0.10483323782682419 -0.18999254703521729 -0.058142222464084625 0.0 1.0 1.0
v 0.15076503157615662 -0.30951690673828125 0.0954006239771843 0.0 1.0 1.0
v -0.15264298021793365 -0.39502280950546265 -0.05906163901090622 0.0 1.0 1.0
v -0.09931672364473343 -0.43731606006622314 -0.026882002130150795 0.0 1.0 1.0
v 0.023885315284132957 -0.9080581665039062 0.09632004052400589 0.0 1.0 1.0
v -0.07081475853919983 -0.3012421429157257 -0.02596258372068405 0.0 1.0 1.0
v 0.020207643508911133 -0.5264996290206909 0.05954331159591675 0.0 1.0 1.0
v 0.07721157371997833 -0.2837732136249542 0.05402680113911629 0.0 1.0 1.0
v 0.18386408686637878 -0.17804010212421417 0.09907829761505127 0.0 1.0 1.0
v -0.15172356367111206 -0.2745790183544159 -0.07193349301815033 0.0 1.0 1.0
v -0.051506977528333664 -0.341696560382843 -0.009413056075572968 0.0 1.0 1.0
v -0.22803527116775513 -0.3619237542152405 -0.1050325483083725 0.0 1.0 1.0
v 0.1535232812166214 -0.33526062965393066 0.10459480434656143 0.0 1.0 1.0
v -0.1452876329421997 -0.429960697889328 -0.052625712007284164 0.0 1.0 1.0
v 0.5001439452171326 -1.0 -0.14272870123386383 0.0 0.25 1.0
v 0.21696314215660095 -0.20010614395141602 0.10091713070869446 0.0 0.25 1.0
v 0.4808361828327179 -0.5577598214149475 -0.07836942374706268 0.0 0.25 1.0
v 0.21788255870342255 -0.9485125541687012 0.028283091261982918 0.0 0.25 1.0
v 0.43394583463668823 -0.29480621218681335 -0.03147909417748451 0.0 0.25 1.0
v 0.2528204619884491 -0.46581801772117615 0.06230156496167183 0.0 0.25 1.0
v 0.3980885446071625 -0.7866949439048767 -0.05906163901090622 0.0 0.25 1.0
v 0.5663420557975769 -0.722335696220398 -0.14916463196277618 0.0 0.25 1.0
v 0.07077564299106598 -0.8602484464645386 0.11562782526016235 0.0 0.25 1.0
v 0.2923554480075836 -0.6478627920150757 0.015411236323416233 0.0 0.25 1.0
v 0.3668283224105835 -0.11551966518163681 0.022766582667827606 0.0 0.25 1.0
v 0.35671472549438477 -0.9714980125427246 -0.05630338564515114 0.0 0.25 1.0
v 0.19857478141784668 -0.7738231420516968 0.05494622141122818 0.0 0.25 1.0
v 0.3990079462528229 -0.4428325593471527 -0.021365493535995483 0.0 0.25 1.0
v 0.1682339757680893 -0.34997132420539856 0.11286956816911697 0.0 0.25 1.0
v 0.6086353063583374 -0.5310966968536377 -0.15192288160324097 0.0 0.25 1.0
v 0.3061467111110687 -0.3168722689151764 0.04207436367869377 0.0 0.25 1.0
v 0.5194517374038696 -0.8565707802772522 -0.13629277050495148 0.0 0.25 1.0
v 0.5148546695709229 -0.42168593406677246 -0.09399953484535217 0.0 0.25 1.0
v 0.2951136827468872 -0.8519736528396606 -0.009413056075572968 0.0 0.25 1.0
v 0.39992737770080566 -0.657056987285614 -0.05354513227939606 0.0 0.25 1.0
v 0.3521176278591156 -0.5540821552276611 -0.016768401488661766 0.0 0.25 1.0
v 0.19397768378257751 -0.594536542892456 0.07701225578784943 0.0 0.25 1.0
v 0.3107438087463379 -0.20654207468032837 0.04667145758867264 0.0 0.25 1.0
v 0.44589829444885254 -0.9236882925033569 -0.09859662503004074 0.0 0.25 1.0
v 0.5029022097587585 -0.6533793210983276 -0.10687138885259628 0.0 0.25 1.0
v 0.30338844656944275 -0.7462405562400818 -0.006654800847172737 0.0 0.25 1.0
v 0.4201545715332031 -0.19183138012886047 -0.014929564669728279 0.0 0.25 1.0
v 0.27672532200813293 -0.11827792227268219 0.07701225578784943 0.0 0.25 1.0
v 0.15536212921142578 -0.8630067110061646 0.06505981832742691 0.0 0.25 1.0
v 0.5148546695709229 -0.32422760128974915 -0.08112768083810806 0.0 0.25 1.0
v 0.48727211356163025 -0.7572736144065857 -0.10779080539941788 0.0 0.25 1.0
v 0.5994411110877991 -0.43823546171188354 -0.14272870123386383 0.0 0.25 1.0
v 0.31717973947525024 -0.40789467096328735 0.02644425444304943 0.0 0.25 1.0
v 0.27488648891448975 -0.5531627535820007 0.03196076303720474 0.0 0.25 1.0
v 0.20409129559993744 -0.6864783763885498 0.06046272814273834 0.0 0.25 1.0
v 0.5736973881721497 -0.6156831979751587 -0.13997043669223785 0.0 0.25 1.0
v 0.384297251701355 -0.8777173757553101 -0.060900475829839706 0.0 0.25 1.0
v 0.23627091944217682 -0.29664504528045654 0.08712586015462875 0.0 0.25 1.0
v 0.11766597628593445 -0.7894532084465027 0.09172295033931732 0.0 0.25 1.0
v 0.28683891892433167 -0.0005923894350416958 0.08344818651676178 0.0 0.25 1.0
v 0.37234482169151306 -0.35181015729904175 -0.002977128140628338 0.0 0.25 1.0
v 0.4541730582714081 -0.3738761842250824 -0.05170629546046257 0.0 0.25 1.0
v 0.5387595295906067 -0.5127083659172058 -0.11330731213092804 0.0 0.25 1.0
v 0.18846118450164795 -0.4290412962436676 0.09632004052400589 0.0 0.25 1.0
v 0.35947296023368835 -0.26630425453186035 0.013572399504482746 0.0 0.25 1.0
v 0.1093912124633789 -0.9236882925033569 0.08252876996994019 0.0 0.25 1.0
v 0.2941942811012268 -0.9503514170646667 -0.015848983079195023 0.0 0.25 1.0
v 0.44865652918815613 -0.48972287774086 -0.060900475829839706 0.0 0.25 1.0
v 0.3263739049434662 -0.06127399206161499 0.05770447477698326 0.0 0.25 1.0
v 0.22156023979187012 -0.8722008466720581 0.02920250967144966 0.0 0.25 1.0
v 0.25833696126937866 -0.37939268350601196 0.06322098523378372 0.0 0.25 1.0
v 0.41647690534591675 -0.5844229459762573 -0.04894803836941719 0.0 0.25 1.0
v 0.20501071214675903 -0.5237413644790649 0.07517342269420624 0.0 0.25 1.0
v 0.5599061250686646 -0.7931308746337891 -0.15376171469688416 0.0 0.25 1.0
v 0.2546592950820923 -0.7922114729881287 0.016330653801560402 0.0 0.25 1.0
v 0.4413011968135834 -0.8492153882980347 -0.0903218612074852 0.0 0.25 1.0
v 0.43118759989738464 -0.7278522253036499 -0.07285290956497192 0.0 0.25 1.0
v 0.13421550393104553 -0.7232550978660583 0.09080353379249573 0.0 0.25 1.0
v 0.34660109877586365 -0.6975113749504089 -0.024123746901750565 0.0 0.25 1.0
v 0.41371864080429077 -0.9908058047294617 -0.08664418756961823 0.0 0.25 1.0
v 0.5029022097587585 -0.9255270957946777 -0.1344539374113083 0.0 0.25 1.0
v 0.3392457664012909 -0.8032444715499878 -0.03239851072430611 0.0 0.25 1.0
v 0.25741755962371826 -0.7021085023880005 0.02644425444304943 0.0 0.25 1.0
v 0.5746168494224548 -0.3858286142349243 -0.11330731213092804 0.0 0.25 1.0
v 0.2371903508901596 -0.6230385303497314 0.04115494713187218 0.0 0.25 1.0
v 0.353037029504776 -0.6294744610786438 -0.022284910082817078 0.0 0.25 1.0
v 0.1663951426744461 -0.9236882925033569 0.05954331159591675 0.0 0.25 1.0
v 0.3640700578689575 -0.49431997537612915 -0.012171310372650623 0.0 0.25 1.0
v 0.1397320181131363 -0.5954560041427612 0.10919189453125 0.0 0.25 1.0
v 0.25833696126937866 -0.2322857826948166 0.07057633250951767 0.0 0.25 1.0
v 0.5277265310287476 -0.5917782783508301 -0.11054906249046326 0.0 0.25 1.0
v 0.46060895919799805 -0.6239579319953918 -0.07745000720024109 0.0 0.25 1.0
v 0.33372926712036133 -0.9190912246704102 -0.04618978500366211 0.0 0.25 1.0
v 0.27304765582084656 -0.060354575514793396 0.0806899294257164 0.0 0.25 1.0
v 0.37326425313949585 -0.18079836666584015 0.015411236323416233 0.0 0.25 1.0
v 0.25833696126937866 -0.9089775681495667 0.006217054091393948 0.0 0.25 1.0
v 0.16179804503917694 -0.65981525182724 0.08252876996994019 0.0 0.25 1.0
v 0.4955468773841858 -0.48328694701194763 -0.08756360411643982 0.0 0.25 1.0
v 0.5672614574432373 -0.5595986843109131 -0.1316956728696823 0.0 0.25 1.0
v 0.47348082065582275 -0.7057861685752869 -0.10227429866790771 0.0 0.25 1.0
v 0.4091215431690216 -0.5320160984992981 -0.04618978500366211 0.0 0.25 1.0
v 0.47348082065582275 -0.8078415989875793 -0.1041131317615509 0.0 0.25 1.0
v 0.3833778500556946 -0.7232550978660583 -0.05170629546046257 0.0 0.25 1.0
v 0.3410845994949341 -0.45110732316970825 0.008975308388471603 0.0 0.25 1.0
v 0.20501071214675903 -0.38031211495399475 0.08712586015462875 0.0 0.25 1.0
v 0.29879137873649597 -0.26538485288619995 0.04667145758867264 0.0 0.25 1.0
v 0.3079855442047119 -0.15505465865135193 0.05770447477698326 0.0 0.25 1.0
v 0.5562284588813782 -0.45294615626335144 -0.1179044097661972 0.0 0.25 1.0
v 0.21420489251613617 -0.8216328620910645 0.03655785694718361 0.0 0.25 1.0
v 0.4477371275424957 -0.2451576441526413 -0.029640257358551025 0.0 0.25 1.0
v 0.24822336435317993 -0.1605711579322815 0.08252876996994019 0.0 0.25 1.0
v 0.46612548828125 -0.9669009447097778 -0.12342091649770737 0.0 0.25 1.0
v 0.11398830264806747 -0.8400212526321411 0.09080353379249573 0.0 0.25 1.0
v 0.5819721817970276 -0.6745259761810303 -0.1473257839679718 0.0 0.25 1.0
v 0.4238322377204895 -0.3435353934764862 -0.025043165311217308 0.0 0.25 1.0
v 0.20317186415195465 -0.2635459899902344 0.10459480434656143 0.0 0.25 1.0
v 0.23075442016124725 -0.42168593406677246 0.06873749196529388 0.0 0.25 1.0
v 0.40176621079444885 -0.39318397641181946 -0.021365493535995483 0.0 0.25 1.0
v 0.45877012610435486 -0.42260536551475525 -0.05906163901090622 0.0 0.25 1.0
v 0.07905040681362152 -0.8060027360916138 0.11654724180698395 0.0 0.25 1.0
v 0.47072258591651917 -0.8823144435882568 -0.11054906249046326 0.0 0.25 1.0
v 0.31534090638160706 -0.5798258781433105 0.0016199629753828049 0.0 0.25 1.0
v 0.5332430005073547 -0.36652085185050964 -0.09491895139217377 0.0 0.25 1.0
v 0.15076503157615662 -0.5494850873947144 0.09907829761505127 0.0 0.25 1.0
v 0.23351266980171204 -0.5770676136016846 0.05678505823016167 0.0 0.25 1.0
v 0.523129403591156 -0.7324492931365967 -0.12709859013557434 0.0 0.25 1.0
v 0.2850000858306885 -0.46214035153388977 0.027363672852516174 0.0 0.25 1.0
v 0.17375048995018005 -0.4970782399177551 0.09907829761505127 0.0 0.25 1.0
v 0.3962497115135193 -0.2304469496011734 -0.0011382916709408164 0.0 0.25 1.0
v 0.47623908519744873 -0.2727401852607727 -0.055383965373039246 0.0 0.25 1.0
v 0.15812037885189056 -0.801405668258667 0.07057633250951767 0.0 0.25 1.0
v 0.33189043402671814 -0.3573266565799713 0.020008327439427376 0.0 0.25 1.0
v 0.17558932304382324 -0.7315298914909363 0.07057633250951767 0.0 0.25 1.0
v 0.5838110446929932 -0.49615880846977234 -0.1335345208644867 0.0 0.25 1.0
v 0.38981378078460693 -0.9236882925033569 -0.06641698628664017 0.0 0.25 1.0
v 0.3511981964111328 -0.8473765850067139 -0.036995600908994675 0.0 0.25 1.0
v 0.23535150289535522 -0.7407240867614746 0.03655785694718361 0.0 0.25 1.0
v 0.2500621974468231 -0.8391017913818359 0.015411236323416233 0.0 0.25 1.0
v 0.3944108486175537 -0.28009551763534546 -0.01125189196318388 0.0 0.25 1.0
v 0.5405983328819275 -0.6708482503890991 -0.13077625632286072 0.0 0.25 1.0
v 0.3649894893169403 -0.4143306016921997 -0.007574219256639481 0.0 0.25 1.0
v 0.34384286403656006 -0.7499182224273682 -0.025043165311217308 0.0 0.25 1.0
v 0.24454568326473236 -0.5310966968536377 0.055865637958049774 0.0 0.25 1.0
v 0.4964662790298462 -0.3867480456829071 -0.07377233356237411 0.0 0.25 1.0
v 0.4422205984592438 -0.7692260146141052 -0.08388593047857285 0.0 0.25 1.0
v 0.5249682664871216 -0.8133581280708313 -0.1335345208644867 0.0 0.25 1.0
v 0.26017579436302185 -0.3269858658313751 0.0668986588716507 0.0 0.25 1.0
v 0.18754175305366516 -0.31135573983192444 0.11286956816911697 0.0 0.25 1.0
v 0.30522727966308594 -0.8924280405044556 -0.02044607512652874 0.0 0.25 1.0
v 0.09743877500295639 -0.7609512805938721 0.11654724180698395 0.0 0.25 1.0
v 0.45968955755233765 -0.3315829634666443 -0.05078687518835068 0.0 0.25 1.0
v 0.33280983567237854 -0.12195559591054916 0.04759087413549423 0.0 0.25 1.0
v 0.2702893912792206 -0.4198471009731293 0.05310738459229469 0.0 0.25 1.0
v 0.36315062642097473 -0.31135573983192444 0.006217054091393948 0.0 0.25 1.0
v 0.2224796563386917 -0.341696560382843 0.08528701961040497 0.0 0.25 1.0
v 0.4100409746170044 -0.48236754536628723 -0.03147909417748451 0.0 0.25 1.0
v 0.3107438087463379 -0.6883172392845154 -0.0038965463172644377 0.0 0.25 1.0
v 0.20133303105831146 -0.9080581665039062 0.03655785694718361 0.0 0.25 1.0
v 0.3944108486175537 -0.14218279719352722 0.006217054091393948 0.0 0.25 1.0
v 0.34292343258857727 -0.1605711579322815 0.035638436675071716 0.0 0.25 1.0
v 0.44865652918815613 -0.6873977780342102 -0.07469175010919571 0.0 0.25 1.0
v 0.15536212921142578 -0.40881407260894775 0.11470840126276016 0.0 0.25 1.0
v 0.24730394780635834 -0.662573516368866 0.035638436675071716 0.0 0.25 1.0
v 0.3079855442047119 -0.8087610006332397 -0.006654800847172737 0.0 0.25 1.0
v 0.43118759989738464 -0.8105998635292053 -0.08204709738492966 0.0 0.25 1.0
v 0.528645932674408 -0.8951863050460815 -0.1454869508743286 0.0 0.25 1.0
v 0.09284168481826782 -0.8887503743171692 0.0954006239771843 0.0 0.25 1.0
v 0.24454568326473236 -0.08150119334459305 0.09999771416187286 0.0 0.25 1.0
v 0.19765536487102509 -0.46673741936683655 0.08620643615722656 0.0 0.25 1.0
v 0.4495759606361389 -0.5844229459762573 -0.07101407647132874 0.0 0.25 1.0
v 0.4937080144882202 -0.6138443350791931 -0.09675778448581696 0.0 0.25 1.0
v 0.1526038646697998 -0.7609512805938721 0.08344818651676178 0.0 0.25 1.0
v 0.5148546695709229 -0.543049156665802 -0.10595197230577469 0.0 0.25 1.0
v 0.20041361451148987 -0.6322327256202698 0.06873749196529388 0.0 0.25 1.0
v 0.13421550393104553 -0.8942669034004211 0.07425400614738464 0.0 0.25 1.0
v 0.5323235988616943 -0.7683066129684448 -0.13813160359859467 0.0 0.25 1.0
v 0.324535071849823 -0.9687398076057434 -0.035156767815351486 0.0 0.25 1.0
v 0.2978719472885132 -0.3619237542152405 0.0374772734940052 0.0 0.25 1.0
v 0.2666117250919342 -0.2892897129058838 0.06230156496167183 0.0 0.25 1.0
v 0.2666117250919342 -0.7398046255111694 0.01449181791394949 0.0 0.25 1.0
v 0.4799167513847351 -0.45294615626335144 -0.06825581938028336 0.0 0.25 1.0
v 0.33464866876602173 -0.29572564363479614 0.025524836033582687 0.0 0.25 1.0
v 0.34292343258857727 -0.2037838101387024 0.027363672852516174 0.0 0.25 1.0
v 0.2500621974468231 -0.9549484848976135 0.009894726797938347 0.0 0.25 1.0
v 0.43302643299102783 -0.6515405178070068 -0.07009465992450714 0.0 0.25 1.0
v 0.3705059885978699 -0.5982142090797424 -0.03239851072430611 0.0 0.25 1.0
v 0.26201462745666504 -0.19642847776412964 0.0797705128788948 0.0 0.25 1.0
v 0.5507119297981262 -0.8418600559234619 -0.15008404850959778 0.0 0.25 1.0
v 0.18570291996002197 -0.8473765850067139 0.05034912750124931 0.0 0.25 1.0
v 0.4091215431690216 -0.6211996674537659 -0.05446454882621765 0.0 0.25 1.0
v 0.13329608738422394 -0.6451045870780945 0.10091713070869446 0.0 0.25 1.0
v 0.1691533923149109 -0.6965919733047485 0.0806899294257164 0.0 0.25 1.0
v 0.2500621974468231 -0.030933190137147903 0.09907829761505127 0.0 0.25 1.0
v 0.4688837230205536 -0.65981525182724 -0.08848302066326141 0.0 0.25 1.0
v 0.5130158066749573 -0.6910755038261414 -0.11698498576879501 0.0 0.25 1.0
v 0.34292343258857727 -0.883233904838562 -0.035156767815351486 0.0 0.25 1.0
v 0.4238322377204895 -0.880475640296936 -0.08204709738492966 0.0 0.25 1.0
v 0.5139352083206177 -0.9659815430641174 -0.14272870123386383 0.0 0.25 1.0
v 0.327293336391449 -0.6524599194526672 -0.010332473553717136 0.0 0.25 1.0
v 0.353037029504776 -0.08609828352928162 0.03931611031293869 0.0 0.25 1.0
v 0.4835944175720215 -0.8482959866523743 -0.11054906249046326 0.0 0.25 1.0
v 0.22891558706760406 -0.23412461578845978 0.09172295033931732 0.0 0.25 1.0
v 0.5314041972160339 -0.47777044773101807 -0.10687138885259628 0.0 0.25 1.0
v 0.33189043402671814 -0.2561906576156616 0.03471902012825012 0.0 0.25 1.0
v 0.4265905022621155 -0.4152500033378601 -0.035156767815351486 0.0 0.25 1.0
v 0.547953724861145 -0.40973350405693054 -0.11054906249046326 0.0 0.25 1.0
v 0.6233459711074829 -0.46305975317955017 -0.15284229815006256 0.0 0.25 1.0
v 0.36315062642097473 -0.2304469496011734 0.01449181791394949 0.0 0.25 1.0
v 0.3686671555042267 -0.7802590727806091 -0.039753858000040054 0.0 0.25 1.0
v 0.4394623637199402 -0.5439685583114624 -0.05998105928301811 0.0 0.25 1.0
v 0.2371903508901596 -0.12655268609523773 0.0944811999797821 0.0 0.25 1.0
v 0.15903979539871216 -0.624877393245697 0.08528701961040497 0.0 0.25 1.0
v 0.48911094665527344 -0.5237413644790649 -0.08020825684070587 0.0 0.25 1.0
v 0.406363308429718 -0.7526764869689941 -0.05998105928301811 0.0 0.25 1.0
v 0.19305826723575592 -0.5559210181236267 0.07609283924102783 0.0 0.25 1.0
v 0.40360504388809204 -0.9531096816062927 -0.07745000720024109 0.0 0.25 1.0
v 0.21604372560977936 -0.16608767211437225 0.10459480434656143 0.0 0.25 1.0
v 0.40268561244010925 -0.82347172498703 -0.06825581938028336 0.0 0.25 1.0
v 0.24546511471271515 -0.262626588344574 0.08344818651676178 0.0 0.25 1.0
v 0.30522727966308594 -0.5412102937698364 0.022766582667827606 0.0 0.25 1.0
v 0.3824584186077118 -0.5366132259368896 -0.02596258372068405 0.0 0.25 1.0
v 0.11398830264806747 -0.6956725716590881 0.11195015162229538 0.0 0.25 1.0
v 0.17834757268428802 -0.5310966968536377 0.0944811999797821 0.0 0.25 1.0
v 0.36315062642097473 -0.6690094470977783 -0.029640257358551025 0.0 0.25 1.0
v 0.47440025210380554 -0.9347212910652161 -0.1197432428598404 0.0 0.25 1.0
v 0.35763412714004517 -0.3849092125892639 0.006217054091393948 0.0 0.25 1.0
v 0.37234482169151306 -0.4593820869922638 -0.010332473553717136 0.0 0.25 1.0
v 0.2840806841850281 -0.6800424456596375 0.01449181791394949 0.0 0.25 1.0
v 0.2224796563386917 -0.7894532084465027 0.035638436675071716 0.0 0.25 1.0
v 0.17466990649700165 -0.8915086388587952 0.058623891323804855 0.0 0.25 1.0
v 0.49003034830093384 -0.42076653242111206 -0.07193349301815033 0.0 0.25 1.0
v 0.20041361451148987 -0.22768868505954742 0.10919189453125 0.0 0.25 1.0
v 0.23351266980171204 -0.5007559061050415 0.06322098523378372 0.0 0.25 1.0
v 0.40268561244010925 -0.6965919733047485 -0.05446454882621765 0.0 0.25 1.0
v 0.5047410726547241 -0.35456839203834534 -0.07377233356237411 0.0 0.25 1.0
v 0.4413011968135834 -0.9760951399803162 -0.1041131317615509 0.0 0.25 1.0
v 0.21696314215660095 -0.7186580300331116 0.0521879643201828 0.0 0.25 1.0
v 0.28683891892433167 -0.7848561406135559 -0.00021887347975280136 0.0 0.25 1.0
v 0.4835944175720215 -0.3030809760093689 -0.06457814574241638 0.0 0.25 1.0
v 0.34292343258857727 -0.5871812105178833 -0.013090728782117367 0.0 0.25 1.0
v 0.41647690534591675 -0.9126552939414978 -0.08020825684070587 0.0 0.25 1.0
v 0.5654226541519165 -0.6487822532653809 -0.13813160359859467 0.0 0.25 1.0
v 0.17099222540855408 -0.46581801772117615 0.10367538779973984 0.0 0.25 1.0
v 0.4413011968135834 -0.4593820869922638 -0.055383965373039246 0.0 0.25 1.0
v 0.4072827100753784 -0.8547319173812866 -0.07009465992450714 0.0 0.25 1.0
v 0.31809914112091064 -0.09529246389865875 0.055865637958049774 0.0 0.25 1.0
v 0.5755362510681152 -0.5292578935623169 -0.1335345208644867 0.0 0.25 1.0
v 0.17834757268428802 -0.3904257118701935 0.10367538779973984 0.0 0.25 1.0
v 0.31626030802726746 -0.7775008082389832 -0.008493637666106224 0.0 0.25 1.0
v 0.29143601655960083 -0.23596344888210297 0.05494622141122818 0.0 0.25 1.0
v 0.24822336435317993 -0.8722008466720581 0.012652982026338577 0.0 0.25 1.0
v 0.3089049756526947 -0.4419131278991699 0.027363672852516174 0.0 0.25 1.0
v 0.18570291996002197 -0.8161163330078125 0.05034912750124931 0.0 0.25 1.0
v 0.4275099039077759 -0.22309160232543945 -0.021365493535995483 0.0 0.25 1.0
v 0.13697375357151031 -0.9292048215866089 0.06781807541847229 0.0 0.25 1.0
v 0.497385710477829 -0.5835035443305969 -0.09216069430112839 0.0 0.25 1.0
v 0.28867775201797485 -0.19091196358203888 0.061382148414850235 0.0 0.25 1.0
v 0.25833696126937866 -0.0015118076698854566 0.09632004052400589 0.0 0.25 1.0
v 0.5194517374038696 -0.6239579319953918 -0.10962964594364166 0.0 0.25 1.0
v 0.27580592036247253 -0.16240999102592468 0.06965690851211548 0.0 0.25 1.0
v 0.3392457664012909 -0.3279052674770355 0.01816949062049389 0.0 0.25 1.0
v 0.40268561244010925 -0.30859750509262085 -0.016768401488661766 0.0 0.25 1.0
v 0.4652060568332672 -0.738885223865509 -0.09859662503004074 0.0 0.25 1.0
v 0.2224796563386917 -0.4566238224506378 0.07241516560316086 0.0 0.25 1.0
v 0.13145725429058075 -0.8151969313621521 0.08436760306358337 0.0 0.25 1.0
v 0.2371903508901596 -0.9282853603363037 0.015411236323416233 0.0 0.25 1.0
v 0.4229128360748291 -0.2561906576156616 -0.016768401488661766 0.0 0.25 1.0
v 0.384297251701355 -0.6294744610786438 -0.039753858000040054 0.0 0.25 1.0
v 0.545195460319519 -0.540290892124176 -0.12525975704193115 0.0 0.25 1.0
v 0.08640575408935547 -0.8335853219032288 0.10735306143760681 0.0 0.25 1.0
v 0.41279923915863037 -0.16424883902072906 -0.005735382903367281 0.0 0.25 1.0
v 0.3098243772983551 -0.9273659586906433 -0.026882002130150795 0.0 0.25 1.0
v 0.2804029881954193 -0.088856540620327 0.07333458214998245 0.0 0.25 1.0
v 0.2822418510913849 -0.9246076941490173 -0.006654800847172737 0.0 0.25 1.0
v 0.5865692496299744 -0.5715510845184326 -0.15100346505641937 0.0 0.25 1.0
v 0.494627445936203 -0.7250939607620239 -0.10962964594364166 0.0 0.25 1.0
v 0.43394583463668823 -0.5136277675628662 -0.05170629546046257 0.0 0.25 1.0
v 0.41831573843955994 -0.3720373511314392 -0.033317930996418 0.0 0.25 1.0
v 0.18570291996002197 -0.940237820148468 0.04483262076973915 0.0 0.25 1.0
v 0.38797494769096375 -0.5016753077507019 -0.029640257358551025 0.0 0.25 1.0
v 0.14249026775360107 -0.6910755038261414 0.09172295033931732 0.0 0.25 1.0
v 0.2509816288948059 0.02423190325498581 0.1082724779844284 0.0 0.25 1.0
v 0.2831612527370453 -0.8197939991950989 0.004378217738121748 0.0 0.25 1.0
v 0.3925720155239105 -0.5724705457687378 -0.036995600908994675 0.0 0.25 1.0
v 0.1250213235616684 -0.7591124176979065 0.09264236688613892 0.0 0.25 1.0
v 0.27212822437286377 -0.2571100890636444 0.06414040178060532 0.0 0.25 1.0
v 0.5304847359657288 -0.45018789172172546 -0.09767720848321915 0.0 0.25 1.0
v 0.31901857256889343 -0.7232550978660583 -0.014929564669728279 0.0 0.25 1.0
v 0.1682339757680893 -0.5871812105178833 0.08804527670145035 0.0 0.25 1.0
v 0.23167383670806885 -0.37939268350601196 0.07609283924102783 0.0 0.25 1.0
v 0.19213885068893433 -0.8749591112136841 0.042993783950805664 0.0 0.25 1.0
v 0.181105837225914 -0.27733728289604187 0.11654724180698395 0.0 0.25 1.0
v 0.16271746158599854 -0.43731606006622314 0.10735306143760681 0.0 0.25 1.0
v 0.45968955755233765 -0.9954029321670532 -0.11422673612833023 0.0 0.25 1.0
v 0.35947296023368835 -0.7278522253036499 -0.036995600908994675 0.0 0.25 1.0
v 0.209607794880867 -0.4878840446472168 0.07149574905633926 0.0 0.25 1.0
v 0.264772891998291 -0.5264996290206909 0.03655785694718361 0.0 0.25 1.0
v 0.2831612527370453 -0.7076250314712524 0.008055890910327435 0.0 0.25 1.0
v 0.37510308623313904 -0.7554347515106201 -0.05170629546046257 0.0 0.25 1.0
v 0.3116632103919983 -0.8299076557159424 -0.025043165311217308 0.0 0.25 1.0
v 0.3061467111110687 -0.12287501245737076 0.05678505823016167 0.0 0.25 1.0
v 0.14800678193569183 -0.83634352684021 0.07057633250951767 0.0 0.25 1.0
v 0.20041361451148987 -0.35364899039268494 0.09815887361764908 0.0 0.25 1.0
v 0.5902469158172607 -0.6414269208908081 -0.14916463196277618 0.0 0.25 1.0
v 0.37510308623313904 -0.8400212526321411 -0.04986745864152908 0.0 0.25 1.0
v 0.3649894893169403 -0.918171763420105 -0.05446454882621765 0.0 0.25 1.0
v 0.08456692099571228 -0.915413498878479 0.09815887361764908 0.0 0.25 1.0
v 0.20317186415195465 -0.747160017490387 0.04759087413549423 0.0 0.25 1.0
v 0.47531965374946594 -0.3591654896736145 -0.0627393126487732 0.0 0.25 1.0
v 0.0965193584561348 -0.861167848110199 0.10459480434656143 0.0 0.25 1.0
v 0.21420489251613617 -0.3159528374671936 0.09264236688613892 0.0 0.25 1.0
v 0.52037113904953 -0.39502280950546265 -0.08756360411643982 0.0 0.25 1.0
v 0.5074992775917053 -0.883233904838562 -0.1316956728696823 0.0 0.25 1.0
v 0.27212822437286377 -0.8850727081298828 0.0025393811520189047 0.0 0.25 1.0
v 0.6058770418167114 -0.49431997537612915 -0.15008404850959778 0.0 0.25 1.0
v 0.3263739049434662 -0.2286081165075302 0.04115494713187218 0.0 0.25 1.0
v 0.3392457664012909 -0.40697523951530457 0.009894726797938347 0.0 0.25 1.0
v 0.4652060568332672 -0.515466570854187 -0.06917524337768555 0.0 0.25 1.0
v 0.355795294046402 -0.5283384323120117 -0.007574219256639481 0.0 0.25 1.0
v 0.24270685017108917 -0.7664677500724792 0.030121928080916405 0.0 0.25 1.0
v 0.47256141901016235 -0.39686164259910583 -0.06457814574241638 0.0 0.25 1.0
v 0.49922454357147217 -0.7802590727806091 -0.11698498576879501 0.0 0.25 1.0
v 0.2785641551017761 -0.03369144722819328 0.08436760306358337 0.0 0.25 1.0
v 0.2233990728855133 -0.6726871132850647 0.04667145758867264 0.0 0.25 1.0
v 0.5911663770675659 -0.4704151153564453 -0.13905102014541626 0.0 0.25 1.0
v 0.12226306647062302 -0.8712814450263977 0.08252876996994019 0.0 0.25 1.0
v 0.5507119297981262 -0.6267161965370178 -0.13077625632286072 0.0 0.25 1.0
v 0.3254545032978058 -0.863926112651825 -0.02780142053961754 0.0 0.25 1.0
v 0.5534701943397522 -0.48972287774086 -0.11698498576879501 0.0 0.25 1.0
v 0.3778613209724426 -0.9540290832519531 -0.06917524337768555 0.0 0.25 1.0
v 0.5001439452171326 -0.8308270573616028 -0.12250149995088577 0.0 0.25 1.0
v 0.3282127380371094 -0.18631486594676971 0.04391320049762726 0.0 0.25 1.0
v 0.4495759606361389 -0.9475931525230408 -0.11514615267515182 0.0 0.25 1.0
v 0.30063021183013916 -0.06587108224630356 0.06322098523378372 0.0 0.25 1.0
v 0.24730394780635834 -0.3554878234863281 0.06781807541847229 0.0 0.25 1.0
v 0.29879137873649597 -0.3885868787765503 0.038396693766117096 0.0 0.25 1.0
v 0.3971691131591797 -0.3582460880279541 -0.010332473553717136 0.0 0.25 1.0
v 0.5700197219848633 -0.42076653242111206 -0.12066265940666199 0.0 0.25 1.0
v 0.4238322377204895 -0.7876144051551819 -0.07101407647132874 0.0 0.25 1.0
v 0.44314002990722656 -0.3977810740470886 -0.04894803836941719 0.0 0.25 1.0
v 0.21696314215660095 -0.545807421207428 0.0668986588716507 0.0 0.25 1.0
v 0.47256141901016235 -0.48328694701194763 -0.07009465992450714 0.0 0.25 1.0
v 0.49003034830093384 -0.9586261510848999 -0.13077625632286072 0.0 0.25 1.0
v 0.12961840629577637 -0.5412102937698364 0.12022491544485092 0.0 0.25 1.0
v 0.27396708726882935 -0.8574901819229126 0.005297635681927204 0.0 0.25 1.0
v 0.5589867234230042 -0.5954560041427612 -0.1316956728696823 0.0 0.25 1.0
v 0.5139352083206177 -0.5191442966461182 -0.09491895139217377 0.0 0.25 1.0
v 0.44314002990722656 -0.34997132420539856 -0.04159269481897354 0.0 0.25 1.0
v 0.26109522581100464 -0.1017283946275711 0.08988410979509354 0.0 0.25 1.0
v 0.30338844656944275 -0.03001377172768116 0.07425400614738464 0.0 0.25 1.0
v 0.5047410726547241 -0.4593820869922638 -0.08296651393175125 0.0 0.25 1.0
v 0.35855355858802795 -0.8225522637367249 -0.03883443772792816 0.0 0.25 1.0
v 0.20776896178722382 -0.4336383640766144 0.0797705128788948 0.0 0.25 1.0
v 0.3677477240562439 -0.6956725716590881 -0.03883443772792816 0.0 0.25 1.0
v 0.2519010305404663 -0.5614374876022339 0.040235526859760284 0.0 0.25 1.0
v 0.33097100257873535 -0.6276355981826782 -0.0048159644939005375 0.0 0.25 1.0
v 0.46060895919799805 -0.30675867199897766 -0.04435094818472862 0.0 0.25 1.0
v 0.21696314215660095 -0.6460239887237549 0.05494622141122818 0.0 0.25 1.0
v 0.47256141901016235 -0.5917782783508301 -0.07928884029388428 0.0 0.25 1.0
v 0.23167383670806885 -0.7030279040336609 0.038396693766117096 0.0 0.25 1.0
v 0.4826750159263611 -0.9007028341293335 -0.12342091649770737 0.0 0.25 1.0
v 0.10571353882551193 -0.8105998635292053 0.09907829761505127 0.0 0.25 1.0
v 0.1516844481229782 -0.48972287774086 0.10919189453125 0.0 0.25 1.0
v 0.2831612527370453 -0.3049198091030121 0.051268547773361206 0.0 0.25 1.0
v 0.2233990728855133 -0.8988639712333679 0.028283091261982918 0.0 0.25 1.0
v 0.1682339757680893 -0.7784202098846436 0.06781807541847229 0.0 0.25 1.0
v 0.4394623637199402 -0.6156831979751587 -0.06641698628664017 0.0 0.25 1.0
v 0.4229128360748291 -0.684639573097229 -0.06365872919559479 0.0 0.25 1.0
v 0.5332430005073547 -0.7011891007423401 -0.12801800668239594 0.0 0.25 1.0
v 0.21236605942249298 -0.40789467096328735 0.07885109633207321 0.0 0.25 1.0
v 0.5470342636108398 -0.3867480456829071 -0.10043545812368393 0.0 0.25 1.0
v 0.26017579436302185 -0.6414269208908081 0.03196076303720474 0.0 0.25 1.0
v 0.4817555844783783 -0.9862087368965149 -0.12617917358875275 0.0 0.25 1.0
v 0.30522727966308594 -0.29204797744750977 0.04115494713187218 0.0 0.25 1.0
v 0.491869181394577 -0.3343411982059479 -0.06825581938028336 0.0 0.25 1.0
v 0.1958165168762207 -0.7186580300331116 0.06505981832742691 0.0 0.25 1.0
v 0.20593012869358063 -0.8547319173812866 0.03655785694718361 0.0 0.25 1.0
v 0.12594074010849 -0.6156831979751587 0.10735306143760681 0.0 0.25 1.0
v 0.3070661425590515 -0.5706316828727722 0.022766582667827606 0.0 0.25 1.0
v 0.3236156702041626 -0.5476462244987488 0.008055890910327435 0.0 0.25 1.0
v 0.5902469158172607 -0.5485656261444092 -0.14364811778068542 0.0 0.25 1.0
v 0.38981378078460693 -0.47777044773101807 -0.018607238307595253 0.0 0.25 1.0
v 0.05790378898382187 -0.9190912246704102 0.11103073507547379 0.0 0.25 1.0
v 0.09835819154977798 -0.7820978760719299 0.10459480434656143 0.0 0.25 1.0
v 0.463367223739624 -0.7692260146141052 -0.09583836793899536 0.0 0.25 1.0
v 0.17007280886173248 -0.5641957521438599 0.0954006239771843 0.0 0.25 1.0
v 0.1397320181131363 -0.7839367389678955 0.08344818651676178 0.0 0.25 1.0
v 0.10571353882551193 -0.7296910285949707 0.11286956816911697 0.0 0.25 1.0
v 0.3521176278591156 -0.4704151153564453 -0.002977128140628338 0.0 0.25 1.0
v 0.2684505581855774 -0.9494320154190063 -0.0048159644939005375 0.0 0.25 1.0
v 0.19213885068893433 -0.6671705842018127 0.06873749196529388 0.0 0.25 1.0
v 0.5507119297981262 -0.7563541531562805 -0.1482452005147934 0.0 0.25 1.0
v 0.45693129301071167 -0.5531627535820007 -0.07377233356237411 0.0 0.25 1.0
v 0.41831573843955994 -0.44926849007606506 -0.034237347543239594 0.0 0.25 1.0
v 0.15628154575824738 -0.7186580300331116 0.08252876996994019 0.0 0.25 1.0
v 0.18754175305366516 -0.7517570853233337 0.06505981832742691 0.0 0.25 1.0
v 0.4523341953754425 -0.8087610006332397 -0.09308011084794998 0.0 0.25 1.0
v 0.2509816288948059 -0.4317995309829712 0.06046272814273834 0.0 0.25 1.0
v 0.181105837225914 -0.6202802658081055 0.07609283924102783 0.0 0.25 1.0
v 0.4624478220939636 -0.855651319026947 -0.10227429866790771 0.0 0.25 1.0
v 0.15812037885189056 -0.5191442966461182 0.09815887361764908 0.0 0.25 1.0
v 0.4514147937297821 -0.26814308762550354 -0.034237347543239594 0.0 0.25 1.0
v 0.3649894893169403 -0.5798258781433105 -0.01768781989812851 0.0 0.25 1.0
v 0.5755362510681152 -0.4465102255344391 -0.12985683977603912 0.0 0.25 1.0
v 0.33372926712036133 -0.8308270573616028 -0.033317930996418 0.0 0.25 1.0
v 0.2831612527370453 -0.45202672481536865 0.048510290682315826 0.0 0.25 1.0
v 0.35671472549438477 -0.3462936282157898 0.013572399504482746 0.0 0.25 1.0
v 0.19121943414211273 -0.4970782399177551 0.08252876996994019 0.0 0.25 1.0
v 0.28775835037231445 -0.5301772952079773 0.035638436675071716 0.0 0.25 1.0
v 0.38521668314933777 -0.4198471009731293 -0.01768781989812851 0.0 0.25 1.0
v 0.3925720155239105 -0.597294807434082 -0.039753858000040054 0.0 0.25 1.0
v 0.45877012610435486 -0.4455908238887787 -0.0618198961019516 0.0 0.25 1.0
v 0.29143601655960083 -0.4189276695251465 0.04391320049762726 0.0 0.25 1.0
v 0.2785641551017761 -0.38398978114128113 0.05310738459229469 0.0 0.25 1.0
v 0.3797001838684082 -0.2451576441526413 0.005297635681927204 0.0 0.25 1.0
v 0.4817555844783783 -0.6754453778266907 -0.09951604157686234 0.0 0.25 1.0
v 0.29143601655960083 -0.8767979741096497 -0.006654800847172737 0.0 0.25 1.0
v 0.23075442016124725 -0.83634352684021 0.027363672852516174 0.0 0.25 1.0
v 0.37510308623313904 -0.5577598214149475 -0.03055967576801777 0.0 0.25 1.0
v 0.4514147937297821 -0.8887503743171692 -0.10043545812368393 0.0 0.25 1.0
v 0.5424371957778931 -0.8060027360916138 -0.1473257839679718 0.0 0.25 1.0
v 0.17007280886173248 -0.820713460445404 0.0659792423248291 0.0 0.25 1.0
v 0.3355681002140045 -0.7830172777175903 -0.02320432849228382 0.0 0.25 1.0
v 0.3282127380371094 -0.37939268350601196 0.01816949062049389 0.0 0.25 1.0
v 0.2233990728855133 -0.259868323802948 0.08620643615722656 0.0 0.25 1.0
v 0.29051661491394043 -0.3325023651123047 0.045752037316560745 0.0 0.25 1.0
v 0.3769419193267822 -0.15413522720336914 0.013572399504482746 0.0 0.25 1.0
v 0.30430787801742554 -0.007947735488414764 0.07057633250951767 0.0 0.25 1.0
v 0.3401651978492737 -0.679123044013977 -0.013090728782117367 0.0 0.25 1.0
v 0.4642866551876068 -0.7177386283874512 -0.08572477102279663 0.0 0.25 1.0
v 0.154442697763443 -0.8850727081298828 0.06781807541847229 0.0 0.25 1.0
v 0.2666117250919342 -0.7738231420516968 0.012652982026338577 0.0 0.25 1.0
v 0.25741755962371826 -0.12655268609523773 0.08528701961040497 0.0 0.25 1.0
v 0.30338844656944275 -0.17712068557739258 0.0521879643201828 0.0 0.25 1.0
v 0.2666117250919342 0.03434550389647484 0.09632004052400589 0.0 0.25 1.0
v 0.22891558706760406 -0.09713130444288254 0.10091713070869446 0.0 0.25 1.0
v 0.25833696126937866 -0.4005393087863922 0.05678505823016167 0.0 0.25 1.0
v 0.5277265310287476 -0.5697122812271118 -0.10962964594364166 0.0 0.25 1.0
v 0.22064082324504852 -0.36376258730888367 0.08712586015462875 0.0 0.25 1.0
v 0.2381097674369812 -0.04748271778225899 0.10735306143760681 0.0 0.25 1.0
v 0.3962497115135193 -0.17804010212421417 -0.0011382916709408164 0.0 0.25 1.0
v 0.3282127380371094 -0.144941046833992 0.040235526859760284 0.0 0.25 1.0
v 0.30522727966308594 -0.6680900454521179 0.0025393811520189047 0.0 0.25 1.0
v 0.14616793394088745 -0.662573516368866 0.09815887361764908 0.0 0.25 1.0
v 0.33464866876602173 -0.4281218647956848 0.012652982026338577 0.0 0.25 1.0
v 0.20593012869358063 -0.2846926152706146 0.09999771416187286 0.0 0.25 1.0
v 0.3815390169620514 -0.3150334358215332 -0.0048159644939005375 0.0 0.25 1.0
v 0.463367223739624 -0.22309160232543945 -0.02596258372068405 0.0 0.25 1.0
v 0.5571478605270386 -0.6828007102012634 -0.13813160359859467 0.0 0.25 1.0
v 0.5488731265068054 -0.7177386283874512 -0.13721218705177307 0.0 0.25 1.0
v 0.4495759606361389 -0.741643488407135 -0.08388593047857285 0.0 0.25 1.0
v 0.24086801707744598 -0.19275079667568207 0.08252876996994019 0.0 0.25 1.0
v 0.35947296023368835 -0.8813950419425964 -0.04894803836941719 0.0 0.25 1.0
v 0.3125826418399811 -0.24883531033992767 0.048510290682315826 0.0 0.25 1.0
v 0.1397320181131363 -0.575228750705719 0.10183654725551605 0.0 0.25 1.0
v 0.41739630699157715 -0.4998364746570587 -0.04159269481897354 0.0 0.25 1.0
v 0.43210700154304504 -0.7545153498649597 -0.07193349301815033 0.0 0.25 1.0
v 0.17926698923110962 -0.36927908658981323 0.09999771416187286 0.0 0.25 1.0
v 0.5378401279449463 -0.6083278656005859 -0.1197432428598404 0.0 0.25 1.0
v 0.437623530626297 -0.9540290832519531 -0.09859662503004074 0.0 0.25 1.0
v 0.5332430005073547 -0.8299076557159424 -0.1473257839679718 0.0 0.25 1.0
v 0.1829446703195572 -0.6441851258277893 0.07149574905633926 0.0 0.25 1.0
v 0.31993797421455383 -0.7977280020713806 -0.02044607512652874 0.0 0.25 1.0
v 0.3649894893169403 -0.8023250699043274 -0.04067327454686165 0.0 0.25 1.0
v 0.3236156702041626 -0.7462405562400818 -0.013090728782117367 0.0 0.25 1.0
v 0.36131179332733154 -0.7563541531562805 -0.035156767815351486 0.0 0.25 1.0
v 0.06617855280637741 -0.883233904838562 0.11103073507547379 0.0 0.25 1.0
v 0.35671472549438477 -0.9503514170646667 -0.055383965373039246 0.0 0.25 1.0
v 0.3282127380371094 -0.763709545135498 -0.028720838949084282 0.0 0.25 1.0
v 0.41463807225227356 -0.7177386283874512 -0.06457814574241638 0.0 0.25 1.0
v 0.3686671555042267 -0.6487822532653809 -0.028720838949084282 0.0 0.25 1.0
v 0.4909497797489166 -0.5439685583114624 -0.0903218612074852 0.0 0.25 1.0
v 0.3787807524204254 -0.21941392123699188 0.006217054091393948 0.0 0.25 1.0
v 0.2519010305404663 -0.8115192651748657 0.02368600107729435 0.0 0.25 1.0
v 0.5157740712165833 -0.9411572217941284 -0.13905102014541626 0.0 0.25 1.0
v 0.5120964050292969 -0.6046501398086548 -0.10595197230577469 0.0 0.25 1.0
v 0.5084187388420105 -0.7977280020713806 -0.12342091649770737 0.0 0.25 1.0
v 0.3980885446071625 -0.24975472688674927 -0.008493637666106224 0.0 0.25 1.0
v 0.3916526138782501 -0.6837201118469238 -0.042512111365795135 0.0 0.25 1.0
v 0.20409129559993744 -0.3334217965602875 0.09999771416187286 0.0 0.25 1.0
v 0.12226306647062302 -0.6616541147232056 0.11286956816911697 0.0 0.25 1.0
v 0.43394583463668823 -0.4308801293373108 -0.04618978500366211 0.0 0.25 1.0
v 0.21420489251613617 -0.7627900838851929 0.040235526859760284 0.0 0.25 1.0
v 0.3135020434856415 -0.0456438809633255 0.06046272814273834 0.0 0.25 1.0
v 0.24362626671791077 -0.39502280950546265 0.07057633250951767 0.0 0.25 1.0
v 0.46612548828125 -0.9117358326911926 -0.1188238263130188 0.0 0.25 1.0
v 0.34476226568222046 -0.18355661630630493 0.02920250967144966 0.0 0.25 1.0
v 0.20593012869358063 -0.9273659586906433 0.03196076303720474 0.0 0.25 1.0
v 0.47440025210380554 -0.53753262758255 -0.07745000720024109 0.0 0.25 1.0
v 0.15812037885189056 -0.738885223865509 0.081609345972538 0.0 0.25 1.0
v 0.21696314215660095 -0.5660346150398254 0.06505981832742691 0.0 0.25 1.0
v 0.5654226541519165 -0.7021085023880005 -0.14916463196277618 0.0 0.25 1.0
v 0.41371864080429077 -0.29204797744750977 -0.013090728782117367 0.0 0.25 1.0
v 0.434865266084671 -0.3830703794956207 -0.036995600908994675 0.0 0.25 1.0
v 0.5865692496299744 -0.4170888364315033 -0.1316956728696823 0.0 0.25 1.0
v 0.33464866876602173 -0.09897013753652573 0.04483262076973915 0.0 0.25 1.0
v 0.34568169713020325 -0.7269327640533447 -0.022284910082817078 0.0 0.25 1.0
v 0.31534090638160706 -0.35272955894470215 0.03379959985613823 0.0 0.25 1.0
v 0.22707673907279968 -0.14953814446926117 0.10735306143760681 0.0 0.25 1.0
v 0.4394623637199402 -0.1890731304883957 -0.010332473553717136 0.0 0.25 1.0
v 0.5727779865264893 -0.46581801772117615 -0.12525975704193115 0.0 0.25 1.0
v 0.5424371957778931 -0.3462936282157898 -0.0894024446606636 0.0 0.25 1.0
v 0.5994411110877991 -0.5145471692085266 -0.1454869508743286 0.0 0.25 1.0
v 0.17007280886173248 -0.3775538504123688 0.11654724180698395 0.0 0.25 1.0
v 0.34752053022384644 -0.9347212910652161 -0.047109201550483704 0.0 0.25 1.0
v 0.45968955755233765 -0.2837732136249542 -0.04343153163790703 0.0 0.25 1.0
v 0.2629340589046478 -0.4474296569824219 0.05770447477698326 0.0 0.25 1.0
v 0.5470342636108398 -0.6460239887237549 -0.12801800668239594 0.0 0.25 1.0
v 0.2785641551017761 -0.7526764869689941 0.005297635681927204 0.0 0.25 1.0
v 0.5120964050292969 -0.36927908658981323 -0.08480534702539444 0.0 0.25 1.0
v 0.35671472549438477 -0.1320692002773285 0.02644425444304943 0.0 0.25 1.0
v 0.35763412714004517 -0.24791589379310608 0.021847164258360863 0.0 0.25 1.0
v 0.2086883783340454 -0.600053071975708 0.06505981832742691 0.0 0.25 1.0
v 0.11766597628593445 -0.7177386283874512 0.09999771416187286 0.0 0.25 1.0
v 0.40544387698173523 -0.3279052674770355 -0.01401014719158411 0.0 0.25 1.0
v 0.2666117250919342 -0.07874293625354767 0.08344818651676178 0.0 0.25 1.0
v 0.406363308429718 -0.2157362550497055 -0.009413056075572968 0.0 0.25 1.0
v 0.24546511471271515 -0.060354575514793396 0.0944811999797821 0.0 0.25 1.0
v 0.24730394780635834 -0.21113915741443634 0.08436760306358337 0.0 0.25 1.0
v 0.4504953622817993 -0.7039473056793213 -0.08664418756961823 0.0 0.25 1.0
v 0.3824584186077118 -0.2846926152706146 0.0034587993286550045 0.0 0.25 1.0
v 0.27488648891448975 -0.33526062965393066 0.05678505823016167 0.0 0.25 1.0
v 0.41279923915863037 -0.8032444715499878 -0.07377233356237411 0.0 0.25 1.0
v 0.47440025210380554 -0.6074084043502808 -0.0903218612074852 0.0 0.25 1.0
v 0.4256710708141327 -0.46397918462753296 -0.04527036473155022 0.0 0.25 1.0
v 0.2785641551017761 -0.9613844156265259 -0.016768401488661766 0.0 0.25 1.0
v 0.2371903508901596 -0.1725236028432846 0.09264236688613892 0.0 0.25 1.0
v 0.39992737770080566 -0.9797728061676025 -0.07928884029388428 0.0 0.25 1.0
v 0.14616793394088745 -0.4759316146373749 0.12114433199167252 0.0 0.25 1.0
v 0.4256710708141327 -0.5494850873947144 -0.048028621822595596 0.0 0.25 1.0
v 0.3070661425590515 -0.7250939607620239 -0.00021887347975280136 0.0 0.25 1.0
v 0.3263739049434662 -0.8179551959037781 -0.021365493535995483 0.0 0.25 1.0
v 0.23259325325489044 -0.6561375856399536 0.051268547773361206 0.0 0.25 1.0
v 0.4109603762626648 -0.4317995309829712 -0.033317930996418 0.0 0.25 1.0
v 0.5645032525062561 -0.7434822916984558 -0.1464063674211502 0.0 0.25 1.0
v 0.18938060104846954 -0.9218494296073914 0.04207436367869377 0.0 0.25 1.0
v 0.3659088909626007 -0.21205857396125793 0.01816949062049389 0.0 0.25 1.0
v 0.517612874507904 -0.763709545135498 -0.12709859013557434 0.0 0.25 1.0
v 0.40176621079444885 -0.5145471692085266 -0.03147909417748451 0.0 0.25 1.0
v 0.40360504388809204 -0.46489858627319336 -0.034237347543239594 0.0 0.25 1.0
v 0.2381097674369812 -0.5485656261444092 0.058623891323804855 0.0 0.25 1.0
v 0.3980885446071625 -0.8887503743171692 -0.06733640283346176 0.0 0.25 1.0
v 0.525887668132782 -0.33618003129959106 -0.0903218612074852 0.0 0.25 1.0
v 0.4937080144882202 -0.8602484464645386 -0.12066265940666199 0.0 0.25 1.0
v 0.1829446703195572 -0.7002696394920349 0.06873749196529388 0.0 0.25 1.0
v 0.38613608479499817 -0.19183138012886047 0.006217054091393948 0.0 0.25 1.0
v 0.3769419193267822 -0.6156831979751587 -0.029640257358551025 0.0 0.25 1.0
v 0.31442147493362427 -0.42536360025405884 0.02092774584889412 0.0 0.25 1.0
v 0.19397768378257751 -0.5743093490600586 0.07793167233467102 0.0 0.25 1.0
v 0.1388126015663147 -0.5081112384796143 0.11838607490062714 0.0 0.25 1.0
v 0.1241018995642662 -0.9126552939414978 0.0806899294257164 0.0 0.25 1.0
v 0.12226306647062302 -0.7352075576782227 0.10367538779973984 0.0 0.25 1.0
v 0.27488648891448975 -0.6497016549110413 0.024605419486761093 0.0 0.25 1.0
v 0.4789973497390747 -0.7903726696968079 -0.1050325483083725 0.0 0.25 1.0
v 0.12042423337697983 -0.8924280405044556 0.08620643615722656 0.0 0.25 1.0
v 0.5405983328819275 -0.7499182224273682 -0.1344539374113083 0.0 0.25 1.0
v 0.5755362510681152 -0.6552181839942932 -0.15192288160324097 0.0 0.25 1.0
v 0.40452447533607483 -0.7729036808013916 -0.06917524337768555 0.0 0.25 1.0
v 0.31993797421455383 -0.4465102255344391 0.013572399504482746 0.0 0.25 1.0
v 0.29143601655960083 -0.10080897808074951 0.06505981832742691 0.0 0.25 1.0
v 0.30338844656944275 -0.863926112651825 -0.02044607512652874 0.0 0.25 1.0
v 0.13237667083740234 -0.8565707802772522 0.07885109633207321 0.0 0.25 1.0
v 0.45601189136505127 -0.6552181839942932 -0.0765305832028389 0.0 0.25 1.0
v 0.46152839064598083 -0.9282853603363037 -0.10871022194623947 0.0 0.25 1.0
v 0.6159906387329102 -0.4455908238887787 -0.14272870123386383 0.0 0.25 1.0
v 0.5378401279449463 -0.4198471009731293 -0.09951604157686234 0.0 0.25 1.0
v 0.42934876680374146 -0.3297441005706787 -0.035156767815351486 0.0 0.25 1.0
v 0.2785641551017761 -0.43639662861824036 0.04115494713187218 0.0 0.25 1.0
v 0.42842933535575867 -0.5301772952079773 -0.05722280219197273 0.0 0.25 1.0
v 0.35671472549438477 -0.6120055317878723 -0.021365493535995483 0.0 0.25 1.0
v 0.5001439452171326 -0.6828007102012634 -0.10779080539941788 0.0 0.25 1.0
v 0.4652060568332672 -0.6423463225364685 -0.08848302066326141 0.0 0.25 1.0
v 0.2390291839838028 -0.7241745591163635 0.031041346490383148 0.0 0.25 1.0
v 0.33189043402671814 -0.7113026976585388 -0.012171310372650623 0.0 0.25 1.0
v 0.2564981281757355 -0.24975472688674927 0.07333458214998245 0.0 0.25 1.0
v 0.3668283224105835 -0.29296737909317017 0.0034587993286550045 0.0 0.25 1.0
v 0.2233990728855133 -0.6901560425758362 0.04942971095442772 0.0 0.25 1.0
v 0.3410845994949341 -0.0732264295220375 0.04115494713187218 0.0 0.25 1.0
v 0.22891558706760406 -0.4713345170021057 0.06505981832742691 0.0 0.25 1.0
v 0.31809914112091064 -0.8942669034004211 -0.03239851072430611 0.0 0.25 1.0
v 0.3668283224105835 -0.5292578935623169 -0.022284910082817078 0.0 0.25 1.0
v 0.28775835037231445 -0.34905189275741577 0.051268547773361206 0.0 0.25 1.0
v 0.41279923915863037 -0.7352075576782227 -0.06457814574241638 0.0 0.25 1.0
v 0.5084187388420105 -0.8151969313621521 -0.12801800668239594 0.0 0.25 1.0
v 0.23259325325489044 -0.9062193632125854 0.015411236323416233 0.0 0.25 1.0
v 0.20317186415195465 -0.24699647724628448 0.1101113110780716 0.0 0.25 1.0
v 0.4826750159263611 -0.5743093490600586 -0.09216069430112839 0.0 0.25 1.0
v 0.27672532200813293 -0.2010255604982376 0.06873749196529388 0.0 0.25 1.0
v 0.21604372560977936 -0.29204797744750977 0.08804527670145035 0.0 0.25 1.0
v 0.38981378078460693 -0.38123154640197754 -0.01768781989812851 0.0 0.25 1.0
v 0.20041361451148987 -0.8078415989875793 0.04667145758867264 0.0 0.25 1.0
v 0.1829446703195572 -0.29480621218681335 0.11103073507547379 0.0 0.25 1.0
v 0.3484399616718292 -0.6451045870780945 -0.016768401488661766 0.0 0.25 1.0
v 0.4256710708141327 -0.398700475692749 -0.039753858000040054 0.0 0.25 1.0
v 0.2785641551017761 -0.8436989188194275 -0.0038965463172644377 0.0 0.25 1.0
v 0.10019703209400177 -0.7480794191360474 0.10551422089338303 0.0 0.25 1.0
v 0.5084187388420105 -0.49431997537612915 -0.0903218612074852 0.0 0.25 1.0
v 0.5635837912559509 -0.48144811391830444 -0.12801800668239594 0.0 0.25 1.0
v 0.49003034830093384 -0.6441851258277893 -0.10043545812368393 0.0 0.25 1.0
v 0.2684505581855774 -0.14769931137561798 0.07425400614738464 0.0 0.25 1.0
v 0.4698031544685364 -0.8243911266326904 -0.10227429866790771 0.0 0.25 1.0
v 0.4983051121234894 -0.5127083659172058 -0.09308011084794998 0.0 0.25 1.0
v 0.38981378078460693 -0.8188745975494385 -0.058142222464084625 0.0 0.25 1.0
v 0.20776896178722382 -0.8372629880905151 0.038396693766117096 0.0 0.25 1.0
v 0.353037029504776 -0.15137697756290436 0.025524836033582687 0.0 0.25 1.0
v 0.523129403591156 -0.9098970293998718 -0.13905102014541626 0.0 0.25 1.0
v 0.25925639271736145 -0.5228219628334045 0.0521879643201828 0.0 0.25 1.0
v 0.5222100019454956 -0.5117889046669006 -0.10779080539941788 0.0 0.25 1.0
v 0.33372926712036133 -0.0456438809633255 0.05310738459229469 0.0 0.25 1.0
v 0.31717973947525024 -0.16792650520801544 0.048510290682315826 0.0 0.25 1.0
v 0.209607794880867 -0.6166025996208191 0.061382148414850235 0.0 0.25 1.0
v 0.24822336435317993 -0.6883172392845154 0.030121928080916405 0.0 0.25 1.0
v 0.40268561244010925 -0.5605180859565735 -0.04343153163790703 0.0 0.25 1.0
v 0.3944108486175537 -0.5467268228530884 -0.03239851072430611 0.0 0.25 1.0
v 0.31901857256889343 -0.2856120467185974 0.03379959985613823 0.0 0.25 1.0
v 0.4642866551876068 -0.4979976415634155 -0.07009465992450714 0.0 0.25 1.0
v 0.3548758625984192 -0.5081112384796143 -0.014929564669728279 0.0 0.25 1.0
v 0.4256710708141327 -0.6184414625167847 -0.055383965373039246 0.0 0.25 1.0
v 0.4937080144882202 -0.885992169380188 -0.12250149995088577 0.0 0.25 1.0
v 0.2831612527370453 -0.9080581665039062 -0.0038965463172644377 0.0 0.25 1.0
v 0.20776896178722382 -0.5071918368339539 0.07609283924102783 0.0 0.25 1.0
v 0.353037029504776 -0.42168593406677246 0.0016199629753828049 0.0 0.25 1.0
v 0.23443208634853363 -0.8823144435882568 0.025524836033582687 0.0 0.25 1.0
v 0.26017579436302185 -0.2157362550497055 0.07241516560316086 0.0 0.25 1.0
v 0.5507119297981262 -0.520983099937439 -0.12158207595348358 0.0 0.25 1.0
v 0.5332430005073547 -0.5485656261444092 -0.11698498576879501 0.0 0.25 1.0
v 0.47072258591651917 -0.3444547951221466 -0.05630338564515114 0.0 0.25 1.0
v 0.27580592036247253 -0.2754984498023987 0.06046272814273834 0.0 0.25 1.0
v 0.46152839064598083 -0.23688288033008575 -0.035156767815351486 0.0 0.25 1.0
v 0.43026816844940186 -0.9862087368965149 -0.09675778448581696 0.0 0.25 1.0
v 0.2804029881954193 -0.22584985196590424 0.06230156496167183 0.0 0.25 1.0
v 0.5212906002998352 -0.6395880579948425 -0.11514615267515182 0.0 0.25 1.0
v 0.3815390169620514 -0.5844229459762573 -0.04067327454686165 0.0 0.25 1.0
v 0.3254545032978058 -0.9521902799606323 -0.036995600908994675 0.0 0.25 1.0
v 0.2684505581855774 0.017795974388718605 0.09632004052400589 0.0 0.25 1.0
v 0.5029022097587585 -0.5687928795814514 -0.09767720848321915 0.0 0.25 1.0
v 0.25833696126937866 -0.04380504786968231 0.09264236688613892 0.0 0.25 1.0
v 0.3971691131591797 -0.40973350405693054 -0.02320432849228382 0.0 0.25 1.0
v 0.3493593633174896 -0.27825668454170227 0.019088909029960632 0.0 0.25 1.0
v 0.43210700154304504 -0.9383989572525024 -0.09767720848321915 0.0 0.25 1.0
v 0.30154961347579956 -0.918171763420105 -0.015848983079195023 0.0 0.25 1.0
v 0.3640700578689575 -0.16240999102592468 0.020008327439427376 0.0 0.25 1.0
v 0.5056604743003845 -0.5513238906860352 -0.09216069430112839 0.0 0.25 1.0
v 0.324535071849823 -0.3058392405509949 0.03379959985613823 0.0 0.25 1.0
v 0.29603311419487 -0.404217004776001 0.03379959985613823 0.0 0.25 1.0
v 0.5314041972160339 -0.8795562386512756 -0.14088986814022064 0.0 0.25 1.0
v 0.24822336435317993 -0.34077712893486023 0.07517342269420624 0.0 0.25 1.0
v 0.16271746158599854 -0.7600318193435669 0.07057633250951767 0.0 0.25 1.0
v 0.49003034830093384 -0.7407240867614746 -0.10779080539941788 0.0 0.25 1.0
v 0.2794835865497589 -0.6644123196601868 0.019088909029960632 0.0 0.25 1.0
v 0.15076503157615662 -0.42444419860839844 0.11562782526016235 0.0 0.25 1.0
v 0.17742815613746643 -0.662573516368866 0.07885109633207321 0.0 0.25 1.0
v 0.2399486005306244 -0.8004862666130066 0.024605419486761093 0.0 0.25 1.0
v 0.24730394780635834 -0.0005923894350416958 0.1082724779844284 0.0 0.25 1.0
v 0.19030001759529114 -0.39134514331817627 0.09264236688613892 0.0 0.25 1.0
v 0.14708736538887024 -0.6037307381629944 0.09723945707082748 0.0 0.25 1.0
v 0.35947296023368835 -0.684639573097229 -0.026882002130150795 0.0 0.25 1.0
v 0.43118759989738464 -0.31043633818626404 -0.02780142053961754 0.0 0.25 1.0
v 0.2114466279745102 -0.21297800540924072 0.10919189453125 0.0 0.25 1.0
v 0.37602248787879944 -0.6634929180145264 -0.03791502118110657 0.0 0.25 1.0
v 0.28867775201797485 -0.11827792227268219 0.0659792423248291 0.0 0.25 1.0
v 0.40544387698173523 -0.26814308762550354 -0.01125189196318388 0.0 0.25 1.0
v 0.08364750444889069 -0.8170357942581177 0.10551422089338303 0.0 0.25 1.0
v 0.4219934046268463 -0.8988639712333679 -0.08664418756961823 0.0 0.25 1.0
v 0.37142542004585266 -0.19826731085777283 0.011733563616871834 0.0 0.25 1.0
v 0.37234482169151306 -0.8878309726715088 -0.05630338564515114 0.0 0.25 1.0
v 0.09468051791191101 -0.7968086004257202 0.1101113110780716 0.0 0.25 1.0
v 0.5157740712165833 -0.4446713924407959 -0.09399953484535217 0.0 0.25 1.0
v 0.17558932304382324 -0.32606643438339233 0.11286956816911697 0.0 0.25 1.0
v 0.1397320181131363 -0.804163932800293 0.07609283924102783 0.0 0.25 1.0
v 0.35855355858802795 -0.594536542892456 -0.022284910082817078 0.0 0.25 1.0
v 0.31442147493362427 -0.26630425453186035 0.042993783950805664 0.0 0.25 1.0
v 0.15903979539871216 -0.39318397641181946 0.11378898471593857 0.0 0.25 1.0
v 0.1801864206790924 -0.6046501398086548 0.0797705128788948 0.0 0.25 1.0
v 0.5718585848808289 -0.5136277675628662 -0.1335345208644867 0.0 0.25 1.0
v 0.5222100019454956 -0.48328694701194763 -0.09491895139217377 0.0 0.25 1.0
v 0.21788255870342255 -0.5191442966461182 0.0668986588716507 0.0 0.25 1.0
v 0.23259325325489044 -0.3334217965602875 0.07609283924102783 0.0 0.25 1.0
v 0.3953302800655365 -0.5310966968536377 -0.035156767815351486 0.0 0.25 1.0
v 0.26017579436302185 -0.018980754539370537 0.09632004052400589 0.0 0.25 1.0
v 0.27120882272720337 -0.7250939607620239 0.01081414520740509 0.0 0.25 1.0
v 0.1967359483242035 -0.8933475017547607 0.040235526859760284 0.0 0.25 1.0
v 0.4835944175720215 -0.4906423091888428 -0.08020825684070587 0.0 0.25 1.0
v 0.5681809186935425 -0.6294744610786438 -0.1454869508743286 0.0 0.25 1.0
v 0.21236605942249298 -0.39502280950546265 0.08804527670145035 0.0 0.25 1.0
v 0.31901857256889343 -0.8510542511940002 -0.021365493535995483 0.0 0.25 1.0
v 0.3815390169620514 -0.852893054485321 -0.05630338564515114 0.0 0.25 1.0
v 0.23627091944217682 -0.2019449770450592 0.0944811999797821 0.0 0.25 1.0
v 0.19949419796466827 -0.7057861685752869 0.05678505823016167 0.0 0.25 1.0
v 0.34200403094291687 -0.30951690673828125 0.02368600107729435 0.0 0.25 1.0
v 0.5396789312362671 -0.4437519609928131 -0.10871022194623947 0.0 0.25 1.0
v 0.4394623637199402 -0.28009551763534546 -0.03055967576801777 0.0 0.25 1.0
v 0.2105272114276886 -0.19091196358203888 0.11195015162229538 0.0 0.25 1.0
v 0.19949419796466827 -0.7894532084465027 0.05402680113911629 0.0 0.25 1.0
v 0.13053783774375916 -0.6303938627243042 0.1101113110780716 0.0 0.25 1.0
v 0.5488731265068054 -0.42536360025405884 -0.11054906249046326 0.0 0.25 1.0
v 0.585649847984314 -0.39594224095344543 -0.1179044097661972 0.0 0.25 1.0
v 0.30522727966308594 -0.7664677500724792 -0.009413056075572968 0.0 0.25 1.0
v 0.40176621079444885 -0.6101666688919067 -0.04618978500366211 0.0 0.25 1.0
v 0.33464866876602173 -0.5550015568733215 -0.00021887347975280136 0.0 0.25 1.0
v 0.2252379059791565 -0.5329355597496033 0.06414040178060532 0.0 0.25 1.0
v 0.30430787801742554 -0.22768868505954742 0.0521879643201828 0.0 0.25 1.0
v 0.2537398636341095 -0.942996084690094 0.0007005447405390441 0.0 0.25 1.0
v 0.1516844481229782 -0.9338018894195557 0.0659792423248291 0.0 0.25 1.0
v 0.33280983567237854 -0.341696560382843 0.02092774584889412 0.0 0.25 1.0
v 0.4808361828327179 -0.38398978114128113 -0.0627393126487732 0.0 0.25 1.0
v 0.22064082324504852 -0.43915489315986633 0.07333458214998245 0.0 0.25 1.0
v 0.13605433702468872 -0.8299076557159424 0.08436760306358337 0.0 0.25 1.0
v 0.2528204619884491 -0.088856540620327 0.08896469324827194 0.0 0.25 1.0
v 0.2252379059791565 -0.937479555606842 0.01816949062049389 0.0 0.25 1.0
v 0.44314002990722656 -0.47960928082466125 -0.05078687518835068 0.0 0.25 1.0
v 0.24822336435317993 -0.3177916705608368 0.06965690851211548 0.0 0.25 1.0
v 0.34384286403656006 -0.38123154640197754 0.011733563616871834 0.0 0.25 1.0
v 0.17466990649700165 -0.45294615626335144 0.09632004052400589 0.0 0.25 1.0
v 0.3815390169620514 -0.5127083659172058 -0.021365493535995483 0.0 0.25 1.0
v 0.19030001759529114 -0.32238876819610596 0.10275597125291824 0.0 0.25 1.0
v 0.11674655973911285 -0.684639573097229 0.10183654725551605 0.0 0.25 1.0
v 0.25833696126937866 -0.5531627535820007 0.051268547773361206 0.0 0.25 1.0
v 0.37326425313949585 -0.4446713924407959 -0.01401014719158411 0.0 0.25 1.0
v 0.14616793394088745 -0.9172523617744446 0.06965690851211548 0.0 0.25 1.0
v 0.24270685017108917 -0.8501348495483398 0.022766582667827606 0.0 0.25 1.0
v 0.21972139179706573 -0.18079836666584015 0.10551422089338303 0.0 0.25 1.0
v 0.3392457664012909 -0.22401101887226105 0.03471902012825012 0.0 0.25 1.0
v 0.5553090572357178 -0.7802590727806091 -0.1473257839679718 0.0 0.25 1.0
v 0.34752053022384644 -0.29296737909317017 0.016330653801560402 0.0 0.25 1.0
v 0.5819721817970276 -0.5825841426849365 -0.14180928468704224 0.0 0.25 1.0
v 0.29879137873649597 -0.7572736144065857 0.0025393811520189047 0.0 0.25 1.0
v 0.5249682664871216 -0.7802590727806091 -0.1326151043176651 0.0 0.25 1.0
v 0.34384286403656006 -0.43823546171188354 0.0016199629753828049 0.0 0.25 1.0
v 0.2371903508901596 -0.028174936771392822 0.10643363744020462 0.0 0.25 1.0
v -0.728198766708374 0.7616053223609924 -0.16571415960788727 0.5 0.0 1.0
v 0.01561055239289999 0.2099543809890747 0.0668986588716507 0.5 0.0 1.0
v -0.5718976855278015 0.27707192301750183 0.09907829761505127 0.5 0.0 1.0
v -0.42295193672180176 0.5676080584526062 -0.08572477102279663 0.5 0.0 1.0
v -0.7806056141853333 0.4940546154975891 0.0016199629753828049 0.5 0.0 1.0
v -0.271247923374176 0.32947874069213867 0.02920250967144966 0.5 0.0 1.0
v -0.15356239676475525 0.5225566029548645 -0.0903218612074852 0.5 0.0 1.0
v -0.8164629340171814 0.2991379499435425 0.11746665835380554 0.5 0.0 1.0
v -0.6233851313591003 0.599787712097168 -0.07745000720024109 0.5 0.0 1.0
v -0.06529825180768967 0.3680943250656128 -0.010332473553717136 0.5 0.0 1.0
v -0.1756284385919571 0.17593590915203094 0.10183654725551605 0.5 0.0 1.0
v -0.2749256193637848 0.6650664210319519 -0.1611170619726181 0.5 0.0 1.0
v -0.4588092565536499 0.40487104654312134 0.01081414520740509 0.5 0.0 1.0
v -0.49190831184387207 0.71379554271698 -0.16571415960788727 0.5 0.0 1.0
v -0.6399346590042114 0.4131458103656769 0.03379959985613823 0.5 0.0 1.0
v -0.29331398010253906 0.4710691571235657 -0.04343153163790703 0.5 0.0 1.0
v 0.13237667083740234 0.11709314584732056 0.10735306143760681 0.5 0.0 1.0
v -0.40824124217033386 0.2917826175689697 0.06965690851211548 0.5 0.0 1.0
v -0.5387986302375793 0.5032488107681274 -0.035156767815351486 0.5 0.0 1.0
v -0.755781352519989 0.6200149059295654 -0.07928884029388428 0.5 0.0 1.0
v -0.00921374000608921 0.46187499165534973 -0.08020825684070587 0.5 0.0 1.0
v -0.14804589748382568 0.6301285028457642 -0.15651996433734894 0.5 0.0 1.0
v -0.6160297393798828 0.7128761410713196 -0.14088986814022064 0.5 0.0 1.0
v -0.6950997114181519 0.3092515468597412 0.0954006239771843 0.5 0.0 1.0
v -0.09563905000686646 0.2642000615596771 0.048510290682315826 0.5 0.0 1.0
v -0.17930610477924347 0.41958174109458923 -0.02780142053961754 0.5 0.0 1.0
v -0.7612978219985962 0.395676851272583 0.05494622141122818 0.5 0.0 1.0
v -0.276764452457428 0.23018158972263336 0.08344818651676178 0.5 0.0 1.0
v -0.28044211864471436 0.5676080584526062 -0.09951604157686234 0.5 0.0 1.0
v -0.3907723128795624 0.6724217534065247 -0.1464063674211502 0.5 0.0 1.0
v -0.6647589206695557 0.515201210975647 -0.02596258372068405 0.5 0.0 1.0
v -0.5461539626121521 0.36073896288871765 0.045752037316560745 0.5 0.0 1.0
v -0.5020219087600708 0.6292091012001038 -0.11054906249046326 0.5 0.0 1.0
v 0.01928822509944439 0.3120098114013672 0.008055890910327435 0.5 0.0 1.0
v -0.3438819646835327 0.3929186165332794 0.0016199629753828049 0.5 0.0 1.0
v -0.40824124217033386 0.4821021854877472 -0.03607618436217308 0.5 0.0 1.0
v -0.16827309131622314 0.33223700523376465 0.01816949062049389 0.5 0.0 1.0
v 0.10755237191915512 0.24213401973247528 0.03655785694718361 0.5 0.0 1.0
v -0.08092836290597916 0.1805330067873001 0.09080353379249573 0.5 0.0 1.0
v -0.09563905000686646 0.44716429710388184 -0.05446454882621765 0.5 0.0 1.0
v -0.7088910341262817 0.684374213218689 -0.11330731213092804 0.5 0.0 1.0
v -0.19769448041915894 0.25960296392440796 0.0659792423248291 0.5 0.0 1.0
v -0.5590258240699768 0.43245360255241394 0.005297635681927204 0.5 0.0 1.0
v -0.3484790623188019 0.5289925336837769 -0.07285290956497192 0.5 0.0 1.0
v -0.7107298374176025 0.44808369874954224 0.009894726797938347 0.5 0.0 1.0
v -0.4891500473022461 0.30281561613082886 0.07241516560316086 0.5 0.0 1.0
v -0.35031789541244507 0.6062236428260803 -0.11606556922197342 0.5 0.0 1.0
v -0.2574566602706909 0.40395161509513855 -0.015848983079195023 0.5 0.0 1.0
v -0.0882837101817131 0.5804799199104309 -0.13813160359859467 0.5 0.0 1.0
v -0.6243045330047607 0.335914671421051 0.07149574905633926 0.5 0.0 1.0
v -0.5443151593208313 0.5703663229942322 -0.0765305832028389 0.5 0.0 1.0
v -0.2179216742515564 0.6117401719093323 -0.13077625632286072 0.5 0.0 1.0
v -0.37054508924484253 0.23293983936309814 0.10091713070869446 0.5 0.0 1.0
v 0.07169506698846817 0.15570871531963348 0.08896469324827194 0.5 0.0 1.0
v 0.15628154575824738 0.1823718398809433 0.061382148414850235 0.5 0.0 1.0
v -0.23631003499031067 0.5069264769554138 -0.07377233356237411 0.5 0.0 1.0
v -0.7346346974372864 0.5602527260780334 -0.04159269481897354 0.5 0.0 1.0
v -0.34939849376678467 0.3258010745048523 0.042993783950805664 0.5 0.0 1.0
v -0.5728170871734619 0.6439197659492493 -0.10687138885259628 0.5 0.0 1.0
v -0.4698422849178314 0.5188789367675781 -0.04986745864152908 0.5 0.0 1.0
v -0.05334581434726715 0.5262342691421509 -0.10871022194623947 0.5 0.0 1.0
v -0.4045635759830475 0.3680943250656128 0.030121928080916405 0.5 0.0 1.0
v -0.6224656701087952 0.4655526578426361 -0.005735382903367281 0.5 0.0 1.0
v -0.028521522879600525 0.2642000615596771 0.038396693766117096 0.5 0.0 1.0
v -0.4900694787502289 0.46095556020736694 -0.016768401488661766 0.5 0.0 1.0
v -0.6003996729850769 0.5289925336837769 -0.03883443772792816 0.5 0.0 1.0
v -0.7567007541656494 0.3349952697753906 0.08252876996994019 0.5 0.0 1.0
v -0.5498316287994385 0.6972460150718689 -0.13905102014541626 0.5 0.0 1.0
v -0.6886637806892395 0.6043847799301147 -0.07193349301815033 0.5 0.0 1.0
v -0.14160996675491333 0.2255844920873642 0.07701225578784943 0.5 0.0 1.0
v -0.6886637806892395 0.36257779598236084 0.058623891323804855 0.5 0.0 1.0
v -0.0018583941273391247 0.3690137267112732 -0.022284910082817078 0.5 0.0 1.0
v -0.4551315903663635 0.6696634888648987 -0.13629277050495148 0.5 0.0 1.0
v 0.04503193497657776 0.26052239537239075 0.03655785694718361 0.5 0.0 1.0
v -0.6380957961082458 0.2807495892047882 0.10275597125291824 0.5 0.0 1.0
v -0.32181593775749207 0.27339422702789307 0.06965690851211548 0.5 0.0 1.0
v 0.06342030316591263 0.3497059643268585 -0.022284910082817078 0.5 0.0 1.0
v -0.18298378586769104 0.47566625475883484 -0.05906163901090622 0.5 0.0 1.0
v -0.8137046694755554 0.36165839433670044 0.07793167233467102 0.5 0.0 1.0
v -0.39444997906684875 0.4278565049171448 -0.008493637666106224 0.5 0.0 1.0
v -0.7962357401847839 0.4407283663749695 0.030121928080916405 0.5 0.0 1.0
v -0.6334987282752991 0.6613887548446655 -0.11238789558410645 0.5 0.0 1.0
v -0.41008007526397705 0.6200149059295654 -0.11514615267515182 0.5 0.0 1.0
v -0.48363354802131653 0.5758828520774841 -0.08020825684070587 0.5 0.0 1.0
v -0.10943032801151276 0.31660690903663635 0.02092774584889412 0.5 0.0 1.0
v -0.475358784198761 0.3570612967014313 0.042993783950805664 0.5 0.0 1.0
v -0.20504982769489288 0.559333324432373 -0.1050325483083725 0.5 0.0 1.0
v -0.2326323688030243 0.19340485334396362 0.10459480434656143 0.5 0.0 1.0
v -0.35031789541244507 0.4545196294784546 -0.036995600908994675 0.5 0.0 1.0
v -0.026682686060667038 0.41958174109458923 -0.04343153163790703 0.5 0.0 1.0
v -0.09931672364473343 0.502329409122467 -0.08204709738492966 0.5 0.0 1.0
v -0.12322159856557846 0.37361082434654236 -0.007574219256639481 0.5 0.0 1.0
v -0.051506977528333664 0.31476807594299316 0.016330653801560402 0.5 0.0 1.0
v -0.29423338174819946 0.6181761026382446 -0.12525975704193115 0.5 0.0 1.0
v -0.3356072008609772 0.6632275581359863 -0.1482452005147934 0.5 0.0 1.0
v -0.5240879654884338 0.24948936700820923 0.10735306143760681 0.5 0.0 1.0
v -0.22067993879318237 0.34878653287887573 0.008975308388471603 0.5 0.0 1.0
v -0.589366614818573 0.39107978343963623 0.02920250967144966 0.5 0.0 1.0
v -0.245504230260849 0.2844272553920746 0.05494622141122818 0.5 0.0 1.0
v -0.6665977835655212 0.7321839332580566 -0.14916463196277618 0.5 0.0 1.0
v 0.20317186415195465 0.09043001383543015 0.11195015162229538 0.5 0.0 1.0
v -0.7245211005210876 0.4977322816848755 -0.008493637666106224 0.5 0.0 1.0
v -0.5148937702178955 0.40119338035583496 0.013572399504482746 0.5 0.0 1.0
v -0.14069055020809174 0.5768022537231445 -0.12434033304452896 0.5 0.0 1.0
v 0.0827280804514885 0.20167961716651917 0.06230156496167183 0.5 0.0 1.0
v -0.041393376886844635 0.2117932140827179 0.07149574905633926 0.5 0.0 1.0
v -0.046909887343645096 0.14375627040863037 0.10459480434656143 0.5 0.0 1.0
v 0.08456692099571228 0.2853466868400574 0.01449181791394949 0.5 0.0 1.0
v -0.23814888298511505 0.46279439330101013 -0.047109201550483704 0.5 0.0 1.0
v -0.6491288542747498 0.5611721277236938 -0.055383965373039246 0.5 0.0 1.0
v -0.7107298374176025 0.4067098796367645 0.04483262076973915 0.5 0.0 1.0
v -0.5452345609664917 0.3129292130470276 0.07609283924102783 0.5 0.0 1.0
v -0.2914751470088959 0.5234760046005249 -0.07836942374706268 0.5 0.0 1.0
v -0.3061858117580414 0.36165839433670044 0.013572399504482746 0.5 0.0 1.0
v -0.15448181331157684 0.27707192301750183 0.05034912750124931 0.5 0.0 1.0
v -0.12781868875026703 0.17041939496994019 0.1082724779844284 0.5 0.0 1.0
v -0.43950146436691284 0.26144179701805115 0.09080353379249573 0.5 0.0 1.0
v -0.4018053114414215 0.5299119353294373 -0.06457814574241638 0.5 0.0 1.0
v -0.679469645023346 0.6411615610122681 -0.10043545812368393 0.5 0.0 1.0
v -0.7732502818107605 0.5335896015167236 -0.02320432849228382 0.5 0.0 1.0
v -0.7217628359794617 0.7239091992378235 -0.13813160359859467 0.5 0.0 1.0
v 0.1673145592212677 0.14191743731498718 0.08252876996994019 0.5 0.0 1.0
v -0.19217796623706818 0.6457586288452148 -0.15927822887897491 0.5 0.0 1.0
v 0.004577533341944218 0.17225824296474457 0.09172295033931732 0.5 0.0 1.0
v -0.18666145205497742 0.37636908888816833 -0.0048159644939005375 0.5 0.0 1.0
v -0.42203253507614136 0.33039817214012146 0.04942971095442772 0.5 0.0 1.0
v -0.43950146436691284 0.4526807963848114 -0.02044607512652874 0.5 0.0 1.0
v -0.6721142530441284 0.4692303240299225 -0.002057709963992238 0.5 0.0 1.0
v -0.10483323782682419 0.540025532245636 -0.10687138885259628 0.5 0.0 1.0
v -0.20596924424171448 0.3129292130470276 0.03379959985613823 0.5 0.0 1.0
v -0.3015887439250946 0.4131458103656769 -0.01401014719158411 0.5 0.0 1.0
v -0.04966814070940018 0.48853811621665955 -0.08480534702539444 0.5 0.0 1.0
v -0.4312267005443573 0.6944878101348877 -0.16479474306106567 0.5 0.0 1.0
v -0.1443682163953781 0.4545196294784546 -0.05170629546046257 0.5 0.0 1.0
v -0.7447482943534851 0.6595498919487 -0.09675778448581696 0.5 0.0 1.0
v -0.09104195982217789 0.21914856135845184 0.07149574905633926 0.5 0.0 1.0
v -0.19217796623706818 0.21455147862434387 0.08804527670145035 0.5 0.0 1.0
v -0.06897592544555664 0.4094681441783905 -0.03607618436217308 0.5 0.0 1.0
v -0.5700588822364807 0.47658565640449524 -0.019526656717061996 0.5 0.0 1.0
v -0.753023087978363 0.4536002278327942 0.020008327439427376 0.5 0.0 1.0
v -0.10483323782682419 0.6172566413879395 -0.15468113124370575 0.5 0.0 1.0
v -0.5112161040306091 0.5289925336837769 -0.058142222464084625 0.5 0.0 1.0
v -0.46524518728256226 0.6089819073677063 -0.10227429866790771 0.5 0.0 1.0
v -0.3723839521408081 0.4995711147785187 -0.05354513227939606 0.5 0.0 1.0
v 0.12686015665531158 0.1538698673248291 0.08528701961040497 0.5 0.0 1.0
v -0.3852557837963104 0.5878352522850037 -0.10135487467050552 0.5 0.0 1.0
v -0.362270325422287 0.2798301577568054 0.061382148414850235 0.5 0.0 1.0
v -0.592124879360199 0.35798072814941406 0.05678505823016167 0.5 0.0 1.0
v -0.02208559587597847 0.3377535045146942 -0.0038965463172644377 0.5 0.0 1.0
v -0.13701286911964417 0.4076293110847473 -0.026882002130150795 0.5 0.0 1.0
v -0.3199771046638489 0.5795605182647705 -0.10319371521472931 0.5 0.0 1.0
v -0.5902860760688782 0.7312645316123962 -0.16755299270153046 0.5 0.0 1.0
v -0.5112161040306091 0.6834547519683838 -0.13629277050495148 0.5 0.0 1.0
v -0.6693560481071472 0.684374213218689 -0.12434033304452896 0.5 0.0 1.0
v -0.2326323688030243 0.22926217317581177 0.08528701961040497 0.5 0.0 1.0
v -0.3162994384765625 0.2265039086341858 0.09172295033931732 0.5 0.0 1.0
v -0.2464236468076706 0.5464614629745483 -0.09491895139217377 0.5 0.0 1.0
v -0.13517403602600098 0.4830215871334076 -0.07836942374706268 0.5 0.0 1.0
v -0.7079715728759766 0.5317507386207581 -0.033317930996418 0.5 0.0 1.0
v 0.04043484479188919 0.3791273236274719 -0.03607618436217308 0.5 0.0 1.0
v -0.7824444770812988 0.3064933121204376 0.09815887361764908 0.5 0.0 1.0
v -0.5838501453399658 0.3221234083175659 0.07333458214998245 0.5 0.0 1.0
v -0.592124879360199 0.5602527260780334 -0.0618198961019516 0.5 0.0 1.0
v 0.008255206048488617 0.2816689908504486 0.031041346490383148 0.5 0.0 1.0
v -0.3760616183280945 0.6338061690330505 -0.12985683977603912 0.5 0.0 1.0
v -0.6528065204620361 0.3782079219818115 0.05310738459229469 0.5 0.0 1.0
v -0.32181593775749207 0.4958934485912323 -0.05446454882621765 0.5 0.0 1.0
v -0.6629201173782349 0.33407583832740784 0.07885109633207321 0.5 0.0 1.0
v 0.04870960861444473 0.22190682590007782 0.04942971095442772 0.5 0.0 1.0
v -0.18666145205497742 0.5887547135353088 -0.12525975704193115 0.5 0.0 1.0
v -0.8045105338096619 0.39199918508529663 0.05494622141122818 0.5 0.0 1.0
v -0.28411978483200073 0.278910756111145 0.05770447477698326 0.5 0.0 1.0
v 0.046870771795511246 0.13180384039878845 0.10735306143760681 0.5 0.0 1.0
v -0.2307935357093811 0.6475974321365356 -0.15376171469688416 0.5 0.0 1.0
v -0.2179216742515564 0.398435115814209 -0.012171310372650623 0.5 0.0 1.0
v -0.6822279095649719 0.4260176718235016 0.024605419486761093 0.5 0.0 1.0
v -0.5452345609664917 0.6595498919487 -0.12893742322921753 0.5 0.0 1.0
v -0.271247923374176 0.18788835406303406 0.11470840126276016 0.5 0.0 1.0
v -0.45329275727272034 0.31476807594299316 0.06505981832742691 0.5 0.0 1.0
v -0.6022384762763977 0.6797770857810974 -0.12434033304452896 0.5 0.0 1.0
v -0.7318764925003052 0.5961100459098816 -0.0618198961019516 0.5 0.0 1.0
v -0.5268462300300598 0.44716429710388184 -0.008493637666106224 0.5 0.0 1.0
v -0.7327958941459656 0.37361082434654236 0.0659792423248291 0.5 0.0 1.0
v -0.16827309131622314 0.5547361969947815 -0.11146847903728485 0.5 0.0 1.0
v -0.41099950671195984 0.2375369369983673 0.0944811999797821 0.5 0.0 1.0
v -0.37790045142173767 0.5483002662658691 -0.08664418756961823 0.5 0.0 1.0
v -0.05886232480406761 0.24213401973247528 0.058623891323804855 0.5 0.0 1.0
v -0.7401512265205383 0.30373504757881165 0.09907829761505127 0.5 0.0 1.0
v -0.7493454217910767 0.6898906826972961 -0.1179044097661972 0.5 0.0 1.0
v -0.5985608100891113 0.4416477680206299 0.009894726797938347 0.5 0.0 1.0
v -0.4762781858444214 0.26328063011169434 0.09632004052400589 0.5 0.0 1.0
v -0.2574566602706909 0.5887547135353088 -0.1197432428598404 0.5 0.0 1.0
v -0.4450179636478424 0.3662554919719696 0.02368600107729435 0.5 0.0 1.0
v -0.5011025071144104 0.3349952697753906 0.05678505823016167 0.5 0.0 1.0
v -0.7677337527275085 0.5740439891815186 -0.04894803836941719 0.5 0.0 1.0
v -0.26573142409324646 0.36165839433670044 0.012652982026338577 0.5 0.0 1.0
v -0.6270627975463867 0.4977322816848755 -0.022284910082817078 0.5 0.0 1.0
v -0.36870625615119934 0.3680943250656128 0.02368600107729435 0.5 0.0 1.0
v 0.10019703209400177 0.12996499240398407 0.09632004052400589 0.5 0.0 1.0
v -0.4174354374408722 0.654033362865448 -0.12985683977603912 0.5 0.0 1.0
v -0.43858206272125244 0.5014099478721619 -0.04435094818472862 0.5 0.0 1.0
v -0.6509676575660706 0.4416477680206299 0.008055890910327435 0.5 0.0 1.0
v -0.38157811760902405 0.3138486444950104 0.05402680113911629 0.5 0.0 1.0
v -0.5452345609664917 0.5363478660583496 -0.04894803836941719 0.5 0.0 1.0
v -0.535120964050293 0.6172566413879395 -0.10319371521472931 0.5 0.0 1.0
v -0.45053449273109436 0.542783796787262 -0.06825581938028336 0.5 0.0 1.0
v -0.3448013961315155 0.4223400056362152 -0.018607238307595253 0.5 0.0 1.0
v -0.38249754905700684 0.3965962827205658 0.0034587993286550045 0.5 0.0 1.0
v -0.3015887439250946 0.31752631068229675 0.042993783950805664 0.5 0.0 1.0
v -0.4284684360027313 0.41774290800094604 -0.002057709963992238 0.5 0.0 1.0
v -0.005536066833883524 0.2393757700920105 0.048510290682315826 0.5 0.0 1.0
v -0.20596924424171448 0.449003130197525 -0.042512111365795135 0.5 0.0 1.0
v 0.1663951426744461 0.10789895802736282 0.10919189453125 0.5 0.0 1.0
v -0.7438288927078247 0.4214205741882324 0.038396693766117096 0.5 0.0 1.0
v -0.589366614818573 0.6071430444717407 -0.08296651393175125 0.5 0.0 1.0
v -0.08000894635915756 0.33131760358810425 0.004378217738121748 0.5 0.0 1.0
v -0.7006162405014038 0.5666886568069458 -0.04618978500366211 0.5 0.0 1.0
v -0.6132715344429016 0.307412713766098 0.08804527670145035 0.5 0.0 1.0
v -0.6160297393798828 0.6282896995544434 -0.09583836793899536 0.5 0.0 1.0
v -0.38341695070266724 0.4554390609264374 -0.026882002130150795 0.5 0.0 1.0
v -0.693260908126831 0.7505723237991333 -0.1611170619726181 0.5 0.0 1.0
v 0.11490771919488907 0.19064660370349884 0.0659792423248291 0.5 0.0 1.0
v -0.5066189765930176 0.27799132466316223 0.09080353379249573 0.5 0.0 1.0
v -0.5047801733016968 0.37269142270088196 0.035638436675071716 0.5 0.0 1.0
v -0.557187020778656 0.7248286008834839 -0.15743939578533173 0.5 0.0 1.0
v 0.1397320181131363 0.21363206207752228 0.04942971095442772 0.5 0.0 1.0
v -0.19217796623706818 0.5041682124137878 -0.07469175010919571 0.5 0.0 1.0
v -0.24274596571922302 0.43245360255241394 -0.033317930996418 0.5 0.0 1.0
v -0.7897998094558716 0.3395923674106598 0.08620643615722656 0.5 0.0 1.0
v -0.7116492390632629 0.6494362950325012 -0.09583836793899536 0.5 0.0 1.0
v -0.15632066130638123 0.602545976638794 -0.13905102014541626 0.5 0.0 1.0
v -0.14252938330173492 0.3138486444950104 0.02920250967144966 0.5 0.0 1.0
v -0.4762781858444214 0.48761868476867676 -0.039753858000040054 0.5 0.0 1.0
v -0.33836546540260315 0.6338061690330505 -0.1326151043176651 0.5 0.0 1.0
v 0.0248047336935997 0.341431200504303 -0.006654800847172737 0.5 0.0 1.0
v -0.05886232480406761 0.2853466868400574 0.030121928080916405 0.5 0.0 1.0
v -0.6068356037139893 0.2706359922885895 0.09723945707082748 0.5 0.0 1.0
v -0.7052133083343506 0.3368341028690338 0.0797705128788948 0.5 0.0 1.0
v 0.051467861980199814 0.30373504757881165 0.008975308388471603 0.5 0.0 1.0
v -0.3420431315898895 0.5574944615364075 -0.08848302066326141 0.5 0.0 1.0
v -0.190339133143425 0.28718551993370056 0.04942971095442772 0.5 0.0 1.0
v -0.6546453237533569 0.5924323797225952 -0.07009465992450714 0.5 0.0 1.0
v -0.3015887439250946 0.6466780304908752 -0.13997043669223785 0.5 0.0 1.0
v 0.09100284427404404 0.3110903799533844 -0.0048159644939005375 0.5 0.0 1.0
v -0.23814888298511505 0.31936514377593994 0.03379959985613823 0.5 0.0 1.0
v 0.05054844543337822 0.17777474224567413 0.07701225578784943 0.5 0.0 1.0
v 0.004577533341944218 0.3965962827205658 -0.03883443772792816 0.5 0.0 1.0
v -0.49650540947914124 0.43337300419807434 -0.00021887347975280136 0.5 0.0 1.0
v -0.6702754497528076 0.2862660884857178 0.10551422089338303 0.5 0.0 1.0
v -0.6914220452308655 0.5004905462265015 -0.01401014719158411 0.5 0.0 1.0
v -0.021166177466511726 0.2936214506626129 0.02368600107729435 0.5 0.0 1.0
v -0.04874872416257858 0.1823718398809433 0.08620643615722656 0.5 0.0 1.0
v -0.034038033336400986 0.44716429710388184 -0.05906163901090622 0.5 0.0 1.0
v -0.37790045142173767 0.26052239537239075 0.08528701961040497 0.5 0.0 1.0
v 0.07813099026679993 0.25868356227874756 0.03196076303720474 0.5 0.0 1.0
v -0.15080414712429047 0.3533836305141449 0.0007005447405390441 0.5 0.0 1.0
v -0.302508145570755 0.20351845026016235 0.1101113110780716 0.5 0.0 1.0
v -0.09931672364473343 0.40303221344947815 -0.026882002130150795 0.5 0.0 1.0
v -0.16827309131622314 0.24673111736774445 0.06322098523378372 0.5 0.0 1.0
v -0.5130549073219299 0.5878352522850037 -0.08572477102279663 0.5 0.0 1.0
v -0.5930443406105042 0.5004905462265015 -0.02596258372068405 0.5 0.0 1.0
v -0.13425461947917938 0.1970825344324112 0.09172295033931732 0.5 0.0 1.0
v -0.12873810529708862 0.25868356227874756 0.05494622141122818 0.5 0.0 1.0
v 0.03307949751615524 0.4094681441783905 -0.052625712007284164 0.5 0.0 1.0
v -0.30894407629966736 0.44256719946861267 -0.024123746901750565 0.5 0.0 1.0
v -0.12138276547193527 0.34327003359794617 0.008055890910327435 0.5 0.0 1.0
v -0.3006693124771118 0.24948936700820923 0.07517342269420624 0.5 0.0 1.0
v -0.26940909028053284 0.449003130197525 -0.03791502118110657 0.5 0.0 1.0
v -0.26848968863487244 0.6292091012001038 -0.13997043669223785 0.5 0.0 1.0
v -0.23906829953193665 0.2559252977371216 0.06965690851211548 0.5 0.0 1.0
v -0.5590258240699768 0.5988683104515076 -0.08480534702539444 0.5 0.0 1.0
v -0.4349043667316437 0.6007071137428284 -0.10319371521472931 0.5 0.0 1.0
v -0.7144075036048889 0.621853768825531 -0.0765305832028389 0.5 0.0 1.0
v -0.19769448041915894 0.5308313369750977 -0.0903218612074852 0.5 0.0 1.0
v -0.7236016988754272 0.2807495892047882 0.11838607490062714 0.5 0.0 1.0
v -0.5654617547988892 0.250408798456192 0.11378898471593857 0.5 0.0 1.0
v -0.44869565963745117 0.6430003643035889 -0.12158207595348358 0.5 0.0 1.0
v -0.0892031267285347 0.47382742166519165 -0.06917524337768555 0.5 0.0 1.0
v -0.5387986302375793 0.39016035199165344 0.030121928080916405 0.5 0.0 1.0
v -0.5158131718635559 0.5611721277236938 -0.06825581938028336 0.5 0.0 1.0
v -0.2602149248123169 0.4839410185813904 -0.052625712007284164 0.5 0.0 1.0
v -0.18482261896133423 0.6172566413879395 -0.13721218705177307 0.5 0.0 1.0
v -0.16275657713413239 0.3938380181789398 -0.016768401488661766 0.5 0.0 1.0
v -0.5011025071144104 0.5060070753097534 -0.039753858000040054 0.5 0.0 1.0
v -0.4606480896472931 0.7036819458007812 -0.16387531161308289 0.5 0.0 1.0
v -0.06253999471664429 0.43521183729171753 -0.05170629546046257 0.5 0.0 1.0
v -0.02944094128906727 0.3818855881690979 -0.026882002130150795 0.5 0.0 1.0
v -0.06989534199237823 0.5492197275161743 -0.12066265940666199 0.5 0.0 1.0
v -0.41099950671195984 0.3938380181789398 0.01449181791394949 0.5 0.0 1.0
v -0.12689927220344543 0.2844272553920746 0.038396693766117096 0.5 0.0 1.0
v -0.6417734622955322 0.6990848779678345 -0.1316956728696823 0.5 0.0 1.0
v -0.679469645023346 0.5455420613288879 -0.039753858000040054 0.5 0.0 1.0
v -0.73095703125 0.4710691571235657 0.008055890910327435 0.5 0.0 1.0
v -0.5369598269462585 0.27339422702789307 0.09356178343296051 0.5 0.0 1.0
v -0.39628881216049194 0.6935683488845825 -0.16755299270153046 0.5 0.0 1.0
v -0.2335517853498459 0.37636908888816833 0.0016199629753828049 0.5 0.0 1.0
v 0.1967359483242035 0.11617372184991837 0.09723945707082748 0.5 0.0 1.0
v -0.2307935357093811 0.5777216553688049 -0.11054906249046326 0.5 0.0 1.0
v -0.5608646869659424 0.335914671421051 0.05954331159591675 0.5 0.0 1.0
v -0.3466402292251587 0.684374213218689 -0.16663357615470886 0.5 0.0 1.0
v -0.6371763944625854 0.7321839332580566 -0.15560054779052734 0.5 0.0 1.0
v -0.6620006561279297 0.6181761026382446 -0.08388593047857285 0.5 0.0 1.0
v -0.1728701889514923 0.44440603256225586 -0.04343153163790703 0.5 0.0 1.0
v -0.7870415449142456 0.4692303240299225 0.017250072211027145 0.5 0.0 1.0
v -0.32181593775749207 0.33407583832740784 0.028283091261982918 0.5 0.0 1.0
v -0.5047801733016968 0.656791627407074 -0.12434033304452896 0.5 0.0 1.0
v -0.6252239346504211 0.36717489361763 0.0521879643201828 0.5 0.0 1.0
v -0.30802467465400696 0.6705828905105591 -0.15651996433734894 0.5 0.0 1.0
v -0.5176520347595215 0.7082790732383728 -0.15192288160324097 0.5 0.0 1.0
v -0.3420431315898895 0.3561418950557709 0.028283091261982918 0.5 0.0 1.0
v -0.26665085554122925 0.5087652802467346 -0.06733640283346176 0.5 0.0 1.0
v -0.5305238962173462 0.477505087852478 -0.02320432849228382 0.5 0.0 1.0
v -0.2749256193637848 0.30373504757881165 0.042993783950805664 0.5 0.0 1.0
v -0.21148574352264404 0.4241788387298584 -0.02780142053961754 0.5 0.0 1.0
v -0.25653722882270813 0.20627671480178833 0.09356178343296051 0.5 0.0 1.0
v -0.3751421868801117 0.338672935962677 0.038396693766117096 0.5 0.0 1.0
v -0.3282518684864044 0.2991379499435425 0.05770447477698326 0.5 0.0 1.0
v -0.01656908541917801 0.1970825344324112 0.07517342269420624 0.5 0.0 1.0
v -0.355834424495697 0.5823187828063965 -0.10043545812368393 0.5 0.0 1.0
v -0.2013721466064453 0.18972718715667725 0.09999771416187286 0.5 0.0 1.0
v -0.12689927220344543 0.5096847414970398 -0.08664418756961823 0.5 0.0 1.0
v 0.022965898737311363 0.2375369369983673 0.0521879643201828 0.5 0.0 1.0
v -0.020246759057044983 0.1538698673248291 0.10091713070869446 0.5 0.0 1.0
v -0.05610406771302223 0.46279439330101013 -0.06825581938028336 0.5 0.0 1.0
v 0.023885315284132957 0.1520310342311859 0.09723945707082748 0.5 0.0 1.0
v -0.362270325422287 0.656791627407074 -0.14088986814022064 0.5 0.0 1.0
v -0.5866084098815918 0.6981654763221741 -0.13905102014541626 0.5 0.0 1.0
v -0.3208965063095093 0.5391061305999756 -0.08480534702539444 0.5 0.0 1.0
v -0.6040773391723633 0.41774290800094604 0.02368600107729435 0.5 0.0 1.0
v -0.29791104793548584 0.3846438527107239 -0.00021887347975280136 0.5 0.0 1.0
v -0.12046334147453308 0.6393226981163025 -0.1620364785194397 0.5 0.0 1.0
v -0.5939637422561646 0.4646332263946533 -0.01125189196318388 0.5 0.0 1.0
v -0.7456677556037903 0.515201210975647 -0.01401014719158411 0.5 0.0 1.0
v -0.09104195982217789 0.2862660884857178 0.03196076303720474 0.5 0.0 1.0
v -0.446856826543808 0.28994378447532654 0.07609283924102783 0.5 0.0 1.0
v -0.5709782838821411 0.37453025579452515 0.04207436367869377 0.5 0.0 1.0
v -0.159078910946846 0.4995711147785187 -0.0756111666560173 0.5 0.0 1.0
v -0.7999134063720703 0.41774290800094604 0.045752037316560745 0.5 0.0 1.0
v -0.3420431315898895 0.4811827540397644 -0.042512111365795135 0.5 0.0 1.0
v -0.6555647253990173 0.3064933121204376 0.09356178343296051 0.5 0.0 1.0
v -0.46892285346984863 0.3837244212627411 0.025524836033582687 0.5 0.0 1.0
v -0.1599983274936676 0.20811554789543152 0.08804527670145035 0.5 0.0 1.0
v 0.05238728225231171 0.32855933904647827 -0.002977128140628338 0.5 0.0 1.0
v -0.09196138381958008 0.37453025579452515 -0.012171310372650623 0.5 0.0 1.0
v -0.7778473496437073 0.37728849053382874 0.0668986588716507 0.5 0.0 1.0
v 0.18938060104846954 0.1538698673248291 0.07149574905633926 0.5 0.0 1.0
v -0.1462070494890213 0.42877593636512756 -0.04159269481897354 0.5 0.0 1.0
v -0.36410918831825256 0.20627671480178833 0.11562782526016235 0.5 0.0 1.0
v -0.5682200193405151 0.5234760046005249 -0.04159269481897354 0.5 0.0 1.0
v -0.1333352029323578 0.53726726770401 -0.10135487467050552 0.5 0.0 1.0
v -0.33928489685058594 0.2412146031856537 0.09080353379249573 0.5 0.0 1.0
v -0.40824124217033386 0.5050876140594482 -0.05078687518835068 0.5 0.0 1.0
v 0.07261448353528976 0.23477867245674133 0.04667145758867264 0.5 0.0 1.0
v -0.4900694787502289 0.6016265749931335 -0.09399953484535217 0.5 0.0 1.0
v -0.4863918125629425 0.6908101439476013 -0.14456753432750702 0.5 0.0 1.0
v -0.28411978483200073 0.5905935168266296 -0.11514615267515182 0.5 0.0 1.0
v -0.6160297393798828 0.5501391291618347 -0.05446454882621765 0.5 0.0 1.0
v -0.6803890466690063 0.7082790732383728 -0.12985683977603912 0.5 0.0 1.0
v 0.005496951751410961 0.41958174109458923 -0.052625712007284164 0.5 0.0 1.0
v -0.4698422849178314 0.23385925590991974 0.11195015162229538 0.5 0.0 1.0
v -0.19493621587753296 0.34602826833724976 0.015411236323416233 0.5 0.0 1.0
v -0.5645423531532288 0.4002739489078522 0.02644425444304943 0.5 0.0 1.0
v 0.13329608738422394 0.2402951866388321 0.030121928080916405 0.5 0.0 1.0
v -0.4863918125629425 0.5363478660583496 -0.06365872919559479 0.5 0.0 1.0
v -0.5360403656959534 0.6430003643035889 -0.11054906249046326 0.5 0.0 1.0
v -0.7760085463523865 0.29086318612098694 0.11838607490062714 0.5 0.0 1.0
v -0.46524518728256226 0.44716429710388184 -0.02044607512652874 0.5 0.0 1.0
v -0.5415568947792053 0.41682347655296326 0.017250072211027145 0.5 0.0 1.0
v -0.031279776245355606 0.23385925590991974 0.061382148414850235 0.5 0.0 1.0
v -0.4588092565536499 0.5813993215560913 -0.08664418756961823 0.5 0.0 1.0
v -0.4716811180114746 0.6328867673873901 -0.11422673612833023 0.5 0.0 1.0
v -0.07173418253660202 0.5014099478721619 -0.0903218612074852 0.5 0.0 1.0
v -0.48455294966697693 0.4076293110847473 0.013572399504482746 0.5 0.0 1.0
v 0.09376110136508942 0.1676611453294754 0.08252876996994019 0.5 0.0 1.0
v -0.2859586179256439 0.43061476945877075 -0.025043165311217308 0.5 0.0 1.0
v -0.5176520347595215 0.3515447974205017 0.045752037316560745 0.5 0.0 1.0
v -0.6463705897331238 0.3506253659725189 0.06781807541847229 0.5 0.0 1.0
v -0.4146771728992462 0.2669583261013031 0.08620643615722656 0.5 0.0 1.0
v -0.11586625128984451 0.5712857246398926 -0.12893742322921753 0.5 0.0 1.0
v -0.16367600858211517 0.30097678303718567 0.03655785694718361 0.5 0.0 1.0
v -0.7171657681465149 0.43337300419807434 0.030121928080916405 0.5 0.0 1.0
v -0.5718976855278015 0.5455420613288879 -0.055383965373039246 0.5 0.0 1.0
v -0.47903645038604736 0.6623081564903259 -0.12985683977603912 0.5 0.0 1.0
v -0.12597985565662384 0.6099013090133667 -0.14180928468704224 0.5 0.0 1.0
v -0.6757919788360596 0.38740208745002747 0.045752037316560745 0.5 0.0 1.0
v -0.6031579375267029 0.6586304903030396 -0.10962964594364166 0.5 0.0 1.0
v -0.20872749388217926 0.6282896995544434 -0.1482452005147934 0.5 0.0 1.0
v 0.038596007972955704 0.2862660884857178 0.022766582667827606 0.5 0.0 1.0
v -0.6748725175857544 0.5666886568069458 -0.05354513227939606 0.5 0.0 1.0
v -0.26757025718688965 0.5308313369750977 -0.08388593047857285 0.5 0.0 1.0
v -0.08460603654384613 0.5262342691421509 -0.09951604157686234 0.5 0.0 1.0
v 0.10111644864082336 0.21547089517116547 0.051268547773361206 0.5 0.0 1.0
v -0.2721673548221588 0.38924095034599304 -0.0011382916709408164 0.5 0.0 1.0
v 0.1526038646697998 0.16214463114738464 0.07793167233467102 0.5 0.0 1.0
v -0.446856826543808 0.34786713123321533 0.04115494713187218 0.5 0.0 1.0
v -0.6390151977539062 0.6384032964706421 -0.10319371521472931 0.5 0.0 1.0
v -0.4330655336380005 0.23385925590991974 0.10643363744020462 0.5 0.0 1.0
v -0.10575265437364578 0.4278565049171448 -0.04159269481897354 0.5 0.0 1.0
v -0.7190046310424805 0.31752631068229675 0.0944811999797821 0.5 0.0 1.0
v -0.42479076981544495 0.5381866693496704 -0.07101407647132874 0.5 0.0 1.0
v -0.7686532139778137 0.4241788387298584 0.04207436367869377 0.5 0.0 1.0
v -0.06529825180768967 0.16306404769420624 0.09999771416187286 0.5 0.0 1.0
v -0.5902860760688782 0.2972991168498993 0.08620643615722656 0.5 0.0 1.0
v -0.5820112824440002 0.6595498919487 -0.12434033304452896 0.5 0.0 1.0
v -0.696019172668457 0.4683108925819397 0.007136472500860691 0.5 0.0 1.0
v -0.11402741819620132 0.22926217317581177 0.07241516560316086 0.5 0.0 1.0
v 0.10663295537233353 0.11525430530309677 0.11562782526016235 0.5 0.0 1.0
v -0.24366538226604462 0.6310479044914246 -0.13905102014541626 0.5 0.0 1.0
v -0.6601618528366089 0.4949740469455719 -0.012171310372650623 0.5 0.0 1.0
v -0.34939849376678467 0.5078458786010742 -0.058142222464084625 0.5 0.0 1.0
v -0.7327958941459656 0.5317507386207581 -0.03239851072430611 0.5 0.0 1.0
v -0.03587687015533447 0.3570612967014313 -0.01125189196318388 0.5 0.0 1.0
v -0.7603784203529358 0.4811827540397644 0.008055890910327435 0.5 0.0 1.0
v 0.05882320925593376 0.20535729825496674 0.06781807541847229 0.5 0.0 1.0
v -0.12414101511240005 0.4407283663749695 -0.055383965373039246 0.5 0.0 1.0
v -0.5231685042381287 0.3258010745048523 0.06322098523378372 0.5 0.0 1.0
v -0.2317129522562027 0.48577985167503357 -0.0618198961019516 0.5 0.0 1.0
v 0.22156023979187012 0.10697954148054123 0.0944811999797821 0.5 0.0 1.0
v -0.6289016008377075 0.5731245875358582 -0.0627393126487732 0.5 0.0 1.0
v -0.5829306840896606 0.4214205741882324 0.011733563616871834 0.5 0.0 1.0
v -0.05886232480406761 0.34327003359794617 0.0007005447405390441 0.5 0.0 1.0
v -0.5130549073219299 0.30373504757881165 0.07793167233467102 0.5 0.0 1.0
v -0.39536938071250916 0.223745658993721 0.10735306143760681 0.5 0.0 1.0
v 0.006416370160877705 0.25868356227874756 0.03931611031293869 0.5 0.0 1.0
v -0.000938975892495364 0.3230428397655487 -0.00021887347975280136 0.5 0.0 1.0
v -0.38249754905700684 0.6089819073677063 -0.11330731213092804 0.5 0.0 1.0
v -0.36962568759918213 0.6852936148643494 -0.15835881233215332 0.5 0.0 1.0
v -0.38433638215065 0.2862660884857178 0.06965690851211548 0.5 0.0 1.0
v -0.7116492390632629 0.3552224636077881 0.06505981832742691 0.5 0.0 1.0
v -0.3034275770187378 0.2936214506626129 0.055865637958049774 0.5 0.0 1.0
v -0.611432671546936 0.38924095034599304 0.03931611031293869 0.5 0.0 1.0
v -0.5001830458641052 0.2531670331954956 0.10459480434656143 0.5 0.0 1.0
v -0.6923415064811707 0.6264508366584778 -0.08572477102279663 0.5 0.0 1.0
v -0.2905557155609131 0.34602826833724976 0.02368600107729435 0.5 0.0 1.0
v -0.21976050734519958 0.5225566029548645 -0.08480534702539444 0.5 0.0 1.0
v -0.4064024090766907 0.44808369874954224 -0.02780142053961754 0.5 0.0 1.0
v -0.3631897568702698 0.4379701018333435 -0.01768781989812851 0.5 0.0 1.0
v -0.4183548390865326 0.6724217534065247 -0.1454869508743286 0.5 0.0 1.0
v -0.15632066130638123 0.4710691571235657 -0.06457814574241638 0.5 0.0 1.0
v -0.7741696834564209 0.3543030321598053 0.07517342269420624 0.5 0.0 1.0
v -0.10207498073577881 0.19156602025032043 0.08804527670145035 0.5 0.0 1.0
v -0.6003996729850769 0.2550058662891388 0.11746665835380554 0.5 0.0 1.0
v -0.4008859097957611 0.6347256302833557 -0.1316956728696823 0.5 0.0 1.0
v -0.5121355056762695 0.6089819073677063 -0.09951604157686234 0.5 0.0 1.0
v -0.5700588822364807 0.616337239742279 -0.09675778448581696 0.5 0.0 1.0
v -0.6859055757522583 0.44624486565589905 0.012652982026338577 0.5 0.0 1.0
v -0.7576201558113098 0.594271183013916 -0.05630338564515114 0.5 0.0 1.0
v -0.6426929235458374 0.5225566029548645 -0.03055967576801777 0.5 0.0 1.0
v -0.4312267005443573 0.47290799021720886 -0.029640257358551025 0.5 0.0 1.0
v -0.5176520347595215 0.4241788387298584 0.008975308388471603 0.5 0.0 1.0
v -0.15264298021793365 0.1805330067873001 0.10459480434656143 0.5 0.0 1.0
v -0.728198766708374 0.7036819458007812 -0.12801800668239594 0.5 0.0 1.0
v -0.7042939066886902 0.3800467550754547 0.05770447477698326 0.5 0.0 1.0
v -0.05058756098151207 0.39199918508529663 -0.026882002130150795 0.5 0.0 1.0
v -0.551670491695404 0.4526807963848114 -0.0038965463172644377 0.5 0.0 1.0
v -0.0882837101817131 0.24397285282611847 0.05770447477698326 0.5 0.0 1.0
v -0.7750891447067261 0.4499225318431854 0.02644425444304943 0.5 0.0 1.0
v -0.7015356421470642 0.2844272553920746 0.11195015162229538 0.5 0.0 1.0
v -0.5939637422561646 0.6282896995544434 -0.10319371521472931 0.5 0.0 1.0
v -0.39812764525413513 0.341431200504303 0.040235526859760284 0.5 0.0 1.0
v -0.1765478551387787 0.22926217317581177 0.07609283924102783 0.5 0.0 1.0
v -0.21332459151744843 0.2853466868400574 0.05034912750124931 0.5 0.0 1.0
v -0.6049967408180237 0.5859964489936829 -0.0756111666560173 0.5 0.0 1.0
v -0.7548618912696838 0.3680943250656128 0.06965690851211548 0.5 0.0 1.0
v -0.39720824360847473 0.5722051858901978 -0.0894024446606636 0.5 0.0 1.0
v -0.32733243703842163 0.6062236428260803 -0.11698498576879501 0.5 0.0 1.0
v -0.2473430633544922 0.6071430444717407 -0.12893742322921753 0.5 0.0 1.0
v -0.6334987282752991 0.38740208745002747 0.04483262076973915 0.5 0.0 1.0
v -0.7438288927078247 0.5740439891815186 -0.05722280219197273 0.5 0.0 1.0
v -0.2602149248123169 0.250408798456192 0.07609283924102783 0.5 0.0 1.0
v -0.2179216742515564 0.5418643355369568 -0.09675778448581696 0.5 0.0 1.0
v -0.6390151977539062 0.5446226000785828 -0.04343153163790703 0.5 0.0 1.0
v -0.38249754905700684 0.47474682331085205 -0.03883443772792816 0.5 0.0 1.0
v -0.16551484167575836 0.37177199125289917 -0.012171310372650623 0.5 0.0 1.0
v -0.1443682163953781 0.3809661865234375 -0.01125189196318388 0.5 0.0 1.0
v -0.33744603395462036 0.37544965744018555 0.01449181791394949 0.5 0.0 1.0
v -0.32181593775749207 0.3975157141685486 -0.00021887347975280136 0.5 0.0 1.0
v -0.7079715728759766 0.5951906442642212 -0.06457814574241638 0.5 0.0 1.0
v -0.6022384762763977 0.3377535045146942 0.0668986588716507 0.5 0.0 1.0
v -0.2335517853498459 0.2954602837562561 0.03931611031293869 0.5 0.0 1.0
v -0.8109464049339294 0.33407583832740784 0.09172295033931732 0.5 0.0 1.0
v -0.3282518684864044 0.44808369874954224 -0.034237347543239594 0.5 0.0 1.0
v -0.3457207977771759 0.21363206207752228 0.10367538779973984 0.5 0.0 1.0
v -0.21056632697582245 0.5850770473480225 -0.11698498576879501 0.5 0.0 1.0
v -0.06897592544555664 0.22282624244689941 0.06965690851211548 0.5 0.0 1.0
v -0.5709782838821411 0.684374213218689 -0.13077625632286072 0.5 0.0 1.0
v -0.6996968388557434 0.7266674041748047 -0.14088986814022064 0.5 0.0 1.0
v -0.21332459151744843 0.23202042281627655 0.07425400614738464 0.5 0.0 1.0
v -0.2997499108314514 0.4968128800392151 -0.058142222464084625 0.5 0.0 1.0
v -0.38341695070266724 0.5188789367675781 -0.058142222464084625 0.5 0.0 1.0
v -0.44869565963745117 0.4361312687397003 -0.008493637666106224 0.5 0.0 1.0
v 0.11398830264806747 0.2669583261013031 0.015411236323416233 0.5 0.0 1.0
v -0.7125687003135681 0.5115235447883606 -0.021365493535995483 0.5 0.0 1.0
v -0.5369598269462585 0.597029447555542 -0.08756360411643982 0.5 0.0 1.0
v -0.5654617547988892 0.5731245875358582 -0.07009465992450714 0.5 0.0 1.0
v -0.12322159856557846 0.46279439330101013 -0.058142222464084625 0.5 0.0 1.0
v -0.4321461319923401 0.619095504283905 -0.1179044097661972 0.5 0.0 1.0
v -0.5792530179023743 0.449003130197525 0.0016199629753828049 0.5 0.0 1.0
v -0.1756284385919571 0.35890012979507446 0.0034587993286550045 0.5 0.0 1.0
v -0.6463705897331238 0.6779382824897766 -0.1197432428598404 0.5 0.0 1.0
v -0.018407922238111496 0.1805330067873001 0.08988410979509354 0.5 0.0 1.0
v -0.5617840886116028 0.4949740469455719 -0.028720838949084282 0.5 0.0 1.0
v -0.7190046310424805 0.574963390827179 -0.055383965373039246 0.5 0.0 1.0
v -0.3144606053829193 0.4673914909362793 -0.03791502118110657 0.5 0.0 1.0
v -0.7401512265205383 0.4002739489078522 0.05034912750124931 0.5 0.0 1.0
v -0.18390320241451263 0.3120098114013672 0.032880183309316635 0.5 0.0 1.0
v -0.4036441445350647 0.599787712097168 -0.1041131317615509 0.5 0.0 1.0
v -0.6390151977539062 0.3230428397655487 0.081609345972538 0.5 0.0 1.0
v 0.1526038646697998 0.13180384039878845 0.0954006239771843 0.5 0.0 1.0
v -0.7373929619789124 0.6319673657417297 -0.08112768083810806 0.5 0.0 1.0
v -0.7291182279586792 0.678857684135437 -0.10687138885259628 0.5 0.0 1.0
v 0.07996983081102371 0.12260965257883072 0.11195015162229538 0.5 0.0 1.0
v 0.13421550393104553 0.1805330067873001 0.06781807541847229 0.5 0.0 1.0
v -0.08276719599962234 0.3561418950557709 -0.0048159644939005375 0.5 0.0 1.0
v -0.25010132789611816 0.6577110886573792 -0.15468113124370575 0.5 0.0 1.0
v -0.7327958941459656 0.33315643668174744 0.08804527670145035 0.5 0.0 1.0
v -0.12230218201875687 0.20627671480178833 0.07609283924102783 0.5 0.0 1.0
v -0.6601618528366089 0.4057904779911041 0.03655785694718361 0.5 0.0 1.0
v -0.3300907015800476 0.2540864646434784 0.07609283924102783 0.5 0.0 1.0
v -0.1756284385919571 0.6301285028457642 -0.15192288160324097 0.5 0.0 1.0
v -0.2022915631532669 0.4673914909362793 -0.05446454882621765 0.5 0.0 1.0
v -0.46800342202186584 0.4683108925819397 -0.02320432849228382 0.5 0.0 1.0
v -0.355834424495697 0.4103875458240509 -0.002057709963992238 0.5 0.0 1.0
v 0.03675717115402222 0.20627671480178833 0.06781807541847229 0.5 0.0 1.0
v -0.0754118487238884 0.3846438527107239 -0.021365493535995483 0.5 0.0 1.0
v 0.030321244150400162 0.1805330067873001 0.08344818651676178 0.5 0.0 1.0
v -0.06529825180768967 0.2687971591949463 0.04207436367869377 0.5 0.0 1.0
v -0.27952268719673157 0.48945751786231995 -0.05998105928301811 0.5 0.0 1.0
v -0.35399556159973145 0.2678777277469635 0.07701225578784943 0.5 0.0 1.0
v -0.6914220452308655 0.4103875458240509 0.03655785694718361 0.5 0.0 1.0
v -0.2445847988128662 0.5289925336837769 -0.08296651393175125 0.5 0.0 1.0
v -0.29607221484184265 0.21914856135845184 0.09723945707082748 0.5 0.0 1.0
v -0.7419900894165039 0.7303450703620911 -0.13813160359859467 0.5 0.0 1.0
v -0.7576201558113098 0.2991379499435425 0.1101113110780716 0.5 0.0 1.0
v -0.4450179636478424 0.5262342691421509 -0.05630338564515114 0.5 0.0 1.0
v -0.6693560481071472 0.36073896288871765 0.0668986588716507 0.5 0.0 1.0
v -0.5369598269462585 0.716553807258606 -0.15376171469688416 0.5 0.0 1.0
v -0.42662960290908813 0.2825884222984314 0.07425400614738464 0.5 0.0 1.0
v -0.19585563242435455 0.17317765951156616 0.11562782526016235 0.5 0.0 1.0
v 0.0395154245197773 0.3524641990661621 -0.016768401488661766 0.5 0.0 1.0
v -0.28411978483200073 0.37177199125289917 0.008975308388471603 0.5 0.0 1.0
v -0.36410918831825256 0.5639303922653198 -0.08848302066326141 0.5 0.0 1.0
v -0.10759148746728897 0.17685532569885254 0.10183654725551605 0.5 0.0 1.0
v -0.1609177440404892 0.6448392271995544 -0.16387531161308289 0.5 0.0 1.0
v 0.04319309815764427 0.1547892838716507 0.08988410979509354 0.5 0.0 1.0
v -0.14160996675491333 0.5528973937034607 -0.11238789558410645 0.5 0.0 1.0
v -0.15815949440002441 0.41590407490730286 -0.03055967576801777 0.5 0.0 1.0
v -0.3135411739349365 0.6200149059295654 -0.1326151043176651 0.5 0.0 1.0
v -0.20964691042900085 0.4958934485912323 -0.06733640283346176 0.5 0.0 1.0
v 0.1820252537727356 0.12812615931034088 0.08896469324827194 0.5 0.0 1.0
v 0.06158146262168884 0.2697165608406067 0.02644425444304943 0.5 0.0 1.0
v -0.7456677556037903 0.48761868476867676 -0.0048159644939005375 0.5 0.0 1.0
v -0.09104195982217789 0.5538167953491211 -0.11330731213092804 0.5 0.0 1.0
v -0.4293878674507141 0.35798072814941406 0.0374772734940052 0.5 0.0 1.0
v -0.6123520731925964 0.7275868654251099 -0.15468113124370575 0.5 0.0 1.0
v -0.0018583941273391247 0.44624486565589905 -0.06917524337768555 0.5 0.0 1.0
v -0.45053449273109436 0.33039817214012146 0.0521879643201828 0.5 0.0 1.0
v -0.4018053114414215 0.31660690903663635 0.05402680113911629 0.5 0.0 1.0
v -0.14896531403064728 0.2531670331954956 0.06230156496167183 0.5 0.0 1.0
v -0.35399556159973145 0.6669052243232727 -0.15651996433734894 0.5 0.0 1.0
v -0.2317129522562027 0.4094681441783905 -0.022284910082817078 0.5 0.0 1.0
v -0.6574035882949829 0.6356450319290161 -0.09491895139217377 0.5 0.0 1.0
v -0.7658949494361877 0.5060070753097534 -0.005735382903367281 0.5 0.0 1.0
v -0.7852027416229248 0.4057904779911041 0.05310738459229469 0.5 0.0 1.0
v -0.04231279715895653 0.33039817214012146 0.007136472500860691 0.5 0.0 1.0
v -0.362270325422287 0.47474682331085205 -0.04067327454686165 0.5 0.0 1.0
v -0.49742481112480164 0.3561418950557709 0.04483262076973915 0.5 0.0 1.0
v -0.27860328555107117 0.41406524181365967 -0.015848983079195023 0.5 0.0 1.0
v 0.018368806689977646 0.3680943250656128 -0.021365493535995483 0.5 0.0 1.0
v -0.7171657681465149 0.5510585308074951 -0.036995600908994675 0.5 0.0 1.0
v 0.0808892473578453 0.13732033967971802 0.09815887361764908 0.5 0.0 1.0
v -0.6261433959007263 0.2687971591949463 0.11378898471593857 0.5 0.0 1.0
v -0.7631366848945618 0.3110903799533844 0.0944811999797821 0.5 0.0 1.0
v -0.6776307821273804 0.32028457522392273 0.07885109633207321 0.5 0.0 1.0
v -0.5360403656959534 0.34418943524360657 0.051268547773361206 0.5 0.0 1.0
v -0.6472899913787842 0.716553807258606 -0.13997043669223785 0.5 0.0 1.0
v -0.3567538261413574 0.2972991168498993 0.05310738459229469 0.5 0.0 1.0
v -0.5011025071144104 0.48669928312301636 -0.034237347543239594 0.5 0.0 1.0
v -0.7061327695846558 0.7009237408638 -0.12434033304452896 0.5 0.0 1.0
v -0.32365477085113525 0.42969533801078796 -0.019526656717061996 0.5 0.0 1.0
v -0.6160297393798828 0.6917295455932617 -0.1326151043176651 0.5 0.0 1.0
v -0.45145389437675476 0.6227731704711914 -0.12158207595348358 0.5 0.0 1.0
v -0.030360359698534012 0.310170978307724 0.017250072211027145 0.5 0.0 1.0
v 0.11858539283275604 0.17225824296474457 0.07701225578784943 0.5 0.0 1.0
v -0.32457420229911804 0.2108737975358963 0.10091713070869446 0.5 0.0 1.0
v -0.5240879654884338 0.5455420613288879 -0.05906163901090622 0.5 0.0 1.0
v -0.2464236468076706 0.35981956124305725 0.008055890910327435 0.5 0.0 1.0
v -0.5654617547988892 0.7064402103424072 -0.1473257839679718 0.5 0.0 1.0
v -0.36962568759918213 0.5280730724334717 -0.06917524337768555 0.5 0.0 1.0
v -0.7346346974372864 0.44624486565589905 0.01816949062049389 0.5 0.0 1.0
v -0.10207498073577881 0.3570612967014313 -0.009413056075572968 0.5 0.0 1.0
v -0.31078290939331055 0.5225566029548645 -0.07377233356237411 0.5 0.0 1.0
v -0.4450179636478424 0.5676080584526062 -0.08296651393175125 0.5 0.0 1.0
v -0.030360359698534012 0.480263352394104 -0.08388593047857285 0.5 0.0 1.0
v -0.43582379817962646 0.3837244212627411 0.02368600107729435 0.5 0.0 1.0
v -0.0754118487238884 0.1980019509792328 0.08344818651676178 0.5 0.0 1.0
v -0.21976050734519958 0.25776413083076477 0.0659792423248291 0.5 0.0 1.0
v -0.41191890835762024 0.6889712810516357 -0.15651996433734894 0.5 0.0 1.0
v -0.355834424495697 0.6301285028457642 -0.12434033304452896 0.5 0.0 1.0
v -0.5433957576751709 0.24856995046138763 0.11103073507547379 0.5 0.0 1.0
v -0.4900694787502289 0.3818855881690979 0.02644425444304943 0.5 0.0 1.0
v -0.6316598653793335 0.44348660111427307 0.01081414520740509 0.5 0.0 1.0
v -0.26481199264526367 0.27615249156951904 0.05954331159591675 0.5 0.0 1.0
v -0.04231279715895653 0.42877593636512756 -0.05078687518835068 0.5 0.0 1.0
v -0.26848968863487244 0.6144983768463135 -0.12709859013557434 0.5 0.0 1.0
v -0.038635123521089554 0.16122521460056305 0.10183654725551605 0.5 0.0 1.0
v -0.25194016098976135 0.3083321452140808 0.04207436367869377 0.5 0.0 1.0
v -0.3751421868801117 0.4250982403755188 -0.008493637666106224 0.5 0.0 1.0
v -0.3300907015800476 0.5243954062461853 -0.06825581938028336 0.5 0.0 1.0
v -0.16459542512893677 0.53726726770401 -0.09675778448581696 0.5 0.0 1.0
v 0.06893680989742279 0.33407583832740784 -0.012171310372650623 0.5 0.0 1.0
v -0.6583229899406433 0.5437031984329224 -0.04159269481897354 0.5 0.0 1.0
v -0.2997499108314514 0.5666886568069458 -0.10135487467050552 0.5 0.0 1.0
v -0.47903645038604736 0.4250982403755188 -0.0011382916709408164 0.5 0.0 1.0
v -0.5498316287994385 0.2945408523082733 0.0797705128788948 0.5 0.0 1.0
v -0.2877974510192871 0.26328063011169434 0.07149574905633926 0.5 0.0 1.0
v -0.48271411657333374 0.32947874069213867 0.05678505823016167 0.5 0.0 1.0
v 0.0018192788120359182 0.307412713766098 0.01449181791394949 0.5 0.0 1.0
v 0.05514553561806679 0.36717489361763 -0.033317930996418 0.5 0.0 1.0
v -0.6803890466690063 0.48669928312301636 -0.006654800847172737 0.5 0.0 1.0
v -0.5590258240699768 0.6301285028457642 -0.1041131317615509 0.5 0.0 1.0
v -0.5387986302375793 0.6770188212394714 -0.1326151043176651 0.5 0.0 1.0
v -0.7668143510818481 0.5483002662658691 -0.033317930996418 0.5 0.0 1.0
v -0.274006187915802 0.20719613134860992 0.10091713070869446 0.5 0.0 1.0
v -0.23906829953193665 0.17869415879249573 0.11470840126276016 0.5 0.0 1.0
v -0.05518465116620064 0.20259903371334076 0.0806899294257164 0.5 0.0 1.0
v -0.6380957961082458 0.6246119737625122 -0.0903218612074852 0.5 0.0 1.0
v -0.6537259221076965 0.4673914909362793 0.0016199629753828049 0.5 0.0 1.0
v -0.0754118487238884 0.2963796854019165 0.02920250967144966 0.5 0.0 1.0
v 0.12134364992380142 0.21730972826480865 0.05034912750124931 0.5 0.0 1.0
v -0.728198766708374 0.735861599445343 -0.15100346505641937 0.5 0.0 1.0
v -0.2151634246110916 0.17869415879249573 0.1082724779844284 0.5 0.0 1.0
v -0.7916386723518372 0.35981956124305725 0.07885109633207321 0.5 0.0 1.0
v -0.25377899408340454 0.2246650755405426 0.09172295033931732 0.5 0.0 1.0
v -0.4339849650859833 0.40303221344947815 0.008055890910327435 0.5 0.0 1.0
v -0.48179471492767334 0.27339422702789307 0.081609345972538 0.5 0.0 1.0
v -0.18574203550815582 0.39199918508529663 -0.014929564669728279 0.5 0.0 1.0
v -0.15632066130638123 0.5648497939109802 -0.12158207595348358 0.5 0.0 1.0
v -0.015649667009711266 0.4388895332813263 -0.05906163901090622 0.5 0.0 1.0
v -0.362270325422287 0.3938380181789398 0.004378217738121748 0.5 0.0 1.0
v -0.43674319982528687 0.6733411550521851 -0.14272870123386383 0.5 0.0 1.0
v -0.7447482943534851 0.5464614629745483 -0.034237347543239594 0.5 0.0 1.0
v -0.46432575583457947 0.5648497939109802 -0.08020825684070587 0.5 0.0 1.0
v 0.09743877500295639 0.26052239537239075 0.02092774584889412 0.5 0.0 1.0
v -0.5084578394889832 0.44808369874954224 -0.010332473553717136 0.5 0.0 1.0
v -0.33836546540260315 0.3110903799533844 0.04483262076973915 0.5 0.0 1.0
v -0.2749256193637848 0.47290799021720886 -0.05078687518835068 0.5 0.0 1.0
v -0.3144606053829193 0.24673111736774445 0.08712586015462875 0.5 0.0 1.0
v -0.1177050918340683 0.48669928312301636 -0.07377233356237411 0.5 0.0 1.0
v -0.30894407629966736 0.6071430444717407 -0.1179044097661972 0.5 0.0 1.0
v -0.614190936088562 0.6439197659492493 -0.10871022194623947 0.5 0.0 1.0
v -0.5222491025924683 0.6577110886573792 -0.12985683977603912 0.5 0.0 1.0
v -0.21056632697582245 0.20535729825496674 0.09723945707082748 0.5 0.0 1.0
v -0.4146771728992462 0.5804799199104309 -0.09583836793899536 0.5 0.0 1.0
v -0.3613509237766266 0.542783796787262 -0.08112768083810806 0.5 0.0 1.0
v -0.14896531403064728 0.3405117690563202 0.013572399504482746 0.5 0.0 1.0
v -0.30802467465400696 0.34602826833724976 0.02920250967144966 0.5 0.0 1.0
v -0.09196138381958008 0.41590407490730286 -0.04159269481897354 0.5 0.0 1.0
v -0.2602149248123169 0.5574944615364075 -0.09951604157686234 0.5 0.0 1.0
v -0.6665977835655212 0.654033362865448 -0.09951604157686234 0.5 0.0 1.0
v -0.3889334797859192 0.369933158159256 0.02092774584889412 0.5 0.0 1.0
v -0.5985608100891113 0.37636908888816833 0.03931611031293869 0.5 0.0 1.0
v 0.14616793394088745 0.22834274172782898 0.03471902012825012 0.5 0.0 1.0
v -0.09471963346004486 0.3064933121204376 0.02368600107729435 0.5 0.0 1.0
v -0.22067993879318237 0.3239622414112091 0.03379959985613823 0.5 0.0 1.0
v -0.2868780493736267 0.4517613649368286 -0.034237347543239594 0.5 0.0 1.0
v -0.39628881216049194 0.5437031984329224 -0.07469175010919571 0.5 0.0 1.0
v -0.8091076016426086 0.37636908888816833 0.06873749196529388 0.5 0.0 1.0
v -0.00921374000608921 0.22742332518100739 0.061382148414850235 0.5 0.0 1.0
v -0.08276719599962234 0.45727789402008057 -0.0618198961019516 0.5 0.0 1.0
v -0.03587687015533447 0.45727789402008057 -0.07377233356237411 0.5 0.0 1.0
v -0.55442875623703 0.4683108925819397 -0.012171310372650623 0.5 0.0 1.0
v -0.25377899408340454 0.45819729566574097 -0.039753858000040054 0.5 0.0 1.0
v -0.103913813829422 0.602545976638794 -0.14456753432750702 0.5 0.0 1.0
v -0.3190576732158661 0.32120397686958313 0.04207436367869377 0.5 0.0 1.0
v -0.5231685042381287 0.5722051858901978 -0.08020825684070587 0.5 0.0 1.0
v -0.7999134063720703 0.2927020192146301 0.11562782526016235 0.5 0.0 1.0
v -0.7456677556037903 0.3791273236274719 0.05494622141122818 0.5 0.0 1.0
v 0.09468051791191101 0.18972718715667725 0.06781807541847229 0.5 0.0 1.0
v -0.415596604347229 0.34418943524360657 0.038396693766117096 0.5 0.0 1.0
v -0.39444997906684875 0.4113069772720337 -0.002057709963992238 0.5 0.0 1.0
v 0.07996983081102371 0.22098740935325623 0.05494622141122818 0.5 0.0 1.0
v -0.6252239346504211 0.6751800179481506 -0.1197432428598404 0.5 0.0 1.0
v -0.14344879984855652 0.28718551993370056 0.032880183309316635 0.5 0.0 1.0
v -0.5332821011543274 0.7009237408638 -0.1464063674211502 0.5 0.0 1.0
v -0.4992636442184448 0.5483002662658691 -0.06549756973981857 0.5 0.0 1.0
v -0.12414101511240005 0.5510585308074951 -0.11146847903728485 0.5 0.0 1.0
v -0.6895832419395447 0.2715553939342499 0.11103073507547379 0.5 0.0 1.0
v -0.11034974455833435 0.5142818093299866 -0.0903218612074852 0.5 0.0 1.0
v -0.07173418253660202 0.47290799021720886 -0.07009465992450714 0.5 0.0 1.0
v -0.3144606053829193 0.5547361969947815 -0.0894024446606636 0.5 0.0 1.0
v 0.14616793394088745 0.10514070838689804 0.11378898471593857 0.5 0.0 1.0
v -0.4909888803958893 0.6733411550521851 -0.13629277050495148 0.5 0.0 1.0
v -0.42111310362815857 0.4526807963848114 -0.019526656717061996 0.5 0.0 1.0
v -0.19769448041915894 0.33039817214012146 0.022766582667827606 0.5 0.0 1.0
v -0.39536938071250916 0.26144179701805115 0.08528701961040497 0.5 0.0 1.0
v -0.5912054777145386 0.27799132466316223 0.09999771416187286 0.5 0.0 1.0
v -0.6325792670249939 0.2963796854019165 0.09723945707082748 0.5 0.0 1.0
v -0.1737896054983139 0.26236122846603394 0.05770447477698326 0.5 0.0 1.0
v -0.4174354374408722 0.49037694931030273 -0.04894803836941719 0.5 0.0 1.0
v -0.5774142146110535 0.34878653287887573 0.058623891323804855 0.5 0.0 1.0
v -0.6537259221076965 0.741378128528595 -0.15651996433734894 0.5 0.0 1.0
v -0.16827309131622314 0.5133624076843262 -0.0894024446606636 0.5 0.0 1.0
v -0.6895832419395447 0.7377004623413086 -0.15008404850959778 0.5 0.0 1.0
v -0.8035910725593567 0.3083321452140808 0.10919189453125 0.5 0.0 1.0
v -0.29607221484184265 0.6586304903030396 -0.15284229815006256 0.5 0.0 1.0
v -0.6969385743141174 0.3515447974205017 0.07333458214998245 0.5 0.0 1.0
v -0.7521036863327026 0.5703663229942322 -0.042512111365795135 0.5 0.0 1.0
v -0.7567007541656494 0.5317507386207581 -0.02780142053961754 0.5 0.0 1.0
v -0.10759148746728897 0.2550058662891388 0.05678505823016167 0.5 0.0 1.0
v -0.5820112824440002 0.5777216553688049 -0.06917524337768555 0.5 0.0 1.0
v -0.6390151977539062 0.602545976638794 -0.08388593047857285 0.5 0.0 1.0
v -0.12781868875026703 0.31844574213027954 0.021847164258360863 0.5 0.0 1.0
v -0.13793228566646576 0.2402951866388321 0.06414040178060532 0.5 0.0 1.0
v -0.5700588822364807 0.5859964489936829 -0.08020825684070587 0.5 0.0 1.0
v -0.6665977835655212 0.43245360255241394 0.022766582667827606 0.5 0.0 1.0
v -0.1471264809370041 0.59151291847229 -0.12985683977603912 0.5 0.0 1.0
v 0.1829446703195572 0.168580561876297 0.0659792423248291 0.5 0.0 1.0
v -0.48087528347969055 0.7147150039672852 -0.15284229815006256 0.5 0.0 1.0
v -0.529604434967041 0.30005738139152527 0.07701225578784943 0.5 0.0 1.0
v 0.10479412227869034 0.28810492157936096 0.008055890910327435 0.5 0.0 1.0
v -0.3282518684864044 0.676099419593811 -0.15651996433734894 0.5 0.0 1.0
v -0.21148574352264404 0.3828050196170807 -0.01125189196318388 0.5 0.0 1.0
v -0.5139743685722351 0.25960296392440796 0.09723945707082748 0.5 0.0 1.0
v -0.7272793650627136 0.3552224636077881 0.07149574905633926 0.5 0.0 1.0
v -0.19309738278388977 0.36257779598236084 0.0025393811520189047 0.5 0.0 1.0
v -0.46616458892822266 0.6806964874267578 -0.14272870123386383 0.5 0.0 1.0
v -0.25194016098976135 0.5004905462265015 -0.06733640283346176 0.5 0.0 1.0
v -0.6151103377342224 0.2853466868400574 0.09723945707082748 0.5 0.0 1.0
v 0.01561055239289999 0.3258010745048523 -0.0011382916709408164 0.5 0.0 1.0
v -0.15356239676475525 0.6181761026382446 -0.14456753432750702 0.5 0.0 1.0
v 0.0018192788120359182 0.15662813186645508 0.09723945707082748 0.5 0.0 1.0
v -0.011052575893700123 0.3809661865234375 -0.029640257358551025 0.5 0.0 1.0
v -0.6886637806892395 0.3349952697753906 0.081609345972538 0.5 0.0 1.0
v 0.01193287968635559 0.14375627040863037 0.10551422089338303 0.5 0.0 1.0
v -0.014730249531567097 0.31844574213027954 0.008055890910327435 0.5 0.0 1.0
v -0.08184777945280075 0.27247482538223267 0.04391320049762726 0.5 0.0 1.0
v -0.6307404637336731 0.3092515468597412 0.08620643615722656 0.5 0.0 1.0
v 0.20409129559993744 0.1272067427635193 0.08712586015462875 0.5 0.0 1.0
v -0.31078290939331055 0.4839410185813904 -0.05078687518835068 0.5 0.0 1.0
v -0.7208434343338013 0.3818855881690979 0.05770447477698326 0.5 0.0 1.0
v -0.19953331351280212 0.2412146031856537 0.07517342269420624 0.5 0.0 1.0
v 0.04227368161082268 0.31660690903663635 0.0025393811520189047 0.5 0.0 1.0
v -0.36962568759918213 0.24673111736774445 0.09172295033931732 0.5 0.0 1.0
v -0.5305238962173462 0.36073896288871765 0.040235526859760284 0.5 0.0 1.0
v -0.6941803097724915 0.5409449338912964 -0.033317930996418 0.5 0.0 1.0
v -0.06897592544555664 0.3221234083175659 0.012652982026338577 0.5 0.0 1.0
v -0.2317129522562027 0.34327003359794617 0.020008327439427376 0.5 0.0 1.0
v -0.6371763944625854 0.4545196294784546 -0.00021887347975280136 0.5 0.0 1.0
v -0.3723839521408081 0.6172566413879395 -0.12342091649770737 0.5 0.0 1.0
v -0.2859586179256439 0.3230428397655487 0.032880183309316635 0.5 0.0 1.0
v 0.02940182574093342 0.2642000615596771 0.032880183309316635 0.5 0.0 1.0
v -0.4983442425727844 0.5722051858901978 -0.08664418756961823 0.5 0.0 1.0
v -0.12414101511240005 0.1547892838716507 0.11195015162229538 0.5 0.0 1.0
v -0.36686742305755615 0.32028457522392273 0.05034912750124931 0.5 0.0 1.0
v -0.06805650889873505 0.4508419632911682 -0.06549756973981857 0.5 0.0 1.0
v -0.22159935534000397 0.4536002278327942 -0.04435094818472862 0.5 0.0 1.0
v -0.04507105052471161 0.24489226937294006 0.05034912750124931 0.5 0.0 1.0
v -0.5194908380508423 0.4673914909362793 -0.016768401488661766 0.5 0.0 1.0
v -0.5930443406105042 0.7248286008834839 -0.15284229815006256 0.5 0.0 1.0
v 0.19030001759529114 0.14191743731498718 0.08252876996994019 0.5 0.0 1.0
v 0.09376110136508942 0.14559510350227356 0.09264236688613892 0.5 0.0 1.0
v 0.05606495589017868 0.2835078537464142 0.020008327439427376 0.5 0.0 1.0
v -0.2317129522562027 0.39016035199165344 -0.010332473553717136 0.5 0.0 1.0
v -0.32273536920547485 0.6356450319290161 -0.13629277050495148 0.5 0.0 1.0
v 0.06617855280637741 0.17593590915203094 0.0806899294257164 0.5 0.0 1.0
v -0.1029943972826004 0.45819729566574097 -0.06365872919559479 0.5 0.0 1.0
v -0.6877443790435791 0.515201210975647 -0.019526656717061996 0.5 0.0 1.0
v 0.0395154245197773 0.3929186165332794 -0.04435094818472862 0.5 0.0 1.0
v 0.1673145592212677 0.17409707605838776 0.06965690851211548 0.5 0.0 1.0
v -0.2574566602706909 0.3828050196170807 -0.002057709963992238 0.5 0.0 1.0
v -0.48363354802131653 0.29086318612098694 0.081609345972538 0.5 0.0 1.0
v -0.20688866078853607 0.2715553939342499 0.06046272814273834 0.5 0.0 1.0
v -0.73095703125 0.6181761026382446 -0.0765305832028389 0.5 0.0 1.0
v -0.5525898933410645 0.5639303922653198 -0.06457814574241638 0.5 0.0 1.0
v -0.3356072008609772 0.5823187828063965 -0.1041131317615509 0.5 0.0 1.0
v -0.19309738278388977 0.2660388946533203 0.0521879643201828 0.5 0.0 1.0
v -0.03495744988322258 0.1980019509792328 0.07609283924102783 0.5 0.0 1.0
v -0.6399346590042114 0.3975157141685486 0.031041346490383148 0.5 0.0 1.0
v -0.3760616183280945 0.21914856135845184 0.10643363744020462 0.5 0.0 1.0
v -0.11402741819620132 0.40119338035583496 -0.03239851072430611 0.5 0.0 1.0
v -0.48363354802131653 0.6227731704711914 -0.11238789558410645 0.5 0.0 1.0
v 0.13421550393104553 0.1272067427635193 0.0954006239771843 0.5 0.0 1.0
v -0.5553481578826904 0.5243954062461853 -0.05078687518835068 0.5 0.0 1.0
v -0.6822279095649719 0.2954602837562561 0.10091713070869446 0.5 0.0 1.0
v -0.46708402037620544 0.369933158159256 0.032880183309316635 0.5 0.0 1.0
v -0.48087528347969055 0.31568747758865356 0.06414040178060532 0.5 0.0 1.0
v -0.12781868875026703 0.6255314350128174 -0.1601976454257965 0.5 0.0 1.0
v -0.25194016098976135 0.2642000615596771 0.0659792423248291 0.5 0.0 1.0
v -0.1314963698387146 0.5234760046005249 -0.09399953484535217 0.5 0.0 1.0
v -0.4900694787502289 0.44624486565589905 -0.01125189196318388 0.5 0.0 1.0
v -0.1885003000497818 0.46095556020736694 -0.05906163901090622 0.5 0.0 1.0
v -0.7171657681465149 0.29086318612098694 0.1082724779844284 0.5 0.0 1.0
v -0.5525898933410645 0.27431365847587585 0.09264236688613892 0.5 0.0 1.0
v -0.7355541586875916 0.29086318612098694 0.11838607490062714 0.5 0.0 1.0
v -0.2868780493736267 0.18788835406303406 0.11378898471593857 0.5 0.0 1.0
v -0.7640560865402222 0.4673914909362793 0.01449181791394949 0.5 0.0 1.0
v -0.7741696834564209 0.5197983384132385 -0.015848983079195023 0.5 0.0 1.0
v -0.4707616865634918 0.5363478660583496 -0.06365872919559479 0.5 0.0 1.0
v -0.1314963698387146 0.5961100459098816 -0.13721218705177307 0.5 0.0 1.0
v -0.01656908541917801 0.2559252977371216 0.04391320049762726 0.5 0.0 1.0
v -0.6509676575660706 0.36349722743034363 0.05770447477698326 0.5 0.0 1.0
v -0.26389259099960327 0.34694769978523254 0.017250072211027145 0.5 0.0 1.0
v -0.05610406771302223 0.37544965744018555 -0.02044607512652874 0.5 0.0 1.0
v -0.4744393527507782 0.5832381844520569 -0.0903218612074852 0.5 0.0 1.0
v -0.73095703125 0.48577985167503357 -0.00021887347975280136 0.5 0.0 1.0
v -0.4597286581993103 0.3423506021499634 0.048510290682315826 0.5 0.0 1.0
v -0.415596604347229 0.30465444922447205 0.06505981832742691 0.5 0.0 1.0
v -0.7236016988754272 0.6043847799301147 -0.07193349301815033 0.5 0.0 1.0
v -0.2877974510192871 0.6043847799301147 -0.12801800668239594 0.5 0.0 1.0
v -0.3034275770187378 0.5106041431427002 -0.06733640283346176 0.5 0.0 1.0
v -0.15448181331157684 0.32028457522392273 0.021847164258360863 0.5 0.0 1.0
v -0.2997499108314514 0.4002739489078522 -0.005735382903367281 0.5 0.0 1.0
v -0.1305769383907318 0.43521183729171753 -0.042512111365795135 0.5 0.0 1.0
v -0.5562675595283508 0.4131458103656769 0.020008327439427376 0.5 0.0 1.0
v -0.18666145205497742 0.18972718715667725 0.10459480434656143 0.5 0.0 1.0
v 0.08548633754253387 0.30189621448516846 0.006217054091393948 0.5 0.0 1.0
v -0.10575265437364578 0.5271536707878113 -0.09859662503004074 0.5 0.0 1.0
v -0.4615675210952759 0.6954072117805481 -0.15100346505641937 0.5 0.0 1.0
v -0.2326323688030243 0.20627671480178833 0.09632004052400589 0.5 0.0 1.0
v -0.4569704234600067 0.5106041431427002 -0.04986745864152908 0.5 0.0 1.0
v -0.11402741819620132 0.4986517131328583 -0.08388593047857285 0.5 0.0 1.0
v -0.057023487985134125 0.41774290800094604 -0.04067327454686165 0.5 0.0 1.0
v -0.39536938071250916 0.5574944615364075 -0.08112768083810806 0.5 0.0 1.0
v -0.7245211005210876 0.46003612875938416 0.016330653801560402 0.5 0.0 1.0
v -0.6537259221076965 0.32028457522392273 0.07885109633207321 0.5 0.0 1.0
v -0.7162463665008545 0.6898906826972961 -0.12709859013557434 0.5 0.0 1.0
v -0.03955454006791115 0.47198858857154846 -0.07377233356237411 0.5 0.0 1.0
v -0.2629731595516205 0.1970825344324112 0.10367538779973984 0.5 0.0 1.0
v -0.7153269648551941 0.7551693916320801 -0.1611170619726181 0.5 0.0 1.0
v 0.12594074010849 0.14191743731498718 0.0944811999797821 0.5 0.0 1.0
v 0.04227368161082268 0.14559510350227356 0.10183654725551605 0.5 0.0 1.0
v -0.03311861306428909 0.4067098796367645 -0.03883443772792816 0.5 0.0 1.0
v 0.00917462445795536 0.1832912564277649 0.08252876996994019 0.5 0.0 1.0
v -0.17195077240467072 0.5859964489936829 -0.12342091649770737 0.5 0.0 1.0
v -0.6187880039215088 0.31476807594299316 0.07609283924102783 0.5 0.0 1.0
v 0.12042423337697983 0.12444848567247391 0.10183654725551605 0.5 0.0 1.0
v -0.4349043667316437 0.5887547135353088 -0.09399953484535217 0.5 0.0 1.0
v -0.4597286581993103 0.2972991168498993 0.07333458214998245 0.5 0.0 1.0
v -0.7245211005210876 -0.21205857396125793 -0.15743939578533173 1.0 0.0 0.75
v -0.8615144491195679 0.09134943038225174 -0.007574219256639481 1.0 0.0 0.75
v -0.44869565963745117 -0.021739007905125618 -0.02320432849228382 1.0 0.0 0.75
v -0.16459542512893677 -0.0005923894350416958 0.025524836033582687 1.0 0.0 0.75
v -0.4615675210952759 -0.262626588344574 -0.17031124234199524 1.0 0.0 0.75
v 0.08732517063617706 -0.01714191772043705 0.038396693766117096 1.0 0.0 0.75
v -0.67671138048172 -0.020819591358304024 -0.048028621822595596 1.0 0.0 0.75
v -0.9001299738883972 -0.09437304735183716 -0.11422673612833023 1.0 0.0 0.75
v -0.38341695070266724 0.15846696496009827 0.08988410979509354 1.0 0.0 0.75
v -0.6877443790435791 0.1409980207681656 0.04207436367869377 1.0 0.0 0.75
v -0.3172188401222229 -0.13574686646461487 -0.06641698628664017 1.0 0.0 0.75
v -0.5718976855278015 -0.14034396409988403 -0.10779080539941788 1.0 0.0 0.75
v -0.5305238962173462 0.11249605566263199 0.051268547773361206 1.0 0.0 0.75
v -0.04966814070940018 0.07847757637500763 0.0797705128788948 1.0 0.0 0.75
v -0.32733243703842163 0.027909575030207634 0.028283091261982918 1.0 0.0 0.75
v -0.15540124475955963 -0.12655268609523773 -0.047109201550483704 1.0 0.0 0.75
v -0.03955454006791115 -0.057596318423748016 0.008975308388471603 1.0 0.0 0.75
v -0.8017522692680359 -0.020819591358304024 -0.05998105928301811 1.0 0.0 0.75
v -0.43582379817962646 -0.1614905744791031 -0.09859662503004074 1.0 0.0 0.75
v -0.8274959325790405 0.19340485334396362 0.05678505823016167 1.0 0.0 0.75
v -0.3475596606731415 -0.24791589379310608 -0.13721218705177307 1.0 0.0 0.75
v -0.8366901278495789 -0.18079836666584015 -0.1611170619726181 1.0 0.0 0.75
v -0.559945285320282 0.009521210566163063 -0.015848983079195023 1.0 0.0 0.75
v -0.2335517853498459 0.0830746665596962 0.06322098523378372 1.0 0.0 0.75
v -0.48179471492767334 0.2099543809890747 0.1101113110780716 1.0 0.0 0.75
v -0.5774142146110535 -0.24056054651737213 -0.15651996433734894 1.0 0.0 0.75
v -0.25377899408340454 -0.06219341233372688 -0.013090728782117367 1.0 0.0 0.75
v -0.4284684360027313 0.07020281255245209 0.032880183309316635 1.0 0.0 0.75
v -0.7125687003135681 -0.10816432535648346 -0.10319371521472931 1.0 0.0 0.75
v -0.7567007541656494 0.06744455546140671 -0.009413056075572968 1.0 0.0 0.75
v 0.04870960861444473 0.06376688927412033 0.08528701961040497 1.0 0.0 0.75
v -0.651887059211731 0.21914856135845184 0.09172295033931732 1.0 0.0 0.75
v -0.6454511284828186 0.061928048729896545 0.0007005447405390441 1.0 0.0 0.75
v 0.19213885068893433 0.04537852108478546 0.08252876996994019 1.0 0.0 0.75
v -0.5185714364051819 -0.07874293625354767 -0.06457814574241638 1.0 0.0 0.75
v -0.2611343264579773 -0.19918672740459442 -0.10227429866790771 1.0 0.0 0.75
v -0.36962568759918213 -0.06954875588417053 -0.035156767815351486 1.0 0.0 0.75
v -0.1443682163953781 0.07571932673454285 0.07149574905633926 1.0 0.0 0.75
v -0.7392318248748779 0.21822914481163025 0.081609345972538 1.0 0.0 0.75
v -0.8881775736808777 -0.01438366249203682 -0.06549756973981857 1.0 0.0 0.75
v -0.5755753517150879 0.1823718398809433 0.07609283924102783 1.0 0.0 0.75
v -0.6049967408180237 -0.0732264295220375 -0.06733640283346176 1.0 0.0 0.75
v -0.7953163385391235 -0.1173585057258606 -0.11422673612833023 1.0 0.0 0.75
v -0.32549360394477844 0.10330186784267426 0.0659792423248291 1.0 0.0 0.75
v -0.6353375315666199 -0.18631486594676971 -0.13629277050495148 1.0 0.0 0.75
v -0.9166795015335083 -0.16516825556755066 -0.15560054779052734 1.0 0.0 0.75
v 0.007335788104683161 0.1272067427635193 0.11562782526016235 1.0 0.0 0.75
v -0.07173418253660202 -0.12839151918888092 -0.047109201550483704 1.0 0.0 0.75
v 0.0018192788120359182 0.0012464469764381647 0.04483262076973915 1.0 0.0 0.75
v -0.5121355056762695 -0.1890731304883957 -0.12342091649770737 1.0 0.0 0.75
v -0.2317129522562027 -0.1320692002773285 -0.05998105928301811 1.0 0.0 0.75
v -0.12138276547193527 -0.057596318423748016 -0.0038965463172644377 1.0 0.0 0.75
v -0.25561782717704773 0.010440628975629807 0.01449181791394949 1.0 0.0 0.75
v -0.444098562002182 -0.0879371240735054 -0.058142222464084625 1.0 0.0 0.75
v -0.7943968772888184 0.13456209003925323 0.024605419486761093 1.0 0.0 0.75
v -0.29423338174819946 0.15938638150691986 0.10275597125291824 1.0 0.0 0.75
v -0.3613509237766266 -0.17987895011901855 -0.1041131317615509 1.0 0.0 0.75
v 0.11858539283275604 0.04997561126947403 0.08344818651676178 1.0 0.0 0.75
v -0.5994802117347717 0.11341547220945358 0.03471902012825012 1.0 0.0 0.75
v -0.4597286581993103 0.1520310342311859 0.07701225578784943 1.0 0.0 0.75
v -0.06805650889873505 -0.002431225962936878 0.04115494713187218 1.0 0.0 0.75
v -0.8173823356628418 0.04078143090009689 -0.029640257358551025 1.0 0.0 0.75
v -0.49466657638549805 0.02423190325498581 0.0016199629753828049 1.0 0.0 0.75
v -0.16551484167575836 -0.18263719975948334 -0.08388593047857285 1.0 0.0 0.75
v -0.40916067361831665 -0.22309160232543945 -0.12893742322921753 1.0 0.0 0.75
v -0.3769810199737549 -0.004270062316209078 -0.002057709963992238 1.0 0.0 0.75
v -0.6500482559204102 -0.12747210264205933 -0.10595197230577469 1.0 0.0 0.75
v -0.19125854969024658 -0.07966236025094986 -0.02320432849228382 1.0 0.0 0.75
v -0.753023087978363 0.2715553939342499 0.11286956816911697 1.0 0.0 0.75
v -0.6215462684631348 0.006762956269085407 -0.026882002130150795 1.0 0.0 0.75
v -0.7456677556037903 0.16398347914218903 0.05034912750124931 1.0 0.0 0.75
v -0.8422066569328308 -0.05851573869585991 -0.08848302066326141 1.0 0.0 0.75
v -0.10667207092046738 0.11709314584732056 0.09815887361764908 1.0 0.0 0.75
v -0.7594590187072754 -0.07230701297521591 -0.08480534702539444 1.0 0.0 0.75
v -0.7475065588951111 -0.1596517413854599 -0.1344539374113083 1.0 0.0 0.75
v -0.7107298374176025 0.028828993439674377 -0.021365493535995483 1.0 0.0 0.75
v -0.5001830458641052 -0.13758569955825806 -0.09308011084794998 1.0 0.0 0.75
v -0.8201406002044678 0.24397285282611847 0.08896469324827194 1.0 0.0 0.75
v -0.22803527116775513 0.13548150658607483 0.09264236688613892 1.0 0.0 0.75
v -0.37973928451538086 -0.11827792227268219 -0.06825581938028336 1.0 0.0 0.75
v -0.6380957961082458 0.1667417287826538 0.06230156496167183 1.0 0.0 0.75
v -0.7033745050430298 0.08583292365074158 0.008975308388471603 1.0 0.0 0.75
v -0.5866084098815918 0.061928048729896545 0.004378217738121748 1.0 0.0 0.75
v -0.6629201173782349 -0.0750652626156807 -0.0765305832028389 1.0 0.0 0.75
v -0.7346346974372864 -0.021739007905125618 -0.05630338564515114 1.0 0.0 0.75
v -0.8514008522033691 -0.13298861682415009 -0.13077625632286072 1.0 0.0 0.75
v -0.5056995749473572 -0.02725551836192608 -0.034237347543239594 1.0 0.0 0.75
v -0.42479076981544495 0.20259903371334076 0.10735306143760681 1.0 0.0 0.75
v -0.5158131718635559 0.16306404769420624 0.0797705128788948 1.0 0.0 0.75
v -0.5213297009468079 -0.24975472688674927 -0.15927822887897491 1.0 0.0 0.75
v -0.472600519657135 0.10330186784267426 0.04667145758867264 1.0 0.0 0.75
v -0.21332459151744843 -0.02725551836192608 0.0034587993286550045 1.0 0.0 0.75
v -0.4018053114414215 0.11341547220945358 0.055865637958049774 1.0 0.0 0.75
v -0.18574203550815582 0.04537852108478546 0.048510290682315826 1.0 0.0 0.75
v 0.0808892473578453 0.09870477765798569 0.11195015162229538 1.0 0.0 0.75
v -0.39720824360847473 -0.26998192071914673 -0.15376171469688416 1.0 0.0 0.75
v 0.026643570512533188 -0.041966211050748825 0.02368600107729435 1.0 0.0 0.75
v -0.3319295346736908 -0.288370281457901 -0.16939182579517365 1.0 0.0 0.75
v -0.5167325735092163 0.0692833960056305 0.022766582667827606 1.0 0.0 0.75
v -0.8707086443901062 0.038942594081163406 -0.034237347543239594 1.0 0.0 0.75
v -0.36594802141189575 0.06376688927412033 0.0374772734940052 1.0 0.0 0.75
v -0.8468037247657776 0.13456209003925323 0.02092774584889412 1.0 0.0 0.75
v -0.7686532139778137 0.013198884204030037 -0.03791502118110657 1.0 0.0 0.75
v -0.7750891447067261 -0.19550904631614685 -0.1601976454257965 1.0 0.0 0.75
v -0.7033745050430298 0.256844699382782 0.10919189453125 1.0 0.0 0.75
v -0.5581064224243164 -0.04840213805437088 -0.05078687518835068 1.0 0.0 0.75
v -0.33928489685058594 0.19340485334396362 0.11103073507547379 1.0 0.0 0.75
v -0.3006693124771118 -0.0750652626156807 -0.029640257358551025 1.0 0.0 0.75
v -0.2703285217285156 0.04997561126947403 0.042993783950805664 1.0 0.0 0.75
v -0.5976414084434509 0.23385925590991974 0.10643363744020462 1.0 0.0 0.75
v -0.17930610477924347 0.10973779857158661 0.08344818651676178 1.0 0.0 0.75
v -0.2721673548221588 -0.15505465865135193 -0.07836942374706268 1.0 0.0 0.75
v -0.6840667128562927 -0.1578129082918167 -0.12617917358875275 1.0 0.0 0.75
v -0.2151634246110916 -0.17987895011901855 -0.08112768083810806 1.0 0.0 0.75
v 0.07261448353528976 0.026070738211274147 0.06322098523378372 1.0 0.0 0.75
v -0.22619643807411194 -0.23504403233528137 -0.12342091649770737 1.0 0.0 0.75
v -0.4165160059928894 0.028828993439674377 0.008975308388471603 1.0 0.0 0.75
v -0.0018583941273391247 0.06744455546140671 0.081609345972538 1.0 0.0 0.75
v -0.753023087978363 0.10881838202476501 0.019088909029960632 1.0 0.0 0.75
v -0.6482093930244446 0.1115766316652298 0.031041346490383148 1.0 0.0 0.75
v -0.103913813829422 -0.09897013753652573 -0.022284910082817078 1.0 0.0 0.75
v -0.559945285320282 -0.18631486594676971 -0.13077625632286072 1.0 0.0 0.75
v -0.6748725175857544 -0.20654207468032837 -0.15560054779052734 1.0 0.0 0.75
v -0.30802467465400696 -0.1881537139415741 -0.09767720848321915 1.0 0.0 0.75
v -0.03771570324897766 0.03250666707754135 0.05402680113911629 1.0 0.0 0.75
v -0.48179471492767334 -0.2295275330543518 -0.14180928468704224 1.0 0.0 0.75
v -0.6233851313591003 -0.2304469496011734 -0.15835881233215332 1.0 0.0 0.75
v -0.8422066569328308 0.0012464469764381647 -0.05078687518835068 1.0 0.0 0.75
v -0.26389259099960327 -0.1017283946275711 -0.04435094818472862 1.0 0.0 0.75
v -0.5608646869659424 -0.1035672277212143 -0.08112768083810806 1.0 0.0 0.75
v -0.2896362841129303 -0.2295275330543518 -0.12066265940666199 1.0 0.0 0.75
v -0.08184777945280075 0.05089503154158592 0.06414040178060532 1.0 0.0 0.75
v -0.41191890835762024 -0.05391864478588104 -0.034237347543239594 1.0 0.0 0.75
v -0.12230218201875687 0.009521210566163063 0.0374772734940052 1.0 0.0 0.75
v -0.6665977835655212 0.02147364802658558 -0.02596258372068405 1.0 0.0 0.75
v -0.7024551033973694 0.1952436864376068 0.07149574905633926 1.0 0.0 0.75
v -0.09655847400426865 -0.03001377172768116 0.021847164258360863 1.0 0.0 0.75
v -0.6399346590042114 -0.044724464416503906 -0.05446454882621765 1.0 0.0 0.75
v -0.89461350440979 -0.057596318423748016 -0.0912412777543068 1.0 0.0 0.75
v -0.8081881999969482 0.07663874328136444 -0.006654800847172737 1.0 0.0 0.75
v -0.16275657713413239 -0.044724464416503906 -0.00021887347975280136 1.0 0.0 0.75
v -0.5912054777145386 -0.021739007905125618 -0.03883443772792816 1.0 0.0 0.75
v -0.7888804078102112 0.20811554789543152 0.06965690851211548 1.0 0.0 0.75
v -0.4496150612831116 -0.20470324158668518 -0.12709859013557434 1.0 0.0 0.75
v -0.5581064224243164 0.21914856135845184 0.09999771416187286 1.0 0.0 0.75
v -0.6132715344429016 -0.14861872792243958 -0.11330731213092804 1.0 0.0 0.75
v -0.3631897568702698 0.12352906912565231 0.07057633250951767 1.0 0.0 0.75
v -0.05886232480406761 -0.09161479026079178 -0.007574219256639481 1.0 0.0 0.75
v -0.7015356421470642 -0.049321554601192474 -0.06641698628664017 1.0 0.0 0.75
v -0.47995588183403015 -0.05851573869585991 -0.04527036473155022 1.0 0.0 0.75
v -0.6151103377342224 0.1952436864376068 0.081609345972538 1.0 0.0 0.75
v -0.45421215891838074 0.043539684265851974 0.01449181791394949 1.0 0.0 0.75
v -0.4569704234600067 -0.1302303522825241 -0.08388593047857285 1.0 0.0 0.75
v -0.5489122271537781 0.04721735790371895 0.004378217738121748 1.0 0.0 0.75
v -0.33928489685058594 -0.018061336129903793 -0.006654800847172737 1.0 0.0 0.75
v -0.611432671546936 -0.10632548481225967 -0.0894024446606636 1.0 0.0 0.75
v -0.15172356367111206 -0.08701770007610321 -0.022284910082817078 1.0 0.0 0.75
v -0.2032109797000885 0.01503772009164095 0.02920250967144966 1.0 0.0 0.75
v -0.8164629340171814 -0.08701770007610321 -0.09951604157686234 1.0 0.0 0.75
v 0.1691533923149109 0.07020281255245209 0.1101113110780716 1.0 0.0 0.75
v -0.5994802117347717 -0.2019449770450592 -0.14180928468704224 1.0 0.0 0.75
v -0.028521522879600525 -0.02449726313352585 0.027363672852516174 1.0 0.0 0.75
v -0.7465871572494507 -0.12379442900419235 -0.11514615267515182 1.0 0.0 0.75
v -0.13885170221328735 0.04170084744691849 0.0521879643201828 1.0 0.0 0.75
v -0.875305712223053 -0.1578129082918167 -0.14916463196277618 1.0 0.0 0.75
v -0.5369598269462585 -0.1614905744791031 -0.11146847903728485 1.0 0.0 0.75
v -0.39261114597320557 -0.1605711579322815 -0.0912412777543068 1.0 0.0 0.75
v -0.3870946168899536 0.19340485334396362 0.1082724779844284 1.0 0.0 0.75
v -0.5627034902572632 0.10054361820220947 0.03379959985613823 1.0 0.0 0.75
v -0.793477475643158 -0.05299922823905945 -0.07928884029388428 1.0 0.0 0.75
v -0.06253999471664429 0.10881838202476501 0.09907829761505127 1.0 0.0 0.75
v -0.2032109797000885 -0.21021974086761475 -0.10595197230577469 1.0 0.0 0.75
v -0.3319295346736908 -0.09161479026079178 -0.04343153163790703 1.0 0.0 0.75
v -0.2326323688030243 0.046297941356897354 0.04483262076973915 1.0 0.0 0.75
v 0.00917462445795536 -0.07138759642839432 -0.00021887347975280136 1.0 0.0 0.75
v -0.0882837101817131 0.14559510350227356 0.11470840126276016 1.0 0.0 0.75
v -0.3300907015800476 0.07112222909927368 0.04667145758867264 1.0 0.0 0.75
v -0.42203253507614136 0.1694999784231186 0.08988410979509354 1.0 0.0 0.75
v -0.793477475643158 0.2669583261013031 0.10183654725551605 1.0 0.0 0.75
v -0.19769448041915894 -0.14769931137561798 -0.0618198961019516 1.0 0.0 0.75
v -0.7088910341262817 -0.18171778321266174 -0.14088986814022064 1.0 0.0 0.75
v -0.32457420229911804 0.13640092313289642 0.08344818651676178 1.0 0.0 0.75
v -0.333768367767334 -0.1578129082918167 -0.09216069430112839 1.0 0.0 0.75
v -0.4312267005443573 -0.25343239307403564 -0.15100346505641937 1.0 0.0 0.75
v 0.03767659142613411 0.09502710402011871 0.10183654725551605 1.0 0.0 0.75
v -0.614190936088562 0.08491350710391998 0.016330653801560402 1.0 0.0 0.75
v -0.850481390953064 0.16582231223583221 0.040235526859760284 1.0 0.0 0.75
v -0.4422597289085388 0.12352906912565231 0.061382148414850235 1.0 0.0 0.75
v -0.7999134063720703 0.16490289568901062 0.04483262076973915 1.0 0.0 0.75
v -0.6178686022758484 0.039862010627985 -0.01125189196318388 1.0 0.0 0.75
v -0.25285956263542175 0.1115766316652298 0.07609283924102783 1.0 0.0 0.75
v 0.08456692099571228 0.06744455546140671 0.09172295033931732 1.0 0.0 0.75
v -0.1324157863855362 -0.02449726313352585 0.017250072211027145 1.0 0.0 0.75
v -0.7953163385391235 -0.16792650520801544 -0.1473257839679718 1.0 0.0 0.75
v 0.10387469828128815 0.007682374678552151 0.06046272814273834 1.0 0.0 0.75
v -0.44869565963745117 0.009521210566163063 -0.0048159644939005375 1.0 0.0 0.75
v -0.67671138048172 -0.1035672277212143 -0.09399953484535217 1.0 0.0 0.75
v -0.415596604347229 -0.12195559591054916 -0.07101407647132874 1.0 0.0 0.75
v -0.6748725175857544 0.17041939496994019 0.058623891323804855 1.0 0.0 0.75
v -0.3733033537864685 -0.22493043541908264 -0.12617917358875275 1.0 0.0 0.75
v 0.03491833433508873 0.010440628975629807 0.05494622141122818 1.0 0.0 0.75
v -0.48087528347969055 0.17685532569885254 0.09172295033931732 1.0 0.0 0.75
v 0.0248047336935997 0.043539684265851974 0.06873749196529388 1.0 0.0 0.75
v -0.6270627975463867 0.13640092313289642 0.04483262076973915 1.0 0.0 0.75
v -0.08368661254644394 -0.06679049879312515 -0.0038965463172644377 1.0 0.0 0.75
v -0.1314963698387146 -0.15137697756290436 -0.05446454882621765 1.0 0.0 0.75
v 0.15536212921142578 0.03802317753434181 0.08344818651676178 1.0 0.0 0.75
v -0.5387986302375793 0.18880777060985565 0.08620643615722656 1.0 0.0 0.75
v -0.4744393527507782 -0.1026478111743927 -0.07101407647132874 1.0 0.0 0.75
v -0.8219794631004333 0.10422129184007645 0.009894726797938347 1.0 0.0 0.75
v -0.5259267687797546 -0.10816432535648346 -0.08204709738492966 1.0 0.0 0.75
v -0.6334987282752991 0.24305343627929688 0.10919189453125 1.0 0.0 0.75
v -0.48271411657333374 0.07388048619031906 0.028283091261982918 1.0 0.0 0.75
v -0.7668143510818481 0.24673111736774445 0.09264236688613892 1.0 0.0 0.75
v -0.46892285346984863 -0.17895951867103577 -0.11422673612833023 1.0 0.0 0.75
v -0.5286850333213806 0.020554229617118835 -0.005735382903367281 1.0 0.0 0.75
v -0.9084047675132751 -0.12287501245737076 -0.1316956728696823 1.0 0.0 0.75
v -0.7631366848945618 -0.04104679077863693 -0.06825581938028336 1.0 0.0 0.75
v -0.5507510900497437 0.140078604221344 0.05494622141122818 1.0 0.0 0.75
v -0.13793228566646576 0.13088442385196686 0.10183654725551605 1.0 0.0 0.75
v -0.7042939066886902 -0.07874293625354767 -0.08388593047857285 1.0 0.0 0.75
v -0.22527702152729034 -0.10448665171861649 -0.04067327454686165 1.0 0.0 0.75
v -0.7438288927078247 0.03710375726222992 -0.02320432849228382 1.0 0.0 0.75
v -0.17838668823242188 0.07939699292182922 0.06781807541847229 1.0 0.0 0.75
v 0.0533066987991333 -0.018980754539370537 0.038396693766117096 1.0 0.0 0.75
v -0.7116492390632629 0.11525430530309677 0.02368600107729435 1.0 0.0 0.75
v -0.3760616183280945 0.09134943038225174 0.05494622141122818 1.0 0.0 0.75
v -0.3889334797859192 0.04078143090009689 0.024605419486761093 1.0 0.0 0.75
v -0.22251877188682556 0.16214463114738464 0.11286956816911697 1.0 0.0 0.75
v -0.5387986302375793 -0.02265842631459236 -0.03055967576801777 1.0 0.0 0.75
v -0.30894407629966736 -0.25251299142837524 -0.13537335395812988 1.0 0.0 0.75
v -0.867030918598175 -0.07874293625354767 -0.09767720848321915 1.0 0.0 0.75
v -0.5829306840896606 0.1529504507780075 0.06230156496167183 1.0 0.0 0.75
v -0.3631897568702698 -0.041966211050748825 -0.01768781989812851 1.0 0.0 0.75
v -0.0607011616230011 -0.030933190137147903 0.022766582667827606 1.0 0.0 0.75
v -0.302508145570755 -0.27917611598968506 -0.15743939578533173 1.0 0.0 0.75
v -0.7180851697921753 -0.15045756101608276 -0.12342091649770737 1.0 0.0 0.75
v -0.3319295346736908 0.16306404769420624 0.10091713070869446 1.0 0.0 0.75
v -0.8734668493270874 0.010440628975629807 -0.04986745864152908 1.0 0.0 0.75
v -0.7383123636245728 0.13640092313289642 0.03471902012825012 1.0 0.0 0.75
v -0.3870946168899536 -0.09069537371397018 -0.052625712007284164 1.0 0.0 0.75
v -0.6436123251914978 -0.1596517413854599 -0.11698498576879501 1.0 0.0 0.75
v 0.1241018995642662 0.08583292365074158 0.1101113110780716 1.0 0.0 0.75
v -0.8274959325790405 -0.11551966518163681 -0.11606556922197342 1.0 0.0 0.75
v -0.7796862125396729 0.08859118074178696 0.0025393811520189047 1.0 0.0 0.75
v -0.020246759057044983 0.09043001383543015 0.0944811999797821 1.0 0.0 0.75
v -0.8274959325790405 0.2715553939342499 0.10367538779973984 1.0 0.0 0.75
v -0.5535093545913696 -0.07690410315990448 -0.06457814574241638 1.0 0.0 0.75
v -0.16735367476940155 0.14283685386180878 0.10551422089338303 1.0 0.0 0.75
v -0.20872749388217926 0.10146303474903107 0.07425400614738464 1.0 0.0 0.75
v -0.8569173216819763 -0.03553028032183647 -0.07193349301815033 1.0 0.0 0.75
v -0.006455485243350267 0.03250666707754135 0.06046272814273834 1.0 0.0 0.75
v -0.5093772411346436 0.22282624244689941 0.11930549889802933 1.0 0.0 0.75
v -0.7180851697921753 0.05733095854520798 -0.009413056075572968 1.0 0.0 0.75
v -0.668436586856842 0.1961631178855896 0.07609283924102783 1.0 0.0 0.75
v -0.5194908380508423 -0.2157362550497055 -0.13905102014541626 1.0 0.0 0.75
v -0.04047396034002304 -0.10816432535648346 -0.02780142053961754 1.0 0.0 0.75
v -0.33928489685058594 -0.22493043541908264 -0.11698498576879501 1.0 0.0 0.75
v -0.869789183139801 -0.18079836666584015 -0.17031124234199524 1.0 0.0 0.75
v -0.4431791305541992 -0.05024097487330437 -0.03607618436217308 1.0 0.0 0.75
v -0.25469839572906494 0.16306404769420624 0.10459480434656143 1.0 0.0 0.75
v -0.22343818843364716 -0.07046817243099213 -0.014929564669728279 1.0 0.0 0.75
v -0.5774142146110535 0.03434550389647484 -0.007574219256639481 1.0 0.0 0.75
v -0.7088910341262817 0.22282624244689941 0.08804527670145035 1.0 0.0 0.75
v -0.0892031267285347 0.07755815982818604 0.07885109633207321 1.0 0.0 0.75
v -0.6702754497528076 -0.04840213805437088 -0.0618198961019516 1.0 0.0 0.75
v -0.2574566602706909 -0.23320519924163818 -0.12250149995088577 1.0 0.0 0.75
v -0.3990470767021179 -0.18631486594676971 -0.10779080539941788 1.0 0.0 0.75
v -0.4992636442184448 -0.0015118076698854566 -0.01768781989812851 1.0 0.0 0.75
v -0.19861389696598053 -0.052079811692237854 -0.008493637666106224 1.0 0.0 0.75
v -0.6748725175857544 0.053653284907341 -0.005735382903367281 1.0 0.0 0.75
v -0.49190831184387207 -0.259868323802948 -0.1611170619726181 1.0 0.0 0.75
v -0.29331398010253906 -0.04656330123543739 -0.019526656717061996 1.0 0.0 0.75
v -0.6905026435852051 -0.1311497837305069 -0.11146847903728485 1.0 0.0 0.75
v -0.03495744988322258 0.003085283562541008 0.040235526859760284 1.0 0.0 0.75
v -0.5884472131729126 0.20811554789543152 0.09172295033931732 1.0 0.0 0.75
v -0.6077550053596497 -0.044724464416503906 -0.055383965373039246 1.0 0.0 0.75
v -0.3585926592350006 0.03526492044329643 0.021847164258360863 1.0 0.0 0.75
v -0.1452876329421997 0.10238245129585266 0.08712586015462875 1.0 0.0 0.75
v -0.6059161424636841 -0.17620126903057098 -0.12617917358875275 1.0 0.0 0.75
v -0.4349043667316437 0.09594652056694031 0.048510290682315826 1.0 0.0 0.75
v -0.7401512265205383 -0.18631486594676971 -0.15100346505641937 1.0 0.0 0.75
v -0.24274596571922302 -0.01714191772043705 0.009894726797938347 1.0 0.0 0.75
v -0.8081881999969482 -0.19183138012886047 -0.16479474306106567 1.0 0.0 0.75
v -0.7134881019592285 0.006762956269085407 -0.042512111365795135 1.0 0.0 0.75
v -0.736473560333252 -0.09069537371397018 -0.09583836793899536 1.0 0.0 0.75
v -0.8596755862236023 0.06376688927412033 -0.02044607512652874 1.0 0.0 0.75
v -0.8311736583709717 -0.1587323248386383 -0.14088986814022064 1.0 0.0 0.75
v -0.6813084483146667 0.11525430530309677 0.027363672852516174 1.0 0.0 0.75
v -0.3429625630378723 -0.12103617936372757 -0.05998105928301811 1.0 0.0 0.75
v -0.5056995749473572 -0.16332942247390747 -0.10871022194623947 1.0 0.0 0.75
v -0.7456677556037903 0.19156602025032043 0.06873749196529388 1.0 0.0 0.75
v -0.7888804078102112 -0.1440216302871704 -0.12985683977603912 1.0 0.0 0.75
v -0.2896362841129303 -0.12379442900419235 -0.0627393126487732 1.0 0.0 0.75
v -0.7098104357719421 0.17041939496994019 0.055865637958049774 1.0 0.0 0.75
v -0.39720824360847473 0.13548150658607483 0.07609283924102783 1.0 0.0 0.75
v -0.35215672850608826 -0.27733728289604187 -0.15008404850959778 1.0 0.0 0.75
v -0.5553481578826904 0.07204165309667587 0.020008327439427376 1.0 0.0 0.75
v -0.673953115940094 0.08767175674438477 0.01449181791394949 1.0 0.0 0.75
v -0.5121355056762695 -0.05391864478588104 -0.04618978500366211 1.0 0.0 0.75
v -0.7732502818107605 0.17685532569885254 0.051268547773361206 1.0 0.0 0.75
v -0.415596604347229 -0.08242060989141464 -0.05170629546046257 1.0 0.0 0.75
v -0.11034974455833435 0.05825037509202957 0.06781807541847229 1.0 0.0 0.75
v -0.13425461947917938 -0.10908374190330505 -0.03147909417748451 1.0 0.0 0.75
v -0.35215672850608826 0.010440628975629807 0.004378217738121748 1.0 0.0 0.75
v -0.18482261896133423 -0.10540606826543808 -0.03607618436217308 1.0 0.0 0.75
v -0.532362699508667 -0.13390803337097168 -0.09491895139217377 1.0 0.0 0.75
v -0.23814888298511505 -0.1578129082918167 -0.07285290956497192 1.0 0.0 0.75
v -0.5489122271537781 -0.23320519924163818 -0.15560054779052734 1.0 0.0 0.75
v -0.5452345609664917 0.16490289568901062 0.06965690851211548 1.0 0.0 0.75
v -0.6675171852111816 -0.17987895011901855 -0.13629277050495148 1.0 0.0 0.75
v -0.8091076016426086 0.004924119915813208 -0.048028621822595596 1.0 0.0 0.75
v -0.28320038318634033 0.0012464469764381647 0.017250072211027145 1.0 0.0 0.75
v -0.4027247428894043 0.0821552500128746 0.03931611031293869 1.0 0.0 0.75
v -0.4854723811149597 0.05089503154158592 0.01081414520740509 1.0 0.0 0.75
v -0.8789833784103394 -0.12563326954841614 -0.12617917358875275 1.0 0.0 0.75
v 0.21328547596931458 0.06376688927412033 0.10735306143760681 1.0 0.0 0.75
v -0.7714114189147949 0.04537852108478546 -0.021365493535995483 1.0 0.0 0.75
v -0.6334987282752991 -0.07138759642839432 -0.07009465992450714 1.0 0.0 0.75
v -0.6482093930244446 -0.1026478111743927 -0.0912412777543068 1.0 0.0 0.75
v -0.446856826543808 0.21639031171798706 0.11930549889802933 1.0 0.0 0.75
v -0.19585563242435455 0.1547892838716507 0.10551422089338303 1.0 0.0 0.75
v -0.29699164628982544 -0.09805072098970413 -0.04618978500366211 1.0 0.0 0.75
v -0.4735199511051178 -0.03369144722819328 -0.03055967576801777 1.0 0.0 0.75
v -0.3733033537864685 -0.1440216302871704 -0.07836942374706268 1.0 0.0 0.75
v -0.790719211101532 -0.07874293625354767 -0.0912412777543068 1.0 0.0 0.75
v -0.3567538261413574 0.14927278459072113 0.08804527670145035 1.0 0.0 0.75
v -0.8137046694755554 0.22098740935325623 0.07333458214998245 1.0 0.0 0.75
v -0.6344181299209595 -0.015303080901503563 -0.03883443772792816 1.0 0.0 0.75
v -0.4698422849178314 0.1253679096698761 0.0668986588716507 1.0 0.0 0.75
v -0.09839730709791183 -0.12287501245737076 -0.03607618436217308 1.0 0.0 0.75
v -0.11310800164937973 0.09226885437965393 0.0806899294257164 1.0 0.0 0.75
v -0.3595120906829834 -0.09621188789606094 -0.052625712007284164 1.0 0.0 0.75
v 0.12594074010849 0.022393066436052322 0.06965690851211548 1.0 0.0 0.75
v -0.4551315903663635 -0.23964112997055054 -0.1464063674211502 1.0 0.0 0.75
v -0.4624869227409363 -0.15321581065654755 -0.09951604157686234 1.0 0.0 0.75
v -0.4275490343570709 0.14651452004909515 0.07517342269420624 1.0 0.0 0.75
v -0.1747090220451355 -0.02265842631459236 0.011733563616871834 1.0 0.0 0.75
v -0.2721673548221588 0.14283685386180878 0.09723945707082748 1.0 0.0 0.75
v -0.45329275727272034 0.17869415879249573 0.09080353379249573 1.0 0.0 0.75
v -0.6417734622955322 0.08675234019756317 0.015411236323416233 1.0 0.0 0.75
v -0.6546453237533569 0.13640092313289642 0.04391320049762726 1.0 0.0 0.75
v -0.8256571292877197 -0.031852610409259796 -0.06825581938028336 1.0 0.0 0.75
v -0.23539061844348907 -0.20838090777397156 -0.09859662503004074 1.0 0.0 0.75
v -0.008294321596622467 -0.05391864478588104 0.011733563616871834 1.0 0.0 0.75
v -0.2298741191625595 0.02147364802658558 0.030121928080916405 1.0 0.0 0.75
v -0.0018583941273391247 -0.030933190137147903 0.027363672852516174 1.0 0.0 0.75
v -0.5093772411346436 0.20443788170814514 0.09907829761505127 1.0 0.0 0.75
v -0.24274596571922302 -0.03736911714076996 -0.008493637666106224 1.0 0.0 0.75
v -0.026682686060667038 0.12904557585716248 0.11562782526016235 1.0 0.0 0.75
v -0.2032109797000885 0.12444848567247391 0.08988410979509354 1.0 0.0 0.75
v -0.8679503798484802 -0.1017283946275711 -0.11238789558410645 1.0 0.0 0.75
v -0.07725068926811218 -0.10540606826543808 -0.022284910082817078 1.0 0.0 0.75
v -0.7300376296043396 0.09134943038225174 0.008055890910327435 1.0 0.0 0.75
v -0.17195077240467072 -0.15597407519817352 -0.06457814574241638 1.0 0.0 0.75
v -0.3742227852344513 -0.27917611598968506 -0.16571415960788727 1.0 0.0 0.75
v -0.4018053114414215 -0.030933190137147903 -0.024123746901750565 1.0 0.0 0.75
v -0.4569704234600067 0.0821552500128746 0.028283091261982918 1.0 0.0 0.75
v -0.49374714493751526 0.15938638150691986 0.06505981832742691 1.0 0.0 0.75
v -0.2602149248123169 0.08399409055709839 0.061382148414850235 1.0 0.0 0.75
v -0.24274596571922302 -0.18079836666584015 -0.08572477102279663 1.0 0.0 0.75
v -0.2703285217285156 -0.0750652626156807 -0.029640257358551025 1.0 0.0 0.75
v -0.2896362841129303 -0.20562265813350677 -0.10595197230577469 1.0 0.0 0.75
v -0.7943968772888184 0.02423190325498581 -0.036995600908994675 1.0 0.0 0.75
v -0.5673006176948547 -0.01346424501389265 -0.026882002130150795 1.0 0.0 0.75
v -0.42387136816978455 -0.19275079667568207 -0.11422673612833023 1.0 0.0 0.75
v -0.821060061454773 0.1272067427635193 0.022766582667827606 1.0 0.0 0.75
v -0.2758450210094452 -0.17895951867103577 -0.08848302066326141 1.0 0.0 0.75
v -0.551670491695404 -0.21113915741443634 -0.14180928468704224 1.0 0.0 0.75
v -0.475358784198761 -0.2037838101387024 -0.1316956728696823 1.0 0.0 0.75
v -0.6776307821273804 0.256844699382782 0.11378898471593857 1.0 0.0 0.75
v -0.5847695469856262 0.005843538325279951 -0.02320432849228382 1.0 0.0 0.75
v 0.0248047336935997 0.07571932673454285 0.08988410979509354 1.0 0.0 0.75
v -0.7686532139778137 0.2246650755405426 0.07885109633207321 1.0 0.0 0.75
v -0.20504982769489288 -0.11919733881950378 -0.048028621822595596 1.0 0.0 0.75
v -0.4744393527507782 0.003085283562541008 -0.01125189196318388 1.0 0.0 0.75
v -0.5746559500694275 -0.16516825556755066 -0.11514615267515182 1.0 0.0 0.75
v 0.06158146262168884 0.08491350710391998 0.09999771416187286 1.0 0.0 0.75
v -0.15724007785320282 0.02699015662074089 0.04115494713187218 1.0 0.0 0.75
v 0.1388126015663147 0.06100863218307495 0.0954006239771843 1.0 0.0 0.75
v -0.3457207977771759 0.09134943038225174 0.05494622141122818 1.0 0.0 0.75
v -0.6491288542747498 -0.20930032432079315 -0.15468113124370575 1.0 0.0 0.75
v -0.5829306840896606 -0.08517886698246002 -0.07377233356237411 1.0 0.0 0.75
v -0.190339133143425 -0.1743624359369278 -0.0765305832028389 1.0 0.0 0.75
v -0.7245211005210876 0.24948936700820923 0.09632004052400589 1.0 0.0 0.75
v 0.020207643508911133 -0.015303080901503563 0.0374772734940052 1.0 0.0 0.75
v -0.6840667128562927 0.004924119915813208 -0.035156767815351486 1.0 0.0 0.75
v -0.023924430832266808 0.05549212172627449 0.07609283924102783 1.0 0.0 0.75
v -0.5332821011543274 0.21363206207752228 0.10275597125291824 1.0 0.0 0.75
v -0.5792530179023743 -0.06219341233372688 -0.05446454882621765 1.0 0.0 0.75
v -0.014730249531567097 -0.07966236025094986 -0.002977128140628338 1.0 0.0 0.75
v -0.3576732575893402 -0.20746149122714996 -0.11606556922197342 1.0 0.0 0.75
v -0.89461350440979 -0.17620126903057098 -0.16939182579517365 1.0 0.0 0.75
v -0.1462070494890213 0.1529504507780075 0.11470840126276016 1.0 0.0 0.75
v -0.25561782717704773 -0.25435182452201843 -0.13721218705177307 1.0 0.0 0.75
v 0.0008998605771921575 0.10238245129585266 0.10091713070869446 1.0 0.0 0.75
v -0.5342015624046326 -0.0005923894350416958 -0.019526656717061996 1.0 0.0 0.75
v -0.25653722882270813 -0.12931093573570251 -0.05906163901090622 1.0 0.0 0.75
v -0.4293878674507141 -0.13758569955825806 -0.08480534702539444 1.0 0.0 0.75
v -0.32181593775749207 -0.2037838101387024 -0.11146847903728485 1.0 0.0 0.75
v -0.6132715344429016 0.1667417287826538 0.06505981832742691 1.0 0.0 0.75
v -0.7612978219985962 -0.10632548481225967 -0.1050325483083725 1.0 0.0 0.75
v -0.611432671546936 0.061928048729896545 0.007136472500860691 1.0 0.0 0.75
v -0.302508145570755 -0.16700708866119385 -0.08572477102279663 1.0 0.0 0.75
v -0.11586625128984451 0.13640092313289642 0.11195015162229538 1.0 0.0 0.75
v -0.3061858117580414 0.17869415879249573 0.11286956816911697 1.0 0.0 0.75
v -0.6270627975463867 0.22006797790527344 0.09172295033931732 1.0 0.0 0.75
v -0.41008007526397705 0.053653284907341 0.02644425444304943 1.0 0.0 0.75
v -0.7355541586875916 -0.06679049879312515 -0.08204709738492966 1.0 0.0 0.75
v -0.33836546540260315 0.051814448088407516 0.03379959985613823 1.0 0.0 0.75
v -0.12781868875026703 -0.08334002643823624 -0.01768781989812851 1.0 0.0 0.75
v 0.09468051791191101 0.04537852108478546 0.0797705128788948 1.0 0.0 0.75
v -0.6445317268371582 0.19064660370349884 0.07425400614738464 1.0 0.0 0.75
v -0.6757919788360596 0.21822914481163025 0.08620643615722656 1.0 0.0 0.75
v 0.06066204607486725 0.11249605566263199 0.11378898471593857 1.0 0.0 0.75
v -0.8284153938293457 0.15570871531963348 0.03655785694718361 1.0 0.0 0.75
v -0.18390320241451263 -0.19918672740459442 -0.09583836793899536 1.0 0.0 0.75
v -0.4008859097957611 -0.007947735488414764 -0.0048159644939005375 1.0 0.0 0.75
v -0.7925580739974976 0.05641154199838638 -0.016768401488661766 1.0 0.0 0.75
v -0.3153800070285797 -0.22676926851272583 -0.12066265940666199 1.0 0.0 0.75
v -0.8339318633079529 0.05641154199838638 -0.021365493535995483 1.0 0.0 0.75
v -0.29699164628982544 -0.144941046833992 -0.07745000720024109 1.0 0.0 0.75
v -0.3889334797859192 0.022393066436052322 0.008975308388471603 1.0 0.0 0.75
v -0.5985608100891113 0.023312484845519066 -0.01125189196318388 1.0 0.0 0.75
v -0.6583229899406433 0.24581170082092285 0.10459480434656143 1.0 0.0 0.75
v -0.8394483923912048 -0.08058177679777145 -0.10227429866790771 1.0 0.0 0.75
v -0.6243045330047607 0.11249605566263199 0.032880183309316635 1.0 0.0 0.75
v -0.06805650889873505 0.017795974388718605 0.05402680113911629 1.0 0.0 0.75
v -0.755781352519989 -0.01070598978549242 -0.05446454882621765 1.0 0.0 0.75
v -0.7622172832489014 -0.17804010212421417 -0.1473257839679718 1.0 0.0 0.75
v -0.3438819646835327 -0.14126338064670563 -0.07836942374706268 1.0 0.0 0.75
v -0.5663811564445496 0.12169023603200912 0.04391320049762726 1.0 0.0 0.75
v -0.4615675210952759 -0.0732264295220375 -0.05170629546046257 1.0 0.0 0.75
v -0.821060061454773 -0.14034396409988403 -0.12985683977603912 1.0 0.0 0.75
v -0.038635123521089554 0.11249605566263199 0.10367538779973984 1.0 0.0 0.75
v -0.17838668823242188 -0.1311497837305069 -0.04986745864152908 1.0 0.0 0.75
v -0.7796862125396729 0.14927278459072113 0.035638436675071716 1.0 0.0 0.75
v -0.7750891447067261 -0.12839151918888092 -0.1188238263130188 1.0 0.0 0.75
v -0.22159935534000397 0.0012464469764381647 0.021847164258360863 1.0 0.0 0.75
v -0.5213297009468079 0.051814448088407516 0.008055890910327435 1.0 0.0 0.75
v -0.6454511284828186 0.027909575030207634 -0.018607238307595253 1.0 0.0 0.75
v -0.37054508924484253 -0.2460770606994629 -0.13997043669223785 1.0 0.0 0.75
v -0.7658949494361877 0.20443788170814514 0.06781807541847229 1.0 0.0 0.75
v -0.3300907015800476 -0.2718207538127899 -0.1454869508743286 1.0 0.0 0.75
v -0.19401679933071136 -0.009786571376025677 0.011733563616871834 1.0 0.0 0.75
v -0.8808222413063049 -0.041966211050748825 -0.08112768083810806 1.0 0.0 0.75
v -0.8422066569328308 0.2099543809890747 0.06322098523378372 1.0 0.0 0.75
v -0.24366538226604462 0.06560572236776352 0.0521879643201828 1.0 0.0 0.75
v -0.04874872416257858 0.05641154199838638 0.07333458214998245 1.0 0.0 0.75
v -0.5866084098815918 -0.12655268609523773 -0.09675778448581696 1.0 0.0 0.75
v -0.36962568759918213 -0.1605711579322815 -0.09491895139217377 1.0 0.0 0.75
v -0.5627034902572632 -0.12379442900419235 -0.09491895139217377 1.0 0.0 0.75
v -0.8293347954750061 0.08491350710391998 -0.0038965463172644377 1.0 0.0 0.75
v -0.5369598269462585 0.09410768747329712 0.03931611031293869 1.0 0.0 0.75
v -0.0744924321770668 0.1253679096698761 0.10919189453125 1.0 0.0 0.75
v -0.3880140483379364 -0.04840213805437088 -0.028720838949084282 1.0 0.0 0.75
v -0.36502858996391296 0.1694999784231186 0.09723945707082748 1.0 0.0 0.75
v -0.08184777945280075 0.09962419420480728 0.09172295033931732 1.0 0.0 0.75
v -0.24918189644813538 0.140078604221344 0.09907829761505127 1.0 0.0 0.75
v -0.6546453237533569 -0.023577844724059105 -0.05170629546046257 1.0 0.0 0.75
v -0.7217628359794617 -0.1302303522825241 -0.11422673612833023 1.0 0.0 0.75
v -0.758539617061615 0.12904557585716248 0.028283091261982918 1.0 0.0 0.75
v -0.4312267005443573 -0.004270062316209078 -0.007574219256639481 1.0 0.0 0.75
v -0.6923415064811707 0.039862010627985 -0.014929564669728279 1.0 0.0 0.75
v -0.2160828411579132 -0.1587323248386383 -0.06917524337768555 1.0 0.0 0.75
v -0.8228988647460938 -0.011625408194959164 -0.05906163901090622 1.0 0.0 0.75
v 0.020207643508911133 0.10973779857158661 0.1101113110780716 1.0 0.0 0.75
v 0.030321244150400162 -0.06770992279052734 0.016330653801560402 1.0 0.0 0.75
v -0.9010494351387024 -0.15229639410972595 -0.1464063674211502 1.0 0.0 0.75
v -0.7171657681465149 0.14191743731498718 0.038396693766117096 1.0 0.0 0.75
v -0.472600519657135 0.03250666707754135 0.008975308388471603 1.0 0.0 0.75
v -0.8348513245582581 0.028828993439674377 -0.03607618436217308 1.0 0.0 0.75
v -0.7879610061645508 -0.0015118076698854566 -0.04894803836941719 1.0 0.0 0.75
v -0.7824444770812988 -0.09988955408334732 -0.1041131317615509 1.0 0.0 0.75
v -0.15815949440002441 0.05089503154158592 0.05770447477698326 1.0 0.0 0.75
v -0.07817010581493378 -0.04380504786968231 0.019088909029960632 1.0 0.0 0.75
v -0.5930443406105042 0.08859118074178696 0.02092774584889412 1.0 0.0 0.75
v -0.5691394209861755 -0.030933190137147903 -0.04343153163790703 1.0 0.0 0.75
v -0.15172356367111206 -0.06127399206161499 -0.009413056075572968 1.0 0.0 0.75
v -0.3328489661216736 0.005843538325279951 0.013572399504482746 1.0 0.0 0.75
v -0.5902860760688782 -0.10724490135908127 -0.08388593047857285 1.0 0.0 0.75
v -0.3861752152442932 -0.2019449770450592 -0.11606556922197342 1.0 0.0 0.75
v -0.7815250754356384 -0.028174936771392822 -0.06365872919559479 1.0 0.0 0.75
v -0.5130549073219299 0.1842106729745865 0.09172295033931732 1.0 0.0 0.75
v -0.8468037247657776 0.11525430530309677 0.01081414520740509 1.0 0.0 0.75
v -0.7870415449142456 0.2393757700920105 0.08988410979509354 1.0 0.0 0.75
v -0.6316598653793335 -0.1173585057258606 -0.10043545812368393 1.0 0.0 0.75
v -0.4863918125629425 -0.08609828352928162 -0.06365872919559479 1.0 0.0 0.75
v 0.0827280804514885 0.004004701506346464 0.05770447477698326 1.0 0.0 0.75
v -0.4624869227409363 0.20259903371334076 0.10367538779973984 1.0 0.0 0.75
v -0.2629731595516205 -0.008867152966558933 0.008055890910327435 1.0 0.0 0.75
v -0.6289016008377075 -0.20746149122714996 -0.1473257839679718 1.0 0.0 0.75
v -0.3411237299442291 0.11801256239414215 0.06781807541847229 1.0 0.0 0.75
v -0.7594590187072754 -0.21021974086761475 -0.1620364785194397 1.0 0.0 0.75
v -0.7042939066886902 -0.20470324158668518 -0.15743939578533173 1.0 0.0 0.75
v -0.7548618912696838 -0.14218279719352722 -0.12434033304452896 1.0 0.0 0.75
v -0.49282771348953247 -0.11092257499694824 -0.07836942374706268 1.0 0.0 0.75
v -0.7144075036048889 -0.02725551836192608 -0.05170629546046257 1.0 0.0 0.75
v -0.4735199511051178 -0.24791589379310608 -0.15376171469688416 1.0 0.0 0.75
v -0.14804589748382568 -0.1614905744791031 -0.06365872919559479 1.0 0.0 0.75
v 0.14524851739406586 0.08767175674438477 0.11286956816911697 1.0 0.0 0.75
v -0.32641303539276123 -0.17712068557739258 -0.09767720848321915 1.0 0.0 0.75
v -0.7456677556037903 0.24581170082092285 0.0954006239771843 1.0 0.0 0.75
v -0.671194851398468 -0.144941046833992 -0.11514615267515182 1.0 0.0 0.75
v -0.6905026435852051 0.07020281255245209 0.0025393811520189047 1.0 0.0 0.75
v -0.7567007541656494 0.14651452004909515 0.040235526859760284 1.0 0.0 0.75
v -0.7392318248748779 0.054572705179452896 -0.012171310372650623 1.0 0.0 0.75
v -0.2730867564678192 0.033426083624362946 0.030121928080916405 1.0 0.0 0.75
v -0.7870415449142456 0.11617372184991837 0.017250072211027145 1.0 0.0 0.75
v -0.2151634246110916 0.07388048619031906 0.058623891323804855 1.0 0.0 0.75
v -0.7953163385391235 0.1832912564277649 0.05402680113911629 1.0 0.0 0.75
v -0.6068356037139893 0.1409980207681656 0.048510290682315826 1.0 0.0 0.75
v 0.05238728225231171 0.022393066436052322 0.06781807541847229 1.0 0.0 0.75
v -0.815543532371521 -0.1743624359369278 -0.15560054779052734 1.0 0.0 0.75
v -0.7677337527275085 -0.15413522720336914 -0.13629277050495148 1.0 0.0 0.75
v -0.7732502818107605 0.2697165608406067 0.10735306143760681 1.0 0.0 0.75
v -0.41008007526397705 -0.1017283946275711 -0.06917524337768555 1.0 0.0 0.75
v -0.5801724791526794 -0.18079836666584015 -0.12985683977603912 1.0 0.0 0.75
v -0.614190936088562 -0.020819591358304024 -0.039753858000040054 1.0 0.0 0.75
v -0.6831473112106323 -0.07782351970672607 -0.08112768083810806 1.0 0.0 0.75
v -0.05794290453195572 0.03526492044329643 0.05954331159591675 1.0 0.0 0.75
v -0.5930443406105042 -0.22676926851272583 -0.15743939578533173 1.0 0.0 0.75
v -0.73095703125 0.10789895802736282 0.02092774584889412 1.0 0.0 0.75
v -0.17195077240467072 -0.09253421425819397 -0.02596258372068405 1.0 0.0 0.75
v -0.31262174248695374 0.1529504507780075 0.0954006239771843 1.0 0.0 0.75
v 0.021127061918377876 0.02699015662074089 0.05678505823016167 1.0 0.0 0.75
v 0.18938060104846954 0.0692833960056305 0.10643363744020462 1.0 0.0 0.75
v -0.5902860760688782 0.1272067427635193 0.04667145758867264 1.0 0.0 0.75
v -0.23722946643829346 -0.07966236025094986 -0.026882002130150795 1.0 0.0 0.75
v -0.5093772411346436 -0.23504403233528137 -0.15192288160324097 1.0 0.0 0.75
v -0.3907723128795624 0.06744455546140671 0.03196076303720474 1.0 0.0 0.75
v -0.4036441445350647 0.15754754841327667 0.08804527670145035 1.0 0.0 0.75
v -0.7226822972297668 0.1970825344324112 0.07149574905633926 1.0 0.0 0.75
v -0.40824124217033386 -0.14769931137561798 -0.0912412777543068 1.0 0.0 0.75
v -0.8964523077011108 -0.07782351970672607 -0.10319371521472931 1.0 0.0 0.75
v -0.8091076016426086 -0.06403224915266037 -0.08572477102279663 1.0 0.0 0.75
v -0.12414101511240005 0.07663874328136444 0.07425400614738464 1.0 0.0 0.75
v -0.6831473112106323 -0.19183138012886047 -0.14456753432750702 1.0 0.0 0.75
v -0.1599983274936676 0.11525430530309677 0.09172295033931732 1.0 0.0 0.75
v -0.5654617547988892 0.15938638150691986 0.06965690851211548 1.0 0.0 0.75
v -0.4284684360027313 -0.06862933933734894 -0.04527036473155022 1.0 0.0 0.75
v -0.48271411657333374 0.140078604221344 0.07057633250951767 1.0 0.0 0.75
v -0.3585926592350006 -0.02449726313352585 -0.009413056075572968 1.0 0.0 0.75
v -0.6077550053596497 0.21271264553070068 0.09172295033931732 1.0 0.0 0.75
v -0.5553481578826904 -0.15505465865135193 -0.10779080539941788 1.0 0.0 0.75
v -0.18114495277404785 -0.0594351552426815 -0.01401014719158411 1.0 0.0 0.75
v 0.13329608738422394 0.03710375726222992 0.0806899294257164 1.0 0.0 0.75
v -0.5305238962173462 -0.2028643935918808 -0.12893742322921753 1.0 0.0 0.75
v -0.11586625128984451 -0.03461086377501488 0.02092774584889412 1.0 0.0 0.75
v -0.7291182279586792 -0.039207953959703445 -0.06365872919559479 1.0 0.0 0.75
v 0.05882320925593376 -0.03553028032183647 0.02920250967144966 1.0 0.0 0.75
v -0.48363354802131653 -0.01346424501389265 -0.018607238307595253 1.0 0.0 0.75
v -0.7456677556037903 0.08031641691923141 0.0034587993286550045 1.0 0.0 0.75
v -0.16735367476940155 0.15846696496009827 0.11746665835380554 1.0 0.0 0.75
v -0.274006187915802 -0.05024097487330437 -0.019526656717061996 1.0 0.0 0.75
v -0.15356239676475525 -0.10540606826543808 -0.03147909417748451 1.0 0.0 0.75
v -0.37973928451538086 0.11525430530309677 0.06414040178060532 1.0 0.0 0.75
v -0.8458843231201172 -0.10908374190330505 -0.11422673612833023 1.0 0.0 0.75
v 0.0680173933506012 0.06008921191096306 0.08436760306358337 1.0 0.0 0.75
v -0.4431791305541992 -0.18999254703521729 -0.11422673612833023 1.0 0.0 0.75
v -0.7493454217910767 0.01411830261349678 -0.03607618436217308 1.0 0.0 0.75
v -0.46340635418891907 0.06468630582094193 0.022766582667827606 1.0 0.0 0.75
v -0.4882306456565857 -0.17712068557739258 -0.11422673612833023 1.0 0.0 0.75
v -0.3199771046638489 -0.15137697756290436 -0.08020825684070587 1.0 0.0 0.75
v -0.43582379817962646 0.027909575030207634 0.008975308388471603 1.0 0.0 0.75
v -0.7410706281661987 -0.20654207468032837 -0.16663357615470886 1.0 0.0 0.75
v -0.6950997114181519 -0.025416681542992592 -0.05170629546046257 1.0 0.0 0.75
v 0.11766597628593445 0.07296106964349747 0.09723945707082748 1.0 0.0 0.75
v -0.6252239346504211 -0.1614905744791031 -0.12250149995088577 1.0 0.0 0.75
v -0.27952268719673157 0.17041939496994019 0.1082724779844284 1.0 0.0 0.75
v -0.8615144491195679 -0.11919733881950378 -0.12158207595348358 1.0 0.0 0.75
v -0.25010132789611816 0.04170084744691849 0.038396693766117096 1.0 0.0 0.75
v -0.8063493371009827 -0.12931093573570251 -0.12434033304452896 1.0 0.0 0.75
v -0.8909358382225037 -0.1725236028432846 -0.15100346505641937 1.0 0.0 0.75
v -0.4496150612831116 -0.1017283946275711 -0.07009465992450714 1.0 0.0 0.75
v -0.49466657638549805 0.07939699292182922 0.04207436367869377 1.0 0.0 0.75
v -0.6978579759597778 -0.144941046833992 -0.12342091649770737 1.0 0.0 0.75
v -0.6537259221076965 0.007682374678552151 -0.028720838949084282 1.0 0.0 0.75
v -0.532362699508667 0.12996499240398407 0.058623891323804855 1.0 0.0 0.75
v 0.006416370160877705 0.08123583346605301 0.09172295033931732 1.0 0.0 0.75
v -0.25010132789611816 -0.14310221374034882 -0.07193349301815033 1.0 0.0 0.75
v -0.07265359908342361 0.0830746665596962 0.08620643615722656 1.0 0.0 0.75
v -0.1462070494890213 -0.03736911714076996 0.005297635681927204 1.0 0.0 0.75
v -0.3190576732158661 0.19248543679714203 0.11378898471593857 1.0 0.0 0.75
v 0.11214946210384369 -0.007028317078948021 0.04759087413549423 1.0 0.0 0.75
v -0.49374714493751526 -0.20010614395141602 -0.12985683977603912 1.0 0.0 0.75
v -0.4303072988986969 -0.025416681542992592 -0.025043165311217308 1.0 0.0 0.75
v -0.8035910725593567 0.10054361820220947 0.008055890910327435 1.0 0.0 0.75
v -0.11586625128984451 -0.14310221374034882 -0.048028621822595596 1.0 0.0 0.75
v -0.18022553622722626 -0.03828853741288185 0.0025393811520189047 1.0 0.0 0.75
v -0.19217796623706818 0.06100863218307495 0.05678505823016167 1.0 0.0 0.75
v 0.17191165685653687 0.08859118074178696 0.11286956816911697 1.0 0.0 0.75
v -0.28320038318634033 -0.08701770007610321 -0.039753858000040054 1.0 0.0 0.75
v -0.5700588822364807 0.20535729825496674 0.0944811999797821 1.0 0.0 0.75
v -0.3990470767021179 -0.25251299142837524 -0.1473257839679718 1.0 0.0 0.75
v -0.34939849376678467 0.17869415879249573 0.10183654725551605 1.0 0.0 0.75
v -0.8118658661842346 0.14743395149707794 0.03379959985613823 1.0 0.0 0.75
v -0.510296642780304 0.03434550389647484 -0.00021887347975280136 1.0 0.0 0.75
v -0.48087528347969055 -0.15045756101608276 -0.09767720848321915 1.0 0.0 0.75
v -0.6040773391723633 0.1832912564277649 0.07241516560316086 1.0 0.0 0.75
v -0.18206436932086945 0.005843538325279951 0.024605419486761093 1.0 0.0 0.75
v -0.7750891447067261 -0.05391864478588104 -0.0765305832028389 1.0 0.0 0.75
v -0.21148574352264404 -0.09437304735183716 -0.033317930996418 1.0 0.0 0.75
v -0.40824124217033386 0.2090349644422531 0.11286956816911697 1.0 0.0 0.75
v -0.35031789541244507 -0.16608767211437225 -0.09308011084794998 1.0 0.0 0.75
v -0.6068356037139893 -0.0015118076698854566 -0.034237347543239594 1.0 0.0 0.75
v -0.5231685042381287 0.14835336804389954 0.07149574905633926 1.0 0.0 0.75
v -0.6923415064811707 0.2108737975358963 0.08344818651676178 1.0 0.0 0.75
v -0.6620006561279297 -0.1578129082918167 -0.12434033304452896 1.0 0.0 0.75
v -0.7006162405014038 0.1538698673248291 0.04391320049762726 1.0 0.0 0.75
v -0.18574203550815582 0.1272067427635193 0.0944811999797821 1.0 0.0 0.75
v -0.4744393527507782 -0.12563326954841614 -0.08112768083810806 1.0 0.0 0.75
v -0.6822279095649719 0.24305343627929688 0.10275597125291824 1.0 0.0 0.75
v -0.19585563242435455 -0.19091196358203888 -0.08480534702539444 1.0 0.0 0.75
v -0.22527702152729034 -0.04012737423181534 -0.0011382916709408164 1.0 0.0 0.75
v 0.06525913625955582 -0.008867152966558933 0.04759087413549423 1.0 0.0 0.75
v -0.4293878674507141 0.054572705179452896 0.02368600107729435 1.0 0.0 0.75
v -0.5627034902572632 0.23202042281627655 0.11195015162229538 1.0 0.0 0.75
v -0.09104195982217789 -0.05299922823905945 0.005297635681927204 1.0 0.0 0.75
v -0.6491288542747498 0.15570871531963348 0.05310738459229469 1.0 0.0 0.75
v -0.2602149248123169 -0.2184945046901703 -0.11238789558410645 1.0 0.0 0.75
v -0.4606480896472931 -0.05024097487330437 -0.04067327454686165 1.0 0.0 0.75
v -0.7318764925003052 0.23293983936309814 0.08896469324827194 1.0 0.0 0.75
v -0.11126916110515594 -0.07138759642839432 -0.009413056075572968 1.0 0.0 0.75
v -0.5093772411346436 -0.10448665171861649 -0.0756111666560173 1.0 0.0 0.75
v -0.8035910725593567 0.250408798456192 0.09172295033931732 1.0 0.0 0.75
v -0.3990470767021179 0.09594652056694031 0.05310738459229469 1.0 0.0 0.75
v -0.7658949494361877 0.16122521460056305 0.04667145758867264 1.0 0.0 0.75
v -0.6445317268371582 0.2550058662891388 0.11654724180698395 1.0 0.0 0.75
v -0.3466402292251587 0.023312484845519066 0.015411236323416233 1.0 0.0 0.75
v -0.5709782838821411 0.053653284907341 0.0025393811520189047 1.0 0.0 0.75
v -0.6233851313591003 -0.0594351552426815 -0.0618198961019516 1.0 0.0 0.75
v -0.8559979200363159 -0.0061088986694812775 -0.05906163901090622 1.0 0.0 0.75
v -0.09931672364473343 0.09962419420480728 0.08896469324827194 1.0 0.0 0.75
v -0.3751421868801117 0.14467568695545197 0.08252876996994019 1.0 0.0 0.75
v -0.39261114597320557 -0.2286081165075302 -0.1316956728696823 1.0 0.0 0.75
v -0.13885170221328735 -0.13666628301143646 -0.048028621822595596 1.0 0.0 0.75
v -0.017488503828644753 -0.01346424501389265 0.035638436675071716 1.0 0.0 0.75
v -0.39812764525413513 -0.12011675536632538 -0.07285290956497192 1.0 0.0 0.75
v -0.2022915631532669 0.08399409055709839 0.06505981832742691 1.0 0.0 0.75
v -0.3438819646835327 0.13272325694561005 0.07701225578784943 1.0 0.0 0.75
v -0.1885003000497818 0.030667830258607864 0.03931611031293869 1.0 0.0 0.75
v -0.32273536920547485 0.11985139548778534 0.07793167233467102 1.0 0.0 0.75
v -0.5443151593208313 0.03250666707754135 -0.0038965463172644377 1.0 0.0 0.75
v -0.5415568947792053 -0.24883531033992767 -0.15835881233215332 1.0 0.0 0.75
v -0.0892031267285347 -0.09069537371397018 -0.01768781989812851 1.0 0.0 0.75
v -0.8578367829322815 -0.1578129082918167 -0.14916463196277618 1.0 0.0 0.75
v -0.8477231860160828 -0.021739007905125618 -0.06641698628664017 1.0 0.0 0.75
v -0.28228095173835754 -0.2580294907093048 -0.13721218705177307 1.0 0.0 0.75
v -0.5185714364051819 -0.15413522720336914 -0.10135487467050552 1.0 0.0 0.75
v -0.5443151593208313 0.08123583346605301 0.030121928080916405 1.0 0.0 0.75
v 0.11398830264806747 0.09962419420480728 0.11746665835380554 1.0 0.0 0.75
v 0.1112300455570221 0.03526492044329643 0.07793167233467102 1.0 0.0 0.75
v 0.07813099026679993 0.04170084744691849 0.07609283924102783 1.0 0.0 0.75
v -0.8514008522033691 0.04997561126947403 -0.026882002130150795 1.0 0.0 0.75
v -0.6785501837730408 0.028828993439674377 -0.015848983079195023 1.0 0.0 0.75
v -0.812785267829895 0.020554229617118835 -0.04159269481897354 1.0 0.0 0.75
v 0.01285229716449976 0.012279465794563293 0.05310738459229469 1.0 0.0 0.75
v -0.7677337527275085 0.10054361820220947 0.015411236323416233 1.0 0.0 0.75
v -0.20504982769489288 0.03158724680542946 0.03471902012825012 1.0 0.0 0.75
v -0.04782930389046669 -0.0456438809633255 0.01816949062049389 1.0 0.0 0.75
v -0.7732502818107605 0.06284746527671814 -0.010332473553717136 1.0 0.0 0.75
v -0.29423338174819946 -0.17620126903057098 -0.09767720848321915 1.0 0.0 0.75
v -0.6086744070053101 -0.1872342824935913 -0.13905102014541626 1.0 0.0 0.75
v 0.041354261338710785 0.03526492044329643 0.07057633250951767 1.0 0.0 0.75
v -0.8633532524108887 0.02147364802658558 -0.04159269481897354 1.0 0.0 0.75
v -0.42111310362815857 -0.17804010212421417 -0.10595197230577469 1.0 0.0 0.75
v -0.6426929235458374 -0.22217218577861786 -0.16387531161308289 1.0 0.0 0.75
v -0.5443151593208313 -0.1017283946275711 -0.07745000720024109 1.0 0.0 0.75
v 0.16455630958080292 0.06008921191096306 0.09723945707082748 1.0 0.0 0.75
v -0.8615144491195679 -0.1881537139415741 -0.15743939578533173 1.0 0.0 0.75
v -0.4698422849178314 0.08951059728860855 0.03655785694718361 1.0 0.0 0.75
v -0.7263599634170532 0.17409707605838776 0.05678505823016167 1.0 0.0 0.75
v -0.5479928255081177 -0.1173585057258606 -0.0894024446606636 1.0 0.0 0.75
v -0.5479928255081177 -0.036449700593948364 -0.04435094818472862 1.0 0.0 0.75
v -0.8072687387466431 0.19340485334396362 0.06046272814273834 1.0 0.0 0.75
v -0.14344879984855652 0.019634811207652092 0.03471902012825012 1.0 0.0 0.75
v -0.651887059211731 0.17593590915203094 0.05954331159591675 1.0 0.0 0.75
v -0.07908952236175537 0.06468630582094193 0.07333458214998245 1.0 0.0 0.75
v -0.159078910946846 -0.1458604633808136 -0.060900475829839706 1.0 0.0 0.75
v -0.8431260585784912 0.0683639794588089 -0.01401014719158411 1.0 0.0 0.75
v -0.5029413104057312 -0.21297800540924072 -0.13905102014541626 1.0 0.0 0.75
v -0.018407922238111496 0.023312484845519066 0.05310738459229469 1.0 0.0 0.75
v -0.446856826543808 0.0692833960056305 0.03196076303720474 1.0 0.0 0.75
v -0.5369598269462585 -0.07874293625354767 -0.06641698628664017 1.0 0.0 0.75
v -0.32273536920547485 -0.2442382127046585 -0.13077625632286072 1.0 0.0 0.75
v -0.6675171852111816 0.07296106964349747 0.009894726797938347 1.0 0.0 0.75
v -0.5240879654884338 0.22926217317581177 0.11470840126276016 1.0 0.0 0.75
v -0.3852557837963104 -0.07138759642839432 -0.04067327454686165 1.0 0.0 0.75
v -0.6261433959007263 -0.09897013753652573 -0.08664418756961823 1.0 0.0 0.75
v -0.25561782717704773 -0.08242060989141464 -0.03239851072430611 1.0 0.0 0.75
v -0.5535093545913696 0.20443788170814514 0.09264236688613892 1.0 0.0 0.75
v -0.2298741191625595 0.11985139548778534 0.08712586015462875 1.0 0.0 0.75
v -0.7576201558113098 0.1823718398809433 0.05310738459229469 1.0 0.0 0.75
v -0.1462070494890213 0.06100863218307495 0.06322098523378372 1.0 0.0 0.75
v -0.7465871572494507 -0.041966211050748825 -0.06733640283346176 1.0 0.0 0.75
v -0.35307615995407104 -0.07046817243099213 -0.03607618436217308 1.0 0.0 0.75
v -0.06162057816982269 -0.015303080901503563 0.028283091261982918 1.0 0.0 0.75
v -0.43858206272125244 0.17041939496994019 0.09080353379249573 1.0 0.0 0.75
v -0.4174354374408722 -0.2607877552509308 -0.15651996433734894 1.0 0.0 0.75
v -0.14896531403064728 -0.0005923894350416958 0.031041346490383148 1.0 0.0 0.75
v -0.5810918807983398 0.22098740935325623 0.09907829761505127 1.0 0.0 0.75
v -0.5286850333213806 -0.03277202695608139 -0.03883443772792816 1.0 0.0 0.75
v -0.44134029746055603 -0.23320519924163818 -0.13997043669223785 1.0 0.0 0.75
v -0.42479076981544495 -0.22584985196590424 -0.1335345208644867 1.0 0.0 0.75
v -0.39444997906684875 -0.17068475484848022 -0.1050325483083725 1.0 0.0 0.75
v 0.10019703209400177 0.02147364802658558 0.06873749196529388 1.0 0.0 0.75
v -0.6601618528366089 0.03434550389647484 -0.014929564669728279 1.0 0.0 0.75
v -0.8265765309333801 -0.04656330123543739 -0.0756111666560173 1.0 0.0 0.75
v -0.5829306840896606 -0.04656330123543739 -0.05078687518835068 1.0 0.0 0.75
v 0.03307949751615524 0.06008921191096306 0.081609345972538 1.0 0.0 0.75
v -0.4165160059928894 0.10606012493371964 0.05678505823016167 1.0 0.0 0.75
v -0.42203253507614136 -0.09529246389865875 -0.05998105928301811 1.0 0.0 0.75
v -0.49742481112480164 0.1952436864376068 0.09264236688613892 1.0 0.0 0.75
v -0.8293347954750061 0.01411830261349678 -0.04067327454686165 1.0 0.0 0.75
v -0.5856889486312866 -0.21021974086761475 -0.14456753432750702 1.0 0.0 0.75
v -0.5654617547988892 0.08399409055709839 0.024605419486761093 1.0 0.0 0.75
v 0.005496951751410961 0.04078143090009689 0.06781807541847229 1.0 0.0 0.75
v -0.39353054761886597 0.1694999784231186 0.09632004052400589 1.0 0.0 0.75
v -0.49558597803115845 -0.06219341233372688 -0.048028621822595596 1.0 0.0 0.75
v -0.36502858996391296 0.10238245129585266 0.05954331159591675 1.0 0.0 0.75
v -0.8357707262039185 0.1805330067873001 0.051268547773361206 1.0 0.0 0.75
v -0.7355541586875916 0.023312484845519066 -0.025043165311217308 1.0 0.0 0.75
v -0.16551484167575836 0.12996499240398407 0.0954006239771843 1.0 0.0 0.75
v -0.3015887439250946 -0.262626588344574 -0.1454869508743286 1.0 0.0 0.75
v -0.3852557837963104 -0.13390803337097168 -0.07469175010919571 1.0 0.0 0.75
v -0.16551484167575836 -0.116439089179039 -0.039753858000040054 1.0 0.0 0.75
v -0.8541591167449951 -0.04840213805437088 -0.08112768083810806 1.0 0.0 0.75
v -0.5075384378433228 -0.25343239307403564 -0.16663357615470886 1.0 0.0 0.75
v -0.37881985306739807 -0.1734430193901062 -0.09767720848321915 1.0 0.0 0.75
v -0.850481390953064 0.09502710402011871 0.0034587993286550045 1.0 0.0 0.75
v -0.38065871596336365 -0.25527122616767883 -0.1482452005147934 1.0 0.0 0.75
v -0.5958025455474854 -0.13666628301143646 -0.1050325483083725 1.0 0.0 0.75
v -0.6160297393798828 0.23018158972263336 0.09723945707082748 1.0 0.0 0.75
v -0.6978579759597778 -0.10540606826543808 -0.09767720848321915 1.0 0.0 0.75
v -0.23539061844348907 -0.003350644139572978 0.015411236323416233 1.0 0.0 0.75
v -0.04323221370577812 0.09043001383543015 0.08804527670145035 1.0 0.0 0.75
v -0.8890969753265381 -0.10540606826543808 -0.11698498576879501 1.0 0.0 0.75
v -0.7824444770812988 -0.16700708866119385 -0.13813160359859467 1.0 0.0 0.75
v -0.23906829953193665 0.16490289568901062 0.10643363744020462 1.0 0.0 0.75
v 0.08824459463357925 0.08675234019756317 0.10459480434656143 1.0 0.0 0.75
v -0.6620006561279297 0.10606012493371964 0.025524836033582687 1.0 0.0 0.75
v -0.45421215891838074 0.022393066436052322 0.0025393811520189047 1.0 0.0 0.75
v -0.8017522692680359 -0.09253421425819397 -0.10135487467050552 1.0 0.0 0.75
v -0.014730249531567097 0.11893197894096375 0.11378898471593857 1.0 0.0 0.75
v -0.5479928255081177 -0.18171778321266174 -0.12158207595348358 1.0 0.0 0.75
v -0.4891500473022461 -0.04656330123543739 -0.04067327454686165 1.0 0.0 0.75
v -0.4201936721801758 -0.20562265813350677 -0.12250149995088577 1.0 0.0 0.75
v -0.48271411657333374 -0.0732264295220375 -0.055383965373039246 1.0 0.0 0.75
v 0.002738696988672018 -0.04748271778225899 0.02092774584889412 1.0 0.0 0.75
v -0.8799027800559998 -0.02725551836192608 -0.06917524337768555 1.0 0.0 0.75
v -0.8017522692680359 -0.03553028032183647 -0.06549756973981857 1.0 0.0 0.75
v 0.06066204607486725 0.07479990273714066 0.08804527670145035 1.0 0.0 0.75
v -0.4459373950958252 0.20627671480178833 0.10735306143760681 1.0 0.0 0.75
v -0.7346346974372864 0.15019220113754272 0.04115494713187218 1.0 0.0 0.75
v -0.5866084098815918 0.07204165309667587 0.016330653801560402 1.0 0.0 0.75
v -0.35307615995407104 -0.22401101887226105 -0.12434033304452896 1.0 0.0 0.75
v -0.7576201558113098 0.23293983936309814 0.08620643615722656 1.0 0.0 0.75
v -0.41191890835762024 -0.23596344888210297 -0.13721218705177307 1.0 0.0 0.75
v -0.6353375315666199 0.20811554789543152 0.08620643615722656 1.0 0.0 0.75
v -0.412838339805603 0.14743395149707794 0.0806899294257164 1.0 0.0 0.75
v -0.26940909028053284 -0.13390803337097168 -0.06641698628664017 1.0 0.0 0.75
v -0.6564841866493225 0.20535729825496674 0.0797705128788948 1.0 0.0 0.75
v -0.6095938682556152 0.04997561126947403 -0.002977128140628338 1.0 0.0 0.75
v -0.1029943972826004 -0.144941046833992 -0.05630338564515114 1.0 0.0 0.75
v -0.7226822972297668 -0.01438366249203682 -0.04986745864152908 1.0 0.0 0.75
v -0.8477231860160828 -0.171604186296463 -0.15560054779052734 1.0 0.0 0.75
v -0.4275490343570709 0.21455147862434387 0.11654724180698395 1.0 0.0 0.75
v -0.6178686022758484 -0.12379442900419235 -0.09859662503004074 1.0 0.0 0.75
v -0.6160297393798828 0.025151321664452553 -0.014929564669728279 1.0 0.0 0.75
v -0.6022384762763977 -0.16332942247390747 -0.1188238263130188 1.0 0.0 0.75
v -0.7355541586875916 -0.16792650520801544 -0.13905102014541626 1.0 0.0 0.75
v -0.4891500473022461 0.16490289568901062 0.08712586015462875 1.0 0.0 0.75
v -0.4312267005443573 0.11341547220945358 0.058623891323804855 1.0 0.0 0.75
v -0.11862450838088989 -0.0456438809633255 0.01081414520740509 1.0 0.0 0.75
v -0.5240879654884338 -0.17987895011901855 -0.12158207595348358 1.0 0.0 0.75
v -0.5755753517150879 -0.0741458460688591 -0.06641698628664017 1.0 0.0 0.75
v -0.35307615995407104 0.05549212172627449 0.03379959985613823 1.0 0.0 0.75
v -0.8366901278495789 0.04262026771903038 -0.026882002130150795 1.0 0.0 0.75
v -0.1609177440404892 -0.07690410315990448 -0.015848983079195023 1.0 0.0 0.75
v -0.7392318248748779 0.20443788170814514 0.07333458214998245 1.0 0.0 0.75
v -0.44042089581489563 -0.12747210264205933 -0.08296651393175125 1.0 0.0 0.75
v -0.19861389696598053 0.0012464469764381647 0.02092774584889412 1.0 0.0 0.75
v -0.04507105052471161 -0.06954875588417053 0.0016199629753828049 1.0 0.0 0.75
v -0.6086744070053101 -0.20654207468032837 -0.15284229815006256 1.0 0.0 0.75
v -0.6950997114181519 0.1676611453294754 0.05402680113911629 1.0 0.0 0.75
v -0.011971994303166866 0.04997561126947403 0.06873749196529388 1.0 0.0 0.75
v -0.5820112824440002 0.09778536111116409 0.025524836033582687 1.0 0.0 0.75
v -0.4137577712535858 0.015957139432430267 0.0016199629753828049 1.0 0.0 0.75
v -0.8541591167449951 -0.1458604633808136 -0.13813160359859467 1.0 0.0 0.75
