v -0.03378712013363838 0.0011815688339993358 0.2664303183555603 1.0 0.0 0.0
v -0.18599873781204224 0.07397843152284622 0.2631213665008545 1.0 0.0 0.0
v -0.22570611536502838 0.0954865962266922 0.24326767027378082 1.0 0.0 0.0
v -0.3464827239513397 0.1219581812620163 0.27966609597206116 1.0 0.0 0.0
v -0.38453564047813416 0.16662898659706116 0.25650346279144287 1.0 0.0 0.0
v -0.4292064309120178 0.16828344762325287 0.27304819226264954 1.0 0.0 0.0
v -0.48711302876472473 0.18648266792297363 0.27801162004470825 1.0 0.0 0.0
v -0.6327067613601685 0.254316121339798 0.28132057189941406 1.0 0.0 0.0
v -0.01393342949450016 -0.003781853476539254 0.25484898686408997 1.0 0.0 0.0
v -0.08507581800222397 0.00449051707983017 0.28297504782676697 1.0 0.0 0.0
v -0.0933481901884079 0.04750684276223183 0.24326767027378082 1.0 0.0 0.0
v -0.16118162870407104 0.05412473902106285 0.27470266819000244 1.0 0.0 0.0
v -0.2819582223892212 0.1252671331167221 0.24657662212848663 1.0 0.0 0.0
v -0.4308609068393707 0.1782103031873703 0.2664303183555603 1.0 0.0 0.0
v -0.6244343519210815 0.25100716948509216 0.27635714411735535 1.0 0.0 0.0
v -0.690613329410553 0.2857511043548584 0.28132057189941406 1.0 0.0 0.0
v -0.622779905796051 0.24769821763038635 0.2664303183555603 1.0 0.0 0.0
v -0.5532919764518738 0.21957215666770935 0.27304819226264954 1.0 0.0 0.0
v -0.48711302876472473 0.19310057163238525 0.27139371633529663 1.0 0.0 0.0
v -0.43747881054878235 0.16166555881500244 0.2664303183555603 1.0 0.0 0.0
v -0.25714111328125 0.08721422404050827 0.2680847942829132 1.0 0.0 0.0
v -0.2836126983165741 0.697715163230896 -0.2845095694065094 1.0 0.0 0.0
v -0.341519296169281 0.7126054167747498 -0.26961931586265564 1.0 0.0 0.0
v -0.35310062766075134 0.6712436079978943 -0.2282574474811554 1.0 0.0 0.0
v -0.3646819293498993 0.629881739616394 -0.18524113297462463 1.0 0.0 0.0
v -0.3928079903125763 0.7589306831359863 -0.29609090089797974 1.0 0.0 0.0
v -0.40604379773139954 0.714259922504425 -0.24480219185352325 1.0 0.0 0.0
v -0.4176250994205475 0.6712436079978943 -0.19847692549228668 1.0 0.0 0.0
v -0.44244223833084106 0.5785930156707764 -0.10251741856336594 1.0 0.0 0.0
v -0.4292064309120178 0.8085649609565735 -0.32918035984039307 1.0 0.0 0.0
v -0.44078776240348816 0.7672030925750732 -0.2762371897697449 1.0 0.0 0.0
v -0.46395039558410645 0.6828249096870422 -0.19020454585552216 1.0 0.0 0.0
v -0.4771861732006073 0.6348451375961304 -0.13560689985752106 1.0 0.0 0.0
v -0.48711302876472473 0.5967922210693359 -0.094245046377182 1.0 0.0 0.0
v -0.5003488063812256 0.5537759065628052 -0.05122872442007065 1.0 0.0 0.0
v -0.46725934743881226 0.8615081310272217 -0.35068854689598083 1.0 0.0 0.0
v -0.4788406491279602 0.8184917569160461 -0.3093266785144806 1.0 0.0 0.0
v -0.49042198061943054 0.7738209962844849 -0.26796483993530273 1.0 0.0 0.0
v -0.5615643858909607 0.5157229900360107 0.01164129376411438 1.0 0.0 0.0
v -0.5731456875801086 0.4743611514568329 0.05300314724445343 1.0 0.0 0.0
v -0.5483285784721375 0.7887112498283386 -0.24811114370822906 1.0 0.0 0.0
v -0.5615643858909607 0.7407314777374268 -0.2001313865184784 1.0 0.0 0.0
v -0.5731456875801086 0.697715163230896 -0.15380612015724182 1.0 0.0 0.0
v -0.5847269892692566 0.6530443429946899 -0.11409874260425568 1.0 0.0 0.0
v -0.6475970149040222 0.4280358850955963 0.11587316542863846 1.0 0.0 0.0
v -0.707158088684082 0.46774327754974365 0.11587316542863846 1.0 0.0 0.0
v -0.71873939037323 0.4247269332408905 0.16550739109516144 1.0 0.0 0.0
v -0.29353955388069153 0.6613167524337769 -0.24480219185352325 1.0 0.0 0.0
v -0.30512088537216187 0.714259922504425 -0.2861640453338623 1.0 0.0 0.0
v -0.35144615173339844 0.686133861541748 -0.23652982711791992 1.0 0.0 0.0
v -0.35971853137016296 0.725841224193573 -0.2812006175518036 1.0 0.0 0.0
v -0.3712998330593109 0.7738209962844849 -0.3142901062965393 1.0 0.0 0.0
v -0.3928079903125763 0.6348451375961304 -0.1736598014831543 1.0 0.0 0.0
v -0.4027348458766937 0.6828249096870422 -0.21336717903614044 1.0 0.0 0.0
v -0.41266170144081116 0.725841224193573 -0.2613469362258911 1.0 0.0 0.0
v -0.4225885272026062 0.770512044429779 -0.29609090089797974 1.0 0.0 0.0
v -0.43251538276672363 0.8184917569160461 -0.3374527394771576 1.0 0.0 0.0
v -0.4507145881652832 0.5769385695457458 -0.09920847415924072 1.0 0.0 0.0
v -0.46064144372940063 0.6265727877616882 -0.1455337405204773 1.0 0.0 0.0
v -0.4722227454185486 0.6712436079978943 -0.1736598014831543 1.0 0.0 0.0
v -0.4804951250553131 0.7175688743591309 -0.21171271800994873 1.0 0.0 0.0
v -0.5020033121109009 0.8085649609565735 -0.29774537682533264 1.0 0.0 0.0
v -0.5119301080703735 0.8548902273178101 -0.3374527394771576 1.0 0.0 0.0
v -0.521856963634491 0.906178891658783 -0.38046908378601074 1.0 0.0 0.0
v -0.5119301080703735 0.5438490509986877 -0.0379929281771183 1.0 0.0 0.0
v -0.521856963634491 0.5934833288192749 -0.08266372978687286 1.0 0.0 0.0
v -0.5532919764518738 0.737422525882721 -0.19847692549228668 1.0 0.0 0.0
v -0.5632188320159912 0.7854022979736328 -0.23818430304527283 1.0 0.0 0.0
v -0.5532919764518738 0.49421486258506775 0.021568138152360916 1.0 0.0 0.0
v -0.5748001337051392 0.5901743769645691 -0.05784662067890167 1.0 0.0 0.0
v -0.5830725431442261 0.6331906914710999 -0.094245046377182 1.0 0.0 0.0
v -0.594653844833374 0.6828249096870422 -0.13229794800281525 1.0 0.0 0.0
v -0.6211254000663757 0.57362961769104 -0.014830292202532291 1.0 0.0 0.0
v -0.6310522556304932 0.6199548840522766 -0.05453767254948616 1.0 0.0 0.0
v -0.6773775219917297 0.49256038665771484 0.07616578042507172 1.0 0.0 0.0
v -0.7170849442481995 0.3717837631702423 0.20521476864814758 1.0 0.0 0.0
v -0.7270117998123169 0.41645458340644836 0.16385291516780853 1.0 0.0 0.0
v -0.7154304385185242 0.46112537384033203 0.10760079324245453 1.0 0.0 0.0
v -0.606235146522522 0.6183004379272461 -0.06942793726921082 1.0 0.0 0.0
v -0.5681822299957275 0.7672030925750732 -0.2299119234085083 1.0 0.0 0.0
v -0.521856963634491 0.737422525882721 -0.22329403460025787 1.0 0.0 0.0
v -0.48876750469207764 0.669589102268219 -0.16373296082019806 1.0 0.0 0.0
v -0.4523690640926361 0.8085649609565735 -0.3076722025871277 1.0 0.0 0.0
v -0.4275519549846649 0.6199548840522766 -0.1488426923751831 1.0 0.0 0.0
v -0.38619011640548706 0.7804388999938965 -0.32752591371536255 1.0 0.0 0.0
v -0.33159247040748596 0.7208778262138367 -0.2861640453338623 1.0 0.0 0.0
v -0.7038491368293762 0.4545074701309204 0.10594631731510162 1.0 0.0 0.0
v -0.6740686297416687 0.49090591073036194 0.08112920820713043 1.0 0.0 0.0
v -0.6327067613601685 0.5934833288192749 -0.03964740410447121 1.0 0.0 0.0
v -0.5714911818504333 0.5951377749443054 -0.07604583352804184 1.0 0.0 0.0
v -0.5681822299957275 0.7837478518486023 -0.2547290325164795 1.0 0.0 0.0
v -0.5400561690330505 0.6513898968696594 -0.13064348697662354 1.0 0.0 0.0
v -0.5168935656547546 0.5421946048736572 -0.04626530036330223 1.0 0.0 0.0
v -0.5350927710533142 0.8135283589363098 -0.2894729971885681 1.0 0.0 0.0
v -0.5086212158203125 0.686133861541748 -0.178623229265213 1.0 0.0 0.0
v -0.482149600982666 0.5670117139816284 -0.08597268164157867 1.0 0.0 0.0
v -0.482149600982666 0.849926769733429 -0.347379595041275 1.0 0.0 0.0
v -0.454023540019989 0.709296464920044 -0.22163955867290497 1.0 0.0 0.0
v -0.4275519549846649 0.5868654251098633 -0.12568005919456482 1.0 0.0 0.0
v -0.3911535143852234 0.7274957299232483 -0.2762371897697449 1.0 0.0 0.0
v -0.3398648202419281 0.7192233204841614 -0.2845095694065094 1.0 0.0 0.0
v -0.3167021870613098 0.8019470572471619 -0.3655788004398346 1.0 0.0 0.0
v -0.32993799448013306 0.75396728515625 -0.32421696186065674 1.0 0.0 0.0
v -0.38122668862342834 0.8052560091018677 -0.3357982635498047 1.0 0.0 0.0
v -0.41597065329551697 0.8548902273178101 -0.38212355971336365 1.0 0.0 0.0
v -0.313393235206604 0.7556217908859253 -0.32256248593330383 1.0 0.0 0.0
v -0.32332009077072144 0.8036015033721924 -0.3639243245124817 1.0 0.0 0.0
v -0.44244223833084106 0.8648170828819275 -0.3721967041492462 1.0 0.0 0.0
v -0.29850298166275024 0.7341135740280151 -0.32752591371536255 1.0 0.0 0.0
v -0.02220579981803894 0.04750684276223183 0.21679608523845673 1.0 0.0 0.0
v -0.06025870516896248 0.1219581812620163 0.16219843924045563 1.0 0.0 0.0
v -0.07349449396133423 0.07397843152284622 0.2068692445755005 1.0 0.0 0.0
v -0.10492950677871704 0.20964530110359192 0.09105604887008667 1.0 0.0 0.0
v -0.11651082336902618 0.16828344762325287 0.14069026708602905 1.0 0.0 0.0
v -0.12974661588668823 0.11864922940731049 0.18701554834842682 1.0 0.0 0.0
v -0.14132793247699738 0.07728737592697144 0.22837740182876587 1.0 0.0 0.0
v -0.12809213995933533 0.2874055802822113 0.03149498254060745 1.0 0.0 0.0
v -0.13801898062229156 0.24769821763038635 0.07947473227977753 1.0 0.0 0.0
v -0.1512547880411148 0.2030274122953415 0.11918210983276367 1.0 0.0 0.0
v -0.16283610463142395 0.15670213103294373 0.17212527990341187 1.0 0.0 0.0
v -0.1744174212217331 0.11699475347995758 0.22010503709316254 1.0 0.0 0.0
v -0.15456372499465942 0.35689350962638855 -0.02144818939268589 1.0 0.0 0.0
v -0.16614504158496857 0.3122226893901825 0.01991366408765316 1.0 0.0 0.0
v -0.1777263730764389 0.27251532673835754 0.0728568360209465 1.0 0.0 0.0
v -0.18930768966674805 0.2294989973306656 0.12083658576011658 1.0 0.0 0.0
v -0.2008890062570572 0.18482819199562073 0.16054396331310272 1.0 0.0 0.0
v -0.21247032284736633 0.14015740156173706 0.20190581679344177 1.0 0.0 0.0
v -0.19261662662029266 0.46277984976768494 -0.09755399823188782 1.0 0.0 0.0
v -0.2273605912923813 0.33207640051841736 0.03811287879943848 1.0 0.0 0.0
v -0.25217771530151367 0.24273478984832764 0.1291089504957199 1.0 0.0 0.0
v -0.22405163943767548 0.5637027621269226 -0.178623229265213 1.0 0.0 0.0
v -0.23563295602798462 0.5223408937454224 -0.13726137578487396 1.0 0.0 0.0
v -0.24721427261829376 0.4776701033115387 -0.0925905779004097 1.0 0.0 0.0
v -0.2604500651359558 0.43630826473236084 -0.04295635223388672 1.0 0.0 0.0
v -0.27203139662742615 0.38832852244377136 5.9974685427732766e-05 1.0 0.0 0.0
v -0.2836126983165741 0.3469666540622711 0.04969419911503792 1.0 0.0 0.0
v -0.29684850573539734 0.30064138770103455 0.08112920820713043 1.0 0.0 0.0
v -0.3084298074245453 0.2592795193195343 0.13903580605983734 1.0 0.0 0.0
v -0.32166561484336853 0.21460872888565063 0.1803976595401764 1.0 0.0 0.0
v -0.33324694633483887 0.16993792355060577 0.23334082961082458 1.0 0.0 0.0
v -0.25052323937416077 0.6497353911399841 -0.2530745565891266 1.0 0.0 0.0
v -0.2637590169906616 0.6034101247787476 -0.19847692549228668 1.0 0.0 0.0
v -0.27534034848213196 0.5637027621269226 -0.15876953303813934 1.0 0.0 0.0
v -0.30015745759010315 0.47105222940444946 -0.06942793726921082 1.0 0.0 0.0
v -0.3117387592792511 0.4280358850955963 -0.023102663457393646 1.0 0.0 0.0
v -0.32332009077072144 0.38501957058906555 0.021568138152360916 1.0 0.0 0.0
v -0.3365558683872223 0.3386942744255066 0.08112920820713043 1.0 0.0 0.0
v -0.34979167580604553 0.2940234839916229 0.12083658576011658 1.0 0.0 0.0
v -0.35971853137016296 0.254316121339798 0.17047080397605896 1.0 0.0 0.0
v -0.29684850573539734 0.6530443429946899 -0.23487535119056702 1.0 0.0 0.0
v -0.3084298074245453 0.6083735823631287 -0.18524113297462463 1.0 0.0 0.0
v -0.3200111389160156 0.5637027621269226 -0.14387927949428558 1.0 0.0 0.0
v -0.33324694633483887 0.517377495765686 -0.0925905779004097 1.0 0.0 0.0
v -0.3448282480239868 0.4760156273841858 -0.04957424849271774 1.0 0.0 0.0
v -0.35640957951545715 0.43299931287765503 5.9974685427732766e-05 1.0 0.0 0.0
v -0.3679908812046051 0.3916374444961548 0.043076302856206894 1.0 0.0 0.0
v -0.38122668862342834 0.3453121781349182 0.08609262853860855 1.0 0.0 0.0
v -0.3928079903125763 0.30229586362838745 0.13903580605983734 1.0 0.0 0.0
v -0.4176250994205475 0.21129977703094482 0.22010503709316254 1.0 0.0 0.0
v -0.37791773676872253 0.5819019675254822 -0.13064348697662354 1.0 0.0 0.0
v -0.3894990384578705 0.5372312068939209 -0.08762715011835098 1.0 0.0 0.0
v -0.4010803699493408 0.49917829036712646 -0.04295635223388672 1.0 0.0 0.0
v -0.41431617736816406 0.4478895664215088 5.9974685427732766e-05 1.0 0.0 0.0
v -0.4507145881652832 0.3188405930995941 0.14399921894073486 1.0 0.0 0.0
v -0.46395039558410645 0.27251532673835754 0.19694238901138306 1.0 0.0 0.0
v -0.4738772213459015 0.2311534732580185 0.2366497665643692 1.0 0.0 0.0
v -0.454023540019989 0.5372312068939209 -0.06281004101037979 1.0 0.0 0.0
v -0.46560487151145935 0.49256038665771484 -0.016484767198562622 1.0 0.0 0.0
v -0.4788406491279602 0.4462350904941559 0.024877086281776428 1.0 0.0 0.0
v -0.49207645654678345 0.4015643000602722 0.07451131194829941 1.0 0.0 0.0
v -0.5020033121109009 0.36351141333580017 0.127454474568367 1.0 0.0 0.0
v -0.5135846138000488 0.3188405930995941 0.16054396331310272 1.0 0.0 0.0
v -0.5251659154891968 0.27747875452041626 0.21514160931110382 1.0 0.0 0.0
v -0.5367472767829895 0.23777136206626892 0.2598124146461487 1.0 0.0 0.0
v -0.5350927710533142 0.4230724573135376 0.08940158039331436 1.0 0.0 0.0
v -0.5599098801612854 0.33373087644577026 0.16550739109516144 1.0 0.0 0.0
v -0.5830725431442261 0.24935267865657806 0.2614668905735016 1.0 0.0 0.0
v -0.6095440983772278 0.3420032262802124 0.19528791308403015 1.0 0.0 0.0
v -0.6823409795761108 0.29898691177368164 0.2598124146461487 1.0 0.0 0.0
v -0.7419020533561707 0.3370397984981537 0.25650346279144287 1.0 0.0 0.0
v -0.025514747947454453 0.04254342243075371 0.21845056116580963 1.0 0.0 0.0
v -0.03544159233570099 0.08721422404050827 0.17708870768547058 1.0 0.0 0.0
v -0.10327503085136414 0.09217764437198639 0.19528791308403015 1.0 0.0 0.0
v -0.11485634744167328 0.14512081444263458 0.16881632804870605 1.0 0.0 0.0
v -0.12312871962785721 0.18482819199562073 0.11752763390541077 1.0 0.0 0.0
v -0.13471004366874695 0.2328079491853714 0.08278367668390274 1.0 0.0 0.0
v -0.14463688433170319 0.27913323044776917 0.046385250985622406 1.0 0.0 0.0
v -0.15456372499465942 0.32380402088165283 0.009986819699406624 1.0 0.0 0.0
v -0.176071897149086 0.4230724573135376 -0.07770030945539474 1.0 0.0 0.0
v -0.18599873781204224 0.46939775347709656 -0.11575321108102798 1.0 0.0 0.0
v -0.19592557847499847 0.5157229900360107 -0.1471882164478302 1.0 0.0 0.0
v -0.17110846936702728 0.10210449248552322 0.22175951302051544 1.0 0.0 0.0
v -0.18268978595733643 0.1517387181520462 0.19032450020313263 1.0 0.0 0.0
v -0.19096216559410095 0.19475503265857697 0.14730817079544067 1.0 0.0 0.0
v -0.2025434821844101 0.24604374170303345 0.10429184138774872 1.0 0.0 0.0
v -0.21247032284736633 0.2940234839916229 0.06127551570534706 1.0 0.0 0.0
v -0.22239716351032257 0.33538535237312317 0.02818603441119194 1.0 0.0 0.0
v -0.23232401907444 0.38336509466171265 -0.01152134407311678 1.0 0.0 0.0
v -0.24225085973739624 0.4296903610229492 -0.04626530036330223 1.0 0.0 0.0
v -0.25217771530151367 0.4743611514568329 -0.08597268164157867 1.0 0.0 0.0
v -0.2637590169906616 0.5223408937454224 -0.12237110733985901 1.0 0.0 0.0
v -0.27368587255477905 0.5703206658363342 -0.16207848489284515 1.0 0.0 0.0
v -0.2836126983165741 0.6149914860725403 -0.20674929022789001 1.0 0.0 0.0
v -0.2290150672197342 0.1219581812620163 0.22341397404670715 1.0 0.0 0.0
v -0.24059638381004333 0.17159239947795868 0.18701554834842682 1.0 0.0 0.0
v -0.2604500651359558 0.2625884711742401 0.11421868950128555 1.0 0.0 0.0
v -0.27037692070007324 0.3089137673377991 0.0728568360209465 1.0 0.0 0.0
v -0.2803037762641907 0.35854798555374146 0.034803930670022964 1.0 0.0 0.0
v -0.2902306020259857 0.4015643000602722 -0.0032489735167473555 1.0 0.0 0.0
v -0.30015745759010315 0.4495440423488617 -0.03964740410447121 1.0 0.0 0.0
v -0.3117387592792511 0.500832736492157 -0.08266372978687286 1.0 0.0 0.0
v -0.32166561484336853 0.545503556728363 -0.1207166388630867 1.0 0.0 0.0
v -0.32993799448013306 0.5885198712348938 -0.16207848489284515 1.0 0.0 0.0
v -0.2918850779533386 0.1749013513326645 0.211832657456398 1.0 0.0 0.0
v -0.30346640944480896 0.22288109362125397 0.16881632804870605 1.0 0.0 0.0
v -0.313393235206604 0.27086085081100464 0.13076342642307281 1.0 0.0 0.0
v -0.32166561484336853 0.3105682134628296 0.08609262853860855 1.0 0.0 0.0
v -0.33324694633483887 0.36351141333580017 0.05631209537386894 1.0 0.0 0.0
v -0.3431737720966339 0.40818220376968384 0.018259190022945404 1.0 0.0 0.0
v -0.35310062766075134 0.4545074701309204 -0.024757137522101402 1.0 0.0 0.0
v -0.3630274534225464 0.49752381443977356 -0.0661189928650856 1.0 0.0 0.0
v -0.3729543089866638 0.545503556728363 -0.10086294263601303 1.0 0.0 0.0
v -0.38288116455078125 0.5885198712348938 -0.13726137578487396 1.0 0.0 0.0
v -0.3630274534225464 0.16993792355060577 0.24492214620113373 1.0 0.0 0.0
v -0.3712998330593109 0.21129977703094482 0.2085237056016922 1.0 0.0 0.0
v -0.38122668862342834 0.2576250433921814 0.17543423175811768 1.0 0.0 0.0
v -0.41100722551345825 0.3916374444961548 0.05465761944651604 1.0 0.0 0.0
v -0.4209340512752533 0.43796274065971375 0.008332345634698868 1.0 0.0 0.0
v -0.4308609068393707 0.4842880070209503 -0.023102663457393646 1.0 0.0 0.0
v -0.44078776240348816 0.5306133031845093 -0.05619214475154877 1.0 0.0 0.0
v -0.44078776240348816 0.21791768074035645 0.22506844997406006 1.0 0.0 0.0
v -0.4507145881652832 0.2658974230289459 0.18701554834842682 1.0 0.0 0.0
v -0.46064144372940063 0.3155316412448883 0.14730817079544067 1.0 0.0 0.0
v -0.4705682694911957 0.35854798555374146 0.11752763390541077 1.0 0.0 0.0
v -0.4804951250553131 0.404873251914978 0.06623893976211548 1.0 0.0 0.0
v -0.49207645654678345 0.4578164219856262 0.03645840659737587 1.0 0.0 0.0
v -0.5020033121109009 0.49917829036712646 0.0017144487937912345 1.0 0.0 0.0
v -0.49373093247413635 0.21626320481300354 0.25484898686408997 1.0 0.0 0.0
v -0.5036577582359314 0.2625884711742401 0.21514160931110382 1.0 0.0 0.0
v -0.5119301080703735 0.30560481548309326 0.1787431836128235 1.0 0.0 0.0
v -0.5235114693641663 0.35358455777168274 0.14896264672279358 1.0 0.0 0.0
v -0.5334383249282837 0.3999098241329193 0.10263737291097641 1.0 0.0 0.0
v -0.5433651208877563 0.4462350904941559 0.06292998790740967 1.0 0.0 0.0
v -0.549983024597168 0.24604374170303345 0.25484898686408997 1.0 0.0 0.0
v -0.5599098801612854 0.29236900806427 0.2101781815290451 1.0 0.0 0.0
v -0.5714911818504333 0.3420032262802124 0.17543423175811768 1.0 0.0 0.0
v -0.5797635912895203 0.38501957058906555 0.12249106168746948 1.0 0.0 0.0
v -0.5913448929786682 0.43465378880500793 0.0993284210562706 1.0 0.0 0.0
v -0.6360157132148743 0.30229586362838745 0.2366497665643692 1.0 0.0 0.0
v -0.6459425687789917 0.35193008184432983 0.20190581679344177 1.0 0.0 0.0
v -0.6558693647384644 0.3932919204235077 0.16054396331310272 1.0 0.0 0.0
v -0.707158088684082 0.32711297273635864 0.24823109805583954 1.0 0.0 0.0
v -0.3712998330593109 0.5670117139816284 -0.13064348697662354 1.0 0.0 0.0
v -0.3481371998786926 0.4478895664215088 -0.03468398004770279 1.0 0.0 0.0
v -0.3100842833518982 0.6001011729240417 -0.18358665704727173 1.0 0.0 0.0
v -0.3084298074245453 0.3932919204235077 0.0033689229749143124 1.0 0.0 0.0
v -0.27699482440948486 0.5206864476203918 -0.11575321108102798 1.0 0.0 0.0
v -0.2604500651359558 0.3089137673377991 0.06292998790740967 1.0 0.0 0.0
v -0.22405163943767548 0.4561619460582733 -0.08762715011835098 1.0 0.0 0.0
v -0.21247032284736633 0.24273478984832764 0.0976739451289177 1.0 0.0 0.0
v -0.176071897149086 0.37840166687965393 -0.03302950784564018 1.0 0.0 0.0
v -0.1462913602590561 0.29733243584632874 0.023222612217068672 1.0 0.0 0.0
v -0.6442880630493164 0.3453121781349182 0.2085237056016922 1.0 0.0 0.0
v -0.3646819293498993 0.5967922210693359 -0.16704191267490387 1.0 0.0 0.0
v -0.3382103443145752 0.4760156273841858 -0.0644645169377327 1.0 0.0 0.0
v -0.3117387592792511 0.35027560591697693 0.03976735472679138 1.0 0.0 0.0
v -0.313393235206604 0.5885198712348938 -0.18027770519256592 1.0 0.0 0.0
v -0.285267174243927 0.46277984976768494 -0.07770030945539474 1.0 0.0 0.0
v -0.2587955892086029 0.33373087644577026 0.04142182692885399 1.0 0.0 0.0
v -0.26872244477272034 0.5934833288192749 -0.19516797363758087 1.0 0.0 0.0
v -0.23894190788269043 0.4495440423488617 -0.06777346134185791 1.0 0.0 0.0
v -0.21247032284736633 0.32876744866371155 0.023222612217068672 1.0 0.0 0.0
v -0.1777263730764389 0.4578164219856262 -0.10251741856336594 1.0 0.0 0.0
v -0.1496003121137619 0.32545849680900574 0.005023397039622068 1.0 0.0 0.0
v -0.05529528111219406 0.14015740156173706 0.14069026708602905 1.0 0.0 0.0
v 0.19618478417396545 -0.1278674155473709 0.27139371633529663 1.0 0.0 0.0
v 0.16474977135658264 -0.10139582306146622 0.27966609597206116 1.0 0.0 0.0
v 0.0059202597476542 -0.0285989660769701 0.2680847942829132 1.0 0.0 0.0
v 0.08864396810531616 -0.05507054924964905 0.2631213665008545 1.0 0.0 0.0
v 0.034046318382024765 -0.0285989660769701 0.25154003500938416 1.0 0.0 0.0
v 0.4526282846927643 -0.238717183470726 0.27801162004470825 1.0 0.0 0.0
v 0.32688823342323303 -0.182465061545372 0.28132057189941406 1.0 0.0 0.0
v 0.27725401520729065 -0.1477210968732834 0.27304819226264954 1.0 0.0 0.0
v 0.24747347831726074 -0.14110320806503296 0.27635714411735535 1.0 0.0 0.0
v 0.30207112431526184 -0.17419268190860748 0.27470266819000244 1.0 0.0 0.0
v 0.44601038098335266 -0.2354082316160202 0.27801162004470825 1.0 0.0 0.0
v 0.8778281211853027 0.27747875452041626 -0.3887414336204529 1.0 0.0 0.0
v 0.9406981468200684 0.2609339952468872 -0.3970138132572174 1.0 0.0 0.0
v 0.8728647232055664 0.27416980266571045 -0.3738511800765991 1.0 0.0 0.0
v 0.8778281211853027 0.2658974230289459 -0.3887414336204529 1.0 0.0 0.0
v 0.9440070986747742 0.2609339952468872 -0.40363171696662903 1.0 0.0 0.0
v 0.9721331596374512 0.24108031392097473 -0.3970138132572174 1.0 0.0 0.0
v 0.9605517983436584 0.19640950858592987 -0.3440706431865692 1.0 0.0 0.0
v 0.9224989414215088 0.2328079491853714 -0.358960896730423 1.0 0.0 0.0
v 0.9092631340026855 0.18648266792297363 -0.3093266785144806 1.0 0.0 0.0
v 0.8960273265838623 0.14181186258792877 -0.2613469362258911 1.0 0.0 0.0
v 0.8728647232055664 0.052470266819000244 -0.1769687533378601 1.0 0.0 0.0
v 0.8364662528038025 -0.07657871395349503 -0.02972055971622467 1.0 0.0 0.0
v 0.8232304453849792 -0.1229039877653122 0.018259190022945404 1.0 0.0 0.0
v 0.8662468194961548 0.2311534732580185 -0.3440706431865692 1.0 0.0 0.0
v 0.8546654582023621 0.19144609570503235 -0.29609090089797974 1.0 0.0 0.0
v 0.8414297103881836 0.14512081444263458 -0.2514200806617737 1.0 0.0 0.0
v 0.8315028548240662 0.10375896096229553 -0.2050948143005371 1.0 0.0 0.0
v 0.8182670474052429 0.060742635279893875 -0.15215164422988892 1.0 0.0 0.0
v 0.806685745716095 0.017726309597492218 -0.10913531482219696 1.0 0.0 0.0
v 0.7951043844223022 -0.02529001608490944 -0.06281004101037979 1.0 0.0 0.0
v 0.7835230827331543 -0.0683063417673111 -0.024757137522101402 1.0 0.0 0.0
v 0.770287275314331 -0.11297714710235596 0.008332345634698868 1.0 0.0 0.0
v 0.7471246719360352 -0.19900980591773987 0.11256421357393265 1.0 0.0 0.0
v 0.9522794485092163 0.21460872888565063 -0.35565194487571716 1.0 0.0 0.0
v 0.8844460248947144 0.22453556954860687 -0.3407616913318634 1.0 0.0 0.0
v 0.8827915191650391 0.03427105024456978 -0.15380612015724182 1.0 0.0 0.0
v 0.8712102174758911 0.08390527218580246 -0.19516797363758087 1.0 0.0 0.0
v 0.862937867641449 0.12692159414291382 -0.23818430304527283 1.0 0.0 0.0
v 0.8530110120773315 0.16828344762325287 -0.2762371897697449 1.0 0.0 0.0
v 0.8414297103881836 0.22122663259506226 -0.3142901062965393 1.0 0.0 0.0
v 0.8513565063476562 -0.035216860473155975 -0.08431820571422577 1.0 0.0 0.0
v 0.8414297103881836 0.011108413338661194 -0.12568005919456482 1.0 0.0 0.0
v 0.8298483490943909 0.05743368715047836 -0.16207848489284515 1.0 0.0 0.0
v 0.8199214935302734 0.10706791281700134 -0.19847692549228668 1.0 0.0 0.0
v 0.8083401918411255 0.15670213103294373 -0.23652982711791992 1.0 0.0 0.0
v 0.8000678420066833 0.2013729363679886 -0.2812006175518036 1.0 0.0 0.0
v 0.8133036494255066 -0.1510300487279892 0.043076302856206894 1.0 0.0 0.0
v 0.8033767938613892 -0.09974135458469391 0.0017144487937912345 1.0 0.0 0.0
v 0.7934499382972717 -0.05837949737906456 -0.04626530036330223 1.0 0.0 0.0
v 0.7835230827331543 -0.008745276369154453 -0.07770030945539474 1.0 0.0 0.0
v 0.7636694312095642 -0.21555453538894653 0.12414553016424179 1.0 0.0 0.0
v 0.7520880699157715 -0.16922926902770996 0.08443815261125565 1.0 0.0 0.0
v 0.7951043844223022 -0.04679818078875542 -0.05122872442007065 1.0 0.0 0.0
v 0.8331573009490967 0.09879554063081741 -0.19682244956493378 1.0 0.0 0.0
v 0.8943728804588318 0.0673605352640152 -0.2017858624458313 1.0 0.0 0.0
v 0.9373891949653625 0.2328079491853714 -0.38543248176574707 1.0 0.0 0.0
v 0.7901409864425659 -0.051761601120233536 -0.05453767254948616 1.0 0.0 0.0
v 0.8050312399864197 0.10706791281700134 -0.2034403383731842 1.0 0.0 0.0
v 0.8315028548240662 -0.02032659389078617 -0.09589952230453491 1.0 0.0 0.0
v 0.8596289157867432 0.15835660696029663 -0.27458271384239197 1.0 0.0 0.0
v 0.8844460248947144 0.0408889465034008 -0.18358665704727173 1.0 0.0 0.0
v 0.9241533875465393 0.16001108288764954 -0.3109811544418335 1.0 0.0 0.0
v 0.2094205766916275 -0.07823318988084793 0.23168635368347168 1.0 0.0 0.0
v 0.19949373602867126 0.025998679921030998 0.13241790235042572 1.0 0.0 0.0
v 0.18791241943836212 -0.015363172627985477 0.18701554834842682 1.0 0.0 0.0
v 0.17633108794689178 -0.05837949737906456 0.23168635368347168 1.0 0.0 0.0
v 0.1266968697309494 -0.002127379411831498 0.19859686493873596 1.0 0.0 0.0
v 0.11180660128593445 -0.05341607704758644 0.2366497665643692 1.0 0.0 0.0
v 0.05555448308587074 -0.021981067955493927 0.24161319434642792 1.0 0.0 0.0
v 0.20280267298221588 -0.008745276369154453 0.16881632804870605 1.0 0.0 0.0
v 0.19453030824661255 0.035925526171922684 0.1258000135421753 1.0 0.0 0.0
v 0.1531684547662735 -0.069960817694664 0.24161319434642792 1.0 0.0 0.0
v 0.13331477344036102 0.024344205856323242 0.16716186702251434 1.0 0.0 0.0
v 0.08037159591913223 -0.012054224498569965 0.22341397404670715 1.0 0.0 0.0
v 0.05720895901322365 -0.03356238827109337 0.24657662212848663 1.0 0.0 0.0
v 0.10684318095445633 -0.051761601120233536 0.23334082961082458 1.0 0.0 0.0
v 0.16474977135658264 -0.08319661021232605 0.24161319434642792 1.0 0.0 0.0
v 0.17467661201953888 0.025998679921030998 0.13572685420513153 1.0 0.0 0.0
v 0.19783926010131836 0.04585237056016922 0.11587316542863846 1.0 0.0 0.0
v 0.7371978163719177 -0.2370627075433731 0.155580535531044 1.0 0.0 0.0
v 0.7123807072639465 -0.32805877923965454 0.25154003500938416 1.0 0.0 0.0
v 0.7984133362770081 0.23611688613891602 -0.3076722025871277 1.0 0.0 0.0
v 0.7884865403175354 0.19640950858592987 -0.2646558880805969 1.0 0.0 0.0
v 0.7752507328987122 0.14512081444263458 -0.2266029715538025 1.0 0.0 0.0
v 0.7636694312095642 0.10706791281700134 -0.178623229265213 1.0 0.0 0.0
v 0.7520880699157715 0.06570605933666229 -0.12733453512191772 1.0 0.0 0.0
v 0.7405067682266235 0.02103525772690773 -0.08100925385951996 1.0 0.0 0.0
v 0.7272709608078003 -0.023635542020201683 -0.04295635223388672 1.0 0.0 0.0
v 0.7173441052436829 -0.06334292143583298 0.009986819699406624 1.0 0.0 0.0
v 0.6561285853385925 -0.2850424647331238 0.2366497665643692 1.0 0.0 0.0
v 0.7487791180610657 0.21129977703094482 -0.26631036400794983 1.0 0.0 0.0
v 0.7355433702468872 0.16662898659706116 -0.2282574474811554 1.0 0.0 0.0
v 0.7239620089530945 0.1236126497387886 -0.18027770519256592 1.0 0.0 0.0
v 0.7123807072639465 0.08059632778167725 -0.13229794800281525 1.0 0.0 0.0
v 0.6991448998451233 0.03427105024456978 -0.08597268164157867 1.0 0.0 0.0
v 0.6759822964668274 -0.051761601120233536 0.008332345634698868 1.0 0.0 0.0
v 0.6644009351730347 -0.09477792680263519 0.05796656757593155 1.0 0.0 0.0
v 0.6528196334838867 -0.13779425621032715 0.09601947665214539 1.0 0.0 0.0
v 0.6412383317947388 -0.182465061545372 0.1522715985774994 1.0 0.0 0.0
v 0.6280025243759155 -0.22879032790660858 0.19528791308403015 1.0 0.0 0.0
v 0.7024538516998291 0.2079908400774002 -0.24645666778087616 1.0 0.0 0.0
v 0.6908725500106812 0.16662898659706116 -0.2034403383731842 1.0 0.0 0.0
v 0.6792912483215332 0.1219581812620163 -0.15380612015724182 1.0 0.0 0.0
v 0.66605544090271 0.07563290745019913 -0.10748083889484406 1.0 0.0 0.0
v 0.6412383317947388 -0.013708698563277721 -0.014830292202532291 1.0 0.0 0.0
v 0.629656970500946 -0.05672502517700195 0.03976735472679138 1.0 0.0 0.0
v 0.6164212226867676 -0.10305029898881912 0.07616578042507172 1.0 0.0 0.0
v 0.6048398613929749 -0.14441215991973877 0.11752763390541077 1.0 0.0 0.0
v 0.5932585597038269 -0.18411953747272491 0.17377975583076477 1.0 0.0 0.0
v 0.581677258014679 -0.2304448038339615 0.211832657456398 1.0 0.0 0.0
v 0.5684414505958557 -0.27677008509635925 0.2647758424282074 1.0 0.0 0.0
v 0.6313114762306213 0.1782103031873703 -0.18855006992816925 1.0 0.0 0.0
v 0.6197301745414734 0.13684844970703125 -0.14222480356693268 1.0 0.0 0.0
v 0.609803318977356 0.0954865962266922 -0.10748083889484406 1.0 0.0 0.0
v 0.5965675115585327 0.05081579089164734 -0.047919776290655136 1.0 0.0 0.0
v 0.5833317041397095 0.00449051707983017 -0.0032489735167473555 1.0 0.0 0.0
v 0.5734049081802368 -0.035216860473155975 0.043076302856206894 1.0 0.0 0.0
v 0.5601691007614136 -0.08154213428497314 0.09105604887008667 1.0 0.0 0.0
v 0.5469332933425903 -0.12952189147472382 0.13407237827777863 1.0 0.0 0.0
v 0.5353519916534424 -0.17253820598125458 0.183706596493721 1.0 0.0 0.0
v 0.5237706303596497 -0.21390005946159363 0.22010503709316254 1.0 0.0 0.0
v 0.5601691007614136 0.1533931940793991 -0.13395242393016815 1.0 0.0 0.0
v 0.5485877394676208 0.11037685722112656 -0.09589952230453491 1.0 0.0 0.0
v 0.5353519916534424 0.06570605933666229 -0.03964740410447121 1.0 0.0 0.0
v 0.5237706303596497 0.017726309597492218 0.008332345634698868 1.0 0.0 0.0
v 0.5121893286705017 -0.021981067955493927 0.04969419911503792 1.0 0.0 0.0
v 0.5006080269813538 -0.06499739736318588 0.1009828969836235 1.0 0.0 0.0
v 0.4873722195625305 -0.11297714710235596 0.13241790235042572 1.0 0.0 0.0
v 0.46420958638191223 -0.19404637813568115 0.239958718419075 1.0 0.0 0.0
v 0.513843834400177 0.15504765510559082 -0.1190621629357338 1.0 0.0 0.0
v 0.5022624731063843 0.11203133314847946 -0.06942793726921082 1.0 0.0 0.0
v 0.4890266954898834 0.06570605933666229 -0.024757137522101402 1.0 0.0 0.0
v 0.4790998697280884 0.025998679921030998 0.018259190022945404 1.0 0.0 0.0
v 0.46586406230926514 -0.02032659389078617 0.05300314724445343 1.0 0.0 0.0
v 0.4559372067451477 -0.06168844923377037 0.10760079324245453 1.0 0.0 0.0
v 0.44435590505599976 -0.10139582306146622 0.1522715985774994 1.0 0.0 0.0
v 0.4311200976371765 -0.14606662094593048 0.19859686493873596 1.0 0.0 0.0
v 0.41953879594802856 -0.18908295035362244 0.24988555908203125 1.0 0.0 0.0
v 0.4509738087654114 0.12857607007026672 -0.06777346134185791 1.0 0.0 0.0
v 0.43939247727394104 0.08555974811315536 -0.01152134407311678 1.0 0.0 0.0
v 0.4278111457824707 0.04254342243075371 0.03149498254060745 1.0 0.0 0.0
v 0.41622984409332275 -0.00047290537622757256 0.06789341568946838 1.0 0.0 0.0
v 0.4029940366744995 -0.04679818078875542 0.11587316542863846 1.0 0.0 0.0
v 0.39141273498535156 -0.08816003054380417 0.16716186702251434 1.0 0.0 0.0
v 0.3798314034938812 -0.13117636740207672 0.21348713338375092 1.0 0.0 0.0
v 0.36659562587738037 -0.1791561096906662 0.25484898686408997 1.0 0.0 0.0
v 0.3682501018047333 0.08225080370903015 0.0066778711043298244 1.0 0.0 0.0
v 0.35666877031326294 0.0408889465034008 0.059621043503284454 1.0 0.0 0.0
v 0.3450874388217926 -0.00047290537622757256 0.09436500072479248 1.0 0.0 0.0
v 0.3202703297138214 -0.09146898239850998 0.20356029272079468 1.0 0.0 0.0
v 0.2921442687511444 0.04585237056016922 0.08609262853860855 1.0 0.0 0.0
v 0.28056296706199646 0.0028360430151224136 0.127454474568367 1.0 0.0 0.0
v 0.2574003338813782 -0.08485108613967896 0.21514160931110382 1.0 0.0 0.0
v 0.24416452646255493 0.05081579089164734 0.08278367668390274 1.0 0.0 0.0
v 0.2325832098722458 0.009453939273953438 0.13572685420513153 1.0 0.0 0.0
v 0.22100189328193665 -0.03687133640050888 0.1853610724210739 1.0 0.0 0.0
v 0.7884865403175354 0.24935267865657806 -0.3175990581512451 1.0 0.0 0.0
v 0.7719417810440063 0.039234474301338196 -0.11409874260425568 1.0 0.0 0.0
v 0.7636694312095642 0.08059632778167725 -0.15380612015724182 1.0 0.0 0.0
v 0.7553970217704773 0.1236126497387886 -0.19351349771022797 1.0 0.0 0.0
v 0.742161214351654 0.1765558272600174 -0.2332208752632141 1.0 0.0 0.0
v 0.7338888645172119 0.22122663259506226 -0.2762371897697449 1.0 0.0 0.0
v 0.742161214351654 -0.12124951183795929 0.046385250985622406 1.0 0.0 0.0
v 0.7338888645172119 -0.07988766580820084 0.008332345634698868 1.0 0.0 0.0
v 0.7239620089530945 -0.03356238827109337 -0.028066085651516914 1.0 0.0 0.0
v 0.7123807072639465 0.016071835532784462 -0.06777346134185791 1.0 0.0 0.0
v 0.7024538516998291 0.060742635279893875 -0.11078979074954987 1.0 0.0 0.0
v 0.6925269961357117 0.10541343688964844 -0.1471882164478302 1.0 0.0 0.0
v 0.682600200176239 0.15504765510559082 -0.18689559400081635 1.0 0.0 0.0
v 0.6710188388824463 0.2063363641500473 -0.2282574474811554 1.0 0.0 0.0
v 0.7272709608078003 -0.2651887536048889 0.19528791308403015 1.0 0.0 0.0
v 0.7173441052436829 -0.21886348724365234 0.14896264672279358 1.0 0.0 0.0
v 0.7074173092842102 -0.16922926902770996 0.11090973764657974 1.0 0.0 0.0
v 0.6974904537200928 -0.1245584636926651 0.0728568360209465 1.0 0.0 0.0
v 0.6859090924263 -0.07657871395349503 0.029840508475899696 1.0 0.0 0.0
v 0.6759822964668274 -0.0285989660769701 -0.009866870008409023 1.0 0.0 0.0
v 0.66605544090271 0.016071835532784462 -0.047919776290655136 1.0 0.0 0.0
v 0.657783031463623 0.05743368715047836 -0.08928162604570389 1.0 0.0 0.0
v 0.6462017297744751 0.11037685722112656 -0.12898901104927063 1.0 0.0 0.0
v 0.6362748742103577 0.1533931940793991 -0.1720053255558014 1.0 0.0 0.0
v 0.6280025243759155 0.19475503265857697 -0.20674929022789001 1.0 0.0 0.0
v 0.682600200176239 -0.27346113324165344 0.2085237056016922 1.0 0.0 0.0
v 0.6726733446121216 -0.22548139095306396 0.1787431836128235 1.0 0.0 0.0
v 0.6627464890480042 -0.1775016337633133 0.13903580605983734 1.0 0.0 0.0
v 0.6528196334838867 -0.13613978028297424 0.09436500072479248 1.0 0.0 0.0
v 0.6230391263961792 0.0011815688339993358 -0.023102663457393646 1.0 0.0 0.0
v 0.6131122708320618 0.04585237056016922 -0.05950109288096428 1.0 0.0 0.0
v 0.6031854152679443 0.08886869996786118 -0.10251741856336594 1.0 0.0 0.0
v 0.5916041135787964 0.14015740156173706 -0.13395242393016815 1.0 0.0 0.0
v 0.6131122708320618 -0.25360745191574097 0.22506844997406006 1.0 0.0 0.0
v 0.6031854152679443 -0.210591122508049 0.183706596493721 1.0 0.0 0.0
v 0.5932585597038269 -0.16757479310035706 0.1522715985774994 1.0 0.0 0.0
v 0.5833317041397095 -0.11794056743383408 0.11090973764657974 1.0 0.0 0.0
v 0.5734049081802368 -0.0716152936220169 0.06954788416624069 1.0 0.0 0.0
v 0.5634780526161194 -0.030253440141677856 0.03314945846796036 1.0 0.0 0.0
v 0.553551197052002 0.017726309597492218 -0.009866870008409023 1.0 0.0 0.0
v 0.541969895362854 0.06570605933666229 -0.04295635223388672 1.0 0.0 0.0
v 0.5336974859237671 0.10872238874435425 -0.09589952230453491 1.0 0.0 0.0
v 0.5221161842346191 0.15835660696029663 -0.1207166388630867 1.0 0.0 0.0
v 0.5552056431770325 -0.27180665731430054 0.2680847942829132 1.0 0.0 0.0
v 0.5353519916534424 -0.1808105856180191 0.18867002427577972 1.0 0.0 0.0
v 0.525425136089325 -0.13448530435562134 0.14234474301338196 1.0 0.0 0.0
v 0.5039169788360596 -0.04018028452992439 0.06623893976211548 1.0 0.0 0.0
v 0.49399012327194214 0.00449051707983017 0.03645840659737587 1.0 0.0 0.0
v 0.4840632677078247 0.055779214948415756 -0.014830292202532291 1.0 0.0 0.0
v 0.47248196601867676 0.10375896096229553 -0.047919776290655136 1.0 0.0 0.0
v 0.5022624731063843 -0.2370627075433731 0.2614668905735016 1.0 0.0 0.0
v 0.49233564734458923 -0.18908295035362244 0.21845056116580963 1.0 0.0 0.0
v 0.4807543158531189 -0.13944873213768005 0.17377975583076477 1.0 0.0 0.0
v 0.47248196601867676 -0.098086878657341 0.12249106168746948 1.0 0.0 0.0
v 0.4609006345272064 -0.04679818078875542 0.0993284210562706 1.0 0.0 0.0
v 0.44931933283805847 0.00449051707983017 0.05465761944651604 1.0 0.0 0.0
v 0.44104695320129395 0.04585237056016922 0.013295767828822136 1.0 0.0 0.0
v 0.4311200976371765 0.08721422404050827 -0.024757137522101402 1.0 0.0 0.0
v 0.4575916826725006 -0.22382691502571106 0.2614668905735016 1.0 0.0 0.0
v 0.44766485691070557 -0.1758471578359604 0.22010503709316254 1.0 0.0 0.0
v 0.43773800134658813 -0.12952189147472382 0.1853610724210739 1.0 0.0 0.0
v 0.4278111457824707 -0.08485108613967896 0.14730817079544067 1.0 0.0 0.0
v 0.41788432002067566 -0.04018028452992439 0.11421868950128555 1.0 0.0 0.0
v 0.4079574644565582 0.007799465209245682 0.06954788416624069 1.0 0.0 0.0
v 0.3963761627674103 0.05412473902106285 0.023222612217068672 1.0 0.0 0.0
v 0.38810378313064575 0.09714106470346451 -0.013175818137824535 1.0 0.0 0.0
v 0.38314035534858704 -0.1775016337633133 0.24823109805583954 1.0 0.0 0.0
v 0.3732134997844696 -0.13448530435562134 0.2101781815290451 1.0 0.0 0.0
v 0.36328667402267456 -0.08319661021232605 0.17543423175811768 1.0 0.0 0.0
v 0.3517053425312042 -0.03190791234374046 0.13241790235042572 1.0 0.0 0.0
v 0.33185166120529175 0.055779214948415756 0.05300314724445343 1.0 0.0 0.0
v 0.3186158537864685 -0.14275768399238586 0.2366497665643692 1.0 0.0 0.0
v 0.30868902802467346 -0.08981450647115707 0.20356029272079468 1.0 0.0 0.0
v 0.29876217246055603 -0.04679818078875542 0.15061712265014648 1.0 0.0 0.0
v 0.2904897928237915 -0.005436327774077654 0.12414553016424179 1.0 0.0 0.0
v 0.28056296706199646 0.039234474301338196 0.08112920820713043 1.0 0.0 0.0
v 0.2673271596431732 -0.09974135458469391 0.23168635368347168 1.0 0.0 0.0
v 0.2574003338813782 -0.05837949737906456 0.19694238901138306 1.0 0.0 0.0
v 0.2375466376543045 0.035925526171922684 0.11090973764657974 1.0 0.0 0.0
v 0.22431084513664246 -0.09974135458469391 0.24823109805583954 1.0 0.0 0.0
v 0.21438400447368622 -0.05672502517700195 0.19197897613048553 1.0 0.0 0.0
v 0.4261566698551178 0.05908816307783127 0.016604715958237648 1.0 0.0 0.0
v 0.6147667169570923 0.16332003474235535 -0.1736598014831543 1.0 0.0 0.0
v 0.6859090924263 0.1782103031873703 -0.21171271800994873 1.0 0.0 0.0
v 0.6859090924263 -0.026944492012262344 -0.024757137522101402 1.0 0.0 0.0
v 0.7239620089530945 0.12692159414291382 -0.18524113297462463 1.0 0.0 0.0
v 0.7587059736251831 0.07232395559549332 -0.13891585171222687 1.0 0.0 0.0
v 0.8000678420066833 0.22619004547595978 -0.29939985275268555 1.0 0.0 0.0
v 0.7156896591186523 -0.35783931612968445 0.28297504782676697 1.0 0.0 0.0
v 0.3450874388217926 0.07232395559549332 0.021568138152360916 1.0 0.0 0.0
v 0.44766485691070557 0.07563290745019913 -0.014830292202532291 1.0 0.0 0.0
v 0.49233564734458923 0.14181186258792877 -0.11078979074954987 1.0 0.0 0.0
v 0.5237706303596497 -0.005436327774077654 0.021568138152360916 1.0 0.0 0.0
v 0.5717504024505615 0.1467752903699875 -0.1455337405204773 1.0 0.0 0.0
v 0.598222017288208 0.017726309597492218 -0.03302950784564018 1.0 0.0 0.0
v 0.626348078250885 -0.11132267117500305 0.06954788416624069 1.0 0.0 0.0
v 0.6478562355041504 0.07894185185432434 -0.1190621629357338 1.0 0.0 0.0
v 0.7041083574295044 -0.18742847442626953 0.11752763390541077 1.0 0.0 0.0
v 0.7007994055747986 0.1533931940793991 -0.20840376615524292 1.0 0.0 0.0
v 0.7289254665374756 0.017726309597492218 -0.094245046377182 1.0 0.0 0.0
v 0.7537425756454468 -0.10305029898881912 0.0066778711043298244 1.0 0.0 0.0
v 0.7388522624969482 0.19310057163238525 -0.24811114370822906 1.0 0.0 0.0
v 0.7653238773345947 0.0673605352640152 -0.14387927949428558 1.0 0.0 0.0
v 0.778559684753418 0.2311534732580185 -0.3126356303691864 1.0 0.0 0.0
v -0.21579885482788086 0.21179203689098358 0.13731485605239868 1.0 0.0 0.0
v 0.8411424160003662 0.14319980144500732 -0.251425176858902 1.0 0.0 0.0
v 0.4312151372432709 0.05464237183332443 0.0074989451095461845 1.0 0.0 0.0
v -0.3749450147151947 0.26244765520095825 0.15797439217567444 1.0 0.0 0.0
v -0.10796058923006058 0.04579191282391548 0.246980220079422 1.0 0.0 0.0
v 0.20959876477718353 -0.007275284733623266 0.1606665551662445 1.0 0.0 0.0
v 0.4415215253829956 0.1121041476726532 -0.0508856363594532 1.0 0.0 0.0
v -0.06500384211540222 0.027474433183670044 0.24576573073863983 1.0 0.0 0.0
v 0.5277408361434937 -0.1923937350511551 0.19812020659446716 1.0 0.0 0.0
v 0.7873733639717102 0.15905945003032684 -0.24326667189598083 1.0 0.0 0.0
v -0.5568692684173584 0.5560470819473267 -0.03976299613714218 1.0 0.0 0.0
v 0.7481719851493835 0.09909297525882721 -0.17014116048812866 1.0 0.0 0.0
v -0.31442761421203613 0.6388259530067444 -0.22145135700702667 1.0 0.0 0.0
v 0.9527276754379272 0.24290253221988678 -0.3929036259651184 1.0 0.0 0.0
v 0.4848617911338806 -0.19379843771457672 0.21782366931438446 1.0 0.0 0.0
v -0.518977165222168 0.3375782370567322 0.149167999625206 1.0 0.0 0.0
v -0.08364757895469666 0.1119939535856247 0.17438186705112457 1.0 0.0 0.0
v -0.5237740874290466 0.39414694905281067 0.09809763729572296 1.0 0.0 0.0
v -0.7087879776954651 0.45169615745544434 0.12337367236614227 1.0 0.0 0.0
v -0.21121977269649506 0.2262011617422104 0.1218191459774971 1.0 0.0 0.0
v -0.43932420015335083 0.47203490138053894 -0.011259094811975956 1.0 0.0 0.0
v -0.5386784076690674 0.3638884127140045 0.13290536403656006 1.0 0.0 0.0
v 0.5049110651016235 -0.2019113004207611 0.21684689819812775 1.0 0.0 0.0
v -0.09066339582204819 0.08803452551364899 0.199891597032547 1.0 0.0 0.0
v -0.07310785353183746 0.12857291102409363 0.1542927324771881 1.0 0.0 0.0
v -0.1629556268453598 0.07306846231222153 0.2449420839548111 1.0 0.0 0.0
v 0.6892911791801453 -0.17290806770324707 0.11055603623390198 1.0 0.0 0.0
v -0.5868139863014221 0.5844327807426453 -0.05358297377824783 1.0 0.0 0.0
v 0.41436782479286194 0.058049265295267105 0.011522535234689713 1.0 0.0 0.0
v -0.22190353274345398 0.5719850659370422 -0.19834640622138977 1.0 0.0 0.0
v -0.1863722801208496 0.4064311981201172 -0.05809883773326874 1.0 0.0 0.0
v 0.5339358448982239 -0.13933242857456207 0.1456311196088791 1.0 0.0 0.0
v 0.1557251363992691 -0.04535847157239914 0.21953082084655762 1.0 0.0 0.0
v -0.5729161500930786 0.4032515287399292 0.11061643064022064 1.0 0.0 0.0
v 0.41967499256134033 0.10738491266965866 -0.03708691522479057 1.0 0.0 0.0
v 0.5664562582969666 -0.14508560299873352 0.1370912492275238 1.0 0.0 0.0
v -0.33528828620910645 0.5029773712158203 -0.08492398262023926 1.0 0.0 0.0
v 0.8577594757080078 0.0918421745300293 -0.21031667292118073 1.0 0.0 0.0
v 0.6002179384231567 -0.2901136577129364 0.2588205337524414 1.0 0.0 0.0
v 0.05157328397035599 -0.038858622312545776 0.2580811083316803 1.0 0.0 0.0
v -0.5285762548446655 0.41308388113975525 0.08237172663211823 1.0 0.0 0.0
v -0.34216704964637756 0.19498515129089355 0.2072790265083313 1.0 0.0 0.0
v -0.25824055075645447 0.5781062245368958 -0.1885158121585846 1.0 0.0 0.0
v -0.4192999303340912 0.8451860547065735 -0.3702927529811859 1.0 0.0 0.0
v 0.6812591552734375 -0.09294964373111725 0.038906048983335495 1.0 0.0 0.0
v 0.6662592887878418 -0.0317588709294796 -0.01213071495294571 1.0 0.0 0.0
v -0.35211101174354553 0.5252252221107483 -0.09860553592443466 1.0 0.0 0.0
v -0.3691856861114502 0.3837653696537018 0.04156848043203354 1.0 0.0 0.0
v -0.7563064098358154 0.33254489302635193 0.25564903020858765 1.0 0.0 0.0
v -0.11301080882549286 0.2275746613740921 0.07842253148555756 1.0 0.0 0.0
v -0.16900452971458435 0.08958489447832108 0.23202396929264069 1.0 0.0 0.0
v -0.3236871361732483 0.7559062838554382 -0.32743844389915466 1.0 0.0 0.0
v -0.5622611045837402 0.23489364981651306 0.26416298747062683 1.0 0.0 0.0
v -0.06867223978042603 0.0362473726272583 0.23909935355186462 1.0 0.0 0.0
v -0.2630937397480011 0.4234620928764343 -0.041199542582035065 1.0 0.0 0.0
v 0.8809459805488586 0.25860607624053955 -0.376875638961792 1.0 0.0 0.0
v 0.5269338488578796 0.07843272387981415 -0.055882975459098816 1.0 0.0 0.0
v 0.31449389457702637 -0.03224863111972809 0.13914716243743896 1.0 0.0 0.0
v 0.5037961006164551 -0.16671530902385712 0.18427027761936188 1.0 0.0 0.0
v 0.5400385856628418 -0.10956454277038574 0.1150578111410141 1.0 0.0 0.0
v 0.5989071130752563 0.14655674993991852 -0.1507205069065094 1.0 0.0 0.0
v 0.5753914713859558 -0.2558155953884125 0.23725342750549316 1.0 0.0 0.0
v -0.4975767433643341 0.8126709461212158 -0.30619508028030396 1.0 0.0 0.0
v 0.44180747866630554 -0.13816861808300018 0.18403774499893188 1.0 0.0 0.0
v 0.3080149292945862 -0.03890867531299591 0.14817984402179718 1.0 0.0 0.0
v 0.08258076757192612 -0.06313973665237427 0.26759061217308044 1.0 0.0 0.0
v -0.3444702923297882 0.45564958453178406 -0.03653888776898384 1.0 0.0 0.0
v 0.8084690570831299 0.10822761803865433 -0.2045721560716629 1.0 0.0 0.0
v 0.39226531982421875 -0.12098324298858643 0.18913893401622772 1.0 0.0 0.0
v 0.5891576409339905 -0.09929633885622025 0.08435472100973129 1.0 0.0 0.0
v 0.29026877880096436 -0.15672582387924194 0.26643750071525574 1.0 0.0 0.0
v 0.5069828629493713 -0.02777058817446232 0.05241275206208229 1.0 0.0 0.0
v 0.39388400316238403 -0.09750109910964966 0.16639146208763123 1.0 0.0 0.0
v 0.10940566658973694 -0.04486028477549553 0.23892222344875336 1.0 0.0 0.0
v -0.6454060673713684 0.569101870059967 -0.014063708484172821 1.0 0.0 0.0
v 0.5525844097137451 0.06483367085456848 -0.0541088804602623 1.0 0.0 0.0
v -0.5434766411781311 0.242013081908226 0.24942293763160706 1.0 0.0 0.0
v 0.8402270674705505 -0.0843663141131401 -0.03731187433004379 1.0 0.0 0.0
v 0.5373944640159607 0.1076660007238388 -0.08782261610031128 1.0 0.0 0.0
v 0.6731261610984802 0.19486095011234283 -0.2279069423675537 1.0 0.0 0.0
v -0.4113948345184326 0.3132738769054413 0.12586818635463715 1.0 0.0 0.0
v 0.6908465027809143 0.16132302582263947 -0.20400702953338623 1.0 0.0 0.0
v -0.21383625268936157 0.4241684675216675 -0.06298188120126724 1.0 0.0 0.0
v 0.6910200715065002 -0.04161997139453888 -0.013485639356076717 1.0 0.0 0.0
v -0.4301975667476654 0.8220630884170532 -0.3439043164253235 1.0 0.0 0.0
v 0.3349089026451111 -0.01183534599840641 0.11122298985719681 1.0 0.0 0.0
v -0.1357467770576477 0.10322079807519913 0.20495857298374176 1.0 0.0 0.0
v 0.8366967439651489 0.2453581690788269 -0.3454620838165283 1.0 0.0 0.0
v -0.6892597079277039 0.28163692355155945 0.2747137248516083 1.0 0.0 0.0
v -0.09642703086137772 0.22921843826770782 0.06976853311061859 1.0 0.0 0.0
v 0.5976606607437134 -0.2978319525718689 0.2671656608581543 1.0 0.0 0.0
v -0.34466782212257385 0.4919002950191498 -0.07049936801195145 1.0 0.0 0.0
v -0.48282432556152344 0.6172861456871033 -0.12902267277240753 1.0 0.0 0.0
v 0.8428061604499817 -0.002612052019685507 -0.11519794166088104 1.0 0.0 0.0
v -0.7536172270774841 0.3622989058494568 0.22655227780342102 1.0 0.0 0.0
v -0.6605353355407715 0.34106558561325073 0.20658530294895172 1.0 0.0 0.0
v -0.47453776001930237 0.48018622398376465 -0.003816814860329032 1.0 0.0 0.0
v -0.23148441314697266 0.5371436476707458 -0.16151702404022217 1.0 0.0 0.0
v -0.21142283082008362 0.27708899974823 0.07411440461874008 1.0 0.0 0.0
v -0.4266466200351715 0.28746163845062256 0.1566491276025772 1.0 0.0 0.0
v 0.7357848286628723 -0.060842398554086685 -0.014625431969761848 1.0 0.0 0.0
v 0.5038545727729797 0.03888475149869919 -0.008845987729728222 1.0 0.0 0.0
v 0.694781482219696 -0.29743701219558716 0.22515460848808289 1.0 0.0 0.0
v 0.12052664160728455 0.002607795875519514 0.18957406282424927 1.0 0.0 0.0
v -0.2594009339809418 0.6584689617156982 -0.2634917199611664 1.0 0.0 0.0
v 0.6686561107635498 -0.0778660997748375 0.030143694952130318 1.0 0.0 0.0
v -0.5411525964736938 0.21049995720386505 0.2780223786830902 1.0 0.0 0.0
v 0.34445592761039734 0.044998425990343094 0.05375378578901291 1.0 0.0 0.0
v -0.41716012358665466 0.4914841949939728 -0.03902784734964371 1.0 0.0 0.0
v -0.4023180902004242 0.6643936634063721 -0.20778080821037292 1.0 0.0 0.0
v 0.4874344766139984 -0.08246873319149017 0.11216431111097336 1.0 0.0 0.0
v 0.7140071392059326 -0.27097269892692566 0.19205747544765472 1.0 0.0 0.0
v 0.8757355809211731 0.04278033599257469 -0.17194697260856628 1.0 0.0 0.0
v -0.3207317888736725 0.7934775948524475 -0.36399099230766296 1.0 0.0 0.0
v 0.823948085308075 0.07702363282442093 -0.1819031983613968 1.0 0.0 0.0
v -0.6898307800292969 0.2895837128162384 0.2674952447414398 1.0 0.0 0.0
v -0.3793402314186096 0.5850047469139099 -0.1430736482143402 1.0 0.0 0.0
v -0.18437200784683228 0.09470147639513016 0.23380742967128754 1.0 0.0 0.0
v -0.4824962019920349 0.7036124467849731 -0.210237517952919 1.0 0.0 0.0
v 0.16673627495765686 0.011029016226530075 0.16185301542282104 1.0 0.0 0.0
v 0.6504628658294678 -0.18043425679206848 0.13427183032035828 1.0 0.0 0.0
v -0.19339020550251007 0.18033410608768463 0.1572512686252594 1.0 0.0 0.0
v -0.5403364300727844 0.2899410128593445 0.20306463539600372 1.0 0.0 0.0
v 0.1612204909324646 -0.0018161643529310822 0.17628155648708344 1.0 0.0 0.0
v -0.3779347836971283 0.16739408671855927 0.2485266923904419 1.0 0.0 0.0
v -0.3143296539783478 0.5063371658325195 -0.0970652624964714 1.0 0.0 0.0
v 0.5976316332817078 -0.07250490039587021 0.05556011572480202 1.0 0.0 0.0
v 0.2900064289569855 -0.04656634107232094 0.16309267282485962 1.0 0.0 0.0
v 0.7215616106987 0.18606659770011902 -0.24041417241096497 1.0 0.0 0.0
v 0.85618656873703 0.027872437611222267 -0.14956451952457428 1.0 0.0 0.0
v 0.38240206241607666 -0.19456738233566284 0.26247498393058777 1.0 0.0 0.0
v -0.12215232849121094 0.22318367660045624 0.0864657461643219 1.0 0.0 0.0
v 0.8307659029960632 -0.11063004285097122 -0.00858963280916214 1.0 0.0 0.0
v 0.7404263019561768 0.1267191618680954 -0.19276562333106995 1.0 0.0 0.0
v 0.2938438951969147 0.05059199407696724 0.07020022720098495 1.0 0.0 0.0
v -0.23852649331092834 0.18813465535640717 0.16927729547023773 1.0 0.0 0.0
v 0.22314247488975525 0.02893008664250374 0.12085714191198349 1.0 0.0 0.0
v -0.09194395691156387 0.15500617027282715 0.13754358887672424 1.0 0.0 0.0
v -0.17048855125904083 0.2693853974342346 0.0637989267706871 1.0 0.0 0.0
v -0.4367591440677643 0.6008419394493103 -0.13332916796207428 1.0 0.0 0.0
v -0.648912250995636 0.30306434631347656 0.237291157245636 1.0 0.0 0.0
v 0.4370568096637726 0.05524339899420738 0.0044298903085291386 1.0 0.0 0.0
v -0.4987824559211731 0.8028895854949951 -0.2964918613433838 1.0 0.0 0.0
v -0.383897602558136 0.36986371874809265 0.06093199923634529 1.0 0.0 0.0
v 0.06947773694992065 -0.012800084426999092 0.22593152523040771 1.0 0.0 0.0
v 0.557706892490387 0.13028860092163086 -0.11777772009372711 1.0 0.0 0.0
v -0.2480090707540512 0.5815842747688293 -0.19616897404193878 1.0 0.0 0.0
v 0.5576828122138977 -0.025557532906532288 0.028596945106983185 1.0 0.0 0.0
v -0.1435815393924713 0.2320665568113327 0.08731099218130112 1.0 0.0 0.0
v -0.45048901438713074 0.3608670234680176 0.0979321151971817 1.0 0.0 0.0
v -0.6290529370307922 0.3898056149482727 0.1473127007484436 1.0 0.0 0.0
v -0.047587450593709946 0.09690701961517334 0.17309027910232544 1.0 0.0 0.0
v 0.5450085997581482 0.0002527692122384906 0.009790968149900436 1.0 0.0 0.0
v -0.6952664852142334 0.30199941992759705 0.25816547870635986 1.0 0.0 0.0
v -0.5272498726844788 0.37029287219047546 0.1219906136393547 1.0 0.0 0.0
v -0.40360918641090393 0.6448171734809875 -0.1888418346643448 1.0 0.0 0.0
v -0.26802170276641846 0.20398341119289398 0.1670387238264084 1.0 0.0 0.0
v 0.8210960030555725 -0.028456198051571846 -0.08161801844835281 1.0 0.0 0.0
v -0.27994412183761597 0.19602014124393463 0.17962920665740967 1.0 0.0 0.0
v 0.05906897783279419 -0.024152791127562523 0.24105623364448547 1.0 0.0 0.0
v 0.5210579037666321 -0.2567426860332489 0.261419415473938 1.0 0.0 0.0
v 0.4931923747062683 -0.22459793090820312 0.243177592754364 1.0 0.0 0.0
v 0.6118414402008057 -0.18261323869228363 0.15287698805332184 1.0 0.0 0.0
v 0.36533430218696594 -0.09618563205003738 0.17739658057689667 1.0 0.0 0.0
v 0.34358149766921997 0.06700394302606583 0.033462002873420715 1.0 0.0 0.0
v -0.3835032880306244 0.5675665140151978 -0.12491148710250854 1.0 0.0 0.0
v 0.8613401055335999 0.04568527638912201 -0.16850316524505615 1.0 0.0 0.0
v 0.33264103531837463 -0.1364840269088745 0.22926029562950134 1.0 0.0 0.0
v 0.48307931423187256 -0.08216269314289093 0.11374414712190628 1.0 0.0 0.0
v -0.41399168968200684 0.42718979716300964 0.019996391609311104 1.0 0.0 0.0
v 0.5942315459251404 0.1036117896437645 -0.10838373005390167 1.0 0.0 0.0
v -0.0071650012396276 -0.028216052800416946 0.27326980233192444 1.0 0.0 0.0
v 0.5604778528213501 -0.24770407378673553 0.23602958023548126 1.0 0.0 0.0
v -0.4157845377922058 0.7116819024085999 -0.2464183270931244 1.0 0.0 0.0
v -0.34138593077659607 0.23203399777412415 0.17214936017990112 1.0 0.0 0.0
v 0.5740988850593567 0.004104344639927149 -0.006298596505075693 1.0 0.0 0.0
v -0.3211405277252197 0.7067374587059021 -0.28235292434692383 1.0 0.0 0.0
v 0.34937620162963867 0.07739564031362534 0.021218087524175644 1.0 0.0 0.0
v 0.5676355361938477 -0.08147106319665909 0.07684145867824554 1.0 0.0 0.0
v 0.662962019443512 0.1943797469139099 -0.22309720516204834 1.0 0.0 0.0
v 0.6162520051002502 0.12402244657278061 -0.13699378073215485 1.0 0.0 0.0
v 0.5749112367630005 -0.06228303909301758 0.05570143833756447 1.0 0.0 0.0
v -0.08096817135810852 0.061564963310956955 0.22059392929077148 1.0 0.0 0.0
v -0.47939634323120117 0.7527514696121216 -0.25771594047546387 1.0 0.0 0.0
v 0.2654868960380554 -0.011575417593121529 0.14074327051639557 1.0 0.0 0.0
v -0.18441089987754822 0.2612028419971466 0.07745280861854553 1.0 0.0 0.0
v -0.08038036525249481 0.07424206286668777 0.20843610167503357 1.0 0.0 0.0
v -0.30097296833992004 0.6972286701202393 -0.2820694148540497 1.0 0.0 0.0
v -0.5798143148422241 0.4220319092273712 0.09593623876571655 1.0 0.0 0.0
v -0.5306105017662048 0.27136144042015076 0.21634387969970703 1.0 0.0 0.0
v -0.2830561697483063 0.7115986943244934 -0.3032468855381012 1.0 0.0 0.0
v 0.3011307120323181 -0.10109666734933853 0.2095358520746231 1.0 0.0 0.0
v -0.40199169516563416 0.6792641282081604 -0.2218865156173706 1.0 0.0 0.0
v 0.4928036332130432 -0.13358229398727417 0.15786607563495636 1.0 0.0 0.0
v -0.29758694767951965 0.5526971220970154 -0.14778301119804382 1.0 0.0 0.0
v 0.8847037553787231 0.16641320288181305 -0.29190298914909363 1.0 0.0 0.0
v -0.43367135524749756 0.4384115934371948 0.017894916236400604 1.0 0.0 0.0
v -0.3215371370315552 0.623239278793335 -0.20376478135585785 1.0 0.0 0.0
v -0.49481093883514404 0.717217743396759 -0.2177351415157318 1.0 0.0 0.0
v 0.9036413431167603 0.2071746587753296 -0.33830389380455017 1.0 0.0 0.0
v 0.776869535446167 0.22843249142169952 -0.30391550064086914 1.0 0.0 0.0
v 0.4347655475139618 -0.1199849471449852 0.16997958719730377 1.0 0.0 0.0
v 0.6279668211936951 -0.15205778181552887 0.11726685613393784 1.0 0.0 0.0
v -0.42396995425224304 0.40723177790641785 0.04301828518509865 1.0 0.0 0.0
v -0.5754190683364868 0.41809287667274475 0.09775114804506302 1.0 0.0 0.0
v 0.811440646648407 -0.1542770266532898 0.04068746045231819 1.0 0.0 0.0
v 0.3321729898452759 -0.03254132717847824 0.1318422108888626 1.0 0.0 0.0
v -0.14808280766010284 0.034189317375421524 0.2750791311264038 1.0 0.0 0.0
v -0.6520139575004578 0.5474826097488403 0.009073327295482159 1.0 0.0 0.0
v -0.3626325726509094 0.7426419258117676 -0.2982834279537201 1.0 0.0 0.0
v -0.6984304189682007 0.43335649371147156 0.13615675270557404 1.0 0.0 0.0
v -0.5691079497337341 0.4887870252132416 0.028652219101786613 1.0 0.0 0.0
v 0.560457170009613 0.09731020033359528 -0.08798491209745407 1.0 0.0 0.0
v -0.19107654690742493 0.2858889400959015 0.0571264810860157 1.0 0.0 0.0
v -0.40426087379455566 0.5302358865737915 -0.08095235377550125 1.0 0.0 0.0
v 0.7212378978729248 0.14300358295440674 -0.19983235001564026 1.0 0.0 0.0
v -0.29136812686920166 0.42800384759902954 -0.03334246948361397 1.0 0.0 0.0
v -0.6268473863601685 0.282009482383728 0.24760480225086212 1.0 0.0 0.0
v 0.5452561974525452 -0.2758435904979706 0.26898327469825745 1.0 0.0 0.0
v -0.5482690930366516 0.7834527492523193 -0.2570204436779022 1.0 0.0 0.0
v -0.42507708072662354 0.4990476965904236 -0.04273681715130806 1.0 0.0 0.0
v 0.6982060670852661 0.07448559254407883 -0.12560823559761047 1.0 0.0 0.0
v -0.3772178292274475 0.392460435628891 0.036846160888671875 1.0 0.0 0.0
v -0.5285866260528564 0.5463023781776428 -0.0427371971309185 1.0 0.0 0.0
v -0.5525103807449341 0.2311728298664093 0.2634768486022949 1.0 0.0 0.0
v 0.1782204508781433 0.019251633435487747 0.14920687675476074 1.0 0.0 0.0
v -0.5451072454452515 0.3469153344631195 0.1516021341085434 1.0 0.0 0.0
v 0.7291829586029053 -0.33326488733291626 0.2440531998872757 1.0 0.0 0.0
v 0.853115975856781 0.09293507039546967 -0.20935219526290894 1.0 0.0 0.0
v -0.6932653784751892 0.29226812720298767 0.2664467394351959 1.0 0.0 0.0
v 0.3695106506347656 -0.15200985968112946 0.22803382575511932 1.0 0.0 0.0
v 0.6632078289985657 -0.2485956847667694 0.1928219050168991 1.0 0.0 0.0
v 0.542842447757721 0.10106713324785233 -0.08396104723215103 1.0 0.0 0.0
v -0.5222362279891968 0.6491988301277161 -0.14209604263305664 1.0 0.0 0.0
v 0.7982771992683411 -0.12090186774730682 0.014986660331487656 1.0 0.0 0.0
v -0.4476747214794159 0.7259089350700378 -0.24610702693462372 1.0 0.0 0.0
v -0.24690555036067963 0.5426105856895447 -0.16003957390785217 1.0 0.0 0.0
v -0.45350217819213867 0.4640015959739685 0.0023641956504434347 1.0 0.0 0.0
v -0.40233203768730164 0.6112709641456604 -0.15788418054580688 1.0 0.0 0.0
v -0.16720283031463623 0.2730211615562439 0.058975622057914734 1.0 0.0 0.0
v -0.4030296504497528 0.5401337146759033 -0.09077588468790054 1.0 0.0 0.0
v 0.5771090984344482 -0.238725483417511 0.22046667337417603 1.0 0.0 0.0
v 0.7499052286148071 0.11685739457607269 -0.18756788969039917 1.0 0.0 0.0
v 0.7033179402351379 -0.08099932968616486 0.018225185573101044 1.0 0.0 0.0
v 0.4017066955566406 0.08985476940870285 -0.012919491156935692 1.0 0.0 0.0
v -0.36625367403030396 0.42867499589920044 -0.001865917001850903 1.0 0.0 0.0
v -0.3848041296005249 0.5601614713668823 -0.11739926040172577 1.0 0.0 0.0
v 0.816737711429596 0.11034893989562988 -0.21010956168174744 1.0 0.0 0.0
v -0.18939268589019775 0.4330144226551056 -0.08176972717046738 1.0 0.0 0.0
v 0.47204917669296265 -0.02942749485373497 0.06894652545452118 1.0 0.0 0.0
v 0.7065415382385254 0.01749643310904503 -0.07566012442111969 1.0 0.0 0.0
v -0.29192131757736206 0.610060453414917 -0.20408543944358826 1.0 0.0 0.0
v -0.4016321003437042 0.17636898159980774 0.2502579689025879 1.0 0.0 0.0
v -0.22311700880527496 0.10345780104398727 0.24219560623168945 1.0 0.0 0.0
v -0.22909395396709442 0.1536170095205307 0.1976507008075714 1.0 0.0 0.0
v 0.5245406627655029 -0.19751738011837006 0.20430420339107513 1.0 0.0 0.0
v 0.8493859767913818 0.18727757036685944 -0.29635560512542725 1.0 0.0 0.0
v 0.7637187242507935 0.1442480832338333 -0.21921458840370178 1.0 0.0 0.0
v -0.4675281345844269 0.5687573552131653 -0.090004563331604 1.0 0.0 0.0
v 0.03736526891589165 -0.03934219852089882 0.2646268904209137 1.0 0.0 0.0
v 0.766038715839386 -0.2359701693058014 0.13687624037265778 1.0 0.0 0.0
v 0.11577469855546951 -0.08031316101551056 0.2694874107837677 1.0 0.0 0.0
v 0.38514459133148193 0.031254567205905914 0.04921635985374451 1.0 0.0 0.0
v -0.2913946509361267 0.5842873454093933 -0.18010617792606354 1.0 0.0 0.0
v -0.18963204324245453 0.094798244535923 0.23597176373004913 1.0 0.0 0.0
v -0.10486365109682083 0.06210760027170181 0.23032939434051514 1.0 0.0 0.0
v 0.537335991859436 -0.06436146050691605 0.07376362383365631 1.0 0.0 0.0
v 0.6113528609275818 -0.21505692601203918 0.18355627357959747 1.0 0.0 0.0
v -0.5335963368415833 0.8286548852920532 -0.3057633340358734 1.0 0.0 0.0
v -0.6437135338783264 0.25625211000442505 0.2790263593196869 1.0 0.0 0.0
v 0.7239233255386353 -0.2624860405921936 0.17983564734458923 1.0 0.0 0.0
v -0.08642187714576721 0.1382683366537094 0.15089550614356995 1.0 0.0 0.0
v 0.502765417098999 0.05867379903793335 -0.026964096352458 1.0 0.0 0.0
v -0.45622074604034424 0.3167649805545807 0.1418084055185318 1.0 0.0 0.0
v 0.21462014317512512 -0.0757109746336937 0.22278568148612976 1.0 0.0 0.0
v 0.69021075963974 -0.16338802874088287 0.10122095793485641 1.0 0.0 0.0
v -0.1132652536034584 0.04677353426814079 0.248332679271698 1.0 0.0 0.0
v 0.2883625030517578 0.02801557630300522 0.09375319629907608 1.0 0.0 0.0
v 0.4416700005531311 -0.084175243973732 0.13338832557201385 1.0 0.0 0.0
v -0.37723734974861145 0.22862981259822845 0.19071757793426514 1.0 0.0 0.0
v -0.04326363280415535 0.07213956862688065 0.1944970339536667 1.0 0.0 0.0
v -0.22946485877037048 0.5926899909973145 -0.21454975008964539 1.0 0.0 0.0
v 0.7029285430908203 -0.26789283752441406 0.19391492009162903 1.0 0.0 0.0
v 0.6142266392707825 0.026458092033863068 -0.04449694603681564 1.0 0.0 0.0
v 0.6777297854423523 -0.0807967409491539 0.02900572307407856 1.0 0.0 0.0
v 0.1964593529701233 -0.10909918695688248 0.26192888617515564 1.0 0.0 0.0
v 0.6915489435195923 -0.13085447251796722 0.07009302079677582 1.0 0.0 0.0
v -0.4292348623275757 0.8224115967750549 -0.34464436769485474 1.0 0.0 0.0
v -0.476866215467453 0.8418347239494324 -0.3424640893936157 1.0 0.0 0.0
v -0.32777121663093567 0.5378289222717285 -0.12087800353765488 1.0 0.0 0.0
v -0.6330424547195435 0.25899186730384827 0.27187812328338623 1.0 0.0 0.0
v 0.8346745371818542 0.1468212902545929 -0.25205323100090027 1.0 0.0 0.0
v -0.1489153802394867 0.20258194208145142 0.11728861182928085 1.0 0.0 0.0
v -0.13524380326271057 0.094643235206604 0.212798610329628 1.0 0.0 0.0
v 0.4704669415950775 0.10572005808353424 -0.05730019137263298 1.0 0.0 0.0
v -0.3409680128097534 0.40061309933662415 0.013647554442286491 1.0 0.0 0.0
v -0.7276824712753296 0.34236085414886475 0.23415787518024445 1.0 0.0 0.0
v 0.3422057032585144 0.027126334607601166 0.07150329649448395 1.0 0.0 0.0
v -0.2969168424606323 0.5068466663360596 -0.10500942170619965 1.0 0.0 0.0
v 0.4794711172580719 -0.0029867130797356367 0.04093229025602341 1.0 0.0 0.0
v 0.11092238873243332 -0.048060785979032516 0.24127770960330963 1.0 0.0 0.0
v -0.48042136430740356 0.3333892524242401 0.13657146692276 1.0 0.0 0.0
v -0.4343410134315491 0.7862842082977295 -0.3085257411003113 1.0 0.0 0.0
v -0.15576611459255219 0.1101251095533371 0.20705752074718475 1.0 0.0 0.0
v 0.5698361396789551 0.025765864178538322 -0.024814588949084282 1.0 0.0 0.0
v 0.6717368960380554 -0.19207502901554108 0.1360832005739212 1.0 0.0 0.0
v -0.5323520302772522 0.6963801980018616 -0.182069793343544 1.0 0.0 0.0
v 0.64714115858078 0.0610431544482708 -0.09108976274728775 1.0 0.0 0.0
v -0.6859208345413208 0.5205764174461365 0.04887994006276131 1.0 0.0 0.0
v -0.2642843425273895 0.16330263018608093 0.2036420851945877 1.0 0.0 0.0
v 0.5503895878791809 -0.13488022983074188 0.1343953162431717 1.0 0.0 0.0
v 0.22905795276165009 -0.03466837480664253 0.1780499815940857 1.0 0.0 0.0
v -0.738868772983551 0.4008588492870331 0.18401502072811127 1.0 0.0 0.0
v -0.07680045813322067 0.07171032577753067 0.20927894115447998 1.0 0.0 0.0
v -0.19104455411434174 0.1961125135421753 0.141427144408226 1.0 0.0 0.0
v 0.8003794550895691 0.1455773562192917 -0.2361811250448227 1.0 0.0 0.0
v 0.4473729431629181 0.019079025834798813 0.033970996737480164 1.0 0.0 0.0
v 0.5231322646141052 0.09870216995477676 -0.07328931242227554 1.0 0.0 0.0
v 0.8736440539360046 0.07053246349096298 -0.19711391627788544 1.0 0.0 0.0
v 0.6336687803268433 0.15677545964717865 -0.17522142827510834 1.0 0.0 0.0
v -0.5926690101623535 0.3419821858406067 0.1766270399093628 1.0 0.0 0.0
v 0.5134513974189758 0.10997850447893143 -0.07972894608974457 1.0 0.0 0.0
v -0.6512503623962402 0.44647783041000366 0.1036054939031601 1.0 0.0 0.0
v 0.6515435576438904 -0.24568058550357819 0.19508516788482666 1.0 0.0 0.0
v 0.6527948379516602 0.13878147304058075 -0.16652242839336395 1.0 0.0 0.0
v -0.5171933174133301 0.652947723865509 -0.14777898788452148 1.0 0.0 0.0
v -0.5152609348297119 0.8431252837181091 -0.32721447944641113 1.0 0.0 0.0
v 0.6277619004249573 -0.005115162115544081 -0.0206478089094162 1.0 0.0 0.0
v -0.30913516879081726 0.5359252691268921 -0.1270803064107895 1.0 0.0 0.0
v -0.6040503978729248 0.24955636262893677 0.2683093249797821 1.0 0.0 0.0
v -0.39972132444381714 0.7550287842750549 -0.29401499032974243 1.0 0.0 0.0
v -0.3862782418727875 0.22876891493797302 0.19446319341659546 1.0 0.0 0.0
v -0.06430873274803162 0.1432686150074005 0.1367185413837433 1.0 0.0 0.0
v 0.39504140615463257 -0.20482279360294342 0.26668739318847656 1.0 0.0 0.0
v -0.6494973301887512 0.5443264245986938 0.010958466678857803 1.0 0.0 0.0
v 0.7908303141593933 -0.1510266363620758 0.04647141322493553 1.0 0.0 0.0
v 0.5059202313423157 -0.1719411462545395 0.18826746940612793 1.0 0.0 0.0
v -0.46756571531295776 0.6034637093544006 -0.12258325517177582 1.0 0.0 0.0
v -0.5586779117584229 0.3732037842273712 0.13273148238658905 1.0 0.0 0.0
v 0.39505133032798767 0.11217424273490906 -0.031027577817440033 1.0 0.0 0.0
v -0.112223319709301 0.03732704371213913 0.2567577064037323 1.0 0.0 0.0
v 0.22119979560375214 -0.13711769878864288 0.277635395526886 1.0 0.0 0.0
v 0.5861676931381226 -0.07213778048753738 0.06013046205043793 1.0 0.0 0.0
v -0.6266729235649109 0.4614022970199585 0.07905157655477524 1.0 0.0 0.0
v -0.4924091696739197 0.6508545875549316 -0.15643933415412903 1.0 0.0 0.0
v -0.42968326807022095 0.19124199450016022 0.24831664562225342 1.0 0.0 0.0
v 0.6846569776535034 -0.03453059121966362 -0.01741556078195572 1.0 0.0 0.0
v 0.7370700836181641 -0.04528665915131569 -0.029785778373479843 1.0 0.0 0.0
v -0.6274101138114929 0.598732590675354 -0.049607373774051666 1.0 0.0 0.0
v -0.660450279712677 0.3122299313545227 0.23363009095191956 1.0 0.0 0.0
v -0.001679614302702248 0.015055492520332336 0.2302791029214859 1.0 0.0 0.0
v -0.5214224457740784 0.631868839263916 -0.126169353723526 1.0 0.0 0.0
v 0.8954004645347595 0.108121357858181 -0.24174383282661438 1.0 0.0 0.0
v -0.5778208374977112 0.6210601925849915 -0.09183776378631592 1.0 0.0 0.0
v -0.3645111918449402 0.649976372718811 -0.21045024693012238 1.0 0.0 0.0
v 0.22900079190731049 -0.03701670467853546 0.1802799552679062 1.0 0.0 0.0
v 0.6960060596466064 -0.17645390331745148 0.11100716888904572 1.0 0.0 0.0
v -0.2738133370876312 0.11632272601127625 0.2518492341041565 1.0 0.0 0.0
v -0.5336335897445679 0.28976741433143616 0.20035386085510254 1.0 0.0 0.0
v 0.29649391770362854 -0.0776866152882576 0.18953809142112732 1.0 0.0 0.0
v 0.7367833852767944 0.10012049973011017 -0.16622336208820343 1.0 0.0 0.0
v -0.6005168557167053 0.5139231085777283 0.018511846661567688 1.0 0.0 0.0
v -0.5832298994064331 0.670121967792511 -0.13559548556804657 1.0 0.0 0.0
v -0.4243398904800415 0.22391831874847412 0.21533742547035217 1.0 0.0 0.0
v 0.7183631658554077 -0.016948027536273003 -0.04837977513670921 1.0 0.0 0.0
v -0.2192387580871582 0.4043513834476471 -0.042054183781147 1.0 0.0 0.0
v -0.3134911358356476 0.3117885887622833 0.08528731763362885 1.0 0.0 0.0
v -0.5545468330383301 0.253477543592453 0.24340230226516724 1.0 0.0 0.0
v -0.609663188457489 0.5380695462226868 -0.00024401320843026042 1.0 0.0 0.0
v -0.47708454728126526 0.4496200382709503 0.02598162367939949 1.0 0.0 0.0
v 0.689852774143219 0.00956176407635212 -0.06105296313762665 1.0 0.0 0.0
v -0.5439782738685608 0.8189057111740112 -0.29215604066848755 1.0 0.0 0.0
v 0.3887963593006134 -0.11970540136098862 0.18942613899707794 1.0 0.0 0.0
v 0.5952948331832886 -0.24864532053470612 0.22198593616485596 1.0 0.0 0.0
v 0.6939232349395752 -0.13099052011966705 0.06920281797647476 1.0 0.0 0.0
v 0.6925711035728455 -0.2631208598613739 0.19387397170066833 1.0 0.0 0.0
v 0.12398290634155273 -0.07958710938692093 0.26528632640838623 1.0 0.0 0.0
v -0.5305712819099426 0.3064061105251312 0.1834145188331604 1.0 0.0 0.0
v -0.6085832715034485 0.3977123498916626 0.13111071288585663 1.0 0.0 0.0
v 0.6930462121963501 -0.1521548479795456 0.0894555002450943 1.0 0.0 0.0
v -0.3842412829399109 0.40168097615242004 0.031197868287563324 1.0 0.0 0.0
v -0.41247498989105225 0.6055659055709839 -0.14817750453948975 1.0 0.0 0.0
v -0.35762086510658264 0.3538762927055359 0.06468068808317184 1.0 0.0 0.0
v -0.3953220248222351 0.6361038088798523 -0.18421168625354767 1.0 0.0 0.0
v 0.5878531336784363 -0.22490176558494568 0.20287755131721497 1.0 0.0 0.0
v 0.36620816588401794 -0.1573343575000763 0.2344503253698349 1.0 0.0 0.0
v -0.438303679227829 0.7269978523254395 -0.25114744901657104 1.0 0.0 0.0
v -0.22866617143154144 0.5803067684173584 -0.20326237380504608 1.0 0.0 0.0
v -0.5906867384910583 0.3536198139190674 0.16484755277633667 1.0 0.0 0.0
v 0.7590848803520203 -0.14527350664138794 0.054679036140441895 1.0 0.0 0.0
v -0.1308620721101761 0.036411818116903305 0.265608549118042 1.0 0.0 0.0
v -0.2913185954093933 0.31936854124069214 0.06866218149662018 1.0 0.0 0.0
v 0.8204852342605591 -0.05180388689041138 -0.05942896753549576 1.0 0.0 0.0
v -0.062257543206214905 0.13473930954933167 0.1438494622707367 1.0 0.0 0.0
v 0.4588928818702698 0.08880660682916641 -0.036453425884246826 1.0 0.0 0.0
v -0.4724290072917938 0.2027478963136673 0.2558378279209137 1.0 0.0 0.0
v 0.18365705013275146 -0.10476817935705185 0.26335030794143677 1.0 0.0 0.0
v 0.548936128616333 -0.04201124981045723 0.04779971018433571 1.0 0.0 0.0
v 0.4751688241958618 -0.0311615988612175 0.06923758238554001 1.0 0.0 0.0
v 0.7115542888641357 0.16254489123821259 -0.21403293311595917 1.0 0.0 0.0
v 0.4931630492210388 -0.22060637176036835 0.23944143950939178 1.0 0.0 0.0
v 0.32816362380981445 -0.0915243998169899 0.18895572423934937 1.0 0.0 0.0
v -0.2155562788248062 0.5215663909912109 -0.15371662378311157 1.0 0.0 0.0
v 0.5836555361747742 0.1162862479686737 -0.11575265973806381 1.0 0.0 0.0
v 0.5396389365196228 0.07849198579788208 -0.061385877430438995 1.0 0.0 0.0
v -0.4866165220737457 0.47945326566696167 0.0020502505358308554 1.0 0.0 0.0
v -0.5284379124641418 0.5769497752189636 -0.07158374786376953 1.0 0.0 0.0
v -0.29080483317375183 0.11265601962804794 0.2625778615474701 1.0 0.0 0.0
v 0.8778598308563232 0.18142369389533997 -0.3030659258365631 1.0 0.0 0.0
v -0.42232516407966614 0.8551105260848999 -0.37831637263298035 1.0 0.0 0.0
v -0.4968806505203247 0.39424288272857666 0.08647710084915161 1.0 0.0 0.0
v 0.4725949168205261 0.08741489797830582 -0.041021086275577545 1.0 0.0 0.0
v 0.269453227519989 0.054048750549554825 0.07741117477416992 1.0 0.0 0.0
v -0.5462963581085205 0.7530820369720459 -0.2293432652950287 1.0 0.0 0.0
v -0.493882954120636 0.29465538263320923 0.1787203550338745 1.0 0.0 0.0
v -0.31424379348754883 0.7602702975273132 -0.33558574318885803 1.0 0.0 0.0
v 0.004412667825818062 0.001959659392014146 0.23996613919734955 1.0 0.0 0.0
v -0.37110498547554016 0.1376633644104004 0.2735203504562378 1.0 0.0 0.0
v -0.3856070637702942 0.14771880209445953 0.2702943980693817 1.0 0.0 0.0
v -0.2939207851886749 0.40786808729171753 -0.013337342068552971 1.0 0.0 0.0
v -0.47440046072006226 0.5592805743217468 -0.07815790176391602 1.0 0.0 0.0
v 0.4650067389011383 -0.14834465086460114 0.18364807963371277 1.0 0.0 0.0
v -0.23953859508037567 0.43291282653808594 -0.060174450278282166 1.0 0.0 0.0
v 0.4609292447566986 0.03738078474998474 0.010970518924295902 1.0 0.0 0.0
v -0.4139944612979889 0.5450671911239624 -0.09070807695388794 1.0 0.0 0.0
v 0.8738537430763245 0.2103012502193451 -0.3284689486026764 1.0 0.0 0.0
v -0.511492908000946 0.5822688341140747 -0.08384426683187485 1.0 0.0 0.0
v -0.2752074897289276 0.248785138130188 0.12804365158081055 1.0 0.0 0.0
v -0.5450444221496582 0.4457165002822876 0.058785174041986465 1.0 0.0 0.0
v -0.08674976974725723 0.14380329847335815 0.14583787322044373 1.0 0.0 0.0
v 0.7811734676361084 0.11442344635725021 -0.19868814945220947 1.0 0.0 0.0
v 0.635462760925293 0.02870810590684414 -0.055714938789606094 1.0 0.0 0.0
v 0.9634153842926025 0.23449969291687012 -0.38959434628486633 1.0 0.0 0.0
v 0.8334025740623474 -0.02982143498957157 -0.08561225235462189 1.0 0.0 0.0
v 0.7095007300376892 0.0369071401655674 -0.09515862166881561 1.0 0.0 0.0
v -0.3927232325077057 0.7038877010345459 -0.24898578226566315 1.0 0.0 0.0
v 0.6740562319755554 0.0377039797604084 -0.0807102844119072 1.0 0.0 0.0
v 0.6973989605903625 -0.189072847366333 0.1222611740231514 1.0 0.0 0.0
v 0.4674910604953766 0.008912700228393078 0.03489324077963829 1.0 0.0 0.0
v 0.04786328226327896 -0.03914477676153183 0.2599404752254486 1.0 0.0 0.0
v 0.9457539916038513 0.23044636845588684 -0.37821537256240845 1.0 0.0 0.0
v 0.6865429878234863 -0.2628030776977539 0.19616004824638367 1.0 0.0 0.0
v 0.7577221393585205 0.13510651886463165 -0.2080582082271576 1.0 0.0 0.0
v 0.6833714842796326 -0.07336109131574631 0.019603613764047623 1.0 0.0 0.0
v -0.5207860469818115 0.4898734390735626 0.006914088036864996 1.0 0.0 0.0
v 0.6105992197990417 -0.12899811565876007 0.10305646061897278 1.0 0.0 0.0
v -0.40002724528312683 0.15472696721553802 0.26989519596099854 1.0 0.0 0.0
v 0.5297448039054871 0.020601218566298485 -0.0027751766610890627 1.0 0.0 0.0
v 0.7059757113456726 -0.2588476836681366 0.18411363661289215 1.0 0.0 0.0
v -0.26154083013534546 0.16811415553092957 0.19794704020023346 1.0 0.0 0.0
v 0.7973229885101318 0.1861998438835144 -0.2730216681957245 1.0 0.0 0.0
v 0.5940641164779663 0.0009546402143314481 -0.011900529265403748 1.0 0.0 0.0
v -0.2659004032611847 0.09596415609121323 0.26757651567459106 1.0 0.0 0.0
v -0.3332212567329407 0.7618215084075928 -0.3289060890674591 1.0 0.0 0.0
v -0.3742545247077942 0.4089566767215729 0.020083056762814522 1.0 0.0 0.0
v -0.14099851250648499 0.3408544063568115 -0.01596558652818203 1.0 0.0 0.0
v 0.6448763608932495 0.17045986652374268 -0.19287845492362976 1.0 0.0 0.0
v -0.6558946967124939 0.4200831353664398 0.13038554787635803 1.0 0.0 0.0
v 0.6127362847328186 -0.2868368327617645 0.250375896692276 1.0 0.0 0.0
v 0.3417903780937195 0.06048133596777916 0.040355704724788666 1.0 0.0 0.0
v 0.1488637626171112 0.014083722606301308 0.16664692759513855 1.0 0.0 0.0
v 0.4840938150882721 -0.21688266098499298 0.23983269929885864 1.0 0.0 0.0
v -0.002627467503771186 -0.036833200603723526 0.2794172465801239 1.0 0.0 0.0
v 0.5204401612281799 -0.04861966148018837 0.06622358411550522 1.0 0.0 0.0
v 0.7607355117797852 0.20743326842784882 -0.27727648615837097 1.0 0.0 0.0
v -0.40647077560424805 0.5903250575065613 -0.13643814623355865 1.0 0.0 0.0
v -0.4209080934524536 0.4062066972255707 0.04266824945807457 1.0 0.0 0.0
v -0.48761314153671265 0.5744925141334534 -0.08677942305803299 1.0 0.0 0.0
v -0.7126575708389282 0.326462984085083 0.24264664947986603 1.0 0.0 0.0
v -0.5320075154304504 0.8802272081375122 -0.35487914085388184 1.0 0.0 0.0
v -0.3421156108379364 0.30546697974205017 0.10349693894386292 1.0 0.0 0.0
v -0.6076654195785522 0.5379460453987122 -0.0009845583699643612 1.0 0.0 0.0
v -0.2191002368927002 0.5021783709526062 -0.13398869335651398 1.0 0.0 0.0
v 0.3977712094783783 0.10919133573770523 -0.029392290860414505 1.0 0.0 0.0
v 0.6953818798065186 -0.15198969841003418 0.08829899877309799 1.0 0.0 0.0
v 0.5575292706489563 0.021145999431610107 -0.0151992691680789 1.0 0.0 0.0
v 0.7074676156044006 0.060134127736091614 -0.11610078066587448 1.0 0.0 0.0
v 0.7546795010566711 -0.1606791466474533 0.07103618234395981 1.0 0.0 0.0
v 0.5374364852905273 0.08719972521066666 -0.06861953437328339 1.0 0.0 0.0
v -0.33041083812713623 0.6693178415298462 -0.24323531985282898 1.0 0.0 0.0
v -0.5403484106063843 0.5847229361534119 -0.07377740740776062 1.0 0.0 0.0
v -0.37371885776519775 0.38311493396759033 0.04412291944026947 1.0 0.0 0.0
v 0.4748265743255615 -0.2330414056777954 0.2589816153049469 1.0 0.0 0.0
v -0.2621305286884308 0.2782949209213257 0.09472257643938065 1.0 0.0 0.0
v -0.18397973477840424 0.2046363800764084 0.13039284944534302 1.0 0.0 0.0
v -0.43585583567619324 0.7860621809959412 -0.3076677918434143 1.0 0.0 0.0
v 0.5377799868583679 0.15163496136665344 -0.12928177416324615 1.0 0.0 0.0
v -0.40615442395210266 0.4366939663887024 0.0077102575451135635 1.0 0.0 0.0
v -0.5664791464805603 0.7262971997261047 -0.19553478062152863 1.0 0.0 0.0
v -0.6194928288459778 0.2716194689273834 0.2542094588279724 1.0 0.0 0.0
v 0.7799541354179382 -0.008131257258355618 -0.08306697010993958 1.0 0.0 0.0
v -0.409833163022995 0.3794223964214325 0.06307464092969894 1.0 0.0 0.0
v 0.8222607374191284 -0.10571129620075226 -0.009562569670379162 1.0 0.0 0.0
v 0.5468531250953674 0.003972138278186321 0.005507063586264849 1.0 0.0 0.0
v 0.6795654892921448 0.20267756283283234 -0.23800882697105408 1.0 0.0 0.0
v 0.5677099227905273 -0.13084806501865387 0.12318244576454163 1.0 0.0 0.0
v -0.21538791060447693 0.42201122641563416 -0.060290638357400894 1.0 0.0 0.0
v 0.5039778351783752 -0.1986456960439682 0.2141800820827484 1.0 0.0 0.0
v -0.45642977952957153 0.5408694744110107 -0.0685717836022377 1.0 0.0 0.0
v -0.5276339054107666 0.565746545791626 -0.06140686944127083 1.0 0.0 0.0
v 0.4682943820953369 0.05645068734884262 -0.010096919722855091 1.0 0.0 0.0
v -0.5702794194221497 0.41710156202316284 0.09647852927446365 1.0 0.0 0.0
v 0.5144004821777344 -0.08512695878744125 0.10309923440217972 1.0 0.0 0.0
v -0.5567650198936462 0.6585063338279724 -0.13603325188159943 1.0 0.0 0.0
v -0.2436848282814026 0.5655072331428528 -0.1829240322113037 1.0 0.0 0.0
v -0.27882081270217896 0.2870345413684845 0.09367057681083679 1.0 0.0 0.0
v 0.4883749186992645 0.05031083524227142 -0.012940069660544395 1.0 0.0 0.0
v -0.2520998418331146 0.40253230929374695 -0.026256738230586052 1.0 0.0 0.0
v -0.6948286294937134 0.3078511357307434 0.25248202681541443 1.0 0.0 0.0
v -0.5727280378341675 0.35631313920021057 0.15461839735507965 1.0 0.0 0.0
v 0.5452913045883179 0.061609573662281036 -0.04795403033494949 1.0 0.0 0.0
v 0.5213584899902344 -0.24990354478359222 0.25486746430397034 1.0 0.0 0.0
v -0.26594942808151245 0.21186897158622742 0.1587444543838501 1.0 0.0 0.0
v 0.16510911285877228 0.006529024802148342 0.1667768657207489 1.0 0.0 0.0
v 0.3795351982116699 -0.13943041861057281 0.21192176640033722 1.0 0.0 0.0
v 0.6382938623428345 -0.3193449378013611 0.26994848251342773 1.0 0.0 0.0
v -0.3246585726737976 0.4535408020019531 -0.043052587658166885 1.0 0.0 0.0
v 0.6911093592643738 -0.008362019434571266 -0.044758446514606476 1.0 0.0 0.0
v -0.11070412397384644 0.07996231317520142 0.21606506407260895 1.0 0.0 0.0
v -0.33994928002357483 0.31683024764060974 0.09189622104167938 1.0 0.0 0.0
v -0.5871807932853699 0.7167267203330994 -0.17767083644866943 1.0 0.0 0.0
v 0.6964075565338135 -0.19182027876377106 0.12526650726795197 1.0 0.0 0.0
v -0.4446223974227905 0.7115732431411743 -0.23395216464996338 1.0 0.0 0.0
v 0.5560470223426819 0.039221856743097305 -0.03153987601399422 1.0 0.0 0.0
v 0.664259672164917 -0.01567946933209896 -0.026374490931630135 1.0 0.0 0.0
v 0.6697161793708801 0.09541765600442886 -0.13305184245109558 1.0 0.0 0.0
v 0.7009929418563843 -0.33291372656822205 0.2558097541332245 1.0 0.0 0.0
v -0.5347023010253906 0.20616453886032104 0.27932849526405334 1.0 0.0 0.0
v -0.6589739322662354 0.316685289144516 0.2288128137588501 1.0 0.0 0.0
v 0.4950685203075409 -0.10943028330802917 0.1342124342918396 1.0 0.0 0.0
v -0.23505698144435883 0.3359336256980896 0.028982965275645256 1.0 0.0 0.0
v 0.6136539578437805 -0.16891607642173767 0.13923607766628265 1.0 0.0 0.0
v -0.24515970051288605 0.4239308536052704 -0.04932893440127373 1.0 0.0 0.0
v 0.6278659105300903 -0.14872168004512787 0.11417699605226517 1.0 0.0 0.0
v 0.37054765224456787 0.05555187538266182 0.03265570104122162 1.0 0.0 0.0
v 0.8683557510375977 0.201080322265625 -0.3174517750740051 1.0 0.0 0.0
v 0.7036547660827637 -0.23463211953639984 0.16236643493175507 1.0 0.0 0.0
v 0.44132721424102783 0.12146331369876862 -0.059592075645923615 1.0 0.0 0.0
v -0.4038686156272888 0.2134764939546585 0.2163669914007187 1.0 0.0 0.0
v 0.5965398550033569 0.10656443983316422 -0.11214642971754074 1.0 0.0 0.0
v -0.40132078528404236 0.31351298093795776 0.12132443487644196 1.0 0.0 0.0
v -0.597541868686676 0.3417295813560486 0.17895351350307465 1.0 0.0 0.0
v -0.2727355659008026 0.6436882615089417 -0.24389313161373138 1.0 0.0 0.0
v -0.38092249631881714 0.3115251958370209 0.11444561183452606 1.0 0.0 0.0
v -0.44777992367744446 0.630338728427887 -0.15630626678466797 1.0 0.0 0.0
v -0.07114280760288239 0.10802744328975677 0.1727456897497177 1.0 0.0 0.0
v 0.1775023639202118 -0.11423414200544357 0.2748791575431824 1.0 0.0 0.0
v -0.4784157872200012 0.5522388219833374 -0.06982303410768509 1.0 0.0 0.0
v 0.43295714259147644 0.11705578863620758 -0.05186407268047333 1.0 0.0 0.0
v 0.1200927197933197 0.012927494011819363 0.1800682693719864 1.0 0.0 0.0
v -0.40305259823799133 0.5234584212303162 -0.07510525733232498 1.0 0.0 0.0
v -0.6028608679771423 0.427534282207489 0.10064972937107086 1.0 0.0 0.0
v 0.7590291500091553 -0.2356952577829361 0.13962335884571075 1.0 0.0 0.0
v -0.12403763085603714 0.13835737109184265 0.16693948209285736 1.0 0.0 0.0
v 0.8338871598243713 0.21383580565452576 -0.3146529495716095 1.0 0.0 0.0
v -0.22680361568927765 0.08579413592815399 0.26036521792411804 1.0 0.0 0.0
v -0.20093095302581787 0.24898825585842133 0.09600713849067688 1.0 0.0 0.0
v -0.3659045398235321 0.5476545095443726 -0.11375634372234344 1.0 0.0 0.0
v -0.4416193962097168 0.7376144528388977 -0.2596965432167053 1.0 0.0 0.0
v 0.7088548541069031 -0.24078023433685303 0.1659109890460968 1.0 0.0 0.0
v -0.4642074406147003 0.3463548421859741 0.11744306981563568 1.0 0.0 0.0
v 0.6711248159408569 -0.2451861947774887 0.18622547388076782 1.0 0.0 0.0
v -0.44050708413124084 0.33635377883911133 0.11667423695325851 1.0 0.0 0.0
v -0.3641810715198517 0.44614920020103455 -0.019165614619851112 1.0 0.0 0.0
v -0.3589036762714386 0.6425158977508545 -0.2058478742837906 1.0 0.0 0.0
v 0.23906126618385315 -0.0027877893298864365 0.1438201665878296 1.0 0.0 0.0
v 0.7259301543235779 -0.15520745515823364 0.0782235637307167 1.0 0.0 0.0
v -0.4810754060745239 0.371428906917572 0.10112660378217697 1.0 0.0 0.0
v 0.5610231757164001 0.03311272710561752 -0.02793593890964985 1.0 0.0 0.0
v 0.39262208342552185 -0.029928188771009445 0.10347077995538712 1.0 0.0 0.0
v -0.43329373002052307 0.19815051555633545 0.24337643384933472 1.0 0.0 0.0
v 0.5330819487571716 0.15730634331703186 -0.13259384036064148 1.0 0.0 0.0
v -0.2805030047893524 0.5342504978179932 -0.13778337836265564 1.0 0.0 0.0
v 0.30956944823265076 0.08270391821861267 0.0332997590303421 1.0 0.0 0.0
v 0.8235974907875061 -0.05499310791492462 -0.05776813626289368 1.0 0.0 0.0
v 0.4068993031978607 -0.00962657667696476 0.07828303426504135 1.0 0.0 0.0
v -0.33634454011917114 0.7304591536521912 -0.2981127202510834 1.0 0.0 0.0
v 0.6378160715103149 -0.11102721840143204 0.07450979948043823 1.0 0.0 0.0
v 0.8569186329841614 0.17670045793056488 -0.2896516025066376 1.0 0.0 0.0
v 0.4494340717792511 0.01170498039573431 0.040012702345848083 1.0 0.0 0.0
v 0.874150812625885 0.127444326877594 -0.25078046321868896 1.0 0.0 0.0
v -0.6787388324737549 0.4556426405906677 0.10678385198116302 1.0 0.0 0.0
v -0.32734447717666626 0.7007181644439697 -0.27403995394706726 1.0 0.0 0.0
v 0.6271155476570129 0.11763036251068115 -0.13564829528331757 1.0 0.0 0.0
v -0.3872619867324829 0.8229304552078247 -0.36312735080718994 1.0 0.0 0.0
v 0.3727499544620514 0.05197839438915253 0.035067543387413025 1.0 0.0 0.0
v 0.41648566722869873 0.09397905319929123 -0.02312927320599556 1.0 0.0 0.0
v -0.6784222722053528 0.47318342328071594 0.09017454087734222 1.0 0.0 0.0
v -0.6307925581932068 0.5997329354286194 -0.049096640199422836 1.0 0.0 0.0
v -0.6101619601249695 0.37993207573890686 0.14848609268665314 1.0 0.0 0.0
v -0.44200897216796875 0.6655762195587158 -0.19187414646148682 1.0 0.0 0.0
v -0.080452099442482 0.14834631979465485 0.13887114822864532 1.0 0.0 0.0
v -0.4351811408996582 0.39050617814064026 0.06353304535150528 1.0 0.0 0.0
v -0.6201745271682739 0.5808823704719543 -0.03594541177153587 1.0 0.0 0.0
v 0.797920823097229 0.16639475524425507 -0.25467783212661743 1.0 0.0 0.0
v -0.5571233034133911 0.34210094809532166 0.1612754464149475 1.0 0.0 0.0
v -0.6449512243270874 0.554583728313446 -0.0006238703499548137 1.0 0.0 0.0
v 0.3309461176395416 -0.12698985636234283 0.22107045352458954 1.0 0.0 0.0
v -0.6608052253723145 0.40357816219329834 0.14799171686172485 1.0 0.0 0.0
v -0.1688799262046814 0.3335021138191223 0.0028934211004525423 1.0 0.0 0.0
v -0.5405810475349426 0.7547820210456848 -0.2333902269601822 1.0 0.0 0.0
v 0.3677583634853363 -0.1874580681324005 0.26207664608955383 1.0 0.0 0.0
v -0.5523716807365417 0.6961209177970886 -0.1732429414987564 1.0 0.0 0.0
v -0.15941189229488373 0.41534101963043213 -0.07802573591470718 1.0 0.0 0.0
v 0.5053214430809021 0.10657255351543427 -0.0730445459485054 1.0 0.0 0.0
v 0.34518614411354065 -0.1015576496720314 0.1910802125930786 1.0 0.0 0.0
v -0.5633926391601562 0.7433932423591614 -0.21291397511959076 1.0 0.0 0.0
v -0.550072431564331 0.5168987512588501 -0.005910536739975214 1.0 0.0 0.0
v 0.7745473980903625 0.22494447231292725 -0.2996441125869751 1.0 0.0 0.0
v -0.11623556911945343 0.08246879279613495 0.21608266234397888 1.0 0.0 0.0
v -0.5729688405990601 0.6519922018051147 -0.12296811491250992 1.0 0.0 0.0
v 0.7760056257247925 -0.20835140347480774 0.10666453093290329 1.0 0.0 0.0
v 0.6451238393783569 -0.11943776160478592 0.0792754739522934 1.0 0.0 0.0
v -0.5090835094451904 0.5615857243537903 -0.06545259058475494 1.0 0.0 0.0
v 0.2826344072818756 -0.08426890522241592 0.2016621083021164 1.0 0.0 0.0
v -0.4636099934577942 0.17932023108005524 0.2740590274333954 1.0 0.0 0.0
v -0.68692547082901 0.34174126386642456 0.21726536750793457 1.0 0.0 0.0
v -0.23061233758926392 0.23935885727405548 0.11777644604444504 1.0 0.0 0.0
v -0.36991485953330994 0.6407758593559265 -0.19949272274971008 1.0 0.0 0.0
v 0.2939315736293793 -0.01841927319765091 0.13497520983219147 1.0 0.0 0.0
v 0.5557523369789124 -0.22546003758907318 0.21716491878032684 1.0 0.0 0.0
v -0.5221511125564575 0.5302923917770386 -0.030460475012660027 1.0 0.0 0.0
v -0.34777989983558655 0.14772304892539978 0.2540721595287323 1.0 0.0 0.0
v 0.6057835817337036 -0.119364894926548 0.09607400000095367 1.0 0.0 0.0
v 0.6169121861457825 -0.10697422921657562 0.07966585457324982 1.0 0.0 0.0
v 0.4221331477165222 0.031348247081041336 0.03326969966292381 1.0 0.0 0.0
v -0.4041858911514282 0.701149582862854 -0.241499662399292 1.0 0.0 0.0
v 0.7249993085861206 -0.3044727146625519 0.21880650520324707 1.0 0.0 0.0
v 0.3100450038909912 -0.08015012741088867 0.18604175746440887 1.0 0.0 0.0
v -0.14908209443092346 0.32914209365844727 -0.0015000441344454885 1.0 0.0 0.0
v -0.40843087434768677 0.3016613721847534 0.1355033814907074 1.0 0.0 0.0
v 0.5249010920524597 -0.18483202159404755 0.19223608076572418 1.0 0.0 0.0
v -0.28709593415260315 0.18478451669216156 0.19324754178524017 1.0 0.0 0.0
v -0.3096702992916107 0.5981020331382751 -0.18524479866027832 1.0 0.0 0.0
v 0.4196760952472687 -0.04045437276363373 0.10175725072622299 1.0 0.0 0.0
v -0.5211980938911438 0.7887587547302246 -0.2736102044582367 1.0 0.0 0.0
v -0.26404091715812683 0.2682187855243683 0.10500475019216537 1.0 0.0 0.0
v -0.07878334820270538 0.15110735595226288 0.13556264340877533 1.0 0.0 0.0
v -0.5819239020347595 0.3128220736980438 0.19940613210201263 1.0 0.0 0.0
v -0.5950515866279602 0.4464181363582611 0.0795665755867958 1.0 0.0 0.0
v -0.05156267061829567 0.012987029738724232 0.2536088824272156 1.0 0.0 0.0
v 0.9494336843490601 0.26144054532051086 -0.40890148282051086 1.0 0.0 0.0
v 0.11049557477235794 -0.01765887625515461 0.21290847659111023 1.0 0.0 0.0
v -0.34215837717056274 0.5474620461463928 -0.12375664710998535 1.0 0.0 0.0
v -0.2697158753871918 0.4276905357837677 -0.0423315092921257 1.0 0.0 0.0
v -0.5860995650291443 0.7077203392982483 -0.16967597603797913 1.0 0.0 0.0
v 0.5315033793449402 -0.01904067024588585 0.033700890839099884 1.0 0.0 0.0
v -0.22985917329788208 0.21347348392009735 0.14176401495933533 1.0 0.0 0.0
v 0.5774874091148376 0.1558471918106079 -0.15026213228702545 1.0 0.0 0.0
v -0.5374810695648193 0.22758294641971588 0.2604045569896698 1.0 0.0 0.0
v -0.38076239824295044 0.34696659445762634 0.08109182864427567 1.0 0.0 0.0
v 0.8015263080596924 0.18457283079624176 -0.2732958197593689 1.0 0.0 0.0
v -0.7551381587982178 0.3423014283180237 0.24598518013954163 1.0 0.0 0.0
v -0.5675135254859924 0.661818265914917 -0.1345352828502655 1.0 0.0 0.0
v -0.5011504888534546 0.47533291578292847 0.012151298113167286 1.0 0.0 0.0
v 0.5663641691207886 -0.034672800451517105 0.03343554958701134 1.0 0.0 0.0
v 0.5822501182556152 -0.24259868264198303 0.22190003097057343 1.0 0.0 0.0
v 0.8014421463012695 -0.047105610370635986 -0.055676743388175964 1.0 0.0 0.0
v -0.44525039196014404 0.5286006331443787 -0.06184252351522446 1.0 0.0 0.0
v -0.5488683581352234 0.32290664315223694 0.17576268315315247 1.0 0.0 0.0
v -0.07394298911094666 0.12105357646942139 0.1617126315832138 1.0 0.0 0.0
v 0.632619321346283 -0.17875276505947113 0.14034298062324524 1.0 0.0 0.0
v -0.2860206365585327 0.5028174519538879 -0.10589708387851715 1.0 0.0 0.0
v -0.30693700909614563 0.2812764048576355 0.11113306134939194 1.0 0.0 0.0
v -0.26135918498039246 0.5536798238754272 -0.16423843801021576 1.0 0.0 0.0
v 0.6190242767333984 -0.03392466530203819 0.010155126452445984 1.0 0.0 0.0
v 0.7795864939689636 0.1416999250650406 -0.22362470626831055 1.0 0.0 0.0
v -0.25140079855918884 0.2183738648891449 0.146397665143013 1.0 0.0 0.0
v -0.19343507289886475 0.07014311850070953 0.2607573866844177 1.0 0.0 0.0
v 0.7751427888870239 -0.1234457939863205 0.027294566854834557 1.0 0.0 0.0
v 0.10765346884727478 -0.010360457003116608 0.20727263391017914 1.0 0.0 0.0
v -0.149170383810997 0.1826498657464981 0.1361173391342163 1.0 0.0 0.0
v 0.7786180973052979 0.10710937529802322 -0.1907234787940979 1.0 0.0 0.0
v -0.6201412081718445 0.2609020173549652 0.2645528316497803 1.0 0.0 0.0
v 0.7219944596290588 -0.14989183843135834 0.07491874694824219 1.0 0.0 0.0
v -0.4833289384841919 0.4497837424278259 0.02850514091551304 1.0 0.0 0.0
v 0.8416735529899597 0.004765818826854229 -0.12164131551980972 1.0 0.0 0.0
v 0.6798766851425171 0.19341729581356049 -0.2294454127550125 1.0 0.0 0.0
v -0.5926821827888489 0.5244151949882507 0.005299034062772989 1.0 0.0 0.0
v 0.7267844676971436 0.06898815184831619 -0.13269811868667603 1.0 0.0 0.0
v 0.36204805970191956 -0.056725624948740005 0.14174631237983704 1.0 0.0 0.0
v 0.3400041460990906 -0.1773103028535843 0.26444578170776367 1.0 0.0 0.0
v -0.4430214464664459 0.4185013175010681 0.04060263931751251 1.0 0.0 0.0
v -0.5208563208580017 0.41537171602249146 0.07691320776939392 1.0 0.0 0.0
v 0.9225026965141296 0.2772411108016968 -0.4121941924095154 1.0 0.0 0.0
v -0.12169809639453888 0.10605533421039581 0.19627317786216736 1.0 0.0 0.0
v 0.7553232312202454 -0.15347886085510254 0.06399795413017273 1.0 0.0 0.0
v 0.8599090576171875 0.0735262930393219 -0.19403675198554993 1.0 0.0 0.0
v 0.2797401249408722 -0.121004618704319 0.23740370571613312 1.0 0.0 0.0
v 0.4077349007129669 -0.04411608725786209 0.11031591147184372 1.0 0.0 0.0
v -0.5914314389228821 0.6631105542182922 -0.12549424171447754 1.0 0.0 0.0
v -0.08145738393068314 0.07632707059383392 0.2069397121667862 1.0 0.0 0.0
v 0.7569736838340759 0.13691166043281555 -0.20943261682987213 1.0 0.0 0.0
v -0.10856813192367554 0.10868197679519653 0.18817691504955292 1.0 0.0 0.0
v 0.4735907018184662 -0.08889517188072205 0.12413521111011505 1.0 0.0 0.0
v -0.40785151720046997 0.17499585449695587 0.2542141079902649 1.0 0.0 0.0
v 0.8494312167167664 0.11879339069128036 -0.23205745220184326 1.0 0.0 0.0
v 0.7932218909263611 -0.08454504609107971 -0.016990764066576958 1.0 0.0 0.0
v -0.18949802219867706 0.23581920564174652 0.10347315669059753 1.0 0.0 0.0
v 0.825119137763977 -0.07392143458127975 -0.04064382240176201 1.0 0.0 0.0
v -0.3383807837963104 0.7545943856239319 -0.3199065625667572 1.0 0.0 0.0
v 0.8804101347923279 0.1421205699443817 -0.2672474682331085 1.0 0.0 0.0
v -0.3533805310726166 0.248038187623024 0.16226151585578918 1.0 0.0 0.0
v -0.3083705008029938 0.3315964341163635 0.06448915600776672 1.0 0.0 0.0
v -0.41266244649887085 0.62400883436203 -0.16541796922683716 1.0 0.0 0.0
v -0.0522824190557003 0.08502521365880966 0.1862621307373047 1.0 0.0 0.0
v -0.3068106770515442 0.76042640209198 -0.3389192819595337 1.0 0.0 0.0
v -0.6405808329582214 0.6144594550132751 -0.05873050168156624 1.0 0.0 0.0
v -0.2657015919685364 0.5531864166259766 -0.16191326081752777 1.0 0.0 0.0
v -0.5582907199859619 0.815638542175293 -0.2829512357711792 1.0 0.0 0.0
v 0.5145890116691589 0.11699073761701584 -0.08680228888988495 1.0 0.0 0.0
v -0.546022355556488 0.31009212136268616 0.18657733500003815 1.0 0.0 0.0
v 0.19019369781017303 0.03583705797791481 0.12849703431129456 1.0 0.0 0.0
v -0.16999250650405884 0.3187948167324066 0.01718292385339737 1.0 0.0 0.0
v 0.6763578653335571 -0.09272304177284241 0.04079464077949524 1.0 0.0 0.0
v -0.252030611038208 0.5642701387405396 -0.17818400263786316 1.0 0.0 0.0
v 0.9088283181190491 0.07718795537948608 -0.21844956278800964 1.0 0.0 0.0
v 0.6538562774658203 -0.0396873876452446 0.0006331661716103554 1.0 0.0 0.0
v -0.4720369279384613 0.4385637044906616 0.03420114144682884 1.0 0.0 0.0
v -0.4342055916786194 0.16266638040542603 0.2770926356315613 1.0 0.0 0.0
v 0.7415979504585266 0.19724799692630768 -0.2595057785511017 1.0 0.0 0.0
v 0.13587482273578644 0.009700537659227848 0.17633238434791565 1.0 0.0 0.0
v -0.06882812082767487 0.05894128978252411 0.21785299479961395 1.0 0.0 0.0
v -0.4424892067909241 0.16865794360637665 0.2750171720981598 1.0 0.0 0.0
v -0.4913633167743683 0.2913971245288849 0.18070009350776672 1.0 0.0 0.0
v 0.7801362872123718 0.18588630855083466 -0.26535847783088684 1.0 0.0 0.0
v 0.6934030652046204 -0.12129610776901245 0.06032123416662216 1.0 0.0 0.0
v 0.44620025157928467 0.05110723525285721 0.00439419224858284 1.0 0.0 0.0
v -0.5042743682861328 0.3548663258552551 0.12662795186042786 1.0 0.0 0.0
v -0.2331603467464447 0.2877649664878845 0.073407843708992 1.0 0.0 0.0
v 0.8253685235977173 0.06826223433017731 -0.17428386211395264 1.0 0.0 0.0
v 0.4776131808757782 0.0747004821896553 -0.03123178519308567 1.0 0.0 0.0
v -0.2732354700565338 0.12711670994758606 0.24146418273448944 1.0 0.0 0.0
v -0.40058398246765137 0.6538187265396118 -0.19859275221824646 1.0 0.0 0.0
v -0.7047171592712402 0.39325016736984253 0.17651841044425964 1.0 0.0 0.0
v 0.7219454646110535 -0.01671537570655346 -0.05013415217399597 1.0 0.0 0.0
v -0.4637244939804077 0.714082658290863 -0.22811898589134216 1.0 0.0 0.0
v 0.1297973245382309 -0.027948834002017975 0.2142968475818634 1.0 0.0 0.0
v 0.7880462408065796 0.240101158618927 -0.31966620683670044 1.0 0.0 0.0
v 0.03460191190242767 -0.04184214398264885 0.26815950870513916 1.0 0.0 0.0
v 0.30131077766418457 -0.1075645163655281 0.21553297340869904 1.0 0.0 0.0
v 0.4683692455291748 0.06321877986192703 -0.01648533344268799 1.0 0.0 0.0
v -0.2238341122865677 0.2994057536125183 0.05847672373056412 1.0 0.0 0.0
v 0.588900625705719 -0.15594582259655 0.13766781985759735 1.0 0.0 0.0
v -0.6927686333656311 0.47648850083351135 0.0932215005159378 1.0 0.0 0.0
v 0.7559614777565002 -0.2395501583814621 0.14455896615982056 1.0 0.0 0.0
v 0.04678631201386452 -0.042792122811079025 0.26382768154144287 1.0 0.0 0.0
v -0.04919251427054405 -0.008150408044457436 0.27244409918785095 1.0 0.0 0.0
v 0.6297397613525391 -0.06398768723011017 0.03379486873745918 1.0 0.0 0.0
v -0.5603673458099365 0.8119031190872192 -0.278552770614624 1.0 0.0 0.0
v 0.34384143352508545 0.039188504219055176 0.059473685920238495 1.0 0.0 0.0
v -0.28236624598503113 0.6459167003631592 -0.24185685813426971 1.0 0.0 0.0
v 0.33695220947265625 -0.13339652121067047 0.2245122343301773 1.0 0.0 0.0
v 0.8237174153327942 0.16793198883533478 -0.26718172430992126 1.0 0.0 0.0
v -0.1611688733100891 0.39459705352783203 -0.05779052525758743 1.0 0.0 0.0
v -0.16225554049015045 0.1601281315088272 0.16287903487682343 1.0 0.0 0.0
v 0.35365405678749084 -0.07502813637256622 0.1625341922044754 1.0 0.0 0.0
v -0.4840049147605896 0.35668501257896423 0.11622948944568634 1.0 0.0 0.0
v 0.19854603707790375 -0.024912549182772636 0.1819695681333542 1.0 0.0 0.0
v -0.4415036737918854 0.25548678636550903 0.19304852187633514 1.0 0.0 0.0
v -0.611625075340271 0.35006630420684814 0.17716209590435028 1.0 0.0 0.0
v -0.34399476647377014 0.26333922147750854 0.14386731386184692 1.0 0.0 0.0
v 0.7567270994186401 0.19288691878318787 -0.2618965804576874 1.0 0.0 0.0
v 0.5573441982269287 -0.061063796281814575 0.06208817660808563 1.0 0.0 0.0
v 0.8447387218475342 0.16289223730564117 -0.2714613974094391 1.0 0.0 0.0
v 0.5722766518592834 0.15096209943294525 -0.1434401571750641 1.0 0.0 0.0
v -0.20723161101341248 0.14573082327842712 0.19568370282649994 1.0 0.0 0.0
v 0.4338708817958832 -0.1982506513595581 0.24386714398860931 1.0 0.0 0.0
v 0.6278920769691467 0.11851481348276138 -0.13681185245513916 1.0 0.0 0.0
v -0.49011504650115967 0.4330960810184479 0.04708702489733696 1.0 0.0 0.0
v -0.38679662346839905 0.45787614583969116 -0.02048274129629135 1.0 0.0 0.0
v -0.5637416839599609 0.6482413411140442 -0.12340155988931656 1.0 0.0 0.0
v -0.4319717586040497 0.3745799958705902 0.07711424678564072 1.0 0.0 0.0
v -0.48493072390556335 0.7357574105262756 -0.23938295245170593 1.0 0.0 0.0
v -0.5732112526893616 0.3972495198249817 0.11637978255748749 1.0 0.0 0.0
v -0.24493706226348877 0.3588246703147888 0.011720683425664902 1.0 0.0 0.0
v -0.14873982965946198 0.3087920546531677 0.017465129494667053 1.0 0.0 0.0
v 0.6651272773742676 -0.17166383564472198 0.11974769085645676 1.0 0.0 0.0
v 0.7156865000724792 -0.11585501581430435 0.04565724730491638 1.0 0.0 0.0
v -0.3314596116542816 0.20087501406669617 0.19715674221515656 1.0 0.0 0.0
v 0.7034391760826111 0.15775126218795776 -0.20605163276195526 1.0 0.0 0.0
v 0.7998287081718445 -0.1408354789018631 0.03304228559136391 1.0 0.0 0.0
v 0.44632574915885925 0.009925009682774544 0.04301705211400986 1.0 0.0 0.0
v 0.8743320107460022 0.08302091062068939 -0.20913749933242798 1.0 0.0 0.0
v 0.9172315001487732 0.235197976231575 -0.3704489767551422 1.0 0.0 0.0
v -0.5164867639541626 0.6714830994606018 -0.1654895842075348 1.0 0.0 0.0
v -0.3267390727996826 0.5150591731071472 -0.09993616491556168 1.0 0.0 0.0
v 0.41322460770606995 -0.07550086081027985 0.13743753731250763 1.0 0.0 0.0
v 0.1614403873682022 -0.017299693077802658 0.19072876870632172 1.0 0.0 0.0
v 0.6977677941322327 -0.303750604391098 0.22980371117591858 1.0 0.0 0.0
v -0.10571225732564926 0.11059032380580902 0.18516023457050323 1.0 0.0 0.0
v 0.111209936439991 -0.06853087246417999 0.2603791058063507 1.0 0.0 0.0
v 0.9727008938789368 0.26174378395080566 -0.41916197538375854 1.0 0.0 0.0
v -0.44022291898727417 0.4119599759578705 0.04554614797234535 1.0 0.0 0.0
v -0.23962128162384033 0.4202535152435303 -0.04824991896748543 1.0 0.0 0.0
v 0.632807195186615 -0.18722154200077057 0.14821594953536987 1.0 0.0 0.0
v -0.3006543815135956 0.3670300245285034 0.027903102338314056 1.0 0.0 0.0
v -0.495385080575943 0.3489648401737213 0.12835916876792908 1.0 0.0 0.0
v 0.45642971992492676 0.1143818199634552 -0.05941655859351158 1.0 0.0 0.0
v -0.43231216073036194 0.4852176606655121 -0.02664618194103241 1.0 0.0 0.0
v 0.5391340851783752 -0.2589665949344635 0.2557579278945923 1.0 0.0 0.0
v -0.4741133451461792 0.32774749398231506 0.139165461063385 1.0 0.0 0.0
v -0.39151132106781006 0.8077431321144104 -0.34704217314720154 1.0 0.0 0.0
v -0.46759912371635437 0.34365254640579224 0.12143514305353165 1.0 0.0 0.0
v 0.5435212254524231 0.10932914167642593 -0.09201139211654663 1.0 0.0 0.0
v -0.4014146029949188 0.3654296100139618 0.07260668277740479 1.0 0.0 0.0
v 0.03281603753566742 -0.037791647017002106 0.26512113213539124 1.0 0.0 0.0
v 0.684895396232605 -0.0009375929366797209 -0.049066945910453796 1.0 0.0 0.0
v -0.13000202178955078 0.34039822220802307 -0.020251866430044174 1.0 0.0 0.0
v -0.47516685724258423 0.5951020121574402 -0.11147133260965347 1.0 0.0 0.0
v 0.544033408164978 0.07435133308172226 -0.05938126519322395 1.0 0.0 0.0
v 0.7489991188049316 -0.274749755859375 0.1806020885705948 1.0 0.0 0.0
v -0.546395480632782 0.751593828201294 -0.22790312767028809 1.0 0.0 0.0
v -0.32018837332725525 0.5419648885726929 -0.12801344692707062 1.0 0.0 0.0
v -0.3579435646533966 0.2764429450035095 0.13754130899906158 1.0 0.0 0.0
v -0.4161977767944336 0.2836454212665558 0.15575328469276428 1.0 0.0 0.0
v -0.20646850764751434 0.379498153924942 -0.02418825402855873 1.0 0.0 0.0
v -0.1301531344652176 0.07822799682617188 0.2260325402021408 1.0 0.0 0.0
v -0.37714481353759766 0.29261547327041626 0.13058516383171082 1.0 0.0 0.0
v -0.5872116684913635 0.6041750907897949 -0.0719536766409874 1.0 0.0 0.0
v -0.5790508985519409 0.5044944882392883 0.01816340535879135 1.0 0.0 0.0
v 0.4198722839355469 0.085455983877182 -0.016576748341321945 1.0 0.0 0.0
v 0.5746163129806519 -0.14478375017642975 0.13330920040607452 1.0 0.0 0.0
v 0.47773003578186035 -0.0086076520383358 0.046957723796367645 1.0 0.0 0.0
v -0.6029976010322571 0.25690701603889465 0.26095452904701233 1.0 0.0 0.0
v 0.7165010571479797 0.14824609458446503 -0.20272499322891235 1.0 0.0 0.0
v 0.8521639108657837 0.12391730397939682 -0.2380412518978119 1.0 0.0 0.0
v -0.12624913454055786 0.12795288860797882 0.17765910923480988 1.0 0.0 0.0
v 0.5469448566436768 -0.0972566232085228 0.10053767263889313 1.0 0.0 0.0
v -0.3530225157737732 0.6449510455131531 -0.21065640449523926 1.0 0.0 0.0
v -0.06989358365535736 0.023247772827744484 0.25183171033859253 1.0 0.0 0.0
v 0.8026261925697327 0.05374860763549805 -0.15090258419513702 1.0 0.0 0.0
v 0.49843597412109375 -0.05206292122602463 0.0788915604352951 1.0 0.0 0.0
v -0.6947942972183228 0.4359022080898285 0.1322069764137268 1.0 0.0 0.0
v -0.2889855206012726 0.3213457465171814 0.06580494344234467 1.0 0.0 0.0
v -0.21689854562282562 0.27540871500968933 0.07804015278816223 1.0 0.0 0.0
v -0.45456090569496155 0.7382369041442871 -0.25473248958587646 1.0 0.0 0.0
v -0.06362880766391754 0.007786076050251722 0.26366668939590454 1.0 0.0 0.0
v -0.6368148326873779 0.46677082777023315 0.07835795730352402 1.0 0.0 0.0
v 0.1875641793012619 -0.07978987693786621 0.2382165491580963 1.0 0.0 0.0
v 0.6428559422492981 -0.12809063494205475 0.08837426453828812 1.0 0.0 0.0
v 0.3504641056060791 -0.11248165369033813 0.19907668232917786 1.0 0.0 0.0
v 0.40081584453582764 -0.05520268529653549 0.1236945167183876 1.0 0.0 0.0
v -0.4762223958969116 0.7549601197242737 -0.2611510157585144 1.0 0.0 0.0
v -0.3686653971672058 0.4809674322605133 -0.04994283616542816 1.0 0.0 0.0
v 0.7425133585929871 -0.28220486640930176 0.19038435816764832 1.0 0.0 0.0
v 0.3623110055923462 -0.06668943166732788 0.15099118649959564 1.0 0.0 0.0
v -0.13054943084716797 0.2560148239135742 0.05923229828476906 1.0 0.0 0.0
v 0.8397462368011475 0.018169846385717392 -0.13340352475643158 1.0 0.0 0.0
v -0.42252400517463684 0.23788045346736908 0.20144622027873993 1.0 0.0 0.0
v 0.4164295196533203 -0.14106974005699158 0.19764305651187897 1.0 0.0 0.0
v 0.6615639328956604 -0.2448168843984604 0.18997780978679657 1.0 0.0 0.0
v -0.396293044090271 0.22332988679409027 0.20386509597301483 1.0 0.0 0.0
v -0.5843966007232666 0.7401708960533142 -0.20088233053684235 1.0 0.0 0.0
v -0.3064582943916321 0.44724997878074646 -0.04494780674576759 1.0 0.0 0.0
v -0.11178627610206604 0.10074519366025925 0.1970105916261673 1.0 0.0 0.0
v 0.4098193645477295 0.04383718967437744 0.026820076629519463 1.0 0.0 0.0
v 0.751640796661377 -0.27796098589897156 0.18248532712459564 1.0 0.0 0.0
v -0.5909875631332397 0.3738144040107727 0.1460106372833252 1.0 0.0 0.0
v 0.19826219975948334 -0.022462716326117516 0.17979048192501068 1.0 0.0 0.0
v 0.8496518731117249 0.11761043965816498 -0.2310410737991333 1.0 0.0 0.0
v -0.5718450546264648 0.4603872299194336 0.056497666984796524 1.0 0.0 0.0
v -0.6855473518371582 0.4125073254108429 0.15021391212940216 1.0 0.0 0.0
v -0.5336022973060608 0.3672049343585968 0.12761428952217102 1.0 0.0 0.0
v -0.2846866846084595 0.5974867939949036 -0.19537858664989471 1.0 0.0 0.0
v -0.508351743221283 0.7543143033981323 -0.24676914513111115 1.0 0.0 0.0
v -0.23749598860740662 0.46995189785957336 -0.09583580493927002 1.0 0.0 0.0
v 0.6440368294715881 0.14293374121189117 -0.1666671186685562 1.0 0.0 0.0
v 0.45486998558044434 -0.011862825602293015 0.05981599912047386 1.0 0.0 0.0
v -0.6971011161804199 0.3002607524394989 0.26058492064476013 1.0 0.0 0.0
v 0.5956822037696838 -0.17630337178707123 0.15387922525405884 1.0 0.0 0.0
v 0.7321488857269287 -0.24852995574474335 0.16320198774337769 1.0 0.0 0.0
v 0.7372623085975647 -0.2512498199939728 0.16356399655342102 1.0 0.0 0.0
v 0.42451056838035583 -0.0669173151254654 0.1245374009013176 1.0 0.0 0.0
v -0.5705448389053345 0.7834393382072449 -0.24745716154575348 1.0 0.0 0.0
v 0.5289217233657837 -0.23448088765144348 0.2371404618024826 1.0 0.0 0.0
v -0.4202621281147003 0.6762096285820007 -0.21118447184562683 1.0 0.0 0.0
v -0.24727918207645416 0.3313477337360382 0.03853007033467293 1.0 0.0 0.0
v 0.6503806114196777 -0.23386262357234955 0.1844848245382309 1.0 0.0 0.0
v 0.16810421645641327 -0.08120989799499512 0.2478935420513153 1.0 0.0 0.0
v 0.44496265053749084 -0.021066918969154358 0.07270783185958862 1.0 0.0 0.0
v 0.7801046371459961 -0.20315025746822357 0.10002239793539047 1.0 0.0 0.0
v 0.7180617451667786 -0.17591406404972076 0.10104390978813171 1.0 0.0 0.0
v 0.7902171015739441 -0.15280897915363312 0.04840824007987976 1.0 0.0 0.0
v -0.3654688000679016 0.552185595035553 -0.11819855868816376 1.0 0.0 0.0
v -0.24715474247932434 0.4051491618156433 -0.03083457238972187 1.0 0.0 0.0
v -0.34668856859207153 0.30904480814933777 0.10209742933511734 1.0 0.0 0.0
v -0.1160050630569458 0.2907933294773102 0.020333915948867798 1.0 0.0 0.0
v -0.2773321866989136 0.3255474865436554 0.05686251446604729 1.0 0.0 0.0
v -0.35604092478752136 0.34147754311561584 0.07564770430326462 1.0 0.0 0.0
v -0.24563737213611603 0.3948226869106293 -0.021786941215395927 1.0 0.0 0.0
v 0.7304370403289795 -0.20793789625167847 0.12581351399421692 1.0 0.0 0.0
v 0.5831118822097778 -0.22415301203727722 0.20420712232589722 1.0 0.0 0.0
v -0.29919227957725525 0.46111831068992615 -0.06108763441443443 1.0 0.0 0.0
v -0.2544648051261902 0.17221596837043762 0.19106096029281616 1.0 0.0 0.0
v 0.47173407673835754 -0.12078054249286652 0.1548766791820526 1.0 0.0 0.0
v 0.7670374512672424 -0.21995386481285095 0.12140616774559021 1.0 0.0 0.0
v -0.33330240845680237 0.8146161437034607 -0.3784538209438324 1.0 0.0 0.0
v 0.30295535922050476 -0.13120166957378387 0.23702692985534668 1.0 0.0 0.0
v -0.15037399530410767 0.23210301995277405 0.09018898755311966 1.0 0.0 0.0
v 0.3501695692539215 -0.0378459170460701 0.12910811603069305 1.0 0.0 0.0
v -0.5569947361946106 0.8065124750137329 -0.27493607997894287 1.0 0.0 0.0
v -0.6737790107727051 0.36224451661109924 0.19237306714057922 1.0 0.0 0.0
v 0.37923941016197205 -0.14903317391872406 0.22106710076332092 1.0 0.0 0.0
v 0.3572985529899597 -0.05284677445888519 0.14013978838920593 1.0 0.0 0.0
v 0.23242130875587463 0.0405518040060997 0.10596422851085663 1.0 0.0 0.0
v 0.6853049397468567 0.007901178672909737 -0.0575435645878315 1.0 0.0 0.0
v -0.2524389624595642 0.5695317387580872 -0.18295042216777802 1.0 0.0 0.0
v -0.4337804913520813 0.6227432489395142 -0.15517506003379822 1.0 0.0 0.0
v -0.5918406844139099 0.47292160987854004 0.0532989427447319 1.0 0.0 0.0
v 0.532638430595398 -0.14047196507453918 0.14725758135318756 1.0 0.0 0.0
v 0.2921246886253357 -0.08434651792049408 0.19766609370708466 1.0 0.0 0.0
v -0.6211591362953186 0.6293172240257263 -0.08101130276918411 1.0 0.0 0.0
v -0.41706982254981995 0.5538692474365234 -0.09765607863664627 1.0 0.0 0.0
v -0.46441975235939026 0.30471092462539673 0.15664437413215637 1.0 0.0 0.0
v 0.4675182104110718 0.06421057134866714 -0.017051909118890762 1.0 0.0 0.0
v 0.24676430225372314 0.06203635409474373 0.0796373263001442 1.0 0.0 0.0
v -0.01046154834330082 -0.005107094533741474 0.25298020243644714 1.0 0.0 0.0
v -0.20531971752643585 0.08018238097429276 0.2564244270324707 1.0 0.0 0.0
v -0.4212206304073334 0.839142382144928 -0.36379334330558777 1.0 0.0 0.0
v -0.7007478475570679 0.372353732585907 0.19444167613983154 1.0 0.0 0.0
v 0.8938153386116028 0.22202961146831512 -0.34804221987724304 1.0 0.0 0.0
v -0.5637015700340271 0.43499934673309326 0.07684944570064545 1.0 0.0 0.0
v -0.5093662142753601 0.6747263073921204 -0.17158842086791992 1.0 0.0 0.0
v -0.3040678799152374 0.693073570728302 -0.2768402099609375 1.0 0.0 0.0
v 0.6703730225563049 -0.027999550104141235 -0.017425058409571648 1.0 0.0 0.0
v 0.5883886814117432 -0.10794808715581894 0.0928097814321518 1.0 0.0 0.0
v 0.6278894543647766 -0.05731549113988876 0.028321925550699234 1.0 0.0 0.0
v 0.9149092435836792 0.25556591153144836 -0.3885820508003235 1.0 0.0 0.0
v -0.44499459862709045 0.5884479284286499 -0.11815831065177917 1.0 0.0 0.0
v 0.6523347496986389 -0.2077058106660843 0.1590815782546997 1.0 0.0 0.0
v -0.03890473023056984 0.02590980939567089 0.23604528605937958 1.0 0.0 0.0
v -0.5423566699028015 0.3109132647514343 0.18423452973365784 1.0 0.0 0.0
v -0.4604955315589905 0.4916902780532837 -0.0206415094435215 1.0 0.0 0.0
v 0.21579203009605408 -0.13511356711387634 0.27807173132896423 1.0 0.0 0.0
v 0.3116069436073303 0.009145504795014858 0.10150924324989319 1.0 0.0 0.0
v -0.519881546497345 0.2524438500404358 0.22951050102710724 1.0 0.0 0.0
v 0.8117977976799011 0.08509653061628342 -0.1842755526304245 1.0 0.0 0.0
v -0.3099266290664673 0.5515963435173035 -0.14145860075950623 1.0 0.0 0.0
v -0.27041471004486084 0.10254675149917603 0.2633299231529236 1.0 0.0 0.0
v 0.48027458786964417 -0.17266719043254852 0.19994479417800903 1.0 0.0 0.0
v -0.3190721869468689 0.3049485385417938 0.0941040888428688 1.0 0.0 0.0
v -0.1933601349592209 0.28718122839927673 0.056891899555921555 1.0 0.0 0.0
v 0.5208233594894409 -0.20401854813098907 0.21200358867645264 1.0 0.0 0.0
v -0.4246900677680969 0.44295385479927063 0.009778297506272793 1.0 0.0 0.0
v -0.3028913140296936 0.6756156086921692 -0.2609488070011139 1.0 0.0 0.0
v -0.664614200592041 0.3183012306690216 0.22971341013908386 1.0 0.0 0.0
v -0.41961124539375305 0.2541603446006775 0.1849079579114914 1.0 0.0 0.0
v 0.7470160126686096 -0.08547929674386978 0.003697236068546772 1.0 0.0 0.0
v 0.7421079874038696 -0.22989808022975922 0.14143377542495728 1.0 0.0 0.0
v 0.5520031452178955 -0.13301727175712585 0.1319538801908493 1.0 0.0 0.0
v -0.6376868486404419 0.5234342813491821 0.025515839457511902 1.0 0.0 0.0
v -0.29172757267951965 0.25316959619522095 0.13100886344909668 1.0 0.0 0.0
v -0.39726242423057556 0.2643320858478546 0.16577312350273132 1.0 0.0 0.0
v 0.5682862997055054 -0.11977306008338928 0.11253413558006287 1.0 0.0 0.0
v 0.6548580527305603 -0.1995740532875061 0.15036271512508392 1.0 0.0 0.0
v 0.4255184829235077 -0.08775123208761215 0.14367163181304932 1.0 0.0 0.0
v 0.7143688201904297 -0.1721816211938858 0.09912186115980148 1.0 0.0 0.0
v 0.8899314999580383 0.15939417481422424 -0.2875523567199707 1.0 0.0 0.0
v -0.28744643926620483 0.15345832705497742 0.22281810641288757 1.0 0.0 0.0
v 0.7569037079811096 -0.18720631301403046 0.09499578177928925 1.0 0.0 0.0
v -0.7210164666175842 0.29104503989219666 0.2794935703277588 1.0 0.0 0.0
v -0.5185572504997253 0.8023776412010193 -0.2875327467918396 1.0 0.0 0.0
v -0.24574604630470276 0.6245965957641602 -0.23753464221954346 1.0 0.0 0.0
v 0.7448559999465942 -0.2759702503681183 0.18352465331554413 1.0 0.0 0.0
v 0.1189991757273674 0.012737185694277287 0.18071584403514862 1.0 0.0 0.0
v 0.8053209781646729 0.025975851342082024 -0.12597492337226868 1.0 0.0 0.0
v 0.6621848344802856 0.1786409169435501 -0.20798273384571075 1.0 0.0 0.0
v -0.3432873487472534 0.23650294542312622 0.1687675416469574 1.0 0.0 0.0
v -0.3197768032550812 0.681402862071991 -0.2591443955898285 1.0 0.0 0.0
v -0.6041343808174133 0.3848700523376465 0.14126425981521606 1.0 0.0 0.0
v 0.6645742058753967 -0.07668252289295197 0.030782220885157585 1.0 0.0 0.0
v -0.4546338617801666 0.6105835437774658 -0.13481438159942627 1.0 0.0 0.0
v -0.47599151730537415 0.6603605151176453 -0.1724058985710144 1.0 0.0 0.0
v 0.37058112025260925 0.10383237898349762 -0.012701738625764847 1.0 0.0 0.0
v -0.5534483194351196 0.24420349299907684 0.2516411244869232 1.0 0.0 0.0
v -0.6640188097953796 0.4879240095615387 0.07015534490346909 1.0 0.0 0.0
v 0.3757692873477936 -0.13472044467926025 0.2091129571199417 1.0 0.0 0.0
v 0.3774820864200592 0.06162727251648903 0.023976817727088928 1.0 0.0 0.0
v 0.7926555275917053 -0.11228033155202866 0.009299908764660358 1.0 0.0 0.0
v -0.33367812633514404 0.2788310647010803 0.12489478290081024 1.0 0.0 0.0
v 0.6656802892684937 -0.006327698472887278 -0.03576638177037239 1.0 0.0 0.0
v -0.28906741738319397 0.20382998883724213 0.1762060970067978 1.0 0.0 0.0
v -0.6954416632652283 0.5041364431381226 0.06840172410011292 1.0 0.0 0.0
v 0.6776134371757507 0.1274862140417099 -0.166555255651474 1.0 0.0 0.0
v 0.0954304113984108 -0.07675951719284058 0.2748725116252899 1.0 0.0 0.0
v -0.4639822244644165 0.3451480567455292 0.118479885160923 1.0 0.0 0.0
v -0.5704955458641052 0.5049803853034973 0.014038990251719952 1.0 0.0 0.0
v 0.8930186033248901 0.2806876599788666 -0.4027898609638214 1.0 0.0 0.0
v -0.17652417719364166 0.3464195728302002 -0.005960685200989246 1.0 0.0 0.0
v -0.13901929557323456 0.33222389221191406 -0.008708737790584564 1.0 0.0 0.0
v -0.4962328374385834 0.776826024055481 -0.2731071710586548 1.0 0.0 0.0
v -0.16361649334430695 0.1602148562669754 0.16338108479976654 1.0 0.0 0.0
v -0.6027776002883911 0.6576790809631348 -0.1155286356806755 1.0 0.0 0.0
v -0.5349913835525513 0.3583483397960663 0.13652758300304413 1.0 0.0 0.0
v 0.27687695622444153 -0.1303263008594513 0.24738582968711853 1.0 0.0 0.0
v 0.2500470280647278 0.03517279773950577 0.10345902293920517 1.0 0.0 0.0
v 0.5275822877883911 -0.026759251952171326 0.042631033807992935 1.0 0.0 0.0
v -0.28817638754844666 0.4628446102142334 -0.06743194907903671 1.0 0.0 0.0
v -0.6556358337402344 0.35211312770843506 0.1941092312335968 1.0 0.0 0.0
v -0.31906670331954956 0.6330199241638184 -0.21400956809520721 1.0 0.0 0.0
v 0.2340243011713028 0.016431070864200592 0.1279301643371582 1.0 0.0 0.0
v 0.28243696689605713 -0.022709708660840988 0.14393286406993866 1.0 0.0 0.0
v 0.9074385762214661 0.23388956487178802 -0.3650214970111847 1.0 0.0 0.0
v -0.007970927283167839 -0.024287013337016106 0.2699253559112549 1.0 0.0 0.0
v 0.5202168822288513 0.0699283555150032 -0.045016154646873474 1.0 0.0 0.0
v -0.43544089794158936 0.8269892334938049 -0.3462826907634735 1.0 0.0 0.0
v 0.8366212844848633 0.153187096118927 -0.25886642932891846 1.0 0.0 0.0
v 0.3686095178127289 0.05113467574119568 0.03763511776924133 1.0 0.0 0.0
v -0.21294841170310974 0.08804766833782196 0.2523084282875061 1.0 0.0 0.0
v -0.5733156204223633 0.6440173387527466 -0.11532976478338242 1.0 0.0 0.0
v -0.37440025806427 0.440702885389328 -0.00966921541839838 1.0 0.0 0.0
v -0.32721230387687683 0.5141199827194214 -0.09885118156671524 1.0 0.0 0.0
v -0.6694048643112183 0.32642027735710144 0.22414232790470123 1.0 0.0 0.0
v 0.4996756911277771 -0.20055553317070007 0.2178182601928711 1.0 0.0 0.0
v 0.5192667245864868 -0.24950376152992249 0.25538888573646545 1.0 0.0 0.0
v 0.49582672119140625 -0.2260730117559433 0.24343346059322357 1.0 0.0 0.0
v 0.23227332532405853 -0.09303838759660721 0.2314901500940323 1.0 0.0 0.0
v -0.5946028828620911 0.6370946764945984 -0.09970143437385559 1.0 0.0 0.0
v -0.5729305744171143 0.7604421973228455 -0.22483636438846588 1.0 0.0 0.0
v 0.8180907964706421 0.06424210220575333 -0.16738802194595337 1.0 0.0 0.0
v -0.42315536737442017 0.7725445628166199 -0.30041784048080444 1.0 0.0 0.0
v 0.7043797969818115 -0.04378465563058853 -0.017180589959025383 1.0 0.0 0.0
v 0.6184558272361755 -0.26804080605506897 0.23027122020721436 1.0 0.0 0.0
v 0.25365740060806274 0.012720693834125996 0.12299719452857971 1.0 0.0 0.0
v -0.5698974132537842 0.6534030437469482 -0.12560996413230896 1.0 0.0 0.0
v 0.8209827542304993 -0.010980788618326187 -0.09798166900873184 1.0 0.0 0.0
v 0.41500377655029297 -0.03859439492225647 0.10201366990804672 1.0 0.0 0.0
v 0.5176328420639038 -0.17801527678966522 0.1889503002166748 1.0 0.0 0.0
v 0.9423749446868896 0.17978934943675995 -0.3291916251182556 1.0 0.0 0.0
v 0.2790853977203369 0.04211011528968811 0.08449370414018631 1.0 0.0 0.0
v 0.6233295798301697 -0.049129217863082886 0.022588731721043587 1.0 0.0 0.0
v 0.813571035861969 0.02864125370979309 -0.13201531767845154 1.0 0.0 0.0
v -0.554898738861084 0.6613478064537048 -0.13950200378894806 1.0 0.0 0.0
v -0.6512196063995361 0.537193238735199 0.018396105617284775 1.0 0.0 0.0
v 0.263508141040802 0.05106227472424507 0.0827648788690567 1.0 0.0 0.0
v -0.35344573855400085 0.8218801021575928 -0.3766395151615143 1.0 0.0 0.0
v -0.3428134024143219 0.36842814087867737 0.044665560126304626 1.0 0.0 0.0
v -0.4723761975765228 0.8612025380134583 -0.3625785708427429 1.0 0.0 0.0
v -0.48394253849983215 0.8247339129447937 -0.32336974143981934 1.0 0.0 0.0
v 0.6462534070014954 0.013457078486680984 -0.046018246561288834 1.0 0.0 0.0
v -0.28246256709098816 0.5280685424804688 -0.13113738596439362 1.0 0.0 0.0
v -0.5885156989097595 0.5054606199264526 0.021314062178134918 1.0 0.0 0.0
v 0.6888586282730103 -0.2584953010082245 0.19112154841423035 1.0 0.0 0.0
v 0.8259353637695312 0.014760340563952923 -0.12428010255098343 1.0 0.0 0.0
v 0.552223801612854 -0.2075563222169876 0.2018633484840393 1.0 0.0 0.0
v -0.5053812861442566 0.7121359705924988 -0.20843054354190826 1.0 0.0 0.0
v 0.945303738117218 0.185714453458786 -0.33601194620132446 1.0 0.0 0.0
v 0.5881525874137878 -0.2637207806110382 0.23920641839504242 1.0 0.0 0.0
v 0.5452146530151367 -0.24934764206409454 0.24411718547344208 1.0 0.0 0.0
v -0.3545095920562744 0.1840323656797409 0.2228572517633438 1.0 0.0 0.0
v 0.4496265947818756 -0.11597301810979843 0.15984013676643372 1.0 0.0 0.0
v -0.5897528529167175 0.7360150218009949 -0.19468282163143158 1.0 0.0 0.0
v -0.1253155916929245 0.11965114623308182 0.18505552411079407 1.0 0.0 0.0
v -0.6402229070663452 0.4986778497695923 0.0498533770442009 1.0 0.0 0.0
v 0.6278952360153198 -0.035674985498189926 0.007995564490556717 1.0 0.0 0.0
v -0.5462024211883545 0.223198801279068 0.26826122403144836 1.0 0.0 0.0
v -0.472646564245224 0.30010586977005005 0.16449646651744843 1.0 0.0 0.0
v 0.5525898337364197 -0.11944687366485596 0.11895758658647537 1.0 0.0 0.0
v -0.5959742665290833 0.6763542890548706 -0.13598448038101196 1.0 0.0 0.0
v 0.6805270314216614 -0.019660331308841705 -0.029610397294163704 1.0 0.0 0.0
v 0.8384400010108948 0.055153634399175644 -0.1675771325826645 1.0 0.0 0.0
v -0.27203139662742615 0.742385983467102 -0.32918035984039307 0.5 1.0 0.0
v -0.24886874854564667 0.7589306831359863 -0.3060177266597748 0.5 1.0 0.0
v -0.27368587255477905 0.737422525882721 -0.3175990581512451 0.5 1.0 0.0
v -0.24555981159210205 0.7804388999938965 -0.319253534078598 0.5 1.0 0.0
v -0.09169371426105499 0.2576250433921814 0.05631209537386894 0.5 1.0 0.0
v -0.045368436723947525 0.13519397377967834 0.14565369486808777 0.5 1.0 0.0
v -0.05529528111219406 0.1798647791147232 0.11256421357393265 0.5 1.0 0.0
v -0.2058524191379547 0.5653572678565979 -0.18193218111991882 0.5 1.0 0.0
v -0.05529528111219406 0.19475503265857697 0.10760079324245453 0.5 1.0 0.0
v -0.015587903559207916 0.0690150037407875 0.20190581679344177 0.5 1.0 0.0
v 0.1300058215856552 0.25266164541244507 0.24657662212848663 0.5 1.0 0.0
v 0.03570079430937767 0.07894185185432434 0.239958718419075 0.5 1.0 0.0
v 0.01915605179965496 0.024344205856323242 0.24326767027378082 0.5 1.0 0.0
v 0.19949373602867126 0.41314563155174255 0.24657662212848663 0.5 1.0 0.0
v 0.16971319913864136 0.3469666540622711 0.24657662212848663 0.5 1.0 0.0
v 0.13662371039390564 0.29733243584632874 0.239958718419075 0.5 1.0 0.0
v 0.09360738843679428 0.2079908400774002 0.2349953055381775 0.5 1.0 0.0
v 0.05390000715851784 0.10706791281700134 0.24326767027378082 0.5 1.0 0.0
v 0.020810525864362717 0.030962102115154266 0.24326767027378082 0.5 1.0 0.0
v 0.024119475856423378 0.035925526171922684 0.24492214620113373 0.5 1.0 0.0
v 0.1266968697309494 0.24935267865657806 0.2383042424917221 0.5 1.0 0.0
v 0.2375466376543045 0.49421486258506775 0.24492214620113373 0.5 1.0 0.0
v 0.27725401520729065 0.5868654251098633 0.25484898686408997 0.5 1.0 0.0
v 0.22100189328193665 0.46277984976768494 0.25319451093673706 0.5 1.0 0.0
v 0.2077661007642746 0.7043330669403076 0.1291089504957199 0.5 1.0 0.0
v 0.16805872321128845 0.7341135740280151 0.08774710446596146 0.5 1.0 0.0
v 0.11346107721328735 0.7506583333015442 0.024877086281776428 0.5 1.0 0.0
v 0.05555448308587074 0.7903656959533691 -0.036338455975055695 0.5 1.0 0.0
v 0.03900974243879318 0.7308046221733093 -0.044610828161239624 0.5 1.0 0.0
v 0.01584710367023945 0.8069104552268982 -0.09589952230453491 0.5 1.0 0.0
v 0.0026113116182386875 0.7572762370109558 -0.08762715011835098 0.5 1.0 0.0
v -0.023860273882746696 0.8284186124801636 -0.13891585171222687 0.5 1.0 0.0
v -0.0387505404651165 0.7721664905548096 -0.13064348697662354 0.5 1.0 0.0
v -0.05198633298277855 0.7241867780685425 -0.1190621629357338 0.5 1.0 0.0
v 0.18625794351100922 0.7341135740280151 0.1009828969836235 0.5 1.0 0.0
v 0.12338792532682419 0.7572762370109558 0.029840508475899696 0.5 1.0 0.0
v 0.08533501625061035 0.7390770316123962 5.9974685427732766e-05 0.5 1.0 0.0
v 0.042318690568208694 0.7341135740280151 -0.041301876306533813 0.5 1.0 0.0
v 0.03239184617996216 0.782093346118927 -0.06942793726921082 0.5 1.0 0.0
v 0.022465001791715622 0.8284186124801636 -0.09589952230453491 0.5 1.0 0.0
v -0.023860273882746696 0.7456949353218079 -0.09755399823188782 0.5 1.0 0.0
v -0.03378712013363838 0.7953291535377502 -0.12733453512191772 0.5 1.0 0.0
v -0.023860273882746696 0.7787843942642212 -0.10748083889484406 0.5 1.0 0.0
v 0.014192630536854267 0.737422525882721 -0.06942793726921082 0.5 1.0 0.0
v 0.08202607184648514 0.7324591279029846 0.005023397039622068 0.5 1.0 0.0
v 0.15978635847568512 0.7523128390312195 0.07451131194829941 0.5 1.0 0.0
v 0.19783926010131836 0.7159143686294556 0.12414553016424179 0.5 1.0 0.0
v 0.017501577734947205 0.7688575387001038 -0.07935478538274765 0.5 1.0 0.0
v 0.2623637616634369 0.7274957299232483 0.17377975583076477 0.5 1.0 0.0
v 0.2954532206058502 0.7126054167747498 0.20521476864814758 0.5 1.0 0.0
v 0.25574585795402527 0.7059875130653381 0.17543423175811768 0.5 1.0 0.0
v 0.3153069317340851 0.7043330669403076 0.23003187775611877 0.5 1.0 0.0
v -0.03544159233570099 0.21460872888565063 0.10429184138774872 0.5 1.0 0.0
v -0.04867738485336304 0.16662898659706116 0.11256421357393265 0.5 1.0 0.0
v -0.04867738485336304 0.41314563155174255 0.013295767828822136 0.5 1.0 0.0
v -0.06356765329837799 0.36185693740844727 0.018259190022945404 0.5 1.0 0.0
v -0.07845792174339294 0.3089137673377991 0.02818603441119194 0.5 1.0 0.0
v -0.08673029392957687 0.43796274065971375 -0.03468398004770279 0.5 1.0 0.0
v -0.11485634744167328 0.33207640051841736 -0.018139241263270378 0.5 1.0 0.0
v -0.08342134207487106 0.6116825342178345 -0.10086294263601303 0.5 1.0 0.0
v -0.09831161051988602 0.5587393641471863 -0.094245046377182 0.5 1.0 0.0
v -0.14132793247699738 0.4015643000602722 -0.06942793726921082 0.5 1.0 0.0
v -0.13801898062229156 0.658007800579071 -0.17035086452960968 0.5 1.0 0.0
v -0.18103531002998352 0.5041416883468628 -0.14222480356693268 0.5 1.0 0.0
v -0.19758005440235138 0.6613167524337769 -0.23487535119056702 0.5 1.0 0.0
v -0.21247032284736633 0.6100280284881592 -0.22329403460025787 0.5 1.0 0.0
v -0.028823696076869965 0.2625884711742401 0.08940158039331436 0.5 1.0 0.0
v -0.040405016392469406 0.3122226893901825 0.05631209537386894 0.5 1.0 0.0
v -0.05033186078071594 0.36351141333580017 0.029840508475899696 0.5 1.0 0.0
v -0.06025870516896248 0.40818220376968384 0.0017144487937912345 0.5 1.0 0.0
v -0.07018554955720901 0.4545074701309204 -0.024757137522101402 0.5 1.0 0.0
v -0.08176686614751816 0.5074506402015686 -0.06281004101037979 0.5 1.0 0.0
v -0.09169371426105499 0.5537759065628052 -0.08431820571422577 0.5 1.0 0.0
v -0.10162055492401123 0.601755678653717 -0.12237110733985901 0.5 1.0 0.0
v -0.11485634744167328 0.6563532948493958 -0.1455337405204773 0.5 1.0 0.0
v -0.12478319555521011 0.7010241150856018 -0.18027770519256592 0.5 1.0 0.0
v -0.0652221292257309 0.22784452140331268 0.08112920820713043 0.5 1.0 0.0
v -0.07680344581604004 0.27582427859306335 0.04803972318768501 0.5 1.0 0.0
v -0.08673029392957687 0.32545849680900574 0.021568138152360916 0.5 1.0 0.0
v -0.09665713459253311 0.3734382390975952 -0.019793715327978134 0.5 1.0 0.0
v -0.10823845118284225 0.4230724573135376 -0.044610828161239624 0.5 1.0 0.0
v -0.11816529929637909 0.46774327754974365 -0.07604583352804184 0.5 1.0 0.0
v -0.12809213995933533 0.517377495765686 -0.10582637041807175 0.5 1.0 0.0
v -0.13967345654964447 0.5670117139816284 -0.13560689985752106 0.5 1.0 0.0
v -0.1496003121137619 0.6166459321975708 -0.16207848489284515 0.5 1.0 0.0
v -0.16118162870407104 0.669589102268219 -0.19682244956493378 0.5 1.0 0.0
v -0.21577927470207214 0.6116825342178345 -0.21502165496349335 0.5 1.0 0.0
v -0.22570611536502838 0.6546988487243652 -0.24645666778087616 0.5 1.0 0.0
v -0.23728743195533752 0.6712436079978943 -0.2646558880805969 0.5 1.0 0.0
v -0.19261662662029266 0.5785930156707764 -0.19020454585552216 0.5 1.0 0.0
v -0.1727629452943802 0.6546988487243652 -0.2001313865184784 0.5 1.0 0.0
v -0.147945836186409 0.49256038665771484 -0.11409874260425568 0.5 1.0 0.0
v -0.12974661588668823 0.5653572678565979 -0.12898901104927063 0.5 1.0 0.0
v -0.08011239767074585 0.557084858417511 -0.08266372978687286 0.5 1.0 0.0
v -0.08342134207487106 0.36020246148109436 5.9974685427732766e-05 0.5 1.0 0.0
v -0.03378712013363838 0.28078770637512207 0.08774710446596146 0.5 1.0 0.0
v -0.2025434821844101 0.5769385695457458 -0.2001313865184784 0.5 1.0 0.0
v -0.10327503085136414 0.3684748113155365 -0.023102663457393646 0.5 1.0 0.0
v -0.10658398270606995 0.5653572678565979 -0.10582637041807175 0.5 1.0 0.0
v -0.04205948859453201 0.40652772784233093 0.01991366408765316 0.5 1.0 0.0
v -0.12312871962785721 0.7109509706497192 -0.178623229265213 0.5 1.0 0.0
v -0.18434426188468933 0.7126054167747498 -0.23983876407146454 0.5 1.0 0.0
v -0.22405163943767548 0.7490038871765137 -0.2894729971885681 0.5 1.0 0.0
v -0.23728743195533752 0.6993696689605713 -0.2861640453338623 0.5 1.0 0.0
v -0.1727629452943802 0.7192233204841614 -0.22494851052761078 0.5 1.0 0.0
v -0.23728743195533752 0.7076420187950134 -0.2778916656970978 0.5 1.0 0.0
v -0.21743375062942505 0.7490038871765137 -0.2778916656970978 0.5 1.0 0.0
v 0.20280267298221588 0.5140685439109802 0.20190581679344177 0.5 1.0 0.0
v 0.17302215099334717 0.40652772784233093 0.21514160931110382 0.5 1.0 0.0
v 0.15978635847568512 0.35689350962638855 0.22506844997406006 0.5 1.0 0.0
v 0.14489609003067017 0.30229586362838745 0.23168635368347168 0.5 1.0 0.0
v 0.1796400398015976 0.6050646305084229 0.14565369486808777 0.5 1.0 0.0
v 0.1515139788389206 0.49752381443977356 0.16054396331310272 0.5 1.0 0.0
v 0.13662371039390564 0.4462350904941559 0.17377975583076477 0.5 1.0 0.0
v 0.12173344939947128 0.3932919204235077 0.17377975583076477 0.5 1.0 0.0
v 0.07871711999177933 0.23942583799362183 0.21348713338375092 0.5 1.0 0.0
v 0.06217237934470177 0.1798647791147232 0.21514160931110382 0.5 1.0 0.0
v 0.04893658682703972 0.12692159414291382 0.22672292590141296 0.5 1.0 0.0
v 0.1531684547662735 0.6828249096870422 0.09601947665214539 0.5 1.0 0.0
v 0.13993266224861145 0.629881739616394 0.11090973764657974 0.5 1.0 0.0
v 0.1250423938035965 0.5752840638160706 0.10760079324245453 0.5 1.0 0.0
v 0.10849765688180923 0.5223408937454224 0.10925526916980743 0.5 1.0 0.0
v 0.09526186436414719 0.47105222940444946 0.1291089504957199 0.5 1.0 0.0
v 0.08037159591913223 0.41645458340644836 0.13241790235042572 0.5 1.0 0.0
v 0.06548132747411728 0.36185693740844727 0.13738133013248444 0.5 1.0 0.0
v 0.050591059029102325 0.3089137673377991 0.14896264672279358 0.5 1.0 0.0
v 0.03570079430937767 0.2576250433921814 0.16219843924045563 0.5 1.0 0.0
v 0.022465001791715622 0.2046818882226944 0.16881632804870605 0.5 1.0 0.0
v 0.007574733812361956 0.1517387181520462 0.1803976595401764 0.5 1.0 0.0
v -0.007315533235669136 0.10045001655817032 0.19363345205783844 0.5 1.0 0.0
v 0.0985708087682724 0.6993696689605713 0.026531560346484184 0.5 1.0 0.0
v 0.06879027932882309 0.5901743769645691 0.04803972318768501 0.5 1.0 0.0
v 0.05555448308587074 0.5388856530189514 0.05300314724445343 0.5 1.0 0.0
v 0.024119475856423378 0.4280358850955963 0.06789341568946838 0.5 1.0 0.0
v -0.004006585106253624 0.32380402088165283 0.09105604887008667 0.5 1.0 0.0
v -0.02220579981803894 0.2658974230289459 0.10263737291097641 0.5 1.0 0.0
v 0.024119475856423378 0.6795159578323364 -0.0379929281771183 0.5 1.0 0.0
v -0.00566105917096138 0.5686661601066589 -0.009866870008409023 0.5 1.0 0.0
v -0.03378712013363838 0.47105222940444946 0.018259190022945404 0.5 1.0 0.0
v -0.010624481365084648 0.709296464920044 -0.07770030945539474 0.5 1.0 0.0
v -0.025514747947454453 0.6530443429946899 -0.06777346134185791 0.5 1.0 0.0
v -0.040405016392469406 0.601755678653717 -0.05619214475154877 0.5 1.0 0.0
v -0.05529528111219406 0.5488125085830688 -0.04957424849271774 0.5 1.0 0.0
v -0.06853107362985611 0.6679346561431885 -0.10913531482219696 0.5 1.0 0.0
v 0.2077661007642746 0.6364996433258057 0.1572350114583969 0.5 1.0 0.0
v 0.19618478417396545 0.6877883076667786 0.13407237827777863 0.5 1.0 0.0
v 0.18791241943836212 0.46608880162239075 0.211832657456398 0.5 1.0 0.0
v 0.17633108794689178 0.5140685439109802 0.17212527990341187 0.5 1.0 0.0
v 0.16640424728393555 0.5603938102722168 0.155580535531044 0.5 1.0 0.0
v 0.1564774066209793 0.6100280284881592 0.1291089504957199 0.5 1.0 0.0
v 0.14489609003067017 0.6629711985588074 0.09601947665214539 0.5 1.0 0.0
v 0.15813188254833221 0.4015643000602722 0.22506844997406006 0.5 1.0 0.0
v 0.14820502698421478 0.4478895664215088 0.183706596493721 0.5 1.0 0.0
v 0.13827818632125854 0.49586933851242065 0.155580535531044 0.5 1.0 0.0
v 0.1266968697309494 0.5504669547080994 0.13076342642307281 0.5 1.0 0.0
v 0.11511555314064026 0.5951377749443054 0.08112920820713043 0.5 1.0 0.0
v 0.10518870502710342 0.6431175470352173 0.06292998790740967 0.5 1.0 0.0
v 0.09526186436414719 0.6910972595214844 0.03811287879943848 0.5 1.0 0.0
v 0.1266968697309494 0.3469666540622711 0.2101781815290451 0.5 1.0 0.0
v 0.11677002161741257 0.3932919204235077 0.1787431836128235 0.5 1.0 0.0
v 0.10684318095445633 0.43961721658706665 0.14565369486808777 0.5 1.0 0.0
v 0.09526186436414719 0.48759695887565613 0.12249106168746948 0.5 1.0 0.0
v 0.08533501625061035 0.5339222550392151 0.08278367668390274 0.5 1.0 0.0
v 0.07375369966030121 0.5885198712348938 0.059621043503284454 0.5 1.0 0.0
v 0.05390000715851784 0.6828249096870422 -0.008212395943701267 0.5 1.0 0.0
v 0.08368054032325745 0.2559705674648285 0.2068692445755005 0.5 1.0 0.0
v 0.0720992237329483 0.3089137673377991 0.17212527990341187 0.5 1.0 0.0
v 0.06217237934470177 0.35358455777168274 0.13903580605983734 0.5 1.0 0.0
v 0.05224553495645523 0.3982553482055664 0.10429184138774872 0.5 1.0 0.0
v 0.007574733812361956 0.6034101247787476 -0.008212395943701267 0.5 1.0 0.0
v -0.012278955429792404 0.6993696689605713 -0.0661189928650856 0.5 1.0 0.0
v 0.0439731627702713 0.1533931940793991 0.2068692445755005 0.5 1.0 0.0
v 0.034046318382024765 0.19806398451328278 0.17047080397605896 0.5 1.0 0.0
v 0.022465001791715622 0.254316121339798 0.1522715985774994 0.5 1.0 0.0
v 0.010883682407438755 0.30560481548309326 0.11587316542863846 0.5 1.0 0.0
v 0.0009568374371156096 0.35027560591697693 0.08940158039331436 0.5 1.0 0.0
v -0.008970007300376892 0.3982553482055664 0.05465761944651604 0.5 1.0 0.0
v -0.01889685168862343 0.4478895664215088 0.024877086281776428 0.5 1.0 0.0
v -0.03047817014157772 0.49586933851242065 -0.008212395943701267 0.5 1.0 0.0
v -0.040405016392469406 0.5421946048736572 -0.0379929281771183 0.5 1.0 0.0
v -0.05198633298277855 0.5918288230895996 -0.06777346134185791 0.5 1.0 0.0
v -0.07184002548456192 0.6828249096870422 -0.12402558326721191 0.5 1.0 0.0
v 0.012538156472146511 0.07397843152284622 0.21348713338375092 0.5 1.0 0.0
v 0.0009568374371156096 0.1236126497387886 0.1853610724210739 0.5 1.0 0.0
v -0.008970007300376892 0.17324687540531158 0.14565369486808777 0.5 1.0 0.0
v -0.020551325753331184 0.21957215666770935 0.12249106168746948 0.5 1.0 0.0
v -0.045368436723947525 0.5074506402015686 -0.024757137522101402 0.5 1.0 0.0
v -0.02716922201216221 0.5802475214004517 -0.03302950784564018 0.5 1.0 0.0
v -0.007315533235669136 0.6563532948493958 -0.04626530036330223 0.5 1.0 0.0
v -0.017242377623915672 0.348621129989624 0.08278367668390274 0.5 1.0 0.0
v 0.025773949921131134 0.5157229900360107 0.043076302856206894 0.5 1.0 0.0
v 0.06051790714263916 0.3668203353881836 0.14399921894073486 0.5 1.0 0.0
v 0.0985708087682724 0.5190319418907166 0.11421868950128555 0.5 1.0 0.0
v 0.13993266224861145 0.6762070059776306 0.08278367668390274 0.5 1.0 0.0
v 0.10187976062297821 0.3436577022075653 0.19363345205783844 0.5 1.0 0.0
v 0.12007897347211838 0.41314563155174255 0.183706596493721 0.5 1.0 0.0
v 0.14158713817596436 0.49586933851242065 0.14896264672279358 0.5 1.0 0.0
v 0.15978635847568512 0.5686661601066589 0.155580535531044 0.5 1.0 0.0
v 0.16474977135658264 0.38501957058906555 0.22175951302051544 0.5 1.0 0.0
v 0.1829489916563034 0.4561619460582733 0.2085237056016922 0.5 1.0 0.0
v 0.20114821195602417 0.5256498456001282 0.20025134086608887 0.5 1.0 0.0
v 0.0009568374371156096 0.05081579089164734 0.211832657456398 0.5 1.0 0.0
v 0.0009568374371156096 0.2013729363679886 0.155580535531044 0.5 1.0 0.0
v 0.03735526651144028 0.282442182302475 0.14069026708602905 0.5 1.0 0.0
v 0.06217237934470177 0.16497451066970825 0.22506844997406006 0.5 1.0 0.0
v -0.0023521108087152243 0.7109509706497192 -0.07439135760068893 0.5 1.0 0.0
v 0.04066421464085579 0.658007800579071 -0.01152134407311678 0.5 1.0 0.0
v 0.10353422909975052 0.36020246148109436 0.17047080397605896 0.5 1.0 0.0
v 0.09195291250944138 0.5438490509986877 0.09271052479743958 0.5 1.0 0.0
v 0.14655056595802307 0.5537759065628052 0.13572685420513153 0.5 1.0 0.0
v 0.16805872321128845 0.4495440423488617 0.19859686493873596 0.5 1.0 0.0
v 0.31034350395202637 0.6629711985588074 0.24326767027378082 0.5 1.0 0.0
v 0.24747347831726074 0.6728980541229248 0.19032450020313263 0.5 1.0 0.0
v 0.23092873394489288 0.6166459321975708 0.1803976595401764 0.5 1.0 0.0
v 0.30538007616996765 0.6679346561431885 0.24492214620113373 0.5 1.0 0.0
v 0.27559953927993774 0.6149914860725403 0.2366497665643692 0.5 1.0 0.0
v 0.2673271596431732 0.658007800579071 0.19694238901138306 0.5 1.0 0.0
v 0.22761979699134827 0.5438490509986877 0.22010503709316254 0.5 1.0 0.0
v 0.2954532206058502 0.6546988487243652 0.24657662212848663 0.5 1.0 0.0
v 0.27394506335258484 0.5901743769645691 0.24823109805583954 0.5 1.0 0.0
v 0.2066553235054016 0.5979882478713989 0.1770399659872055 0.5 1.0 0.0
v 0.09411044418811798 0.3636839687824249 0.1709301620721817 0.5 1.0 0.0
v -0.010547743178904057 0.6149151921272278 -0.03001314587891102 0.5 1.0 0.0
v 0.054530248045921326 0.2809812128543854 0.1689070463180542 0.5 1.0 0.0
v 0.19014741480350494 0.5405312180519104 0.1857544630765915 0.5 1.0 0.0
v 0.2744816243648529 0.6718138456344604 0.20876796543598175 0.5 1.0 0.0
v -0.12923769652843475 0.6118655800819397 -0.1380373239517212 0.5 1.0 0.0
v -0.28980302810668945 0.7834402322769165 -0.35730603337287903 0.5 1.0 0.0
v 0.10953313112258911 0.6746686100959778 0.05568984895944595 0.5 1.0 0.0
v -0.17466503381729126 0.7364576458930969 -0.23172758519649506 0.5 1.0 0.0
v -0.20934166014194489 0.6112585067749023 -0.21154692769050598 0.5 1.0 0.0
v 0.18701821565628052 0.38566330075263977 0.24733410775661469 0.5 1.0 0.0
v 0.1460087150335312 0.7743493914604187 0.04778733476996422 0.5 1.0 0.0
v 0.10563959926366806 0.27594488859176636 0.21806646883487701 0.5 1.0 0.0
v 0.30059629678726196 0.6351717710494995 0.24806685745716095 0.5 1.0 0.0
v -0.002763895085081458 0.2887730896472931 0.11290552467107773 0.5 1.0 0.0
v 0.17939075827598572 0.6890618801116943 0.11402604728937149 0.5 1.0 0.0
v -0.11220581084489822 0.458593487739563 -0.0585569329559803 0.5 1.0 0.0
v 0.09905016422271729 0.212110698223114 0.23856858909130096 0.5 1.0 0.0
v -0.09391479939222336 0.5516384243965149 -0.08044234663248062 0.5 1.0 0.0
v 0.2587755620479584 0.6729373931884766 0.19383767247200012 0.5 1.0 0.0
v -0.05392220616340637 0.23176299035549164 0.08952679485082626 0.5 1.0 0.0
v 0.22312699258327484 0.639427900314331 0.17495906352996826 0.5 1.0 0.0
v -0.02804190292954445 0.8383012413978577 -0.13910295069217682 0.5 1.0 0.0
v 0.15028426051139832 0.5559277534484863 0.1426386535167694 0.5 1.0 0.0
v 0.0726563036441803 0.6657294631004333 0.02545325644314289 0.5 1.0 0.0
v -0.04950449988245964 0.6204323172569275 -0.06818217784166336 0.5 1.0 0.0
v -0.12115494906902313 0.6720066070556641 -0.15562713146209717 0.5 1.0 0.0
v 0.047843948006629944 0.2804562449455261 0.16296860575675964 0.5 1.0 0.0
v -0.021314948797225952 0.28780698776245117 0.09622524678707123 0.5 1.0 0.0
v 0.07185741513967514 0.2841530442237854 0.18354225158691406 0.5 1.0 0.0
v 0.1564984768629074 0.4397471845149994 0.19671906530857086 0.5 1.0 0.0
v 0.27335745096206665 0.6716864705085754 0.20778581500053406 0.5 1.0 0.0
v -0.22063031792640686 0.6589885354042053 -0.2418087124824524 0.5 1.0 0.0
v 0.13353164494037628 0.3456959128379822 0.21471768617630005 0.5 1.0 0.0
v 0.08937603235244751 0.5338869690895081 0.09572650492191315 0.5 1.0 0.0
v -0.19364097714424133 0.6209796667098999 -0.201135516166687 0.5 1.0 0.0
v -0.012987756170332432 0.5774204134941101 -0.016653429716825485 0.5 1.0 0.0
v -0.07460789382457733 0.2571256458759308 0.05992196872830391 0.5 1.0 0.0
v 0.101996511220932 0.44381406903266907 0.14483913779258728 0.5 1.0 0.0
v -0.000359626195859164 0.2512156665325165 0.1307521015405655 0.5 1.0 0.0
v 0.1484573781490326 0.29831671714782715 0.24818256497383118 0.5 1.0 0.0
v -0.02802463248372078 0.10296566784381866 0.16698378324508667 0.5 1.0 0.0
v 0.07464785873889923 0.21359173953533173 0.2154817134141922 0.5 1.0 0.0
v -0.26177719235420227 0.7499386072158813 -0.3175544738769531 0.5 1.0 0.0
v 0.24827423691749573 0.590935230255127 0.21829968690872192 0.5 1.0 0.0
v -0.014735161326825619 0.23909445106983185 0.12255989015102386 0.5 1.0 0.0
v -0.027304787188768387 0.2530975937843323 0.105156809091568 0.5 1.0 0.0
v -0.031314268708229065 0.5158550143241882 -0.00790351815521717 0.5 1.0 0.0
v 0.23701047897338867 0.613067090511322 0.1987156718969345 0.5 1.0 0.0
v 0.01055985689163208 0.6359203457832336 -0.019319629296660423 0.5 1.0 0.0
v -0.11632408946752548 0.4797895550727844 -0.07117167115211487 0.5 1.0 0.0
v 0.09626370668411255 0.5722986459732056 0.08608069270849228 0.5 1.0 0.0
v 0.2611026167869568 0.5907970666885376 0.23016999661922455 0.5 1.0 0.0
v 0.027227357029914856 0.7345540523529053 -0.045026231557130814 0.5 1.0 0.0
v -0.038848862051963806 0.19448690116405487 0.11892234534025192 0.5 1.0 0.0
v -0.16193385422229767 0.7259258031845093 -0.21562060713768005 0.5 1.0 0.0
v 0.03556600958108902 0.1730702668428421 0.1963602602481842 0.5 1.0 0.0
v 0.029034722596406937 0.772100031375885 -0.058989837765693665 0.5 1.0 0.0
v 0.06911809742450714 0.6224067211151123 0.0402274951338768 0.5 1.0 0.0
v 0.002243162365630269 0.1673782765865326 0.16804470121860504 0.5 1.0 0.0
v -0.1629672646522522 0.5530649423599243 -0.1446218341588974 0.5 1.0 0.0
v 0.05614649876952171 0.8071532845497131 -0.048614732921123505 0.5 1.0 0.0
v 0.11187413334846497 0.3363747298717499 0.19865454733371735 0.5 1.0 0.0
v -0.014983704313635826 0.14140722155570984 0.16299165785312653 0.5 1.0 0.0
v -0.13900527358055115 0.3869515061378479 -0.05341498926281929 0.5 1.0 0.0
v -0.2112748622894287 0.6837716698646545 -0.2435094565153122 0.5 1.0 0.0
v 0.012655421160161495 0.21333152055740356 0.1585053950548172 0.5 1.0 0.0
v -0.06834618747234344 0.31434693932533264 0.04187057167291641 0.5 1.0 0.0
v -0.0371084064245224 0.822330892086029 -0.14080427587032318 0.5 1.0 0.0
v 0.1569017767906189 0.39529621601104736 0.2155923992395401 0.5 1.0 0.0
v 0.0016012986889109015 0.23032920062541962 0.14125141501426697 0.5 1.0 0.0
v -0.13489557802677155 0.5323406457901001 -0.11014639586210251 0.5 1.0 0.0
v 0.03502955660223961 0.7260640859603882 -0.03430793061852455 0.5 1.0 0.0
v -0.2459954172372818 0.7713475227355957 -0.3119331896305084 0.5 1.0 0.0
v 0.1506258249282837 0.406951904296875 0.20496180653572083 0.5 1.0 0.0
v 0.09178169816732407 0.7790822386741638 -0.004116618540138006 0.5 1.0 0.0
v 0.11371444910764694 0.3011954426765442 0.21499194204807281 0.5 1.0 0.0
v -0.06450352072715759 0.21966557204723358 0.0848185196518898 0.5 1.0 0.0
v -0.04325141757726669 0.5352991819381714 -0.026988938450813293 0.5 1.0 0.0
v -0.007779747247695923 0.054799169301986694 0.205674409866333 0.5 1.0 0.0
v 0.20825327932834625 0.6396576166152954 0.16116724908351898 0.5 1.0 0.0
v 0.030855879187583923 0.7811674475669861 -0.0610869936645031 0.5 1.0 0.0
v -0.08903829753398895 0.556877613067627 -0.07813262194395065 0.5 1.0 0.0
v 0.27855387330055237 0.5998000502586365 0.24249233305454254 0.5 1.0 0.0
v 0.02790573611855507 0.5192501544952393 0.04521499574184418 0.5 1.0 0.0
v -0.041018109768629074 0.6522025465965271 -0.0735914558172226 0.5 1.0 0.0
v -0.23102974891662598 0.6105866432189941 -0.23123836517333984 0.5 1.0 0.0
v 0.2269260585308075 0.5240085124969482 0.22649869322776794 0.5 1.0 0.0
v 0.24580740928649902 0.5920045375823975 0.21558310091495514 0.5 1.0 0.0
v -0.060440175235271454 0.5111662149429321 -0.03277195245027542 0.5 1.0 0.0
v 0.1638202667236328 0.3453041613101959 0.2427714765071869 0.5 1.0 0.0
v 0.10321840643882751 0.5267999172210693 0.11142285168170929 0.5 1.0 0.0
v -0.09348762035369873 0.6074329614639282 -0.10327249020338058 0.5 1.0 0.0
v 0.22845710813999176 0.4982563555240631 0.23862744867801666 0.5 1.0 0.0
v 0.017319951206445694 0.5537611246109009 0.021102651953697205 0.5 1.0 0.0
v -0.1592874825000763 0.5117252469062805 -0.12402643263339996 0.5 1.0 0.0
v -0.0718742311000824 0.3610195517539978 0.01919517107307911 0.5 1.0 0.0
v -0.2233375906944275 0.6540592312812805 -0.24224990606307983 0.5 1.0 0.0
v -0.0057737333700060844 0.4455234408378601 0.04488932713866234 0.5 1.0 0.0
v 0.08285994827747345 0.5443612933158875 0.08536651730537415 0.5 1.0 0.0
v 0.050002530217170715 0.07247206568717957 0.2515261471271515 0.5 1.0 0.0
v 0.04303934797644615 0.2741430997848511 0.16117210686206818 0.5 1.0 0.0
v -0.25968801975250244 0.7591167092323303 -0.31945091485977173 0.5 1.0 0.0
v 0.13781233131885529 0.6847267150878906 0.07754373550415039 0.5 1.0 0.0
v -0.1371552050113678 0.6777350306510925 -0.17274504899978638 0.5 1.0 0.0
v -0.17918477952480316 0.5795129537582397 -0.1705639809370041 0.5 1.0 0.0
v 0.16814666986465454 0.6529951095581055 0.11868429183959961 0.5 1.0 0.0
v 0.012903070077300072 0.4239553213119507 0.07106488943099976 0.5 1.0 0.0
v 0.15732650458812714 0.6599202752113342 0.10583827644586563 0.5 1.0 0.0
v 0.22507739067077637 0.7416375279426575 0.13421207666397095 0.5 1.0 0.0
v -0.03852173313498497 0.5951870679855347 -0.04756098613142967 0.5 1.0 0.0
v 0.15689809620380402 0.6820371747016907 0.09623799473047256 0.5 1.0 0.0
v -0.07976134866476059 0.6125102639198303 -0.09274623543024063 0.5 1.0 0.0
v 0.08623404055833817 0.6502715349197388 0.044390175491571426 0.5 1.0 0.0
v 0.0504717119038105 0.4336196184158325 0.10163670778274536 0.5 1.0 0.0
v -0.13352175056934357 0.6069358587265015 -0.13993029296398163 0.5 1.0 0.0
v -0.0403749980032444 0.7376300692558289 -0.10855698585510254 0.5 1.0 0.0
v 0.011949935927987099 0.6200516819953918 -0.011434536427259445 0.5 1.0 0.0
v -0.04462340101599693 0.2479461431503296 0.09135346859693527 0.5 1.0 0.0
v 0.13995134830474854 0.28144022822380066 0.24737448990345 0.5 1.0 0.0
v 0.10653719305992126 0.2650573253631592 0.2234247624874115 0.5 1.0 0.0
v 0.06030457466840744 0.6249624490737915 0.03104795143008232 0.5 1.0 0.0
v -0.006302893627434969 0.18070431053638458 0.15462848544120789 0.5 1.0 0.0
v 0.3284037113189697 0.6934249997138977 0.24942587316036224 0.5 1.0 0.0
v 0.10901886224746704 0.47966229915618896 0.13638433814048767 0.5 1.0 0.0
v 0.25133076310157776 0.5144153237342834 0.2529643476009369 0.5 1.0 0.0
v -0.08244051039218903 0.6591835618019104 -0.1146402657032013 0.5 1.0 0.0
v 0.12392788380384445 0.38821476697921753 0.1881764978170395 0.5 1.0 0.0
v -0.024417482316493988 0.6520571112632751 -0.05824453756213188 0.5 1.0 0.0
v -0.019920261576771736 0.6379255056381226 -0.04822130873799324 0.5 1.0 0.0
v -0.0021292625460773706 0.394410640001297 0.06952010095119476 0.5 1.0 0.0
v 0.1162215918302536 0.40190863609313965 0.17538046836853027 0.5 1.0 0.0
v -0.004561294801533222 0.368075430393219 0.07824219763278961 0.5 1.0 0.0
v 0.04865046218037605 0.4502437114715576 0.09304014593362808 0.5 1.0 0.0
v 0.13050194084644318 0.5887897610664368 0.11074421554803848 0.5 1.0 0.0
v 0.1305915266275406 0.642437219619751 0.0884968638420105 0.5 1.0 0.0
v 0.05144789069890976 0.24140100181102753 0.1825433075428009 0.5 1.0 0.0
v 0.12057210505008698 0.7198970913887024 0.04702930524945259 0.5 1.0 0.0
v -0.1637483835220337 0.659512460231781 -0.18964806199073792 0.5 1.0 0.0
v -0.10684024542570114 0.5680303573608398 -0.0991673618555069 0.5 1.0 0.0
v 0.07504363358020782 0.2166135460138321 0.21458837389945984 0.5 1.0 0.0
v 0.3156369924545288 0.6792137026786804 0.24358506500720978 0.5 1.0 0.0
v -0.006438044831156731 0.813154399394989 -0.10874247550964355 0.5 1.0 0.0
v -0.0432717427611351 0.34670528769493103 0.05149132385849953 0.5 1.0 0.0
v 0.015108620747923851 0.45989421010017395 0.05813688784837723 0.5 1.0 0.0
v -0.03621791675686836 0.7049437761306763 -0.09112390875816345 0.5 1.0 0.0
v 0.1299229860305786 0.5636565685272217 0.1206723302602768 0.5 1.0 0.0
v 0.15501093864440918 0.49508169293403625 0.1723172515630722 0.5 1.0 0.0
v 0.06883572041988373 0.5857259035110474 0.05523524433374405 0.5 1.0 0.0
v 0.27239811420440674 0.6454203128814697 0.21783527731895447 0.5 1.0 0.0
v 0.1253141462802887 0.6189519762992859 0.0934126153588295 0.5 1.0 0.0
v 0.04415741562843323 0.3788330852985382 0.11862625181674957 0.5 1.0 0.0
v 0.2510937452316284 0.547001302242279 0.2391827553510666 0.5 1.0 0.0
v -0.13697385787963867 0.41913267970085144 -0.06493926048278809 0.5 1.0 0.0
v -0.03217605873942375 0.6357702612876892 -0.0586097426712513 0.5 1.0 0.0
v 0.12400463968515396 0.5284830331802368 0.1298629194498062 0.5 1.0 0.0
v 0.008308370597660542 0.009972404688596725 0.23914723098278046 0.5 1.0 0.0
v -0.25548118352890015 0.685418426990509 -0.28490149974823 0.5 1.0 0.0
v 0.060763344168663025 0.6556467413902283 0.018698591738939285 0.5 1.0 0.0
v 0.030789997428655624 0.2141575813293457 0.17486046254634857 0.5 1.0 0.0
v 0.23604486882686615 0.5295416712760925 0.23259252309799194 0.5 1.0 0.0
v 0.25909721851348877 0.7066491842269897 0.1801018863916397 0.5 1.0 0.0
v -0.010901309549808502 0.503268837928772 0.016132161021232605 0.5 1.0 0.0
v -0.035103969275951385 0.6818851828575134 -0.08050040900707245 0.5 1.0 0.0
v 0.1482974737882614 0.617788553237915 0.11506066471338272 0.5 1.0 0.0
v -0.1460864245891571 0.4771106541156769 -0.0974627360701561 0.5 1.0 0.0
v -0.01810346730053425 0.6408976912498474 -0.04778546094894409 0.5 1.0 0.0
v 0.10149720311164856 0.4202447533607483 0.15418967604637146 0.5 1.0 0.0
v 0.2157357931137085 0.6477776765823364 0.16467757523059845 0.5 1.0 0.0
v 0.043394625186920166 0.7820464968681335 -0.04990681633353233 0.5 1.0 0.0
v 0.011110799387097359 0.3579564392566681 0.09688542038202286 0.5 1.0 0.0
v -0.10415929555892944 0.48078927397727966 -0.0603860504925251 0.5 1.0 0.0
v 0.1157929003238678 0.3659883737564087 0.18993690609931946 0.5 1.0 0.0
v -0.21403096616268158 0.6661900877952576 -0.2387293130159378 0.5 1.0 0.0
v 0.1141619011759758 0.2547784149646759 0.2347242683172226 0.5 1.0 0.0
v 0.007086746394634247 0.001199284102767706 0.24167397618293762 0.5 1.0 0.0
v -0.07675600051879883 0.4778655171394348 -0.03393525257706642 0.5 1.0 0.0
v -0.08828077465295792 0.6462189555168152 -0.11462186276912689 0.5 1.0 0.0
v 0.03041044995188713 0.41985023021698 0.08889491856098175 0.5 1.0 0.0
v -0.19402629137039185 0.7020967602729797 -0.23525390028953552 0.5 1.0 0.0
v 0.07865151762962341 0.1873379349708557 0.23009610176086426 0.5 1.0 0.0
v -0.017849233001470566 0.8418365120887756 -0.13118869066238403 0.5 1.0 0.0
v 0.0054810005240142345 0.08189961314201355 0.2066052407026291 0.5 1.0 0.0
v 0.050491850823163986 0.09322597086429596 0.24333827197551727 0.5 1.0 0.0
v 0.2531135678291321 0.5181241035461426 0.25306230783462524 0.5 1.0 0.0
v -0.06173110008239746 0.3022226095199585 0.05300850793719292 0.5 1.0 0.0
v -0.10799425095319748 0.36386343836784363 -0.015249027870595455 0.5 1.0 0.0
v -0.07611048221588135 0.313831627368927 0.034935448318719864 0.5 1.0 0.0
v 0.052327267825603485 0.6488020420074463 0.013779360800981522 0.5 1.0 0.0
v 0.13930368423461914 0.46014484763145447 0.17239537835121155 0.5 1.0 0.0
v 0.21650466322898865 0.7078738808631897 0.14037156105041504 0.5 1.0 0.0
v -0.015345237217843533 0.4227564334869385 0.04555195942521095 0.5 1.0 0.0
v 0.06920786947011948 0.5722299814224243 0.06119536980986595 0.5 1.0 0.0
v -0.0610685721039772 0.24641859531402588 0.07684604823589325 0.5 1.0 0.0
v 0.01132221333682537 0.5174208283424377 0.030705777928233147 0.5 1.0 0.0
v 0.26517459750175476 0.6238120794296265 0.22017765045166016 0.5 1.0 0.0
v -0.048519473522901535 0.7005200982093811 -0.10061031579971313 0.5 1.0 0.0
v 0.1759536862373352 0.4434047341346741 0.21311163902282715 0.5 1.0 0.0
v 0.12050197273492813 0.3219430446624756 0.212606281042099 0.5 1.0 0.0
v 0.18529805541038513 0.6857708692550659 0.12083552032709122 0.5 1.0 0.0
v 0.1758510321378708 0.3934546709060669 0.2338079810142517 0.5 1.0 0.0
v 0.10078005492687225 0.2811374366283417 0.21143032610416412 0.5 1.0 0.0
v -0.07749263197183609 0.42539164423942566 -0.012772222980856895 0.5 1.0 0.0
v 0.058513227850198746 0.20178280770778656 0.20553968846797943 0.5 1.0 0.0
v 0.0018906625919044018 0.2228131890296936 0.1446462720632553 0.5 1.0 0.0
v 0.14302566647529602 0.5616111755371094 0.13358907401561737 0.5 1.0 0.0
v 0.09348022937774658 0.32655027508735657 0.18580611050128937 0.5 1.0 0.0
v -0.1905478686094284 0.578770101070404 -0.18071827292442322 0.5 1.0 0.0
v 0.126392662525177 0.4531002640724182 0.16343866288661957 0.5 1.0 0.0
v -0.227565735578537 0.6674013137817383 -0.25169673562049866 0.5 1.0 0.0
v -0.03212089091539383 0.7037533521652222 -0.08685574680566788 0.5 1.0 0.0
v 0.1435612142086029 0.4564474821090698 0.17785480618476868 0.5 1.0 0.0
v 0.04873194545507431 0.5476243495941162 0.05258216708898544 0.5 1.0 0.0
v 0.013473302125930786 0.07921186834573746 0.2150835245847702 0.5 1.0 0.0
v -0.03896498307585716 0.7830937504768372 -0.12618207931518555 0.5 1.0 0.0
v -0.041053470224142075 0.5308139324188232 -0.023098096251487732 0.5 1.0 0.0
v 0.013296924531459808 0.08255558460950851 0.21352934837341309 0.5 1.0 0.0
v 0.11933522671461105 0.5531710982322693 0.11528719961643219 0.5 1.0 0.0
v 0.16185146570205688 0.5860000848770142 0.1407730132341385 0.5 1.0 0.0
v 0.038162048906087875 0.698351263999939 -0.019888440147042274 0.5 1.0 0.0
v -0.1257922351360321 0.6244356632232666 -0.14009670913219452 0.5 1.0 0.0
v 0.024269863963127136 0.711644172668457 -0.03821375593543053 0.5 1.0 0.0
v -0.06372798979282379 0.5650554299354553 -0.058229945600032806 0.5 1.0 0.0
v 0.3016659617424011 0.6736907362937927 0.23301896452903748 0.5 1.0 0.0
v 0.2550177276134491 0.5634204745292664 0.2359618842601776 0.5 1.0 0.0
v -0.174778014421463 0.5972775220870972 -0.1739002764225006 0.5 1.0 0.0
v -0.003740907646715641 0.12500788271427155 0.18017032742500305 0.5 1.0 0.0
v -0.08918764442205429 0.6755199432373047 -0.12765297293663025 0.5 1.0 0.0
v 0.2333248108625412 0.6960265636444092 0.1607913374900818 0.5 1.0 0.0
v -0.1028459295630455 0.7089493870735168 -0.15414439141750336 0.5 1.0 0.0
v -0.14235566556453705 0.40576592087745667 -0.06433131545782089 0.5 1.0 0.0
v -0.16524262726306915 0.4639199674129486 -0.10961198806762695 0.5 1.0 0.0
v 0.10153814405202866 0.2946069538593292 0.20652195811271667 0.5 1.0 0.0
v 0.1662002056837082 0.6654619574546814 0.11170283704996109 0.5 1.0 0.0
v 0.03174477070569992 0.483980655670166 0.06343042105436325 0.5 1.0 0.0
v -0.09721138328313828 0.42389002442359924 -0.030304862186312675 0.5 1.0 0.0
v -0.05211713910102844 0.1775428205728531 0.1137571707367897 0.5 1.0 0.0
v -0.11053142696619034 0.6260528564453125 -0.12671718001365662 0.5 1.0 0.0
v 0.12725019454956055 0.5898305177688599 0.10731670260429382 0.5 1.0 0.0
v -0.05219569429755211 0.19929300248622894 0.1046316921710968 0.5 1.0 0.0
v 0.17939743399620056 0.6940580010414124 0.11195264756679535 0.5 1.0 0.0
v -0.15909506380558014 0.5652754902839661 -0.14613860845565796 0.5 1.0 0.0
v -0.06423036754131317 0.18174074590206146 0.10085561126470566 0.5 1.0 0.0
v 0.13879480957984924 0.4543650150299072 0.17433252930641174 0.5 1.0 0.0
v -0.015583842992782593 0.4087754786014557 0.0511515811085701 0.5 1.0 0.0
v 0.040651824325323105 0.7642344236373901 -0.0450185127556324 0.5 1.0 0.0
v 0.12929582595825195 0.5028905868530273 0.14538763463497162 0.5 1.0 0.0
v 0.008536185137927532 0.02757413499057293 0.23203060030937195 0.5 1.0 0.0
v 0.02606799826025963 0.5579345226287842 0.027421027421951294 0.5 1.0 0.0
v -0.10934904962778091 0.7198737263679504 -0.16467973589897156 0.5 1.0 0.0
v -0.0046647684648633 0.3273575007915497 0.09509504586458206 0.5 1.0 0.0
v -0.17105872929096222 0.4693036675453186 -0.11720851063728333 0.5 1.0 0.0
v 0.014818917959928513 0.6301432251930237 -0.012993098236620426 0.5 1.0 0.0
v -0.015906669199466705 0.5408079624176025 -0.004101958591490984 0.5 1.0 0.0
v -0.17688916623592377 0.688782811164856 -0.21393181383609772 0.5 1.0 0.0
v -0.08092617243528366 0.5167298913002014 -0.05395190045237541 0.5 1.0 0.0
v 0.14517050981521606 0.37912845611572266 0.21151940524578094 0.5 1.0 0.0
v -0.08924473077058792 0.45948728919029236 -0.03778565675020218 0.5 1.0 0.0
v -0.18130435049533844 0.5294294953346252 -0.15166935324668884 0.5 1.0 0.0
v 0.24507158994674683 0.5745512247085571 0.2221701741218567 0.5 1.0 0.0
v 0.039360467344522476 0.6748170852661133 -0.008989191614091396 0.5 1.0 0.0
v 0.029925396665930748 0.6620628237724304 -0.012368562631309032 0.5 1.0 0.0
v 0.010940445587038994 0.10625334829092026 0.20149564743041992 0.5 1.0 0.0
v -0.03771559149026871 0.2493746131658554 0.09711983054876328 0.5 1.0 0.0
v -0.013689203187823296 0.2673957943916321 0.11174309253692627 0.5 1.0 0.0
v 0.1461257040500641 0.4548949897289276 0.18086247146129608 0.5 1.0 0.0
v 0.025668209418654442 0.28427594900131226 0.14095857739448547 0.5 1.0 0.0
v -0.21070140600204468 0.6618478298187256 -0.2338559627532959 0.5 1.0 0.0
v 0.10822165757417679 0.21385422348976135 0.24628828465938568 0.5 1.0 0.0
v -0.018828408792614937 0.17994047701358795 0.1434125155210495 0.5 1.0 0.0
v 0.17199662327766418 0.3725111484527588 0.2389761060476303 0.5 1.0 0.0
v -0.1195845678448677 0.38868987560272217 -0.03625534102320671 0.5 1.0 0.0
v 0.02328266017138958 0.32845112681388855 0.12037473917007446 0.5 1.0 0.0
v -0.01664056070148945 0.6011164784431458 -0.029880134388804436 0.5 1.0 0.0
v 0.011285237967967987 0.6330681443214417 -0.017464492470026016 0.5 1.0 0.0
v -0.07251680642366409 0.2775484025478363 0.053346898406744 0.5 1.0 0.0
v 0.10552238672971725 0.441750168800354 0.1489449441432953 0.5 1.0 0.0
v 0.0860714316368103 0.38330745697021484 0.1553596556186676 0.5 1.0 0.0
v 0.03161105141043663 0.07659254968166351 0.23287560045719147 0.5 1.0 0.0
v -0.10976815968751907 0.5826202034950256 -0.10793624818325043 0.5 1.0 0.0
v 0.2462863326072693 0.5618360042572021 0.22858121991157532 0.5 1.0 0.0
v -0.15514756739139557 0.5509980916976929 -0.13656090199947357 0.5 1.0 0.0
v -0.028041891753673553 0.7892435789108276 -0.11868352442979813 0.5 1.0 0.0
v 0.14360453188419342 0.34143173694610596 0.22576802968978882 0.5 1.0 0.0
v -0.04294160380959511 0.7524185180664062 -0.1170758381485939 0.5 1.0 0.0
v -0.0335053987801075 0.4065698981285095 0.035566866397857666 0.5 1.0 0.0
v 0.1487247198820114 0.4866376221179962 0.17004339396953583 0.5 1.0 0.0
v 0.03865157812833786 0.3108181059360504 0.14186637103557587 0.5 1.0 0.0
v 0.02068110927939415 0.5280967950820923 0.03488007187843323 0.5 1.0 0.0
v 0.09789466857910156 0.596148669719696 0.0776553601026535 0.5 1.0 0.0
v -0.1498817801475525 0.6757342219352722 -0.1836312711238861 0.5 1.0 0.0
v 0.19790372252464294 0.43215683102607727 0.23800569772720337 0.5 1.0 0.0
v -0.12885403633117676 0.39121565222740173 -0.04584228992462158 0.5 1.0 0.0
v -0.11300864815711975 0.5628836750984192 -0.1027052029967308 0.5 1.0 0.0
v 0.1899576187133789 0.4053710699081421 0.2418377846479416 0.5 1.0 0.0
v 0.03797204792499542 0.4809834361076355 0.07041223347187042 0.5 1.0 0.0
v -0.09854764491319656 0.673694908618927 -0.1355123370885849 0.5 1.0 0.0
v 0.007294426206499338 0.8219249248504639 -0.09974774718284607 0.5 1.0 0.0
v 0.17732539772987366 0.7510536313056946 0.08632118254899979 0.5 1.0 0.0
v 0.004667897243052721 0.4569631814956665 0.049742721021175385 0.5 1.0 0.0
v 0.0012571885017678142 0.4547363817691803 0.04752890020608902 0.5 1.0 0.0
v 0.05412926897406578 0.6737430691719055 0.005057433620095253 0.5 1.0 0.0
v -0.18884027004241943 0.7572982311248779 -0.25345513224601746 0.5 1.0 0.0
v 0.05266953259706497 0.3770211338996887 0.12721867859363556 0.5 1.0 0.0
v -0.16088470816612244 0.5821716785430908 -0.1548193246126175 0.5 1.0 0.0
v 0.12865498661994934 0.4944634735584259 0.14830516278743744 0.5 1.0 0.0
v -0.18245072662830353 0.540810227394104 -0.157462015748024 0.5 1.0 0.0
v -0.118443563580513 0.6374853253364563 -0.138761505484581 0.5 1.0 0.0
v -0.10661029815673828 0.6084275245666504 -0.11577024310827255 0.5 1.0 0.0
v -0.0004171397886238992 0.44856151938438416 0.04855731502175331 0.5 1.0 0.0
v -0.012523621320724487 0.7398673892021179 -0.08384179323911667 0.5 1.0 0.0
v 0.21366393566131592 0.6247509717941284 0.17235419154167175 0.5 1.0 0.0
v 0.19604933261871338 0.640421450138092 0.14961154758930206 0.5 1.0 0.0
v 0.0767451599240303 0.3045613467693329 0.17954842746257782 0.5 1.0 0.0
v -0.1406388282775879 0.5047141313552856 -0.10393588244915009 0.5 1.0 0.0
v -0.2116026133298874 0.7207089066505432 -0.2591857314109802 0.5 1.0 0.0
v -0.26416438817977905 0.7144080400466919 -0.30496370792388916 0.5 1.0 0.0
v 0.16660790145397186 0.5428459048271179 0.16311508417129517 0.5 1.0 0.0
v -0.09448359906673431 0.6467106342315674 -0.12053827196359634 0.5 1.0 0.0
v -0.020520344376564026 0.452068030834198 0.028586100786924362 0.5 1.0 0.0
v -0.019165094941854477 0.2173582762479782 0.12752796709537506 0.5 1.0 0.0
v 0.11977902054786682 0.4381798505783081 0.1635589897632599 0.5 1.0 0.0
v 0.09223223477602005 0.6074730753898621 0.06772761791944504 0.5 1.0 0.0
v 0.1336485892534256 0.7413437962532043 0.05014374852180481 0.5 1.0 0.0
v 0.12996798753738403 0.2722160518169403 0.2420208901166916 0.5 1.0 0.0
v -0.09837403893470764 0.49741509556770325 -0.061979010701179504 0.5 1.0 0.0
v -0.18925607204437256 0.5954670906066895 -0.18647857010364532 0.5 1.0 0.0
v 0.08344604820013046 0.581249475479126 0.07055213302373886 0.5 1.0 0.0
v 0.001754861674271524 0.12847377359867096 0.18378838896751404 0.5 1.0 0.0
v -0.0873989462852478 0.34688082337379456 0.01078451331704855 0.5 1.0 0.0
v -0.1474166363477707 0.403789222240448 -0.06816884875297546 0.5 1.0 0.0
v -0.1574217528104782 0.6264290809631348 -0.1700519174337387 0.5 1.0 0.0
v -0.008917133323848248 0.14876145124435425 0.16551688313484192 0.5 1.0 0.0
v 0.2595670223236084 0.6507900357246399 0.20378494262695312 0.5 1.0 0.0
v 0.13142536580562592 0.7432305216789246 0.0473112128674984 0.5 1.0 0.0
v 0.05434049665927887 0.5688629746437073 0.04890647530555725 0.5 1.0 0.0
v 0.04232298210263252 0.6176779270172119 0.017521973699331284 0.5 1.0 0.0
v 0.2567664086818695 0.6870176196098328 0.1861269325017929 0.5 1.0 0.0
v 0.028076624497771263 0.6581798195838928 -0.01245473325252533 0.5 1.0 0.0
v -0.016870057210326195 0.4759901463985443 0.021990235894918442 0.5 1.0 0.0
v 0.2571258246898651 0.6762648224830627 0.19093354046344757 0.5 1.0 0.0
v 0.006933580618351698 0.6358975768089294 -0.022649327293038368 0.5 1.0 0.0
v 0.005740898195654154 0.4563717246055603 0.050976961851119995 0.5 1.0 0.0
v 0.010163475759327412 0.7169495820999146 -0.05341164022684097 0.5 1.0 0.0
v -0.0318279042840004 0.5544604659080505 -0.02444535121321678 0.5 1.0 0.0
v 0.043577004224061966 0.10903937369585037 0.2303887903690338 0.5 1.0 0.0
v -0.2084706723690033 0.6569902896881104 -0.22977997362613678 0.5 1.0 0.0
v -0.06627114117145538 0.7315602898597717 -0.1298765391111374 0.5 1.0 0.0
v 0.05656948685646057 0.20798751711845398 0.20116722583770752 0.5 1.0 0.0
v -0.11982204765081406 0.5542661547660828 -0.10539230704307556 0.5 1.0 0.0
v -0.14790794253349304 0.525801420211792 -0.11940673738718033 0.5 1.0 0.0
v 0.15145660936832428 0.3530472218990326 0.2281637340784073 0.5 1.0 0.0
v 0.08464585244655609 0.44931742548942566 0.1265714019536972 0.5 1.0 0.0
v -0.2781764268875122 0.7480106949806213 -0.3318529427051544 0.5 1.0 0.0
v -0.07420827448368073 0.6655540466308594 -0.10971137136220932 0.5 1.0 0.0
v -0.10127619653940201 0.303712397813797 0.01597401313483715 0.5 1.0 0.0
v 0.030443374067544937 0.10648156702518463 0.21935957670211792 0.5 1.0 0.0
v 0.12596726417541504 0.5596596598625183 0.11869342625141144 0.5 1.0 0.0
v 0.05319112166762352 0.2509610652923584 0.18016931414604187 0.5 1.0 0.0
v -0.015314954333007336 0.6008154153823853 -0.028534160926938057 0.5 1.0 0.0
v -0.12151391059160233 0.6357622742652893 -0.1408715844154358 0.5 1.0 0.0
v -0.009032690897583961 0.40339332818984985 0.05942431092262268 0.5 1.0 0.0
v 0.8331573009490967 0.27913323044776917 -0.35730642080307007 0.0 1.0 1.0
v 0.8315028548240662 0.26920637488365173 -0.35234302282333374 0.0 1.0 1.0
v 0.13993266224861145 0.03427105024456978 0.1572350114583969 0.0 1.0 1.0
v 0.8099946975708008 0.27747875452041626 -0.347379595041275 0.0 1.0 1.0
v 0.7603604793548584 0.2576250433921814 -0.30270877480506897 0.0 1.0 1.0
v 0.30538007616996765 0.0938321202993393 0.03811287879943848 0.0 1.0 1.0
v 0.5833317041397095 0.18482819199562073 -0.1736598014831543 0.0 1.0 1.0
v 0.4625551104545593 0.1467752903699875 -0.08762715011835098 0.0 1.0 1.0
v 0.3219248056411743 0.10541343688964844 0.026531560346484184 0.0 1.0 1.0
v 0.3781769275665283 0.12030370533466339 -0.01152134407311678 0.0 1.0 1.0
v 0.3748679757118225 0.11534028500318527 -0.023102663457393646 0.0 1.0 1.0
v 0.6230391263961792 0.19971846044063568 -0.2017858624458313 0.0 1.0 1.0
v 0.19949373602867126 0.2625884711742401 0.19363345205783844 0.0 1.0 1.0
v 0.0985708087682724 0.14015740156173706 0.2383042424917221 0.0 1.0 1.0
v 0.1829489916563034 0.2857511043548584 0.22175951302051544 0.0 1.0 1.0
v 0.12007897347211838 0.08721422404050827 0.19694238901138306 0.0 1.0 1.0
v 0.06879027932882309 0.04254342243075371 0.22175951302051544 0.0 1.0 1.0
v 0.07871711999177933 0.04750684276223183 0.22010503709316254 0.0 1.0 1.0
v 0.1283513456583023 0.24273478984832764 0.2366497665643692 0.0 1.0 1.0
v 0.08864396810531616 0.039234474301338196 0.20190581679344177 0.0 1.0 1.0
v 0.11842449754476547 0.13188502192497253 0.211832657456398 0.0 1.0 1.0
v 0.13827818632125854 0.19144609570503235 0.21679608523845673 0.0 1.0 1.0
v 0.1531684547662735 0.2576250433921814 0.23334082961082458 0.0 1.0 1.0
v 0.16474977135658264 0.2030274122953415 0.20521476864814758 0.0 1.0 1.0
v 0.19949373602867126 0.29898691177368164 0.21348713338375092 0.0 1.0 1.0
v 0.2971076965332031 0.6116825342178345 0.24988555908203125 0.0 1.0 1.0
v 0.2325832098722458 0.38171061873435974 0.21514160931110382 0.0 1.0 1.0
v 0.21603846549987793 0.3221495449542999 0.2068692445755005 0.0 1.0 1.0
v 0.33185166120529175 0.5471580028533936 0.20190581679344177 0.0 1.0 1.0
v 0.30207112431526184 0.49421486258506775 0.20521476864814758 0.0 1.0 1.0
v 0.25243690609931946 0.4263814091682434 0.22010503709316254 0.0 1.0 1.0
v 0.2127295285463333 0.33207640051841736 0.21845056116580963 0.0 1.0 1.0
v 0.24416452646255493 0.4578164219856262 0.2349953055381775 0.0 1.0 1.0
v 0.24581900238990784 0.35193008184432983 0.19859686493873596 0.0 1.0 1.0
v 0.25243690609931946 0.5074506402015686 0.24161319434642792 0.0 1.0 1.0
v 0.2640182077884674 0.4545074701309204 0.21514160931110382 0.0 1.0 1.0
v 0.1515139788389206 0.0938321202993393 0.17212527990341187 0.0 1.0 1.0
v 0.13827818632125854 0.04254342243075371 0.17047080397605896 0.0 1.0 1.0
v 0.06879027932882309 0.027653153985738754 0.22837740182876587 0.0 1.0 1.0
v 0.1796400398015976 0.10045001655817032 0.155580535531044 0.0 1.0 1.0
v 0.1498595029115677 0.08721422404050827 0.16385291516780853 0.0 1.0 1.0
v 0.1283513456583023 0.08555974811315536 0.183706596493721 0.0 1.0 1.0
v 0.16144081950187683 0.08721422404050827 0.1539260596036911 0.0 1.0 1.0
v 0.18625794351100922 0.09879554063081741 0.14565369486808777 0.0 1.0 1.0
v 0.6759822964668274 0.3403487503528595 -0.20674929022789001 0.0 1.0 1.0
v 0.6610919833183289 0.282442182302475 -0.21833060681819916 0.0 1.0 1.0
v 0.6462017297744751 0.22784452140331268 -0.22329403460025787 0.0 1.0 1.0
v 0.6064943671226501 0.320495069026947 -0.14057032763957977 0.0 1.0 1.0
v 0.5734049081802368 0.2013729363679886 -0.16538743674755096 0.0 1.0 1.0
v 0.5783683061599731 0.38667404651641846 -0.08928162604570389 0.0 1.0 1.0
v 0.5618235468864441 0.32711297273635864 -0.11244426667690277 0.0 1.0 1.0
v 0.5452788472175598 0.2658974230289459 -0.10251741856336594 0.0 1.0 1.0
v 0.5287340879440308 0.2079908400774002 -0.13229794800281525 0.0 1.0 1.0
v 0.5270795822143555 0.404873251914978 -0.04626530036330223 0.0 1.0 1.0
v 0.5121893286705017 0.3469666540622711 -0.05122872442007065 0.0 1.0 1.0
v 0.49729907512664795 0.2907145321369171 -0.05950109288096428 0.0 1.0 1.0
v 0.4807543158531189 0.2328079491853714 -0.07439135760068893 0.0 1.0 1.0
v 0.46586406230926514 0.1782103031873703 -0.08266372978687286 0.0 1.0 1.0
v 0.44601038098335266 0.36020246148109436 0.005023397039622068 0.0 1.0 1.0
v 0.4311200976371765 0.3089137673377991 0.008332345634698868 0.0 1.0 1.0
v 0.41457536816596985 0.24769821763038635 0.005023397039622068 0.0 1.0 1.0
v 0.38314035534858704 0.13353949785232544 -0.028066085651516914 0.0 1.0 1.0
v 0.35501429438591003 0.26920637488365173 0.059621043503284454 0.0 1.0 1.0
v 0.33681508898735046 0.2063363641500473 0.04142182692885399 0.0 1.0 1.0
v 0.3219248056411743 0.1517387181520462 0.043076302856206894 0.0 1.0 1.0
v 0.2921442687511444 0.22122663259506226 0.09271052479743958 0.0 1.0 1.0
v 0.27559953927993774 0.16497451066970825 0.08940158039331436 0.0 1.0 1.0
v 0.2590548098087311 0.10541343688964844 0.07947473227977753 0.0 1.0 1.0
v 0.24581900238990784 0.19310057163238525 0.12249106168746948 0.0 1.0 1.0
v 0.22927425801753998 0.13188502192497253 0.10760079324245453 0.0 1.0 1.0
v 0.21438400447368622 0.07728737592697144 0.11752763390541077 0.0 1.0 1.0
v 0.722307562828064 0.27582427859306335 -0.26631036400794983 0.0 1.0 1.0
v 0.6594375371932983 0.2592795193195343 -0.21502165496349335 0.0 1.0 1.0
v 0.6445472836494446 0.33042192459106445 -0.17035086452960968 0.0 1.0 1.0
v 0.6131122708320618 0.2625884711742401 -0.16869638860225677 0.0 1.0 1.0
v 0.5998764634132385 0.32876744866371155 -0.13064348697662354 0.0 1.0 1.0
v 0.5849862098693848 0.38998299837112427 -0.09920847415924072 0.0 1.0 1.0
v 0.570095956325531 0.24438926577568054 -0.1471882164478302 0.0 1.0 1.0
v 0.553551197052002 0.320495069026947 -0.08597268164157867 0.0 1.0 1.0
v 0.5403153896331787 0.38336509466171265 -0.04957424849271774 0.0 1.0 1.0
v 0.5088803768157959 0.22122663259506226 -0.0909361019730568 0.0 1.0 1.0
v 0.49564459919929504 0.2857511043548584 -0.05784662067890167 0.0 1.0 1.0
v 0.4807543158531189 0.35193008184432983 -0.009866870008409023 0.0 1.0 1.0
v 0.44766485691070557 0.21957215666770935 -0.047919776290655136 0.0 1.0 1.0
v 0.4327745735645294 0.2890600562095642 -0.0015944994520395994 0.0 1.0 1.0
v 0.41953879594802856 0.3469666540622711 0.02818603441119194 0.0 1.0 1.0
v 0.41953879594802856 0.14015740156173706 -0.052883196622133255 0.0 1.0 1.0
v 0.4063029885292053 0.2079908400774002 -0.006557921878993511 0.0 1.0 1.0
v 0.39141273498535156 0.27416980266571045 0.03811287879943848 0.0 1.0 1.0
v 0.3748679757118225 0.15670213103294373 -0.008212395943701267 0.0 1.0 1.0
v 0.35832324624061584 0.2294989973306656 0.043076302856206894 0.0 1.0 1.0
v 0.30703455209732056 0.16993792355060577 0.06458446383476257 0.0 1.0 1.0
v 0.2937987446784973 0.2328079491853714 0.1009828969836235 0.0 1.0 1.0
v 0.2689816355705261 0.09217764437198639 0.06623893976211548 0.0 1.0 1.0
v 0.25409138202667236 0.16001108288764954 0.11090973764657974 0.0 1.0 1.0
v 0.22596532106399536 0.08390527218580246 0.0976739451289177 0.0 1.0 1.0
v 0.2110750526189804 0.15504765510559082 0.14399921894073486 0.0 1.0 1.0
v 0.22761979699134827 0.12692159414291382 0.10429184138774872 0.0 1.0 1.0
v 0.24251005053520203 0.18648266792297363 0.13076342642307281 0.0 1.0 1.0
v 0.2640182077884674 0.09217764437198639 0.05796656757593155 0.0 1.0 1.0
v 0.28056296706199646 0.15504765510559082 0.07616578042507172 0.0 1.0 1.0
v 0.2971076965332031 0.21957215666770935 0.08112920820713043 0.0 1.0 1.0
v 0.3186158537864685 0.13023054599761963 0.029840508475899696 0.0 1.0 1.0
v 0.33350613713264465 0.18979161977767944 0.0447307750582695 0.0 1.0 1.0
v 0.3483963906764984 0.24769821763038635 0.05631209537386894 0.0 1.0 1.0
v 0.3947216868400574 0.18482819199562073 -0.01152134407311678 0.0 1.0 1.0
v 0.41292089223861694 0.2559705674648285 -0.0032489735167473555 0.0 1.0 1.0
v 0.4261566698551178 0.30725929141044617 0.024877086281776428 0.0 1.0 1.0
v 0.4559372067451477 0.17159239947795868 -0.08100925385951996 0.0 1.0 1.0
v 0.47248196601867676 0.2344624251127243 -0.061155568808317184 0.0 1.0 1.0
v 0.4873722195625305 0.2940234839916229 -0.04957424849271774 0.0 1.0 1.0
v 0.5188072323799133 0.4197635054588318 -0.03468398004770279 0.0 1.0 1.0
v 0.5022624731063843 0.16662898659706116 -0.12402558326721191 0.0 1.0 1.0
v 0.5320430397987366 0.2840966284275055 -0.09755399823188782 0.0 1.0 1.0
v 0.6346204280853271 0.24604374170303345 -0.20840376615524292 0.0 1.0 1.0
v 0.6511651873588562 0.3105682134628296 -0.19516797363758087 0.0 1.0 1.0
v 0.7603604793548584 0.264242947101593 -0.3076722025871277 0.0 1.0 1.0
v 0.2325832098722458 0.1467752903699875 0.12249106168746948 0.0 1.0 1.0
v 0.24251005053520203 0.10210449248552322 0.09271052479743958 0.0 1.0 1.0
v 0.27725401520729065 0.2030274122953415 0.1009828969836235 0.0 1.0 1.0
v 0.2871808707714081 0.1533931940793991 0.06623893976211548 0.0 1.0 1.0
v 0.2971076965332031 0.10375896096229553 0.03976735472679138 0.0 1.0 1.0
v 0.3186158537864685 0.19475503265857697 0.06292998790740967 0.0 1.0 1.0
v 0.33019718527793884 0.13850292563438416 0.026531560346484184 0.0 1.0 1.0
v 0.3417785167694092 0.26920637488365173 0.06623893976211548 0.0 1.0 1.0
v 0.36494114995002747 0.16497451066970825 0.008332345634698868 0.0 1.0 1.0
v 0.3947216868400574 0.32545849680900574 0.03976735472679138 0.0 1.0 1.0
v 0.4079574644565582 0.2658974230289459 0.014950241893529892 0.0 1.0 1.0
v 0.41953879594802856 0.21295425295829773 -0.028066085651516914 0.0 1.0 1.0
v 0.4294656217098236 0.16497451066970825 -0.05122872442007065 0.0 1.0 1.0
v 0.44766485691070557 0.35193008184432983 0.01164129376411438 0.0 1.0 1.0
v 0.4592461585998535 0.30064138770103455 -0.02972055971622467 0.0 1.0 1.0
v 0.47082749009132385 0.24769821763038635 -0.061155568808317184 0.0 1.0 1.0
v 0.4824087917804718 0.19310057163238525 -0.08431820571422577 0.0 1.0 1.0
v 0.4807543158531189 0.3949463963508606 5.9974685427732766e-05 0.0 1.0 1.0
v 0.49068117141723633 0.3453121781349182 -0.03468398004770279 0.0 1.0 1.0
v 0.5006080269813538 0.29567795991897583 -0.06281004101037979 0.0 1.0 1.0
v 0.5105348825454712 0.24769821763038635 -0.09755399823188782 0.0 1.0 1.0
v 0.5237706303596497 0.18813714385032654 -0.11409874260425568 0.0 1.0 1.0
v 0.513843834400177 0.4214179813861847 -0.016484767198562622 0.0 1.0 1.0
v 0.525425136089325 0.3684748113155365 -0.052883196622133255 0.0 1.0 1.0
v 0.5353519916534424 0.3221495449542999 -0.08597268164157867 0.0 1.0 1.0
v 0.5469332933425903 0.26755189895629883 -0.10582637041807175 0.0 1.0 1.0
v 0.5568601489067078 0.21460872888565063 -0.14387927949428558 0.0 1.0 1.0
v 0.5783683061599731 0.40652772784233093 -0.07935478538274765 0.0 1.0 1.0
v 0.5899496078491211 0.35689350962638855 -0.10582637041807175 0.0 1.0 1.0
v 0.5998764634132385 0.30560481548309326 -0.14222480356693268 0.0 1.0 1.0
v 0.609803318977356 0.254316121339798 -0.18027770519256592 0.0 1.0 1.0
v 0.6610919833183289 0.3403487503528595 -0.18689559400081635 0.0 1.0 1.0
v 0.6726733446121216 0.2890600562095642 -0.21667613089084625 0.0 1.0 1.0
v 0.7090717554092407 0.33042192459106445 -0.23487535119056702 0.0 1.0 1.0
v 0.722307562828064 0.27416980266571045 -0.27292826771736145 0.0 1.0 1.0
v 0.1846034675836563 0.2079908400774002 0.18701554834842682 0.0 1.0 1.0
v 0.16971319913864136 0.15504765510559082 0.19197897613048553 0.0 1.0 1.0
v 0.11677002161741257 0.19971846044063568 0.25484898686408997 0.0 1.0 1.0
v 0.08368054032325745 0.08390527218580246 0.2349953055381775 0.0 1.0 1.0
v 0.19618478417396545 0.22453556954860687 0.1820521205663681 0.0 1.0 1.0
v 0.16640424728393555 0.16662898659706116 0.183706596493721 0.0 1.0 1.0
v 0.1498595029115677 0.23942583799362183 0.2366497665643692 0.0 1.0 1.0
v 0.10849765688180923 0.16828344762325287 0.24823109805583954 0.0 1.0 1.0
v 0.16640424728393555 0.1517387181520462 0.183706596493721 0.0 1.0 1.0
v 0.1829489916563034 0.21626320481300354 0.18701554834842682 0.0 1.0 1.0
v 0.04066421464085579 0.01276288740336895 0.24492214620113373 0.0 1.0 1.0
v 0.07706264406442642 0.08721422404050827 0.2383042424917221 0.0 1.0 1.0
v 0.10849765688180923 0.18648266792297363 0.24823109805583954 0.0 1.0 1.0
v 0.1498595029115677 0.14181186258792877 0.18867002427577972 0.0 1.0 1.0
v 0.18956688046455383 0.35027560591697693 0.24657662212848663 0.0 1.0 1.0
v 0.2094205766916275 0.25266164541244507 0.18701554834842682 0.0 1.0 1.0
v 0.4790998697280884 0.4809790551662445 0.04142182692885399 0.0 1.0 1.0
v 0.4625551104545593 0.41810905933380127 0.02818603441119194 0.0 1.0 1.0
v 0.4344290494918823 0.5554304122924805 0.11587316542863846 0.0 1.0 1.0
v 0.41953879594802856 0.5041416883468628 0.10429184138774872 0.0 1.0 1.0
v 0.4013395607471466 0.43961721658706665 0.09271052479743958 0.0 1.0 1.0
v 0.38644930720329285 0.38171061873435974 0.08609262853860855 0.0 1.0 1.0
v 0.3699045777320862 0.32711297273635864 0.06954788416624069 0.0 1.0 1.0
v 0.38810378313064575 0.5703206658363342 0.1572350114583969 0.0 1.0 1.0
v 0.3715590238571167 0.5091051459312439 0.14896264672279358 0.0 1.0 1.0
v 0.35666877031326294 0.4528529942035675 0.13738133013248444 0.0 1.0 1.0
v 0.33846956491470337 0.38998299837112427 0.12414553016424179 0.0 1.0 1.0
v 0.3219248056411743 0.32876744866371155 0.10925526916980743 0.0 1.0 1.0
v 0.30703455209732056 0.27747875452041626 0.11090973764657974 0.0 1.0 1.0
v 0.35666877031326294 0.5934833288192749 0.18867002427577972 0.0 1.0 1.0
v 0.32688823342323303 0.4842880070209503 0.1803976595401764 0.0 1.0 1.0
v 0.31034350395202637 0.4263814091682434 0.16716186702251434 0.0 1.0 1.0
v 0.2954532206058502 0.3684748113155365 0.16054396331310272 0.0 1.0 1.0
v 0.27890849113464355 0.3105682134628296 0.1522715985774994 0.0 1.0 1.0
v 0.2623637616634369 0.25266164541244507 0.13903580605983734 0.0 1.0 1.0
v 0.28221744298934937 0.5587393641471863 0.25154003500938416 0.0 1.0 1.0
v 0.2640182077884674 0.49586933851242065 0.2383042424917221 0.0 1.0 1.0
v 0.24747347831726074 0.43630826473236084 0.2349953055381775 0.0 1.0 1.0
v 0.525425136089325 0.4495440423488617 -0.008212395943701267 0.0 1.0 1.0
v 0.46586406230926514 0.4230724573135376 0.03149498254060745 0.0 1.0 1.0
v 0.43608352541923523 0.5587393641471863 0.11421868950128555 0.0 1.0 1.0
v 0.4046485126018524 0.41480010747909546 0.0728568360209465 0.0 1.0 1.0
v 0.39141273498535156 0.4826335310935974 0.11587316542863846 0.0 1.0 1.0
v 0.3765224516391754 0.5504669547080994 0.16219843924045563 0.0 1.0 1.0
v 0.3765224516391754 0.3420032262802124 0.07782025635242462 0.0 1.0 1.0
v 0.3450874388217926 0.29733243584632874 0.08774710446596146 0.0 1.0 1.0
v 0.33019718527793884 0.36351141333580017 0.127454474568367 0.0 1.0 1.0
v 0.3153069317340851 0.4296903610229492 0.16385291516780853 0.0 1.0 1.0
v 0.2871808707714081 0.5620483160018921 0.24492214620113373 0.0 1.0 1.0
v 0.28056296706199646 0.30064138770103455 0.13738133013248444 0.0 1.0 1.0
v 0.2656726837158203 0.3651658594608307 0.183706596493721 0.0 1.0 1.0
v 0.24085558950901031 0.22288109362125397 0.15061712265014648 0.0 1.0 1.0
v 0.22596532106399536 0.2907145321369171 0.19032450020313263 0.0 1.0 1.0
v 0.2110750526189804 0.36185693740844727 0.2366497665643692 0.0 1.0 1.0
v 0.22761979699134827 0.3949463963508606 0.23168635368347168 0.0 1.0 1.0
v 0.260709285736084 0.5223408937454224 0.24823109805583954 0.0 1.0 1.0
v 0.27394506335258484 0.3089137673377991 0.1539260596036911 0.0 1.0 1.0
v 0.2904897928237915 0.3717837631702423 0.155580535531044 0.0 1.0 1.0
v 0.30703455209732056 0.43465378880500793 0.17377975583076477 0.0 1.0 1.0
v 0.3219248056411743 0.49586933851242065 0.1853610724210739 0.0 1.0 1.0
v 0.3401240408420563 0.5637027621269226 0.18867002427577972 0.0 1.0 1.0
v 0.33019718527793884 0.3453121781349182 0.11752763390541077 0.0 1.0 1.0
v 0.3450874388217926 0.40818220376968384 0.11918210983276367 0.0 1.0 1.0
v 0.35832324624061584 0.4594708979129791 0.14234474301338196 0.0 1.0 1.0
v 0.3765224516391754 0.5306133031845093 0.14399921894073486 0.0 1.0 1.0
v 0.39141273498535156 0.5885198712348938 0.16054396331310272 0.0 1.0 1.0
v 0.36328667402267456 0.3089137673377991 0.06623893976211548 0.0 1.0 1.0
v 0.3963761627674103 0.43465378880500793 0.09436500072479248 0.0 1.0 1.0
v 0.41126641631126404 0.49256038665771484 0.10594631731510162 0.0 1.0 1.0
v 0.4592461585998535 0.43796274065971375 0.03976735472679138 0.0 1.0 1.0
v 0.22265636920928955 0.19475503265857697 0.15888948738574982 0.0 1.0 1.0
v 0.25574585795402527 0.30229586362838745 0.17047080397605896 0.0 1.0 1.0
v 0.2656726837158203 0.25266164541244507 0.13903580605983734 0.0 1.0 1.0
v 0.27559953927993774 0.4032187759876251 0.1853610724210739 0.0 1.0 1.0
v 0.2871808707714081 0.348621129989624 0.155580535531044 0.0 1.0 1.0
v 0.2971076965332031 0.29733243584632874 0.11918210983276367 0.0 1.0 1.0
v 0.30868902802467346 0.24604374170303345 0.0993284210562706 0.0 1.0 1.0
v 0.2971076965332031 0.4842880070209503 0.19859686493873596 0.0 1.0 1.0
v 0.30868902802467346 0.4296903610229492 0.16550739109516144 0.0 1.0 1.0
v 0.3186158537864685 0.38005614280700684 0.13076342642307281 0.0 1.0 1.0
v 0.33185166120529175 0.320495069026947 0.10760079324245453 0.0 1.0 1.0
v 0.35335981845855713 0.5223408937454224 0.16881632804870605 0.0 1.0 1.0
v 0.36328667402267456 0.47270670533180237 0.14069026708602905 0.0 1.0 1.0
v 0.3748679757118225 0.41810905933380127 0.10594631731510162 0.0 1.0 1.0
v 0.38644930720329285 0.3684748113155365 0.06954788416624069 0.0 1.0 1.0
v 0.39306721091270447 0.6116825342178345 0.17212527990341187 0.0 1.0 1.0
v 0.4046485126018524 0.557084858417511 0.13738133013248444 0.0 1.0 1.0
v 0.41622984409332275 0.5041416883468628 0.11090973764657974 0.0 1.0 1.0
v 0.4261566698551178 0.4545074701309204 0.07451131194829941 0.0 1.0 1.0
v 0.43773800134658813 0.3999098241329193 0.03811287879943848 0.0 1.0 1.0
v 0.4592461585998535 0.49421486258506775 0.06623893976211548 0.0 1.0 1.0
v 0.46751853823661804 0.4511985182762146 0.029840508475899696 0.0 1.0 1.0
v 0.5039169788360596 0.47270670533180237 0.009986819699406624 0.0 1.0 1.0
v 0.7769051790237427 0.3122226893901825 -0.3076722025871277 0.0 1.0 1.0
v 0.7769051790237427 0.3089137673377991 -0.291127473115921 0.0 1.0 1.0
v 0.7074173092842102 0.3436577022075653 -0.23487535119056702 0.0 1.0 1.0
v 0.6313114762306213 0.3949463963508606 -0.13891585171222687 0.0 1.0 1.0
v 0.6693643927574158 0.37840166687965393 -0.18524113297462463 0.0 1.0 1.0
v 0.7769051790237427 0.32876744866371155 -0.3043632507324219 0.0 1.0 1.0
v 0.5750593543052673 0.5752840638160706 -0.014830292202532291 0.0 1.0 1.0
v 0.5072259306907654 0.585210919380188 0.04142182692885399 0.0 1.0 1.0
v 0.49399012327194214 0.5339222550392151 0.043076302856206894 0.0 1.0 1.0
v 0.4063029885292053 0.6315361857414246 0.16385291516780853 0.0 1.0 1.0
v 0.5568601489067078 0.5239953994750977 -0.02144818939268589 0.0 1.0 1.0
v 0.541969895362854 0.5901743769645691 0.024877086281776428 0.0 1.0 1.0
v 0.5105348825454712 0.5190319418907166 0.034803930670022964 0.0 1.0 1.0
v 0.49729907512664795 0.5835564732551575 0.06789341568946838 0.0 1.0 1.0
v 0.44435590505599976 0.6249182820320129 0.12414553016424179 0.0 1.0 1.0
v 0.49233564734458923 0.5670117139816284 0.043076302856206894 0.0 1.0 1.0
v 0.5336974859237671 0.4760156273841858 -0.013175818137824535 0.0 1.0 1.0
v 0.38314035534858704 0.6629711985588074 0.20356029272079468 0.0 1.0 1.0
v 0.4245022237300873 0.6530443429946899 0.16219843924045563 0.0 1.0 1.0
v 0.44601038098335266 0.5554304122924805 0.08774710446596146 0.0 1.0 1.0
v 0.47082749009132385 0.6249182820320129 0.10429184138774872 0.0 1.0 1.0
v 0.4807543158531189 0.5769385695457458 0.06789341568946838 0.0 1.0 1.0
v 0.5436243414878845 0.5686661601066589 0.01164129376411438 0.0 1.0 1.0
v 0.3511759638786316 0.3535635769367218 0.09654449671506882 0.0 1.0 1.0
v 0.12671270966529846 0.15776392817497253 0.2174776941537857 0.0 1.0 1.0
v 0.39920470118522644 0.28803524374961853 0.027811195701360703 0.0 1.0 1.0
v 0.43624818325042725 0.5218335390090942 0.0882364958524704 0.0 1.0 1.0
v 0.17137156426906586 0.12963372468948364 0.16665279865264893 0.0 1.0 1.0
v 0.2257370501756668 0.23286393284797668 0.15962690114974976 0.0 1.0 1.0
v 0.5355001091957092 0.48907119035720825 -0.012848103418946266 0.0 1.0 1.0
v 0.2569243609905243 0.30446499586105347 0.1605362743139267 0.0 1.0 1.0
v 0.5332283973693848 0.18797330558300018 -0.13095742464065552 0.0 1.0 1.0
v 0.5257055163383484 0.5732806324958801 0.02943306788802147 0.0 1.0 1.0
v 0.3625166714191437 0.4624108672142029 0.12991279363632202 0.0 1.0 1.0
v 0.43635931611061096 0.5372176170349121 0.09427545219659805 0.0 1.0 1.0
v 0.3139711618423462 0.5886096358299255 0.2233089804649353 0.0 1.0 1.0
v 0.5668243765830994 0.23825398087501526 -0.14068983495235443 0.0 1.0 1.0
v 0.3557433485984802 0.21919259428977966 0.03888658434152603 0.0 1.0 1.0
v 0.28747016191482544 0.2950548529624939 0.1296948790550232 0.0 1.0 1.0
v 0.6697598099708557 0.23962408304214478 -0.23142360150814056 0.0 1.0 1.0
v 0.4068825840950012 0.23960211873054504 0.0016801125602796674 0.0 1.0 1.0
v 0.7039815783500671 0.3164117634296417 -0.23113591969013214 0.0 1.0 1.0
v 0.5279388427734375 0.2591259181499481 -0.09788026660680771 0.0 1.0 1.0
v 0.36811643838882446 0.2234935760498047 0.029630333185195923 0.0 1.0 1.0
v 0.5268701910972595 0.28385207056999207 -0.08706802874803543 0.0 1.0 1.0
v 0.5899122357368469 0.271881639957428 -0.1477476805448532 0.0 1.0 1.0
v 0.12345843017101288 0.08253118395805359 0.19034919142723083 0.0 1.0 1.0
v 0.3456732928752899 0.6448348760604858 0.217627614736557 0.0 1.0 1.0
v 0.488655149936676 0.5342627763748169 0.04672209545969963 0.0 1.0 1.0
v 0.5435517430305481 0.39791059494018555 -0.05635686218738556 0.0 1.0 1.0
v 0.6588498950004578 0.35723772644996643 -0.17482668161392212 0.0 1.0 1.0
v 0.5264242887496948 0.19292651116847992 -0.12294764816761017 0.0 1.0 1.0
v 0.5286688208580017 0.5509003400802612 0.017876626923680305 0.0 1.0 1.0
v 0.14121922850608826 0.13700629770755768 0.19633238017559052 0.0 1.0 1.0
v 0.44750815629959106 0.20405931770801544 -0.048525452613830566 0.0 1.0 1.0
v 0.45473170280456543 0.6314183473587036 0.11556494981050491 0.0 1.0 1.0
v 0.7698690891265869 0.275037944316864 -0.30606940388679504 0.0 1.0 1.0
v 0.36931732296943665 0.2765744924545288 0.0497422032058239 0.0 1.0 1.0
v 0.266576886177063 0.5048609375953674 0.23192517459392548 0.0 1.0 1.0
v 0.3215574622154236 0.48369067907333374 0.17472395300865173 0.0 1.0 1.0
v 0.763798177242279 0.28890207409858704 -0.29515472054481506 0.0 1.0 1.0
v 0.46748825907707214 0.1766648292541504 -0.07717238366603851 0.0 1.0 1.0
v 0.5274004936218262 0.5903358459472656 0.034734226763248444 0.0 1.0 1.0
v 0.5587653517723083 0.31912750005722046 -0.10127858072519302 0.0 1.0 1.0
v 0.20097674429416656 0.34230130910873413 0.22524403035640717 0.0 1.0 1.0
v 0.334034264087677 0.5310370922088623 0.18254882097244263 0.0 1.0 1.0
v 0.5473741888999939 0.2943260371685028 -0.10107183456420898 0.0 1.0 1.0
v 0.3251863718032837 0.5941101908683777 0.21555809676647186 0.0 1.0 1.0
v 0.5881837010383606 0.22563610970973969 -0.164664626121521 0.0 1.0 1.0
v 0.5135881900787354 0.6136003136634827 0.05626407638192177 0.0 1.0 1.0
v 0.6153565645217896 0.3368847370147705 -0.14437785744667053 0.0 1.0 1.0
v 0.4448297619819641 0.6320645809173584 0.12460355460643768 0.0 1.0 1.0
v 0.46903184056282043 0.3393924832344055 -0.013620542362332344 0.0 1.0 1.0
v 0.30940911173820496 0.480146586894989 0.18408285081386566 0.0 1.0 1.0
v 0.7086415886878967 0.33743277192115784 -0.22688190639019012 0.0 1.0 1.0
v 0.07187367975711823 0.055662188678979874 0.22537370026111603 0.0 1.0 1.0
v 0.3835035562515259 0.42768681049346924 0.0974489077925682 0.0 1.0 1.0
v 0.5220434665679932 0.3639400005340576 -0.050836533308029175 0.0 1.0 1.0
v 0.685092031955719 0.2588898539543152 -0.23733367025852203 0.0 1.0 1.0
v 0.6124535799026489 0.382429301738739 -0.12363342940807343 0.0 1.0 1.0
v 0.5210630297660828 0.26545071601867676 -0.08925966918468475 0.0 1.0 1.0
v 0.32936927676200867 0.22352002561092377 0.06400084495544434 0.0 1.0 1.0
v 0.37373650074005127 0.19810067117214203 0.014516065828502178 0.0 1.0 1.0
v 0.45431020855903625 0.5295908451080322 0.07531438022851944 0.0 1.0 1.0
v 0.3659205138683319 0.26784807443618774 0.049272969365119934 0.0 1.0 1.0
v 0.27610495686531067 0.45711463689804077 0.20442743599414825 0.0 1.0 1.0
v 0.8311423659324646 0.2716042101383209 -0.3617747724056244 0.0 1.0 1.0
v 0.3556729555130005 0.6610175967216492 0.21521629393100739 0.0 1.0 1.0
v 0.5081879496574402 0.5941781997680664 0.053304318338632584 0.0 1.0 1.0
v 0.28614526987075806 0.418022483587265 0.1799280196428299 0.0 1.0 1.0
v 0.320508748292923 0.633725106716156 0.23551058769226074 0.0 1.0 1.0
v 0.26677149534225464 0.48188596963882446 0.22258667647838593 0.0 1.0 1.0
v 0.3957829773426056 0.15600016713142395 -0.02183028869330883 0.0 1.0 1.0
v 0.49350014328956604 0.17545300722122192 -0.10072247684001923 0.0 1.0 1.0
v 0.4079155921936035 0.2662997841835022 0.011415166780352592 0.0 1.0 1.0
v 0.32106077671051025 0.6088709831237793 0.225105419754982 0.0 1.0 1.0
v 0.08692488819360733 0.1201624870300293 0.23775926232337952 0.0 1.0 1.0
v 0.5326399803161621 0.29128026962280273 -0.0892210602760315 0.0 1.0 1.0
v 0.34083133935928345 0.2345767468214035 0.05824770778417587 0.0 1.0 1.0
v 0.45166176557540894 0.4114697277545929 0.030538180842995644 0.0 1.0 1.0
v 0.5989294052124023 0.18870192766189575 -0.18892863392829895 0.0 1.0 1.0
v 0.4825323820114136 0.2943364381790161 -0.043567679822444916 0.0 1.0 1.0
v 0.590446412563324 0.25776416063308716 -0.15385358035564423 0.0 1.0 1.0
v 0.551787793636322 0.3073939383029938 -0.09977223724126816 0.0 1.0 1.0
v 0.26620540022850037 0.28155428171157837 0.14316579699516296 0.0 1.0 1.0
v 0.296592652797699 0.13374902307987213 0.057251881808042526 0.0 1.0 1.0
v 0.2923777401447296 0.14427052438259125 0.06518713384866714 0.0 1.0 1.0
v 0.7109464406967163 0.2648380696773529 -0.2578876316547394 0.0 1.0 1.0
v 0.38428497314453125 0.31929048895835876 0.053510963916778564 0.0 1.0 1.0
v 0.17698204517364502 0.280527263879776 0.22187694907188416 0.0 1.0 1.0
v 0.32573434710502625 0.6559540033340454 0.23974496126174927 0.0 1.0 1.0
v 0.6887572407722473 0.32609495520591736 -0.2137722373008728 0.0 1.0 1.0
v 0.4181852340698242 0.1414656788110733 -0.04749457165598869 0.0 1.0 1.0
v 0.3749033212661743 0.5818545818328857 0.16658103466033936 0.0 1.0 1.0
v 0.569763720035553 0.31827327609062195 -0.1113724634051323 0.0 1.0 1.0
v 0.5029845237731934 0.25079345703125 -0.07907572388648987 0.0 1.0 1.0
v 0.4394591748714447 0.31636592745780945 0.0034172062296420336 0.0 1.0 1.0
v 0.4785560667514801 0.34327399730682373 -0.020517822355031967 0.0 1.0 1.0
v 0.2919035255908966 0.11842671036720276 0.05529721453785896 0.0 1.0 1.0
v 0.37643107771873474 0.35860660672187805 0.07616086304187775 0.0 1.0 1.0
v 0.630088746547699 0.38318511843681335 -0.1389703005552292 0.0 1.0 1.0
v 0.1613416075706482 0.038326695561409 0.13911990821361542 0.0 1.0 1.0
v 0.5908017754554749 0.3450784981250763 -0.11933442950248718 0.0 1.0 1.0
v 0.40716299414634705 0.20706963539123535 -0.011547471396625042 0.0 1.0 1.0
v 0.5007312893867493 0.26225394010543823 -0.072505421936512 0.0 1.0 1.0
v 0.3628554046154022 0.6413282752037048 0.20099200308322906 0.0 1.0 1.0
v 0.35376545786857605 0.501697301864624 0.15334655344486237 0.0 1.0 1.0
v 0.4144437909126282 0.6446991562843323 0.15658964216709137 0.0 1.0 1.0
v 0.18261027336120605 0.3438844680786133 0.2421625405550003 0.0 1.0 1.0
v 0.2914654314517975 0.16735266149044037 0.07520482689142227 0.0 1.0 1.0
v 0.6387530565261841 0.3148321509361267 -0.17392316460609436 0.0 1.0 1.0
v 0.39523443579673767 0.5025611519813538 0.11691761761903763 0.0 1.0 1.0
v 0.17632459104061127 0.2698447108268738 0.21819813549518585 0.0 1.0 1.0
v 0.379831463098526 0.5342811942100525 0.1432313472032547 0.0 1.0 1.0
v 0.4731443226337433 0.14417026937007904 -0.09515181183815002 0.0 1.0 1.0
v 0.0336223728954792 0.015889612957835197 0.24342656135559082 0.0 1.0 1.0
v 0.3338983654975891 0.5205387473106384 0.17848101258277893 0.0 1.0 1.0
v 0.44912633299827576 0.5133073925971985 0.07341496646404266 0.0 1.0 1.0
v 0.17028145492076874 0.14325979351997375 0.17305563390254974 0.0 1.0 1.0
v 0.20377758145332336 0.2624662518501282 0.19090990722179413 0.0 1.0 1.0
v 0.35623058676719666 0.5722714066505432 0.17931629717350006 0.0 1.0 1.0
v 0.45580965280532837 0.3980522155761719 0.021506991237401962 0.0 1.0 1.0
v 0.4744647443294525 0.5942116975784302 0.08322253078222275 0.0 1.0 1.0
v 0.6648324728012085 0.22497794032096863 -0.23289728164672852 0.0 1.0 1.0
v 0.5297954678535461 0.3826131522655487 -0.050261106342077255 0.0 1.0 1.0
v 0.47912824153900146 0.15876269340515137 -0.09463650733232498 0.0 1.0 1.0
v 0.16673149168491364 0.26962071657180786 0.22661568224430084 0.0 1.0 1.0
v 0.25326022505760193 0.21660929918289185 0.1287352740764618 0.0 1.0 1.0
v 0.6021988987922668 0.24133917689323425 -0.17082816362380981 0.0 1.0 1.0
v 0.30290231108665466 0.17515985667705536 0.06817763298749924 0.0 1.0 1.0
v 0.3934409022331238 0.1911567747592926 -0.005727558396756649 0.0 1.0 1.0
v 0.08493149280548096 0.14048367738723755 0.247634157538414 0.0 1.0 1.0
v 0.48553937673568726 0.31546372175216675 -0.037805426865816116 0.0 1.0 1.0
v 0.4579954743385315 0.15160171687602997 -0.07875343412160873 0.0 1.0 1.0
v 0.28885579109191895 0.403020441532135 0.1715392917394638 0.0 1.0 1.0
v 0.45882776379585266 0.28083929419517517 -0.027931803837418556 0.0 1.0 1.0
v 0.4156537353992462 0.24740873277187347 -0.0029834385495632887 0.0 1.0 1.0
v 0.5929083228111267 0.34618544578552246 -0.12076079845428467 0.0 1.0 1.0
v 0.41868656873703003 0.40192773938179016 0.055972903966903687 0.0 1.0 1.0
v 0.4157504737377167 0.55968177318573 0.12151294946670532 0.0 1.0 1.0
v 0.22103293240070343 0.06312169879674911 0.0960792601108551 0.0 1.0 1.0
v 0.3677293360233307 0.3873531222343445 0.09534583240747452 0.0 1.0 1.0
v 0.47560811042785645 0.22507649660110474 -0.0650588721036911 0.0 1.0 1.0
v 0.5491908192634583 0.5910976529121399 0.01571507379412651 0.0 1.0 1.0
v -0.05198633298277855 -0.06499739736318588 0.22506844997406006 0.5 0.0 1.0
v -0.35144615173339844 0.11699475347995758 0.27304819226264954 0.5 0.0 1.0
v -0.7419020533561707 0.23611688613891602 0.21845056116580963 0.5 0.0 1.0
v -0.7667191624641418 0.2592795193195343 0.23168635368347168 0.5 0.0 1.0
v -0.7005401849746704 0.24604374170303345 0.2383042424917221 0.5 0.0 1.0
v -0.6558693647384644 0.21460872888565063 0.2383042424917221 0.5 0.0 1.0
v -0.6128530502319336 0.18813714385032654 0.23003187775611877 0.5 0.0 1.0
v -0.6012717485427856 0.2294989973306656 0.27470266819000244 0.5 0.0 1.0
v -0.4771861732006073 0.1533931940793991 0.2581579387187958 0.5 0.0 1.0
v -0.43747881054878235 0.10045001655817032 0.22506844997406006 0.5 0.0 1.0
v -0.425897479057312 0.14512081444263458 0.27139371633529663 0.5 0.0 1.0
v -0.2538321614265442 0.07563290745019913 0.27304819226264954 0.5 0.0 1.0
v -0.10989292711019516 -0.013708698563277721 0.25319451093673706 0.5 0.0 1.0
v -0.6591783165931702 0.24108031392097473 0.25154003500938416 0.5 0.0 1.0
v -0.6128530502319336 0.19806398451328278 0.239958718419075 0.5 0.0 1.0
v -0.5417106747627258 0.16166555881500244 0.2383042424917221 0.5 0.0 1.0
v -0.4755316972732544 0.14181186258792877 0.239958718419075 0.5 0.0 1.0
v -0.32662904262542725 0.10045001655817032 0.2680847942829132 0.5 0.0 1.0
v -0.7551378607749939 0.29898691177368164 0.2697392404079437 0.5 0.0 1.0
v -0.763410210609436 0.29236900806427 0.2598124146461487 0.5 0.0 1.0
v 0.0985708087682724 -0.10305029898881912 0.25650346279144287 0.5 0.0 1.0
v 0.03900974243879318 -0.07988766580820084 0.2581579387187958 0.5 0.0 1.0
v -0.012278955429792404 -0.09312345832586288 0.21679608523845673 0.5 0.0 1.0
v 0.16474977135658264 -0.12124951183795929 0.2697392404079437 0.5 0.0 1.0
v 0.10353422909975052 -0.11959504336118698 0.239958718419075 0.5 0.0 1.0
v -0.004006585106253624 -0.05672502517700195 0.2598124146461487 0.5 0.0 1.0
v -0.007315533235669136 -0.08485108613967896 0.22175951302051544 0.5 0.0 1.0
v 0.0026113116182386875 -0.04679818078875542 0.2631213665008545 0.5 0.0 1.0
v 0.09195291250944138 -0.13944873213768005 0.22341397404670715 0.5 0.0 1.0
v 0.10353422909975052 -0.09477792680263519 0.2697392404079437 0.5 0.0 1.0
v 0.1564774066209793 -0.1493755728006363 0.24492214620113373 0.5 0.0 1.0
v 0.20280267298221588 -0.1477210968732834 0.2647758424282074 0.5 0.0 1.0
v -0.01393342949450016 -0.06168844923377037 0.25484898686408997 0.5 0.0 1.0
v 0.03239184617996216 -0.0964324027299881 0.2349953055381775 0.5 0.0 1.0
v 0.06713580340147018 -0.11794056743383408 0.22837740182876587 0.5 0.0 1.0
v 0.12338792532682419 -0.12952189147472382 0.24492214620113373 0.5 0.0 1.0
v 0.1796400398015976 -0.1510300487279892 0.24326767027378082 0.5 0.0 1.0
v 0.3517053425312042 -0.2337537556886673 0.24823109805583954 0.5 0.0 1.0
v 0.2937987446784973 -0.18742847442626953 0.25650346279144287 0.5 0.0 1.0
v 0.22761979699134827 -0.18742847442626953 0.22837740182876587 0.5 0.0 1.0
v 0.6346204280853271 -0.35949379205703735 0.24823109805583954 0.5 0.0 1.0
v 0.5684414505958557 -0.33302220702171326 0.2383042424917221 0.5 0.0 1.0
v 0.46917301416397095 -0.28173351287841797 0.25319451093673706 0.5 0.0 1.0
v 0.3947216868400574 -0.22879032790660858 0.27139371633529663 0.5 0.0 1.0
v 0.2342376857995987 -0.1493755728006363 0.27470266819000244 0.5 0.0 1.0
v 0.2358921617269516 -0.19073742628097534 0.2383042424917221 0.5 0.0 1.0
v 0.2904897928237915 -0.22051796317100525 0.2349953055381775 0.5 0.0 1.0
v 0.35666877031326294 -0.21555453538894653 0.2647758424282074 0.5 0.0 1.0
v 0.3980306386947632 -0.2370627075433731 0.2614668905735016 0.5 0.0 1.0
v 0.43608352541923523 -0.27511560916900635 0.2366497665643692 0.5 0.0 1.0
v 0.49068117141723633 -0.3181319236755371 0.22175951302051544 0.5 0.0 1.0
v 0.5006080269813538 -0.27677008509635925 0.2664303183555603 0.5 0.0 1.0
v 0.5518966913223267 -0.337985634803772 0.22837740182876587 0.5 0.0 1.0
v 0.609803318977356 -0.3214408755302429 0.27470266819000244 0.5 0.0 1.0
v 0.25243690609931946 -0.21390005946159363 0.22341397404670715 0.5 0.0 1.0
v 0.3136524558067322 -0.24037164449691772 0.21845056116580963 0.5 0.0 1.0
v 0.4526282846927643 -0.25526192784309387 0.27139371633529663 0.5 0.0 1.0
v 0.5237706303596497 -0.2866969406604767 0.2697392404079437 0.5 0.0 1.0
v 0.5353519916534424 -0.3412945866584778 0.22506844997406006 0.5 0.0 1.0
v 0.5932585597038269 -0.33302220702171326 0.25650346279144287 0.5 0.0 1.0
v 0.7041083574295044 -0.404164582490921 0.239958718419075 0.5 0.0 1.0
v 0.6362748742103577 -0.3495669364929199 0.25154003500938416 0.5 0.0 1.0
v 0.6759822964668274 -0.3512214124202728 0.2664303183555603 0.5 0.0 1.0
v 0.18625794351100922 -0.3412945866584778 0.0728568360209465 0.5 0.0 1.0
v 0.17467661201953888 -0.20231874287128448 0.19197897613048553 0.5 0.0 1.0
v 0.1548229306936264 -0.27346113324165344 0.12083658576011658 0.5 0.0 1.0
v 0.14489609003067017 -0.17253820598125458 0.21514160931110382 0.5 0.0 1.0
v 0.1250423938035965 -0.24533507227897644 0.13903580605983734 0.5 0.0 1.0
v 0.08037159591913223 -0.16922926902770996 0.19197897613048553 0.5 0.0 1.0
v 0.19618478417396545 -0.2651887536048889 0.15061712265014648 0.5 0.0 1.0
v 0.1812945157289505 -0.19239190220832825 0.20521476864814758 0.5 0.0 1.0
v 0.13331477344036102 -0.2602253556251526 0.12083658576011658 0.5 0.0 1.0
v 0.11842449754476547 -0.18577399849891663 0.18701554834842682 0.5 0.0 1.0
v 0.06051790714263916 -0.1493755728006363 0.20521476864814758 0.5 0.0 1.0
v 0.04562763869762421 -0.07988766580820084 0.27304819226264954 0.5 0.0 1.0
v 0.08037159591913223 -0.182465061545372 0.1787431836128235 0.5 0.0 1.0
v 0.13662371039390564 -0.2304448038339615 0.15061712265014648 0.5 0.0 1.0
v 0.14820502698421478 -0.18577399849891663 0.19528791308403015 0.5 0.0 1.0
v 0.15813188254833221 -0.3230953514575958 0.07782025635242462 0.5 0.0 1.0
v 0.16971319913864136 -0.27842456102371216 0.12249106168746948 0.5 0.0 1.0
v 0.1796400398015976 -0.24037164449691772 0.17047080397605896 0.5 0.0 1.0
v 0.18956688046455383 -0.19570085406303406 0.22010503709316254 0.5 0.0 1.0
v 0.18956688046455383 -0.3694206178188324 0.06458446383476257 0.5 0.0 1.0
v 0.20114821195602417 -0.32474982738494873 0.10594631731510162 0.5 0.0 1.0
v 0.024119475856423378 -0.05507054924964905 0.27801162004470825 0.5 0.0 1.0
v 0.058863431215286255 -0.07326976954936981 0.27635714411735535 0.5 0.0 1.0
v 0.07706264406442642 -0.16592031717300415 0.19032450020313263 0.5 0.0 1.0
v 0.08864396810531616 -0.21390005946159363 0.15888948738574982 0.5 0.0 1.0
v 0.13331477344036102 -0.1758471578359604 0.20521476864814758 0.5 0.0 1.0
v 0.14324161410331726 -0.22217243909835815 0.16716186702251434 0.5 0.0 1.0
v 0.1531684547662735 -0.27015218138694763 0.12414553016424179 0.5 0.0 1.0
v 0.16309529542922974 -0.31978639960289 0.0976739451289177 0.5 0.0 1.0
v 0.18956688046455383 -0.19735532999038696 0.20356029272079468 0.5 0.0 1.0
v 0.20114821195602417 -0.25195297598838806 0.17047080397605896 0.5 0.0 1.0
v 0.2094205766916275 -0.29827824234962463 0.1258000135421753 0.5 0.0 1.0
v 0.5154982805252075 -0.7896570563316345 -0.2034403383731842 0.5 0.0 1.0
v 0.49564459919929504 -0.8607994318008423 -0.2845095694065094 0.5 0.0 1.0
v 0.47579091787338257 -0.771457850933075 -0.20674929022789001 0.5 0.0 1.0
v 0.5188072323799133 -0.8095107674598694 -0.21502165496349335 0.5 0.0 1.0
v 0.5022624731063843 -0.7350594401359558 -0.15546059608459473 0.5 0.0 1.0
v 0.46917301416397095 -0.8392912745475769 -0.26961931586265564 0.5 0.0 1.0
v 0.4542827308177948 -0.7648399472236633 -0.19516797363758087 0.5 0.0 1.0
v 0.44104695320129395 -0.7731122970581055 -0.21998508274555206 0.5 0.0 1.0
v 0.47413644194602966 -0.847563624382019 -0.26796483993530273 0.5 0.0 1.0
v 0.4857177436351776 -0.8045473098754883 -0.21998508274555206 0.5 0.0 1.0
v 0.49729907512664795 -0.763185441493988 -0.18358665704727173 0.5 0.0 1.0
v 0.5386609435081482 -0.7896570563316345 -0.19847692549228668 0.5 0.0 1.0
v 0.5502422451972961 -0.7449862360954285 -0.15215164422988892 0.5 0.0 1.0
v 0.4261566698551178 -0.7681488990783691 -0.22329403460025787 0.5 0.0 1.0
v 0.4790998697280884 -0.7516041398048401 -0.1769687533378601 0.5 0.0 1.0
v 0.4873722195625305 -0.7929660081863403 -0.2299119234085083 0.5 0.0 1.0
v 0.49729907512664795 -0.8442546725273132 -0.2547290325164795 0.5 0.0 1.0
v 0.5154982805252075 -0.7367138862609863 -0.1488426923751831 0.5 0.0 1.0
v 0.525425136089325 -0.7780757546424866 -0.18689559400081635 0.5 0.0 1.0
v 0.6991448998451233 -0.3776929974555969 0.2647758424282074 0.5 0.0 1.0
v 0.6230391263961792 -0.40747353434562683 0.19032450020313263 0.5 0.0 1.0
v 0.598222017288208 -0.49019724130630493 0.1009828969836235 0.5 0.0 1.0
v 0.5800227522850037 -0.5613396167755127 0.046385250985622406 0.5 0.0 1.0
v 0.5568601489067078 -0.6407544016838074 -0.052883196622133255 0.5 0.0 1.0
v 0.5353519916534424 -0.7168601751327515 -0.12733453512191772 0.5 0.0 1.0
v 0.6015309691429138 -0.3214408755302429 0.27635714411735535 0.5 0.0 1.0
v 0.5800227522850037 -0.3975466787815094 0.19197897613048553 0.5 0.0 1.0
v 0.5601691007614136 -0.47199803590774536 0.10429184138774872 0.5 0.0 1.0
v 0.541969895362854 -0.5398314595222473 0.0447307750582695 0.5 0.0 1.0
v 0.5303885340690613 -0.41740038990974426 0.14730817079544067 0.5 0.0 1.0
v 0.5088803768157959 -0.49350619316101074 0.0712023600935936 0.5 0.0 1.0
v 0.4873722195625305 -0.5679575204849243 -0.0032489735167473555 0.5 0.0 1.0
v 0.46586406230926514 -0.6424088478088379 -0.07935478538274765 0.5 0.0 1.0
v 0.44435590505599976 -0.7218236327171326 -0.16869638860225677 0.5 0.0 1.0
v 0.49233564734458923 -0.32971325516700745 0.2085237056016922 0.5 0.0 1.0
v 0.44931933283805847 -0.4835793375968933 0.04142182692885399 0.5 0.0 1.0
v 0.40961194038391113 -0.6242096424102783 -0.09755399823188782 0.5 0.0 1.0
v 0.38810378313064575 -0.7003154754638672 -0.18524113297462463 0.5 0.0 1.0
v 0.4327745735645294 -0.30985957384109497 0.211832657456398 0.5 0.0 1.0
v 0.41292089223861694 -0.38100194931030273 0.13738133013248444 0.5 0.0 1.0
v 0.38975825905799866 -0.46207118034362793 0.04142182692885399 0.5 0.0 1.0
v 0.3483963906764984 -0.6076648831367493 -0.11078979074954987 0.5 0.0 1.0
v 0.4046485126018524 -0.24037164449691772 0.2697392404079437 0.5 0.0 1.0
v 0.38644930720329285 -0.30820509791374207 0.20025134086608887 0.5 0.0 1.0
v 0.36494114995002747 -0.38761985301971436 0.10925526916980743 0.5 0.0 1.0
v 0.3417785167694092 -0.47034355998039246 0.014950241893529892 0.5 0.0 1.0
v 0.3202703297138214 -0.5431404113769531 -0.05950109288096428 0.5 0.0 1.0
v 0.33019718527793884 -0.30985957384109497 0.16054396331310272 0.5 0.0 1.0
v 0.30868902802467346 -0.38761985301971436 0.08112920820713043 0.5 0.0 1.0
v 0.2871808707714081 -0.46538013219833374 -0.008212395943701267 0.5 0.0 1.0
v 0.27229058742523193 -0.2684977054595947 0.1803976595401764 0.5 0.0 1.0
v 0.25243690609931946 -0.3396401107311249 0.0993284210562706 0.5 0.0 1.0
v 0.7041083574295044 -0.3710750937461853 0.27966609597206116 0.5 0.0 1.0
v 0.6511651873588562 -0.4289816915988922 0.18867002427577972 0.5 0.0 1.0
v 0.6131122708320618 -0.5464493632316589 0.06458446383476257 0.5 0.0 1.0
v 0.598222017288208 -0.4769614636898041 0.11421868950128555 0.5 0.0 1.0
v 0.581677258014679 -0.4008556306362152 0.183706596493721 0.5 0.0 1.0
v 0.5916041135787964 -0.6523357033729553 -0.041301876306533813 0.5 0.0 1.0
v 0.5750593543052673 -0.5762298703193665 0.023222612217068672 0.5 0.0 1.0
v 0.5601691007614136 -0.5083964467048645 0.07616578042507172 0.5 0.0 1.0
v 0.5452788472175598 -0.43890854716300964 0.13407237827777863 0.5 0.0 1.0
v 0.5287340879440308 -0.35618484020233154 0.2085237056016922 0.5 0.0 1.0
v 0.5121893286705017 -0.2850424647331238 0.27470266819000244 0.5 0.0 1.0
v 0.5634780526161194 -0.7201691269874573 -0.11575321108102798 0.5 0.0 1.0
v 0.5485877394676208 -0.647372305393219 -0.061155568808317184 0.5 0.0 1.0
v 0.5336974859237671 -0.5729209184646606 0.01164129376411438 0.5 0.0 1.0
v 0.5188072323799133 -0.5050874948501587 0.06458446383476257 0.5 0.0 1.0
v 0.5022624731063843 -0.4339451193809509 0.1258000135421753 0.5 0.0 1.0
v 0.4857177436351776 -0.35618484020233154 0.19197897613048553 0.5 0.0 1.0
v 0.4873722195625305 -0.6589536070823669 -0.09755399823188782 0.5 0.0 1.0
v 0.47082749009132385 -0.5845022797584534 -0.024757137522101402 0.5 0.0 1.0
v 0.4559372067451477 -0.5166688561439514 0.03314945846796036 0.5 0.0 1.0
v 0.44104695320129395 -0.44552645087242126 0.08443815261125565 0.5 0.0 1.0
v 0.4261566698551178 -0.3776929974555969 0.14399921894073486 0.5 0.0 1.0
v 0.41126641631126404 -0.30324167013168335 0.21514160931110382 0.5 0.0 1.0
v 0.43608352541923523 -0.6837707161903381 -0.12733453512191772 0.5 0.0 1.0
v 0.4228477478027344 -0.619246244430542 -0.08100925385951996 0.5 0.0 1.0
v 0.4063029885292053 -0.5481038093566895 -0.016484767198562622 0.5 0.0 1.0
v 0.3748679757118225 -0.4025101065635681 0.09436500072479248 0.5 0.0 1.0
v 0.35997772216796875 -0.32640430331230164 0.17377975583076477 0.5 0.0 1.0
v 0.3434329926967621 -0.25526192784309387 0.23003187775611877 0.5 0.0 1.0
v 0.3980306386947632 -0.7085878252983093 -0.16869638860225677 0.5 0.0 1.0
v 0.38314035534858704 -0.6390998959541321 -0.12402558326721191 0.5 0.0 1.0
v 0.36659562587738037 -0.5646485686302185 -0.0661189928650856 0.5 0.0 1.0
v 0.3517053425312042 -0.49516066908836365 0.0066778711043298244 0.5 0.0 1.0
v 0.33681508898735046 -0.4240182638168335 0.05300314724445343 0.5 0.0 1.0
v 0.3202703297138214 -0.3462579846382141 0.1291089504957199 0.5 0.0 1.0
v 0.30538007616996765 -0.28007903695106506 0.1820521205663681 0.5 0.0 1.0
v 0.2904897928237915 -0.21224559843540192 0.24657662212848663 0.5 0.0 1.0
v 0.32688823342323303 -0.5762298703193665 -0.08431820571422577 0.5 0.0 1.0
v 0.3119979798793793 -0.506742000579834 -0.02144818939268589 0.5 0.0 1.0
v 0.2954532206058502 -0.4339451193809509 0.03645840659737587 0.5 0.0 1.0
v 0.28056296706199646 -0.366111695766449 0.08940158039331436 0.5 0.0 1.0
v 0.2656726837158203 -0.2933148145675659 0.1539260596036911 0.5 0.0 1.0
v 0.24912795424461365 -0.21886348724365234 0.22341397404670715 0.5 0.0 1.0
v 0.24085558950901031 -0.47199803590774536 -0.009866870008409023 0.5 0.0 1.0
v 0.22761979699134827 -0.40912801027297974 0.021568138152360916 0.5 0.0 1.0
v 0.2110750526189804 -0.337985634803772 0.09105604887008667 0.5 0.0 1.0
v 0.21438400447368622 -0.27677008509635925 0.14069026708602905 0.5 0.0 1.0
v 0.22431084513664246 -0.2320992797613144 0.1853610724210739 0.5 0.0 1.0
v 0.2375466376543045 -0.4306361675262451 0.0017144487937912345 0.5 0.0 1.0
v 0.24747347831726074 -0.38927432894706726 0.05465761944651604 0.5 0.0 1.0
v 0.2590548098087311 -0.3429490327835083 0.09436500072479248 0.5 0.0 1.0
v 0.27063611149787903 -0.29993271827697754 0.15061712265014648 0.5 0.0 1.0
v 0.28221744298934937 -0.25360745191574097 0.18701554834842682 0.5 0.0 1.0
v 0.27890849113464355 -0.5183233022689819 -0.05453767254948616 0.5 0.0 1.0
v 0.2904897928237915 -0.4769614636898041 -0.004903447814285755 0.5 0.0 1.0
v 0.30207112431526184 -0.4306361675262451 0.03314945846796036 0.5 0.0 1.0
v 0.3119979798793793 -0.39258328080177307 0.08112920820713043 0.5 0.0 1.0
v 0.3219248056411743 -0.3495669364929199 0.13076342642307281 0.5 0.0 1.0
v 0.33516061305999756 -0.29993271827697754 0.17212527990341187 0.5 0.0 1.0
v 0.3450874388217926 -0.25526192784309387 0.211832657456398 0.5 0.0 1.0
v 0.3202703297138214 -0.5464493632316589 -0.05784662067890167 0.5 0.0 1.0
v 0.33185166120529175 -0.49681514501571655 -0.019793715327978134 0.5 0.0 1.0
v 0.3401240408420563 -0.46207118034362793 0.04142182692885399 0.5 0.0 1.0
v 0.35335981845855713 -0.41409143805503845 0.07782025635242462 0.5 0.0 1.0
v 0.36494114995002747 -0.3677661716938019 0.13241790235042572 0.5 0.0 1.0
v 0.3765224516391754 -0.3214408755302429 0.16550739109516144 0.5 0.0 1.0
v 0.3467419147491455 -0.6242096424102783 -0.1207166388630867 0.5 0.0 1.0
v 0.35832324624061584 -0.5795388221740723 -0.07108241319656372 0.5 0.0 1.0
v 0.3682501018047333 -0.5381770133972168 -0.02641161158680916 0.5 0.0 1.0
v 0.3798314034938812 -0.49681514501571655 0.023222612217068672 0.5 0.0 1.0
v 0.39141273498535156 -0.4521443247795105 0.06623893976211548 0.5 0.0 1.0
v 0.4013395607471466 -0.40912801027297974 0.11421868950128555 0.5 0.0 1.0
v 0.41292089223861694 -0.36445721983909607 0.1539260596036911 0.5 0.0 1.0
v 0.4245022237300873 -0.31978639960289 0.19694238901138306 0.5 0.0 1.0
v 0.39141273498535156 -0.7085878252983093 -0.1769687533378601 0.5 0.0 1.0
v 0.4013395607471466 -0.6688804626464844 -0.12898901104927063 0.5 0.0 1.0
v 0.41292089223861694 -0.6209006905555725 -0.08597268164157867 0.5 0.0 1.0
v 0.4344290494918823 -0.5365225076675415 -0.006557921878993511 0.5 0.0 1.0
v 0.44435590505599976 -0.49516066908836365 0.043076302856206894 0.5 0.0 1.0
v 0.4559372067451477 -0.4504898488521576 0.09601947665214539 0.5 0.0 1.0
v 0.46751853823661804 -0.40912801027297974 0.13076342642307281 0.5 0.0 1.0
v 0.4774453938007355 -0.3677661716938019 0.1787431836128235 0.5 0.0 1.0
v 0.4526282846927643 -0.7284415364265442 -0.1736598014831543 0.5 0.0 1.0
v 0.46420958638191223 -0.6837707161903381 -0.13726137578487396 0.5 0.0 1.0
v 0.47579091787338257 -0.6424088478088379 -0.08762715011835098 0.5 0.0 1.0
v 0.4840632677078247 -0.6043559312820435 -0.02972055971622467 0.5 0.0 1.0
v 0.49729907512664795 -0.5547217130661011 0.0017144487937912345 0.5 0.0 1.0
v 0.5088803768157959 -0.5133599042892456 0.046385250985622406 0.5 0.0 1.0
v 0.5204617381095886 -0.46703460812568665 0.09601947665214539 0.5 0.0 1.0
v 0.5303885340690613 -0.4240182638168335 0.14399921894073486 0.5 0.0 1.0
v 0.5403153896331787 -0.38761985301971436 0.19528791308403015 0.5 0.0 1.0
v 0.5088803768157959 -0.715205729007721 -0.13560689985752106 0.5 0.0 1.0
v 0.5204617381095886 -0.6688804626464844 -0.08762715011835098 0.5 0.0 1.0
v 0.5287340879440308 -0.6324819922447205 -0.0379929281771183 0.5 0.0 1.0
v 0.5403153896331787 -0.5894656777381897 5.9974685427732766e-05 0.5 0.0 1.0
v 0.5552056431770325 -0.5332135558128357 0.03976735472679138 0.5 0.0 1.0
v 0.5634780526161194 -0.5001240968704224 0.09601947665214539 0.5 0.0 1.0
v 0.5734049081802368 -0.4571077525615692 0.14399921894073486 0.5 0.0 1.0
v 0.5882951617240906 -0.404164582490921 0.18701554834842682 0.5 0.0 1.0
v 0.598222017288208 -0.36280274391174316 0.2349953055381775 0.5 0.0 1.0
v 0.5601691007614136 -0.7069333791732788 -0.094245046377182 0.5 0.0 1.0
v 0.5717504024505615 -0.6589536070823669 -0.047919776290655136 0.5 0.0 1.0
v 0.5833317041397095 -0.6142827868461609 -0.004903447814285755 0.5 0.0 1.0
v 0.5965675115585327 -0.5646485686302185 0.03645840659737587 0.5 0.0 1.0
v 0.6064943671226501 -0.5232867002487183 0.07947473227977753 0.5 0.0 1.0
v 0.6164212226867676 -0.4835793375968933 0.13076342642307281 0.5 0.0 1.0
v 0.626348078250885 -0.44221749901771545 0.17047080397605896 0.5 0.0 1.0
v 0.6395838260650635 -0.3975466787815094 0.21679608523845673 0.5 0.0 1.0
v 0.21934741735458374 -0.3429490327835083 0.08443815261125565 0.5 0.0 1.0
v 0.23092873394489288 -0.3958922326564789 0.046385250985622406 0.5 0.0 1.0
v 0.2392011135816574 -0.44056302309036255 0.0017144487937912345 0.5 0.0 1.0
v 0.21603846549987793 -0.1758471578359604 0.25484898686408997 0.5 0.0 1.0
v 0.22596532106399536 -0.22051796317100525 0.20521476864814758 0.5 0.0 1.0
v 0.2342376857995987 -0.2651887536048889 0.16881632804870605 0.5 0.0 1.0
v 0.24581900238990784 -0.3148229718208313 0.13241790235042572 0.5 0.0 1.0
v 0.2574003338813782 -0.366111695766449 0.09436500072479248 0.5 0.0 1.0
v 0.2640182077884674 -0.4025101065635681 0.04969419911503792 0.5 0.0 1.0
v 0.27559953927993774 -0.4537988007068634 0.018259190022945404 0.5 0.0 1.0
v 0.28387191891670227 -0.49846962094306946 -0.024757137522101402 0.5 0.0 1.0
v 0.2954532206058502 -0.5464493632316589 -0.0661189928650856 0.5 0.0 1.0
v 0.24251005053520203 -0.17419268190860748 0.2697392404079437 0.5 0.0 1.0
v 0.2623637616634369 -0.2618798017501831 0.18867002427577972 0.5 0.0 1.0
v 0.27229058742523193 -0.30985957384109497 0.1539260596036911 0.5 0.0 1.0
v 0.28221744298934937 -0.35618484020233154 0.10594631731510162 0.5 0.0 1.0
v 0.2921442687511444 -0.3992011547088623 0.06458446383476257 0.5 0.0 1.0
v 0.30041664838790894 -0.44221749901771545 0.023222612217068672 0.5 0.0 1.0
v 0.31034350395202637 -0.49185171723365784 -0.018139241263270378 0.5 0.0 1.0
v 0.3219248056411743 -0.5447949171066284 -0.04626530036330223 0.5 0.0 1.0
v 0.33185166120529175 -0.5927746295928955 -0.08431820571422577 0.5 0.0 1.0
v 0.3417785167694092 -0.6374454498291016 -0.13064348697662354 0.5 0.0 1.0
v 0.30372560024261475 -0.19735532999038696 0.2631213665008545 0.5 0.0 1.0
v 0.3252337574958801 -0.2949692904949188 0.1853610724210739 0.5 0.0 1.0
v 0.33516061305999756 -0.3396401107311249 0.13738133013248444 0.5 0.0 1.0
v 0.3434329926967621 -0.38265642523765564 0.0993284210562706 0.5 0.0 1.0
v 0.35335981845855713 -0.4306361675262451 0.05465761944651604 0.5 0.0 1.0
v 0.36494114995002747 -0.4802703857421875 0.01991366408765316 0.5 0.0 1.0
v 0.3732134997844696 -0.5232867002487183 -0.016484767198562622 0.5 0.0 1.0
v 0.38479483127593994 -0.5778843760490417 -0.052883196622133255 0.5 0.0 1.0
v 0.3963761627674103 -0.6291730403900146 -0.10086294263601303 0.5 0.0 1.0
v 0.4046485126018524 -0.6688804626464844 -0.1455337405204773 0.5 0.0 1.0
v 0.41457536816596985 -0.7185146808624268 -0.18358665704727173 0.5 0.0 1.0
v 0.3765224516391754 -0.27511560916900635 0.22506844997406006 0.5 0.0 1.0
v 0.38810378313064575 -0.32474982738494873 0.1803976595401764 0.5 0.0 1.0
v 0.3980306386947632 -0.3710750937461853 0.14565369486808777 0.5 0.0 1.0
v 0.4063029885292053 -0.41574591398239136 0.0993284210562706 0.5 0.0 1.0
v 0.41953879594802856 -0.47365251183509827 0.06292998790740967 0.5 0.0 1.0
v 0.4294656217098236 -0.5183233022689819 0.024877086281776428 0.5 0.0 1.0
v 0.43608352541923523 -0.5547217130661011 -0.028066085651516914 0.5 0.0 1.0
v 0.44601038098335266 -0.6060104370117188 -0.0661189928650856 0.5 0.0 1.0
v 0.4575916826725006 -0.6506812572479248 -0.10251741856336594 0.5 0.0 1.0
v 0.46586406230926514 -0.6953520178794861 -0.1455337405204773 0.5 0.0 1.0
v 0.41457536816596985 -0.2618798017501831 0.24988555908203125 0.5 0.0 1.0
v 0.4245022237300873 -0.30820509791374207 0.22175951302051544 0.5 0.0 1.0
v 0.4344290494918823 -0.35453036427497864 0.17708870768547058 0.5 0.0 1.0
v 0.44435590505599976 -0.4025101065635681 0.13241790235042572 0.5 0.0 1.0
v 0.4542827308177948 -0.44552645087242126 0.09105604887008667 0.5 0.0 1.0
v 0.46420958638191223 -0.49185171723365784 0.04969419911503792 0.5 0.0 1.0
v 0.47579091787338257 -0.5497583150863647 0.014950241893529892 0.5 0.0 1.0
v 0.4857177436351776 -0.5944291353225708 -0.024757137522101402 0.5 0.0 1.0
v 0.49564459919929504 -0.6440633535385132 -0.06281004101037979 0.5 0.0 1.0
v 0.5055714249610901 -0.6854251623153687 -0.11244426667690277 0.5 0.0 1.0
v 0.4625551104545593 -0.30158719420433044 0.239958718419075 0.5 0.0 1.0
v 0.47248196601867676 -0.3462579846382141 0.19528791308403015 0.5 0.0 1.0
v 0.4840632677078247 -0.3992011547088623 0.155580535531044 0.5 0.0 1.0
v 0.49399012327194214 -0.44718092679977417 0.11256421357393265 0.5 0.0 1.0
v 0.5022624731063843 -0.49185171723365784 0.07616578042507172 0.5 0.0 1.0
v 0.513843834400177 -0.5398314595222473 0.03149498254060745 0.5 0.0 1.0
v 0.5237706303596497 -0.5878112316131592 -0.0032489735167473555 0.5 0.0 1.0
v 0.5320430397987366 -0.6291730403900146 -0.052883196622133255 0.5 0.0 1.0
v 0.5436243414878845 -0.6837707161903381 -0.07770030945539474 0.5 0.0 1.0
v 0.553551197052002 -0.7267870306968689 -0.1207166388630867 0.5 0.0 1.0
v 0.5452788472175598 -0.38596537709236145 0.19197897613048553 0.5 0.0 1.0
v 0.5552056431770325 -0.43559959530830383 0.155580535531044 0.5 0.0 1.0
v 0.5651324987411499 -0.4852338135242462 0.11421868950128555 0.5 0.0 1.0
v 0.5750593543052673 -0.5265956521034241 0.0712023600935936 0.5 0.0 1.0
v 0.5833317041397095 -0.5679575204849243 0.03314945846796036 0.5 0.0 1.0
v 0.5932585597038269 -0.6159372925758362 5.9974685427732766e-05 0.5 0.0 1.0
v 0.6015309691429138 -0.3776929974555969 0.21514160931110382 0.5 0.0 1.0
v 0.6114577651023865 -0.4273272156715393 0.1803976595401764 0.5 0.0 1.0
v 0.6213846206665039 -0.47365251183509827 0.14730817079544067 0.5 0.0 1.0
v 0.6329659223556519 -0.5232867002487183 0.10760079324245453 0.5 0.0 1.0
v 0.6478562355041504 -0.404164582490921 0.21845056116580963 0.5 0.0 1.0
v 0.6594375371932983 -0.4537988007068634 0.17377975583076477 0.5 0.0 1.0
v 0.6677098870277405 -0.49350619316101074 0.13241790235042572 0.5 0.0 1.0
v 0.6875635981559753 -0.404164582490921 0.2366497665643692 0.5 0.0 1.0
v 0.15978635847568512 -0.7383683323860168 -0.3159445822238922 0.5 0.0 1.0
v -0.9536747336387634 -0.263534277677536 -0.3324893116950989 0.5 0.0 1.0
v -0.9983455538749695 -0.24037164449691772 -0.3407616913318634 0.5 0.0 1.0
v -0.8825323581695557 -0.29993271827697754 -0.3324893116950989 0.5 0.0 1.0
v -0.8974226117134094 -0.2337537556886673 -0.2778916656970978 0.5 0.0 1.0
v -0.9586381316184998 -0.2304448038339615 -0.3109811544418335 0.5 0.0 1.0
v -0.9900731444358826 -0.24698954820632935 -0.3324893116950989 0.5 0.0 1.0
v -0.9073494672775269 -0.22382691502571106 -0.2861640453338623 0.5 0.0 1.0
v -0.8974226117134094 -0.27180665731430054 -0.32421696186065674 0.5 0.0 1.0
v 0.14655056595802307 -0.715205729007721 -0.29443642497062683 0.5 0.0 1.0
v 0.14158713817596436 -0.49681514501571655 -0.08928162604570389 0.5 0.0 1.0
v 0.12173344939947128 -0.5712664723396301 -0.15546059608459473 0.5 0.0 1.0
v 0.1002252846956253 -0.647372305393219 -0.2514200806617737 0.5 0.0 1.0
v 0.13331477344036102 -0.3495669364929199 0.03314945846796036 0.5 0.0 1.0
v 0.11180660128593445 -0.4289816915988922 -0.03964740410447121 0.5 0.0 1.0
v 0.09029843658208847 -0.5034330487251282 -0.12733453512191772 0.5 0.0 1.0
v 0.04893658682703972 -0.6490267515182495 -0.27127379179000854 0.5 0.0 1.0
v 0.10353422909975052 -0.3181319236755371 0.06954788416624069 0.5 0.0 1.0
v 0.08368054032325745 -0.39258328080177307 -0.018139241263270378 0.5 0.0 1.0
v 0.06217237934470177 -0.46868908405303955 -0.0909361019730568 0.5 0.0 1.0
v 0.04066421464085579 -0.5464493632316589 -0.18193218111991882 0.5 0.0 1.0
v 0.020810525864362717 -0.6175917387008667 -0.2563835084438324 0.5 0.0 1.0
v 0.05720895901322365 -0.24864402413368225 0.10429184138774872 0.5 0.0 1.0
v 0.03570079430937767 -0.3230953514575958 0.029840508475899696 0.5 0.0 1.0
v 0.01584710367023945 -0.3992011547088623 -0.052883196622133255 0.5 0.0 1.0
v -0.007315533235669136 -0.4786159098148346 -0.14222480356693268 0.5 0.0 1.0
v -0.02716922201216221 -0.5530672669410706 -0.21171271800994873 0.5 0.0 1.0
v -0.04702291265130043 -0.6242096424102783 -0.2861640453338623 0.5 0.0 1.0
v -0.0023521108087152243 -0.22879032790660858 0.09105604887008667 0.5 0.0 1.0
v -0.023860273882746696 -0.30324167013168335 0.018259190022945404 0.5 0.0 1.0
v -0.045368436723947525 -0.37934747338294983 -0.05950109288096428 0.5 0.0 1.0
v -0.0652221292257309 -0.4521443247795105 -0.13395242393016815 0.5 0.0 1.0
v -0.08838476240634918 -0.534868061542511 -0.22494851052761078 0.5 0.0 1.0
v -0.11154740303754807 -0.6142827868461609 -0.3076722025871277 0.5 0.0 1.0
v -0.03544159233570099 -0.17253820598125458 0.13572685420513153 0.5 0.0 1.0
v -0.05694975703954697 -0.25195297598838806 0.05796656757593155 0.5 0.0 1.0
v -0.07845792174339294 -0.32474982738494873 -0.016484767198562622 0.5 0.0 1.0
v -0.09665713459253311 -0.394237756729126 -0.07935478538274765 0.5 0.0 1.0
v -0.11816529929637909 -0.47365251183509827 -0.16373296082019806 0.5 0.0 1.0
v -0.13967345654964447 -0.5481038093566895 -0.2563835084438324 0.5 0.0 1.0
v -0.0933481901884079 -0.210591122508049 0.07616578042507172 0.5 0.0 1.0
v -0.11485634744167328 -0.2866969406604767 -0.01152134407311678 0.5 0.0 1.0
v -0.19923453032970428 -0.591120183467865 -0.32421696186065674 0.5 0.0 1.0
v -0.12312871962785721 -0.10139582306146622 0.17212527990341187 0.5 0.0 1.0
v -0.14463688433170319 -0.1791561096906662 0.08774710446596146 0.5 0.0 1.0
v -0.16614504158496857 -0.2569164037704468 -0.0032489735167473555 0.5 0.0 1.0
v -0.18599873781204224 -0.33136773109436035 -0.07273688912391663 0.5 0.0 1.0
v -0.20750689506530762 -0.404164582490921 -0.14222480356693268 0.5 0.0 1.0
v -0.22570611536502838 -0.47365251183509827 -0.21336717903614044 0.5 0.0 1.0
v -0.25217771530151367 -0.5613396167755127 -0.319253534078598 0.5 0.0 1.0
v -0.21412479877471924 -0.18742847442626953 0.0447307750582695 0.5 0.0 1.0
v -0.23563295602798462 -0.2585708796977997 -0.016484767198562622 0.5 0.0 1.0
v -0.25714111328125 -0.337985634803772 -0.11409874260425568 0.5 0.0 1.0
v -0.27864930033683777 -0.41243696212768555 -0.19516797363758087 0.5 0.0 1.0
v -0.24390533566474915 -0.13283082842826843 0.08940158039331436 0.5 0.0 1.0
v -0.2654134929180145 -0.210591122508049 0.0033689229749143124 0.5 0.0 1.0
v -0.30677536129951477 -0.35783931612968445 -0.15380612015724182 0.5 0.0 1.0
v -0.32828351855278015 -0.4339451193809509 -0.23487535119056702 0.5 0.0 1.0
v -0.34979167580604553 -0.5150143504142761 -0.3126356303691864 0.5 0.0 1.0
v -0.2803037762641907 -0.10305029898881912 0.10594631731510162 0.5 0.0 1.0
v -0.32497456669807434 -0.2618798017501831 -0.07604583352804184 0.5 0.0 1.0
v -0.3448282480239868 -0.33136773109436035 -0.13229794800281525 0.5 0.0 1.0
v -0.3646819293498993 -0.4025101065635681 -0.2034403383731842 0.5 0.0 1.0
v -0.38619011640548706 -0.4802703857421875 -0.2812006175518036 0.5 0.0 1.0
v -0.3729543089866638 -0.18742847442626953 -0.02641161158680916 0.5 0.0 1.0
v -0.4556780159473419 -0.4852338135242462 -0.3357982635498047 0.5 0.0 1.0
v -0.4275519549846649 -0.17419268190860748 -0.018139241263270378 0.5 0.0 1.0
v -0.4474056363105774 -0.24202612042427063 -0.0925905779004097 0.5 0.0 1.0
v -0.46891382336616516 -0.3214408755302429 -0.1736598014831543 0.5 0.0 1.0
v -0.49373093247413635 -0.4058190584182739 -0.27127379179000854 0.5 0.0 1.0
v -0.510275661945343 -0.28173351287841797 -0.1720053255558014 0.5 0.0 1.0
v -0.5284748673439026 -0.3462579846382141 -0.2282574474811554 0.5 0.0 1.0
v -0.549983024597168 -0.4256727397441864 -0.319253534078598 0.5 0.0 1.0
v -0.5532919764518738 -0.27677008509635925 -0.1769687533378601 0.5 0.0 1.0
v -0.5748001337051392 -0.35287588834762573 -0.26631036400794983 0.5 0.0 1.0
v -0.594653844833374 -0.422363817691803 -0.32421696186065674 0.5 0.0 1.0
v -0.5913448929786682 -0.18577399849891663 -0.10913531482219696 0.5 0.0 1.0
v -0.6095440983772278 -0.25526192784309387 -0.18358665704727173 0.5 0.0 1.0
v -0.6310522556304932 -0.32971325516700745 -0.2580379843711853 0.5 0.0 1.0
v -0.6591783165931702 -0.19900980591773987 -0.1471882164478302 0.5 0.0 1.0
v -0.679032027721405 -0.27511560916900635 -0.2299119234085083 0.5 0.0 1.0
v -0.7005401849746704 -0.3512214124202728 -0.3126356303691864 0.5 0.0 1.0
v -0.7055035829544067 -0.19073742628097534 -0.16207848489284515 0.5 0.0 1.0
v -0.7303206920623779 -0.27511560916900635 -0.2530745565891266 0.5 0.0 1.0
v -0.7501744031906128 -0.3495669364929199 -0.3324893116950989 0.5 0.0 1.0
v -0.7617557048797607 -0.2039732187986374 -0.2034403383731842 0.5 0.0 1.0
v -0.7816094160079956 -0.27511560916900635 -0.27127379179000854 0.5 0.0 1.0
v -0.8262802362442017 -0.21555453538894653 -0.2315663993358612 0.5 0.0 1.0
v -0.8461338877677917 -0.2900058627128601 -0.32256248593330383 0.5 0.0 1.0
v 0.16805872321128845 -0.6506812572479248 -0.20674929022789001 0.5 0.0 1.0
v 0.12338792532682419 -0.44221749901771545 -0.04626530036330223 0.5 0.0 1.0
v 0.10684318095445633 -0.3694206178188324 0.016604715958237648 0.5 0.0 1.0
v 0.09360738843679428 -0.30489614605903625 0.0712023600935936 0.5 0.0 1.0
v 0.07706264406442642 -0.22879032790660858 0.13241790235042572 0.5 0.0 1.0
v 0.13662371039390564 -0.7069333791732788 -0.2861640453338623 0.5 0.0 1.0
v 0.12007897347211838 -0.6357909440994263 -0.2282574474811554 0.5 0.0 1.0
v 0.10518870502710342 -0.562994122505188 -0.16538743674755096 0.5 0.0 1.0
v 0.08864396810531616 -0.488542765378952 -0.10251741856336594 0.5 0.0 1.0
v 0.0720992237329483 -0.41078248620033264 -0.03302950784564018 0.5 0.0 1.0
v 0.058863431215286255 -0.3446035087108612 0.013295767828822136 0.5 0.0 1.0
v 0.042318690568208694 -0.27015218138694763 0.07616578042507172 0.5 0.0 1.0
v 0.029082898050546646 -0.2039732187986374 0.1258000135421753 0.5 0.0 1.0
v 0.012538156472146511 -0.126212939620018 0.20356029272079468 0.5 0.0 1.0
v 0.06879027932882309 -0.7085878252983093 -0.32256248593330383 0.5 0.0 1.0
v 0.05390000715851784 -0.6390998959541321 -0.263001412153244 0.5 0.0 1.0
v 0.03735526651144028 -0.562994122505188 -0.19682244956493378 0.5 0.0 1.0
v 0.020810525864362717 -0.4868882894515991 -0.12733453512191772 0.5 0.0 1.0
v 0.007574733812361956 -0.41905486583709717 -0.0661189928650856 0.5 0.0 1.0
v -0.007315533235669136 -0.35453036427497864 -0.023102663457393646 0.5 0.0 1.0
v -0.02220579981803894 -0.28007903695106506 0.03811287879943848 0.5 0.0 1.0
v -0.037096068263053894 -0.21224559843540192 0.0976739451289177 0.5 0.0 1.0
v -0.053640808910131454 -0.13944873213768005 0.16219843924045563 0.5 0.0 1.0
v -0.008970007300376892 -0.6523357033729553 -0.2927819490432739 0.5 0.0 1.0
v -0.023860273882746696 -0.5828477740287781 -0.24645666778087616 0.5 0.0 1.0
v -0.040405016392469406 -0.5050874948501587 -0.1720053255558014 0.5 0.0 1.0
v -0.05529528111219406 -0.43725407123565674 -0.11078979074954987 0.5 0.0 1.0
v -0.09996608644723892 -0.22713585197925568 0.05631209537386894 0.5 0.0 1.0
v -0.11651082336902618 -0.1493755728006363 0.12414553016424179 0.5 0.0 1.0
v -0.0652221292257309 -0.6357909440994263 -0.3126356303691864 0.5 0.0 1.0
v -0.08011239767074585 -0.5712664723396301 -0.263001412153244 0.5 0.0 1.0
v -0.09831161051988602 -0.49019724130630493 -0.178623229265213 0.5 0.0 1.0
v -0.11485634744167328 -0.41243696212768555 -0.11740768700838089 0.5 0.0 1.0
v -0.14298240840435028 -0.2833879888057709 -0.016484767198562622 0.5 0.0 1.0
v -0.15952715277671814 -0.20231874287128448 0.05465761944651604 0.5 0.0 1.0
v -0.1744174212217331 -0.12952189147472382 0.11752763390541077 0.5 0.0 1.0
v -0.13140109181404114 -0.5729209184646606 -0.26796483993530273 0.5 0.0 1.0
v -0.17938083410263062 -0.3462579846382141 -0.06777346134185791 0.5 0.0 1.0
v -0.19427110254764557 -0.27842456102371216 -0.023102663457393646 0.5 0.0 1.0
v -0.21081584692001343 -0.2056276947259903 0.043076302856206894 0.5 0.0 1.0
v -0.22405163943767548 -0.13944873213768005 0.08940158039331436 0.5 0.0 1.0
v -0.19592557847499847 -0.6027014851570129 -0.32256248593330383 0.5 0.0 1.0
v -0.21081584692001343 -0.5332135558128357 -0.2828550934791565 0.5 0.0 1.0
v -0.22570611536502838 -0.46372565627098083 -0.21336717903614044 0.5 0.0 1.0
v -0.24225085973739624 -0.38596537709236145 -0.14387927949428558 0.5 0.0 1.0
v -0.25714111328125 -0.3148229718208313 -0.08762715011835098 0.5 0.0 1.0
v -0.27368587255477905 -0.238717183470726 -0.01152134407311678 0.5 0.0 1.0
v -0.2885761260986328 -0.17088374495506287 0.03149498254060745 0.5 0.0 1.0
v -0.30512088537216187 -0.09477792680263519 0.09271052479743958 0.5 0.0 1.0
v -0.29519402980804443 -0.4537988007068634 -0.23818430304527283 0.5 0.0 1.0
v -0.3117387592792511 -0.37934747338294983 -0.15876953303813934 0.5 0.0 1.0
v -0.32662904262542725 -0.30655062198638916 -0.10582637041807175 0.5 0.0 1.0
v -0.341519296169281 -0.24037164449691772 -0.052883196622133255 0.5 0.0 1.0
v -0.35806405544281006 -0.16426584124565125 0.013295767828822136 0.5 0.0 1.0
v -0.3448282480239868 -0.47199803590774536 -0.2613469362258911 0.5 0.0 1.0
v -0.35971853137016296 -0.404164582490921 -0.2050948143005371 0.5 0.0 1.0
v -0.3729543089866638 -0.3429490327835083 -0.16538743674755096 0.5 0.0 1.0
v -0.3894990384578705 -0.2668432295322418 -0.0925905779004097 0.5 0.0 1.0
v -0.40438932180404663 -0.19404637813568115 -0.03302950784564018 0.5 0.0 1.0
v -0.4192795753479004 -0.12952189147472382 0.009986819699406624 0.5 0.0 1.0
v -0.3994258940219879 -0.4504898488521576 -0.26631036400794983 0.5 0.0 1.0
v -0.4292064309120178 -0.3181319236755371 -0.16869638860225677 0.5 0.0 1.0
v -0.4457511603832245 -0.24037164449691772 -0.09920847415924072 0.5 0.0 1.0
v -0.4722227454185486 -0.460416704416275 -0.3109811544418335 0.5 0.0 1.0
v -0.48711302876472473 -0.39092880487442017 -0.2547290325164795 0.5 0.0 1.0
v -0.5020033121109009 -0.3148229718208313 -0.18027770519256592 0.5 0.0 1.0
v -0.5433651208877563 -0.44056302309036255 -0.32918035984039307 0.5 0.0 1.0
v -0.5599098801612854 -0.366111695766449 -0.26961931586265564 0.5 0.0 1.0
v -0.5880359411239624 -0.2304448038339615 -0.1455337405204773 0.5 0.0 1.0
v -0.6045807003974915 -0.15764795243740082 -0.08928162604570389 0.5 0.0 1.0
v -0.6012717485427856 -0.41409143805503845 -0.319253534078598 0.5 0.0 1.0
v -0.6178165078163147 -0.3429490327835083 -0.27292826771736145 0.5 0.0 1.0
v -0.6492514610290527 -0.19570085406303406 -0.1488426923751831 0.5 0.0 1.0
v -0.6492514610290527 -0.40747353434562683 -0.32421696186065674 0.5 0.0 1.0
v -0.6641417741775513 -0.33633115887641907 -0.2845095694065094 0.5 0.0 1.0
v -0.6806864738464355 -0.2651887536048889 -0.21833060681819916 0.5 0.0 1.0
v -0.7270117998123169 -0.35949379205703735 -0.33083483576774597 0.5 0.0 1.0
v -0.7402475476264954 -0.2949692904949188 -0.2778916656970978 0.5 0.0 1.0
v -0.7584467530250549 -0.21720901131629944 -0.21502165496349335 0.5 0.0 1.0
v -0.7948452234268188 -0.337985634803772 -0.32918035984039307 0.5 0.0 1.0
v -0.8461338877677917 -0.3214408755302429 -0.3341437876224518 0.5 0.0 1.0
v -0.8610242009162903 -0.25526192784309387 -0.2878185212612152 0.5 0.0 1.0
v -0.8362070918083191 -0.2866969406604767 -0.3043632507324219 0.5 0.0 1.0
v -0.7882273197174072 -0.30985957384109497 -0.3175990581512451 0.5 0.0 1.0
v -0.7683736085891724 -0.22879032790660858 -0.21005824208259583 0.5 0.0 1.0
v -0.7452110052108765 -0.33633115887641907 -0.3175990581512451 0.5 0.0 1.0
v -0.7336296439170837 -0.2949692904949188 -0.26631036400794983 0.5 0.0 1.0
v -0.7220483422279358 -0.25029850006103516 -0.22329403460025787 0.5 0.0 1.0
v -0.679032027721405 -0.3727295696735382 -0.3109811544418335 0.5 0.0 1.0
v -0.6691051721572876 -0.33136773109436035 -0.2778916656970978 0.5 0.0 1.0
v -0.6591783165931702 -0.2866969406604767 -0.22494851052761078 0.5 0.0 1.0
v -0.6459425687789917 -0.238717183470726 -0.178623229265213 0.5 0.0 1.0
v -0.6360157132148743 -0.19735532999038696 -0.13560689985752106 0.5 0.0 1.0
v -0.6178165078163147 -0.4025101065635681 -0.32752591371536255 0.5 0.0 1.0
v -0.5979627966880798 -0.3214408755302429 -0.2299119234085083 0.5 0.0 1.0
v -0.5863814949989319 -0.27677008509635925 -0.18524113297462463 0.5 0.0 1.0
v -0.5748001337051392 -0.2337537556886673 -0.13229794800281525 0.5 0.0 1.0
v -0.5648733377456665 -0.19404637813568115 -0.0925905779004097 0.5 0.0 1.0
v -0.5532919764518738 -0.1493755728006363 -0.05453767254948616 0.5 0.0 1.0
v -0.5681822299957275 -0.41574591398239136 -0.3175990581512451 0.5 0.0 1.0
v -0.5566009283065796 -0.3743840456008911 -0.2762371897697449 0.5 0.0 1.0
v -0.5466740727424622 -0.33136773109436035 -0.2266029715538025 0.5 0.0 1.0
v -0.5367472767829895 -0.2933148145675659 -0.1736598014831543 0.5 0.0 1.0
v -0.5135846138000488 -0.40912801027297974 -0.2828550934791565 0.5 0.0 1.0
v -0.5020033121109009 -0.36445721983909607 -0.24480219185352325 0.5 0.0 1.0
v -0.49207645654678345 -0.32805877923965454 -0.18524113297462463 0.5 0.0 1.0
v -0.4804951250553131 -0.28173351287841797 -0.14387927949428558 0.5 0.0 1.0
v -0.4474056363105774 -0.1477210968732834 -0.01152134407311678 0.5 0.0 1.0
v -0.454023540019989 -0.4504898488521576 -0.3076722025871277 0.5 0.0 1.0
v -0.4440966844558716 -0.40747353434562683 -0.2563835084438324 0.5 0.0 1.0
v -0.4225885272026062 -0.32805877923965454 -0.16042400896549225 0.5 0.0 1.0
v -0.41100722551345825 -0.27677008509635925 -0.1190621629357338 0.5 0.0 1.0
v -0.3994258940219879 -0.2354082316160202 -0.07273688912391663 0.5 0.0 1.0
v -0.38784459233283997 -0.18742847442626953 -0.036338455975055695 0.5 0.0 1.0
v -0.37791773676872253 -0.14606662094593048 0.024877086281776428 0.5 0.0 1.0
v -0.3994258940219879 -0.49846962094306946 -0.3109811544418335 0.5 0.0 1.0
v -0.3663364052772522 -0.366111695766449 -0.16869638860225677 0.5 0.0 1.0
v -0.35475510358810425 -0.3214408755302429 -0.12733453512191772 0.5 0.0 1.0
v -0.3448282480239868 -0.28007903695106506 -0.07935478538274765 0.5 0.0 1.0
v -0.33324694633483887 -0.2337537556886673 -0.04626530036330223 0.5 0.0 1.0
v -0.3200111389160156 -0.18577399849891663 -0.004903447814285755 0.5 0.0 1.0
v -0.3117387592792511 -0.1477210968732834 0.06127551570534706 0.5 0.0 1.0
v -0.30015745759010315 -0.10305029898881912 0.0976739451289177 0.5 0.0 1.0
v -0.35806405544281006 -0.5332135558128357 -0.32587143778800964 0.5 0.0 1.0
v -0.3365558683872223 -0.44718092679977417 -0.2299119234085083 0.5 0.0 1.0
v -0.32332009077072144 -0.3975466787815094 -0.19020454585552216 0.5 0.0 1.0
v -0.3100842833518982 -0.347912460565567 -0.150497168302536 0.5 0.0 1.0
v -0.30181193351745605 -0.3115140497684479 -0.09920847415924072 0.5 0.0 1.0
v -0.2902306020259857 -0.2668432295322418 -0.052883196622133255 0.5 0.0 1.0
v -0.27699482440948486 -0.22051796317100525 -0.009866870008409023 0.5 0.0 1.0
v -0.26706796884536743 -0.1775016337633133 0.03976735472679138 0.5 0.0 1.0
v -0.25714111328125 -0.13944873213768005 0.08278367668390274 0.5 0.0 1.0
v -0.313393235206604 -0.5447949171066284 -0.33083483576774597 0.5 0.0 1.0
v -0.30181193351745605 -0.5001240968704224 -0.2828550934791565 0.5 0.0 1.0
v -0.2902306020259857 -0.4571077525615692 -0.2332208752632141 0.5 0.0 1.0
v -0.27864930033683777 -0.41078248620033264 -0.19516797363758087 0.5 0.0 1.0
v -0.26872244477272034 -0.3677661716938019 -0.1455337405204773 0.5 0.0 1.0
v -0.2587955892086029 -0.32805877923965454 -0.09920847415924072 0.5 0.0 1.0
v -0.24721427261829376 -0.28173351287841797 -0.04957424849271774 0.5 0.0 1.0
v -0.23563295602798462 -0.24202612042427063 -0.006557921878993511 0.5 0.0 1.0
v -0.22405163943767548 -0.19570085406303406 0.03314945846796036 0.5 0.0 1.0
v -0.204197958111763 -0.11463161557912827 0.12249106168746948 0.5 0.0 1.0
v -0.25217771530151367 -0.5762298703193665 -0.32752591371536255 0.5 0.0 1.0
v -0.24059638381004333 -0.5332135558128357 -0.2861640453338623 0.5 0.0 1.0
v -0.2306695431470871 -0.49350619316101074 -0.2315663993358612 0.5 0.0 1.0
v -0.22074268758296967 -0.4488354027271271 -0.18689559400081635 0.5 0.0 1.0
v -0.18765321373939514 -0.31978639960289 -0.05619214475154877 0.5 0.0 1.0
v -0.176071897149086 -0.27842456102371216 -0.014830292202532291 0.5 0.0 1.0
v -0.16449058055877686 -0.2337537556886673 0.021568138152360916 0.5 0.0 1.0
v -0.15290924906730652 -0.18742847442626953 0.06789341568946838 0.5 0.0 1.0
v -0.14298240840435028 -0.14441215991973877 0.11256421357393265 0.5 0.0 1.0
v -0.13471004366874695 -0.10966819524765015 0.16881632804870605 0.5 0.0 1.0
v -0.1214742437005043 -0.05837949737906456 0.2085237056016922 0.5 0.0 1.0
v -0.18599873781204224 -0.6027014851570129 -0.32421696186065674 0.5 0.0 1.0
v -0.176071897149086 -0.5613396167755127 -0.2778916656970978 0.5 0.0 1.0
v -0.16449058055877686 -0.5166688561439514 -0.23983876407146454 0.5 0.0 1.0
v -0.15290924906730652 -0.47365251183509827 -0.18855006992816925 0.5 0.0 1.0
v -0.10823845118284225 -0.29662376642227173 -0.009866870008409023 0.5 0.0 1.0
v -0.09996608644723892 -0.2602253556251526 0.03976735472679138 0.5 0.0 1.0
v -0.08838476240634918 -0.21390005946159363 0.07947473227977753 0.5 0.0 1.0
v -0.07514896988868713 -0.16426584124565125 0.11752763390541077 0.5 0.0 1.0
v -0.0652221292257309 -0.126212939620018 0.17543423175811768 0.5 0.0 1.0
v -0.053640808910131454 -0.08154213428497314 0.22010503709316254 0.5 0.0 1.0
v -0.14298240840435028 -0.6209006905555725 -0.3093266785144806 0.5 0.0 1.0
v -0.12974661588668823 -0.5712664723396301 -0.2762371897697449 0.5 0.0 1.0
v -0.11816529929637909 -0.5249412059783936 -0.2299119234085083 0.5 0.0 1.0
v -0.10658398270606995 -0.4802703857421875 -0.18689559400081635 0.5 0.0 1.0
v -0.09831161051988602 -0.44387197494506836 -0.13395242393016815 0.5 0.0 1.0
v -0.08507581800222397 -0.3958922326564789 -0.08928162604570389 0.5 0.0 1.0
v -0.06356765329837799 -0.30820509791374207 -0.0032489735167473555 0.5 0.0 1.0
v -0.05198633298277855 -0.2602253556251526 0.046385250985622406 0.5 0.0 1.0
v -0.040405016392469406 -0.21720901131629944 0.09271052479743958 0.5 0.0 1.0
v -0.03047817014157772 -0.1758471578359604 0.14069026708602905 0.5 0.0 1.0
v -0.01889685168862343 -0.13283082842826843 0.19197897613048553 0.5 0.0 1.0
v -0.09169371426105499 -0.6258641481399536 -0.3109811544418335 0.5 0.0 1.0
v -0.08176686614751816 -0.5845022797584534 -0.2596924602985382 0.5 0.0 1.0
v -0.07018554955720901 -0.534868061542511 -0.21667613089084625 0.5 0.0 1.0
v -0.05860422924160957 -0.49185171723365784 -0.16869638860225677 0.5 0.0 1.0
v -0.04867738485336304 -0.4504898488521576 -0.11575321108102798 0.5 0.0 1.0
v -0.037096068263053894 -0.40747353434562683 -0.07604583352804184 0.5 0.0 1.0
v -0.025514747947454453 -0.36280274391174316 -0.03137503191828728 0.5 0.0 1.0
v -0.015587903559207916 -0.3230953514575958 0.014950241893529892 0.5 0.0 1.0
v -0.004006585106253624 -0.27842456102371216 0.05631209537386894 0.5 0.0 1.0
v 0.009229208342730999 -0.22879032790660858 0.1009828969836235 0.5 0.0 1.0
v 0.01915605179965496 -0.18577399849891663 0.14234474301338196 0.5 0.0 1.0
v 0.029082898050546646 -0.14441215991973877 0.19363345205783844 0.5 0.0 1.0
v -0.040405016392469406 -0.6622625589370728 -0.3209080100059509 0.5 0.0 1.0
v -0.03047817014157772 -0.6209006905555725 -0.2778916656970978 0.5 0.0 1.0
v -0.01889685168862343 -0.5778843760490417 -0.2282574474811554 0.5 0.0 1.0
v -0.00566105917096138 -0.5265956521034241 -0.18855006992816925 0.5 0.0 1.0
v 0.0042657856829464436 -0.4852338135242462 -0.14222480356693268 0.5 0.0 1.0
v 0.02742842398583889 -0.3958922326564789 -0.05122872442007065 0.5 0.0 1.0
v 0.03735526651144028 -0.3512214124202728 -0.0015944994520395994 0.5 0.0 1.0
v 0.04728211089968681 -0.3115140497684479 0.03811287879943848 0.5 0.0 1.0
v 0.058863431215286255 -0.2651887536048889 0.08443815261125565 0.5 0.0 1.0
v 0.0704447478055954 -0.22217243909835815 0.13407237827777863 0.5 0.0 1.0
v 0.02742842398583889 -0.6639170050621033 -0.29609090089797974 0.5 0.0 1.0
v 0.03735526651144028 -0.6209006905555725 -0.2514200806617737 0.5 0.0 1.0
v 0.04728211089968681 -0.5795388221740723 -0.19682244956493378 0.5 0.0 1.0
v 0.06051790714263916 -0.5332135558128357 -0.15711507201194763 0.5 0.0 1.0
v 0.08202607184648514 -0.44552645087242126 -0.07273688912391663 0.5 0.0 1.0
v 0.10353422909975052 -0.36114826798439026 0.02818603441119194 0.5 0.0 1.0
v 0.11511555314064026 -0.3164774477481842 0.05796656757593155 0.5 0.0 1.0
v 0.1250423938035965 -0.27677008509635925 0.11090973764657974 0.5 0.0 1.0
v 0.0704447478055954 -0.6672259569168091 -0.2812006175518036 0.5 0.0 1.0
v 0.08202607184648514 -0.6258641481399536 -0.22329403460025787 0.5 0.0 1.0
v 0.09360738843679428 -0.5795388221740723 -0.18358665704727173 0.5 0.0 1.0
v 0.10353422909975052 -0.5381770133972168 -0.14387927949428558 0.5 0.0 1.0
v 0.11346107721328735 -0.49681514501571655 -0.10086294263601303 0.5 0.0 1.0
v 0.1250423938035965 -0.4537988007068634 -0.047919776290655136 0.5 0.0 1.0
v 0.13662371039390564 -0.40747353434562683 -0.009866870008409023 0.5 0.0 1.0
v 0.14655056595802307 -0.3694206178188324 0.03314945846796036 0.5 0.0 1.0
v 0.10353422909975052 -0.7135512232780457 -0.3043632507324219 0.5 0.0 1.0
v 0.11346107721328735 -0.6705349087715149 -0.2613469362258911 0.5 0.0 1.0
v 0.1250423938035965 -0.6275185942649841 -0.21171271800994873 0.5 0.0 1.0
v 0.13662371039390564 -0.5795388221740723 -0.1769687533378601 0.5 0.0 1.0
v 0.16971319913864136 -0.6970065236091614 -0.26631036400794983 0.5 0.0 1.0
v 0.1812945157289505 -0.6506812572479248 -0.22494851052761078 0.5 0.0 1.0
v -0.8444794416427612 -0.2337537556886673 -0.2580379843711853 0.5 0.0 1.0
v -0.8362070918083191 -0.27511560916900635 -0.3060177266597748 0.5 0.0 1.0
v -0.7882273197174072 -0.22382691502571106 -0.21998508274555206 0.5 0.0 1.0
v -0.7799549698829651 -0.2651887536048889 -0.26961931586265564 0.5 0.0 1.0
v -0.7683736085891724 -0.3148229718208313 -0.29609090089797974 0.5 0.0 1.0
v -0.7385931015014648 -0.2569164037704468 -0.23652982711791992 0.5 0.0 1.0
v -0.71873939037323 -0.35783931612968445 -0.3142901062965393 0.5 0.0 1.0
v -0.7088125348091125 -0.22382691502571106 -0.18855006992816925 0.5 0.0 1.0
v -0.6988857388496399 -0.2684977054595947 -0.22494851052761078 0.5 0.0 1.0
v -0.6889588832855225 -0.3181319236755371 -0.27127379179000854 0.5 0.0 1.0
v -0.679032027721405 -0.36280274391174316 -0.3142901062965393 0.5 0.0 1.0
v -0.662487268447876 -0.182465061545372 -0.1471882164478302 0.5 0.0 1.0
v -0.650905966758728 -0.2354082316160202 -0.1769687533378601 0.5 0.0 1.0
v -0.6409791111946106 -0.28173351287841797 -0.21833060681819916 0.5 0.0 1.0
v -0.6211254000663757 -0.3710750937461853 -0.291127473115921 0.5 0.0 1.0
v -0.6111986041069031 -0.422363817691803 -0.3341437876224518 0.5 0.0 1.0
v -0.6045807003974915 -0.20231874287128448 -0.12568005919456482 0.5 0.0 1.0
v -0.5847269892692566 -0.29827824234962463 -0.2034403383731842 0.5 0.0 1.0
v -0.5748001337051392 -0.3412945866584778 -0.23983876407146454 0.5 0.0 1.0
v -0.5632188320159912 -0.3975466787815094 -0.2778916656970978 0.5 0.0 1.0
v -0.5549464821815491 -0.43890854716300964 -0.3324893116950989 0.5 0.0 1.0
v -0.5681822299957275 -0.19073742628097534 -0.08762715011835098 0.5 0.0 1.0
v -0.5400561690330505 -0.3230953514575958 -0.22163955867290497 0.5 0.0 1.0
v -0.5301293730735779 -0.3710750937461853 -0.263001412153244 0.5 0.0 1.0
v -0.5185480117797852 -0.4207093417644501 -0.29774537682533264 0.5 0.0 1.0
v -0.5003488063812256 -0.32805877923965454 -0.2050948143005371 0.5 0.0 1.0
v -0.49042198061943054 -0.37934747338294983 -0.23983876407146454 0.5 0.0 1.0
v -0.4804951250553131 -0.4240182638168335 -0.27458271384239197 0.5 0.0 1.0
v -0.4722227454185486 -0.46703460812568665 -0.319253534078598 0.5 0.0 1.0
v -0.4507145881652832 -0.2651887536048889 -0.11409874260425568 0.5 0.0 1.0
v -0.44078776240348816 -0.3164774477481842 -0.15711507201194763 0.5 0.0 1.0
v -0.4308609068393707 -0.35783931612968445 -0.2001313865184784 0.5 0.0 1.0
v -0.4225885272026062 -0.4008556306362152 -0.24811114370822906 0.5 0.0 1.0
v -0.4010803699493408 -0.5001240968704224 -0.32256248593330383 0.5 0.0 1.0
v -0.41431617736816406 -0.1477210968732834 0.014950241893529892 0.5 0.0 1.0
v -0.40438932180404663 -0.19073742628097534 -0.03468398004770279 0.5 0.0 1.0
v -0.3944624662399292 -0.238717183470726 -0.06777346134185791 0.5 0.0 1.0
v -0.38619011640548706 -0.2833879888057709 -0.11740768700838089 0.5 0.0 1.0
v -0.3746087849140167 -0.33467668294906616 -0.15380612015724182 0.5 0.0 1.0
v -0.3646819293498993 -0.38265642523765564 -0.18358665704727173 0.5 0.0 1.0
v -0.3365558683872223 -0.5150143504142761 -0.3175990581512451 0.5 0.0 1.0
v -0.37626326084136963 -0.13117636740207672 0.03811287879943848 0.5 0.0 1.0
v -0.3663364052772522 -0.1758471578359604 -0.0015944994520395994 0.5 0.0 1.0
v -0.35640957951545715 -0.22548139095306396 -0.047919776290655136 0.5 0.0 1.0
v -0.3365558683872223 -0.3131685256958008 -0.12568005919456482 0.5 0.0 1.0
v -0.32662904262542725 -0.366111695766449 -0.15380612015724182 0.5 0.0 1.0
v -0.29850298166275024 -0.5001240968704224 -0.2812006175518036 0.5 0.0 1.0
v -0.2869216501712799 -0.5481038093566895 -0.3159445822238922 0.5 0.0 1.0
v -0.3365558683872223 -0.1278674155473709 0.05465761944651604 0.5 0.0 1.0
v -0.32662904262542725 -0.17419268190860748 0.021568138152360916 0.5 0.0 1.0
v -0.3183566629886627 -0.21720901131629944 -0.03468398004770279 0.5 0.0 1.0
v -0.30677536129951477 -0.2651887536048889 -0.06942793726921082 0.5 0.0 1.0
v -0.29684850573539734 -0.3164774477481842 -0.094245046377182 0.5 0.0 1.0
v -0.27864930033683777 -0.4058190584182739 -0.18855006992816925 0.5 0.0 1.0
v -0.26706796884536743 -0.460416704416275 -0.21833060681819916 0.5 0.0 1.0
v -0.25714111328125 -0.5001240968704224 -0.27127379179000854 0.5 0.0 1.0
v -0.24555981159210205 -0.5580306649208069 -0.2927819490432739 0.5 0.0 1.0
v -0.27699482440948486 -0.13283082842826843 0.07616578042507172 0.5 0.0 1.0
v -0.2554866373538971 -0.22879032790660858 -0.0032489735167473555 0.5 0.0 1.0
v -0.24555981159210205 -0.27346113324165344 -0.04295635223388672 0.5 0.0 1.0
v -0.23563295602798462 -0.32640430331230164 -0.08266372978687286 0.5 0.0 1.0
v -0.22570611536502838 -0.3727295696735382 -0.1190621629357338 0.5 0.0 1.0
v -0.21577927470207214 -0.41740038990974426 -0.15711507201194763 0.5 0.0 1.0
v -0.204197958111763 -0.46868908405303955 -0.2001313865184784 0.5 0.0 1.0
v -0.19592557847499847 -0.5150143504142761 -0.24976561963558197 0.5 0.0 1.0
v -0.18599873781204224 -0.5596851706504822 -0.2894729971885681 0.5 0.0 1.0
v -0.21577927470207214 -0.10801371932029724 0.1291089504957199 0.5 0.0 1.0
v -0.2058524191379547 -0.154339000582695 0.08940158039331436 0.5 0.0 1.0
v -0.19592557847499847 -0.2039732187986374 0.0447307750582695 0.5 0.0 1.0
v -0.18599873781204224 -0.25029850006103516 0.005023397039622068 0.5 0.0 1.0
v -0.13305556774139404 -0.49350619316101074 -0.19185902178287506 0.5 0.0 1.0
v -0.12478319555521011 -0.534868061542511 -0.23652982711791992 0.5 0.0 1.0
v -0.11485634744167328 -0.5828477740287781 -0.27127379179000854 0.5 0.0 1.0
v -0.10327503085136414 -0.6341364979743958 -0.3142901062965393 0.5 0.0 1.0
v -0.17110846936702728 -0.08485108613967896 0.155580535531044 0.5 0.0 1.0
v -0.15952715277671814 -0.13944873213768005 0.13076342642307281 0.5 0.0 1.0
v -0.1512547880411148 -0.1775016337633133 0.08940158039331436 0.5 0.0 1.0
v -0.14132793247699738 -0.22217243909835815 0.04142182692885399 0.5 0.0 1.0
v -0.13140109181404114 -0.27511560916900635 0.0066778711043298244 0.5 0.0 1.0
v -0.09003923833370209 -0.46868908405303955 -0.1471882164478302 0.5 0.0 1.0
v -0.08011239767074585 -0.5133599042892456 -0.19185902178287506 0.5 0.0 1.0
v -0.07184002548456192 -0.5547217130661011 -0.24314771592617035 0.5 0.0 1.0
v -0.06025870516896248 -0.6076648831367493 -0.27458271384239197 0.5 0.0 1.0
v -0.05033186078071594 -0.6539901494979858 -0.3060177266597748 0.5 0.0 1.0
v -0.12478319555521011 -0.09312345832586288 0.17047080397605896 0.5 0.0 1.0
v -0.11320187896490097 -0.14606662094593048 0.13738133013248444 0.5 0.0 1.0
v -0.10327503085136414 -0.19239190220832825 0.10429184138774872 0.5 0.0 1.0
v -0.0950026586651802 -0.2337537556886673 0.04803972318768501 0.5 0.0 1.0
v -0.08342134207487106 -0.2900058627128601 0.018259190022945404 0.5 0.0 1.0
v -0.07184002548456192 -0.3396401107311249 -0.019793715327978134 0.5 0.0 1.0
v -0.06356765329837799 -0.38100194931030273 -0.05950109288096428 0.5 0.0 1.0
v -0.053640808910131454 -0.4306361675262451 -0.10913531482219696 0.5 0.0 1.0
v -0.04371396452188492 -0.47530698776245117 -0.14222480356693268 0.5 0.0 1.0
v -0.03378712013363838 -0.5216322541236877 -0.18855006992816925 0.5 0.0 1.0
v -0.023860273882746696 -0.5646485686302185 -0.2332208752632141 0.5 0.0 1.0
v -0.01393342949450016 -0.6175917387008667 -0.2646558880805969 0.5 0.0 1.0
v -0.004006585106253624 -0.6655715107917786 -0.2927819490432739 0.5 0.0 1.0
v -0.0668765977025032 -0.07492423802614212 0.22175951302051544 0.5 0.0 1.0
v -0.05694975703954697 -0.11794056743383408 0.1853610724210739 0.5 0.0 1.0
v -0.04867738485336304 -0.15930241346359253 0.13738133013248444 0.5 0.0 1.0
v -0.037096068263053894 -0.2089366465806961 0.09601947665214539 0.5 0.0 1.0
v -0.02716922201216221 -0.2585708796977997 0.05796656757593155 0.5 0.0 1.0
v -0.01889685168862343 -0.30324167013168335 0.024877086281776428 0.5 0.0 1.0
v -0.007315533235669136 -0.35287588834762573 -0.013175818137824535 0.5 0.0 1.0
v 0.0026113116182386875 -0.3975466787815094 -0.05619214475154877 0.5 0.0 1.0
v 0.022465001791715622 -0.49019724130630493 -0.13229794800281525 0.5 0.0 1.0
v 0.030737372115254402 -0.534868061542511 -0.18193218111991882 0.5 0.0 1.0
v 0.04066421464085579 -0.5778843760490417 -0.21502165496349335 0.5 0.0 1.0
v 0.050591059029102325 -0.6291730403900146 -0.2530745565891266 0.5 0.0 1.0
v 0.06217237934470177 -0.6771528124809265 -0.2927819490432739 0.5 0.0 1.0
v -0.004006585106253624 -0.10801371932029724 0.22175951302051544 0.5 0.0 1.0
v 0.0059202597476542 -0.1510300487279892 0.1853610724210739 0.5 0.0 1.0
v 0.01584710367023945 -0.19735532999038696 0.14399921894073486 0.5 0.0 1.0
v 0.025773949921131134 -0.24864402413368225 0.10760079324245453 0.5 0.0 1.0
v 0.034046318382024765 -0.2883513867855072 0.059621043503284454 0.5 0.0 1.0
v 0.04562763869762421 -0.337985634803772 0.026531560346484184 0.5 0.0 1.0
v 0.05555448308587074 -0.38596537709236145 -0.016484767198562622 0.5 0.0 1.0
v 0.06548132747411728 -0.4339451193809509 -0.05122872442007065 0.5 0.0 1.0
v 0.07375369966030121 -0.47530698776245117 -0.094245046377182 0.5 0.0 1.0
v 0.0969163328409195 -0.5778843760490417 -0.17035086452960968 0.5 0.0 1.0
v 0.10518870502710342 -0.6225551962852478 -0.20674929022789001 0.5 0.0 1.0
v 0.11511555314064026 -0.6688804626464844 -0.24811114370822906 0.5 0.0 1.0
v 0.1250423938035965 -0.7118967771530151 -0.3043632507324219 0.5 0.0 1.0
v 0.042318690568208694 -0.1477210968732834 0.19859686493873596 0.5 0.0 1.0
v 0.05224553495645523 -0.19239190220832825 0.1539260596036911 0.5 0.0 1.0
v 0.06051790714263916 -0.2337537556886673 0.11421868950128555 0.5 0.0 1.0
v 0.07375369966030121 -0.291660338640213 0.08443815261125565 0.5 0.0 1.0
v 0.08368054032325745 -0.337985634803772 0.03645840659737587 0.5 0.0 1.0
v 0.09195291250944138 -0.38100194931030273 5.9974685427732766e-05 0.5 0.0 1.0
v 0.10187976062297821 -0.4256727397441864 -0.044610828161239624 0.5 0.0 1.0
v 0.11346107721328735 -0.4786159098148346 -0.08431820571422577 0.5 0.0 1.0
v 0.12338792532682419 -0.5282501578330994 -0.11575321108102798 0.5 0.0 1.0
v 0.13331477344036102 -0.5762298703193665 -0.15546059608459473 0.5 0.0 1.0
v 0.14489609003067017 -0.6275185942649841 -0.19847692549228668 0.5 0.0 1.0
v 0.1548229306936264 -0.6721894145011902 -0.24149323999881744 0.5 0.0 1.0
v 0.16309529542922974 -0.715205729007721 -0.2812006175518036 0.5 0.0 1.0
v 0.0969163328409195 -0.2569164037704468 0.11256421357393265 0.5 0.0 1.0
v 0.10849765688180923 -0.3131685256958008 0.07616578042507172 0.5 0.0 1.0
v 0.11842449754476547 -0.35949379205703735 0.03314945846796036 0.5 0.0 1.0
v 0.1283513456583023 -0.4025101065635681 -0.014830292202532291 0.5 0.0 1.0
v 0.13993266224861145 -0.4571077525615692 -0.05122872442007065 0.5 0.0 1.0
v 0.1498595029115677 -0.506742000579834 -0.08431820571422577 0.5 0.0 1.0
v 0.1796400398015976 -0.6440633535385132 -0.2034403383731842 0.5 0.0 1.0
v 0.18956688046455383 -0.6887341141700745 -0.24976561963558197 0.5 0.0 1.0
v 0.19783926010131836 -0.7334049344062805 -0.2861640453338623 0.5 0.0 1.0
v 0.17302215099334717 -0.36114826798439026 0.04803972318768501 0.5 0.0 1.0
v 0.1846034675836563 -0.41243696212768555 0.0033689229749143124 0.5 0.0 1.0
v 0.2590548098087311 -0.7681488990783691 -0.29774537682533264 0.5 0.0 1.0
v 0.4294656217098236 -0.855836033821106 -0.3060177266597748 0.5 0.0 1.0
v 0.41457536816596985 -0.7846936583518982 -0.24976561963558197 0.5 0.0 1.0
v 0.3715590238571167 -0.7830391526222229 -0.2514200806617737 0.5 0.0 1.0
v 0.30372560024261475 -0.7681488990783691 -0.2762371897697449 0.5 0.0 1.0
v 0.22265636920928955 -0.7416772842407227 -0.2845095694065094 0.5 0.0 1.0
v 0.2656726837158203 -0.759876549243927 -0.2795461416244507 0.5 0.0 1.0
v 0.3136524558067322 -0.7549130916595459 -0.2596924602985382 0.5 0.0 1.0
v 0.35666877031326294 -0.8392912745475769 -0.3126356303691864 0.5 0.0 1.0
v 0.3798314034938812 -0.7499496936798096 -0.22163955867290497 0.5 0.0 1.0
v 0.4311200976371765 -0.8144741654396057 -0.26961931586265564 0.5 0.0 1.0
v 0.25409138202667236 -0.7449862360954285 -0.27458271384239197 0.5 0.0 1.0
v 0.31034350395202637 -0.7698033452033997 -0.263001412153244 0.5 0.0 1.0
v 0.3202703297138214 -0.8177831172943115 -0.30105429887771606 0.5 0.0 1.0
v 0.3434329926967621 -0.7780757546424866 -0.26631036400794983 0.5 0.0 1.0
v 0.35501429438591003 -0.8293644189834595 -0.3093266785144806 0.5 0.0 1.0
v 0.3715590238571167 -0.7797302007675171 -0.24314771592617035 0.5 0.0 1.0
v 0.4344290494918823 -0.8111652135848999 -0.2563835084438324 0.5 0.0 1.0
v 0.44435590505599976 -0.8541815280914307 -0.30105429887771606 0.5 0.0 1.0
v 0.32688823342323303 -0.6854251623153687 -0.19185902178287506 0.5 0.0 1.0
v 0.30041664838790894 -0.6159372925758362 -0.13064348697662354 0.5 0.0 1.0
v 0.2656726837158203 -0.5414859652519226 -0.07273688912391663 0.5 0.0 1.0
v 0.24416452646255493 -0.6209006905555725 -0.15876953303813934 0.5 0.0 1.0
v 0.22265636920928955 -0.6986609697341919 -0.24645666778087616 0.5 0.0 1.0
v 0.35501429438591003 -0.7135512232780457 -0.19020454585552216 0.5 0.0 1.0
v 0.3417785167694092 -0.6457177996635437 -0.14057032763957977 0.5 0.0 1.0
v 0.288835346698761 -0.6970065236091614 -0.21667613089084625 0.5 0.0 1.0
v 0.27229058742523193 -0.6242096424102783 -0.14222480356693268 0.5 0.0 1.0
v 0.2127295285463333 -0.6258641481399536 -0.1720053255558014 0.5 0.0 1.0
v 0.2342376857995987 -0.6986609697341919 -0.23652982711791992 0.5 0.0 1.0
v 0.24416452646255493 -0.6556446552276611 -0.19020454585552216 0.5 0.0 1.0
v 0.2574003338813782 -0.6076648831367493 -0.14387927949428558 0.5 0.0 1.0
v 0.2689816355705261 -0.5613396167755127 -0.09755399823188782 0.5 0.0 1.0
v 0.27559953927993774 -0.7185146808624268 -0.24811114370822906 0.5 0.0 1.0
v 0.2971076965332031 -0.6341364979743958 -0.1471882164478302 0.5 0.0 1.0
v 0.31034350395202637 -0.5861567258834839 -0.11244426667690277 0.5 0.0 1.0
v 0.3235792815685272 -0.7135512232780457 -0.21336717903614044 0.5 0.0 1.0
v 0.33516061305999756 -0.6688804626464844 -0.16538743674755096 0.5 0.0 1.0
v 0.22596532106399536 -0.6093193888664246 -0.1471882164478302 0.5 0.0 1.0
v 0.2342376857995987 -0.6490267515182495 -0.18524113297462463 0.5 0.0 1.0
v 0.24416452646255493 -0.6986609697341919 -0.2315663993358612 0.5 0.0 1.0
v 0.260709285736084 -0.5398314595222473 -0.0644645169377327 0.5 0.0 1.0
v 0.27229058742523193 -0.5878112316131592 -0.11409874260425568 0.5 0.0 1.0
v 0.28056296706199646 -0.6324819922447205 -0.1455337405204773 0.5 0.0 1.0
v 0.288835346698761 -0.6705349087715149 -0.19682244956493378 0.5 0.0 1.0
v 0.30041664838790894 -0.7284415364265442 -0.22329403460025787 0.5 0.0 1.0
v 0.30372560024261475 -0.5894656777381897 -0.10086294263601303 0.5 0.0 1.0
v 0.3136524558067322 -0.6374454498291016 -0.14222480356693268 0.5 0.0 1.0
v 0.3235792815685272 -0.6837707161903381 -0.18855006992816925 0.5 0.0 1.0
v 0.36163219809532166 -0.73175048828125 -0.2050948143005371 0.5 0.0 1.0
v -0.887495756149292 -0.1808105856180191 -0.2282574474811554 0.5 0.0 1.0
v -0.8924591541290283 -0.043489232659339905 -0.10582637041807175 0.5 0.0 1.0
v -0.8941136598587036 -0.09974135458469391 -0.1455337405204773 0.5 0.0 1.0
v -0.9073494672775269 -0.03190791234374046 -0.09755399823188782 0.5 0.0 1.0
v -0.9123128652572632 -0.16261136531829834 -0.21667613089084625 0.5 0.0 1.0
v -0.9288576245307922 -0.08981450647115707 -0.15876953303813934 0.5 0.0 1.0
v -0.9520202279090881 -0.22713585197925568 -0.29939985275268555 0.5 0.0 1.0
v -0.9669105410575867 -0.154339000582695 -0.23818430304527283 0.5 0.0 1.0
v -1.0 -0.2354082316160202 -0.32752591371536255 0.5 0.0 1.0
v -0.9387844800949097 -0.1477210968732834 -0.21502165496349335 0.5 0.0 1.0
v -0.9272031188011169 -0.10635925084352493 -0.16869638860225677 0.5 0.0 1.0
v -0.915621817111969 -0.06168844923377037 -0.12402558326721191 0.5 0.0 1.0
v -0.9056949615478516 -0.021981067955493927 -0.07604583352804184 0.5 0.0 1.0
v -0.8957681059837341 0.024344205856323242 -0.041301876306533813 0.5 0.0 1.0
v -0.8841868042945862 0.0673605352640152 0.005023397039622068 0.5 0.0 1.0
v -1.0 -0.20231874287128448 -0.2878185212612152 0.5 0.0 1.0
v -0.9669105410575867 -0.13613978028297424 -0.20840376615524292 0.5 0.0 1.0
v -0.9586381316184998 -0.1758471578359604 -0.2514200806617737 0.5 0.0 1.0
v -0.9255486726760864 -0.13779425621032715 -0.2001313865184784 0.5 0.0 1.0
v -0.9172763228416443 -0.1775016337633133 -0.24645666778087616 0.5 0.0 1.0
v -0.8957681059837341 0.006144991144537926 -0.06281004101037979 0.5 0.0 1.0
v -0.8858413100242615 -0.041834756731987 -0.10251741856336594 0.5 0.0 1.0
v -0.09996608644723892 -0.018672119826078415 0.2647758424282074 0.5 0.0 1.0
v -0.2025434821844101 0.01276288740336895 0.24657662212848663 0.5 0.0 1.0
v -0.30512088537216187 0.05412473902106285 0.24492214620113373 0.5 0.0 1.0
v -0.38784459233283997 -0.026944492012262344 0.12414553016424179 0.5 0.0 1.0
v -0.40769827365875244 -0.10139582306146622 0.05300314724445343 0.5 0.0 1.0
v -0.3994258940219879 0.11368580907583237 0.2614668905735016 0.5 0.0 1.0
v -0.4440966844558716 -0.048452652990818024 0.0728568360209465 0.5 0.0 1.0
v -0.4490601122379303 0.09714106470346451 0.21348713338375092 0.5 0.0 1.0
v -0.46891382336616516 0.024344205856323242 0.13738133013248444 0.5 0.0 1.0
v -0.49207645654678345 -0.05507054924964905 0.05465761944651604 0.5 0.0 1.0
v -0.5119301080703735 -0.126212939620018 -0.014830292202532291 0.5 0.0 1.0
v -0.5086212158203125 0.11037685722112656 0.19694238901138306 0.5 0.0 1.0
v -0.5284748673439026 0.03757999837398529 0.127454474568367 0.5 0.0 1.0
v -0.5466740727424622 -0.0285989660769701 0.06292998790740967 0.5 0.0 1.0
v -0.5681822299957275 -0.10801371932029724 -0.024757137522101402 0.5 0.0 1.0
v -0.5532919764518738 0.1782103031873703 0.25154003500938416 0.5 0.0 1.0
v -0.5748001337051392 0.10210449248552322 0.17377975583076477 0.5 0.0 1.0
v -0.594653844833374 0.02930762805044651 0.08940158039331436 0.5 0.0 1.0
v -0.6161620020866394 -0.048452652990818024 0.0017144487937912345 0.5 0.0 1.0
v -0.6360157132148743 -0.11959504336118698 -0.061155568808317184 0.5 0.0 1.0
v -0.6012717485427856 0.18317371606826782 0.23334082961082458 0.5 0.0 1.0
v -0.6211254000663757 0.11368580907583237 0.16550739109516144 0.5 0.0 1.0
v -0.6641417741775513 -0.04018028452992439 -0.004903447814285755 0.5 0.0 1.0
v -0.6856499314308167 -0.11628609150648117 -0.08762715011835098 0.5 0.0 1.0
v -0.6542149186134338 0.1782103031873703 0.211832657456398 0.5 0.0 1.0
v -0.6773775219917297 0.09879554063081741 0.12414553016424179 0.5 0.0 1.0
v -0.6988857388496399 0.02103525772690773 0.03645840659737587 0.5 0.0 1.0
v -0.7402475476264954 -0.126212939620018 -0.10913531482219696 0.5 0.0 1.0
v -0.71873939037323 0.16828344762325287 0.16219843924045563 0.5 0.0 1.0
v -0.7419020533561707 0.08390527218580246 0.06789341568946838 0.5 0.0 1.0
v -0.763410210609436 0.01276288740336895 -0.008212395943701267 0.5 0.0 1.0
v -0.8047720789909363 -0.13944873213768005 -0.15380612015724182 0.5 0.0 1.0
v -0.7584467530250549 0.27913323044776917 0.25650346279144287 0.5 0.0 1.0
v -0.7799549698829651 0.2013729363679886 0.16054396331310272 0.5 0.0 1.0
v -0.803117573261261 0.12030370533466339 0.07947473227977753 0.5 0.0 1.0
v -0.8229712843894958 0.04916131868958473 0.009986819699406624 0.5 0.0 1.0
v -0.8444794416427612 -0.026944492012262344 -0.07439135760068893 0.5 0.0 1.0
v -0.8659875988960266 -0.10305029898881912 -0.15711507201194763 0.5 0.0 1.0
v -0.8295891880989075 0.1765558272600174 0.13076342642307281 0.5 0.0 1.0
v -0.8510973453521729 0.10210449248552322 0.043076302856206894 0.5 0.0 1.0
v -0.8692965507507324 0.03757999837398529 -0.008212395943701267 0.5 0.0 1.0
v -0.20750689506530762 0.019380783662199974 0.25154003500938416 0.5 0.0 1.0
v -0.24059638381004333 -0.06665187329053879 0.16385291516780853 0.5 0.0 1.0
v -0.3729543089866638 -0.09312345832586288 0.06954788416624069 0.5 0.0 1.0
v -0.38784459233283997 -0.026944492012262344 0.12414553016424179 0.5 0.0 1.0
v -0.4176250994205475 0.11699475347995758 0.25154003500938416 0.5 0.0 1.0
v -0.43416985869407654 -0.05341607704758644 0.08443815261125565 0.5 0.0 1.0
v -0.4507145881652832 0.017726309597492218 0.13738133013248444 0.5 0.0 1.0
v -0.46560487151145935 0.09052316844463348 0.2068692445755005 0.5 0.0 1.0
v -0.4804951250553131 0.15670213103294373 0.2664303183555603 0.5 0.0 1.0
v -0.49207645654678345 -0.021981067955493927 0.08112920820713043 0.5 0.0 1.0
v -0.5069667100906372 0.04750684276223183 0.14565369486808777 0.5 0.0 1.0
v -0.521856963634491 0.11203133314847946 0.18867002427577972 0.5 0.0 1.0
v -0.53840172290802 0.18979161977767944 0.2664303183555603 0.5 0.0 1.0
v -0.549983024597168 -0.0964324027299881 -0.013175818137824535 0.5 0.0 1.0
v -0.5648733377456665 -0.0285989660769701 0.046385250985622406 0.5 0.0 1.0
v -0.5797635912895203 0.04585237056016922 0.10760079324245453 0.5 0.0 1.0
v -0.6111986041069031 0.19144609570503235 0.24161319434642792 0.5 0.0 1.0
v -0.6194709539413452 -0.08485108613967896 -0.02972055971622467 0.5 0.0 1.0
v -0.634361207485199 -0.013708698563277721 0.03314945846796036 0.5 0.0 1.0
v -0.650905966758728 0.06239711120724678 0.10429184138774872 0.5 0.0 1.0
v -0.6657962203025818 0.13353949785232544 0.1539260596036911 0.5 0.0 1.0
v -0.6806864738464355 0.2030274122953415 0.22175951302051544 0.5 0.0 1.0
v -0.6641417741775513 -0.126212939620018 -0.094245046377182 0.5 0.0 1.0
v -0.6823409795761108 -0.04018028452992439 -0.0032489735167473555 0.5 0.0 1.0
v -0.6955767869949341 0.022689731791615486 0.043076302856206894 0.5 0.0 1.0
v -0.7104670405387878 0.0954865962266922 0.10263737291097641 0.5 0.0 1.0
v -0.7270117998123169 0.16828344762325287 0.16716186702251434 0.5 0.0 1.0
v -0.7104670405387878 -0.1245584636926651 -0.10417189449071884 0.5 0.0 1.0
v -0.7253572940826416 -0.05341607704758644 -0.03468398004770279 0.5 0.0 1.0
v -0.7402475476264954 0.017726309597492218 0.021568138152360916 0.5 0.0 1.0
v -0.7551378607749939 0.08225080370903015 0.06292998790740967 0.5 0.0 1.0
v -0.7700281143188477 0.16001108288764954 0.13407237827777863 0.5 0.0 1.0
v -0.7865728139877319 0.2294989973306656 0.18867002427577972 0.5 0.0 1.0
v -0.7733370661735535 -0.14441215991973877 -0.1488426923751831 0.5 0.0 1.0
v -0.7882273197174072 -0.07823318988084793 -0.08762715011835098 0.5 0.0 1.0
v -0.803117573261261 -0.008745276369154453 -0.041301876306533813 0.5 0.0 1.0
v -0.81966233253479 0.0690150037407875 0.03645840659737587 0.5 0.0 1.0
v -0.8345525860786438 0.14181186258792877 0.0993284210562706 0.5 0.0 1.0
v -0.8262802362442017 -0.18908295035362244 -0.21667613089084625 0.5 0.0 1.0
v -0.8411704897880554 -0.1245584636926651 -0.16704191267490387 0.5 0.0 1.0
v -0.8560607433319092 -0.051761601120233536 -0.094245046377182 0.5 0.0 1.0
v -0.875914454460144 -0.182465061545372 -0.2266029715538025 0.5 0.0 1.0
v -0.8775689005851746 -0.17419268190860748 -0.22163955867290497 0.5 0.0 1.0
v -0.8659875988960266 -0.13448530435562134 -0.18358665704727173 0.5 0.0 1.0
v -0.8560607433319092 -0.09312345832586288 -0.13560689985752106 0.5 0.0 1.0
v -0.8444794416427612 -0.04514370486140251 -0.08597268164157867 0.5 0.0 1.0
v -0.8345525860786438 -0.00709080183878541 -0.03964740410447121 0.5 0.0 1.0
v -0.8229712843894958 0.0408889465034008 -0.004903447814285755 0.5 0.0 1.0
v -0.8113899230957031 0.08721422404050827 0.04803972318768501 0.5 0.0 1.0
v -0.8014631271362305 0.12692159414291382 0.09601947665214539 0.5 0.0 1.0
v -0.7783004641532898 0.21460872888565063 0.1803976595401764 0.5 0.0 1.0
v -0.7584467530250549 0.29898691177368164 0.27966609597206116 0.5 0.0 1.0
v -0.8130444288253784 -0.19404637813568115 -0.21998508274555206 0.5 0.0 1.0
v -0.8014631271362305 -0.1493755728006363 -0.1720053255558014 0.5 0.0 1.0
v -0.791536271572113 -0.11132267117500305 -0.12568005919456482 0.5 0.0 1.0
v -0.7683736085891724 -0.02032659389078617 -0.0379929281771183 0.5 0.0 1.0
v -0.7567923069000244 0.022689731791615486 0.013295767828822136 0.5 0.0 1.0
v -0.746865451335907 0.0690150037407875 0.06127551570534706 0.5 0.0 1.0
v -0.735284149646759 0.11037685722112656 0.11256421357393265 0.5 0.0 1.0
v -0.7253572940826416 0.1500842422246933 0.16219843924045563 0.5 0.0 1.0
v -0.7137759923934937 0.19971846044063568 0.20025134086608887 0.5 0.0 1.0
v -0.7551378607749939 -0.1791561096906662 -0.1753142774105072 0.5 0.0 1.0
v -0.7435564994812012 -0.13283082842826843 -0.1190621629357338 0.5 0.0 1.0
v -0.7319751977920532 -0.08650556206703186 -0.07770030945539474 0.5 0.0 1.0
v -0.7220483422279358 -0.048452652990818024 -0.03137503191828728 0.5 0.0 1.0
v -0.7104670405387878 0.0011815688339993358 0.0066778711043298244 0.5 0.0 1.0
v -0.7005401849746704 0.039234474301338196 0.05631209537386894 0.5 0.0 1.0
v -0.6889588832855225 0.08390527218580246 0.09271052479743958 0.5 0.0 1.0
v -0.6773775219917297 0.13023054599761963 0.14399921894073486 0.5 0.0 1.0
v -0.690613329410553 -0.12124951183795929 -0.094245046377182 0.5 0.0 1.0
v -0.679032027721405 -0.07657871395349503 -0.04626530036330223 0.5 0.0 1.0
v -0.6674507260322571 -0.03190791234374046 -0.008212395943701267 0.5 0.0 1.0
v -0.6558693647384644 0.011108413338661194 0.046385250985622406 0.5 0.0 1.0
v -0.6459425687789917 0.05412473902106285 0.0976739451289177 0.5 0.0 1.0
v -0.6327067613601685 0.10210449248552322 0.13572685420513153 0.5 0.0 1.0
v -0.622779905796051 0.14512081444263458 0.1787431836128235 0.5 0.0 1.0
v -0.6244343519210815 -0.1510300487279892 -0.09920847415924072 0.5 0.0 1.0
v -0.6128530502319336 -0.10801371932029724 -0.04626530036330223 0.5 0.0 1.0
v -0.6029261946678162 -0.0683063417673111 0.005023397039622068 0.5 0.0 1.0
v -0.5913448929786682 -0.021981067955493927 0.03976735472679138 0.5 0.0 1.0
v -0.5814180374145508 0.019380783662199974 0.09436500072479248 0.5 0.0 1.0
v -0.5698367357254028 0.06405158340930939 0.13572685420513153 0.5 0.0 1.0
v -0.5599098801612854 0.10375896096229553 0.17708870768547058 0.5 0.0 1.0
v -0.549983024597168 0.14512081444263458 0.22341397404670715 0.5 0.0 1.0
v -0.5367472767829895 0.19144609570503235 0.27139371633529663 0.5 0.0 1.0
v -0.5417106747627258 -0.10139582306146622 -0.018139241263270378 0.5 0.0 1.0
v -0.5317838191986084 -0.060033973306417465 0.026531560346484184 0.5 0.0 1.0
v -0.521856963634491 -0.02032659389078617 0.07616578042507172 0.5 0.0 1.0
v -0.5086212158203125 0.027653153985738754 0.11752763390541077 0.5 0.0 1.0
v -0.5003488063812256 0.06570605933666229 0.17047080397605896 0.5 0.0 1.0
v -0.48876750469207764 0.11037685722112656 0.2085237056016922 0.5 0.0 1.0
v -0.49042198061943054 -0.11297714710235596 -0.009866870008409023 0.5 0.0 1.0
v -0.482149600982666 -0.07823318988084793 0.04142182692885399 0.5 0.0 1.0
v -0.4573324918746948 0.019380783662199974 0.13241790235042572 0.5 0.0 1.0
v -0.4490601122379303 0.055779214948415756 0.17543423175811768 0.5 0.0 1.0
v -0.43582433462142944 -0.10305029898881912 0.03149498254060745 0.5 0.0 1.0
v -0.4242430031299591 -0.05672502517700195 0.0712023600935936 0.5 0.0 1.0
v -0.41431617736816406 -0.015363172627985477 0.12414553016424179 0.5 0.0 1.0
v -0.4010803699493408 0.03261657804250717 0.16716186702251434 0.5 0.0 1.0
v -0.3928079903125763 0.07066947966814041 0.22341397404670715 0.5 0.0 1.0
v -0.38122668862342834 0.11534028500318527 0.27139371633529663 0.5 0.0 1.0
v -0.3663364052772522 -0.10470477491617203 0.06789341568946838 0.5 0.0 1.0
v -0.35640957951545715 -0.06499739736318588 0.11090973764657974 0.5 0.0 1.0
v -0.3448282480239868 -0.021981067955493927 0.1572350114583969 0.5 0.0 1.0
v -0.33324694633483887 0.027653153985738754 0.20190581679344177 0.5 0.0 1.0
v -0.32332009077072144 0.0690150037407875 0.24657662212848663 0.5 0.0 1.0
v -0.2869216501712799 -0.05507054924964905 0.13407237827777863 0.5 0.0 1.0
v -0.27699482440948486 -0.012054224498569965 0.18867002427577972 0.5 0.0 1.0
v -0.2654134929180145 0.03261657804250717 0.2383042424917221 0.5 0.0 1.0
v -0.2339784801006317 -0.04514370486140251 0.17212527990341187 0.5 0.0 1.0
v -0.22405163943767548 -0.005436327774077654 0.2101781815290451 0.5 0.0 1.0
v -0.19427110254764557 -0.0716152936220169 0.17543423175811768 0.5 0.0 1.0
v -0.18268978595733643 -0.026944492012262344 0.21348713338375092 0.5 0.0 1.0
v -0.04371396452188492 -0.03687133640050888 0.2680847942829132 0.5 0.0 1.0
v -0.8726055026054382 -0.0964324027299881 -0.13395242393016815 0.5 0.0 1.0
v -0.8643330931663513 -0.13448530435562134 -0.18524113297462463 0.5 0.0 1.0
v -0.8544062972068787 -0.18577399849891663 -0.21502165496349335 0.5 0.0 1.0
v -0.8494428396224976 0.06570605933666229 0.014950241893529892 0.5 0.0 1.0
v -0.8395159840583801 0.017726309597492218 -0.013175818137824535 0.5 0.0 1.0
v -0.8295891880989075 -0.026944492012262344 -0.052883196622133255 0.5 0.0 1.0
v -0.8080810308456421 -0.126212939620018 -0.13064348697662354 0.5 0.0 1.0
v -0.7998086214065552 -0.16922926902770996 -0.18358665704727173 0.5 0.0 1.0
v -0.8295891880989075 0.16662898659706116 0.12249106168746948 0.5 0.0 1.0
v -0.81966233253479 0.12030370533466339 0.07782025635242462 0.5 0.0 1.0
v -0.8097354769706726 0.07066947966814041 0.046385250985622406 0.5 0.0 1.0
v -0.7981541752815247 0.024344205856323242 -0.008212395943701267 0.5 0.0 1.0
v -0.7882273197174072 -0.023635542020201683 -0.041301876306533813 0.5 0.0 1.0
v -0.7783004641532898 -0.0716152936220169 -0.07273688912391663 0.5 0.0 1.0
v -0.7700281143188477 -0.11297714710235596 -0.11740768700838089 0.5 0.0 1.0
v -0.8014631271362305 0.2079908400774002 0.16219843924045563 0.5 0.0 1.0
v -0.7898817658424377 0.16166555881500244 0.12249106168746948 0.5 0.0 1.0
v -0.7700281143188477 0.06570605933666229 0.05465761944651604 0.5 0.0 1.0
v -0.7601012587547302 0.017726309597492218 0.009986819699406624 0.5 0.0 1.0
v -0.7485199570655823 -0.03852580860257149 -0.023102663457393646 0.5 0.0 1.0
v -0.7419020533561707 -0.07326976954936981 -0.07273688912391663 0.5 0.0 1.0
v -0.7303206920623779 -0.126212939620018 -0.10748083889484406 0.5 0.0 1.0
v -0.7203938961029053 -0.17419268190860748 -0.15215164422988892 0.5 0.0 1.0
v -0.7402475476264954 0.18813714385032654 0.1803976595401764 0.5 0.0 1.0
v -0.7303206920623779 0.14346633851528168 0.15061712265014648 0.5 0.0 1.0
v -0.7220483422279358 0.09879554063081741 0.10429184138774872 0.5 0.0 1.0
v -0.7104670405387878 0.04585237056016922 0.059621043503284454 0.5 0.0 1.0
v -0.7005401849746704 0.0011815688339993358 0.018259190022945404 0.5 0.0 1.0
v -0.690613329410553 -0.048452652990818024 -0.01152134407311678 0.5 0.0 1.0
v -0.6806864738464355 -0.09477792680263519 -0.0644645169377327 0.5 0.0 1.0
v -0.6724141240119934 -0.13944873213768005 -0.10748083889484406 0.5 0.0 1.0
v -0.7038491368293762 0.264242947101593 0.2697392404079437 0.5 0.0 1.0
v -0.6939222812652588 0.21460872888565063 0.23334082961082458 0.5 0.0 1.0
v -0.6740686297416687 0.12692159414291382 0.14730817079544067 0.5 0.0 1.0
v -0.662487268447876 0.07397843152284622 0.10760079324245453 0.5 0.0 1.0
v -0.6542149186134338 0.030962102115154266 0.059621043503284454 0.5 0.0 1.0
v -0.6459425687789917 -0.01039975043386221 0.023222612217068672 0.5 0.0 1.0
v -0.634361207485199 -0.060033973306417465 -0.009866870008409023 0.5 0.0 1.0
v -0.6244343519210815 -0.11132267117500305 -0.047919776290655136 0.5 0.0 1.0
v -0.6145075559616089 -0.1559934765100479 -0.08928162604570389 0.5 0.0 1.0
v -0.6492514610290527 0.19310057163238525 0.22341397404670715 0.5 0.0 1.0
v -0.6376701593399048 0.14346633851528168 0.183706596493721 0.5 0.0 1.0
v -0.6277433037757874 0.0954865962266922 0.13903580605983734 0.5 0.0 1.0
v -0.6194709539413452 0.055779214948415756 0.0993284210562706 0.5 0.0 1.0
v -0.6095440983772278 0.0028360430151224136 0.06789341568946838 0.5 0.0 1.0
v -0.5996172428131104 -0.041834756731987 0.014950241893529892 0.5 0.0 1.0
v -0.5880359411239624 -0.08981450647115707 -0.01152134407311678 0.5 0.0 1.0
v -0.5797635912895203 -0.13613978028297424 -0.05619214475154877 0.5 0.0 1.0
v -0.6029261946678162 0.1484297662973404 0.20190581679344177 0.5 0.0 1.0
v -0.5913448929786682 0.09879554063081741 0.16385291516780853 0.5 0.0 1.0
v -0.5830725431442261 0.05743368715047836 0.11421868950128555 0.5 0.0 1.0
v -0.5714911818504333 0.0028360430151224136 0.08609262853860855 0.5 0.0 1.0
v -0.5632188320159912 -0.03852580860257149 0.034803930670022964 0.5 0.0 1.0
v -0.5417106747627258 -0.13613978028297424 -0.03302950784564018 0.5 0.0 1.0
v -0.5317838191986084 0.11368580907583237 0.20025134086608887 0.5 0.0 1.0
v -0.521856963634491 0.0673605352640152 0.16054396331310272 0.5 0.0 1.0
v -0.5119301080703735 0.02103525772690773 0.10925526916980743 0.5 0.0 1.0
v -0.5020033121109009 -0.026944492012262344 0.0712023600935936 0.5 0.0 1.0
v -0.49207645654678345 -0.07492423802614212 0.043076302856206894 0.5 0.0 1.0
v -0.482149600982666 -0.12124951183795929 -0.004903447814285755 0.5 0.0 1.0
v -0.46725934743881226 0.10210449248552322 0.20025134086608887 0.5 0.0 1.0
v -0.4556780159473419 0.04916131868958473 0.17377975583076477 0.5 0.0 1.0
v -0.4457511603832245 -0.002127379411831498 0.13241790235042572 0.5 0.0 1.0
v -0.43582433462142944 -0.05010712891817093 0.09105604887008667 0.5 0.0 1.0
v -0.425897479057312 -0.09146898239850998 0.05300314724445343 0.5 0.0 1.0
v -0.425897479057312 0.10706791281700134 0.24326767027378082 0.5 0.0 1.0
v -0.41597065329551697 0.05412473902106285 0.20025134086608887 0.5 0.0 1.0
v -0.40604379773139954 0.009453939273953438 0.16385291516780853 0.5 0.0 1.0
v -0.3961169421672821 -0.03852580860257149 0.11918210983276367 0.5 0.0 1.0
v -0.38619011640548706 -0.08154213428497314 0.06954788416624069 0.5 0.0 1.0
v -0.3663364052772522 0.011108413338661194 0.16881632804870605 0.5 0.0 1.0
v -0.35640957951545715 -0.035216860473155975 0.13407237827777863 0.5 0.0 1.0
v -0.3464827239513397 -0.08154213428497314 0.09271052479743958 0.5 0.0 1.0
v -0.3150477111339569 0.052470266819000244 0.24161319434642792 0.5 0.0 1.0
v -0.30512088537216187 0.007799465209245682 0.19197897613048553 0.5 0.0 1.0
v -0.29684850573539734 -0.03852580860257149 0.14565369486808777 0.5 0.0 1.0
v -0.2869216501712799 -0.08154213428497314 0.11256421357393265 0.5 0.0 1.0
v -0.23563295602798462 -0.015363172627985477 0.2068692445755005 0.5 0.0 1.0
v -0.22405163943767548 -0.069960817694664 0.17047080397605896 0.5 0.0 1.0
v -0.18103531002998352 -0.03852580860257149 0.2085237056016922 0.5 0.0 1.0
v -0.13636451959609985 -0.041834756731987 0.211832657456398 0.5 0.0 1.0
v -0.07680344581604004 -0.023635542020201683 0.2664303183555603 0.5 0.0 1.0
v 0.20935511589050293 -0.3667268753051758 0.06302184611558914 0.5 0.0 1.0
v -0.6295382380485535 -0.044088058173656464 0.009351660497486591 0.5 0.0 1.0
v 0.5611099004745483 -0.6599454879760742 -0.06143626570701599 0.5 0.0 1.0
v -0.814354419708252 0.01728377491235733 -0.011506537906825542 0.5 0.0 1.0
v 0.49269044399261475 -0.8348539471626282 -0.25305792689323425 0.5 0.0 1.0
v 0.05117574706673622 -0.09822592884302139 0.2461412250995636 0.5 0.0 1.0
v 0.05039487034082413 -0.3009949326515198 0.05712848901748657 0.5 0.0 1.0
v 0.04001833498477936 -0.39425668120384216 -0.034032147377729416 0.5 0.0 1.0
v 0.2617769241333008 -0.35335877537727356 0.09757601469755173 0.5 0.0 1.0
v -0.21366801857948303 -0.451278418302536 -0.19411318004131317 0.5 0.0 1.0
v -0.5746341943740845 -0.22645452618598938 -0.13718456029891968 0.5 0.0 1.0
v 0.6886323094367981 -0.4058474004268646 0.2288072258234024 0.5 0.0 1.0
v 0.03283481299877167 -0.5446271300315857 -0.17698732018470764 0.5 0.0 1.0
v -0.23848742246627808 -0.20055517554283142 0.028722848743200302 0.5 0.0 1.0
v -0.6949920654296875 -0.30843880772590637 -0.26424798369407654 0.5 0.0 1.0
v 0.49539434909820557 -0.4581086337566376 0.09865684807300568 0.5 0.0 1.0
v -0.0424351841211319 -0.46920719742774963 -0.13856002688407898 0.5 0.0 1.0
v -0.8077365159988403 -0.2089911252260208 -0.21927106380462646 0.5 0.0 1.0
v -0.4740455746650696 -0.21876704692840576 -0.08759669214487076 0.5 0.0 1.0
v -0.7951349020004272 0.05923909693956375 0.03564225509762764 0.5 0.0 1.0
v 0.2738533914089203 -0.4942981004714966 -0.02847815677523613 0.5 0.0 1.0
v -0.01734796352684498 -0.2056340128183365 0.11728693544864655 0.5 0.0 1.0
v -0.1088935136795044 -0.6362355351448059 -0.3220216631889343 0.5 0.0 1.0
v -0.9070841670036316 -0.14263972640037537 -0.19943977892398834 0.5 0.0 1.0
v -0.43722933530807495 -0.3178406357765198 -0.16425666213035583 0.5 0.0 1.0
v -0.32530927658081055 0.008510095067322254 0.18663832545280457 0.5 0.0 1.0
v 0.05744706466794014 -0.3731979727745056 -0.007083825301378965 0.5 0.0 1.0
v -0.20741434395313263 -0.5334950089454651 -0.26798027753829956 0.5 0.0 1.0
v -0.38378265500068665 0.13201677799224854 0.2768977880477905 0.5 0.0 1.0
v -0.11440901458263397 -0.2187470942735672 0.0641385093331337 0.5 0.0 1.0
v -0.07576252520084381 -0.6322289705276489 -0.3043167293071747 0.5 0.0 1.0
v 0.5694282054901123 -0.5269418358802795 0.06583724170923233 0.5 0.0 1.0
v -0.6337310671806335 0.09441224485635757 0.1364620178937912 0.5 0.0 1.0
v -0.34658387303352356 -0.10362979024648666 0.07331348955631256 0.5 0.0 1.0
v -0.1845104694366455 -0.3184966742992401 -0.058254871517419815 0.5 0.0 1.0
v -0.749232292175293 0.2520471215248108 0.23442110419273376 0.5 0.0 1.0
v -0.6942021250724792 0.06266135722398758 0.0814063772559166 0.5 0.0 1.0
v -0.49589288234710693 -0.04535198584198952 0.06455529481172562 0.5 0.0 1.0
v 0.05390835925936699 -0.3805994987487793 -0.015464016236364841 0.5 0.0 1.0
v 0.5309785008430481 -0.4511275887489319 0.12016450613737106 0.5 0.0 1.0
v 0.6992167234420776 -0.38402754068374634 0.25357648730278015 0.5 0.0 1.0
v -0.6913032531738281 -0.2331947386264801 -0.1926746815443039 0.5 0.0 1.0
v -0.14646495878696442 -0.1650104969739914 0.10061906278133392 0.5 0.0 1.0
v -0.5218794345855713 -0.3412677049636841 -0.2217668890953064 0.5 0.0 1.0
v 0.4644164443016052 -0.2996617555618286 0.2330285906791687 0.5 0.0 1.0
v 0.27029386162757874 -0.26674655079841614 0.18176454305648804 0.5 0.0 1.0
v -0.8235823512077332 -0.3117232918739319 -0.32155153155326843 0.5 0.0 1.0
v 0.40905672311782837 -0.5383241772651672 -0.012408883310854435 0.5 0.0 1.0
v 0.06491076201200485 -0.10960446298122406 0.24134738743305206 0.5 0.0 1.0
v -0.5332890152931213 -0.34432390332221985 -0.22942404448986053 0.5 0.0 1.0
v -0.5813796520233154 -0.018855584785342216 0.053147535771131516 0.5 0.0 1.0
v 0.44923052191734314 -0.8039291501045227 -0.24261541664600372 0.5 0.0 1.0
v -0.3887532949447632 -0.40292802453041077 -0.22298315167427063 0.5 0.0 1.0
v -0.9740651845932007 -0.24327193200588226 -0.32133808732032776 0.5 0.0 1.0
v -0.6290516257286072 -0.08201831579208374 -0.025738434866070747 0.5 0.0 1.0
v 0.49723637104034424 -0.3950890302658081 0.15807577967643738 0.5 0.0 1.0
v 0.010743980295956135 -0.5912258625030518 -0.2296682894229889 0.5 0.0 1.0
v -0.05277080088853836 -0.4018227458000183 -0.08021674305200577 0.5 0.0 1.0
v 0.15218579769134521 -0.481100469827652 -0.06752412766218185 0.5 0.0 1.0
v 0.051542289555072784 -0.08264206349849701 0.2607971727848053 0.5 0.0 1.0
v -0.8795592188835144 -0.030376523733139038 -0.08336341381072998 0.5 0.0 1.0
v -0.2646685540676117 -0.211823508143425 0.007192487828433514 0.5 0.0 1.0
v 0.5621485710144043 -0.3719049096107483 0.20703332126140594 0.5 0.0 1.0
v -0.7786387801170349 0.24227379262447357 0.21292123198509216 0.5 0.0 1.0
v 0.6737917065620422 -0.4512166678905487 0.18032893538475037 0.5 0.0 1.0
v 0.5679857134819031 -0.6178183555603027 -0.019334927201271057 0.5 0.0 1.0
v 0.19836632907390594 -0.6385795474052429 -0.19458192586898804 0.5 0.0 1.0
v -0.6564372777938843 -0.332542359828949 -0.2704123854637146 0.5 0.0 1.0
v -0.8433558940887451 -0.20385202765464783 -0.22951538860797882 0.5 0.0 1.0
v -0.8480842709541321 -0.06909244507551193 -0.10611182451248169 0.5 0.0 1.0
v 0.5878328084945679 -0.3836372196674347 0.20695115625858307 0.5 0.0 1.0
v 0.26016876101493835 -0.4725944399833679 -0.014055187813937664 0.5 0.0 1.0
v 0.35329651832580566 -0.6341275572776794 -0.1250801533460617 0.5 0.0 1.0
v -0.9104529619216919 -0.10854524374008179 -0.16913487017154694 0.5 0.0 1.0
v -0.8830050826072693 -0.08607209473848343 -0.1366436630487442 0.5 0.0 1.0
v -0.25185632705688477 -0.17984874546527863 0.04235106334090233 0.5 0.0 1.0
v 0.2669200599193573 -0.26503610610961914 0.18193289637565613 0.5 0.0 1.0
v -0.31986498832702637 -0.3426642119884491 -0.13784438371658325 0.5 0.0 1.0
v 0.3885197937488556 -0.6719428300857544 -0.14540919661521912 0.5 0.0 1.0
v -0.05491640418767929 -0.3674897849559784 -0.04917392134666443 0.5 0.0 1.0
v -0.6399135589599609 -0.3368634879589081 -0.2674626111984253 0.5 0.0 1.0
v 0.2511802911758423 -0.47708404064178467 -0.02202478237450123 0.5 0.0 1.0
v -0.15200422704219818 -0.15851101279258728 0.10433024168014526 0.5 0.0 1.0
v -0.9520819783210754 -0.2700660824775696 -0.33699706196784973 0.5 0.0 1.0
v 0.2401280254125595 -0.5931113362312317 -0.13465459644794464 0.5 0.0 1.0
v -0.7004798054695129 0.24842825531959534 0.2516203820705414 0.5 0.0 1.0
v 0.5979578495025635 -0.31480783224105835 0.2752705514431 0.5 0.0 1.0
v -0.5375511646270752 -0.07091525197029114 0.02319379709661007 0.5 0.0 1.0
v -0.2737075090408325 -0.12493501603603363 0.08423195779323578 0.5 0.0 1.0
v 0.5532125234603882 -0.3367350995540619 0.2359902262687683 0.5 0.0 1.0
v 0.6782560348510742 -0.3964405953884125 0.23318324983119965 0.5 0.0 1.0
v -0.5311386585235596 0.12362314015626907 0.2069234699010849 0.5 0.0 1.0
v 0.0995715782046318 -0.6725647449493408 -0.26788389682769775 0.5 0.0 1.0
v -0.5507552027702332 0.09763213992118835 0.17446252703666687 0.5 0.0 1.0
v -0.1368343085050583 -0.22681817412376404 0.04716774821281433 0.5 0.0 1.0
v -0.7232280969619751 -0.11615807563066483 -0.09723599255084991 0.5 0.0 1.0
v 0.23667234182357788 -0.46509939432144165 -0.01699300855398178 0.5 0.0 1.0
v 0.041405364871025085 -0.2985895574092865 0.05557442456483841 0.5 0.0 1.0
v -0.7571430206298828 0.2648439109325409 0.24299170076847076 0.5 0.0 1.0
v 0.2981869876384735 -0.3389113247394562 0.1263798475265503 0.5 0.0 1.0
v 0.00606624037027359 -0.5225144028663635 -0.16770333051681519 0.5 0.0 1.0
v 0.5112148523330688 -0.3750708997249603 0.18260030448436737 0.5 0.0 1.0
v -0.3341008126735687 -0.10675747692584991 0.07566918432712555 0.5 0.0 1.0
v 0.44975045323371887 -0.7324233055114746 -0.1758575290441513 0.5 0.0 1.0
v -0.5072238445281982 -0.1777479499578476 -0.06342367827892303 0.5 0.0 1.0
v -0.6859036087989807 -0.07507291436195374 -0.043259147554636 0.5 0.0 1.0
v 0.45624440908432007 -0.29871293902397156 0.23046404123306274 0.5 0.0 1.0
v -0.35524263978004456 0.08794771134853363 0.24792996048927307 0.5 0.0 1.0
v 0.14235512912273407 -0.7097694277763367 -0.28445541858673096 0.5 0.0 1.0
v -0.7924688458442688 0.2546587288379669 0.2186114639043808 0.5 0.0 1.0
v -0.9378288984298706 -0.1117129847407341 -0.18363140523433685 0.5 0.0 1.0
v -0.8797951340675354 -0.029472924768924713 -0.08262211084365845 0.5 0.0 1.0
v -0.0074853780679404736 -0.2816036641597748 0.05075528100132942 0.5 0.0 1.0
v 0.423918217420578 -0.5111594796180725 0.019138280302286148 0.5 0.0 1.0
v -0.13435795903205872 -0.2905307412147522 -0.011074259877204895 0.5 0.0 1.0
v 0.18629500269889832 -0.24279636144638062 0.16861514747142792 0.5 0.0 1.0
v 0.5916396379470825 -0.5166438817977905 0.08478999882936478 0.5 0.0 1.0
v -0.66229647397995 -0.00442034937441349 0.03244435414671898 0.5 0.0 1.0
v -0.511435329914093 0.07862256467342377 0.17336100339889526 0.5 0.0 1.0
v -0.2677485942840576 0.014898509718477726 0.21686556935310364 0.5 0.0 1.0
v -0.24052587151527405 -0.39410507678985596 -0.15224173665046692 0.5 0.0 1.0
v -0.4039766192436218 -0.1470506191253662 0.008697194047272205 0.5 0.0 1.0
v 0.5408821105957031 -0.6692121624946594 -0.07859253883361816 0.5 0.0 1.0
v -0.04704093933105469 -0.043555211275815964 0.2555803656578064 0.5 0.0 1.0
v 0.23249736428260803 -0.40114307403564453 0.04075922816991806 0.5 0.0 1.0
v 0.1114383414387703 -0.39218783378601074 -0.001977711683139205 0.5 0.0 1.0
v -0.6433233618736267 -0.16876313090324402 -0.11247808486223221 0.5 0.0 1.0
v 0.4183269143104553 -0.5830868482589722 -0.0501512736082077 0.5 0.0 1.0
v -0.11520438641309738 -0.3685198724269867 -0.07556560635566711 0.5 0.0 1.0
v -0.616111159324646 -0.3101293444633484 -0.23254428803920746 0.5 0.0 1.0
v 0.5985859036445618 -0.49885743856430054 0.10427121073007584 0.5 0.0 1.0
v -0.17552757263183594 0.030721988528966904 0.270494282245636 0.5 0.0 1.0
v 0.5074741244316101 -0.5771099328994751 -0.006981858983635902 0.5 0.0 1.0
v -0.5534510016441345 -0.23278310894966125 -0.13413716852664948 0.5 0.0 1.0
v 0.1498202234506607 -0.6549874544143677 -0.2303297072649002 0.5 0.0 1.0
v -0.5202553272247314 0.16420584917068481 0.24927829205989838 0.5 0.0 1.0
v -0.4701124429702759 -0.35045090317726135 -0.20847369730472565 0.5 0.0 1.0
v 0.17119596898555756 -0.6071476936340332 -0.1767956167459488 0.5 0.0 1.0
v -0.2933073043823242 0.012178368866443634 0.20355215668678284 0.5 0.0 1.0
v 0.1655370444059372 -0.23436422646045685 0.16770456731319427 0.5 0.0 1.0
v -0.26260560750961304 -0.42228689789772034 -0.1877804547548294 0.5 0.0 1.0
v -0.22493210434913635 -0.589199960231781 -0.327205628156662 0.5 0.0 1.0
v -0.5475732088088989 0.07194109261035919 0.15189850330352783 0.5 0.0 1.0
v -0.8995117545127869 -0.16817805171012878 -0.22000953555107117 0.5 0.0 1.0
v -0.8059346675872803 0.2332342267036438 0.19299453496932983 0.5 0.0 1.0
v -0.4551543593406677 0.1140720471739769 0.2300906777381897 0.5 0.0 1.0
v -0.7997865080833435 -0.15560273826122284 -0.16623759269714355 0.5 0.0 1.0
v 0.3321967124938965 -0.555286169052124 -0.060616813600063324 0.5 0.0 1.0
v -0.6488111019134521 -0.38286006450653076 -0.31401750445365906 0.5 0.0 1.0
v -0.7539017200469971 0.05622832104563713 0.05023529753088951 0.5 0.0 1.0
v -0.7498763203620911 -0.1338077336549759 -0.12490145117044449 0.5 0.0 1.0
v 0.5034262537956238 -0.35718825459480286 0.19595499336719513 0.5 0.0 1.0
v -0.38165709376335144 -0.5001826286315918 -0.31048819422721863 0.5 0.0 1.0
v 0.3512256145477295 -0.4809468984603882 0.01658592000603676 0.5 0.0 1.0
v -0.5830101370811462 0.1823444366455078 0.23968304693698883 0.5 0.0 1.0
v -0.4150038957595825 -0.22380678355693817 -0.06737896054983139 0.5 0.0 1.0
v -0.37551793456077576 -0.3931475579738617 -0.20829860866069794 0.5 0.0 1.0
v -0.27500420808792114 -0.14926142990589142 0.06104838475584984 0.5 0.0 1.0
v -0.7953401803970337 0.1124526783823967 0.08507265150547028 0.5 0.0 1.0
v 0.5228846073150635 -0.7760008573532104 -0.18555539846420288 0.5 0.0 1.0
v -0.4034196734428406 -0.2171909213066101 -0.056335750967264175 0.5 0.0 1.0
v 0.35861238837242126 -0.326342910528183 0.16356629133224487 0.5 0.0 1.0
v -0.6885745525360107 -0.11544222384691238 -0.08195091038942337 0.5 0.0 1.0
v 0.017215846106410027 -0.6178148984909058 -0.25168001651763916 0.5 0.0 1.0
v 0.44204774498939514 -0.6552209258079529 -0.1072675883769989 0.5 0.0 1.0
v -0.5958190560340881 -0.07705830037593842 -0.00710345059633255 0.5 0.0 1.0
v -0.020120056346058846 -0.3977971076965332 -0.06269668787717819 0.5 0.0 1.0
v -0.07080551981925964 -0.4350287616252899 -0.11872420459985733 0.5 0.0 1.0
v -0.4095277190208435 -0.4201771020889282 -0.2477979212999344 0.5 0.0 1.0
v -0.392284631729126 -0.04887945577502251 0.10498113930225372 0.5 0.0 1.0
v -0.6477788090705872 -0.2804621458053589 -0.2182973176240921 0.5 0.0 1.0
v 0.1634964942932129 -0.6161677241325378 -0.18843719363212585 0.5 0.0 1.0
v -0.7100237607955933 0.1529068648815155 0.15870830416679382 0.5 0.0 1.0
v -0.24713104963302612 -0.11534832417964935 0.10436426848173141 0.5 0.0 1.0
v -0.20979367196559906 0.02084461972117424 0.24684754014015198 0.5 0.0 1.0
v -0.09941575676202774 -0.14457476139068604 0.13948340713977814 0.5 0.0 1.0
v -0.2780105471611023 -0.00856076180934906 0.19070680439472198 0.5 0.0 1.0
v -0.9755493402481079 -0.1573101282119751 -0.2419738471508026 0.5 0.0 1.0
v 0.47208353877067566 -0.425475537776947 0.11918911337852478 0.5 0.0 1.0
v -0.5781262516975403 0.08141617476940155 0.14782625436782837 0.5 0.0 1.0
v 0.23817099630832672 -0.6715130805969238 -0.20843563973903656 0.5 0.0 1.0
v 0.43705978989601135 -0.6481108069419861 -0.10275561362504959 0.5 0.0 1.0
v -0.6813562512397766 -0.0682883933186531 -0.035027578473091125 0.5 0.0 1.0
v 0.554746150970459 -0.5778136849403381 0.012305518612265587 0.5 0.0 1.0
v 0.3085826337337494 -0.35335707664489746 0.11732310056686401 0.5 0.0 1.0
v -0.328448086977005 0.0017998147523030639 0.17907004058361053 0.5 0.0 1.0
v -0.6520602703094482 -0.05522385984659195 -0.010511752218008041 0.5 0.0 1.0
v -0.68879234790802 0.02446455880999565 0.04814516007900238 0.5 0.0 1.0
v 0.2652892470359802 -0.6677706837654114 -0.19351305067539215 0.5 0.0 1.0
v 0.25718623399734497 -0.7889714241027832 -0.3097127676010132 0.5 0.0 1.0
v -0.30772605538368225 -0.48614320158958435 -0.26623544096946716 0.5 0.0 1.0
v 0.2283824235200882 -0.41452863812446594 0.02656758576631546 0.5 0.0 1.0
v 0.484230101108551 -0.6534018516540527 -0.08777976036071777 0.5 0.0 1.0
v -0.7220727205276489 0.1750437170267105 0.17422440648078918 0.5 0.0 1.0
v 0.17041586339473724 -0.720112681388855 -0.28224244713783264 0.5 0.0 1.0
v 0.018594877794384956 -0.4094415605068207 -0.05719992145895958 0.5 0.0 1.0
v 0.17155033349990845 -0.22420665621757507 0.1796932965517044 0.5 0.0 1.0
v -0.44466641545295715 -0.23972022533416748 -0.0947004109621048 0.5 0.0 1.0
v -0.7434791326522827 0.15404224395751953 0.14565131068229675 0.5 0.0 1.0
v -0.9136624932289124 -0.13179495930671692 -0.19212350249290466 0.5 0.0 1.0
v 0.5387911200523376 -0.6549272537231445 -0.06618203222751617 0.5 0.0 1.0
v -0.7935970425605774 0.2752476930618286 0.23729422688484192 0.5 0.0 1.0
v -0.05675870180130005 -0.6406680941581726 -0.3041526973247528 0.5 0.0 1.0
v -0.5347933769226074 0.14509573578834534 0.2253626435995102 0.5 0.0 1.0
v -0.857514500617981 0.026702452450990677 -0.020949712023139 0.5 0.0 1.0
v -0.3171726167201996 -0.524552583694458 -0.3059617877006531 0.5 0.0 1.0
v -0.3546501100063324 0.06761951744556427 0.22926385700702667 0.5 0.0 1.0
v 0.12472707778215408 -0.1436499059200287 0.23490113019943237 0.5 0.0 1.0
v -0.43450456857681274 -0.196401908993721 -0.050104379653930664 0.5 0.0 1.0
v 0.596227765083313 -0.42812201380729675 0.16909809410572052 0.5 0.0 1.0
v -0.5998578667640686 -0.38404715061187744 -0.2944706678390503 0.5 0.0 1.0
v 0.07365622371435165 -0.3253728449344635 0.04425707831978798 0.5 0.0 1.0
v -0.05862248316407204 -0.6055800914764404 -0.27228835225105286 0.5 0.0 1.0
v -0.0796915665268898 -0.39686068892478943 -0.0869562104344368 0.5 0.0 1.0
v -0.2295674830675125 -0.3385361433029175 -0.09591007977724075 0.5 0.0 1.0
v 0.25129634141921997 -0.6840473413467407 -0.2145620882511139 0.5 0.0 1.0
v 0.4089849889278412 -0.24750791490077972 0.2581751048564911 0.5 0.0 1.0
v 0.12116660922765732 -0.7113286852836609 -0.29484498500823975 0.5 0.0 1.0
v -0.11579454690217972 -0.39552852511405945 -0.10094701498746872 0.5 0.0 1.0
v -0.3568376302719116 -0.3984226882457733 -0.20532682538032532 0.5 0.0 1.0
v -0.4425744414329529 -0.14199192821979523 -0.0028784333262592554 0.5 0.0 1.0
v -0.1588495671749115 0.010903182439506054 0.25908803939819336 0.5 0.0 1.0
v -0.6040478944778442 -0.07688989490270615 -0.010418183170258999 0.5 0.0 1.0
v -0.08643509447574615 -0.03204604610800743 0.24967117607593536 0.5 0.0 1.0
v 0.19395485520362854 -0.289338618516922 0.12853743135929108 0.5 0.0 1.0
v 0.4015218913555145 -0.25840601325035095 0.2448856681585312 0.5 0.0 1.0
v 0.09985831379890442 -0.2535765469074249 0.12211957573890686 0.5 0.0 1.0
v 0.36319833993911743 -0.5234276056289673 -0.017892947420477867 0.5 0.0 1.0
v 0.3848080337047577 -0.6301653385162354 -0.10809969902038574 0.5 0.0 1.0
v -0.7146266102790833 -0.06691399961709976 -0.04778411611914635 0.5 0.0 1.0
v 0.20399518311023712 -0.3707254230976105 0.05703991279006004 0.5 0.0 1.0
v -0.3572623133659363 -0.04316437616944313 0.12507376074790955 0.5 0.0 1.0
v 0.2097141146659851 -0.7093826532363892 -0.25567933917045593 0.5 0.0 1.0
v 0.2167738825082779 -0.1535538136959076 0.2645161747932434 0.5 0.0 1.0
v -0.9127036929130554 -0.18050895631313324 -0.23704901337623596 0.5 0.0 1.0
v -0.3880174160003662 -0.18723534047603607 -0.021963467821478844 0.5 0.0 1.0
v 0.4258812665939331 -0.49507206678390503 0.034936293959617615 0.5 0.0 1.0
v -0.5861226916313171 -0.35528457164764404 -0.2619117796421051 0.5 0.0 1.0
v -0.9347954392433167 -0.16029097139835358 -0.22755515575408936 0.5 0.0 1.0
v 0.14644961059093475 -0.6982442140579224 -0.27200350165367126 0.5 0.0 1.0
v 0.1385575830936432 -0.4344220757484436 -0.02983752451837063 0.5 0.0 1.0
v 0.6309283971786499 -0.46763384342193604 0.14696986973285675 0.5 0.0 1.0
v -0.5472207069396973 0.15942367911338806 0.2334526777267456 0.5 0.0 1.0
v -0.11126758903265 -0.4258077144622803 -0.12721307575702667 0.5 0.0 1.0
v -0.4320809245109558 -0.23887421190738678 -0.08860384672880173 0.5 0.0 1.0
v 0.5093778371810913 -0.6577038764953613 -0.0811741054058075 0.5 0.0 1.0
v 0.34786257147789 -0.4514734148979187 0.042593248188495636 0.5 0.0 1.0
v -0.6156405806541443 0.1840590536594391 0.22751303017139435 0.5 0.0 1.0
v 0.09969916194677353 -0.20753373205661774 0.16489681601524353 0.5 0.0 1.0
v -0.6532209515571594 -0.08171582221984863 -0.035653069615364075 0.5 0.0 1.0
v -0.9475951790809631 -0.24419012665748596 -0.31102585792541504 0.5 0.0 1.0
v 0.6632014513015747 -0.3815150856971741 0.2407209873199463 0.5 0.0 1.0
v -0.6910309791564941 0.1289398968219757 0.14441855251789093 0.5 0.0 1.0
v -0.716325581073761 -0.1430748850107193 -0.11937110126018524 0.5 0.0 1.0
v -0.3362783193588257 -0.5128471851348877 -0.3031294345855713 0.5 0.0 1.0
v -0.011189076118171215 -0.07545138895511627 0.2410244196653366 0.5 0.0 1.0
v -0.8780755400657654 0.06500657647848129 0.006019658409059048 0.5 0.0 1.0
v -0.6849924325942993 -0.266963928937912 -0.22143574059009552 0.5 0.0 1.0
v -0.559526801109314 -0.050366953015327454 0.03304402157664299 0.5 0.0 1.0
v -0.5177483558654785 -0.004028575960546732 0.09378812462091446 0.5 0.0 1.0
v 0.09444555640220642 -0.4458428621292114 -0.05907408520579338 0.5 0.0 1.0
v -0.5347137451171875 -0.19680564105510712 -0.09275442361831665 0.5 0.0 1.0
v -0.7470930218696594 -0.2374136596918106 -0.22013606131076813 0.5 0.0 1.0
v -0.22171105444431305 -0.19825884699821472 0.037936966866254807 0.5 0.0 1.0
v -0.8060312271118164 -0.11242963373661041 -0.1286979764699936 0.5 0.0 1.0
v 0.45160555839538574 -0.5912430286407471 -0.04370193928480148 0.5 0.0 1.0
v 0.3904567360877991 -0.7952813506126404 -0.25936272740364075 0.5 0.0 1.0
v -0.3834996819496155 -0.34836745262145996 -0.16999642550945282 0.5 0.0 1.0
v 0.2163020521402359 -0.3192099332809448 0.11016859114170074 0.5 0.0 1.0
v -0.3352794349193573 -0.07038544118404388 0.10901736468076706 0.5 0.0 1.0
v -0.5664487481117249 0.07619715481996536 0.14789603650569916 0.5 0.0 1.0
v -0.07999366521835327 -0.48062071204185486 -0.16502514481544495 0.5 0.0 1.0
v 0.1330781728029251 -0.6945515871047974 -0.27420830726623535 0.5 0.0 1.0
v -0.1527959108352661 -0.39060476422309875 -0.11197472363710403 0.5 0.0 1.0
v -0.19669049978256226 -0.45435988903045654 -0.18981842696666718 0.5 0.0 1.0
v 0.052769143134355545 -0.21948698163032532 0.13397595286369324 0.5 0.0 1.0
v -0.4349701702594757 -0.22669145464897156 -0.07848623394966125 0.5 0.0 1.0
v -0.7634158730506897 -0.14347819983959198 -0.13961194455623627 0.5 0.0 1.0
v 0.004345403052866459 -0.44611912965774536 -0.0973408967256546 0.5 0.0 1.0
v 0.3061550557613373 -0.6537898778915405 -0.163263738155365 0.5 0.0 1.0
v -0.3884429633617401 -0.030548017472028732 0.12365980446338654 0.5 0.0 1.0
v 0.6000826954841614 -0.6223142743110657 -0.00997804757207632 0.5 0.0 1.0
v -0.9586686491966248 -0.23891176283359528 -0.3107856214046478 0.5 0.0 1.0
v 0.55413818359375 -0.3657820224761963 0.2093515843153 0.5 0.0 1.0
v 0.14478932321071625 -0.21914082765579224 0.17311780154705048 0.5 0.0 1.0
v 0.3819393515586853 -0.4299704432487488 0.07697814702987671 0.5 0.0 1.0
v 0.5850859880447388 -0.671614944934845 -0.06218048185110092 0.5 0.0 1.0
v 0.3199641704559326 -0.19969794154167175 0.26510947942733765 0.5 0.0 1.0
v -0.6326542496681213 0.15680645406246185 0.19497618079185486 0.5 0.0 1.0
v 0.09216867387294769 -0.10385366529226303 0.25819775462150574 0.5 0.0 1.0
v 0.06270430237054825 -0.13109275698661804 0.22042100131511688 0.5 0.0 1.0
v -0.5675944685935974 -0.28505939245224 -0.1887485682964325 0.5 0.0 1.0
v 0.29167699813842773 -0.3019140362739563 0.1580607295036316 0.5 0.0 1.0
v -0.8040456175804138 -0.130437433719635 -0.14461718499660492 0.5 0.0 1.0
v -0.6235937476158142 -0.0674750804901123 -0.009903015568852425 0.5 0.0 1.0
v -0.7796828150749207 -0.06394028663635254 -0.07246165722608566 0.5 0.0 1.0
v -0.13778674602508545 -0.42239317297935486 -0.1352231204509735 0.5 0.0 1.0
v 0.2259168177843094 -0.22424481809139252 0.2025928795337677 0.5 0.0 1.0
v 0.4531373083591461 -0.8152893781661987 -0.25153836607933044 0.5 0.0 1.0
v 0.01898338831961155 -0.2121923565864563 0.12651096284389496 0.5 0.0 1.0
v -0.3175516426563263 -0.11591845005750656 0.07412604987621307 0.5 0.0 1.0
v 0.4667532742023468 -0.8796086311340332 -0.30564552545547485 0.5 0.0 1.0
v 0.08909152448177338 -0.5282753705978394 -0.13803893327713013 0.5 0.0 1.0
v -0.6601249575614929 -0.1850140243768692 -0.13468801975250244 0.5 0.0 1.0
v -0.6333537697792053 -0.10026416182518005 -0.04453172907233238 0.5 0.0 1.0
v 0.43638181686401367 -0.5784907937049866 -0.038257863372564316 0.5 0.0 1.0
v 0.0919991061091423 -0.5120251774787903 -0.12169099599123001 0.5 0.0 1.0
v 0.5556695461273193 -0.6197965741157532 -0.026371434330940247 0.5 0.0 1.0
v 0.2630362808704376 -0.5923612713813782 -0.12429250776767731 0.5 0.0 1.0
v -0.8073096871376038 -0.03775223344564438 -0.05974750220775604 0.5 0.0 1.0
v -0.8052160143852234 0.14070914685726166 0.1072000190615654 0.5 0.0 1.0
v 0.5812705159187317 -0.6566968560218811 -0.04990830644965172 0.5 0.0 1.0
v -0.4223627746105194 -0.3719920217990875 -0.20837470889091492 0.5 0.0 1.0
v -0.029718730598688126 -0.22270186245441437 0.09618598967790604 0.5 0.0 1.0
v -0.9023744463920593 -0.06975117325782776 -0.12962768971920013 0.5 0.0 1.0
v 0.13124524056911469 -0.6226686835289001 -0.2080920934677124 0.5 0.0 1.0
v 0.1304890513420105 -0.19530850648880005 0.18926183879375458 0.5 0.0 1.0
v -0.11640471965074539 -0.12244535982608795 0.1529085785150528 0.5 0.0 1.0
v -0.27391207218170166 -0.4069134593009949 -0.1782447099685669 0.5 0.0 1.0
v -0.13471633195877075 -0.5680814981460571 -0.2694956958293915 0.5 0.0 1.0
v -0.04408855736255646 -0.46466752886772156 -0.13503322005271912 0.5 0.0 1.0
v -0.4289068579673767 0.012303357943892479 0.1464643031358719 0.5 0.0 1.0
v 0.470441609621048 -0.6888235807418823 -0.12655769288539886 0.5 0.0 1.0
v -0.9083647131919861 -0.14889037609100342 -0.20579642057418823 0.5 0.0 1.0
v -0.6785464882850647 -0.3284922242164612 -0.27597060799598694 0.5 0.0 1.0
v -0.6113673448562622 -0.08285201340913773 -0.019053928554058075 0.5 0.0 1.0
v -0.41548749804496765 0.08541073650121689 0.22015425562858582 0.5 0.0 1.0
v -0.08098940551280975 -0.3343484401702881 -0.029333990067243576 0.5 0.0 1.0
v 0.07553922384977341 -0.08309365063905716 0.2705003321170807 0.5 0.0 1.0
v 0.40463945269584656 -0.5083569288253784 0.01361316628754139 0.5 0.0 1.0
v -0.5746428370475769 -0.03793482482433319 0.03823566809296608 0.5 0.0 1.0
v 0.6813042163848877 -0.44245967268943787 0.19164684414863586 0.5 0.0 1.0
v 0.24128003418445587 -0.6255095601081848 -0.16431625187397003 0.5 0.0 1.0
v -0.5658665299415588 -0.04455934092402458 0.03577370196580887 0.5 0.0 1.0
v 0.010044552385807037 -0.28684002161026 0.053277865052223206 0.5 0.0 1.0
v 0.16116444766521454 -0.7241427302360535 -0.28989529609680176 0.5 0.0 1.0
v 0.3032560646533966 -0.6665392518043518 -0.1763504296541214 0.5 0.0 1.0
v -0.49657300114631653 -0.09369895607233047 0.019279899075627327 0.5 0.0 1.0
v -0.44738513231277466 -0.1838110089302063 -0.04382193461060524 0.5 0.0 1.0
v -0.38579732179641724 0.123372383415699 0.2680039703845978 0.5 0.0 1.0
v 0.13992996513843536 -0.42282718420028687 -0.018469128757715225 0.5 0.0 1.0
v -0.8142440319061279 0.018968632444739342 -0.009892166592180729 0.5 0.0 1.0
v -0.33727529644966125 -0.18582502007484436 0.0007550126756541431 0.5 0.0 1.0
v -0.8748403787612915 0.072381891310215 0.014247423969209194 0.5 0.0 1.0
v 0.330957293510437 -0.2375555783510208 0.23451925814151764 0.5 0.0 1.0
v -0.6408675909042358 0.2363714575767517 0.2655491828918457 0.5 0.0 1.0
v -0.09736163169145584 -0.504641592502594 -0.19470423460006714 0.5 0.0 1.0
v -0.7235870957374573 -0.0054747010581195354 0.005607123952358961 0.5 0.0 1.0
v -0.6741546988487244 0.13423576951026917 0.15646597743034363 0.5 0.0 1.0
v -0.24907337129116058 -0.4901851415634155 -0.2452533096075058 0.5 0.0 1.0
v -0.2537256181240082 -0.16733050346374512 0.05321112647652626 0.5 0.0 1.0
v -0.36214780807495117 -0.3848707675933838 -0.1949564665555954 0.5 0.0 1.0
v 0.268208771944046 -0.7805491089820862 -0.2972255051136017 0.5 0.0 1.0
v -0.9965396523475647 -0.25314784049987793 -0.34000903367996216 0.5 0.0 1.0
v -0.8254175782203674 -0.049662016332149506 -0.07846894860267639 0.5 0.0 1.0
v -0.848214864730835 -0.2258327603340149 -0.2520190179347992 0.5 0.0 1.0
v -0.8681430816650391 -0.19747793674468994 -0.23404084146022797 0.5 0.0 1.0
v 0.21041400730609894 -0.4383910894393921 -0.0032173930667340755 0.5 0.0 1.0
v 0.2887488305568695 -0.21176810562610626 0.24070926010608673 0.5 0.0 1.0
v -0.32978320121765137 -0.29309529066085815 -0.0959029421210289 0.5 0.0 1.0
v 0.5992583632469177 -0.45619863271713257 0.14425033330917358 0.5 0.0 1.0
v -0.8405030369758606 -0.21077001094818115 -0.23474928736686707 0.5 0.0 1.0
v 0.4504872262477875 -0.3141399323940277 0.2136799842119217 0.5 0.0 1.0
v -0.6252369284629822 -0.16102541983127594 -0.09764792025089264 0.5 0.0 1.0
v -0.21681445837020874 0.019614821299910545 0.24274137616157532 0.5 0.0 1.0
v 0.46118414402008057 -0.7601304054260254 -0.19681645929813385 0.5 0.0 1.0
v 0.4382704794406891 -0.5235044956207275 0.01370550598949194 0.5 0.0 1.0
v -0.5919482111930847 0.18987011909484863 0.2429153174161911 0.5 0.0 1.0
v -0.49929049611091614 0.10721692442893982 0.2050924450159073 0.5 0.0 1.0
v 0.24676163494586945 -0.2063741683959961 0.22801573574543 0.5 0.0 1.0
v -0.31598201394081116 -0.12597426772117615 0.06543093919754028 0.5 0.0 1.0
v 0.4113488495349884 -0.7410011291503906 -0.20003962516784668 0.5 0.0 1.0
v -0.4618922173976898 -0.19647450745105743 -0.061725717037916183 0.5 0.0 1.0
v -0.14538197219371796 -0.24235069751739502 0.029108276590704918 0.5 0.0 1.0
v -0.5625753402709961 0.16625002026557922 0.23332728445529938 0.5 0.0 1.0
v -0.5862189531326294 -0.27485644817352295 -0.18711133301258087 0.5 0.0 1.0
v 0.15099084377288818 -0.6374170780181885 -0.21348604559898376 0.5 0.0 1.0
v 0.30870935320854187 -0.41260841488838196 0.06224121153354645 0.5 0.0 1.0
v 0.26130592823028564 -0.7205132246017456 -0.2442721724510193 0.5 0.0 1.0
v 0.5421774387359619 -0.5252877473831177 0.05588040128350258 0.5 0.0 1.0
v 0.37376242876052856 -0.8218168020248413 -0.291097491979599 0.5 0.0 1.0
v -0.386007159948349 0.05095263198018074 0.20052644610404968 0.5 0.0 1.0
v -0.4729916453361511 -0.39937615394592285 -0.2552148997783661 0.5 0.0 1.0
v 0.22049160301685333 -0.16117340326309204 0.2589942514896393 0.5 0.0 1.0
v 0.5704689621925354 -0.40605273842811584 0.17876765131950378 0.5 0.0 1.0
v -0.46686461567878723 -0.3707456588745117 -0.225988507270813 0.5 0.0 1.0
v -0.7543253898620605 0.05853373557329178 0.05220181494951248 0.5 0.0 1.0
v -0.294597327709198 -0.018594561144709587 0.17437270283699036 0.5 0.0 1.0
v -0.4070991277694702 -0.06551273167133331 0.08325366675853729 0.5 0.0 1.0
v 0.11104290187358856 -0.5308219790458679 -0.13114821910858154 0.5 0.0 1.0
v 0.5028512477874756 -0.31922879815101624 0.23103496432304382 0.5 0.0 1.0
v -0.21632014214992523 -0.1927562952041626 0.04533149302005768 0.5 0.0 1.0
v 0.12715348601341248 -0.6160736083984375 -0.2036813199520111 0.5 0.0 1.0
v -0.10131596028804779 0.0002781399816740304 0.27347224950790405 0.5 0.0 1.0
v 0.32478806376457214 -0.41368696093559265 0.06802055239677429 0.5 0.0 1.0
v -0.7665113210678101 0.2331385463476181 0.20953667163848877 0.5 0.0 1.0
v -0.17059899866580963 -0.5650724768638611 -0.2818331718444824 0.5 0.0 1.0
v 0.6343385577201843 -0.4820750951766968 0.13497039675712585 0.5 0.0 1.0
v -0.3799375593662262 -0.4076346158981323 -0.22364377975463867 0.5 0.0 1.0
v -0.1150367334485054 -0.20423316955566406 0.07737938314676285 0.5 0.0 1.0
v -0.8587236404418945 -0.30436769127845764 -0.32953163981437683 0.5 0.0 1.0
v -0.927013635635376 -0.1283183991909027 -0.1945207566022873 0.5 0.0 1.0
v -0.4430646002292633 -0.125545933842659 0.012218323536217213 0.5 0.0 1.0
v -0.6746187806129456 -0.19196392595767975 -0.14726951718330383 0.5 0.0 1.0
v 0.49656224250793457 -0.5337388515472412 0.028773104771971703 0.5 0.0 1.0
v 0.007984725758433342 -0.4270835816860199 -0.07809241861104965 0.5 0.0 1.0
v -0.5659869313240051 0.20795100927352905 0.27069222927093506 0.5 0.0 1.0
v 0.20906564593315125 -0.566631019115448 -0.12311778217554092 0.5 0.0 1.0
v 0.38732075691223145 -0.7512209415435791 -0.21968600153923035 0.5 0.0 1.0
v 0.05554429069161415 -0.6632121205329895 -0.27775439620018005 0.5 0.0 1.0
v -0.9542938470840454 -0.12835106253623962 -0.20605961978435516 0.5 0.0 1.0
