v -0.1633104830980301 -0.4215447008609772 0.010042339563369751 1.0 0.0 0.0
v -0.17856644093990326 -0.3973894417285919 0.013856330886483192 1.0 0.0 0.0
v -0.14296919107437134 -0.43171533942222595 0.017670322209596634 1.0 0.0 0.0
v -0.1607678234577179 -0.4126453995704651 0.011313670314848423 1.0 0.0 0.0
v -0.13661253452301025 -0.44188597798347473 0.011313670314848423 1.0 0.0 0.0
v -0.11881391704082489 -0.4596846103668213 0.02021298184990883 1.0 0.0 0.0
v -0.07304602861404419 -0.527065098285675 0.01258500013500452 1.0 0.0 0.0
v 0.03501705080270767 -0.659283459186554 0.021484313532710075 1.0 0.0 0.0
v -0.04126276820898056 -0.5588483810424805 0.01512766070663929 1.0 0.0 0.0
v -0.22941964864730835 -0.4406146705150604 -0.007756284438073635 1.0 0.0 0.0
v -0.2078070342540741 -0.4126453995704651 0.007499679457396269 1.0 0.0 0.0
v -0.19509373605251312 -0.4660412669181824 -0.005213623866438866 1.0 0.0 0.0
v -0.14932584762573242 -0.47366926074028015 -0.0001283026358578354 1.0 0.0 0.0
v -0.13534121215343475 -0.5296077728271484 -0.00648495415225625 1.0 0.0 0.0
v -0.22052034735679626 -0.43807199597358704 0.0024143580812960863 1.0 0.0 0.0
v -0.19255107641220093 -0.4545992910861969 -0.0001283026358578354 1.0 0.0 0.0
v -0.156953826546669 -0.4851112365722656 -0.0013996330089867115 1.0 0.0 0.0
v -0.13152721524238586 -0.5385071039199829 -0.007756284438073635 1.0 0.0 0.0
v -0.14042653143405914 -0.5003671646118164 0.0011430276790633798 1.0 0.0 0.0
v -0.14932584762573242 -0.4584132730960846 0.008771009743213654 1.0 0.0 0.0
v -0.17093846201896667 -0.5029098391532898 -0.012841605581343174 1.0 0.0 0.0
v -0.17856644093990326 -0.4660412669181824 -0.003942293580621481 1.0 0.0 0.0
v -0.18746575713157654 -0.42408737540245056 0.006228348705917597 1.0 0.0 0.0
v -0.2065357118844986 -0.46731260418891907 -0.007756284438073635 1.0 0.0 0.0
v -0.21416369080543518 -0.42917269468307495 -0.0013996330089867115 1.0 0.0 0.0
v -0.14805451035499573 -0.48383989930152893 0.0024143580812960863 1.0 0.0 0.0
v -0.16839580237865448 -0.42663002014160156 0.01258500013500452 1.0 0.0 0.0
v -0.17983777821063995 -0.4660412669181824 -0.005213623866438866 1.0 0.0 0.0
v -0.2103496938943863 -0.4164593815803528 0.004957018420100212 1.0 0.0 0.0
v -0.21924901008605957 -0.4507853090763092 -0.007756284438073635 1.0 0.0 0.0
v -0.10610061138868332 -0.5092664957046509 0.01512766070663929 1.0 0.0 0.0
v -0.09211598336696625 -0.5639337301254272 0.004957018420100212 1.0 0.0 0.0
v -0.06033272296190262 -0.5817323327064514 0.007499679457396269 1.0 0.0 0.0
v -0.031092124059796333 -0.5880889892578125 0.013856330886483192 1.0 0.0 0.0
v -0.01837882213294506 -0.6389421820640564 0.007499679457396269 1.0 0.0 0.0
v 0.04137370362877846 -0.6872527599334717 0.021484313532710075 1.0 0.0 0.0
v -0.10991460084915161 -0.492739200592041 0.01512766070663929 1.0 0.0 0.0
v -0.09847263246774673 -0.5613910555839539 0.0011430276790633798 1.0 0.0 0.0
v -0.0692320317029953 -0.574104368686676 0.008771009743213654 1.0 0.0 0.0
v -0.03363478556275368 -0.602073609828949 0.011313670314848423 1.0 0.0 0.0
v 0.0019624633714556694 -0.6554694771766663 0.011313670314848423 1.0 0.0 0.0
v 0.12019618600606918 -0.7762458920478821 0.022755643352866173 1.0 0.0 0.0
v 0.056629665195941925 -0.7139506936073303 0.017670322209596634 1.0 0.0 0.0
v 0.009590445086359978 -0.6465701460838318 0.017670322209596634 1.0 0.0 0.0
v -0.022192813456058502 -0.6414848566055298 0.007499679457396269 1.0 0.0 0.0
v -0.031092124059796333 -0.5995309352874756 0.01512766070663929 1.0 0.0 0.0
v -0.08448799699544907 -0.5652050375938416 0.004957018420100212 1.0 0.0 0.0
v -0.09338731318712234 -0.5245224833488464 0.011313670314848423 1.0 0.0 0.0
v 0.10494022071361542 -0.7609899044036865 0.021484313532710075 1.0 0.0 0.0
v 0.07824227958917618 -0.7393772602081299 0.022755643352866173 1.0 0.0 0.0
v 0.05027301609516144 -0.683438777923584 0.017670322209596634 1.0 0.0 0.0
v 0.01086177583783865 -0.6618261337280273 0.016398990526795387 1.0 0.0 0.0
v -0.01837882213294506 -0.6376708745956421 0.01258500013500452 1.0 0.0 0.0
v -0.043805427849292755 -0.5842750072479248 0.01894165202975273 1.0 0.0 0.0
v -0.08321666717529297 -0.5512204170227051 0.008771009743213654 1.0 0.0 0.0
v -0.12262790650129318 -0.5130804777145386 0.003685688367113471 1.0 0.0 0.0
v -0.26628822088241577 -0.7609899044036865 -0.08657876402139664 1.0 0.0 0.0
v -0.26374557614326477 -0.5944456458091736 -0.04716752469539642 1.0 0.0 0.0
v -0.2510322630405426 -0.6452988386154175 -0.0573381669819355 1.0 0.0 0.0
v -0.23704764246940613 -0.7012373805046082 -0.06496614962816238 1.0 0.0 0.0
v -0.22306300699710846 -0.7584472298622131 -0.08022211492061615 1.0 0.0 0.0
v -0.23831896483898163 -0.527065098285675 -0.026826240122318268 1.0 0.0 0.0
v -0.22560566663742065 -0.5817323327064514 -0.033182889223098755 1.0 0.0 0.0
v -0.21162103116512299 -0.6376708745956421 -0.04462486505508423 1.0 0.0 0.0
v -0.198907732963562 -0.6859813928604126 -0.050981514155864716 1.0 0.0 0.0
v -0.18492309749126434 -0.7419199347496033 -0.059880826622247696 1.0 0.0 0.0
v -0.21670635044574738 -0.492739200592041 -0.017926927655935287 1.0 0.0 0.0
v -0.2027217149734497 -0.5474064350128174 -0.02555490843951702 1.0 0.0 0.0
v -0.18873707950115204 -0.6058875918388367 -0.03572555258870125 1.0 0.0 0.0
v -0.17475244402885437 -0.6580121517181396 -0.04081087186932564 1.0 0.0 0.0
v -0.1620391458272934 -0.7075940370559692 -0.050981514155864716 1.0 0.0 0.0
v -0.14932584762573242 -0.7584472298622131 -0.054795507341623306 1.0 0.0 0.0
v -0.18110910058021545 -0.5181658267974854 -0.010298945009708405 1.0 0.0 0.0
v -0.16966712474822998 -0.5702903270721436 -0.017926927655935287 1.0 0.0 0.0
v -0.1556824892759323 -0.6236862540245056 -0.029368899762630463 1.0 0.0 0.0
v -0.14169786870479584 -0.6808961033821106 -0.03953954204916954 1.0 0.0 0.0
v -0.2497609406709671 -0.549949049949646 -0.03064022958278656 1.0 0.0 0.0
v -0.23577630519866943 -0.4952818751335144 -0.01665559597313404 1.0 0.0 0.0
v -0.26374557614326477 -0.7355632781982422 -0.08276477456092834 1.0 0.0 0.0
v -0.2497609406709671 -0.6796247363090515 -0.059880826622247696 1.0 0.0 0.0
v -0.23577630519866943 -0.6224148869514465 -0.045896194875240326 1.0 0.0 0.0
v -0.22052034735679626 -0.5639337301254272 -0.028097569942474365 1.0 0.0 0.0
v -0.2065357118844986 -0.5079951882362366 -0.015384266152977943 1.0 0.0 0.0
v -0.22941964864730835 -0.769889235496521 -0.08276477456092834 1.0 0.0 0.0
v -0.2128923535346985 -0.7063226699829102 -0.059880826622247696 1.0 0.0 0.0
v -0.2001790553331375 -0.654198169708252 -0.04843885451555252 1.0 0.0 0.0
v -0.18619441986083984 -0.5995309352874756 -0.028097569942474365 1.0 0.0 0.0
v -0.17093846201896667 -0.5410497784614563 -0.015384266152977943 1.0 0.0 0.0
v -0.16966712474822998 -0.7292066216468811 -0.054795507341623306 1.0 0.0 0.0
v -0.1544111669063568 -0.6694540977478027 -0.04081087186932564 1.0 0.0 0.0
v -0.14042653143405914 -0.6122442483901978 -0.019198257476091385 1.0 0.0 0.0
v -0.14042653143405914 -0.7292066216468811 -0.04716752469539642 1.0 0.0 0.0
v -0.13152721524238586 -0.6745394468307495 -0.03445422276854515 1.0 0.0 0.0
v -0.14042653143405914 -0.6338568925857544 -0.029368899762630463 1.0 0.0 0.0
v -0.15059716999530792 -0.5906316637992859 -0.02174091711640358 1.0 0.0 0.0
v -0.1607678234577179 -0.5461350679397583 -0.015384266152977943 1.0 0.0 0.0
v -0.13915519416332245 -0.7597185969352722 -0.05352417752146721 1.0 0.0 0.0
v -0.14932584762573242 -0.717764675617218 -0.045896194875240326 1.0 0.0 0.0
v -0.1594964861869812 -0.6745394468307495 -0.042082201689481735 1.0 0.0 0.0
v -0.16839580237865448 -0.6338568925857544 -0.03445422276854515 1.0 0.0 0.0
v -0.17729510366916656 -0.5931742787361145 -0.028097569942474365 1.0 0.0 0.0
v -0.18619441986083984 -0.5550343990325928 -0.020469587296247482 1.0 0.0 0.0
v -0.19509373605251312 -0.5118091702461243 -0.012841605581343174 1.0 0.0 0.0
v -0.17983777821063995 -0.7711605429649353 -0.07005146890878677 1.0 0.0 0.0
v -0.19000841677188873 -0.7279353141784668 -0.06115215644240379 1.0 0.0 0.0
v -0.198907732963562 -0.6897953748703003 -0.05352417752146721 1.0 0.0 0.0
v -0.2078070342540741 -0.6478415131568909 -0.04971018433570862 1.0 0.0 0.0
v -0.21797768771648407 -0.6033449172973633 -0.042082201689481735 1.0 0.0 0.0
v -0.22687698900699615 -0.5601196885108948 -0.03445422276854515 1.0 0.0 0.0
v -0.23577630519866943 -0.521979808807373 -0.026826240122318268 1.0 0.0 0.0
v -0.2459469437599182 -0.48002588748931885 -0.019198257476091385 1.0 0.0 0.0
v -0.22179166972637177 -0.7609899044036865 -0.07767945528030396 1.0 0.0 0.0
v -0.23196230828762054 -0.7190359830856323 -0.06878013908863068 1.0 0.0 0.0
v -0.24086162447929382 -0.6796247363090515 -0.0586094968020916 1.0 0.0 0.0
v -0.2497609406709671 -0.636399507522583 -0.05225284397602081 1.0 0.0 0.0
v -0.2599315941333771 -0.5969882607460022 -0.04462486505508423 1.0 0.0 0.0
v -0.2497609406709671 -0.769889235496521 -0.08912142366170883 1.0 0.0 0.0
v -0.2586602568626404 -0.7342919707298279 -0.08022211492061615 1.0 0.0 0.0
v -0.26755955815315247 -0.6923380494117737 -0.07132279872894287 1.0 0.0 0.0
v -0.27137354016304016 -0.7762458920478821 -0.08785009384155273 1.0 0.0 0.0
v -0.13534121215343475 -0.7482765913009644 -0.04716752469539642 1.0 0.0 0.0
v -0.14551185071468353 -0.7864165306091309 -0.06242348626255989 1.0 0.0 0.0
v -0.13279855251312256 -0.549949049949646 -0.007756284438073635 1.0 0.0 0.0
v -0.14296919107437134 -0.5855463147163391 -0.015384266152977943 1.0 0.0 0.0
v -0.15313982963562012 -0.6224148869514465 -0.03445422276854515 1.0 0.0 0.0
v -0.1645818054676056 -0.6669114828109741 -0.04081087186932564 1.0 0.0 0.0
v -0.17475244402885437 -0.7050513625144958 -0.04971018433570862 1.0 0.0 0.0
v -0.18492309749126434 -0.7431913018226624 -0.059880826622247696 1.0 0.0 0.0
v -0.1582251489162445 -0.5232511162757874 -0.010298945009708405 1.0 0.0 0.0
v -0.16839580237865448 -0.5613910555839539 -0.019198257476091385 1.0 0.0 0.0
v -0.17983777821063995 -0.6008023023605347 -0.033182889223098755 1.0 0.0 0.0
v -0.19000841677188873 -0.6427561640739441 -0.042082201689481735 1.0 0.0 0.0
v -0.2014503926038742 -0.6847100853919983 -0.04971018433570862 1.0 0.0 0.0
v -0.21162103116512299 -0.7215786576271057 -0.06496614962816238 1.0 0.0 0.0
v -0.22179166972637177 -0.7609899044036865 -0.07767945528030396 1.0 0.0 0.0
v -0.18873707950115204 -0.5029098391532898 -0.011570275761187077 1.0 0.0 0.0
v -0.198907732963562 -0.5435923933982849 -0.02174091711640358 1.0 0.0 0.0
v -0.2103496938943863 -0.5817323327064514 -0.03572555258870125 1.0 0.0 0.0
v -0.22052034735679626 -0.6211435794830322 -0.04716752469539642 1.0 0.0 0.0
v -0.23069098591804504 -0.6618261337280273 -0.05352417752146721 1.0 0.0 0.0
v -0.24086162447929382 -0.6999660730361938 -0.06496614962816238 1.0 0.0 0.0
v -0.2510322630405426 -0.7368346452713013 -0.07640811800956726 1.0 0.0 0.0
v -0.2612029016017914 -0.7737032175064087 -0.08785009384155273 1.0 0.0 0.0
v -0.22941964864730835 -0.4914678633213043 -0.017926927655935287 1.0 0.0 0.0
v -0.23959030210971832 -0.5296077728271484 -0.029368899762630463 1.0 0.0 0.0
v -0.2497609406709671 -0.5677477121353149 -0.03445422276854515 1.0 0.0 0.0
v -0.2612029016017914 -0.6071589589118958 -0.04843885451555252 1.0 0.0 0.0
v -0.27137354016304016 -0.6478415131568909 -0.06115215644240379 1.0 0.0 0.0
v -0.12898455560207367 -0.7292066216468811 -0.04081087186932564 1.0 0.0 0.0
v -0.1149999275803566 -0.7826024889945984 -0.04843885451555252 1.0 0.0 0.0
v -0.12262790650129318 -0.5830036401748657 -0.012841605581343174 1.0 0.0 0.0
v -0.10991460084915161 -0.6351282000541687 -0.02174091711640358 1.0 0.0 0.0
v -0.09592997282743454 -0.6910667419433594 -0.026826240122318268 1.0 0.0 0.0
v -0.08194533735513687 -0.74700528383255 -0.03826821222901344 1.0 0.0 0.0
v -0.07940267771482468 -0.6147869229316711 -0.0001283026358578354 1.0 0.0 0.0
v -0.0666893720626831 -0.665640115737915 -0.005213623866438866 1.0 0.0 0.0
v -0.05524739995598793 -0.7152220010757446 -0.010298945009708405 1.0 0.0 0.0
v -0.04126276820898056 -0.7686178684234619 -0.024283578619360924 1.0 0.0 0.0
v -0.04634808748960495 -0.6351282000541687 -0.003942293580621481 1.0 0.0 0.0
v -0.034906115382909775 -0.683438777923584 -0.007756284438073635 1.0 0.0 0.0
v -0.020921481773257256 -0.7381059527397156 -0.01665559597313404 1.0 0.0 0.0
v -0.006936848629266024 -0.7940444946289062 -0.023012248799204826 1.0 0.0 0.0
v -0.005665518343448639 -0.6910667419433594 0.0011430276790633798 1.0 0.0 0.0
v 0.007047784514725208 -0.7444626092910767 -0.003942293580621481 1.0 0.0 0.0
v 0.021032417193055153 -0.7965871691703796 -0.012841605581343174 1.0 0.0 0.0
v 0.05408700555562973 -0.7368346452713013 0.01258500013500452 1.0 0.0 0.0
v 0.0668003112077713 -0.7876878380775452 0.0024143580812960863 1.0 0.0 0.0
v 0.14816544950008392 -0.8105717897415161 0.025298302993178368 1.0 0.0 0.0
v -0.12644189596176147 -0.5563057065010071 -0.005213623866438866 1.0 0.0 0.0
v -0.12644189596176147 -0.6758107542991638 -0.03064022958278656 1.0 0.0 0.0
v -0.1124572679400444 -0.6198722124099731 -0.011570275761187077 1.0 0.0 0.0
v -0.1149999275803566 -0.7482765913009644 -0.04335353150963783 1.0 0.0 0.0
v -0.09974396228790283 -0.688524067401886 -0.024283578619360924 1.0 0.0 0.0
v -0.08448799699544907 -0.631314218044281 -0.00648495415225625 1.0 0.0 0.0
v -0.07940267771482468 -0.7787885069847107 -0.04462486505508423 1.0 0.0 0.0
v -0.06414671242237091 -0.7203073501586914 -0.024283578619360924 1.0 0.0 0.0
v -0.04889075085520744 -0.659283459186554 -0.007756284438073635 1.0 0.0 0.0
v -0.02727813459932804 -0.7711605429649353 -0.024283578619360924 1.0 0.0 0.0
v -0.013293500058352947 -0.7126793265342712 -0.003942293580621481 1.0 0.0 0.0
v 0.004505123943090439 -0.7787885069847107 -0.017926927655935287 1.0 0.0 0.0
v 0.018489757552742958 -0.7203073501586914 -0.0013996330089867115 1.0 0.0 0.0
v 0.04773035645484924 -0.7495478987693787 0.003685688367113471 1.0 0.0 0.0
v 0.08841292560100555 -0.7851451635360718 0.007499679457396269 1.0 0.0 0.0
v 0.13799481093883514 -0.8067578077316284 0.02402697317302227 1.0 0.0 0.0
v 0.07569961994886398 -0.797858476638794 -0.0001283026358578354 1.0 0.0 0.0
v 0.0668003112077713 -0.7571759223937988 0.011313670314848423 1.0 0.0 0.0
v 0.03755971044301987 -0.7711605429649353 -0.005213623866438866 1.0 0.0 0.0
v 0.02738907001912594 -0.7292066216468811 0.0011430276790633798 1.0 0.0 0.0
v 0.018489757552742958 -0.6859813928604126 0.008771009743213654 1.0 0.0 0.0
v 0.0057764542289078236 -0.7673465609550476 -0.007756284438073635 1.0 0.0 0.0
v -0.003122858004644513 -0.7266640067100525 -0.005213623866438866 1.0 0.0 0.0
v -0.013293500058352947 -0.683438777923584 -0.0013996330089867115 1.0 0.0 0.0
v -0.038720108568668365 -0.7673465609550476 -0.026826240122318268 1.0 0.0 0.0
v -0.04761941730976105 -0.7266640067100525 -0.017926927655935287 1.0 0.0 0.0
v -0.05651872977614403 -0.6897953748703003 -0.012841605581343174 1.0 0.0 0.0
v -0.06541804224252701 -0.6465701460838318 -0.010298945009708405 1.0 0.0 0.0
v -0.07558868825435638 -0.602073609828949 -0.0013996330089867115 1.0 0.0 0.0
v -0.07431735843420029 -0.7902305126190186 -0.042082201689481735 1.0 0.0 0.0
v -0.08448799699544907 -0.7495478987693787 -0.03572555258870125 1.0 0.0 0.0
v -0.09465864300727844 -0.7063226699829102 -0.03064022958278656 1.0 0.0 0.0
v -0.10228662192821503 -0.6669114828109741 -0.020469587296247482 1.0 0.0 0.0
v -0.1124572679400444 -0.6236862540245056 -0.015384266152977943 1.0 0.0 0.0
v -0.12262790650129318 -0.5804610252380371 -0.014112936332821846 1.0 0.0 0.0
v -0.1124572679400444 -0.7609899044036865 -0.04843885451555252 1.0 0.0 0.0
v -0.12135657668113708 -0.7190359830856323 -0.04081087186932564 1.0 0.0 0.0
v 0.12273884564638138 -0.8093004822731018 0.017670322209596634 1.0 0.0 0.0
v 0.09604090452194214 -0.7991297841072083 0.007499679457396269 1.0 0.0 0.0
v 0.0668003112077713 -0.7800598740577698 0.006228348705917597 1.0 0.0 0.0
v 0.04010237380862236 -0.7215786576271057 0.01258500013500452 1.0 0.0 0.0
v 0.028660399839282036 -0.7609899044036865 -0.003942293580621481 1.0 0.0 0.0
v 0.018489757552742958 -0.8016724586486816 -0.010298945009708405 1.0 0.0 0.0
v 0.0019624633714556694 -0.6999660730361938 0.0011430276790633798 1.0 0.0 0.0
v -0.008208178915083408 -0.7355632781982422 -0.00648495415225625 1.0 0.0 0.0
v -0.01837882213294506 -0.7737032175064087 -0.017926927655935287 1.0 0.0 0.0
v -0.02854946441948414 -0.6758107542991638 -0.0013996330089867115 1.0 0.0 0.0
v -0.038720108568668365 -0.7126793265342712 -0.010298945009708405 1.0 0.0 0.0
v -0.04889075085520744 -0.7546332478523254 -0.024283578619360924 1.0 0.0 0.0
v -0.05906139314174652 -0.7889591455459595 -0.03826821222901344 1.0 0.0 0.0
v -0.052704740315675735 -0.6211435794830322 0.0024143580812960863 1.0 0.0 0.0
v -0.06287538260221481 -0.659283459186554 -0.010298945009708405 1.0 0.0 0.0
v -0.07431735843420029 -0.7012373805046082 -0.019198257476091385 1.0 0.0 0.0
v -0.08448799699544907 -0.740648627281189 -0.03191155940294266 1.0 0.0 0.0
v -0.09465864300727844 -0.7762458920478821 -0.042082201689481735 1.0 0.0 0.0
v -0.09211598336696625 -0.5880889892578125 -0.003942293580621481 1.0 0.0 0.0
v -0.10355795174837112 -0.6300428509712219 -0.014112936332821846 1.0 0.0 0.0
v -0.1149999275803566 -0.6719967722892761 -0.028097569942474365 1.0 0.0 0.0
v -0.12389923632144928 -0.7088653445243835 -0.03953954204916954 1.0 0.0 0.0
v -0.19636505842208862 -0.8626963496208191 -0.08912142366170883 1.0 0.0 0.0
v -0.156953826546669 -0.8537970185279846 -0.08022211492061615 1.0 0.0 0.0
v -0.14424052834510803 -0.9046502113342285 -0.08276477456092834 1.0 0.0 0.0
v -0.13025589287281036 -0.9593174457550049 -0.08912142366170883 1.0 0.0 0.0
v -0.19763639569282532 -0.8372697234153748 -0.08912142366170883 1.0 0.0 0.0
v -0.17093846201896667 -0.8499830365180969 -0.08276477456092834 1.0 0.0 0.0
v -0.1582251489162445 -0.9211775064468384 -0.08912142366170883 1.0 0.0 0.0
v -0.14424052834510803 -0.8690530061721802 -0.07767945528030396 1.0 0.0 0.0
v -0.14296919107437134 -0.9364334940910339 -0.09293541312217712 1.0 0.0 0.0
v -0.15186850726604462 -0.8944795727729797 -0.09039275348186493 1.0 0.0 0.0
v -0.1620391458272934 -0.8537970185279846 -0.08022211492061615 1.0 0.0 0.0
v -0.2027217149734497 -0.8474403619766235 -0.09039275348186493 1.0 0.0 0.0
v -0.13661253452301025 -0.9351621270179749 -0.09420674294233322 1.0 0.0 0.0
v -0.1556824892759323 -0.8245564103126526 -0.06878013908863068 1.0 0.0 0.0
v -0.1645818054676056 -0.86142498254776 -0.08403610438108444 1.0 0.0 0.0
v -0.17602378129959106 -0.9046502113342285 -0.09674941003322601 1.0 0.0 0.0
v -0.2065357118844986 -0.8245564103126526 -0.08403610438108444 1.0 0.0 0.0
v -0.2103496938943863 -0.8080291152000427 -0.08530743420124054 1.0 0.0 0.0
v -0.17093846201896667 -0.7991297841072083 -0.07259412854909897 1.0 0.0 0.0
v -0.13661253452301025 -0.8131144642829895 -0.06369481980800629 1.0 0.0 0.0
v -0.24086162447929382 -0.8143857717514038 -0.08530743420124054 1.0 0.0 0.0
v -0.18492309749126434 -0.7864165306091309 -0.07386545836925507 1.0 0.0 0.0
v -0.1556824892759323 -0.7902305126190186 -0.06369481980800629 1.0 0.0 0.0
v -0.16966712474822998 -0.8156570792198181 -0.07767945528030396 1.0 0.0 0.0
v -0.2128923535346985 -0.8029438257217407 -0.08657876402139664 1.0 0.0 0.0
v -0.24086162447929382 -0.8118430972099304 -0.09293541312217712 1.0 0.0 0.0
v -0.19509373605251312 -0.7851451635360718 -0.07767945528030396 1.0 0.0 0.0
v -0.23196230828762054 -0.797858476638794 -0.08657876402139664 1.0 0.0 0.0
v -0.12389923632144928 -0.8665103316307068 -0.07640811800956726 1.0 0.0 0.0
v -0.10864327102899551 -0.9224488735198975 -0.08403610438108444 1.0 0.0 0.0
v -0.09592997282743454 -0.9733020663261414 -0.08785009384155273 1.0 0.0 0.0
v -0.10228662192821503 -0.8385410308837891 -0.0586094968020916 1.0 0.0 0.0
v -0.08703065663576126 -0.8957509398460388 -0.07005146890878677 1.0 0.0 0.0
v -0.07431735843420029 -0.9453328251838684 -0.07640811800956726 1.0 0.0 0.0
v -0.05651872977614403 -0.8499830365180969 -0.05352417752146721 1.0 0.0 0.0
v -0.04253409802913666 -0.9033789038658142 -0.059880826622247696 1.0 0.0 0.0
v -0.031092124059796333 -0.9529607892036438 -0.06878013908863068 1.0 0.0 0.0
v -0.02727813459932804 -0.8220137357711792 -0.029368899762630463 1.0 0.0 0.0
v -0.015836160629987717 -0.8741382956504822 -0.03826821222901344 1.0 0.0 0.0
v -0.0018515276024118066 -0.9249914884567261 -0.04462486505508423 1.0 0.0 0.0
v 0.0057764542289078236 -0.8474403619766235 -0.033182889223098755 1.0 0.0 0.0
v 0.019761087372899055 -0.8995649218559265 -0.04462486505508423 1.0 0.0 0.0
v 0.03628838062286377 -0.8576110005378723 -0.02555490843951702 1.0 0.0 0.0
v 0.04900168627500534 -0.9097355604171753 -0.03191155940294266 1.0 0.0 0.0
v 0.08078493922948837 -0.8436263799667358 -0.0026709632948040962 1.0 0.0 0.0
v 0.12019618600606918 -0.8245564103126526 0.010042339563369751 1.0 0.0 0.0
v -0.12008524686098099 -0.9440614581108093 -0.08657876402139664 1.0 0.0 0.0
v -0.10737194120883942 -0.8932082653045654 -0.08022211492061615 1.0 0.0 0.0
v -0.09211598336696625 -0.832184374332428 -0.059880826622247696 1.0 0.0 0.0
v -0.08575932681560516 -1.0 -0.08912142366170883 1.0 0.0 0.0
v -0.0717746913433075 -0.9453328251838684 -0.07640811800956726 1.0 0.0 0.0
v -0.057790059596300125 -0.8893942832946777 -0.0573381669819355 1.0 0.0 0.0
v -0.04253409802913666 -0.8283703923225403 -0.04081087186932564 1.0 0.0 0.0
v -0.03999143838882446 -0.9529607892036438 -0.07386545836925507 1.0 0.0 0.0
v -0.024735473096370697 -0.8957509398460388 -0.05352417752146721 1.0 0.0 0.0
v -0.00947950966656208 -0.8334557414054871 -0.03445422276854515 1.0 0.0 0.0
v 0.004505123943090439 -0.9173635244369507 -0.045896194875240326 1.0 0.0 0.0
v 0.018489757552742958 -0.8626963496208191 -0.033182889223098755 1.0 0.0 0.0
v 0.07315696030855179 -0.8423550128936768 -0.007756284438073635 1.0 0.0 0.0
v 0.08587026596069336 -0.8398123979568481 -0.010298945009708405 1.0 0.0 0.0
v -0.03744877502322197 -0.9567747712135315 -0.059880826622247696 1.0 0.0 0.0
v -0.0666893720626831 -0.8309130668640137 -0.04716752469539642 1.0 0.0 0.0
v -0.09465864300727844 -0.8398123979568481 -0.06115215644240379 1.0 0.0 0.0
v -0.1111859381198883 -0.88558030128479 -0.07767945528030396 1.0 0.0 0.0
v -0.12008524686098099 -0.8448976874351501 -0.06878013908863068 1.0 0.0 0.0
v 0.112568199634552 -0.8487116694450378 -0.0001283026358578354 1.0 0.0 0.0
v 0.00831911526620388 -0.8385410308837891 -0.029368899762630463 1.0 0.0 0.0
v -0.038720108568668365 -0.8512543439865112 -0.04081087186932564 1.0 0.0 0.0
v -0.04761941730976105 -0.88558030128479 -0.06115215644240379 1.0 0.0 0.0
v -0.05906139314174652 -0.9262628555297852 -0.07259412854909897 1.0 0.0 0.0
v -0.0692320317029953 -0.9669454097747803 -0.08149344474077225 1.0 0.0 0.0
v -0.0692320317029953 -0.8296417593955994 -0.050981514155864716 1.0 0.0 0.0
v -0.08067400753498077 -0.8715956211090088 -0.059880826622247696 1.0 0.0 0.0
v -0.08957331627607346 -0.9059215784072876 -0.07513678818941116 1.0 0.0 0.0
v -0.09974396228790283 -0.9440614581108093 -0.08530743420124054 1.0 0.0 0.0
v -0.1111859381198883 -0.9872866868972778 -0.09293541312217712 1.0 0.0 0.0
v -0.1149999275803566 -0.856339693069458 -0.06878013908863068 1.0 0.0 0.0
v -0.12517057359218597 -0.8957509398460388 -0.08276477456092834 1.0 0.0 0.0
v -0.0692320317029953 -0.7953158020973206 -0.04716752469539642 1.0 0.0 0.0
v -0.12898455560207367 -0.8093004822731018 -0.059880826622247696 1.0 0.0 0.0
v 0.03247439116239548 -0.8080291152000427 -0.010298945009708405 1.0 0.0 0.0
v 0.13036683201789856 -0.8207424283027649 0.01894165202975273 1.0 0.0 0.0
v 0.04645902290940285 -0.8093004822731018 -0.010298945009708405 1.0 0.0 0.0
v 0.015947096049785614 -0.8105717897415161 -0.017926927655935287 1.0 0.0 0.0
v -0.029820794239640236 -0.8080291152000427 -0.03445422276854515 1.0 0.0 0.0
v -0.10355795174837112 -0.797858476638794 -0.05225284397602081 1.0 0.0 0.0
v -0.12898455560207367 -0.804215133190155 -0.0573381669819355 1.0 0.0 0.0
v 0.05790099874138832 -0.8131144642829895 -0.009027615189552307 1.0 0.0 0.0
v -0.02854946441948414 -0.8118430972099304 -0.033182889223098755 1.0 0.0 0.0
v -0.10482928156852722 -0.8169284462928772 -0.054795507341623306 1.0 0.0 0.0
v -0.28027287125587463 -0.7075940370559692 -0.07386545836925507 1.0 0.0 0.0
v -0.27645888924598694 -0.6516554951667786 -0.06496614962816238 1.0 0.0 0.0
v -0.28027287125587463 -0.7342919707298279 -0.08276477456092834 1.0 0.0 0.0
v -0.28154420852661133 -0.683438777923584 -0.06878013908863068 1.0 0.0 0.0
v -0.22052034735679626 -0.3630635142326355 0.013856330886483192 1.0 0.0 0.0
v -0.19763639569282532 -0.38213345408439636 0.007499679457396269 1.0 0.0 0.0
v -0.198907732963562 -0.3719628155231476 0.007499679457396269 1.0 0.0 0.0
v -0.2065357118844986 -0.37959080934524536 0.01512766070663929 1.0 0.0 0.0
v -0.22306300699710846 -0.38721877336502075 0.010042339563369751 1.0 0.0 0.0
v -0.09590672701597214 -0.740702748298645 -0.03574296832084656 1.0 0.0 0.0
v -0.10373588651418686 -0.8440311551094055 -0.06027720496058464 1.0 0.0 0.0
v -0.2009510099887848 -0.4768163859844208 -0.009025842882692814 1.0 0.0 0.0
v 0.0549163892865181 -0.7388935089111328 0.00799829512834549 1.0 0.0 0.0
v -0.10940518230199814 -0.49517151713371277 0.013328677043318748 1.0 0.0 0.0
v -0.09317927807569504 -0.9884907603263855 -0.08839721977710724 1.0 0.0 0.0
v -0.05593107268214226 -0.5490525364875793 0.01707870326936245 1.0 0.0 0.0
v -0.0686405673623085 -0.5972719788551331 0.003026571124792099 1.0 0.0 0.0
v -0.17588496208190918 -0.4292907416820526 0.00842831190675497 1.0 0.0 0.0
v 0.03962205350399017 -0.6839985251426697 0.015440954826772213 1.0 0.0 0.0
v -0.04652925953269005 -0.7054337859153748 -0.013944266363978386 1.0 0.0 0.0
v -0.10234255343675613 -0.601239025592804 -0.007515931501984596 1.0 0.0 0.0
v 0.014069775119423866 -0.6642382740974426 0.0123579828068614 1.0 0.0 0.0
v 0.04537332430481911 -0.8270072937011719 -0.013747368939220905 1.0 0.0 0.0
v -0.10155688226222992 -0.742732584476471 -0.0378047376871109 1.0 0.0 0.0
v -0.19195996224880219 -0.6713405847549438 -0.048392828553915024 1.0 0.0 0.0
v -0.0931386724114418 -0.606220006942749 -0.0059446608647704124 1.0 0.0 0.0
v 0.13261011242866516 -0.800876796245575 0.01696241833269596 1.0 0.0 0.0
v -0.10483916848897934 -0.9023239612579346 -0.07316579669713974 1.0 0.0 0.0
v -0.1083073690533638 -0.6705824136734009 -0.02418505772948265 1.0 0.0 0.0
v -0.014235272072255611 -0.7528767585754395 -0.014893604442477226 1.0 0.0 0.0
v -0.16782540082931519 -0.6005657911300659 -0.026192471385002136 1.0 0.0 0.0
v -0.22641727328300476 -0.5424503087997437 -0.030500290915369987 1.0 0.0 0.0
v -0.18106597661972046 -0.40465760231018066 0.012251538224518299 1.0 0.0 0.0
v -0.07086712121963501 -0.9046570658683777 -0.06390438228845596 1.0 0.0 0.0
v -0.22239243984222412 -0.5370449423789978 -0.028177708387374878 1.0 0.0 0.0
v -0.11687817424535751 -0.5577601194381714 -0.0023171978536993265 1.0 0.0 0.0
v -0.09611077606678009 -0.9672803282737732 -0.08466555923223495 1.0 0.0 0.0
v -0.20637363195419312 -0.49466967582702637 -0.014434726908802986 1.0 0.0 0.0
v 0.07173480838537216 -0.8473563194274902 -0.010558785870671272 1.0 0.0 0.0
v -0.15458665788173676 -0.6849369406700134 -0.040582820773124695 1.0 0.0 0.0
v -0.0025900870095938444 -0.818210244178772 -0.025636307895183563 1.0 0.0 0.0
v -0.2447657734155655 -0.507729172706604 -0.02828620746731758 1.0 0.0 0.0
v 0.044926270842552185 -0.7932089567184448 -0.006586878094822168 1.0 0.0 0.0
v -0.15806974470615387 -0.8634039163589478 -0.0800723284482956 1.0 0.0 0.0
v -0.2436038702726364 -0.6574077010154724 -0.060232046991586685 1.0 0.0 0.0
v -0.08813456445932388 -0.5197773575782776 0.014135968871414661 1.0 0.0 0.0
v -0.1577364057302475 -0.5752255320549011 -0.01782769151031971 1.0 0.0 0.0
v -0.02656671777367592 -0.9110291004180908 -0.05254530906677246 1.0 0.0 0.0
v -0.12593097984790802 -0.4998753070831299 0.007564251311123371 1.0 0.0 0.0
v -0.16671249270439148 -0.8436645269393921 -0.07829949259757996 1.0 0.0 0.0
v -0.12300188094377518 -0.9544504880905151 -0.08962796628475189 1.0 0.0 0.0
v -0.0035612713545560837 -0.7082346677780151 -0.0021980199962854385 1.0 0.0 0.0
v -0.17475244402885437 -0.37450549006462097 0.008771009743213654 1.0 1.0 0.0
v -0.14169786870479584 -0.3694201707839966 0.003685688367113471 1.0 1.0 0.0
v -0.13025589287281036 -0.4126453995704651 0.01258500013500452 1.0 1.0 0.0
v -0.13279855251312256 -0.38849011063575745 0.0024143580812960863 1.0 1.0 0.0
v -0.13534121215343475 -0.33509424328804016 -0.007756284438073635 1.0 1.0 0.0
v -0.17093846201896667 -0.3643348515033722 0.003685688367113471 1.0 1.0 0.0
v -0.1556824892759323 -0.377048134803772 0.0024143580812960863 1.0 1.0 0.0
v -0.10610061138868332 -0.39484676718711853 -0.00648495415225625 1.0 1.0 0.0
v -0.09465864300727844 -0.4406146705150604 0.0011430276790633798 1.0 1.0 0.0
v -0.08575932681560516 -0.47875458002090454 0.013856330886483192 1.0 1.0 0.0
v -0.0666893720626831 -0.4456999897956848 0.0011430276790633798 1.0 1.0 0.0
v -0.05651872977614403 -0.4889252185821533 0.011313670314848423 1.0 1.0 0.0
v -0.04507675766944885 -0.5359644293785095 0.021484313532710075 1.0 1.0 0.0
v 0.01721842773258686 -0.5906316637992859 0.013856330886483192 1.0 1.0 0.0
v 0.029931729659438133 -0.6376708745956421 0.02021298184990883 1.0 1.0 0.0
v 0.09349824488162994 -0.7164933681488037 0.025298302993178368 1.0 1.0 0.0
v -0.09974396228790283 -0.4495139718055725 0.008771009743213654 1.0 1.0 0.0
v -0.08957331627607346 -0.4113740622997284 -0.0013996330089867115 1.0 1.0 0.0
v -0.08321666717529297 -0.5029098391532898 0.016398990526795387 1.0 1.0 0.0
v -0.0717746913433075 -0.4622272849082947 0.0011430276790633798 1.0 1.0 0.0
v -0.057790059596300125 -0.5232511162757874 0.016398990526795387 1.0 1.0 0.0
v -0.04761941730976105 -0.48638254404067993 0.0024143580812960863 1.0 1.0 0.0
v -0.020921481773257256 -0.5537630319595337 0.016398990526795387 1.0 1.0 0.0
v 0.015947096049785614 -0.6008023023605347 0.017670322209596634 1.0 1.0 0.0
v 0.06298632174730301 -0.688524067401886 0.02402697317302227 1.0 1.0 0.0
v 0.10239756107330322 -0.7279353141784668 0.02784096449613571 1.0 1.0 0.0
v 0.11002553999423981 -0.7330206632614136 0.01894165202975273 1.0 1.0 0.0
v 0.04773035645484924 -0.6719967722892761 0.021484313532710075 1.0 1.0 0.0
v 0.03755971044301987 -0.6275002360343933 0.01512766070663929 1.0 1.0 0.0
v -0.0018515276024118066 -0.5982596278190613 0.013856330886483192 1.0 1.0 0.0
v -0.01202217023819685 -0.5512204170227051 0.004957018420100212 1.0 1.0 0.0
v -0.05143341049551964 -0.5118091702461243 0.007499679457396269 1.0 1.0 0.0
v -0.06287538260221481 -0.463498592376709 -0.003942293580621481 1.0 1.0 0.0
v -0.10482928156852722 -0.47621190547943115 0.008771009743213654 1.0 1.0 0.0
v 0.13418081402778625 -0.7686178684234619 0.025298302993178368 1.0 1.0 0.0
v 0.024846408516168594 -0.6135155558586121 0.013856330886483192 1.0 1.0 0.0
v -0.008208178915083408 -0.5969882607460022 0.017670322209596634 1.0 1.0 0.0
v -0.029820794239640236 -0.5334217548370361 0.004957018420100212 1.0 1.0 0.0
v -0.1111859381198883 -0.46858394145965576 0.01258500013500452 1.0 1.0 0.0
v -0.12389923632144928 -0.39357542991638184 -0.005213623866438866 1.0 1.0 0.0
v -0.11754258722066879 -0.34907886385917664 -0.011570275761187077 1.0 1.0 0.0
v -0.08957331627607346 -0.3554355204105377 -0.010298945009708405 1.0 1.0 0.0
v -0.07813134789466858 -0.4024747610092163 -0.00648495415225625 1.0 1.0 0.0
v -0.038720108568668365 -0.3630635142326355 -0.028097569942474365 1.0 1.0 0.0
v -0.02727813459932804 -0.4088314175605774 -0.017926927655935287 1.0 1.0 0.0
v -0.017107490450143814 -0.4520566463470459 -0.012841605581343174 1.0 1.0 0.0
v -0.004394188057631254 -0.5003671646118164 -0.00648495415225625 1.0 1.0 0.0
v 0.007047784514725208 -0.5486777424812317 0.0011430276790633798 1.0 1.0 0.0
v 0.003233793657273054 -0.3579781949520111 -0.03572555258870125 1.0 1.0 0.0
v 0.015947096049785614 -0.406288743019104 -0.03445422276854515 1.0 1.0 0.0
v 0.02738907001912594 -0.4482426345348358 -0.023012248799204826 1.0 1.0 0.0
v 0.03755971044301987 -0.4914678633213043 -0.01665559597313404 1.0 1.0 0.0
v 0.04773035645484924 -0.5346931219100952 -0.010298945009708405 1.0 1.0 0.0
v 0.060443658381700516 -0.5817323327064514 -0.0026709632948040962 1.0 1.0 0.0
v 0.07188563048839569 -0.6287715435028076 0.007499679457396269 1.0 1.0 0.0
v 0.08205627650022507 -0.6694540977478027 0.017670322209596634 1.0 1.0 0.0
v 0.03501705080270767 -0.3528928756713867 -0.04335353150963783 1.0 1.0 0.0
v 0.04645902290940285 -0.3999320864677429 -0.03953954204916954 1.0 1.0 0.0
v 0.05790099874138832 -0.4482426345348358 -0.03445422276854515 1.0 1.0 0.0
v 0.0693429708480835 -0.4940105378627777 -0.02555490843951702 1.0 1.0 0.0
v 0.07951360940933228 -0.5372357368469238 -0.01665559597313404 1.0 1.0 0.0
v 0.09222691506147385 -0.5842750072479248 -0.00648495415225625 1.0 1.0 0.0
v 0.10366889089345932 -0.6300428509712219 -0.0026709632948040962 1.0 1.0 0.0
v 0.1138395294547081 -0.6745394468307495 0.0024143580812960863 1.0 1.0 0.0
v 0.12528149783611298 -0.7164933681488037 0.01512766070663929 1.0 1.0 0.0
v 0.13672347366809845 -0.7648038864135742 0.025298302993178368 1.0 1.0 0.0
v 0.060443658381700516 -0.34526488184928894 -0.05225284397602081 1.0 1.0 0.0
v 0.07315696030855179 -0.39357542991638184 -0.04843885451555252 1.0 1.0 0.0
v 0.08459893614053726 -0.43934333324432373 -0.04081087186932564 1.0 1.0 0.0
v 0.09476957470178604 -0.48002588748931885 -0.03572555258870125 1.0 1.0 0.0
v 0.10748288035392761 -0.5308791399002075 -0.028097569942474365 1.0 1.0 0.0
v 0.11765351891517639 -0.5702903270721436 -0.015384266152977943 1.0 1.0 0.0
v 0.12782415747642517 -0.6135155558586121 -0.010298945009708405 1.0 1.0 0.0
v 0.13926613330841064 -0.6580121517181396 -0.0013996330089867115 1.0 1.0 0.0
v 0.15070810914039612 -0.7037800550460815 0.003685688367113471 1.0 1.0 0.0
v 0.1621500849723816 -0.7482765913009644 0.010042339563369751 1.0 1.0 0.0
v 0.1138395294547081 -0.37959080934524536 -0.06115215644240379 1.0 1.0 0.0
v 0.12528149783611298 -0.42535868287086487 -0.050981514155864716 1.0 1.0 0.0
v 0.13545215129852295 -0.46731260418891907 -0.04843885451555252 1.0 1.0 0.0
v 0.14562278985977173 -0.5105378031730652 -0.04081087186932564 1.0 1.0 0.0
v 0.1583360880613327 -0.5601196885108948 -0.03445422276854515 1.0 1.0 0.0
v 0.16977806389331818 -0.6033449172973633 -0.026826240122318268 1.0 1.0 0.0
v 0.17994870245456696 -0.6440275311470032 -0.019198257476091385 1.0 1.0 0.0
v 0.1583360880613327 -0.37831947207450867 -0.07259412854909897 1.0 1.0 0.0
v 0.16850674152374268 -0.4215447008609772 -0.06623747944831848 1.0 1.0 0.0
v 0.17994870245456696 -0.46858394145965576 -0.0586094968020916 1.0 1.0 0.0
v 0.19139067828655243 -0.5130804777145386 -0.04971018433570862 1.0 1.0 0.0
v 0.18503402173519135 -0.3617921769618988 -0.08530743420124054 1.0 1.0 0.0
v 0.19520467519760132 -0.4037460684776306 -0.07895078510046005 1.0 1.0 0.0
v -0.12135657668113708 -0.34399354457855225 -0.009027615189552307 1.0 1.0 0.0
v -0.07813134789466858 -0.3643348515033722 -0.012841605581343174 1.0 1.0 0.0
v -0.06033272296190262 -0.4151880443096161 -0.009027615189552307 1.0 1.0 0.0
v -0.05016208067536354 -0.3719628155231476 -0.019198257476091385 1.0 1.0 0.0
v -0.03617744520306587 -0.4406146705150604 -0.007756284438073635 1.0 1.0 0.0
v -0.024735473096370697 -0.39230412244796753 -0.020469587296247482 1.0 1.0 0.0
v -0.01456483080983162 -0.3554355204105377 -0.029368899762630463 1.0 1.0 0.0
v -0.010750839486718178 -0.5092664957046509 -0.0026709632948040962 1.0 1.0 0.0
v 0.0006911330274306238 -0.463498592376709 -0.011570275761187077 1.0 1.0 0.0
v 0.01086177583783865 -0.42663002014160156 -0.026826240122318268 1.0 1.0 0.0
v 0.0223037488758564 -0.38086214661598206 -0.03572555258870125 1.0 1.0 0.0
v 0.024846408516168594 -0.5639337301254272 0.003685688367113471 1.0 1.0 0.0
v 0.03755971044301987 -0.5168944597244263 -0.003942293580621481 1.0 1.0 0.0
v 0.04773035645484924 -0.47748324275016785 -0.024283578619360924 1.0 1.0 0.0
v 0.056629665195941925 -0.43807199597358704 -0.03191155940294266 1.0 1.0 0.0
v 0.0680716410279274 -0.3961181044578552 -0.04335353150963783 1.0 1.0 0.0
v 0.07824227958917618 -0.3554355204105377 -0.0573381669819355 1.0 1.0 0.0
v 0.04518769308924675 -0.6198722124099731 0.01258500013500452 1.0 1.0 0.0
v 0.05408700555562973 -0.5817323327064514 -0.005213623866438866 1.0 1.0 0.0
v 0.0655289813876152 -0.5372357368469238 -0.014112936332821846 1.0 1.0 0.0
v 0.07569961994886398 -0.4965531826019287 -0.029368899762630463 1.0 1.0 0.0
v 0.08587026596069336 -0.4558706283569336 -0.036996882408857346 1.0 1.0 0.0
v 0.09604090452194214 -0.4139167368412018 -0.050981514155864716 1.0 1.0 0.0
v 0.10748288035392761 -0.3706915080547333 -0.06242348626255989 1.0 1.0 0.0
v 0.07315696030855179 -0.6478415131568909 0.016398990526795387 1.0 1.0 0.0
v 0.08332760632038116 -0.6084302663803101 0.0011430276790633798 1.0 1.0 0.0
v 0.09476957470178604 -0.5626623630523682 -0.010298945009708405 1.0 1.0 0.0
v 0.10494022071361542 -0.521979808807373 -0.026826240122318268 1.0 1.0 0.0
v 0.1151108592748642 -0.48256856203079224 -0.03953954204916954 1.0 1.0 0.0
v 0.12655283510684967 -0.43807199597358704 -0.04971018433570862 1.0 1.0 0.0
v 0.13672347366809845 -0.39484676718711853 -0.06115215644240379 1.0 1.0 0.0
v 0.14816544950008392 -0.3541642129421234 -0.07132279872894287 1.0 1.0 0.0
v 0.1138395294547081 -0.6847100853919983 0.010042339563369751 1.0 1.0 0.0
v 0.12401017546653748 -0.6427561640739441 -0.005213623866438866 1.0 1.0 0.0
v 0.13418081402778625 -0.6046162843704224 -0.01665559597313404 1.0 1.0 0.0
v 0.14435145258903503 -0.5639337301254272 -0.03064022958278656 1.0 1.0 0.0
v 0.1570647656917572 -0.515623152256012 -0.04081087186932564 1.0 1.0 0.0
v 0.16850674152374268 -0.47239792346954346 -0.05225284397602081 1.0 1.0 0.0
v 0.17740604281425476 -0.43425801396369934 -0.07005146890878677 1.0 1.0 0.0
v 0.18884801864624023 -0.38849011063575745 -0.08403610438108444 1.0 1.0 0.0
v 0.14943678677082062 -0.7584472298622131 0.02021298184990883 1.0 1.0 0.0
v 0.1596074253320694 -0.7190359830856323 0.003685688367113471 1.0 1.0 0.0
v 0.17232072353363037 -0.6694540977478027 -0.003942293580621481 1.0 1.0 0.0
v 0.19520467519760132 -0.38467612862586975 -0.09039275348186493 1.0 1.0 0.0
v 0.18503402173519135 -0.544863760471344 -0.04971018433570862 1.0 1.0 0.0
v 0.17613472044467926 -0.5016385316848755 -0.05352417752146721 1.0 1.0 0.0
v 0.1646927446126938 -0.4533279538154602 -0.06878013908863068 1.0 1.0 0.0
v 0.154522106051445 -0.4101027250289917 -0.07386545836925507 1.0 1.0 0.0
v 0.14435145258903503 -0.3605208396911621 -0.08022211492061615 1.0 1.0 0.0
v 0.16850674152374268 -0.6224148869514465 -0.03191155940294266 1.0 1.0 0.0
v 0.1583360880613327 -0.574104368686676 -0.03826821222901344 1.0 1.0 0.0
v 0.14689411222934723 -0.527065098285675 -0.04462486505508423 1.0 1.0 0.0
v 0.13672347366809845 -0.48256856203079224 -0.054795507341623306 1.0 1.0 0.0
v 0.12655283510684967 -0.43680065870285034 -0.0586094968020916 1.0 1.0 0.0
v 0.1151108592748642 -0.38467612862586975 -0.06878013908863068 1.0 1.0 0.0
v 0.1646927446126938 -0.769889235496521 0.003685688367113471 1.0 1.0 0.0
v 0.154522106051445 -0.7241213321685791 -0.003942293580621481 1.0 1.0 0.0
v 0.14308013021945953 -0.6783534288406372 -0.007756284438073635 1.0 1.0 0.0
v 0.13163815438747406 -0.6262288689613342 -0.019198257476091385 1.0 1.0 0.0
v 0.12146751582622528 -0.5804610252380371 -0.028097569942474365 1.0 1.0 0.0
v 0.08968425542116165 -0.4406146705150604 -0.04843885451555252 1.0 1.0 0.0
v 0.07951360940933228 -0.39357542991638184 -0.056066837161779404 1.0 1.0 0.0
v 0.09985489398241043 -0.683438777923584 0.0024143580812960863 1.0 1.0 0.0
v 0.08841292560100555 -0.6338568925857544 -0.003942293580621481 1.0 1.0 0.0
v 0.07697094976902008 -0.5855463147163391 -0.009027615189552307 1.0 1.0 0.0
v 0.0668003112077713 -0.5372357368469238 -0.020469587296247482 1.0 1.0 0.0
v 0.05535833537578583 -0.4876538813114166 -0.029368899762630463 1.0 1.0 0.0
v 0.04391636326909065 -0.4406146705150604 -0.036996882408857346 1.0 1.0 0.0
v 0.03501705080270767 -0.3986607491970062 -0.04462486505508423 1.0 1.0 0.0
v 0.024846408516168594 -0.3541642129421234 -0.04843885451555252 1.0 1.0 0.0
v 0.02611774019896984 -0.5804610252380371 0.0011430276790633798 1.0 1.0 0.0
v 0.015947096049785614 -0.5308791399002075 -0.009027615189552307 1.0 1.0 0.0
v 0.004505123943090439 -0.48256856203079224 -0.014112936332821846 1.0 1.0 0.0
v -0.005665518343448639 -0.43680065870285034 -0.023012248799204826 1.0 1.0 0.0
v -0.017107490450143814 -0.38721877336502075 -0.033182889223098755 1.0 1.0 0.0
v -0.02727813459932804 -0.34017956256866455 -0.033182889223098755 1.0 1.0 0.0
v -0.0234641432762146 -0.5029098391532898 -0.007756284438073635 1.0 1.0 0.0
v -0.03363478556275368 -0.4584132730960846 -0.015384266152977943 1.0 1.0 0.0
v -0.04507675766944885 -0.406288743019104 -0.023012248799204826 1.0 1.0 0.0
v -0.05524739995598793 -0.3630635142326355 -0.028097569942474365 1.0 1.0 0.0
v -0.07304602861404419 -0.4202733635902405 -0.012841605581343174 1.0 1.0 0.0
v -0.08321666717529297 -0.3719628155231476 -0.01665559597313404 1.0 1.0 0.0
v 0.17359206080436707 -0.6147869229316711 -0.03191155940294266 1.0 1.0 0.0
v 0.1596074253320694 -0.6719967722892761 -0.010298945009708405 1.0 1.0 0.0
v 0.14689411222934723 -0.7190359830856323 -0.0013996330089867115 1.0 1.0 0.0
v 0.18376269936561584 -0.460955947637558 -0.07259412854909897 1.0 1.0 0.0
v 0.17104940116405487 -0.5092664957046509 -0.05352417752146721 1.0 1.0 0.0
v 0.1583360880613327 -0.5575770735740662 -0.04335353150963783 1.0 1.0 0.0
v 0.14435145258903503 -0.6109729409217834 -0.02555490843951702 1.0 1.0 0.0
v 0.13163815438747406 -0.659283459186554 -0.011570275761187077 1.0 1.0 0.0
v 0.11892484873533249 -0.7101367115974426 0.007499679457396269 1.0 1.0 0.0
v 0.16850674152374268 -0.39484676718711853 -0.07640811800956726 1.0 1.0 0.0
v 0.154522106051445 -0.4469713270664215 -0.06496614962816238 1.0 1.0 0.0
v 0.14180879294872284 -0.4978245198726654 -0.045896194875240326 1.0 1.0 0.0
v 0.12909549474716187 -0.5461350679397583 -0.03445422276854515 1.0 1.0 0.0
v 0.1163821890950203 -0.5944456458091736 -0.017926927655935287 1.0 1.0 0.0
v 0.10366889089345932 -0.6440275311470032 -0.005213623866438866 1.0 1.0 0.0
v 0.08968425542116165 -0.6923380494117737 0.01894165202975273 1.0 1.0 0.0
v 0.12909549474716187 -0.38213345408439636 -0.07132279872894287 1.0 1.0 0.0
v 0.1163821890950203 -0.43171533942222595 -0.05352417752146721 1.0 1.0 0.0
v 0.10239756107330322 -0.48129722476005554 -0.04462486505508423 1.0 1.0 0.0
v 0.08968425542116165 -0.5321504473686218 -0.028097569942474365 1.0 1.0 0.0
v 0.07697094976902008 -0.5804610252380371 -0.010298945009708405 1.0 1.0 0.0
v 0.0642576515674591 -0.6300428509712219 0.0011430276790633798 1.0 1.0 0.0
v 0.08841292560100555 -0.3706915080547333 -0.06115215644240379 1.0 1.0 0.0
v 0.07569961994886398 -0.4177307188510895 -0.050981514155864716 1.0 1.0 0.0
v 0.06298632174730301 -0.4660412669181824 -0.03445422276854515 1.0 1.0 0.0
v 0.05027301609516144 -0.5168944597244263 -0.02174091711640358 1.0 1.0 0.0
v 0.03755971044301987 -0.5664763450622559 -0.005213623866438866 1.0 1.0 0.0
v 0.056629665195941925 -0.3541642129421234 -0.054795507341623306 1.0 1.0 0.0
v 0.04391636326909065 -0.4024747610092163 -0.04462486505508423 1.0 1.0 0.0
v 0.03120306134223938 -0.4507853090763092 -0.033182889223098755 1.0 1.0 0.0
v 0.018489757552742958 -0.4990958571434021 -0.011570275761187077 1.0 1.0 0.0
v 0.0057764542289078236 -0.5435923933982849 -0.003942293580621481 1.0 1.0 0.0
v 0.021032417193055153 -0.34399354457855225 -0.045896194875240326 1.0 1.0 0.0
v 0.009590445086359978 -0.38594746589660645 -0.042082201689481735 1.0 1.0 0.0
v -0.01837882213294506 -0.4876538813114166 -0.009027615189552307 1.0 1.0 0.0
v -0.03236345574259758 -0.3605208396911621 -0.03445422276854515 1.0 1.0 0.0
v -0.04507675766944885 -0.4088314175605774 -0.02174091711640358 1.0 1.0 0.0
v -0.057790059596300125 -0.4558706283569336 -0.007756284438073635 1.0 1.0 0.0
v -0.08575932681560516 -0.3706915080547333 -0.015384266152977943 1.0 1.0 0.0
v -0.1124572679400444 -0.34780755639076233 -0.015384266152977943 1.0 1.0 0.0
v 0.17232072353363037 -0.7902305126190186 0.021484313532710075 1.0 1.0 0.0
v 0.19139067828655243 -0.6923380494117737 -0.011570275761187077 1.0 1.0 0.0
v 0.2028326541185379 -0.7355632781982422 -0.0013996330089867115 1.0 1.0 0.0
v 0.2028326541185379 -0.5575770735740662 -0.04335353150963783 1.0 1.0 0.0
v 0.21427462995052338 -0.6046162843704224 -0.036996882408857346 1.0 1.0 0.0
v 0.22571660578250885 -0.6503841876983643 -0.03191155940294266 1.0 1.0 0.0
v 0.23715856671333313 -0.6936094164848328 -0.024283578619360924 1.0 1.0 0.0
v 0.2473292201757431 -0.7381059527397156 -0.01665559597313404 1.0 1.0 0.0
v 0.2066466510295868 -0.4469713270664215 -0.07386545836925507 1.0 1.0 0.0
v 0.21808861196041107 -0.4940105378627777 -0.06115215644240379 1.0 1.0 0.0
v 0.22953058779239655 -0.5397784113883972 -0.05352417752146721 1.0 1.0 0.0
v 0.24097256362438202 -0.5842750072479248 -0.04843885451555252 1.0 1.0 0.0
v 0.2524145245552063 -0.6338568925857544 -0.04462486505508423 1.0 1.0 0.0
v 0.26512783765792847 -0.6821674108505249 -0.03445422276854515 1.0 1.0 0.0
v 0.27529847621917725 -0.7203073501586914 -0.02555490843951702 1.0 1.0 0.0
v 0.21935994923114777 -0.377048134803772 -0.08785009384155273 1.0 1.0 0.0
v 0.23080192506313324 -0.42408737540245056 -0.08022211492061615 1.0 1.0 0.0
v 0.2435152232646942 -0.47366926074028015 -0.07259412854909897 1.0 1.0 0.0
v 0.253685861825943 -0.515623152256012 -0.06750880926847458 1.0 1.0 0.0
v 0.26512783765792847 -0.5601196885108948 -0.059880826622247696 1.0 1.0 0.0
v 0.27529847621917725 -0.6046162843704224 -0.05225284397602081 1.0 1.0 0.0
v 0.2867404520511627 -0.6491128206253052 -0.045896194875240326 1.0 1.0 0.0
v 0.2994537651538849 -0.6961520314216614 -0.03826821222901344 1.0 1.0 0.0
v 0.2918257713317871 -0.47748324275016785 -0.08657876402139664 1.0 1.0 0.0
v 0.3019964098930359 -0.520708441734314 -0.08276477456092834 1.0 1.0 0.0
v 0.31343838572502136 -0.5664763450622559 -0.07513678818941116 1.0 1.0 0.0
v 0.32615169882774353 -0.6147869229316711 -0.06750880926847458 1.0 1.0 0.0
v 0.3363223373889923 -0.660554826259613 -0.059880826622247696 1.0 1.0 0.0
v 0.3553922772407532 -0.5652050375938416 -0.08785009384155273 1.0 1.0 0.0
v 0.36556294560432434 -0.6097015738487244 -0.07895078510046005 1.0 1.0 0.0
v 0.18249136209487915 -0.6287715435028076 -0.024283578619360924 1.0 1.0 0.0
v 0.19266201555728912 -0.5906316637992859 -0.03572555258870125 1.0 1.0 0.0
v 0.2041039764881134 -0.5474064350128174 -0.04335353150963783 1.0 1.0 0.0
v 0.21427462995052338 -0.5054525136947632 -0.0586094968020916 1.0 1.0 0.0
v 0.22444526851177216 -0.4660412669181824 -0.07132279872894287 1.0 1.0 0.0
v 0.23588724434375763 -0.4202733635902405 -0.08149344474077225 1.0 1.0 0.0
v 0.17613472044467926 -0.7953158020973206 0.022755643352866173 1.0 1.0 0.0
v 0.18630535900592804 -0.7584472298622131 0.007499679457396269 1.0 1.0 0.0
v 0.1977473348379135 -0.7139506936073303 -0.007756284438073635 1.0 1.0 0.0
v 0.2079179733991623 -0.6707254648208618 -0.020469587296247482 1.0 1.0 0.0
v 0.21808861196041107 -0.6300428509712219 -0.033182889223098755 1.0 1.0 0.0
v 0.22953058779239655 -0.5855463147163391 -0.04462486505508423 1.0 1.0 0.0
v 0.24097256362438202 -0.5423210859298706 -0.0586094968020916 1.0 1.0 0.0
v 0.2524145245552063 -0.4990958571434021 -0.07132279872894287 1.0 1.0 0.0
v 0.26131385564804077 -0.4596846103668213 -0.08403610438108444 1.0 1.0 0.0
v 0.21681728959083557 -0.7762458920478821 0.004957018420100212 1.0 1.0 0.0
v 0.22825926542282104 -0.7330206632614136 -0.012841605581343174 1.0 1.0 0.0
v 0.23842990398406982 -0.6910667419433594 -0.028097569942474365 1.0 1.0 0.0
v 0.2486005425453186 -0.6529268026351929 -0.03953954204916954 1.0 1.0 0.0
v 0.2600425183773041 -0.6058875918388367 -0.04971018433570862 1.0 1.0 0.0
v 0.27021315693855286 -0.5652050375938416 -0.06623747944831848 1.0 1.0 0.0
v 0.28165513277053833 -0.5232511162757874 -0.07386545836925507 1.0 1.0 0.0
v 0.2918257713317871 -0.48002588748931885 -0.08403610438108444 1.0 1.0 0.0
v 0.27656981348991394 -0.7241213321685791 -0.028097569942474365 1.0 1.0 0.0
v 0.2867404520511627 -0.6821674108505249 -0.04335353150963783 1.0 1.0 0.0
v 0.2969110906124115 -0.6402135491371155 -0.05352417752146721 1.0 1.0 0.0
v 0.3070817291736603 -0.6008023023605347 -0.06369481980800629 1.0 1.0 0.0
v 0.31852370500564575 -0.5563057065010071 -0.07895078510046005 1.0 1.0 0.0
v 0.3363223373889923 -0.6630974411964417 -0.059880826622247696 1.0 1.0 0.0
v 0.3464929759502411 -0.6275002360343933 -0.07386545836925507 1.0 1.0 0.0
v 0.35666361451148987 -0.5830036401748657 -0.08403610438108444 1.0 1.0 0.0
v 0.3782762289047241 -0.6186009049415588 -0.08149344474077225 1.0 1.0 0.0
v 0.36429160833358765 -0.6211435794830322 -0.08403610438108444 1.0 1.0 0.0
v 0.35412096977233887 -0.5728330016136169 -0.09166408330202103 1.0 1.0 0.0
v 0.32869434356689453 -0.6186009049415588 -0.07640811800956726 1.0 1.0 0.0
v 0.31725236773490906 -0.5677477121353149 -0.08530743420124054 1.0 1.0 0.0
v 0.30581042170524597 -0.5194371342658997 -0.09039275348186493 1.0 1.0 0.0
v 0.31089574098587036 -0.7012373805046082 -0.050981514155864716 1.0 1.0 0.0
v 0.3007250726222992 -0.6554694771766663 -0.056066837161779404 1.0 1.0 0.0
v 0.2892831265926361 -0.6071589589118958 -0.06115215644240379 1.0 1.0 0.0
v 0.27911245822906494 -0.5613910555839539 -0.07132279872894287 1.0 1.0 0.0
v 0.26894181966781616 -0.5181658267974854 -0.07895078510046005 1.0 1.0 0.0
v 0.2574998438358307 -0.46731260418891907 -0.08912142366170883 1.0 1.0 0.0
v 0.2473292201757431 -0.41900205612182617 -0.09420674294233322 1.0 1.0 0.0
v 0.2600425183773041 -0.6694540977478027 -0.04462486505508423 1.0 1.0 0.0
v 0.2486005425453186 -0.6186009049415588 -0.05352417752146721 1.0 1.0 0.0
v 0.23715856671333313 -0.5702903270721436 -0.0586094968020916 1.0 1.0 0.0
v 0.22698792815208435 -0.5245224833488464 -0.06623747944831848 1.0 1.0 0.0
v 0.21681728959083557 -0.47748324275016785 -0.07513678818941116 1.0 1.0 0.0
v 0.2053753137588501 -0.42663002014160156 -0.08530743420124054 1.0 1.0 0.0
v 0.22825926542282104 -0.7342919707298279 -0.01665559597313404 1.0 1.0 0.0
v 0.21681728959083557 -0.6847100853919983 -0.03064022958278656 1.0 1.0 0.0
v 0.2066466510295868 -0.6389421820640564 -0.03445422276854515 1.0 1.0 0.0
v 0.19647599756717682 -0.5931742787361145 -0.042082201689481735 1.0 1.0 0.0
v 0.2002899944782257 -0.7622612118721008 -0.003942293580621481 1.0 1.0 0.0
v 0.18884801864624023 -0.7139506936073303 -0.007756284438073635 1.0 1.0 0.0
v 0.17994870245456696 -0.6707254648208618 -0.017926927655935287 1.0 1.0 0.0
v 0.3464929759502411 -0.602073609828949 -0.08403610438108444 1.0 1.0 0.0
v 0.3325083553791046 -0.6567408442497253 -0.06623747944831848 1.0 1.0 0.0
v 0.31979504227638245 -0.5664763450622559 -0.08149344474077225 1.0 1.0 0.0
v 0.30581042170524597 -0.6186009049415588 -0.06750880926847458 1.0 1.0 0.0
v 0.2930971086025238 -0.6681827902793884 -0.04971018433570862 1.0 1.0 0.0
v 0.28038379549980164 -0.717764675617218 -0.04081087186932564 1.0 1.0 0.0
v 0.2981824278831482 -0.5029098391532898 -0.08912142366170883 1.0 1.0 0.0
v 0.27275583148002625 -0.602073609828949 -0.06369481980800629 1.0 1.0 0.0
v 0.2600425183773041 -0.6516554951667786 -0.04843885451555252 1.0 1.0 0.0
v 0.2473292201757431 -0.6974233984947205 -0.03826821222901344 1.0 1.0 0.0
v 0.23461590707302094 -0.7482765913009644 -0.02174091711640358 1.0 1.0 0.0
v 0.26131385564804077 -0.47112658619880676 -0.08657876402139664 1.0 1.0 0.0
v 0.2486005425453186 -0.520708441734314 -0.07640811800956726 1.0 1.0 0.0
v 0.23588724434375763 -0.5677477121353149 -0.0573381669819355 1.0 1.0 0.0
v 0.22317393124103546 -0.6173295974731445 -0.042082201689481735 1.0 1.0 0.0
v 0.2104606330394745 -0.665640115737915 -0.033182889223098755 1.0 1.0 0.0
v 0.1977473348379135 -0.7126793265342712 -0.014112936332821846 1.0 1.0 0.0
v 0.18503402173519135 -0.7597185969352722 -0.0026709632948040962 1.0 1.0 0.0
v 0.17104940116405487 -0.8118430972099304 0.01512766070663929 1.0 1.0 0.0
v 0.22444526851177216 -0.42535868287086487 -0.08657876402139664 1.0 1.0 0.0
v 0.21173197031021118 -0.47112658619880676 -0.07259412854909897 1.0 1.0 0.0
v 0.199018657207489 -0.520708441734314 -0.059880826622247696 1.0 1.0 0.0
v 0.18630535900592804 -0.5702903270721436 -0.04335353150963783 1.0 1.0 0.0
v 0.1977473348379135 -0.4126453995704651 -0.08657876402139664 1.0 1.0 0.0
v -0.19382239878177643 -0.33255159854888916 0.016398990526795387 1.0 1.0 0.0
v -0.16712446510791779 -0.3541642129421234 0.008771009743213654 1.0 1.0 0.0
v -0.2078070342540741 -0.34017956256866455 0.010042339563369751 1.0 1.0 0.0
v 0.16484442353248596 -0.38533490896224976 -0.0749492272734642 1.0 1.0 0.0
v 0.11325376480817795 -0.7391666173934937 0.0177746769040823 1.0 1.0 0.0
v 0.1415972262620926 -0.7877333164215088 0.02091178111732006 1.0 1.0 0.0
v 0.32026955485343933 -0.6848399639129639 -0.050360485911369324 1.0 1.0 0.0
v 0.3389686048030853 -0.6717243790626526 -0.05834197625517845 1.0 1.0 0.0
v -0.11138011515140533 -0.465780109167099 0.017735561355948448 1.0 1.0 0.0
v 0.1804245114326477 -0.7064506411552429 -0.0076917181722819805 1.0 1.0 0.0
v 0.24938206374645233 -0.44764286279678345 -0.08396631479263306 1.0 1.0 0.0
v 0.16914795339107513 -0.6719315648078918 -0.01232235599309206 1.0 1.0 0.0
v 0.13929569721221924 -0.6993331909179688 0.0018583626952022314 1.0 1.0 0.0
v 0.08290530741214752 -0.4998956322669983 -0.027267413213849068 1.0 1.0 0.0
v 0.2720603346824646 -0.5761789083480835 -0.06149561330676079 1.0 1.0 0.0
v 0.1699671745300293 -0.6652790307998657 -0.01402487326413393 1.0 1.0 0.0
v -0.04696683585643768 -0.5300866961479187 0.014611371792852879 1.0 1.0 0.0
v -0.04502689465880394 -0.37678539752960205 -0.02003627084195614 1.0 1.0 0.0
v 0.11398307234048843 -0.481056809425354 -0.03987395390868187 1.0 1.0 0.0
v -0.093512624502182 -0.3488657474517822 -0.013124789111316204 1.0 1.0 0.0
v 0.1481923758983612 -0.44738340377807617 -0.05663019418716431 1.0 1.0 0.0
v 0.1425381600856781 -0.3768092095851898 -0.07080820947885513 1.0 1.0 0.0
v -0.038589317351579666 -0.511907160282135 0.008296944200992584 1.0 1.0 0.0
v 0.3102256953716278 -0.522419273853302 -0.08379372209310532 1.0 1.0 0.0
v 0.18137675523757935 -0.46614575386047363 -0.06143759563565254 1.0 1.0 0.0
v 0.18088848888874054 -0.7683624029159546 0.005963262636214495 1.0 1.0 0.0
v 0.06005251780152321 -0.6743226051330566 0.017743950709700584 1.0 1.0 0.0
v 0.1416323035955429 -0.42632022500038147 -0.05954260379076004 1.0 1.0 0.0
v 0.30850446224212646 -0.5714274644851685 -0.07241930067539215 1.0 1.0 0.0
v 0.181697279214859 -0.4180164039134979 -0.07223720848560333 1.0 1.0 0.0
v 0.08603720366954803 -0.45958593487739563 -0.037087582051754 1.0 1.0 0.0
v 0.032984305173158646 -0.36370670795440674 -0.0440664142370224 1.0 1.0 0.0
v 0.03380082547664642 -0.6295250058174133 0.014879515394568443 1.0 1.0 0.0
v 0.2043355107307434 -0.6586409211158752 -0.0248065497726202 1.0 1.0 0.0
v 0.04773268848657608 -0.4801698923110962 -0.02213619276881218 1.0 1.0 0.0
v 0.013767827302217484 -0.4965638518333435 -0.009292257018387318 1.0 1.0 0.0
v -0.1334984302520752 -0.4247695207595825 0.014595077373087406 1.0 1.0 0.0
v 0.2892831265926361 0.9057241678237915 -0.054795507341623306 0.0 1.0 0.0
v 0.2994537651538849 0.8637702465057373 -0.04081087186932564 0.0 1.0 0.0
v 0.30962440371513367 0.8243589997291565 -0.02555490843951702 0.0 1.0 0.0
v 0.3337796628475189 0.8319869637489319 -0.054795507341623306 0.0 1.0 0.0
v 0.2930971086025238 0.8561422824859619 -0.042082201689481735 0.0 1.0 0.0
v 0.3019964098930359 0.8917394876480103 -0.056066837161779404 0.0 1.0 0.0
v 0.32869434356689453 0.8269016742706299 -0.03445422276854515 0.0 1.0 0.0
v 0.337593674659729 0.8408862948417664 -0.07132279872894287 0.0 1.0 0.0
v 0.2981824278831482 0.8650415539741516 -0.05225284397602081 0.0 1.0 0.0
v 0.2943684458732605 0.8752121925354004 -0.0573381669819355 0.0 1.0 0.0
v 0.5015952587127686 0.44295990467071533 0.06598087400197983 0.0 1.0 0.0
v 0.5524485111236572 0.4162619709968567 0.03674027696251869 0.0 1.0 0.0
v 0.5842317342758179 0.41499063372612 0.01894165202975273 0.0 1.0 0.0
v 0.6160150170326233 0.4060913324356079 -0.0001283026358578354 0.0 1.0 0.0
v 0.624914288520813 0.3666800856590271 0.01894165202975273 0.0 1.0 0.0
v 0.6655969023704529 0.38829270005226135 -0.03064022958278656 0.0 1.0 0.0
v 0.6757675409317017 0.34761014580726624 -0.00648495415225625 0.0 1.0 0.0
v 0.7177214026451111 0.357780784368515 -0.050981514155864716 0.0 1.0 0.0
v 0.49015331268310547 0.44168856739997864 0.07360885292291641 0.0 1.0 0.0
v 0.5664331316947937 0.4188046455383301 0.031654953956604004 0.0 1.0 0.0
v 0.6045730113983154 0.39210668206214905 0.013856330886483192 0.0 1.0 0.0
v 0.6350849866867065 0.39083537459373474 -0.007756284438073635 0.0 1.0 0.0
v 0.6579688787460327 0.3628661036491394 -0.003942293580621481 0.0 1.0 0.0
v 0.7278921008110046 0.33108285069465637 -0.04335353150963783 0.0 1.0 0.0
v 0.7367913722991943 0.3628661036491394 -0.07005146890878677 0.0 1.0 0.0
v 0.6859381794929504 0.3552381098270416 -0.03445422276854515 0.0 1.0 0.0
v 0.6401702761650085 0.3552381098270416 -0.0026709632948040962 0.0 1.0 0.0
v 0.5244792103767395 0.4226186275482178 0.04691091924905777 0.0 1.0 0.0
v 0.6961088180541992 0.3196408748626709 -0.02174091711640358 0.0 1.0 0.0
v 0.6592402458190918 0.3692227602005005 -0.023012248799204826 0.0 1.0 0.0
v 0.5727897882461548 0.38829270005226135 0.030383624136447906 0.0 1.0 0.0
v 0.5003239512443542 0.43024659156799316 0.05581023171544075 0.0 1.0 0.0
v 0.6058443784713745 0.44295990467071533 -0.02174091711640358 0.0 1.0 0.0
v 0.6554262638092041 0.42897528409957886 -0.04971018433570862 0.0 1.0 0.0
v 0.7088221311569214 0.39210668206214905 -0.07386545836925507 0.0 1.0 0.0
v 0.7495046854019165 0.3628661036491394 -0.07895078510046005 0.0 1.0 0.0
v 0.6134723424911499 0.42643260955810547 -0.01665559597313404 0.0 1.0 0.0
v 0.6427129507064819 0.4200759530067444 -0.04081087186932564 0.0 1.0 0.0
v 0.6668682098388672 0.39592069387435913 -0.03953954204916954 0.0 1.0 0.0
v 0.6744961738586426 0.42643260955810547 -0.06623747944831848 0.0 1.0 0.0
v 0.7037367820739746 0.38193604350090027 -0.06369481980800629 0.0 1.0 0.0
v 0.7164500951766968 0.3704940676689148 -0.07513678818941116 0.0 1.0 0.0
v 0.671953558921814 0.4162619709968567 -0.07132279872894287 0.0 1.0 0.0
v 0.6274569630622864 0.4137192964553833 -0.033182889223098755 0.0 1.0 0.0
v 0.5816890597343445 0.42643260955810547 -0.0001283026358578354 0.0 1.0 0.0
v 0.7126361131668091 0.38066473603248596 -0.07640811800956726 0.0 1.0 0.0
v 0.677038848400116 0.43787458539009094 -0.09039275348186493 0.0 1.0 0.0
v 0.6147436499595642 0.4099053144454956 -0.012841605581343174 0.0 1.0 0.0
v 0.3935321867465973 0.5942482352256775 0.044368259608745575 0.0 1.0 0.0
v 0.40370285511016846 0.5548369884490967 0.06725220382213593 0.0 1.0 0.0
v 0.41387349367141724 0.5128830671310425 0.08759348839521408 0.0 1.0 0.0
v 0.37191957235336304 0.7874904274940491 -0.059880826622247696 0.0 1.0 0.0
v 0.3808189034461975 0.751893162727356 -0.03953954204916954 0.0 1.0 0.0
v 0.392260879278183 0.7061252593994141 -0.02174091711640358 0.0 1.0 0.0
v 0.40243151783943176 0.665442705154419 -0.003942293580621481 0.0 1.0 0.0
v 0.41260215640068054 0.6285741329193115 0.01258500013500452 0.0 1.0 0.0
v 0.4227727949619293 0.5878915786743164 0.026569634675979614 0.0 1.0 0.0
v 0.4329434335231781 0.5472089648246765 0.04691091924905777 0.0 1.0 0.0
v 0.4418427646160126 0.5116117596626282 0.06725220382213593 0.0 1.0 0.0
v 0.45074206590652466 0.47220051288604736 0.08759348839521408 0.0 1.0 0.0
v 0.4342147707939148 0.7124819159507751 -0.06242348626255989 0.0 1.0 0.0
v 0.44565674662590027 0.6692566871643066 -0.042082201689481735 0.0 1.0 0.0
v 0.45328471064567566 0.6349307894706726 -0.02174091711640358 0.0 1.0 0.0
v 0.4634553790092468 0.5980622172355652 -0.009027615189552307 0.0 1.0 0.0
v 0.4736260175704956 0.556108295917511 0.007499679457396269 0.0 1.0 0.0
v 0.4837966561317444 0.5166970491409302 0.02402697317302227 0.0 1.0 0.0
v 0.49269595742225647 0.47982847690582275 0.044368259608745575 0.0 1.0 0.0
v 0.49269595742225647 0.6540007591247559 -0.07005146890878677 0.0 1.0 0.0
v 0.5028666257858276 0.614589512348175 -0.056066837161779404 0.0 1.0 0.0
v 0.5130372643470764 0.5764495730400085 -0.03826821222901344 0.0 1.0 0.0
v 0.5219365358352661 0.5383096933364868 -0.015384266152977943 0.0 1.0 0.0
v 0.5321072340011597 0.4976271092891693 -0.003942293580621481 0.0 1.0 0.0
v 0.5422778725624084 0.4556732177734375 0.01512766070663929 0.0 1.0 0.0
v 0.5359212160110474 0.6120468378067017 -0.07386545836925507 0.0 1.0 0.0
v 0.5460918545722961 0.5688216090202332 -0.06115215644240379 0.0 1.0 0.0
v 0.5549911260604858 0.53322434425354 -0.045896194875240326 0.0 1.0 0.0
v 0.5651617646217346 0.4950844645500183 -0.020469587296247482 0.0 1.0 0.0
v 0.5753324627876282 0.4518592059612274 -0.0013996330089867115 0.0 1.0 0.0
v 0.5766037702560425 0.5624649524688721 -0.08022211492061615 0.0 1.0 0.0
v 0.5880457162857056 0.5166970491409302 -0.06115215644240379 0.0 1.0 0.0
v 0.59694504737854 0.47982847690582275 -0.03826821222901344 0.0 1.0 0.0
v 0.6465269327163696 0.4658438563346863 -0.07005146890878677 0.0 1.0 0.0
v 0.37319090962409973 0.8040177226066589 -0.06750880926847458 0.0 1.0 0.0
v 0.3846328854560852 0.7188385725021362 -0.028097569942474365 0.0 1.0 0.0
v 0.3935321867465973 0.7544358372688293 -0.050981514155864716 0.0 1.0 0.0
v 0.3960748612880707 0.6234887838363647 0.030383624136447906 0.0 1.0 0.0
v 0.40370285511016846 0.6552720665931702 0.004957018420100212 0.0 1.0 0.0
v 0.41260215640068054 0.6895979642868042 -0.023012248799204826 0.0 1.0 0.0
v 0.4202301502227783 0.7226525545120239 -0.0573381669819355 0.0 1.0 0.0
v 0.4189588129520416 0.5166970491409302 0.0812368392944336 0.0 1.0 0.0
v 0.4253154695034027 0.5459376573562622 0.04818224906921387 0.0 1.0 0.0
v 0.4342147707939148 0.5789922475814819 0.021484313532710075 0.0 1.0 0.0
v 0.4443854093551636 0.614589512348175 -0.00648495415225625 0.0 1.0 0.0
v 0.45201340317726135 0.6489154100418091 -0.033182889223098755 0.0 1.0 0.0
v 0.45964136719703674 0.6781560182571411 -0.06496614962816238 0.0 1.0 0.0
v 0.4634553790092468 0.47601449489593506 0.06979486346244812 0.0 1.0 0.0
v 0.4723546802997589 0.5090690851211548 0.0341976173222065 0.0 1.0 0.0
v 0.47871133685112 0.5395810008049011 0.003685688367113471 0.0 1.0 0.0
v 0.4888819754123688 0.5777209401130676 -0.017926927655935287 0.0 1.0 0.0
v 0.49778127670288086 0.6120468378067017 -0.045896194875240326 0.0 1.0 0.0
v 0.5066806077957153 0.6451014280319214 -0.07386545836925507 0.0 1.0 0.0
v 0.49905261397361755 0.47220051288604736 0.03801160678267479 0.0 1.0 0.0
v 0.5079519152641296 0.5065264105796814 0.010042339563369751 0.0 1.0 0.0
v 0.5168512463569641 0.5459376573562622 -0.015384266152977943 0.0 1.0 0.0
v 0.5257505774497986 0.5777209401130676 -0.04716752469539642 0.0 1.0 0.0
v 0.533378541469574 0.608232855796814 -0.07767945528030396 0.0 1.0 0.0
v 0.5282931923866272 0.4518592059612274 0.030383624136447906 0.0 1.0 0.0
v 0.5359212160110474 0.48237115144729614 0.004957018420100212 0.0 1.0 0.0
v 0.5448204874992371 0.5166970491409302 -0.024283578619360924 0.0 1.0 0.0
v 0.5537198185920715 0.5497516393661499 -0.0573381669819355 0.0 1.0 0.0
v 0.5753324627876282 0.4531305432319641 -0.0026709632948040962 0.0 1.0 0.0
v 0.5842317342758179 0.48745647072792053 -0.029368899762630463 0.0 1.0 0.0
v 0.591859757900238 0.5192397236824036 -0.06369481980800629 0.0 1.0 0.0
v 0.6223716735839844 0.4620298743247986 -0.04843885451555252 0.0 1.0 0.0
v 0.6299996376037598 0.48999911546707153 -0.07640811800956726 0.0 1.0 0.0
v 0.6516122817993164 0.4556732177734375 -0.06878013908863068 0.0 1.0 0.0
v 0.5702471137046814 0.47855716943740845 -0.023012248799204826 0.0 1.0 0.0
v 0.5562624931335449 0.5395810008049011 -0.0586094968020916 0.0 1.0 0.0
v 0.5448204874992371 0.5917055606842041 -0.07895078510046005 0.0 1.0 0.0
v 0.5359212160110474 0.5014411211013794 -0.017926927655935287 0.0 1.0 0.0
v 0.49778127670288086 0.5395810008049011 -0.011570275761187077 0.0 1.0 0.0
v 0.4736260175704956 0.4569445550441742 0.05962422117590904 0.0 1.0 0.0
v 0.41005948185920715 0.5205110311508179 0.07488018274307251 0.0 1.0 0.0
v 0.6325423121452332 0.47855716943740845 -0.07895078510046005 0.0 1.0 0.0
v 0.6071156859397888 0.5192397236824036 -0.08530743420124054 0.0 1.0 0.0
v 0.590588390827179 0.4544018805027008 -0.03191155940294266 0.0 1.0 0.0
v 0.4837966561317444 0.551023006439209 -0.005213623866438866 0.0 1.0 0.0
v 0.46472668647766113 0.48364248871803284 0.05072490870952606 0.0 1.0 0.0
v 0.4342147707939148 0.47982847690582275 0.07615151256322861 0.0 1.0 0.0
v 0.41387349367141724 0.6921406388282776 -0.03953954204916954 0.0 1.0 0.0
v 0.31852370500564575 0.7836764454841614 -0.011570275761187077 0.0 1.0 0.0
v 0.3299656808376312 0.7417225241661072 0.003685688367113471 0.0 1.0 0.0
v 0.3439503312110901 0.7900331020355225 -0.03572555258870125 0.0 1.0 0.0
v 0.35412096977233887 0.7506218552589417 -0.02174091711640358 0.0 1.0 0.0
v 0.36302027106285095 0.7150245904922485 -0.005213623866438866 0.0 1.0 0.0
v 0.37319090962409973 0.67179936170578 0.010042339563369751 0.0 1.0 0.0
v 0.3833615481853485 0.6311168074607849 0.0329262837767601 0.0 1.0 0.0
v 0.31852370500564575 0.7887617349624634 -0.017926927655935287 0.0 1.0 0.0
v 0.3464929759502411 0.7010399699211121 0.017670322209596634 0.0 1.0 0.0
v 0.35412096977233887 0.7340945601463318 -0.011570275761187077 0.0 1.0 0.0
v 0.36429160833358765 0.7722344398498535 -0.042082201689481735 0.0 1.0 0.0
v 0.36683425307273865 0.6501867771148682 0.030383624136447906 0.0 1.0 0.0
v 0.3757335841655731 0.6857839822769165 0.003685688367113471 0.0 1.0 0.0
v 0.3871755599975586 0.5917055606842041 0.05453890189528465 0.0 1.0 0.0
v 0.8613817691802979 0.22174842655658722 -0.09547807276248932 0.0 1.0 0.0
v 0.7304347157478333 0.29929956793785095 -0.03826821222901344 0.0 1.0 0.0
v 0.7266207337379456 0.3196408748626709 -0.03064022958278656 0.0 1.0 0.0
v 0.758404016494751 0.325997531414032 -0.06115215644240379 0.0 1.0 0.0
v 0.7889159321784973 0.3132842183113098 -0.07513678818941116 0.0 1.0 0.0
v 0.7533186674118042 0.3298115134239197 -0.059880826622247696 0.0 1.0 0.0
v 0.7711173295974731 0.30692756175994873 -0.0573381669819355 0.0 1.0 0.0
v 0.7749313116073608 0.2840436100959778 -0.050981514155864716 0.0 1.0 0.0
v 0.7609466910362244 0.34252482652664185 -0.08530743420124054 0.0 1.0 0.0
v 0.729163408279419 0.3120128810405731 -0.04081087186932564 0.0 1.0 0.0
v 0.815613865852356 0.26243099570274353 -0.06878013908863068 0.0 1.0 0.0
v 0.7762026190757751 0.328540176153183 -0.08912142366170883 0.0 1.0 0.0
v 0.33810994029045105 0.7413452863693237 0.0035474973265081644 0.0 1.0 0.0
v 0.37501710653305054 0.6665412187576294 0.02075289748609066 0.0 1.0 0.0
v 0.7471579313278198 0.34747716784477234 -0.07681232690811157 0.0 1.0 0.0
v 0.5642657279968262 0.4720301330089569 -0.008774417452514172 0.0 1.0 0.0
v 0.4930446743965149 0.5077963471412659 0.025653287768363953 0.0 1.0 0.0
v 0.2753487825393677 0.9263125658035278 -0.06168585270643234 0.0 1.0 0.0
v 0.3847903609275818 0.6378674507141113 0.030830390751361847 0.0 1.0 0.0
v 0.42641791701316833 0.6795092225074768 -0.028247307986021042 0.0 1.0 0.0
v 0.46407800912857056 0.46923524141311646 0.07273213565349579 0.0 1.0 0.0
v 0.5283299088478088 0.5594351291656494 -0.03460127115249634 0.0 1.0 0.0
v 0.5004440546035767 0.542201578617096 -0.001666174503043294 0.0 1.0 0.0
v 0.6109793186187744 0.46146678924560547 -0.03938700258731842 0.0 1.0 0.0
v 0.5321791768074036 0.607789158821106 -0.06778184324502945 0.0 1.0 0.0
v 0.5652924180030823 0.44294360280036926 0.00852387398481369 0.0 1.0 0.0
v 0.4694179594516754 0.4500023126602173 0.0804593414068222 0.0 1.0 0.0
v 0.6333455443382263 0.49227285385131836 -0.07638084143400192 0.0 1.0 0.0
v 0.5581585168838501 0.55076003074646 -0.05294672027230263 0.0 1.0 0.0
v 0.6210483312606812 0.5075618028640747 -0.07611255347728729 0.0 1.0 0.0
v 0.720453143119812 0.3602762818336487 -0.06352252513170242 0.0 1.0 0.0
v 0.5580509305000305 0.5472604632377625 -0.05068143829703331 0.0 1.0 0.0
v 0.5164365768432617 0.5731823444366455 -0.03369426354765892 0.0 1.0 0.0
v 0.4087972640991211 0.7080541253089905 -0.031996771693229675 0.0 1.0 0.0
v 0.5776891708374023 0.44061025977134705 0.00010729648056440055 0.0 1.0 0.0
v 0.46713492274284363 0.6922985911369324 -0.06863021105527878 0.0 1.0 0.0
v 0.6867212653160095 0.32395341992378235 -0.014043756760656834 0.0 1.0 0.0
v 0.4210112690925598 0.577257513999939 0.03974178805947304 0.0 1.0 0.0
v 0.4933858811855316 0.5980305075645447 -0.030818136408925056 0.0 1.0 0.0
v 0.5596038103103638 0.42781439423561096 0.02247571386396885 0.0 1.0 0.0
v 0.320913702249527 0.872043251991272 -0.06416293233633041 0.0 1.0 0.0
v 0.6540434956550598 0.4303666651248932 -0.05430329963564873 0.0 1.0 0.0
v 0.3068944215774536 0.8298993110656738 -0.026753146201372147 0.0 1.0 0.0
v 0.6531675457954407 0.4299342632293701 -0.05333663895726204 0.0 1.0 0.0
v 0.4342341721057892 0.7333688735961914 -0.06801525503396988 0.0 1.0 0.0
v 0.7462064623832703 0.3176004886627197 -0.057447001338005066 0.0 1.0 0.0
v 0.7373504638671875 0.33722034096717834 -0.06261583417654037 0.0 1.0 0.0
v 0.4995364248752594 0.6168454885482788 -0.04743332043290138 0.0 1.0 0.0
v 0.6447882652282715 0.36718764901161194 -0.007585424464195967 0.0 1.0 0.0
v 0.7817744016647339 0.293261855840683 -0.07060625404119492 0.0 1.0 0.0
v 0.49373093247413635 0.6146577000617981 -0.041448626667261124 0.0 1.0 0.0
v 0.6937091946601868 0.34973791241645813 -0.035666435956954956 0.0 1.0 0.0
v 0.659301221370697 0.442926287651062 -0.06631171703338623 0.0 1.0 0.0
v 0.5114845037460327 0.5794081687927246 -0.033629223704338074 0.0 1.0 0.0
v 0.605221688747406 0.5076003670692444 -0.06353594362735748 0.0 1.0 0.0
v 0.5789700746536255 0.41545864939689636 0.014752431772649288 0.0 1.0 0.0
v 0.5937361717224121 0.4340718388557434 -0.008596467785537243 0.0 1.0 0.0
v 0.48071831464767456 0.5703697800636292 -0.0035049791913479567 0.0 1.0 0.0
v 0.40119868516921997 0.6959003210067749 -0.018377380445599556 0.0 1.0 0.0
v 0.39502209424972534 0.7521395087242126 -0.04848678037524223 0.0 1.0 0.0
v 0.4357060194015503 0.6565001010894775 -0.021311596035957336 0.0 1.0 0.0
v 0.32958683371543884 0.8543458580970764 -0.06004585698246956 0.0 1.0 0.0
v 0.34778887033462524 0.7637377977371216 -0.018105043098330498 0.0 1.0 0.0
v 0.5218967795372009 0.5046086311340332 0.004667625762522221 0.0 1.0 0.0
v 0.5558441281318665 0.49269381165504456 -0.014939219690859318 0.0 1.0 0.0
v 0.4061844050884247 0.7505500316619873 -0.05638383701443672 0.0 1.0 0.0
v 0.4147685468196869 0.6342501640319824 0.009215783327817917 0.0 1.0 0.0
v 0.35340651869773865 0.8101451396942139 -0.05148107931017876 0.0 1.0 0.0
v 0.5675696730613708 0.5725261569023132 -0.07399594038724899 0.0 1.0 0.0
v 0.29690054059028625 0.8898002505302429 -0.056103963404893875 0.0 1.0 0.0
v 0.7350741624832153 0.3114665746688843 -0.04476355016231537 0.0 1.0 0.0
v 0.7711005806922913 0.3032127618789673 -0.06830581277608871 0.0 1.0 0.0
v 0.43485674262046814 0.6068697571754456 0.01027538813650608 0.0 1.0 0.0
v 0.482295960187912 0.5736910104751587 -0.0068295919336378574 0.0 1.0 0.0
v 0.37559622526168823 0.7334401607513428 -0.021374259144067764 0.0 1.0 0.0
v 0.37580424547195435 0.7645900845527649 -0.04094068333506584 0.0 1.0 0.0
v 0.5019627213478088 0.4409399926662445 0.06019256263971329 0.0 1.0 0.0
v 0.7031086683273315 0.380561888217926 -0.06234775856137276 0.0 1.0 0.0
v 0.37327656149864197 0.6820942163467407 0.01245192438364029 0.0 1.0 0.0
v 0.3718804121017456 0.724190354347229 -0.012654871679842472 0.0 1.0 0.0
v 0.3961929976940155 0.617316722869873 0.03455149009823799 0.0 1.0 0.0
v 0.44793304800987244 0.5244604349136353 0.051190752536058426 0.0 1.0 0.0
v 0.37753114104270935 0.7938503623008728 -0.06053949519991875 0.0 1.0 0.0
v 0.6330440044403076 0.43982937932014465 -0.043477851897478104 0.0 1.0 0.0
v 0.39657098054885864 0.7726637721061707 -0.0625028982758522 0.0 1.0 0.0
v 0.624101459980011 0.39003998041152954 -0.005348259583115578 0.0 1.0 0.0
v 0.5888139009475708 0.4607123136520386 -0.02126980572938919 0.0 1.0 0.0
v 0.5607368350028992 0.4050455689430237 0.03575458377599716 0.0 1.0 0.0
v 0.41427522897720337 0.4831729829311371 0.1037025898694992 0.0 1.0 0.0
v 0.5555922389030457 0.5144391655921936 -0.02828211896121502 0.0 1.0 0.0
v 0.3912428617477417 0.6298025846481323 0.03071610815823078 0.0 1.0 0.0
v 0.4768974184989929 0.5700018405914307 -0.00023377648903988302 0.0 1.0 0.0
v 0.5795937180519104 0.42069295048713684 0.010995900258421898 0.0 1.0 0.0
v 0.8264784812927246 0.2558818757534027 -0.08291700482368469 0.0 1.0 0.0
v 0.44569429755210876 0.5060840845108032 0.06441837549209595 0.0 1.0 0.0
v 0.34198272228240967 0.8273525834083557 -0.05310305207967758 0.0 1.0 0.0
v 0.6300505995750427 0.4431130588054657 -0.0431397408246994 0.0 1.0 0.0
v 0.40639442205429077 0.6635531187057495 -0.0023675302509218454 0.0 1.0 0.0
v 0.43443354964256287 0.6862525939941406 -0.03882896900177002 0.0 1.0 0.0
v 0.4442406892776489 0.660671591758728 -0.030704695731401443 0.0 1.0 0.0
v 0.5940982103347778 0.43557009100914 -0.009817848913371563 0.0 1.0 0.0
v 0.5036613345146179 0.504091739654541 0.019507963210344315 0.0 1.0 0.0
v 0.33358803391456604 0.8388173580169678 -0.05356000363826752 0.0 1.0 0.0
v 0.595923662185669 0.47930583357810974 -0.03851074352860451 0.0 1.0 0.0
v 0.5087375044822693 0.5889378786087036 -0.03737744316458702 0.0 1.0 0.0
v 0.356687068939209 0.7847573161125183 -0.03828085586428642 0.0 1.0 0.0
v 0.5125674605369568 0.4983214735984802 0.016011105850338936 0.0 1.0 0.0
v 0.4179163873195648 0.6170006990432739 0.01745290495455265 0.0 1.0 0.0
v 0.40553832054138184 0.6402488350868225 0.012828475795686245 0.0 1.0 0.0
v 0.4886977970600128 0.5133115649223328 0.025679102167487144 0.0 1.0 0.0
v 0.3065301477909088 0.8383600115776062 -0.03173263370990753 0.0 1.0 0.0
v 0.38199296593666077 0.7308609485626221 -0.024860696867108345 0.0 1.0 0.0
v 0.419638454914093 0.702036440372467 -0.03688018023967743 0.0 1.0 0.0
v 0.4046200215816498 0.7188645601272583 -0.035403959453105927 0.0 1.0 0.0
v 0.38211825489997864 0.6505848169326782 0.025037210434675217 0.0 1.0 0.0
v 0.3869331181049347 0.7884332537651062 -0.06465113162994385 0.0 1.0 0.0
v 0.5057425498962402 0.5201148986816406 0.007871418260037899 0.0 1.0 0.0
v 0.3669172525405884 0.6646234393119812 0.02839614264667034 0.0 1.0 0.0
v 0.433420866727829 0.6274277567863464 -0.0013853695709258318 0.0 1.0 0.0
v 0.4897322654724121 0.6605271697044373 -0.06683346629142761 0.0 1.0 0.0
v 0.3842944800853729 0.5924909114837646 0.05948667600750923 0.0 1.0 0.0
v 0.4325989782810211 0.5279630422592163 0.06121771037578583 0.0 1.0 0.0
v -0.7099825143814087 -0.10244079679250717 -0.0013996330089867115 0.0 1.0 1.0
v -0.8383868932723999 -0.06175822764635086 -0.0573381669819355 0.0 1.0 1.0
v -0.7888050079345703 -0.12786740064620972 -0.06878013908863068 0.0 1.0 1.0
v -0.740494430065155 -0.1799919456243515 -0.06496614962816238 0.0 1.0 1.0
v -0.5942914485931396 -0.3554355204105377 -0.059880826622247696 0.0 1.0 1.0
v -0.884154736995697 -0.008362354710698128 -0.06496614962816238 0.0 1.0 1.0
v -0.7303237915039062 -0.1850772649049759 -0.06496614962816238 0.0 1.0 1.0
v -0.6400593519210815 -0.30203965306282043 -0.06369481980800629 0.0 1.0 1.0
v -0.5828495025634766 -0.3656061589717865 -0.06369481980800629 0.0 1.0 1.0
v -0.6438733339309692 -0.29314035177230835 -0.06115215644240379 0.0 1.0 1.0
v -0.6959978938102722 -0.2257598340511322 -0.056066837161779404 0.0 1.0 1.0
v -0.7430371046066284 -0.17109262943267822 -0.06115215644240379 0.0 1.0 1.0
v -0.8091462850570679 -0.10498345643281937 -0.0586094968020916 0.0 1.0 1.0
v -0.8167742490768433 -0.07192887365818024 -0.04081087186932564 0.0 1.0 1.0
v -0.3857932686805725 -0.631314218044281 -0.06878013908863068 0.0 1.0 1.0
v -0.5141976475715637 -0.463498592376709 -0.06369481980800629 0.0 1.0 1.0
v -0.6120900511741638 -0.33000892400741577 -0.0573381669819355 0.0 1.0 1.0
v -0.6426020264625549 -0.30203965306282043 -0.0586094968020916 0.0 1.0 1.0
v -0.6858272552490234 -0.25372910499572754 -0.06496614962816238 0.0 1.0 1.0
v -0.7201531529426575 -0.18634860217571259 -0.054795507341623306 0.0 1.0 1.0
v -0.7506650686264038 -0.16346465051174164 -0.06242348626255989 0.0 1.0 1.0
v -0.7824483513832092 -0.14185203611850739 -0.06369481980800629 0.0 1.0 1.0
v -0.8142315745353699 -0.07955685257911682 -0.04462486505508423 0.0 1.0 1.0
v -0.8828834295272827 -0.018532996997237206 -0.06115215644240379 0.0 1.0 1.0
v -0.8040609359741211 -0.06430088728666306 -0.03826821222901344 0.0 1.0 1.0
v -0.6934552192687988 -0.16473598778247833 -0.02174091711640358 0.0 1.0 1.0
v -0.6426020264625549 -0.16346465051174164 0.01894165202975273 0.0 1.0 1.0
v -0.6273460388183594 -0.2283024936914444 -0.009027615189552307 0.0 1.0 1.0
v -0.5993767976760864 -0.20668987929821014 0.01894165202975273 0.0 1.0 1.0
v -0.5841208100318909 -0.267713725566864 -0.0013996330089867115 0.0 1.0 1.0
v -0.5637795329093933 -0.2206745147705078 0.040554266422986984 0.0 1.0 1.0
v -0.5472522377967834 -0.2842410206794739 0.010042339563369751 0.0 1.0 1.0
v -0.533267617225647 -0.34272223711013794 -0.007756284438073635 0.0 1.0 1.0
v -0.49385637044906616 -0.3261949419975281 0.022755643352866173 0.0 1.0 1.0
v -0.4786003828048706 -0.38721877336502075 -0.0013996330089867115 0.0 1.0 1.0
v -0.45444512367248535 -0.29186901450157166 0.08505082875490189 0.0 1.0 1.0
v -0.4379178285598755 -0.3592495322227478 0.053267572075128555 0.0 1.0 1.0
v -0.4213905334472656 -0.4215447008609772 0.026569634675979614 0.0 1.0 1.0
v -0.40740591287612915 -0.48256856203079224 -0.0001283026358578354 0.0 1.0 1.0
v -0.7481223940849304 -0.12532474100589752 -0.03445422276854515 0.0 1.0 1.0
v -0.6858272552490234 -0.1850772649049759 -0.03064022958278656 0.0 1.0 1.0
v -0.654043972492218 -0.23847314715385437 -0.033182889223098755 0.0 1.0 1.0
v -0.6324313879013062 -0.15202267467975616 0.035468947142362595 0.0 1.0 1.0
v -0.619718074798584 -0.2206745147705078 -0.003942293580621481 0.0 1.0 1.0
v -0.6044620871543884 -0.2715277373790741 -0.014112936332821846 0.0 1.0 1.0
v -0.5828495025634766 -0.18634860217571259 0.04691091924905777 0.0 1.0 1.0
v -0.562508225440979 -0.28551235795021057 -0.003942293580621481 0.0 1.0 1.0
v -0.5408955812454224 -0.20160456001758575 0.06852353364229202 0.0 1.0 1.0
v -0.5205543041229248 -0.29441168904304504 0.02402697317302227 0.0 1.0 1.0
v -0.5027556419372559 -0.33763691782951355 0.01258500013500452 0.0 1.0 1.0
v -0.4824143946170807 -0.25881442427635193 0.07488018274307251 0.0 1.0 1.0
v -0.4874997138977051 -0.4050174057483673 -0.020469587296247482 0.0 1.0 1.0
v -0.4671584367752075 -0.3249236047267914 0.03928293660283089 0.0 1.0 1.0
v -0.4442744851112366 -0.4101027250289917 0.013856330886483192 0.0 1.0 1.0
v -0.41630521416664124 -0.4952818751335144 -0.015384266152977943 0.0 1.0 1.0
v -0.4341038465499878 -0.4584132730960846 -0.0013996330089867115 0.0 1.0 1.0
v -0.4417318105697632 -0.4215447008609772 0.011313670314848423 0.0 1.0 1.0
v -0.45063114166259766 -0.38340479135513306 0.02784096449613571 0.0 1.0 1.0
v -0.45953044295310974 -0.34399354457855225 0.04691091924905777 0.0 1.0 1.0
v -0.4684297442436218 -0.30585363507270813 0.06598087400197983 0.0 1.0 1.0
v -0.4760577380657196 -0.2689850628376007 0.0799655094742775 0.0 1.0 1.0
v -0.4862283766269684 -0.2283024936914444 0.09522146731615067 0.0 1.0 1.0
v -0.481143057346344 -0.41900205612182617 -0.011570275761187077 0.0 1.0 1.0
v -0.4900423586368561 -0.377048134803772 0.0011430276790633798 0.0 1.0 1.0
v -0.49767035245895386 -0.34399354457855225 0.017670322209596634 0.0 1.0 1.0
v -0.5052983164787292 -0.3083963096141815 0.035468947142362595 0.0 1.0 1.0
v -0.515468955039978 -0.2664424180984497 0.04691091924905777 0.0 1.0 1.0
v -0.5218256115913391 -0.23465915024280548 0.06725220382213593 0.0 1.0 1.0
v -0.5243682861328125 -0.38086214661598206 -0.019198257476091385 0.0 1.0 1.0
v -0.533267617225647 -0.34399354457855225 -0.0026709632948040962 0.0 1.0 1.0
v -0.5408955812454224 -0.30585363507270813 0.008771009743213654 0.0 1.0 1.0
v -0.5497949123382568 -0.2689850628376007 0.02402697317302227 0.0 1.0 1.0
v -0.5574228763580322 -0.2321164906024933 0.04563958942890167 0.0 1.0 1.0
v -0.567593514919281 -0.19270524382591248 0.06089555099606514 0.0 1.0 1.0
v -0.5930201411247253 -0.29695433378219604 -0.02174091711640358 0.0 1.0 1.0
v -0.6006481051445007 -0.2613570988178253 -0.0026709632948040962 0.0 1.0 1.0
v -0.6095474362373352 -0.2219458520412445 0.010042339563369751 0.0 1.0 1.0
v -0.6184467077255249 -0.1825346052646637 0.031654953956604004 0.0 1.0 1.0
v -0.6604006290435791 -0.21813185513019562 -0.03064022958278656 0.0 1.0 1.0
v -0.6680285930633545 -0.1812632828950882 -0.007756284438073635 0.0 1.0 1.0
v -0.676927924156189 -0.14693735539913177 0.008771009743213654 0.0 1.0 1.0
v -0.711253821849823 -0.15329401195049286 -0.02555490843951702 0.0 1.0 1.0
v -0.7214244604110718 -0.11261144280433655 -0.0026709632948040962 0.0 1.0 1.0
v -0.7595643997192383 -0.09989813715219498 -0.02174091711640358 0.0 1.0 1.0
v -0.397235244512558 -0.49019655585289 0.006228348705917597 0.0 1.0 1.0
v -0.4277471899986267 -0.4037460684776306 0.0341976173222065 0.0 1.0 1.0
v -0.4353751540184021 -0.43680065870285034 0.010042339563369751 0.0 1.0 1.0
v -0.44554582238197327 -0.46985524892807007 -0.019198257476091385 0.0 1.0 1.0
v -0.4430031478404999 -0.3261949419975281 0.06852353364229202 0.0 1.0 1.0
v -0.45190244913101196 -0.3617921769618988 0.04818224906921387 0.0 1.0 1.0
v -0.45953044295310974 -0.39103278517723083 0.01894165202975273 0.0 1.0 1.0
v -0.4697010815143585 -0.42663002014160156 -0.009027615189552307 0.0 1.0 1.0
v -0.46207308769226074 -0.267713725566864 0.09140747785568237 0.0 1.0 1.0
v -0.4709724187850952 -0.30203965306282043 0.06598087400197983 0.0 1.0 1.0
v -0.4798717200756073 -0.33636558055877686 0.04309692978858948 0.0 1.0 1.0
v -0.4874997138977051 -0.3656061589717865 0.013856330886483192 0.0 1.0 1.0
v -0.49639901518821716 -0.3999320864677429 -0.011570275761187077 0.0 1.0 1.0
v -0.49894168972969055 -0.23974446952342987 0.08632215857505798 0.0 1.0 1.0
v -0.5078409910202026 -0.2727990746498108 0.053267572075128555 0.0 1.0 1.0
v -0.515468955039978 -0.30331099033355713 0.030383624136447906 0.0 1.0 1.0
v -0.5256395936012268 -0.34017956256866455 0.003685688367113471 0.0 1.0 1.0
v -0.5345389246940613 -0.37577682733535767 -0.02174091711640358 0.0 1.0 1.0
v -0.5447095632553101 -0.2257598340511322 0.05581023171544075 0.0 1.0 1.0
v -0.5536088943481445 -0.25881442427635193 0.02784096449613571 0.0 1.0 1.0
v -0.562508225440979 -0.28932633996009827 0.007499679457396269 0.0 1.0 1.0
v -0.5714074969291687 -0.322380930185318 -0.023012248799204826 0.0 1.0 1.0
v -0.5764928460121155 -0.19524790346622467 0.05199623852968216 0.0 1.0 1.0
v -0.5841208100318909 -0.2283024936914444 0.02402697317302227 0.0 1.0 1.0
v -0.5930201411247253 -0.2613570988178253 -0.005213623866438866 0.0 1.0 1.0
v -0.6070047616958618 -0.16727864742279053 0.04818224906921387 0.0 1.0 1.0
v -0.6159040927886963 -0.20033323764801025 0.01894165202975273 0.0 1.0 1.0
v -0.6235320568084717 -0.2308451533317566 -0.003942293580621481 0.0 1.0 1.0
v -0.6324313879013062 -0.265171080827713 -0.029368899762630463 0.0 1.0 1.0
v -0.6591293215751648 -0.15329401195049286 0.017670322209596634 0.0 1.0 1.0
v -0.6680285930633545 -0.18634860217571259 -0.010298945009708405 0.0 1.0 1.0
v -0.7048971652984619 -0.12405341118574142 0.006228348705917597 0.0 1.0 1.0
v -0.711253821849823 -0.15075135231018066 -0.024283578619360924 0.0 1.0 1.0
v -0.7328664660453796 -0.09735547751188278 -0.0013996330089867115 0.0 1.0 1.0
v -0.7417657971382141 -0.1316813975572586 -0.03064022958278656 0.0 1.0 1.0
v -0.7735490202903748 -0.10625478625297546 -0.03572555258870125 0.0 1.0 1.0
v -0.7544790506362915 -0.12405341118574142 -0.042082201689481735 0.0 1.0 1.0
v -0.676927924156189 -0.2321164906024933 -0.05225284397602081 0.0 1.0 1.0
v -0.6095474362373352 -0.29441168904304504 -0.03953954204916954 0.0 1.0 1.0
v -0.567593514919281 -0.33509424328804016 -0.033182889223098755 0.0 1.0 1.0
v -0.5536088943481445 -0.39230412244796753 -0.0586094968020916 0.0 1.0 1.0
v -0.5167403221130371 -0.4088314175605774 -0.042082201689481735 0.0 1.0 1.0
v -0.5014843344688416 -0.46985524892807007 -0.06496614962816238 0.0 1.0 1.0
v -0.46334442496299744 -0.4495139718055725 -0.03191155940294266 0.0 1.0 1.0
v -0.4468171298503876 -0.5143518447875977 -0.0586094968020916 0.0 1.0 1.0
v -0.3921499252319336 -0.5397784113883972 -0.02174091711640358 0.0 1.0 1.0
v -0.3768939673900604 -0.6046162843704224 -0.04843885451555252 0.0 1.0 1.0
v -0.7786343693733215 -0.10879744589328766 -0.04335353150963783 0.0 1.0 1.0
v -0.5421668887138367 -0.38086214661598206 -0.03953954204916954 0.0 1.0 1.0
v -0.5243682861328125 -0.42663002014160156 -0.0573381669819355 0.0 1.0 1.0
v -0.46461576223373413 -0.4914678633213043 -0.0586094968020916 0.0 1.0 1.0
v -0.40740591287612915 -0.5690190196037292 -0.054795507341623306 0.0 1.0 1.0
v -0.3781653046607971 -0.5969882607460022 -0.050981514155864716 0.0 1.0 1.0
v -0.39977791905403137 -0.6097015738487244 -0.06750880926847458 0.0 1.0 1.0
v -0.40867722034454346 -0.5728330016136169 -0.054795507341623306 0.0 1.0 1.0
v -0.41630521416664124 -0.5359644293785095 -0.036996882408857346 0.0 1.0 1.0
v -0.4252045154571533 -0.4965531826019287 -0.023012248799204826 0.0 1.0 1.0
v -0.45571646094322205 -0.5283364653587341 -0.06496614962816238 0.0 1.0 1.0
v -0.46461576223373413 -0.492739200592041 -0.04843885451555252 0.0 1.0 1.0
v -0.4722437560558319 -0.4571419656276703 -0.03064022958278656 0.0 1.0 1.0
v -0.5078409910202026 -0.4533279538154602 -0.0573381669819355 0.0 1.0 1.0
v -0.5167403221130371 -0.41900205612182617 -0.04081087186932564 0.0 1.0 1.0
v -0.5752214789390564 -0.37577682733535767 -0.05225284397602081 0.0 1.0 1.0
v -0.5841208100318909 -0.33509424328804016 -0.03572555258870125 0.0 1.0 1.0
v -0.6515012979507446 -0.2562717795372009 -0.03953954204916954 0.0 1.0 1.0
v -0.7036258578300476 -0.19016258418560028 -0.04335353150963783 0.0 1.0 1.0
v -0.7519364356994629 -0.1342240571975708 -0.045896194875240326 0.0 1.0 1.0
v -0.3781653046607971 -0.602073609828949 -0.042082201689481735 0.0 1.0 1.0
v -0.40613457560539246 -0.5232511162757874 -0.01665559597313404 0.0 1.0 1.0
v -0.41376253962516785 -0.5537630319595337 -0.04971018433570862 0.0 1.0 1.0
v -0.45444512367248535 -0.5041812062263489 -0.04971018433570862 0.0 1.0 1.0
v -0.4786003828048706 -0.4596846103668213 -0.036996882408857346 0.0 1.0 1.0
v -0.4862283766269684 -0.49019655585289 -0.06115215644240379 0.0 1.0 1.0
v -0.5065696835517883 -0.43425801396369934 -0.03826821222901344 0.0 1.0 1.0
v -0.5434382557868958 -0.4050174057483673 -0.04843885451555252 0.0 1.0 1.0
v -0.5815781354904175 -0.3605208396911621 -0.04971018433570862 0.0 1.0 1.0
v -0.6031907796859741 -0.29695433378219604 -0.03064022958278656 0.0 1.0 1.0
v -0.6781992316246033 -0.22321717441082 -0.03953954204916954 0.0 1.0 1.0
v -0.36036667227745056 -0.6681827902793884 -0.07005146890878677 0.0 1.0 1.0
v -0.3438393771648407 -0.6262288689613342 -0.04081087186932564 0.0 1.0 1.0
v -0.32095542550086975 -0.7101367115974426 -0.07005146890878677 0.0 1.0 1.0
v -0.3387540578842163 -0.683438777923584 -0.06115215644240379 0.0 1.0 1.0
v -0.3476533591747284 -0.6440275311470032 -0.04971018433570862 0.0 1.0 1.0
v -0.3336687386035919 -0.688524067401886 -0.06369481980800629 0.0 1.0 1.0
v -0.3463820517063141 -0.6198722124099731 -0.03953954204916954 0.0 1.0 1.0
v -0.35655269026756287 -0.6554694771766663 -0.0586094968020916 0.0 1.0 1.0
v -0.35655269026756287 -0.6033449172973633 -0.033182889223098755 0.0 1.0 1.0
v -0.36545199155807495 -0.5639337301254272 -0.01665559597313404 0.0 1.0 1.0
v -0.3743513226509094 -0.5245224833488464 -0.005213623866438866 0.0 1.0 1.0
v -0.5757023692131042 -0.20613275468349457 0.04355999454855919 0.0 1.0 1.0
v -0.7144953608512878 -0.20616891980171204 -0.05949312075972557 0.0 1.0 1.0
v -0.43403562903404236 -0.5459585785865784 -0.058739710599184036 0.0 1.0 1.0
v -0.6145383715629578 -0.2673455774784088 -0.022639842703938484 0.0 1.0 1.0
v -0.5286769270896912 -0.2043866664171219 0.07953464984893799 0.0 1.0 1.0
v -0.6257691383361816 -0.3138744533061981 -0.05938277393579483 0.0 1.0 1.0
v -0.58851557970047 -0.37627100944519043 -0.06982127577066422 0.0 1.0 1.0
v -0.5001653432846069 -0.24404169619083405 0.0764903873205185 0.0 1.0 1.0
v -0.7951902151107788 -0.06363669782876968 -0.03237975388765335 0.0 1.0 1.0
v -0.6187979578971863 -0.17912007868289948 0.02805984392762184 0.0 1.0 1.0
v -0.5321985483169556 -0.20705734193325043 0.07528997957706451 0.0 1.0 1.0
v -0.3169790208339691 -0.715509831905365 -0.07535554468631744 0.0 1.0 1.0
v -0.549392580986023 -0.3172565698623657 -0.004750510212033987 0.0 1.0 1.0
v -0.47484728693962097 -0.281500905752182 0.07241601496934891 0.0 1.0 1.0
v -0.32215166091918945 -0.7343648672103882 -0.09070641547441483 0.0 1.0 1.0
v -0.6507028937339783 -0.29725581407546997 -0.06774630397558212 0.0 1.0 1.0
v -0.34605860710144043 -0.6588339805603027 -0.062341731041669846 0.0 1.0 1.0
v -0.5653356909751892 -0.40364888310432434 -0.06932821869850159 0.0 1.0 1.0
v -0.5190768837928772 -0.3673872947692871 -0.01285090297460556 0.0 1.0 1.0
v -0.44493526220321655 -0.5280023813247681 -0.05586857721209526 0.0 1.0 1.0
v -0.6104317903518677 -0.1591411530971527 0.046467505395412445 0.0 1.0 1.0
v -0.5267872214317322 -0.36476412415504456 -0.016973134130239487 0.0 1.0 1.0
v -0.4625336229801178 -0.4120542109012604 0.001853986643254757 0.0 1.0 1.0
v -0.5369536876678467 -0.359016090631485 -0.02101091481745243 0.0 1.0 1.0
v -0.5225746035575867 -0.4176774322986603 -0.0461495965719223 0.0 1.0 1.0
v -0.5329950451850891 -0.2876867651939392 0.02547437883913517 0.0 1.0 1.0
v -0.4672834873199463 -0.4564465582370758 -0.028773585334420204 0.0 1.0 1.0
v -0.5816143155097961 -0.3347597122192383 -0.039355553686618805 0.0 1.0 1.0
v -0.6123017072677612 -0.18998588621616364 0.026248658075928688 0.0 1.0 1.0
v -0.5253076553344727 -0.34204167127609253 -0.0020027162972837687 0.0 1.0 1.0
v -0.5041636824607849 -0.3198842704296112 0.02722032181918621 0.0 1.0 1.0
v -0.7577868103981018 -0.08197613805532455 -0.015810109674930573 0.0 1.0 1.0
v -0.3528050482273102 -0.5987904071807861 -0.03069319948554039 0.0 1.0 1.0
v -0.6747662425041199 -0.19971871376037598 -0.026062889024615288 0.0 1.0 1.0
v -0.7185482978820801 -0.14278633892536163 -0.023806635290384293 0.0 1.0 1.0
v -0.3759188652038574 -0.5865749716758728 -0.0403938889503479 0.0 1.0 1.0
v -0.5827543139457703 -0.3250201344490051 -0.034255776554346085 0.0 1.0 1.0
v -0.47908851504325867 -0.3348507583141327 0.036697451025247574 0.0 1.0 1.0
v -0.3806855082511902 -0.5556798577308655 -0.02507084235548973 0.0 1.0 1.0
v -0.34487882256507874 -0.6322541832923889 -0.04523894190788269 0.0 1.0 1.0
v -0.5359691381454468 -0.3680223822593689 -0.025778355076909065 0.0 1.0 1.0
v -0.4122410714626312 -0.5770472884178162 -0.06154049187898636 0.0 1.0 1.0
v -0.514610767364502 -0.35106948018074036 0.00042649562237784266 0.0 1.0 1.0
v -0.6089450120925903 -0.15962278842926025 0.04727714881300926 0.0 1.0 1.0
v -0.8107819557189941 -0.096405528485775 -0.06395943462848663 0.0 1.0 1.0
v -0.4516540765762329 -0.39914461970329285 0.017811572179198265 0.0 1.0 1.0
v -0.4387340843677521 -0.3288884460926056 0.07029399275779724 0.0 1.0 1.0
v -0.5703811049461365 -0.3612182140350342 -0.04716964811086655 0.0 1.0 1.0
v -0.47567492723464966 -0.2868303060531616 0.06854802370071411 0.0 1.0 1.0
v -0.6627258658409119 -0.29892250895500183 -0.07768892496824265 0.0 1.0 1.0
v -0.760921835899353 -0.09950819611549377 -0.028840655460953712 0.0 1.0 1.0
v -0.4494417905807495 -0.3520386517047882 0.04821207746863365 0.0 1.0 1.0
v -0.43133845925331116 -0.3538839519023895 0.06052425503730774 0.0 1.0 1.0
v -0.7378486394882202 -0.12031802535057068 -0.024417011067271233 0.0 1.0 1.0
v -0.5989557504653931 -0.2542720437049866 -0.0030908980406820774 0.0 1.0 1.0
v -0.4711112976074219 -0.5356860756874084 -0.0799909234046936 0.0 1.0 1.0
v -0.5327516794204712 -0.30049240589141846 0.01783716306090355 0.0 1.0 1.0
v -0.5831263661384583 -0.20109832286834717 0.0411224290728569 0.0 1.0 1.0
v -0.6214827299118042 -0.26206645369529724 -0.024571985006332397 0.0 1.0 1.0
v -0.8268319964408875 -0.05976596474647522 -0.053505491465330124 0.0 1.0 1.0
v -0.7095168232917786 -0.22834090888500214 -0.06933338195085526 0.0 1.0 1.0
v -0.4700920283794403 -0.39980822801589966 0.0037192797753959894 0.0 1.0 1.0
v -0.5487352609634399 -0.3632909953594208 -0.03236660733819008 0.0 1.0 1.0
v -0.371401309967041 -0.5926756262779236 -0.04076478257775307 0.0 1.0 1.0
v -0.5744158029556274 -0.2664563059806824 0.007687482517212629 0.0 1.0 1.0
v -0.6064839363098145 -0.35713961720466614 -0.07148011028766632 0.0 1.0 1.0
v -0.8048385977745056 -0.10953905433416367 -0.06756550073623657 0.0 1.0 1.0
v -0.5280748605728149 -0.45890194177627563 -0.0754002034664154 0.0 1.0 1.0
v -0.765267014503479 -0.15756559371948242 -0.06751036643981934 0.0 1.0 1.0
v -0.37444689869880676 -0.6212039589881897 -0.06044220179319382 0.0 1.0 1.0
v -0.49968886375427246 -0.496255099773407 -0.07713241875171661 0.0 1.0 1.0
v -0.6113711595535278 -0.2306530922651291 0.0021120975725352764 0.0 1.0 1.0
v -0.32381168007850647 -0.708797812461853 -0.0763300284743309 0.0 1.0 1.0
v -0.48257938027381897 -0.5281183123588562 -0.08388397842645645 0.0 1.0 1.0
v -0.6177190542221069 -0.20481336116790771 0.013174990192055702 0.0 1.0 1.0
v -0.4200601577758789 -0.4428965449333191 0.014554278925061226 0.0 1.0 1.0
v -0.45558270812034607 -0.37778300046920776 0.027936482802033424 0.0 1.0 1.0
v -0.4420272707939148 -0.4202439486980438 0.012076731771230698 0.0 1.0 1.0
v -0.46229490637779236 -0.37206774950027466 0.02644295059144497 0.0 1.0 1.0
v -0.43754902482032776 -0.4344048500061035 0.006755862385034561 0.0 1.0 1.0
v -0.6199537515640259 -0.32161736488342285 -0.05979284644126892 0.0 1.0 1.0
v -0.4589981436729431 -0.3814049959182739 0.023189853876829147 0.0 1.0 1.0
v -0.5193925499916077 -0.44672468304634094 -0.06152082234621048 0.0 1.0 1.0
v -0.8362100124359131 -0.03934243321418762 -0.04799852892756462 0.0 1.0 1.0
v -0.6534390449523926 -0.14610642194747925 0.022499406710267067 0.0 1.0 1.0
v -0.6667372584342957 -0.2742711305618286 -0.06561702489852905 0.0 1.0 1.0
v -0.48394110798835754 -0.25712838768959045 0.08054479956626892 0.0 1.0 1.0
v -0.5925806164741516 -0.1817675530910492 0.04590562731027603 0.0 1.0 1.0
v -0.6602048873901367 -0.30172210931777954 -0.07752663642168045 0.0 1.0 1.0
v -0.4107191562652588 -0.5978721976280212 -0.07312434911727905 0.0 1.0 1.0
v -0.5885368585586548 -0.3419663608074188 -0.04889407381415367 0.0 1.0 1.0
v -0.44986671209335327 -0.39484480023384094 0.021763430908322334 0.0 1.0 1.0
v -0.3162255585193634 -0.7342358827590942 -0.08622852712869644 0.0 1.0 1.0
v -0.52431720495224 -0.3151971995830536 0.01512108277529478 0.0 1.0 1.0
v -0.7234399318695068 -0.20226606726646423 -0.06375030428171158 0.0 1.0 1.0
v -0.5281177163124084 -0.22726361453533173 0.0659833699464798 0.0 1.0 1.0
v -0.44657063484191895 -0.45747536420822144 -0.014025777578353882 0.0 1.0 1.0
v -0.6128072142601013 -0.2898866534233093 -0.03511607274413109 0.0 1.0 1.0
v -0.5406655073165894 -0.39227744936943054 -0.04407240077853203 0.0 1.0 1.0
v -0.6683782339096069 -0.20660991966724396 -0.02552792802453041 0.0 1.0 1.0
v -0.49487051367759705 -0.31021806597709656 0.04002019762992859 0.0 1.0 1.0
v -0.5004267692565918 -0.4508754014968872 -0.049975842237472534 0.0 1.0 1.0
v -0.4679256081581116 -0.49656394124031067 -0.053741972893476486 0.0 1.0 1.0
v -0.7177599668502808 -0.14251267910003662 -0.02305435575544834 0.0 1.0 1.0
v -0.6930117011070251 -0.1780317723751068 -0.026367276906967163 0.0 1.0 1.0
v -0.4031313359737396 -0.46085867285728455 0.016155242919921875 0.0 1.0 1.0
v -0.5021529793739319 -0.3868333101272583 -0.01215949933975935 0.0 1.0 1.0
v -0.6738815903663635 -0.17964346706867218 -0.013150239363312721 0.0 1.0 1.0
v -0.583081066608429 -0.33394065499305725 -0.03994433581829071 0.0 1.0 1.0
v -0.4644531011581421 -0.41620275378227234 -0.0021036204416304827 0.0 1.0 1.0
v -0.47188183665275574 -0.49874448776245117 -0.058010026812553406 0.0 1.0 1.0
v -0.4338513910770416 -0.45220014452934265 -0.0013633080525323749 0.0 1.0 1.0
v -0.6313624382019043 -0.23649971187114716 -0.016297530382871628 0.0 1.0 1.0
v -0.6401686072349548 -0.23364701867103577 -0.021093077957630157 0.0 1.0 1.0
v -0.3759585916996002 -0.5686178803443909 -0.029460547491908073 0.0 1.0 1.0
v -0.2497609406709671 -0.43425801396369934 0.0024143580812960863 0.0 0.0 1.0
v -0.2523036003112793 -0.47112658619880676 -0.012841605581343174 0.0 0.0 1.0
v 0.5397351980209351 0.4073626697063446 0.044368259608745575 0.0 0.0 1.0
v -0.32858341932296753 -0.6478415131568909 -0.04716752469539642 0.0 0.0 1.0
v -0.31205612421035767 -0.7152220010757446 -0.08403610438108444 0.0 0.0 1.0
v -0.30824214220046997 -0.5957169532775879 -0.04335353150963783 0.0 0.0 1.0
v -0.2942574918270111 -0.6516554951667786 -0.0586094968020916 0.0 0.0 1.0
v -0.27773019671440125 -0.5397784113883972 -0.029368899762630463 0.0 0.0 1.0
v -0.3044281303882599 -0.6503841876983643 -0.05225284397602081 0.0 0.0 1.0
v -0.2929861843585968 -0.5995309352874756 -0.03953954204916954 0.0 0.0 1.0
v -0.27900153398513794 -0.5474064350128174 -0.026826240122318268 0.0 0.0 1.0
v -0.26501691341400146 -0.4914678633213043 -0.01665559597313404 0.0 0.0 1.0
v -0.2929861843585968 -0.72284996509552 -0.08022211492061615 0.0 0.0 1.0
v -0.27900153398513794 -0.665640115737915 -0.059880826622247696 0.0 0.0 1.0
v -0.26883089542388916 -0.5537630319595337 -0.036996882408857346 0.0 0.0 1.0
v -0.27773019671440125 -0.515623152256012 -0.026826240122318268 0.0 0.0 1.0
v -0.285358190536499 -0.6135155558586121 -0.05225284397602081 0.0 0.0 1.0
v -0.2942574918270111 -0.5753756761550903 -0.03826821222901344 0.0 0.0 1.0
v -0.3031568229198456 -0.5346931219100952 -0.024283578619360924 0.0 0.0 1.0
v -0.2904435098171234 -0.6936094164848328 -0.07259412854909897 0.0 0.0 1.0
v -0.2980715036392212 -0.6554694771766663 -0.06242348626255989 0.0 0.0 1.0
v -0.30824214220046997 -0.6147869229316711 -0.04716752469539642 0.0 0.0 1.0
v -0.31714144349098206 -0.574104368686676 -0.03572555258870125 0.0 0.0 1.0
v -0.2917148470878601 -0.72284996509552 -0.08149344474077225 0.0 0.0 1.0
v -0.27900153398513794 -0.48638254404067993 -0.020469587296247482 0.0 0.0 1.0
v -0.2917148470878601 -0.5308791399002075 -0.026826240122318268 0.0 0.0 1.0
v -0.3006141483783722 -0.5652050375938416 -0.03572555258870125 0.0 0.0 1.0
v -0.31205612421035767 -0.6097015738487244 -0.04462486505508423 0.0 0.0 1.0
v -0.32349810004234314 -0.6516554951667786 -0.05352417752146721 0.0 0.0 1.0
v -0.342568039894104 -0.5919029712677002 -0.028097569942474365 0.0 0.0 1.0
v -0.32349810004234314 -0.5372357368469238 -0.017926927655935287 0.0 0.0 1.0
v -0.2929861843585968 -0.47621190547943115 -0.010298945009708405 0.0 0.0 1.0
v -0.3298547565937042 -0.5690190196037292 -0.02174091711640358 0.0 0.0 1.0
v -0.31459879875183105 -0.5092664957046509 -0.010298945009708405 0.0 0.0 1.0
v -0.2866295278072357 -0.47875458002090454 -0.012841605581343174 0.0 0.0 1.0
v -0.31205612421035767 -0.4978245198726654 -0.012841605581343174 0.0 0.0 1.0
v -0.32476943731307983 -0.5385071039199829 -0.02174091711640358 0.0 0.0 1.0
v -0.26883089542388916 -0.4469713270664215 -0.010298945009708405 0.0 0.0 1.0
v -0.32476943731307983 -0.5359644293785095 -0.02174091711640358 0.0 0.0 1.0
v -0.3362114131450653 -0.5779183506965637 -0.03191155940294266 0.0 0.0 1.0
v -0.42011919617652893 -0.2842410206794739 0.08250816911458969 0.0 0.0 1.0
v -0.40613457560539246 -0.34272223711013794 0.062166884541511536 0.0 0.0 1.0
v -0.3896072804927826 -0.4050174057483673 0.03928293660283089 0.0 0.0 1.0
v -0.3743513226509094 -0.4660412669181824 0.013856330886483192 0.0 0.0 1.0
v -0.35909533500671387 -0.5283364653587341 -0.009027615189552307 0.0 0.0 1.0
v -0.36799466609954834 -0.3567068576812744 0.044368259608745575 0.0 0.0 1.0
v -0.35273870825767517 -0.4177307188510895 0.01894165202975273 0.0 0.0 1.0
v -0.3374827206134796 -0.47748324275016785 -0.0013996330089867115 0.0 0.0 1.0
v -0.3069708049297333 -0.4202733635902405 0.008771009743213654 0.0 0.0 1.0
v -0.4239331781864166 -0.33128026127815247 0.07233752310276031 0.0 0.0 1.0
v -0.397235244512558 -0.4202733635902405 0.03928293660283089 0.0 0.0 1.0
v -0.3845219612121582 -0.3694201707839966 0.05453890189528465 0.0 0.0 1.0
v -0.3857932686805725 -0.4851112365722656 0.010042339563369751 0.0 0.0 1.0
v -0.37180864810943604 -0.43171533942222595 0.026569634675979614 0.0 0.0 1.0
v -0.35782402753829956 -0.377048134803772 0.03928293660283089 0.0 0.0 1.0
v -0.35909533500671387 -0.520708441734314 0.0024143580812960863 0.0 0.0 1.0
v -0.3463820517063141 -0.46731260418891907 0.01258500013500452 0.0 0.0 1.0
v -0.3323974013328552 -0.4126453995704651 0.025298302993178368 0.0 0.0 1.0
v -0.3006141483783722 -0.4520566463470459 0.004957018420100212 0.0 0.0 1.0
v -0.2942574918270111 -0.44188597798347473 -0.0026709632948040962 0.0 0.0 1.0
v -0.3031568229198456 -0.4037460684776306 0.01258500013500452 0.0 0.0 1.0
v -0.32095542550086975 -0.4596846103668213 -0.0013996330089867115 0.0 0.0 1.0
v -0.3298547565937042 -0.4177307188510895 0.013856330886483192 0.0 0.0 1.0
v -0.3387540578842163 -0.37959080934524536 0.02911229431629181 0.0 0.0 1.0
v -0.3336687386035919 -0.5003671646118164 -0.00648495415225625 0.0 0.0 1.0
v -0.3438393771648407 -0.4584132730960846 0.003685688367113471 0.0 0.0 1.0
v -0.3514673709869385 -0.4202733635902405 0.016398990526795387 0.0 0.0 1.0
v -0.36163800954818726 -0.37959080934524536 0.031654953956604004 0.0 0.0 1.0
v -0.37053731083869934 -0.33763691782951355 0.04691091924905777 0.0 0.0 1.0
v -0.3845219612121582 -0.48129722476005554 0.008771009743213654 0.0 0.0 1.0
v -0.3921499252319336 -0.4456999897956848 0.022755643352866173 0.0 0.0 1.0
v -0.39977791905403137 -0.4113740622997284 0.03674027696251869 0.0 0.0 1.0
v -0.40867722034454346 -0.3732341527938843 0.05072490870952606 0.0 0.0 1.0
v -0.41757655143737793 -0.33128026127815247 0.06598087400197983 0.0 0.0 1.0
v -0.42647585272789 -0.29441168904304504 0.0799655094742775 0.0 0.0 1.0
v -0.2929861843585968 -0.4177307188510895 0.006228348705917597 0.0 0.0 1.0
v -0.3044281303882599 -0.4571419656276703 -0.005213623866438866 0.0 0.0 1.0
v -0.31459879875183105 -0.4965531826019287 -0.012841605581343174 0.0 0.0 1.0
v -0.32604074478149414 -0.4037460684776306 0.016398990526795387 0.0 0.0 1.0
v -0.3374827206134796 -0.4469713270664215 0.006228348705917597 0.0 0.0 1.0
v -0.3476533591747284 -0.48638254404067993 -0.0026709632948040962 0.0 0.0 1.0
v -0.35782402753829956 -0.527065098285675 -0.011570275761187077 0.0 0.0 1.0
v -0.36545199155807495 -0.3681488335132599 0.0329262837767601 0.0 0.0 1.0
v -0.37562263011932373 -0.406288743019104 0.026569634675979614 0.0 0.0 1.0
v -0.3857932686805725 -0.4482426345348358 0.02402697317302227 0.0 0.0 1.0
v -0.40613457560539246 -0.3236522674560547 0.06725220382213593 0.0 0.0 1.0
v -0.41757655143737793 -0.3668774962425232 0.05453890189528465 0.0 0.0 1.0
v -0.4328325092792511 -0.28678369522094727 0.0812368392944336 0.0 0.0 1.0
v -0.4353751540184021 -0.22321717441082 0.10539211332798004 0.0 0.0 1.0
v -0.3985065817832947 -0.2333878129720688 0.08886481821537018 0.0 0.0 1.0
v -0.36799466609954834 -0.1799919456243515 0.10539211332798004 0.0 0.0 1.0
v -0.3514673709869385 -0.24482978880405426 0.07360885292291641 0.0 0.0 1.0
v -0.32731208205223083 -0.17236396670341492 0.09395013749599457 0.0 0.0 1.0
v -0.31078478693962097 -0.23974446952342987 0.06470954418182373 0.0 0.0 1.0
v -0.3056994676589966 -0.136766716837883 0.09776413440704346 0.0 0.0 1.0
v -0.28790083527565 -0.20541855692863464 0.06852353364229202 0.0 0.0 1.0
v -0.27264487743377686 -0.2664424180984497 0.049453578889369965 0.0 0.0 1.0
v -0.28281551599502563 -0.11388277262449265 0.10030679404735565 0.0 0.0 1.0
v -0.26755955815315247 -0.1774492859840393 0.0774228498339653 0.0 0.0 1.0
v -0.2523036003112793 -0.23720180988311768 0.05453890189528465 0.0 0.0 1.0
v -0.23704764246940613 -0.29822567105293274 0.0329262837767601 0.0 0.0 1.0
v -0.2472182810306549 -0.08337084203958511 0.09395013749599457 0.0 0.0 1.0
v -0.23069098591804504 -0.15075135231018066 0.07106619328260422 0.0 0.0 1.0
v -0.21543501317501068 -0.21177519857883453 0.04309692978858948 0.0 0.0 1.0
v -0.2027217149734497 -0.2626284062862396 0.02911229431629181 0.0 0.0 1.0
v -0.21670635044574738 -0.06811487674713135 0.10412078350782394 0.0 0.0 1.0
v -0.2001790553331375 -0.1316813975572586 0.0799655094742775 0.0 0.0 1.0
v -0.18492309749126434 -0.19397658109664917 0.05072490870952606 0.0 0.0 1.0
v -0.17093846201896667 -0.25118643045425415 0.03674027696251869 0.0 0.0 1.0
v -0.1544111669063568 -0.3160243034362793 0.008771009743213654 0.0 0.0 1.0
v -0.19255107641220093 -0.050316255539655685 0.10157812386751175 0.0 0.0 1.0
v -0.17729510366916656 -0.10879744589328766 0.08250816911458969 0.0 0.0 1.0
v -0.1620391458272934 -0.1749066263437271 0.044368259608745575 0.0 0.0 1.0
v -0.14678318798542023 -0.23465915024280548 0.022755643352866173 0.0 0.0 1.0
v -0.13152721524238586 -0.29568299651145935 0.006228348705917597 0.0 0.0 1.0
v -0.17729510366916656 -0.007091023959219456 0.11047743260860443 0.0 0.0 1.0
v -0.13279855251312256 -0.1825346052646637 0.044368259608745575 0.0 0.0 1.0
v -0.3959639370441437 -0.2219458520412445 0.09395013749599457 0.0 0.0 1.0
v -0.3832506239414215 -0.17109262943267822 0.10539211332798004 0.0 0.0 1.0
v -0.35655269026756287 -0.25754308700561523 0.0786941796541214 0.0 0.0 1.0
v -0.342568039894104 -0.20287589728832245 0.09522146731615067 0.0 0.0 1.0
v -0.32858341932296753 -0.15075135231018066 0.10666344314813614 0.0 0.0 1.0
v -0.3311260938644409 -0.2664424180984497 0.06470954418182373 0.0 0.0 1.0
v -0.31587010622024536 -0.20923253893852234 0.0786941796541214 0.0 0.0 1.0
v -0.3006141483783722 -0.14948001503944397 0.09649280458688736 0.0 0.0 1.0
v -0.28790083527565 -0.09989813715219498 0.10539211332798004 0.0 0.0 1.0
v -0.2904435098171234 -0.24737244844436646 0.062166884541511536 0.0 0.0 1.0
v -0.27391621470451355 -0.1825346052646637 0.08505082875490189 0.0 0.0 1.0
v -0.2599315941333771 -0.12786740064620972 0.09903546422719955 0.0 0.0 1.0
v -0.2459469437599182 -0.07447153329849243 0.10539211332798004 0.0 0.0 1.0
v -0.2573889195919037 -0.2842410206794739 0.04182559624314308 0.0 0.0 1.0
v -0.2446756213903427 -0.23593048751354218 0.053267572075128555 0.0 0.0 1.0
v -0.23196230828762054 -0.1812632828950882 0.06598087400197983 0.0 0.0 1.0
v -0.21543501317501068 -0.12023942172527313 0.08505082875490189 0.0 0.0 1.0
v -0.2001790553331375 -0.06048689782619476 0.10412078350782394 0.0 0.0 1.0
v -0.18873707950115204 -0.014719005674123764 0.10539211332798004 0.0 0.0 1.0
v -0.2078070342540741 -0.2664424180984497 0.03801160678267479 0.0 0.0 1.0
v -0.19382239878177643 -0.21177519857883453 0.05199623852968216 0.0 0.0 1.0
v -0.17856644093990326 -0.15075135231018066 0.06979486346244812 0.0 0.0 1.0
v -0.13661253452301025 0.011978930793702602 0.10793477296829224 0.0 0.0 1.0
v -0.17983777821063995 -0.2740703821182251 0.0341976173222065 0.0 0.0 1.0
v -0.16585314273834229 -0.2219458520412445 0.04182559624314308 0.0 0.0 1.0
v -0.15313982963562012 -0.16854996979236603 0.05453890189528465 0.0 0.0 1.0
v -0.1556824892759323 -0.3083963096141815 0.010042339563369751 0.0 0.0 1.0
v -0.14042653143405914 -0.24864378571510315 0.02402697317302227 0.0 0.0 1.0
v -0.14169786870479584 0.023420903831720352 0.10539211332798004 0.0 0.0 1.0
v -0.13661253452301025 -0.136766716837883 0.05581023171544075 0.0 0.0 1.0
v -0.15313982963562012 -0.06302955746650696 0.08505082875490189 0.0 0.0 1.0
v -0.1620391458272934 -0.023618318140506744 0.09776413440704346 0.0 0.0 1.0
v -0.14424052834510803 -0.29695433378219604 0.003685688367113471 0.0 0.0 1.0
v -0.15186850726604462 -0.2626284062862396 0.016398990526795387 0.0 0.0 1.0
v -0.1620391458272934 -0.2219458520412445 0.0329262837767601 0.0 0.0 1.0
v -0.17093846201896667 -0.1812632828950882 0.049453578889369965 0.0 0.0 1.0
v -0.17983777821063995 -0.14439469575881958 0.06343821436166763 0.0 0.0 1.0
v -0.18746575713157654 -0.10752611607313156 0.08632215857505798 0.0 0.0 1.0
v -0.19763639569282532 -0.06175822764635086 0.09522146731615067 0.0 0.0 1.0
v -0.2065357118844986 -0.024889647960662842 0.10284945368766785 0.0 0.0 1.0
v -0.19000841677188873 -0.2816983759403229 0.022755643352866173 0.0 0.0 1.0
v -0.19763639569282532 -0.24482978880405426 0.03674027696251869 0.0 0.0 1.0
v -0.2078070342540741 -0.20541855692863464 0.04563958942890167 0.0 0.0 1.0
v -0.21543501317501068 -0.16854996979236603 0.062166884541511536 0.0 0.0 1.0
v -0.22433432936668396 -0.1291387379169464 0.0774228498339653 0.0 0.0 1.0
v -0.23323364555835724 -0.0897274911403656 0.09395013749599457 0.0 0.0 1.0
v -0.21670635044574738 -0.29822567105293274 0.025298302993178368 0.0 0.0 1.0
v -0.22560566663742065 -0.2600857615470886 0.03674027696251869 0.0 0.0 1.0
v -0.23450496792793274 -0.2219458520412445 0.04563958942890167 0.0 0.0 1.0
v -0.24340428411960602 -0.178720623254776 0.062166884541511536 0.0 0.0 1.0
v -0.2523036003112793 -0.14058071374893188 0.08250816911458969 0.0 0.0 1.0
v -0.2599315941333771 -0.10625478625297546 0.09522146731615067 0.0 0.0 1.0
v -0.2510322630405426 -0.2664424180984497 0.040554266422986984 0.0 0.0 1.0
v -0.2612029016017914 -0.2244885116815567 0.05199623852968216 0.0 0.0 1.0
v -0.26883089542388916 -0.18761992454528809 0.06852353364229202 0.0 0.0 1.0
v -0.27773019671440125 -0.14948001503944397 0.08250816911458969 0.0 0.0 1.0
v -0.2866295278072357 -0.11261144280433655 0.10030679404735565 0.0 0.0 1.0
v -0.2980715036392212 -0.25118643045425415 0.053267572075128555 0.0 0.0 1.0
v -0.3069708049297333 -0.20796121656894684 0.07233752310276031 0.0 0.0 1.0
v -0.31459879875183105 -0.17363528907299042 0.08759348839521408 0.0 0.0 1.0
v -0.32222676277160645 -0.1393093764781952 0.10030679404735565 0.0 0.0 1.0
v -0.3374827206134796 -0.24864378571510315 0.06852353364229202 0.0 0.0 1.0
v -0.3463820517063141 -0.21177519857883453 0.08377949893474579 0.0 0.0 1.0
v -0.35528135299682617 -0.1749066263437271 0.09903546422719955 0.0 0.0 1.0
v -0.36418065428733826 -0.265171080827713 0.07106619328260422 0.0 0.0 1.0
v -0.37307998538017273 -0.2270311713218689 0.08632215857505798 0.0 0.0 1.0
v -0.3819792866706848 -0.18634860217571259 0.10157812386751175 0.0 0.0 1.0
v -0.3959639370441437 -0.2257598340511322 0.09395013749599457 0.0 0.0 1.0
v -0.13279855251312256 -0.29186901450157166 0.0024143580812960863 0.0 0.0 1.0
v -0.13279855251312256 -0.12659607827663422 0.05199623852968216 0.0 0.0 1.0
v -0.14424052834510803 -0.16600731015205383 0.044368259608745575 0.0 0.0 1.0
v -0.1544111669063568 -0.20668987929821014 0.031654953956604004 0.0 0.0 1.0
v -0.16585314273834229 -0.25245776772499084 0.025298302993178368 0.0 0.0 1.0
v -0.17602378129959106 -0.28551235795021057 0.013856330886483192 0.0 0.0 1.0
v -0.14424052834510803 0.022149574011564255 0.10793477296829224 0.0 0.0 1.0
v -0.1544111669063568 -0.017261667177081108 0.09776413440704346 0.0 0.0 1.0
v -0.16585314273834229 -0.05794423818588257 0.09267880767583847 0.0 0.0 1.0
v -0.18619441986083984 -0.136766716837883 0.06343821436166763 0.0 0.0 1.0
v -0.19636505842208862 -0.17109262943267822 0.05199623852968216 0.0 0.0 1.0
v -0.2078070342540741 -0.21431785821914673 0.04309692978858948 0.0 0.0 1.0
v -0.21797768771648407 -0.2562717795372009 0.03801160678267479 0.0 0.0 1.0
v -0.22814832627773285 -0.29186901450157166 0.02911229431629181 0.0 0.0 1.0
v -0.18873707950115204 -0.022346988320350647 0.10284945368766785 0.0 0.0 1.0
v -0.198907732963562 -0.06430088728666306 0.09140747785568237 0.0 0.0 1.0
v -0.2090783715248108 -0.09989813715219498 0.0812368392944336 0.0 0.0 1.0
v -0.21924901008605957 -0.1393093764781952 0.07233752310276031 0.0 0.0 1.0
v -0.22941964864730835 -0.1774492859840393 0.058352891355752945 0.0 0.0 1.0
v -0.24086162447929382 -0.21813185513019562 0.05072490870952606 0.0 0.0 1.0
v -0.2510322630405426 -0.2562717795372009 0.04309692978858948 0.0 0.0 1.0
v -0.23196230828762054 -0.04777359589934349 0.10412078350782394 0.0 0.0 1.0
v -0.24213296175003052 -0.0871848315000534 0.09649280458688736 0.0 0.0 1.0
v -0.2523036003112793 -0.12405341118574142 0.08505082875490189 0.0 0.0 1.0
v -0.2624742388725281 -0.16473598778247833 0.0774228498339653 0.0 0.0 1.0
v -0.27391621470451355 -0.20541855692863464 0.062166884541511536 0.0 0.0 1.0
v -0.28281551599502563 -0.24355846643447876 0.05072490870952606 0.0 0.0 1.0
v -0.2942574918270111 -0.28296971321105957 0.044368259608745575 0.0 0.0 1.0
v -0.3018854856491089 -0.1304100602865219 0.09776413440704346 0.0 0.0 1.0
v -0.31078478693962097 -0.16854996979236603 0.08759348839521408 0.0 0.0 1.0
v -0.32222676277160645 -0.21050387620925903 0.0799655094742775 0.0 0.0 1.0
v -0.3336687386035919 -0.25245776772499084 0.06343821436166763 0.0 0.0 1.0
v -0.36418065428733826 -0.16473598778247833 0.10157812386751175 0.0 0.0 1.0
v -0.37307998538017273 -0.20160456001758575 0.09267880767583847 0.0 0.0 1.0
v -0.3845219612121582 -0.24482978880405426 0.0799655094742775 0.0 0.0 1.0
v -0.41121989488601685 -0.20668987929821014 0.09776413440704346 0.0 0.0 1.0
v -0.4226618707180023 -0.24864378571510315 0.09395013749599457 0.0 0.0 1.0
v -0.45190244913101196 -0.2333878129720688 0.10539211332798004 0.0 0.0 1.0
v -0.11754258722066879 -0.24482978880405426 0.016398990526795387 0.0 0.0 1.0
v -0.09720130264759064 -0.1291387379169464 0.04309692978858948 0.0 0.0 1.0
v -0.08194533735513687 -0.19524790346622467 0.01512766070663929 0.0 0.0 1.0
v -0.0705033615231514 0.06410347670316696 0.10412078350782394 0.0 0.0 1.0
v -0.04507675766944885 0.08063076436519623 0.10284945368766785 0.0 0.0 1.0
v -0.003122858004644513 0.08825875073671341 0.08632215857505798 0.0 0.0 1.0
v 0.012133105657994747 0.02850622497498989 0.062166884541511536 0.0 0.0 1.0
v 0.028660399839282036 -0.03633162006735802 0.04182559624314308 0.0 0.0 1.0
v 0.02611774019896984 0.14801126718521118 0.10666344314813614 0.0 0.0 1.0
v 0.042645033448934555 0.08444476127624512 0.0799655094742775 0.0 0.0 1.0
v 0.05790099874138832 0.022149574011564255 0.05199623852968216 0.0 0.0 1.0
v 0.051544345915317535 0.17470921576023102 0.10412078350782394 0.0 0.0 1.0
v 0.0655289813876152 0.11495668441057205 0.07615151256322861 0.0 0.0 1.0
v 0.08078493922948837 0.053932830691337585 0.05199623852968216 0.0 0.0 1.0
v 0.08459893614053726 0.16072458028793335 0.09649280458688736 0.0 0.0 1.0
v 0.10239756107330322 0.0908014103770256 0.05962422117590904 0.0 0.0 1.0
v 0.12019618600606918 0.20776380598545074 0.09522146731615067 0.0 0.0 1.0
v 0.13418081402778625 0.14928260445594788 0.07233752310276031 0.0 0.0 1.0
v 0.1608787477016449 0.21284912526607513 0.09013614803552628 0.0 0.0 1.0
v 0.17740604281425476 0.14673994481563568 0.06089555099606514 0.0 0.0 1.0
v 0.17994870245456696 0.25607433915138245 0.09903546422719955 0.0 0.0 1.0
v 0.19520467519760132 0.19123651087284088 0.06979486346244812 0.0 0.0 1.0
v 0.2079179733991623 0.25734567642211914 0.09649280458688736 0.0 0.0 1.0
v 0.23842990398406982 0.3107415437698364 0.10157812386751175 0.0 0.0 1.0
v 0.28165513277053833 0.3158268630504608 0.09140747785568237 0.0 0.0 1.0
v 0.3070817291736603 0.34506747126579285 0.09013614803552628 0.0 0.0 1.0
v 0.32233771681785583 0.4060913324356079 0.10793477296829224 0.0 0.0 1.0
v -0.09720130264759064 0.05011884123086929 0.10920610278844833 0.0 0.0 1.0
v -0.12771323323249817 -0.19524790346622467 0.0341976173222065 0.0 0.0 1.0
v -0.05651872977614403 0.08190210163593292 0.10666344314813614 0.0 0.0 1.0
v -0.10737194120883942 -0.28932633996009827 0.004957018420100212 0.0 0.0 1.0
v -0.09338731318712234 -0.23593048751354218 0.013856330886483192 0.0 0.0 1.0
v -0.07940267771482468 -0.1812632828950882 0.021484313532710075 0.0 0.0 1.0
v -0.020921481773257256 0.048847511410713196 0.08886481821537018 0.0 0.0 1.0
v -0.008208178915083408 0.10224338620901108 0.10157812386751175 0.0 0.0 1.0
v -0.022192813456058502 -0.14566603302955627 0.022755643352866173 0.0 0.0 1.0
v -0.00947950966656208 -0.09481281787157059 0.035468947142362595 0.0 0.0 1.0
v 0.018489757552742958 0.01579292118549347 0.062166884541511536 0.0 0.0 1.0
v 0.03247439116239548 0.07300278544425964 0.0799655094742775 0.0 0.0 1.0
v 0.04645902290940285 0.12639865279197693 0.08886481821537018 0.0 0.0 1.0
v 0.06171498820185661 0.1836085170507431 0.10284945368766785 0.0 0.0 1.0
v 0.03120306134223938 -0.05285891517996788 0.040554266422986984 0.0 0.0 1.0
v 0.04518769308924675 0.0018082881579175591 0.05072490870952606 0.0 0.0 1.0
v 0.05917232856154442 0.057746823877096176 0.06470954418182373 0.0 0.0 1.0
v 0.07442829012870789 0.11749934405088425 0.0799655094742775 0.0 0.0 1.0
v 0.08841292560100555 0.16962389647960663 0.09267880767583847 0.0 0.0 1.0
v 0.10239756107330322 0.2255624234676361 0.10666344314813614 0.0 0.0 1.0
v 0.08205627650022507 0.02850622497498989 0.05072490870952606 0.0 0.0 1.0
v 0.09731223434209824 0.08571609109640121 0.06470954418182373 0.0 0.0 1.0
v 0.1112968698143959 0.1391119658946991 0.0786941796541214 0.0 0.0 1.0
v 0.12401017546653748 0.19377917051315308 0.09649280458688736 0.0 0.0 1.0
v 0.13799481093883514 0.24590371549129486 0.10539211332798004 0.0 0.0 1.0
v 0.14180879294872284 0.0908014103770256 0.05072490870952606 0.0 0.0 1.0
v 0.1583360880613327 0.15563926100730896 0.07233752310276031 0.0 0.0 1.0
v 0.17232072353363037 0.21030646562576294 0.08632215857505798 0.0 0.0 1.0
v 0.23207324743270874 0.25226035714149475 0.08759348839521408 0.0 0.0 1.0
v 0.2892831265926361 0.34252482652664185 0.09776413440704346 0.0 0.0 1.0
v 0.3439503312110901 0.4226186275482178 0.10539211332798004 0.0 0.0 1.0
v 0.36556294560432434 0.43406060338020325 0.10157812386751175 0.0 0.0 1.0
v 0.3312370181083679 0.39210668206214905 0.09903546422719955 0.0 0.0 1.0
v 0.2994537651538849 0.34125348925590515 0.08632215857505798 0.0 0.0 1.0
v 0.2905544340610504 0.38193604350090027 0.10030679404735565 0.0 0.0 1.0
v 0.27529847621917725 0.3081988990306854 0.08377949893474579 0.0 0.0 1.0
v 0.26767051219940186 0.34506747126579285 0.09903546422719955 0.0 0.0 1.0
v 0.2524145245552063 0.2751443088054657 0.0812368392944336 0.0 0.0 1.0
v 0.2435152232646942 0.3158268630504608 0.09649280458688736 0.0 0.0 1.0
v 0.21554595232009888 0.24208971858024597 0.08250816911458969 0.0 0.0 1.0
v 0.2079179733991623 0.2802296280860901 0.09522146731615067 0.0 0.0 1.0
v 0.18630535900592804 0.16708122193813324 0.062166884541511536 0.0 0.0 1.0
v 0.17740604281425476 0.20649246871471405 0.0774228498339653 0.0 0.0 1.0
v 0.16850674152374268 0.24208971858024597 0.09267880767583847 0.0 0.0 1.0
v 0.1596074253320694 0.13021264970302582 0.05962422117590904 0.0 0.0 1.0
v 0.1519794464111328 0.16580989956855774 0.07488018274307251 0.0 0.0 1.0
v 0.14308013021945953 0.20140714943408966 0.08759348839521408 0.0 0.0 1.0
v 0.13418081402778625 0.24208971858024597 0.10030679404735565 0.0 0.0 1.0
v 0.13036683201789856 0.0946153998374939 0.05199623852968216 0.0 0.0 1.0
v 0.12273884564638138 0.13021264970302582 0.06598087400197983 0.0 0.0 1.0
v 0.1138395294547081 0.16835255920886993 0.08377949893474579 0.0 0.0 1.0
v 0.10494022071361542 0.20776380598545074 0.09903546422719955 0.0 0.0 1.0
v 0.09858356416225433 0.04376218840479851 0.04563958942890167 0.0 0.0 1.0
v 0.08968425542116165 0.08571609109640121 0.062166884541511536 0.0 0.0 1.0
v 0.08078493922948837 0.12004201114177704 0.0786941796541214 0.0 0.0 1.0
v 0.07315696030855179 0.15691058337688446 0.08759348839521408 0.0 0.0 1.0
v 0.0655289813876152 -0.010905015282332897 0.03928293660283089 0.0 0.0 1.0
v 0.05535833537578583 0.02977755479514599 0.049453578889369965 0.0 0.0 1.0
v 0.04645902290940285 0.06791746616363525 0.06725220382213593 0.0 0.0 1.0
v 0.03883104398846626 0.10732870548963547 0.0812368392944336 0.0 0.0 1.0
v 0.029931729659438133 0.14673994481563568 0.09903546422719955 0.0 0.0 1.0
v 0.03501705080270767 -0.028703639283776283 0.040554266422986984 0.0 0.0 1.0
v 0.024846408516168594 0.01070760004222393 0.05199623852968216 0.0 0.0 1.0
v 0.01721842773258686 0.045033518224954605 0.06725220382213593 0.0 0.0 1.0
v 0.00831911526620388 0.08698742091655731 0.0799655094742775 0.0 0.0 1.0
v -0.000580197258386761 0.12639865279197693 0.09903546422719955 0.0 0.0 1.0
v 0.0057764542289078236 -0.07065753638744354 0.0341976173222065 0.0 0.0 1.0
v -0.0018515276024118066 -0.03633162006735802 0.05199623852968216 0.0 0.0 1.0
v -0.00947950966656208 0.0005369578721001744 0.06852353364229202 0.0 0.0 1.0
v -0.019650151953101158 0.04376218840479851 0.08250816911458969 0.0 0.0 1.0
v -0.02854946441948414 0.08444476127624512 0.09140747785568237 0.0 0.0 1.0
v -0.020921481773257256 -0.15075135231018066 0.013856330886483192 0.0 0.0 1.0
v -0.029820794239640236 -0.11388277262449265 0.02784096449613571 0.0 0.0 1.0
v -0.03744877502322197 -0.07574286311864853 0.044368259608745575 0.0 0.0 1.0
v -0.07304602861404419 0.07808810472488403 0.10666344314813614 0.0 0.0 1.0
v -0.06287538260221481 -0.1838059425354004 0.01512766070663929 0.0 0.0 1.0
v -0.0717746913433075 -0.14439469575881958 0.031654953956604004 0.0 0.0 1.0
v -0.07940267771482468 -0.10752611607313156 0.04691091924905777 0.0 0.0 1.0
v -0.08194533735513687 -0.24482978880405426 0.003685688367113471 0.0 0.0 1.0
v -0.08957331627607346 -0.20796121656894684 0.013856330886483192 0.0 0.0 1.0
v -0.09847263246774673 -0.16982130706310272 0.030383624136447906 0.0 0.0 1.0
v -0.10737194120883942 -0.1316813975572586 0.04691091924905777 0.0 0.0 1.0
v -0.1149999275803566 -0.09481281787157059 0.06343821436166763 0.0 0.0 1.0
v -0.12389923632144928 -0.05794423818588257 0.0774228498339653 0.0 0.0 1.0
v -0.10991460084915161 -0.25118643045425415 0.004957018420100212 0.0 0.0 1.0
v -0.12008524686098099 -0.21304653584957123 0.02021298184990883 0.0 0.0 1.0
v -0.12771323323249817 -0.17363528907299042 0.03928293660283089 0.0 0.0 1.0
v 0.3414076566696167 0.4175333082675934 0.10284945368766785 0.0 0.0 1.0
v 0.3312370181083679 0.38066473603248596 0.09395013749599457 0.0 0.0 1.0
v 0.28165513277053833 0.3590521216392517 0.10412078350782394 0.0 0.0 1.0
v 0.27148449420928955 0.3183695375919342 0.08886481821537018 0.0 0.0 1.0
v 0.26131385564804077 0.2789582908153534 0.0786941796541214 0.0 0.0 1.0
v 0.23842990398406982 0.3298115134239197 0.10157812386751175 0.0 0.0 1.0
v 0.22698792815208435 0.29040026664733887 0.09013614803552628 0.0 0.0 1.0
v 0.21554595232009888 0.24717503786087036 0.08377949893474579 0.0 0.0 1.0
v 0.2066466510295868 0.21030646562576294 0.06852353364229202 0.0 0.0 1.0
v 0.19520467519760132 0.16962389647960663 0.06089555099606514 0.0 0.0 1.0
v 0.19011935591697693 0.29294294118881226 0.10412078350782394 0.0 0.0 1.0
v 0.17994870245456696 0.25734567642211914 0.09013614803552628 0.0 0.0 1.0
v 0.16850674152374268 0.21666310727596283 0.0799655094742775 0.0 0.0 1.0
v 0.1596074253320694 0.1785231977701187 0.07360885292291641 0.0 0.0 1.0
v 0.14816544950008392 0.1403832882642746 0.06089555099606514 0.0 0.0 1.0
v 0.13672347366809845 0.09588672965765 0.05072490870952606 0.0 0.0 1.0
v 0.12655283510684967 0.24081838130950928 0.09649280458688736 0.0 0.0 1.0
v 0.1151108592748642 0.19759315252304077 0.09013614803552628 0.0 0.0 1.0
v 0.10494022071361542 0.15563926100730896 0.0799655094742775 0.0 0.0 1.0
v 0.09476957470178604 0.12004201114177704 0.06598087400197983 0.0 0.0 1.0
v 0.08459893614053726 0.08190210163593292 0.05453890189528465 0.0 0.0 1.0
v 0.07315696030855179 0.03867686912417412 0.04691091924905777 0.0 0.0 1.0
v 0.06298632174730301 -0.0007343724137172103 0.03928293660283089 0.0 0.0 1.0
v 0.05408700555562973 -0.03633162006735802 0.0329262837767601 0.0 0.0 1.0
v 0.06298632174730301 0.19123651087284088 0.10284945368766785 0.0 0.0 1.0
v 0.05281567573547363 0.15182526409626007 0.09140747785568237 0.0 0.0 1.0
v 0.042645033448934555 0.11368535459041595 0.08250816911458969 0.0 0.0 1.0
v 0.033745720982551575 0.07808810472488403 0.07233752310276031 0.0 0.0 1.0
v 0.0223037488758564 0.03486287593841553 0.06089555099606514 0.0 0.0 1.0
v 0.012133105657994747 -0.0032770331017673016 0.05199623852968216 0.0 0.0 1.0
v 0.0019624633714556694 -0.041416943073272705 0.04818224906921387 0.0 0.0 1.0
v -0.00947950966656208 -0.08337084203958511 0.0329262837767601 0.0 0.0 1.0
v -0.020921481773257256 -0.12278208136558533 0.022755643352866173 0.0 0.0 1.0
v -0.029820794239640236 -0.15965066850185394 0.011313670314848423 0.0 0.0 1.0
v 0.015947096049785614 0.1365693062543869 0.09776413440704346 0.0 0.0 1.0
v 0.0057764542289078236 0.09588672965765 0.08505082875490189 0.0 0.0 1.0
v -0.03744877502322197 -0.06430088728666306 0.049453578889369965 0.0 0.0 1.0
v -0.04634808748960495 -0.10116946697235107 0.03801160678267479 0.0 0.0 1.0
v -0.057790059596300125 -0.14185203611850739 0.02784096449613571 0.0 0.0 1.0
v -0.0692320317029953 -0.1825346052646637 0.013856330886483192 0.0 0.0 1.0
v -0.07940267771482468 -0.2244885116815567 0.003685688367113471 0.0 0.0 1.0
v -0.024735473096370697 0.11368535459041595 0.10030679404735565 0.0 0.0 1.0
v -0.08067400753498077 -0.09481281787157059 0.05453890189528465 0.0 0.0 1.0
v -0.08957331627607346 -0.1291387379169464 0.03928293660283089 0.0 0.0 1.0
v -0.10101529210805893 -0.16982130706310272 0.030383624136447906 0.0 0.0 1.0
v -0.1111859381198883 -0.20796121656894684 0.017670322209596634 0.0 0.0 1.0
v -0.12135657668113708 -0.24610112607479095 0.011313670314848423 0.0 0.0 1.0
v -0.08067400753498077 0.07046012580394745 0.10793477296829224 0.0 0.0 1.0
v -0.12389923632144928 -0.0897274911403656 0.06725220382213593 0.0 0.0 1.0
v 0.28038379549980164 -0.2664424180984497 -0.08403610438108444 0.0 0.0 1.0
v 0.3019964098930359 -0.2333878129720688 -0.08403610438108444 0.0 0.0 1.0
v 0.3274230360984802 -0.2206745147705078 -0.08403610438108444 0.0 0.0 1.0
v 0.35666361451148987 -0.16346465051174164 -0.08022211492061615 0.0 0.0 1.0
v 0.40116018056869507 -0.16346465051174164 -0.08657876402139664 0.0 0.0 1.0
v 0.426586776971817 -0.136766716837883 -0.09166408330202103 0.0 0.0 1.0
v 0.4443854093551636 -0.07955685257911682 -0.07640811800956726 0.0 0.0 1.0
v 0.45837005972862244 -0.1354953795671463 -0.09039275348186493 0.0 0.0 1.0
v 0.4761686623096466 -0.028703639283776283 -0.06750880926847458 0.0 0.0 1.0
v 0.49269595742225647 -0.09227015823125839 -0.09039275348186493 0.0 0.0 1.0
v 0.5092232823371887 0.022149574011564255 -0.06115215644240379 0.0 0.0 1.0
v 0.5244792103767395 -0.04014561325311661 -0.08276477456092834 0.0 0.0 1.0
v 0.5282931923866272 0.05520416051149368 -0.06115215644240379 0.0 0.0 1.0
v 0.5422778725624084 -0.004548363387584686 -0.08149344474077225 0.0 0.0 1.0
v 0.5537198185920715 0.06283214688301086 -0.0573381669819355 0.0 0.0 1.0
v 0.5689758062362671 0.0018082881579175591 -0.07767945528030396 0.0 0.0 1.0
v 0.5778750777244568 0.1416546255350113 -0.04462486505508423 0.0 0.0 1.0
v 0.591859757900238 0.08444476127624512 -0.06496614962816238 0.0 0.0 1.0
v 0.6071156859397888 0.02469223365187645 -0.08403610438108444 0.0 0.0 1.0
v 0.624914288520813 0.12385600060224533 -0.054795507341623306 0.0 0.0 1.0
v 0.6401702761650085 0.06283214688301086 -0.07640811800956726 0.0 0.0 1.0
v 0.6427129507064819 0.1848798543214798 -0.050981514155864716 0.0 0.0 1.0
v 0.6579688787460327 0.12385600060224533 -0.07513678818941116 0.0 0.0 1.0
v 0.6732248663902283 0.06283214688301086 -0.09420674294233322 0.0 0.0 1.0
v 0.6566975712776184 0.24336104094982147 -0.03191155940294266 0.0 0.0 1.0
v 0.6706821918487549 0.1848798543214798 -0.05225284397602081 0.0 0.0 1.0
v 0.6872094869613647 0.12131334096193314 -0.07767945528030396 0.0 0.0 1.0
v 0.7050081491470337 0.2319190800189972 -0.050981514155864716 0.0 0.0 1.0
v 0.7189927697181702 0.17216655611991882 -0.06750880926847458 0.0 0.0 1.0
v 0.73552006483078 0.10987136512994766 -0.09547807276248932 0.0 0.0 1.0
v 0.740605354309082 0.2687876522541046 -0.042082201689481735 0.0 0.0 1.0
v 0.7558613419532776 0.20776380598545074 -0.06878013908863068 0.0 0.0 1.0
v 0.7711173295974731 0.14673994481563568 -0.09039275348186493 0.0 0.0 1.0
v 0.7851019501686096 0.21793444454669952 -0.07640811800956726 0.0 0.0 1.0
v 0.7990865707397461 0.16326723992824554 -0.09293541312217712 0.0 0.0 1.0
v 0.8130711913108826 0.21666310727596283 -0.08276477456092834 0.0 0.0 1.0
v 0.8613817691802979 0.21666310727596283 -0.09547807276248932 0.0 0.0 1.0
v 0.27275583148002625 -0.2753417193889618 -0.08276477456092834 0.0 0.0 1.0
v 0.32360902428627014 -0.21686053276062012 -0.08022211492061615 0.0 0.0 1.0
v 0.36429160833358765 -0.19651924073696136 -0.08530743420124054 0.0 0.0 1.0
v 0.3795475661754608 -0.1380380392074585 -0.07259412854909897 0.0 0.0 1.0
v 0.4278581142425537 -0.12659607827663422 -0.08276477456092834 0.0 0.0 1.0
v 0.4431140720844269 -0.06811487674713135 -0.07259412854909897 0.0 0.0 1.0
v 0.481253981590271 -0.09608414769172668 -0.08530743420124054 0.0 0.0 1.0
v 0.49523863196372986 -0.04014561325311661 -0.07259412854909897 0.0 0.0 1.0
v 0.5079519152641296 0.0132502606138587 -0.0586094968020916 0.0 0.0 1.0
v 0.5143085718154907 -0.08337084203958511 -0.08785009384155273 0.0 0.0 1.0
v 0.5295645594596863 -0.027432309463620186 -0.07513678818941116 0.0 0.0 1.0
v 0.5435491800308228 0.031048884615302086 -0.0586094968020916 0.0 0.0 1.0
v 0.5575338006019592 0.08317343145608902 -0.050981514155864716 0.0 0.0 1.0
v 0.5638904571533203 -0.007091023959219456 -0.07895078510046005 0.0 0.0 1.0
v 0.5778750777244568 0.0475761778652668 -0.06750880926847458 0.0 0.0 1.0
v 0.590588390827179 0.09842938929796219 -0.054795507341623306 0.0 0.0 1.0
v 0.6033017039299011 0.14928260445594788 -0.045896194875240326 0.0 0.0 1.0
v 0.6147436499595642 0.03359154611825943 -0.07895078510046005 0.0 0.0 1.0
v 0.6287283301353455 0.0895300805568695 -0.06623747944831848 0.0 0.0 1.0
v 0.6427129507064819 0.145468607544899 -0.05225284397602081 0.0 0.0 1.0
v 0.6566975712776184 0.19886448979377747 -0.04335353150963783 0.0 0.0 1.0
v 0.6706821918487549 0.25353169441223145 -0.033182889223098755 0.0 0.0 1.0
v 0.6605115532875061 0.06283214688301086 -0.08276477456092834 0.0 0.0 1.0
v 0.6744961738586426 0.12004201114177704 -0.07132279872894287 0.0 0.0 1.0
v 0.6884808540344238 0.17216655611991882 -0.0573381669819355 0.0 0.0 1.0
v 0.7024654746055603 0.229376420378685 -0.04843885451555252 0.0 0.0 1.0
v 0.7189927697181702 0.29421424865722656 -0.023012248799204826 0.0 0.0 1.0
v 0.6897521615028381 0.07554544508457184 -0.08912142366170883 0.0 0.0 1.0
v 0.7024654746055603 0.12766999006271362 -0.07513678818941116 0.0 0.0 1.0
v 0.7151787877082825 0.1797945350408554 -0.06878013908863068 0.0 0.0 1.0
v 0.7304347157478333 0.2357330620288849 -0.04843885451555252 0.0 0.0 1.0
v 0.7177214026451111 0.0946153998374939 -0.08912142366170883 0.0 0.0 1.0
v 0.7317060828208923 0.15182526409626007 -0.07640811800956726 0.0 0.0 1.0
v 0.7469620108604431 0.21030646562576294 -0.06242348626255989 0.0 0.0 1.0
v 0.7609466910362244 0.2662450075149536 -0.04716752469539642 0.0 0.0 1.0
v 0.7723886370658875 0.15182526409626007 -0.08785009384155273 0.0 0.0 1.0
v 0.7863732576370239 0.21157778799533844 -0.07259412854909897 0.0 0.0 1.0
v 0.8308698534965515 0.2255624234676361 -0.07895078510046005 0.0 0.0 1.0
v 0.8575677871704102 0.21030646562576294 -0.08912142366170883 0.0 0.0 1.0
v 0.8423117995262146 0.19505049288272858 -0.09802073985338211 0.0 0.0 1.0
v 0.8346838355064392 0.229376420378685 -0.08149344474077225 0.0 0.0 1.0
v 0.8003578782081604 0.16962389647960663 -0.09293541312217712 0.0 0.0 1.0
v 0.7914586067199707 0.20776380598545074 -0.08276477456092834 0.0 0.0 1.0
v 0.7825592756271362 0.24590371549129486 -0.06242348626255989 0.0 0.0 1.0
v 0.7660319805145264 0.15055394172668457 -0.09166408330202103 0.0 0.0 1.0
v 0.7571326494216919 0.1886938512325287 -0.07767945528030396 0.0 0.0 1.0
v 0.7495046854019165 0.2268337607383728 -0.059880826622247696 0.0 0.0 1.0
v 0.740605354309082 0.2649736702442169 -0.045896194875240326 0.0 0.0 1.0
v 0.740605354309082 0.11368535459041595 -0.09420674294233322 0.0 0.0 1.0
v 0.7317060828208923 0.15563926100730896 -0.08276477456092834 0.0 0.0 1.0
v 0.7228067517280579 0.19250783324241638 -0.06623747944831848 0.0 0.0 1.0
v 0.7139074206352234 0.2357330620288849 -0.05352417752146721 0.0 0.0 1.0
v 0.7050081491470337 0.273872971534729 -0.04081087186932564 0.0 0.0 1.0
v 0.7037367820739746 0.07935943454504013 -0.09674941003322601 0.0 0.0 1.0
v 0.6948375105857849 0.11749934405088425 -0.08276477456092834 0.0 0.0 1.0
v 0.6846668720245361 0.15818192064762115 -0.06878013908863068 0.0 0.0 1.0
v 0.677038848400116 0.19632183015346527 -0.050981514155864716 0.0 0.0 1.0
v 0.6681395769119263 0.2357330620288849 -0.04462486505508423 0.0 0.0 1.0
v 0.6630542278289795 0.06537480652332306 -0.08785009384155273 0.0 0.0 1.0
v 0.654154896736145 0.10605737566947937 -0.07259412854909897 0.0 0.0 1.0
v 0.6452556252479553 0.145468607544899 -0.0573381669819355 0.0 0.0 1.0
v 0.6363562941551208 0.1836085170507431 -0.04716752469539642 0.0 0.0 1.0
v 0.6376276016235352 0.048847511410713196 -0.08912142366170883 0.0 0.0 1.0
v 0.6287283301353455 0.08571609109640121 -0.07513678818941116 0.0 0.0 1.0
v 0.6211003065109253 0.12258467078208923 -0.059880826622247696 0.0 0.0 1.0
v 0.6122010350227356 0.16453856229782104 -0.04971018433570862 0.0 0.0 1.0
v 0.6122010350227356 0.03740553557872772 -0.08785009384155273 0.0 0.0 1.0
v 0.6033017039299011 0.07427411526441574 -0.07259412854909897 0.0 0.0 1.0
v 0.5944023728370667 0.11495668441057205 -0.054795507341623306 0.0 0.0 1.0
v 0.585503101348877 0.15309660136699677 -0.04843885451555252 0.0 0.0 1.0
v 0.5791464447975159 -0.013447675853967667 -0.09166408330202103 0.0 0.0 1.0
v 0.5715184211730957 0.023420903831720352 -0.08022211492061615 0.0 0.0 1.0
v 0.562619149684906 0.06028948351740837 -0.06496614962816238 0.0 0.0 1.0
v 0.5524485111236572 0.10478604584932327 -0.05225284397602081 0.0 0.0 1.0
v 0.5359212160110474 -0.04014561325311661 -0.09166408330202103 0.0 0.0 1.0
v 0.5282931923866272 -0.002005702583119273 -0.07386545836925507 0.0 0.0 1.0
v 0.5193939208984375 0.03740553557872772 -0.0586094968020916 0.0 0.0 1.0
v 0.5130372643470764 -0.08591350167989731 -0.09929206967353821 0.0 0.0 1.0
v 0.5054092407226562 -0.04904492571949959 -0.08403610438108444 0.0 0.0 1.0
v 0.49650996923446655 -0.010905015282332897 -0.06878013908863068 0.0 0.0 1.0
v 0.4876106381416321 -0.10625478625297546 -0.09802073985338211 0.0 0.0 1.0
v 0.47871133685112 -0.06684354692697525 -0.07895078510046005 0.0 0.0 1.0
v 0.4698120057582855 -0.02616097964346409 -0.06623747944831848 0.0 0.0 1.0
v 0.4431140720844269 -0.10244079679250717 -0.08657876402139664 0.0 0.0 1.0
v 0.4354861080646515 -0.06430088728666306 -0.07132279872894287 0.0 0.0 1.0
v 0.41133081912994385 -0.15583667159080505 -0.08912142366170883 0.0 0.0 1.0
v 0.40370285511016846 -0.11769676208496094 -0.08022211492061615 0.0 0.0 1.0
v 0.3820902407169342 -0.16092199087142944 -0.08657876402139664 0.0 0.0 1.0
v 0.35666361451148987 -0.18889126181602478 -0.09039275348186493 0.0 0.0 1.0
v 0.32233771681785583 -0.2270311713218689 -0.08912142366170883 0.0 0.0 1.0
v 0.282926470041275 -0.2600857615470886 -0.09293541312217712 0.0 0.0 1.0
v 0.2574998438358307 -0.30203965306282043 -0.09547807276248932 0.0 0.0 1.0
v 0.8041719198226929 0.22174842655658722 -0.08149344474077225 0.0 0.0 1.0
v 0.7940012216567993 0.1797945350408554 -0.08657876402139664 0.0 0.0 1.0
v 0.7838305830955505 0.1441972851753235 -0.09802073985338211 0.0 0.0 1.0
v 0.7609466910362244 0.2700589895248413 -0.04971018433570862 0.0 0.0 1.0
v 0.7507759928703308 0.2306477427482605 -0.06242348626255989 0.0 0.0 1.0
v 0.7393340468406677 0.19123651087284088 -0.07259412854909897 0.0 0.0 1.0
v 0.7304347157478333 0.15436792373657227 -0.08276477456092834 0.0 0.0 1.0
v 0.7189927697181702 0.10987136512994766 -0.09166408330202103 0.0 0.0 1.0
v 0.7189927697181702 0.25734567642211914 -0.045896194875240326 0.0 0.0 1.0
v 0.7088221311569214 0.21666310727596283 -0.056066837161779404 0.0 0.0 1.0
v 0.6973801255226135 0.17470921576023102 -0.06496614962816238 0.0 0.0 1.0
v 0.6872094869613647 0.1340266466140747 -0.07513678818941116 0.0 0.0 1.0
v 0.677038848400116 0.09588672965765 -0.08657876402139664 0.0 0.0 1.0
v 0.6668682098388672 0.057746823877096176 -0.09420674294233322 0.0 0.0 1.0
v 0.6859381794929504 0.2802296280860901 -0.03445422276854515 0.0 0.0 1.0
v 0.6643255352973938 0.20013581216335297 -0.050981514155864716 0.0 0.0 1.0
v 0.654154896736145 0.15691058337688446 -0.059880826622247696 0.0 0.0 1.0
v 0.6439842581748962 0.11877067387104034 -0.07259412854909897 0.0 0.0 1.0
v 0.6325423121452332 0.07808810472488403 -0.07895078510046005 0.0 0.0 1.0
v 0.6211003065109253 0.03740553557872772 -0.09166408330202103 0.0 0.0 1.0
v 0.6033017039299011 0.15691058337688446 -0.050981514155864716 0.0 0.0 1.0
v 0.5931310653686523 0.11877067387104034 -0.0573381669819355 0.0 0.0 1.0
v 0.5816890597343445 0.07554544508457184 -0.07005146890878677 0.0 0.0 1.0
v 0.5715184211730957 0.036134205758571625 -0.07640811800956726 0.0 0.0 1.0
v 0.5613477826118469 0.0005369578721001744 -0.08657876402139664 0.0 0.0 1.0
v 0.5511771440505981 -0.04014561325311661 -0.09547807276248932 0.0 0.0 1.0
v 0.5155799388885498 0.036134205758571625 -0.06115215644240379 0.0 0.0 1.0
v 0.5054092407226562 0.0005369578721001744 -0.06623747944831848 0.0 0.0 1.0
v 0.49523863196372986 -0.037602949887514114 -0.07640811800956726 0.0 0.0 1.0
v 0.4837966561317444 -0.08209951221942902 -0.08785009384155273 0.0 0.0 1.0
v 0.4736260175704956 -0.11896809190511703 -0.09547807276248932 0.0 0.0 1.0
v 0.4672693610191345 -0.009633684530854225 -0.06242348626255989 0.0 0.0 1.0
v 0.45709872245788574 -0.04777359589934349 -0.07132279872894287 0.0 0.0 1.0
v 0.44819939136505127 -0.08464217185974121 -0.08149344474077225 0.0 0.0 1.0
v 0.4367574453353882 -0.12532474100589752 -0.09166408330202103 0.0 0.0 1.0
v 0.40116018056869507 -0.11642543226480484 -0.07513678818941116 0.0 0.0 1.0
v 0.3897182047367096 -0.15710799396038055 -0.08785009384155273 0.0 0.0 1.0
v 0.3808189034461975 -0.19524790346622467 -0.09547807276248932 0.0 0.0 1.0
v 0.3414076566696167 -0.16982130706310272 -0.08149344474077225 0.0 0.0 1.0
v 0.32869434356689453 -0.21558919548988342 -0.08912142366170883 0.0 0.0 1.0
v 0.31852370500564575 -0.25245776772499084 -0.09802073985338211 0.0 0.0 1.0
v 0.2600425183773041 -0.29059767723083496 -0.09547807276248932 0.0 0.0 1.0
v 0.24224388599395752 -0.2816983759403229 -0.08657876402139664 0.0 0.0 1.0
v 0.26767051219940186 -0.21304653584957123 -0.07005146890878677 0.0 0.0 1.0
v 0.27021315693855286 -0.10752611607313156 -0.04462486505508423 0.0 0.0 1.0
v 0.285469114780426 -0.16854996979236603 -0.059880826622247696 0.0 0.0 1.0
v 0.2841978073120117 -0.046502262353897095 -0.024283578619360924 0.0 0.0 1.0
v 0.2994537651538849 -0.10879744589328766 -0.04335353150963783 0.0 0.0 1.0
v 0.31343838572502136 -0.16600731015205383 -0.06496614962816238 0.0 0.0 1.0
v 0.31089574098587036 0.018335582688450813 -0.010298945009708405 0.0 0.0 1.0
v 0.32615169882774353 -0.041416943073272705 -0.03953954204916954 0.0 0.0 1.0
v 0.3414076566696167 -0.10498345643281937 -0.059880826622247696 0.0 0.0 1.0
v 0.32615169882774353 0.1352979689836502 0.02021298184990883 0.0 0.0 1.0
v 0.34013631939888 0.08063076436519623 0.004957018420100212 0.0 0.0 1.0
v 0.3553922772407532 0.018335582688450813 -0.019198257476091385 0.0 0.0 1.0
v 0.37064826488494873 -0.04014561325311661 -0.04081087186932564 0.0 0.0 1.0
v 0.3859042227268219 -0.10371212661266327 -0.06496614962816238 0.0 0.0 1.0
v 0.3528496325016022 0.16199590265750885 0.01894165202975273 0.0 0.0 1.0
v 0.36683425307273865 0.10605737566947937 -0.003942293580621481 0.0 0.0 1.0
v 0.3808189034461975 0.0475761778652668 -0.026826240122318268 0.0 0.0 1.0
v 0.3973461985588074 -0.01599033549427986 -0.045896194875240326 0.0 0.0 1.0
v 0.41260215640068054 -0.07574286311864853 -0.06878013908863068 0.0 0.0 1.0
v 0.36683425307273865 0.2255624234676361 0.04309692978858948 0.0 0.0 1.0
v 0.3833615481853485 0.16326723992824554 0.016398990526795387 0.0 0.0 1.0
v 0.39861753582954407 0.10097205638885498 -0.00648495415225625 0.0 0.0 1.0
v 0.41514480113983154 0.03740553557872772 -0.03064022958278656 0.0 0.0 1.0
v 0.4291294515132904 -0.018532996997237206 -0.04843885451555252 0.0 0.0 1.0
v 0.3884468674659729 0.3247261941432953 0.05453890189528465 0.0 0.0 1.0
v 0.40243151783943176 0.2662450075149536 0.03928293660283089 0.0 0.0 1.0
v 0.4189588129520416 0.20394980907440186 0.010042339563369751 0.0 0.0 1.0
v 0.4316720962524414 0.15309660136699677 -0.0026709632948040962 0.0 0.0 1.0
v 0.44692808389663696 0.08825875073671341 -0.028097569942474365 0.0 0.0 1.0
v 0.4634553790092468 0.025963563472032547 -0.04843885451555252 0.0 0.0 1.0
v 0.41768747568130493 0.38702136278152466 0.0774228498339653 0.0 0.0 1.0
v 0.4342147707939148 0.3234548568725586 0.049453578889369965 0.0 0.0 1.0
v 0.44947072863578796 0.26243099570274353 0.022755643352866173 0.0 0.0 1.0
v 0.46472668647766113 0.20267847180366516 0.0024143580812960863 0.0 0.0 1.0
v 0.47871133685112 0.1416546255350113 -0.01665559597313404 0.0 0.0 1.0
v 0.49523863196372986 0.07808810472488403 -0.04081087186932564 0.0 0.0 1.0
v 0.4380287528038025 0.4137192964553833 0.0786941796541214 0.0 0.0 1.0
v 0.45455604791641235 0.34633880853652954 0.05072490870952606 0.0 0.0 1.0
v 0.4698120057582855 0.28658628463745117 0.025298302993178368 0.0 0.0 1.0
v 0.4850679934024811 0.2268337607383728 0.0011430276790633798 0.0 0.0 1.0
v 0.49905261397361755 0.16962389647960663 -0.014112936332821846 0.0 0.0 1.0
v 0.5143085718154907 0.10987136512994766 -0.036996882408857346 0.0 0.0 1.0
v 0.46472668647766113 0.4188046455383301 0.0812368392944336 0.0 0.0 1.0
v 0.4799826741218567 0.3565094470977783 0.04691091924905777 0.0 0.0 1.0
v 0.49396729469299316 0.29929956793785095 0.025298302993178368 0.0 0.0 1.0
v 0.510494589805603 0.23700439929962158 0.0011430276790633798 0.0 0.0 1.0
v 0.5244792103767395 0.1772518754005432 -0.01665559597313404 0.0 0.0 1.0
v 0.538463830947876 0.12131334096193314 -0.04081087186932564 0.0 0.0 1.0
v 0.5168512463569641 0.38193604350090027 0.04563958942890167 0.0 0.0 1.0
v 0.5638904571533203 0.19886448979377747 -0.026826240122318268 0.0 0.0 1.0
v 0.5638904571533203 0.3717654049396515 0.03928293660283089 0.0 0.0 1.0
v 0.5804177522659302 0.30438491702079773 0.0011430276790633798 0.0 0.0 1.0
v 0.5931310653686523 0.24971769750118256 -0.009027615189552307 0.0 0.0 1.0
v 0.6096583604812622 0.1836085170507431 -0.036996882408857346 0.0 0.0 1.0
v 0.59694504737854 0.3666800856590271 0.021484313532710075 0.0 0.0 1.0
v 0.6134723424911499 0.30184224247932434 -0.0013996330089867115 0.0 0.0 1.0
v 0.6401702761650085 0.3081988990306854 -0.005213623866438866 0.0 0.0 1.0
v 0.6897521615028381 0.29294294118881226 -0.024283578619360924 0.0 0.0 1.0
v 0.31216704845428467 0.0946153998374939 0.008771009743213654 0.0 0.0 1.0
v 0.32615169882774353 0.15309660136699677 0.025298302993178368 0.0 0.0 1.0
v 0.3414076566696167 0.20903512835502625 0.040554266422986984 0.0 0.0 1.0
v 0.35412096977233887 0.26115965843200684 0.05581023171544075 0.0 0.0 1.0
v 0.36810559034347534 0.3196408748626709 0.06470954418182373 0.0 0.0 1.0
v 0.3820902407169342 0.3743080794811249 0.0812368392944336 0.0 0.0 1.0
v 0.3960748612880707 0.42897528409957886 0.10157812386751175 0.0 0.0 1.0
v 0.2867404520511627 -0.21813185513019562 -0.07640811800956726 0.0 0.0 1.0
v 0.3007250726222992 -0.16219332814216614 -0.0586094968020916 0.0 0.0 1.0
v 0.31598106026649475 -0.10498345643281937 -0.03953954204916954 0.0 0.0 1.0
v 0.3299656808376312 -0.05158758535981178 -0.03064022958278656 0.0 0.0 1.0
v 0.3439503312110901 0.0030796185601502657 -0.02174091711640358 0.0 0.0 1.0
v 0.35666361451148987 0.05647549033164978 -0.003942293580621481 0.0 0.0 1.0
v 0.37064826488494873 0.10860003530979156 0.004957018420100212 0.0 0.0 1.0
v 0.3846328854560852 0.16453856229782104 0.01894165202975273 0.0 0.0 1.0
v 0.3973461985588074 0.21539178490638733 0.031654953956604004 0.0 0.0 1.0
v 0.41133081912994385 0.2726016342639923 0.04691091924905777 0.0 0.0 1.0
v 0.4253154695034027 0.328540176153183 0.05962422117590904 0.0 0.0 1.0
v 0.4393000900745392 0.38066473603248596 0.07233752310276031 0.0 0.0 1.0
v 0.3363223373889923 -0.16346465051174164 -0.06750880926847458 0.0 0.0 1.0
v 0.3503069579601288 -0.10879744589328766 -0.054795507341623306 0.0 0.0 1.0
v 0.36556294560432434 -0.05413024500012398 -0.04716752469539642 0.0 0.0 1.0
v 0.3782762289047241 -0.002005702583119273 -0.033182889223098755 0.0 0.0 1.0
v 0.392260879278183 0.053932830691337585 -0.017926927655935287 0.0 0.0 1.0
v 0.40751683712005615 0.11241402477025986 -0.003942293580621481 0.0 0.0 1.0
v 0.4202301502227783 0.16326723992824554 0.007499679457396269 0.0 0.0 1.0
v 0.4342147707939148 0.21793444454669952 0.017670322209596634 0.0 0.0 1.0
v 0.44947072863578796 0.2764156460762024 0.031654953956604004 0.0 0.0 1.0
v 0.46218404173851013 0.33108285069465637 0.049453578889369965 0.0 0.0 1.0
v 0.4761686623096466 0.38447871804237366 0.06089555099606514 0.0 0.0 1.0
v 0.392260879278183 -0.08464217185974121 -0.06115215644240379 0.0 0.0 1.0
v 0.40624549984931946 -0.032517630606889725 -0.050981514155864716 0.0 0.0 1.0
v 0.4202301502227783 0.025963563472032547 -0.03572555258870125 0.0 0.0 1.0
v 0.4354861080646515 0.08190210163593292 -0.024283578619360924 0.0 0.0 1.0
v 0.44819939136505127 0.1340266466140747 -0.00648495415225625 0.0 0.0 1.0
v 0.46218404173851013 0.187422513961792 0.0011430276790633798 0.0 0.0 1.0
v 0.4774399995803833 0.24717503786087036 0.01258500013500452 0.0 0.0 1.0
v 0.49015331268310547 0.30184224247932434 0.030383624136447906 0.0 0.0 1.0
v 0.5054092407226562 0.360323429107666 0.04563958942890167 0.0 0.0 1.0
v 0.45709872245788574 -0.010905015282332897 -0.054795507341623306 0.0 0.0 1.0
v 0.4710833430290222 0.04249085858464241 -0.045896194875240326 0.0 0.0 1.0
v 0.4863393008708954 0.10351471602916718 -0.028097569942474365 0.0 0.0 1.0
v 0.5003239512443542 0.15691058337688446 -0.015384266152977943 0.0 0.0 1.0
v 0.5130372643470764 0.20776380598545074 -0.0013996330089867115 0.0 0.0 1.0
v 0.5257505774497986 0.25734567642211914 -0.0001283026358578354 0.0 0.0 1.0
v 0.5410065054893494 0.3170982003211975 0.01512766070663929 0.0 0.0 1.0
v 0.5562624931335449 0.3781220614910126 0.04309692978858948 0.0 0.0 1.0
v 0.5232079029083252 0.07173145562410355 -0.04462486505508423 0.0 0.0 1.0
v 0.5371925234794617 0.12639865279197693 -0.036996882408857346 0.0 0.0 1.0
v 0.5511771440505981 0.1810658574104309 -0.02174091711640358 0.0 0.0 1.0
v 0.5651617646217346 0.23700439929962158 -0.00648495415225625 0.0 0.0 1.0
v 0.5791464447975159 0.29167160391807556 -0.0013996330089867115 0.0 0.0 1.0
v 0.5944023728370667 0.35015279054641724 0.022755643352866173 0.0 0.0 1.0
v 0.5715184211730957 0.1378406286239624 -0.036996882408857346 0.0 0.0 1.0
v 0.5842317342758179 0.19250783324241638 -0.024283578619360924 0.0 0.0 1.0
v 0.5994877219200134 0.24971769750118256 -0.011570275761187077 0.0 0.0 1.0
v 0.6122010350227356 0.30311357975006104 0.0024143580812960863 0.0 0.0 1.0
v 0.6185576915740967 0.20522113144397736 -0.03445422276854515 0.0 0.0 1.0
v 0.6325423121452332 0.26243099570274353 -0.017926927655935287 0.0 0.0 1.0
v 0.6465269327163696 0.3183695375919342 0.003685688367113471 0.0 0.0 1.0
v 0.6859381794929504 0.3120128810405731 -0.010298945009708405 0.0 0.0 1.0
v 0.6973801255226135 0.30692756175994873 -0.019198257476091385 0.0 0.0 1.0
v 0.6592402458190918 0.2776869535446167 -0.026826240122318268 0.0 0.0 1.0
v 0.6503409147262573 0.3132842183113098 -0.009027615189552307 0.0 0.0 1.0
v 0.6274569630622864 0.2255624234676361 -0.036996882408857346 0.0 0.0 1.0
v 0.619828999042511 0.25988835096359253 -0.019198257476091385 0.0 0.0 1.0
v 0.6096583604812622 0.30057090520858765 -0.003942293580621481 0.0 0.0 1.0
v 0.6020303964614868 0.33743947744369507 0.008771009743213654 0.0 0.0 1.0
v 0.5944023728370667 0.3730367422103882 0.025298302993178368 0.0 0.0 1.0
v 0.5956737399101257 0.23700439929962158 -0.02174091711640358 0.0 0.0 1.0
v 0.5867744088172913 0.2751443088054657 -0.010298945009708405 0.0 0.0 1.0
v 0.5766037702560425 0.3170982003211975 0.003685688367113471 0.0 0.0 1.0
v 0.5689758062362671 0.35015279054641724 0.02402697317302227 0.0 0.0 1.0
v 0.5613477826118469 0.38829270005226135 0.035468947142362595 0.0 0.0 1.0
v 0.5766037702560425 0.1899651736021042 -0.03572555258870125 0.0 0.0 1.0
v 0.567704439163208 0.2306477427482605 -0.01665559597313404 0.0 0.0 1.0
v 0.5588051676750183 0.2700589895248413 -0.00648495415225625 0.0 0.0 1.0
v 0.5422778725624084 0.34633880853652954 0.026569634675979614 0.0 0.0 1.0
v 0.533378541469574 0.38193604350090027 0.04818224906921387 0.0 0.0 1.0
v 0.5448204874992371 0.1416546255350113 -0.03953954204916954 0.0 0.0 1.0
v 0.5359212160110474 0.1772518754005432 -0.026826240122318268 0.0 0.0 1.0
v 0.5270218849182129 0.21666310727596283 -0.009027615189552307 0.0 0.0 1.0
v 0.5181225538253784 0.25988835096359253 0.0011430276790633798 0.0 0.0 1.0
v 0.5092232823371887 0.29929956793785095 0.013856330886483192 0.0 0.0 1.0
v 0.5003239512443542 0.33616816997528076 0.0341976173222065 0.0 0.0 1.0
v 0.4914246201515198 0.3781220614910126 0.049453578889369965 0.0 0.0 1.0
v 0.4837966561317444 0.4111766517162323 0.06725220382213593 0.0 0.0 1.0
v 0.510494589805603 0.07808810472488403 -0.045896194875240326 0.0 0.0 1.0
v 0.5003239512443542 0.12004201114177704 -0.03572555258870125 0.0 0.0 1.0
v 0.4914246201515198 0.15818192064762115 -0.019198257476091385 0.0 0.0 1.0
v 0.4825253188610077 0.19759315252304077 -0.007756284438073635 0.0 0.0 1.0
v 0.4736260175704956 0.2357330620288849 0.003685688367113471 0.0 0.0 1.0
v 0.4659980237483978 0.271330326795578 0.022755643352866173 0.0 0.0 1.0
v 0.45709872245788574 0.3094702363014221 0.03928293660283089 0.0 0.0 1.0
v 0.44819939136505127 0.35015279054641724 0.05072490870952606 0.0 0.0 1.0
v 0.4405714273452759 0.38702136278152466 0.06598087400197983 0.0 0.0 1.0
v 0.4316720962524414 0.42388996481895447 0.08759348839521408 0.0 0.0 1.0
v 0.4876106381416321 0.02850622497498989 -0.054795507341623306 0.0 0.0 1.0
v 0.4799826741218567 0.06410347670316696 -0.04335353150963783 0.0 0.0 1.0
v 0.4710833430290222 0.10224338620901108 -0.029368899762630463 0.0 0.0 1.0
v 0.46091270446777344 0.145468607544899 -0.011570275761187077 0.0 0.0 1.0
v 0.4431140720844269 0.2230197638273239 0.007499679457396269 0.0 0.0 1.0
v 0.4342147707939148 0.26243099570274353 0.02784096449613571 0.0 0.0 1.0
v 0.4253154695034027 0.30438491702079773 0.040554266422986984 0.0 0.0 1.0
v 0.41768747568130493 0.33743947744369507 0.05453890189528465 0.0 0.0 1.0
v 0.40878817439079285 0.3768507242202759 0.07360885292291641 0.0 0.0 1.0
v 0.3998888432979584 0.4162619709968567 0.08632215857505798 0.0 0.0 1.0
v 0.46091270446777344 0.01070760004222393 -0.054795507341623306 0.0 0.0 1.0
v 0.45201340317726135 0.05139017105102539 -0.04081087186932564 0.0 0.0 1.0
v 0.4418427646160126 0.0933440700173378 -0.02555490843951702 0.0 0.0 1.0
v 0.4342147707939148 0.13021264970302582 -0.010298945009708405 0.0 0.0 1.0
v 0.4253154695034027 0.16962389647960663 -0.0001283026358578354 0.0 0.0 1.0
v 0.41641613841056824 0.21030646562576294 0.01512766070663929 0.0 0.0 1.0
v 0.40751683712005615 0.24844637513160706 0.030383624136447906 0.0 0.0 1.0
v 0.39861753582954407 0.2853149473667145 0.04309692978858948 0.0 0.0 1.0
v 0.3897182047367096 0.3247261941432953 0.05708156153559685 0.0 0.0 1.0
v 0.3820902407169342 0.3615947663784027 0.07488018274307251 0.0 0.0 1.0
v 0.4253154695034027 -0.023618318140506744 -0.05225284397602081 0.0 0.0 1.0
v 0.41768747568130493 0.011978930793702602 -0.04462486505508423 0.0 0.0 1.0
v 0.40878817439079285 0.05266150087118149 -0.03191155940294266 0.0 0.0 1.0
v 0.3998888432979584 0.0920727401971817 -0.01665559597313404 0.0 0.0 1.0
v 0.3909895420074463 0.12766999006271362 -0.0026709632948040962 0.0 0.0 1.0
v 0.3833615481853485 0.16326723992824554 0.010042339563369751 0.0 0.0 1.0
v 0.3744622468948364 0.20394980907440186 0.02402697317302227 0.0 0.0 1.0
v 0.36556294560432434 0.24208971858024597 0.040554266422986984 0.0 0.0 1.0
v 0.35666361451148987 0.2789582908153534 0.049453578889369965 0.0 0.0 1.0
v 0.394803524017334 -0.08082818239927292 -0.06115215644240379 0.0 0.0 1.0
v 0.3859042227268219 -0.0426882728934288 -0.050981514155864716 0.0 0.0 1.0
v 0.3782762289047241 -0.005819693673402071 -0.03826821222901344 0.0 0.0 1.0
v 0.36937692761421204 0.03486287593841553 -0.02555490843951702 0.0 0.0 1.0
v 0.36047762632369995 0.07173145562410355 -0.009027615189552307 0.0 0.0 1.0
v 0.3515782952308655 0.10860003530979156 0.004957018420100212 0.0 0.0 1.0
v 0.3426789939403534 0.14928260445594788 0.01512766070663929 0.0 0.0 1.0
v 0.3350510001182556 0.187422513961792 0.030383624136447906 0.0 0.0 1.0
v 0.37191957235336304 -0.12023942172527313 -0.07005146890878677 0.0 0.0 1.0
v 0.36429160833358765 -0.08209951221942902 -0.0573381669819355 0.0 0.0 1.0
v 0.3553922772407532 -0.0439596027135849 -0.04716752469539642 0.0 0.0 1.0
v 0.3452216386795044 -0.0032770331017673016 -0.03064022958278656 0.0 0.0 1.0
v 0.337593674659729 0.036134205758571625 -0.014112936332821846 0.0 0.0 1.0
v 0.32869434356689453 0.07173145562410355 -0.003942293580621481 0.0 0.0 1.0
v 0.31979504227638245 0.10987136512994766 0.011313670314848423 0.0 0.0 1.0
v 0.3477643132209778 -0.14948001503944397 -0.07386545836925507 0.0 0.0 1.0
v 0.34013631939888 -0.11006878316402435 -0.06115215644240379 0.0 0.0 1.0
v 0.3312370181083679 -0.07320020347833633 -0.04716752469539642 0.0 0.0 1.0
v 0.32233771681785583 -0.03506029024720192 -0.033182889223098755 0.0 0.0 1.0
v 0.31343838572502136 0.0030796185601502657 -0.019198257476091385 0.0 0.0 1.0
v 0.3045390844345093 0.045033518224954605 -0.00648495415225625 0.0 0.0 1.0
v 0.31343838572502136 -0.1850772649049759 -0.07767945528030396 0.0 0.0 1.0
v 0.3032677471637726 -0.14312337338924408 -0.06242348626255989 0.0 0.0 1.0
v 0.2943684458732605 -0.10625478625297546 -0.050981514155864716 0.0 0.0 1.0
v 0.285469114780426 -0.06557221710681915 -0.036996882408857346 0.0 0.0 1.0
v 0.27275583148002625 -0.2194031924009323 -0.07767945528030396 0.0 0.0 1.0
v 0.26512783765792847 -0.1825346052646637 -0.06369481980800629 0.0 0.0 1.0
v 0.2562285363674164 -0.14566603302955627 -0.050981514155864716 0.0 0.0 1.0
v 0.2473292201757431 -0.25881442427635193 -0.08149344474077225 0.0 0.0 1.0
v 0.23842990398406982 -0.2194031924009323 -0.06750880926847458 0.0 0.0 1.0
v 0.6452556252479553 0.3145555555820465 -0.005213623866438866 0.0 0.0 1.0
v 0.6350849866867065 0.2764156460762024 -0.017926927655935287 0.0 0.0 1.0
v 0.624914288520813 0.23827572166919708 -0.03191155940294266 0.0 0.0 1.0
v 0.5994877219200134 0.3552381098270416 0.021484313532710075 0.0 0.0 1.0
v 0.5893170833587646 0.3145555555820465 0.0011430276790633798 0.0 0.0 1.0
v 0.5791464447975159 0.2776869535446167 -0.00648495415225625 0.0 0.0 1.0
v 0.5689758062362671 0.2357330620288849 -0.011570275761187077 0.0 0.0 1.0
v 0.5575338006019592 0.19632183015346527 -0.02555490843951702 0.0 0.0 1.0
v 0.5473631620407104 0.15691058337688446 -0.033182889223098755 0.0 0.0 1.0
v 0.5371925234794617 0.12004201114177704 -0.03953954204916954 0.0 0.0 1.0
v 0.5270218849182129 0.07935943454504013 -0.045896194875240326 0.0 0.0 1.0
v 0.562619149684906 0.34888145327568054 0.01894165202975273 0.0 0.0 1.0
v 0.5308358669281006 0.2306477427482605 -0.007756284438073635 0.0 0.0 1.0
v 0.5206652283668518 0.19250783324241638 -0.014112936332821846 0.0 0.0 1.0
v 0.5117658972740173 0.15691058337688446 -0.029368899762630463 0.0 0.0 1.0
v 0.5003239512443542 0.11241402477025986 -0.036996882408857346 0.0 0.0 1.0
v 0.4888819754123688 0.07427411526441574 -0.042082201689481735 0.0 0.0 1.0
v 0.47871133685112 0.03486287593841553 -0.05352417752146721 0.0 0.0 1.0
v 0.5282931923866272 0.3641374409198761 0.03928293660283089 0.0 0.0 1.0
v 0.5193939208984375 0.3272688388824463 0.02402697317302227 0.0 0.0 1.0
v 0.49778127670288086 0.24590371549129486 0.0024143580812960863 0.0 0.0 1.0
v 0.4863393008708954 0.20649246871471405 -0.007756284438073635 0.0 0.0 1.0
v 0.4761686623096466 0.16708122193813324 -0.010298945009708405 0.0 0.0 1.0
v 0.4659980237483978 0.12766999006271362 -0.023012248799204826 0.0 0.0 1.0
v 0.45455604791641235 0.08698742091655731 -0.033182889223098755 0.0 0.0 1.0
v 0.4443854093551636 0.048847511410713196 -0.04462486505508423 0.0 0.0 1.0
v 0.4329434335231781 0.004350949078798294 -0.050981514155864716 0.0 0.0 1.0
v 0.4215014576911926 -0.04014561325311661 -0.056066837161779404 0.0 0.0 1.0
v 0.41133081912994385 -0.07574286311864853 -0.06878013908863068 0.0 0.0 1.0
v 0.49015331268310547 0.39337801933288574 0.053267572075128555 0.0 0.0 1.0
v 0.4799826741218567 0.3565094470977783 0.04182559624314308 0.0 0.0 1.0
v 0.4685406982898712 0.3120128810405731 0.031654953956604004 0.0 0.0 1.0
v 0.45837005972862244 0.271330326795578 0.01894165202975273 0.0 0.0 1.0
v 0.44819939136505127 0.2331904023885727 0.010042339563369751 0.0 0.0 1.0
v 0.4253154695034027 0.14801126718521118 -0.00648495415225625 0.0 0.0 1.0
v 0.41514480113983154 0.11114269495010376 -0.012841605581343174 0.0 0.0 1.0
v 0.40497416257858276 0.07046012580394745 -0.024283578619360924 0.0 0.0 1.0
v 0.394803524017334 0.03232021629810333 -0.036996882408857346 0.0 0.0 1.0
v 0.3846328854560852 -0.007091023959219456 -0.04462486505508423 0.0 0.0 1.0
v 0.37319090962409973 -0.050316255539655685 -0.05225284397602081 0.0 0.0 1.0
v 0.36174893379211426 -0.09227015823125839 -0.0586094968020916 0.0 0.0 1.0
v 0.3515782952308655 -0.1291387379169464 -0.07132279872894287 0.0 0.0 1.0
v 0.44947072863578796 0.42388996481895447 0.0812368392944336 0.0 0.0 1.0
v 0.4405714273452759 0.38829270005226135 0.06470954418182373 0.0 0.0 1.0
v 0.4304007887840271 0.34888145327568054 0.05199623852968216 0.0 0.0 1.0
v 0.41768747568130493 0.30438491702079773 0.03928293660283089 0.0 0.0 1.0
v 0.40751683712005615 0.2675163149833679 0.0329262837767601 0.0 0.0 1.0
v 0.39861753582954407 0.229376420378685 0.025298302993178368 0.0 0.0 1.0
v 0.3871755599975586 0.1886938512325287 0.016398990526795387 0.0 0.0 1.0
v 0.3770048916339874 0.14801126718521118 0.004957018420100212 0.0 0.0 1.0
v 0.36683425307273865 0.10987136512994766 -0.005213623866438866 0.0 0.0 1.0
v 0.3553922772407532 0.06537480652332306 -0.00648495415225625 0.0 0.0 1.0
v 0.3439503312110901 0.02469223365187645 -0.020469587296247482 0.0 0.0 1.0
v 0.3337796628475189 -0.013447675853967667 -0.03191155940294266 0.0 0.0 1.0
v 0.32233771681785583 -0.055401574820280075 -0.03826821222901344 0.0 0.0 1.0
v 0.31216704845428467 -0.09608414769172668 -0.04971018433570862 0.0 0.0 1.0
v 0.3019964098930359 -0.1354953795671463 -0.059880826622247696 0.0 0.0 1.0
v 0.2918257713317871 -0.17109262943267822 -0.07132279872894287 0.0 0.0 1.0
v 0.28038379549980164 -0.21431785821914673 -0.08022211492061615 0.0 0.0 1.0
v 0.26894181966781616 -0.25500044226646423 -0.08785009384155273 0.0 0.0 1.0
v 0.4215014576911926 0.43406060338020325 0.09267880767583847 0.0 0.0 1.0
v 0.41133081912994385 0.39464935660362244 0.0799655094742775 0.0 0.0 1.0
v 0.3998888432979584 0.3526954650878906 0.06598087400197983 0.0 0.0 1.0
v 0.3897182047367096 0.3145555555820465 0.05453890189528465 0.0 0.0 1.0
v 0.3795475661754608 0.2764156460762024 0.04309692978858948 0.0 0.0 1.0
v 0.36810559034347534 0.2331904023885727 0.0341976173222065 0.0 0.0 1.0
v 0.35793495178222656 0.19250783324241638 0.02911229431629181 0.0 0.0 1.0
v 0.3477643132209778 0.15563926100730896 0.02021298184990883 0.0 0.0 1.0
v 0.3363223373889923 0.11241402477025986 0.007499679457396269 0.0 0.0 1.0
v 0.32615169882774353 0.07300278544425964 -0.0026709632948040962 0.0 0.0 1.0
v 0.31470972299575806 0.03359154611825943 -0.010298945009708405 0.0 0.0 1.0
v 0.30581042170524597 -0.005819693673402071 -0.019198257476091385 0.0 0.0 1.0
v 0.2943684458732605 -0.045230932533741 -0.03064022958278656 0.0 0.0 1.0
v 0.285469114780426 -0.08209951221942902 -0.03826821222901344 0.0 0.0 1.0
v 0.27529847621917725 -0.12023942172527313 -0.04971018433570862 0.0 0.0 1.0
v 0.2638565003871918 -0.16473598778247833 -0.05352417752146721 0.0 0.0 1.0
v 0.253685861825943 -0.20160456001758575 -0.06750880926847458 0.0 0.0 1.0
v 0.2435152232646942 -0.23974446952342987 -0.07259412854909897 0.0 0.0 1.0
v 0.23207324743270874 -0.2816983759403229 -0.08530743420124054 0.0 0.0 1.0
v 0.22190260887145996 -0.3211096227169037 -0.09293541312217712 0.0 0.0 1.0
v 0.40116018056869507 0.4531305432319641 0.10539211332798004 0.0 0.0 1.0
v 0.40878817439079285 0.47601449489593506 0.09903546422719955 0.0 0.0 1.0
v 0.4227727949619293 0.4658438563346863 0.09649280458688736 0.0 0.0 1.0
v -0.10355795174837112 -0.30331099033355713 -0.0026709632948040962 0.0 0.0 1.0
v -0.0666893720626831 -0.25118643045425415 0.0024143580812960863 0.0 0.0 1.0
v -0.05143341049551964 -0.3122102916240692 -0.02174091711640358 0.0 0.0 1.0
v -0.026006802916526794 -0.23847314715385437 -0.003942293580621481 0.0 0.0 1.0
v -0.00947950966656208 -0.30203965306282043 -0.029368899762630463 0.0 0.0 1.0
v -0.008208178915083408 -0.1825346052646637 0.004957018420100212 0.0 0.0 1.0
v 0.0057764542289078236 -0.23974446952342987 -0.015384266152977943 0.0 0.0 1.0
v 0.021032417193055153 -0.30076831579208374 -0.03445422276854515 0.0 0.0 1.0
v 0.015947096049785614 -0.16600731015205383 0.006228348705917597 0.0 0.0 1.0
v 0.03120306134223938 -0.2257598340511322 -0.011570275761187077 0.0 0.0 1.0
v 0.04773035645484924 -0.29059767723083496 -0.04081087186932564 0.0 0.0 1.0
v 0.04391636326909065 -0.09989813715219498 0.013856330886483192 0.0 0.0 1.0
v 0.056629665195941925 -0.15329401195049286 -0.005213623866438866 0.0 0.0 1.0
v 0.07442829012870789 -0.2194031924009323 -0.029368899762630463 0.0 0.0 1.0
v 0.08714159578084946 -0.2740703821182251 -0.042082201689481735 0.0 0.0 1.0
v 0.10239756107330322 -0.33509424328804016 -0.06878013908863068 0.0 0.0 1.0
v 0.07315696030855179 -0.037602949887514114 0.0329262837767601 0.0 0.0 1.0
v 0.08714159578084946 -0.09608414769172668 0.007499679457396269 0.0 0.0 1.0
v 0.10112623125314713 -0.15202267467975616 -0.005213623866438866 0.0 0.0 1.0
v 0.1163821890950203 -0.21431785821914673 -0.033182889223098755 0.0 0.0 1.0
v 0.13036683201789856 -0.2689850628376007 -0.05352417752146721 0.0 0.0 1.0
v 0.14562278985977173 -0.3287375867366791 -0.06878013908863068 0.0 0.0 1.0
v 0.09731223434209824 -0.008362354710698128 0.030383624136447906 0.0 0.0 1.0
v 0.12528149783611298 -0.12151075154542923 -0.009027615189552307 0.0 0.0 1.0
v 0.14053747057914734 -0.18634860217571259 -0.033182889223098755 0.0 0.0 1.0
v 0.154522106051445 -0.23974446952342987 -0.04971018433570862 0.0 0.0 1.0
v 0.16977806389331818 -0.30331099033355713 -0.07767945528030396 0.0 0.0 1.0
v 0.1151108592748642 0.03867686912417412 0.04691091924905777 0.0 0.0 1.0
v 0.13163815438747406 -0.027432309463620186 0.01512766070663929 0.0 0.0 1.0
v 0.14689411222934723 -0.0884561613202095 0.0011430276790633798 0.0 0.0 1.0
v 0.1621500849723816 -0.14693735539913177 -0.024283578619360924 0.0 0.0 1.0
v 0.17613472044467926 -0.20287589728832245 -0.045896194875240326 0.0 0.0 1.0
v 0.19266201555728912 -0.2702564001083374 -0.07132279872894287 0.0 0.0 1.0
v 0.2066466510295868 -0.3261949419975281 -0.08276477456092834 0.0 0.0 1.0
v 0.15070810914039612 0.08571609109640121 0.04818224906921387 0.0 0.0 1.0
v 0.1659640669822693 0.023420903831720352 0.02021298184990883 0.0 0.0 1.0
v 0.18122003972530365 -0.03633162006735802 -0.0013996330089867115 0.0 0.0 1.0
v 0.19647599756717682 -0.09735547751188278 -0.017926927655935287 0.0 0.0 1.0
v 0.21300329267978668 -0.16219332814216614 -0.04462486505508423 0.0 0.0 1.0
v 0.22698792815208435 -0.2219458520412445 -0.06878013908863068 0.0 0.0 1.0
v 0.19266201555728912 0.08698742091655731 0.04182559624314308 0.0 0.0 1.0
v 0.2066466510295868 0.02850622497498989 0.01894165202975273 0.0 0.0 1.0
v 0.22063127160072327 -0.027432309463620186 0.0011430276790633798 0.0 0.0 1.0
v 0.23588724434375763 -0.0884561613202095 -0.02555490843951702 0.0 0.0 1.0
v 0.251143217086792 -0.14820869266986847 -0.045896194875240326 0.0 0.0 1.0
v 0.209189310669899 0.1352979689836502 0.04818224906921387 0.0 0.0 1.0
v 0.22444526851177216 0.07427411526441574 0.022755643352866173 0.0 0.0 1.0
v 0.24097256362438202 0.008164939470589161 0.0024143580812960863 0.0 0.0 1.0
v 0.2549571990966797 -0.046502262353897095 -0.014112936332821846 0.0 0.0 1.0
v 0.22317393124103546 0.19505049288272858 0.06470954418182373 0.0 0.0 1.0
v 0.23842990398406982 0.1340266466140747 0.044368259608745575 0.0 0.0 1.0
v 0.2549571990966797 0.07046012580394745 0.016398990526795387 0.0 0.0 1.0
v 0.26894181966781616 0.0132502606138587 -0.0001283026358578354 0.0 0.0 1.0
v 0.2524145245552063 0.25098901987075806 0.07233752310276031 0.0 0.0 1.0
v 0.26767051219940186 0.19250783324241638 0.05072490870952606 0.0 0.0 1.0
v 0.282926470041275 0.1340266466140747 0.026569634675979614 0.0 0.0 1.0
v 0.2981824278831482 0.07046012580394745 0.003685688367113471 0.0 0.0 1.0
v 0.2956397533416748 0.25861701369285583 0.06852353364229202 0.0 0.0 1.0
v 0.31089574098587036 0.19759315252304077 0.04691091924905777 0.0 0.0 1.0
v 0.32106637954711914 0.28658628463745117 0.062166884541511536 0.0 0.0 1.0
v 0.337593674659729 0.2230197638273239 0.03801160678267479 0.0 0.0 1.0
v 0.3363223373889923 0.35142412781715393 0.08886481821537018 0.0 0.0 1.0
v 0.3528496325016022 0.2853149473667145 0.06089555099606514 0.0 0.0 1.0
v 0.37191957235336304 0.39083537459373474 0.08886481821537018 0.0 0.0 1.0
v -0.06541804224252701 -0.3134816288948059 -0.015384266152977943 0.0 0.0 1.0
v -0.05143341049551964 -0.25881442427635193 0.0024143580812960863 0.0 0.0 1.0
v -0.03744877502322197 -0.20541855692863464 0.006228348705917597 0.0 0.0 1.0
v -0.038720108568668365 -0.3274662494659424 -0.024283578619360924 0.0 0.0 1.0
v -0.024735473096370697 -0.2740703821182251 -0.010298945009708405 0.0 0.0 1.0
v -0.010750839486718178 -0.2194031924009323 0.0011430276790633798 0.0 0.0 1.0
v 0.0019624633714556694 -0.16854996979236603 0.007499679457396269 0.0 0.0 1.0
v 0.015947096049785614 -0.11134011298418045 0.02021298184990883 0.0 0.0 1.0
v -0.000580197258386761 -0.29949700832366943 -0.026826240122318268 0.0 0.0 1.0
v 0.014675766229629517 -0.24228712916374207 -0.010298945009708405 0.0 0.0 1.0
v 0.02738907001912594 -0.18889126181602478 -0.0001283026358578354 0.0 0.0 1.0
v 0.04010237380862236 -0.14058071374893188 0.004957018420100212 0.0 0.0 1.0
v 0.05535833537578583 -0.07955685257911682 0.02021298184990883 0.0 0.0 1.0
v 0.0693429708480835 -0.02616097964346409 0.03801160678267479 0.0 0.0 1.0
v 0.033745720982551575 -0.33382290601730347 -0.042082201689481735 0.0 0.0 1.0
v 0.04645902290940285 -0.2842410206794739 -0.03445422276854515 0.0 0.0 1.0
v 0.060443658381700516 -0.2283024936914444 -0.019198257476091385 0.0 0.0 1.0
v 0.07569961994886398 -0.17109262943267822 -0.005213623866438866 0.0 0.0 1.0
v 0.08841292560100555 -0.12151075154542923 0.003685688367113471 0.0 0.0 1.0
v 0.10112623125314713 -0.06938620656728745 0.02021298184990883 0.0 0.0 1.0
v 0.1151108592748642 -0.012176345102488995 0.026569634675979614 0.0 0.0 1.0
v 0.13036683201789856 0.04249085858464241 0.04182559624314308 0.0 0.0 1.0
v 0.09222691506147385 -0.30076831579208374 -0.045896194875240326 0.0 0.0 1.0
v 0.10494022071361542 -0.25118643045425415 -0.03572555258870125 0.0 0.0 1.0
v 0.11892484873533249 -0.19651924073696136 -0.028097569942474365 0.0 0.0 1.0
v 0.13418081402778625 -0.136766716837883 -0.011570275761187077 0.0 0.0 1.0
v 0.14689411222934723 -0.0871848315000534 0.0011430276790633798 0.0 0.0 1.0
v 0.1608787477016449 -0.02997496910393238 0.01258500013500452 0.0 0.0 1.0
v 0.17486338317394257 0.02850622497498989 0.025298302993178368 0.0 0.0 1.0
v 0.18884801864624023 0.07935943454504013 0.040554266422986984 0.0 0.0 1.0
v 0.2028326541185379 0.1352979689836502 0.05453890189528465 0.0 0.0 1.0
v 0.21808861196041107 0.19505049288272858 0.06852353364229202 0.0 0.0 1.0
v 0.11892484873533249 -0.3249236047267914 -0.06750880926847458 0.0 0.0 1.0
v 0.13418081402778625 -0.2702564001083374 -0.05352417752146721 0.0 0.0 1.0
v 0.14816544950008392 -0.21050387620925903 -0.04081087186932564 0.0 0.0 1.0
v 0.1608787477016449 -0.15965066850185394 -0.029368899762630463 0.0 0.0 1.0
v 0.17486338317394257 -0.10625478625297546 -0.01665559597313404 0.0 0.0 1.0
v 0.19011935591697693 -0.046502262353897095 -0.0001283026358578354 0.0 0.0 1.0
v 0.2041039764881134 0.0068936096504330635 0.010042339563369751 0.0 0.0 1.0
v 0.21808861196041107 0.06283214688301086 0.022755643352866173 0.0 0.0 1.0
v 0.23334458470344543 0.12512733042240143 0.040554266422986984 0.0 0.0 1.0
v 0.2473292201757431 0.1797945350408554 0.05453890189528465 0.0 0.0 1.0
v 0.26131385564804077 0.2331904023885727 0.06725220382213593 0.0 0.0 1.0
v 0.27529847621917725 0.28658628463745117 0.0774228498339653 0.0 0.0 1.0
v 0.1608787477016449 -0.29822567105293274 -0.06369481980800629 0.0 0.0 1.0
v 0.17613472044467926 -0.24101580679416656 -0.050981514155864716 0.0 0.0 1.0
v 0.19011935591697693 -0.1850772649049759 -0.03572555258870125 0.0 0.0 1.0
v 0.2053753137588501 -0.12786740064620972 -0.023012248799204826 0.0 0.0 1.0
v 0.21935994923114777 -0.06938620656728745 -0.00648495415225625 0.0 0.0 1.0
v 0.23207324743270874 -0.022346988320350647 -0.0013996330089867115 0.0 0.0 1.0
v 0.2447865605354309 0.031048884615302086 0.016398990526795387 0.0 0.0 1.0
v 0.2600425183773041 0.0908014103770256 0.030383624136447906 0.0 0.0 1.0
v 0.27529847621917725 0.14928260445594788 0.044368259608745575 0.0 0.0 1.0
v 0.2880117893218994 0.20013581216335297 0.058352891355752945 0.0 0.0 1.0
v 0.3032677471637726 0.25734567642211914 0.06979486346244812 0.0 0.0 1.0
v 0.31852370500564575 0.3170982003211975 0.08632215857505798 0.0 0.0 1.0
v 0.2002899944782257 -0.34272223711013794 -0.08785009384155273 0.0 0.0 1.0
v 0.21300329267978668 -0.29441168904304504 -0.07767945528030396 0.0 0.0 1.0
v 0.22571660578250885 -0.24101580679416656 -0.07005146890878677 0.0 0.0 1.0
v 0.24097256362438202 -0.1825346052646637 -0.056066837161779404 0.0 0.0 1.0
v 0.2549571990966797 -0.12659607827663422 -0.04081087186932564 0.0 0.0 1.0
v 0.26767051219940186 -0.07574286311864853 -0.03064022958278656 0.0 0.0 1.0
v 0.2841978073120117 -0.013447675853967667 -0.012841605581343174 0.0 0.0 1.0
v 0.2981824278831482 0.04249085858464241 0.0024143580812960863 0.0 0.0 1.0
v 0.3744622468948364 0.39464935660362244 0.09267880767583847 0.0 0.0 1.0
v 0.3490356504917145 0.3158268630504608 0.06852353364229202 0.0 0.0 1.0
v 0.3388649821281433 0.3590521216392517 0.08250816911458969 0.0 0.0 1.0
v 0.32488036155700684 0.2281050831079483 0.04309692978858948 0.0 0.0 1.0
v 0.31725236773490906 0.2662450075149536 0.05962422117590904 0.0 0.0 1.0
v 0.308353066444397 0.30311357975006104 0.07360885292291641 0.0 0.0 1.0
v 0.31089574098587036 0.15182526409626007 0.026569634675979614 0.0 0.0 1.0
v 0.3019964098930359 0.1899651736021042 0.03801160678267479 0.0 0.0 1.0
v 0.2930971086025238 0.229376420378685 0.05581023171544075 0.0 0.0 1.0
v 0.2841978073120117 0.2700589895248413 0.07106619328260422 0.0 0.0 1.0
v 0.2943684458732605 0.08698742091655731 0.007499679457396269 0.0 0.0 1.0
v 0.2867404520511627 0.12512733042240143 0.022755643352866173 0.0 0.0 1.0
v 0.27784115076065063 0.16199590265750885 0.04182559624314308 0.0 0.0 1.0
v 0.26894181966781616 0.20267847180366516 0.05453890189528465 0.0 0.0 1.0
v 0.26131385564804077 0.23827572166919708 0.06725220382213593 0.0 0.0 1.0
v 0.27656981348991394 -0.023618318140506744 -0.020469587296247482 0.0 0.0 1.0
v 0.26894181966781616 0.01070760004222393 -0.00648495415225625 0.0 0.0 1.0
v 0.2600425183773041 0.048847511410713196 0.006228348705917597 0.0 0.0 1.0
v 0.251143217086792 0.08698742091655731 0.02021298184990883 0.0 0.0 1.0
v 0.24224388599395752 0.12512733042240143 0.03674027696251869 0.0 0.0 1.0
v 0.23334458470344543 0.16326723992824554 0.04818224906921387 0.0 0.0 1.0
v 0.22444526851177216 0.20394980907440186 0.06470954418182373 0.0 0.0 1.0
v 0.2473292201757431 -0.10625478625297546 -0.03953954204916954 0.0 0.0 1.0
v 0.23970122635364532 -0.06811487674713135 -0.02174091711640358 0.0 0.0 1.0
v 0.23080192506313324 -0.028703639283776283 -0.007756284438073635 0.0 0.0 1.0
v 0.22063127160072327 0.011978930793702602 0.0024143580812960863 0.0 0.0 1.0
v 0.21300329267978668 0.05011884123086929 0.017670322209596634 0.0 0.0 1.0
v 0.2041039764881134 0.08825875073671341 0.03801160678267479 0.0 0.0 1.0
v 0.19393333792686462 0.13021264970302582 0.04818224906921387 0.0 0.0 1.0
v 0.23080192506313324 -0.1850772649049759 -0.0573381669819355 0.0 0.0 1.0
v 0.22063127160072327 -0.14312337338924408 -0.04081087186932564 0.0 0.0 1.0
v 0.21173197031021118 -0.10116946697235107 -0.02555490843951702 0.0 0.0 1.0
v 0.2041039764881134 -0.06430088728666306 -0.012841605581343174 0.0 0.0 1.0
v 0.19393333792686462 -0.024889647960662842 -0.0026709632948040962 0.0 0.0 1.0
v 0.18503402173519135 0.01579292118549347 0.016398990526795387 0.0 0.0 1.0
v 0.17740604281425476 0.05266150087118149 0.026569634675979614 0.0 0.0 1.0
v 0.16850674152374268 0.0908014103770256 0.04182559624314308 0.0 0.0 1.0
v 0.21808861196041107 -0.28932633996009827 -0.08276477456092834 0.0 0.0 1.0
v 0.209189310669899 -0.25245776772499084 -0.07005146890878677 0.0 0.0 1.0
v 0.2002899944782257 -0.21304653584957123 -0.0586094968020916 0.0 0.0 1.0
v 0.19139067828655243 -0.17109262943267822 -0.04462486505508423 0.0 0.0 1.0
v 0.18249136209487915 -0.1329527199268341 -0.033182889223098755 0.0 0.0 1.0
v 0.17359206080436707 -0.09608414769172668 -0.014112936332821846 0.0 0.0 1.0
v 0.1659640669822693 -0.05794423818588257 -0.0013996330089867115 0.0 0.0 1.0
v 0.1570647656917572 -0.018532996997237206 0.010042339563369751 0.0 0.0 1.0
v 0.14816544950008392 0.018335582688450813 0.022755643352866173 0.0 0.0 1.0
v 0.13926613330841064 0.053932830691337585 0.03674027696251869 0.0 0.0 1.0
v 0.18503402173519135 -0.33890822529792786 -0.08785009384155273 0.0 0.0 1.0
v 0.17613472044467926 -0.29949700832366943 -0.07767945528030396 0.0 0.0 1.0
v 0.16850674152374268 -0.2638997435569763 -0.06369481980800629 0.0 0.0 1.0
v 0.1596074253320694 -0.2270311713218689 -0.050981514155864716 0.0 0.0 1.0
v 0.15070810914039612 -0.18761992454528809 -0.03826821222901344 0.0 0.0 1.0
v 0.14180879294872284 -0.14693735539913177 -0.02174091711640358 0.0 0.0 1.0
v 0.13418081402778625 -0.11261144280433655 -0.009027615189552307 0.0 0.0 1.0
v 0.12401017546653748 -0.07192887365818024 -0.0001283026358578354 0.0 0.0 1.0
v 0.1151108592748642 -0.031246300786733627 0.016398990526795387 0.0 0.0 1.0
v 0.10748288035392761 0.0030796185601502657 0.031654953956604004 0.0 0.0 1.0
v 0.13545215129852295 -0.322380930185318 -0.07132279872894287 0.0 0.0 1.0
v 0.12655283510684967 -0.2842410206794739 -0.0586094968020916 0.0 0.0 1.0
v 0.11765351891517639 -0.24355846643447876 -0.04716752469539642 0.0 0.0 1.0
v 0.10875421017408371 -0.20414721965789795 -0.03445422276854515 0.0 0.0 1.0
v 0.09985489398241043 -0.16600731015205383 -0.015384266152977943 0.0 0.0 1.0
v 0.09095558524131775 -0.12659607827663422 -0.0026709632948040962 0.0 0.0 1.0
v 0.08205627650022507 -0.08591350167989731 0.004957018420100212 0.0 0.0 1.0
v 0.07442829012870789 -0.050316255539655685 0.02021298184990883 0.0 0.0 1.0
v 0.10621155053377151 -0.34399354457855225 -0.06750880926847458 0.0 0.0 1.0
v 0.09731223434209824 -0.30585363507270813 -0.056066837161779404 0.0 0.0 1.0
v 0.08841292560100555 -0.2638997435569763 -0.04462486505508423 0.0 0.0 1.0
v 0.07824227958917618 -0.22321717441082 -0.03445422276854515 0.0 0.0 1.0
v 0.0706143006682396 -0.18889126181602478 -0.014112936332821846 0.0 0.0 1.0
v 0.060443658381700516 -0.14439469575881958 -0.0001283026358578354 0.0 0.0 1.0
v 0.051544345915317535 -0.10371212661266327 0.008771009743213654 0.0 0.0 1.0
v 0.042645033448934555 -0.06684354692697525 0.025298302993178368 0.0 0.0 1.0
v 0.05917232856154442 -0.3045823276042938 -0.04843885451555252 0.0 0.0 1.0
v 0.05027301609516144 -0.2638997435569763 -0.036996882408857346 0.0 0.0 1.0
v 0.04137370362877846 -0.2283024936914444 -0.020469587296247482 0.0 0.0 1.0
v 0.03247439116239548 -0.18889126181602478 -0.005213623866438866 0.0 0.0 1.0
v 0.014675766229629517 -0.3083963096141815 -0.03953954204916954 0.0 0.0 1.0
v 0.0057764542289078236 -0.2702564001083374 -0.029368899762630463 0.0 0.0 1.0
v -0.0018515276024118066 -0.23593048751354218 -0.011570275761187077 0.0 0.0 1.0
v -0.01202217023819685 -0.19016258418560028 -0.0013996330089867115 0.0 0.0 1.0
v -0.03617744520306587 -0.30203965306282043 -0.023012248799204826 0.0 0.0 1.0
v -0.04507675766944885 -0.2626284062862396 -0.009027615189552307 0.0 0.0 1.0
v -0.05397607013583183 -0.2219458520412445 0.0024143580812960863 0.0 0.0 1.0
v -0.06414671242237091 -0.3249236047267914 -0.023012248799204826 0.0 0.0 1.0
v -0.07304602861404419 -0.2842410206794739 -0.00648495415225625 0.0 0.0 1.0
v -0.09338731318712234 -0.3274662494659424 -0.01665559597313404 0.0 0.0 1.0
v -0.10101529210805893 -0.29186901450157166 -0.0013996330089867115 0.0 0.0 1.0
v 0.392260879278183 0.446773886680603 0.10030679404735565 0.0 0.0 1.0
v 0.3820902407169342 0.4086339771747589 0.09013614803552628 0.0 0.0 1.0
v 0.37064826488494873 0.3654087483882904 0.0786941796541214 0.0 0.0 1.0
v 0.36047762632369995 0.328540176153183 0.06725220382213593 0.0 0.0 1.0
v 0.3503069579601288 0.29040026664733887 0.05581023171544075 0.0 0.0 1.0
v 0.34013631939888 0.25098901987075806 0.04691091924905777 0.0 0.0 1.0
v 0.32869434356689453 0.20649246871471405 0.03801160678267479 0.0 0.0 1.0
v 0.31852370500564575 0.17089521884918213 0.02784096449613571 0.0 0.0 1.0
v 0.308353066444397 0.132755309343338 0.02021298184990883 0.0 0.0 1.0
v 0.2969110906124115 0.0908014103770256 0.008771009743213654 0.0 0.0 1.0
v 0.2880117893218994 0.05520416051149368 -0.0013996330089867115 0.0 0.0 1.0
v 0.27656981348991394 0.0132502606138587 -0.00648495415225625 0.0 0.0 1.0
v 0.26639917492866516 -0.027432309463620186 -0.01665559597313404 0.0 0.0 1.0
v 0.2562285363674164 -0.06557221710681915 -0.026826240122318268 0.0 0.0 1.0
v 0.2460578829050064 -0.10498345643281937 -0.03826821222901344 0.0 0.0 1.0
v 0.23588724434375763 -0.14312337338924408 -0.045896194875240326 0.0 0.0 1.0
v 0.22444526851177216 -0.18634860217571259 -0.0573381669819355 0.0 0.0 1.0
v 0.21300329267978668 -0.2270311713218689 -0.06369481980800629 0.0 0.0 1.0
v 0.2028326541185379 -0.265171080827713 -0.07386545836925507 0.0 0.0 1.0
v 0.19266201555728912 -0.3045823276042938 -0.08403610438108444 0.0 0.0 1.0
v 0.18122003972530365 -0.34653621912002563 -0.08912142366170883 0.0 0.0 1.0
v 0.32233771681785583 0.34506747126579285 0.08505082875490189 0.0 0.0 1.0
v 0.31089574098587036 0.30311357975006104 0.07360885292291641 0.0 0.0 1.0
v 0.3007250726222992 0.2649736702442169 0.058352891355752945 0.0 0.0 1.0
v 0.2905544340610504 0.2255624234676361 0.053267572075128555 0.0 0.0 1.0
v 0.27911245822906494 0.1848798543214798 0.04309692978858948 0.0 0.0 1.0
v 0.26894181966781616 0.1441972851753235 0.0329262837767601 0.0 0.0 1.0
v 0.2600425183773041 0.10987136512994766 0.021484313532710075 0.0 0.0 1.0
v 0.2486005425453186 0.06664613634347916 0.01258500013500452 0.0 0.0 1.0
v 0.23715856671333313 0.02469223365187645 0.0024143580812960863 0.0 0.0 1.0
v 0.22698792815208435 -0.013447675853967667 -0.003942293580621481 0.0 0.0 1.0
v 0.21681728959083557 -0.05285891517996788 -0.014112936332821846 0.0 0.0 1.0
v 0.2053753137588501 -0.09481281787157059 -0.023012248799204826 0.0 0.0 1.0
v 0.19520467519760132 -0.1329527199268341 -0.033182889223098755 0.0 0.0 1.0
v 0.18503402173519135 -0.17363528907299042 -0.045896194875240326 0.0 0.0 1.0
v 0.17232072353363037 -0.2194031924009323 -0.050981514155864716 0.0 0.0 1.0
v 0.1621500849723816 -0.25881442427635193 -0.06115215644240379 0.0 0.0 1.0
v 0.1519794464111328 -0.29568299651145935 -0.07132279872894287 0.0 0.0 1.0
v 0.14180879294872284 -0.33763691782951355 -0.07767945528030396 0.0 0.0 1.0
v 0.251143217086792 0.24081838130950928 0.06852353364229202 0.0 0.0 1.0
v 0.23970122635364532 0.20013581216335297 0.05581023171544075 0.0 0.0 1.0
v 0.22953058779239655 0.15945324301719666 0.04563958942890167 0.0 0.0 1.0
v 0.21935994923114777 0.12131334096193314 0.040554266422986984 0.0 0.0 1.0
v 0.209189310669899 0.08190210163593292 0.02911229431629181 0.0 0.0 1.0
v 0.19647599756717682 0.03740553557872772 0.017670322209596634 0.0 0.0 1.0
v 0.18630535900592804 -0.0007343724137172103 0.004957018420100212 0.0 0.0 1.0
v 0.17613472044467926 -0.041416943073272705 0.0011430276790633798 0.0 0.0 1.0
v 0.1646927446126938 -0.08464217185974121 -0.012841605581343174 0.0 0.0 1.0
v 0.1532507687807083 -0.12405341118574142 -0.020469587296247482 0.0 0.0 1.0
v 0.14562278985977173 -0.15837933123111725 -0.03191155940294266 0.0 0.0 1.0
v 0.13418081402778625 -0.20033323764801025 -0.036996882408857346 0.0 0.0 1.0
v 0.12273884564638138 -0.24228712916374207 -0.04971018433570862 0.0 0.0 1.0
v 0.1112968698143959 -0.28296971321105957 -0.054795507341623306 0.0 0.0 1.0
v 0.10239756107330322 -0.3211096227169037 -0.06369481980800629 0.0 0.0 1.0
v 0.18376269936561584 0.12766999006271362 0.04818224906921387 0.0 0.0 1.0
v 0.17359206080436707 0.08698742091655731 0.04309692978858948 0.0 0.0 1.0
v 0.1646927446126938 0.05139017105102539 0.02911229431629181 0.0 0.0 1.0
v 0.1532507687807083 0.011978930793702602 0.02021298184990883 0.0 0.0 1.0
v 0.14308013021945953 -0.02997496910393238 0.011313670314848423 0.0 0.0 1.0
v 0.13163815438747406 -0.07065753638744354 0.0024143580812960863 0.0 0.0 1.0
v 0.12146751582622528 -0.10879744589328766 -0.003942293580621481 0.0 0.0 1.0
v 0.11002553999423981 -0.15075135231018066 -0.015384266152977943 0.0 0.0 1.0
v 0.09858356416225433 -0.19270524382591248 -0.028097569942474365 0.0 0.0 1.0
v 0.08841292560100555 -0.2308451533317566 -0.03953954204916954 0.0 0.0 1.0
v 0.07824227958917618 -0.2715277373790741 -0.045896194875240326 0.0 0.0 1.0
v 0.0668003112077713 -0.3134816288948059 -0.05352417752146721 0.0 0.0 1.0
v 0.12782415747642517 0.059018153697252274 0.03928293660283089 0.0 0.0 1.0
v 0.1163821890950203 0.017064252868294716 0.035468947142362595 0.0 0.0 1.0
v 0.08459893614053726 -0.10371212661266327 0.003685688367113471 0.0 0.0 1.0
v 0.07315696030855179 -0.14439469575881958 -0.00648495415225625 0.0 0.0 1.0
v 0.06298632174730301 -0.1850772649049759 -0.015384266152977943 0.0 0.0 1.0
v 0.05281567573547363 -0.22321717441082 -0.02555490843951702 0.0 0.0 1.0
v 0.04137370362877846 -0.2638997435569763 -0.03572555258870125 0.0 0.0 1.0
v 0.03120306134223938 -0.30331099033355713 -0.04462486505508423 0.0 0.0 1.0
v 0.042645033448934555 -0.07828552275896072 0.022755643352866173 0.0 0.0 1.0
v 0.0223037488758564 -0.15456533432006836 -0.0001283026358578354 0.0 0.0 1.0
v 0.01086177583783865 -0.19779057800769806 -0.0026709632948040962 0.0 0.0 1.0
v 0.0006911330274306238 -0.23720180988311768 -0.015384266152977943 0.0 0.0 1.0
v -0.00947950966656208 -0.2753417193889618 -0.02555490843951702 0.0 0.0 1.0
v -0.020921481773257256 -0.3147529661655426 -0.03191155940294266 0.0 0.0 1.0
v -0.04126276820898056 -0.20287589728832245 0.0024143580812960863 0.0 0.0 1.0
v -0.052704740315675735 -0.24482978880405426 -0.0026709632948040962 0.0 0.0 1.0
v -0.061604052782058716 -0.2816983759403229 -0.010298945009708405 0.0 0.0 1.0
v -0.07304602861404419 -0.322380930185318 -0.020469587296247482 0.0 0.0 1.0
v -0.09084464609622955 -0.265171080827713 -0.0013996330089867115 0.0 0.0 1.0
v -0.10228662192821503 -0.3083963096141815 -0.010298945009708405 0.0 0.0 1.0
v 0.3909895420074463 0.4556732177734375 0.09776413440704346 0.0 0.0 1.0
v -0.3362114131450653 -0.30331099033355713 0.053267572075128555 0.0 0.0 1.0
v -0.2968001663684845 -0.29441168904304504 0.05072490870952606 0.0 0.0 1.0
v -0.2586602568626404 -0.322380930185318 0.02784096449613571 0.0 0.0 1.0
v -0.18746575713157654 -0.322380930185318 0.008771009743213654 0.0 0.0 1.0
v -0.3044281303882599 -0.30203965306282043 0.053267572075128555 0.0 0.0 1.0
v -0.27137354016304016 -0.34017956256866455 0.030383624136447906 0.0 0.0 1.0
v -0.22306300699710846 -0.3236522674560547 0.02402697317302227 0.0 0.0 1.0
v -0.18110910058021545 -0.3211096227169037 0.008771009743213654 0.0 0.0 1.0
v -0.23450496792793274 -0.34017956256866455 0.011313670314848423 0.0 0.0 1.0
v -0.24340428411960602 -0.30331099033355713 0.02784096449613571 0.0 0.0 1.0
v -0.28027287125587463 -0.3236522674560547 0.0329262837767601 0.0 0.0 1.0
v -0.3298547565937042 -0.28805503249168396 0.05199623852968216 0.0 0.0 1.0
v -0.3870646059513092 -0.265171080827713 0.0799655094742775 0.0 0.0 1.0
v -0.18619441986083984 -0.3274662494659424 0.004957018420100212 0.0 0.0 1.0
v -0.23704764246940613 -0.33000892400741577 0.02021298184990883 0.0 0.0 1.0
v -0.2612029016017914 -0.29822567105293274 0.035468947142362595 0.0 0.0 1.0
v -0.27264487743377686 -0.33763691782951355 0.026569634675979614 0.0 0.0 1.0
v -0.3044281303882599 -0.3249236047267914 0.035468947142362595 0.0 0.0 1.0
v -0.3451107144355774 -0.29186901450157166 0.05581023171544075 0.0 0.0 1.0
v -0.3832506239414215 -0.29695433378219604 0.06852353364229202 0.0 0.0 1.0
v -0.32095542550086975 -0.3643348515033722 0.031654953956604004 0.0 0.0 1.0
v -0.28281551599502563 -0.35162153840065 0.026569634675979614 0.0 0.0 1.0
v -0.26628822088241577 -0.4164593815803528 0.003685688367113471 0.0 0.0 1.0
v -0.2446756213903427 -0.38086214661598206 0.006228348705917597 0.0 0.0 1.0
v -0.40994855761528015 -0.2740703821182251 0.08632215857505798 0.0 0.0 1.0
v -0.37053731083869934 -0.3172956109046936 0.06089555099606514 0.0 0.0 1.0
v -0.3438393771648407 -0.319838285446167 0.049453578889369965 0.0 0.0 1.0
v -0.31714144349098206 -0.3541642129421234 0.040554266422986984 0.0 0.0 1.0
v -0.2866295278072357 -0.3986607491970062 0.017670322209596634 0.0 0.0 1.0
v -0.23577630519866943 -0.377048134803772 0.013856330886483192 0.0 0.0 1.0
v -0.26374557614326477 -0.4012034237384796 0.004957018420100212 0.0 0.0 1.0
v -0.27264487743377686 -0.3617921769618988 0.016398990526795387 0.0 0.0 1.0
v -0.31205612421035767 -0.3643348515033722 0.02784096449613571 0.0 0.0 1.0
v -0.32095542550086975 -0.3261949419975281 0.040554266422986984 0.0 0.0 1.0
v -0.3463820517063141 -0.34399354457855225 0.04182559624314308 0.0 0.0 1.0
v -0.35528135299682617 -0.3045823276042938 0.05581023171544075 0.0 0.0 1.0
v -0.3781653046607971 -0.30076831579208374 0.06089555099606514 0.0 0.0 1.0
v -0.4341038465499878 -0.25754308700561523 0.09649280458688736 0.0 0.0 1.0
v -0.2497609406709671 -0.3719628155231476 0.010042339563369751 0.0 0.0 1.0
v -0.2586602568626404 -0.4101027250289917 -0.0013996330089867115 0.0 0.0 1.0
v -0.28281551599502563 -0.377048134803772 0.01894165202975273 0.0 0.0 1.0
v -0.31459879875183105 -0.3630635142326355 0.025298302993178368 0.0 0.0 1.0
v -0.3540100157260895 -0.3287375867366791 0.04563958942890167 0.0 0.0 1.0
v -0.3959639370441437 -0.2842410206794739 0.07106619328260422 0.0 0.0 1.0
v -0.32080981135368347 -0.3502715528011322 0.03688111901283264 0.0 0.0 1.0
v 0.14667291939258575 -0.044795967638492584 0.011716188862919807 0.0 0.0 1.0
v 0.5268045663833618 0.3893599212169647 0.0469619482755661 0.0 0.0 1.0
v -0.14492884278297424 -0.29890578985214233 0.008350969292223454 0.0 0.0 1.0
v 0.19379737973213196 0.14839643239974976 0.05788220092654228 0.0 0.0 1.0
v 0.5242093801498413 0.17610511183738708 -0.016343966126441956 0.0 0.0 1.0
v 0.3528175354003906 0.08068624138832092 -0.002146524842828512 0.0 0.0 1.0
v 0.008266938850283623 0.13494586944580078 0.10019335895776749 0.0 0.0 1.0
v 0.05416850745677948 0.0965949296951294 0.07722601294517517 0.0 0.0 1.0
v -0.02378763258457184 -0.23133485019207 -0.0016454937867820263 0.0 0.0 1.0
v 0.07458195835351944 0.026585528627038002 0.05113128200173378 0.0 0.0 1.0
v 0.2667851448059082 0.04163188859820366 0.007631863933056593 0.0 0.0 1.0
v 0.7532738447189331 0.18510127067565918 -0.07086563855409622 0.0 0.0 1.0
v -0.2000875025987625 -0.10762956738471985 0.07949233800172806 0.0 0.0 1.0
v 0.1347314864397049 -0.05138268321752548 0.012723795138299465 0.0 0.0 1.0
v 0.18855822086334229 -0.0661148652434349 -0.0051400745287537575 0.0 0.0 1.0
v 0.3387529253959656 0.28685933351516724 0.06319717317819595 0.0 0.0 1.0
v -0.32353946566581726 -0.5594048500061035 -0.02515517920255661 0.0 0.0 1.0
v -0.23678185045719147 -0.2994453012943268 0.03113376349210739 0.0 0.0 1.0
v -0.1926558017730713 -0.11870963126420975 0.07431305199861526 0.0 0.0 1.0
v 0.6550490856170654 0.1277843564748764 -0.06351850181818008 0.0 0.0 1.0
v 0.5190902352333069 0.28947994112968445 0.018935391679406166 0.0 0.0 1.0
v 0.28325432538986206 0.08484571427106857 0.0164775550365448 0.0 0.0 1.0
v 0.21961182355880737 0.2640818655490875 0.0861273929476738 0.0 0.0 1.0
v 0.07025972753763199 -0.2411850392818451 -0.02809225767850876 0.0 0.0 1.0
v 0.3893597722053528 0.35040849447250366 0.06961386650800705 0.0 0.0 1.0
v 0.06706956773996353 0.18564142286777496 0.1007080227136612 0.0 0.0 1.0
v 0.16721947491168976 -0.009051823057234287 0.017303233966231346 0.0 0.0 1.0
v 0.08126182854175568 -0.059011101722717285 0.02379261702299118 0.0 0.0 1.0
v 0.2674769461154938 0.3258342444896698 0.09269010275602341 0.0 0.0 1.0
v 0.3368232548236847 0.3544186055660248 0.08393993973731995 0.0 0.0 1.0
v 0.256370484828949 -0.0969756543636322 -0.031334374099969864 0.0 0.0 1.0
v -0.014542554505169392 -0.3088470697402954 -0.02720046043395996 0.0 0.0 1.0
v 0.5416717529296875 0.37583020329475403 0.03919067233800888 0.0 0.0 1.0
v 0.3161427676677704 0.28746965527534485 0.06902815401554108 0.0 0.0 1.0
v 0.37237244844436646 -0.19409169256687164 -0.08943597972393036 0.0 0.0 1.0
v -0.11935298144817352 -0.1840357780456543 0.036411214619874954 0.0 0.0 1.0
v -0.4226031005382538 -0.20398427546024323 0.10617967694997787 0.0 0.0 1.0
v 0.49879196286201477 0.41190335154533386 0.06072007492184639 0.0 0.0 1.0
v 0.6605396270751953 0.20500046014785767 -0.04173325374722481 0.0 0.0 1.0
v -0.1559334546327591 -0.16772693395614624 0.050439853221178055 0.0 0.0 1.0
v -0.13482770323753357 -0.13661761581897736 0.05449725314974785 0.0 0.0 1.0
v -0.13961641490459442 -0.21074837446212769 0.03346196562051773 0.0 0.0 1.0
v 0.322061151266098 0.1570301055908203 0.028431516140699387 0.0 0.0 1.0
v 0.2167547643184662 -0.2750394344329834 -0.0748390480875969 0.0 0.0 1.0
v 0.10186397284269333 -0.002468404360115528 0.035603173077106476 0.0 0.0 1.0
v 0.24220441281795502 0.27247339487075806 0.08300040662288666 0.0 0.0 1.0
v 0.4847903251647949 0.20938052237033844 0.0034819315187633038 0.0 0.0 1.0
v -0.07896151393651962 0.005854585207998753 0.08326884359121323 0.0 0.0 1.0
v -0.2830803692340851 -0.21751831471920013 0.06726853549480438 0.0 0.0 1.0
v 0.7282956838607788 0.17670296132564545 -0.06714480370283127 0.0 0.0 1.0
v -0.11224432289600372 -0.16085250675678253 0.04158805310726166 0.0 0.0 1.0
v 0.4414030611515045 0.337151437997818 0.05263787880539894 0.0 0.0 1.0
v -0.257121205329895 -0.09429886192083359 0.09773699194192886 0.0 0.0 1.0
v -0.1678725928068161 -0.29214638471603394 0.016109365969896317 0.0 0.0 1.0
v 0.6764084696769714 0.2530418932437897 -0.03128981590270996 0.0 0.0 1.0
v 0.673670768737793 0.24349117279052734 -0.033470168709754944 0.0 0.0 1.0
v -0.22783181071281433 -0.23590193688869476 0.04795445501804352 0.0 0.0 1.0
v 0.014017641544342041 -0.2501106262207031 -0.01671990565955639 0.0 0.0 1.0
v -0.37881287932395935 -0.42715564370155334 0.028312895447015762 0.0 0.0 1.0
v 0.17661021649837494 -0.003526612650603056 0.01661444455385208 0.0 0.0 1.0
v -0.3016829490661621 -0.5450751781463623 -0.026317458599805832 0.0 0.0 1.0
v 0.39443841576576233 0.3405449390411377 0.06538719683885574 0.0 0.0 1.0
v -0.2863444983959198 -0.3712030351161957 0.021994533017277718 0.0 0.0 1.0
v -0.09560983628034592 0.002124909544363618 0.0863090306520462 0.0 0.0 1.0
v -0.22779124975204468 -0.36047878861427307 0.01058427058160305 0.0 0.0 1.0
v 0.17181089520454407 -0.055701784789562225 0.002166193909943104 0.0 0.0 1.0
v -0.12290547788143158 0.0033282109070569277 0.09348825365304947 0.0 0.0 1.0
v 0.39293405413627625 0.17847402393817902 0.017158623784780502 0.0 0.0 1.0
v 0.351269394159317 0.134993776679039 0.014526785351336002 0.0 0.0 1.0
v 0.28331851959228516 0.10992748290300369 0.023983431980013847 0.0 0.0 1.0
v 0.5823665857315063 0.31740057468414307 0.011502431705594063 0.0 0.0 1.0
v 0.6802074313163757 0.216193288564682 -0.04328953102231026 0.0 0.0 1.0
v -0.15118399262428284 -0.17320333421230316 0.04761110618710518 0.0 0.0 1.0
v 0.2335006296634674 0.25274330377578735 0.07925762236118317 0.0 0.0 1.0
v -0.15601566433906555 -0.1709064245223999 0.04950686916708946 0.0 0.0 1.0
v 0.7148251533508301 0.08180340379476547 -0.0922398641705513 0.0 0.0 1.0
v 0.08956322818994522 -0.25632160902023315 -0.03745359927415848 0.0 0.0 1.0
v 0.13560505211353302 -0.2366366982460022 -0.043051283806562424 0.0 0.0 1.0
v 0.18298006057739258 0.17614607512950897 0.06890632957220078 0.0 0.0 1.0
v -0.27619293332099915 -0.29582124948501587 0.042065370827913284 0.0 0.0 1.0
v -0.025659725069999695 0.005873431917279959 0.06995987147092819 0.0 0.0 1.0
v 0.01601494289934635 -0.005960352718830109 0.05600077286362648 0.0 0.0 1.0
v 0.507102906703949 0.17936664819717407 -0.011092696338891983 0.0 0.0 1.0
v 0.4476388692855835 0.13917391002178192 -0.008292402140796185 0.0 0.0 1.0
v -0.38368648290634155 -0.4690738618373871 0.01695922203361988 0.0 0.0 1.0
v 0.3621271252632141 -0.011109592393040657 -0.03200119733810425 0.0 0.0 1.0
v 0.26438966393470764 -0.12857826054096222 -0.04281502962112427 0.0 0.0 1.0
v -0.05736375227570534 -0.18307454884052277 0.021214768290519714 0.0 0.0 1.0
v 0.45124173164367676 0.04068722575902939 -0.03872811049222946 0.0 0.0 1.0
v 0.5628250241279602 0.10805299133062363 -0.04639856517314911 0.0 0.0 1.0
v 0.11045508086681366 -0.09819484502077103 0.004749203100800514 0.0 0.0 1.0
v 0.32816076278686523 0.15161043405532837 0.025282515212893486 0.0 0.0 1.0
v 0.42286404967308044 0.27937933802604675 0.03994326665997505 0.0 0.0 1.0
v -0.35390228033065796 -0.2457127422094345 0.07650424540042877 0.0 0.0 1.0
v 0.36663416028022766 -0.14452438056468964 -0.0731375515460968 0.0 0.0 1.0
v 0.564555287361145 0.3635581135749817 0.02979409322142601 0.0 0.0 1.0
v 0.05942289158701897 -0.026734795421361923 0.03892743960022926 0.0 0.0 1.0
v 0.41900110244750977 0.3785059452056885 0.0706358477473259 0.0 0.0 1.0
v 0.1548222154378891 -0.03128678724169731 0.013731863349676132 0.0 0.0 1.0
v -0.304550439119339 -0.2740424573421478 0.055680353194475174 0.0 0.0 1.0
v 0.4332527220249176 -0.08385910093784332 -0.07158540934324265 0.0 0.0 1.0
v 0.559653639793396 0.026808718219399452 -0.06997116655111313 0.0 0.0 1.0
v 0.3853524923324585 0.011616203933954239 -0.030987460166215897 0.0 0.0 1.0
v -0.3071002960205078 -0.40377119183540344 0.0174122154712677 0.0 0.0 1.0
v 0.1774861216545105 -0.16273248195648193 -0.03134949877858162 0.0 0.0 1.0
v -0.2760683000087738 -0.12543152272701263 0.09313337504863739 0.0 0.0 1.0
v 0.22982512414455414 0.19057555496692657 0.0615319199860096 0.0 0.0 1.0
v 0.5261731743812561 0.2698516547679901 0.01127965934574604 0.0 0.0 1.0
v 0.4274793863296509 0.04278990253806114 -0.03216176852583885 0.0 0.0 1.0
v -0.3225046992301941 -0.531487762928009 -0.017041442915797234 0.0 0.0 1.0
v 0.6551642417907715 0.1208905354142189 -0.06561469286680222 0.0 0.0 1.0
v 0.46678489446640015 0.04734744876623154 -0.04061337560415268 0.0 0.0 1.0
v 0.10516492277383804 -0.0812900960445404 0.011140326969325542 0.0 0.0 1.0
v -0.16256436705589294 -0.16807426512241364 0.05199206992983818 0.0 0.0 1.0
v 0.03200181573629379 -0.08285871148109436 0.028945818543434143 0.0 0.0 1.0
v -0.1265706568956375 -0.03759406879544258 0.08213139325380325 0.0 0.0 1.0
v -0.2018834948539734 -0.09576869010925293 0.08349799364805222 0.0 0.0 1.0
v 0.38087326288223267 -0.1127178817987442 -0.06715580821037292 0.0 0.0 1.0
v 0.21367502212524414 -0.26754915714263916 -0.07182344049215317 0.0 0.0 1.0
v 0.47022300958633423 0.063054159283638 -0.03676183149218559 0.0 0.0 1.0
v 0.21483522653579712 -0.3206898868083954 -0.08804992586374283 0.0 0.0 1.0
v -0.2769390046596527 -0.39861172437667847 0.011425323784351349 0.0 0.0 1.0
v -0.4087076783180237 -0.37542182207107544 0.05129527300596237 0.0 0.0 1.0
v -0.1243131011724472 -0.3220091164112091 -0.0037273664493113756 0.0 0.0 1.0
v -0.365543395280838 -0.3214370608329773 0.05670276656746864 0.0 0.0 1.0
v 0.3310532867908478 0.30888375639915466 0.07172555476427078 0.0 0.0 1.0
v 0.4670311510562897 0.07272667437791824 -0.03306376934051514 0.0 0.0 1.0
v 0.09785886108875275 0.0031473315320909023 0.038287773728370667 0.0 0.0 1.0
v 0.43385452032089233 -0.016348274424672127 -0.051489535719156265 0.0 0.0 1.0
v 0.1939934641122818 -0.16431953012943268 -0.03594892844557762 0.0 0.0 1.0
v 0.029356416314840317 0.0701872706413269 0.07550445199012756 0.0 0.0 1.0
v 0.18114882707595825 -0.35175928473472595 -0.08895274251699448 0.0 0.0 1.0
v 0.37842458486557007 -0.07255113124847412 -0.054498303681612015 0.0 0.0 1.0
v 0.3257266581058502 -0.10819574445486069 -0.05202418938279152 0.0 0.0 1.0
v 0.001588344224728644 0.0007907698745839298 0.061629123985767365 0.0 0.0 1.0
v 0.1941162794828415 0.11904921382665634 0.04900144040584564 0.0 0.0 1.0
v 0.5295727849006653 -0.001308943028561771 -0.0708894282579422 0.0 0.0 1.0
v -0.3259030878543854 -0.5540680885314941 -0.02296428382396698 0.0 0.0 1.0
v 0.698403537273407 0.17836326360702515 -0.05917990952730179 0.0 0.0 1.0
v 0.2090807855129242 -0.013381537050008774 0.0055479505099356174 0.0 0.0 1.0
v 0.1659826934337616 -0.2108159363269806 -0.04289599508047104 0.0 0.0 1.0
v -0.13402070105075836 -0.12432358413934708 0.05798259377479553 0.0 0.0 1.0
v 0.5664849281311035 0.07509512454271317 -0.0571967214345932 0.0 0.0 1.0
v -0.2654184103012085 -0.0888197273015976 0.1014527752995491 0.0 0.0 1.0
v 0.3151272237300873 0.11763619631528854 0.018349524587392807 0.0 0.0 1.0
v 0.5779499411582947 0.14828401803970337 -0.038111619651317596 0.0 0.0 1.0
v 0.1421763300895691 0.24222315847873688 0.09891519695520401 0.0 0.0 1.0
v -0.3528396785259247 -0.42542847990989685 0.022342845797538757 0.0 0.0 1.0
v 0.2842048108577728 0.15136153995990753 0.03618793562054634 0.0 0.0 1.0
v -0.23735669255256653 -0.25204554200172424 0.04549233987927437 0.0 0.0 1.0
v 0.47964176535606384 0.1634804755449295 -0.008997194468975067 0.0 0.0 1.0
v 0.43962177634239197 0.3279872536659241 0.050334539264440536 0.0 0.0 1.0
v 0.7195334434509277 0.24454838037490845 -0.044609468430280685 0.0 0.0 1.0
v 0.1615186482667923 0.07339050620794296 0.043451376259326935 0.0 0.0 1.0
v -0.28451165556907654 -0.43215659260749817 0.003256991971284151 0.0 0.0 1.0
v -0.10692596435546875 -0.2678226828575134 0.00817965716123581 0.0 0.0 1.0
v 0.36696475744247437 0.28262779116630554 0.054880931973457336 0.0 0.0 1.0
v 0.39255210757255554 -0.0013828708324581385 -0.03668426349759102 0.0 0.0 1.0
v 0.34113064408302307 0.009784482419490814 -0.02049030177295208 0.0 0.0 1.0
v -0.14040476083755493 -0.29008039832115173 0.009867568500339985 0.0 0.0 1.0
v -0.08304142951965332 -0.003460997948423028 0.0814942866563797 0.0 0.0 1.0
v 0.6239523887634277 0.10753301531076431 -0.06182393804192543 0.0 0.0 1.0
v 0.19354310631752014 0.0335058830678463 0.0234905444085598 0.0 0.0 1.0
v -0.3285444974899292 -0.330801397562027 0.04465223476290703 0.0 0.0 1.0
v 0.1559368073940277 -0.17016048729419708 -0.02819417230784893 0.0 0.0 1.0
v 0.17464160919189453 0.16831916570663452 0.06864199787378311 0.0 0.0 1.0
v -0.25714874267578125 -0.5113216638565063 -0.02731943316757679 0.0 0.0 1.0
v -0.3459228277206421 -0.17254269123077393 0.09645437449216843 0.0 0.0 1.0
v 0.35304009914398193 0.4193779230117798 0.09937003254890442 0.0 0.0 1.0
v 0.7420270442962646 0.2366960197687149 -0.052583180367946625 0.0 0.0 1.0
v -0.29647257924079895 -0.4863971769809723 -0.010021724738180637 0.0 0.0 1.0
v 0.28960248827934265 -0.2282857447862625 -0.07901494204998016 0.0 0.0 1.0
v -0.12701649963855743 -0.20401689410209656 0.03233328461647034 0.0 0.0 1.0
v 0.4992731809616089 0.33471569418907166 0.03745163604617119 0.0 0.0 1.0
v -0.3248095214366913 -0.2434343546628952 0.06992024928331375 0.0 0.0 1.0
v 0.13415296375751495 -0.1164635643362999 -0.0066491663455963135 0.0 0.0 1.0
v 0.42581579089164734 0.3970247805118561 0.07448728382587433 0.0 0.0 1.0
v -0.18011680245399475 -0.03491651639342308 0.09631004184484482 0.0 0.0 1.0
v 0.6406999230384827 0.13936592638492584 -0.05646086484193802 0.0 0.0 1.0
v 0.3295326232910156 -0.19375336170196533 -0.07863325625658035 0.0 0.0 1.0
v 0.043057385832071304 -0.2012353539466858 -0.009316464886069298 0.0 0.0 1.0
v -0.052626725286245346 -0.2294102907180786 0.00613558990880847 0.0 0.0 1.0
v 0.4280034899711609 -0.04371758922934532 -0.058235906064510345 0.0 0.0 1.0
v -0.2497577667236328 -0.4345492422580719 -0.006141969468444586 0.0 0.0 1.0
v 0.49200159311294556 0.1097235456109047 -0.02820611000061035 0.0 0.0 1.0
v 0.5464009642601013 -0.015909576788544655 -0.07947172224521637 0.0 0.0 1.0
v 0.5448899269104004 0.3119613528251648 0.01923278532922268 0.0 0.0 1.0
v -0.3335091769695282 -0.27681764960289 0.06208188459277153 0.0 0.0 1.0
v 0.5674019455909729 -0.02325233817100525 -0.08691976219415665 0.0 0.0 1.0
v 0.3579019606113434 -0.21729323267936707 -0.09277933835983276 0.0 0.0 1.0
v 0.16573089361190796 0.19969509541988373 0.08027736842632294 0.0 0.0 1.0
v 0.34288913011550903 0.030988067388534546 -0.01457070279866457 0.0 0.0 1.0
v -0.39047667384147644 -0.29232949018478394 0.07166024297475815 0.0 0.0 1.0
v 0.5299860239028931 0.07145792990922928 -0.04917019605636597 0.0 0.0 1.0
v -0.3041425943374634 -0.10935438424348831 0.10496770590543747 0.0 0.0 1.0
v -0.05114234983921051 -0.1603400707244873 0.02647865004837513 0.0 0.0 1.0
v -0.36318331956863403 -0.18235859274864197 0.09782224148511887 0.0 0.0 1.0
v 0.6130377650260925 0.07774113863706589 -0.06803194433450699 0.0 0.0 1.0
v 0.39193081855773926 0.28284457325935364 0.04870949313044548 0.0 0.0 1.0
v 0.7764689922332764 0.15430212020874023 -0.08589625358581543 0.0 0.0 1.0
v 0.6793539524078369 0.14394605159759521 -0.06474296748638153 0.0 0.0 1.0
v 0.1719117909669876 0.07281443476676941 0.040682438760995865 0.0 0.0 1.0
v -0.37161365151405334 -0.2834808826446533 0.06960198283195496 0.0 0.0 1.0
v 0.1795179545879364 -0.13661527633666992 -0.024024605751037598 0.0 0.0 1.0
v -0.41249123215675354 -0.1774492859840393 0.10666344314813614 1.0 0.0 1.0
v -0.3781653046607971 -0.1354953795671463 0.09903546422719955 1.0 0.0 1.0
v -0.3412967324256897 -0.12023942172527313 0.10793477296829224 1.0 0.0 1.0
v -0.31714144349098206 -0.0909988284111023 0.10157812386751175 1.0 0.0 1.0
v -0.3044281303882599 -0.028703639283776283 0.08250816911458969 1.0 0.0 1.0
v -0.2955288290977478 -0.06430088728666306 0.10284945368766785 1.0 0.0 1.0
v -0.27010223269462585 0.0068936096504330635 0.08250816911458969 1.0 0.0 1.0
v -0.2586602568626404 -0.03633162006735802 0.09649280458688736 1.0 0.0 1.0
v -0.23831896483898163 0.020878242328763008 0.08632215857505798 1.0 0.0 1.0
v -0.22814832627773285 -0.018532996997237206 0.10412078350782394 1.0 0.0 1.0
v -0.21543501317501068 0.04121952876448631 0.08632215857505798 1.0 0.0 1.0
v -0.2052643746137619 0.0018082881579175591 0.10030679404735565 1.0 0.0 1.0
v -0.19763639569282532 0.07554544508457184 0.0786941796541214 1.0 0.0 1.0
v -0.18746575713157654 0.03486287593841553 0.09395013749599457 1.0 0.0 1.0
v -0.1607678234577179 0.12385600060224533 0.07488018274307251 1.0 0.0 1.0
v -0.15186850726604462 0.08698742091655731 0.08759348839521408 1.0 0.0 1.0
v -0.14169786870479584 0.045033518224954605 0.10412078350782394 1.0 0.0 1.0
v -0.13152721524238586 0.1861511766910553 0.06089555099606514 1.0 0.0 1.0
v -0.4353751540184021 -0.19779057800769806 0.09903546422719955 1.0 0.0 1.0
v -0.37180864810943604 -0.12532474100589752 0.09903546422719955 1.0 0.0 1.0
v -0.31714144349098206 -0.10116946697235107 0.10539211332798004 1.0 0.0 1.0
v -0.3056994676589966 -0.059215568006038666 0.09140747785568237 1.0 0.0 1.0
v -0.2955288290977478 -0.018532996997237206 0.08377949893474579 1.0 0.0 1.0
v -0.27645888924598694 -0.055401574820280075 0.10030679404735565 1.0 0.0 1.0
v -0.26501691341400146 -0.010905015282332897 0.08759348839521408 1.0 0.0 1.0
v -0.253574937582016 0.03486287593841553 0.07615151256322861 1.0 0.0 1.0
v -0.23450496792793274 -0.028703639283776283 0.09903546422719955 1.0 0.0 1.0
v -0.22433432936668396 0.014521591365337372 0.09140747785568237 1.0 0.0 1.0
v -0.21416369080543518 0.05139017105102539 0.0799655094742775 1.0 0.0 1.0
v -0.2027217149734497 0.09842938929796219 0.06725220382213593 1.0 0.0 1.0
v -0.17729510366916656 0.03232021629810333 0.09522146731615067 1.0 0.0 1.0
v -0.16585314273834229 0.07554544508457184 0.08377949893474579 1.0 0.0 1.0
v -0.1556824892759323 0.11749934405088425 0.07360885292291641 1.0 0.0 1.0
v -0.14424052834510803 0.16072458028793335 0.062166884541511536 1.0 0.0 1.0
v -0.13661253452301025 0.1429259479045868 0.06725220382213593 1.0 0.0 1.0
v -0.15313982963562012 0.07173145562410355 0.08377949893474579 1.0 0.0 1.0
v -0.1645818054676056 0.12385600060224533 0.06725220382213593 1.0 0.0 1.0
v -0.17220978438854218 0.022149574011564255 0.10157812386751175 1.0 0.0 1.0
v -0.18492309749126434 0.07808810472488403 0.0786941796541214 1.0 0.0 1.0
v -0.21670635044574738 0.02469223365187645 0.08377949893474579 1.0 0.0 1.0
v -0.24213296175003052 -0.05158758535981178 0.10412078350782394 1.0 0.0 1.0
v -0.253574937582016 0.0018082881579175591 0.08505082875490189 1.0 0.0 1.0
v -0.27010223269462585 -0.059215568006038666 0.09649280458688736 1.0 0.0 1.0
v -0.28154420852661133 -0.007091023959219456 0.0786941796541214 1.0 0.0 1.0
v -0.2955288290977478 -0.06811487674713135 0.09649280458688736 1.0 0.0 1.0
v -0.3349400758743286 -0.08464217185974121 0.08886481821537018 1.0 0.0 1.0
v -0.36545199155807495 -0.12786740064620972 0.10157812386751175 1.0 0.0 1.0
v -0.40486323833465576 -0.18634860217571259 0.10412078350782394 1.0 0.0 1.0
v -0.13025589287281036 0.07554544508457184 0.09395013749599457 1.0 0.0 1.0
v -0.13788387179374695 0.16708122193813324 0.058352891355752945 1.0 0.0 1.0
v -0.15186850726604462 0.11622801423072815 0.07615151256322861 1.0 0.0 1.0
v -0.1645818054676056 0.06791746616363525 0.08759348839521408 1.0 0.0 1.0
v -0.17729510366916656 0.018335582688450813 0.10284945368766785 1.0 0.0 1.0
v -0.19382239878177643 0.0933440700173378 0.07233752310276031 1.0 0.0 1.0
v -0.2052643746137619 0.048847511410713196 0.08505082875490189 1.0 0.0 1.0
v -0.21924901008605957 -0.002005702583119273 0.10157812386751175 1.0 0.0 1.0
v -0.26501691341400146 0.005622279364615679 0.0799655094742775 1.0 0.0 1.0
v -0.27773019671440125 -0.03887428343296051 0.09522146731615067 1.0 0.0 1.0
v -0.2891721725463867 -0.08464217185974121 0.09903546422719955 1.0 0.0 1.0
v -0.340025395154953 -0.07320020347833633 0.08632215857505798 1.0 0.0 1.0
v -0.35273870825767517 -0.12405341118574142 0.10030679404735565 1.0 0.0 1.0
v -0.3985065817832947 -0.16092199087142944 0.10157812386751175 1.0 0.0 1.0
v -0.12008524686098099 0.1416546255350113 0.07615151256322861 1.0 0.0 1.0
v -0.1111859381198883 0.10605737566947937 0.09267880767583847 1.0 0.0 1.0
v -0.1124572679400444 0.2319190800189972 0.05453890189528465 1.0 0.0 1.0
v -0.10228662192821503 0.19123651087284088 0.06598087400197983 1.0 0.0 1.0
v -0.09338731318712234 0.15563926100730896 0.0799655094742775 1.0 0.0 1.0
v -0.08321666717529297 0.11368535459041595 0.10284945368766785 1.0 0.0 1.0
v -0.08703065663576126 0.24844637513160706 0.053267572075128555 1.0 0.0 1.0
v -0.07813134789466858 0.20903512835502625 0.06979486346244812 1.0 0.0 1.0
v -0.06541804224252701 0.16326723992824554 0.08632215857505798 1.0 0.0 1.0
v -0.05651872977614403 0.12639865279197693 0.10539211332798004 1.0 0.0 1.0
v -0.04761941730976105 0.2649736702442169 0.053267572075128555 1.0 0.0 1.0
v -0.038720108568668365 0.229376420378685 0.07233752310276031 1.0 0.0 1.0
v -0.02854946441948414 0.1899651736021042 0.08886481821537018 1.0 0.0 1.0
v -0.017107490450143814 0.1441972851753235 0.10666344314813614 1.0 0.0 1.0
v -0.015836160629987717 0.3170982003211975 0.05072490870952606 1.0 0.0 1.0
v -0.005665518343448639 0.2776869535446167 0.06852353364229202 1.0 0.0 1.0
v 0.004505123943090439 0.2344617396593094 0.08250816911458969 1.0 0.0 1.0
v 0.014675766229629517 0.19250783324241638 0.10284945368766785 1.0 0.0 1.0
v -0.000580197258386761 0.38193604350090027 0.0341976173222065 1.0 0.0 1.0
v 0.01086177583783865 0.33743947744369507 0.05072490870952606 1.0 0.0 1.0
v 0.019761087372899055 0.29929956793785095 0.06343821436166763 1.0 0.0 1.0
v 0.029931729659438133 0.25861701369285583 0.08377949893474579 1.0 0.0 1.0
v 0.04010237380862236 0.21666310727596283 0.09776413440704346 1.0 0.0 1.0
v 0.0223037488758564 0.4111766517162323 0.0329262837767601 1.0 0.0 1.0
v 0.03120306134223938 0.3730367422103882 0.04563958942890167 1.0 0.0 1.0
v 0.04137370362877846 0.3336254954338074 0.05962422117590904 1.0 0.0 1.0
v 0.051544345915317535 0.29421424865722656 0.07488018274307251 1.0 0.0 1.0
v 0.0706143006682396 0.21539178490638733 0.10666344314813614 1.0 0.0 1.0
v 0.0668003112077713 0.4226186275482178 0.040554266422986984 1.0 0.0 1.0
v 0.07569961994886398 0.38320738077163696 0.05708156153559685 1.0 0.0 1.0
v 0.08587026596069336 0.34252482652664185 0.06979486346244812 1.0 0.0 1.0
v 0.09604090452194214 0.30438491702079773 0.08759348839521408 1.0 0.0 1.0
v 0.10494022071361542 0.43787458539009094 0.05072490870952606 1.0 0.0 1.0
v 0.1151108592748642 0.39719200134277344 0.06343821436166763 1.0 0.0 1.0
v 0.12401017546653748 0.357780784368515 0.0774228498339653 1.0 0.0 1.0
v 0.13545215129852295 0.3132842183113098 0.09267880767583847 1.0 0.0 1.0
v 0.14562278985977173 0.2751443088054657 0.11302009224891663 1.0 0.0 1.0
v 0.13545215129852295 0.43406060338020325 0.058352891355752945 1.0 0.0 1.0
v 0.14562278985977173 0.39083537459373474 0.07233752310276031 1.0 0.0 1.0
v 0.1570647656917572 0.34633880853652954 0.09140747785568237 1.0 0.0 1.0
v 0.1659640669822693 0.3081988990306854 0.10666344314813614 1.0 0.0 1.0
v 0.1621500849723816 0.43787458539009094 0.06089555099606514 1.0 0.0 1.0
v 0.17232072353363037 0.39846333861351013 0.0774228498339653 1.0 0.0 1.0
v 0.18376269936561584 0.3565094470977783 0.09267880767583847 1.0 0.0 1.0
v 0.19266201555728912 0.3170982003211975 0.11047743260860443 1.0 0.0 1.0
v 0.2041039764881134 0.4455025792121887 0.06852353364229202 1.0 0.0 1.0
v 0.21554595232009888 0.4010060131549835 0.08377949893474579 1.0 0.0 1.0
v 0.22444526851177216 0.3666800856590271 0.10030679404735565 1.0 0.0 1.0
v 0.2574998438358307 0.4137192964553833 0.09522146731615067 1.0 0.0 1.0
v 0.28165513277053833 0.444231241941452 0.09013614803552628 1.0 0.0 1.0
v 0.2930971086025238 0.4022773504257202 0.09903546422719955 1.0 0.0 1.0
v 0.31216704845428467 0.446773886680603 0.09649280458688736 1.0 0.0 1.0
v 0.35793495178222656 0.446773886680603 0.10539211332798004 1.0 0.0 1.0
v -0.12517057359218597 0.06156081333756447 0.10412078350782394 1.0 0.0 1.0
v -0.1149999275803566 0.09842938929796219 0.09140747785568237 1.0 0.0 1.0
v -0.10482928156852722 0.1391119658946991 0.0786941796541214 1.0 0.0 1.0
v -0.09465864300727844 0.1823371946811676 0.06725220382213593 1.0 0.0 1.0
v -0.08321666717529297 0.22429108619689941 0.06089555099606514 1.0 0.0 1.0
v -0.07304602861404419 0.2662450075149536 0.05072490870952606 1.0 0.0 1.0
v -0.08703065663576126 0.0920727401971817 0.10284945368766785 1.0 0.0 1.0
v -0.07558868825435638 0.1352979689836502 0.08632215857505798 1.0 0.0 1.0
v -0.06414671242237091 0.1785231977701187 0.0799655094742775 1.0 0.0 1.0
v -0.05397607013583183 0.22047710418701172 0.06725220382213593 1.0 0.0 1.0
v -0.04253409802913666 0.2662450075149536 0.05708156153559685 1.0 0.0 1.0
v -0.03236345574259758 0.3081988990306854 0.04691091924905777 1.0 0.0 1.0
v -0.020921481773257256 0.34888145327568054 0.035468947142362595 1.0 0.0 1.0
v -0.04507675766944885 0.12894131243228912 0.10030679404735565 1.0 0.0 1.0
v -0.034906115382909775 0.16580989956855774 0.08632215857505798 1.0 0.0 1.0
v -0.0234641432762146 0.21157778799533844 0.0799655094742775 1.0 0.0 1.0
v -0.01202217023819685 0.25734567642211914 0.06725220382213593 1.0 0.0 1.0
v -0.0018515276024118066 0.30057090520858765 0.05453890189528465 1.0 0.0 1.0
v 0.009590445086359978 0.34252482652664185 0.044368259608745575 1.0 0.0 1.0
v 0.021032417193055153 0.38956403732299805 0.03674027696251869 1.0 0.0 1.0
v 0.0057764542289078236 0.15818192064762115 0.10666344314813614 1.0 0.0 1.0
v 0.01721842773258686 0.19886448979377747 0.09267880767583847 1.0 0.0 1.0
v 0.02611774019896984 0.23827572166919708 0.08505082875490189 1.0 0.0 1.0
v 0.03755971044301987 0.2815009653568268 0.07615151256322861 1.0 0.0 1.0
v 0.04900168627500534 0.325997531414032 0.062166884541511536 1.0 0.0 1.0
v 0.05917232856154442 0.3692227602005005 0.05453890189528465 1.0 0.0 1.0
v 0.0706143006682396 0.4099053144454956 0.044368259608745575 1.0 0.0 1.0
v 0.07442829012870789 0.2357330620288849 0.10793477296829224 1.0 0.0 1.0
v 0.08332760632038116 0.271330326795578 0.08886481821537018 1.0 0.0 1.0
v 0.09604090452194214 0.3183695375919342 0.07615151256322861 1.0 0.0 1.0
v 0.10621155053377151 0.3615947663784027 0.06725220382213593 1.0 0.0 1.0
v 0.11765351891517639 0.4035486578941345 0.058352891355752945 1.0 0.0 1.0
v 0.12782415747642517 0.4480452239513397 0.05072490870952606 1.0 0.0 1.0
v 0.1138395294547081 0.271330326795578 0.10030679404735565 1.0 0.0 1.0
v 0.12528149783611298 0.3158268630504608 0.09013614803552628 1.0 0.0 1.0
v 0.13418081402778625 0.35396677255630493 0.07615151256322861 1.0 0.0 1.0
v 0.14562278985977173 0.39719200134277344 0.06852353364229202 1.0 0.0 1.0
v 0.1557934284210205 0.43914592266082764 0.058352891355752945 1.0 0.0 1.0
v 0.15070810914039612 0.29675692319869995 0.10284945368766785 1.0 0.0 1.0
v 0.1608787477016449 0.33489683270454407 0.09140747785568237 1.0 0.0 1.0
v 0.17104940116405487 0.3755793869495392 0.08250816911458969 1.0 0.0 1.0
v 0.18249136209487915 0.4213472902774811 0.06852353364229202 1.0 0.0 1.0
v 0.2002899944782257 0.3183695375919342 0.10920610278844833 1.0 0.0 1.0
v 0.209189310669899 0.357780784368515 0.09267880767583847 1.0 0.0 1.0
v 0.21935994923114777 0.39719200134277344 0.0786941796541214 1.0 0.0 1.0
v 0.23080192506313324 0.44168856739997864 0.07233752310276031 1.0 0.0 1.0
v 0.27148449420928955 0.4048199951648712 0.09267880767583847 1.0 0.0 1.0
v 0.28038379549980164 0.44295990467071533 0.08505082875490189 1.0 0.0 1.0
v 0.31343838572502136 0.43914592266082764 0.09140747785568237 1.0 0.0 1.0
v 0.32106637954711914 0.44041725993156433 0.09140747785568237 1.0 0.0 1.0
v 0.27911245822906494 0.43278926610946655 0.08632215857505798 1.0 0.0 1.0
v 0.2562285363674164 0.39337801933288574 0.09013614803552628 1.0 0.0 1.0
v 0.2447865605354309 0.444231241941452 0.06852353364229202 1.0 0.0 1.0
v 0.23334458470344543 0.360323429107666 0.09903546422719955 1.0 0.0 1.0
v 0.22190260887145996 0.4099053144454956 0.07488018274307251 1.0 0.0 1.0
v 0.19647599756717682 0.3272688388824463 0.09776413440704346 1.0 0.0 1.0
v 0.18503402173519135 0.37939339876174927 0.0774228498339653 1.0 0.0 1.0
v 0.17359206080436707 0.42770394682884216 0.05962422117590904 1.0 0.0 1.0
v 0.1596074253320694 0.2840436100959778 0.10539211332798004 1.0 0.0 1.0
v 0.14816544950008392 0.33489683270454407 0.08505082875490189 1.0 0.0 1.0
v 0.13672347366809845 0.38320738077163696 0.06979486346244812 1.0 0.0 1.0
v 0.12528149783611298 0.43406060338020325 0.05072490870952606 1.0 0.0 1.0
v 0.12273884564638138 0.29294294118881226 0.09013614803552628 1.0 0.0 1.0
v 0.112568199634552 0.33998215198516846 0.06598087400197983 1.0 0.0 1.0
v 0.09985489398241043 0.39210668206214905 0.05199623852968216 1.0 0.0 1.0
v 0.08841292560100555 0.446773886680603 0.0341976173222065 1.0 0.0 1.0
v 0.09604090452194214 0.24971769750118256 0.10030679404735565 1.0 0.0 1.0
v 0.08459893614053726 0.30184224247932434 0.0774228498339653 1.0 0.0 1.0
v 0.07188563048839569 0.3590521216392517 0.05708156153559685 1.0 0.0 1.0
v 0.060443658381700516 0.4073626697063446 0.040554266422986984 1.0 0.0 1.0
v 0.06298632174730301 0.20013581216335297 0.10284945368766785 1.0 0.0 1.0
v 0.051544345915317535 0.25098901987075806 0.08377949893474579 1.0 0.0 1.0
v 0.04010237380862236 0.30438491702079773 0.06089555099606514 1.0 0.0 1.0
v 0.02738907001912594 0.360323429107666 0.04182559624314308 1.0 0.0 1.0
v 0.019761087372899055 0.19123651087284088 0.09903546422719955 1.0 0.0 1.0
v 0.00831911526620388 0.24208971858024597 0.07615151256322861 1.0 0.0 1.0
v -0.004394188057631254 0.29167160391807556 0.05581023171544075 1.0 0.0 1.0
v -0.015836160629987717 0.34506747126579285 0.03674027696251869 1.0 0.0 1.0
v -0.010750839486718178 0.16962389647960663 0.09267880767583847 1.0 0.0 1.0
v -0.022192813456058502 0.2230197638273239 0.06979486346244812 1.0 0.0 1.0
v -0.034906115382909775 0.2789582908153534 0.053267572075128555 1.0 0.0 1.0
v -0.03744877502322197 0.12258467078208923 0.09776413440704346 1.0 0.0 1.0
v -0.05016208067536354 0.1772518754005432 0.0799655094742775 1.0 0.0 1.0
v -0.061604052782058716 0.2281050831079483 0.06089555099606514 1.0 0.0 1.0
v -0.07304602861404419 0.2789582908153534 0.03928293660283089 1.0 0.0 1.0
v -0.08321666717529297 0.12385600060224533 0.09140747785568237 1.0 0.0 1.0
v -0.09465864300727844 0.17598053812980652 0.06598087400197983 1.0 0.0 1.0
v -0.10610061138868332 0.2281050831079483 0.049453578889369965 1.0 0.0 1.0
v -0.12517057359218597 0.0920727401971817 0.09013614803552628 1.0 0.0 1.0
v 0.30581042170524597 0.446773886680603 0.09013614803552628 1.0 0.0 1.0
v 0.2930971086025238 0.3997346758842468 0.10030679404735565 1.0 0.0 1.0
v 0.2625851631164551 0.4226186275482178 0.08632215857505798 1.0 0.0 1.0
v 0.2486005425453186 0.3730367422103882 0.10030679404735565 1.0 0.0 1.0
v 0.22825926542282104 0.44168856739997864 0.07360885292291641 1.0 0.0 1.0
v 0.21427462995052338 0.38956403732299805 0.08759348839521408 1.0 0.0 1.0
v 0.2015613168478012 0.33998215198516846 0.09776413440704346 1.0 0.0 1.0
v 0.17613472044467926 0.42770394682884216 0.06598087400197983 1.0 0.0 1.0
v 0.1646927446126938 0.38193604350090027 0.07615151256322861 1.0 0.0 1.0
v 0.15070810914039612 0.33108285069465637 0.08759348839521408 1.0 0.0 1.0
v 0.13799481093883514 0.2802296280860901 0.10412078350782394 1.0 0.0 1.0
v 0.12528149783611298 0.42388996481895447 0.05708156153559685 1.0 0.0 1.0
v 0.1138395294547081 0.38193604350090027 0.06343821436166763 1.0 0.0 1.0
v 0.09985489398241043 0.3298115134239197 0.07488018274307251 1.0 0.0 1.0
v 0.08714159578084946 0.2802296280860901 0.09013614803552628 1.0 0.0 1.0
v 0.07442829012870789 0.2357330620288849 0.10030679404735565 1.0 0.0 1.0
v 0.08841292560100555 0.4086339771747589 0.049453578889369965 1.0 0.0 1.0
v 0.07697094976902008 0.3654087483882904 0.05708156153559685 1.0 0.0 1.0
v 0.06298632174730301 0.3158268630504608 0.07615151256322861 1.0 0.0 1.0
v 0.051544345915317535 0.271330326795578 0.0799655094742775 1.0 0.0 1.0
v 0.03883104398846626 0.22047710418701172 0.09267880767583847 1.0 0.0 1.0
v 0.02738907001912594 0.17598053812980652 0.10284945368766785 1.0 0.0 1.0
v 0.06171498820185661 0.44295990467071533 0.035468947142362595 1.0 0.0 1.0
v 0.04900168627500534 0.39592069387435913 0.04309692978858948 1.0 0.0 1.0
v 0.03628838062286377 0.34506747126579285 0.05453890189528465 1.0 0.0 1.0
v 0.024846408516168594 0.30438491702079773 0.05962422117590904 1.0 0.0 1.0
v 0.01086177583783865 0.25098901987075806 0.07233752310276031 1.0 0.0 1.0
v -0.003122858004644513 0.20013581216335297 0.08759348839521408 1.0 0.0 1.0
v -0.01456483080983162 0.15436792373657227 0.10412078350782394 1.0 0.0 1.0
v -0.003122858004644513 0.3654087483882904 0.035468947142362595 1.0 0.0 1.0
v -0.015836160629987717 0.3145555555820465 0.044368259608745575 1.0 0.0 1.0
v -0.02854946441948414 0.2662450075149536 0.058352891355752945 1.0 0.0 1.0
v -0.04253409802913666 0.21666310727596283 0.07106619328260422 1.0 0.0 1.0
v -0.05651872977614403 0.16453856229782104 0.0812368392944336 1.0 0.0 1.0
v -0.0692320317029953 0.11622801423072815 0.09776413440704346 1.0 0.0 1.0
v -0.07940267771482468 0.2700589895248413 0.044368259608745575 1.0 0.0 1.0
v -0.09084464609622955 0.2230197638273239 0.05581023171544075 1.0 0.0 1.0
v -0.10482928156852722 0.16962389647960663 0.06979486346244812 1.0 0.0 1.0
v -0.11754258722066879 0.12385600060224533 0.07615151256322861 1.0 0.0 1.0
v 0.09349824488162994 0.48109981417655945 0.03674027696251869 1.0 0.0 1.0
v 0.1151108592748642 0.5154257416725159 0.025298302993178368 1.0 0.0 1.0
v 0.12528149783611298 0.47220051288604736 0.04182559624314308 1.0 0.0 1.0
v 0.13290949165821075 0.556108295917511 0.017670322209596634 1.0 0.0 1.0
v 0.14180879294872284 0.5192397236824036 0.0341976173222065 1.0 0.0 1.0
v 0.1519794464111328 0.47982847690582275 0.04691091924905777 1.0 0.0 1.0
v 0.17359206080436707 0.5675503015518188 0.022755643352866173 1.0 0.0 1.0
v 0.18376269936561584 0.528139054775238 0.03928293660283089 1.0 0.0 1.0
v 0.19393333792686462 0.48745647072792053 0.049453578889369965 1.0 0.0 1.0
v 0.2066466510295868 0.614589512348175 0.017670322209596634 1.0 0.0 1.0
v 0.21681728959083557 0.5751782655715942 0.031654953956604004 1.0 0.0 1.0
v 0.22825926542282104 0.5319530367851257 0.044368259608745575 1.0 0.0 1.0
v 0.23715856671333313 0.4912704527378082 0.06089555099606514 1.0 0.0 1.0
v 0.2473292201757431 0.4505878984928131 0.07488018274307251 1.0 0.0 1.0
v 0.23334458470344543 0.6412874460220337 0.01258500013500452 1.0 0.0 1.0
v 0.24224388599395752 0.6031475067138672 0.025298302993178368 1.0 0.0 1.0
v 0.2524145245552063 0.5650076270103455 0.040554266422986984 1.0 0.0 1.0
v 0.2625851631164551 0.5230537056922913 0.058352891355752945 1.0 0.0 1.0
v 0.27275583148002625 0.48237115144729614 0.07106619328260422 1.0 0.0 1.0
v 0.251143217086792 0.6908693313598633 0.003685688367113471 1.0 0.0 1.0
v 0.26131385564804077 0.6527293920516968 0.01512766070663929 1.0 0.0 1.0
v 0.27021315693855286 0.6120468378067017 0.02911229431629181 1.0 0.0 1.0
v 0.282926470041275 0.5675503015518188 0.04563958942890167 1.0 0.0 1.0
v 0.2918257713317871 0.5319530367851257 0.062166884541511536 1.0 0.0 1.0
v 0.3019964098930359 0.48999911546707153 0.0786941796541214 1.0 0.0 1.0
v 0.285469114780426 0.7379085421562195 -0.003942293580621481 1.0 0.0 1.0
v 0.2969110906124115 0.6921406388282776 0.01258500013500452 1.0 0.0 1.0
v 0.30581042170524597 0.6527293920516968 0.025298302993178368 1.0 0.0 1.0
v 0.31598106026649475 0.613318145275116 0.03928293660283089 1.0 0.0 1.0
v 0.32615169882774353 0.5713642835617065 0.05708156153559685 1.0 0.0 1.0
v 0.3363223373889923 0.5319530367851257 0.07106619328260422 1.0 0.0 1.0
v 0.3464929759502411 0.4912704527378082 0.09013614803552628 1.0 0.0 1.0
v 0.37064826488494873 0.5739069581031799 0.06725220382213593 1.0 0.0 1.0
v 0.3808189034461975 0.5370383262634277 0.08632215857505798 1.0 0.0 1.0
v 0.3909895420074463 0.4950844645500183 0.10157812386751175 1.0 0.0 1.0
v 0.08205627650022507 0.4594871997833252 0.031654953956604004 1.0 0.0 1.0
v 0.09349824488162994 0.5014411211013794 0.022755643352866173 1.0 0.0 1.0
v 0.13926613330841064 0.4938131272792816 0.03674027696251869 1.0 0.0 1.0
v 0.14943678677082062 0.5306816697120667 0.025298302993178368 1.0 0.0 1.0
v 0.1596074253320694 0.5726355910301208 0.017670322209596634 1.0 0.0 1.0
v 0.1659640669822693 0.47982847690582275 0.044368259608745575 1.0 0.0 1.0
v 0.17740604281425476 0.5230537056922913 0.035468947142362595 1.0 0.0 1.0
v 0.18884801864624023 0.5662789344787598 0.02402697317302227 1.0 0.0 1.0
v 0.1977473348379135 0.6056901812553406 0.01258500013500452 1.0 0.0 1.0
v 0.209189310669899 0.6501867771148682 0.003685688367113471 1.0 0.0 1.0
v 0.19266201555728912 0.4633011817932129 0.058352891355752945 1.0 0.0 1.0
v 0.2041039764881134 0.5052551031112671 0.04691091924905777 1.0 0.0 1.0
v 0.21554595232009888 0.5497516393661499 0.0341976173222065 1.0 0.0 1.0
v 0.22571660578250885 0.5917055606842041 0.022755643352866173 1.0 0.0 1.0
v 0.23588724434375763 0.6298454403877258 0.011313670314848423 1.0 0.0 1.0
v 0.2473292201757431 0.6768847107887268 0.0024143580812960863 1.0 0.0 1.0
v 0.2587711811065674 0.7213812470436096 -0.009027615189552307 1.0 0.0 1.0
v 0.24224388599395752 0.48618513345718384 0.05708156153559685 1.0 0.0 1.0
v 0.253685861825943 0.5306816697120667 0.04563958942890167 1.0 0.0 1.0
v 0.2638565003871918 0.5726355910301208 0.03674027696251869 1.0 0.0 1.0
v 0.27656981348991394 0.6184034943580627 0.02402697317302227 1.0 0.0 1.0
v 0.2867404520511627 0.6603574156761169 0.01258500013500452 1.0 0.0 1.0
v 0.308353066444397 0.7455365061759949 -0.0013996330089867115 1.0 0.0 1.0
v 0.2918257713317871 0.48618513345718384 0.07233752310276031 1.0 0.0 1.0
v 0.3032677471637726 0.5294103622436523 0.058352891355752945 1.0 0.0 1.0
v 0.31343838572502136 0.5700929164886475 0.049453578889369965 1.0 0.0 1.0
v 0.32488036155700684 0.6158608198165894 0.040554266422986984 1.0 0.0 1.0
v 0.3350510001182556 0.6590860486030579 0.026569634675979614 1.0 0.0 1.0
v 0.32360902428627014 0.48109981417655945 0.08250816911458969 1.0 0.0 1.0
v 0.3350510001182556 0.5243250727653503 0.06979486346244812 1.0 0.0 1.0
v 0.3464929759502411 0.5700929164886475 0.06089555099606514 1.0 0.0 1.0
v 0.35793495178222656 0.613318145275116 0.04691091924905777 1.0 0.0 1.0
v 0.3553922772407532 0.467115193605423 0.09395013749599457 1.0 0.0 1.0
v 0.36556294560432434 0.5065264105796814 0.08632215857505798 1.0 0.0 1.0
v 0.3770048916339874 0.5497516393661499 0.07360885292291641 1.0 0.0 1.0
v 0.3808189034461975 0.5027124285697937 0.08759348839521408 1.0 0.0 1.0
v 0.36810559034347534 0.5548369884490967 0.06725220382213593 1.0 0.0 1.0
v 0.3528496325016022 0.4887278079986572 0.08632215857505798 1.0 0.0 1.0
v 0.3426789939403534 0.5370383262634277 0.06598087400197983 1.0 0.0 1.0
v 0.3299656808376312 0.5878915786743164 0.04563958942890167 1.0 0.0 1.0
v 0.31852370500564575 0.642558753490448 0.026569634675979614 1.0 0.0 1.0
v 0.3070817291736603 0.6921406388282776 0.011313670314848423 1.0 0.0 1.0
v 0.2956397533416748 0.7429938912391663 -0.010298945009708405 1.0 0.0 1.0
v 0.3070817291736603 0.4976271092891693 0.06852353364229202 1.0 0.0 1.0
v 0.285469114780426 0.5955195426940918 0.031654953956604004 1.0 0.0 1.0
v 0.27275583148002625 0.6514580845832825 0.01258500013500452 1.0 0.0 1.0
v 0.26639917492866516 0.48745647072792053 0.06470954418182373 1.0 0.0 1.0
v 0.2549571990966797 0.5408523678779602 0.044368259608745575 1.0 0.0 1.0
v 0.24224388599395752 0.5942482352256775 0.022755643352866173 1.0 0.0 1.0
v 0.23080192506313324 0.6451014280319214 0.004957018420100212 1.0 0.0 1.0
v 0.23334458470344543 0.4938131272792816 0.05072490870952606 1.0 0.0 1.0
v 0.22063127160072327 0.5497516393661499 0.0329262837767601 1.0 0.0 1.0
v 0.209189310669899 0.6018761992454529 0.011313670314848423 1.0 0.0 1.0
v 0.209189310669899 0.4645725190639496 0.05708156153559685 1.0 0.0 1.0
v 0.19647599756717682 0.5205110311508179 0.0341976173222065 1.0 0.0 1.0
v 0.18503402173519135 0.5700929164886475 0.017670322209596634 1.0 0.0 1.0
v 0.1621500849723816 0.47982847690582275 0.03928293660283089 1.0 0.0 1.0
v 0.14943678677082062 0.5344957113265991 0.021484313532710075 1.0 0.0 1.0
v 0.1138395294547081 0.48491379618644714 0.0329262837767601 1.0 0.0 1.0
v 0.36683425307273865 0.5141544342041016 0.08759348839521408 1.0 0.0 1.0
v 0.3528496325016022 0.4633011817932129 0.09649280458688736 1.0 0.0 1.0
v 0.3426789939403534 0.5904342532157898 0.05072490870952606 1.0 0.0 1.0
v 0.3312370181083679 0.5446663498878479 0.06343821436166763 1.0 0.0 1.0
v 0.31852370500564575 0.5001697540283203 0.0774228498339653 1.0 0.0 1.0
v 0.32615169882774353 0.6641713976860046 0.025298302993178368 1.0 0.0 1.0
v 0.31470972299575806 0.619674801826477 0.031654953956604004 1.0 0.0 1.0
v 0.3007250726222992 0.5675503015518188 0.04818224906921387 1.0 0.0 1.0
v 0.2880117893218994 0.5205110311508179 0.058352891355752945 1.0 0.0 1.0
v 0.27529847621917725 0.47092917561531067 0.07233752310276031 1.0 0.0 1.0
v 0.30581042170524597 0.7353658676147461 -0.0026709632948040962 1.0 0.0 1.0
v 0.2918257713317871 0.6819700002670288 0.008771009743213654 1.0 0.0 1.0
v 0.27911245822906494 0.6349307894706726 0.022755643352866173 1.0 0.0 1.0
v 0.26767051219940186 0.5891628861427307 0.0341976173222065 1.0 0.0 1.0
v 0.2549571990966797 0.5395810008049011 0.04563958942890167 1.0 0.0 1.0
v 0.24097256362438202 0.48999911546707153 0.05708156153559685 1.0 0.0 1.0
v 0.24097256362438202 0.67179936170578 -0.0013996330089867115 1.0 0.0 1.0
v 0.22698792815208435 0.6184034943580627 0.011313670314848423 1.0 0.0 1.0
v 0.21427462995052338 0.5726355910301208 0.02784096449613571 1.0 0.0 1.0
v 0.2028326541185379 0.5255963802337646 0.04309692978858948 1.0 0.0 1.0
v 0.19011935591697693 0.47855716943740845 0.04691091924905777 1.0 0.0 1.0
v 0.1646927446126938 0.5751782655715942 0.016398990526795387 1.0 0.0 1.0
v 0.1519794464111328 0.526867687702179 0.031654953956604004 1.0 0.0 1.0
v 0.13799481093883514 0.47347182035446167 0.044368259608745575 1.0 0.0 1.0
v 0.1138395294547081 0.5052551031112671 0.02784096449613571 1.0 0.0 1.0
v 0.09985489398241043 0.4556732177734375 0.04309692978858948 1.0 0.0 1.0
v -0.7824483513832092 -0.01599033549427986 -0.033182889223098755 1.0 0.0 1.0
v -0.7710063457489014 -0.06048689782619476 -0.014112936332821846 1.0 0.0 1.0
v -0.7315950989723206 -0.013447675853967667 -0.02555490843951702 1.0 0.0 1.0
v -0.7214244604110718 -0.05667290464043617 -0.005213623866438866 1.0 0.0 1.0
v -0.7099825143814087 -0.10116946697235107 0.006228348705917597 1.0 0.0 1.0
v -0.6959978938102722 0.05139017105102539 -0.03445422276854515 1.0 0.0 1.0
v -0.6858272552490234 0.009436270222067833 -0.02174091711640358 1.0 0.0 1.0
v -0.676927924156189 -0.02997496910393238 -0.005213623866438866 1.0 0.0 1.0
v -0.6654859781265259 -0.07192887365818024 0.008771009743213654 1.0 0.0 1.0
v -0.6553152799606323 -0.11261144280433655 0.02911229431629181 1.0 0.0 1.0
v -0.6667572855949402 0.06156081333756447 -0.03191155940294266 1.0 0.0 1.0
v -0.6565866470336914 0.020878242328763008 -0.015384266152977943 1.0 0.0 1.0
v -0.6451446413993835 -0.022346988320350647 -0.003942293580621481 1.0 0.0 1.0
v -0.6362453699111938 -0.06175822764635086 0.017670322209596634 1.0 0.0 1.0
v -0.624803364276886 -0.10498345643281937 0.035468947142362595 1.0 0.0 1.0
v -0.6159040927886963 -0.14439469575881958 0.04563958942890167 1.0 0.0 1.0
v -0.6375166773796082 0.07681677490472794 -0.03191155940294266 1.0 0.0 1.0
v -0.6286173462867737 0.039948198944330215 -0.014112936332821846 1.0 0.0 1.0
v -0.6184467077255249 -0.0007343724137172103 0.0024143580812960863 1.0 0.0 1.0
v -0.6070047616958618 -0.045230932533741 0.016398990526795387 1.0 0.0 1.0
v -0.596834123134613 -0.08591350167989731 0.030383624136447906 1.0 0.0 1.0
v -0.5879347920417786 -0.12023942172527313 0.04818224906921387 1.0 0.0 1.0
v -0.5777641534805298 -0.16219332814216614 0.062166884541511536 1.0 0.0 1.0
v -0.596834123134613 0.08571609109640121 -0.024283578619360924 1.0 0.0 1.0
v -0.5879347920417786 0.05011884123086929 -0.009027615189552307 1.0 0.0 1.0
v -0.5777641534805298 0.008164939470589161 0.006228348705917597 1.0 0.0 1.0
v -0.5663222074508667 -0.03506029024720192 0.021484313532710075 1.0 0.0 1.0
v -0.5574228763580322 -0.07320020347833633 0.03674027696251869 1.0 0.0 1.0
v -0.5472522377967834 -0.11261144280433655 0.05199623852968216 1.0 0.0 1.0
v -0.5370815992355347 -0.15456533432006836 0.07106619328260422 1.0 0.0 1.0
v -0.5256395936012268 -0.19906190037727356 0.0799655094742775 1.0 0.0 1.0
v -0.562508225440979 0.1416546255350113 -0.03064022958278656 1.0 0.0 1.0
v -0.5523375272750854 0.09970071911811829 -0.014112936332821846 1.0 0.0 1.0
v -0.5421668887138367 0.059018153697252274 -0.0013996330089867115 1.0 0.0 1.0
v -0.5319962501525879 0.01579292118549347 0.013856330886483192 1.0 0.0 1.0
v -0.5205543041229248 -0.024889647960662842 0.030383624136447906 1.0 0.0 1.0
v -0.5116549730300903 -0.06557221710681915 0.04691091924905777 1.0 0.0 1.0
v -0.5014843344688416 -0.10498345643281937 0.06089555099606514 1.0 0.0 1.0
v -0.4913136959075928 -0.14566603302955627 0.07488018274307251 1.0 0.0 1.0
v -0.481143057346344 -0.18761992454528809 0.09522146731615067 1.0 0.0 1.0
v -0.4697010815143585 -0.2321164906024933 0.10666344314813614 1.0 0.0 1.0
v -0.5281822681427002 0.14928260445594788 -0.026826240122318268 1.0 0.0 1.0
v -0.5192829370498657 0.11368535459041595 -0.012841605581343174 1.0 0.0 1.0
v -0.5078409910202026 0.06918879598379135 0.004957018420100212 1.0 0.0 1.0
v -0.49767035245895386 0.025963563472032547 0.02021298184990883 1.0 0.0 1.0
v -0.4874997138977051 -0.014719005674123764 0.0329262837767601 1.0 0.0 1.0
v -0.4760577380657196 -0.059215568006038666 0.05072490870952606 1.0 0.0 1.0
v -0.4658870995044708 -0.10116946697235107 0.06598087400197983 1.0 0.0 1.0
v -0.45698776841163635 -0.136766716837883 0.0799655094742775 1.0 0.0 1.0
v -0.4468171298503876 -0.1761779487133026 0.09776413440704346 1.0 0.0 1.0
v -0.5052983164787292 0.19377917051315308 -0.03191155940294266 1.0 0.0 1.0
v -0.49385637044906616 0.14801126718521118 -0.017926927655935287 1.0 0.0 1.0
v -0.483685702085495 0.10605737566947937 -0.0026709632948040962 1.0 0.0 1.0
v -0.4747864007949829 0.06918879598379135 0.01258500013500452 1.0 0.0 1.0
v -0.46461576223373413 0.02977755479514599 0.02784096449613571 1.0 0.0 1.0
v -0.45317378640174866 -0.014719005674123764 0.040554266422986984 1.0 0.0 1.0
v -0.4430031478404999 -0.05413024500012398 0.05453890189528465 1.0 0.0 1.0
v -0.4328325092792511 -0.09354148805141449 0.07233752310276031 1.0 0.0 1.0
v -0.4226618707180023 -0.136766716837883 0.08759348839521408 1.0 0.0 1.0
v -0.46207308769226074 0.19886448979377747 -0.026826240122318268 1.0 0.0 1.0
v -0.45063114166259766 0.15563926100730896 -0.010298945009708405 1.0 0.0 1.0
v -0.4404604732990265 0.11114269495010376 0.007499679457396269 1.0 0.0 1.0
v -0.4302898347377777 0.07427411526441574 0.021484313532710075 1.0 0.0 1.0
v -0.42011919617652893 0.03359154611825943 0.03801160678267479 1.0 0.0 1.0
v -0.40867722034454346 -0.012176345102488995 0.053267572075128555 1.0 0.0 1.0
v -0.3985065817832947 -0.05413024500012398 0.06725220382213593 1.0 0.0 1.0
v -0.3896072804927826 -0.0909988284111023 0.0812368392944336 1.0 0.0 1.0
v -0.4315611720085144 0.24717503786087036 -0.03191155940294266 1.0 0.0 1.0
v -0.4213905334472656 0.20394980907440186 -0.014112936332821846 1.0 0.0 1.0
v -0.41121989488601685 0.16072458028793335 -0.0013996330089867115 1.0 0.0 1.0
v -0.40104925632476807 0.12258467078208923 0.017670322209596634 1.0 0.0 1.0
v -0.3908786177635193 0.07935943454504013 0.0329262837767601 1.0 0.0 1.0
v -0.3807079493999481 0.039948198944330215 0.04563958942890167 1.0 0.0 1.0
v -0.37053731083869934 -0.002005702583119273 0.05962422117590904 1.0 0.0 1.0
v -0.35909533500671387 -0.0439596027135849 0.07106619328260422 1.0 0.0 1.0
v -0.3501960337162018 -0.08082818239927292 0.09013614803552628 1.0 0.0 1.0
v -0.397235244512558 0.2306477427482605 -0.020469587296247482 1.0 0.0 1.0
v -0.3870646059513092 0.1899651736021042 -0.003942293580621481 1.0 0.0 1.0
v -0.3768939673900604 0.15182526409626007 0.011313670314848423 1.0 0.0 1.0
v -0.36799466609954834 0.11495668441057205 0.025298302993178368 1.0 0.0 1.0
v -0.35782402753829956 0.07173145562410355 0.040554266422986984 1.0 0.0 1.0
v -0.3476533591747284 0.031048884615302086 0.05581023171544075 1.0 0.0 1.0
v -0.3374827206134796 -0.007091023959219456 0.07106619328260422 1.0 0.0 1.0
v -0.32604074478149414 -0.05158758535981178 0.08250816911458969 1.0 0.0 1.0
v -0.37562263011932373 0.25861701369285583 -0.017926927655935287 1.0 0.0 1.0
v -0.36545199155807495 0.21793444454669952 -0.00648495415225625 1.0 0.0 1.0
v -0.35655269026756287 0.1810658574104309 0.010042339563369751 1.0 0.0 1.0
v -0.3451107144355774 0.1365693062543869 0.02021298184990883 1.0 0.0 1.0
v -0.3349400758743286 0.0946153998374939 0.03801160678267479 1.0 0.0 1.0
v -0.32476943731307983 0.05647549033164978 0.05072490870952606 1.0 0.0 1.0
v -0.31459879875183105 0.0132502606138587 0.06979486346244812 1.0 0.0 1.0
v -0.3412967324256897 0.29548558592796326 -0.02555490843951702 1.0 0.0 1.0
v -0.3323974013328552 0.25480303168296814 -0.007756284438073635 1.0 0.0 1.0
v -0.32095542550086975 0.21412044763565063 0.004957018420100212 1.0 0.0 1.0
v -0.31078478693962097 0.17216655611991882 0.02021298184990883 1.0 0.0 1.0
v -0.3006141483783722 0.13021264970302582 0.035468947142362595 1.0 0.0 1.0
v -0.2904435098171234 0.0908014103770256 0.04818224906921387 1.0 0.0 1.0
v -0.28154420852661133 0.05139017105102539 0.06598087400197983 1.0 0.0 1.0
v -0.31078478693962097 0.3107415437698364 -0.019198257476091385 1.0 0.0 1.0
v -0.3006141483783722 0.2675163149833679 -0.003942293580621481 1.0 0.0 1.0
v -0.2904435098171234 0.2268337607383728 0.013856330886483192 1.0 0.0 1.0
v -0.27900153398513794 0.1848798543214798 0.02784096449613571 1.0 0.0 1.0
v -0.26883089542388916 0.1416546255350113 0.044368259608745575 1.0 0.0 1.0
v -0.2586602568626404 0.10097205638885498 0.058352891355752945 1.0 0.0 1.0
v -0.2484896034002304 0.059018153697252274 0.07106619328260422 1.0 0.0 1.0
v -0.2866295278072357 0.3247261941432953 -0.020469587296247482 1.0 0.0 1.0
v -0.27645888924598694 0.28658628463745117 -0.007756284438073635 1.0 0.0 1.0
v -0.26755955815315247 0.24844637513160706 0.007499679457396269 1.0 0.0 1.0
v -0.2573889195919037 0.20776380598545074 0.026569634675979614 1.0 0.0 1.0
v -0.2459469437599182 0.16453856229782104 0.03674027696251869 1.0 0.0 1.0
v -0.23577630519866943 0.12385600060224533 0.05199623852968216 1.0 0.0 1.0
v -0.22560566663742065 0.08444476127624512 0.06979486346244812 1.0 0.0 1.0
v -0.27010223269462585 0.3641374409198761 -0.028097569942474365 1.0 0.0 1.0
v -0.2586602568626404 0.3234548568725586 -0.012841605581343174 1.0 0.0 1.0
v -0.2484896034002304 0.2815009653568268 0.0024143580812960863 1.0 0.0 1.0
v -0.23831896483898163 0.24081838130950928 0.021484313532710075 1.0 0.0 1.0
v -0.22814832627773285 0.19886448979377747 0.0329262837767601 1.0 0.0 1.0
v -0.21670635044574738 0.15563926100730896 0.04818224906921387 1.0 0.0 1.0
v -0.2078070342540741 0.11622801423072815 0.06343821436166763 1.0 0.0 1.0
v -0.22179166972637177 0.3679514229297638 -0.015384266152977943 1.0 0.0 1.0
v -0.21162103116512299 0.3272688388824463 -0.0013996330089867115 1.0 0.0 1.0
v -0.2014503926038742 0.28658628463745117 0.01512766070663929 1.0 0.0 1.0
v -0.19000841677188873 0.24336104094982147 0.02911229431629181 1.0 0.0 1.0
v -0.18110910058021545 0.20522113144397736 0.040554266422986984 1.0 0.0 1.0
v -0.17093846201896667 0.16453856229782104 0.05708156153559685 1.0 0.0 1.0
v -0.18238043785095215 0.38702136278152466 -0.012841605581343174 1.0 0.0 1.0
v -0.17220978438854218 0.34633880853652954 0.0024143580812960863 1.0 0.0 1.0
v -0.1620391458272934 0.3081988990306854 0.017670322209596634 1.0 0.0 1.0
v -0.15059716999530792 0.2637023329734802 0.030383624136447906 1.0 0.0 1.0
v -0.14169786870479584 0.2230197638273239 0.044368259608745575 1.0 0.0 1.0
v -0.1645818054676056 0.44168856739997864 -0.020469587296247482 1.0 0.0 1.0
v -0.1544111669063568 0.3997346758842468 -0.010298945009708405 1.0 0.0 1.0
v -0.14296919107437134 0.3565094470977783 0.006228348705917597 1.0 0.0 1.0
v -0.13279855251312256 0.3183695375919342 0.022755643352866173 1.0 0.0 1.0
v -0.8066036105155945 -0.03506029024720192 -0.03445422276854515 1.0 0.0 1.0
v -0.763378381729126 -0.050316255539655685 -0.017926927655935287 1.0 0.0 1.0
v -0.7519364356994629 -0.007091023959219456 -0.03572555258870125 1.0 0.0 1.0
v -0.7328664660453796 -0.06175822764635086 -0.010298945009708405 1.0 0.0 1.0
v -0.7214244604110718 -0.018532996997237206 -0.024283578619360924 1.0 0.0 1.0
v -0.711253821849823 0.025963563472032547 -0.033182889223098755 1.0 0.0 1.0
v -0.6985405683517456 -0.05413024500012398 -0.005213623866438866 1.0 0.0 1.0
v -0.688369870185852 -0.01599033549427986 -0.017926927655935287 1.0 0.0 1.0
v -0.6781992316246033 0.02469223365187645 -0.026826240122318268 1.0 0.0 1.0
v -0.6667572855949402 0.07046012580394745 -0.03826821222901344 1.0 0.0 1.0
v -0.6654859781265259 -0.10498345643281937 0.021484313532710075 1.0 0.0 1.0
v -0.6553152799606323 -0.06811487674713135 0.010042339563369751 1.0 0.0 1.0
v -0.6451446413993835 -0.023618318140506744 -0.005213623866438866 1.0 0.0 1.0
v -0.6324313879013062 0.023420903831720352 -0.011570275761187077 1.0 0.0 1.0
v -0.6222607493400574 0.06537480652332306 -0.023012248799204826 1.0 0.0 1.0
v -0.6120900511741638 0.10605737566947937 -0.03445422276854515 1.0 0.0 1.0
v -0.619718074798584 -0.10371212661266327 0.02784096449613571 1.0 0.0 1.0
v -0.6108187437057495 -0.06557221710681915 0.016398990526795387 1.0 0.0 1.0
v -0.5993767976760864 -0.022346988320350647 0.006228348705917597 1.0 0.0 1.0
v -0.5879347920417786 0.023420903831720352 -0.005213623866438866 1.0 0.0 1.0
v -0.5764928460121155 0.06537480652332306 -0.014112936332821846 1.0 0.0 1.0
v -0.5663222074508667 0.10605737566947937 -0.023012248799204826 1.0 0.0 1.0
v -0.5548802018165588 0.15055394172668457 -0.03445422276854515 1.0 0.0 1.0
v -0.601919412612915 -0.14693735539913177 0.04691091924905777 1.0 0.0 1.0
v -0.590477466583252 -0.10625478625297546 0.03674027696251869 1.0 0.0 1.0
v -0.5815781354904175 -0.06557221710681915 0.025298302993178368 1.0 0.0 1.0
v -0.5714074969291687 -0.024889647960662842 0.011313670314848423 1.0 0.0 1.0
v -0.5586941838264465 0.01960691250860691 0.003685688367113471 1.0 0.0 1.0
v -0.5485235452651978 0.06156081333756447 -0.005213623866438866 1.0 0.0 1.0
v -0.538352906703949 0.10351471602916718 -0.019198257476091385 1.0 0.0 1.0
v -0.5714074969291687 -0.1380380392074585 0.05072490870952606 1.0 0.0 1.0
v -0.5612368583679199 -0.09989813715219498 0.03928293660283089 1.0 0.0 1.0
v -0.5497949123382568 -0.05413024500012398 0.025298302993178368 1.0 0.0 1.0
v -0.538352906703949 -0.012176345102488995 0.017670322209596634 1.0 0.0 1.0
v -0.5281822681427002 0.031048884615302086 0.008771009743213654 1.0 0.0 1.0
v -0.5167403221130371 0.07554544508457184 -0.003942293580621481 1.0 0.0 1.0
v -0.5052983164787292 0.12004201114177704 -0.014112936332821846 1.0 0.0 1.0
v -0.49512767791748047 0.15945324301719666 -0.023012248799204826 1.0 0.0 1.0
v -0.483685702085495 0.20267847180366516 -0.036996882408857346 1.0 0.0 1.0
v -0.5281822681427002 -0.15329401195049286 0.06725220382213593 1.0 0.0 1.0
v -0.5180116295814514 -0.11006878316402435 0.05199623852968216 1.0 0.0 1.0
v -0.5078409910202026 -0.06938620656728745 0.04182559624314308 1.0 0.0 1.0
v -0.49639901518821716 -0.02616097964346409 0.031654953956604004 1.0 0.0 1.0
v -0.4849570393562317 0.020878242328763008 0.021484313532710075 1.0 0.0 1.0
v -0.4747864007949829 0.06283214688301086 0.008771009743213654 1.0 0.0 1.0
v -0.46334442496299744 0.10605737566947937 -0.0013996330089867115 1.0 0.0 1.0
v -0.45063114166259766 0.15309660136699677 -0.011570275761187077 1.0 0.0 1.0
v -0.4404604732990265 0.19505049288272858 -0.023012248799204826 1.0 0.0 1.0
v -0.4302898347377777 0.2344617396593094 -0.029368899762630463 1.0 0.0 1.0
v -0.5002130270004272 -0.21304653584957123 0.08632215857505798 1.0 0.0 1.0
v -0.4874997138977051 -0.16600731015205383 0.08377949893474579 1.0 0.0 1.0
v -0.4773290753364563 -0.12278208136558533 0.06852353364229202 1.0 0.0 1.0
v -0.4658870995044708 -0.07701419293880463 0.05708156153559685 1.0 0.0 1.0
v -0.45571646094322205 -0.04014561325311661 0.04818224906921387 1.0 0.0 1.0
v -0.44554582238197327 0.004350949078798294 0.035468947142362595 1.0 0.0 1.0
v -0.4341038465499878 0.0463048480451107 0.02402697317302227 1.0 0.0 1.0
v -0.4239331781864166 0.08825875073671341 0.013856330886483192 1.0 0.0 1.0
v -0.41249123215675354 0.1314839869737625 0.003685688367113471 1.0 0.0 1.0
v -0.40104925632476807 0.1785231977701187 -0.00648495415225625 1.0 0.0 1.0
v -0.3896072804927826 0.22047710418701172 -0.014112936332821846 1.0 0.0 1.0
v -0.3781653046607971 0.2649736702442169 -0.02555490843951702 1.0 0.0 1.0
v -0.4671584367752075 -0.20033323764801025 0.09903546422719955 1.0 0.0 1.0
v -0.45825910568237305 -0.16219332814216614 0.0812368392944336 1.0 0.0 1.0
v -0.4468171298503876 -0.11769676208496094 0.07233752310276031 1.0 0.0 1.0
v -0.4341038465499878 -0.07192887365818024 0.06470954418182373 1.0 0.0 1.0
v -0.4252045154571533 -0.031246300786733627 0.049453578889369965 1.0 0.0 1.0
v -0.41376253962516785 0.0132502606138587 0.040554266422986984 1.0 0.0 1.0
v -0.4023205637931824 0.057746823877096176 0.0329262837767601 1.0 0.0 1.0
v -0.3908786177635193 0.10224338620901108 0.017670322209596634 1.0 0.0 1.0
v -0.3794366419315338 0.145468607544899 0.010042339563369751 1.0 0.0 1.0
v -0.36926600337028503 0.1886938512325287 -0.0001283026358578354 1.0 0.0 1.0
v -0.35782402753829956 0.2306477427482605 -0.011570275761187077 1.0 0.0 1.0
v -0.3463820517063141 0.2751443088054657 -0.023012248799204826 1.0 0.0 1.0
v -0.3362114131450653 0.3158268630504608 -0.033182889223098755 1.0 0.0 1.0
v -0.4239331781864166 -0.15329401195049286 0.08505082875490189 1.0 0.0 1.0
v -0.41376253962516785 -0.11134011298418045 0.0774228498339653 1.0 0.0 1.0
v -0.4023205637931824 -0.06811487674713135 0.06725220382213593 1.0 0.0 1.0
v -0.3908786177635193 -0.0210756566375494 0.05581023171544075 1.0 0.0 1.0
v -0.3807079493999481 0.017064252868294716 0.04563958942890167 1.0 0.0 1.0
v -0.36926600337028503 0.06028948351740837 0.0341976173222065 1.0 0.0 1.0
v -0.35782402753829956 0.10478604584932327 0.026569634675979614 1.0 0.0 1.0
v -0.3476533591747284 0.14673994481563568 0.013856330886483192 1.0 0.0 1.0
v -0.3374827206134796 0.187422513961792 0.008771009743213654 1.0 0.0 1.0
v -0.32604074478149414 0.229376420378685 -0.005213623866438866 1.0 0.0 1.0
v -0.31587010622024536 0.273872971534729 -0.017926927655935287 1.0 0.0 1.0
v -0.3056994676589966 0.3132842183113098 -0.02555490843951702 1.0 0.0 1.0
v -0.36163800954818726 -0.0871848315000534 0.0812368392944336 1.0 0.0 1.0
v -0.35273870825767517 -0.046502262353897095 0.07360885292291641 1.0 0.0 1.0
v -0.340025395154953 0.0005369578721001744 0.06470954418182373 1.0 0.0 1.0
v -0.3298547565937042 0.04249085858464241 0.05072490870952606 1.0 0.0 1.0
v -0.31841278076171875 0.08317343145608902 0.04309692978858948 1.0 0.0 1.0
v -0.30824214220046997 0.12512733042240143 0.031654953956604004 1.0 0.0 1.0
v -0.2968001663684845 0.17216655611991882 0.022755643352866173 1.0 0.0 1.0
v -0.285358190536499 0.21412044763565063 0.01258500013500452 1.0 0.0 1.0
v -0.27518755197525024 0.25607433915138245 0.0011430276790633798 1.0 0.0 1.0
v -0.26374557614326477 0.30057090520858765 -0.010298945009708405 1.0 0.0 1.0
v -0.253574937582016 0.34125348925590515 -0.02174091711640358 1.0 0.0 1.0
v -0.24213296175003052 0.38575005531311035 -0.026826240122318268 1.0 0.0 1.0
v -0.28281551599502563 0.02850622497498989 0.07233752310276031 1.0 0.0 1.0
v -0.27264487743377686 0.07173145562410355 0.06089555099606514 1.0 0.0 1.0
v -0.2624742388725281 0.10987136512994766 0.05072490870952606 1.0 0.0 1.0
v -0.2510322630405426 0.15436792373657227 0.04182559624314308 1.0 0.0 1.0
v -0.23959030210971832 0.20140714943408966 0.031654953956604004 1.0 0.0 1.0
v -0.22941964864730835 0.24081838130950928 0.01512766070663929 1.0 0.0 1.0
v -0.21797768771648407 0.2853149473667145 0.006228348705917597 1.0 0.0 1.0
v -0.2065357118844986 0.3323541581630707 -0.003942293580621481 1.0 0.0 1.0
v -0.19509373605251312 0.3743080794811249 -0.014112936332821846 1.0 0.0 1.0
v -0.18492309749126434 0.41499063372612 -0.024283578619360924 1.0 0.0 1.0
v -0.24340428411960602 0.07554544508457184 0.06343821436166763 1.0 0.0 1.0
v -0.23196230828762054 0.12131334096193314 0.053267572075128555 1.0 0.0 1.0
v -0.22179166972637177 0.16326723992824554 0.03801160678267479 1.0 0.0 1.0
v -0.2103496938943863 0.20649246871471405 0.030383624136447906 1.0 0.0 1.0
v -0.2001790553331375 0.24844637513160706 0.021484313532710075 1.0 0.0 1.0
v -0.18873707950115204 0.29040026664733887 0.011313670314848423 1.0 0.0 1.0
v -0.17729510366916656 0.33489683270454407 0.0024143580812960863 1.0 0.0 1.0
v -0.16585314273834229 0.3781220614910126 -0.009027615189552307 1.0 0.0 1.0
v -0.1556824892759323 0.4200759530067444 -0.02174091711640358 1.0 0.0 1.0
v -0.19127973914146423 0.1429259479045868 0.05708156153559685 1.0 0.0 1.0
v -0.18110910058021545 0.1810658574104309 0.044368259608745575 1.0 0.0 1.0
v -0.16966712474822998 0.2255624234676361 0.031654953956604004 1.0 0.0 1.0
v -0.1582251489162445 0.273872971534729 0.022755643352866173 1.0 0.0 1.0
v -0.14805451035499573 0.3145555555820465 0.01512766070663929 1.0 0.0 1.0
v -0.13661253452301025 0.3565094470977783 0.004957018420100212 1.0 0.0 1.0
v -0.13279855251312256 0.20522113144397736 0.049453578889369965 1.0 0.0 1.0
v -0.13025589287281036 0.328540176153183 0.010042339563369751 1.0 0.0 1.0
v -0.14169786870479584 0.37939339876174927 -0.003942293580621481 1.0 0.0 1.0
v -0.15313982963562012 0.43278926610946655 -0.024283578619360924 1.0 0.0 1.0
v -0.14932584762573242 0.19632183015346527 0.05199623852968216 1.0 0.0 1.0
v -0.1594964861869812 0.24590371549129486 0.030383624136447906 1.0 0.0 1.0
v -0.17220978438854218 0.29675692319869995 0.01258500013500452 1.0 0.0 1.0
v -0.18365176022052765 0.35142412781715393 -0.005213623866438866 1.0 0.0 1.0
v -0.19509373605251312 0.4010060131549835 -0.028097569942474365 1.0 0.0 1.0
v -0.17729510366916656 0.1772518754005432 0.04691091924905777 1.0 0.0 1.0
v -0.18873707950115204 0.2268337607383728 0.02784096449613571 1.0 0.0 1.0
v -0.2001790553331375 0.2827723026275635 0.008771009743213654 1.0 0.0 1.0
v -0.2128923535346985 0.33743947744369507 -0.011570275761187077 1.0 0.0 1.0
v -0.19636505842208862 0.13021264970302582 0.058352891355752945 1.0 0.0 1.0
v -0.2090783715248108 0.1823371946811676 0.03674027696251869 1.0 0.0 1.0
v -0.21924901008605957 0.2331904023885727 0.025298302993178368 1.0 0.0 1.0
v -0.23196230828762054 0.2827723026275635 0.0024143580812960863 1.0 0.0 1.0
v -0.24213296175003052 0.3298115134239197 -0.014112936332821846 1.0 0.0 1.0
v -0.22941964864730835 0.07681677490472794 0.06598087400197983 1.0 0.0 1.0
v -0.24086162447929382 0.13021264970302582 0.044368259608745575 1.0 0.0 1.0
v -0.2523036003112793 0.1797945350408554 0.026569634675979614 1.0 0.0 1.0
v -0.26374557614326477 0.2319190800189972 0.008771009743213654 1.0 0.0 1.0
v -0.27645888924598694 0.2853149473667145 -0.007756284438073635 1.0 0.0 1.0
v -0.26628822088241577 0.053932830691337585 0.06725220382213593 1.0 0.0 1.0
v -0.27900153398513794 0.10987136512994766 0.04818224906921387 1.0 0.0 1.0
v -0.2891721725463867 0.15818192064762115 0.02911229431629181 1.0 0.0 1.0
v -0.3018854856491089 0.21030646562576294 0.008771009743213654 1.0 0.0 1.0
v -0.31205612421035767 0.25988835096359253 -0.00648495415225625 1.0 0.0 1.0
v -0.32476943731307983 0.3132842183113098 -0.028097569942474365 1.0 0.0 1.0
v -0.2942574918270111 0.045033518224954605 0.05581023171544075 1.0 0.0 1.0
v -0.3056994676589966 0.0920727401971817 0.040554266422986984 1.0 0.0 1.0
v -0.31714144349098206 0.1441972851753235 0.02021298184990883 1.0 0.0 1.0
v -0.32731208205223083 0.19505049288272858 0.0024143580812960863 1.0 0.0 1.0
v -0.3387540578842163 0.24081838130950928 -0.014112936332821846 1.0 0.0 1.0
v -0.3514673709869385 0.29675692319869995 -0.03445422276854515 1.0 0.0 1.0
v -0.3069708049297333 -0.018532996997237206 0.07488018274307251 1.0 0.0 1.0
v -0.31841278076171875 0.031048884615302086 0.058352891355752945 1.0 0.0 1.0
v -0.3311260938644409 0.08571609109640121 0.03928293660283089 1.0 0.0 1.0
v -0.3412967324256897 0.1340266466140747 0.022755643352866173 1.0 0.0 1.0
v -0.35273870825767517 0.1823371946811676 0.006228348705917597 1.0 0.0 1.0
v -0.36545199155807495 0.23827572166919708 -0.014112936332821846 1.0 0.0 1.0
v -0.3463820517063141 -0.03506029024720192 0.06979486346244812 1.0 0.0 1.0
v -0.35782402753829956 0.017064252868294716 0.04818224906921387 1.0 0.0 1.0
v -0.37053731083869934 0.07173145562410355 0.030383624136447906 1.0 0.0 1.0
v -0.3819792866706848 0.12258467078208923 0.010042339563369751 1.0 0.0 1.0
v -0.3921499252319336 0.16835255920886993 -0.005213623866438866 1.0 0.0 1.0
v -0.3768939673900604 -0.07574286311864853 0.0774228498339653 1.0 0.0 1.0
v -0.3883359432220459 -0.024889647960662842 0.05453890189528465 1.0 0.0 1.0
v -0.40104925632476807 0.027234895154833794 0.035468947142362595 1.0 0.0 1.0
v -0.41249123215675354 0.07935943454504013 0.02021298184990883 1.0 0.0 1.0
v -0.4239331781864166 0.132755309343338 0.0011430276790633798 1.0 0.0 1.0
v -0.4366464912891388 0.187422513961792 -0.02174091711640358 1.0 0.0 1.0
v -0.3934212625026703 -0.1342240571975708 0.08632215857505798 1.0 0.0 1.0
v -0.40486323833465576 -0.08337084203958511 0.06598087400197983 1.0 0.0 1.0
v -0.41630521416664124 -0.03378896042704582 0.049453578889369965 1.0 0.0 1.0
v -0.4277471899986267 0.018335582688450813 0.030383624136447906 1.0 0.0 1.0
v -0.4391891658306122 0.06664613634347916 0.013856330886483192 1.0 0.0 1.0
v -0.46334442496299744 0.17343787848949432 -0.024283578619360924 1.0 0.0 1.0
v -0.41503387689590454 -0.1380380392074585 0.09013614803552628 1.0 0.0 1.0
v -0.4277471899986267 -0.08209951221942902 0.06725220382213593 1.0 0.0 1.0
v -0.4391891658306122 -0.032517630606889725 0.04818224906921387 1.0 0.0 1.0
v -0.45063114166259766 0.018335582688450813 0.0329262837767601 1.0 0.0 1.0
v -0.46207308769226074 0.07173145562410355 0.011313670314848423 1.0 0.0 1.0
v -0.4760577380657196 0.12766999006271362 -0.010298945009708405 1.0 0.0 1.0
v -0.4862283766269684 0.17343787848949432 -0.023012248799204826 1.0 0.0 1.0
v -0.44554582238197327 -0.21050387620925903 0.10157812386751175 1.0 0.0 1.0
v -0.45698776841163635 -0.15837933123111725 0.0774228498339653 1.0 0.0 1.0
v -0.4684297442436218 -0.10752611607313156 0.05962422117590904 1.0 0.0 1.0
v -0.481143057346344 -0.05413024500012398 0.040554266422986984 1.0 0.0 1.0
v -0.49258503317832947 -0.0007343724137172103 0.01894165202975273 1.0 0.0 1.0
v -0.5269109606742859 0.15182526409626007 -0.033182889223098755 1.0 0.0 1.0
v -0.49639901518821716 -0.1850772649049759 0.08759348839521408 1.0 0.0 1.0
v -0.5078409910202026 -0.1291387379169464 0.06343821436166763 1.0 0.0 1.0
v -0.5192829370498657 -0.07955685257911682 0.04309692978858948 1.0 0.0 1.0
v -0.5307249426841736 -0.027432309463620186 0.02021298184990883 1.0 0.0 1.0
v -0.5421668887138367 0.023420903831720352 0.004957018420100212 1.0 0.0 1.0
v -0.5536088943481445 0.07173145562410355 -0.014112936332821846 1.0 0.0 1.0
v -0.5663222074508667 0.12639865279197693 -0.033182889223098755 1.0 0.0 1.0
v -0.5307249426841736 -0.19397658109664917 0.0786941796541214 1.0 0.0 1.0
v -0.5434382557868958 -0.1393093764781952 0.053267572075128555 1.0 0.0 1.0
v -0.5548802018165588 -0.0909988284111023 0.03801160678267479 1.0 0.0 1.0
v -0.5663222074508667 -0.03887428343296051 0.017670322209596634 1.0 0.0 1.0
v -0.5777641534805298 0.0132502606138587 -0.0013996330089867115 1.0 0.0 1.0
v -0.590477466583252 0.06791746616363525 -0.02174091711640358 1.0 0.0 1.0
v -0.601919412612915 0.11622801423072815 -0.03953954204916954 1.0 0.0 1.0
v -0.5777641534805298 -0.14566603302955627 0.053267572075128555 1.0 0.0 1.0
v -0.5892061591148376 -0.09481281787157059 0.030383624136447906 1.0 0.0 1.0
v -0.6006481051445007 -0.0439596027135849 0.01512766070663929 1.0 0.0 1.0
v -0.6120900511741638 0.008164939470589161 -0.005213623866438866 1.0 0.0 1.0
v -0.624803364276886 0.06283214688301086 -0.026826240122318268 1.0 0.0 1.0
v -0.6286173462867737 -0.14185203611850739 0.0341976173222065 1.0 0.0 1.0
v -0.6400593519210815 -0.0884561613202095 0.016398990526795387 1.0 0.0 1.0
v -0.6527726650238037 -0.032517630606889725 -0.007756284438073635 1.0 0.0 1.0
v -0.6642146110534668 0.01579292118549347 -0.023012248799204826 1.0 0.0 1.0
v -0.6743852496147156 0.06283214688301086 -0.03826821222901344 1.0 0.0 1.0
v -0.6858272552490234 -0.10371212661266327 0.016398990526795387 1.0 0.0 1.0
v -0.6985405683517456 -0.050316255539655685 -0.00648495415225625 1.0 0.0 1.0
v -0.7099825143814087 0.0018082881579175591 -0.028097569942474365 1.0 0.0 1.0
v -0.7315950989723206 -0.06430088728666306 -0.014112936332821846 1.0 0.0 1.0
v -0.7430371046066284 -0.01599033549427986 -0.03445422276854515 1.0 0.0 1.0
v -0.7697350382804871 -0.055401574820280075 -0.023012248799204826 1.0 0.0 1.0
v -0.13025589287281036 0.3323541581630707 0.016398990526795387 1.0 0.0 1.0
v -0.14296919107437134 0.28658628463745117 0.025298302993178368 1.0 0.0 1.0
v -0.156953826546669 0.2331904023885727 0.03674027696251869 1.0 0.0 1.0
v -0.16839580237865448 0.1899651736021042 0.04818224906921387 1.0 0.0 1.0
v -0.18110910058021545 0.1429259479045868 0.062166884541511536 1.0 0.0 1.0
v -0.15186850726604462 0.43787458539009094 -0.020469587296247482 1.0 0.0 1.0
v -0.1633104830980301 0.39210668206214905 -0.012841605581343174 1.0 0.0 1.0
v -0.17602378129959106 0.34379613399505615 -0.003942293580621481 1.0 0.0 1.0
v -0.19000841677188873 0.29421424865722656 0.013856330886483192 1.0 0.0 1.0
v -0.2014503926038742 0.25098901987075806 0.01894165202975273 1.0 0.0 1.0
v -0.21416369080543518 0.20013581216335297 0.031654953956604004 1.0 0.0 1.0
v -0.22687698900699615 0.15309660136699677 0.04309692978858948 1.0 0.0 1.0
v -0.23831896483898163 0.10732870548963547 0.05708156153559685 1.0 0.0 1.0
v -0.2523036003112793 0.05647549033164978 0.06725220382213593 1.0 0.0 1.0
v -0.22433432936668396 0.3628661036491394 -0.019198257476091385 1.0 0.0 1.0
v -0.23704764246940613 0.3145555555820465 -0.005213623866438866 1.0 0.0 1.0
v -0.2497609406709671 0.2662450075149536 0.008771009743213654 1.0 0.0 1.0
v -0.2624742388725281 0.21793444454669952 0.016398990526795387 1.0 0.0 1.0
v -0.27518755197525024 0.17089521884918213 0.02402697317302227 1.0 0.0 1.0
v -0.28790083527565 0.12512733042240143 0.03801160678267479 1.0 0.0 1.0
v -0.3006141483783722 0.07554544508457184 0.04691091924905777 1.0 0.0 1.0
v -0.31459879875183105 0.023420903831720352 0.06089555099606514 1.0 0.0 1.0
v -0.32604074478149414 -0.022346988320350647 0.07233752310276031 1.0 0.0 1.0
v -0.2573889195919037 0.3730367422103882 -0.03191155940294266 1.0 0.0 1.0
v -0.27137354016304016 0.3221835196018219 -0.019198257476091385 1.0 0.0 1.0
v -0.28408685326576233 0.2726016342639923 -0.00648495415225625 1.0 0.0 1.0
v -0.2968001663684845 0.22429108619689941 0.004957018420100212 1.0 0.0 1.0
v -0.3095134496688843 0.17598053812980652 0.01512766070663929 1.0 0.0 1.0
v -0.32349810004234314 0.12385600060224533 0.02911229431629181 1.0 0.0 1.0
v -0.3349400758743286 0.07935943454504013 0.03801160678267479 1.0 0.0 1.0
v -0.3476533591747284 0.03232021629810333 0.05199623852968216 1.0 0.0 1.0
v -0.36036667227745056 -0.013447675853967667 0.06089555099606514 1.0 0.0 1.0
v -0.37307998538017273 -0.06430088728666306 0.07233752310276031 1.0 0.0 1.0
v -0.3857932686805725 -0.11006878316402435 0.08250816911458969 1.0 0.0 1.0
v -0.31205612421035767 0.29675692319869995 -0.019198257476091385 1.0 0.0 1.0
v -0.32476943731307983 0.24971769750118256 -0.005213623866438866 1.0 0.0 1.0
v -0.3374827206134796 0.20394980907440186 0.004957018420100212 1.0 0.0 1.0
v -0.3501960337162018 0.15309660136699677 0.016398990526795387 1.0 0.0 1.0
v -0.36290934681892395 0.10351471602916718 0.02911229431629181 1.0 0.0 1.0
v -0.37562263011932373 0.059018153697252274 0.03928293660283089 1.0 0.0 1.0
v -0.3883359432220459 0.009436270222067833 0.05072490870952606 1.0 0.0 1.0
v -0.4023205637931824 -0.0439596027135849 0.06089555099606514 1.0 0.0 1.0
v -0.41376253962516785 -0.0871848315000534 0.07233752310276031 1.0 0.0 1.0
v -0.4277471899986267 -0.1380380392074585 0.08759348839521408 1.0 0.0 1.0
v -0.4404604732990265 -0.18761992454528809 0.10157812386751175 1.0 0.0 1.0
v -0.36163800954818726 0.2776869535446167 -0.02555490843951702 1.0 0.0 1.0
v -0.37562263011932373 0.229376420378685 -0.01665559597313404 1.0 0.0 1.0
v -0.3883359432220459 0.1797945350408554 -0.003942293580621481 1.0 0.0 1.0
v -0.39977791905403137 0.1352979689836502 0.007499679457396269 1.0 0.0 1.0
v -0.41376253962516785 0.08190210163593292 0.02021298184990883 1.0 0.0 1.0
v -0.42647585272789 0.036134205758571625 0.030383624136447906 1.0 0.0 1.0
v -0.4379178285598755 -0.005819693673402071 0.040554266422986984 1.0 0.0 1.0
v -0.44935980439186096 -0.05413024500012398 0.05072490870952606 1.0 0.0 1.0
v -0.46334442496299744 -0.10371212661266327 0.06598087400197983 1.0 0.0 1.0
v -0.4747864007949829 -0.14948001503944397 0.07615151256322861 1.0 0.0 1.0
v -0.4887710511684418 -0.20033323764801025 0.09267880767583847 1.0 0.0 1.0
v -0.4226618707180023 0.24081838130950928 -0.03064022958278656 1.0 0.0 1.0
v -0.4353751540184021 0.19123651087284088 -0.017926927655935287 1.0 0.0 1.0
v -0.4468171298503876 0.14801126718521118 -0.007756284438073635 1.0 0.0 1.0
v -0.45825910568237305 0.10351471602916718 0.0011430276790633798 1.0 0.0 1.0
v -0.4722437560558319 0.05011884123086929 0.01512766070663929 1.0 0.0 1.0
v -0.4849570393562317 0.004350949078798294 0.026569634675979614 1.0 0.0 1.0
v -0.49639901518821716 -0.04014561325311661 0.03928293660283089 1.0 0.0 1.0
v -0.510383665561676 -0.09227015823125839 0.05072490870952606 1.0 0.0 1.0
v -0.5218256115913391 -0.1393093764781952 0.06343821436166763 1.0 0.0 1.0
v -0.5358102321624756 -0.18889126181602478 0.0812368392944336 1.0 0.0 1.0
v -0.4747864007949829 0.187422513961792 -0.02555490843951702 1.0 0.0 1.0
v -0.4874997138977051 0.1378406286239624 -0.017926927655935287 1.0 0.0 1.0
v -0.5002130270004272 0.0908014103770256 -0.009027615189552307 1.0 0.0 1.0
v -0.5129263401031494 0.04376218840479851 0.003685688367113471 1.0 0.0 1.0
v -0.5256395936012268 -0.007091023959219456 0.016398990526795387 1.0 0.0 1.0
v -0.538352906703949 -0.055401574820280075 0.030383624136447906 1.0 0.0 1.0
v -0.5510662198066711 -0.10116946697235107 0.04309692978858948 1.0 0.0 1.0
v -0.5650508403778076 -0.15202267467975616 0.058352891355752945 1.0 0.0 1.0
v -0.5167403221130371 0.17216655611991882 -0.03191155940294266 1.0 0.0 1.0
v -0.5307249426841736 0.12258467078208923 -0.020469587296247482 1.0 0.0 1.0
v -0.5421668887138367 0.07681677490472794 -0.010298945009708405 1.0 0.0 1.0
v -0.5548802018165588 0.02850622497498989 0.0011430276790633798 1.0 0.0 1.0
v -0.5688648223876953 -0.024889647960662842 0.016398990526795387 1.0 0.0 1.0
v -0.5815781354904175 -0.07320020347833633 0.025298302993178368 1.0 0.0 1.0
v -0.595562756061554 -0.12278208136558533 0.04563958942890167 1.0 0.0 1.0
v -0.5841208100318909 0.12894131243228912 -0.03445422276854515 1.0 0.0 1.0
v -0.596834123134613 0.08190210163593292 -0.02555490843951702 1.0 0.0 1.0
v -0.6095474362373352 0.03359154611825943 -0.015384266152977943 1.0 0.0 1.0
v -0.6222607493400574 -0.013447675853967667 0.0011430276790633798 1.0 0.0 1.0
v -0.6349740028381348 -0.06557221710681915 0.01258500013500452 1.0 0.0 1.0
v -0.648958683013916 -0.11388277262449265 0.026569634675979614 1.0 0.0 1.0
v -0.654043972492218 0.06664613634347916 -0.03572555258870125 1.0 0.0 1.0
v -0.6667572855949402 0.01960691250860691 -0.020469587296247482 1.0 0.0 1.0
v -0.6781992316246033 -0.02616097964346409 -0.010298945009708405 1.0 0.0 1.0
v -0.6921839118003845 -0.07701419293880463 0.003685688367113471 1.0 0.0 1.0
v -0.6959978938102722 0.04121952876448631 -0.03572555258870125 1.0 0.0 1.0
v -0.7087112069129944 -0.005819693673402071 -0.024283578619360924 1.0 0.0 1.0
v -0.7214244604110718 -0.05158758535981178 -0.014112936332821846 1.0 0.0 1.0
v -0.7392231225967407 0.022149574011564255 -0.03572555258870125 1.0 0.0 1.0
v -0.7506650686264038 -0.024889647960662842 -0.02555490843951702 1.0 0.0 1.0
v -0.8027896285057068 -0.03887428343296051 -0.036996882408857346 1.0 0.0 1.0
v -0.12262790650129318 0.2764156460762024 0.035468947142362595 1.0 0.0 1.0
v -0.12771323323249817 0.4137192964553833 -0.00648495415225625 1.0 0.0 1.0
v -0.11881391704082489 0.3743080794811249 0.004957018420100212 1.0 0.0 1.0
v -0.10864327102899551 0.3336254954338074 0.01894165202975273 1.0 0.0 1.0
v -0.09720130264759064 0.28785762190818787 0.03674027696251869 1.0 0.0 1.0
v -0.08830198645591736 0.43278926610946655 -0.003942293580621481 1.0 0.0 1.0
v -0.07813134789466858 0.38956403732299805 0.01258500013500452 1.0 0.0 1.0
v -0.0679607018828392 0.35015279054641724 0.026569634675979614 1.0 0.0 1.0
v -0.057790059596300125 0.3081988990306854 0.040554266422986984 1.0 0.0 1.0
v -0.04761941730976105 0.44295990467071533 0.008771009743213654 1.0 0.0 1.0
v -0.03744877502322197 0.4022773504257202 0.022755643352866173 1.0 0.0 1.0
v -0.026006802916526794 0.357780784368515 0.03801160678267479 1.0 0.0 1.0
v -0.010750839486718178 0.4200759530067444 0.01894165202975273 1.0 0.0 1.0
v -0.12517057359218597 0.4035486578941345 -0.007756284438073635 1.0 0.0 1.0
v -0.1149999275803566 0.44168856739997864 -0.017926927655935287 1.0 0.0 1.0
v -0.12262790650129318 0.24590371549129486 0.04182559624314308 1.0 0.0 1.0
v -0.1124572679400444 0.28785762190818787 0.02784096449613571 1.0 0.0 1.0
v -0.10101529210805893 0.3323541581630707 0.02021298184990883 1.0 0.0 1.0
v -0.08957331627607346 0.3743080794811249 0.013856330886483192 1.0 0.0 1.0
v -0.07940267771482468 0.41499063372612 -0.0001283026358578354 1.0 0.0 1.0
v -0.061604052782058716 0.3107415437698364 0.03928293660283089 1.0 0.0 1.0
v -0.05016208067536354 0.35396677255630493 0.030383624136447906 1.0 0.0 1.0
v -0.03999143838882446 0.39464935660362244 0.01894165202975273 1.0 0.0 1.0
v -0.029820794239640236 0.43787458539009094 0.006228348705917597 1.0 0.0 1.0
v -0.00947950966656208 0.39464935660362244 0.026569634675979614 1.0 0.0 1.0
v 0.0019624633714556694 0.43914592266082764 0.02021298184990883 1.0 0.0 1.0
v 0.03247439116239548 0.43406060338020325 0.02784096449613571 1.0 0.0 1.0
v 0.014675766229629517 0.4137192964553833 0.021484313532710075 1.0 0.0 1.0
v -0.02727813459932804 0.3997346758842468 0.016398990526795387 1.0 0.0 1.0
v -0.038720108568668365 0.4480452239513397 -0.0001283026358578354 1.0 0.0 1.0
v -0.04761941730976105 0.33108285069465637 0.030383624136447906 1.0 0.0 1.0
v -0.057790059596300125 0.37939339876174927 0.01258500013500452 1.0 0.0 1.0
v -0.0705033615231514 0.43406060338020325 -0.003942293580621481 1.0 0.0 1.0
v -0.08448799699544907 0.33108285069465637 0.02021298184990883 1.0 0.0 1.0
v -0.09592997282743454 0.38193604350090027 0.006228348705917597 1.0 0.0 1.0
v -0.10737194120883942 0.43024659156799316 -0.015384266152977943 1.0 0.0 1.0
v -0.11881391704082489 0.2802296280860901 0.030383624136447906 1.0 0.0 1.0
v 0.00831911526620388 0.4111766517162323 0.02784096449613571 1.0 0.0 1.0
v -0.04126276820898056 0.412447988986969 0.008771009743213654 1.0 0.0 1.0
v -0.05524739995598793 0.360323429107666 0.022755643352866173 1.0 0.0 1.0
v -0.0679607018828392 0.3132842183113098 0.0329262837767601 1.0 0.0 1.0
v -0.07431735843420029 0.4073626697063446 0.0024143580812960863 1.0 0.0 1.0
v -0.08703065663576126 0.3615947663784027 0.013856330886483192 1.0 0.0 1.0
v -0.09974396228790283 0.3107415437698364 0.02911229431629181 1.0 0.0 1.0
v -0.1124572679400444 0.26243099570274353 0.03674027696251869 1.0 0.0 1.0
v -0.12644189596176147 0.21284912526607513 0.049453578889369965 1.0 0.0 1.0
v -0.10610061138868332 0.42770394682884216 -0.009027615189552307 1.0 0.0 1.0
v -0.11881391704082489 0.38066473603248596 0.0024143580812960863 1.0 0.0 1.0
v -0.13915519416332245 0.4544018805027008 -0.024283578619360924 1.0 0.0 1.0
v -0.09974396228790283 0.47601449489593506 -0.02174091711640358 1.0 0.0 1.0
v -0.057790059596300125 0.48237115144729614 -0.007756284438073635 1.0 0.0 1.0
v -0.031092124059796333 0.503983736038208 -0.011570275761187077 1.0 0.0 1.0
v -0.020921481773257256 0.4620298743247986 0.004957018420100212 1.0 0.0 1.0
v -0.008208178915083408 0.5344957113265991 -0.010298945009708405 1.0 0.0 1.0
v 0.0006911330274306238 0.4963557720184326 0.0011430276790633798 1.0 0.0 1.0
v 0.012133105657994747 0.4544018805027008 0.01894165202975273 1.0 0.0 1.0
v 0.03628838062286377 0.5446663498878479 -0.0026709632948040962 1.0 0.0 1.0
v 0.04645902290940285 0.503983736038208 0.010042339563369751 1.0 0.0 1.0
v 0.05535833537578583 0.4658438563346863 0.026569634675979614 1.0 0.0 1.0
v 0.06298632174730301 0.6031475067138672 -0.010298945009708405 1.0 0.0 1.0
v 0.07315696030855179 0.5624649524688721 0.006228348705917597 1.0 0.0 1.0
v 0.08332760632038116 0.521782398223877 0.02021298184990883 1.0 0.0 1.0
v 0.09476957470178604 0.5955195426940918 -0.0001283026358578354 1.0 0.0 1.0
v 0.10366889089345932 0.5586509704589844 0.013856330886483192 1.0 0.0 1.0
v 0.1112968698143959 0.6438301205635071 -0.012841605581343174 1.0 0.0 1.0
v 0.12146751582622528 0.6018761992454529 0.0024143580812960863 1.0 0.0 1.0
v 0.1519794464111328 0.6527293920516968 -0.007756284438073635 1.0 0.0 1.0
v 0.1634214073419571 0.6120468378067017 0.006228348705917597 1.0 0.0 1.0
v 0.18630535900592804 0.699768602848053 -0.014112936332821846 1.0 0.0 1.0
v 0.19520467519760132 0.6590860486030579 0.003685688367113471 1.0 0.0 1.0
v 0.22190260887145996 0.6832413077354431 -0.0026709632948040962 1.0 0.0 1.0
v 0.24097256362438202 0.7340945601463318 -0.010298945009708405 1.0 0.0 1.0
v -0.10355795174837112 0.48618513345718384 -0.026826240122318268 1.0 0.0 1.0
v -0.0692320317029953 0.4594871997833252 -0.010298945009708405 1.0 0.0 1.0
v -0.057790059596300125 0.5027124285697937 -0.02174091711640358 1.0 0.0 1.0
v -0.017107490450143814 0.48618513345718384 -0.0001283026358578354 1.0 0.0 1.0
v -0.006936848629266024 0.5255963802337646 -0.011570275761187077 1.0 0.0 1.0
v 0.012133105657994747 0.48364248871803284 0.008771009743213654 1.0 0.0 1.0
v 0.024846408516168594 0.5294103622436523 -0.0013996330089867115 1.0 0.0 1.0
v 0.03628838062286377 0.5751782655715942 -0.011570275761187077 1.0 0.0 1.0
v 0.04137370362877846 0.47092917561531067 0.016398990526795387 1.0 0.0 1.0
v 0.05281567573547363 0.5141544342041016 0.008771009743213654 1.0 0.0 1.0
v 0.0642576515674591 0.5624649524688721 -0.0026709632948040962 1.0 0.0 1.0
v 0.07569961994886398 0.6044188737869263 -0.010298945009708405 1.0 0.0 1.0
v 0.10366889089345932 0.5459376573562622 0.01512766070663929 1.0 0.0 1.0
v 0.1151108592748642 0.5878915786743164 0.003685688367113471 1.0 0.0 1.0
v 0.12655283510684967 0.6323881149291992 -0.007756284438073635 1.0 0.0 1.0
v 0.17104940116405487 0.6171321868896484 0.007499679457396269 1.0 0.0 1.0
v 0.18122003972530365 0.6552720665931702 -0.00648495415225625 1.0 0.0 1.0
v 0.19139067828655243 0.6984972953796387 -0.01665559597313404 1.0 0.0 1.0
v 0.22063127160072327 0.6921406388282776 -0.007756284438073635 1.0 0.0 1.0
v 0.21935994923114777 0.6934120059013367 -0.010298945009708405 1.0 0.0 1.0
v 0.1977473348379135 0.6514580845832825 -0.005213623866438866 1.0 0.0 1.0
v 0.17486338317394257 0.619674801826477 -0.0013996330089867115 1.0 0.0 1.0
v 0.1621500849723816 0.6756133437156677 -0.01665559597313404 1.0 0.0 1.0
v 0.13926613330841064 0.5815349221229553 0.004957018420100212 1.0 0.0 1.0
v 0.12782415747642517 0.6311168074607849 -0.014112936332821846 1.0 0.0 1.0
v 0.10239756107330322 0.5370383262634277 0.01512766070663929 1.0 0.0 1.0
v 0.09095558524131775 0.5878915786743164 -0.005213623866438866 1.0 0.0 1.0
v 0.07697094976902008 0.4925417900085449 0.017670322209596634 1.0 0.0 1.0
v 0.0655289813876152 0.5459376573562622 -0.0026709632948040962 1.0 0.0 1.0
v 0.05281567573547363 0.6006048917770386 -0.020469587296247482 1.0 0.0 1.0
v 0.04900168627500534 0.4544018805027008 0.02402697317302227 1.0 0.0 1.0
v 0.03755971044301987 0.5103403925895691 0.004957018420100212 1.0 0.0 1.0
v 0.024846408516168594 0.5624649524688721 -0.011570275761187077 1.0 0.0 1.0
v 0.004505123943090439 0.4607585370540619 0.004957018420100212 1.0 0.0 1.0
v -0.006936848629266024 0.5103403925895691 -0.010298945009708405 1.0 0.0 1.0
v -0.05016208067536354 0.5001697540283203 -0.015384266152977943 1.0 0.0 1.0
v -0.08194533735513687 0.48491379618644714 -0.024283578619360924 1.0 0.0 1.0
v 0.253685861825943 0.7213812470436096 -0.009027615189552307 1.0 0.0 1.0
v 0.19139067828655243 0.6756133437156677 -0.011570275761187077 1.0 0.0 1.0
v 0.17740604281425476 0.6222174763679504 0.004957018420100212 1.0 0.0 1.0
v 0.1519794464111328 0.6501867771148682 -0.009027615189552307 1.0 0.0 1.0
v 0.13926613330841064 0.6018761992454529 0.0024143580812960863 1.0 0.0 1.0
v 0.12655283510684967 0.5535656213760376 0.011313670314848423 1.0 0.0 1.0
v 0.1112968698143959 0.6323881149291992 -0.007756284438073635 1.0 0.0 1.0
v 0.09858356416225433 0.5840775966644287 0.0024143580812960863 1.0 0.0 1.0
v 0.08587026596069336 0.5357670187950134 0.01258500013500452 1.0 0.0 1.0
v 0.07315696030855179 0.4887278079986572 0.022755643352866173 1.0 0.0 1.0
v 0.05917232856154442 0.5993335247039795 -0.014112936332821846 1.0 0.0 1.0
v 0.04645902290940285 0.5548369884490967 -0.0013996330089867115 1.0 0.0 1.0
v 0.033745720982551575 0.5052551031112671 0.006228348705917597 1.0 0.0 1.0
v 0.021032417193055153 0.4582158625125885 0.010042339563369751 1.0 0.0 1.0
v -0.0018515276024118066 0.5599222779273987 -0.019198257476091385 1.0 0.0 1.0
v -0.015836160629987717 0.5103403925895691 -0.012841605581343174 1.0 0.0 1.0
v -0.029820794239640236 0.4582158625125885 0.0011430276790633798 1.0 0.0 1.0
v -0.04889075085520744 0.5065264105796814 -0.017926927655935287 1.0 0.0 1.0
v -0.061604052782058716 0.4582158625125885 -0.005213623866438866 1.0 0.0 1.0
v -0.09211598336696625 0.47728583216667175 -0.017926927655935287 1.0 0.0 1.0
v -0.8523715138435364 -0.009633684530854225 -0.04843885451555252 1.0 0.0 1.0
v -0.8256735801696777 0.023420903831720352 -0.056066837161779404 1.0 0.0 1.0
v -0.815502941608429 -0.019804326817393303 -0.04081087186932564 1.0 0.0 1.0
v -0.792618989944458 0.023420903831720352 -0.045896194875240326 1.0 0.0 1.0
v -0.7519364356994629 0.06537480652332306 -0.050981514155864716 1.0 0.0 1.0
v -0.7417657971382141 0.027234895154833794 -0.03953954204916954 1.0 0.0 1.0
v -0.706168532371521 0.0908014103770256 -0.04971018433570862 1.0 0.0 1.0
v -0.676927924156189 0.10478604584932327 -0.045896194875240326 1.0 0.0 1.0
v -0.6476873159408569 0.12004201114177704 -0.042082201689481735 1.0 0.0 1.0
v -0.6171754002571106 0.16962389647960663 -0.05225284397602081 1.0 0.0 1.0
v -0.6070047616958618 0.12639865279197693 -0.03953954204916954 1.0 0.0 1.0
v -0.5726788640022278 0.1785231977701187 -0.050981514155864716 1.0 0.0 1.0
v -0.538352906703949 0.1886938512325287 -0.03953954204916954 1.0 0.0 1.0
v -0.515468955039978 0.2331904023885727 -0.04716752469539642 1.0 0.0 1.0
v -0.4709724187850952 0.23700439929962158 -0.03445422276854515 1.0 0.0 1.0
v -0.4430031478404999 0.29040026664733887 -0.04462486505508423 1.0 0.0 1.0
v -0.40867722034454346 0.2764156460762024 -0.033182889223098755 1.0 0.0 1.0
v -0.3857932686805725 0.30184224247932434 -0.03445422276854515 1.0 0.0 1.0
v -0.35273870825767517 0.33871081471443176 -0.03953954204916954 1.0 0.0 1.0
v -0.31968411803245544 0.35015279054641724 -0.03445422276854515 1.0 0.0 1.0
v -0.2968001663684845 0.3679514229297638 -0.03572555258870125 1.0 0.0 1.0
v -0.23069098591804504 0.4048199951648712 -0.03064022958278656 1.0 0.0 1.0
v -0.19127973914146423 0.42770394682884216 -0.026826240122318268 1.0 0.0 1.0
v -0.8511002063751221 -0.023618318140506744 -0.04843885451555252 1.0 0.0 1.0
v -0.8409295082092285 0.018335582688450813 -0.06242348626255989 1.0 0.0 1.0
v -0.7964329719543457 0.008164939470589161 -0.04843885451555252 1.0 0.0 1.0
v -0.7862623333930969 0.0475761778652668 -0.056066837161779404 1.0 0.0 1.0
v -0.740494430065155 0.03867686912417412 -0.045896194875240326 1.0 0.0 1.0
v -0.7303237915039062 0.07808810472488403 -0.05352417752146721 1.0 0.0 1.0
v -0.6998118758201599 0.06918879598379135 -0.04843885451555252 1.0 0.0 1.0
v -0.688369870185852 0.11495668441057205 -0.056066837161779404 1.0 0.0 1.0
v -0.654043972492218 0.11749934405088425 -0.04971018433570862 1.0 0.0 1.0
v -0.6451446413993835 0.15563926100730896 -0.0573381669819355 1.0 0.0 1.0
v -0.6006481051445007 0.15055394172668457 -0.04971018433570862 1.0 0.0 1.0
v -0.5892061591148376 0.19377917051315308 -0.056066837161779404 1.0 0.0 1.0
v -0.5447095632553101 0.19123651087284088 -0.045896194875240326 1.0 0.0 1.0
v -0.5345389246940613 0.2319190800189972 -0.05352417752146721 1.0 0.0 1.0
v -0.5167403221130371 0.1899651736021042 -0.036996882408857346 1.0 0.0 1.0
v -0.5052983164787292 0.2344617396593094 -0.04843885451555252 1.0 0.0 1.0
v -0.4722437560558319 0.24844637513160706 -0.04971018433570862 1.0 0.0 1.0
v -0.42011919617652893 0.2776869535446167 -0.03953954204916954 1.0 0.0 1.0
v -0.36672332882881165 0.3107415437698364 -0.03826821222901344 1.0 0.0 1.0
v -0.32604074478149414 0.3565094470977783 -0.04335353150963783 1.0 0.0 1.0
v -0.2942574918270111 0.3552381098270416 -0.03572555258870125 1.0 0.0 1.0
v -0.23069098591804504 0.42897528409957886 -0.042082201689481735 1.0 0.0 1.0
v -0.2548462748527527 0.38575005531311035 -0.033182889223098755 1.0 0.0 1.0
v -0.3349400758743286 0.3628661036491394 -0.04462486505508423 1.0 0.0 1.0
v -0.36290934681892395 0.34633880853652954 -0.04971018433570862 1.0 0.0 1.0
v -0.41757655143737793 0.2764156460762024 -0.03953954204916954 1.0 0.0 1.0
v -0.44808846712112427 0.23954705893993378 -0.036996882408857346 1.0 0.0 1.0
v -0.49894168972969055 0.2281050831079483 -0.042082201689481735 1.0 0.0 1.0
v -0.5370815992355347 0.19759315252304077 -0.04971018433570862 1.0 0.0 1.0
v -0.5764928460121155 0.17470921576023102 -0.04843885451555252 1.0 0.0 1.0
v -0.6133614182472229 0.16835255920886993 -0.059880826622247696 1.0 0.0 1.0
v -0.6375166773796082 0.11622801423072815 -0.045896194875240326 1.0 0.0 1.0
v -0.6858272552490234 0.11495668441057205 -0.0573381669819355 1.0 0.0 1.0
v -0.7214244604110718 0.05266150087118149 -0.045896194875240326 1.0 0.0 1.0
v -0.7544790506362915 0.039948198944330215 -0.05352417752146721 1.0 0.0 1.0
v -0.7811769843101501 -0.004548363387584686 -0.04081087186932564 1.0 0.0 1.0
v -0.792618989944458 0.045033518224954605 -0.059880826622247696 1.0 0.0 1.0
v -0.8294875621795654 -0.019804326817393303 -0.05352417752146721 1.0 0.0 1.0
v -0.21162103116512299 0.412447988986969 -0.029368899762630463 1.0 0.0 1.0
v -0.2459469437599182 0.4200759530067444 -0.04462486505508423 1.0 0.0 1.0
v -0.28790083527565 0.38956403732299805 -0.03826821222901344 1.0 0.0 1.0
v -0.2993428111076355 0.34761014580726624 -0.033182889223098755 1.0 0.0 1.0
v -0.3489246964454651 0.325997531414032 -0.03953954204916954 1.0 0.0 1.0
v -0.40994855761528015 0.28785762190818787 -0.04081087186932564 1.0 0.0 1.0
v -0.45063114166259766 0.2776869535446167 -0.04843885451555252 1.0 0.0 1.0
v -0.46334442496299744 0.2344617396593094 -0.03953954204916954 1.0 0.0 1.0
v -0.5040270090103149 0.21793444454669952 -0.04081087186932564 1.0 0.0 1.0
v -0.5726788640022278 0.17598053812980652 -0.04843885451555252 1.0 0.0 1.0
v -0.6286173462867737 0.16580989956855774 -0.0573381669819355 1.0 0.0 1.0
v -0.6400593519210815 0.12131334096193314 -0.04716752469539642 1.0 0.0 1.0
v -0.6718425750732422 0.1365693062543869 -0.06115215644240379 1.0 0.0 1.0
v -0.68328458070755 0.0895300805568695 -0.04971018433570862 1.0 0.0 1.0
v -0.7125251889228821 0.11877067387104034 -0.0586094968020916 1.0 0.0 1.0
v -0.7265098094940186 0.07173145562410355 -0.045896194875240326 1.0 0.0 1.0
v -0.7773630023002625 0.06028948351740837 -0.06496614962816238 1.0 0.0 1.0
v -0.7900763154029846 0.0132502606138587 -0.050981514155864716 1.0 0.0 1.0
v -0.8358442187309265 0.03359154611825943 -0.06242348626255989 1.0 0.0 1.0
v -0.849828839302063 -0.019804326817393303 -0.04971018433570862 1.0 0.0 1.0
v -0.17348112165927887 0.4607585370540619 -0.03191155940294266 1.0 0.0 1.0
v -0.14424052834510803 0.4645725190639496 -0.03064022958278656 1.0 0.0 1.0
v -0.14042653143405914 0.48237115144729614 -0.033182889223098755 1.0 0.0 1.0
v -0.0666893720626831 0.5230537056922913 -0.023012248799204826 1.0 0.0 1.0
v -0.04253409802913666 0.551023006439209 -0.023012248799204826 1.0 0.0 1.0
v 0.02611774019896984 0.585348904132843 -0.017926927655935287 1.0 0.0 1.0
v 0.08459893614053726 0.6362020969390869 -0.01665559597313404 1.0 0.0 1.0
v -0.04761941730976105 0.5446663498878479 -0.024283578619360924 1.0 0.0 1.0
v 0.004505123943090439 0.5700929164886475 -0.017926927655935287 1.0 0.0 1.0
v 0.04645902290940285 0.614589512348175 -0.020469587296247482 1.0 0.0 1.0
v 0.13672347366809845 0.67179936170578 -0.017926927655935287 1.0 0.0 1.0
v 0.23207324743270874 0.7366372346878052 -0.01665559597313404 1.0 0.0 1.0
v 0.18630535900592804 0.7061252593994141 -0.024283578619360924 1.0 0.0 1.0
v 0.07951360940933228 0.6362020969390869 -0.02174091711640358 1.0 0.0 1.0
v -0.01837882213294506 0.5624649524688721 -0.026826240122318268 1.0 0.0 1.0
v -0.11754258722066879 0.47728583216667175 -0.029368899762630463 1.0 0.0 1.0
v -0.03617744520306587 0.5522943139076233 -0.029368899762630463 1.0 0.0 1.0
v -0.07940267771482468 0.5255963802337646 -0.026826240122318268 1.0 0.0 1.0
v -0.8015183210372925 0.06283214688301086 -0.06242348626255989 1.0 0.0 1.0
v -0.7163391709327698 0.132755309343338 -0.06496614962816238 1.0 0.0 1.0
v -0.6870985627174377 0.1441972851753235 -0.059880826622247696 1.0 0.0 1.0
v -0.6591293215751648 0.16326723992824554 -0.06242348626255989 1.0 0.0 1.0
v -0.6260747313499451 0.20522113144397736 -0.06750880926847458 1.0 0.0 1.0
v -0.5828495025634766 0.22047710418701172 -0.0586094968020916 1.0 0.0 1.0
v -0.5497949123382568 0.2344617396593094 -0.056066837161779404 1.0 0.0 1.0
v -0.5256395936012268 0.2764156460762024 -0.06115215644240379 1.0 0.0 1.0
v -0.4913136959075928 0.3196408748626709 -0.06496614962816238 1.0 0.0 1.0
v -0.481143057346344 0.2776869535446167 -0.05352417752146721 1.0 0.0 1.0
v -0.45317378640174866 0.3298115134239197 -0.0586094968020916 1.0 0.0 1.0
v -0.4290185272693634 0.3565094470977783 -0.06242348626255989 1.0 0.0 1.0
v -0.41757655143737793 0.3120128810405731 -0.04971018433570862 1.0 0.0 1.0
v -0.40613457560539246 0.37939339876174927 -0.06242348626255989 1.0 0.0 1.0
v -0.3959639370441437 0.34125348925590515 -0.04971018433570862 1.0 0.0 1.0
v -0.37180864810943604 0.41499063372612 -0.06750880926847458 1.0 0.0 1.0
v -0.36163800954818726 0.3768507242202759 -0.04971018433570862 1.0 0.0 1.0
v -0.3412967324256897 0.43151792883872986 -0.06242348626255989 1.0 0.0 1.0
v -0.3311260938644409 0.39083537459373474 -0.04462486505508423 1.0 0.0 1.0
v -0.30824214220046997 0.412447988986969 -0.05225284397602081 1.0 0.0 1.0
v -0.2904435098171234 0.4480452239513397 -0.056066837161779404 1.0 0.0 1.0
v -0.28027287125587463 0.4060913324356079 -0.03953954204916954 1.0 0.0 1.0
v -0.7748203873634338 0.0908014103770256 -0.07005146890878677 1.0 0.0 1.0
v -0.7201531529426575 0.12131334096193314 -0.06496614962816238 1.0 0.0 1.0
v -0.676927924156189 0.15436792373657227 -0.06623747944831848 1.0 0.0 1.0
v -0.6324313879013062 0.20013581216335297 -0.07132279872894287 1.0 0.0 1.0
v -0.5790354609489441 0.23700439929962158 -0.06496614962816238 1.0 0.0 1.0
v -0.5230969786643982 0.2764156460762024 -0.06242348626255989 1.0 0.0 1.0
v -0.49385637044906616 0.2776869535446167 -0.059880826622247696 1.0 0.0 1.0
v -0.4824143946170807 0.3196408748626709 -0.06750880926847458 1.0 0.0 1.0
v -0.46207308769226074 0.29294294118881226 -0.0573381669819355 1.0 0.0 1.0
v -0.45063114166259766 0.33743947744369507 -0.06369481980800629 1.0 0.0 1.0
v -0.40740591287612915 0.3247261941432953 -0.04971018433570862 1.0 0.0 1.0
v -0.397235244512558 0.3654087483882904 -0.06369481980800629 1.0 0.0 1.0
v -0.35655269026756287 0.35142412781715393 -0.04843885451555252 1.0 0.0 1.0
v -0.3463820517063141 0.39464935660362244 -0.056066837161779404 1.0 0.0 1.0
v -0.3349400758743286 0.43914592266082764 -0.06623747944831848 1.0 0.0 1.0
v -0.31459879875183105 0.4022773504257202 -0.04971018433570862 1.0 0.0 1.0
v -0.3044281303882599 0.444231241941452 -0.0586094968020916 1.0 0.0 1.0
v -0.28281551599502563 0.4010060131549835 -0.04843885451555252 1.0 0.0 1.0
v -0.27264487743377686 0.44295990467071533 -0.054795507341623306 1.0 0.0 1.0
v -0.23577630519866943 0.43787458539009094 -0.04716752469539642 1.0 0.0 1.0
v -0.26628822088241577 0.43914592266082764 -0.05225284397602081 1.0 0.0 1.0
v -0.3006141483783722 0.39210668206214905 -0.04843885451555252 1.0 0.0 1.0
v -0.31205612421035767 0.44168856739997864 -0.06369481980800629 1.0 0.0 1.0
v -0.3476533591747284 0.4137192964553833 -0.06242348626255989 1.0 0.0 1.0
v -0.37307998538017273 0.39337801933288574 -0.06623747944831848 1.0 0.0 1.0
v -0.3883359432220459 0.33871081471443176 -0.050981514155864716 1.0 0.0 1.0
v -0.4290185272693634 0.328540176153183 -0.06115215644240379 1.0 0.0 1.0
v -0.45953044295310974 0.28658628463745117 -0.050981514155864716 1.0 0.0 1.0
v -0.4849570393562317 0.2726016342639923 -0.0586094968020916 1.0 0.0 1.0
v -0.5091122984886169 0.2789582908153534 -0.06242348626255989 1.0 0.0 1.0
v -0.5485235452651978 0.24717503786087036 -0.06623747944831848 1.0 0.0 1.0
v -0.5879347920417786 0.22429108619689941 -0.06750880926847458 1.0 0.0 1.0
v -0.648958683013916 0.16835255920886993 -0.06496614962816238 1.0 0.0 1.0
v -0.734137773513794 0.10605737566947937 -0.06623747944831848 1.0 0.0 1.0
v -0.7671923637390137 0.0895300805568695 -0.07005146890878677 1.0 0.0 1.0
v -0.8409295082092285 0.03486287593841553 -0.07513678818941116 1.0 0.0 1.0
v -0.27391621470451355 0.44041725993156433 -0.054795507341623306 1.0 0.0 1.0
v -0.32349810004234314 0.4251612722873688 -0.0586094968020916 1.0 0.0 1.0
v -0.3362114131450653 0.3743080794811249 -0.04843885451555252 1.0 0.0 1.0
v -0.3845219612121582 0.38193604350090027 -0.06242348626255989 1.0 0.0 1.0
v -0.397235244512558 0.33489683270454407 -0.04843885451555252 1.0 0.0 1.0
v -0.4379178285598755 0.328540176153183 -0.0586094968020916 1.0 0.0 1.0
v -0.4786003828048706 0.3183695375919342 -0.06750880926847458 1.0 0.0 1.0
v -0.4913136959075928 0.2662450075149536 -0.0573381669819355 1.0 0.0 1.0
v -0.5459809303283691 0.273872971534729 -0.06878013908863068 1.0 0.0 1.0
v -0.5599655508995056 0.22047710418701172 -0.059880826622247696 1.0 0.0 1.0
v -0.6146327257156372 0.21539178490638733 -0.07386545836925507 1.0 0.0 1.0
v -0.6591293215751648 0.1848798543214798 -0.07005146890878677 1.0 0.0 1.0
v -0.31841278076171875 0.4544018805027008 -0.06242348626255989 1.0 0.0 1.0
v -0.253574937582016 0.4925417900085449 -0.06115215644240379 1.0 0.0 1.0
v -0.24213296175003052 0.4505878984928131 -0.04716752469539642 1.0 0.0 1.0
v -0.2128923535346985 0.5103403925895691 -0.05225284397602081 1.0 0.0 1.0
v -0.2014503926038742 0.467115193605423 -0.03953954204916954 1.0 0.0 1.0
v -0.18365176022052765 0.521782398223877 -0.05225284397602081 1.0 0.0 1.0
v -0.17348112165927887 0.47728583216667175 -0.03445422276854515 1.0 0.0 1.0
v -0.1594964861869812 0.5383096933364868 -0.04971018433570862 1.0 0.0 1.0
v -0.14932584762573242 0.4976271092891693 -0.036996882408857346 1.0 0.0 1.0
v -0.13152721524238586 0.6031475067138672 -0.06115215644240379 1.0 0.0 1.0
v -0.2612029016017914 0.48618513345718384 -0.06750880926847458 1.0 0.0 1.0
v -0.21924901008605957 0.47601449489593506 -0.05225284397602081 1.0 0.0 1.0
v -0.2078070342540741 0.5192397236824036 -0.0586094968020916 1.0 0.0 1.0
v -0.1633104830980301 0.503983736038208 -0.03953954204916954 1.0 0.0 1.0
v -0.15313982963562012 0.5433949828147888 -0.05225284397602081 1.0 0.0 1.0
v -0.14042653143405914 0.5917055606842041 -0.06242348626255989 1.0 0.0 1.0
v -0.13406987488269806 0.5077977776527405 -0.042082201689481735 1.0 0.0 1.0
v -0.13025589287281036 0.53322434425354 -0.04716752469539642 1.0 0.0 1.0
v -0.14169786870479584 0.5815349221229553 -0.06369481980800629 1.0 0.0 1.0
v -0.1645818054676056 0.47982847690582275 -0.042082201689481735 1.0 0.0 1.0
v -0.17602378129959106 0.5319530367851257 -0.056066837161779404 1.0 0.0 1.0
v -0.2065357118844986 0.4505878984928131 -0.04335353150963783 1.0 0.0 1.0
v -0.21797768771648407 0.5014411211013794 -0.059880826622247696 1.0 0.0 1.0
v -0.2472182810306549 0.48745647072792053 -0.06115215644240379 1.0 0.0 1.0
v -0.27773019671440125 0.48618513345718384 -0.06750880926847458 1.0 0.0 1.0
v -0.17348112165927887 0.5548369884490967 -0.06242348626255989 1.0 0.0 1.0
v -0.18619441986083984 0.5065264105796814 -0.05352417752146721 1.0 0.0 1.0
v -0.198907732963562 0.4607585370540619 -0.042082201689481735 1.0 0.0 1.0
v -0.22052034735679626 0.5154257416725159 -0.06242348626255989 1.0 0.0 1.0
v -0.23323364555835724 0.467115193605423 -0.050981514155864716 1.0 0.0 1.0
v -0.2612029016017914 0.4912704527378082 -0.06242348626255989 1.0 0.0 1.0
v -0.12135657668113708 0.5599222779273987 -0.04716752469539642 1.0 0.0 1.0
v -0.10991460084915161 0.5179684162139893 -0.033182889223098755 1.0 0.0 1.0
v -0.08703065663576126 0.6044188737869263 -0.04843885451555252 1.0 0.0 1.0
v -0.07686001807451248 0.5637362599372864 -0.03445422276854515 1.0 0.0 1.0
v -0.06287538260221481 0.6298454403877258 -0.05225284397602081 1.0 0.0 1.0
v -0.05143341049551964 0.5866202116012573 -0.03826821222901344 1.0 0.0 1.0
v -0.03999143838882446 0.6616287231445312 -0.05352417752146721 1.0 0.0 1.0
v -0.029820794239640236 0.6184034943580627 -0.04081087186932564 1.0 0.0 1.0
v -0.01837882213294506 0.5777209401130676 -0.02555490843951702 1.0 0.0 1.0
v -0.004394188057631254 0.7061252593994141 -0.059880826622247696 1.0 0.0 1.0
v 0.0057764542289078236 0.665442705154419 -0.042082201689481735 1.0 0.0 1.0
v 0.015947096049785614 0.6260314583778381 -0.03191155940294266 1.0 0.0 1.0
v 0.033745720982551575 0.7251952290534973 -0.054795507341623306 1.0 0.0 1.0
v 0.04391636326909065 0.6832413077354431 -0.03826821222901344 1.0 0.0 1.0
v 0.05281567573547363 0.6451014280319214 -0.02174091711640358 1.0 0.0 1.0
v 0.06298632174730301 0.7201099395751953 -0.045896194875240326 1.0 0.0 1.0
v 0.07315696030855179 0.6819700002670288 -0.03191155940294266 1.0 0.0 1.0
v 0.07951360940933228 0.7709631323814392 -0.0573381669819355 1.0 0.0 1.0
v 0.08968425542116165 0.729009211063385 -0.04081087186932564 1.0 0.0 1.0
v 0.10112623125314713 0.6845126748085022 -0.026826240122318268 1.0 0.0 1.0
v 0.12273884564638138 0.7747771143913269 -0.04971018433570862 1.0 0.0 1.0
v 0.13163815438747406 0.7353658676147461 -0.033182889223098755 1.0 0.0 1.0
v 0.14308013021945953 0.6921406388282776 -0.019198257476091385 1.0 0.0 1.0
v 0.154522106051445 0.8243589997291565 -0.0573381669819355 1.0 0.0 1.0
v 0.1659640669822693 0.781133770942688 -0.042082201689481735 1.0 0.0 1.0
v 0.17486338317394257 0.7417225241661072 -0.028097569942474365 1.0 0.0 1.0
v 0.18122003972530365 0.8510569334030151 -0.0573381669819355 1.0 0.0 1.0
v 0.19139067828655243 0.8078317046165466 -0.04335353150963783 1.0 0.0 1.0
v 0.2028326541185379 0.7633351683616638 -0.028097569942474365 1.0 0.0 1.0
v 0.21173197031021118 0.7251952290534973 -0.020469587296247482 1.0 0.0 1.0
v 0.2104606330394745 0.8535996079444885 -0.05225284397602081 1.0 0.0 1.0
v 0.22190260887145996 0.8129170536994934 -0.04081087186932564 1.0 0.0 1.0
v 0.23080192506313324 0.7760484218597412 -0.026826240122318268 1.0 0.0 1.0
v 0.2435152232646942 0.9044528007507324 -0.054795507341623306 1.0 0.0 1.0
v 0.2549571990966797 0.8586848974227905 -0.04462486505508423 1.0 0.0 1.0
v 0.26512783765792847 0.8180023431777954 -0.03191155940294266 1.0 0.0 1.0
v 0.27529847621917725 0.7785910964012146 -0.019198257476091385 1.0 0.0 1.0
v -0.12135657668113708 0.556108295917511 -0.050981514155864716 1.0 0.0 1.0
v -0.1111859381198883 0.5967908501625061 -0.0573381669819355 1.0 0.0 1.0
v -0.09211598336696625 0.53322434425354 -0.03445422276854515 1.0 0.0 1.0
v -0.08194533735513687 0.5739069581031799 -0.04462486505508423 1.0 0.0 1.0
v -0.0717746913433075 0.614589512348175 -0.05225284397602081 1.0 0.0 1.0
v -0.06033272296190262 0.6578147411346436 -0.06115215644240379 1.0 0.0 1.0
v -0.03617744520306587 0.5891628861427307 -0.03572555258870125 1.0 0.0 1.0
v -0.024735473096370697 0.6336594820022583 -0.04716752469539642 1.0 0.0 1.0
v -0.01456483080983162 0.6730706691741943 -0.054795507341623306 1.0 0.0 1.0
v 0.014675766229629517 0.6120468378067017 -0.03064022958278656 1.0 0.0 1.0
v 0.02611774019896984 0.6565433740615845 -0.03572555258870125 1.0 0.0 1.0
v 0.03755971044301987 0.7023112773895264 -0.04462486505508423 1.0 0.0 1.0
v 0.04900168627500534 0.7480791807174683 -0.059880826622247696 1.0 0.0 1.0
v 0.056629665195941925 0.6578147411346436 -0.029368899762630463 1.0 0.0 1.0
v 0.0680716410279274 0.7010399699211121 -0.03572555258870125 1.0 0.0 1.0
v 0.07824227958917618 0.7429938912391663 -0.04971018433570862 1.0 0.0 1.0
v 0.08587026596069336 0.6463727355003357 -0.01665559597313404 1.0 0.0 1.0
v 0.09858356416225433 0.6934120059013367 -0.03191155940294266 1.0 0.0 1.0
v 0.10875421017408371 0.7353658676147461 -0.04462486505508423 1.0 0.0 1.0
v 0.12019618600606918 0.7785910964012146 -0.05352417752146721 1.0 0.0 1.0
v 0.14816544950008392 0.7162958979606628 -0.026826240122318268 1.0 0.0 1.0
v 0.1596074253320694 0.7607924938201904 -0.03826821222901344 1.0 0.0 1.0
v 0.16977806389331818 0.7989323735237122 -0.04843885451555252 1.0 0.0 1.0
v 0.17867738008499146 0.839614987373352 -0.0586094968020916 1.0 0.0 1.0
v 0.2028326541185379 0.7417225241661072 -0.029368899762630463 1.0 0.0 1.0
v 0.21427462995052338 0.7849477529525757 -0.036996882408857346 1.0 0.0 1.0
v 0.22444526851177216 0.8281729817390442 -0.04335353150963783 1.0 0.0 1.0
v 0.23588724434375763 0.8713982105255127 -0.05225284397602081 1.0 0.0 1.0
v 0.24224388599395752 0.7798624634742737 -0.026826240122318268 1.0 0.0 1.0
v 0.253685861825943 0.8243589997291565 -0.03826821222901344 1.0 0.0 1.0
v 0.26512783765792847 0.867584228515625 -0.04462486505508423 1.0 0.0 1.0
v 0.27529847621917725 0.9095381498336792 -0.056066837161779404 1.0 0.0 1.0
v 0.26894181966781616 0.7646064758300781 -0.01665559597313404 1.0 0.0 1.0
v 0.28165513277053833 0.8091030120849609 -0.03064022958278656 1.0 0.0 1.0
v 0.282926470041275 0.7951183915138245 -0.02174091711640358 1.0 0.0 1.0
v 0.27148449420928955 0.8459716439247131 -0.03826821222901344 1.0 0.0 1.0
v 0.26131385564804077 0.8930108547210693 -0.05225284397602081 1.0 0.0 1.0
v 0.23715856671333313 0.8078317046165466 -0.042082201689481735 1.0 0.0 1.0
v 0.22571660578250885 0.8599562644958496 -0.0573381669819355 1.0 0.0 1.0
v 0.209189310669899 0.7429938912391663 -0.028097569942474365 1.0 0.0 1.0
v 0.19647599756717682 0.7963897585868835 -0.04462486505508423 1.0 0.0 1.0
v 0.18503402173519135 0.8472429513931274 -0.059880826622247696 1.0 0.0 1.0
v 0.17232072353363037 0.7607924938201904 -0.042082201689481735 1.0 0.0 1.0
v 0.1621500849723816 0.8078317046165466 -0.059880826622247696 1.0 0.0 1.0
v 0.15070810914039612 0.723923921585083 -0.036996882408857346 1.0 0.0 1.0
v 0.13926613330841064 0.7747771143913269 -0.05225284397602081 1.0 0.0 1.0
v 0.1163821890950203 0.6832413077354431 -0.03064022958278656 1.0 0.0 1.0
v 0.10494022071361542 0.7315518856048584 -0.045896194875240326 1.0 0.0 1.0
v 0.09349824488162994 0.7836764454841614 -0.06878013908863068 1.0 0.0 1.0
v 0.0680716410279274 0.6895979642868042 -0.03826821222901344 1.0 0.0 1.0
v 0.056629665195941925 0.7379085421562195 -0.056066837161779404 1.0 0.0 1.0
v 0.042645033448934555 0.6489154100418091 -0.036996882408857346 1.0 0.0 1.0
v 0.03120306134223938 0.6972259879112244 -0.056066837161779404 1.0 0.0 1.0
v 0.01340443640947342 0.613318145275116 -0.03064022958278656 1.0 0.0 1.0
v 0.0006911330274306238 0.6679853796958923 -0.050981514155864716 1.0 0.0 1.0
v -0.029820794239640236 0.6120468378067017 -0.04462486505508423 1.0 0.0 1.0
v -0.04253409802913666 0.666714072227478 -0.06369481980800629 1.0 0.0 1.0
v -0.06287538260221481 0.5522943139076233 -0.03445422276854515 1.0 0.0 1.0
v -0.07431735843420029 0.6031475067138672 -0.04971018433570862 1.0 0.0 1.0
v -0.09338731318712234 0.5344957113265991 -0.03953954204916954 1.0 0.0 1.0
v -0.10482928156852722 0.585348904132843 -0.056066837161779404 1.0 0.0 1.0
v 0.28038379549980164 0.8192737102508545 -0.03064022958278656 1.0 0.0 1.0
v 0.26639917492866516 0.7684204578399658 -0.020469587296247482 1.0 0.0 1.0
v 0.2524145245552063 0.9095381498336792 -0.06115215644240379 1.0 0.0 1.0
v 0.24097256362438202 0.862498939037323 -0.04971018433570862 1.0 0.0 1.0
v 0.22825926542282104 0.8167310357093811 -0.042082201689481735 1.0 0.0 1.0
v 0.21554595232009888 0.7684204578399658 -0.03445422276854515 1.0 0.0 1.0
v 0.2041039764881134 0.7226525545120239 -0.017926927655935287 1.0 0.0 1.0
v 0.2028326541185379 0.8434289693832397 -0.054795507341623306 1.0 0.0 1.0
v 0.19139067828655243 0.8014750480651855 -0.04843885451555252 1.0 0.0 1.0
v 0.17867738008499146 0.7493504881858826 -0.03064022958278656 1.0 0.0 1.0
v 0.1646927446126938 0.699768602848053 -0.02555490843951702 1.0 0.0 1.0
v 0.1621500849723816 0.8205450177192688 -0.056066837161779404 1.0 0.0 1.0
v 0.14943678677082062 0.7747771143913269 -0.04335353150963783 1.0 0.0 1.0
v 0.13545215129852295 0.723923921585083 -0.033182889223098755 1.0 0.0 1.0
v 0.12273884564638138 0.6756133437156677 -0.020469587296247482 1.0 0.0 1.0
v 0.11002553999423981 0.7925757169723511 -0.06115215644240379 1.0 0.0 1.0
v 0.09731223434209824 0.7455365061759949 -0.04971018433570862 1.0 0.0 1.0
v 0.08459893614053726 0.6984972953796387 -0.03572555258870125 1.0 0.0 1.0
v 0.07188563048839569 0.6489154100418091 -0.02555490843951702 1.0 0.0 1.0
v 0.04773035645484924 0.7493504881858826 -0.06242348626255989 1.0 0.0 1.0
v 0.03501705080270767 0.7010399699211121 -0.050981514155864716 1.0 0.0 1.0
v 0.0223037488758564 0.6540007591247559 -0.04462486505508423 1.0 0.0 1.0
v 0.009590445086359978 0.6056901812553406 -0.029368899762630463 1.0 0.0 1.0
v -0.000580197258386761 0.6921406388282776 -0.056066837161779404 1.0 0.0 1.0
v -0.013293500058352947 0.6438301205635071 -0.04335353150963783 1.0 0.0 1.0
v -0.024735473096370697 0.5980622172355652 -0.036996882408857346 1.0 0.0 1.0
v -0.04126276820898056 0.6705280542373657 -0.0573381669819355 1.0 0.0 1.0
v -0.05397607013583183 0.6209461688995361 -0.04716752469539642 1.0 0.0 1.0
v -0.0679607018828392 0.5726355910301208 -0.03826821222901344 1.0 0.0 1.0
v -0.10228662192821503 0.6247601509094238 -0.06369481980800629 1.0 0.0 1.0
v -0.1137285977602005 0.5802635550498962 -0.050981514155864716 1.0 0.0 1.0
v -0.12771323323249817 0.528139054775238 -0.042082201689481735 1.0 0.0 1.0
v 0.40497416257858276 0.4950844645500183 0.09649280458688736 1.0 0.0 1.0
v 0.34013631939888 0.6972259879112244 0.017670322209596634 1.0 0.0 1.0
v 0.3503069579601288 0.6552720665931702 0.031654953956604004 1.0 0.0 1.0
v 0.36047762632369995 0.614589512348175 0.05072490870952606 1.0 0.0 1.0
v 0.3795475661754608 0.5611936450004578 0.06725220382213593 1.0 0.0 1.0
v 0.2600425183773041 0.3615947663784027 0.10539211332798004 1.0 0.0 1.0
v 0.3019964098930359 0.39719200134277344 0.10666344314813614 1.0 0.0 1.0
v -0.5682092308998108 -0.12613986432552338 0.048542141914367676 1.0 0.0 1.0
v 0.1444646716117859 0.31436458230018616 0.09097471833229065 1.0 0.0 1.0
v -0.7850959300994873 -0.010839763097465038 -0.03857746720314026 1.0 0.0 1.0
v 0.19120383262634277 0.3575800061225891 0.08949433267116547 1.0 0.0 1.0
v -0.4611181616783142 -0.22938095033168793 0.10534007847309113 1.0 0.0 1.0
v 0.3611289858818054 0.4785931706428528 0.09485553205013275 1.0 0.0 1.0
v 0.21436044573783875 0.5140588879585266 0.04856611415743828 1.0 0.0 1.0
v -0.13055524230003357 0.0607307031750679 0.09949151426553726 1.0 0.0 1.0
v 0.02809121459722519 0.3114190399646759 0.06351667642593384 1.0 0.0 1.0
v 0.30388128757476807 0.8152213096618652 -0.01925995573401451 1.0 0.0 1.0
v -0.45170605182647705 0.09025406092405319 0.01251189224421978 1.0 0.0 1.0
v -0.5109060406684875 0.0345880463719368 0.014663477428257465 1.0 0.0 1.0
v -0.2526565492153168 0.1116473600268364 0.05461005121469498 1.0 0.0 1.0
v -0.3688945472240448 0.011029185727238655 0.05625128000974655 1.0 0.0 1.0
v 0.03869879990816116 0.24868062138557434 0.08476966619491577 1.0 0.0 1.0
v -0.09126602113246918 0.3769181966781616 0.014963747933506966 1.0 0.0 1.0
v 0.0038584640715271235 0.5673046112060547 -0.01853223517537117 1.0 0.0 1.0
v -0.5860382914543152 0.013071732595562935 0.002773291664198041 1.0 0.0 1.0
v -0.024801963940262794 0.27606022357940674 0.06116063892841339 1.0 0.0 1.0
v -0.28787869215011597 0.3954242169857025 -0.038414690643548965 1.0 0.0 1.0
v -0.27767184376716614 0.41308367252349854 -0.04118478670716286 1.0 0.0 1.0
v -0.16700458526611328 0.4848504364490509 -0.035596515983343124 1.0 0.0 1.0
v -0.5784941911697388 -0.12544919550418854 0.045832421630620956 1.0 0.0 1.0
v 0.15820609033107758 0.7669020295143127 -0.04034966230392456 1.0 0.0 1.0
v 0.1761288046836853 0.5292514562606812 0.03473635017871857 1.0 0.0 1.0
v -0.0648941919207573 0.34299221634864807 0.031480759382247925 1.0 0.0 1.0
v 0.1493338793516159 0.6339879035949707 -0.0029561014380306005 1.0 0.0 1.0
v -0.5542298555374146 0.08857385814189911 -0.011950599029660225 1.0 0.0 1.0
v -0.34816619753837585 0.15435688197612762 0.01864548772573471 1.0 0.0 1.0
v -0.4348844885826111 0.10902968049049377 0.011020185425877571 1.0 0.0 1.0
v -0.5454171299934387 -0.009995881468057632 0.01952838897705078 1.0 0.0 1.0
v -0.5848768353462219 -0.06842675805091858 0.027309123426675797 1.0 0.0 1.0
v 0.14481684565544128 0.45644235610961914 0.0487796887755394 1.0 0.0 1.0
v -0.07157797366380692 0.6251315474510193 -0.054108161479234695 1.0 0.0 1.0
v 0.3137391209602356 0.49052000045776367 0.07976775616407394 1.0 0.0 1.0
v -0.034943390637636185 0.42301663756370544 0.014958796091377735 1.0 0.0 1.0
v 0.21441379189491272 0.6374160647392273 0.011869370937347412 1.0 0.0 1.0
v 0.27749016880989075 0.4840520918369293 0.07286664098501205 1.0 0.0 1.0
v 0.11028262972831726 0.23679302632808685 0.10573650896549225 1.0 0.0 1.0
v -0.5991087555885315 -0.13470609486103058 0.04356794059276581 1.0 0.0 1.0
v 0.0741507038474083 0.2261364459991455 0.10011038929224014 1.0 0.0 1.0
v -0.6973446011543274 0.055403340607881546 -0.03692498430609703 1.0 0.0 1.0
v -0.06955389678478241 0.4505096971988678 -0.0016498025506734848 1.0 0.0 1.0
v -0.15682394802570343 0.5301796197891235 -0.04660719633102417 1.0 0.0 1.0
v 0.05624498054385185 0.5880221724510193 -0.011942476965487003 1.0 0.0 1.0
v -0.07059599459171295 0.575042724609375 -0.038963187485933304 1.0 0.0 1.0
v 0.2662256062030792 0.5860675573348999 0.039765261113643646 1.0 0.0 1.0
v -0.3293153941631317 0.2541657090187073 -0.006466727703809738 1.0 0.0 1.0
v -0.354648232460022 0.2948240637779236 -0.024734240025281906 1.0 0.0 1.0
v 0.21088606119155884 0.6553026437759399 0.005687601398676634 1.0 0.0 1.0
v -0.09977680444717407 0.4591748118400574 -0.011587116867303848 1.0 0.0 1.0
v -0.10761494934558868 0.38577574491500854 0.008347203023731709 1.0 0.0 1.0
v 0.11913607269525528 0.34924107789993286 0.07442884892225266 1.0 0.0 1.0
v -0.6833711862564087 0.1010821983218193 -0.04711626470088959 1.0 0.0 1.0
v -0.39490970969200134 0.008033898659050465 0.05080847442150116 1.0 0.0 1.0
v 0.36927446722984314 0.6061777472496033 0.05887102708220482 1.0 0.0 1.0
v -0.1514330953359604 0.533440887928009 -0.046265143901109695 1.0 0.0 1.0
v -0.7485227584838867 0.1080365777015686 -0.06504891067743301 1.0 0.0 1.0
v -0.22051724791526794 0.3444426953792572 -0.0068419878371059895 1.0 0.0 1.0
v -0.5397607088088989 0.018451349809765816 0.012440036050975323 1.0 0.0 1.0
v -0.08680995553731918 0.3172156512737274 0.03381552919745445 1.0 0.0 1.0
v -0.42033153772354126 -0.19271975755691528 0.10436084121465683 1.0 0.0 1.0
v -0.347415030002594 -0.08072467148303986 0.0887860506772995 1.0 0.0 1.0
v -0.6107947826385498 0.16858907043933868 -0.04953466355800629 1.0 0.0 1.0
v -0.2200719118118286 0.3823011517524719 -0.017999814823269844 1.0 0.0 1.0
v -0.40691542625427246 -0.1506228744983673 0.09509982913732529 1.0 0.0 1.0
v 0.2184436172246933 0.5531801581382751 0.03791822865605354 1.0 0.0 1.0
v -0.25129324197769165 0.23394574224948883 0.01854734681546688 1.0 0.0 1.0
v -0.747280478477478 0.08440309017896652 -0.057713381946086884 1.0 0.0 1.0
v 0.055281590670347214 0.23412972688674927 0.09313742816448212 1.0 0.0 1.0
v 0.19310665130615234 0.377758651971817 0.08395268768072128 1.0 0.0 1.0
v 0.28446751832962036 0.47475412487983704 0.07733245193958282 1.0 0.0 1.0
v -0.09703508019447327 0.5050543546676636 -0.02457280457019806 1.0 0.0 1.0
v -0.19797055423259735 0.2969459593296051 0.012782181613147259 1.0 0.0 1.0
v -0.28885674476623535 0.38171425461769104 -0.034572895616292953 1.0 0.0 1.0
v -0.6771342754364014 -0.06827012449502945 0.004799681715667248 1.0 0.0 1.0
v -0.46275794506073 0.19273585081100464 -0.020676467567682266 1.0 0.0 1.0
v -0.02274378575384617 0.4411471486091614 0.012533711269497871 1.0 0.0 1.0
v -0.35025468468666077 0.25771376490592957 -0.012620891444385052 1.0 0.0 1.0
v -0.6606460809707642 0.18125233054161072 -0.06544090807437897 1.0 0.0 1.0
v -0.28751224279403687 0.3793216645717621 -0.03353351727128029 1.0 0.0 1.0
v -0.525673508644104 -0.16921713948249817 0.07171805948019028 1.0 0.0 1.0
v -0.09833696484565735 0.4604578912258148 -0.011618371121585369 1.0 0.0 1.0
v 0.34558236598968506 0.612170398235321 0.05131912603974342 1.0 0.0 1.0
v -0.48716431856155396 0.24770662188529968 -0.042977627366781235 1.0 0.0 1.0
v 0.33549463748931885 0.654888927936554 0.03615042194724083 1.0 0.0 1.0
v 0.0702071487903595 0.5320425033569336 0.008115957491099834 1.0 0.0 1.0
v -0.32708412408828735 0.3304986357688904 -0.028639288619160652 1.0 0.0 1.0
v 0.08473045378923416 0.5846909284591675 -0.004015496000647545 1.0 0.0 1.0
v 0.18439903855323792 0.7208922505378723 -0.020280200988054276 1.0 0.0 1.0
v -0.07304982095956802 0.5916156768798828 -0.04449256882071495 1.0 0.0 1.0
v 0.23734022676944733 0.571906566619873 0.03694640472531319 1.0 0.0 1.0
v -0.32844388484954834 0.35675567388534546 -0.03678417205810547 1.0 0.0 1.0
v -0.4434380531311035 0.16224902868270874 -0.006899925414472818 1.0 0.0 1.0
v -0.25422975420951843 0.14512106776237488 0.04426560178399086 1.0 0.0 1.0
v -0.055148329585790634 0.5206480622291565 -0.019014740362763405 1.0 0.0 1.0
v -0.323073148727417 -0.0983978733420372 0.09997215867042542 1.0 0.0 1.0
v -0.14045733213424683 0.25041019916534424 0.04063403233885765 1.0 0.0 1.0
v 0.2203863561153412 0.7579857707023621 -0.022556625306606293 1.0 0.0 1.0
v -0.18138478696346283 0.5155921578407288 -0.04824620857834816 1.0 0.0 1.0
v 0.08572627604007721 0.6529008150100708 -0.02407154068350792 1.0 0.0 1.0
v -0.6560956239700317 0.13001002371311188 -0.049083810299634933 1.0 0.0 1.0
v -0.13184389472007751 0.6051958203315735 -0.06284904479980469 1.0 0.0 1.0
v -0.5011844635009766 0.2610178589820862 -0.05035252496600151 1.0 0.0 1.0
v -0.2591654360294342 0.1649949550628662 0.03714961186051369 1.0 0.0 1.0
v -0.09626244753599167 0.5693021416664124 -0.04350410774350166 1.0 0.0 1.0
v -0.6782248616218567 -0.08823168277740479 0.01047447882592678 1.0 0.0 1.0
v -0.019190441817045212 0.13993823528289795 0.1030353233218193 1.0 0.0 1.0
v 0.16390356421470642 0.5471013784408569 0.026447799056768417 1.0 0.0 1.0
v -0.20462484657764435 0.43516218662261963 -0.02996962144970894 1.0 0.0 1.0
v -0.6757413744926453 0.01589289866387844 -0.019907161593437195 1.0 0.0 1.0
v -0.3583945035934448 0.13863031566143036 0.02083515003323555 1.0 0.0 1.0
v -0.4399719536304474 -0.044992271810770035 0.055616725236177444 1.0 0.0 1.0
v -0.3851579427719116 0.1363847255706787 0.014987044036388397 1.0 0.0 1.0
v 0.16171415150165558 0.7032489776611328 -0.020553069189190865 1.0 0.0 1.0
v -0.7203976511955261 0.056906137615442276 -0.042985156178474426 1.0 0.0 1.0
v 0.10001659393310547 0.5507656335830688 0.00980216171592474 1.0 0.0 1.0
v -0.24083220958709717 0.48386380076408386 -0.05327845737338066 1.0 0.0 1.0
v -0.244827538728714 -0.0379224568605423 0.10102658718824387 1.0 0.0 1.0
v -0.16767972707748413 0.23374873399734497 0.03896418958902359 1.0 0.0 1.0
v -0.6999078989028931 -0.06173517182469368 -0.0026899687945842743 1.0 0.0 1.0
v 0.3363475799560547 0.448657363653183 0.09773031622171402 1.0 0.0 1.0
v -0.5218364000320435 0.2211071252822876 -0.04350386559963226 1.0 0.0 1.0
