v 0.11932331995219535 0.3441199907098159 0.08099494745883117
v 0.12893018921213512 0.3264319429880891 0.07921397639202644
v 0.1250582074268913 0.3421237945256425 0.07356148548757127
v 0.12581934229087152 0.33765374131471 0.08128024511683672
v 0.13133040774349422 0.33173914387807835 0.08202033234069643
v 0.008325611726516762 0.5566172964669093 0.08315831497415246
v 0.014379326863811125 0.6017785826886923 0.06989429372489027
v 0.028704624952453888 0.5163775644843769 0.08180743026168058
v 0.02036684150175745 0.5340097353129735 0.07728985567663384
v 0.02754182826635603 0.6106991356173448 0.0654273637154343
v 0.04408335136043876 0.6223890804623714 0.05030410607381953
v 0.044423223912628096 0.4861908518668416 0.0816278992082282
v 0.04007223630046407 0.5057613024294727 0.08010740395476407
v 0.06888338144757924 0.6322594963324004 0.0330632230136407
v 0.0863275723494631 0.6401802851629445 0.025089821110179922
v 0.05639028211890148 0.45977758056020485 0.07981000826201445
v 0.04445109890726008 0.4839649641651553 0.0805056923959462
v 0.08985321275951456 0.6433861684308865 0.023436255820997596
v 0.11854241809254515 0.6623296494280212 0.009300447394844279
v 0.07306812983257262 0.4306836035440244 0.07909987172768487
v 0.06585614584939604 0.44695390296271664 0.08130675276496258
v 0.11332727023731018 0.657530375753507 0.011830906968053157
v 0.12494194688281668 0.662170267133693 0.009456782241960473
v 0.09764940322757462 0.38245941112442045 0.08064081476626389
v 0.09488385596571355 0.40341959539098093 0.07813573518468454
v 0.07525301199701345 0.42178009302117764 0.08056752942269141
v 0.15733972771228508 0.6830156805342669 -0.012936004422311909
v 0.17418691435966432 0.6912797194487138 -0.015686280316782448
v 0.11616778695793462 0.3589320520039332 0.07934076205316005
v 0.09778648714276097 0.3765246434665087 0.07657375367680955
v 0.18741576331957488 0.7041948837346876 -0.02142157944691403
v 0.20965848945909216 0.705501525313571 -0.03816297813642291
v 0.21678617812444578 0.7098029111675073 -0.039573059475803946
v 0.23198916156337773 0.7210656665852377 -0.04991868311217118
v 0.0007119032612420735 0.5940111572675124 0.0737416689615341
v 0.0014818280778163386 0.5569449549954788 0.08161930971867158
v 0.02395112029481334 0.6055946340216035 0.060576700253029324
v 0.006404329092273692 0.5471839610494124 0.08510893244574459
v 0.02291641662750429 0.5251378650754881 0.08030004537399074
v 0.03438688643629797 0.4950718143975176 0.08018395989690764
v 0.04910710972331437 0.472273588741742 0.07789682008205193
v 0.036094280103482826 0.612782341946107 0.054923047098748914
v 0.010189820140109638 0.5383219210920036 0.07631445327341536
v 0.02292986695123824 0.5245450936295895 0.0827845719847294
v 0.040587508198789854 0.4900026307843008 0.07363957122909642
v 0.05129796212103526 0.4697952752979443 0.0802797598129617
v 0.06422000944583262 0.4477960977411614 0.07868498592008913
v 0.07902775892234193 0.4147083808395169 0.08235147805843435
v 0.06148990738749657 0.6312572365696234 0.0348610832833854
v 0.06856219917064767 0.44102640371265117 0.08001427572152685
v 0.08281218998030017 0.4157846275771096 0.08161813856202212
v 0.09604153090090703 0.3859119468026436 0.0813370420047145
v 0.10815880191858539 0.3700158882046291 0.07819904651784099
v 0.08665664796185414 0.6436446535709541 0.02556632955000774
v 0.08543086373022724 0.640071073286146 0.0262051396828081
v 0.10838396391020588 0.6621064667015853 0.013448520528207449
v 0.10650949399132865 0.6495331160424795 0.013562036613271045
v 0.12612992083122143 0.6653182305612132 0.001984563743366421
v 0.12588765814063585 0.6563590943620383 0.005633866090651655
v 0.15973664690166048 0.6852860257517611 -0.006918975895917376
v 0.15133562830351707 0.680720232703139 -0.006630632948606295
v 0.1864283360653686 0.6986505798952516 -0.021868460623803265
v 0.1793710543812662 0.69652109752306 -0.026569181672414816
v 0.20413488995665177 0.7021478456281954 -0.038984832126025416
v 0.19568584142187878 0.7016073054179456 -0.028462512516112516
v 0.2215490522227687 0.7130888612031537 -0.04577118873708998
v 0.21327213961460853 0.7096875070037408 -0.039567987120242835
v 0.2503369046293221 0.7239435525162815 -0.05511154907325772
v 0.24548014451593625 0.7291835140760295 -0.05941812474198556
v 0.26680256163171845 0.7461006127395272 -0.06737412347200755
v 0.2838735284833032 0.7477090132351929 -0.07668179184448841
v 0.2995715043314599 0.7606315089441508 -0.08778711253198564
v 0.3122259743447753 0.7666736918428141 -0.09244469001456382
v 0.34024087619813115 0.7798942982325012 -0.10140721349513442
v 0.23914805107286072 0.7268275661719344 -0.05232854697296276
v 0.26983152148014267 0.7497584960848207 -0.06813638915795088
v 0.2718500614211491 0.7432260741589773 -0.07199586201446924
v 0.28413122440795446 0.7474869709000187 -0.0803665578065619
v 0.2852809322143312 0.7474356247967114 -0.07807782227443341
v 0.31200436707626056 0.7652568005994476 -0.08589391738596971
v 0.3419594922649969 0.7781546265216623 -0.10902395059668608
v 0.3731672415077009 0.7887436883899844 -0.11787695324628411
v 0.4007496377015965 0.7209885416841607 -0.11766499995590313
v 0.4371158838377734 0.6574178915006471 -0.12335148514494605
v 0.44744399779759936 0.6410567206984631 -0.1235215296881012
v 0.47352759249447013 0.580691302309695 -0.11942333170523439
v 0.4636340138211136 0.6045499070377409 -0.12224700905106027
v 0.49593484561782103 0.5336850000671985 -0.12156195524668825
v 0.4840955423051179 0.5566752557229457 -0.11925522721288047
v 0.49682954277388797 0.401004573121281 -0.08762764291025027
v 0.5234951134471999 0.485763523487799 -0.12382391070184545
v 0.5098070306521678 0.5122649479942212 -0.11927705012818407
v 0.5020489625109711 0.40519499108377177 -0.08790249657360316
v 0.5163397351121211 0.4102298868990018 -0.1026157146575101
v 0.5282474766642665 0.47920940526160033 -0.1156582668584414
v 0.520369083504289 0.4980977084099818 -0.11984304556491478
v 0.5294897016796033 0.41661963353590475 -0.11106615917573977
v 0.4124800923343133 0.7084380812541613 -0.12244621739400259
v 0.42210350071196207 0.6738740629270219 -0.1178316455286213
v 0.43774822195516544 0.6537568662089835 -0.12067171584316419
v 0.4475897055191664 0.6374779999013097 -0.11742153853663147
v 0.4633245705840133 0.6059248134758117 -0.12550312729946309
v 0.4725661035052674 0.5851597992562542 -0.11945476851752367
v 0.44480628570618447 0.6270524782021452 -0.11520937357527258
v 0.4628862660052013 0.6015642867475655 -0.11632531913843981
v 0.47887248915945996 0.582822259048026 -0.11906510660406372
v 0.4911484840550218 0.5575518994108539 -0.12303455963238226
v 0.5010058305266328 0.5217445487961452 -0.11781185257041289
v 0.5144313307672231 0.508040940598504 -0.1160757049515294
v 0.508016790134591 0.40519519126748893 -0.09407649728987019
v 0.5123511359058969 0.5069816959826875 -0.11936715382360408
v 0.5268270201345506 0.4802356320748771 -0.12104239543029252
v 0.5338203327392833 0.42289737549781314 -0.11289699130963657
v 0.21388130807762845 0.16387102992864333 0.08374395489445494
v 0.23730042541269886 0.1240506044764471 0.08679293162815017
v 0.1889239752512687 0.21783839574342154 0.07849793071877045
v 0.20841687524858837 0.17642403216203556 0.07412861905976553
v 0.22362608903364853 0.1601229367060568 0.07966331990769279
v 0.23508549373475268 0.12888787493610487 0.07991888018465552
v 0.23602056452228412 0.12968500754168993 0.08563203977904799
v 0.24451477259153548 0.10902858186348273 0.07913953488921141
v 0.25375742639725773 0.08669208863585033 0.08755672133999075
v 0.24963149273190888 0.10172044424509043 0.07885894907503019
v 0.27044422235678006 0.06229502629108331 0.08456382740215333
v 0.3234256688628043 0.08528875287515614 0.052625411810408536
v 0.2900215792168172 0.027730260172201312 0.08272909042896323
v 0.3249549171899516 0.08064538987112756 0.06319099061939566
v 0.32404163093696503 0.08704146822214198 0.05498749680024107
v 0.3134044427573119 -0.013121048581813849 0.08307871522579717
v 0.2981354112181374 0.0032150303004887465 0.07890225433716899
v 0.3379071551981701 0.08510602160412598 0.049514550264844505
v 0.34316512609896677 -0.06589953211208233 0.0907679899600077
v 0.3285211506650598 -0.04442112952965097 0.08284651392680477
v 0.35399075536087915 -0.09522759224888566 0.08089530890177733
v 0.34793142044615927 -0.0747667892730344 0.08881736014497597
v 0.4095355825486193 -0.18539721836624792 0.08177810137735844
v 0.4209891170315421 -0.21390930075182457 0.07928434997783901
v 0.4464926399962112 -0.24866767906248488 0.08557290800051114
v 0.4618470992678103 -0.28943333383259934 0.0810419642640846
v 0.47925141822847517 -0.32202613559795645 0.07890940465125328
v 0.2644932265827806 0.08304515527486894 0.07912793806789663
v 0.3240538327758478 0.08836274094786223 0.055991548444246496
v 0.3257170739680899 0.08526309155570924 0.05837546490398701
v 0.28669594766026185 0.04325390630544063 0.08302938268255675
v 0.2981429305094673 0.01671615524277848 0.08136480169322054
v 0.30603414269992235 -0.009448825541656599 0.07950974703187544
v 0.32075834155541755 -0.033272091828986494 0.07917793595780165
v 0.31005946416760255 -0.010250198254435062 0.0830093833452614
v 0.321523699102771 -0.02934627517585192 0.07593921958559946
v 0.33687040881403946 -0.062040733273379035 0.07760662578029523
v 0.3477475210049145 -0.08068798448706628 0.08187426572605747
v 0.34831954777124663 -0.08882969933765875 0.07799505791886122
v 0.4025338483927399 -0.18620138166420364 0.08216363942230086
v 0.415765080984631 -0.20998005381106152 0.07894708879681508
v 0.42919536244870504 -0.23137448495853535 0.08249863363129019
v 0.4470429117144727 -0.2626747668944835 0.07918684799787219
v 0.48985090629664524 -0.3404442407002181 0.08334615690295566
v 0.4995637596072121 -0.3592944476351708 0.07781739122737728
v 0.5808630001388936 -0.4353282103654321 0.056841150209781574
v 0.5978661968700034 -0.43571490152484715 0.06324058022277633
v 0.6023718896989895 -0.42565119578256333 0.05615757510880318
v 0.6221492367879354 -0.4141992855374821 0.043025659795137124
v 0.636051042167129 -0.4059671704774621 0.036416404892275794
v 0.6503805684502536 -0.40333603716403904 0.03271056565508609
v 0.6652480243857087 -0.39461416117603454 0.018099409216920635
v 0.6879209023684515 -0.38926460851684375 0.00898437453342567
v 0.7238961305923368 -0.37059218591521836 -0.01252686175819408
v 0.7449171135994941 -0.3589704312975772 -0.018496136271249856
v 0.7810148932290555 -0.3438830841521074 -0.0374180100313407
v 0.8457285260733478 -0.11420746680480301 -0.11881696021743475
v 0.8166793660597402 -0.32854219787707467 -0.06188812726703379
v 0.8375706923173493 -0.31795018756023213 -0.06808991455808992
v 0.8537494199941422 -0.3073825460600223 -0.08063567248716615
v 0.892604800521707 -0.19012201029988135 -0.1177300990137172
v 0.8748675654629503 -0.3022925473911342 -0.08629193293165471
v 0.8905289038968551 -0.2057305418985136 -0.11731819837627833
v 0.8956895205647113 -0.29727221583310165 -0.10017304348470502
v 0.5709838912207661 -0.4344093780864639 0.059771567641577934
v 0.597506573854381 -0.4278562487923763 0.05549931847730737
v 0.5947491075984062 -0.42727158450862357 0.06445821955736905
v 0.6174315728396009 -0.4163029942339919 0.05026197442997306
v 0.6154361074756716 -0.41537334355996586 0.0444911896191792
v 0.6467843866957571 -0.40464736602635776 0.03032185946575384
v 0.6694907786838482 -0.3956674286332977 0.018511680277039425
v 0.6927216409015641 -0.38308273327432235 0.009198991226614734
v 0.7240831337119287 -0.3714323785052929 -0.00470081431879967
v 0.7434431485891407 -0.3596598224600141 -0.019910491698096496
v 0.7728898217490533 -0.3452408052455816 -0.03353952094536335
v 0.7976713314949305 -0.3371528579183902 -0.04258527142813255
v 0.8216852425319453 -0.32215963010388987 -0.05727418663188833
v 0.829161446404072 -0.08413070189113772 -0.11756523357242797
v 0.8494936308721575 -0.3103264832536732 -0.07671690205770053
v 0.8620735823051772 -0.1550382425938968 -0.11268935359386707
v 0.8714187691609361 -0.30565966526344174 -0.08402161531092175
v 0.8966148276237736 -0.19594794518934938 -0.12105013794945536
v 0.6674084944266195 0.07085487966658369 -0.0826841341279488
v 0.690868045780599 0.08091115719934373 -0.09672099285764062
v 0.7633436465372224 0.05728197111410205 -0.11832442273218319
v 0.7477767481248275 0.0771031779196595 -0.11893639888793603
v 0.739906947830124 0.09940308443770662 -0.12041403846132438
v 0.7630857717924802 0.03211284689402638 -0.11726074624598963
v 0.7524807028867381 0.05878827666013323 -0.12070133489871769
v 0.7945558892865386 -0.013067624481877139 -0.11787935630872876
v 0.7761696341788171 0.012667997261643122 -0.12125885477715517
v 0.810520706922008 -0.053569661531534876 -0.11575867085287268
v 0.7985417529582508 -0.03185148975764029 -0.11601607970760351
v 0.8317198275995578 -0.08072110523187524 -0.1158782444442662
v 0.819288046340844 -0.05801459661490318 -0.11578317122641772
v 0.8329991545772701 -0.09219985709210972 -0.11944327710115406
v 0.8226192203808411 -0.07021444480589105 -0.11684907782092531
v 0.8569334661237941 -0.13872825944680764 -0.1213450616832961
v 0.8498097089408405 -0.12115750322934768 -0.12024839824277363
v 0.8743715404064395 -0.16949763544445823 -0.12029492970577171
v 0.8764250580557065 -0.1860316572724722 -0.11954272234167666
v 0.6721176033907886 0.07081153199605061 -0.08021271676905797
v 0.704650443562562 0.0914796098944989 -0.10482041599366212
v 0.7561255510357693 0.058602878752343955 -0.11778367965457123
v 0.7709796506309063 0.03226867114626829 -0.12170791763073807
v 0.7658770056947197 0.03948585392216389 -0.11724641943572275
v 0.7744121280680769 0.013198848852338015 -0.11533606838661396
v 0.7859258517154669 -0.008085108577117006 -0.11991709112558896
v 0.7974073799279892 -0.038496211511725345 -0.11368204847225902
v 0.8138402066185946 -0.05836332063008074 -0.11471377082759442
v 0.8018826680782762 -0.025616827355576806 -0.12297133124098461
v 0.8179146789402716 -0.055071373906957856 -0.12410058366194658
v 0.8263549938291014 -0.0834674208420406 -0.11182310760159297
v 0.8351391336537305 -0.10387654523197318 -0.11995090072438615
v 0.8568542693212846 -0.12901135888508694 -0.11355199044741822
v 0.8508943199822855 -0.12331662032539993 -0.11726285701463902
v 0.8667839304889179 -0.14748478394871734 -0.1227447400848883
v 0.8798242336836264 -0.17364183620115167 -0.12352434065926605
v 0.910786430951503 -0.23677664259802944 -0.11469708466361765
v 0.6867453605227896 0.07687282156763824 -0.08217598378449803
v 0.18270565388566437 0.22202481722302894 0.08234919883241727
v 0.17418645472314745 0.2350837424769628 0.08187831602579378
v 0.20103454798770262 0.19187863916576162 0.08445307970804251
v 0.18576592746208556 0.2140173907778666 0.07890316755453673
v 0.20765841038599922 0.18000535989381208 0.07592338920128223
v 0.22844977386732254 0.1440906729398808 0.07954912844356114
v 0.1845541593987929 0.23158775692897887 0.08281017991987667
v 0.19437009203213007 0.20710985458939463 0.08208984703973074
v 0.18520179805690873 0.20430547106064717 0.07626509617591648
v 0.20814653777245773 0.1797397537742791 0.08368623938340113
v 0.22089649633187067 0.15611276648794925 0.0750511765289787
v 0.33534861760630064 0.11071845332097646 0.0487209682399686
v 0.3431573998320997 0.14031369301307803 0.03243323199076643
v 0.3312027928635373 0.10685351704290304 0.044678324955055436
v 0.34938189260529445 0.13862867504267734 0.034057939678177676
v 0.3553394336758607 0.16651489006979986 0.024947219367523792
v 0.3704310680297396 0.19479093343917706 0.009073284798240749
v 0.3792842353956609 0.22177708350538605 -0.003347607235523092
v 0.4007644043470433 0.24521586290900899 -0.010597407763722802
v 0.4125542365421289 0.2732617060627622 -0.021161627771598877
v 0.38871442895750075 0.2181694763819396 -0.00997518615350847
v 0.39951355260800075 0.24971447800771598 -0.012330595242311997
v 0.4166463867934064 0.27804829339959825 -0.03484821806908164
v 0.420414108710425 0.30529347064007867 -0.034049731598788956
v 0.4388620481273645 0.32930572276131403 -0.04766343691304484
v 0.34517203175132427 0.1263247560815448 0.03370762516638394
v 0.33190090356668256 0.11156929705362555 0.038103373527935094
v 0.32706090973912166 0.09691302716916275 0.045336672849364074
v 0.36398721430077724 0.16740019978054568 0.024600265112500252
v 0.34762559300356566 0.14457522147549995 0.028120980689520285
v 0.34003586849110295 0.12791136983127332 0.03467171255398865
v 0.37892763005614466 0.19714118831874639 0.00529381532835219
v 0.37230296054941703 0.1814016436499799 0.013076550302793588
v 0.35610244654205664 0.16714915074642883 0.021011684979027723
v 0.39496218877708017 0.24362793854027018 -0.010698353646834195
v 0.38263859289321867 0.225479025340025 -0.006704563092444577
v 0.3753084082510001 0.2009655563591386 0.009390722630401655
v 0.4074475883191156 0.27215961758588875 -0.02335093450837199
v 0.40016193779343445 0.25543493071447465 -0.016820656304010306
v 0.4213385657750038 0.2978489077153534 -0.029588634563836615
v 0.41197781830551955 0.27723720229751486 -0.024552197782001756
v 0.42395291748205854 0.3103433570668823 -0.034018089202238845
v 0.3449136725007429 0.08129583592653324 0.05133463295355213
v 0.3743957897476232 0.07717915721399797 0.032069989986344014
v 0.39825279965876925 0.07867802367976373 0.025763055778832377
v 0.42422011707203827 0.07306258098237424 0.016542903366450222
v 0.454692469612913 0.07722579604411858 0.0036501790010869868
v 0.4839619343143047 0.0727814371567419 -0.0069282095863121085
v 0.41067232285822425 -0.19627893114357187 0.0813309889613371
v 0.49380034128170447 0.0779440650645116 -0.015170716351083953
v 0.5071701146196361 0.07247525682374872 -0.012932523822687137
v 0.42700904906832104 -0.22792527526786344 0.07989355939298116
v 0.5249916658635735 0.07269308204104064 -0.023203306133366353
v 0.4540900893235084 -0.2736105973852842 0.08172772656297378
v 0.5516920498995235 0.07162713435180319 -0.03125515855266445
v 0.4650472369485266 -0.3025988086246278 0.08475339808128236
v 0.5817176778138338 0.06628634693082615 -0.0460893187605843
v 0.4965720428953755 -0.3490022615395034 0.08155159188242093
v 0.48053077121314647 -0.322880819420426 0.07885610721584073
v 0.5089510481159993 -0.38752627477745977 0.08037475419833558
v 0.5013024252576463 -0.3610632412586613 0.08030079584494672
v 0.6269186145618961 0.06693990811328801 -0.062424226353409884
v 0.5312547620463919 -0.41039247555677166 0.08427581146778032
v 0.3347197754987928 0.08764549520737899 0.04980662858316503
v 0.35168003761251065 0.08423485022491528 0.04234583449768887
v 0.35688059105819897 0.08233876991176113 0.03648103872077952
v 0.3805534293195011 0.08027264977279965 0.03272470931311301
v 0.37688464519737014 -0.13562019147388465 0.08138346816786068
v 0.39488079784044344 -0.16337544870762347 0.07679760436933916
v 0.40277790450691997 0.0808267302611723 0.02509543408513883
v 0.4132990733919631 0.08565721907986676 0.020538970429851082
v 0.43384027214389065 -0.24353544945171415 0.08311976635728871
v 0.44690961556910563 -0.2608555737948698 0.07599913927343245
v 0.46512475020491295 -0.2837150212147087 0.08708019274979839
v 0.4734287912778263 -0.3101186936875359 0.08700897266673531
v 0.4308657476964904 0.07727420835709652 0.010010406569295143
v 0.4420186328686558 0.0839897566205085 0.008660193477534838
v 0.48454909822043035 -0.3220869403592907 0.08466972432680384
v 0.49836455518216466 -0.34691255851856306 0.07703988768893445
v 0.507853386989974 -0.3753809247668885 0.08045351031692842
v 0.5270338880934402 -0.3956184152854901 0.07306027793163117
v 0.5350309133794717 -0.4207330299033505 0.08339117401170451
v 0.46124605089462356 0.0775523983684209 -4.045971247706483e-05
v 0.5179821360408552 -0.39076595160104965 0.08010152407744361
v 0.5287004683105159 -0.4231064378450741 0.07679739044405146
v 0.46974528351211176 0.07774266196583807 -0.006547931851851128
v 0.48329307049604975 0.07406427502715245 -0.004714376870551297
v 0.5132236715201077 0.07132139393138442 -0.01722941277918456
v 0.5318362289792938 0.0690107353204661 -0.02918655955091733
v 0.5624835441928118 0.0651433843652236 -0.038358439622922076
v 0.583963817099894 0.07031575672944503 -0.05064364867623505
v 0.6690948399670871 0.06327833232383055 -0.0748771734161618
v 0.14036074061262585 0.3055460008111319 0.09128399764948872
v 0.39216305634175164 0.7476060513552389 -0.12269917355178736
v 0.3769007753942682 0.7617616126474139 -0.12174411543453548
v 0.4020017411196598 0.7159014322999151 -0.11855086280095774
v 0.39222364128545356 0.7391234544945713 -0.12814859899375064
v 0.42263393846775754 0.6841468022430582 -0.12142245722323775
v 0.4110820623681592 0.7031747807360236 -0.12391599340361109
v 0.4484563100638248 0.6368074888550221 -0.12605774288052465
v 0.4593487266272341 0.6187213395142429 -0.1167750184439148
v 0.4542122808234809 0.36373174160232746 -0.06133866515989838
v 0.46352286434539824 0.3841040007129533 -0.07358502588431946
v 0.4798009457399917 0.3997979915450418 -0.08341548388782125
v 0.33118239354753104 0.7756859360923696 -0.10830586088162701
v 0.4655734925403173 0.3821526227938158 -0.06734006593708197
v 0.45490854866797537 0.36595353930057156 -0.06329073731991418
v 0.3739513440237275 0.7854609315606714 -0.12320217280217532
v 0.3818105522710022 0.7627797232053032 -0.1207806895841582
v 0.39521814983433373 0.7346259505278676 -0.1153267191847574
v 0.4077116226359869 0.7076763500847376 -0.11663385548901282
v 0.418649809752258 0.6816017853083504 -0.12525059587915707
v 0.4418107305399199 0.6554118651240368 -0.12831211940717166
v 0.46956365199479094 0.3887515917672803 -0.07176545612050673
v 0.4601859427982015 0.3827551044482174 -0.07006018684114754
v 0.4866959541127752 0.388907434384759 -0.08186797694770391
v 0.47356937922816733 0.3915709454278174 -0.079223666988736
v 0.16606760350025138 0.2555465129836105 0.08250517726352959
v 0.4290581676074624 0.3210300841400126 -0.037460613798170776
v 0.4313835577161159 0.33079536210470767 -0.03854897135693999
v 0.4423450112492078 0.35205819837899094 -0.05638455898248727
v 0.5569775410548528 0.07104611465371902 -0.03761866216635066
v 0.6109576729431844 0.06447356541841773 -0.05551419789760291
v 0.631275696710098 0.06472967694721862 -0.0685071198921682
v 0.6688354022308091 0.06063289797525874 -0.08067051128283408
v 0.5607055975970662 0.07135592441254957 -0.03777160131193272
v 0.6154757520148532 0.0662295246343416 -0.06104069418520651
v 0.6528766205700166 0.06363109770333367 -0.06959023379281584
v 0.671680760172487 0.05908550216224603 -0.07577516090066129
v 0.38239132252884606 -0.1362114835975911 0.0767204538455794
v 0.46170980785799526 0.6170978414424312 -0.121125568411942
v 0.7750615718801624 0.023161282236278866 -0.1201244863858399
v 0.11711499749743556 0.6576137327584622 0.014675251326669709
v 0.5809069372130367 0.06794742159879802 -0.049090831749994464
v 0.45541257003337643 0.07701519066867432 -0.00034132979880989553
v 0.32923863024274774 -0.047248953010468414 0.07974888387171274
v 0.3973144368129807 0.0812661191862741 0.02791905666283219
v 0.8536864056882967 -0.13631751365194067 -0.11623104564260595
v 0.8527219027775503 -0.12253995443425544 -0.11675148125275152
v 0.8167541532019665 -0.3278085379898111 -0.05864763133473988
v 0.46127977870738857 -0.2891271131717563 0.07621728922096624
v 0.48707290380690943 0.5565723536304609 -0.1220400821765135
v 0.690323112792191 0.08090340303649829 -0.09352410211323188
v 0.34922896323357844 0.09696111911881738 0.04776062556877657
v 0.68607213099244 0.08750506721815907 -0.06795134628632615
v 0.6211593365126862 0.24680461760531186 0.055513839798148015
v 0.6668214853551588 0.22807665417957193 0.03399791789618584
v 0.6882635382393093 0.1885947136818416 0.005841646686567737
v 0.675508745585193 0.20474514036276606 0.018615861992370215
v 0.7057272023072072 0.1616876584962579 -0.01747418690196295
v 0.6214030920798667 0.24578100215492427 0.060886919319915536
v 0.663138340717837 0.23795831400168907 0.03975965826041609
v 0.6664398043366816 0.23056230418133758 0.037270672350275445
v 0.678221403779286 0.2142578140711711 0.01897927996294298
v 0.6854183078103159 0.19648829847552193 0.007543932006552748
v 0.7109713080279013 0.16897370933319644 -0.012755536579217401
v 0.6035504696639599 0.24237053117220975 0.05862240547401959
v 0.6777070719382696 0.2037428706631523 0.021500039828015034
v 0.6993920719754032 0.17992805604170561 -0.0026371410711014884
v 0.7078069226376817 0.12202519181313327 -0.0395779598887046
v 0.6725135093900834 0.21359922995248434 0.019501736851781252
v 0.6835450922036085 0.09922463939334158 -0.05701036415842373
v 0.702653649282393 0.16889017582504376 -0.007376467619621307
v 0.6967985459479318 0.10584574631058177 -0.05303281757453499
v 0.385311093228197 0.08402717235655657 0.029687944376576403
v 0.4061241960610902 0.08410796103380756 0.020328289061152003
v 0.42529189997440825 0.08048053119305668 0.014121113354116765
v 0.46348775752685933 0.08032739395736413 0.003070231379211068
v 0.4875789314849898 0.07365607742303344 -0.01318703642984769
v 0.5042801494836716 0.0750893470260858 -0.016866261502344916
v 0.5188479807924515 0.07372994842824053 -0.017381947141302936
v 0.6323351531244245 0.0647873641786583 -0.06706369302032429
v 0.36295298282394967 0.08401785019029806 0.035609566454540456
v 0.44517317461981903 0.07554822759360896 0.0023661419801781387
v 0.4985105416925871 0.07591781393610682 -0.015288990129725476
v 0.5282698592107489 0.07453845626811369 -0.020757153794537662
v 0.636344199587693 0.0636580539369435 -0.07058793943218418
v 0.38638357608118945 0.1181100050644085 0.0533003902339253
v 0.4021081488708254 0.13194041874930842 0.05575531802722998
v 0.4192955682075237 0.14113755866472721 0.049967309184298966
v 0.42872638363131704 0.07955430864959186 0.01060190559842513
v 0.43600230513957006 0.14921586015698424 0.058125661821542426
v 0.45989817278965434 0.082814717150596 0.005952211372357057
v 0.4546587896259445 0.15473006384172064 0.0549057120613131
v 0.47128005007479784 0.16585733932106733 0.05720306010283951
v 0.4837930755719011 0.17952859750334316 0.05862710793123251
v 0.4840365195576993 0.07037918338223427 -0.01689718179379326
v 0.4937110414935889 0.18194394265514796 0.055718491824703835
v 0.5082194285661954 0.18329153518595728 0.057464755064229954
v 0.5036967636421255 0.07766602425756891 -0.014720463935910033
v 0.5129339625030933 0.19488912358043511 0.060200993824064644
v 0.5242254695060584 0.1979518060484838 0.0566006994947912
v 0.5251715407675982 0.07477071633422153 -0.018907020086905566
v 0.5425843394336255 0.20070030097150976 0.06187217264916113
v 0.5540173969959324 0.20889861155234238 0.05109658967433919
v 0.552489296783813 0.07058515052455225 -0.036198985943737626
v 0.5694758643115095 0.2173127371339186 0.062314976044277486
v 0.5863328415475514 0.22132057493264432 0.05866951837302824
v 0.5979812689124152 0.2379426057344952 0.05546092943944525
v 0.5827845220218184 0.06836813159250105 -0.045482147600932755
v 0.36123437797335856 0.11101521272234781 0.05681857669416674
v 0.3846936923704066 0.11814586225795204 0.05413437812807108
v 0.3936734434300144 0.07717543740966448 0.028635759821533904
v 0.40719676339884714 0.135146578496052 0.056005591821968265
v 0.4212471848483774 0.07700019891174195 0.014403218495198556
v 0.4322607740152987 0.14051713448035294 0.05717406161863916
v 0.44170278681509 0.07584279847682161 0.007781474508555547
v 0.4512215454192615 0.15797653603413578 0.060580984048717985
v 0.44787631263540784 0.06956701091564692 0.0047514551570212935
v 0.4649999856688702 0.07559562180051334 0.0004290420212601803
v 0.47364432109159244 0.16976837658227895 0.056147598275071695
v 0.4713946721950345 0.17114023011040685 0.05154050399183895
v 0.4897057115992238 0.073978349330501 -0.006978757589124617
v 0.5022773011324676 0.18116833024148188 0.057571816625343164
v 0.5168471921029458 0.07034792383163906 -0.02293660422520649
v 0.5218753960450967 0.19535427580197143 0.05587900345060596
v 0.5360829318790985 0.07347078312940324 -0.0319062368689667
v 0.5434134118691213 0.20088503245292383 0.061996013161836665
v 0.5411053779538175 0.20531332050779524 0.053798147112273056
v 0.5519586055162703 0.0714562805177208 -0.0321764282158971
v 0.5714045219018892 0.22423168026430723 0.0572012631220136
v 0.5701156093562275 0.21610373542222333 0.054526246048026486
v 0.5915631633412078 0.06515665959630536 -0.048620117633034955
v 0.5950653396510621 0.23066901674799337 0.057537549288855
v 0.5980839784955643 0.2338310233900824 0.05527803851965846
v 0.4827135441716714 0.07192800806562612 -0.003941011614511797
v -0.03892934478658607 -0.17530991168787355 -0.09716731577788852
v -0.03267007230509878 -0.14832284926097147 -0.09335920806978544
v -0.021054819211890664 -0.1244811390967214 -0.08316144477401874
v 0.034726138709286876 0.0072498974790296215 -0.03268486304243347
v 0.04035011761007658 0.036241342419040125 -0.018335705420145336
v -0.0303607897137658 -0.14445458970612562 -0.08885699352448578
v -0.019082481107189738 -0.11094946584492876 -0.07949903696847348
v 0.0003665617966865547 -0.07098548046022897 -0.06695198810205943
v 0.020114491295759724 -0.02524045969277545 -0.040376793606877834
v 0.03620468502622166 0.01918077801115142 -0.02844951408449875
v 0.048601229420905064 0.05403997622810211 -0.015573286090043164
v 0.06258857182821051 0.08678385917521396 0.00043897648917741623
v -0.690645635485386 -0.5089114021407752 -0.08277312641122066
v -0.6748497618682211 -0.5029800967522075 -0.076776361429233
v -0.7339224387124182 -0.4821707784081448 -0.06248139556186179
v -0.6906116634409095 -0.5093484519584648 -0.08863967407494855
v -0.8298975861161572 -0.27918772283503984 0.053558348404727736
v -0.8259099274664135 -0.21800426021998262 0.08106579691718753
v -0.8100081543002164 -0.32648699784037055 0.029376684107746222
v -0.8201062661586651 -0.3116245269164192 0.040498890107378865
v -0.8291958789575694 -0.29071138532511004 0.04470986501716281
v -0.7979250810132876 -0.20409667165415923 0.07722086581231291
v -0.8036859718638494 -0.35189614176172923 0.017826271064391414
v -0.8137003451414131 -0.3268457260789174 0.025860793554493507
v -0.7873200536756861 -0.3776323118480771 -0.0036743824000000725
v -0.7882061869465186 -0.36376216765888864 0.011602784900893297
v -0.7676611803823566 -0.41096736619788526 -0.024873263864770952
v -0.7717141495742559 -0.3986458694256225 -0.01856894078532445
v -0.7448199256707266 -0.4650884164438606 -0.05486230651137058
v -0.7479912169586912 -0.4427889520247664 -0.04101666752486439
v -0.758958140175962 -0.4275319964155992 -0.030661565263640073
v -0.737946341512228 -0.4701216881069625 -0.05294008506905472
v -0.7476771824448953 -0.44768883016860456 -0.04590786470825845
v -0.5530941000389802 -0.2750642787666366 -0.01246139985322357
v -0.5619673527137616 -0.26863635395960805 -0.006998935973960056
v -0.8382468641437334 -0.2778236058725325 0.05746834479284051
v -0.8273872362609093 -0.2869481468319265 0.04241379115453579
v -0.8418664203012541 -0.28449184215133094 0.05689161650783635
v -0.8218660190769289 -0.30168196106534473 0.03906355802358631
v -0.8159756815006574 -0.32085060879715893 0.028394561545518993
v -0.8046782992989422 -0.3474373147814909 0.018077333437308434
v -0.7893635062592782 -0.37061025961846067 0.010224864401189134
v -0.7771883023134237 -0.3881417513282681 -0.006494241804707859
v -0.8064913855371475 -0.33926565343178006 0.020816438453756317
v -0.797657253960029 -0.3605828000022954 0.009421672058028052
v -0.7812287140295281 -0.38199507888286827 -0.003194355493227307
v -0.7704529852409195 -0.4009038904951359 -0.017355998889743693
v -0.7634246713683382 -0.43264684669135783 -0.030520469088488242
v -0.7518677417348891 -0.44589046994152026 -0.04084421718832469
v -0.7656021405527972 -0.4190623659116861 -0.03072418299047588
v -0.7519502588539386 -0.4426125728616255 -0.03682831222050722
v -0.7464690907763107 -0.4574875510877493 -0.051524062628159895
v -0.5567423846325561 -0.26425722365012144 -0.004849279212181583
v -0.5499712905830885 -0.27868561022085103 -0.016820382193854615
v -0.5253150827312867 -0.20364579588797982 0.010788172703935861
v -0.5106620730033282 -0.1799065823596996 0.023751122919235066
v -0.5188454833935 -0.18840694312075448 0.017512832334381095
v -0.5588431291803824 -0.08631019852035467 0.08089959058419725
v -0.8117423713204949 -0.21295536235311943 0.0784778554797513
v -0.7839266635332492 -0.19856917414312866 0.07896999650603215
v -0.7697318017478383 -0.19182570211111621 0.0813118623998524
v -0.7600961074694936 -0.18980565251698167 0.08043199787355558
v -0.7455037444734731 -0.18231926411585977 0.08168182894478197
v -0.7483757467083574 -0.18272812504137068 0.07898020497965226
v -0.7297904467882936 -0.1773109839558125 0.07871494519091533
v -0.719680155705818 -0.16410580204949612 0.07998678646157564
v -0.7017643361888426 -0.155989138089292 0.07978607111507294
v -0.6916012304684265 -0.14600677913063728 0.08137147426455336
v -0.6627117243953314 -0.13723310083335882 0.07626699516203256
v -0.6512296298531807 -0.12813917274617537 0.08113526769618361
v -0.6440090648372655 -0.13150340081250414 0.07499274416572724
v -0.6373432222644227 -0.11853740539654865 0.07804648049328473
v -0.6216146458939313 -0.11687568702759558 0.07801474356906109
v -0.6037087817272162 -0.10514402670564678 0.07396766261843606
v -0.5838733220074668 -0.08709129306811128 0.07811965688601451
v -0.5659149487567385 -0.0814870569017521 0.08161779860689057
v -0.5465694555229277 -0.2487123498339607 0.00013464204700038593
v -0.5353260820607821 -0.22533689430462517 0.005184355295898866
v -0.8385844906710727 -0.23052779994824782 0.079679174162507
v -0.8125358964800626 -0.2119299310484442 0.073987589681034
v -0.815470164506427 -0.21460800244108058 0.08032540334463864
v -0.7919032999943995 -0.20681159396522458 0.0794166272104117
v -0.8010393798617932 -0.20961499741383546 0.07970036329261262
v -0.7711276852509283 -0.1941895614122367 0.07751105065794599
v -0.7751018429499503 -0.19511182445122696 0.0822024850106382
v -0.7404480608062836 -0.17539671119702588 0.07859471646014371
v -0.742286157798864 -0.17900887805084745 0.07612805435148991
v -0.7170077801815081 -0.16376741349054746 0.07710807908911277
v -0.7278301708962874 -0.16871510500581569 0.07655488438456974
v -0.687554954468619 -0.14618157356991737 0.08287641504826443
v -0.6999188940873566 -0.15190798583110784 0.07800675586786698
v -0.6680904782336372 -0.13868008926503925 0.08042631669960569
v -0.6698741425403751 -0.13833115982446864 0.08016793828653182
v -0.634669901776978 -0.12234108611459224 0.0801263327188849
v -0.6425094974305482 -0.11881395536469602 0.07878592134142227
v -0.6073381522287794 -0.10220182307240405 0.07585502535999226
v -0.542450077850137 -0.23914380504458693 0.001863591321651645
v -0.5501587793828091 -0.2543688150226547 -0.0017475135855622476
v -0.5768720069622943 -0.09108691529482141 0.07687501135114554
v -0.585582731549211 -0.08769651561328358 0.07565753485190684
v -0.5556876174910125 -0.27123165311230857 -0.00640614782863216
v -0.5199638108184998 -0.32352965880582824 -0.04558598252455538
v -0.5331364468703799 -0.30836733109046116 -0.033706297030965865
v -0.5450794049492772 -0.43001147974211706 -0.08284653150298715
v -0.5299669707618564 -0.4208948338304491 -0.08580232332212592
v -0.5114456161202491 -0.357706339197307 -0.056775664166848386
v -0.5175277514463705 -0.41519610663707796 -0.08443625577532174
v -0.5495636852412881 -0.4324453232774354 -0.08447525425717839
v -0.5536228333254729 -0.275796431263264 -0.011900814511510089
v -0.5231710813089029 -0.3304997191886848 -0.041945449921321966
v -0.5106856405419843 -0.35481108263377614 -0.05688738601752454
v -0.5123261833703643 -0.41215309133566047 -0.08229507994711668
v -0.5208828392648163 -0.4189177807990995 -0.08679204147695802
v -0.6672527263913929 -0.4916967405285594 -0.08720456776884573
v -0.65123366303431 -0.4841201667949724 -0.08382054993722522
v -0.6302815957583741 -0.4751811205231506 -0.08464848354826622
v -0.6705620691251842 -0.49337196237393666 -0.0795644515199403
v -0.6323288512431497 -0.4736108919548426 -0.0822744250633669
v -0.6373054624667912 -0.47857366592512207 -0.08710625579347964
v -0.6127743286958023 -0.4652892863853018 -0.08253697642636187
v -0.6020114761050267 -0.45431648671316455 -0.08116804852782766
v -0.5818325222554274 -0.44970630984579263 -0.08172360461092755
v -0.5371269895053102 -0.30607650393999186 -0.019744911730358878
v -0.5504238439492105 -0.28829057387033136 -0.008537849519681354
v -0.587134531334165 -0.4494743026530754 -0.08374614774098763
v -0.570440141537566 -0.43730254358005183 -0.08211500597540257
v -0.5519906563283252 -0.4334225707364086 -0.08211901336577054
v -0.6290827176193614 -0.47535309987039204 -0.08493954685182321
v -0.6084403316563127 -0.45998169773011377 -0.08939594169882256
v -0.6168243862228362 -0.46795502394868904 -0.08573697912286284
v -0.5787201536766884 -0.4479313303010948 -0.08293624251991788
v -0.5831587737638868 -0.4535365028961775 -0.08476808986502143
v -0.5400463285808733 -0.3023470308488384 -0.02613445713355259
v -0.5539422759751841 -0.4303661863327792 -0.08177921672470695
v -0.5323795672583611 -0.06072581484009891 0.07610900562140205
v -0.5144269154978353 -0.05943870123874807 0.07967533755233383
v -0.5585488595191085 -0.07250096995249221 0.07940280138752942
v -0.5371911015678396 -0.07437448718491475 0.08461766565092374
v -0.5501259890575217 -0.2481326905410239 -0.0009854428574046145
v -0.5311732085732479 -0.22500128781757836 0.0045655686275148846
v -0.5236989345013083 -0.20394293446424402 0.011493606400415364
v -0.5143524138873196 -0.17723433083373405 0.026146024055452997
v -0.4996809608089166 -0.1565099779495501 0.032205220386843154
v -0.4900222015789811 -0.1395686506791903 0.04019477245814414
v -0.4776580914471585 -0.11697002914640861 0.04342790998439789
v -0.5124122434883754 -0.17538808535813705 0.02291829678352202
v -0.49824095834457316 -0.1573937238780222 0.03739597556135156
v -0.488519027356436 -0.13038536411994026 0.036682491302067
v -0.4759946686955123 -0.10818061578121362 0.05291375549745419
v -0.5273865206643515 -0.20742692523390574 0.015390281588528185
v -0.53423321179509 -0.22654768522339644 0.005919539410682845
v -0.5073511682595916 -0.161743228689817 0.028848791353633683
v -0.5163126084907499 -0.17994821231280483 0.026869860904814667
v -0.5208229944080667 -0.2009490998582027 0.01496730441086161
v -0.5309922888634534 -0.06807467168513878 0.08274718153261239
v -0.48227875675564563 -0.12312615552424071 0.03480139895825705
v -0.48879990781536686 -0.13813338354683216 0.03347622836447966
v -0.5010321975084856 -0.15846163166123942 0.023412002442761946
v -0.48244908545429693 -0.11792417081752297 0.042331526693641444
v -0.15533701017614854 0.13301315558958962 0.08306599555932777
v 0.010386334492959422 0.22453734416632123 0.07739330054806551
v -0.45633941281596285 -0.02366385519018002 0.07731154717806171
v -0.3994985246909071 0.005734049442436834 0.07816609658035621
v -0.18688417688194917 0.12208253885617829 0.07983424171503663
v -0.15970667607692526 0.12997898113628556 0.07781506451738386
v -0.03854547833489344 0.19348140848924367 0.0820416925750454
v -0.21064820223307712 -0.13306823037651447 -0.03650549801472494
v -0.19173141114943246 -0.17145555415424313 -0.05457753276328587
v -0.1725364050563687 -0.2203332465303749 -0.08220871770607292
v -0.18518206775839727 -0.1967957784438056 -0.06773094095914993
v -0.1282507071203208 -0.24145208218026187 -0.10563894736931217
v -0.1156611928912257 -0.23458056343225414 -0.11123778406375412
v -0.08432501233017814 -0.22189825991958734 -0.11288062622731408
v -0.19716961524357432 -0.1618502626984891 -0.0508462770560971
v -0.18377947836624972 -0.1923485314980074 -0.06296206166614203
v -0.1743717614304456 -0.21539462486378616 -0.07100104987640435
v -0.1608388613526549 -0.23159558569944744 -0.09165675403303059
v -0.1749878644471389 -0.20620085517443562 -0.07612107705114819
v -0.1583293114919264 -0.22858598129194627 -0.08832780430518757
v -0.09330134004180941 -0.2306922087246528 -0.10923232838615007
v -0.10326102798321363 -0.22616313549533346 -0.1109134980282907
v -0.4349462460897067 -0.08636732805564185 0.048069836637173
v -0.4331811600881429 -0.09287759046018018 0.036667919684642294
v -0.41159567923533064 -0.09443839440173138 0.03849156956034487
v -0.3852028922631959 -0.10098698255080257 0.038215948453356643
v -0.3202155532475339 -0.10565303062261716 0.007700507235719978
v -0.4482920531810753 -0.08741371263427507 0.04922521193085851
v -0.4191508335643309 -0.09370455499350043 0.041112944108765564
v -0.3824452745676407 -0.09280516673659803 0.021903459226227835
v -0.35994712375598287 -0.1010105507682163 0.02480524049394904
v -0.34340253095752854 -0.10340205663288742 0.014409259411570272
v -0.35919369316376265 0.031360293057349165 0.08363620185768443
v -0.3284218865019256 0.04127686194750249 0.07848196944240017
v -0.2971893333124578 0.058142707701631866 0.07842200571141203
v -0.2662559001752769 0.07103690549133038 0.07525863473297699
v -0.23301186416756567 0.09070709770235605 0.08222701839594498
v -0.20719409812997244 0.10168667257633006 0.07927101534409753
v -0.2005547103598924 0.11218383555249657 0.07258916606312202
v -0.16992845089358852 0.1283626386000717 0.07881208034902021
v -0.1522622799193478 0.13910720494932188 0.08079655615441972
v -0.13268439832108236 0.13929119901953105 0.0762562079332569
v -0.1175267999699573 0.15307831569905664 0.08147428121088349
v -0.09643149240862083 0.161595698061432 0.07726933350380163
v -0.08519081389037346 0.16842774669116117 0.082568408285074
v -0.06463263820463569 0.18127256768120623 0.08156888000042153
v -0.04374604570557501 0.1969074573928528 0.07682737004964331
v -0.028849400433352365 0.20726180354292056 0.07960929588969894
v -0.017737809738319503 0.2006748595902571 0.07859045438560183
v -0.0060529768768985545 0.2142704644911803 0.08100056156434679
v 0.010046769325947282 0.2252807853186545 0.08120016377251953
v 0.02850416300192173 0.22818852679101648 0.07587327872086018
v 0.03277003422200572 0.23254495797099972 0.08275507649853131
v 0.04192872954293662 0.24802945067585713 0.07802591529310879
v 0.0686169831509449 0.2510199919886893 0.08032421389354706
v 0.106088997786011 0.20377651151474285 0.048908292530484405
v 0.12172874713077009 0.23058268186188882 0.05978053848589205
v 0.09486904068197678 0.26852256289810517 0.07615792601937017
v 0.12186849735500671 0.2264149473465709 0.051459865983074865
v 0.1294611155179765 0.2504955090349137 0.06355165010308125
v -0.338786035843502 0.03721635178767611 0.07848470335222524
v -0.31004767147428364 0.0536072251417641 0.08747790582457705
v -0.28710693735978177 0.0652020774600525 0.08155941557921488
v -0.27188467210846884 0.07884679518682018 0.08223285471689773
v -0.23601299488238853 0.09197632454734879 0.08312507220325079
v -0.20637519495440165 0.10836873960561631 0.07858322335437734
v -0.18839054946819786 0.11221296450889343 0.07857271615631294
v -0.16394168063246278 0.12970775998711487 0.08514055348542081
v -0.13533496178036847 0.14299811008663002 0.0787999100526016
v -0.10694797082487555 0.15988340593451142 0.07968708457484026
v -0.08817857083668772 0.1742348902094062 0.0835363022727073
v -0.06871847361281093 0.18155442843480446 0.08016876155517492
v -0.04384773859578308 0.19792866752527696 0.08312418795911515
v -0.011381738347030967 0.2047316150075204 0.0805641979722718
v -0.013295472923471375 0.2103637873492682 0.0817663804684307
v -0.0011671124458463153 0.2166476840549668 0.08033930273222474
v 0.02786365928933428 0.23352104206363414 0.07295598912588404
v 0.01431668961209443 0.23120243540209146 0.08061339507019247
v 0.04620079937480043 0.2449355074692704 0.08012792284833137
v 0.0471398769447408 0.24358675486767972 0.0798951609389491
v 0.07644980872679122 0.2566147125761897 0.07921553729814879
v 0.07144994344305929 0.25332293358631164 0.08205137810375407
v 0.09406743250952894 0.26647800377383996 0.08287813206495456
v 0.11990086266420623 0.22067778058943305 0.05995638109251872
v 0.13070497794006072 0.25515378255824467 0.06182297327745749
v -0.21918228648707275 -0.12383673224524774 -0.018218733553179555
v -0.2052438816658838 -0.14754740642788808 -0.04653805078652897
v -0.2102280788383588 -0.14840317296096484 -0.04296586780038509
v -0.19179781443473884 -0.17846138577950865 -0.054574273953994244
v -0.07448478366829536 -0.2140119664469521 -0.11597915265823074
v -0.044526600537258716 -0.18408849741903155 -0.11048891993740456
v -0.0359321670420692 -0.15646587437726 -0.09168631053903208
v -0.028208544364455603 -0.13096496077156908 -0.08497530365505496
v -0.01722781178267893 -0.09747185824981876 -0.07589504370285557
v -0.01532240819066736 -0.10629314450341946 -0.0782238299928262
v -0.004666787489396982 -0.07765131054731104 -0.06212051586659274
v 0.008780655069214719 -0.06303274647035044 -0.05396711464080808
v 0.015086175573967672 -0.036730410278248464 -0.04360815152631319
v 0.018145996400567743 -0.0040383096374772 -0.03748757445191128
v 0.04144835158599329 0.011301884487624425 -0.027391711563128224
v 0.04220810781166705 0.04321077539053218 -0.01862744515533887
v 0.051205416851721 0.06098775293117223 -0.006072380796054967
v 0.0605899230899458 0.0851157762361744 0.002281392762520687
v 0.06679636571166485 0.11137260752798399 0.009543735666773415
v 0.053637342391530646 0.05956302815317779 -0.009458025254583646
v 0.06513105987318112 0.0867145275910683 -0.0003498181074511761
v 0.06950210224125863 0.1133661671588886 0.011979010375318212
v 0.08108766212906676 0.13631892525560113 0.014373335748290427
v 0.08863535343488563 0.16152648748107662 0.02701833735709032
v -0.2149177469659127 -0.12316594133875616 -0.020139587959015756
v -0.21033914554970298 -0.14508350236812276 -0.0320356207219049
v -0.18653486743691425 -0.18767883056305704 -0.060308765523967967
v -0.07912562660436642 -0.21877033276600144 -0.11292401934601679
v -0.019290788110034846 -0.13719919974754527 -0.08237578645689152
v -0.03373093223422822 -0.16674271139703814 -0.09934328838241224
v -0.04723570733427944 -0.179622451733558 -0.10785204402110182
v -0.015077604565006624 -0.09793690940347367 -0.07760462246938908
v -0.021204781541159894 -0.11988304371024674 -0.08190053715677763
v -0.007959870218691562 -0.06910754394450457 -0.0583546199462122
v -0.006287732750473332 -0.08732618218692355 -0.06994249131935541
v 0.019045263980737203 -0.02961118738735603 -0.04741838073709083
v 0.007553251065932711 -0.05334414442425413 -0.05159653780103935
v 0.031904709310304466 0.02280101267642037 -0.028196196286594536
v 0.0309670536785119 0.003253488360383429 -0.03346226007039051
v 0.060053746938753795 0.07762172415256101 -0.0036859161052950197
v 0.04842304354312008 0.05846219628264174 -0.007084521900630048
v 0.04060458610910727 0.03709483824336653 -0.01681660435518983
v 0.06561736953428553 0.09421377036392564 0.004294808423053551
v 0.05408306718516174 0.07525732502855279 -0.0009407727586057896
v 0.07540351150107197 0.12422762520640179 0.013400114161485486
v 0.07194745405546331 0.10202968370762111 0.006462348222732904
v 0.09736028403134266 0.16064865429545788 0.03173017457094664
v 0.08439339526890884 0.14678424241781177 0.020647394522561785
v 0.10087016986540144 0.1896763336927219 0.03583780867660204
v -0.45616317730442163 -0.025405558113125365 0.07760296116330014
v -0.42788705736131305 -0.020056324886885513 0.07616587946243868
v -0.4126175476306133 -0.0026098686280127824 0.08298743708096744
v -0.41416614565275345 -0.09905718112165865 0.03542894933687069
v -0.4116908019624206 -0.004161555232640918 0.08476145578462423
v -0.3951197587437371 0.008534130452997555 0.08196399498660041
v -0.3877262199406492 -0.10099401205148661 0.0331776186599661
v -0.39527288182412423 0.008139602400868967 0.08211878282335466
v -0.3727776907134962 0.018752157266245517 0.07969141384664426
v -0.3621813101572738 -0.09948183595236583 0.019344347904350086
v -0.3535452758353519 0.02898628917268514 0.07716619175445866
v -0.34498490749200134 0.03196147173737252 0.07716393154219436
v -0.32649293652924466 -0.10490382099787059 0.0018833537734348864
v -0.3064053081287167 0.05429337379945602 0.08416234158151302
v -0.30141483129335134 -0.11058928821843135 0.006747319155596552
v -0.3085219766746528 -0.11146309327953073 0.0010094711662245932
v -0.28402003392427727 0.0638476164780875 0.08015181472570744
v -0.27856487727816437 -0.11295705762211011 -0.002815775907574578
v -0.2795713907163565 -0.11279569763915945 -0.0017803323452008368
v -0.25891989588726344 0.0810770436031762 0.08504538975626724
v -0.2503651204944875 -0.11550358544020185 -0.010067993208529476
v -0.23095703307930524 0.1000030776574515 0.07827069281194135
v -0.21915197928262112 -0.12162919793486192 -0.018776040605788694
v -0.22213270811956073 -0.12127219183927344 -0.021818259225750872
v -0.18475376438340885 0.11588360490162547 0.08278102724156138
v -0.21999375035712843 -0.11790912994520887 -0.020645858419776814
v 0.08230336209461295 0.14166894557679544 0.017359670863260915
v 0.09718174566951675 0.18222823745835395 0.033171694955655674
v -0.46691136388807863 -0.033780977244455924 0.0821163793385473
v -0.43446578199049735 -0.01777181765624849 0.08005762695466924
v -0.4421895531003811 -0.01702750657848167 0.08147080246883226
v -0.41170611235451904 -0.000907055022145757 0.07319724373646776
v -0.39276178995639055 -0.09997088396324444 0.029909826907843894
v -0.3860179346979275 0.009832856166193758 0.08405444731799208
v -0.3914249130967799 0.013089676894466898 0.0807851818792101
v -0.36826542128285406 -0.09923912759953907 0.022409647028471803
v -0.3728691723408805 0.020587330520005345 0.0795045212330955
v -0.3804421238909668 0.012002361587659627 0.08082811138676392
v -0.3527032341791521 -0.10481484567380847 0.018829064406741793
v -0.3456330223462309 0.03755447109575972 0.08185451791029749
v -0.31186586276158734 -0.10308669066882102 0.000751370400796674
v -0.31599991926688736 0.046347704895744885 0.08194752764491667
v -0.2871458964201879 -0.1116375027854426 -0.0003781501455603627
v -0.2755232300029791 -0.11335304471405327 -0.0014924854825583275
v -0.2905797789089818 0.05733407510219979 0.08283845149701954
v -0.25938445349911843 -0.10937404894509024 -0.018313929424234494
v -0.24784440029566548 -0.11417576956206427 -0.011560279565478195
v -0.277181841890808 0.07397703280597646 0.08405626005162341
v -0.2389156865834082 -0.11664487900203185 -0.01952780682822631
v -0.22427883526553477 -0.11560700398911182 -0.0186214690581221
v -0.24199547016725295 0.08640866318911333 0.07650214336172573
v -0.22290326671880759 -0.11679052175008679 -0.024370864980787367
v -0.2099827301662231 0.09938535737794461 0.07426690000670372
v -0.14015148826862128 0.14813644464887413 0.07637018136515003
v -0.11204254748123403 0.1623249634153639 0.07768021390019043
v -0.09045772161969926 0.1676098549851645 0.0810386018913027
v -0.0769221879799737 0.18078825588693406 0.07899292655018451
v 0.08460743176494474 0.14265723349019258 0.02546823256877685
v 0.10561891286638257 0.18341373855527623 0.037776768609366254
v 0.10882572226182094 0.19921782692044263 0.042140665315530186
v -0.35026620317912227 -0.10728406419005225 0.017248476903795128
v -0.5037435685525502 -0.36448322974939146 -0.06084836762022624
v -0.562783812674593 -0.08438922083091814 0.08272695488291602
v 0.030739800215586796 0.0010528599486253555 -0.03439511355119988
v -0.23174237390704236 0.10111916274451303 0.07569081147910516
v -0.6579355738966285 -0.13442735874116954 0.08078219935053875
v -0.5420885392255321 -0.42420722899419866 -0.08221108266202441
v -0.5343261509833288 -0.3028320858833059 -0.02558404556204392
v -0.021408789499626445 -0.11634721587344604 -0.0725813389861656
v 0.054137389137813886 0.06139586559115385 -0.008862190781301734
v 0.5998530141570766 0.337015199971821 -0.0062500385467035065
v 0.614049173547548 0.32617732840783614 0.01220598257245121
v 0.6190277835125843 0.30688367870178246 0.02456459080095725
v 0.6264877945769213 0.2476695676350139 0.04885586922533718
v 0.6333500890224829 0.2929414180421612 0.024837091408991596
v 0.5115700194064714 0.388861891735079 -0.05563386175600714
v 0.588148839416636 0.3614197712644915 -0.012731345608832954
v 0.6257133789672422 0.3018029525226566 0.02426254316823196
v 0.6066019139586957 0.24107800171658195 0.05683813100356495
v 0.6255171819303605 0.3032229779238569 0.031095099884783445
v 0.6207273122496114 0.24714206953949566 0.05913430026458773
v 0.35109279584462433 0.10058377267548016 0.05243349090840477
v 0.3474136574835613 0.13371187799914533 0.030102263980127334
v 0.40304804321244386 0.12555846087334077 0.05599216115163106
v 0.42071819700399765 0.14184995656673322 0.050895541133818986
v 0.3804808458963185 0.20517864717078374 0.008834264902156096
v 0.39610160305284525 0.22990354617226458 -0.008095211981019028
v 0.40425189963520186 0.2617323093697403 -0.019226727073333564
v 0.442597327166619 0.14349627510719157 0.05236477140287724
v 0.45628431582461176 0.1617388080646025 0.060577929957887404
v 0.41956924906290494 0.29381493583239127 -0.02270672183541269
v 0.4333867769787136 0.3205175131487279 -0.04910628889765906
v 0.45581544723858136 0.16100760330582378 0.05560486785855299
v 0.4691886136245927 0.16378531831394347 0.05684664505282255
v 0.5010524128680474 0.18307611158524445 0.05708556518119625
v 0.5171968451283389 0.1908694485371739 0.06190348293029665
v 0.5253105100335295 0.1970353422193832 0.05672602700022758
v 0.5414716780279891 0.20066873870954988 0.05770327447802268
v 0.5664039848383523 0.21847093574069026 0.06169677119236278
v 0.5890048628334391 0.22810347291428926 0.05612090046194194
v 0.34665672772977996 0.15008628132673663 0.03351282369747249
v 0.3951671762555699 0.1251408229654915 0.05749221924359739
v 0.3776582411306631 0.20881430950513713 0.0031982265324801253
v 0.42225839695215245 0.13855777336575223 0.057317241741945114
v 0.4187017949044143 0.1352903942519224 0.05338340644755024
v 0.3814364558539618 0.22283664123869226 -0.001105857023710254
v 0.44571652743512324 0.1496995633552135 0.04992433941389479
v 0.43278912431969885 0.1475926271942229 0.05796829236203486
v 0.40724354601962154 0.26099011547388984 -0.015968411638921126
v 0.45727226051445413 0.16208200864802666 0.061228637486937645
v 0.4534101586045381 0.1547081604567334 0.04968325329905206
v 0.4212944384877514 0.29847946274909015 -0.03228335394222126
v 0.48377396118444693 0.17359460562574094 0.050812908514846794
v 0.43852843340359526 0.33242433263108556 -0.04807016268472759
v 0.5156545559065249 0.1912813262829502 0.057292451397258325
v 0.5074718026046089 0.191108027618054 0.053898665208731766
v 0.5259772328595893 0.19617740551617252 0.054351010689178615
v 0.5496883744188219 0.21001660619914847 0.05444803753475276
v 0.5833270409969247 0.2331860325971902 0.060963173079622915
v 0.5408373392579529 0.38667582452078175 -0.042041202963014446
v 0.5893322077498682 0.3644344222288836 -0.01806737374121383
v 0.6003864557648156 0.33673999387338965 -0.008160223802030752
v 0.5952445253771927 0.36122514078857487 -0.011763319630776717
v 0.6121717464714321 0.322821530320504 0.018045057905058393
v 0.5930941801737021 0.3551342318995275 -0.011520955636296985
v 0.5994712716834916 0.3315860763971604 0.008533407518984956
v 0.6088783653912949 0.3284801256054369 0.011460241551843659
v 0.5104057637627784 0.39374138092438643 -0.05186574751581264
v 0.5422199826875425 0.394737503858458 -0.04817375069778367
v 0.576009542266829 0.37767766284542204 -0.03416699938196122
v 0.5387205970144479 0.3892605077914646 -0.05150913878731121
v 0.5758750972267386 0.3861642270521389 -0.03072534540088802
v 0.36268587709223193 0.16959181400289391 0.022908773165583644
v 0.36961515428567815 0.19328944019948874 0.006543790574400968
v 0.4248235928488586 0.29214690603690485 -0.030107295900085814
v 0.43245451221623976 0.3191908112656381 -0.037182471073117035
v 0.4520422124315005 0.3497156989475314 -0.05316747046617102
v 0.4520146475144096 0.3520756654197716 -0.05914578712700506
v 0.3647234379883574 0.1806266684739749 0.01380876812916173
v 0.3875102458634258 0.22977082494443324 -0.006328955274044796
v 0.3999007316615636 0.2557084114845512 -0.013685554552439328
v 0.412529802636731 0.28865738097561483 -0.02541628400896953
v 0.4325056809149345 0.31848551663976515 -0.03931385274514457
v 0.4499905252108315 0.3662918561795337 -0.05729218732706265
v 0.49731016645937703 0.3876644073864831 -0.059515664751779385
v 0.459656741724558 0.38013902928454807 -0.06845108161989243
v 0.64040616437706 0.25453930332196845 0.05546292631942674
v 0.5271360060771776 0.19580430100272958 0.055678787631131606
v 0.582342757021021 0.3718160437706821 -0.02210902231691566
v 0.4223961129962949 0.30035126772409604 -0.02820860775679082
v 0.41221852037859885 0.26943185643930834 -0.020018953160860855
v -0.5471460489813018 -0.24915808019869087 0.004716466834703281
v -0.537158409381702 -0.22157979709788053 0.006190633829387133
v -0.5306780200378215 -0.19755342096941184 0.01269699050302416
v -0.5255265224442932 -0.20869002725180621 0.0158787108667162
v -0.5127062641050786 -0.18261623048477452 0.020433746812874794
v -0.5014586679683103 -0.1585815596415565 0.029067156554302694
v -0.4955753368187053 -0.140770711155937 0.02965660868014213
v -0.4788477630681472 -0.11743670197506977 0.044514853102067875
v -0.4192034223295327 -0.17269059472483447 0.056548574989982836
v -0.42313336725732764 -0.15780425618592084 0.04880642957275556
v -0.4340712241523216 -0.14045807010850725 0.05179986860876339
v -0.5462715944836793 -0.24772824185988793 -0.0005860579118951246
v -0.5372545738380515 -0.22014987064977498 0.012001603535281813
v -0.5101845463518581 -0.17815647965225423 0.02390421878869604
v -0.5281876656181899 -0.19691295251058125 0.020467238951722033
v -0.48615644185462636 -0.13115051508458708 0.04323194131161404
v -0.4998250904735182 -0.14982469373300086 0.032676959309249555
v -0.5005853780178564 -0.16597197249289547 0.01987865634705756
v -0.45135047448890125 -0.11467182584429311 0.05472264388173418
v -0.4358071262688562 -0.13627442995415873 0.05233244780132452
v -0.4268316076149333 -0.16074084463433252 0.05759643701882304
v -0.25976125570627323 -0.4630952519455497 0.05262259797824626
v -0.2533002299102434 -0.4799494773678248 0.056149972737469966
v -0.26175382003311976 -0.46338613615231755 0.05556857308867769
v -0.23815091049085094 -0.5018763984683414 0.05681663007809927
v -0.26057040694188044 -0.4643152843901055 0.05181080360932233
v -0.2516777038203461 -0.47779390263962873 0.050307511293659506
v -0.2564735370845607 -0.4801410742360043 0.0525859157851984
v -0.40259104367705534 -0.19761424056595067 0.05689944932496602
v -0.4193617789031133 -0.1781715407243274 0.052475102140894146
v -0.4301790692704 -0.16910323334486815 0.053700519098591346
v -0.4829045688045487 -0.39794896187047585 -0.008961023546348304
v -0.4956021584742636 -0.3851732657884968 -0.010310363688434394
v -0.39276237209297893 -0.2190891003855909 0.052547304858894854
v -0.40278608017787754 -0.20464371119206953 0.048265978033366824
v -0.47974556514003563 -0.4181831748873556 -0.0025510478080377416
v -0.37554763838228894 -0.2501485689286831 0.05391757787275836
v -0.3827364170204495 -0.24397069728465653 0.05401012480347563
v -0.3887121802036357 -0.2238756232774647 0.05240077061352333
v -0.3452687725606935 -0.3007217240567831 0.049348270350676224
v -0.3575286546237633 -0.2843429502877376 0.054710575247750304
v -0.36680492488671734 -0.2713878789875827 0.0584763718555346
v -0.3336918938596516 -0.330836694381201 0.05354864864004899
v -0.34264662864529516 -0.31086587137526633 0.05871178034351552
v -0.3158750460892576 -0.3551973384875508 0.05602531526878399
v -0.32864142942310653 -0.3401274337414567 0.05656109295590694
v -0.33728057053408755 -0.32742624224123745 0.05236747879489792
v -0.2967818066444258 -0.3900813990593171 0.05198619349301634
v -0.3120934452675864 -0.3714057602570506 0.05490784742156317
v -0.27772692876338956 -0.42951336807653456 0.047373745279470775
v -0.2864680082329424 -0.41927499009660096 0.051140920303519466
v -0.2904077550800701 -0.3982334782440249 0.05780935324641956
v -0.26822986214919664 -0.44151307235832316 0.05589977590339572
v -0.4936625019044876 -0.3912899426777849 -0.006521064980506671
v -0.4833758493627906 -0.4115944439983168 -0.010983552588663612
v -0.4008303064604159 -0.21314233077483444 0.052336735824782564
v -0.39065166945847063 -0.22692268396413642 0.054275580299588115
v -0.41314242847018934 -0.18460269532155266 0.05270332056579071
v -0.3959211390358678 -0.20752526830521958 0.050835768004679954
v -0.38371402973470503 -0.22652101106907252 0.054592387482034606
v -0.37349686128298437 -0.25265797897736325 0.05039671510436016
v -0.3658051691055499 -0.2845176114348389 0.059870408658529634
v -0.3455281938870487 -0.3033413896809556 0.05439268074904472
v -0.3670144140279278 -0.26608735773187275 0.060644570873541095
v -0.3505816990880496 -0.295586034843882 0.05199115091110425
v -0.34177857554740804 -0.31549223151778216 0.04800983773832601
v -0.3288407021339482 -0.33674888517636153 0.058985759046356535
v -0.3099581719952822 -0.36580914983735 0.05572123431653109
v -0.30759365998835564 -0.3825229487559163 0.0510937455226618
v -0.3094703435274144 -0.3794934550107965 0.0527520109977182
v -0.2905558248504017 -0.39663568773597696 0.0510456037982079
v -0.2861440429290896 -0.4202629138666392 0.05176371404989412
v -0.2673448646851375 -0.4461496482228552 0.05202045428017477
v -0.2785768626894232 -0.43323037253922114 0.05674279237086514
v -0.2611139945420405 -0.45152612531951575 0.059729302079292015
v -0.547051702111598 -0.28123350256766627 -0.004665965813542956
v -0.5291894626760364 -0.32884639955158795 -0.009358489046528558
v -0.5332852756889429 -0.31487286669856623 -0.007077198961638879
v -0.5465773533410131 -0.29449413827101917 -0.007422939246858954
v -0.5397470220273689 -0.2235621928817253 0.013065671138567499
v -0.5114909581374355 -0.3592515531115572 -0.011183840363127329
v -0.521349134206015 -0.34128612470775566 -0.0071145635990112425
v -0.49056869635586636 -0.38198505244159703 -0.005877460023314732
v -0.5065565824810437 -0.3675353334201761 -0.006252986022041399
v -0.5497352787506846 -0.28608530979198815 -0.004668944532220164
v -0.5416630903510887 -0.3100303880001311 -0.005229127384912593
v -0.5278582036708839 -0.3300147845948954 -0.00653629196193671
v -0.5462510047653201 -0.2322005873185149 0.010068807679901981
v -0.5462560955489061 -0.29347920739912015 -0.008495435329819322
v -0.5322279011697602 -0.3147202581615874 -0.004013160394436214
v -0.5132796988058401 -0.34408492343995967 -0.010540114018500916
v -0.5029437968652035 -0.3610944573906502 -0.0030580156504068047
v -0.4915930469598046 -0.38901917147811604 -0.002503416289511423
v -0.531928138141006 -0.20916159273670548 0.008868847030353209
v -0.43232218440957426 -0.5027489395829351 -0.0061330747028986955
v -0.442930995180503 -0.48566234759668514 -0.01151524184213476
v -0.4177997320621113 -0.5260622161549346 -0.007341716756401226
v -0.43209462912192986 -0.5091675689958565 -0.009857155499896719
v -0.40940820249406856 -0.5590566273500048 -0.009365915584403792
v -0.4125654575355408 -0.5434920749665949 -0.004422279613090769
v -0.4206735335621511 -0.5219416798449951 -0.00858584814495298
v -0.3744042660856106 -0.583869772783792 -0.004240108513562632
v -0.35534671811593793 -0.5784137922443069 0.004318496463676391
v -0.3460814037889362 -0.5718958341233593 0.00829973822729348
v -0.3286352766197729 -0.5588662507013498 0.013146987964033128
v -0.31795936323370605 -0.5546254296879872 0.020099133901909386
v -0.30452837713779773 -0.5422469597157965 0.030682912888172636
v -0.3135799919219357 -0.5501305161006332 0.021324853515828943
v -0.29892477579847704 -0.542817205068607 0.029079862923763303
v -0.28159049928298463 -0.5371913058754928 0.036515578448190616
v -0.2721422692356479 -0.5309758580634693 0.03986095413810928
v -0.4418917680170117 -0.47496384529674207 -0.0043693026176870285
v -0.4328130500970465 -0.5067884865108224 -0.005363874882551671
v -0.4382497288182338 -0.484659295885974 -0.002760073605965063
v -0.43185838922202635 -0.5116654880587672 -0.00697739954492402
v -0.4210911411853303 -0.5299243011993034 -0.007222886044971559
v -0.4108682108505255 -0.5527621304188866 -0.006582916621403653
v -0.3752126616536807 -0.5771846601751295 0.007834050228877062
v -0.35403385457849446 -0.569793623744346 0.009131851195488174
v -0.3275824668220165 -0.5566657795910407 0.02196206259783509
v -0.30134621202273326 -0.5452686056281328 0.025086737159143984
v -0.3052471703318468 -0.5495853405753235 0.029396810300795998
v -0.2731060764427172 -0.5305212802724449 0.036177720158387355
v -0.25319156599785136 -0.523287278304263 0.04074362735367686
v -0.2428728178022573 -0.5156262387878316 0.05494891107978752
v -0.47978845604192294 -0.41313975179143303 0.0003860156223510604
v -0.45603429060030254 -0.4579470680178767 -0.00625456614354404
v -0.469393720186156 -0.44061772767438523 -0.009948428490883171
v -0.45526811351061425 -0.4722516947599662 -0.004121334518550596
v -0.4691240688908277 -0.4343633834997534 -0.007359239113527776
v -0.45923514895290135 -0.45683536498131877 -0.00492271453300283
v -0.27693783420905055 -0.4371195151181966 0.052631809154587816
v -0.4495818571213779 -0.12112287276287416 0.053468572347723196
v -0.4301366785374558 -0.14841882953309948 0.04827091381776622
v -0.40683415970330133 -0.08626209063627875 0.03687932081358022
v -0.3998153366450182 -0.09559652015928355 0.029132800845909444
v -0.36882993771946143 -0.09957677039899498 0.01711512857368728
v -0.3607493030194615 -0.1041808639242175 0.021421011871540593
v -0.3303423700945578 -0.09906630741527654 0.01210692569255652
v -0.30820521567788955 -0.10688524367248586 0.008947409876626844
v -0.2877273752378901 -0.10655352082820443 0.0008610508382299949
v -0.2560139767135129 -0.11208523366556275 -0.010330247777052127
v -0.44187695522145803 -0.08982878589378525 0.04225860122526883
v -0.44323201389359956 -0.13557037381951115 0.05266328612392606
v -0.40627511729000415 -0.09425260051670596 0.033865110322205766
v -0.4033204297485875 -0.09593039650669413 0.031499420182581936
v -0.3759593567705018 -0.09966284566348732 0.024354485330051964
v -0.3530994875513735 -0.10533463873983642 0.01853168204452655
v -0.3362900291252018 -0.10509895954268896 0.011833226205860945
v -0.30046824461873917 -0.10394910464095855 0.007612986950730671
v -0.26236451545088446 -0.1178935296052795 -0.004952633343961605
v -0.42586930368529485 -0.16252086189983614 0.051317141309775105
v -0.41223825035919764 -0.18206397122748452 0.051445008517437406
v -0.3080041394514845 -0.10987134953063582 0.0019262746637639504
v -0.29314584383266484 -0.10943299359177777 0.00026869610079734596
v -0.2575798358525002 -0.11655264522590221 -0.008966759038750495
v -0.2141821476118791 -0.15061649267666005 -0.02174384203662854
v -0.2140176039053485 -0.13620530603507008 -0.020878345050384012
v -0.19043375800943396 -0.18279917430382991 -0.01977711753074038
v -0.16921582747556949 -0.21852484892440638 -0.02177732947641575
v -0.18005735459523 -0.19508758751000932 -0.017813673534198937
v -0.4103087390761942 -0.17472787674389273 0.05576560303705324
v -0.36749414887572723 -0.09809271219131102 0.021053813098388396
v -0.32401929370174665 -0.10622424638341045 0.010569551428827696
v -0.2943007068331363 -0.10504768003750652 0.0009448192512845272
v -0.26175108721809676 -0.11383118202677497 -0.007259980908895511
v -0.2154186425205534 -0.12912309215414774 -0.015673743572913502
v -0.20551521394652636 -0.15727684568805936 -0.020505170139110476
v -0.18992456859092008 -0.1730739150030222 -0.020998828095688548
v -0.215979968355298 -0.1324938021926786 -0.018333143012765726
v -0.18702348672043662 -0.18481892624891907 -0.023989261197767123
v -0.17387427009650977 -0.20988488098499905 -0.019929747514486396
v -0.24235511063784965 -0.48943204275604596 0.05288827976550219
v -0.4019974138536598 -0.19900632855946443 0.05158255257830718
v -0.3744381327897022 -0.25011950163965685 0.05096026621563971
v -0.39205805161285645 -0.23314377654358837 0.05420412825975403
v -0.35649959704788453 -0.2915739025669949 0.05366070841636541
v -0.36800361593053876 -0.2761983349192601 0.05920787366188424
v -0.3788834298111002 -0.25186668230955217 0.05458110359753808
v -0.34352259185218387 -0.3030445292734242 0.05047107045152138
v -0.3559994790180894 -0.28493204671335376 0.051065157061885004
v -0.32147921976533156 -0.34861027277313733 0.048725782009457416
v -0.32922865223801595 -0.3293787253865794 0.05137552972839182
v -0.3045731606379015 -0.3806383549338963 0.0559776334013043
v -0.31295843293237763 -0.35866586783450005 0.05635285002112006
v -0.2780803619373701 -0.4227288846711516 0.051221576276730636
v -0.2935127803480642 -0.40837628712624285 0.05516123755813369
v -0.297344836768592 -0.38687675011860195 0.055444456744867525
v -0.2690066434726435 -0.4407403735203698 0.05096837395722445
v -0.28116870637050106 -0.4313223556336529 0.04980469223392428
v -0.2568034022662537 -0.4696731039581717 0.05394198338130835
v -0.15051427113672725 -0.26036004806150437 -0.021237132387984407
v -0.15753781790115082 -0.24114704587153893 -0.01833514951197213
v -0.3990508453197589 -0.2065973046022565 0.05163783209857122
v -0.3913579244375319 -0.2176461466174348 0.054288244752999856
v -0.37584360164670627 -0.24045437144620355 0.053509836042833395
v -0.3894083825397794 -0.22214646098622104 0.05143466480745686
v -0.37544583539089227 -0.25020941558513765 0.04848156853836953
v -0.36108945207191084 -0.27435668771002064 0.05704785368958472
v -0.3544375827061336 -0.3010305539444751 0.05120977334475957
v -0.33379452679942695 -0.32585918588827334 0.05140322508492286
v -0.35948065761823506 -0.2854597948455591 0.05600167213214663
v -0.3397131642337763 -0.3144005788441554 0.05396734891931482
v -0.33098132753837994 -0.33626900812701527 0.054616108479712294
v -0.31868754491874796 -0.3612890928038572 0.05311168964846861
v -0.3002013875038737 -0.38637657251335644 0.0496616363621207
v -0.2891541522425257 -0.41550395710426846 0.05649841872074775
v -0.3166062449086822 -0.35669713348673887 0.05563635948389072
v -0.30416242558934575 -0.3850460855004069 0.05696714336630333
v -0.29465883925847663 -0.40812556733550853 0.05466825429825433
v -0.28132877463530503 -0.435796476707396 0.05521231979707607
v -0.2657356940067501 -0.45674787339945805 0.05788972365000699
v -0.270154329771174 -0.451443451709034 0.05607726123966193
v -0.257953604002204 -0.4793587841500375 0.05762315725560345
v -0.15574552810323783 -0.2384221103274743 -0.019075161968936532
v -0.14915896215034385 -0.25818767392588227 -0.01924775488207675
v -0.19529246506516232 -0.486727705485666 0.03682922207077638
v -0.1661618360303195 -0.46814949555068575 0.025428986061674888
v -0.2111083033580705 -0.4971733051544534 0.0442229448704337
v -0.17362104460744573 -0.48554320488210323 0.027275005498961995
v -0.17800775455849752 -0.47933416650263655 0.02843477508365419
v -0.13018085950645242 -0.2909643124410894 -0.018479598595584543
v -0.1396088231110066 -0.27113201976288925 -0.022376456509200157
v -0.1471545353643597 -0.46490071265115374 0.018087799268916155
v -0.1332412886466499 -0.45767388822653116 0.010376068371873774
v -0.10567683484324579 -0.34130613085689954 -0.024279140044284
v -0.11862323821427422 -0.3160400650930259 -0.018460233530668682
v -0.1355834837542886 -0.4606516549616709 0.013233167327931745
v -0.12326050665297246 -0.4537190034521963 0.006864674740577743
v -0.09305763761181213 -0.3615649459511412 -0.02166203114191308
v -0.10107246710521157 -0.3426692178212609 -0.022603981848606097
v -0.11829803584082686 -0.32686728892171146 -0.016383189509100702
v -0.12182072366921154 -0.4504992999480589 -0.003157348459379948
v -0.09719025908705452 -0.43374984530691846 -0.003298871908877896
v -0.08277564918109005 -0.37427151880181975 -0.021160600137496724
v -0.07381817933120542 -0.42500859439288724 -0.01237036854740441
v -0.1473017936912481 -0.4699498800592732 0.013633905489323306
v -0.15649607692526868 -0.4772669624909561 0.0158458564432247
v -0.14224541109709088 -0.45720281219395115 0.00948324171558805
v -0.13597160358907973 -0.4626984958598391 0.013642766934029353
v -0.14534573003360246 -0.26798851534369833 -0.024941164554026226
v -0.12828067306634103 -0.2938441122148971 -0.026845793871701926
v -0.12326890545887956 -0.3213296083001379 -0.02265607477787446
v -0.10530052459019983 -0.34215014849931386 -0.0241369446571625
v -0.09460691540999323 -0.3683388895542499 -0.01656766364384393
v -0.10668000108219523 -0.4469013171509658 -0.004529532969840797
v -0.11530831153045569 -0.4457090190830837 -0.0006313814709699992
v -0.09238876475652764 -0.37050089349538434 -0.02483367239001983
v -0.08192429158206858 -0.39150919969841513 -0.01996787714927482
v -0.07911401573681709 -0.428205037857217 -0.02233527779956198
v -0.32560239399353264 -0.35111441639770585 0.053804092791198924
v -0.27544664405218205 -0.11110926804601369 -0.008919536240337162
v -0.2683413999600209 -0.45541794895029486 0.05619602510542417
v 0.08276944696820063 0.4131710768417313 0.08092437869414978
v -0.1901439433949641 0.3807476095066964 -0.034911177163040354
v -0.30051036800278313 0.4090978464862312 -0.07424434268497929
v -0.28024419488063007 0.39654480994657526 -0.06694589826362811
v -0.27398325562028697 0.40371521781012903 -0.0781975488067114
v -0.04485124739370122 0.3445832759310249 0.016175771123072624
v -0.021747920633269302 0.33349868175193725 0.020721843244311585
v 0.014577978448529578 0.32201870458182746 0.03157217352694574
v 0.016142608247183037 0.32683405358102985 0.031388868476630735
v 0.037659440303374724 0.32625607810209434 0.04399390996164379
v 0.042627530494040784 0.32019061960765854 0.043229616787209914
v 0.05624895085860044 0.3172354939652076 0.04492082792501493
v 0.09782693192814493 0.37933190936174577 0.07930522390075001
v 0.08373610860961773 0.3059968359694332 0.05820927674584905
v 0.10942102640026227 0.36262234133946364 0.08206392044094202
v 0.11401566139577515 0.3050380851294052 0.07254900089760352
v -0.06943547259494622 0.35142581000226686 0.0013468712375679245
v -0.050185449925239774 0.33947059956962417 0.008346319915950126
v -0.028354594195010033 0.34467797274180906 0.014150635183841334
v -0.005875787893658025 0.32935844580999274 0.0283413002610153
v 0.016781513844330416 0.3262147085343321 0.03388111991871225
v 0.027572610142686887 0.3214335892719867 0.04039784104554826
v 0.06203657163534667 0.3248813777301281 0.04104208835410241
v 0.06370257986294052 0.30919120612825307 0.04704183381338694
v 0.08069812284132805 0.31591926415412547 0.05994859967251887
v 0.08336769340143742 0.3067879549085471 0.05511617999447959
v 0.11927378254346803 0.3490705097060021 0.08049828629262087
v 0.11282604962894507 0.30823475268277045 0.06745022889615
v -0.2312348344153855 0.3902070260413514 -0.051204651820970656
v -0.22094449249781326 0.3919772093998013 -0.04535582459804279
v -0.196656205169325 0.38303330415067177 -0.04597601227237132
v -0.19667429479404502 0.4933354047389422 -0.018318165038770845
v -0.17278942422160137 0.3729894672150651 -0.036014989175879114
v -0.17242342438606845 0.3745336094132484 -0.0314283651301789
v -0.15925798599729413 0.5139502249582416 -0.0019559516269013664
v -0.14937192670342167 0.366833901722565 -0.02395218669498542
v -0.15235906733810572 0.3713052646717113 -0.02746362645448653
v -0.13670420572214684 0.5280950698519816 0.013435047790676096
v -0.12798754785145477 0.3620216398416641 -0.017816549059428206
v -0.12001763799262824 0.3626455741119533 -0.014866788012245221
v -0.11278108824293617 0.5372633536292445 0.02523011958613456
v -0.09368181157672995 0.5464180679913422 0.035003694600654715
v -0.08997358048806288 0.3569894225598794 -0.0074861939693381604
v -0.09658128666507348 0.3565149297096179 -0.0030238125490654327
v -0.06816442014829689 0.5608643438283751 0.0469579914973353
v -0.05172486097457335 0.5738402279141719 0.06383471920340164
v -0.07464829618510661 0.34572285805125447 0.00822150246801395
v 0.008169351866401942 0.5422423686787199 0.08176999409091457
v 0.006607854287960292 0.5591810899875194 0.07791783413600294
v -0.005164954973548944 0.5842045935702957 0.08138416274514311
v -0.051919588997659534 0.33884109846955757 0.014001857663079502
v 0.0216540623543459 0.5272190698586131 0.07920661883436382
v 0.016575018237243798 0.542687725930395 0.07659761486851445
v -0.019001821862922 0.33581462159063774 0.021849086104014346
v 0.04291100365897346 0.4779287857638067 0.08671047147104473
v 0.04299061062041703 0.49570514362631424 0.07711478342988114
v 0.07238554096545347 0.42880777604804965 0.08254842688564966
v 0.06411492710474333 0.4521549948972262 0.0828365913283095
v 0.05557223042115166 0.46253722519182017 0.07722019124408473
v 0.08253937599154307 0.40224593442116313 0.0849406277896257
v 0.07286871586479894 0.42664047912343317 0.07640449383653695
v 0.07292045887749093 0.4330077240065369 0.08105953812252306
v 0.09074099008508597 0.39509705566586134 0.08170835929010531
v -0.2515912605889285 0.39393034614927985 -0.05828094629260797
v -0.2294482930619677 0.3868830999177825 -0.05238921908088647
v -0.18644525545417762 0.38080375958478657 -0.043370319277153145
v -0.18923466423869056 0.503291531181892 -0.01339049313448594
v -0.16931410331199542 0.3737150350288199 -0.02731179268873931
v -0.16161005589301483 0.373128672477177 -0.029545505091765147
v -0.169560205142604 0.5108789437143543 -0.0025091789686550476
v -0.1415135038358425 0.3662120345598938 -0.018705635839227193
v -0.1335757676128022 0.36577957697653957 -0.017013733002366967
v -0.15245129888852707 0.5221129251661071 0.00870549435723309
v -0.11261774809482866 0.36170482838871193 -0.007993146078263987
v -0.117487878370763 0.533520139265711 0.02309352360156707
v -0.08504565536681195 0.35682789625303885 -0.002290672106652676
v -0.09312819827711763 0.5506635942252321 0.033823644080939255
v -0.05604060960624585 0.34444119264025974 0.005203049544210724
v -0.0710934510703934 0.558987513047487 0.04785700541287081
v -0.035559888508853485 0.33887443638668896 0.01704285590541615
v -0.05178760880290415 0.566525832458396 0.05838110137843762
v -0.05806217024680031 0.565075311200102 0.059722220031753655
v -0.009947770328473583 0.3313761213202019 0.0205601905289989
v -0.02903872028063885 0.582373518829263 0.07406139718064787
v 0.007733334738684691 0.5556607128416148 0.08029769752973182
v 0.016593726779492585 0.5282610887634895 0.07926032153897115
v 0.02829970003810772 0.5117024200896751 0.08677509029366606
v 0.03319015693171117 0.5075861782943074 0.07474430368447407
v 0.038690976282782515 0.4874176777295545 0.08084128074882527
v 0.05810756066101394 0.46646281956012525 0.08992132617320196
v 0.07138526507164417 0.4370659770228164 0.08420020884849563
v 0.07860997295533786 0.4249591844971125 0.08520385454089585
v 0.09320282787626431 0.39765869521337094 0.08379495781947187
v 0.06828319227373213 0.44773606456656456 0.08086768707382094
v 0.07356077396738141 0.4272543414147659 0.0794537307004067
v 0.09141617884689064 0.40085599625327567 0.07993741102189027
v 0.1050353288790788 0.3766580692310011 0.08055596288900924
v 0.09285642445869427 0.39706646757960296 0.08109710428583547
v 0.10510610471835179 0.37092023321987505 0.08001366012204778
v -0.27662150519293816 0.39937824247153475 -0.07220681880254909
v -0.26310680447387413 0.39651801125244857 -0.06240710907900684
v -0.26279797795945414 0.4656719623943431 -0.0504862548992942
v -0.22524472433742987 0.4831154934627564 -0.02686183870599885
v -0.21281803752046732 0.4875194574795861 -0.024599719187548167
v -0.18618809407684286 0.5013759709098434 -0.012055330329093332
v -0.1451906753404929 0.5212569523414299 0.007635127901285926
v -0.12062053036730737 0.5365728660625131 0.02508254626313922
v -0.2572208956530615 0.3926315271007295 -0.06496966168143335
v -0.24450422319045098 0.47641732301542283 -0.036009480382234026
v -0.22954793383073616 0.38731255834842027 -0.050988125686365196
v -0.22200138914662232 0.48981938793876306 -0.029563764240322418
v -0.015701007187218976 0.33628453937474584 0.025003418002912257
v 0.09624782261076081 0.38114237518515454 0.07892988612490903
v 4.5921980369378976e-05 0.32900078447568865 0.029272452077173952
v -0.5997667159529918 -0.10392685853466364 0.077652945020205
v -0.4434944310548248 -0.016754700359958217 0.07737895284505203
v -0.4247983859946387 -0.003908855796923303 0.07504875157330715
v -0.40301675919908375 0.0009786380508732882 0.08183010131213415
v -0.37992680038628623 0.015930539293419282 0.07806199948946392
v -0.3804439087181446 0.016684874783476918 0.07668773479816897
v -0.365099045924767 0.02497364649185605 0.07986511859695483
v -0.33946910203280695 0.03447035474566211 0.08227574967798289
v -0.2542843978421522 0.395683436092624 -0.06196280872933468
v -0.30159917826477334 0.04724814553564453 0.07709841602287254
v -0.2866412673977716 0.06130596825842868 0.08277720958138868
v -0.2272919856006146 0.38872464128924994 -0.047521755687520095
v -0.2704688267899238 0.07109407638503204 0.08203192380932184
v -0.25325649130087674 0.07943762829953584 0.08426838390290174
v -0.19634189889073392 0.3836992289603474 -0.04136219883171347
v -0.2548240685743866 0.07974296405803788 0.08216645191084035
v -0.2388737312831625 0.09374261181580555 0.08083886083136466
v -0.17555248766470308 0.3764998206940608 -0.03712419004128041
v -0.22015589768424246 0.10506096533030027 0.08172851950795061
v -0.20043312050518114 0.10848243328185424 0.0808525828948006
v -0.1541106542019341 0.3671888962616551 -0.022902710418111132
v -0.1781631726878431 0.11771238180402506 0.07743902290975854
v -0.16264890704408216 0.13437656757170835 0.07929563837647113
v -0.12801878183947635 0.36294923700940357 -0.0180714486922635
v -0.1351880920039581 0.14113517195063408 0.08027964610911394
v -0.09265043402265341 0.3552474035368313 -0.0050075233881529905
v -0.09424285743855966 0.3512069751255904 -0.006111464241326635
v -0.11992577905693394 0.15593895787148204 0.0766514572828471
v -0.09811107351613285 0.1641322918461627 0.08250568084316273
v -0.07018694785862956 0.3468602730270356 0.004732696413124642
v -0.0722266928834677 0.35051269579982086 0.005019944183336371
v -0.08643763358398832 0.1694608881902543 0.07879221658526843
v -0.06924112920280287 0.1821541900264116 0.07945099291465457
v -0.047961481040307036 0.3427640777431987 0.009313788790995632
v -0.05173847818208184 0.3453511784124097 0.01564411650619772
v -0.05098972746999819 0.1828656579630823 0.07902726648161464
v -0.034074226816334 0.19435510257220348 0.08403944010750826
v -0.011867102219315254 0.33427983797030736 0.029484889601320324
v -0.005822992065637822 0.20692087968615466 0.07937054920173568
v 0.0058570488818120246 0.21846710416847626 0.08085692019236543
v 0.01257806668926242 0.3339974588242807 0.03408986404056382
v 0.026058143279005484 0.23384484668539945 0.07987831003866948
v 0.04461622918467118 0.3212557892316545 0.044970586184961074
v 0.03410354032688468 0.3252198533523238 0.04398742330676191
v 0.04033718964559609 0.2400458683532072 0.08172354874305252
v 0.05957716392642955 0.25221507095854206 0.0817894676414619
v 0.05333676821676219 0.31491593686062147 0.047864595051325905
v 0.07609728940690944 0.25753411432019585 0.07423554986869026
v 0.08571283506488515 0.30645799921350486 0.05466812425255133
v 0.11669666873698578 0.2747268862817009 0.08676738283726645
v -0.44917496810918833 -0.025252308789914357 0.07915389593145292
v -0.42007338790523396 -0.006594670024519939 0.07897803761486853
v -0.42450115359750334 -0.011909791521136281 0.08176451315856095
v -0.39451027487126267 0.007949037275755726 0.07762163266427034
v -0.374043360322778 0.014733774406463132 0.07664308105010278
v -0.3845417309839545 0.018639434798830026 0.07379378075437244
v -0.3669415644388395 0.022948182866987684 0.08036561831577971
v -0.3266905668627448 0.041127969758770394 0.08201089307401989
v -0.2989264431532423 0.06055528050141557 0.07875954710537193
v -0.2746953047720765 0.06664092102252882 0.07952872268725461
v -0.26151451637638884 0.07032499660429972 0.0811792530853063
v -0.22673112598305545 0.09738071811826247 0.08326704201014182
v -0.24835703558974837 0.3936064041102974 -0.06271612542675935
v -0.19479260046339572 0.11325237466177973 0.08249705373701101
v -0.2171318982617509 0.3873461578912813 -0.04612564688911277
v -0.1756230376072021 0.12224816537481062 0.07693812766085946
v -0.1977638410414855 0.3806195407323252 -0.04326854343502183
v -0.15315753433997645 0.1360364160833001 0.08712478302079667
v -0.16517661248577897 0.3779770479021799 -0.03577034639094655
v -0.127340580272423 0.1492481197923361 0.07319093368365906
v -0.14877744347831878 0.36870813996343693 -0.025475303659906582
v -0.13893646931992135 0.37052670213754985 -0.013463776658006703
v -0.09807382717408208 0.16522939936103118 0.08313806652579574
v -0.11656392621964878 0.35235729607573035 -0.014160405541704214
v -0.08231406023212148 0.1732021878764797 0.08262841184103879
v -0.10090978661235693 0.3585825080491025 -0.008384808393617164
v -0.08396726337247001 0.3530927661047736 -0.0065184636080311
v -0.050872803809963396 0.19277228856088194 0.08010262301633723
v -0.060316824947006756 0.19042613133943306 0.07800711135453368
v -0.056089508474375854 0.3454758210474221 0.013832244255537921
v -0.03085252928808452 0.20534652136984746 0.08264943091567131
v -0.036862911909668075 0.344401415859498 0.01365149032992275
v -0.016793203222721955 0.33458934186524736 0.014342245261029868
v -0.0039226843966623706 0.21616471811366308 0.08147299844652617
v -0.007932228124466513 0.33723786333253125 0.026679582831666215
v 0.008379988974658149 0.3274278697844701 0.02846768233359055
v 0.02176004728746242 0.22503426292917106 0.08319238113669328
v 0.0022801753923642892 0.22607971420994244 0.0795448339553548
v 0.011126720155300796 0.3281422833346525 0.034357377454216846
v 0.025314667271131006 0.3225072162370394 0.038153794631264316
v 0.030086408637202543 0.2350317246893977 0.08177900374705513
v 0.046892584139731554 0.3248441272264252 0.045674661811025856
v 0.05879597301058645 0.2507539846845341 0.08148345381732379
v 0.07854893442420902 0.3087915044888016 0.06239745391592527
v 0.1023463421400047 0.27405433343145713 0.08175983785291298
v -0.25716807458140883 0.39510418095581523 -0.07259132631598417
v -0.22753431153692294 0.3915494412511255 -0.050328992954732615
v -0.26635603988386397 0.39642931655596 -0.06696209041068953
v -0.23403100948556896 0.38749972638682306 -0.057546706519870705
v -0.2162078283143207 0.38830460105579195 -0.048580262716114056
v -0.44834510341710937 -0.02091900007198385 0.08066685832704595
v -0.2970669244031748 0.4096206173296721 -0.07798238484100611
v -0.3057696846418716 0.4079354254806288 -0.08007402178968626
v -0.27679815701906635 0.4081342549846374 -0.06937714880397117
v -0.30293103833187596 0.4072777110613745 -0.08105050225800885
v -0.284305570297791 0.4043912839851977 -0.07481598345842787
v -0.5581115951323687 0.321968889404162 -0.10408546958581773
v -0.518375558073117 0.3373280774567455 -0.10506011015777052
v -0.4927464644495901 0.3471266458628987 -0.10290396058889192
v -0.5460994297664121 -0.07537184278778149 0.07661687590844066
v -0.5350325197827428 -0.06618488555208521 0.07583664437954597
v -0.47377144134284277 0.36076989460435605 -0.10310002665828262
v -0.4562375382568108 0.3717768890883409 -0.10516615210039232
v -0.4369087238708986 0.37518562570397673 -0.10024593975743255
v -0.5201301876500027 -0.05477789122949805 0.07733332717284569
v -0.5707670257178064 0.3065589016139951 -0.1020104070872831
v -0.5479304537949256 0.31578349751667933 -0.0973947747875099
v -0.5128736228105342 0.33650298127310013 -0.1054703379280322
v -0.4934610195398968 0.35087742412256195 -0.09917826753397185
v -0.46504914592663243 0.3620712240967392 -0.10199650480716074
v -0.45176715289664704 0.36939495795651156 -0.10228624633528653
v -0.4234735576127266 0.3888961660291086 -0.10341291566987464
v -0.39526211554618446 0.3995827698507805 -0.10184868523285591
v -0.41528565503870213 0.38814745948650026 -0.09919334194508857
v -0.40151310757576625 0.40042739289245155 -0.09596595438748447
v -0.39304853092180847 0.4077810593538573 -0.10212786563861559
v -0.3710163761483581 0.4104196276686987 -0.10292463181180622
v -0.33120125153225544 0.41152000331805794 -0.08802621306110071
v -0.3305294950530355 0.41573805538366493 -0.09181669401054494
v -0.3793596407860716 0.41261172546820946 -0.09724751627326458
v -0.3446479369941033 0.4172622828895316 -0.09326283141633138
v -0.317036618081613 0.41232678896500485 -0.08164265924070867
v -0.9658700234065536 0.09700271876791278 -0.09946839058382367
v -0.9548210495571986 0.10335614233009022 -0.10114487871853887
v -0.9082192590589304 0.12348699112027042 -0.10185670368099685
v -0.8852723871362239 0.13860740519297515 -0.10585225292229196
v -0.8453059550333654 0.1608794037753781 -0.10381399115465692
v -0.7939106976624236 0.18408960052186074 -0.10350883894562385
v -0.7812020737530814 0.1958510252135617 -0.10137502575711102
v -0.7679915002961233 0.20080609280937606 -0.10339278456656381
v -0.7458193739171316 0.2117724152560437 -0.09881445722762922
v -0.7101832397759602 0.23161318755497431 -0.10116476085939555
v -0.6931046719169028 0.24406841089683945 -0.10178636888158285
v -0.6696001357923997 0.2531786115881427 -0.10341602970890994
v -0.6563537851372365 0.2547113422934038 -0.10067191959625621
v -0.6209804082504793 0.2788487742294457 -0.10058792981126456
v -0.5922411690359706 0.2958570612373319 -0.0995536681000188
v -0.576158287626595 0.3036425103131625 -0.09850045465965758
v -0.9739469471243399 0.08766879025937539 -0.10298836447113954
v -0.9578815338756236 0.09714923945151248 -0.10513827487438021
v -0.9466658888358438 0.10683338086074343 -0.10536925064939397
v -0.9202126229537262 0.12745007796401214 -0.10166284644863437
v -0.8980384297050422 0.13635986903153 -0.1032764561296368
v -0.8762650153549608 0.1454786553520202 -0.10156256893445222
v -0.8622446892884247 0.15161384947131715 -0.10115050220921525
v -0.8310335423225708 0.17070526725670984 -0.10427115171635855
v -0.7937844770436137 0.18716596052697748 -0.10526748938341204
v -0.7479737542249028 0.2088323893641065 -0.10335517815945228
v -0.7129699352794978 0.22828064296159684 -0.09621694236759167
v -0.6927102700956057 0.24536910796419512 -0.10385796378425399
v -0.6621753690503901 0.25553872633893376 -0.09714015122432866
v -0.6459456619564514 0.2704312947045848 -0.10251683952311845
v -0.5521002739275057 -0.07483799936134596 0.07665671227603855
v -0.6144098407656626 0.2868458471333412 -0.10244561280665536
v -0.5847008002013844 0.3004310710857904 -0.10200177636349762
v -0.5121064563196311 -0.04784995063014203 0.08075867052768333
v -0.49236818601986126 -0.04420737138074597 0.07882083784345506
v -0.5208447103211885 -0.0636535068431563 0.07307514842521509
v -0.49051100449853235 -0.040347022896625374 0.07341647514318035
v -0.474208043544987 -0.025194236818307472 0.07581914726839147
v -0.5583634431888335 -0.07916979154968323 0.0816572196490591
v -1.0059622107308144 0.039091218352822796 -0.09023042728127044
v -0.9853491013444767 0.013018630360256293 -0.0718396523264524
v -0.9970984054361272 0.029612562284763947 -0.08710579060943135
v -0.967433706037213 -0.03172737120361007 -0.04545571997714201
v -0.9731016864689805 -0.008290698685151693 -0.06116452757577854
v -0.9465116237538018 -0.059134294909415755 -0.025585818701820737
v -0.9636611753657498 -0.041573745977316834 -0.0383500942214008
v -0.9296842034437257 -0.09962658904215636 -0.005046762657743139
v -0.9433849987594751 -0.09321725087737509 -0.01609338304734432
v -0.9509155153392054 -0.06898466088948664 -0.024046871487676487
v -0.9104802918740874 -0.13714909932364844 0.017336219061343163
v -0.9181615952530097 -0.12032997324656594 0.0056368850821891135
v -0.8950653178923449 -0.170972022497313 0.0320255274362982
v -0.8988648928166322 -0.15217211879880835 0.025616104895674677
v -0.8785992920668653 -0.20269629098860031 0.05644018071560536
v -0.8879394867602234 -0.19376182231131267 0.04877988280071408
v -0.8285313652553727 -0.22301811430267132 0.07571874087288846
v -0.8070443590012749 -0.21445022330281308 0.07618302212506771
v -0.7920130473637623 -0.20405285578460067 0.07988871643785546
v -0.7716737924956317 -0.19362585793776357 0.08247926823676013
v -0.753226911247189 -0.17993739200605507 0.06825464243681287
v -0.7320548206444207 -0.1759336570236435 0.08005443704708916
v -0.7279637572203791 -0.17043791661730456 0.08272985223319893
v -0.7113910848761611 -0.16027779088371472 0.07742544323504913
v -0.6996478179714855 -0.15707513662406394 0.08237687746461997
v -0.6827755859715219 -0.1426648356405602 0.08012373854794884
v -0.6694294549749595 -0.14174333426385674 0.0797405525013825
v -0.6526790168400101 -0.13111178968227377 0.07848378657955754
v -0.6346450547811067 -0.12138914877629678 0.0782581942569963
v -0.6146222726195217 -0.1082764785765778 0.08155202216507164
v -0.6150318061222486 -0.11138155122196872 0.07698688185588963
v -0.598736165101131 -0.0996151280994386 0.07911775903164026
v -0.5897286985350279 -0.09746368938438434 0.08334613275667019
v -0.564985637458086 -0.0866884818060738 0.08247925530705419
v -1.0066504864052042 0.0407165693026258 -0.08355920742302757
v -0.9862999654834781 0.006424579145448514 -0.07282420202860523
v -0.9907969708779576 0.01575936405133227 -0.07174239407356263
v -0.9759299329797838 -0.0064264419019586915 -0.05571493076966749
v -0.9646287845981024 -0.04205019765120677 -0.047894940790628296
v -0.9518086173454915 -0.06180132259581017 -0.02795993189489358
v -0.9393837696873638 -0.09519958657769412 -0.013309298476932732
v -0.9748295752403456 -0.0170772367784287 -0.054549418002135336
v -0.960917700274803 -0.0378727383464044 -0.03560557745019554
v -0.9471573278740891 -0.07115082644842964 -0.01921172632478283
v -0.9314698771729968 -0.0991593979663945 -0.005580157218645148
v -0.9143698004946685 -0.12531870109096283 0.009270702886907001
v -0.8985222669336987 -0.1551022062124432 0.03268496464620157
v -0.9414700093127053 -0.07319902653517428 -0.01690530449451027
v -0.9352990313614471 -0.09737219734411708 -0.0029961762092773087
v -0.9149958790389747 -0.13450475047379953 0.016183287636350418
v -0.8993230914289584 -0.16162287076483006 0.03247004620580879
v -0.8842220339948739 -0.19077887361959817 0.04343413357986944
v -0.873546464158057 -0.21463269582503683 0.0667014854613489
v -0.8891223316781505 -0.17335493972344537 0.04340869716574469
v -0.8746175337298502 -0.20553179651087297 0.05525084995764678
v -0.8386828599797289 -0.22503216479597837 0.07734847381606764
v -0.8033599171804279 -0.2123541894960792 0.08072991392506453
v -0.7718629233600917 -0.19386819282175932 0.08152718499868417
v -0.7883468336930566 -0.20106730857443691 0.07678671587483596
v -0.7680404151589293 -0.1868055990450086 0.07679747383074666
v -0.7371456597909858 -0.17282284673216117 0.07653867414192482
v -0.7078857553159105 -0.16073971137240475 0.07745662323229334
v -0.6809113363922659 -0.14811895728817936 0.07574706177334958
v -0.6483996081642976 -0.13230050722825018 0.07967743673277022
v -0.6561460521921383 -0.13281851707698752 0.07614402519570124
v -0.6285760572658998 -0.11585070639035353 0.07389957597957089
v -0.5875594597733979 -0.09958378517255399 0.07856518305750765
v -0.5720576561971659 -0.08961428892266886 0.07788397996114209
v -0.3263066686807083 0.04010959236302723 0.08226202772590492
v -0.023545905133080237 0.3397094046451295 0.020334130252498243
v -0.9959074447375855 0.02370688438634429 -0.07348258486281228
v -0.3117587276280135 0.40315750927774735 -0.081374568743391
v -0.6031294868219716 0.2914835967170913 -0.10658311680973855
v 0.07818711005892659 0.31266328906549434 0.052815477435088624
v -0.8219525586567924 0.16988726714875074 -0.10466609678813747
v -0.43543944237991067 -0.017608565974012075 0.07561096405837738
v -0.2710646798566053 0.3949905182611908 -0.06644335957117795
v -0.16275297230704214 0.13211811246468172 0.08075033197111853
v 0.061634900033504685 0.2510282365542424 0.0808966132136008
v -0.5624793017749866 -0.0877655045735274 0.08136782936324927
v -0.06447602190470075 0.34861849084304175 0.006236831987064135
v 0.0743344430860512 -0.47689463629279527 -0.1226567977859596
v 0.10069697346475744 -0.5204769349976285 -0.12599818938469085
v 0.09178580247586782 -0.5028442898164098 -0.12206091147748042
v 0.11218779634883157 -0.5435378250784534 -0.12992595033145474
v 0.09758888918300677 -0.527591568571421 -0.1262460744070249
v 0.13294876351084983 -0.5778020297227613 -0.12973312489043062
v 0.11998254294852803 -0.5573267357324555 -0.1304799439091954
v 0.1695179543346815 -0.6223000769517676 -0.12090290091546425
v 0.1810808244033157 -0.6187279932684483 -0.11899496196683226
v 0.21008267843464873 -0.6067806416014673 -0.10486521989615939
v 0.22147848720705837 -0.6046877652649675 -0.09163648166760294
v 0.22951587124748088 -0.5946420886347946 -0.08997611535384706
v 0.2477219341725861 -0.5862902932116856 -0.07992115883071493
v 0.2620642792568519 -0.5814771303633582 -0.07470321657987754
v 0.26387417917122136 -0.5871679668993092 -0.07306579349952695
v 0.07315361406238505 -0.47630799739728946 -0.12465991213036862
v 0.09058284333594122 -0.5019479175033343 -0.12356407010204633
v 0.07237274829471199 -0.48282685402396813 -0.12775434038156655
v 0.09399067907118862 -0.5138551660872289 -0.12359356521959629
v 0.10837632986400128 -0.5313919238914139 -0.12640420061963434
v 0.11488345465651051 -0.5608132569378274 -0.12943872707177462
v 0.1361286467555872 -0.5866862939874651 -0.12739789180231237
v 0.14299641390149564 -0.6109523465207941 -0.13174011474090477
v 0.13216359987801476 -0.5881019946442522 -0.12624945582320832
v 0.18617319686372066 -0.6177104371777438 -0.11493316921464461
v 0.20533777765834527 -0.6104570482008139 -0.11010984000009431
v 0.19899570439766381 -0.6139104102992492 -0.10778116562029355
v 0.2215487675010951 -0.5961090268724144 -0.09632101367294894
v 0.22315366174435863 -0.603162401325145 -0.09728968516293122
v 0.24828737808677068 -0.5902971430844954 -0.07888912272331042
v 0.24094711273079503 -0.5880350095200209 -0.08163614559647143
v 0.2791844510048774 -0.5766960813878306 -0.05488630769289642
v 0.2763889527182338 -0.5760265237601354 -0.06625614568422146
v 0.2931727662813913 -0.5682991184696308 -0.059196321821431495
v 0.2892770558554518 -0.5675853599238264 -0.05882803273585637
v 0.3056149435248446 -0.56020211310664 -0.04231203473531169
v 0.3182937907981141 -0.554448978010372 -0.0364245426926397
v 0.3321467860308786 -0.548589768874502 -0.03109827964772102
v 0.3534109155372506 -0.542739692894066 -0.02962640098898965
v 0.36139543338927194 -0.5333988700272654 -0.018617468960592482
v 0.35462226400273583 -0.5402581565042205 -0.02518946556404017
v 0.3705455088437185 -0.5367375765764505 -0.013973474066447321
v 0.3802742830064408 -0.5275218600665507 -0.0033494205665216886
v 0.3794453294070336 -0.5263335628235077 -0.008683811544834276
v 0.39699318617185 -0.5182535462961297 0.0014768695364723748
v 0.4057256511152586 -0.513743055209459 0.007128810374457067
v 0.40719164851399026 -0.5133400553714484 0.010626910876749565
v 0.416861087678692 -0.5074262828023294 0.009673168131168152
v 0.4392480441884243 -0.5018105141253586 0.019480501153460884
v 0.4356006431334694 -0.49968004670252714 0.022209681374603694
v 0.45082551338733867 -0.49473884060846407 0.02955625484583754
v 0.47480803354852386 -0.4854590471256045 0.046192469091976794
v 0.2766833669369866 -0.5694324663357683 -0.06717105522914582
v 0.29721824257749785 -0.5680805670788324 -0.04986340167549407
v 0.2883434368701167 -0.5717032457068874 -0.05787479213011801
v 0.32143693093606507 -0.5601581589642716 -0.045179900190867504
v 0.3158621339759558 -0.5602657823178794 -0.049483432187041994
v 0.34929712734914253 -0.5427363165293598 -0.023385932847408978
v 0.3406863909213314 -0.5485132255246152 -0.03213336307622055
v 0.3690722425245088 -0.5358696212491578 -0.01297737749935236
v 0.36586649800003285 -0.535002841076857 -0.01856121082993779
v 0.3927363579415563 -0.5223926471112353 -0.004362345488170548
v 0.38842437257327744 -0.5248164331857106 -0.005905908999901651
v 0.4167384063477447 -0.506340409804329 0.009227367164673574
v 0.40902953920585305 -0.5185745220547124 0.0063324699125824535
v 0.4346914004257443 -0.5031578429627549 0.022556756268174945
v 0.4587937445789425 -0.49020557794297803 0.03631851552407541
v 0.4781521780286146 -0.4772637472116408 0.04089982925110614
v 0.5000737552084727 -0.4767490390901945 0.057665389564335034
v 0.5219865821098457 -0.4662241503192055 0.062304453717079114
v -0.037224792246323274 -0.2392691715419056 -0.12021754143558082
v -0.027096474020482958 -0.26515240519391714 -0.1177281807888757
v -0.010290237599907489 -0.2930881478370097 -0.12062663663828309
v -0.021633458722734145 -0.2803144825494312 -0.11710349344453963
v 0.008024958667050998 -0.32601279433563846 -0.1222417734803739
v -0.0032341212874218393 -0.3127616343638201 -0.11635249376008537
v 0.03283669095097056 -0.3789896266962204 -0.11950272542508653
v 0.03013023326813537 -0.36324238896540495 -0.12247626503176655
v 0.013029278093056075 -0.34845986069764917 -0.12167041069080446
v 0.05072737139520439 -0.41375931641273184 -0.11835681743821547
v 0.04094229402411865 -0.39012362606463297 -0.12067669216272985
v 0.030555662817398934 -0.37198639699344527 -0.12344477753428985
v 0.0631753609392528 -0.44805589823258607 -0.11761773922246542
v 0.05341774396668849 -0.42060001993085855 -0.11763235077906375
v 0.07259574881237657 -0.4615404719175155 -0.1261030900575783
v -0.030674469169743965 -0.25403578068186944 -0.11707082981116447
v -0.012504482033887123 -0.2783091246022247 -0.11830750684506659
v -0.007731470805914791 -0.3082675852186473 -0.11664743060164864
v -0.0319759451699029 -0.2594879178979943 -0.11661342832147426
v -0.018867696413425367 -0.282590630525332 -0.11807105975600433
v -0.00581250804744019 -0.30929876733053824 -0.11590240681407502
v 0.007688818786362275 -0.32630368556547357 -0.11512485624847237
v 0.01896490392528928 -0.3560049661227829 -0.12314855752036005
v 0.030393085914518433 -0.37772926466008067 -0.1202441975962442
v 0.04064695430042097 -0.40106666028273674 -0.12155490810498679
v 0.021345270134031494 -0.3549018815492756 -0.11928339558774151
v 0.03239437876527864 -0.3724839074961062 -0.12267552297029112
v 0.041058167479668756 -0.40489021071596604 -0.12149417436010222
v 0.04501081601506922 -0.4287577852577022 -0.12387929468975298
v 0.0639835625407453 -0.451094515959102 -0.12667590969955528
v 0.07400358388872126 -0.46595232872132675 -0.12013813832413923
v 0.4658007978440491 -0.48739038860495565 0.04594709826307777
v 0.48706181168226753 -0.47418525540730344 0.050168580677958555
v 0.5040347069602992 -0.47121116209805447 0.05420415716583436
v 0.5342875159523105 -0.45925590267069344 0.07063122766310773
v 0.4403958917747454 -0.49829295950098906 0.02048595429504924
v 0.4656403348231862 -0.48786038640989504 0.03616009555960651
v 0.4913031566872612 -0.48111170045056073 0.043717876085890395
v 0.5049141176451456 -0.47040011115865865 0.05765976550706397
v 0.5319408086529788 -0.46186522245318246 0.06942676839223713
v -0.04031383829556997 -0.22363970788674692 -0.10955384192687925
v -0.04369161958803556 -0.17581787340744776 -0.10174272033726521
v -0.03177915600569385 -0.1506000375206631 -0.09255544042812172
v -0.023218848860342284 -0.12865511717491507 -0.08478153773661275
v -0.011016636002002127 -0.09766699435598072 -0.07476227776023105
v -0.005465810323016018 -0.0864376582678141 -0.06358798271579345
v 0.0029728160691810048 -0.05694433089411263 -0.05523524749412117
v 0.015698362153946318 -0.039423237343176556 -0.043917695292760496
v 0.025550937079618752 -0.01364764473484885 -0.03988593636084994
v -0.032910395551832276 -0.2479339864098376 -0.11881738701761363
v -0.03290104266447282 -0.15768757220174517 -0.09495113787848465
v -0.02699795026339199 -0.13455339372511704 -0.08261915799765188
v -0.020433762995121296 -0.11669849318001642 -0.0761568000202034
v -0.007163500097068834 -0.08383103289887457 -0.06374496014564765
v 0.00301845017949733 -0.057011255008001714 -0.05739900540482974
v 0.013440036036803495 -0.03713614713991262 -0.051115859508574585
v 0.0260632737418214 -0.011199616738618873 -0.0411577865026435
v 0.03213073655350988 0.012596754819214264 -0.025112251660620796
v 0.04515396078511123 0.031259883870569 -0.022857190098783564
v 0.055858107936513274 0.05350217771783676 -0.011730695918065805
v 0.06343727093088347 0.08651493527768749 -0.003042227319800345
v 0.0752163215308628 0.0968323118488913 0.007394894519795674
v 0.08019049650266336 0.1291275392727807 0.014122729337115515
v 0.08759902347007656 0.1529171192352827 0.02504861665713854
v 0.1010705312416663 0.17872978167321682 0.03167050993928898
v 0.04130024069750143 0.03283688744636409 -0.02350467265050589
v 0.05209154873165996 0.05664596701090694 -0.01395177971731257
v 0.05438290944803865 0.08123227688080958 -6.32302281415361e-05
v 0.07193547721826271 0.1034944974840298 0.007524919293948948
v 0.08308000609440663 0.13080091109666558 0.01406392062744255
v 0.09032895295712032 0.15579765499554818 0.02085506652611761
v 0.09828875693687618 0.17271182984930283 0.03218887014463211
v 0.11228500099232057 0.19778879816878364 0.04545193482353693
v 0.2681344697275915 0.07802342639108963 0.08208181055082664
v 0.28592618918305923 0.035708681653407584 0.07590500492822871
v -0.03522469887687054 -0.16491602056686586 -0.10065598850492034
v -0.045977498797112104 -0.181587718562078 -0.10953221976799477
v -0.04406491422154149 -0.23310001420095 -0.11260925390301264
v -0.0271226895603286 -0.13060123970167734 -0.08025501510611402
v -0.034365946489673185 -0.15322827824673407 -0.09747164011178404
v -0.039872835756527863 -0.17242881824507977 -0.101053362021689
v -0.03987471553725522 -0.24401791037375362 -0.11556813365710451
v -0.007161916828197437 -0.09285739378178172 -0.06987542977262565
v -0.019967143403235875 -0.11780213847034023 -0.0778627067473005
v -0.024670998962338025 -0.13097064820671536 -0.08559706867294813
v 0.0028205972388752817 -0.044595388347830806 -0.048110716450369996
v 0.0051299662456975575 -0.06202783354711117 -0.052506025257562754
v -0.006170122515697826 -0.08327075440381632 -0.06589861197452222
v 0.027882673759134197 -0.004207854006122615 -0.03092775437840569
v 0.018850075817105398 -0.02439411771990468 -0.043562832478013354
v 0.008645652928839738 -0.0407539453235873 -0.04923955695409303
v 0.037631490367049165 0.029596145121623528 -0.019857164946328033
v 0.03203513400282793 0.019664815467310456 -0.02258409404006806
v 0.028199295845550088 -0.009432188860330626 -0.03338978567841374
v 0.0491563479031402 0.0653077388080844 -0.006390001468951207
v 0.04726946823884249 0.04006678936496051 -0.014193106824939237
v 0.02985084203045362 0.018479451639598323 -0.02464214515438747
v 0.07646173785007183 0.12215544310064008 0.01229416675877902
v 0.06844817441004693 0.10212480290239621 0.006897014191672848
v 0.06355832824446647 0.08136152338023452 -6.835223213274644e-05
v 0.09380653735063355 0.1610489697926044 0.03155648408947641
v 0.08382262707645864 0.13973644625437903 0.022824721976639498
v 0.07235770939414961 0.12325458579609459 0.015788914821081215
v 0.11767870040785416 0.21088923128232087 0.04057226096980842
v 0.10211717727818913 0.1864568108366487 0.0393225399495788
v 0.0969915828233272 0.16940486951863395 0.03061092785696692
v 0.11136843226104208 0.1939234235841063 0.04336559731751473
v 0.2674114945386784 0.06717834877133873 0.08461104870880531
v 0.3008692888600756 0.014566761184960628 0.07956995167117882
v 0.32137584277516285 -0.025207451486628178 0.08255019386838998
v 0.34493283010615944 -0.062296531102939874 0.08501746533181913
v 0.35646147890966945 -0.10222789840672292 0.07393801110784792
v 0.41513540446174857 -0.19875302321299665 0.08221689891720352
v 0.4441206522504375 -0.24629968423977427 0.08532647478944207
v 0.4348996929559959 -0.22674200104817646 0.07775550893738373
v 0.4530104304038493 -0.26664026315409256 0.08277868172653224
v 0.43878552484981376 -0.2456961989073834 0.08147726045691059
v 0.47084357617404743 -0.2982117696294584 0.07846511531127498
v 0.453741938159269 -0.2870341925273211 0.08473459283394581
v 0.48135721834007594 -0.3236217788839837 0.0830704440796103
v 0.465563535962302 -0.30883013478174826 0.08331004252926517
v 0.5002114219298246 -0.3577244657848888 0.08104710101732851
v 0.4901520015648338 -0.3433605171304444 0.08005794642504217
v 0.5238320231526149 -0.3963882246841123 0.07922482594918415
v 0.5074913413420055 -0.38163737523972635 0.0803020505062442
v 0.5007921304039363 -0.36511349164510554 0.07852949668315747
v 0.5291888932883932 -0.4221478910526678 0.08054661282576382
v 0.5213056445340517 -0.3968752871082442 0.08084231058447751
v 0.5398916061771174 -0.433855607157462 0.08280510737821023
v 0.33902971995501746 -0.05803653930122181 0.08498386247382364
v 0.3839730453651751 -0.147752113341966 0.07882258002309717
v 0.3987276086223865 -0.1667471316638583 0.07771277710434737
v 0.41223900094054655 -0.2010526058166262 0.07935763522187657
v 0.4268746144145037 -0.22760060301575283 0.07987435383655994
v 0.4415339752813752 -0.25209136678415656 0.08287450551599115
v 0.45520112753473374 -0.270370777328909 0.08010705470963429
v 0.45436214120116436 -0.2783012021738133 0.0775680268482776
v 0.4690004483669477 -0.30373517536679806 0.0814797668131701
v 0.48829362006776267 -0.3264194728668955 0.0826540561314376
v 0.46872398419190825 -0.30566919188505354 0.08155220983656893
v 0.48262411147608986 -0.3335683404261632 0.08251813995905692
v 0.49578636903885354 -0.3505999585509167 0.07895677955591413
v 0.5063025766221723 -0.37365451280788536 0.07739610463229994
v 0.5215076919664265 -0.4059737609349068 0.08538241038842131
v 0.5082451333986189 -0.37849072572488585 0.08166324806429026
v 0.5232787095146512 -0.40791495773424324 0.08586821482655764
v 0.5451020994765418 -0.4431884725208231 0.08220164873040198
v 0.11339383956706418 0.224727750479768 0.052616933370182827
v 0.18727567032417583 0.21581842248041203 0.0849290663848975
v 0.21103908489278309 0.16941580109525803 0.08636397229300892
v 0.20607742863031248 0.18921238980087518 0.07858325860199193
v 0.22864410975752117 0.1356578947904356 0.07617119754478985
v 0.22789116380891705 0.15689880800931613 0.08252122114185097
v 0.2444891785948243 0.1089681820362708 0.07987497312320888
v 0.23714020231776942 0.12787793566580394 0.0800803261705791
v 0.25514182316861667 0.08777613482010638 0.08167454531098163
v 0.2792731420149385 0.04503873193174268 0.07796949689212294
v 0.11240513356672571 0.2158212458415441 0.05019182683154453
v 0.1825823605398479 0.22238456373380386 0.07951816456586545
v 0.1953858147287417 0.20077369536920092 0.0799227134138667
v 0.21047062183535015 0.17676277721031602 0.08028550810088843
v 0.21676609956218704 0.15305859624039544 0.07878573210908246
v 0.2166062676869423 0.16305302609532546 0.08213560334223553
v 0.22846873356973812 0.13879838069319975 0.08399198642105422
v 0.24280558334260366 0.11643754823180179 0.08023043754905691
v 0.25472411205536677 0.09380718171579572 0.08706177083478336
v 0.24932050352286525 0.10109385143379913 0.08377518467751859
v 0.26371567262346474 0.08560325562484035 0.08073481207992628
v 0.267476291506442 0.06104589603993984 0.08139687775403284
v 0.2854255870174006 0.031690145230782306 0.07444999399035486
v 0.28895576754862146 0.034324448058498734 0.0805289017327581
v 0.30104702192875515 -0.010239366388200161 0.08204374572920925
v 0.30300126065655136 0.012142197085914278 0.086975557841809
v 0.3341566148000093 -0.04863387130982929 0.0808045546763887
v 0.3231305985789246 -0.03662365925260482 0.08797955912544633
v 0.3469014460258659 -0.08498638484377047 0.07719633124047695
v 0.4183682840686361 -0.2119804937382768 0.07814284351948343
v 0.44751519519071165 -0.26581240965358655 0.07742444189613386
v 0.2991265600558525 0.015064388050167752 0.07570790219842079
v 0.29096900420704613 0.038165704353844525 0.07733867199670123
v 0.29527174295545977 0.0121139891042082 0.08280523489413599
v 0.3141271002489716 -0.017562210525063928 0.08079337360238607
v 0.323162434132918 -0.030726347877800195 0.07954791098046818
v 0.3455580361197297 -0.08067640677119137 0.08475703513729865
v 0.43317942145489724 -0.2277304796285761 0.08055228172035757
v 0.44125604382892764 -0.25719950869747393 0.07859704810608786
v 0.46169588443534204 -0.28177669475732037 0.08302797208650285
v 0.20188507747125872 0.2027918901634472 0.07915113328640185
v 0.19986474306860524 0.19416574186098723 0.08079564776426217
v 0.285565786731423 0.048551947738070325 0.0784196496800837
v 0.43265102662823623 -0.2299495342125095 0.07985198461928626
v 0.27122323383590125 0.05594565294839466 0.08377855324251451
v 0.41920784017918733 -0.20355630256508933 0.0785181320185924
v 0.1179256099468558 0.2359368834059424 0.05801381943274289
v 0.1048839581810856 0.2051680323768301 0.04287678244354209
v 0.3910223229117031 -0.1511518833647398 0.08072993851431269
v 0.3223383624859916 -0.02932249306787238 0.0788533798393445
v 0.45648709847947355 -0.500396362851151 0.03430857171848081
v -0.04996996591755936 -0.19862341243273818 -0.11374664489137781
v -0.031174384657875722 -0.14969348123111945 -0.09276418378556546
v 0.49426906365427814 -0.3461850132061675 0.08148593949072913
