v -0.21220435202121735 0.5918803811073303 -0.15342485904693604 1.0 0.0 0.0
v -0.20634323358535767 0.5766414403915405 -0.14170260727405548 1.0 0.0 0.0
v 0.23910194635391235 0.5215469598770142 0.13963118195533752 1.0 0.0 0.0
v 0.09843505173921585 0.10306291282176971 0.14314785599708557 1.0 0.0 0.0
v 0.19221298396587372 0.37267446517944336 0.1454923003911972 1.0 0.0 0.0
v -0.19110430777072906 0.697380542755127 -0.1651470959186554 1.0 0.0 0.0
v -0.18289874494075775 0.6586971282958984 -0.15225262939929962 1.0 0.0 0.0
v -0.16179871559143066 0.7677140235900879 -0.16163042187690735 1.0 0.0 0.0
v -0.15242092311382294 0.7290306091308594 -0.1440470665693283 1.0 0.0 0.0
v -0.1418709009885788 0.6821416616439819 -0.13349704444408417 1.0 0.0 0.0
v -0.13366533815860748 0.6469749212265015 -0.11239700764417648 1.0 0.0 0.0
v -0.1348375529050827 0.7794362306594849 -0.14873595535755157 1.0 0.0 0.0
v -0.1266319900751114 0.741925060749054 -0.13349704444408417 1.0 0.0 0.0
v -0.11490974575281143 0.6962082982063293 -0.12177480012178421 1.0 0.0 0.0
v -0.10670417547225952 0.659869372844696 -0.10184699296951294 1.0 0.0 0.0
v -0.10670417547225952 0.7712306976318359 -0.13818594813346863 1.0 0.0 0.0
v -0.21103212237358093 0.6786249876022339 -0.18155823647975922 1.0 0.0 0.0
v -0.19579321146011353 0.7313750386238098 -0.18507491052150726 1.0 0.0 0.0
v -0.17352095246315002 0.6751083135604858 -0.15225262939929962 1.0 0.0 0.0
v -0.16179871559143066 0.7173083424568176 -0.15694153308868408 1.0 0.0 0.0
v -0.1489042490720749 0.7618528604507446 -0.16045820713043213 1.0 0.0 0.0
v -0.13366533815860748 0.6692471504211426 -0.13349704444408417 1.0 0.0 0.0
v -0.12077086418867111 0.7149639129638672 -0.13349704444408417 1.0 0.0 0.0
v -0.10787639766931534 0.7606806755065918 -0.13701371848583221 1.0 0.0 0.0
v -0.11490974575281143 0.7665417790412903 -0.12998037040233612 1.0 0.0 0.0
v -0.11373752355575562 0.6575249433517456 -0.11005256325006485 1.0 0.0 0.0
v -0.12545976042747498 0.7020694613456726 -0.1288081556558609 1.0 0.0 0.0
v -0.13600978255271912 0.741925060749054 -0.13818594813346863 1.0 0.0 0.0
v -0.13835422694683075 0.6622138023376465 -0.11943035572767258 1.0 0.0 0.0
v -0.1500764638185501 0.7055861353874207 -0.1428748369216919 1.0 0.0 0.0
v -0.16179871559143066 0.7501306533813477 -0.1510803997516632 1.0 0.0 0.0
v -0.17352095246315002 0.7946751713752747 -0.1663193255662918 1.0 0.0 0.0
v -0.18289874494075775 0.6575249433517456 -0.1440470665693283 1.0 0.0 0.0
v -0.1946209818124771 0.700897216796875 -0.1663193255662918 1.0 0.0 0.0
v -0.22744326293468475 0.6622138023376465 -0.17686933279037476 1.0 0.0 0.0
v -0.10787639766931534 0.7700584530830383 -0.12529148161411285 1.0 0.0 0.0
v -0.11608196794986725 0.733719527721405 -0.12646369636058807 1.0 0.0 0.0
v -0.12545976042747498 0.6938638687133789 -0.11825813353061676 1.0 0.0 0.0
v -0.1348375529050827 0.6528360247612 -0.11591368168592453 1.0 0.0 0.0
v -0.13718199729919434 0.7700584530830383 -0.14170260727405548 1.0 0.0 0.0
v -0.14538757503032684 0.7313750386238098 -0.1428748369216919 1.0 0.0 0.0
v -0.15593759715557098 0.6903471946716309 -0.14053039252758026 1.0 0.0 0.0
v -0.1653153896331787 0.6493193507194519 -0.13466927409172058 1.0 0.0 0.0
v -0.1653153896331787 0.7806084752082825 -0.15928597748279572 1.0 0.0 0.0
v -0.17586539685726166 0.7395806312561035 -0.16163042187690735 1.0 0.0 0.0
v -0.18524318933486938 0.6985527873039246 -0.15694153308868408 1.0 0.0 0.0
v -0.1946209818124771 0.659869372844696 -0.15225262939929962 1.0 0.0 0.0
v -0.0973263829946518 0.7325472831726074 -0.1206025779247284 1.0 0.0 0.0
v -0.08912081271409988 0.6985527873039246 -0.10184699296951294 1.0 0.0 0.0
v -0.07974302023649216 0.6575249433517456 -0.08895252645015717 1.0 0.0 0.0
v -0.06215965747833252 0.7641973495483398 -0.11005256325006485 1.0 0.0 0.0
v -0.05278186500072479 0.7278583645820618 -0.08778030425310135 1.0 0.0 0.0
v -0.04457629844546318 0.6926916837692261 -0.07019694149494171 1.0 0.0 0.0
v -0.03402628004550934 0.6481471657752991 -0.054958026856184006 1.0 0.0 0.0
v -0.00823734886944294 0.7137916684150696 -0.05730247497558594 1.0 0.0 0.0
v 0.0011404446559026837 0.6727638244628906 -0.03737466409802437 1.0 0.0 0.0
v 0.021068254485726357 0.7278583645820618 -0.040891338139772415 1.0 0.0 0.0
v 0.030446048825979233 0.6903471946716309 -0.029169097542762756 1.0 0.0 0.0
v 0.03982384130358696 0.6504915952682495 -0.012757958844304085 1.0 0.0 0.0
v 0.05389053001999855 0.6880027651786804 -0.01393018290400505 1.0 0.0 0.0
v 0.06444054841995239 0.6458026766777039 0.003653179155662656 1.0 0.0 0.0
v 0.09609059989452362 0.6880027651786804 0.009514300152659416 1.0 0.0 0.0
v 0.10546839237213135 0.6481471657752991 0.02240876480937004 1.0 0.0 0.0
v 0.14884068071842194 0.6551804542541504 0.0564032644033432 1.0 0.0 0.0
v 0.17697405815124512 0.6504915952682495 0.07633107900619507 1.0 0.0 0.0
v -0.10435973107814789 0.6762804985046387 -0.10888034105300903 1.0 0.0 0.0
v -0.08912081271409988 0.7266861796379089 -0.10888034105300903 1.0 0.0 0.0
v -0.06567633152008057 0.704413890838623 -0.09246920049190521 1.0 0.0 0.0
v -0.05278186500072479 0.7501306533813477 -0.0995025485754013 1.0 0.0 0.0
v -0.024648485705256462 0.6868305206298828 -0.06550804525613785 1.0 0.0 0.0
v -0.011754021048545837 0.730202853679657 -0.0690247192978859 1.0 0.0 0.0
v 0.17931851744651794 0.6528360247612 0.0786755234003067 1.0 0.0 0.0
v 0.09609059989452362 0.6809694170951843 0.018892092630267143 1.0 0.0 0.0
v 0.0574072040617466 0.6622138023376465 -0.005724614020437002 1.0 0.0 0.0
v 0.04568496346473694 0.7079305648803711 -0.018619079142808914 1.0 0.0 0.0
v 0.026929374784231186 0.6586971282958984 -0.01979130320250988 1.0 0.0 0.0
v 0.016379358246922493 0.6985527873039246 -0.035030215978622437 1.0 0.0 0.0
v -0.0023762278724461794 0.6481471657752991 -0.03620244190096855 1.0 0.0 0.0
v -0.012926245108246803 0.6915194392204285 -0.054958026856184006 1.0 0.0 0.0
v -0.023476261645555496 0.7313750386238098 -0.0619913712143898 1.0 0.0 0.0
v -0.04809296876192093 0.6622138023376465 -0.06785248965024948 1.0 0.0 0.0
v -0.05981520935893059 0.7067583203315735 -0.0842636302113533 1.0 0.0 0.0
v -0.07153744995594025 0.7513028383255005 -0.09833031892776489 1.0 0.0 0.0
v -0.0902930349111557 0.6751083135604858 -0.09481364488601685 1.0 0.0 0.0
v -0.10318750143051147 0.7219972610473633 -0.11591368168592453 1.0 0.0 0.0
v 0.2121407836675644 0.656352698802948 0.09860333800315857 1.0 0.0 0.0
v 0.1687684953212738 0.6657304763793945 0.06695327907800674 1.0 0.0 0.0
v 0.13360176980495453 0.6434582471847534 0.047025471925735474 1.0 0.0 0.0
v 0.10546839237213135 0.6680749654769897 0.029442111030220985 1.0 0.0 0.0
v 0.06795722246170044 0.6868305206298828 -0.0010357174323871732 1.0 0.0 0.0
v 0.0574072040617466 0.6434582471847534 0.007169851567596197 1.0 0.0 0.0
v 0.024584926664829254 0.697380542755127 -0.029169097542762756 1.0 0.0 0.0
v 0.015207134187221527 0.6575249433517456 -0.02565242350101471 1.0 0.0 0.0
v -0.0023762278724461794 0.7219972610473633 -0.05026913061738014 1.0 0.0 0.0
v -0.011754021048545837 0.6809694170951843 -0.04792468249797821 1.0 0.0 0.0
v -0.021131813526153564 0.641113817691803 -0.04323578625917435 1.0 0.0 0.0
v -0.03754295036196709 0.7091028094291687 -0.07488583773374557 1.0 0.0 0.0
v -0.04692074656486511 0.6692471504211426 -0.06785248965024948 1.0 0.0 0.0
v -0.07270967960357666 0.7466139793395996 -0.0995025485754013 1.0 0.0 0.0
v -0.08091524243354797 0.7079305648803711 -0.09598587453365326 1.0 0.0 0.0
v -0.09146526455879211 0.6645582914352417 -0.09012474864721298 1.0 0.0 0.0
v -0.05395409092307091 0.316407710313797 0.00013650668552145362 1.0 0.0 0.0
v -0.04457629844546318 0.27537986636161804 0.01654764451086521 1.0 0.0 0.0
v -0.035198502242565155 0.24021314084529877 0.0341310054063797 1.0 0.0 0.0
v -0.029337383806705475 0.3375077545642853 0.00834207609295845 1.0 0.0 0.0
v -0.0199595894664526 0.2941354513168335 0.02826988510787487 1.0 0.0 0.0
v -0.009409572929143906 0.255452036857605 0.041164349764585495 1.0 0.0 0.0
v -3.17794838338159e-05 0.21442420780658722 0.05405881628394127 1.0 0.0 0.0
v -0.011754021048545837 0.37033000588417053 0.01654764451086521 1.0 0.0 0.0
v -0.0012040035799145699 0.3304744064807892 0.03061433508992195 1.0 0.0 0.0
v 0.007001565303653479 0.2929632365703583 0.04233657568693161 1.0 0.0 0.0
v 0.01755158230662346 0.2495909333229065 0.0564032644033432 1.0 0.0 0.0
v 0.0281016007065773 0.20739085972309113 0.07515884935855865 1.0 0.0 0.0
v 0.024584926664829254 0.40080785751342773 0.0341310054063797 1.0 0.0 0.0
v 0.03630716726183891 0.3550910949707031 0.047025471925735474 1.0 0.0 0.0
v 0.04451273754239082 0.316407710313797 0.061092160642147064 1.0 0.0 0.0
v 0.055062755942344666 0.2742076516151428 0.07046995311975479 1.0 0.0 0.0
v 0.06444054841995239 0.2355242371559143 0.09274221211671829 1.0 0.0 0.0
v 0.05975165218114853 0.4265967905521393 0.05054214596748352 1.0 0.0 0.0
v 0.07030166685581207 0.38674116134643555 0.06578105688095093 1.0 0.0 0.0
v 0.0796794593334198 0.344541072845459 0.07984774559736252 1.0 0.0 0.0
v 0.08905725181102753 0.30468547344207764 0.09391443431377411 1.0 0.0 0.0
v 0.09843505173921585 0.2636576294898987 0.11267002671957016 1.0 0.0 0.0
v 0.10781284421682358 0.22497422993183136 0.1302533894777298 1.0 0.0 0.0
v 0.08905725181102753 0.4430079162120819 0.06460883468389511 1.0 0.0 0.0
v 0.09960727393627167 0.40198007225990295 0.07515884935855865 1.0 0.0 0.0
v 0.1089850664138794 0.36329665780067444 0.09391443431377411 1.0 0.0 0.0
v 0.11953508108854294 0.31992438435554504 0.1079811304807663 1.0 0.0 0.0
v 0.12774065136909485 0.28358542919158936 0.12204781919717789 1.0 0.0 0.0
v 0.11250174045562744 0.44418013095855713 0.07750330120325089 1.0 0.0 0.0
v 0.12187953293323517 0.40198007225990295 0.09391443431377411 1.0 0.0 0.0
v 0.1312573254108429 0.36446890234947205 0.10680890083312988 1.0 0.0 0.0
v 0.14063511788845062 0.32695773243904114 0.11970336735248566 1.0 0.0 0.0
v 0.15001291036605835 0.2859298884868622 0.1372867375612259 1.0 0.0 0.0
v 0.14297956228256226 0.4922413229942322 0.08101997524499893 1.0 0.0 0.0
v 0.15118514001369476 0.4559023678302765 0.1009477823972702 1.0 0.0 0.0
v 0.16290737688541412 0.41018563508987427 0.1150144711136818 1.0 0.0 0.0
v 0.17111293971538544 0.37267446517944336 0.1302533894777298 1.0 0.0 0.0
v 0.17814628779888153 0.5320969223976135 0.1009477823972702 1.0 0.0 0.0
v 0.18869630992412567 0.48989689350128174 0.1150144711136818 1.0 0.0 0.0
v 0.19690187275409698 0.4512134790420532 0.12908115983009338 1.0 0.0 0.0
v 0.2062796652317047 0.41487452387809753 0.14783674478530884 1.0 0.0 0.0
v 0.2062796652317047 0.5297524929046631 0.1232200413942337 1.0 0.0 0.0
v 0.21565745770931244 0.4875524342060089 0.1384589523077011 1.0 0.0 0.0
v 0.23089636862277985 0.5578858852386475 0.12439226359128952 1.0 0.0 0.0
v 0.2637186646461487 0.5883637070655823 0.1454923003911972 1.0 0.0 0.0
v 0.26840755343437195 0.611808180809021 0.1443200707435608 1.0 0.0 0.0
v 0.24730750918388367 0.5367858409881592 0.14666453003883362 1.0 0.0 0.0
v 0.23675750195980072 0.5789859294891357 0.1302533894777298 1.0 0.0 0.0
v 0.22386303544044495 0.47700241208076477 0.1454923003911972 1.0 0.0 0.0
v 0.2121407836675644 0.5203747153282166 0.12908115983009338 1.0 0.0 0.0
v 0.20159077644348145 0.5625748038291931 0.11032557487487793 1.0 0.0 0.0
v 0.20862410962581635 0.4254245460033417 0.14900897443294525 1.0 0.0 0.0
v 0.19690187275409698 0.46762463450431824 0.1302533894777298 1.0 0.0 0.0
v 0.18635186553001404 0.5098246932029724 0.11735892295837402 1.0 0.0 0.0
v 0.1758018434047699 0.3761911392211914 0.13142560422420502 1.0 0.0 0.0
v 0.16290737688541412 0.4207356572151184 0.11970336735248566 1.0 0.0 0.0
v 0.15118514001369476 0.46645238995552063 0.10212000459432602 1.0 0.0 0.0
v 0.14063511788845062 0.5098246932029724 0.08101997524499893 1.0 0.0 0.0
v 0.14884068071842194 0.31406325101852417 0.12908115983009338 1.0 0.0 0.0
v 0.13711844384670258 0.3597800135612488 0.11149779707193375 1.0 0.0 0.0
v 0.12656842172145844 0.40080785751342773 0.09977556020021439 1.0 0.0 0.0
v 0.11484618484973907 0.44418013095855713 0.07984774559736252 1.0 0.0 0.0
v 0.11953508108854294 0.30351322889328003 0.11735892295837402 1.0 0.0 0.0
v 0.10664061456918716 0.34922999143600464 0.1009477823972702 1.0 0.0 0.0
v 0.0949183776974678 0.39377450942993164 0.08101997524499893 1.0 0.0 0.0
v 0.08436835557222366 0.4359745681285858 0.06695327907800674 1.0 0.0 0.0
v 0.09843505173921585 0.2636576294898987 0.11032557487487793 1.0 0.0 0.0
v 0.08788502961397171 0.30468547344207764 0.09625888615846634 1.0 0.0 0.0
v 0.07616279274225235 0.34922999143600464 0.07984774559736252 1.0 0.0 0.0
v 0.06444054841995239 0.39260226488113403 0.05991993844509125 1.0 0.0 0.0
v 0.0867128074169159 0.14760743081569672 0.13142560422420502 1.0 0.0 0.0
v 0.07499056309461594 0.1909797191619873 0.11853114515542984 1.0 0.0 0.0
v 0.06326832622289658 0.2343520224094391 0.09391443431377411 1.0 0.0 0.0
v 0.052718307822942734 0.2777242958545685 0.07281440496444702 1.0 0.0 0.0
v 0.040996063500642776 0.31992438435554504 0.06695327907800674 1.0 0.0 0.0
v 0.030446048825979233 0.3597800135612488 0.04819769784808159 1.0 0.0 0.0
v 0.06912944465875626 0.07141286134719849 0.13142560422420502 1.0 0.0 0.0
v 0.0574072040617466 0.11361292749643326 0.11267002671957016 1.0 0.0 0.0
v 0.046857185661792755 0.1546407788991928 0.10212000459432602 1.0 0.0 0.0
v 0.035134945064783096 0.1980130672454834 0.07984774559736252 1.0 0.0 0.0
v 0.02341270260512829 0.241385355591774 0.06929773092269897 1.0 0.0 0.0
v 0.01169046200811863 0.2847576439380646 0.05171436816453934 1.0 0.0 0.0
v 0.0011404446559026837 0.32695773243904114 0.03178655728697777 1.0 0.0 0.0
v -0.010581796988844872 0.37033000588417053 0.017719868570566177 1.0 0.0 0.0
v 0.024584926664829254 0.13354073464870453 0.09274221211671829 1.0 0.0 0.0
v 0.012862686067819595 0.17456859350204468 0.07281440496444702 1.0 0.0 0.0
v 0.0011404446559026837 0.21911309659481049 0.061092160642147064 1.0 0.0 0.0
v -0.010581796988844872 0.26717430353164673 0.03999212756752968 1.0 0.0 0.0
v -0.021131813526153564 0.3070299029350281 0.024753212928771973 1.0 0.0 0.0
v -0.03285405412316322 0.34805774688720703 0.007169851567596197 1.0 0.0 0.0
v -0.023476261645555496 0.22614644467830658 0.041164349764585495 1.0 0.0 0.0
v -0.035198502242565155 0.26951873302459717 0.02592543698847294 1.0 0.0 0.0
v -0.04809296876192093 0.3152354955673218 0.00834207609295845 1.0 0.0 0.0
v 0.24613529443740845 0.6059470772743225 0.13494227826595306 1.0 0.0 0.0
v 0.23792971670627594 0.5696080923080444 0.13377006351947784 1.0 0.0 0.0
v 0.2285519242286682 0.5285802483558655 0.14314785599708557 1.0 0.0 0.0
v 0.21917413175106049 0.49106910824775696 0.14080339670181274 1.0 0.0 0.0
v 0.21096856892108917 0.45238569378852844 0.14666453003883362 1.0 0.0 0.0
v 0.20159077644348145 0.4113578498363495 0.14783674478530884 1.0 0.0 0.0
v 0.1840074062347412 0.5367858409881592 0.1079811304807663 1.0 0.0 0.0
v 0.17345739901065826 0.494585782289505 0.11149779707193375 1.0 0.0 0.0
v 0.16525182127952576 0.45355793833732605 0.11384224891662598 1.0 0.0 0.0
v 0.15587402880191803 0.41721898317337036 0.11267002671957016 1.0 0.0 0.0
v 0.1453240066766739 0.3750189244747162 0.12204781919717789 1.0 0.0 0.0
v 0.13594621419906616 0.3328188359737396 0.12087558954954147 1.0 0.0 0.0
v 0.12774065136909485 0.2964799106121063 0.1232200413942337 1.0 0.0 0.0
v 0.08905725181102753 0.1323685199022293 0.13611450791358948 1.0 0.0 0.0
v 0.07850723713636398 0.08899622410535812 0.14080339670181274 1.0 0.0 0.0
v 0.07030166685581207 0.05148505046963692 0.13963118195533752 1.0 0.0 0.0
v 0.1312573254108429 0.5039635896682739 0.08101997524499893 1.0 0.0 0.0
v 0.12070730328559875 0.45941904187202454 0.08219219744205475 1.0 0.0 0.0
v 0.11250174045562744 0.42425233125686646 0.0786755234003067 1.0 0.0 0.0
v 0.1019517183303833 0.3820522725582123 0.0857088714838028 1.0 0.0 0.0
v 0.09140170365571976 0.3386799693107605 0.08805331587791443 1.0 0.0 0.0
v 0.08319613337516785 0.29765212535858154 0.09274221211671829 1.0 0.0 0.0
v 0.07381834089756012 0.26131317019462585 0.09625888615846634 1.0 0.0 0.0
v 0.06444054841995239 0.21911309659481049 0.10329223424196243 1.0 0.0 0.0
v 0.055062755942344666 0.18042971193790436 0.09977556020021439 1.0 0.0 0.0
v 0.04568496346473694 0.14174631237983704 0.10680890083312988 1.0 0.0 0.0
v 0.03630716726183891 0.09954623878002167 0.10680890083312988 1.0 0.0 0.0
v 0.0867128074169159 0.4430079162120819 0.06460883468389511 1.0 0.0 0.0
v 0.07733501493930817 0.4043245315551758 0.06578105688095093 1.0 0.0 0.0
v 0.06678499281406403 0.36329665780067444 0.06812550872564316 1.0 0.0 0.0
v 0.058579426258802414 0.3222688138484955 0.07046995311975479 1.0 0.0 0.0
v 0.04920163378119469 0.28358542919158936 0.0786755234003067 1.0 0.0 0.0
v 0.038651615381240845 0.241385355591774 0.07515884935855865 1.0 0.0 0.0
v 0.030446048825979233 0.20270197093486786 0.07750330120325089 1.0 0.0 0.0
v 0.01989603042602539 0.1616741269826889 0.08336441963911057 1.0 0.0 0.0
v 0.04802941158413887 0.4254245460033417 0.04585324972867966 1.0 0.0 0.0
v 0.038651615381240845 0.3832244873046875 0.04819769784808159 1.0 0.0 0.0
v 0.030446048825979233 0.34805774688720703 0.049369920045137405 1.0 0.0 0.0
v 0.021068254485726357 0.30585768818855286 0.05288659408688545 1.0 0.0 0.0
v 0.010518237948417664 0.2636576294898987 0.0564032644033432 1.0 0.0 0.0
v 0.0023126688320189714 0.22614644467830658 0.05874771252274513 1.0 0.0 0.0
v -0.007065124344080687 0.18629083037376404 0.06578105688095093 1.0 0.0 0.0
v -0.00823734886944294 0.36446890234947205 0.017719868570566177 1.0 0.0 0.0
v -0.0164429172873497 0.32578548789024353 0.021236540749669075 1.0 0.0 0.0
v -0.024648485705256462 0.29061877727508545 0.021236540749669075 1.0 0.0 0.0
v -0.035198502242565155 0.24607425928115845 0.03061433508992195 1.0 0.0 0.0
v -0.0680207759141922 0.3023410141468048 -0.002207941608503461 1.0 0.0 0.0
v -0.2227543592453003 0.6352526545524597 -0.1733526587486267 1.0 0.0 0.0
v -0.17352095246315002 0.6188415288925171 -0.1358414888381958 1.0 0.0 0.0
v -0.16297093033790588 0.5778136849403381 -0.12177480012178421 1.0 0.0 0.0
v -0.15359313786029816 0.5367858409881592 -0.11122478544712067 1.0 0.0 0.0
v -0.1430431306362152 0.494585782289505 -0.09246920049190521 1.0 0.0 0.0
v -0.13366533815860748 0.45473015308380127 -0.07605805993080139 1.0 0.0 0.0
v -0.12311531603336334 0.4137023091316223 -0.06433582305908203 1.0 0.0 0.0
v -0.12311531603336334 0.6047748327255249 -0.0995025485754013 1.0 0.0 0.0
v -0.1125652939081192 0.5625748038291931 -0.0842636302113533 1.0 0.0 0.0
v -0.11608196794986725 0.5742970108985901 -0.08660808205604553 1.0 0.0 0.0
v -0.1266319900751114 0.6188415288925171 -0.0995025485754013 1.0 0.0 0.0
v -0.11490974575281143 0.39494672417640686 -0.05378580465912819 1.0 0.0 0.0
v -0.12545976042747498 0.43714678287506104 -0.06668026745319366 1.0 0.0 0.0
v -0.13835422694683075 0.4852079749107361 -0.08309140801429749 1.0 0.0 0.0
v -0.1500764638185501 0.5285802483558655 -0.0995025485754013 1.0 0.0 0.0
v -0.16062648594379425 0.5684359073638916 -0.11474145948886871 1.0 0.0 0.0
v -0.1723487228155136 0.6164970993995667 -0.1358414888381958 1.0 0.0 0.0
v -0.2157210260629654 0.6200137734413147 -0.15928597748279572 1.0 0.0 0.0
v -0.11373752355575562 0.38674116134643555 -0.05026913061738014 1.0 0.0 0.0
v -0.11022084951400757 0.5825026035308838 -0.08309140801429749 1.0 0.0 0.0
v -0.1195986419916153 0.5438191890716553 -0.08309140801429749 1.0 0.0 0.0
v -0.12897643446922302 0.5027913451194763 -0.07957473397254944 1.0 0.0 0.0
v -0.13835422694683075 0.46645238995552063 -0.08074695616960526 1.0 0.0 0.0
v -0.14421534538269043 0.6129804253578186 -0.11708590388298035 1.0 0.0 0.0
v -0.15359313786029816 0.5731247663497925 -0.11122478544712067 1.0 0.0 0.0
v -0.16297093033790588 0.5332691669464111 -0.11122478544712067 1.0 0.0 0.0
v -0.17469318211078644 0.608291506767273 -0.13115260004997253 1.0 0.0 0.0
v -0.18407097458839417 0.567263662815094 -0.13115260004997253 1.0 0.0 0.0
v -0.10318750143051147 0.5180302858352661 -0.07136916369199753 1.0 0.0 0.0
v -0.09263748675584793 0.4793468713760376 -0.05847470089793205 1.0 0.0 0.0
v -0.0832596942782402 0.43831902742385864 -0.04206356406211853 1.0 0.0 0.0
v -0.07270967960357666 0.3961189389228821 -0.03151354566216469 1.0 0.0 0.0
v -0.06333187967538834 0.3539188802242279 -0.016274631023406982 1.0 0.0 0.0
v -0.0973263829946518 0.6200137734413147 -0.08543585240840912 1.0 0.0 0.0
v -0.08677636831998825 0.5754692554473877 -0.07488583773374557 1.0 0.0 0.0
v -0.07739857584238052 0.5367858409881592 -0.05964692309498787 1.0 0.0 0.0
v -0.0680207759141922 0.49810245633125305 -0.049096908420324326 1.0 0.0 0.0
v -0.05864298716187477 0.45941904187202454 -0.030341321602463722 1.0 0.0 0.0
v -0.04809296876192093 0.41487452387809753 -0.015102406963706017 1.0 0.0 0.0
v -0.0387151762843132 0.3750189244747162 -0.008069062605500221 1.0 0.0 0.0
v -0.06919300556182861 0.6129804253578186 -0.07254139333963394 1.0 0.0 0.0
v -0.05981520935893059 0.5742970108985901 -0.0619913712143898 1.0 0.0 0.0
v -0.05043741688132286 0.5356135964393616 -0.04792468249797821 1.0 0.0 0.0
v -0.03988739848136902 0.49106910824775696 -0.032685767859220505 1.0 0.0 0.0
v -0.03168183192610741 0.45355793833732605 -0.01744685508310795 1.0 0.0 0.0
v -0.02230403758585453 0.41604676842689514 0.0013087308034300804 1.0 0.0 0.0
v -0.023476261645555496 0.6047748327255249 -0.04323578625917435 1.0 0.0 0.0
v -0.01409846916794777 0.5660914778709412 -0.03151354566216469 1.0 0.0 0.0
v -0.004720676224678755 0.526235818862915 -0.015102406963706017 1.0 0.0 0.0
v 0.005829341243952513 0.48286354541778564 0.00013650668552145362 1.0 0.0 0.0
v 0.015207134187221527 0.4418357014656067 0.013030972331762314 1.0 0.0 0.0
v 0.010518237948417664 0.6317359805107117 -0.023307975381612778 1.0 0.0 0.0
v 0.021068254485726357 0.5907081365585327 -0.006896838080137968 1.0 0.0 0.0
v 0.03161827102303505 0.5473358631134033 0.00834207609295845 1.0 0.0 0.0
v 0.03982384130358696 0.5098246932029724 0.023580988869071007 1.0 0.0 0.0
v 0.0503738597035408 0.46762463450431824 0.0341310054063797 1.0 0.0 0.0
v 0.0503738597035408 0.6059470772743225 0.003653179155662656 1.0 0.0 0.0
v 0.060923874378204346 0.563746988773346 0.018892092630267143 1.0 0.0 0.0
v 0.06912944465875626 0.5285802483558655 0.03178655728697777 1.0 0.0 0.0
v 0.0796794593334198 0.48403576016426086 0.049369920045137405 1.0 0.0 0.0
v 0.07381834089756012 0.6071193218231201 0.018892092630267143 1.0 0.0 0.0
v 0.08202391117811203 0.5684359073638916 0.03764767944812775 1.0 0.0 0.0
v 0.09374614804983139 0.5215469598770142 0.047025471925735474 1.0 0.0 0.0
v 0.1019517183303833 0.4863802194595337 0.0634366124868393 1.0 0.0 0.0
v 0.11367396265268326 0.6141526103019714 0.041164349764585495 1.0 0.0 0.0
v 0.12305175513029099 0.5731247663497925 0.05405881628394127 1.0 0.0 0.0
v 0.13477399945259094 0.5274080634117126 0.06812550872564316 1.0 0.0 0.0
v 0.15821847319602966 0.6129804253578186 0.07281440496444702 1.0 0.0 0.0
v 0.1675962656736374 0.5754692554473877 0.0857088714838028 1.0 0.0 0.0
v 0.18635186553001404 0.6129804253578186 0.08922553807497025 1.0 0.0 0.0
v 0.19455742835998535 0.5754692554473877 0.1079811304807663 1.0 0.0 0.0
v 0.21096856892108917 0.6387693285942078 0.09860333800315857 1.0 0.0 0.0
v 0.22151857614517212 0.5989137291908264 0.11384224891662598 1.0 0.0 0.0
v 0.25434085726737976 0.6270471215248108 0.12673671543598175 1.0 0.0 0.0
v 0.22620747983455658 0.6211859583854675 0.11735892295837402 1.0 0.0 0.0
v 0.1910407543182373 0.6071193218231201 0.09156998991966248 1.0 0.0 0.0
v 0.17462961375713348 0.5531969666481018 0.09625888615846634 1.0 0.0 0.0
v 0.16407960653305054 0.5989137291908264 0.0786755234003067 1.0 0.0 0.0
v 0.15235735476016998 0.6422860026359558 0.061092160642147064 1.0 0.0 0.0
v 0.12774065136909485 0.5543692111968994 0.06812550872564316 1.0 0.0 0.0
v 0.1171906366944313 0.5989137291908264 0.049369920045137405 1.0 0.0 0.0
v 0.10664061456918716 0.6399415731430054 0.03295878320932388 1.0 0.0 0.0
v 0.10312394797801971 0.4863802194595337 0.06460883468389511 1.0 0.0 0.0
v 0.09257392585277557 0.5297524929046631 0.04819769784808159 1.0 0.0 0.0
v 0.0796794593334198 0.5754692554473877 0.03178655728697777 1.0 0.0 0.0
v 0.06912944465875626 0.6188415288925171 0.009514300152659416 1.0 0.0 0.0
v 0.0726461187005043 0.48169130086898804 0.05171436816453934 1.0 0.0 0.0
v 0.060923874378204346 0.5250635743141174 0.0341310054063797 1.0 0.0 0.0
v 0.04920163378119469 0.567263662815094 0.02006431668996811 1.0 0.0 0.0
v 0.03982384130358696 0.6094637513160706 0.0024809548631310463 1.0 0.0 0.0
v 0.052718307822942734 0.43831902742385864 0.043508801609277725 1.0 0.0 0.0
v 0.04216828942298889 0.4793468713760376 0.029442111030220985 1.0 0.0 0.0
v 0.030446048825979233 0.5203747153282166 0.01420319639146328 1.0 0.0 0.0
v 0.01989603042602539 0.5625748038291931 -0.004552389960736036 1.0 0.0 0.0
v 0.009346013888716698 0.6047748327255249 -0.01979130320250988 1.0 0.0 0.0
v 0.01989603042602539 0.40198007225990295 0.02826988510787487 1.0 0.0 0.0
v 0.007001565303653479 0.4488690197467804 0.011858748272061348 1.0 0.0 0.0
v -0.004720676224678755 0.49106910824775696 -0.002207941608503461 1.0 0.0 0.0
v -0.01409846916794777 0.5297524929046631 -0.016274631023406982 1.0 0.0 0.0
v -0.026992933824658394 0.5766414403915405 -0.035030215978622437 1.0 0.0 0.0
v -0.03754295036196709 0.6200137734413147 -0.04792468249797821 1.0 0.0 0.0
v -0.02230403758585453 0.4113578498363495 0.0024809548631310463 1.0 0.0 0.0
v -0.03402628004550934 0.4582468271255493 -0.012757958844304085 1.0 0.0 0.0
v -0.045748520642519 0.5027913451194763 -0.030341321602463722 1.0 0.0 0.0
v -0.05629853904247284 0.5426469445228577 -0.04323578625917435 1.0 0.0 0.0
v -0.0680207759141922 0.5848470330238342 -0.0619913712143898 1.0 0.0 0.0
v -0.07857079803943634 0.6305637955665588 -0.07840251177549362 1.0 0.0 0.0
v -0.04457629844546318 0.39494672417640686 -0.008069062605500221 1.0 0.0 0.0
v -0.05629853904247284 0.43714678287506104 -0.022135751321911812 1.0 0.0 0.0
v -0.0680207759141922 0.48169130086898804 -0.04558023437857628 1.0 0.0 0.0
v -0.07974302023649216 0.5274080634117126 -0.05613025277853012 1.0 0.0 0.0
v -0.09263748675584793 0.5719525814056396 -0.07136916369199753 1.0 0.0 0.0
v -0.10201527923345566 0.6129804253578186 -0.09598587453365326 1.0 0.0 0.0
v -0.05981520935893059 0.360952228307724 -0.008069062605500221 1.0 0.0 0.0
v -0.07036522775888443 0.40198007225990295 -0.023307975381612778 1.0 0.0 0.0
v -0.08208747208118439 0.44535237550735474 -0.040891338139772415 1.0 0.0 0.0
v -0.09380970895290375 0.48872464895248413 -0.052613578736782074 1.0 0.0 0.0
v -0.10435973107814789 0.5285802483558655 -0.06668026745319366 1.0 0.0 0.0
v 0.20159077644348145 0.6129804253578186 0.1009477823972702 1.0 0.0 0.0
v 0.19221298396587372 0.5742970108985901 0.10329223424196243 1.0 0.0 0.0
v 0.15821847319602966 0.6200137734413147 0.07633107900619507 1.0 0.0 0.0
v 0.14884068071842194 0.5801581144332886 0.07398662716150284 1.0 0.0 0.0
v 0.1394628882408142 0.5426469445228577 0.07750330120325089 1.0 0.0 0.0
v 0.1242239773273468 0.6036026477813721 0.049369920045137405 1.0 0.0 0.0
v 0.11484618484973907 0.563746988773346 0.05171436816453934 1.0 0.0 0.0
v 0.10429617017507553 0.5203747153282166 0.055231042206287384 1.0 0.0 0.0
v 0.0949183776974678 0.48169130086898804 0.0564032644033432 1.0 0.0 0.0
v 0.09609059989452362 0.6293915510177612 0.0341310054063797 1.0 0.0 0.0
v 0.08788502961397171 0.5907081365585327 0.03178655728697777 1.0 0.0 0.0
v 0.07733501493930817 0.5449914336204529 0.03764767944812775 1.0 0.0 0.0
v 0.06795722246170044 0.5086524486541748 0.03999212756752968 1.0 0.0 0.0
v 0.058579426258802414 0.46879684925079346 0.041164349764585495 1.0 0.0 0.0
v 0.04802941158413887 0.6012581586837769 0.0013087308034300804 1.0 0.0 0.0
v 0.03982384130358696 0.5649192333221436 0.007169851567596197 1.0 0.0 0.0
v 0.030446048825979233 0.5250635743141174 0.00834207609295845 1.0 0.0 0.0
v 0.01989603042602539 0.48286354541778564 0.011858748272061348 1.0 0.0 0.0
v 0.010518237948417664 0.4406634569168091 0.02006431668996811 1.0 0.0 0.0
v 0.0023126688320189714 0.405496746301651 0.015375420451164246 1.0 0.0 0.0
v 0.005829341243952513 0.6164970993995667 -0.029169097542762756 1.0 0.0 0.0
v -0.0035484519321471453 0.5766414403915405 -0.01744685508310795 1.0 0.0 0.0
v -0.011754021048545837 0.5403025150299072 -0.020963527262210846 1.0 0.0 0.0
v -0.021131813526153564 0.5004469156265259 -0.01979130320250988 1.0 0.0 0.0
v -0.03050960786640644 0.46059128642082214 -0.012757958844304085 1.0 0.0 0.0
v -0.03988739848136902 0.42190787196159363 -0.010413510724902153 1.0 0.0 0.0
v -0.049265194684267044 0.3808800280094147 -0.005724614020437002 1.0 0.0 0.0
v -0.05864298716187477 0.34219664335250854 -0.012757958844304085 1.0 0.0 0.0
v -0.03050960786640644 0.6036026477813721 -0.0397191122174263 1.0 0.0 0.0
v -0.03988739848136902 0.563746988773346 -0.03854689002037048 1.0 0.0 0.0
v -0.049265194684267044 0.522719144821167 -0.040891338139772415 1.0 0.0 0.0
v -0.057470761239528656 0.4852079749107361 -0.03385799378156662 1.0 0.0 0.0
v -0.0680207759141922 0.44418013095855713 -0.03151354566216469 1.0 0.0 0.0
v -0.07739857584238052 0.40198007225990295 -0.029169097542762756 1.0 0.0 0.0
v -0.08560413867235184 0.36564111709594727 -0.03151354566216469 1.0 0.0 0.0
v -0.05629853904247284 0.6305637955665588 -0.06668026745319366 1.0 0.0 0.0
v -0.06684855371713638 0.5883637070655823 -0.06550804525613785 1.0 0.0 0.0
v -0.0750541239976883 0.5485081076622009 -0.06316359341144562 1.0 0.0 0.0
v -0.08443191647529602 0.5098246932029724 -0.054958026856184006 1.0 0.0 0.0
v -0.09380970895290375 0.4699690639972687 -0.05613025277853012 1.0 0.0 0.0
v -0.10435973107814789 0.4277690052986145 -0.05613025277853012 1.0 0.0 0.0
v -0.10201527923345566 0.6211859583854675 -0.08660808205604553 1.0 0.0 0.0
v -0.22038792073726654 0.6030304431915283 -0.1678408831357956 1.0 0.0 0.0
v 0.1488467901945114 0.5066868662834167 0.08892082422971725 1.0 0.0 0.0
v 0.19464445114135742 0.45262712240219116 0.12960341572761536 1.0 0.0 0.0
v -0.08801791071891785 0.4053722620010376 -0.041566941887140274 1.0 0.0 0.0
v -0.02942653000354767 0.2902337908744812 0.020127227529883385 1.0 0.0 0.0
v 0.08006231486797333 0.5066872239112854 0.04485455900430679 1.0 0.0 0.0
v -0.07640824466943741 0.39744293689727783 -0.03246559947729111 1.0 0.0 0.0
v -0.0023974671494215727 0.4333708584308624 0.007410465274006128 1.0 0.0 0.0
v 0.1205187663435936 0.46755746006965637 0.07898275554180145 1.0 0.0 0.0
v 0.0132745997980237 0.31894922256469727 0.04145834222435951 1.0 0.0 0.0
v -0.15933790802955627 0.623042643070221 -0.13292862474918365 1.0 0.0 0.0
v -0.0037902956828475 0.21555301547050476 0.05222022533416748 1.0 0.0 0.0
v -0.09600244462490082 0.63315349817276 -0.09447472542524338 1.0 0.0 0.0
v 0.02130800299346447 0.21296977996826172 0.06884124875068665 1.0 0.0 0.0
v 0.09230407327413559 0.11647504568099976 0.13457059860229492 1.0 0.0 0.0
v -0.03628620505332947 0.7296090126037598 -0.07645610719919205 1.0 0.0 0.0
v 0.011082843877375126 0.5254417657852173 -0.003271599067375064 1.0 0.0 0.0
v 0.10239718854427338 0.49026286602020264 0.06260932236909866 1.0 0.0 0.0
v 0.04542764276266098 0.6821491122245789 -0.014148890040814877 1.0 0.0 0.0
v -0.08650141209363937 0.38908275961875916 -0.037177592515945435 1.0 0.0 0.0
v 0.10857263207435608 0.12302853167057037 0.14361786842346191 1.0 0.0 0.0
v 0.00030802126275375485 0.5645723342895508 -0.018384691327810287 1.0 0.0 0.0
v 0.030144531279802322 0.4524306058883667 0.02425915002822876 1.0 0.0 0.0
v 0.11838795989751816 0.48047539591789246 0.07490725815296173 1.0 0.0 0.0
v 0.017132436856627464 0.4413094222545624 0.018256479874253273 1.0 0.0 0.0
v -0.15446682274341583 0.783842921257019 -0.16354677081108093 1.0 0.0 0.0
v 0.0033962896559387445 0.3606671094894409 0.02637673169374466 1.0 0.0 0.0
v -0.05322866886854172 0.28681862354278564 0.0055951508693397045 1.0 0.0 0.0
v 0.07081767171621323 0.7130932211875916 -0.004375599790364504 1.0 0.0 0.0
v -0.13382738828659058 0.6192461252212524 -0.11578894406557083 1.0 0.0 0.0
v 0.6177303194999695 -0.17475420236587524 0.14783674478530884 1.0 0.75 0.0
v 0.7279193997383118 -0.20757648348808289 0.14197562634944916 1.0 0.75 0.0
v 0.7666028141975403 -0.14544861018657684 0.08219219744205475 1.0 0.75 0.0
v 0.7560527920722961 -0.10442075878381729 0.0634366124868393 1.0 0.75 0.0
v 0.7513638734817505 -0.10910965502262115 0.0716421827673912 1.0 0.75 0.0
v 0.7396416664123535 -0.1571708470582962 0.10329223424196243 1.0 0.75 0.0
v 0.6704804301261902 0.2355242371559143 -0.13818594813346863 1.0 0.75 0.0
v 0.6786860227584839 0.1980130672454834 -0.11825813353061676 1.0 0.75 0.0
v 0.6868915557861328 0.1616741269826889 -0.09481364488601685 1.0 0.75 0.0
v 0.6962693333625793 0.12533517181873322 -0.0690247192978859 1.0 0.75 0.0
v 0.700958251953125 0.23904091119766235 -0.14639151096343994 1.0 0.75 0.0
v 0.7091638445854187 0.1991852968931198 -0.12411925196647644 1.0 0.75 0.0
v 0.7173693776130676 0.16753524541854858 -0.10301921516656876 1.0 0.75 0.0
v 0.7279193997383118 0.21794088184833527 -0.14053039252758026 1.0 0.75 0.0
v 0.7361249923706055 0.18511860072612762 -0.11825813353061676 1.0 0.75 0.0
v 0.745502769947052 0.14409075677394867 -0.09364142268896103 1.0 0.75 0.0
v 0.7701194882392883 0.22966311872005463 -0.15928597748279572 1.0 0.75 0.0
v 0.7783250212669373 0.19566862285137177 -0.1358414888381958 1.0 0.75 0.0
v 0.7877028584480286 0.15815745294094086 -0.11239700764417648 1.0 0.75 0.0
v 0.7970806360244751 0.1171296015381813 -0.09364142268896103 1.0 0.75 0.0
v 0.8228695392608643 0.20035751163959503 -0.15928597748279572 1.0 0.75 0.0
v 0.831075131893158 0.16636301577091217 -0.13349704444408417 1.0 0.75 0.0
v 0.8392807245254517 0.1311962902545929 -0.11474145948886871 1.0 0.75 0.0
v 0.8580362796783447 0.19332417845726013 -0.16045820713043213 1.0 0.75 0.0
v 0.8662418723106384 0.15815745294094086 -0.13818594813346863 1.0 0.75 0.0
v 0.8885141015052795 0.20035751163959503 -0.16866376996040344 1.0 0.75 0.0
v 0.8767918944358826 0.1616741269826889 -0.14756374061107635 1.0 0.75 0.0
v 0.8638973832130432 0.20856308937072754 -0.18273046612739563 1.0 0.75 0.0
v 0.8439695835113525 0.12064627557992935 -0.1135692372918129 1.0 0.75 0.0
v 0.8322473764419556 0.16519078612327576 -0.1358414888381958 1.0 0.75 0.0
v 0.8193528652191162 0.21559643745422363 -0.17452488839626312 1.0 0.75 0.0
v 0.8240417838096619 0.0151461036875844 -0.0397191122174263 1.0 0.75 0.0
v 0.8123195767402649 0.06086284667253494 -0.06550804525613785 1.0 0.75 0.0
v 0.7994250655174255 0.10657958686351776 -0.09481364488601685 1.0 0.75 0.0
v 0.786530613899231 0.1546407788991928 -0.12646369636058807 1.0 0.75 0.0
v 0.7748083472251892 0.20035751163959503 -0.14873595535755157 1.0 0.75 0.0
v 0.8088029026985168 -0.03994842991232872 0.013030972331762314 1.0 0.75 0.0
v 0.7970806360244751 0.006940534338355064 -0.015102406963706017 1.0 0.75 0.0
v 0.7830139398574829 0.057346172630786896 -0.05026913061738014 1.0 0.75 0.0
v 0.7712917327880859 0.10071846842765808 -0.0772302895784378 1.0 0.75 0.0
v 0.7583972215652466 0.15229633450508118 -0.10536366701126099 1.0 0.75 0.0
v 0.745502769947052 0.1991852968931198 -0.13701371848583221 1.0 0.75 0.0
v 0.786530613899231 -0.07277070730924606 0.03647545352578163 1.0 0.75 0.0
v 0.7724639177322388 -0.024709517136216164 0.0024809548631310463 1.0 0.75 0.0
v 0.7607417106628418 0.018662776798009872 -0.026824647560715675 1.0 0.75 0.0
v 0.7490194439888 0.06672396510839462 -0.054958026856184006 1.0 0.75 0.0
v 0.7361249923706055 0.11478515714406967 -0.08191918581724167 1.0 0.75 0.0
v 0.7244027256965637 0.15815745294094086 -0.10888034105300903 1.0 0.75 0.0
v 0.7126805186271667 0.20270197093486786 -0.13701371848583221 1.0 0.75 0.0
v 0.7431583404541016 -0.05635957047343254 0.03178655728697777 1.0 0.75 0.0
v 0.7302638292312622 -0.010642827488481998 0.004825403448194265 1.0 0.75 0.0
v 0.7197138667106628 0.03155723959207535 -0.023307975381612778 1.0 0.75 0.0
v 0.7056471705436707 0.08313510566949844 -0.05613025277853012 1.0 0.75 0.0
v 0.6939249038696289 0.12767961621284485 -0.0842636302113533 1.0 0.75 0.0
v 0.6822026968002319 0.17105191946029663 -0.11122478544712067 1.0 0.75 0.0
v 0.6704804301261902 0.21911309659481049 -0.14053039252758026 1.0 0.75 0.0
v 0.8638973832130432 0.18629083037376404 -0.15694153308868408 1.0 0.75 0.0
v 0.8533474206924438 0.138229638338089 -0.12646369636058807 1.0 0.75 0.0
v 0.8427973985671997 0.09134067595005035 -0.0912969782948494 1.0 0.75 0.0
v 0.8299028873443604 0.03976280987262726 -0.046752460300922394 1.0 0.75 0.0
v 0.8181806802749634 -0.010642827488481998 -0.010413510724902153 1.0 0.75 0.0
v 0.8205251097679138 0.18746304512023926 -0.14521928131580353 1.0 0.75 0.0
v 0.8076306581497192 0.13588519394397736 -0.11708590388298035 1.0 0.75 0.0
v 0.7970806360244751 0.08782400190830231 -0.08543585240840912 1.0 0.75 0.0
v 0.7853583693504333 0.03741836175322533 -0.040891338139772415 1.0 0.75 0.0
v 0.7724639177322388 -0.015331723727285862 -0.002207941608503461 1.0 0.75 0.0
v 0.7619138956069946 -0.06456513702869415 0.03764767944812775 1.0 0.75 0.0
v 0.786530613899231 0.18980750441551208 -0.13935816287994385 1.0 0.75 0.0
v 0.7759805917739868 0.14409075677394867 -0.11005256325006485 1.0 0.75 0.0
v 0.7642583847045898 0.0948573425412178 -0.06668026745319366 1.0 0.75 0.0
v 0.7537083625793457 0.049140602350234985 -0.03737466409802437 1.0 0.75 0.0
v 0.741986095905304 0.0010794138070195913 -0.0010357174323871732 1.0 0.75 0.0
v 0.7314360737800598 -0.04815400019288063 0.03764767944812775 1.0 0.75 0.0
v 0.7630861401557922 0.21676865220069885 -0.15928597748279572 1.0 0.75 0.0
v 0.7513638734817505 0.16636301577091217 -0.12529148161411285 1.0 0.75 0.0
v 0.7408138513565063 0.12181849777698517 -0.09012474864721298 1.0 0.75 0.0
v 0.7290916442871094 0.06906841695308685 -0.052613578736782074 1.0 0.75 0.0
v 0.7161971926689148 0.017490550875663757 -0.010413510724902153 1.0 0.75 0.0
v 0.7056471705436707 -0.02822618931531906 0.023580988869071007 1.0 0.75 0.0
v 0.7232305407524109 0.227318674325943 -0.14639151096343994 1.0 0.75 0.0
v 0.7126805186271667 0.18042971193790436 -0.1206025779247284 1.0 0.75 0.0
v 0.700958251953125 0.13002407550811768 -0.08309140801429749 1.0 0.75 0.0
v 0.6892359852790833 0.08079065382480621 -0.04558023437857628 1.0 0.75 0.0
v 0.6739971041679382 0.21090753376483917 -0.13115260004997253 1.0 0.75 0.0
v 0.6634470820426941 0.16401857137680054 -0.09833031892776489 1.0 0.75 0.0
v 0.6517248153686523 0.23786869645118713 -0.13935816287994385 1.0 0.75 0.0
v 0.5684969425201416 -0.14544861018657684 0.1372867375612259 1.0 0.75 0.0
v 0.4114188849925995 -0.0833207219839096 0.13494227826595306 1.0 0.75 0.0
v 0.5614635944366455 -0.14779305458068848 0.14197562634944916 1.0 0.75 0.0
v 0.526296854019165 -0.13841526210308075 0.14666453003883362 1.0 0.75 0.0
v 0.4477578401565552 -0.10559298098087311 0.14197562634944916 1.0 0.75 0.0
v 0.3668743669986725 -0.06339291483163834 0.12439226359128952 1.0 0.75 0.0
v 0.28950756788253784 -0.05401512235403061 0.1443200707435608 1.0 0.75 0.0
v 0.23206859827041626 -9.281028906116262e-05 0.11618669331073761 1.0 0.75 0.0
v 0.20276299118995667 -0.014159499667584896 0.13611450791358948 1.0 0.75 0.0
v 0.16290737688541412 0.02217944897711277 0.11735892295837402 1.0 0.75 0.0
v 0.42314112186431885 -0.08097627758979797 0.13494227826595306 1.0 0.75 0.0
v 0.39383554458618164 -0.07394292950630188 0.1302533894777298 1.0 0.75 0.0
v 0.3539799153804779 -0.06222068890929222 0.13611450791358948 1.0 0.75 0.0
v 0.31177982687950134 -0.03994842991232872 0.13142560422420502 1.0 0.75 0.0
v 0.27544090151786804 -0.04932622238993645 0.1443200707435608 1.0 0.75 0.0
v 0.25199639797210693 -0.024709517136216164 0.12790894508361816 1.0 0.75 0.0
v 0.21448524296283722 0.0034238621592521667 0.12087558954954147 1.0 0.75 0.0
v 0.17462961375713348 0.012801655568182468 0.12673671543598175 1.0 0.75 0.0
v 0.14063511788845062 0.03038501739501953 0.12556448578834534 1.0 0.75 0.0
v 0.7197138667106628 0.25310760736465454 -0.16280265152454376 1.0 0.75 0.0
v 0.8146640062332153 0.23786869645118713 -0.17804156243801117 1.0 0.75 0.0
v 0.7337805032730103 0.24372981488704681 -0.16749154031276703 1.0 0.75 0.0
v 0.6997860074043274 0.24841870367527008 -0.1663193255662918 1.0 0.75 0.0
v 0.6845471262931824 0.255452036857605 -0.16749154031276703 1.0 0.75 0.0
v 0.7337805032730103 -0.18295978009700775 0.12673671543598175 1.0 0.75 0.0
v 0.7220582962036133 -0.13724303245544434 0.1009477823972702 1.0 0.75 0.0
v 0.7091638445854187 -0.0903540700674057 0.06929773092269897 1.0 0.75 0.0
v 0.6986138224601746 -0.17358198761940002 0.12790894508361816 1.0 0.75 0.0
v 0.68571937084198 -0.1266930103302002 0.09977556020021439 1.0 0.75 0.0
v 0.6622748374938965 -0.1712375283241272 0.13963118195533752 1.0 0.75 0.0
v 0.6493803858757019 -0.12317634373903275 0.10446445643901825 1.0 0.75 0.0
v 0.6048358678817749 -0.13020968437194824 0.11384224891662598 1.0 0.75 0.0
v 0.5931136608123779 -0.08449295163154602 0.0857088714838028 1.0 0.75 0.0
v 0.555602490901947 -0.0973874107003212 0.10563667863607407 1.0 0.75 0.0
v 0.5309857726097107 -0.1196596696972847 0.13377006351947784 1.0 0.75 0.0
v 0.49933570623397827 -0.10090408474206924 0.12556448578834534 1.0 0.75 0.0
v 0.45361897349357605 -0.09152629226446152 0.12556448578834534 1.0 0.75 0.0
v 0.7185416221618652 -0.10090408474206924 0.07750330120325089 1.0 0.75 0.0
v 0.7079916000366211 -0.14779305458068848 0.11267002671957016 1.0 0.75 0.0
v 0.6822026968002319 -0.1278652399778366 0.09156998991966248 1.0 0.75 0.0
v 0.6716526746749878 -0.17475420236587524 0.13377006351947784 1.0 0.75 0.0
v 0.6458637118339539 -0.10676520317792892 0.09977556020021439 1.0 0.75 0.0
v 0.6341415047645569 -0.1571708470582962 0.13259783387184143 1.0 0.75 0.0
v 0.596630334854126 -0.12200412154197693 0.11384224891662598 1.0 0.75 0.0
v 0.5731858015060425 -0.09855964034795761 0.10680890083312988 1.0 0.75 0.0
v 0.5380191206932068 -0.08566517382860184 0.11149779707193375 1.0 0.75 0.0
v 0.494646817445755 -0.10793743282556534 0.13259783387184143 1.0 0.75 0.0
v 0.5040246248245239 0.1757408082485199 -0.05847470089793205 1.0 0.75 0.0
v 0.5462246537208557 0.1757408082485199 -0.06433582305908203 1.0 0.75 0.0
v 0.5696691274642944 0.21207976341247559 -0.09715809673070908 1.0 0.75 0.0
v 0.5778747200965881 0.17808525264263153 -0.07840251177549362 1.0 0.75 0.0
v 0.600147008895874 0.18746304512023926 -0.08778030425310135 1.0 0.75 0.0
v 0.6376581788063049 0.21442420780658722 -0.11943035572767258 1.0 0.75 0.0
v 0.6470359563827515 0.1769130378961563 -0.09833031892776489 1.0 0.75 0.0
v 0.6552414894104004 0.14174631237983704 -0.06785248965024948 1.0 0.75 0.0
v 0.697441577911377 -0.044637326151132584 0.041164349764585495 1.0 0.75 0.0
v 0.6845471262931824 0.002251637866720557 0.009514300152659416 1.0 0.75 0.0
v 0.6728248596191406 0.04796838015317917 -0.016274631023406982 1.0 0.75 0.0
v 0.659930408000946 0.09602957218885422 -0.04558023437857628 1.0 0.75 0.0
v 0.6470359563827515 0.14409075677394867 -0.08191918581724167 1.0 0.75 0.0
v 0.6353136897087097 0.18746304512023926 -0.10888034105300903 1.0 0.75 0.0
v 0.6235914826393127 0.23317979276180267 -0.12998037040233612 1.0 0.75 0.0
v 0.6728248596191406 -0.08097627758979797 0.06695327907800674 1.0 0.75 0.0
v 0.6611026525497437 -0.03525953367352486 0.035303231328725815 1.0 0.75 0.0
v 0.6482081413269043 0.01631832681596279 0.005997627507895231 1.0 0.75 0.0
v 0.6353136897087097 0.06437952071428299 -0.024480199441313744 1.0 0.75 0.0
v 0.6224192380905151 0.11009626090526581 -0.05378580465912819 1.0 0.75 0.0
v 0.6106969714164734 0.15698522329330444 -0.07605805993080139 1.0 0.75 0.0
v 0.5978025197982788 0.20387418568134308 -0.11122478544712067 1.0 0.75 0.0
v 0.6364859342575073 -0.07394292950630188 0.07633107900619507 1.0 0.75 0.0
v 0.6235914826393127 -0.024709517136216164 0.041164349764585495 1.0 0.75 0.0
v 0.611869215965271 0.01983500085771084 0.01420319639146328 1.0 0.75 0.0
v 0.600147008895874 0.06203506886959076 -0.009241286665201187 1.0 0.75 0.0
v 0.5755302906036377 0.15815745294094086 -0.07488583773374557 1.0 0.75 0.0
v 0.5626357793807983 0.20387418568134308 -0.0995025485754013 1.0 0.75 0.0
v 0.5802191495895386 -0.03525953367352486 0.05874771252274513 1.0 0.75 0.0
v 0.5684969425201416 0.011629431508481503 0.023580988869071007 1.0 0.75 0.0
v 0.5567746758460999 0.055001724511384964 0.007169851567596197 1.0 0.75 0.0
v 0.5298135280609131 0.1534685492515564 -0.05378580465912819 1.0 0.75 0.0
v 0.5180912613868713 0.1980130672454834 -0.08778030425310135 1.0 0.75 0.0
v 0.5427079796791077 -0.05049844831228256 0.07633107900619507 1.0 0.75 0.0
v 0.5309857726097107 -0.004781706724315882 0.049369920045137405 1.0 0.75 0.0
v 0.5180912613868713 0.04210725799202919 0.018892092630267143 1.0 0.75 0.0
v 0.5063690543174744 0.08899622410535812 -0.004552389960736036 1.0 0.75 0.0
v 0.4934745728969574 0.13471296429634094 -0.0397191122174263 1.0 0.75 0.0
v 0.48175233602523804 0.17925748229026794 -0.06433582305908203 1.0 0.75 0.0
v 0.5180912613868713 -0.0751151517033577 0.09977556020021439 1.0 0.75 0.0
v 0.5063690543174744 -0.02822618931531906 0.07046995311975479 1.0 0.75 0.0
v 0.4934745728969574 0.017490550875663757 0.043508801609277725 1.0 0.75 0.0
v 0.48175233602523804 0.06203506886959076 0.013030972331762314 1.0 0.75 0.0
v 0.4700300991535187 0.1089240312576294 -0.01744685508310795 1.0 0.75 0.0
v 0.4571356475353241 0.15698522329330444 -0.046752460300922394 1.0 0.75 0.0
v 0.4864412248134613 -0.052842896431684494 0.09039776772260666 1.0 0.75 0.0
v 0.47471898794174194 -0.004781706724315882 0.061092160642147064 1.0 0.75 0.0
v 0.4629967510700226 0.03859058767557144 0.0341310054063797 1.0 0.75 0.0
v 0.450102299451828 0.0866517722606659 0.007169851567596197 1.0 0.75 0.0
v 0.4360356032848358 0.13705740869045258 -0.02799687348306179 1.0 0.75 0.0
v 0.4407244920730591 -0.044637326151132584 0.09625888615846634 1.0 0.75 0.0
v 0.4290022552013397 0.002251637866720557 0.06226438656449318 1.0 0.75 0.0
v 0.41610780358314514 0.049140602350234985 0.03764767944812775 1.0 0.75 0.0
v 0.4032133221626282 0.09954623878002167 0.004825403448194265 1.0 0.75 0.0
v 0.3903188705444336 0.14526298642158508 -0.020963527262210846 1.0 0.75 0.0
v 0.3996966481208801 -0.03760398179292679 0.10563667863607407 1.0 0.75 0.0
v 0.38797441124916077 0.006940534338355064 0.07984774559736252 1.0 0.75 0.0
v 0.3762521743774414 0.05148505046963692 0.05171436816453934 1.0 0.75 0.0
v 0.3621854782104492 0.10071846842765808 0.021236540749669075 1.0 0.75 0.0
v 0.3539799153804779 -0.016503948718309402 0.09508666396141052 1.0 0.75 0.0
v 0.34108543395996094 0.03155723959207535 0.06812550872564316 1.0 0.75 0.0
v 0.3293631970882416 0.07844620943069458 0.03295878320932388 1.0 0.75 0.0
v 0.3293631970882416 -0.032915085554122925 0.1150144711136818 1.0 0.75 0.0
v 0.3176409602165222 0.011629431508481503 0.08688109368085861 1.0 0.75 0.0
v 0.30357426404953003 0.06203506886959076 0.05405881628394127 1.0 0.75 0.0
v 0.2930242419242859 0.10423513501882553 0.03647545352578163 1.0 0.75 0.0
v 0.27661311626434326 -0.010642827488481998 0.11384224891662598 1.0 0.75 0.0
v 0.2648908793926239 0.03976280987262726 0.07984774559736252 1.0 0.75 0.0
v 0.25199639797210693 0.08547955006361008 0.05405881628394127 1.0 0.75 0.0
v 0.21917413175106049 0.04796838015317917 0.08922553807497025 1.0 0.75 0.0
v 0.1910407543182373 0.03155723959207535 0.10680890083312988 1.0 0.75 0.0
v 0.6950971484184265 -0.07628738135099411 0.0564032644033432 1.0 0.75 0.0
v 0.6798582077026367 0.03741836175322533 -0.015102406963706017 1.0 0.75 0.0
v 0.6681360006332397 -0.011815051548182964 0.018892092630267143 1.0 0.75 0.0
v 0.6575859785079956 -0.05987624078989029 0.05405881628394127 1.0 0.75 0.0
v 0.6517248153686523 0.11478515714406967 -0.0619913712143898 1.0 0.75 0.0
v 0.641174852848053 0.06906841695308685 -0.026824647560715675 1.0 0.75 0.0
v 0.6306248307228088 0.021007224917411804 0.007169851567596197 1.0 0.75 0.0
v 0.6189025640487671 -0.02822618931531906 0.04233657568693161 1.0 0.75 0.0
v 0.6071802973747253 -0.07628738135099411 0.08101997524499893 1.0 0.75 0.0
v 0.6400026082992554 0.18980750441551208 -0.1065358892083168 1.0 0.75 0.0
v 0.6294525861740112 0.14291852712631226 -0.07019694149494171 1.0 0.75 0.0
v 0.6177303194999695 0.09368512034416199 -0.03620244190096855 1.0 0.75 0.0
v 0.6071802973747253 0.046796154230833054 0.00013650668552145362 1.0 0.75 0.0
v 0.5954580903053284 -0.004781706724315882 0.035303231328725815 1.0 0.75 0.0
v 0.5837358236312866 -0.052842896431684494 0.07046995311975479 1.0 0.75 0.0
v 0.6071802973747253 0.20739085972309113 -0.11122478544712067 1.0 0.75 0.0
v 0.5942858457565308 0.15698522329330444 -0.06550804525613785 1.0 0.75 0.0
v 0.5614635944366455 0.013973879627883434 0.02826988510787487 1.0 0.75 0.0
v 0.5497413277626038 -0.03643175959587097 0.07398662716150284 1.0 0.75 0.0
v 0.5286412835121155 0.04093503579497337 0.017719868570566177 1.0 0.75 0.0
v 0.5180912613868713 -0.004781706724315882 0.05405881628394127 1.0 0.75 0.0
v 0.5051968097686768 -0.05987624078989029 0.09860333800315857 1.0 0.75 0.0
v 0.5169190764427185 0.18980750441551208 -0.0772302895784378 1.0 0.75 0.0
v 0.5051968097686768 0.14174631237983704 -0.04792468249797821 1.0 0.75 0.0
v 0.4934745728969574 0.09016844630241394 -0.004552389960736036 1.0 0.75 0.0
v 0.48292455077171326 0.04445170611143112 0.02592543698847294 1.0 0.75 0.0
v 0.4712023138999939 -0.004781706724315882 0.06578105688095093 1.0 0.75 0.0
v 0.45948007702827454 -0.05753179267048836 0.1009477823972702 1.0 0.75 0.0
v 0.4794079065322876 0.15932966768741608 -0.05613025277853012 1.0 0.75 0.0
v 0.46768563985824585 0.11009626090526581 -0.012757958844304085 1.0 0.75 0.0
v 0.4571356475353241 0.06320729106664658 0.024753212928771973 1.0 0.75 0.0
v 0.44424116611480713 0.010457206517457962 0.06460883468389511 1.0 0.75 0.0
v 0.433691143989563 -0.03525953367352486 0.09274221211671829 1.0 0.75 0.0
v 0.4489300549030304 0.1616741269826889 -0.04558023437857628 1.0 0.75 0.0
v 0.43838006258010864 0.1171296015381813 -0.016274631023406982 1.0 0.75 0.0
v 0.4278300404548645 0.07141286134719849 0.02006431668996811 1.0 0.75 0.0
v 0.41610780358314514 0.01983500085771084 0.055231042206287384 1.0 0.75 0.0
v 0.4043855369091034 -0.027053965255618095 0.09039776772260666 1.0 0.75 0.0
v 0.3985244333744049 0.13354073464870453 -0.010413510724902153 1.0 0.75 0.0
v 0.38797441124916077 0.08547955006361008 0.023580988869071007 1.0 0.75 0.0
v 0.3762521743774414 0.03624613955616951 0.06226438656449318 1.0 0.75 0.0
v 0.36452993750572205 -0.01298727560788393 0.09625888615846634 1.0 0.75 0.0
v 0.3469465672969818 0.11009626090526581 0.01420319639146328 1.0 0.75 0.0
v 0.33522433042526245 0.057346172630786896 0.057575490325689316 1.0 0.75 0.0
v 0.3246743083000183 0.012801655568182468 0.08922553807497025 1.0 0.75 0.0
v 0.3094353973865509 0.09368512034416199 0.0341310054063797 1.0 0.75 0.0
v 0.29771316051483154 0.04562393203377724 0.07398662716150284 1.0 0.75 0.0
v 0.2871631383895874 -0.00243725860491395 0.10680890083312988 1.0 0.75 0.0
v 0.27544090151786804 0.07844620943069458 0.05405881628394127 1.0 0.75 0.0
v 0.2637186646461487 0.026868345215916634 0.08805331587791443 1.0 0.75 0.0
v 0.22503525018692017 0.0503128282725811 0.08453664183616638 1.0 0.75 0.0
v 0.18517963588237762 0.05969062075018883 0.09039776772260666 1.0 0.75 0.0
v 0.11836285889148712 0.03038501739501953 0.12908115983009338 1.0 0.75 0.0
v 0.11015728861093521 0.023351673036813736 0.13259783387184143 1.0 0.75 0.0
v 0.6732982397079468 -0.16839151084423065 0.12861213088035583 1.0 0.75 0.0
v 0.5145793557167053 0.07012399286031723 0.0037220364902168512 1.0 0.75 0.0
v 0.7431393265724182 0.07298614829778671 -0.05247864872217178 1.0 0.75 0.0
v 0.7200523614883423 -0.00421025650575757 0.005615229718387127 1.0 0.75 0.0
v 0.1888788938522339 0.01274887565523386 0.12013343721628189 1.0 0.75 0.0
v 0.42262694239616394 0.040175266563892365 0.045959316194057465 1.0 0.75 0.0
v 0.7571997046470642 0.034075185656547546 -0.02929575927555561 1.0 0.75 0.0
v 0.6171447038650513 0.16282977163791656 -0.0838070660829544 1.0 0.75 0.0
v 0.18560564517974854 0.029803907498717308 0.10928632318973541 1.0 0.75 0.0
v 0.11270389705896378 0.008943513967096806 0.14080758392810822 1.0 0.75 0.0
v 0.7742660045623779 0.21236281096935272 -0.15486043691635132 1.0 0.75 0.0
v 0.7122930884361267 0.1478348970413208 -0.09617112576961517 1.0 0.75 0.0
v 0.5520082712173462 -0.08786407858133316 0.10251659154891968 1.0 0.75 0.0
v 0.18190014362335205 0.01305626891553402 0.12158037722110748 1.0 0.75 0.0
v 0.6531996726989746 -0.17541079223155975 0.13816671073436737 1.0 0.75 0.0
v 0.7349421381950378 0.19969967007637024 -0.13689599931240082 1.0 0.75 0.0
v 0.8555397391319275 0.12660400569438934 -0.1157013401389122 1.0 0.75 0.0
v 0.4110200107097626 0.006348613183945417 0.07176921516656876 1.0 0.75 0.0
v 0.6675915718078613 -0.019688250496983528 0.0286162868142128 1.0 0.75 0.0
v 0.42981263995170593 -0.00016943686932791024 0.07175113260746002 1.0 0.75 0.0
v 0.7457554936408997 0.22590336203575134 -0.15732203423976898 1.0 0.75 0.0
v 0.6819345355033875 0.03485371172428131 -0.011961771175265312 1.0 0.75 0.0
v 0.5124267935752869 0.08433893322944641 -0.0054554021917283535 1.0 0.75 0.0
v 0.5318118929862976 0.18259046971797943 -0.07702098786830902 1.0 0.75 0.0
v 0.6694343686103821 0.03803211823105812 -0.011161068454384804 1.0 0.75 0.0
v 0.3794286251068115 -0.008814427070319653 0.08960214257240295 1.0 0.75 0.0
v 0.6640894412994385 0.11821367591619492 -0.0645410493016243 1.0 0.75 0.0
v 0.4611535668373108 0.03601827099919319 0.039648059755563736 1.0 0.75 0.0
v 0.877595067024231 0.19681160151958466 -0.16878704726696014 1.0 0.75 0.0
v 0.4698529541492462 0.13236407935619354 -0.028082339093089104 1.0 0.75 0.0
v 0.422705739736557 0.11206433176994324 -0.003056174609810114 1.0 0.75 0.0
v 0.7443806529045105 -0.06204763054847717 0.03926048427820206 1.0 0.75 0.0
v 0.8113405704498291 0.2355840802192688 -0.17948700487613678 1.0 0.75 0.0
v 0.5032525658607483 0.017750317230820656 0.04210636019706726 1.0 0.75 0.0
v 0.573417603969574 -0.10660269111394882 0.1102064773440361 1.0 0.75 0.0
v 0.7114920616149902 -0.05126127600669861 0.03971521183848381 1.0 0.75 0.0
v 0.2706342935562134 0.016391966491937637 0.09824536740779877 1.0 0.75 0.0
v 0.5773214101791382 -0.15540890395641327 0.14254429936408997 1.0 0.75 0.0
v 0.3255733549594879 0.07673481851816177 0.04407794401049614 1.0 0.75 0.0
v 0.14511680603027344 0.029207797721028328 0.11930284649133682 1.0 0.75 0.0
v 0.5680652856826782 0.09523042291402817 -0.02608470991253853 1.0 0.75 0.0
v 0.5334187746047974 0.12359492480754852 -0.03719332069158554 1.0 0.75 0.0
v 0.6632518768310547 0.13409751653671265 -0.07516806572675705 1.0 0.75 0.0
v 0.18689315021038055 -0.019251782447099686 0.14241516590118408 1.0 0.75 0.0
v 0.5941978693008423 0.05857948213815689 -0.0073075732216238976 1.0 0.75 0.0
v 0.6424701809883118 0.08869051188230515 -0.039287760853767395 1.0 0.75 0.0
v 0.17084112763404846 0.018506577238440514 0.12049058079719543 1.0 0.75 0.0
v 0.4520445764064789 0.13724741339683533 -0.027183713391423225 1.0 0.75 0.0
v 0.7989968061447144 0.039852336049079895 -0.04315400496125221 1.0 0.75 0.0
v 0.20404742658138275 0.02526742033660412 0.10800095647573471 1.0 0.75 0.0
v 0.18194222450256348 -0.00828684214502573 0.13611702620983124 1.0 0.75 0.0
v 0.6494808197021484 0.18035085499286652 -0.10342389345169067 1.0 0.75 0.0
v 0.3427778482437134 -0.0694776400923729 0.13964708149433136 1.0 0.75 0.0
v 0.46108490228652954 -0.04332496598362923 0.09374162554740906 1.0 0.75 0.0
v 0.7545230388641357 -0.1544916331768036 0.09985937178134918 1.0 0.75 0.0
v 0.6470222473144531 -0.021798251196742058 0.03493661433458328 1.0 0.75 0.0
v 0.361200749874115 0.0019195781787857413 0.0866127461194992 1.0 0.75 0.0
v 0.5241680145263672 -0.03147093579173088 0.07068926095962524 1.0 0.75 0.0
v 0.6163352131843567 -0.010345217771828175 0.03441441059112549 1.0 0.75 0.0
v 0.3332579731941223 -0.00267437263391912 0.09637617319822311 1.0 0.75 0.0
v 0.5846927762031555 0.1862122118473053 -0.09204098582267761 1.0 0.75 0.0
v 0.4975619316101074 -0.015784764662384987 0.06631326675415039 1.0 0.75 0.0
v 0.7520618438720703 0.2129712551832199 -0.15000486373901367 1.0 0.75 0.0
v 0.8066120743751526 0.1756020337343216 -0.13748323917388916 1.0 0.75 0.0
v 0.6186999082565308 0.23446248471736908 -0.1329982578754425 1.0 0.75 0.0
v 0.48509883880615234 -0.0831061452627182 0.11515508592128754 1.0 0.75 0.0
v 0.8881146311759949 0.20199260115623474 -0.1748150885105133 1.0 0.75 0.0
v 0.6535599231719971 0.14092911779880524 -0.07752378284931183 1.0 0.75 0.0
v 0.6530783176422119 0.013873348943889141 0.009186802431941032 1.0 0.75 0.0
v 0.74306720495224 -0.007301741279661655 0.0022595738992094994 1.0 0.75 0.0
v 0.56952303647995 0.12172200530767441 -0.04448634386062622 1.0 0.75 0.0
v 0.5331394076347351 0.005928362254053354 0.04306994378566742 1.0 0.75 0.0
v 0.6560848355293274 -0.019915977492928505 0.031502675265073776 1.0 0.75 0.0
v 0.3624495565891266 -0.03266094624996185 0.109885074198246 1.0 0.75 0.0
v 0.5644636154174805 0.06924204528331757 -0.0075171757489442825 1.0 0.75 0.0
v 0.5557120442390442 0.0479106567800045 0.009098701179027557 1.0 0.75 0.0
v 0.6283794641494751 -0.07870376855134964 0.07814617455005646 1.0 0.75 0.0
v 0.580613374710083 0.18112799525260925 -0.08760751783847809 1.0 0.75 0.0
v 0.5258526802062988 0.1107596755027771 -0.02664945088326931 1.0 0.75 0.0
v 0.6405057311058044 -0.06267690658569336 0.06434465199708939 1.0 0.75 0.0
v 0.7999119758605957 -0.0041489433497190475 -0.013381670229136944 1.0 0.75 0.0
v 0.502604603767395 0.15820734202861786 -0.053469881415367126 1.0 0.75 0.0
v 0.24937760829925537 0.08386781811714172 0.0573018416762352 1.0 0.75 0.0
v 0.754183828830719 0.09535299986600876 -0.07034450769424438 1.0 0.75 0.0
v 0.602503776550293 -0.10038940608501434 0.09906797856092453 1.0 0.75 0.0
v 0.5125752687454224 0.03463272005319595 0.028387177735567093 1.0 0.75 0.0
v 0.6868255138397217 0.09928315877914429 -0.05703527480363846 1.0 0.75 0.0
v 0.3144527077674866 0.06855548173189163 0.05229220911860466 1.0 0.75 0.0
v 0.8578944206237793 0.21171949803829193 -0.17427164316177368 1.0 0.75 0.0
v 0.37483033537864685 0.10950535535812378 0.010051415301859379 1.0 0.75 0.0
v 0.5656003952026367 0.19277791678905487 -0.09198423475027084 1.0 0.75 0.0
v 0.8241220712661743 0.2219376415014267 -0.17321988940238953 1.0 0.75 0.0
v 0.16525708138942719 -0.011974194087088108 0.1425904929637909 1.0 0.75 0.0
v 0.6214287877082825 -0.13963651657104492 0.12132534384727478 1.0 0.75 0.0
v 0.7616762518882751 0.04630030691623688 -0.038690466433763504 1.0 0.75 0.0
v 0.5594457983970642 -0.13459095358848572 0.13259847462177277 1.0 0.75 0.0
v 0.32305723428726196 -0.020135294646024704 0.11069805920124054 1.0 0.75 0.0
v 0.6001594662666321 0.18959397077560425 -0.09801695495843887 1.0 0.75 0.0
v 0.2990879714488983 -0.017323605716228485 0.1144709512591362 1.0 0.75 0.0
v 0.20785018801689148 0.009347427636384964 0.11794880032539368 1.0 0.75 0.0
v 0.4779501259326935 0.029499830678105354 0.04010402783751488 1.0 0.75 0.0
v 0.6183640360832214 -0.13243789970874786 0.11714647710323334 1.0 0.75 0.0
v 0.4878985285758972 -0.04818054661154747 0.09068664163351059 1.0 0.75 0.0
v 0.47130027413368225 0.09938745945692062 -0.0059502883814275265 1.0 0.75 0.0
v 0.3492920398712158 -0.03737659379839897 0.116222083568573 1.0 0.75 0.0
v 0.6172031164169312 0.11473803222179413 -0.05104347690939903 1.0 0.75 0.0
v 0.7728964686393738 -0.10915116965770721 0.0645960345864296 1.0 0.75 0.0
v 0.13390716910362244 0.017386380583047867 0.13002054393291473 1.0 0.75 0.0
v 0.6176843047142029 0.22897544503211975 -0.12901745736598969 1.0 0.75 0.0
v 0.7009070515632629 0.15851028263568878 -0.10074451565742493 1.0 0.75 0.0
v 0.6523388624191284 0.12023941427469254 -0.06313265860080719 1.0 0.75 0.0
v 0.523573100566864 0.02980111725628376 0.02906981110572815 1.0 0.75 0.0
v 0.26077258586883545 0.07234840095043182 0.06244836375117302 1.0 0.75 0.0
v 0.7451657056808472 0.17221833765506744 -0.12059241533279419 1.0 0.75 0.0
v 0.5983383059501648 0.12825489044189453 -0.055778369307518005 1.0 0.75 0.0
v 0.2994142174720764 -0.028886279091238976 0.12227418273687363 1.0 0.75 0.0
v 0.6772941946983337 0.23609872162342072 -0.1480211317539215 1.0 0.75 0.0
v 0.6385940909385681 -0.1156858578324318 0.10092721879482269 1.0 0.75 0.0
v 0.5643695592880249 -0.15224409103393555 0.14346149563789368 1.0 0.75 0.0
v 0.6681070327758789 -0.1021842509508133 0.08472000062465668 1.0 0.75 0.0
v 0.7573074102401733 -0.12801581621170044 0.08115359395742416 1.0 0.75 0.0
v 0.3476417660713196 0.08581698685884476 0.03264983743429184 1.0 0.75 0.0
v 0.5772852301597595 -0.0135270394384861 0.04585173353552818 1.0 0.75 0.0
v 0.7091764807701111 -0.12782281637191772 0.09244620054960251 1.0 0.75 0.0
v 0.8616744875907898 0.13274763524532318 -0.12134472280740738 1.0 0.75 0.0
v 0.5179294347763062 0.012116597965359688 0.04246245324611664 1.0 0.75 0.0
v 0.21100199222564697 0.017581593245267868 0.11158861219882965 1.0 0.75 0.0
v 0.6379701495170593 0.17394588887691498 -0.09632641077041626 1.0 0.75 0.0
v 0.6079226732254028 0.027125930413603783 0.010872292332351208 1.0 0.75 0.0
v 0.5881971120834351 -0.12200760841369629 0.11719787120819092 1.0 0.75 0.0
v 0.640022873878479 -0.08116216212511063 0.0770580917596817 1.0 0.75 0.0
v 0.4868829846382141 0.09115485846996307 -0.004037905018776655 1.0 0.75 0.0
v 0.759449303150177 -0.07950656116008759 0.04758317768573761 1.0 0.75 0.0
v 0.39285755157470703 0.0948234349489212 0.015779178589582443 1.0 0.75 0.0
v 0.42655515670776367 0.05182575061917305 0.03708641603589058 1.0 0.75 0.0
v 0.7029709815979004 0.17981331050395966 -0.11575371026992798 1.0 0.75 0.0
v 0.3166016638278961 -0.057555004954338074 0.13773414492607117 1.0 0.75 0.0
v 0.3690200448036194 0.002680644392967224 0.08423808217048645 1.0 0.75 0.0
v 0.8003160953521729 0.09589045494794846 -0.08166055381298065 1.0 0.75 0.0
v 0.4913557469844818 0.10875966399908066 -0.01709829457104206 1.0 0.75 0.0
v 0.7975394129753113 0.023716429248452187 -0.03181047737598419 1.0 0.75 0.0
v 0.7327361106872559 0.25757652521133423 -0.1758190095424652 1.0 0.75 0.0
v 0.7052335143089294 -0.12761178612709045 0.0932382345199585 1.0 0.75 0.0
v 0.5069596171379089 -0.08208954334259033 0.10927343368530273 1.0 0.75 0.0
v 0.6084524393081665 0.14018091559410095 -0.06630733609199524 1.0 0.75 0.0
v 0.4258953332901001 0.11460238695144653 -0.005543081555515528 1.0 0.75 0.0
v 0.7074379920959473 0.11673969030380249 -0.07382545620203018 1.0 0.75 0.0
v 0.6904082298278809 0.2788965404033661 -0.16983599960803986 0.5 1.0 0.0
v 0.6575859785079956 0.2648298442363739 -0.16045820713043213 0.5 1.0 0.0
v 0.4571356475353241 0.1839463859796524 -0.04323578625917435 0.5 1.0 0.0
v 0.6282803416252136 0.25310760736465454 -0.13466927409172058 0.5 1.0 0.0
v 0.5731858015060425 0.23083534836769104 -0.11943035572767258 0.5 1.0 0.0
v 0.22620747983455658 0.4430079162120819 0.1454923003911972 0.5 1.0 0.0
v 0.2344130426645279 0.43831902742385864 0.13963118195533752 0.5 1.0 0.0
v 0.21917413175106049 0.38556891679763794 0.1372867375612259 0.5 1.0 0.0
v 0.19572965800762177 0.299996554851532 0.12908115983009338 0.5 1.0 0.0
v 0.18635186553001404 0.33516329526901245 0.14666453003883362 0.5 1.0 0.0
v 0.1605629324913025 0.27186319231987 0.1443200707435608 0.5 1.0 0.0
v 0.14180734753608704 0.10071846842765808 0.12204781919717789 0.5 1.0 0.0
v 0.13360176980495453 0.13354073464870453 0.13963118195533752 0.5 1.0 0.0
v 0.10664061456918716 0.07024063915014267 0.13259783387184143 0.5 1.0 0.0
v 0.0796794593334198 0.03155723959207535 0.1454923003911972 0.5 1.0 0.0
v 0.27544090151786804 0.608291506767273 0.1454923003911972 0.5 1.0 0.0
v 0.2660630941390991 0.567263662815094 0.14900897443294525 0.5 1.0 0.0
v 0.2566853165626526 0.5309247374534607 0.1443200707435608 0.5 1.0 0.0
v 0.24730750918388367 0.48872464895248413 0.14197562634944916 0.5 1.0 0.0
v 0.182835191488266 0.33633551001548767 0.14314785599708557 0.5 1.0 0.0
v 0.17462961375713348 0.29882434010505676 0.13963118195533752 0.5 1.0 0.0
v 0.16525182127952576 0.26014095544815063 0.13494227826595306 0.5 1.0 0.0
v 0.13711844384670258 0.1394018679857254 0.13963118195533752 0.5 1.0 0.0
v 0.12891288101673126 0.10423513501882553 0.12790894508361816 0.5 1.0 0.0
v 0.12070730328559875 0.06789618730545044 0.12556448578834534 0.5 1.0 0.0
v 0.32701876759529114 0.6141526103019714 0.11970336735248566 0.5 1.0 0.0
v 0.3551521301269531 0.6071193218231201 0.09508666396141052 0.5 1.0 0.0
v 0.4032133221626282 0.5953970551490784 0.06578105688095093 0.5 1.0 0.0
v 0.4184522330760956 0.5344414114952087 0.05288659408688545 0.5 1.0 0.0
v 0.45244672894477844 0.570780336856842 0.02826988510787487 0.5 1.0 0.0
v 0.4641689658164978 0.5203747153282166 0.021236540749669075 0.5 1.0 0.0
v 0.4794079065322876 0.4570746123790741 -0.005724614020437002 0.5 1.0 0.0
v 0.4852690100669861 0.563746988773346 0.0013087308034300804 0.5 1.0 0.0
v 0.49699124693870544 0.5133413672447205 -0.011585734784603119 0.5 1.0 0.0
v 0.5122301578521729 0.4512134790420532 -0.029169097542762756 0.5 1.0 0.0
v 0.5274690985679626 0.3843967020511627 -0.05378580465912819 0.5 1.0 0.0
v 0.5216079354286194 0.5156857967376709 -0.016274631023406982 0.5 1.0 0.0
v 0.5356746315956116 0.4570746123790741 -0.03385799378156662 0.5 1.0 0.0
v 0.5497413277626038 0.3996356129646301 -0.05730247497558594 0.5 1.0 0.0
v 0.5579469203948975 0.5485081076622009 -0.04440801218152046 0.5 1.0 0.0
v 0.5720136165618896 0.48872464895248413 -0.05847470089793205 0.5 1.0 0.0
v 0.5860803127288818 0.43011343479156494 -0.08074695616960526 0.5 1.0 0.0
v 0.6013191938400269 0.3668133318424225 -0.1065358892083168 0.5 1.0 0.0
v 0.6165581345558167 0.30351322889328003 -0.13349704444408417 0.5 1.0 0.0
v 0.6036636233329773 0.5145136117935181 -0.07840251177549362 0.5 1.0 0.0
v 0.6165581345558167 0.45941904187202454 -0.08660808205604553 0.5 1.0 0.0
v 0.6306248307228088 0.3996356129646301 -0.11122478544712067 0.5 1.0 0.0
v 0.6446914672851562 0.3386799693107605 -0.12646369636058807 0.5 1.0 0.0
v 0.6341415047645569 0.5156857967376709 -0.09715809673070908 0.5 1.0 0.0
v 0.6470359563827515 0.46059128642082214 -0.11708590388298035 0.5 1.0 0.0
v 0.6634470820426941 0.3914300501346588 -0.1440470665693283 0.5 1.0 0.0
v 0.6775137782096863 0.33516329526901245 -0.1510803997516632 0.5 1.0 0.0
v 0.6798582077026367 0.41721898317337036 -0.13115260004997253 0.5 1.0 0.0
v 0.7091638445854187 0.4852079749107361 -0.149908185005188 0.5 1.0 0.0
v 0.7232305407524109 0.4254245460033417 -0.1663193255662918 0.5 1.0 0.0
v 0.7208860516548157 0.405496746301651 -0.17804156243801117 0.5 1.0 0.0
v 0.7115082740783691 0.4406634569168091 -0.16163042187690735 0.5 1.0 0.0
v 0.7021304965019226 0.47465795278549194 -0.1440470665693283 0.5 1.0 0.0
v 0.6939249038696289 0.3961189389228821 -0.15576930344104767 0.5 1.0 0.0
v 0.6833748817443848 0.43245789408683777 -0.1428748369216919 0.5 1.0 0.0
v 0.6739971041679382 0.46762463450431824 -0.13232481479644775 0.5 1.0 0.0
v 0.6657915115356445 0.5016191005706787 -0.11474145948886871 0.5 1.0 0.0
v 0.6704804301261902 0.3597800135612488 -0.14756374061107635 0.5 1.0 0.0
v 0.6611026525497437 0.3984633982181549 -0.13818594813346863 0.5 1.0 0.0
v 0.6517248153686523 0.43128567934036255 -0.1276359260082245 0.5 1.0 0.0
v 0.6423470377922058 0.4699690639972687 -0.11239700764417648 0.5 1.0 0.0
v 0.6329692602157593 0.5051357746124268 -0.09481364488601685 0.5 1.0 0.0
v 0.6493803858757019 0.299996554851532 -0.149908185005188 0.5 1.0 0.0
v 0.6400026082992554 0.33516329526901245 -0.1358414888381958 0.5 1.0 0.0
v 0.6294525861740112 0.3738466799259186 -0.12294702976942062 0.5 1.0 0.0
v 0.6200748085975647 0.4066689610481262 -0.10888034105300903 0.5 1.0 0.0
v 0.6106969714164734 0.4406634569168091 -0.09715809673070908 0.5 1.0 0.0
v 0.6013191938400269 0.4805190861225128 -0.0842636302113533 0.5 1.0 0.0
v 0.5919414162635803 0.5180302858352661 -0.06550804525613785 0.5 1.0 0.0
v 0.6024914383888245 0.3105465769767761 -0.11943035572767258 0.5 1.0 0.0
v 0.5931136608123779 0.34805774688720703 -0.10888034105300903 0.5 1.0 0.0
v 0.5837358236312866 0.3832244873046875 -0.08660808205604553 0.5 1.0 0.0
v 0.5743580460548401 0.4195634424686432 -0.0772302895784378 0.5 1.0 0.0
v 0.5649802684783936 0.4559023678302765 -0.06550804525613785 0.5 1.0 0.0
v 0.555602490901947 0.49106910824775696 -0.05378580465912819 0.5 1.0 0.0
v 0.5462246537208557 0.5250635743141174 -0.0397191122174263 0.5 1.0 0.0
v 0.5591191053390503 0.3515744209289551 -0.0842636302113533 0.5 1.0 0.0
v 0.5497413277626038 0.38556891679763794 -0.06785248965024948 0.5 1.0 0.0
v 0.5391913056373596 0.4254245460033417 -0.05378580465912819 0.5 1.0 0.0
v 0.5298135280609131 0.46059128642082214 -0.04206356406211853 0.5 1.0 0.0
v 0.5204357504844666 0.4957579970359802 -0.026824647560715675 0.5 1.0 0.0
v 0.51105797290802 0.5344414114952087 -0.015102406963706017 0.5 1.0 0.0
v 0.5134024024009705 0.3902578353881836 -0.049096908420324326 0.5 1.0 0.0
v 0.5040246248245239 0.4254245460033417 -0.035030215978622437 0.5 1.0 0.0
v 0.494646817445755 0.46059128642082214 -0.022135751321911812 0.5 1.0 0.0
v 0.4852690100669861 0.49927467107772827 -0.005724614020437002 0.5 1.0 0.0
v 0.47589123249053955 0.5320969223976135 0.007169851567596197 0.5 1.0 0.0
v 0.46768563985824585 0.563746988773346 0.027097661048173904 0.5 1.0 0.0
v 0.4430689513683319 0.48286354541778564 0.018892092630267143 0.5 1.0 0.0
v 0.433691143989563 0.5180302858352661 0.027097661048173904 0.5 1.0 0.0
v 0.4254855811595917 0.5508525371551514 0.03999212756752968 0.5 1.0 0.0
v 0.41493555903434753 0.5871914625167847 0.06226438656449318 0.5 1.0 0.0
v 0.38797441124916077 0.5367858409881592 0.06226438656449318 0.5 1.0 0.0
v 0.37859660387039185 0.570780336856842 0.07281440496444702 0.5 1.0 0.0
v 0.37039104104042053 0.6071193218231201 0.09156998991966248 0.5 1.0 0.0
v 0.34225767850875854 0.5883637070655823 0.10563667863607407 0.5 1.0 0.0
v 0.7314360737800598 0.4570746123790741 -0.1663193255662918 0.5 1.0 0.0
v 0.7220582962036133 0.41604676842689514 -0.17921379208564758 0.5 1.0 0.0
v 0.7068193554878235 0.4723135232925415 -0.14639151096343994 0.5 1.0 0.0
v 0.6962693333625793 0.43011343479156494 -0.14756374061107635 0.5 1.0 0.0
v 0.6892359852790833 0.39494672417640686 -0.1510803997516632 0.5 1.0 0.0
v 0.6798582077026367 0.35860776901245117 -0.15225262939929962 0.5 1.0 0.0
v 0.6704804301261902 0.3187521696090698 -0.15459707379341125 0.5 1.0 0.0
v 0.6728248596191406 0.48872464895248413 -0.12411925196647644 0.5 1.0 0.0
v 0.6634470820426941 0.4476968050003052 -0.12998037040233612 0.5 1.0 0.0
v 0.6540693044662476 0.40901342034339905 -0.1288081556558609 0.5 1.0 0.0
v 0.6458637118339539 0.3750189244747162 -0.13232481479644775 0.5 1.0 0.0
v 0.6364859342575073 0.3328188359737396 -0.1358414888381958 0.5 1.0 0.0
v 0.6271081566810608 0.2953076660633087 -0.13701371848583221 0.5 1.0 0.0
v 0.6364859342575073 0.5039635896682739 -0.09598587453365326 0.5 1.0 0.0
v 0.6282803416252136 0.46762463450431824 -0.1065358892083168 0.5 1.0 0.0
v 0.6189025640487671 0.4277690052986145 -0.10301921516656876 0.5 1.0 0.0
v 0.6095247864723206 0.38791337609291077 -0.10888034105300903 0.5 1.0 0.0
v 0.6013191938400269 0.3515744209289551 -0.11122478544712067 0.5 1.0 0.0
v 0.5931136608123779 0.3152354955673218 -0.1135692372918129 0.5 1.0 0.0
v 0.5907691717147827 0.5027913451194763 -0.0690247192978859 0.5 1.0 0.0
v 0.5813913941383362 0.4629357159137726 -0.07254139333963394 0.5 1.0 0.0
v 0.5720136165618896 0.4254245460033417 -0.07371361553668976 0.5 1.0 0.0
v 0.5626357793807983 0.3832244873046875 -0.08074695616960526 0.5 1.0 0.0
v 0.5626357793807983 0.5156857967376709 -0.05613025277853012 0.5 1.0 0.0
v 0.5532580018043518 0.47817462682724 -0.054958026856184006 0.5 1.0 0.0
v 0.5450524687767029 0.43949124217033386 -0.05730247497558594 0.5 1.0 0.0
v 0.5356746315956116 0.3996356129646301 -0.05964692309498787 0.5 1.0 0.0
v 0.5309857726097107 0.5133413672447205 -0.032685767859220505 0.5 1.0 0.0
v 0.5216079354286194 0.47465795278549194 -0.032685767859220505 0.5 1.0 0.0
v 0.5122301578521729 0.43245789408683777 -0.03620244190096855 0.5 1.0 0.0
v 0.49933570623397827 0.5602303147315979 0.0013087308034300804 0.5 1.0 0.0
v 0.48995789885520935 0.519202470779419 0.00013650668552145362 0.5 1.0 0.0
v 0.4805801212787628 0.48169130086898804 -0.009241286665201187 0.5 1.0 0.0
v 0.4712023138999939 0.4430079162120819 -0.008069062605500221 0.5 1.0 0.0
v 0.4559634029865265 0.5719525814056396 0.03295878320932388 0.5 1.0 0.0
v 0.44658562541007996 0.5367858409881592 0.029442111030220985 0.5 1.0 0.0
v 0.43838006258010864 0.49927467107772827 0.02240876480937004 0.5 1.0 0.0
v 0.4196244478225708 0.5649192333221436 0.05405881628394127 0.5 1.0 0.0
v 0.41024667024612427 0.526235818862915 0.047025471925735474 0.5 1.0 0.0
v 0.39383554458618164 0.5848470330238342 0.06695327907800674 0.5 1.0 0.0
v 0.3844577372074127 0.5449914336204529 0.06460883468389511 0.5 1.0 0.0
v 0.3528077006340027 0.5953970551490784 0.09743110835552216 0.5 1.0 0.0
v 0.7079916000366211 0.3023410141468048 -0.1733526587486267 0.5 1.0 0.0
v 0.7572250366210938 0.4512134790420532 -0.19210825860500336 0.5 1.0 0.0
v 0.7302638292312622 0.37033000588417053 -0.18976379930973053 0.5 1.0 0.0
v 0.7103360295295715 0.3293021619319916 -0.1874193549156189 0.5 1.0 0.0
v 0.7021304965019226 0.3621244430541992 -0.17100821435451508 0.5 1.0 0.0
v 0.6892359852790833 0.29179099202156067 -0.17921379208564758 0.5 1.0 0.0
v 0.6798582077026367 0.3246132731437683 -0.16397486627101898 0.5 1.0 0.0
v 0.7138527035713196 0.3773633539676666 -0.17921379208564758 0.5 1.0 0.0
v 0.704474925994873 0.3398521840572357 -0.17569711804389954 0.5 1.0 0.0
v 0.6950971484184265 0.299996554851532 -0.1803860068321228 0.5 1.0 0.0
v 0.6611026525497437 0.2800687551498413 -0.15459707379341125 0.5 1.0 0.0
v 0.19572965800762177 0.27186319231987 0.13377006351947784 0.5 1.0 0.0
v 0.2203463613986969 0.35626333951950073 0.13494227826595306 0.5 1.0 0.0
v 0.2355852723121643 0.29179099202156067 0.11032557487487793 0.5 1.0 0.0
v 0.241446390748024 0.3808800280094147 0.12673671543598175 0.5 1.0 0.0
v 0.255513072013855 0.3222688138484955 0.1079811304807663 0.5 1.0 0.0
v 0.26957976818084717 0.2636576294898987 0.08453664183616638 0.5 1.0 0.0
v 0.25199639797210693 0.46879684925079346 0.13963118195533752 0.5 1.0 0.0
v 0.26723533868789673 0.4031522870063782 0.11384224891662598 0.5 1.0 0.0
v 0.28130200505256653 0.3468855321407318 0.09156998991966248 0.5 1.0 0.0
v 0.29654091596603394 0.28241321444511414 0.06929773092269897 0.5 1.0 0.0
v 0.31295207142829895 0.21676865220069885 0.04585324972867966 0.5 1.0 0.0
v 0.27544090151786804 0.5367858409881592 0.14080339670181274 0.5 1.0 0.0
v 0.29067981243133545 0.47465795278549194 0.11618669331073761 0.5 1.0 0.0
v 0.3070909380912781 0.4066689610481262 0.09274221211671829 0.5 1.0 0.0
v 0.32115763425827026 0.35040220618247986 0.07281440496444702 0.5 1.0 0.0
v 0.33639654517173767 0.2859298884868622 0.04233657568693161 0.5 1.0 0.0
v 0.3528077006340027 0.21794088184833527 0.013030972331762314 0.5 1.0 0.0
v 0.36570215225219727 0.1605018973350525 0.00013650668552145362 0.5 1.0 0.0
v 0.31177982687950134 0.5602303147315979 0.12087558954954147 0.5 1.0 0.0
v 0.32584652304649353 0.5016191005706787 0.10329223424196243 0.5 1.0 0.0
v 0.34108543395996094 0.43714678287506104 0.07750330120325089 0.5 1.0 0.0
v 0.3551521301269531 0.37853559851646423 0.0564032644033432 0.5 1.0 0.0
v 0.37039104104042053 0.31289103627204895 0.02592543698847294 0.5 1.0 0.0
v 0.3844577372074127 0.2566242814064026 0.011858748272061348 0.5 1.0 0.0
v 0.3985244333744049 0.19684083759784698 -0.016274631023406982 0.5 1.0 0.0
v 0.34225767850875854 0.5496802926063538 0.09625888615846634 0.5 1.0 0.0
v 0.35749658942222595 0.4852079749107361 0.06929773092269897 0.5 1.0 0.0
v 0.37156328558921814 0.43011343479156494 0.05288659408688545 0.5 1.0 0.0
v 0.38680219650268555 0.36329665780067444 0.023580988869071007 0.5 1.0 0.0
v 0.40204110741615295 0.3023410141468048 0.0013087308034300804 0.5 1.0 0.0
v 0.41610780358314514 0.2425575852394104 -0.016274631023406982 0.5 1.0 0.0
v 0.43017446994781494 0.1839463859796524 -0.035030215978622437 0.5 1.0 0.0
v 0.4137633442878723 0.36564111709594727 0.015375420451164246 0.5 1.0 0.0
v 0.4266577959060669 0.31171882152557373 -0.0010357174323871732 0.5 1.0 0.0
v 0.4407244920730591 0.2507631480693817 -0.020963527262210846 0.5 1.0 0.0
v 0.43251892924308777 0.4711412787437439 0.024753212928771973 0.5 1.0 0.0
v 0.4477578401565552 0.40901342034339905 0.0013087308034300804 0.5 1.0 0.0
v 0.4641689658164978 0.3410244286060333 -0.024480199441313744 0.5 1.0 0.0
v 0.4794079065322876 0.28124096989631653 -0.04558023437857628 0.5 1.0 0.0
v 0.4934745728969574 0.22262977063655853 -0.06668026745319366 0.5 1.0 0.0
v 0.4923023581504822 0.40080785751342773 -0.01979130320250988 0.5 1.0 0.0
v 0.507541298866272 0.3375077545642853 -0.046752460300922394 0.5 1.0 0.0
v 0.5239524245262146 0.2730354070663452 -0.06785248965024948 0.5 1.0 0.0
v 0.5427079796791077 0.3246132731437683 -0.07840251177549362 0.5 1.0 0.0
v 0.5567746758460999 0.26131317019462585 -0.10184699296951294 0.5 1.0 0.0
v 0.5813913941383362 0.2706909775733948 -0.10536366701126099 0.5 1.0 0.0
v 0.611869215965271 0.2730354070663452 -0.13232481479644775 0.5 1.0 0.0
v 0.5884247422218323 0.2425575852394104 -0.12294702976942062 0.5 1.0 0.0
v 0.5778747200965881 0.2788965404033661 -0.11122478544712067 0.5 1.0 0.0
v 0.5684969425201416 0.316407710313797 -0.09481364488601685 0.5 1.0 0.0
v 0.552085816860199 0.24490202963352203 -0.10301921516656876 0.5 1.0 0.0
v 0.5427079796791077 0.28124096989631653 -0.08895252645015717 0.5 1.0 0.0
v 0.5333302021026611 0.3175799250602722 -0.07840251177549362 0.5 1.0 0.0
v 0.522780179977417 0.35626333951950073 -0.0619913712143898 0.5 1.0 0.0
v 0.507541298866272 0.23786869645118713 -0.07957473397254944 0.5 1.0 0.0
v 0.49816349148750305 0.2730354070663452 -0.06668026745319366 0.5 1.0 0.0
v 0.48995789885520935 0.3070299029350281 -0.05026913061738014 0.5 1.0 0.0
v 0.4805801212787628 0.34219664335250854 -0.0397191122174263 0.5 1.0 0.0
v 0.4700300991535187 0.37970781326293945 -0.026824647560715675 0.5 1.0 0.0
v 0.46182453632354736 0.4113578498363495 -0.011585734784603119 0.5 1.0 0.0
v 0.45244672894477844 0.44418013095855713 0.004825403448194265 0.5 1.0 0.0
v 0.4712023138999939 0.21676865220069885 -0.060819149017333984 0.5 1.0 0.0
v 0.4629967510700226 0.2507631480693817 -0.04558023437857628 0.5 1.0 0.0
v 0.45244672894477844 0.28944656252861023 -0.03620244190096855 0.5 1.0 0.0
v 0.44424116611480713 0.3222688138484955 -0.01744685508310795 0.5 1.0 0.0
v 0.4348633885383606 0.35743555426597595 -0.0033801656682044268 0.5 1.0 0.0
v 0.4254855811595917 0.39377450942993164 0.007169851567596197 0.5 1.0 0.0
v 0.41610780358314514 0.4277690052986145 0.02240876480937004 0.5 1.0 0.0
v 0.4067299962043762 0.4641079604625702 0.03764767944812775 0.5 1.0 0.0
v 0.3973521888256073 0.5016191005706787 0.05054214596748352 0.5 1.0 0.0
v 0.44658562541007996 0.19566862285137177 -0.049096908420324326 0.5 1.0 0.0
v 0.43720781803131104 0.2284909039735794 -0.035030215978622437 0.5 1.0 0.0
v 0.4278300404548645 0.2660020589828491 -0.023307975381612778 0.5 1.0 0.0
v 0.4184522330760956 0.30351322889328003 -0.0033801656682044268 0.5 1.0 0.0
v 0.40907445549964905 0.3375077545642853 0.005997627507895231 0.5 1.0 0.0
v 0.3996966481208801 0.37150225043296814 0.02240876480937004 0.5 1.0 0.0
v 0.3903188705444336 0.40901342034339905 0.03295878320932388 0.5 1.0 0.0
v 0.3809410631656647 0.44535237550735474 0.04819769784808159 0.5 1.0 0.0
v 0.37156328558921814 0.4793468713760376 0.0634366124868393 0.5 1.0 0.0
v 0.361013263463974 0.519202470779419 0.07633107900619507 0.5 1.0 0.0
v 0.3516354560852051 0.5543692111968994 0.09039776772260666 0.5 1.0 0.0
v 0.4266577959060669 0.1757408082485199 -0.03737466409802437 0.5 1.0 0.0
v 0.41728001832962036 0.21207976341247559 -0.026824647560715675 0.5 1.0 0.0
v 0.4067299962043762 0.2495909333229065 -0.015102406963706017 0.5 1.0 0.0
v 0.3973521888256073 0.2847576439380646 -0.0010357174323871732 0.5 1.0 0.0
v 0.38797441124916077 0.3222688138484955 0.01420319639146328 0.5 1.0 0.0
v 0.3774243891239166 0.3597800135612488 0.027097661048173904 0.5 1.0 0.0
v 0.3680466115474701 0.39494672417640686 0.04233657568693161 0.5 1.0 0.0
v 0.35866880416870117 0.43011343479156494 0.05405881628394127 0.5 1.0 0.0
v 0.34929102659225464 0.46645238995552063 0.06812550872564316 0.5 1.0 0.0
v 0.34108543395996094 0.49927467107772827 0.08336441963911057 0.5 1.0 0.0
v 0.3317076563835144 0.5344414114952087 0.09743110835552216 0.5 1.0 0.0
v 0.32115763425827026 0.5719525814056396 0.11149779707193375 0.5 1.0 0.0
v 0.31412428617477417 0.6071193218231201 0.12439226359128952 0.5 1.0 0.0
v 0.3809410631656647 0.18160192668437958 -0.012757958844304085 0.5 1.0 0.0
v 0.37156328558921814 0.21794088184833527 0.00013650668552145362 0.5 1.0 0.0
v 0.3621854782104492 0.25310760736465454 0.011858748272061348 0.5 1.0 0.0
v 0.3539799153804779 0.28358542919158936 0.02826988510787487 0.5 1.0 0.0
v 0.34342989325523376 0.3246132731437683 0.03999212756752968 0.5 1.0 0.0
v 0.33405208587646484 0.360952228307724 0.0564032644033432 0.5 1.0 0.0
v 0.32584652304649353 0.39260226488113403 0.06929773092269897 0.5 1.0 0.0
v 0.3152965009212494 0.43011343479156494 0.08101997524499893 0.5 1.0 0.0
v 0.30591872334480286 0.46762463450431824 0.09977556020021439 0.5 1.0 0.0
v 0.29654091596603394 0.5016191005706787 0.1150144711136818 0.5 1.0 0.0
v 0.2871631383895874 0.5367858409881592 0.12439226359128952 0.5 1.0 0.0
v 0.27661311626434326 0.5754692554473877 0.1443200707435608 0.5 1.0 0.0
v 0.35046324133872986 0.14409075677394867 0.005997627507895231 0.5 1.0 0.0
v 0.34108543395996094 0.18160192668437958 0.009514300152659416 0.5 1.0 0.0
v 0.3317076563835144 0.21676865220069885 0.029442111030220985 0.5 1.0 0.0
v 0.3223298490047455 0.25427982211112976 0.041164349764585495 0.5 1.0 0.0
v 0.31295207142829895 0.29061877727508545 0.0564032644033432 0.5 1.0 0.0
v 0.30357426404953003 0.32578548789024353 0.06812550872564316 0.5 1.0 0.0
v 0.2930242419242859 0.3621244430541992 0.08219219744205475 0.5 1.0 0.0
v 0.2848186790943146 0.3961189389228821 0.09743110835552216 0.5 1.0 0.0
v 0.27426865696907043 0.433630108833313 0.10915335267782211 0.5 1.0 0.0
v 0.2648908793926239 0.46879684925079346 0.12439226359128952 0.5 1.0 0.0
v 0.2566853165626526 0.5016191005706787 0.1372867375612259 0.5 1.0 0.0
v 0.316468745470047 0.12533517181873322 0.018892092630267143 0.5 1.0 0.0
v 0.3070909380912781 0.1605018973350525 0.02826988510787487 0.5 1.0 0.0
v 0.29888537526130676 0.19449639320373535 0.04233657568693161 0.5 1.0 0.0
v 0.28950756788253784 0.23083534836769104 0.055231042206287384 0.5 1.0 0.0
v 0.2789575755596161 0.26834651827812195 0.06929773092269897 0.5 1.0 0.0
v 0.2707519829273224 0.299996554851532 0.08453664183616638 0.5 1.0 0.0
v 0.26137420535087585 0.33516329526901245 0.09860333800315857 0.5 1.0 0.0
v 0.25199639797210693 0.37150225043296814 0.1079811304807663 0.5 1.0 0.0
v 0.2426186203956604 0.4043245315551758 0.12204781919717789 0.5 1.0 0.0
v 0.28364646434783936 0.14057408273220062 0.03764767944812775 0.5 1.0 0.0
v 0.27426865696907043 0.1769130378961563 0.049369920045137405 0.5 1.0 0.0
v 0.2648908793926239 0.21090753376483917 0.06812550872564316 0.5 1.0 0.0
v 0.255513072013855 0.24724648892879486 0.07633107900619507 0.5 1.0 0.0
v 0.24613529443740845 0.28124096989631653 0.09274221211671829 0.5 1.0 0.0
v 0.23675750195980072 0.3175799250602722 0.10329223424196243 0.5 1.0 0.0
v 0.227379709482193 0.3515744209289551 0.12204781919717789 0.5 1.0 0.0
v 0.2426186203956604 0.11947405338287354 0.061092160642147064 0.5 1.0 0.0
v 0.23324082791805267 0.15698522329330444 0.07046995311975479 0.5 1.0 0.0
v 0.22386303544044495 0.19332417845726013 0.08922553807497025 0.5 1.0 0.0
v 0.21448524296283722 0.2284909039735794 0.10212000459432602 0.5 1.0 0.0
v 0.2051074504852295 0.2624853849411011 0.11735892295837402 0.5 1.0 0.0
v 0.20745189487934113 0.09134067595005035 0.07750330120325089 0.5 1.0 0.0
v 0.19924631714820862 0.12533517181873322 0.09039776772260666 0.5 1.0 0.0
v 0.1898685246706009 0.15932966768741608 0.10563667863607407 0.5 1.0 0.0
v 0.18049073219299316 0.19684083759784698 0.11970336735248566 0.5 1.0 0.0
v 0.17931851744651794 0.07610175758600235 0.09274221211671829 0.5 1.0 0.0
v 0.1687684953212738 0.11595737934112549 0.10446445643901825 0.5 1.0 0.0
v 0.1605629324913025 0.14760743081569672 0.11853114515542984 0.5 1.0 0.0
v 0.15118514001369476 0.06320729106664658 0.11032557487487793 0.5 1.0 0.0
v 0.6177303194999695 0.2566242814064026 -0.13466927409172058 0.5 1.0 0.0
v 0.5825636386871338 0.27186319231987 -0.11239700764417648 0.5 1.0 0.0
v 0.552085816860199 0.34336885809898376 -0.07957473397254944 0.5 1.0 0.0
v 0.5438802242279053 0.3070299029350281 -0.07957473397254944 0.5 1.0 0.0
v 0.5356746315956116 0.26951873302459717 -0.0842636302113533 0.5 1.0 0.0
v 0.526296854019165 0.22966311872005463 -0.08778030425310135 0.5 1.0 0.0
v 0.526296854019165 0.3621244430541992 -0.06316359341144562 0.5 1.0 0.0
v 0.5169190764427185 0.3234410583972931 -0.06433582305908203 0.5 1.0 0.0
v 0.507541298866272 0.28124096989631653 -0.0690247192978859 0.5 1.0 0.0
v 0.49816349148750305 0.241385355591774 -0.06668026745319366 0.5 1.0 0.0
v 0.48878568410873413 0.20270197093486786 -0.0690247192978859 0.5 1.0 0.0
v 0.5028523802757263 0.39260226488113403 -0.03620244190096855 0.5 1.0 0.0
v 0.494646817445755 0.35860776901245117 -0.04323578625917435 0.5 1.0 0.0
v 0.4852690100669861 0.3187521696090698 -0.049096908420324326 0.5 1.0 0.0
v 0.47589123249053955 0.2788965404033661 -0.05144135653972626 0.5 1.0 0.0
v 0.46651342511177063 0.24021314084529877 -0.04792468249797821 0.5 1.0 0.0
v 0.4583078622817993 0.20387418568134308 -0.05847470089793205 0.5 1.0 0.0
v 0.4629967510700226 0.405496746301651 -0.010413510724902153 0.5 1.0 0.0
v 0.45361897349357605 0.3668133318424225 -0.016274631023406982 0.5 1.0 0.0
v 0.44541338086128235 0.3304744064807892 -0.023307975381612778 0.5 1.0 0.0
v 0.43720781803131104 0.2953076660633087 -0.022135751321911812 0.5 1.0 0.0
v 0.4266577959060669 0.2507631480693817 -0.020963527262210846 0.5 1.0 0.0
v 0.41728001832962036 0.21442420780658722 -0.026824647560715675 0.5 1.0 0.0
v 0.41024667024612427 0.18042971193790436 -0.030341321602463722 0.5 1.0 0.0
v 0.4290022552013397 0.46059128642082214 0.02240876480937004 0.5 1.0 0.0
v 0.4207966923713684 0.42190787196159363 0.02240876480937004 0.5 1.0 0.0
v 0.4114188849925995 0.38556891679763794 0.015375420451164246 0.5 1.0 0.0
v 0.40204110741615295 0.3457133173942566 0.013030972331762314 0.5 1.0 0.0
v 0.39383554458618164 0.3070299029350281 0.01420319639146328 0.5 1.0 0.0
v 0.38562995195388794 0.27186319231987 0.005997627507895231 0.5 1.0 0.0
v 0.3750799298286438 0.227318674325943 0.003653179155662656 0.5 1.0 0.0
v 0.36570215225219727 0.1909797191619873 -0.0033801656682044268 0.5 1.0 0.0
v 0.35749658942222595 0.1534685492515564 0.003653179155662656 0.5 1.0 0.0
v 0.40204110741615295 0.4863802194595337 0.047025471925735474 0.5 1.0 0.0
v 0.39266330003738403 0.450041264295578 0.04585324972867966 0.5 1.0 0.0
v 0.3832855224609375 0.41018563508987427 0.03881990164518356 0.5 1.0 0.0
v 0.3739077150821686 0.37033000588417053 0.03881990164518356 0.5 1.0 0.0
v 0.36570215225219727 0.33516329526901245 0.0341310054063797 0.5 1.0 0.0
v 0.35632434487342834 0.2964799106121063 0.029442111030220985 0.5 1.0 0.0
v 0.34811878204345703 0.2566242814064026 0.024753212928771973 0.5 1.0 0.0
v 0.3387410044670105 0.21911309659481049 0.023580988869071007 0.5 1.0 0.0
v 0.32819098234176636 0.1757408082485199 0.024753212928771973 0.5 1.0 0.0
v 0.31998541951179504 0.13588519394397736 0.018892092630267143 0.5 1.0 0.0
v 0.3762521743774414 0.507480263710022 0.06226438656449318 0.5 1.0 0.0
v 0.3668743669986725 0.4699690639972687 0.05991993844509125 0.5 1.0 0.0
v 0.35749658942222595 0.4289412200450897 0.057575490325689316 0.5 1.0 0.0
v 0.34811878204345703 0.3902578353881836 0.049369920045137405 0.5 1.0 0.0
v 0.3387410044670105 0.3515744209289551 0.05171436816453934 0.5 1.0 0.0
v 0.3293631970882416 0.31171882152557373 0.04585324972867966 0.5 1.0 0.0
v 0.32115763425827026 0.27186319231987 0.04468102380633354 0.5 1.0 0.0
v 0.31295207142829895 0.23669646680355072 0.043508801609277725 0.5 1.0 0.0
v 0.30357426404953003 0.1991852968931198 0.04233657568693161 0.5 1.0 0.0
v 0.2941964864730835 0.15815745294094086 0.03295878320932388 0.5 1.0 0.0
v 0.2848186790943146 0.11595737934112549 0.03881990164518356 0.5 1.0 0.0
v 0.344602108001709 0.5578858852386475 0.09743110835552216 0.5 1.0 0.0
v 0.33522433042526245 0.5215469598770142 0.09274221211671829 0.5 1.0 0.0
v 0.32584652304649353 0.48169130086898804 0.08805331587791443 0.5 1.0 0.0
v 0.3176409602165222 0.44535237550735474 0.08922553807497025 0.5 1.0 0.0
v 0.3082631826400757 0.4066689610481262 0.08805331587791443 0.5 1.0 0.0
v 0.29888537526130676 0.36446890234947205 0.08219219744205475 0.5 1.0 0.0
v 0.28950756788253784 0.32812994718551636 0.07398662716150284 0.5 1.0 0.0
v 0.28130200505256653 0.2929632365703583 0.07281440496444702 0.5 1.0 0.0
v 0.27192422747612 0.2495909333229065 0.07515884935855865 0.5 1.0 0.0
v 0.26137420535087585 0.20739085972309113 0.06812550872564316 0.5 1.0 0.0
v 0.25316864252090454 0.17222413420677185 0.0716421827673912 0.5 1.0 0.0
v 0.24496306478977203 0.13588519394397736 0.05991993844509125 0.5 1.0 0.0
v 0.2355852723121643 0.09368512034416199 0.06226438656449318 0.5 1.0 0.0
v 0.31177982687950134 0.600085973739624 0.1232200413942337 0.5 1.0 0.0
v 0.3024020493030548 0.5602303147315979 0.12204781919717789 0.5 1.0 0.0
v 0.2941964864730835 0.5238913893699646 0.11853114515542984 0.5 1.0 0.0
v 0.2848186790943146 0.48403576016426086 0.11618669331073761 0.5 1.0 0.0
v 0.27426865696907043 0.4418357014656067 0.11735892295837402 0.5 1.0 0.0
v 0.2660630941390991 0.4066689610481262 0.11032557487487793 0.5 1.0 0.0
v 0.2566853165626526 0.3668133318424225 0.10563667863607407 0.5 1.0 0.0
v 0.24730750918388367 0.32578548789024353 0.10446445643901825 0.5 1.0 0.0
v 0.23910194635391235 0.29061877727508545 0.09625888615846634 0.5 1.0 0.0
v 0.23089636862277985 0.25310760736465454 0.09743110835552216 0.5 1.0 0.0
v 0.2203463613986969 0.21207976341247559 0.09274221211671829 0.5 1.0 0.0
v 0.2121407836675644 0.17456859350204468 0.08922553807497025 0.5 1.0 0.0
v 0.20393522083759308 0.1394018679857254 0.08922553807497025 0.5 1.0 0.0
v 0.19455742835998535 0.09954623878002167 0.08688109368085861 0.5 1.0 0.0
v 0.23910194635391235 0.45473015308380127 0.13611450791358948 0.5 1.0 0.0
v 0.22972415387630463 0.41487452387809753 0.13142560422420502 0.5 1.0 0.0
v 0.22151857614517212 0.3761911392211914 0.12908115983009338 0.5 1.0 0.0
v 0.2121407836675644 0.3398521840572357 0.12908115983009338 0.5 1.0 0.0
v 0.20393522083759308 0.3023410141468048 0.12673671543598175 0.5 1.0 0.0
v 0.19455742835998535 0.2648298442363739 0.1232200413942337 0.5 1.0 0.0
v 0.18635186553001404 0.22497422993183136 0.11970336735248566 0.5 1.0 0.0
v 0.17697405815124512 0.18980750441551208 0.11853114515542984 0.5 1.0 0.0
v 0.1675962656736374 0.15112410485744476 0.11735892295837402 0.5 1.0 0.0
v 0.15939070284366608 0.11126848310232162 0.10915335267782211 0.5 1.0 0.0
v 0.15118514001369476 0.07492953538894653 0.11267002671957016 0.5 1.0 0.0
v 0.31630271673202515 0.585062563419342 0.11610263586044312 0.5 1.0 0.0
v 0.5507609248161316 0.2393878996372223 -0.10017560422420502 0.5 1.0 0.0
v 0.6103354096412659 0.5307561755180359 -0.07499278336763382 0.5 1.0 0.0
v 0.487253874540329 0.19997887313365936 -0.06970883905887604 0.5 1.0 0.0
v 0.42548808455467224 0.5801405310630798 0.04836328327655792 0.5 1.0 0.0
v 0.4356272518634796 0.3885439932346344 0.0016788312932476401 0.5 1.0 0.0
v 0.3738954961299896 0.44714173674583435 0.05177316069602966 0.5 1.0 0.0
v 0.6061779856681824 0.5325493216514587 -0.07207415997982025 0.5 1.0 0.0
v 0.6559674739837646 0.2803317606449127 -0.15579138696193695 0.5 1.0 0.0
v 0.724833607673645 0.39819011092185974 -0.1729530245065689 0.5 1.0 0.0
v 0.23071525990962982 0.11915323883295059 0.06992436945438385 0.5 1.0 0.0
v 0.12453509122133255 0.1509750634431839 0.1415127068758011 0.5 1.0 0.0
v 0.08202815800905228 0.039633285254240036 0.14394916594028473 0.5 1.0 0.0
v 0.45654019713401794 0.4891006648540497 0.010154461488127708 0.5 1.0 0.0
v 0.7021490931510925 0.432302862405777 -0.15188635885715485 0.5 1.0 0.0
v 0.7111017107963562 0.3064180910587311 -0.18395891785621643 0.5 1.0 0.0
v 0.5825961232185364 0.40440791845321655 -0.08474895358085632 0.5 1.0 0.0
v 0.42021435499191284 0.17110894620418549 -0.034856900572776794 0.5 1.0 0.0
v 0.40720105171203613 0.20886439085006714 -0.018928369507193565 0.5 1.0 0.0
v 0.4847407341003418 0.37866759300231934 -0.030410822480916977 0.5 1.0 0.0
v 0.5707148909568787 0.4045955538749695 -0.07745128124952316 0.5 1.0 0.0
v 0.7133939862251282 0.33093634247779846 -0.180177703499794 0.5 1.0 0.0
v 0.7029240727424622 0.4499351680278778 -0.14863348007202148 0.5 1.0 0.0
v 0.45524585247039795 0.4348863363265991 -0.0005121254944242537 0.5 1.0 0.0
v 0.7100384831428528 0.4237992465496063 -0.15850290656089783 0.5 1.0 0.0
v 0.4096081852912903 0.4959683120250702 0.04027564078569412 0.5 1.0 0.0
v 0.631938636302948 0.48749491572380066 -0.09733228385448456 0.5 1.0 0.0
v 0.20126213133335114 0.34562820196151733 0.1357782930135727 0.5 1.0 0.0
v 0.2155609130859375 0.09963547438383102 0.07505711168050766 0.5 1.0 0.0
v 0.18861815333366394 0.2298438847064972 0.11903321743011475 0.5 1.0 0.0
v 0.4565361738204956 0.5243809819221497 0.017612803727388382 0.5 1.0 0.0
v 0.3871922194957733 0.16211459040641785 -0.01658513769507408 0.5 1.0 0.0
v 0.6099204421043396 0.2554759681224823 -0.13291501998901367 0.5 1.0 0.0
v 0.5565714240074158 0.3396926522254944 -0.08252744376659393 0.5 1.0 0.0
v 0.5968132019042969 0.48555660247802734 -0.0762845054268837 0.5 1.0 0.0
v 0.20418018102645874 0.18400341272354126 0.09983909130096436 0.5 1.0 0.0
v 0.4744478762149811 0.575653612613678 0.017506491392850876 0.5 1.0 0.0
v 0.7350745797157288 0.46762603521347046 -0.16453491151332855 0.5 1.0 0.0
v 0.4855937361717224 0.45771604776382446 -0.014226358383893967 0.5 1.0 0.0
v 0.6472353935241699 0.2723996341228485 -0.15213344991207123 0.5 1.0 0.0
v 0.375733882188797 0.4746738374233246 0.056468572467565536 0.5 1.0 0.0
v 0.31865769624710083 0.5084645748138428 0.0984763503074646 0.5 1.0 0.0
v 0.21490487456321716 0.3930512070655823 0.13746625185012817 0.5 1.0 0.0
v 0.2569694221019745 0.4285854995250702 0.11927942931652069 0.5 1.0 0.0
v 0.2703174948692322 0.1600208580493927 0.05436881631612778 0.5 1.0 0.0
v 0.28395435214042664 0.37616798281669617 0.09171732515096664 0.5 1.0 0.0
v 0.7112812995910645 0.31612256169319153 -0.1820177286863327 0.5 1.0 0.0
v 0.3262611925601959 0.13082090020179749 0.014023030176758766 0.5 1.0 0.0
v 0.1313546895980835 0.1296938955783844 0.1328493356704712 0.5 1.0 0.0
v 0.39740967750549316 0.25549498200416565 -0.0030924403108656406 0.5 1.0 0.0
v 0.6040473580360413 0.3894806504249573 -0.10100768506526947 0.5 1.0 0.0
v 0.27393823862075806 0.43656033277511597 0.1105988547205925 0.5 1.0 0.0
v 0.5334134697914124 0.39014190435409546 -0.05771912261843681 0.5 1.0 0.0
v 0.3024243414402008 0.6071262955665588 0.12924343347549438 0.5 1.0 0.0
v 0.29792940616607666 0.17665040493011475 0.0410156212747097 0.5 1.0 0.0
v 0.35144513845443726 0.5123977661132812 0.079278364777565 0.5 1.0 0.0
v 0.3551521301269531 -0.5006325244903564 -0.13115260004997253 0.0 1.0 0.25
v 0.09022948145866394 -0.009470603428781033 0.13963118195533752 0.0 1.0 0.25
v 0.7185416221618652 -0.24977655708789825 0.1232200413942337 0.0 1.0 0.25
v 0.6986138224601746 -0.3107322156429291 0.0786755234003067 0.0 1.0 0.25
v 0.6915804743766785 -0.27908214926719666 0.09625888615846634 0.0 1.0 0.25
v 0.6716526746749878 -0.3810656666755676 0.02240876480937004 0.0 1.0 0.25
v 0.6622748374938965 -0.34824338555336 0.043508801609277725 0.0 1.0 0.25
v 0.6493803858757019 -0.4537435472011566 -0.03385799378156662 0.0 1.0 0.25
v 0.6400026082992554 -0.4174045920372009 -0.01393018290400505 0.0 1.0 0.25
v 0.6317970156669617 -0.3857545554637909 0.011858748272061348 0.0 1.0 0.25
v 0.6235914826393127 -0.35410448908805847 0.03178655728697777 0.0 1.0 0.25
v 0.6317970156669617 -0.501804769039154 -0.07488583773374557 0.0 1.0 0.25
v 0.6224192380905151 -0.4678102433681488 -0.052613578736782074 0.0 1.0 0.25
v 0.6130414605140686 -0.4361601769924164 -0.029169097542762756 0.0 1.0 0.25
v 0.6048358678817749 -0.4009934663772583 -0.006896838080137968 0.0 1.0 0.25
v 0.6177303194999695 -0.5486937165260315 -0.10301921516656876 0.0 1.0 0.25
v 0.608352541923523 -0.5123547315597534 -0.0842636302113533 0.0 1.0 0.25
v 0.5989747643470764 -0.47836026549339294 -0.06550804525613785 0.0 1.0 0.25
v 0.5895969867706299 -0.4431935250759125 -0.04206356406211853 0.0 1.0 0.25
v 0.5813913941383362 -0.41037124395370483 -0.020963527262210846 0.0 1.0 0.25
v 0.596630334854126 -0.6342660784721375 -0.1733526587486267 0.0 1.0 0.25
v 0.5884247422218323 -0.602616012096405 -0.149908185005188 0.0 1.0 0.25
v 0.5790469646453857 -0.5697937607765198 -0.1288081556558609 0.0 1.0 0.25
v 0.5696691274642944 -0.5346270203590393 -0.11005256325006485 0.0 1.0 0.25
v 0.5614635944366455 -0.5006325244903564 -0.08660808205604553 0.0 1.0 0.25
v 0.5532580018043518 -0.47015470266342163 -0.06316359341144562 0.0 1.0 0.25
v 0.5438802242279053 -0.4361601769924164 -0.04558023437857628 0.0 1.0 0.25
v 0.5462246537208557 -0.5979270935058594 -0.16280265152454376 0.0 1.0 0.25
v 0.5391913056373596 -0.5674492716789246 -0.13466927409172058 0.0 1.0 0.25
v 0.5286412835121155 -0.5287659168243408 -0.11943035572767258 0.0 1.0 0.25
v 0.5204357504844666 -0.49946027994155884 -0.09364142268896103 0.0 1.0 0.25
v 0.5122301578521729 -0.465465784072876 -0.07605805993080139 0.0 1.0 0.25
v 0.5028523802757263 -0.5803437829017639 -0.15225262939929962 0.0 1.0 0.25
v 0.494646817445755 -0.5486937165260315 -0.13466927409172058 0.0 1.0 0.25
v 0.4852690100669861 -0.5146992206573486 -0.11474145948886871 0.0 1.0 0.25
v 0.47706344723701477 -0.5920659899711609 -0.1721804440021515 0.0 1.0 0.25
v 0.46768563985824585 -0.5568992495536804 -0.1440470665693283 0.0 1.0 0.25
v 0.4583078622817993 -0.5205603241920471 -0.12646369636058807 0.0 1.0 0.25
v 0.42314112186431885 -0.5627604126930237 -0.16045820713043213 0.0 1.0 0.25
v 0.7115082740783691 -0.2755654752254486 0.10329223424196243 0.0 1.0 0.25
v 0.704474925994873 -0.3107322156429291 0.07984774559736252 0.0 1.0 0.25
v 0.6962693333625793 -0.3412100374698639 0.05405881628394127 0.0 1.0 0.25
v 0.6880638003349304 -0.37520453333854675 0.029442111030220985 0.0 1.0 0.25
v 0.6728248596191406 -0.29549330472946167 0.0786755234003067 0.0 1.0 0.25
v 0.6646193265914917 -0.32948780059814453 0.049369920045137405 0.0 1.0 0.25
v 0.6575859785079956 -0.3634822964668274 0.02592543698847294 0.0 1.0 0.25
v 0.6493803858757019 -0.3951323330402374 0.0013087308034300804 0.0 1.0 0.25
v 0.6423470377922058 -0.42678239941596985 -0.01979130320250988 0.0 1.0 0.25
v 0.6341415047645569 -0.4596046805381775 -0.04440801218152046 0.0 1.0 0.25
v 0.6271081566810608 -0.4900825023651123 -0.07605805993080139 0.0 1.0 0.25
v 0.6200748085975647 -0.5229047536849976 -0.09246920049190521 0.0 1.0 0.25
v 0.611869215965271 -0.5568992495536804 -0.11825813353061676 0.0 1.0 0.25
v 0.6036636233329773 -0.5908938050270081 -0.13935816287994385 0.0 1.0 0.25
v 0.596630334854126 -0.6225438117980957 -0.16163042187690735 0.0 1.0 0.25
v 0.6329692602157593 -0.3412100374698639 0.035303231328725815 0.0 1.0 0.25
v 0.6235914826393127 -0.3787212073802948 0.013030972331762314 0.0 1.0 0.25
v 0.6165581345558167 -0.4080268144607544 -0.006896838080137968 0.0 1.0 0.25
v 0.608352541923523 -0.44084909558296204 -0.03151354566216469 0.0 1.0 0.25
v 0.6013191938400269 -0.4760158061981201 -0.0619913712143898 0.0 1.0 0.25
v 0.5931136608123779 -0.5064936280250549 -0.08191918581724167 0.0 1.0 0.25
v 0.5860803127288818 -0.539315938949585 -0.10888034105300903 0.0 1.0 0.25
v 0.5778747200965881 -0.5744826197624207 -0.13701371848583221 0.0 1.0 0.25
v 0.5696691274642944 -0.6061326861381531 -0.16163042187690735 0.0 1.0 0.25
v 0.5778747200965881 -0.3939601182937622 -0.010413510724902153 0.0 1.0 0.25
v 0.570841372013092 -0.42678239941596985 -0.03385799378156662 0.0 1.0 0.25
v 0.5626357793807983 -0.4584324359893799 -0.054958026856184006 0.0 1.0 0.25
v 0.5544302463531494 -0.49359917640686035 -0.08309140801429749 0.0 1.0 0.25
v 0.5462246537208557 -0.5275936722755432 -0.11122478544712067 0.0 1.0 0.25
v 0.5391913056373596 -0.5604159235954285 -0.13232481479644775 0.0 1.0 0.25
v 0.5309857726097107 -0.5932382345199585 -0.16045820713043213 0.0 1.0 0.25
v 0.5145745873451233 -0.47015470266342163 -0.08074695616960526 0.0 1.0 0.25
v 0.5063690543174744 -0.5053214430809021 -0.10067477077245712 0.0 1.0 0.25
v 0.49933570623397827 -0.5357992649078369 -0.1288081556558609 0.0 1.0 0.25
v 0.4923023581504822 -0.5674492716789246 -0.14873595535755157 0.0 1.0 0.25
v 0.48292455077171326 -0.602616012096405 -0.17100821435451508 0.0 1.0 0.25
v 0.48292455077171326 -0.481876939535141 -0.09715809673070908 0.0 1.0 0.25
v 0.47589123249053955 -0.513526976108551 -0.11943035572767258 0.0 1.0 0.25
v 0.46768563985824585 -0.5475214719772339 -0.1428748369216919 0.0 1.0 0.25
v 0.45948007702827454 -0.5826882123947144 -0.17452488839626312 0.0 1.0 0.25
v 0.433691143989563 -0.5322825908660889 -0.14053039252758026 0.0 1.0 0.25
v 0.4254855811595917 -0.5662770867347717 -0.17100821435451508 0.0 1.0 0.25
v 0.7103360295295715 -0.21929872035980225 0.14783674478530884 0.0 1.0 0.25
v 0.6822026968002319 -0.2462598830461502 0.11853114515542984 0.0 1.0 0.25
v 0.6739971041679382 -0.21226537227630615 0.14314785599708557 0.0 1.0 0.25
v 0.65289705991745 -0.3107322156429291 0.06578105688095093 0.0 1.0 0.25
v 0.6435192823410034 -0.2755654752254486 0.08688109368085861 0.0 1.0 0.25
v 0.6353136897087097 -0.24391542375087738 0.11149779707193375 0.0 1.0 0.25
v 0.6259359121322632 -0.20992092788219452 0.12790894508361816 0.0 1.0 0.25
v 0.6142136454582214 -0.3212822377681732 0.05405881628394127 0.0 1.0 0.25
v 0.6048358678817749 -0.28611549735069275 0.07281440496444702 0.0 1.0 0.25
v 0.596630334854126 -0.25094878673553467 0.09039776772260666 0.0 1.0 0.25
v 0.5872524976730347 -0.21929872035980225 0.11384224891662598 0.0 1.0 0.25
v 0.5778747200965881 -0.18295978009700775 0.13259783387184143 0.0 1.0 0.25
v 0.5954580903053284 -0.36699897050857544 0.01654764451086521 0.0 1.0 0.25
v 0.5860803127288818 -0.33183223009109497 0.03647545352578163 0.0 1.0 0.25
v 0.5778747200965881 -0.2990099787712097 0.05405881628394127 0.0 1.0 0.25
v 0.5684969425201416 -0.26267102360725403 0.07984774559736252 0.0 1.0 0.25
v 0.5591191053390503 -0.22867651283740997 0.09625888615846634 0.0 1.0 0.25
v 0.5509135723114014 -0.19819869101047516 0.12087558954954147 0.0 1.0 0.25
v 0.5415357947349548 -0.1642041951417923 0.14197562634944916 0.0 1.0 0.25
v 0.5720136165618896 -0.37520453333854675 -0.002207941608503461 0.0 1.0 0.25
v 0.5649802684783936 -0.34472671151161194 0.02240876480937004 0.0 1.0 0.25
v 0.5544302463531494 -0.30838775634765625 0.04468102380633354 0.0 1.0 0.25
v 0.5462246537208557 -0.2755654752254486 0.0634366124868393 0.0 1.0 0.25
v 0.5368468761444092 -0.24391542375087738 0.08101997524499893 0.0 1.0 0.25
v 0.5286412835121155 -0.21109315752983093 0.10563667863607407 0.0 1.0 0.25
v 0.519263505935669 -0.17709866166114807 0.12556448578834534 0.0 1.0 0.25
v 0.51105797290802 -0.14427638053894043 0.14666453003883362 0.0 1.0 0.25
v 0.5356746315956116 -0.4009934663772583 -0.026824647560715675 0.0 1.0 0.25
v 0.526296854019165 -0.3705156445503235 -0.006896838080137968 0.0 1.0 0.25
v 0.5180912613868713 -0.3365211486816406 0.01654764451086521 0.0 1.0 0.25
v 0.5087134838104248 -0.3025266230106354 0.03999212756752968 0.0 1.0 0.25
v 0.5005079507827759 -0.2685321271419525 0.05171436816453934 0.0 1.0 0.25
v 0.4923023581504822 -0.23688209056854248 0.07750330120325089 0.0 1.0 0.25
v 0.48292455077171326 -0.2017153650522232 0.09743110835552216 0.0 1.0 0.25
v 0.4735467731952667 -0.16772086918354034 0.11970336735248566 0.0 1.0 0.25
v 0.4653412103652954 -0.1348985880613327 0.1443200707435608 0.0 1.0 0.25
v 0.5028523802757263 -0.4291268587112427 -0.05378580465912819 0.0 1.0 0.25
v 0.494646817445755 -0.39747679233551025 -0.03385799378156662 0.0 1.0 0.25
v 0.4852690100669861 -0.3623100817203522 -0.015102406963706017 0.0 1.0 0.25
v 0.47589123249053955 -0.3271433413028717 0.00834207609295845 0.0 1.0 0.25
v 0.46651342511177063 -0.29432106018066406 0.02826988510787487 0.0 1.0 0.25
v 0.4583078622817993 -0.2614987790584564 0.047025471925735474 0.0 1.0 0.25
v 0.4489300549030304 -0.22867651283740997 0.07046995311975479 0.0 1.0 0.25
v 0.4407244920730591 -0.1935097873210907 0.09391443431377411 0.0 1.0 0.25
v 0.43134671449661255 -0.15834306180477142 0.1150144711136818 0.0 1.0 0.25
v 0.42196890711784363 -0.12434856593608856 0.1372867375612259 0.0 1.0 0.25
v 0.47589123249053955 -0.47718802094459534 -0.09246920049190521 0.0 1.0 0.25
v 0.46768563985824585 -0.4467101991176605 -0.07019694149494171 0.0 1.0 0.25
v 0.45948007702827454 -0.4150601625442505 -0.052613578736782074 0.0 1.0 0.25
v 0.450102299451828 -0.3775489926338196 -0.02799687348306179 0.0 1.0 0.25
v 0.4407244920730591 -0.3423822522163391 -0.008069062605500221 0.0 1.0 0.25
v 0.43251892924308777 -0.3107322156429291 0.01420319639146328 0.0 1.0 0.25
v 0.42196890711784363 -0.27322104573249817 0.03295878320932388 0.0 1.0 0.25
v 0.4125911295413971 -0.23688209056854248 0.057575490325689316 0.0 1.0 0.25
v 0.4043855369091034 -0.20640425384044647 0.07398662716150284 0.0 1.0 0.25
v 0.3961799740791321 -0.17475420236587524 0.09860333800315857 0.0 1.0 0.25
v 0.38680219650268555 -0.13958747684955597 0.11853114515542984 0.0 1.0 0.25
v 0.37859660387039185 -0.10676520317792892 0.1384589523077011 0.0 1.0 0.25
v 0.4489300549030304 -0.4877380430698395 -0.10419144481420517 0.0 1.0 0.25
v 0.4407244920730591 -0.4537435472011566 -0.08309140801429749 0.0 1.0 0.25
v 0.43017446994781494 -0.4162323772907257 -0.05847470089793205 0.0 1.0 0.25
v 0.42196890711784363 -0.3845823407173157 -0.04440801218152046 0.0 1.0 0.25
v 0.4137633442878723 -0.35410448908805847 -0.022135751321911812 0.0 1.0 0.25
v 0.4043855369091034 -0.3189377784729004 0.0013087308034300804 0.0 1.0 0.25
v 0.3961799740791321 -0.28494328260421753 0.02240876480937004 0.0 1.0 0.25
v 0.38680219650268555 -0.2521210014820099 0.041164349764585495 0.0 1.0 0.25
v 0.37859660387039185 -0.21929872035980225 0.0634366124868393 0.0 1.0 0.25
v 0.3692188262939453 -0.18178755044937134 0.08688109368085861 0.0 1.0 0.25
v 0.3598410189151764 -0.14779305458068848 0.10680890083312988 0.0 1.0 0.25
v 0.3516354560852051 -0.11497077345848083 0.1302533894777298 0.0 1.0 0.25
v 0.4137633442878723 -0.5275936722755432 -0.13818594813346863 0.0 1.0 0.25
v 0.405557781457901 -0.49477139115333557 -0.11825813353061676 0.0 1.0 0.25
v 0.3961799740791321 -0.46312135457992554 -0.09833031892776489 0.0 1.0 0.25
v 0.38797441124916077 -0.42795461416244507 -0.07488583773374557 0.0 1.0 0.25
v 0.37859660387039185 -0.392787903547287 -0.054958026856184006 0.0 1.0 0.25
v 0.3692188262939453 -0.35996562242507935 -0.03737466409802437 0.0 1.0 0.25
v 0.3598410189151764 -0.3247988820075989 -0.015102406963706017 0.0 1.0 0.25
v 0.35046324133872986 -0.2884599566459656 0.007169851567596197 0.0 1.0 0.25
v 0.34225767850875854 -0.25680989027023315 0.02592543698847294 0.0 1.0 0.25
v 0.3328798711299896 -0.22164317965507507 0.04585324972867966 0.0 1.0 0.25
v 0.3246743083000183 -0.18999311327934265 0.0716421827673912 0.0 1.0 0.25
v 0.3152965009212494 -0.15482640266418457 0.09274221211671829 0.0 1.0 0.25
v 0.3082631826400757 -0.12434856593608856 0.11267002671957016 0.0 1.0 0.25
v 0.29888537526130676 -0.08918184787034988 0.13142560422420502 0.0 1.0 0.25
v 0.3680466115474701 -0.5158714056015015 -0.13818594813346863 0.0 1.0 0.25
v 0.35866880416870117 -0.4807046949863434 -0.12294702976942062 0.0 1.0 0.25
v 0.34929102659225464 -0.4455379843711853 -0.10067477077245712 0.0 1.0 0.25
v 0.34108543395996094 -0.41271570324897766 -0.07957473397254944 0.0 1.0 0.25
v 0.3317076563835144 -0.3775489926338196 -0.05730247497558594 0.0 1.0 0.25
v 0.3235020935535431 -0.34589892625808716 -0.0397191122174263 0.0 1.0 0.25
v 0.31412428617477417 -0.30955997109413147 -0.018619079142808914 0.0 1.0 0.25
v 0.30591872334480286 -0.27790993452072144 0.0013087308034300804 0.0 1.0 0.25
v 0.29654091596603394 -0.24391542375087738 0.017719868570566177 0.0 1.0 0.25
v 0.2883353531360626 -0.21343760192394257 0.04585324972867966 0.0 1.0 0.25
v 0.2801297903060913 -0.1794431060552597 0.0634366124868393 0.0 1.0 0.25
v 0.2707519829273224 -0.14544861018657684 0.08688109368085861 0.0 1.0 0.25
v 0.26137420535087585 -0.11145410686731339 0.10446445643901825 0.0 1.0 0.25
v 0.30357426404953003 -0.3939601182937622 -0.07136916369199753 0.0 1.0 0.25
v 0.2930242419242859 -0.3564489483833313 -0.052613578736782074 0.0 1.0 0.25
v 0.2848186790943146 -0.32245445251464844 -0.040891338139772415 0.0 1.0 0.25
v 0.27661311626434326 -0.2919766306877136 -0.016274631023406982 0.0 1.0 0.25
v 0.26723533868789673 -0.2544654607772827 0.0024809548631310463 0.0 1.0 0.25
v 0.259029746055603 -0.2228153944015503 0.024753212928771973 0.0 1.0 0.25
v 0.2496519684791565 -0.19116534292697906 0.049369920045137405 0.0 1.0 0.25
v 0.24027417600154877 -0.15365417301654816 0.0716421827673912 0.0 1.0 0.25
v 0.23089636862277985 -0.12083189934492111 0.09156998991966248 0.0 1.0 0.25
v 0.22386303544044495 -0.09152629226446152 0.11032557487487793 0.0 1.0 0.25
v 0.2285519242286682 -0.22750429809093475 0.01654764451086521 0.0 1.0 0.25
v 0.21917413175106049 -0.19116534292697906 0.03647545352578163 0.0 1.0 0.25
v 0.20979633927345276 -0.15834306180477142 0.05991993844509125 0.0 1.0 0.25
v 0.20041854679584503 -0.12317634373903275 0.08101997524499893 0.0 1.0 0.25
v 0.19221298396587372 -0.08800961822271347 0.10563667863607407 0.0 1.0 0.25
v 0.7197138667106628 -0.24157097935676575 0.1302533894777298 0.0 1.0 0.25
v 0.6880638003349304 -0.2310209721326828 0.12908115983009338 0.0 1.0 0.25
v 0.6798582077026367 -0.26501545310020447 0.1009477823972702 0.0 1.0 0.25
v 0.6622748374938965 -0.21460983157157898 0.1372867375612259 0.0 1.0 0.25
v 0.6552414894104004 -0.24860432744026184 0.11032557487487793 0.0 1.0 0.25
v 0.6470359563827515 -0.28025439381599426 0.08805331587791443 0.0 1.0 0.25
v 0.6400026082992554 -0.30955997109413147 0.06460883468389511 0.0 1.0 0.25
v 0.6247636675834656 -0.19937092065811157 0.1372867375612259 0.0 1.0 0.25
v 0.6177303194999695 -0.22750429809093475 0.11267002671957016 0.0 1.0 0.25
v 0.6095247864723206 -0.2614987790584564 0.08922553807497025 0.0 1.0 0.25
v 0.6013191938400269 -0.29549330472946167 0.0634366124868393 0.0 1.0 0.25
v 0.5942858457565308 -0.3271433413028717 0.03647545352578163 0.0 1.0 0.25
v 0.5860803127288818 -0.36113783717155457 0.01654764451086521 0.0 1.0 0.25
v 0.5860803127288818 -0.17006531357765198 0.14197562634944916 0.0 1.0 0.25
v 0.5778747200965881 -0.20523203909397125 0.11970336735248566 0.0 1.0 0.25
v 0.5696691274642944 -0.2380543053150177 0.09977556020021439 0.0 1.0 0.25
v 0.5626357793807983 -0.2673599123954773 0.07046995311975479 0.0 1.0 0.25
v 0.5544302463531494 -0.3025266230106354 0.043508801609277725 0.0 1.0 0.25
v 0.5462246537208557 -0.335348904132843 0.02240876480937004 0.0 1.0 0.25
v 0.5380191206932068 -0.3705156445503235 -0.0010357174323871732 0.0 1.0 0.25
v 0.5298135280609131 -0.40568235516548157 -0.026824647560715675 0.0 1.0 0.25
v 0.522780179977417 -0.4385046362876892 -0.05144135653972626 0.0 1.0 0.25
v 0.5532580018043518 -0.18295978009700775 0.12556448578834534 0.0 1.0 0.25
v 0.5462246537208557 -0.2157820463180542 0.1009477823972702 0.0 1.0 0.25
v 0.5368468761444092 -0.25094878673553467 0.07633107900619507 0.0 1.0 0.25
v 0.5298135280609131 -0.28494328260421753 0.04819769784808159 0.0 1.0 0.25
v 0.5216079354286194 -0.31776556372642517 0.024753212928771973 0.0 1.0 0.25
v 0.5134024024009705 -0.35176005959510803 0.003653179155662656 0.0 1.0 0.25
v 0.5063690543174744 -0.38341009616851807 -0.01979130320250988 0.0 1.0 0.25
v 0.49933570623397827 -0.4138879179954529 -0.04323578625917435 0.0 1.0 0.25
v 0.49113014340400696 -0.44788244366645813 -0.0690247192978859 0.0 1.0 0.25
v 0.519263505935669 -0.16889308393001556 0.12790894508361816 0.0 1.0 0.25
v 0.5122301578521729 -0.2005431354045868 0.10563667863607407 0.0 1.0 0.25
v 0.5040246248245239 -0.23336541652679443 0.08101997524499893 0.0 1.0 0.25
v 0.4958190321922302 -0.2685321271419525 0.057575490325689316 0.0 1.0 0.25
v 0.4876134693622589 -0.2990099787712097 0.03178655728697777 0.0 1.0 0.25
v 0.4805801212787628 -0.33183223009109497 0.007169851567596197 0.0 1.0 0.25
v 0.4723745584487915 -0.36699897050857544 -0.020963527262210846 0.0 1.0 0.25
v 0.4641689658164978 -0.3998212516307831 -0.04558023437857628 0.0 1.0 0.25
v 0.4571356475353241 -0.43381574749946594 -0.07019694149494171 0.0 1.0 0.25
v 0.4477578401565552 -0.4678102433681488 -0.09481364488601685 0.0 1.0 0.25
v 0.4407244920730591 -0.5006325244903564 -0.11943035572767258 0.0 1.0 0.25
v 0.4852690100669861 -0.14544861018657684 0.1384589523077011 0.0 1.0 0.25
v 0.47706344723701477 -0.1794431060552597 0.10680890083312988 0.0 1.0 0.25
v 0.46885788440704346 -0.2157820463180542 0.0857088714838028 0.0 1.0 0.25
v 0.46182453632354736 -0.2462598830461502 0.06226438656449318 0.0 1.0 0.25
v 0.45361897349357605 -0.27908214926719666 0.035303231328725815 0.0 1.0 0.25
v 0.44541338086128235 -0.31542110443115234 0.009514300152659416 0.0 1.0 0.25
v 0.43838006258010864 -0.34472671151161194 -0.010413510724902153 0.0 1.0 0.25
v 0.43017446994781494 -0.37989342212677 -0.03620244190096855 0.0 1.0 0.25
v 0.42196890711784363 -0.4138879179954529 -0.060819149017333984 0.0 1.0 0.25
v 0.41493555903434753 -0.44202131032943726 -0.0842636302113533 0.0 1.0 0.25
v 0.40790221095085144 -0.4736713767051697 -0.10419144481420517 0.0 1.0 0.25
v 0.3996966481208801 -0.5076658725738525 -0.13349704444408417 0.0 1.0 0.25
v 0.3914910852909088 -0.542832612991333 -0.15576930344104767 0.0 1.0 0.25
v 0.43955227732658386 -0.14075970649719238 0.1302533894777298 0.0 1.0 0.25
v 0.43134671449661255 -0.17358198761940002 0.10212000459432602 0.0 1.0 0.25
v 0.42431336641311646 -0.2087487131357193 0.07984774559736252 0.0 1.0 0.25
v 0.41610780358314514 -0.2392265349626541 0.05874771252274513 0.0 1.0 0.25
v 0.40907445549964905 -0.27087658643722534 0.03295878320932388 0.0 1.0 0.25
v 0.40086886286735535 -0.3060432970523834 0.011858748272061348 0.0 1.0 0.25
v 0.39383554458618164 -0.3341766893863678 -0.015102406963706017 0.0 1.0 0.25
v 0.38562995195388794 -0.36699897050857544 -0.04206356406211853 0.0 1.0 0.25
v 0.37859660387039185 -0.4021656811237335 -0.06316359341144562 0.0 1.0 0.25
v 0.37039104104042053 -0.43381574749946594 -0.0842636302113533 0.0 1.0 0.25
v 0.36335769295692444 -0.465465784072876 -0.10888034105300903 0.0 1.0 0.25
v 0.4137633442878723 -0.12200412154197693 0.13494227826595306 0.0 1.0 0.25
v 0.405557781457901 -0.15482640266418457 0.11384224891662598 0.0 1.0 0.25
v 0.3985244333744049 -0.1864764541387558 0.09156998991966248 0.0 1.0 0.25
v 0.3903188705444336 -0.21812650561332703 0.06460883468389511 0.0 1.0 0.25
v 0.3832855224609375 -0.25094878673553467 0.03881990164518356 0.0 1.0 0.25
v 0.3750799298286438 -0.2837710380554199 0.011858748272061348 0.0 1.0 0.25
v 0.3680466115474701 -0.31542110443115234 -0.006896838080137968 0.0 1.0 0.25
v 0.3598410189151764 -0.3494156002998352 -0.03854689002037048 0.0 1.0 0.25
v 0.3516354560852051 -0.3845823407173157 -0.060819149017333984 0.0 1.0 0.25
v 0.344602108001709 -0.4150601625442505 -0.08191918581724167 0.0 1.0 0.25
v 0.33639654517173767 -0.44788244366645813 -0.10184699296951294 0.0 1.0 0.25
v 0.3832855224609375 -0.11731522530317307 0.13611450791358948 0.0 1.0 0.25
v 0.3762521743774414 -0.1501374989748001 0.10915335267782211 0.0 1.0 0.25
v 0.3680466115474701 -0.18061532080173492 0.08336441963911057 0.0 1.0 0.25
v 0.361013263463974 -0.21460983157157898 0.05874771252274513 0.0 1.0 0.25
v 0.3528077006340027 -0.24743209779262543 0.03178655728697777 0.0 1.0 0.25
v 0.3457743525505066 -0.28025439381599426 0.011858748272061348 0.0 1.0 0.25
v 0.3375687599182129 -0.3119044303894043 -0.01393018290400505 0.0 1.0 0.25
v 0.3293631970882416 -0.3470711410045624 -0.040891338139772415 0.0 1.0 0.25
v 0.32115763425827026 -0.3810656666755676 -0.06550804525613785 0.0 1.0 0.25
v 0.31412428617477417 -0.4150601625442505 -0.0842636302113533 0.0 1.0 0.25
v 0.344602108001709 -0.09855964034795761 0.1372867375612259 0.0 1.0 0.25
v 0.3375687599182129 -0.13138191401958466 0.11149779707193375 0.0 1.0 0.25
v 0.32819098234176636 -0.16772086918354034 0.08336441963911057 0.0 1.0 0.25
v 0.32115763425827026 -0.2005431354045868 0.05874771252274513 0.0 1.0 0.25
v 0.31295207142829895 -0.23219318687915802 0.03178655728697777 0.0 1.0 0.25
v 0.30474650859832764 -0.2673599123954773 0.007169851567596197 0.0 1.0 0.25
v 0.29771316051483154 -0.30135440826416016 -0.016274631023406982 0.0 1.0 0.25
v 0.28950756788253784 -0.33066001534461975 -0.035030215978622437 0.0 1.0 0.25
v 0.2953687012195587 -0.11497077345848083 0.11032557487487793 0.0 1.0 0.25
v 0.2871631383895874 -0.14779305458068848 0.08805331587791443 0.0 1.0 0.25
v 0.2789575755596161 -0.18061532080173492 0.06226438656449318 0.0 1.0 0.25
v 0.27192422747612 -0.20992092788219452 0.03647545352578163 0.0 1.0 0.25
v 0.2648908793926239 -0.24274320900440216 0.01420319639146328 0.0 1.0 0.25
v 0.255513072013855 -0.28025439381599426 -0.008069062605500221 0.0 1.0 0.25
v 0.26020199060440063 -0.11848744750022888 0.09743110835552216 0.0 1.0 0.25
v 0.25199639797210693 -0.1501374989748001 0.07633107900619507 0.0 1.0 0.25
v 0.24496306478977203 -0.18178755044937134 0.04819769784808159 0.0 1.0 0.25
v 0.23675750195980072 -0.21812650561332703 0.024753212928771973 0.0 1.0 0.25
v 0.2344130426645279 -0.0973874107003212 0.11032557487487793 0.0 1.0 0.25
v 0.22620747983455658 -0.13255414366722107 0.08453664183616638 0.0 1.0 0.25
v 0.21917413175106049 -0.16185973584651947 0.05874771252274513 0.0 1.0 0.25
v 0.18869630992412567 -0.10207630693912506 0.09039776772260666 0.0 1.0 0.25
v 0.34225767850875854 -0.07980405539274216 0.1454923003911972 0.0 1.0 0.25
v 0.25316864252090454 -0.07980405539274216 0.12673671543598175 0.0 1.0 0.25
v 0.24379083514213562 -0.04346510395407677 0.1443200707435608 0.0 1.0 0.25
v 0.21448524296283722 -0.055187344551086426 0.13611450791358948 0.0 1.0 0.25
v 0.182835191488266 -0.05635957047343254 0.12673671543598175 0.0 1.0 0.25
v 0.17462961375713348 -0.024709517136216164 0.14314785599708557 0.0 1.0 0.25
v 0.13008509576320648 -0.015331723727285862 0.14314785599708557 0.0 1.0 0.25
v 0.3024020493030548 -0.08214849978685379 0.13494227826595306 0.0 1.0 0.25
v 0.26840755343437195 -0.08097627758979797 0.11970336735248566 0.0 1.0 0.25
v 0.241446390748024 -0.06456513702869415 0.13494227826595306 0.0 1.0 0.25
v 0.20393522083759308 -0.041120655834674835 0.14080339670181274 0.0 1.0 0.25
v 0.19572965800762177 -0.07277070730924606 0.11267002671957016 0.0 1.0 0.25
v 0.16407960653305054 -0.030570637434720993 0.14314785599708557 0.0 1.0 0.25
v 0.15587402880191803 -0.06222068890929222 0.11267002671957016 0.0 1.0 0.25
v 0.12891288101673126 -0.015331723727285862 0.1384589523077011 0.0 1.0 0.25
v 0.24613529443740845 -0.29432106018066406 -0.020963527262210846 0.0 1.0 0.25
v 0.23792971670627594 -0.26267102360725403 -0.0033801656682044268 0.0 1.0 0.25
v 0.16525182127952576 -0.15130972862243652 0.0564032644033432 0.0 1.0 0.25
v 0.15704625844955444 -0.11731522530317307 0.0786755234003067 0.0 1.0 0.25
v 0.28247424960136414 -0.3646545112133026 -0.05847470089793205 0.0 1.0 0.25
v 0.2285519242286682 -0.2521210014820099 0.00013650668552145362 0.0 1.0 0.25
v 0.21096856892108917 -0.19585424661636353 0.0341310054063797 0.0 1.0 0.25
v 0.18166296184062958 -0.13724303245544434 0.06460883468389511 0.0 1.0 0.25
v 0.14884068071842194 -0.09504296630620956 0.09625888615846634 0.0 1.0 0.25
v 0.14766846597194672 -0.08097627758979797 0.1009477823972702 0.0 1.0 0.25
v 0.138290673494339 -0.04815400019288063 0.11853114515542984 0.0 1.0 0.25
v 0.12187953293323517 -0.0458095520734787 0.11618669331073761 0.0 1.0 0.25
v 0.09960727393627167 -0.01767617277801037 0.13377006351947784 0.0 1.0 0.25
v 0.2642170190811157 -0.1718536913394928 0.061228472739458084 0.0 1.0 0.25
v 0.6231057643890381 -0.349595844745636 0.029541006311774254 0.0 1.0 0.25
v 0.4479101896286011 -0.15871083736419678 0.11595363914966583 0.0 1.0 0.25
v 0.5746514797210693 -0.5822255611419678 -0.1410413533449173 0.0 1.0 0.25
v 0.4238024055957794 -0.5477333068847656 -0.15512529015541077 0.0 1.0 0.25
v 0.1273956298828125 -0.043457623571157455 0.11462390422821045 0.0 1.0 0.25
v 0.6976422667503357 -0.3311552405357361 0.06067793816328049 0.0 1.0 0.25
v 0.374723345041275 -0.43575987219810486 -0.09105762094259262 0.0 1.0 0.25
v 0.6319016814231873 -0.4939463138580322 -0.06662489473819733 0.0 1.0 0.25
v 0.2979705333709717 -0.2182224541902542 0.03804391995072365 0.0 1.0 0.25
v 0.4447782039642334 -0.20757722854614258 0.08187667280435562 0.0 1.0 0.25
v 0.4553777873516083 -0.579809308052063 -0.16911377012729645 0.0 1.0 0.25
v 0.5076651573181152 -0.557715892791748 -0.14103157818317413 0.0 1.0 0.25
v 0.23835338652133942 -0.20276476442813873 0.033721983432769775 0.0 1.0 0.25
v 0.2805636525154114 -0.31476128101348877 -0.032072894275188446 0.0 1.0 0.25
v 0.6459699273109436 -0.36501872539520264 0.02472909539937973 0.0 1.0 0.25
v 0.5932769775390625 -0.44024908542633057 -0.039660606533288956 0.0 1.0 0.25
v 0.38794979453086853 -0.5293324589729309 -0.15152055025100708 0.0 1.0 0.25
v 0.521077573299408 -0.43966034054756165 -0.05724898353219032 0.0 1.0 0.25
v 0.14398354291915894 -0.07090116292238235 0.10005754977464676 0.0 1.0 0.25
v 0.5550543665885925 -0.20291396975517273 0.11253106594085693 0.0 1.0 0.25
v 0.40829339623451233 -0.46664172410964966 -0.10373541712760925 0.0 1.0 0.25
v 0.6825760006904602 -0.24596591293811798 0.11497025191783905 0.0 1.0 0.25
v 0.6328898072242737 -0.4584048390388489 -0.04216144606471062 0.0 1.0 0.25
v 0.2662140130996704 -0.2944830656051636 -0.021831145510077477 0.0 1.0 0.25
v 0.23847906291484833 -0.2633957266807556 -0.0075594219379127026 0.0 1.0 0.25
v 0.4186433255672455 -0.24890248477458954 0.0472065769135952 0.0 1.0 0.25
v 0.21385957300662994 -0.22243523597717285 0.014215909875929356 0.0 1.0 0.25
v 0.2751675248146057 -0.3345489799976349 -0.04690035805106163 0.0 1.0 0.25
v 0.457075297832489 -0.4024464190006256 -0.04783928766846657 0.0 1.0 0.25
v 0.5043274760246277 -0.1658954620361328 0.12511539459228516 0.0 1.0 0.25
v 0.34842732548713684 -0.14554299414157867 0.10013831406831741 0.0 1.0 0.25
v 0.5807307958602905 -0.1781376302242279 0.13581085205078125 0.0 1.0 0.25
v 0.6909019947052002 -0.3625859022140503 0.03758227825164795 0.0 1.0 0.25
v 0.525639533996582 -0.24823236465454102 0.0743228867650032 0.0 1.0 0.25
v 0.157500222325325 -0.12316877394914627 0.06781132519245148 0.0 1.0 0.25
v 0.5191924571990967 -0.4696570336818695 -0.07815784215927124 0.0 1.0 0.25
v 0.5430872440338135 -0.48084867000579834 -0.0798298567533493 0.0 1.0 0.25
v 0.10934671014547348 -0.022599030286073685 0.12433937191963196 0.0 1.0 0.25
v 0.5690379738807678 -0.49791795015335083 -0.08499450981616974 0.0 1.0 0.25
v 0.5094890594482422 -0.29323500394821167 0.039634861052036285 0.0 1.0 0.25
v 0.653355598449707 -0.24303828179836273 0.10968437790870667 0.0 1.0 0.25
v 0.49073585867881775 -0.3286890685558319 0.010804528370499611 0.0 1.0 0.25
v 0.37167638540267944 -0.4262731969356537 -0.08535279333591461 0.0 1.0 0.25
v 0.38301658630371094 -0.24446173012256622 0.041355494409799576 0.0 1.0 0.25
v 0.6178582310676575 -0.21505708992481232 0.1199055165052414 0.0 1.0 0.25
v 0.4132096767425537 -0.4989088773727417 -0.12449664622545242 0.0 1.0 0.25
v 0.37599462270736694 -0.5104157328605652 -0.14160987734794617 0.0 1.0 0.25
v 0.3396070599555969 -0.17500488460063934 0.07786586135625839 0.0 1.0 0.25
v 0.43449878692626953 -0.49692302942276 -0.11783904582262039 0.0 1.0 0.25
v 0.447712242603302 -0.3778688907623291 -0.033425599336624146 0.0 1.0 0.25
v 0.11587344110012054 -0.05797111988067627 0.10186377167701721 0.0 1.0 0.25
v 0.2944849729537964 -0.19370172917842865 0.05388336256146431 0.0 1.0 0.25
v 0.4750915467739105 -0.48366379737854004 -0.09869016706943512 0.0 1.0 0.25
v 0.4051150679588318 -0.3001127243041992 0.008942179381847382 0.0 1.0 0.25
v 0.5763604640960693 -0.4290257692337036 -0.036228246986866 0.0 1.0 0.25
v 0.6685894131660461 -0.4194404184818268 -0.006716759875416756 0.0 1.0 0.25
v 0.5923507809638977 -0.5005776286125183 -0.0809980258345604 0.0 1.0 0.25
v 0.3336830735206604 -0.19228330254554749 0.06461664289236069 0.0 1.0 0.25
v 0.4682954251766205 -0.18422269821166992 0.10364964604377747 0.0 1.0 0.25
v 0.3371255099773407 -0.10160785168409348 0.12725882232189178 0.0 1.0 0.25
v 0.47087645530700684 -0.2531569302082062 0.057322341948747635 0.0 1.0 0.25
v 0.19985254108905792 -0.04704819992184639 0.1302310675382614 0.0 1.0 0.25
v 0.24073195457458496 -0.22706715762615204 0.017755476757884026 0.0 1.0 0.25
v 0.4738830626010895 -0.44600191712379456 -0.07332923263311386 0.0 1.0 0.25
v 0.2544094920158386 -0.19694042205810547 0.041691187769174576 0.0 1.0 0.25
v 0.5220686793327332 -0.20697613060474396 0.1015443205833435 0.0 1.0 0.25
v 0.4838138222694397 -0.5649433732032776 -0.15189917385578156 0.0 1.0 0.25
v 0.5390782356262207 -0.45362287759780884 -0.06227763369679451 0.0 1.0 0.25
v 0.4404131770133972 -0.3451807498931885 -0.012971214950084686 0.0 1.0 0.25
v 0.5508633852005005 -0.29055559635162354 0.05176958814263344 0.0 1.0 0.25
v 0.41539546847343445 -0.34258297085762024 -0.01743468828499317 0.0 1.0 0.25
v 0.5880866050720215 -0.5300295948982239 -0.1021285206079483 0.0 1.0 0.25
v 0.5883322358131409 -0.3221701681613922 0.03956396132707596 0.0 1.0 0.25
v 0.3577145040035248 -0.2105019986629486 0.05819057673215866 0.0 1.0 0.25
v 0.6655104160308838 -0.37190601229667664 0.024905050173401833 0.0 1.0 0.25
v 0.5480058193206787 -0.40453672409057617 -0.026606887578964233 0.0 1.0 0.25
v 0.18693335354328156 -0.110719695687294 0.08362758159637451 0.0 1.0 0.25
v 0.6188077926635742 -0.4858299791812897 -0.06435713171958923 0.0 1.0 0.25
v 0.49112650752067566 -0.20294305682182312 0.09658267349004745 0.0 1.0 0.25
v 0.5633604526519775 -0.41915228962898254 -0.032739803194999695 0.0 1.0 0.25
v 0.5404804348945618 -0.42452600598335266 -0.04210224002599716 0.0 1.0 0.25
v 0.39072519540786743 -0.3662711977958679 -0.039722319692373276 0.0 1.0 0.25
v 0.3809300363063812 -0.43673640489578247 -0.09017651528120041 0.0 1.0 0.25
v 0.632952094078064 -0.32355353236198425 0.049739059060811996 0.0 1.0 0.25
v 0.21836555004119873 -0.18443076312541962 0.04123413935303688 0.0 1.0 0.25
v 0.3071514964103699 -0.3538797199726105 -0.05210265889763832 0.0 1.0 0.25
v 0.3504907488822937 -0.4569222927093506 -0.11151517182588577 0.0 1.0 0.25
v 0.4940224885940552 -0.39323392510414124 -0.032356146723032 0.0 1.0 0.25
v 0.6300345063209534 -0.4400114119052887 -0.030339958146214485 0.0 1.0 0.25
v 0.40989017486572266 -0.4499146342277527 -0.09194005280733109 0.0 1.0 0.25
v 0.3542320430278778 -0.18178874254226685 0.07688751816749573 0.0 1.0 0.25
v 0.355375200510025 -0.2505696713924408 0.03030640259385109 0.0 1.0 0.25
v -0.0387151762843132 0.05382949858903885 0.14197562634944916 0.0 1.0 1.0
v -0.5826271772384644 -0.22633206844329834 -0.1721804440021515 0.0 1.0 1.0
v -0.5908327698707581 -0.19116534292697906 -0.14873595535755157 0.0 1.0 1.0
v -0.6002105474472046 -0.1559986174106598 -0.1288081556558609 0.0 1.0 1.0
v -0.6095883250236511 -0.12434856593608856 -0.11005256325006485 0.0 1.0 1.0
v -0.6177939176559448 -0.09152629226446152 -0.08778030425310135 0.0 1.0 1.0
v -0.631860613822937 -0.20640425384044647 -0.17100821435451508 0.0 1.0 1.0
v -0.6400661468505859 -0.17475420236587524 -0.14873595535755157 0.0 1.0 1.0
v -0.6494439244270325 -0.1419319361448288 -0.1276359260082245 0.0 1.0 1.0
v -0.6576495170593262 -0.10793743282556534 -0.10770811140537262 0.0 1.0 1.0
v -0.6623384356498718 -0.18530422449111938 -0.16280265152454376 0.0 1.0 1.0
v -0.6717162132263184 -0.1501374989748001 -0.13935816287994385 0.0 1.0 1.0
v -0.6810939908027649 -0.1126263290643692 -0.11825813353061676 0.0 1.0 1.0
v -0.6892995834350586 -0.18764866888523102 -0.17100821435451508 0.0 1.0 1.0
v -0.6986773610115051 -0.15365417301654816 -0.149908185005188 0.0 1.0 1.0
v -0.7068829536437988 -0.12083189934492111 -0.12529148161411285 0.0 1.0 1.0
v -0.7162607312202454 -0.08449295163154602 -0.1065358892083168 0.0 1.0 1.0
v -0.7314996123313904 -0.1724097579717636 -0.17452488839626312 0.0 1.0 1.0
v -0.7385329604148865 -0.1419319361448288 -0.14521928131580353 0.0 1.0 1.0
v -0.7479107975959778 -0.10676520317792892 -0.13115260004997253 0.0 1.0 1.0
v -0.7748719453811646 -0.1571708470582962 -0.1733526587486267 0.0 1.0 1.0
v -0.7830774784088135 -0.12317634373903275 -0.15225262939929962 0.0 1.0 1.0
v -0.7936275005340576 -0.08800961822271347 -0.13115260004997253 0.0 1.0 1.0
v -0.8053497672080994 -0.13958747684955597 -0.1651470959186554 0.0 1.0 1.0
v -0.8147275447845459 -0.10324853658676147 -0.14756374061107635 0.0 1.0 1.0
v -0.8299664855003357 -0.13255414366722107 -0.17100821435451508 0.0 1.0 1.0
v -0.8381720185279846 -0.09973186254501343 -0.14639151096343994 0.0 1.0 1.0
v -0.5826271772384644 -0.1946820169687271 -0.15225262939929962 0.0 1.0 1.0
v -0.5908327698707581 -0.22867651283740997 -0.18155823647975922 0.0 1.0 1.0
v -0.6084160804748535 -0.10793743282556534 -0.09833031892776489 0.0 1.0 1.0
v -0.6166216731071472 -0.1419319361448288 -0.12177480012178421 0.0 1.0 1.0
v -0.6236550211906433 -0.1712375283241272 -0.14873595535755157 0.0 1.0 1.0
v -0.6306883692741394 -0.20405980944633484 -0.17569711804389954 0.0 1.0 1.0
v -0.6412383913993835 -0.11614300310611725 -0.11122478544712067 0.0 1.0 1.0
v -0.6494439244270325 -0.14779305458068848 -0.1358414888381958 0.0 1.0 1.0
v -0.6576495170593262 -0.18295978009700775 -0.16163042187690735 0.0 1.0 1.0
v -0.6717162132263184 -0.09152629226446152 -0.10419144481420517 0.0 1.0 1.0
v -0.6799218058586121 -0.12552079558372498 -0.12529148161411285 0.0 1.0 1.0
v -0.6869551539421082 -0.15482640266418457 -0.1510803997516632 0.0 1.0 1.0
v -0.6951606869697571 -0.19116534292697906 -0.1803860068321228 0.0 1.0 1.0
v -0.7045384645462036 -0.0833207219839096 -0.10536366701126099 0.0 1.0 1.0
v -0.7139163017272949 -0.12083189934492111 -0.1276359260082245 0.0 1.0 1.0
v -0.720949649810791 -0.15248194336891174 -0.1510803997516632 0.0 1.0 1.0
v -0.7279829978942871 -0.1794431060552597 -0.18155823647975922 0.0 1.0 1.0
v -0.7549441456794739 -0.10793743282556534 -0.13818594813346863 0.0 1.0 1.0
v -0.7643219232559204 -0.14427638053894043 -0.16163042187690735 0.0 1.0 1.0
v -0.7865941524505615 -0.11497077345848083 -0.14756374061107635 0.0 1.0 1.0
v -0.7947997450828552 -0.14662082493305206 -0.17569711804389954 0.0 1.0 1.0
v -0.8135553598403931 -0.09387074410915375 -0.1440470665693283 0.0 1.0 1.0
v -0.8205886483192444 -0.12434856593608856 -0.1651470959186554 0.0 1.0 1.0
v -0.6986773610115051 0.21090753376483917 0.09508666396141052 0.0 1.0 1.0
v -0.6271716952323914 -0.05635957047343254 -0.06785248965024948 0.0 1.0 1.0
v -0.6353772878646851 -0.024709517136216164 -0.049096908420324326 0.0 1.0 1.0
v -0.643582820892334 0.006940534338355064 -0.029169097542762756 0.0 1.0 1.0
v -0.6529605984687805 0.04210725799202919 -0.0033801656682044268 0.0 1.0 1.0
v -0.6623384356498718 0.07727397978305817 0.01420319639146328 0.0 1.0 1.0
v -0.6693717837333679 0.10657958686351776 0.03295878320932388 0.0 1.0 1.0
v -0.6799218058586121 0.14291852712631226 0.055231042206287384 0.0 1.0 1.0
v -0.688127338886261 0.1769130378961563 0.07633107900619507 0.0 1.0 1.0
v -0.6963329315185547 0.21090753376483917 0.09625888615846634 0.0 1.0 1.0
v -0.7057107090950012 0.24372981488704681 0.12087558954954147 0.0 1.0 1.0
v -0.6658551096916199 -0.0751151517033577 -0.08543585240840912 0.0 1.0 1.0
v -0.6752328872680664 -0.03994842991232872 -0.06668026745319366 0.0 1.0 1.0
v -0.6834384799003601 -0.008298379369080067 -0.046752460300922394 0.0 1.0 1.0
v -0.6928162574768066 0.0280405692756176 -0.026824647560715675 0.0 1.0 1.0
v -0.7021940350532532 0.06203506886959076 -0.004552389960736036 0.0 1.0 1.0
v -0.7103996276855469 0.09368512034416199 0.01654764451086521 0.0 1.0 1.0
v -0.7197774052619934 0.12767961621284485 0.03647545352578163 0.0 1.0 1.0
v -0.7291551828384399 0.16284634172916412 0.057575490325689316 0.0 1.0 1.0
v -0.6892995834350586 -0.08214849978685379 -0.10067477077245712 0.0 1.0 1.0
v -0.6986773610115051 -0.04932622238993645 -0.07957473397254944 0.0 1.0 1.0
v -0.7080551385879517 -0.01298727560788393 -0.05730247497558594 0.0 1.0 1.0
v -0.7162607312202454 0.018662776798009872 -0.035030215978622437 0.0 1.0 1.0
v -0.7256385087966919 0.05382949858903885 -0.01744685508310795 0.0 1.0 1.0
v -0.7350162863731384 0.09134067595005035 0.004825403448194265 0.0 1.0 1.0
v -0.7443941235542297 0.12650740146636963 0.02592543698847294 0.0 1.0 1.0
v -0.7256385087966919 -0.04815400019288063 -0.0842636302113533 0.0 1.0 1.0
v -0.7338441014289856 -0.01767617277801037 -0.06550804525613785 0.0 1.0 1.0
v -0.7420496344566345 0.01631832681596279 -0.046752460300922394 0.0 1.0 1.0
v -0.7514274716377258 0.049140602350234985 -0.023307975381612778 0.0 1.0 1.0
v -0.7608052492141724 0.08313510566949844 -0.002207941608503461 0.0 1.0 1.0
v -0.7572885751724243 -0.07159848511219025 -0.10770811140537262 0.0 1.0 1.0
v -0.7666663527488708 -0.03643175959587097 -0.08895252645015717 0.0 1.0 1.0
v -0.7748719453811646 -0.004781706724315882 -0.06433582305908203 0.0 1.0 1.0
v -0.7842497229576111 0.03038501739501953 -0.04206356406211853 0.0 1.0 1.0
v -0.8018330931663513 -0.05401512235403061 -0.11239700764417648 0.0 1.0 1.0
v -0.8112108707427979 -0.0200206208974123 -0.09012474864721298 0.0 1.0 1.0
v -0.8229331374168396 -0.07277070730924606 -0.12529148161411285 0.0 1.0 1.0
v -0.6177939176559448 -0.014159499667584896 -0.04323578625917435 0.0 1.0 1.0
v -0.6259994506835938 -0.04815400019288063 -0.06550804525613785 0.0 1.0 1.0
v -0.6342050433158875 -0.08214849978685379 -0.0912969782948494 0.0 1.0 1.0
v -0.6400661468505859 0.04445170611143112 -0.0010357174323871732 0.0 1.0 1.0
v -0.647099494934082 0.009284982457756996 -0.029169097542762756 0.0 1.0 1.0
v -0.6553050875663757 -0.022365069016814232 -0.054958026856184006 0.0 1.0 1.0
v -0.6635106205940247 -0.05753179267048836 -0.08074695616960526 0.0 1.0 1.0
v -0.6599939465522766 0.11009626090526581 0.03647545352578163 0.0 1.0 1.0
v -0.6670272946357727 0.07610175758600235 0.01654764451086521 0.0 1.0 1.0
v -0.6752328872680664 0.04445170611143112 -0.010413510724902153 0.0 1.0 1.0
v -0.6822662353515625 0.0151461036875844 -0.03854689002037048 0.0 1.0 1.0
v -0.6904717683792114 -0.022365069016814232 -0.05847470089793205 0.0 1.0 1.0
v -0.6975051164627075 -0.05401512235403061 -0.08191918581724167 0.0 1.0 1.0
v -0.6869551539421082 0.182774156332016 0.07633107900619507 0.0 1.0 1.0
v -0.6939884424209595 0.15229633450508118 0.057575490325689316 0.0 1.0 1.0
v -0.7021940350532532 0.11947405338287354 0.0341310054063797 0.0 1.0 1.0
v -0.7092273831367493 0.0866517722606659 0.00834207609295845 0.0 1.0 1.0
v -0.717432975769043 0.05382949858903885 -0.012757958844304085 0.0 1.0 1.0
v -0.7244663238525391 0.024523897096514702 -0.04206356406211853 0.0 1.0 1.0
v -0.732671856880188 -0.011815051548182964 -0.06316359341144562 0.0 1.0 1.0
v -0.7397052049636841 -0.04229287803173065 -0.0912969782948494 0.0 1.0 1.0
v -0.7479107975959778 -0.0751151517033577 -0.11122478544712067 0.0 1.0 1.0
v -0.7021940350532532 0.24607425928115845 0.11853114515542984 0.0 1.0 1.0
v -0.7092273831367493 0.21442420780658722 0.09274221211671829 0.0 1.0 1.0
v -0.7162607312202454 0.182774156332016 0.06695327907800674 0.0 1.0 1.0
v -0.7244663238525391 0.14877966046333313 0.043508801609277725 0.0 1.0 1.0
v -0.732671856880188 0.1171296015381813 0.02240876480937004 0.0 1.0 1.0
v -0.7408774495124817 0.08313510566949844 -0.002207941608503461 0.0 1.0 1.0
v -0.7479107975959778 0.05265727639198303 -0.02799687348306179 0.0 1.0 1.0
v -0.7561163306236267 0.017490550875663757 -0.052613578736782074 0.0 1.0 1.0
v -0.7631496787071228 -0.015331723727285862 -0.08191918581724167 0.0 1.0 1.0
v -0.7713552713394165 -0.04815400019288063 -0.10067477077245712 0.0 1.0 1.0
v -0.7795608043670654 -0.08097627758979797 -0.12411925196647644 0.0 1.0 1.0
v -0.7666663527488708 0.10775180906057358 0.010686524212360382 0.0 1.0 1.0
v -0.7736997008323669 0.07492953538894653 -0.011585734784603119 0.0 1.0 1.0
v -0.7819052934646606 0.03976280987262726 -0.040891338139772415 0.0 1.0 1.0
v -0.7901108264923096 0.004596086218953133 -0.06433582305908203 0.0 1.0 1.0
v -0.7983164191246033 -0.02588174119591713 -0.0912969782948494 0.0 1.0 1.0
v -0.806522011756897 -0.061048466712236404 -0.1206025779247284 0.0 1.0 1.0
v -0.3423212170600891 -0.12083189934492111 -0.046752460300922394 0.0 1.0 1.0
v -0.35169902443885803 -0.08566517382860184 -0.023307975381612778 0.0 1.0 1.0
v -0.376315712928772 -0.12434856593608856 -0.054958026856184006 0.0 1.0 1.0
v -0.3845213055610657 -0.09152629226446152 -0.03620244190096855 0.0 1.0 1.0
v -0.4079657793045044 -0.13841526210308075 -0.06668026745319366 0.0 1.0 1.0
v -0.4161713421344757 -0.10324853658676147 -0.049096908420324326 0.0 1.0 1.0
v -0.44196027517318726 -0.1724097579717636 -0.0995025485754013 0.0 1.0 1.0
v -0.4513380825519562 -0.13607081770896912 -0.08074695616960526 0.0 1.0 1.0
v -0.4595436453819275 -0.10442075878381729 -0.05964692309498787 0.0 1.0 1.0
v -0.48650479316711426 -0.17709866166114807 -0.11591368168592453 0.0 1.0 1.0
v -0.4958826005458832 -0.14075970649719238 -0.09715809673070908 0.0 1.0 1.0
v -0.5052604079246521 -0.10793743282556534 -0.07254139333963394 0.0 1.0 1.0
v -0.509949266910553 -0.21226537227630615 -0.14639151096343994 0.0 1.0 1.0
v -0.5169826149940491 -0.18295978009700775 -0.12529148161411285 0.0 1.0 1.0
v -0.5263603925704956 -0.1501374989748001 -0.10301921516656876 0.0 1.0 1.0
v -0.5357382297515869 -0.11379855126142502 -0.08543585240840912 0.0 1.0 1.0
v -0.5439437627792358 -0.21929872035980225 -0.15459707379341125 0.0 1.0 1.0
v -0.5521493554115295 -0.18530422449111938 -0.13232481479644775 0.0 1.0 1.0
v -0.5626993775367737 -0.1489652693271637 -0.11591368168592453 0.0 1.0 1.0
v -0.5709049105644226 -0.11497077345848083 -0.09246920049190521 0.0 1.0 1.0
v -0.3141878545284271 -0.11145410686731339 -0.030341321602463722 0.0 1.0 1.0
v -0.3364601135253906 -0.08449295163154602 -0.01979130320250988 0.0 1.0 1.0
v -0.34466567635536194 -0.11848744750022888 -0.04206356406211853 0.0 1.0 1.0
v -0.37514349818229675 -0.11379855126142502 -0.04792468249797821 0.0 1.0 1.0
v -0.38217684626579285 -0.14427638053894043 -0.07136916369199753 0.0 1.0 1.0
v -0.4173435866832733 -0.10793743282556534 -0.05144135653972626 0.0 1.0 1.0
v -0.42554914951324463 -0.14427638053894043 -0.07605805993080139 0.0 1.0 1.0
v -0.43375471234321594 -0.17475420236587524 -0.10536366701126099 0.0 1.0 1.0
v -0.45602697134017944 -0.0903540700674057 -0.049096908420324326 0.0 1.0 1.0
v -0.46423253417015076 -0.1266930103302002 -0.07605805993080139 0.0 1.0 1.0
v -0.47243809700012207 -0.15834306180477142 -0.10301921516656876 0.0 1.0 1.0
v -0.47947144508361816 -0.19116534292697906 -0.12294702976942062 0.0 1.0 1.0
v -0.4900214672088623 -0.10090408474206924 -0.06316359341144562 0.0 1.0 1.0
v -0.4970548152923584 -0.13138191401958466 -0.08895252645015717 0.0 1.0 1.0
v -0.5052604079246521 -0.16303196549415588 -0.11591368168592453 0.0 1.0 1.0
v -0.5122937560081482 -0.19702646136283875 -0.13818594813346863 0.0 1.0 1.0
v -0.5204992890357971 -0.23219318687915802 -0.15576930344104767 0.0 1.0 1.0
v -0.5204992890357971 -0.10442075878381729 -0.07136916369199753 0.0 1.0 1.0
v -0.5275326371192932 -0.1337263584136963 -0.10067477077245712 0.0 1.0 1.0
v -0.5357382297515869 -0.16772086918354034 -0.11825813353061676 0.0 1.0 1.0
v -0.5439437627792358 -0.20523203909397125 -0.1440470665693283 0.0 1.0 1.0
v -0.5509771108627319 -0.23688209056854248 -0.1663193255662918 0.0 1.0 1.0
v -0.558010458946228 -0.09152629226446152 -0.07957473397254944 0.0 1.0 1.0
v -0.5673882365226746 -0.12903746962547302 -0.10419144481420517 0.0 1.0 1.0
v -0.5744215846061707 -0.16303196549415588 -0.12998037040233612 0.0 1.0 1.0
v -0.12077086418867111 0.0057683102786540985 0.09039776772260666 0.0 1.0 1.0
v -0.13014866411685944 0.03976280987262726 0.11384224891662598 0.0 1.0 1.0
v -0.13835422694683075 0.0725850835442543 0.1372867375612259 0.0 1.0 1.0
v -0.1641431599855423 -0.007126155309379101 0.07633107900619507 0.0 1.0 1.0
v -0.17469318211078644 0.03155723959207535 0.09391443431377411 0.0 1.0 1.0
v -0.18289874494075775 0.06320729106664658 0.11970336735248566 0.0 1.0 1.0
v -0.19110430777072906 0.09368512034416199 0.1384589523077011 0.0 1.0 1.0
v -0.19579321146011353 -0.046981774270534515 0.03881990164518356 0.0 1.0 1.0
v -0.20399877429008484 -0.011815051548182964 0.057575490325689316 0.0 1.0 1.0
v -0.21220435202121735 0.018662776798009872 0.08219219744205475 0.0 1.0 1.0
v -0.2227543592453003 0.05617394670844078 0.1009477823972702 0.0 1.0 1.0
v -0.2309599369764328 0.09016844630241394 0.1232200413942337 0.0 1.0 1.0
v -0.24033772945404053 0.12181849777698517 0.1454923003911972 0.0 1.0 1.0
v -0.22509881854057312 -0.06573735922574997 0.021236540749669075 0.0 1.0 1.0
v -0.23564882576465607 -0.027053965255618095 0.03881990164518356 0.0 1.0 1.0
v -0.2450266182422638 0.006940534338355064 0.06578105688095093 0.0 1.0 1.0
v -0.2532321810722351 0.03624613955616951 0.08922553807497025 0.0 1.0 1.0
v -0.26260998845100403 0.07492953538894653 0.10915335267782211 0.0 1.0 1.0
v -0.27198776602745056 0.11009626090526581 0.13259783387184143 0.0 1.0 1.0
v -0.25557664036750793 -0.08097627758979797 0.004825403448194265 0.0 1.0 1.0
v -0.26495444774627686 -0.046981774270534515 0.024753212928771973 0.0 1.0 1.0
v -0.27316001057624817 -0.014159499667584896 0.04468102380633354 0.0 1.0 1.0
v -0.2825377881526947 0.017490550875663757 0.06695327907800674 0.0 1.0 1.0
v -0.290743350982666 0.05265727639198303 0.0857088714838028 0.0 1.0 1.0
v -0.30012115836143494 0.08547955006361008 0.10680890083312988 0.0 1.0 1.0
v -0.30832672119140625 0.11947405338287354 0.1302533894777298 0.0 1.0 1.0
v -0.30715450644493103 -0.07628738135099411 -0.008069062605500221 0.0 1.0 1.0
v -0.31653228402137756 -0.041120655834674835 0.01654764451086521 0.0 1.0 1.0
v -0.32473787665367126 -0.010642827488481998 0.035303231328725815 0.0 1.0 1.0
v -0.3329434394836426 0.024523897096514702 0.057575490325689316 0.0 1.0 1.0
v -0.3423212170600891 0.06086284667253494 0.08219219744205475 0.0 1.0 1.0
v -0.35169902443885803 0.09368512034416199 0.10212000459432602 0.0 1.0 1.0
v -0.35990458726882935 0.12533517181873322 0.12204781919717789 0.0 1.0 1.0
v -0.3704546093940735 0.16401857137680054 0.14197562634944916 0.0 1.0 1.0
v -0.36107680201530457 -0.052842896431684494 -0.005724614020437002 0.0 1.0 1.0
v -0.36928239464759827 -0.018848396837711334 0.02006431668996811 0.0 1.0 1.0
v -0.3786601722240448 0.013973879627883434 0.03881990164518356 0.0 1.0 1.0
v -0.3880379796028137 0.049140602350234985 0.06460883468389511 0.0 1.0 1.0
v -0.3950713276863098 0.08079065382480621 0.08453664183616638 0.0 1.0 1.0
v -0.40444910526275635 0.11478515714406967 0.10212000459432602 0.0 1.0 1.0
v -0.41382691264152527 0.1464352011680603 0.12439226359128952 0.0 1.0 1.0
v -0.4220324754714966 0.17925748229026794 0.14666453003883362 0.0 1.0 1.0
v -0.39155465364456177 -0.06222068890929222 -0.016274631023406982 0.0 1.0 1.0
v -0.4009324312210083 -0.027053965255618095 0.005997627507895231 0.0 1.0 1.0
v -0.4103102385997772 0.0057683102786540985 0.02826988510787487 0.0 1.0 1.0
v -0.41851580142974854 0.03859058767557144 0.049369920045137405 0.0 1.0 1.0
v -0.42789357900619507 0.0725850835442543 0.06578105688095093 0.0 1.0 1.0
v -0.43609917163848877 0.10540736466646194 0.08922553807497025 0.0 1.0 1.0
v -0.4454769492149353 0.1394018679857254 0.11149779707193375 0.0 1.0 1.0
v -0.4525102972984314 0.16987968981266022 0.13259783387184143 0.0 1.0 1.0
v -0.42672136425971985 -0.06690958887338638 -0.029169097542762756 0.0 1.0 1.0
v -0.43375471234321594 -0.0387762077152729 -0.004552389960736036 0.0 1.0 1.0
v -0.4431324899196625 -0.003609482664614916 0.013030972331762314 0.0 1.0 1.0
v -0.4513380825519562 0.0280405692756176 0.03764767944812775 0.0 1.0 1.0
v -0.4607158601284027 0.06320729106664658 0.05874771252274513 0.0 1.0 1.0
v -0.47009366750717163 0.09837401658296585 0.07750330120325089 0.0 1.0 1.0
v -0.47947144508361816 0.1323685199022293 0.09625888615846634 0.0 1.0 1.0
v -0.4876770079135895 0.16636301577091217 0.11853114515542984 0.0 1.0 1.0
v -0.4958826005458832 0.19684083759784698 0.1443200707435608 0.0 1.0 1.0
v -0.468921422958374 -0.07042625546455383 -0.03737466409802437 0.0 1.0 1.0
v -0.4771270155906677 -0.03643175959587097 -0.020963527262210846 0.0 1.0 1.0
v -0.48650479316711426 -0.003609482664614916 0.0024809548631310463 0.0 1.0 1.0
v -0.4958826005458832 0.03272946551442146 0.023580988869071007 0.0 1.0 1.0
v -0.5052604079246521 0.06789618730545044 0.049369920045137405 0.0 1.0 1.0
v -0.513465940952301 0.10071846842765808 0.07046995311975479 0.0 1.0 1.0
v -0.5228437185287476 0.13705740869045258 0.08688109368085861 0.0 1.0 1.0
v -0.5322215557098389 0.17105191946029663 0.11032557487487793 0.0 1.0 1.0
v -0.539254903793335 0.20152974128723145 0.13142560422420502 0.0 1.0 1.0
v -0.513465940952301 -0.07277070730924606 -0.052613578736782074 0.0 1.0 1.0
v -0.5240159630775452 -0.03525953367352486 -0.03385799378156662 0.0 1.0 1.0
v -0.5310493111610413 -0.004781706724315882 -0.008069062605500221 0.0 1.0 1.0
v -0.5404270887374878 0.0280405692756176 0.011858748272061348 0.0 1.0 1.0
v -0.5498049259185791 0.06203506886959076 0.03061433508992195 0.0 1.0 1.0
v -0.558010458946228 0.0948573425412178 0.05054214596748352 0.0 1.0 1.0
v -0.5673882365226746 0.13002407550811768 0.0716421827673912 0.0 1.0 1.0
v -0.5767660737037659 0.16401857137680054 0.09156998991966248 0.0 1.0 1.0
v -0.5861438512802124 0.1980130672454834 0.11149779707193375 0.0 1.0 1.0
v -0.5943494439125061 0.23200756311416626 0.1372867375612259 0.0 1.0 1.0
v -0.5439437627792358 -0.08097627758979797 -0.060819149017333984 0.0 1.0 1.0
v -0.5533215999603271 -0.04815400019288063 -0.03854689002037048 0.0 1.0 1.0
v -0.5626993775367737 -0.011815051548182964 -0.022135751321911812 0.0 1.0 1.0
v -0.5709049105644226 0.02217944897711277 0.0013087308034300804 0.0 1.0 1.0
v -0.5802827477455139 0.05382949858903885 0.023580988869071007 0.0 1.0 1.0
v -0.5896605253219604 0.09016844630241394 0.04468102380633354 0.0 1.0 1.0
v -0.5978661179542542 0.1241629496216774 0.0634366124868393 0.0 1.0 1.0
v -0.6060716509819031 0.1546407788991928 0.08688109368085861 0.0 1.0 1.0
v -0.6154494285583496 0.18980750441551208 0.1079811304807663 0.0 1.0 1.0
v -0.6248272657394409 0.227318674325943 0.12790894508361816 0.0 1.0 1.0
v -0.6330327987670898 0.258968710899353 0.14197562634944916 0.0 1.0 1.0
v -0.5802827477455139 -0.07980405539274216 -0.07488583773374557 0.0 1.0 1.0
v -0.5896605253219604 -0.0458095520734787 -0.052613578736782074 0.0 1.0 1.0
v -0.5978661179542542 -0.014159499667584896 -0.029169097542762756 0.0 1.0 1.0
v -0.6060716509819031 0.01983500085771084 -0.009241286665201187 0.0 1.0 1.0
v -0.6154494285583496 0.055001724511384964 0.01420319639146328 0.0 1.0 1.0
v -0.6248272657394409 0.08899622410535812 0.03061433508992195 0.0 1.0 1.0
v -0.6330327987670898 0.11830183118581772 0.05405881628394127 0.0 1.0 1.0
v -0.6412383913993835 0.1534685492515564 0.07281440496444702 0.0 1.0 1.0
v -0.6506161689758301 0.18629083037376404 0.09625888615846634 0.0 1.0 1.0
v -0.6588217616081238 0.21911309659481049 0.11267002671957016 0.0 1.0 1.0
v -0.6681995391845703 0.25310760736465454 0.13611450791358948 0.0 1.0 1.0
v -0.12194308638572693 0.06906841695308685 0.1384589523077011 0.0 1.0 1.0
v -0.13014866411685944 0.03741836175322533 0.1079811304807663 0.0 1.0 1.0
v -0.13718199729919434 0.004596086218953133 0.08688109368085861 0.0 1.0 1.0
v -0.15242092311382294 0.0796184316277504 0.1384589523077011 0.0 1.0 1.0
v -0.15945425629615784 0.0503128282725811 0.11032557487487793 0.0 1.0 1.0
v -0.16765983402729034 0.017490550875663757 0.08805331587791443 0.0 1.0 1.0
v -0.17469318211078644 -0.014159499667584896 0.061092160642147064 0.0 1.0 1.0
v -0.1793820708990097 0.10071846842765808 0.1443200707435608 0.0 1.0 1.0
v -0.1875876486301422 0.06906841695308685 0.11618669331073761 0.0 1.0 1.0
v -0.1946209818124771 0.03624613955616951 0.09391443431377411 0.0 1.0 1.0
v -0.20399877429008484 0.0010794138070195913 0.06929773092269897 0.0 1.0 1.0
v -0.21103212237358093 -0.032915085554122925 0.047025471925735474 0.0 1.0 1.0
v -0.22509881854057312 0.09251289814710617 0.12908115983009338 0.0 1.0 1.0
v -0.23330438137054443 0.05969062075018883 0.10446445643901825 0.0 1.0 1.0
v -0.24033772945404053 0.03038501739501953 0.07633107900619507 0.0 1.0 1.0
v -0.24737107753753662 -0.00243725860491395 0.05405881628394127 0.0 1.0 1.0
v -0.25557664036750793 -0.03643175959587097 0.03061433508992195 0.0 1.0 1.0
v -0.26260998845100403 -0.06690958887338638 0.005997627507895231 0.0 1.0 1.0
v -0.2602655291557312 0.11595737934112549 0.1384589523077011 0.0 1.0 1.0
v -0.2684711217880249 0.08079065382480621 0.1150144711136818 0.0 1.0 1.0
v -0.2755044400691986 0.0503128282725811 0.08688109368085861 0.0 1.0 1.0
v -0.2825377881526947 0.018662776798009872 0.06226438656449318 0.0 1.0 1.0
v -0.290743350982666 -0.015331723727285862 0.03764767944812775 0.0 1.0 1.0
v -0.2989489436149597 -0.04932622238993645 0.015375420451164246 0.0 1.0 1.0
v -0.30715450644493103 -0.07980405539274216 -0.008069062605500221 0.0 1.0 1.0
v -0.290743350982666 0.11244070529937744 0.12673671543598175 0.0 1.0 1.0
v -0.2977766990661621 0.0796184316277504 0.10329223424196243 0.0 1.0 1.0
v -0.3048100471496582 0.0503128282725811 0.0786755234003067 0.0 1.0 1.0
v -0.3141878545284271 0.013973879627883434 0.05405881628394127 0.0 1.0 1.0
v -0.3212212026119232 -0.0200206208974123 0.02826988510787487 0.0 1.0 1.0
v -0.32942676544189453 -0.05167067423462868 0.00834207609295845 0.0 1.0 1.0
v -0.3200489580631256 0.11947405338287354 0.12439226359128952 0.0 1.0 1.0
v -0.3282545506954193 0.08782400190830231 0.10212000459432602 0.0 1.0 1.0
v -0.335287868976593 0.05617394670844078 0.07633107900619507 0.0 1.0 1.0
v -0.34466567635536194 0.01983500085771084 0.05405881628394127 0.0 1.0 1.0
v -0.35169902443885803 -0.014159499667584896 0.024753212928771973 0.0 1.0 1.0
v -0.35990458726882935 -0.0458095520734787 0.0013087308034300804 0.0 1.0 1.0
v -0.36811015009880066 -0.08214849978685379 -0.024480199441313744 0.0 1.0 1.0
v -0.3563879132270813 0.15229633450508118 0.1454923003911972 0.0 1.0 1.0
v -0.3634212613105774 0.12181849777698517 0.11618669331073761 0.0 1.0 1.0
v -0.3716268241405487 0.0866517722606659 0.08453664183616638 0.0 1.0 1.0
v -0.3786601722240448 0.05382949858903885 0.06578105688095093 0.0 1.0 1.0
v -0.3856935203075409 0.025696121156215668 0.041164349764585495 0.0 1.0 1.0
v -0.3938990831375122 -0.009470603428781033 0.02006431668996811 0.0 1.0 1.0
v -0.4021046459674835 -0.04229287803173065 -0.011585734784603119 0.0 1.0 1.0
v -0.4103102385997772 -0.07628738135099411 -0.029169097542762756 0.0 1.0 1.0
v -0.3938990831375122 0.17222413420677185 0.14666453003883362 0.0 1.0 1.0
v -0.4009324312210083 0.14291852712631226 0.12204781919717789 0.0 1.0 1.0
v -0.4091379940509796 0.11009626090526581 0.09508666396141052 0.0 1.0 1.0
v -0.4173435866832733 0.0725850835442543 0.06929773092269897 0.0 1.0 1.0
v -0.424376904964447 0.04210725799202919 0.047025471925735474 0.0 1.0 1.0
v -0.4325824975967407 0.010457206517457962 0.021236540749669075 0.0 1.0 1.0
v -0.44078806042671204 -0.02588174119591713 -0.006896838080137968 0.0 1.0 1.0
v -0.44899362325668335 -0.061048466712236404 -0.02565242350101471 0.0 1.0 1.0
v -0.4290658235549927 0.15932966768741608 0.13142560422420502 0.0 1.0 1.0
v -0.43609917163848877 0.12885184586048126 0.1009477823972702 0.0 1.0 1.0
v -0.4443047344684601 0.09602957218885422 0.07633107900619507 0.0 1.0 1.0
v -0.4513380825519562 0.06437952071428299 0.05405881628394127 0.0 1.0 1.0
v -0.4595436453819275 0.029212793335318565 0.027097661048173904 0.0 1.0 1.0
v -0.4665769934654236 -0.00243725860491395 0.004825403448194265 0.0 1.0 1.0
v -0.4747825562953949 -0.03408731147646904 -0.01979130320250988 0.0 1.0 1.0
v -0.4829881191253662 -0.0680818110704422 -0.040891338139772415 0.0 1.0 1.0
v -0.4513380825519562 0.18980750441551208 0.1443200707435608 0.0 1.0 1.0
v -0.45837143063545227 0.15698522329330444 0.12087558954954147 0.0 1.0 1.0
v -0.4665769934654236 0.1241629496216774 0.09156998991966248 0.0 1.0 1.0
v -0.4747825562953949 0.09134067595005035 0.0716421827673912 0.0 1.0 1.0
v -0.481815904378891 0.06086284667253494 0.05171436816453934 0.0 1.0 1.0
v -0.4888492524623871 0.029212793335318565 0.024753212928771973 0.0 1.0 1.0
v -0.4970548152923584 -0.005953930784016848 -0.0033801656682044268 0.0 1.0 1.0
v -0.5040881633758545 -0.03643175959587097 -0.023307975381612778 0.0 1.0 1.0
v -0.5122937560081482 -0.0680818110704422 -0.046752460300922394 0.0 1.0 1.0
v -0.4900214672088623 0.1991852968931198 0.14314785599708557 0.0 1.0 1.0
v -0.4970548152923584 0.1687074601650238 0.11618669331073761 0.0 1.0 1.0
v -0.5040881633758545 0.1394018679857254 0.09156998991966248 0.0 1.0 1.0
v -0.5122937560081482 0.10423513501882553 0.06929773092269897 0.0 1.0 1.0
v -0.5204992890357971 0.07024063915014267 0.03881990164518356 0.0 1.0 1.0
v -0.5275326371192932 0.03859058767557144 0.02006431668996811 0.0 1.0 1.0
v -0.5357382297515869 0.004596086218953133 -0.004552389960736036 0.0 1.0 1.0
v -0.542771577835083 -0.029398413375020027 -0.032685767859220505 0.0 1.0 1.0
v -0.5509771108627319 -0.05870401859283447 -0.054958026856184006 0.0 1.0 1.0
v -0.5298770666122437 0.22614644467830658 0.14666453003883362 0.0 1.0 1.0
v -0.5380826592445374 0.18980750441551208 0.12087558954954147 0.0 1.0 1.0
v -0.5451160073280334 0.15698522329330444 0.09274221211671829 0.0 1.0 1.0
v -0.5533215999603271 0.12650740146636963 0.0716421827673912 0.0 1.0 1.0
v -0.5603548884391785 0.09368512034416199 0.04585324972867966 0.0 1.0 1.0
v -0.5697327256202698 0.05851839482784271 0.02240876480937004 0.0 1.0 1.0
v -0.5767660737037659 0.026868345215916634 -0.002207941608503461 0.0 1.0 1.0
v -0.5849716067314148 -0.008298379369080067 -0.02565242350101471 0.0 1.0 1.0
v -0.5931771993637085 -0.04346510395407677 -0.05144135653972626 0.0 1.0 1.0
v -0.6002105474472046 -0.0751151517033577 -0.07488583773374557 0.0 1.0 1.0
v -0.5638715624809265 0.21442420780658722 0.13611450791358948 0.0 1.0 1.0
v -0.5720771551132202 0.182774156332016 0.11032557487487793 0.0 1.0 1.0
v -0.5791105031967163 0.14877966046333313 0.08219219744205475 0.0 1.0 1.0
v -0.58731609582901 0.11478515714406967 0.055231042206287384 0.0 1.0 1.0
v -0.5955216288566589 0.08196287602186203 0.03061433508992195 0.0 1.0 1.0
v -0.602554976940155 0.0503128282725811 0.003653179155662656 0.0 1.0 1.0
v -0.6107605695724487 0.0151461036875844 -0.015102406963706017 0.0 1.0 1.0
v -0.5943494439125061 0.23786869645118713 0.14314785599708557 0.0 1.0 1.0
v -0.6013827919960022 0.2062186449766159 0.11853114515542984 0.0 1.0 1.0
v -0.6084160804748535 0.1769130378961563 0.09039776772260666 0.0 1.0 1.0
v -0.6154494285583496 0.14409075677394867 0.06695327907800674 0.0 1.0 1.0
v -0.6236550211906433 0.11009626090526581 0.03881990164518356 0.0 1.0 1.0
v -0.631860613822937 0.07727397978305817 0.02006431668996811 0.0 1.0 1.0
v -0.628343939781189 0.24372981488704681 0.1384589523077011 0.0 1.0 1.0
v -0.6353772878646851 0.21090753376483917 0.1079811304807663 0.0 1.0 1.0
v -0.643582820892334 0.17339636385440826 0.08336441963911057 0.0 1.0 1.0
v -0.6506161689758301 0.14526298642158508 0.061092160642147064 0.0 1.0 1.0
v -0.6717162132263184 0.2495909333229065 0.12790894508361816 0.0 1.0 1.0
v -0.6787495613098145 0.21676865220069885 0.10680890083312988 0.0 1.0 1.0
v -0.6939884424209595 0.2777242958545685 0.1443200707435608 0.0 1.0 1.0
v -0.06215965747833252 0.035073913633823395 0.12673671543598175 0.0 1.0 1.0
v -0.09380970895290375 0.021007224917411804 0.11149779707193375 0.0 1.0 1.0
v -0.10318750143051147 0.05617394670844078 0.13377006351947784 0.0 1.0 1.0
v -0.07739857584238052 0.06203506886959076 0.13963118195533752 0.0 1.0 1.0
v -0.08560413867235184 0.029212793335318565 0.11735892295837402 0.0 1.0 1.0
v -0.2168932408094406 -0.0973874107003212 0.007169851567596197 0.0 1.0 1.0
v -0.2966044843196869 -0.11379855126142502 -0.026824647560715675 0.0 1.0 1.0
v -0.3657657206058502 -0.16303196549415588 -0.07254139333963394 0.0 1.0 1.0
v -0.3997602164745331 -0.1712375283241272 -0.08660808205604553 0.0 1.0 1.0
v -0.19110430777072906 -0.0833207219839096 0.02006431668996811 0.0 1.0 1.0
v -0.22744326293468475 -0.09973186254501343 0.0013087308034300804 0.0 1.0 1.0
v -0.2696433365345001 -0.0973874107003212 -0.015102406963706017 0.0 1.0 1.0
v -0.32239341735839844 -0.1501374989748001 -0.054958026856184006 0.0 1.0 1.0
v -0.35287123918533325 -0.15130972862243652 -0.06316359341144562 0.0 1.0 1.0
v -0.11139307171106339 -0.02822618931531906 0.06929773092269897 0.0 1.0 1.0
v -0.14773201942443848 -0.07042625546455383 0.03647545352578163 0.0 1.0 1.0
v -0.1571098119020462 -0.03643175959587097 0.055231042206287384 0.0 1.0 1.0
v -0.1864154189825058 -0.08097627758979797 0.023580988869071007 0.0 1.0 1.0
v -0.14655978977680206 -0.03174286335706711 0.05874771252274513 0.0 1.0 1.0
v -0.15359313786029816 -0.06690958887338638 0.03881990164518356 0.0 1.0 1.0
v -0.18289874494075775 -0.0458095520734787 0.03764767944812775 0.0 1.0 1.0
v -0.21923770010471344 -0.06456513702869415 0.021236540749669075 0.0 1.0 1.0
v 0.035134945064783096 0.0034238621592521667 0.13494227826595306 0.0 1.0 1.0
v -0.009409572929143906 -0.0012650344287976623 0.11618669331073761 0.0 1.0 1.0
v -0.018787365406751633 0.03272946551442146 0.1384589523077011 0.0 1.0 1.0
v -0.04457629844546318 -0.030570637434720993 0.09274221211671829 0.0 1.0 1.0
v -0.05395409092307091 0.0034238621592521667 0.10446445643901825 0.0 1.0 1.0
v -0.08560413867235184 -0.009470603428781033 0.08805331587791443 0.0 1.0 1.0
v 0.016379358246922493 0.01631832681596279 0.13142560422420502 0.0 1.0 1.0
v -0.010581796988844872 0.03038501739501953 0.1372867375612259 0.0 1.0 1.0
v -0.017615141347050667 -0.003609482664614916 0.11267002671957016 0.0 1.0 1.0
v -0.04692074656486511 0.01631832681596279 0.11970336735248566 0.0 1.0 1.0
v -0.05395409092307091 -0.015331723727285862 0.09508666396141052 0.0 1.0 1.0
v -0.09380970895290375 -0.003609482664614916 0.09274221211671829 0.0 1.0 1.0
v -0.10201527923345566 -0.03760398179292679 0.07046995311975479 0.0 1.0 1.0
v 0.060923874378204346 0.013973879627883434 0.14666453003883362 0.0 1.0 1.0
v -0.7488213181495667 0.15906204283237457 0.04787308722734451 0.0 1.0 1.0
v -0.663375198841095 -0.11514578014612198 -0.11817207932472229 0.0 1.0 1.0
v -0.4747026860713959 0.01172089483588934 0.01172200683504343 0.0 1.0 1.0
v -0.8161330223083496 -0.06703830510377884 -0.12107940763235092 0.0 1.0 1.0
v -0.45388588309288025 0.07171569764614105 0.05724027007818222 0.0 1.0 1.0
v -0.7065529227256775 0.23279978334903717 0.10769792646169662 0.0 1.0 1.0
v -0.5533193349838257 -0.14173486828804016 -0.1106056347489357 0.0 1.0 1.0
v -0.16054187715053558 -0.07848230749368668 0.02362319827079773 0.0 1.0 1.0
v -0.6381881237030029 -0.1364961862564087 -0.12679050862789154 0.0 1.0 1.0
v -0.7940274477005005 -0.06978659331798553 -0.11780200153589249 0.0 1.0 1.0
v -0.4245845675468445 -0.1114063560962677 -0.06010446697473526 0.0 1.0 1.0
v -0.3687836527824402 -0.12797875702381134 -0.0583639033138752 0.0 1.0 1.0
v -0.7271356582641602 -0.14740799367427826 -0.15487413108348846 0.0 1.0 1.0
v -0.7141386270523071 -0.04090304300189018 -0.0796399638056755 0.0 1.0 1.0
v -0.4388923943042755 -0.08245488256216049 -0.04380239173769951 0.0 1.0 1.0
v -0.7329147458076477 0.10126310586929321 0.012383878231048584 0.0 1.0 1.0
v -0.5060096383094788 0.18008002638816833 0.11859088391065598 0.0 1.0 1.0
v -0.5126201510429382 0.1995297521352768 0.13024072349071503 0.0 1.0 1.0
v -0.7518326640129089 0.08187497407197952 -0.005160980857908726 0.0 1.0 1.0
v -0.5573739409446716 0.05227646604180336 0.019993456080555916 0.0 1.0 1.0
v -0.7664040327072144 -0.1048506498336792 -0.13515184819698334 0.0 1.0 1.0
v -0.5076509714126587 0.11335213482379913 0.07296687364578247 0.0 1.0 1.0
v -0.5336046814918518 -0.05356117710471153 -0.046238042414188385 0.0 1.0 1.0
v -0.2521868944168091 -0.034231651574373245 0.03231305256485939 0.0 1.0 1.0
v -0.6455813050270081 -0.13117386400699615 -0.12490123510360718 0.0 1.0 1.0
v -0.5442558526992798 0.008706577122211456 -0.006496754940599203 0.0 1.0 1.0
v -0.4683750569820404 0.03609205782413483 0.029717475175857544 0.0 1.0 1.0
v -0.15185287594795227 -0.0659937933087349 0.03411123529076576 0.0 1.0 1.0
v -0.727292537689209 -0.04546161741018295 -0.085789754986763 0.0 1.0 1.0
v -0.6773018836975098 0.04305534437298775 -0.014148559421300888 0.0 1.0 1.0
v -0.5790470242500305 0.03429074212908745 0.0027587045915424824 0.0 1.0 1.0
v -0.4570330083370209 0.1924148052930832 0.13834384083747864 0.0 1.0 1.0
v -0.13630065321922302 0.018759386613965034 0.09519167244434357 0.0 1.0 1.0
v -0.4703407883644104 0.06931309401988983 0.05178459361195564 0.0 1.0 1.0
v -0.2024344503879547 0.08312723785638809 0.1234540268778801 0.0 1.0 1.0
v -0.6394592523574829 0.2637583911418915 0.14429128170013428 0.0 1.0 1.0
v -0.47313767671585083 0.03191600367426872 0.025778481736779213 0.0 1.0 1.0
v -0.38868987560272217 0.16073006391525269 0.13275480270385742 0.0 1.0 1.0
v -0.42589160799980164 0.12877708673477173 0.10243882238864899 0.0 1.0 1.0
v -0.48916923999786377 0.18180443346500397 0.12367638945579529 0.0 1.0 1.0
v -0.24837234616279602 0.06878452748060226 0.10304635018110275 0.0 1.0 1.0
v -0.48556020855903625 -0.1671198010444641 -0.1120591089129448 0.0 1.0 1.0
v -0.6971623301506042 0.03544219955801964 -0.02392902597784996 0.0 1.0 1.0
v -0.7470840811729431 0.047021668404340744 -0.02768762595951557 0.0 1.0 1.0
v -0.2779303789138794 -0.0506841242313385 0.015171273611485958 0.0 1.0 1.0
v -0.6849514842033386 0.0378328301012516 -0.019468454644083977 0.0 1.0 1.0
v -0.7287874221801758 0.20970061421394348 0.08686564117670059 0.0 1.0 1.0
v -0.7917296290397644 -0.1539725959300995 -0.17434674501419067 0.0 1.0 1.0
v -0.7961681485176086 -0.06187577173113823 -0.11293619871139526 0.0 1.0 1.0
v -0.544649600982666 0.18138495087623596 0.11048967391252518 0.0 1.0 1.0
v -0.18884308636188507 0.00679264310747385 0.07485900819301605 0.0 1.0 1.0
v -0.4687631130218506 -0.043807681649923325 -0.024545744061470032 0.0 1.0 1.0
v -0.4611996114253998 -0.16867822408676147 -0.10745052993297577 0.0 1.0 1.0
v -0.6089916229248047 0.17294110357761383 0.08980151265859604 0.0 1.0 1.0
v -0.38014495372772217 0.065653495490551 0.07027893513441086 0.0 1.0 1.0
v -0.7021824717521667 -0.1584116518497467 -0.15653172135353088 0.0 1.0 1.0
v -0.6362968683242798 -0.11882144212722778 -0.11436698585748672 0.0 1.0 1.0
v -0.23459658026695251 0.02220684476196766 0.07466976344585419 0.0 1.0 1.0
v -0.5784645080566406 -0.01829669065773487 -0.03276073560118675 0.0 1.0 1.0
v -0.1567014753818512 -0.018944421783089638 0.06488370150327682 0.0 1.0 1.0
v -0.7159745693206787 0.008149676024913788 -0.04680858924984932 0.0 1.0 1.0
v -0.11931633949279785 -0.0068573313765227795 0.08177304267883301 0.0 1.0 1.0
v -0.5845579504966736 -0.11118657141923904 -0.09715825319290161 0.0 1.0 1.0
v -0.2011675089597702 -0.043019358068704605 0.03821975737810135 0.0 1.0 1.0
v -0.4240397810935974 0.019417626783251762 0.028722453862428665 0.0 1.0 1.0
v -0.6532220840454102 -0.09816689789295197 -0.10429901629686356 0.0 1.0 1.0
v -0.21022427082061768 -0.005967183969914913 0.06123536825180054 0.0 1.0 1.0
v -0.5212095379829407 -0.07994252443313599 -0.061242345720529556 0.0 1.0 1.0
v -0.6082038879394531 0.198802649974823 0.10751914232969284 0.0 1.0 1.0
v -0.32673901319503784 -0.012649127282202244 0.0296087097376585 0.0 1.0 1.0
v -0.6858289837837219 0.23651061952114105 0.11503339558839798 0.0 1.0 1.0
v -0.3111719787120819 0.10285855084657669 0.11154450476169586 0.0 1.0 1.0
v -0.7597750425338745 0.0670199766755104 -0.01707989163696766 0.0 1.0 1.0
v -0.8351908326148987 -0.11868021637201309 -0.16052526235580444 0.0 1.0 1.0
v -0.46497371792793274 -0.2018396109342575 -0.13081203401088715 0.0 1.0 1.0
v -0.5602573752403259 -0.0008837971254251897 -0.016720395535230637 0.0 1.0 1.0
v -0.7176249027252197 0.20812560617923737 0.0883936807513237 0.0 1.0 1.0
v -0.41634058952331543 -0.06580124795436859 -0.027266468852758408 0.0 1.0 1.0
v -0.4189053177833557 0.1506037414073944 0.11886225640773773 0.0 1.0 1.0
v -0.6256675720214844 -0.047569938004016876 -0.06358570605516434 0.0 1.0 1.0
v -0.36115309596061707 0.1386662721633911 0.12419915199279785 0.0 1.0 1.0
v -0.49414971470832825 -0.018946463242173195 -0.013593357056379318 0.0 1.0 1.0
v -0.5050893425941467 0.018623212352395058 0.009335248731076717 0.0 1.0 1.0
v -0.1703762412071228 0.05562376603484154 0.11226167529821396 0.0 1.0 1.0
v -0.7847551107406616 0.05219079926609993 -0.032943520694971085 0.0 1.0 1.0
v -0.7273076176643372 0.13187991082668304 0.03444641828536987 0.0 1.0 1.0
v -0.4104844033718109 0.12292688339948654 0.10205535590648651 0.0 1.0 1.0
v -0.6595240235328674 0.11695258319377899 0.04008900746703148 0.0 1.0 1.0
v -0.7331209182739258 0.12365017086267471 0.027514632791280746 0.0 1.0 1.0
v -0.045907534658908844 0.05562947317957878 0.14121150970458984 0.0 1.0 1.0
v -0.4841947555541992 -0.03187096491456032 -0.02004123292863369 0.0 1.0 1.0
v -0.5266090035438538 -0.08041955530643463 -0.06282145529985428 0.0 1.0 1.0
v -0.4860154390335083 -0.09789736568927765 -0.0652313381433487 0.0 1.0 1.0
v -0.3606625199317932 -0.02674858272075653 0.012159986421465874 0.0 1.0 1.0
v -0.40307918190956116 -0.15217050909996033 -0.08274184167385101 0.0 1.0 1.0
v -0.4314207434654236 0.09422101080417633 0.07772355526685715 0.0 1.0 1.0
v -0.8229715824127197 -0.07763513922691345 -0.12985454499721527 0.0 1.0 1.0
v -0.6303204298019409 -0.11084269732236862 -0.1075674444437027 0.0 1.0 1.0
v -0.09232571721076965 0.033881817013025284 0.11567150801420212 0.0 1.0 1.0
v -0.4666732847690582 -0.07394197583198547 -0.044491156935691833 0.0 1.0 1.0
v -0.7011202573776245 -0.15017352998256683 -0.15069915354251862 0.0 1.0 1.0
v -0.270372211933136 0.13235844671726227 0.14103402197360992 0.0 1.0 1.0
v -0.4011526107788086 -0.14131352305412292 -0.07493263483047485 0.0 1.0 1.0
v -0.791643500328064 -0.09353087842464447 -0.13334649801254272 0.0 1.0 1.0
v -0.7369279861450195 -0.012326468713581562 -0.06556451320648193 0.0 1.0 1.0
v -0.7004174590110779 0.28013813495635986 0.14122073352336884 0.0 1.0 1.0
v -0.7416583895683289 -0.005356711335480213 -0.06193901598453522 0.0 1.0 1.0
v -0.8055543303489685 -0.052992817014455795 -0.10909625887870789 0.0 1.0 1.0
v -0.5901111960411072 -0.18741551041603088 -0.15013381838798523 0.0 1.0 1.0
v -0.29923468828201294 -0.003953947685658932 0.04190044477581978 0.0 1.0 1.0
v -0.7254036068916321 -0.06519914418458939 -0.09873275458812714 0.0 1.0 1.0
v -0.5085704922676086 -0.153728187084198 -0.1083306223154068 0.0 1.0 1.0
v -0.6670272946357727 0.27537986636161804 0.1443200707435608 0.0 0.25 1.0
v -0.6259994506835938 0.2800687551498413 0.14080339670181274 0.0 0.25 1.0
v -0.6002105474472046 0.27655208110809326 0.1372867375612259 0.0 0.25 1.0
v -0.5814549326896667 0.29179099202156067 0.11618669331073761 0.0 0.25 1.0
v -0.5732493996620178 0.2566242814064026 0.14783674478530884 0.0 0.25 1.0
v -0.5404270887374878 0.29061877727508545 0.11149779707193375 0.0 0.25 1.0
v -0.5310493111610413 0.25427982211112976 0.13377006351947784 0.0 0.25 1.0
v -0.4970548152923584 0.2800687551498413 0.10563667863607407 0.0 0.25 1.0
v -0.4888492524623871 0.24724648892879486 0.13259783387184143 0.0 0.25 1.0
v -0.468921422958374 0.2953076660633087 0.08922553807497025 0.0 0.25 1.0
v -0.43609917163848877 0.2777242958545685 0.09743110835552216 0.0 0.25 1.0
v -0.3950713276863098 0.28944656252861023 0.08336441963911057 0.0 0.25 1.0
v -0.3856935203075409 0.2507631480693817 0.10563667863607407 0.0 0.25 1.0
v -0.3493545651435852 0.2964799106121063 0.05874771252274513 0.0 0.25 1.0
v -0.33997678756713867 0.258968710899353 0.08219219744205475 0.0 0.25 1.0
v -0.3200489580631256 0.29179099202156067 0.05874771252274513 0.0 0.25 1.0
v -0.3106711804866791 0.258968710899353 0.08101997524499893 0.0 0.25 1.0
v -0.28722670674324036 0.299996554851532 0.041164349764585495 0.0 0.25 1.0
v -0.27784889936447144 0.26131317019462585 0.06460883468389511 0.0 0.25 1.0
v -0.2391654998064041 0.2706909775733948 0.05288659408688545 0.0 0.25 1.0
v -0.2309599369764328 0.23083534836769104 0.07750330120325089 0.0 0.25 1.0
v -0.19813765585422516 0.27655208110809326 0.03764767944812775 0.0 0.25 1.0
v -0.18993209302425385 0.23786869645118713 0.057575490325689316 0.0 0.25 1.0
v -0.1723487228155136 0.2929632365703583 0.021236540749669075 0.0 0.25 1.0
v -0.1641431599855423 0.2577964961528778 0.03999212756752968 0.0 0.25 1.0
v -0.1418709009885788 0.2964799106121063 0.010686524212360382 0.0 0.25 1.0
v -0.13249310851097107 0.2577964961528778 0.035303231328725815 0.0 0.25 1.0
v -0.12311531603336334 0.21911309659481049 0.061092160642147064 0.0 0.25 1.0
v -0.10904862731695175 0.21207976341247559 0.0564032644033432 0.0 0.25 1.0
v -0.12194308638572693 0.26131317019462585 0.021236540749669075 0.0 0.25 1.0
v -0.11373752355575562 0.09837401658296585 0.1372867375612259 0.0 0.25 1.0
v -0.12545976042747498 0.14291852712631226 0.10212000459432602 0.0 0.25 1.0
v -0.13835422694683075 0.18863527476787567 0.07515884935855865 0.0 0.25 1.0
v -0.15124869346618652 0.2355242371559143 0.047025471925735474 0.0 0.25 1.0
v -0.1641431599855423 0.2847576439380646 0.017719868570566177 0.0 0.25 1.0
v -0.1489042490720749 0.11126848310232162 0.13377006351947784 0.0 0.25 1.0
v -0.16062648594379425 0.15815745294094086 0.09977556020021439 0.0 0.25 1.0
v -0.1723487228155136 0.20152974128723145 0.07750330120325089 0.0 0.25 1.0
v -0.18407097458839417 0.24724648892879486 0.047025471925735474 0.0 0.25 1.0
v -0.19696544110774994 0.2953076660633087 0.017719868570566177 0.0 0.25 1.0
v -0.20282655954360962 0.13705740869045258 0.12908115983009338 0.0 0.25 1.0
v -0.2157210260629654 0.18511860072612762 0.09508666396141052 0.0 0.25 1.0
v -0.22744326293468475 0.23083534836769104 0.06812550872564316 0.0 0.25 1.0
v -0.24033772945404053 0.2800687551498413 0.03295878320932388 0.0 0.25 1.0
v -0.2520599663257599 0.16636301577091217 0.12204781919717789 0.0 0.25 1.0
v -0.26378220319747925 0.2132519781589508 0.09274221211671829 0.0 0.25 1.0
v -0.2766766846179962 0.26131317019462585 0.06578105688095093 0.0 0.25 1.0
v -0.2813655734062195 0.14409075677394867 0.1372867375612259 0.0 0.25 1.0
v -0.29308781027793884 0.18980750441551208 0.10915335267782211 0.0 0.25 1.0
v -0.3059822916984558 0.23669646680355072 0.08101997524499893 0.0 0.25 1.0
v -0.31770452857017517 0.28241321444511414 0.055231042206287384 0.0 0.25 1.0
v -0.3188767433166504 0.15581299364566803 0.1454923003911972 0.0 0.25 1.0
v -0.33059898018836975 0.20387418568134308 0.10915335267782211 0.0 0.25 1.0
v -0.3434934616088867 0.2495909333229065 0.08336441963911057 0.0 0.25 1.0
v -0.3810046315193176 0.2050464153289795 0.11970336735248566 0.0 0.25 1.0
v -0.392726868391037 0.2507631480693817 0.09508666396141052 0.0 0.25 1.0
v -0.43375471234321594 0.22497422993183136 0.12556448578834534 0.0 0.25 1.0
v -0.4454769492149353 0.26951873302459717 0.09625888615846634 0.0 0.25 1.0
v -0.46423253417015076 0.20973530411720276 0.1443200707435608 0.0 0.25 1.0
v -0.4771270155906677 0.258968710899353 0.11032557487487793 0.0 0.25 1.0
v -0.5076048374176025 0.2425575852394104 0.12673671543598175 0.0 0.25 1.0
v -0.5486326813697815 0.2343520224094391 0.1443200707435608 0.0 0.25 1.0
v -0.5615271329879761 0.2847576439380646 0.11149779707193375 0.0 0.25 1.0
v -0.6048994064331055 0.2730354070663452 0.13494227826595306 0.0 0.25 1.0
v -0.11139307171106339 0.11478515714406967 0.12087558954954147 0.0 0.25 1.0
v -0.10787639766931534 0.2730354070663452 0.018892092630267143 0.0 0.25 1.0
v -0.11842641979455948 0.22497422993183136 0.05288659408688545 0.0 0.25 1.0
v -0.13014866411685944 0.1757408082485199 0.08805331587791443 0.0 0.25 1.0
v -0.1418709009885788 0.12533517181873322 0.11970336735248566 0.0 0.25 1.0
v -0.13600978255271912 0.29061877727508545 0.005997627507895231 0.0 0.25 1.0
v -0.14655978977680206 0.24490202963352203 0.03764767944812775 0.0 0.25 1.0
v -0.1571098119020462 0.1991852968931198 0.07515884935855865 0.0 0.25 1.0
v -0.16765983402729034 0.15112410485744476 0.1079811304807663 0.0 0.25 1.0
v -0.18172651529312134 0.2800687551498413 0.03061433508992195 0.0 0.25 1.0
v -0.1934487670660019 0.227318674325943 0.06695327907800674 0.0 0.25 1.0
v -0.20517100393772125 0.1769130378961563 0.10329223424196243 0.0 0.25 1.0
v -0.2157210260629654 0.1323685199022293 0.14080339670181274 0.0 0.25 1.0
v -0.21806547045707703 0.29765212535858154 0.024753212928771973 0.0 0.25 1.0
v -0.22744326293468475 0.25427982211112976 0.055231042206287384 0.0 0.25 1.0
v -0.24033772945404053 0.1991852968931198 0.09274221211671829 0.0 0.25 1.0
v -0.25088775157928467 0.1546407788991928 0.12790894508361816 0.0 0.25 1.0
v -0.24854329228401184 0.2941354513168335 0.03061433508992195 0.0 0.25 1.0
v -0.259093314409256 0.24724648892879486 0.05991993844509125 0.0 0.25 1.0
v -0.27081555128097534 0.19566862285137177 0.10680890083312988 0.0 0.25 1.0
v -0.2825377881526947 0.14760743081569672 0.1443200707435608 0.0 0.25 1.0
v -0.2895711362361908 0.2519353926181793 0.06929773092269897 0.0 0.25 1.0
v -0.30012115836143494 0.2050464153289795 0.10563667863607407 0.0 0.25 1.0
v -0.3118433952331543 0.1546407788991928 0.13963118195533752 0.0 0.25 1.0
v -0.3329434394836426 0.2519353926181793 0.08101997524499893 0.0 0.25 1.0
v -0.34466567635536194 0.20035751163959503 0.11618669331073761 0.0 0.25 1.0
v -0.3727990686893463 0.2660020589828491 0.0857088714838028 0.0 0.25 1.0
v -0.38334906101226807 0.21794088184833527 0.12204781919717789 0.0 0.25 1.0
v -0.39624354243278503 0.29765212535858154 0.06812550872564316 0.0 0.25 1.0
v -0.4079657793045044 0.24724648892879486 0.10212000459432602 0.0 0.25 1.0
v -0.41968801617622375 0.19684083759784698 0.1454923003911972 0.0 0.25 1.0
v -0.4290658235549927 0.2859298884868622 0.07984774559736252 0.0 0.25 1.0
v -0.44078806042671204 0.2343520224094391 0.11618669331073761 0.0 0.25 1.0
v -0.468921422958374 0.29061877727508545 0.09156998991966248 0.0 0.25 1.0
v -0.47829923033714294 0.2495909333229065 0.11735892295837402 0.0 0.25 1.0
v -0.5193270444869995 0.27186319231987 0.11149779707193375 0.0 0.25 1.0
v -0.55449378490448 0.255452036857605 0.13611450791358948 0.0 0.25 1.0
v -0.5826271772384644 0.2847576439380646 0.12204781919717789 0.0 0.25 1.0
v -0.6177939176559448 0.28358542919158936 0.12673671543598175 0.0 0.25 1.0
v -0.6623384356498718 0.2847576439380646 0.1384589523077011 0.0 0.25 1.0
v -0.0973263829946518 0.299996554851532 0.00013650668552145362 0.0 0.25 1.0
v -0.08794859051704407 0.2648298442363739 0.02240876480937004 0.0 0.25 1.0
v -0.07974302023649216 0.22614644467830658 0.043508801609277725 0.0 0.25 1.0
v -0.06919300556182861 0.18629083037376404 0.06460883468389511 0.0 0.25 1.0
v -0.03050960786640644 0.07610175758600235 0.12908115983009338 0.0 0.25 1.0
v -0.04223184660077095 0.12299072742462158 0.09391443431377411 0.0 0.25 1.0
v -0.055126313120126724 0.1687074601650238 0.06695327907800674 0.0 0.25 1.0
v -0.06684855371713638 0.21559643745422363 0.04233657568693161 0.0 0.25 1.0
v -0.07857079803943634 0.2577964961528778 0.01654764451086521 0.0 0.25 1.0
v -0.09146526455879211 0.30468547344207764 -0.011585734784603119 0.0 0.25 1.0
v -0.07153744995594025 0.07024063915014267 0.14314785599708557 0.0 0.25 1.0
v -0.08443191647529602 0.11947405338287354 0.11032557487487793 0.0 0.25 1.0
v -0.09615416079759598 0.16519078612327576 0.08336441963911057 0.0 0.25 1.0
v -0.055126313120126724 0.1605018973350525 0.07398662716150284 0.0 0.25 1.0
v -0.06684855371713638 0.1089240312576294 0.11384224891662598 0.0 0.25 1.0
v -0.07857079803943634 0.258968710899353 0.017719868570566177 0.0 0.25 1.0
v -0.08912081271409988 0.20856308937072754 0.04819769784808159 0.0 0.25 1.0
v -0.10084305703639984 0.15932966768741608 0.08805331587791443 0.0 0.25 1.0
v -0.6353772878646851 0.316407710313797 0.1150144711136818 0.0 0.25 1.0
v -0.6154494285583496 0.34219664335250854 0.09156998991966248 0.0 0.25 1.0
v -0.6084160804748535 0.3093743622303009 0.11735892295837402 0.0 0.25 1.0
v -0.599038302898407 0.36446890234947205 0.07281440496444702 0.0 0.25 1.0
v -0.5908327698707581 0.3316466212272644 0.09860333800315857 0.0 0.25 1.0
v -0.5568382740020752 0.3621244430541992 0.06695327907800674 0.0 0.25 1.0
v -0.5486326813697815 0.32812994718551636 0.08688109368085861 0.0 0.25 1.0
v -0.5216715335845947 0.3843967020511627 0.041164349764585495 0.0 0.25 1.0
v -0.513465940952301 0.34922999143600464 0.06226438656449318 0.0 0.25 1.0
v -0.5052604079246521 0.316407710313797 0.08688109368085861 0.0 0.25 1.0
v -0.501743733882904 0.4359745681285858 -0.0010357174323871732 0.0 0.25 1.0
v -0.49471035599708557 0.40198007225990295 0.02006431668996811 0.0 0.25 1.0
v -0.48650479316711426 0.3668133318424225 0.043508801609277725 0.0 0.25 1.0
v -0.4759547710418701 0.32695773243904114 0.06812550872564316 0.0 0.25 1.0
v -0.47009366750717163 0.42308011651039124 0.0013087308034300804 0.0 0.25 1.0
v -0.4618881046772003 0.38674116134643555 0.027097661048173904 0.0 0.25 1.0
v -0.4536825120449066 0.3539188802242279 0.05054214596748352 0.0 0.25 1.0
v -0.4454769492149353 0.3175799250602722 0.07398662716150284 0.0 0.25 1.0
v -0.4384436011314392 0.4699690639972687 -0.035030215978622437 0.0 0.25 1.0
v -0.4302380383014679 0.4348023533821106 -0.012757958844304085 0.0 0.25 1.0
v -0.420860230922699 0.3961189389228821 0.01420319639146328 0.0 0.25 1.0
v -0.41148245334625244 0.3597800135612488 0.03999212756752968 0.0 0.25 1.0
v -0.40327689051628113 0.3246132731437683 0.057575490325689316 0.0 0.25 1.0
v -0.392726868391037 0.4793468713760376 -0.05144135653972626 0.0 0.25 1.0
v -0.3845213055610657 0.4430079162120819 -0.029169097542762756 0.0 0.25 1.0
v -0.376315712928772 0.40784117579460144 -0.006896838080137968 0.0 0.25 1.0
v -0.36693793535232544 0.37150225043296814 0.015375420451164246 0.0 0.25 1.0
v -0.3575601279735565 0.3316466212272644 0.03764767944812775 0.0 0.25 1.0
v -0.3716268241405487 0.51099693775177 -0.08309140801429749 0.0 0.25 1.0
v -0.3634212613105774 0.47700241208076477 -0.05847470089793205 0.0 0.25 1.0
v -0.35404348373413086 0.43831902742385864 -0.03151354566216469 0.0 0.25 1.0
v -0.34466567635536194 0.40080785751342773 -0.011585734784603119 0.0 0.25 1.0
v -0.3364601135253906 0.36446890234947205 0.010686524212360382 0.0 0.25 1.0
v -0.3282545506954193 0.3293021619319916 0.03764767944812775 0.0 0.25 1.0
v -0.33763232827186584 0.5133413672447205 -0.09246920049190521 0.0 0.25 1.0
v -0.32942676544189453 0.47700241208076477 -0.06785248965024948 0.0 0.25 1.0
v -0.3212212026119232 0.44418013095855713 -0.04558023437857628 0.0 0.25 1.0
v -0.3130156099796295 0.40784117579460144 -0.018619079142808914 0.0 0.25 1.0
v -0.303637832403183 0.3679855763912201 -0.0010357174323871732 0.0 0.25 1.0
v -0.29543226957321167 0.33516329526901245 0.018892092630267143 0.0 0.25 1.0
v -0.30832672119140625 0.5578858852386475 -0.12998037040233612 0.0 0.25 1.0
v -0.30012115836143494 0.5250635743141174 -0.10419144481420517 0.0 0.25 1.0
v -0.2919155955314636 0.4875524342060089 -0.08074695616960526 0.0 0.25 1.0
v -0.2825377881526947 0.450041264295578 -0.05847470089793205 0.0 0.25 1.0
v -0.2743322253227234 0.41604676842689514 -0.040891338139772415 0.0 0.25 1.0
v -0.2661266624927521 0.3808800280094147 -0.015102406963706017 0.0 0.25 1.0
v -0.25674885511398315 0.34219664335250854 0.00834207609295845 0.0 0.25 1.0
v -0.24854329228401184 0.3093743622303009 0.029442111030220985 0.0 0.25 1.0
v -0.2672988772392273 0.5684359073638916 -0.14170260727405548 0.0 0.25 1.0
v -0.259093314409256 0.5309247374534607 -0.12177480012178421 0.0 0.25 1.0
v -0.24971552193164825 0.4934135377407074 -0.10184699296951294 0.0 0.25 1.0
v -0.24150995910167694 0.45941904187202454 -0.07840251177549362 0.0 0.25 1.0
v -0.23330438137054443 0.42190787196159363 -0.052613578736782074 0.0 0.25 1.0
v -0.2239265888929367 0.3843967020511627 -0.030341321602463722 0.0 0.25 1.0
v -0.2157210260629654 0.34805774688720703 -0.010413510724902153 0.0 0.25 1.0
v -0.20751544833183289 0.31289103627204895 0.015375420451164246 0.0 0.25 1.0
v -0.24268217384815216 0.5907081365585327 -0.16280265152454376 0.0 0.25 1.0
v -0.23447661101818085 0.5531969666481018 -0.13818594813346863 0.0 0.25 1.0
v -0.22509881854057312 0.5168580412864685 -0.11825813353061676 0.0 0.25 1.0
v -0.21806547045707703 0.48403576016426086 -0.09364142268896103 0.0 0.25 1.0
v -0.20751544833183289 0.4406634569168091 -0.0772302895784378 0.0 0.25 1.0
v -0.19813765585422516 0.4031522870063782 -0.04792468249797821 0.0 0.25 1.0
v -0.18993209302425385 0.3691577911376953 -0.02565242350101471 0.0 0.25 1.0
v -0.18172651529312134 0.3328188359737396 -0.0010357174323871732 0.0 0.25 1.0
v -0.20282655954360962 0.552024781703949 -0.14053039252758026 0.0 0.25 1.0
v -0.1934487670660019 0.5133413672447205 -0.11825813353061676 0.0 0.25 1.0
v -0.18524318933486938 0.47583019733428955 -0.09715809673070908 0.0 0.25 1.0
v -0.17703762650489807 0.4430079162120819 -0.07254139333963394 0.0 0.25 1.0
v -0.16765983402729034 0.405496746301651 -0.05847470089793205 0.0 0.25 1.0
v -0.15945425629615784 0.3679855763912201 -0.03151354566216469 0.0 0.25 1.0
v -0.1500764638185501 0.3304744064807892 -0.008069062605500221 0.0 0.25 1.0
v -0.1055319532752037 0.33633551001548767 -0.01979130320250988 0.0 0.25 1.0
v -0.1348375529050827 0.3093743622303009 -0.005724614020437002 0.0 0.25 1.0
v -0.14655978977680206 0.3527466654777527 -0.03151354566216469 0.0 0.25 1.0
v -0.15945425629615784 0.40080785751342773 -0.0619913712143898 0.0 0.25 1.0
v -0.17000427842140198 0.44535237550735474 -0.08191918581724167 0.0 0.25 1.0
v -0.18289874494075775 0.4934135377407074 -0.10770811140537262 0.0 0.25 1.0
v -0.1946209818124771 0.5344414114952087 -0.1276359260082245 0.0 0.25 1.0
v -0.17586539685726166 0.32812994718551636 -0.012757958844304085 0.0 0.25 1.0
v -0.1875876486301422 0.3738466799259186 -0.03854689002037048 0.0 0.25 1.0
v -0.2004821002483368 0.42190787196159363 -0.06785248965024948 0.0 0.25 1.0
v -0.21103212237358093 0.4641079604625702 -0.09481364488601685 0.0 0.25 1.0
v -0.2239265888929367 0.51099693775177 -0.12411925196647644 0.0 0.25 1.0
v -0.23682105541229248 0.5578858852386475 -0.14170260727405548 0.0 0.25 1.0
v -0.2461988478899002 0.600085973739624 -0.1721804440021515 0.0 0.25 1.0
v -0.2098599076271057 0.34219664335250854 -0.011585734784603119 0.0 0.25 1.0
v -0.22158214449882507 0.38556891679763794 -0.040891338139772415 0.0 0.25 1.0
v -0.23447661101818085 0.433630108833313 -0.07019694149494171 0.0 0.25 1.0
v -0.2461988478899002 0.4793468713760376 -0.09364142268896103 0.0 0.25 1.0
v -0.259093314409256 0.5274080634117126 -0.12529148161411285 0.0 0.25 1.0
v -0.27198776602745056 0.5731247663497925 -0.1510803997516632 0.0 0.25 1.0
v -0.2532321810722351 0.32695773243904114 0.003653179155662656 0.0 0.25 1.0
v -0.26495444774627686 0.37150225043296814 -0.023307975381612778 0.0 0.25 1.0
v -0.2766766846179962 0.41721898317337036 -0.05026913061738014 0.0 0.25 1.0
v -0.2895711362361908 0.46645238995552063 -0.0772302895784378 0.0 0.25 1.0
v -0.31536006927490234 0.5602303147315979 -0.1358414888381958 0.0 0.25 1.0
v -0.2895711362361908 0.3105465769767761 0.03295878320932388 0.0 0.25 1.0
v -0.30246561765670776 0.35743555426597595 0.003653179155662656 0.0 0.25 1.0
v -0.31536006927490234 0.405496746301651 -0.022135751321911812 0.0 0.25 1.0
v -0.3270823061466217 0.4512134790420532 -0.052613578736782074 0.0 0.25 1.0
v -0.33997678756713867 0.49693021178245544 -0.08309140801429749 0.0 0.25 1.0
v -0.35169902443885803 0.5426469445228577 -0.1135692372918129 0.0 0.25 1.0
v -0.33059898018836975 0.3293021619319916 0.02240876480937004 0.0 0.25 1.0
v -0.3434934616088867 0.3773633539676666 -0.004552389960736036 0.0 0.25 1.0
v -0.3552156984806061 0.42425233125686646 -0.035030215978622437 0.0 0.25 1.0
v -0.3563879132270813 0.299996554851532 0.05171436816453934 0.0 0.25 1.0
v -0.36811015009880066 0.344541072845459 0.02592543698847294 0.0 0.25 1.0
v -0.3810046315193176 0.39260226488113403 -0.009241286665201187 0.0 0.25 1.0
v -0.392726868391037 0.43831902742385864 -0.032685767859220505 0.0 0.25 1.0
v -0.4067935645580292 0.4875524342060089 -0.06668026745319366 0.0 0.25 1.0
v -0.40562132000923157 0.29765212535858154 0.06695327907800674 0.0 0.25 1.0
v -0.41851580142974854 0.344541072845459 0.03764767944812775 0.0 0.25 1.0
v -0.4290658235549927 0.38674116134643555 0.009514300152659416 0.0 0.25 1.0
v -0.44196027517318726 0.4348023533821106 -0.022135751321911812 0.0 0.25 1.0
v -0.45837143063545227 0.316407710313797 0.06578105688095093 0.0 0.25 1.0
v -0.47009366750717163 0.3621244430541992 0.035303231328725815 0.0 0.25 1.0
v -0.4829881191253662 0.40784117579460144 0.00834207609295845 0.0 0.25 1.0
v -0.4876770079135895 0.3011687994003296 0.08219219744205475 0.0 0.25 1.0
v -0.5005714893341064 0.34805774688720703 0.05405881628394127 0.0 0.25 1.0
v -0.513465940952301 0.3996356129646301 0.02006431668996811 0.0 0.25 1.0
v -0.5216715335845947 0.2929632365703583 0.09156998991966248 0.0 0.25 1.0
v -0.5333937406539917 0.3398521840572357 0.06578105688095093 0.0 0.25 1.0
v -0.5474604368209839 0.38791337609291077 0.03178655728697777 0.0 0.25 1.0
v -0.5755938291549683 0.33399108052253723 0.08101997524499893 0.0 0.25 1.0
v -0.6177939176559448 0.3187521696090698 0.10446445643901825 0.0 0.25 1.0
v -0.6459272503852844 0.30468547344207764 0.11149779707193375 0.0 0.25 1.0
v -0.6775773167610168 0.29061877727508545 0.1384589523077011 0.0 0.25 1.0
v -0.12311531603336334 0.34336885809898376 -0.03151354566216469 0.0 0.25 1.0
v -0.14773201942443848 0.42425233125686646 -0.06785248965024948 0.0 0.25 1.0
v -0.15945425629615784 0.3750189244747162 -0.04440801218152046 0.0 0.25 1.0
v -0.17000427842140198 0.32812994718551636 -0.006896838080137968 0.0 0.25 1.0
v -0.17352095246315002 0.48872464895248413 -0.10536366701126099 0.0 0.25 1.0
v -0.18289874494075775 0.44652459025382996 -0.0842636302113533 0.0 0.25 1.0
v -0.1946209818124771 0.3972911834716797 -0.05613025277853012 0.0 0.25 1.0
v -0.20634323358535767 0.34805774688720703 -0.01744685508310795 0.0 0.25 1.0
v -0.1934487670660019 0.5274080634117126 -0.12998037040233612 0.0 0.25 1.0
v -0.20399877429008484 0.48403576016426086 -0.10770811140537262 0.0 0.25 1.0
v -0.2157210260629654 0.433630108833313 -0.07254139333963394 0.0 0.25 1.0
v -0.22627103328704834 0.38674116134643555 -0.03854689002037048 0.0 0.25 1.0
v -0.23682105541229248 0.34219664335250854 -0.005724614020437002 0.0 0.25 1.0
v -0.2227543592453003 0.5403025150299072 -0.14170260727405548 0.0 0.25 1.0
v -0.23330438137054443 0.4957579970359802 -0.10419144481420517 0.0 0.25 1.0
v -0.2450266182422638 0.44535237550735474 -0.07371361553668976 0.0 0.25 1.0
v -0.25557664036750793 0.3961189389228821 -0.03385799378156662 0.0 0.25 1.0
v -0.2661266624927521 0.3515744209289551 -0.002207941608503461 0.0 0.25 1.0
v -0.27784889936447144 0.3011687994003296 0.03178655728697777 0.0 0.25 1.0
v -0.2532321810722351 0.5918803811073303 -0.1651470959186554 0.0 0.25 1.0
v -0.2661266624927521 0.5414747595787048 -0.13349704444408417 0.0 0.25 1.0
v -0.2766766846179962 0.494585782289505 -0.10067477077245712 0.0 0.25 1.0
v -0.2883989214897156 0.44535237550735474 -0.05964692309498787 0.0 0.25 1.0
v -0.30012115836143494 0.39260226488113403 -0.01979130320250988 0.0 0.25 1.0
v -0.3106711804866791 0.3468855321407318 0.00834207609295845 0.0 0.25 1.0
v -0.3212212026119232 0.299996554851532 0.047025471925735474 0.0 0.25 1.0
v -0.30246561765670776 0.5649192333221436 -0.1358414888381958 0.0 0.25 1.0
v -0.3141878545284271 0.5145136117935181 -0.10419144481420517 0.0 0.25 1.0
v -0.3259100914001465 0.4652801752090454 -0.06316359341144562 0.0 0.25 1.0
v -0.3364601135253906 0.4195634424686432 -0.032685767859220505 0.0 0.25 1.0
v -0.3493545651435852 0.36564111709594727 0.011858748272061348 0.0 0.25 1.0
v -0.36107680201530457 0.3152354955673218 0.043508801609277725 0.0 0.25 1.0
v -0.3411490023136139 0.5391302704811096 -0.11122478544712067 0.0 0.25 1.0
v -0.35169902443885803 0.4922413229942322 -0.07605805993080139 0.0 0.25 1.0
v -0.3622490465641022 0.44652459025382996 -0.046752460300922394 0.0 0.25 1.0
v -0.37397128343582153 0.39377450942993164 -0.006896838080137968 0.0 0.25 1.0
v -0.3856935203075409 0.3457133173942566 0.03061433508992195 0.0 0.25 1.0
v -0.3727990686893463 0.5274080634117126 -0.10067477077245712 0.0 0.25 1.0
v -0.3950713276863098 0.43128567934036255 -0.02799687348306179 0.0 0.25 1.0
v -0.4067935645580292 0.3808800280094147 0.005997627507895231 0.0 0.25 1.0
v -0.4173435866832733 0.33516329526901245 0.04233657568693161 0.0 0.25 1.0
v -0.4232046902179718 0.48169130086898804 -0.05026913061738014 0.0 0.25 1.0
v -0.43492692708969116 0.4359745681285858 -0.01979130320250988 0.0 0.25 1.0
v -0.4454769492149353 0.389085590839386 0.018892092630267143 0.0 0.25 1.0
v -0.45719918608665466 0.3386799693107605 0.05288659408688545 0.0 0.25 1.0
v -0.48533257842063904 0.41721898317337036 0.007169851567596197 0.0 0.25 1.0
v -0.4958826005458832 0.3691577911376953 0.041164349764585495 0.0 0.25 1.0
v -0.5076048374176025 0.32109659910202026 0.07281440496444702 0.0 0.25 1.0
v -0.5204992890357971 0.40080785751342773 0.02240876480937004 0.0 0.25 1.0
v -0.5322215557098389 0.35040220618247986 0.05874771252274513 0.0 0.25 1.0
v -0.542771577835083 0.30468547344207764 0.09743110835552216 0.0 0.25 1.0
v -0.5591827034950256 0.3832244873046875 0.04233657568693161 0.0 0.25 1.0
v -0.5709049105644226 0.33516329526901245 0.08336441963911057 0.0 0.25 1.0
v -0.6072438955307007 0.3328188359737396 0.0857088714838028 0.0 0.25 1.0
v -0.09615416079759598 0.3246132731437683 -0.01979130320250988 0.0 0.25 1.0
v -0.6775773167610168 0.316407710313797 0.12673671543598175 0.0 0.25 1.0
v -0.6517884135246277 0.38791337609291077 0.06695327907800674 0.0 0.25 1.0
v -0.6447550654411316 0.3550910949707031 0.09156998991966248 0.0 0.25 1.0
v -0.6424106359481812 0.45355793833732605 0.021236540749669075 0.0 0.25 1.0
v -0.6342050433158875 0.4195634424686432 0.04585324972867966 0.0 0.25 1.0
v -0.6259994506835938 0.3832244873046875 0.06929773092269897 0.0 0.25 1.0
v -0.6248272657394409 0.4734857380390167 0.007169851567596197 0.0 0.25 1.0
v -0.6154494285583496 0.43714678287506104 0.024753212928771973 0.0 0.25 1.0
v -0.6072438955307007 0.40080785751342773 0.047025471925735474 0.0 0.25 1.0
v -0.6002105474472046 0.5461636185646057 -0.05613025277853012 0.0 0.25 1.0
v -0.5920049548149109 0.5086524486541748 -0.029169097542762756 0.0 0.25 1.0
v -0.5826271772384644 0.4734857380390167 -0.008069062605500221 0.0 0.25 1.0
v -0.5744215846061707 0.43831902742385864 0.015375420451164246 0.0 0.25 1.0
v -0.5662160515785217 0.3996356129646301 0.043508801609277725 0.0 0.25 1.0
v -0.5744215846061707 0.6036026477813721 -0.10067477077245712 0.0 0.25 1.0
v -0.5650438070297241 0.5649192333221436 -0.0772302895784378 0.0 0.25 1.0
v -0.5556660294532776 0.5274080634117126 -0.05378580465912819 0.0 0.25 1.0
v -0.5486326813697815 0.4957579970359802 -0.026824647560715675 0.0 0.25 1.0
v -0.539254903793335 0.4582468271255493 -0.005724614020437002 0.0 0.25 1.0
v -0.5310493111610413 0.42425233125686646 0.02006431668996811 0.0 0.25 1.0
v -0.5615271329879761 0.68565833568573 -0.15928597748279572 0.0 0.25 1.0
v -0.5533215999603271 0.6504915952682495 -0.13701371848583221 0.0 0.25 1.0
v -0.5451160073280334 0.615324854850769 -0.11239700764417648 0.0 0.25 1.0
v -0.5369104146957397 0.5789859294891357 -0.08895252645015717 0.0 0.25 1.0
v -0.5287048816680908 0.5449914336204529 -0.06550804525613785 0.0 0.25 1.0
v -0.5204992890357971 0.5121691226959229 -0.046752460300922394 0.0 0.25 1.0
v -0.5111215114593506 0.4734857380390167 -0.024480199441313744 0.0 0.25 1.0
v -0.539254903793335 0.7102749943733215 -0.18273046612739563 0.0 0.25 1.0
v -0.5310493111610413 0.6774527430534363 -0.15928597748279572 0.0 0.25 1.0
v -0.5216715335845947 0.6375971436500549 -0.1358414888381958 0.0 0.25 1.0
v -0.513465940952301 0.6036026477813721 -0.11122478544712067 0.0 0.25 1.0
v -0.5064325928688049 0.5731247663497925 -0.08778030425310135 0.0 0.25 1.0
v -0.4958826005458832 0.5320969223976135 -0.06668026745319366 0.0 0.25 1.0
v -0.4876770079135895 0.49693021178245544 -0.04323578625917435 0.0 0.25 1.0
v -0.47947144508361816 0.45941904187202454 -0.022135751321911812 0.0 0.25 1.0
v -0.4911936819553375 0.6915194392204285 -0.1721804440021515 0.0 0.25 1.0
v -0.481815904378891 0.6540082693099976 -0.1510803997516632 0.0 0.25 1.0
v -0.47243809700012207 0.611808180809021 -0.1288081556558609 0.0 0.25 1.0
v -0.46423253417015076 0.5789859294891357 -0.10536366701126099 0.0 0.25 1.0
v -0.45602697134017944 0.5438191890716553 -0.08543585240840912 0.0 0.25 1.0
v -0.4466491639614105 0.507480263710022 -0.054958026856184006 0.0 0.25 1.0
v -0.437271386384964 0.6622138023376465 -0.16983599960803986 0.0 0.25 1.0
v -0.42789357900619507 0.6258748769760132 -0.14639151096343994 0.0 0.25 1.0
v -0.41968801617622375 0.5883637070655823 -0.1206025779247284 0.0 0.25 1.0
v -0.4103102385997772 0.552024781703949 -0.09715809673070908 0.0 0.25 1.0
v -0.4009324312210083 0.5133413672447205 -0.0772302895784378 0.0 0.25 1.0
v -0.40562132000923157 0.6540082693099976 -0.1721804440021515 0.0 0.25 1.0
v -0.3985879719257355 0.6223582029342651 -0.14873595535755157 0.0 0.25 1.0
v -0.38921019434928894 0.5860192775726318 -0.1276359260082245 0.0 0.25 1.0
v -0.37983238697052 0.5461636185646057 -0.10419144481420517 0.0 0.25 1.0
v -0.3645934760570526 0.6235304474830627 -0.15928597748279572 0.0 0.25 1.0
v -0.3563879132270813 0.5883637070655823 -0.13466927409172058 0.0 0.25 1.0
v -0.34701013565063477 0.5508525371551514 -0.11239700764417648 0.0 0.25 1.0
v -0.32473787665367126 0.6282193064689636 -0.17452488839626312 0.0 0.25 1.0
v -0.31653228402137756 0.5918803811073303 -0.14756374061107635 0.0 0.25 1.0
v -0.2766766846179962 0.6036026477813721 -0.1663193255662918 0.0 0.25 1.0
v -0.25088775157928467 0.6247026324272156 -0.18507491052150726 0.0 0.25 1.0
v -0.5509771108627319 0.6375971436500549 -0.13466927409172058 0.0 0.25 1.0
v -0.5415993332862854 0.6715916395187378 -0.15928597748279572 0.0 0.25 1.0
v -0.5064325928688049 0.6809694170951843 -0.16866376996040344 0.0 0.25 1.0
v -0.4747825562953949 0.6657304763793945 -0.1663193255662918 0.0 0.25 1.0
v -0.4443047344684601 0.6387693285942078 -0.15694153308868408 0.0 0.25 1.0
v -0.43492692708969116 0.6715916395187378 -0.17921379208564758 0.0 0.25 1.0
v -0.39741575717926025 0.6422860026359558 -0.16866376996040344 0.0 0.25 1.0
v -0.36928239464759827 0.6516638398170471 -0.18390268087387085 0.0 0.25 1.0
v -0.32239341735839844 0.615324854850769 -0.17100821435451508 0.0 0.25 1.0
v -0.25557664036750793 0.6235304474830627 -0.18976379930973053 0.0 0.25 1.0
v -0.2825377881526947 0.6223582029342651 -0.18390268087387085 0.0 0.25 1.0
v -0.3622490465641022 0.5895359516143799 -0.13818594813346863 0.0 0.25 1.0
v -0.376315712928772 0.6399415731430054 -0.17452488839626312 0.0 0.25 1.0
v -0.3810046315193176 0.522719144821167 -0.09481364488601685 0.0 0.25 1.0
v -0.3938990831375122 0.5684359073638916 -0.12411925196647644 0.0 0.25 1.0
v -0.40444910526275635 0.6129804253578186 -0.15342485904693604 0.0 0.25 1.0
v -0.4302380383014679 0.5778136849403381 -0.12177480012178421 0.0 0.25 1.0
v -0.44078806042671204 0.6223582029342651 -0.1440470665693283 0.0 0.25 1.0
v -0.4548547565937042 0.48403576016426086 -0.05144135653972626 0.0 0.25 1.0
v -0.4665769934654236 0.5285802483558655 -0.07605805993080139 0.0 0.25 1.0
v -0.4911936819553375 0.6223582029342651 -0.13466927409172058 0.0 0.25 1.0
v -0.4958826005458832 0.4582468271255493 -0.02799687348306179 0.0 0.25 1.0
v -0.5087770819664001 0.5051357746124268 -0.05378580465912819 0.0 0.25 1.0
v -0.5310493111610413 0.596569299697876 -0.11122478544712067 0.0 0.25 1.0
v -0.5439437627792358 0.6434582471847534 -0.13935816287994385 0.0 0.25 1.0
v -0.5568382740020752 0.6926916837692261 -0.16983599960803986 0.0 0.25 1.0
v -0.539254903793335 0.4922413229942322 -0.03737466409802437 0.0 0.25 1.0
v -0.5521493554115295 0.5438191890716553 -0.07019694149494171 0.0 0.25 1.0
v -0.5638715624809265 0.5895359516143799 -0.0995025485754013 0.0 0.25 1.0
v -0.5755938291549683 0.6340804696083069 -0.1276359260082245 0.0 0.25 1.0
v -0.5591827034950256 0.4348023533821106 0.004825403448194265 0.0 0.25 1.0
v -0.5709049105644226 0.47817462682724 -0.020963527262210846 0.0 0.25 1.0
v -0.5861438512802124 0.3773633539676666 0.05171436816453934 0.0 0.25 1.0
v -0.599038302898407 0.4254245460033417 0.02240876480937004 0.0 0.25 1.0
v -0.6131049990653992 0.47700241208076477 -0.009241286665201187 0.0 0.25 1.0
v -0.6295161247253418 0.3679855763912201 0.07046995311975479 0.0 0.25 1.0
v -0.6424106359481812 0.4137023091316223 0.041164349764585495 0.0 0.25 1.0
v -0.6588217616081238 0.3515744209289551 0.0857088714838028 0.0 0.25 1.0
v -0.24385440349578857 0.6329082250595093 -0.18273046612739563 0.0 0.25 1.0
v -0.2919155955314636 0.611808180809021 -0.17452488839626312 0.0 0.25 1.0
v -0.32942676544189453 0.5848470330238342 -0.1428748369216919 0.0 0.25 1.0
v -0.36107680201530457 0.5789859294891357 -0.14053039252758026 0.0 0.25 1.0
v -0.3774879574775696 0.6786249876022339 -0.19679714739322662 0.0 0.25 1.0
v -0.39038240909576416 0.6270471215248108 -0.15928597748279572 0.0 0.25 1.0
v -0.3997602164745331 0.5836747884750366 -0.12998037040233612 0.0 0.25 1.0
v -0.41148245334625244 0.5332691669464111 -0.0912969782948494 0.0 0.25 1.0
v -0.4302380383014679 0.6540082693099976 -0.16983599960803986 0.0 0.25 1.0
v -0.44078806042671204 0.6071193218231201 -0.13818594813346863 0.0 0.25 1.0
v -0.4513380825519562 0.5602303147315979 -0.09598587453365326 0.0 0.25 1.0
v -0.46306031942367554 0.5121691226959229 -0.06668026745319366 0.0 0.25 1.0
v -0.4736103415489197 0.4629357159137726 -0.026824647560715675 0.0 0.25 1.0
v -0.46423253417015076 0.641113817691803 -0.14639151096343994 0.0 0.25 1.0
v -0.4747825562953949 0.5977414846420288 -0.12294702976942062 0.0 0.25 1.0
v -0.48650479316711426 0.5461636185646057 -0.08309140801429749 0.0 0.25 1.0
v -0.4982270300388336 0.49927467107772827 -0.05144135653972626 0.0 0.25 1.0
v -0.5087770819664001 0.4512134790420532 -0.012757958844304085 0.0 0.25 1.0
v -0.501743733882904 0.6317359805107117 -0.13818594813346863 0.0 0.25 1.0
v -0.5146381855010986 0.5789859294891357 -0.0995025485754013 0.0 0.25 1.0
v -0.5251882076263428 0.5297524929046631 -0.06316359341144562 0.0 0.25 1.0
v -0.5357382297515869 0.4875524342060089 -0.03385799378156662 0.0 0.25 1.0
v -0.5474604368209839 0.4359745681285858 0.005997627507895231 0.0 0.25 1.0
v -0.5158103704452515 0.7266861796379089 -0.19796937704086304 0.0 0.25 1.0
v -0.5275326371192932 0.6751083135604858 -0.16397486627101898 0.0 0.25 1.0
v -0.5732493996620178 0.47817462682724 -0.023307975381612778 0.0 0.25 1.0
v -0.583799421787262 0.4348023533821106 0.009514300152659416 0.0 0.25 1.0
v -0.5955216288566589 0.38556891679763794 0.04819769784808159 0.0 0.25 1.0
v -0.5826271772384644 0.6305637955665588 -0.12294702976942062 0.0 0.25 1.0
v -0.5931771993637085 0.5836747884750366 -0.08895252645015717 0.0 0.25 1.0
v -0.6048994064331055 0.5332691669464111 -0.04440801218152046 0.0 0.25 1.0
v -0.6166216731071472 0.48403576016426086 -0.015102406963706017 0.0 0.25 1.0
v -0.628343939781189 0.4348023533821106 0.024753212928771973 0.0 0.25 1.0
v -0.6388939619064331 0.38674116134643555 0.06460883468389511 0.0 0.25 1.0
v -0.6517884135246277 0.3316466212272644 0.1009477823972702 0.0 0.25 1.0
v -0.672888457775116 0.3679855763912201 0.08453664183616638 0.0 0.25 1.0
v -0.6846106648445129 0.32109659910202026 0.12556448578834534 0.0 0.25 1.0
v -0.026992933824658394 0.20152974128723145 0.04819769784808159 0.0 0.25 1.0
v 0.03630716726183891 0.0866517722606659 0.11384224891662598 0.0 0.25 1.0
v -0.011754021048545837 0.17808525264263153 0.06460883468389511 0.0 0.25 1.0
v 0.04802941158413887 0.04210725799202919 0.13259783387184143 0.0 0.25 1.0
v 0.02341270260512829 0.04562393203377724 0.13963118195533752 0.0 0.25 1.0
v 0.01169046200811863 0.09134067595005035 0.11149779707193375 0.0 0.25 1.0
v -3.17794838338159e-05 0.13354073464870453 0.08805331587791443 0.0 0.25 1.0
v 0.02575715072453022 0.05382949858903885 0.1302533894777298 0.0 0.25 1.0
v 0.010518237948417664 0.11830183118581772 0.09508666396141052 0.0 0.25 1.0
v -3.17794838338159e-05 0.0725850835442543 0.1232200413942337 0.0 0.25 1.0
v -0.017615141347050667 0.1394018679857254 0.08805331587791443 0.0 0.25 1.0
v -0.02816515788435936 0.09602957218885422 0.11853114515542984 0.0 0.25 1.0
v -0.045748520642519 0.20270197093486786 0.04585324972867966 0.0 0.25 1.0
v -0.11490974575281143 0.3773633539676666 -0.040891338139772415 0.0 0.25 1.0
v -0.10318750143051147 0.3527466654777527 -0.030341321602463722 0.0 0.25 1.0
v -0.2127666473388672 0.5080768465995789 -0.11567587405443192 0.0 0.25 1.0
v -0.2672736346721649 0.28178632259368896 0.048012200742959976 0.0 0.25 1.0
v -0.49770715832710266 0.6065787672996521 -0.11525743454694748 0.0 0.25 1.0
v -0.4742361307144165 0.6269478797912598 -0.13430210947990417 0.0 0.25 1.0
v -0.6442033648490906 0.3813011348247528 0.0691138282418251 0.0 0.25 1.0
v -0.3298983871936798 0.4098757803440094 -0.022936901077628136 0.0 0.25 1.0
v -0.6678476929664612 0.3860337436199188 0.07144518941640854 0.0 0.25 1.0
v -0.5862942934036255 0.4582653045654297 0.004299957305192947 0.0 0.25 1.0
v -0.5407557487487793 0.3030850887298584 0.09729738533496857 0.0 0.25 1.0
v -0.08361314982175827 0.1720169335603714 0.07863043248653412 0.0 0.25 1.0
v -0.26474374532699585 0.24634291231632233 0.07108059525489807 0.0 0.25 1.0
v -0.2954992651939392 0.26009613275527954 0.06904256343841553 0.0 0.25 1.0
v -0.45987844467163086 0.25840964913368225 0.10833578556776047 0.0 0.25 1.0
v -0.23992645740509033 0.4519469738006592 -0.07190709561109543 0.0 0.25 1.0
v -0.3357592225074768 0.16523337364196777 0.14170439541339874 0.0 0.25 1.0
v -0.29424962401390076 0.1661151647567749 0.13147765398025513 0.0 0.25 1.0
v -0.6366432309150696 0.43987879157066345 0.028262218460440636 0.0 0.25 1.0
v -0.3312874138355255 0.6553928256034851 -0.18647858500480652 0.0 0.25 1.0
v -0.49251121282577515 0.4826555848121643 -0.03375447541475296 0.0 0.25 1.0
v -0.3214869499206543 0.21536847949028015 0.10492905974388123 0.0 0.25 1.0
v -0.6139562726020813 0.5013582110404968 -0.018038418143987656 0.0 0.25 1.0
v -0.5630539655685425 0.42859846353530884 0.01870410144329071 0.0 0.25 1.0
v -0.5786815881729126 0.5933864116668701 -0.08765088021755219 0.0 0.25 1.0
v -0.32125774025917053 0.4685216248035431 -0.06408491730690002 0.0 0.25 1.0
v -0.33407163619995117 0.6311699748039246 -0.16966520249843597 0.0 0.25 1.0
v -0.4891449213027954 0.537784993648529 -0.07133084535598755 0.0 0.25 1.0
v -0.12792165577411652 0.3156408667564392 -0.006939671467989683 0.0 0.25 1.0
v -0.22856488823890686 0.15628886222839355 0.12278445810079575 0.0 0.25 1.0
v -0.4441048204898834 0.6093499660491943 -0.12955309450626373 0.0 0.25 1.0
v -0.24116340279579163 0.5097368359565735 -0.11019028723239899 0.0 0.25 1.0
v -0.4920612573623657 0.245175302028656 0.12464132905006409 0.0 0.25 1.0
v -0.21070770919322968 0.5364542007446289 -0.13509373366832733 0.0 0.25 1.0
v -0.18257705867290497 0.3506494462490082 -0.017614692449569702 0.0 0.25 1.0
v -0.32616281509399414 0.29131805896759033 0.05532410740852356 0.0 0.25 1.0
v -0.4563891887664795 0.48212340474128723 -0.0417865514755249 0.0 0.25 1.0
v -0.342417448759079 0.5380180478096008 -0.10555541515350342 0.0 0.25 1.0
v -0.25220799446105957 0.31385231018066406 0.023112419992685318 0.0 0.25 1.0
v -0.45856979489326477 0.41345152258872986 0.004553099162876606 0.0 0.25 1.0
v -0.4870176911354065 0.3090181350708008 0.0808599516749382 0.0 0.25 1.0
v -0.35673555731773376 0.5533613562583923 -0.11247139424085617 0.0 0.25 1.0
v -0.5596429705619812 0.5110605359077454 -0.03712513670325279 0.0 0.25 1.0
v -0.22349660098552704 0.3014620840549469 0.024715397506952286 0.0 0.25 1.0
v -0.4741785228252411 0.5249046087265015 -0.06620924919843674 0.0 0.25 1.0
v -0.4067618250846863 0.23835912346839905 0.10938473045825958 0.0 0.25 1.0
v -0.6303091049194336 0.37746721506118774 0.06844653934240341 0.0 0.25 1.0
v -0.10956815630197525 0.3315320611000061 -0.021807394921779633 0.0 0.25 1.0
v -0.12086982280015945 0.3732941448688507 -0.047056298702955246 0.0 0.25 1.0
v -0.5392754673957825 0.41283366084098816 0.02370474673807621 0.0 0.25 1.0
v -0.48604217171669006 0.31603556871414185 0.07594982534646988 0.0 0.25 1.0
v -0.2634229362010956 0.13943131268024445 0.14212939143180847 0.0 0.25 1.0
v -0.3345579504966736 0.446004718542099 -0.045968346297740936 0.0 0.25 1.0
v -0.2853992283344269 0.20964089035987854 0.10037250071763992 0.0 0.25 1.0
v -0.30507582426071167 0.5151571035385132 -0.09896790981292725 0.0 0.25 1.0
v -0.33752480149269104 0.5473256707191467 -0.11290362477302551 0.0 0.25 1.0
v -0.6450430154800415 0.3473251461982727 0.09198521077632904 0.0 0.25 1.0
v -0.5078554153442383 0.43444761633872986 0.0019835392013192177 0.0 0.25 1.0
v -0.018525399267673492 0.16637082397937775 0.06728588044643402 0.0 0.25 1.0
v -0.5598968267440796 0.3782963752746582 0.051543932408094406 0.0 0.25 1.0
v -0.5917914509773254 0.5901554822921753 -0.08245046436786652 0.0 0.25 1.0
v -0.3327115774154663 0.28390681743621826 0.06179112568497658 0.0 0.25 1.0
v -0.18900343775749207 0.3501286506652832 -0.01577494479715824 0.0 0.25 1.0
v -0.6610028743743896 0.2751711905002594 0.14384832978248596 0.0 0.25 1.0
v -0.36773204803466797 0.4599577486515045 -0.047578178346157074 0.0 0.25 1.0
v -0.5735294222831726 0.4000017046928406 0.04022262617945671 0.0 0.25 1.0
v -0.6193119287490845 0.473835825920105 0.0015742508694529533 0.0 0.25 1.0
v -0.38025322556495667 0.5167076587677002 -0.0825471505522728 0.0 0.25 1.0
v -0.36701327562332153 0.4133886694908142 -0.01666368916630745 0.0 0.25 1.0
v -0.44949468970298767 0.681743860244751 -0.17661909759044647 0.0 0.25 1.0
v -0.5142361521720886 0.6171828508377075 -0.11849698424339294 0.0 0.25 1.0
v -0.4756106734275818 0.24677039682865143 0.1197570189833641 0.0 0.25 1.0
v -0.3820301294326782 0.5953480005264282 -0.13462109863758087 0.0 0.25 1.0
v -0.22784072160720825 0.5296146869659424 -0.12655068933963776 0.0 0.25 1.0
v -0.42605844140052795 0.5268590450286865 -0.07868680357933044 0.0 0.25 1.0
v -0.35507112741470337 0.26590821146965027 0.07899557054042816 0.0 0.25 1.0
v -0.0958041325211525 0.25329825282096863 0.027211889624595642 0.0 0.25 1.0
v -0.16321660578250885 0.1586189866065979 0.10605589300394058 0.0 0.25 1.0
v 0.05701880902051926 0.04562835767865181 0.1303316205739975 0.0 0.25 1.0
v -0.5249743461608887 0.6405197381973267 -0.13157925009727478 0.0 0.25 1.0
v -0.3783183991909027 0.5713200569152832 -0.11944610625505447 0.0 0.25 1.0
v -0.35402989387512207 0.2954295873641968 0.059050511568784714 0.0 0.25 1.0
v -0.28197944164276123 0.19319701194763184 0.11055350303649902 0.0 0.25 1.0
v -0.25003018975257874 0.5964425206184387 -0.16600102186203003 0.0 0.25 1.0
v -0.12158086895942688 0.12851868569850922 0.1164780706167221 0.0 0.25 1.0
v -0.5369017720222473 0.38359299302101135 0.04266953095793724 0.0 0.25 1.0
v -0.04888822138309479 0.13416936993598938 0.09582796692848206 0.0 0.25 1.0
v -0.20645150542259216 0.23642754554748535 0.06416332721710205 0.0 0.25 1.0
v -0.23944677412509918 0.2054128646850586 0.09252456575632095 0.0 0.25 1.0
v -0.5136496424674988 0.6986927390098572 -0.1730349063873291 0.0 0.25 1.0
v -0.3246458172798157 0.17001588642597198 0.13593198359012604 0.0 0.25 1.0
v -0.5694401860237122 0.6082147359848022 -0.09969343990087509 0.0 0.25 1.0
v -0.2273911088705063 0.4527905285358429 -0.07538072019815445 0.0 0.25 1.0
v -0.13483324646949768 0.1596093773841858 0.09880447387695312 0.0 0.25 1.0
v -0.5101315975189209 0.4596937596797943 -0.014337860979139805 0.0 0.25 1.0
v -0.03757663443684578 0.10815151035785675 0.11056647449731827 0.0 0.25 1.0
v -0.32526278495788574 0.1632344126701355 0.14060136675834656 0.0 0.25 1.0
v -0.220407173037529 0.29119017720222473 0.03085377812385559 0.0 0.25 1.0
v -0.16314828395843506 0.205471932888031 0.07476919144392014 0.0 0.25 1.0
v -0.2859637439250946 0.45053631067276 -0.060276053845882416 0.0 0.25 1.0
v -0.4068588614463806 0.21245050430297852 0.1266993284225464 0.0 0.25 1.0
v -0.07354678213596344 0.15612708032131195 0.08689837902784348 0.0 0.25 1.0
v -0.42849528789520264 0.6706663966178894 -0.17410160601139069 0.0 0.25 1.0
v -0.31602805852890015 0.35581061244010925 0.009926962666213512 0.0 0.25 1.0
v -0.2808990776538849 0.5185889601707458 -0.1068720817565918 0.0 0.25 1.0
v -0.5327968597412109 0.6458606123924255 -0.13332755863666534 0.0 0.25 1.0
v 0.04216828942298889 -0.06690958887338638 0.1443200707435608 0.5 0.0 1.0
v -0.2450266182422638 -0.1196596696972847 -0.010413510724902153 0.5 0.0 1.0
v -0.3329434394836426 -0.1571708470582962 -0.05964692309498787 0.5 0.0 1.0
v -0.11490974575281143 -0.1946820169687271 0.07046995311975479 0.5 0.0 1.0
v -0.1266319900751114 -0.15248194336891174 0.055231042206287384 0.5 0.0 1.0
v -0.13718199729919434 -0.11145410686731339 0.04233657568693161 0.5 0.0 1.0
v -0.10787639766931534 -0.376376748085022 0.12439226359128952 0.5 0.0 1.0
v -0.12077086418867111 -0.33066001534461975 0.10446445643901825 0.5 0.0 1.0
v -0.13132087886333466 -0.2896321713924408 0.08805331587791443 0.5 0.0 1.0
v -0.1418709009885788 -0.24860432744026184 0.07633107900619507 0.5 0.0 1.0
v -0.15359313786029816 -0.20640425384044647 0.05874771252274513 0.5 0.0 1.0
v -0.1641431599855423 -0.1642041951417923 0.04468102380633354 0.5 0.0 1.0
v -0.17586539685726166 -0.1196596696972847 0.024753212928771973 0.5 0.0 1.0
v -0.11490974575281143 -0.481876939535141 0.1384589523077011 0.5 0.0 1.0
v -0.1266319900751114 -0.43967685103416443 0.12439226359128952 0.5 0.0 1.0
v -0.13835422694683075 -0.3951323330402374 0.11032557487487793 0.5 0.0 1.0
v -0.1500764638185501 -0.35410448908805847 0.0857088714838028 0.5 0.0 1.0
v -0.16062648594379425 -0.3119044303894043 0.07398662716150284 0.5 0.0 1.0
v -0.17352095246315002 -0.26384323835372925 0.05288659408688545 0.5 0.0 1.0
v -0.18289874494075775 -0.22515983879566193 0.03881990164518356 0.5 0.0 1.0
v -0.19579321146011353 -0.18178755044937134 0.023580988869071007 0.5 0.0 1.0
v -0.2086876779794693 -0.1337263584136963 0.005997627507895231 0.5 0.0 1.0
v -0.13132087886333466 -0.5510381460189819 0.15018118917942047 0.5 0.0 1.0
v -0.1418709009885788 -0.510010302066803 0.13611450791358948 0.5 0.0 1.0
v -0.15476536750793457 -0.46429356932640076 0.11618669331073761 0.5 0.0 1.0
v -0.1653153896331787 -0.424437940120697 0.09743110835552216 0.5 0.0 1.0
v -0.17703762650489807 -0.3775489926338196 0.07750330120325089 0.5 0.0 1.0
v -0.18875986337661743 -0.3330044746398926 0.06695327907800674 0.5 0.0 1.0
v -0.2004821002483368 -0.2919766306877136 0.047025471925735474 0.5 0.0 1.0
v -0.21103212237358093 -0.25094878673553467 0.029442111030220985 0.5 0.0 1.0
v -0.2239265888929367 -0.20405980944633484 0.01420319639146328 0.5 0.0 1.0
v -0.23447661101818085 -0.15951529145240784 -0.0033801656682044268 0.5 0.0 1.0
v -0.16062648594379425 -0.6272327303886414 0.14783674478530884 0.5 0.0 1.0
v -0.17352095246315002 -0.5815159678459167 0.12908115983009338 0.5 0.0 1.0
v -0.18407097458839417 -0.539315938949585 0.11149779707193375 0.5 0.0 1.0
v -0.19579321146011353 -0.4959436058998108 0.09156998991966248 0.5 0.0 1.0
v -0.20751544833183289 -0.4513991177082062 0.07398662716150284 0.5 0.0 1.0
v -0.21806547045707703 -0.41037124395370483 0.06226438656449318 0.5 0.0 1.0
v -0.2309599369764328 -0.3634822964668274 0.041164349764585495 0.5 0.0 1.0
v -0.24268217384815216 -0.31776556372642517 0.02240876480937004 0.5 0.0 1.0
v -0.2544044256210327 -0.27322104573249817 0.010686524212360382 0.5 0.0 1.0
v -0.2661266624927521 -0.2310209721326828 -0.010413510724902153 0.5 0.0 1.0
v -0.27784889936447144 -0.18764866888523102 -0.024480199441313744 0.5 0.0 1.0
v -0.2883989214897156 -0.14779305458068848 -0.032685767859220505 0.5 0.0 1.0
v -0.1946209818124771 -0.6799827814102173 0.13494227826595306 0.5 0.0 1.0
v -0.20634323358535767 -0.6354382634162903 0.11618669331073761 0.5 0.0 1.0
v -0.21806547045707703 -0.5897215604782104 0.09860333800315857 0.5 0.0 1.0
v -0.2309599369764328 -0.5440047979354858 0.07750330120325089 0.5 0.0 1.0
v -0.24150995910167694 -0.5006325244903564 0.06695327907800674 0.5 0.0 1.0
v -0.2532321810722351 -0.45608800649642944 0.04819769784808159 0.5 0.0 1.0
v -0.26495444774627686 -0.4162323772907257 0.0341310054063797 0.5 0.0 1.0
v -0.2755044400691986 -0.3716878592967987 0.01420319639146328 0.5 0.0 1.0
v -0.28722670674324036 -0.33066001534461975 0.00013650668552145362 0.5 0.0 1.0
v -0.2989489436149597 -0.28494328260421753 -0.022135751321911812 0.5 0.0 1.0
v -0.3106711804866791 -0.24157097935676575 -0.035030215978622437 0.5 0.0 1.0
v -0.32239341735839844 -0.19819869101047516 -0.052613578736782074 0.5 0.0 1.0
v -0.20517100393772125 -0.7678996324539185 0.15018118917942047 0.5 0.0 1.0
v -0.2168932408094406 -0.7245272994041443 0.13611450791358948 0.5 0.0 1.0
v -0.22861549258232117 -0.6776383519172668 0.11735892295837402 0.5 0.0 1.0
v -0.24033772945404053 -0.6354382634162903 0.1009477823972702 0.5 0.0 1.0
v -0.25088775157928467 -0.5967549085617065 0.08219219744205475 0.5 0.0 1.0
v -0.26260998845100403 -0.5522103905677795 0.06812550872564316 0.5 0.0 1.0
v -0.2743322253227234 -0.5064936280250549 0.04819769784808159 0.5 0.0 1.0
v -0.28605446219444275 -0.46429356932640076 0.03061433508992195 0.5 0.0 1.0
v -0.2966044843196869 -0.4232657253742218 0.02006431668996811 0.5 0.0 1.0
v -0.30949896574020386 -0.37520453333854675 0.00013650668552145362 0.5 0.0 1.0
v -0.3200489580631256 -0.3330044746398926 -0.01744685508310795 0.5 0.0 1.0
v -0.3329434394836426 -0.2884599566459656 -0.03385799378156662 0.5 0.0 1.0
v -0.3434934616088867 -0.24391542375087738 -0.05378580465912819 0.5 0.0 1.0
v -0.3552156984806061 -0.2005431354045868 -0.06785248965024948 0.5 0.0 1.0
v -0.22861549258232117 -0.8159608244895935 0.14783674478530884 0.5 0.0 1.0
v -0.2391654998064041 -0.7737607359886169 0.13377006351947784 0.5 0.0 1.0
v -0.25088775157928467 -0.7303884625434875 0.1150144711136818 0.5 0.0 1.0
v -0.26260998845100403 -0.6858439445495605 0.09391443431377411 0.5 0.0 1.0
v -0.2743322253227234 -0.6424716114997864 0.07750330120325089 0.5 0.0 1.0
v -0.28605446219444275 -0.5979270935058594 0.061092160642147064 0.5 0.0 1.0
v -0.2977766990661621 -0.55455482006073 0.043508801609277725 0.5 0.0 1.0
v -0.30949896574020386 -0.5123547315597534 0.02826988510787487 0.5 0.0 1.0
v -0.3212212026119232 -0.46312135457992554 0.007169851567596197 0.5 0.0 1.0
v -0.33177122473716736 -0.424437940120697 -0.004552389960736036 0.5 0.0 1.0
v -0.3434934616088867 -0.3810656666755676 -0.022135751321911812 0.5 0.0 1.0
v -0.3552156984806061 -0.33769336342811584 -0.0397191122174263 0.5 0.0 1.0
v -0.36693793535232544 -0.2919766306877136 -0.05730247497558594 0.5 0.0 1.0
v -0.3774879574775696 -0.2521210014820099 -0.07136916369199753 0.5 0.0 1.0
v -0.38921019434928894 -0.20992092788219452 -0.0842636302113533 0.5 0.0 1.0
v -0.30715450644493103 -0.6788105964660645 0.06578105688095093 0.5 0.0 1.0
v -0.3188767433166504 -0.6354382634162903 0.047025471925735474 0.5 0.0 1.0
v -0.33059898018836975 -0.5920659899711609 0.03295878320932388 0.5 0.0 1.0
v -0.3423212170600891 -0.5451770424842834 0.010686524212360382 0.5 0.0 1.0
v -0.35287123918533325 -0.5076658725738525 0.00013650668552145362 0.5 0.0 1.0
v -0.3645934760570526 -0.46429356932640076 -0.01744685508310795 0.5 0.0 1.0
v -0.376315712928772 -0.420921266078949 -0.032685767859220505 0.5 0.0 1.0
v -0.3856935203075409 -0.3810656666755676 -0.04440801218152046 0.5 0.0 1.0
v -0.3985879719257355 -0.3365211486816406 -0.06668026745319366 0.5 0.0 1.0
v -0.4103102385997772 -0.2919766306877136 -0.07957473397254944 0.5 0.0 1.0
v -0.420860230922699 -0.25094878673553467 -0.09833031892776489 0.5 0.0 1.0
v -0.4325824975967407 -0.2087487131357193 -0.11005256325006485 0.5 0.0 1.0
v -0.3868657350540161 -0.5533825755119324 -0.009241286665201187 0.5 0.0 1.0
v -0.39741575717926025 -0.5123547315597534 -0.02565242350101471 0.5 0.0 1.0
v -0.4091379940509796 -0.47015470266342163 -0.040891338139772415 0.5 0.0 1.0
v -0.420860230922699 -0.424437940120697 -0.05847470089793205 0.5 0.0 1.0
v -0.4314102530479431 -0.3845823407173157 -0.07488583773374557 0.5 0.0 1.0
v -0.4431324899196625 -0.34003782272338867 -0.0912969782948494 0.5 0.0 1.0
v -0.45602697134017944 -0.29432106018066406 -0.11005256325006485 0.5 0.0 1.0
v -0.4665769934654236 -0.2521210014820099 -0.12529148161411285 0.5 0.0 1.0
v -0.46306031942367554 -0.3869267702102661 -0.09364142268896103 0.5 0.0 1.0
v -0.4747825562953949 -0.3423822522163391 -0.1135692372918129 0.5 0.0 1.0
v -0.48650479316711426 -0.30135440826416016 -0.12529148161411285 0.5 0.0 1.0
v -0.4982270300388336 -0.2544654607772827 -0.14521928131580353 0.5 0.0 1.0
v -0.5228437185287476 -0.2978377342224121 -0.14521928131580353 0.5 0.0 1.0
v -0.5333937406539917 -0.25563767552375793 -0.1651470959186554 0.5 0.0 1.0
v -0.11022084951400757 -0.3939601182937622 0.12087558954954147 0.5 0.0 1.0
v -0.1195986419916153 -0.43498796224594116 0.12673671543598175 0.5 0.0 1.0
v -0.1278042048215866 -0.47132691740989685 0.12439226359128952 0.5 0.0 1.0
v -0.13718199729919434 -0.5123547315597534 0.13377006351947784 0.5 0.0 1.0
v -0.14773201942443848 -0.5533825755119324 0.1384589523077011 0.5 0.0 1.0
v -0.15593759715557098 -0.5944104194641113 0.14197562634944916 0.5 0.0 1.0
v -0.16648760437965393 -0.6377827525138855 0.14783674478530884 0.5 0.0 1.0
v -0.17586539685726166 -0.676466166973114 0.1443200707435608 0.5 0.0 1.0
v -0.10904862731695175 -0.24860432744026184 0.08922553807497025 0.5 0.0 1.0
v -0.11842641979455948 -0.28728771209716797 0.09508666396141052 0.5 0.0 1.0
v -0.1278042048215866 -0.3259711265563965 0.09625888615846634 0.5 0.0 1.0
v -0.13718199729919434 -0.3705156445503235 0.10329223424196243 0.5 0.0 1.0
v -0.14773201942443848 -0.41271570324897766 0.1079811304807663 0.5 0.0 1.0
v -0.15593759715557098 -0.44905465841293335 0.10680890083312988 0.5 0.0 1.0
v -0.16648760437965393 -0.49359917640686035 0.11384224891662598 0.5 0.0 1.0
v -0.17586539685726166 -0.5334547758102417 0.11618669331073761 0.5 0.0 1.0
v -0.18407097458839417 -0.5709659457206726 0.12087558954954147 0.5 0.0 1.0
v -0.19227653741836548 -0.6073049306869507 0.12087558954954147 0.5 0.0 1.0
v -0.20282655954360962 -0.6518494486808777 0.12556448578834534 0.5 0.0 1.0
v -0.21337656676769257 -0.6928772926330566 0.13494227826595306 0.5 0.0 1.0
v -0.22158214449882507 -0.7280439734458923 0.12908115983009338 0.5 0.0 1.0
v -0.23213215172290802 -0.7725884914398193 0.1372867375612259 0.5 0.0 1.0
v -0.24150995910167694 -0.8136163353919983 0.13963118195533752 0.5 0.0 1.0
v -0.11842641979455948 -0.11028187721967697 0.0564032644033432 0.5 0.0 1.0
v -0.12897643446922302 -0.15248194336891174 0.05405881628394127 0.5 0.0 1.0
v -0.13835422694683075 -0.19585424661636353 0.06226438656449318 0.5 0.0 1.0
v -0.14773201942443848 -0.23336541652679443 0.06578105688095093 0.5 0.0 1.0
v -0.1571098119020462 -0.2755654752254486 0.06695327907800674 0.5 0.0 1.0
v -0.16648760437965393 -0.31659331917762756 0.06929773092269897 0.5 0.0 1.0
v -0.17586539685726166 -0.35410448908805847 0.07515884935855865 0.5 0.0 1.0
v -0.18407097458839417 -0.39044344425201416 0.07398662716150284 0.5 0.0 1.0
v -0.1946209818124771 -0.43498796224594116 0.08101997524499893 0.5 0.0 1.0
v -0.20399877429008484 -0.4760158061981201 0.08336441963911057 0.5 0.0 1.0
v -0.21220435202121735 -0.5123547315597534 0.08805331587791443 0.5 0.0 1.0
v -0.2227543592453003 -0.5557270646095276 0.09039776772260666 0.5 0.0 1.0
v -0.23213215172290802 -0.5955826640129089 0.09156998991966248 0.5 0.0 1.0
v -0.24150995910167694 -0.6354382634162903 0.09743110835552216 0.5 0.0 1.0
v -0.25088775157928467 -0.6752939224243164 0.1009477823972702 0.5 0.0 1.0
v -0.2602655291557312 -0.7163217663764954 0.1009477823972702 0.5 0.0 1.0
v -0.2696433365345001 -0.7538329362869263 0.10446445643901825 0.5 0.0 1.0
v -0.16179871559143066 -0.10207630693912506 0.024753212928771973 0.5 0.0 1.0
v -0.1711765080690384 -0.14075970649719238 0.024753212928771973 0.5 0.0 1.0
v -0.18055430054664612 -0.18178755044937134 0.029442111030220985 0.5 0.0 1.0
v -0.18875986337661743 -0.2157820463180542 0.029442111030220985 0.5 0.0 1.0
v -0.19930988550186157 -0.2603265643119812 0.043508801609277725 0.5 0.0 1.0
v -0.2086876779794693 -0.3025266230106354 0.041164349764585495 0.5 0.0 1.0
v -0.21806547045707703 -0.33886557817459106 0.041164349764585495 0.5 0.0 1.0
v -0.22744326293468475 -0.37989342212677 0.04819769784808159 0.5 0.0 1.0
v -0.2379932850599289 -0.4232657253742218 0.05171436816453934 0.5 0.0 1.0
v -0.24737107753753662 -0.465465784072876 0.05405881628394127 0.5 0.0 1.0
v -0.25557664036750793 -0.5006325244903564 0.055231042206287384 0.5 0.0 1.0
v -0.2661266624927521 -0.5440047979354858 0.05874771252274513 0.5 0.0 1.0
v -0.2743322253227234 -0.5826882123947144 0.0634366124868393 0.5 0.0 1.0
v -0.2837100327014923 -0.6225438117980957 0.06812550872564316 0.5 0.0 1.0
v -0.29308781027793884 -0.6612272262573242 0.07046995311975479 0.5 0.0 1.0
v -0.30246561765670776 -0.7022550702095032 0.07281440496444702 0.5 0.0 1.0
v -0.19930988550186157 -0.1196596696972847 0.009514300152659416 0.5 0.0 1.0
v -0.2086876779794693 -0.15834306180477142 0.013030972331762314 0.5 0.0 1.0
v -0.21806547045707703 -0.19937092065811157 0.011858748272061348 0.5 0.0 1.0
v -0.22861549258232117 -0.24274320900440216 0.017719868570566177 0.5 0.0 1.0
v -0.23682105541229248 -0.28025439381599426 0.018892092630267143 0.5 0.0 1.0
v -0.24737107753753662 -0.3212822377681732 0.024753212928771973 0.5 0.0 1.0
v -0.25674885511398315 -0.36113783717155457 0.024753212928771973 0.5 0.0 1.0
v -0.2661266624927521 -0.4021656811237335 0.03178655728697777 0.5 0.0 1.0
v -0.2743322253227234 -0.4385046362876892 0.03178655728697777 0.5 0.0 1.0
v -0.2837100327014923 -0.47718802094459534 0.03295878320932388 0.5 0.0 1.0
v -0.29308781027793884 -0.5193880796432495 0.04468102380633354 0.5 0.0 1.0
v -0.30129337310791016 -0.55455482006073 0.03764767944812775 0.5 0.0 1.0
v -0.3118433952331543 -0.5967549085617065 0.04585324972867966 0.5 0.0 1.0
v -0.3212212026119232 -0.6366105079650879 0.047025471925735474 0.5 0.0 1.0
v -0.23564882576465607 -0.13607081770896912 -0.012757958844304085 0.5 0.0 1.0
v -0.24385440349578857 -0.1724097579717636 -0.010413510724902153 0.5 0.0 1.0
v -0.2532321810722351 -0.21226537227630615 -0.015102406963706017 0.5 0.0 1.0
v -0.26378220319747925 -0.25563767552375793 -0.004552389960736036 0.5 0.0 1.0
v -0.27198776602745056 -0.2919766306877136 -0.0010357174323871732 0.5 0.0 1.0
v -0.2813655734062195 -0.33066001534461975 0.00013650668552145362 0.5 0.0 1.0
v -0.290743350982666 -0.3716878592967987 0.004825403448194265 0.5 0.0 1.0
v -0.30012115836143494 -0.4091990292072296 0.005997627507895231 0.5 0.0 1.0
v -0.30949896574020386 -0.45022687315940857 0.01654764451086521 0.5 0.0 1.0
v -0.3188767433166504 -0.4900825023651123 0.011858748272061348 0.5 0.0 1.0
v -0.3282545506954193 -0.5299381017684937 0.015375420451164246 0.5 0.0 1.0
v -0.3364601135253906 -0.5686215162277222 0.021236540749669075 0.5 0.0 1.0
v -0.34701013565063477 -0.6108216047286987 0.023580988869071007 0.5 0.0 1.0
v -0.27902111411094666 -0.13607081770896912 -0.032685767859220505 0.5 0.0 1.0
v -0.28722670674324036 -0.17358198761940002 -0.03620244190096855 0.5 0.0 1.0
v -0.2966044843196869 -0.2087487131357193 -0.035030215978622437 0.5 0.0 1.0
v -0.3059822916984558 -0.2532932162284851 -0.02799687348306179 0.5 0.0 1.0
v -0.31653228402137756 -0.29432106018066406 -0.022135751321911812 0.5 0.0 1.0
v -0.32473787665367126 -0.33183223009109497 -0.01979130320250988 0.5 0.0 1.0
v -0.3341156542301178 -0.37403231859207153 -0.018619079142808914 0.5 0.0 1.0
v -0.34466567635536194 -0.4150601625442505 -0.01393018290400505 0.5 0.0 1.0
v -0.35287123918533325 -0.4513991177082062 -0.01393018290400505 0.5 0.0 1.0
v -0.3622490465641022 -0.4900825023651123 -0.009241286665201187 0.5 0.0 1.0
v -0.3727990686893463 -0.5322825908660889 -0.01393018290400505 0.5 0.0 1.0
v -0.33177122473716736 -0.18764866888523102 -0.05730247497558594 0.5 0.0 1.0
v -0.33997678756713867 -0.2239876240491867 -0.054958026856184006 0.5 0.0 1.0
v -0.3505268096923828 -0.2661876976490021 -0.05026913061738014 0.5 0.0 1.0
v -0.35990458726882935 -0.30721554160118103 -0.04558023437857628 0.5 0.0 1.0
v -0.36928239464759827 -0.34589892625808716 -0.04440801218152046 0.5 0.0 1.0
v -0.3786601722240448 -0.3880990147590637 -0.04558023437857628 0.5 0.0 1.0
v -0.3880379796028137 -0.4302990734577179 -0.04323578625917435 0.5 0.0 1.0
v -0.39741575717926025 -0.47015470266342163 -0.03385799378156662 0.5 0.0 1.0
v -0.4067935645580292 -0.5076658725738525 -0.03620244190096855 0.5 0.0 1.0
v -0.3622490465641022 -0.19116534292697906 -0.07254139333963394 0.5 0.0 1.0
v -0.3716268241405487 -0.2310209721326828 -0.0772302895784378 0.5 0.0 1.0
v -0.3810046315193176 -0.27204880118370056 -0.0690247192978859 0.5 0.0 1.0
v -0.39038240909576416 -0.3107322156429291 -0.06668026745319366 0.5 0.0 1.0
v -0.3997602164745331 -0.3505878150463104 -0.0619913712143898 0.5 0.0 1.0
v -0.4079657793045044 -0.38927122950553894 -0.05964692309498787 0.5 0.0 1.0
v -0.41851580142974854 -0.4291268587112427 -0.05378580465912819 0.5 0.0 1.0
v -0.42672136425971985 -0.468982458114624 -0.05964692309498787 0.5 0.0 1.0
v -0.4009324312210083 -0.22047095000743866 -0.08660808205604553 0.5 0.0 1.0
v -0.4091379940509796 -0.259154349565506 -0.08778030425310135 0.5 0.0 1.0
v -0.41851580142974854 -0.2966655194759369 -0.08778030425310135 0.5 0.0 1.0
v -0.4290658235549927 -0.34003782272338867 -0.08191918581724167 0.5 0.0 1.0
v -0.4384436011314392 -0.3810656666755676 -0.0772302895784378 0.5 0.0 1.0
v -0.44782140851020813 -0.420921266078949 -0.07371361553668976 0.5 0.0 1.0
v -0.44196027517318726 -0.21343760192394257 -0.11708590388298035 0.5 0.0 1.0
v -0.4513380825519562 -0.2544654607772827 -0.11239700764417648 0.5 0.0 1.0
v -0.4607158601284027 -0.29314884543418884 -0.1135692372918129 0.5 0.0 1.0
v -0.47009366750717163 -0.33183223009109497 -0.1065358892083168 0.5 0.0 1.0
v -0.47947144508361816 -0.3728600740432739 -0.10770811140537262 0.5 0.0 1.0
v -0.4970548152923584 -0.2661876976490021 -0.13818594813346863 0.5 0.0 1.0
v -0.5064325928688049 -0.303698867559433 -0.13349704444408417 0.5 0.0 1.0
v -0.5298770666122437 -0.2685321271419525 -0.1581137478351593 0.5 0.0 1.0
v -0.11022084951400757 -0.07159848511219025 0.05405881628394127 0.5 0.0 1.0
v 0.012862686067819595 -0.08566517382860184 0.13259783387184143 0.5 0.0 1.0
v -0.010581796988844872 -0.16185973584651947 0.1384589523077011 0.5 0.0 1.0
v -0.02230403758585453 -0.11614300310611725 0.1150144711136818 0.5 0.0 1.0
v -0.04223184660077095 -0.17592643201351166 0.1150144711136818 0.5 0.0 1.0
v -0.05278186500072479 -0.13255414366722107 0.09977556020021439 0.5 0.0 1.0
v -0.06450410932302475 -0.08918184787034988 0.0786755234003067 0.5 0.0 1.0
v -0.0680207759141922 -0.19585424661636353 0.10680890083312988 0.5 0.0 1.0
v -0.07857079803943634 -0.15248194336891174 0.08805331587791443 0.5 0.0 1.0
v -0.09146526455879211 -0.10676520317792892 0.06929773092269897 0.5 0.0 1.0
v -0.0680207759141922 -0.3705156445503235 0.14314785599708557 0.5 0.0 1.0
v -0.08091524243354797 -0.32362666726112366 0.12790894508361816 0.5 0.0 1.0
v -0.09146526455879211 -0.28494328260421753 0.1079811304807663 0.5 0.0 1.0
v -0.10318750143051147 -0.24039876461029053 0.09508666396141052 0.5 0.0 1.0
v -0.0973263829946518 -0.41857683658599854 0.14314785599708557 0.5 0.0 1.0
v -0.010581796988844872 -0.10090408474206924 0.12087558954954147 0.5 0.0 1.0
v -0.0199595894664526 -0.14075970649719238 0.12204781919717789 0.5 0.0 1.0
v -0.03050960786640644 -0.18178755044937134 0.12673671543598175 0.5 0.0 1.0
v -0.057470761239528656 -0.30135440826416016 0.13963118195533752 0.5 0.0 1.0
v -0.06684855371713638 -0.34003782272338867 0.14080339670181274 0.5 0.0 1.0
v -0.0750541239976883 -0.37520453333854675 0.13963118195533752 0.5 0.0 1.0
v -0.04457629844546318 -0.11497077345848083 0.09977556020021439 0.5 0.0 1.0
v -0.05395409092307091 -0.15365417301654816 0.10329223424196243 0.5 0.0 1.0
v -0.06333187967538834 -0.1946820169687271 0.10915335267782211 0.5 0.0 1.0
v -0.07153744995594025 -0.23336541652679443 0.11032557487487793 0.5 0.0 1.0
v -0.08091524243354797 -0.27204880118370056 0.11384224891662598 0.5 0.0 1.0
v -0.0902930349111557 -0.3130766451358795 0.11618669331073761 0.5 0.0 1.0
v -0.09967083483934402 -0.35176005959510803 0.11970336735248566 0.5 0.0 1.0
v -0.07153744995594025 -0.08800961822271347 0.0786755234003067 0.5 0.0 1.0
v -0.08091524243354797 -0.12903746962547302 0.08453664183616638 0.5 0.0 1.0
v -0.0902930349111557 -0.16772086918354034 0.08805331587791443 0.5 0.0 1.0
v -0.09967083483934402 -0.2087487131357193 0.08805331587791443 0.5 0.0 1.0
v 0.058579426258802414 0.0034238621592521667 0.14314785599708557 0.5 0.0 1.0
v 0.04568496346473694 -0.03525953367352486 0.13963118195533752 0.5 0.0 1.0
v -3.17794838338159e-05 -0.03994842991232872 0.11384224891662598 0.5 0.0 1.0
v -0.03402628004550934 -0.07042625546455383 0.09977556020021439 0.5 0.0 1.0
v -0.07622634619474411 -0.0458095520734787 0.07281440496444702 0.5 0.0 1.0
v -0.10201527923345566 -0.06339291483163834 0.0634366124868393 0.5 0.0 1.0
v 0.052718307822942734 -0.023537293076515198 0.14197562634944916 0.5 0.0 1.0
v 0.008173789829015732 -0.021192844957113266 0.1150144711136818 0.5 0.0 1.0
v -0.0023762278724461794 -0.06456513702869415 0.11853114515542984 0.5 0.0 1.0
v -0.026992933824658394 -0.0387762077152729 0.09625888615846634 0.5 0.0 1.0
v -0.035198502242565155 -0.07394292950630188 0.09508666396141052 0.5 0.0 1.0
v -0.06215965747833252 -0.046981774270534515 0.0786755234003067 0.5 0.0 1.0
v -0.27198776602745056 -0.8100996613502502 0.1150144711136818 0.5 0.0 1.0
v -0.2837100327014923 -0.7690718173980713 0.10563667863607407 0.5 0.0 1.0
v -0.2966044843196869 -0.7186661958694458 0.0786755234003067 0.5 0.0 1.0
v -0.3188767433166504 -0.8089274764060974 0.08805331587791443 0.5 0.0 1.0
v -0.33059898018836975 -0.7655551433563232 0.07046995311975479 0.5 0.0 1.0
v -0.3423212170600891 -0.7221828699111938 0.05171436816453934 0.5 0.0 1.0
v -0.35287123918533325 -0.6811550259590149 0.03647545352578163 0.5 0.0 1.0
v -0.3634212613105774 -0.6412994265556335 0.02592543698847294 0.5 0.0 1.0
v -0.37514349818229675 -0.5967549085617065 0.004825403448194265 0.5 0.0 1.0
v -0.36107680201530457 -0.7749329805374146 0.055231042206287384 0.5 0.0 1.0
v -0.3716268241405487 -0.7350773215293884 0.03764767944812775 0.5 0.0 1.0
v -0.38217684626579285 -0.6940494775772095 0.021236540749669075 0.5 0.0 1.0
v -0.3950713276863098 -0.6459882855415344 0.004825403448194265 0.5 0.0 1.0
v -0.40562132000923157 -0.6073049306869507 -0.010413510724902153 0.5 0.0 1.0
v -0.4173435866832733 -0.5627604126930237 -0.029169097542762756 0.5 0.0 1.0
v -0.4290658235549927 -0.5158714056015015 -0.04440801218152046 0.5 0.0 1.0
v -0.4396158456802368 -0.4748435914516449 -0.05964692309498787 0.5 0.0 1.0
v -0.45016583800315857 -0.4361601769924164 -0.0772302895784378 0.5 0.0 1.0
v -0.3950713276863098 -0.777277410030365 0.03295878320932388 0.5 0.0 1.0
v -0.4079657793045044 -0.7303884625434875 0.01420319639146328 0.5 0.0 1.0
v -0.41968801617622375 -0.688188374042511 -0.0010357174323871732 0.5 0.0 1.0
v -0.4302380383014679 -0.6483327746391296 -0.01979130320250988 0.5 0.0 1.0
v -0.44196027517318726 -0.602616012096405 -0.032685767859220505 0.5 0.0 1.0
v -0.4536825120449066 -0.5568992495536804 -0.05144135653972626 0.5 0.0 1.0
v -0.465404748916626 -0.5146992206573486 -0.07019694149494171 0.5 0.0 1.0
v -0.4771270155906677 -0.47132691740989685 -0.07957473397254944 0.5 0.0 1.0
v -0.4888492524623871 -0.424437940120697 -0.10184699296951294 0.5 0.0 1.0
v -0.5005714893341064 -0.38341009616851807 -0.11474145948886871 0.5 0.0 1.0
v -0.5111215114593506 -0.3435544967651367 -0.13232481479644775 0.5 0.0 1.0
v -0.4466491639614105 -0.7385939955711365 -0.004552389960736036 0.5 0.0 1.0
v -0.45837143063545227 -0.6928772926330566 -0.024480199441313744 0.5 0.0 1.0
v -0.47009366750717163 -0.6495049595832825 -0.04206356406211853 0.5 0.0 1.0
v -0.48064368963241577 -0.6073049306869507 -0.05964692309498787 0.5 0.0 1.0
v -0.49236592650413513 -0.5639325976371765 -0.0772302895784378 0.5 0.0 1.0
v -0.5040881633758545 -0.5229047536849976 -0.09481364488601685 0.5 0.0 1.0
v -0.5146381855010986 -0.4807046949863434 -0.10419144481420517 0.5 0.0 1.0
v -0.5275326371192932 -0.43264350295066833 -0.12177480012178421 0.5 0.0 1.0
v -0.5380826592445374 -0.392787903547287 -0.1358414888381958 0.5 0.0 1.0
v -0.5498049259185791 -0.3494156002998352 -0.15694153308868408 0.5 0.0 1.0
v -0.5615271329879761 -0.3025266230106354 -0.17452488839626312 0.5 0.0 1.0
v -0.4993992745876312 -0.7081161737442017 -0.04440801218152046 0.5 0.0 1.0
v -0.509949266910553 -0.6635716557502747 -0.06316359341144562 0.5 0.0 1.0
v -0.5216715335845947 -0.6213716268539429 -0.07957473397254944 0.5 0.0 1.0
v -0.5333937406539917 -0.5768271088600159 -0.09598587453365326 0.5 0.0 1.0
v -0.5451160073280334 -0.5334547758102417 -0.11122478544712067 0.5 0.0 1.0
v -0.558010458946228 -0.4877380430698395 -0.1288081556558609 0.5 0.0 1.0
v -0.5685604810714722 -0.4455379843711853 -0.14756374061107635 0.5 0.0 1.0
v -0.5802827477455139 -0.4009934663772583 -0.1651470959186554 0.5 0.0 1.0
v -0.5228437185287476 -0.7128050923347473 -0.06433582305908203 0.5 0.0 1.0
v -0.5345659852027893 -0.6694328188896179 -0.0772302895784378 0.5 0.0 1.0
v -0.546288251876831 -0.6248883008956909 -0.09246920049190521 0.5 0.0 1.0
v -0.5568382740020752 -0.5850326418876648 -0.11005256325006485 0.5 0.0 1.0
v -0.5685604810714722 -0.5416603684425354 -0.12294702976942062 0.5 0.0 1.0
v -0.5802827477455139 -0.4959436058998108 -0.14053039252758026 0.5 0.0 1.0
v -0.5908327698707581 -0.45608800649642944 -0.15694153308868408 0.5 0.0 1.0
v -0.602554976940155 -0.4138879179954529 -0.17804156243801117 0.5 0.0 1.0
v -0.5486326813697815 -0.7163217663764954 -0.07957473397254944 0.5 0.0 1.0
v -0.5603548884391785 -0.6752939224243164 -0.09246920049190521 0.5 0.0 1.0
v -0.5709049105644226 -0.6354382634162903 -0.1065358892083168 0.5 0.0 1.0
v -0.5826271772384644 -0.5920659899711609 -0.1206025779247284 0.5 0.0 1.0
v -0.5931771993637085 -0.5475214719772339 -0.1358414888381958 0.5 0.0 1.0
v -0.6048994064331055 -0.5064936280250549 -0.15459707379341125 0.5 0.0 1.0
v -0.6154494285583496 -0.46429356932640076 -0.16983599960803986 0.5 0.0 1.0
v -0.5908327698707581 -0.6999106407165527 -0.10770811140537262 0.5 0.0 1.0
v -0.6037272214889526 -0.6553661227226257 -0.1288081556558609 0.5 0.0 1.0
v -0.6142772436141968 -0.6155104637145996 -0.1440470665693283 0.5 0.0 1.0
v -0.6259994506835938 -0.5686215162277222 -0.15928597748279572 0.5 0.0 1.0
v -0.6377217173576355 -0.5229047536849976 -0.18155823647975922 0.5 0.0 1.0
v -0.6377217173576355 -0.6776383519172668 -0.14170260727405548 0.5 0.0 1.0
v -0.6482717394828796 -0.6366105079650879 -0.1510803997516632 0.5 0.0 1.0
v -0.6588217616081238 -0.5920659899711609 -0.1721804440021515 0.5 0.0 1.0
v -0.6705439686775208 -0.6483327746391296 -0.1733526587486267 0.5 0.0 1.0
v -0.6857829093933105 -0.6788105964660645 -0.17100821435451508 0.5 0.0 1.0
v -0.27902111411094666 -0.7948607802391052 0.10680890083312988 0.5 0.0 1.0
v -0.3106711804866791 -0.7385939955711365 0.07281440496444702 0.5 0.0 1.0
v -0.3200489580631256 -0.7761051654815674 0.0786755234003067 0.5 0.0 1.0
v -0.32942676544189453 -0.6752939224243164 0.05054214596748352 0.5 0.0 1.0
v -0.33880454301834106 -0.7151495218276978 0.05405881628394127 0.5 0.0 1.0
v -0.34818235039711 -0.7550051808357239 0.057575490325689316 0.5 0.0 1.0
v -0.3563879132270813 -0.6541938781738281 0.029442111030220985 0.5 0.0 1.0
v -0.3657657206058502 -0.6893606185913086 0.03061433508992195 0.5 0.0 1.0
v -0.37397128343582153 -0.7292162179946899 0.0341310054063797 0.5 0.0 1.0
v -0.3845213055610657 -0.7690718173980713 0.03178655728697777 0.5 0.0 1.0
v -0.38217684626579285 -0.5756548643112183 -0.002207941608503461 0.5 0.0 1.0
v -0.39038240909576416 -0.6143382787704468 -0.002207941608503461 0.5 0.0 1.0
v -0.4009324312210083 -0.6577105522155762 0.004825403448194265 0.5 0.0 1.0
v -0.4103102385997772 -0.6975661516189575 0.007169851567596197 0.5 0.0 1.0
v -0.41851580142974854 -0.7315606474876404 0.007169851567596197 0.5 0.0 1.0
v -0.4161713421344757 -0.5486937165260315 -0.03385799378156662 0.5 0.0 1.0
v -0.42554914951324463 -0.5862048864364624 -0.026824647560715675 0.5 0.0 1.0
v -0.43492692708969116 -0.6272327303886414 -0.02565242350101471 0.5 0.0 1.0
v -0.4443047344684601 -0.6694328188896179 -0.024480199441313744 0.5 0.0 1.0
v -0.4536825120449066 -0.7081161737442017 -0.01744685508310795 0.5 0.0 1.0
v -0.46306031942367554 -0.7479718327522278 -0.016274631023406982 0.5 0.0 1.0
v -0.43609917163848877 -0.510010302066803 -0.054958026856184006 0.5 0.0 1.0
v -0.4454769492149353 -0.5498659014701843 -0.04792468249797821 0.5 0.0 1.0
v -0.45602697134017944 -0.5897215604782104 -0.05026913061738014 0.5 0.0 1.0
v -0.465404748916626 -0.6307494044303894 -0.049096908420324326 0.5 0.0 1.0
v -0.4747825562953949 -0.6694328188896179 -0.04206356406211853 0.5 0.0 1.0
v -0.48416033387184143 -0.7104606628417969 -0.03854689002037048 0.5 0.0 1.0
v -0.45719918608665466 -0.46194911003112793 -0.06785248965024948 0.5 0.0 1.0
v -0.4665769934654236 -0.5029769539833069 -0.06668026745319366 0.5 0.0 1.0
v -0.4747825562953949 -0.539315938949585 -0.06668026745319366 0.5 0.0 1.0
v -0.48533257842063904 -0.5803437829017639 -0.06433582305908203 0.5 0.0 1.0
v -0.49471035599708557 -0.6201993823051453 -0.0619913712143898 0.5 0.0 1.0
v -0.5029159188270569 -0.6577105522155762 -0.05613025277853012 0.5 0.0 1.0
v -0.5122937560081482 -0.6963939666748047 -0.054958026856184006 0.5 0.0 1.0
v -0.5216715335845947 -0.736249566078186 -0.05378580465912819 0.5 0.0 1.0
v -0.4888492524623871 -0.41271570324897766 -0.10419144481420517 0.5 0.0 1.0
v -0.4982270300388336 -0.45022687315940857 -0.0995025485754013 0.5 0.0 1.0
v -0.5064325928688049 -0.4889102876186371 -0.09833031892776489 0.5 0.0 1.0
v -0.5158103704452515 -0.5287659168243408 -0.0995025485754013 0.5 0.0 1.0
v -0.5251882076263428 -0.5674492716789246 -0.0912969782948494 0.5 0.0 1.0
v -0.5345659852027893 -0.6061326861381531 -0.08895252645015717 0.5 0.0 1.0
v -0.5439437627792358 -0.647160530090332 -0.08778030425310135 0.5 0.0 1.0
v -0.5533215999603271 -0.6870161294937134 -0.08660808205604553 0.5 0.0 1.0
v -0.5615271329879761 -0.7233551144599915 -0.08543585240840912 0.5 0.0 1.0
v -0.5146381855010986 -0.34003782272338867 -0.13115260004997253 0.5 0.0 1.0
v -0.5251882076263428 -0.3845823407173157 -0.12998037040233612 0.5 0.0 1.0
v -0.5345659852027893 -0.4232657253742218 -0.1276359260082245 0.5 0.0 1.0
v -0.542771577835083 -0.4596046805381775 -0.1206025779247284 0.5 0.0 1.0
v -0.5521493554115295 -0.5029769539833069 -0.11825813353061676 0.5 0.0 1.0
v -0.5626993775367737 -0.542832612991333 -0.11591368168592453 0.5 0.0 1.0
v -0.5709049105644226 -0.5803437829017639 -0.11474145948886871 0.5 0.0 1.0
v -0.5802827477455139 -0.6213716268539429 -0.11474145948886871 0.5 0.0 1.0
v -0.5908327698707581 -0.6623994708061218 -0.11005256325006485 0.5 0.0 1.0
v -0.5978661179542542 -0.6975661516189575 -0.11474145948886871 0.5 0.0 1.0
v -0.539254903793335 -0.3119044303894043 -0.15694153308868408 0.5 0.0 1.0
v -0.5486326813697815 -0.3505878150463104 -0.15694153308868408 0.5 0.0 1.0
v -0.558010458946228 -0.3880990147590637 -0.15342485904693604 0.5 0.0 1.0
v -0.5673882365226746 -0.4291268587112427 -0.149908185005188 0.5 0.0 1.0
v -0.5779382586479187 -0.47132691740989685 -0.14521928131580353 0.5 0.0 1.0
v -0.5861438512802124 -0.5111825466156006 -0.14053039252758026 0.5 0.0 1.0
v -0.5955216288566589 -0.5510381460189819 -0.13935816287994385 0.5 0.0 1.0
v -0.6048994064331055 -0.5920659899711609 -0.13935816287994385 0.5 0.0 1.0
v -0.6154494285583496 -0.631921648979187 -0.13935816287994385 0.5 0.0 1.0
v -0.6236550211906433 -0.6706050038337708 -0.13349704444408417 0.5 0.0 1.0
v -0.5697327256202698 -0.3107322156429291 -0.17686933279037476 0.5 0.0 1.0
v -0.5791105031967163 -0.35293227434158325 -0.17452488839626312 0.5 0.0 1.0
v -0.5884882807731628 -0.3939601182937622 -0.16749154031276703 0.5 0.0 1.0
v -0.5978661179542542 -0.43381574749946594 -0.16866376996040344 0.5 0.0 1.0
v -0.6072438955307007 -0.4760158061981201 -0.17100821435451508 0.5 0.0 1.0
v -0.6166216731071472 -0.5123547315597534 -0.1651470959186554 0.5 0.0 1.0
v -0.6259994506835938 -0.5522103905677795 -0.16163042187690735 0.5 0.0 1.0
v -0.6353772878646851 -0.5932382345199585 -0.15694153308868408 0.5 0.0 1.0
v -0.6447550654411316 -0.6342660784721375 -0.1510803997516632 0.5 0.0 1.0
v -0.6541328430175781 -0.6752939224243164 -0.14873595535755157 0.5 0.0 1.0
v -0.691644012928009 -0.6612272262573242 -0.17804156243801117 0.5 0.0 1.0
v -0.5328437089920044 -0.4514369070529938 -0.12628479301929474 0.5 0.0 1.0
v -0.260184109210968 -0.4551520049571991 0.04302958771586418 0.5 0.0 1.0
v -0.10816748440265656 -0.08827769011259079 0.05541861429810524 0.5 0.0 1.0
v -0.4659009575843811 -0.6451107263565063 -0.04186803847551346 0.5 0.0 1.0
v -0.2092292457818985 -0.4052353501319885 0.06342139840126038 0.5 0.0 1.0
v -0.4006500244140625 -0.6003915667533875 -0.011486748233437538 0.5 0.0 1.0
v -0.5431548953056335 -0.3019736111164093 -0.1658792644739151 0.5 0.0 1.0
v -0.23685263097286224 -0.8222916722297668 0.1390550136566162 0.5 0.0 1.0
v -0.22409436106681824 -0.6836768388748169 0.11612758785486221 0.5 0.0 1.0
v -0.0929262787103653 -0.28202641010284424 0.10790332406759262 0.5 0.0 1.0
v -0.2242710292339325 -0.22618843615055084 0.014327842742204666 0.5 0.0 1.0
v -0.36138737201690674 -0.44632965326309204 -0.021469496190547943 0.5 0.0 1.0
v -0.23497435450553894 -0.20015500485897064 0.0019270599586889148 0.5 0.0 1.0
v -0.5663663148880005 -0.6528631448745728 -0.10222688317298889 0.5 0.0 1.0
v -0.5431809425354004 -0.4856775403022766 -0.12506163120269775 0.5 0.0 1.0
v -0.6344303488731384 -0.6198329329490662 -0.15162867307662964 0.5 0.0 1.0
v -0.5662440657615662 -0.4811862111091614 -0.14031170308589935 0.5 0.0 1.0
v -0.35556846857070923 -0.6888256669044495 0.03602832555770874 0.5 0.0 1.0
v -0.24069465696811676 -0.6594211459159851 0.10047796368598938 0.5 0.0 1.0
v -0.3979577422142029 -0.4875447750091553 -0.03490665927529335 0.5 0.0 1.0
v -0.5523278117179871 -0.7080314755439758 -0.08128903061151505 0.5 0.0 1.0
v -0.2754290699958801 -0.658431351184845 0.07879400253295898 0.5 0.0 1.0
v -0.4164685010910034 -0.5134240984916687 -0.04059284180402756 0.5 0.0 1.0
v -0.47104182839393616 -0.32165560126304626 -0.11694245785474777 0.5 0.0 1.0
v -0.4339233934879303 -0.27537885308265686 -0.10429171472787857 0.5 0.0 1.0
v -0.16057996451854706 -0.20175163447856903 0.04825359582901001 0.5 0.0 1.0
v -0.5504357218742371 -0.4192952811717987 -0.14430014789104462 0.5 0.0 1.0
v -0.563995897769928 -0.3340475857257843 -0.1716284602880478 0.5 0.0 1.0
v -0.5497724413871765 -0.594210684299469 -0.10501007735729218 0.5 0.0 1.0
v -0.578319787979126 -0.6885969042778015 -0.10167057812213898 0.5 0.0 1.0
v -0.2683010995388031 -0.6350890398025513 0.07801015675067902 0.5 0.0 1.0
v -0.29790589213371277 -0.42224186658859253 0.012404336594045162 0.5 0.0 1.0
v -0.5810153484344482 -0.6775862574577332 -0.10578372329473495 0.5 0.0 1.0
v -0.3394618630409241 -0.35649383068084717 -0.027889451012015343 0.5 0.0 1.0
v -0.2767966687679291 -0.6909544467926025 0.08517814427614212 0.5 0.0 1.0
v -0.42905816435813904 -0.46931859850883484 -0.05817631259560585 0.5 0.0 1.0
v 0.011759846471250057 -0.010785198770463467 0.11230204999446869 0.5 0.0 1.0
v -0.2664470076560974 -0.3430459201335907 0.014240509830415249 0.5 0.0 1.0
v -0.5192751288414001 -0.3400489091873169 -0.1426595002412796 0.5 0.0 1.0
v -0.3106851577758789 -0.15019556879997253 -0.05596303939819336 0.5 0.0 1.0
v -0.5448033213615417 -0.34239980578422546 -0.1579119861125946 0.5 0.0 1.0
v -0.10609901696443558 -0.1563066989183426 0.07181830704212189 0.5 0.0 1.0
v -0.33539485931396484 -0.4347379803657532 -0.007984139956533909 0.5 0.0 1.0
v -0.2586800158023834 -0.2662509083747864 0.001970074838027358 0.5 0.0 1.0
v -0.09952366352081299 -0.12449973821640015 0.06881146132946014 0.5 0.0 1.0
v -0.44756025075912476 -0.6877632141113281 -0.021053709089756012 0.5 0.0 1.0
v -0.30128955841064453 -0.2656676173210144 -0.02448994107544422 0.5 0.0 1.0
v -0.502678394317627 -0.7026040554046631 -0.05181482434272766 0.5 0.0 1.0
v -0.43020719289779663 -0.7204320430755615 -0.00306884222663939 0.5 0.0 1.0
v -0.5085011124610901 -0.4632996916770935 -0.10860556364059448 0.5 0.0 1.0
v -0.4170183837413788 -0.47491654753685 -0.04949209466576576 0.5 0.0 1.0
v -0.21011556684970856 -0.26480230689048767 0.03165822848677635 0.5 0.0 1.0
v -0.3504038155078888 -0.47960972785949707 -0.007284762337803841 0.5 0.0 1.0
v -0.1734759509563446 -0.4311676323413849 0.09127919375896454 0.5 0.0 1.0
v -0.569101095199585 -0.476478636264801 -0.1431235820055008 0.5 0.0 1.0
v -0.4528229236602783 -0.27782702445983887 -0.11542640626430511 0.5 0.0 1.0
v -0.24912600219249725 -0.21778526902198792 -0.002899020444601774 0.5 0.0 1.0
v -0.22731690108776093 -0.6991721987724304 0.11758054792881012 0.5 0.0 1.0
v -0.2012472003698349 -0.1605912446975708 0.013974346220493317 0.5 0.0 1.0
v -0.32099613547325134 -0.4694141447544098 0.008621295914053917 0.5 0.0 1.0
v -0.398235023021698 -0.5961666703224182 -0.010933508165180683 0.5 0.0 1.0
v -0.09563233703374863 -0.44934117794036865 0.14342187345027924 0.5 0.0 1.0
v -0.0826222151517868 -0.22203247249126434 0.10093521326780319 0.5 0.0 1.0
v -0.38990819454193115 -0.41543465852737427 -0.04596111923456192 0.5 0.0 1.0
v -0.23055782914161682 -0.46225854754447937 0.06291663646697998 0.5 0.0 1.0
v -0.3777373135089874 -0.6047523617744446 0.003641377901658416 0.5 0.0 1.0
v -0.539115846157074 -0.5982104539871216 -0.09753578156232834 0.5 0.0 1.0
v -0.24919667840003967 -0.19481997191905975 -0.008047427050769329 0.5 0.0 1.0
v -0.567597508430481 -0.5391636490821838 -0.12826085090637207 0.5 0.0 1.0
v -0.12765859067440033 -0.2850990891456604 0.08712366223335266 0.5 0.0 1.0
v -0.11421968787908554 -0.0859929546713829 0.05117083340883255 0.5 0.0 1.0
v -0.2448767125606537 -0.6427056193351746 0.09417815506458282 0.5 0.0 1.0
v -0.2723701298236847 -0.31934985518455505 0.005313170608133078 0.5 0.0 1.0
v -0.17872001230716705 -0.184687077999115 0.03325092792510986 0.5 0.0 1.0
v -0.2265336662530899 -0.24270793795585632 0.016601605340838432 0.5 0.0 1.0
v -0.2193985879421234 -0.16209885478019714 0.003092894097790122 0.5 0.0 1.0
v -0.38212287425994873 -0.6620188355445862 0.013660520315170288 0.5 0.0 1.0
v -0.42140108346939087 -0.6663068532943726 -0.00965809728950262 0.5 0.0 1.0
v -0.27695512771606445 -0.2166632115840912 -0.020345306023955345 0.5 0.0 1.0
v -0.16198481619358063 -0.5475286841392517 0.12424483895301819 0.5 0.0 1.0
v -0.21650737524032593 -0.2709713578224182 0.029079698026180267 0.5 0.0 1.0
v -0.44389423727989197 -0.7209177613258362 -0.011418703943490982 0.5 0.0 1.0
v -0.3120177090167999 -0.5967600345611572 0.042475923895835876 0.5 0.0 1.0
v -0.37809091806411743 -0.7823993563652039 0.04291026294231415 0.5 0.0 1.0
v -0.6056662797927856 -0.4320751130580902 -0.17558889091014862 0.5 0.0 1.0
v -0.2128913700580597 -0.7614520788192749 0.14033831655979156 0.5 0.0 1.0
v -0.3955412805080414 -0.3589533865451813 -0.06199672445654869 0.5 0.0 1.0
v -0.20258018374443054 -0.5805574655532837 0.1065007746219635 0.5 0.0 1.0
v 0.005475230515003204 -0.1479179412126541 0.13890038430690765 0.5 0.0 1.0
v -0.5285809636116028 -0.6963691115379333 -0.06920712441205978 0.5 0.0 1.0
v -0.23030760884284973 -0.12726612389087677 -0.01139090396463871 0.5 0.0 1.0
v -0.4127971827983856 -0.6181777715682983 -0.015039493329823017 0.5 0.0 1.0
v -0.4861915111541748 -0.2811930477619171 -0.13529814779758453 0.5 0.0 1.0
v -0.4283733367919922 -0.5857195854187012 -0.03187951073050499 0.5 0.0 1.0
v -0.24019742012023926 -0.43872228264808655 0.051728256046772 0.5 0.0 1.0
v -0.4784398376941681 -0.5933799147605896 -0.06111510843038559 0.5 0.0 1.0
v -0.39223045110702515 -0.7056189179420471 0.017106031998991966 0.5 0.0 1.0
v -0.5128623247146606 -0.28966301679611206 -0.1498965322971344 0.5 0.0 1.0
v -0.5916557312011719 -0.4412592947483063 -0.16488969326019287 0.5 0.0 1.0
v -0.3808043599128723 -0.41512084007263184 -0.04040522128343582 0.5 0.0 1.0
v -0.0438862070441246 -0.0654902532696724 0.09007570147514343 0.5 0.0 1.0
v -0.2705971300601959 -0.4897041916847229 0.044275183230638504 0.5 0.0 1.0
v -0.1212557703256607 -0.2644788920879364 0.08649679273366928 0.5 0.0 1.0
v -0.44671934843063354 -0.6061905026435852 -0.03866605460643768 0.5 0.0 1.0
v -0.4399438798427582 -0.5799487233161926 -0.040312208235263824 0.5 0.0 1.0
v -0.15906834602355957 -0.1208813264966011 0.031211821362376213 0.5 0.0 1.0
v 0.028780171647667885 -0.04597703740000725 0.1306421160697937 0.5 0.0 1.0
v -0.5148330926895142 -0.6008968949317932 -0.08193328231573105 0.5 0.0 1.0
v -0.28960248827934265 -0.6205809712409973 0.061622217297554016 0.5 0.0 1.0
v -0.5241754651069641 -0.6660943627357483 -0.07321421802043915 0.5 0.0 1.0
v -0.3166349530220032 -0.34122565388679504 -0.017177490517497063 0.5 0.0 1.0
v -0.24414506554603577 -0.6700999140739441 0.10071948170661926 0.5 0.0 1.0
v -0.5760896801948547 -0.6112689971923828 -0.11748093366622925 0.5 0.0 1.0
v -0.5349547266960144 -0.6508951187133789 -0.08325371891260147 0.5 0.0 1.0
v -0.4580378532409668 -0.42410439252853394 -0.0861343964934349 0.5 0.0 1.0
v -0.20887082815170288 -0.6779760122299194 0.12426771223545074 0.5 0.0 1.0
v -0.39952871203422546 -0.2356356978416443 -0.09187180548906326 0.5 0.0 1.0
v 0.050530146807432175 -0.0011619776487350464 0.134120911359787 0.5 0.0 1.0
v -0.07014679163694382 -0.3827250301837921 0.14436310529708862 0.5 0.0 1.0
v -0.1532227247953415 -0.3632957637310028 0.08870800584554672 0.5 0.0 1.0
v -0.1436842978000641 -0.3499654233455658 0.09163916110992432 0.5 0.0 1.0
v -0.37248846888542175 -0.31030866503715515 -0.05856412276625633 0.5 0.0 1.0
v -0.37821677327156067 -0.6647376418113708 0.01667862944304943 0.5 0.0 1.0
v -0.13290557265281677 -0.18512655794620514 0.06165941804647446 0.5 0.0 1.0
v -0.46081236004829407 -0.3470401167869568 -0.10497873276472092 0.5 0.0 1.0
v -0.5364566445350647 -0.5947887897491455 -0.09665314108133316 0.5 0.0 1.0
v -0.3409309685230255 -0.6272606253623962 0.0313887894153595 0.5 0.0 1.0
v -0.005844000726938248 -0.034667421132326126 0.10673239082098007 0.5 0.0 1.0
v -0.2820567786693573 -0.41058337688446045 0.019606759771704674 0.5 0.0 1.0
v -0.24819862842559814 -0.19413284957408905 -0.007583420258015394 0.5 0.0 1.0
v -0.22857503592967987 -0.5159383416175842 0.07607384771108627 0.5 0.0 1.0
v -0.4348386824131012 -0.3683983385562897 -0.08418093621730804 0.5 0.0 1.0
v -0.064423568546772 -0.24908627569675446 0.11819449067115784 0.5 0.0 1.0
v -0.18164998292922974 -0.6967944502830505 0.1452716588973999 0.5 0.0 1.0
v -0.27985796332359314 -0.7745220065116882 0.10186182707548141 0.5 0.0 1.0
v -0.33720818161964417 -0.5249459743499756 0.010946767404675484 0.5 0.0 1.0
v -0.500192403793335 -0.37896791100502014 -0.12221651524305344 0.5 0.0 1.0
v -0.23171763122081757 -0.7669149041175842 0.12991899251937866 0.5 0.0 1.0
v -0.2621060311794281 -0.6453990936279297 0.08413009345531464 0.5 0.0 1.0
v -0.3682793080806732 -0.6327944397926331 0.01571909338235855 0.5 0.0 1.0
v -0.18573632836341858 -0.18998457491397858 0.030092764645814896 0.5 0.0 1.0
v -0.24615517258644104 -0.5894920825958252 0.08155982941389084 0.5 0.0 1.0
v -0.2709335386753082 -0.47307559847831726 0.040371090173721313 0.5 0.0 1.0
v -0.15040692687034607 -0.34573546051979065 0.0865447074174881 0.5 0.0 1.0
v -0.5606270432472229 -0.5594164133071899 -0.11945166438817978 0.5 0.0 1.0
v -0.19996564090251923 -0.2480911910533905 0.0342157743871212 0.5 0.0 1.0
v -0.4698559641838074 -0.28359830379486084 -0.12466903775930405 0.5 0.0 1.0
v -0.41114240884780884 -0.47567206621170044 -0.04569311439990997 0.5 0.0 1.0
v -0.061930857598781586 -0.16497990489006042 0.10103967785835266 0.5 0.0 1.0
v -0.32082781195640564 -0.5080481767654419 0.01731288991868496 0.5 0.0 1.0
v -0.092647485435009 -0.09441165626049042 0.0663725733757019 0.5 0.0 1.0
v -0.5667890906333923 -0.3965693712234497 -0.15945716202259064 0.5 0.0 1.0
v -0.25494247674942017 -0.6332648396492004 0.08585957437753677 0.5 0.0 1.0
v -0.23191609978675842 -0.6419481635093689 0.10201872885227203 0.5 0.0 1.0
v -0.42529967427253723 -0.7596200704574585 0.008674455806612968 0.5 0.0 1.0
v -0.518970787525177 -0.5878801941871643 -0.08738347887992859 0.5 0.0 1.0
v -0.22441938519477844 -0.7852343916893005 0.13850095868110657 0.5 0.0 1.0
v -0.12788605690002441 -0.3862648010253906 0.10947023332118988 0.5 0.0 1.0
v -0.2640482783317566 -0.20441585779190063 -0.015091918408870697 0.5 0.0 1.0
v -0.4049507975578308 -0.4872898459434509 -0.039284639060497284 0.5 0.0 1.0
v -0.06472095847129822 -0.0983223021030426 0.08449888974428177 0.5 0.0 1.0
v -0.05869919806718826 -0.076109878718853 0.08328262716531754 0.5 0.0 1.0
v -0.3634037971496582 -0.2837188243865967 -0.05886067822575569 0.5 0.0 1.0
v -0.5272682905197144 -0.7311617136001587 -0.06066226214170456 0.5 0.0 1.0
v -0.1678512543439865 -0.49752041697502136 0.1095038503408432 0.5 0.0 1.0
v -0.30426526069641113 -0.6844704747200012 0.06676280498504639 0.5 0.0 1.0
v -0.5273033380508423 -0.45427650213241577 -0.12222999334335327 0.5 0.0 1.0
v -0.21615354716777802 -0.5746057033538818 0.09679023921489716 0.5 0.0 1.0
v -0.2376250922679901 -0.7562656998634338 0.12390139698982239 0.5 0.0 1.0
v -0.19079960882663727 -0.20160828530788422 0.02954764850437641 0.5 0.0 1.0
v -0.20617587864398956 -0.2444644570350647 0.02957203797996044 0.5 0.0 1.0
v -0.16960975527763367 -0.6420620083808899 0.14054591953754425 0.5 0.0 1.0
v -0.06961996108293533 -0.32206493616104126 0.13120511174201965 0.5 0.0 1.0
v -0.43315818905830383 -0.6104506850242615 -0.029339056462049484 0.5 0.0 1.0
v -0.3512074947357178 -0.22837455570697784 -0.06362596154212952 0.5 0.0 1.0
v -0.19596441090106964 -0.7131614685058594 0.14006419479846954 0.5 0.0 1.0
v -0.4295341670513153 -0.673860490322113 -0.013004875741899014 0.5 0.0 1.0
v -0.6319323778152466 -0.5988891124725342 -0.15474045276641846 0.5 0.0 1.0
v -0.10327085852622986 -0.09663458168506622 0.06030202656984329 0.5 0.0 1.0
v -0.39908531308174133 -0.2241397202014923 -0.09415314346551895 0.5 0.0 1.0
v -0.012012816965579987 -0.06254535168409348 0.10911711305379868 0.5 0.0 1.0
v -0.4071737229824066 -0.5571480989456177 -0.025130195543169975 0.5 0.0 1.0
v -0.18119989335536957 -0.238329216837883 0.0436420813202858 0.5 0.0 1.0
v -0.34103238582611084 -0.40663591027259827 -0.017714349552989006 0.5 0.0 1.0
v -0.5018582940101624 -0.6626616716384888 -0.0601864755153656 0.5 0.0 1.0
v -0.36332276463508606 -0.6110466122627258 0.013947841711342335 0.5 0.0 1.0
v -0.20097434520721436 -0.514883279800415 0.0928950309753418 0.5 0.0 1.0
v -0.6401792168617249 -0.6230501532554626 -0.15446604788303375 0.5 0.0 1.0
v -0.1806754618883133 -0.5977939963340759 0.12386801838874817 0.5 0.0 1.0
v -0.02430644817650318 -0.1175403967499733 0.11374463140964508 0.5 0.0 1.0
v -0.13840286433696747 -0.4237305521965027 0.11129932105541229 0.5 0.0 1.0
v -0.639464259147644 -0.5811446309089661 -0.16333898901939392 0.5 0.0 1.0
v -0.18270860612392426 -0.4372711479663849 0.08693061023950577 0.5 0.0 1.0
v -0.3637668788433075 -0.2793312668800354 -0.06006031483411789 0.5 0.0 1.0
v -0.12981583178043365 -0.32842132449150085 0.09542028605937958 0.5 0.0 1.0
v -0.5434688329696655 -0.6169059872627258 -0.0960700660943985 0.5 0.0 1.0
v -0.501774787902832 -0.40683847665786743 -0.11699926853179932 0.5 0.0 1.0
v -0.16440358757972717 -0.3542896509170532 0.07979696989059448 0.5 0.0 1.0
v -0.31036821007728577 -0.25778767466545105 -0.03185158967971802 0.5 0.0 1.0
v -0.15523287653923035 -0.21778146922588348 0.055120911449193954 0.5 0.0 1.0
v -0.4749467372894287 -0.5302360653877258 -0.07299219071865082 0.5 0.0 1.0
v -0.021019823849201202 -0.06599953025579453 0.10431907325983047 0.5 0.0 1.0
v -0.28869736194610596 -0.7743560075759888 0.09636267274618149 0.5 0.0 1.0
v -0.15536190569400787 -0.4329988956451416 0.10287973284721375 0.5 0.0 1.0
v -0.18034370243549347 -0.127278670668602 0.01948682777583599 0.5 0.0 1.0
v -0.45028385519981384 -0.4377959966659546 -0.07829947769641876 0.5 0.0 1.0
v -0.5801213979721069 -0.5616663098335266 -0.13099800050258636 0.5 0.0 1.0
v -0.09808069467544556 -0.05625835806131363 0.0545344278216362 0.5 0.0 1.0
v -0.3087478280067444 -0.4802529811859131 0.018599338829517365 0.5 0.0 1.0
v -0.4288651943206787 -0.42653000354766846 -0.06756814569234848 0.5 0.0 1.0
v -0.6202023029327393 -0.5593840479850769 -0.15627312660217285 0.5 0.0 1.0
v -0.3232690393924713 -0.27210384607315063 -0.03664138913154602 0.5 0.0 1.0
v -0.12111957371234894 -0.31787991523742676 0.09845094382762909 0.5 0.0 1.0
v -0.30581435561180115 -0.1752995401620865 -0.04737303406000137 0.5 0.0 1.0
v -0.22738946974277496 -0.8009878993034363 0.14016729593276978 0.5 0.0 1.0
v -0.5998947620391846 -0.5199947357177734 -0.1524796038866043 0.5 0.0 1.0
v -0.38730090856552124 -0.23244184255599976 -0.08502563089132309 0.5 0.0 1.0
v -0.20678704977035522 -0.5046998858451843 0.0870395377278328 0.5 0.0 1.0
v -0.1055319532752037 -0.5205603241920471 0.14197562634944916 1.0 0.0 0.75
v -0.1125652939081192 -0.6213716268539429 0.11970336735248566 1.0 0.0 0.75
v -0.12194308638572693 -0.5862048864364624 0.1372867375612259 1.0 0.0 0.75
v -0.12311531603336334 -0.7690718173980713 0.09977556020021439 1.0 0.0 0.75
v -0.13249310851097107 -0.732732892036438 0.10915335267782211 1.0 0.0 0.75
v -0.1418709009885788 -0.6987383961677551 0.12439226359128952 1.0 0.0 0.75
v -0.15124869346618652 -0.6659161448478699 0.13963118195533752 1.0 0.0 0.75
v -0.1653153896331787 -0.7913441061973572 0.11853114515542984 1.0 0.0 0.75
v -0.17469318211078644 -0.7538329362869263 0.13377006351947784 1.0 0.0 0.75
v -0.18407097458839417 -0.7198384404182434 0.14666453003883362 1.0 0.0 0.75
v -0.19696544110774994 -0.8007218837738037 0.13259783387184143 1.0 0.0 0.75
v -0.11022084951400757 -0.717494010925293 0.09625888615846634 1.0 0.0 0.75
v -0.11842641979455948 -0.7526606917381287 0.09743110835552216 1.0 0.0 0.75
v -0.1278042048215866 -0.7948607802391052 0.09508666396141052 1.0 0.0 0.75
v -0.11139307171106339 -0.5322825908660889 0.14197562634944916 1.0 0.0 0.75
v -0.12077086418867111 -0.5721381902694702 0.14314785599708557 1.0 0.0 0.75
v -0.13014866411685944 -0.6108216047286987 0.1372867375612259 1.0 0.0 0.75
v -0.13835422694683075 -0.6483327746391296 0.13259783387184143 1.0 0.0 0.75
v -0.1489042490720749 -0.688188374042511 0.13142560422420502 1.0 0.0 0.75
v -0.1571098119020462 -0.7268717885017395 0.13259783387184143 1.0 0.0 0.75
v -0.16648760437965393 -0.7632107138633728 0.12908115983009338 1.0 0.0 0.75
v -0.17469318211078644 -0.8030663728713989 0.1232200413942337 1.0 0.0 0.75
v -0.18524318933486938 -0.7163217663764954 0.1454923003911972 1.0 0.0 0.75
v -0.1946209818124771 -0.7550051808357239 0.14666453003883362 1.0 0.0 0.75
v -0.20282655954360962 -0.7925163507461548 0.14197562634944916 1.0 0.0 0.75
v -0.21103212237358093 -0.8276830315589905 0.13494227826595306 1.0 0.0 0.75
v 0.3774243891239166 -0.5510381460189819 -0.16045820713043213 1.0 0.0 0.75
v 0.34811878204345703 -0.5639325976371765 -0.1510803997516632 1.0 0.0 0.75
v 0.3387410044670105 -0.5287659168243408 -0.13701371848583221 1.0 0.0 0.75
v 0.3293631970882416 -0.49242696166038513 -0.12177480012178421 1.0 0.0 0.75
v 0.31998541951179504 -0.4584324359893799 -0.10536366701126099 1.0 0.0 0.75
v 0.31177982687950134 -0.42795461416244507 -0.09012474864721298 1.0 0.0 0.75
v 0.31998541951179504 -0.5768271088600159 -0.13466927409172058 1.0 0.0 0.75
v 0.3106076121330261 -0.5404881238937378 -0.12294702976942062 1.0 0.0 0.75
v 0.3024020493030548 -0.5088380575180054 -0.1065358892083168 1.0 0.0 0.75
v 0.2930242419242859 -0.4736713767051697 -0.09598587453365326 1.0 0.0 0.75
v 0.28364646434783936 -0.4361601769924164 -0.08309140801429749 1.0 0.0 0.75
v 0.27426865696907043 -0.4009934663772583 -0.07136916369199753 1.0 0.0 0.75
v 0.2648908793926239 -0.36699897050857544 -0.052613578736782074 1.0 0.0 0.75
v 0.255513072013855 -0.32948780059814453 -0.03854689002037048 1.0 0.0 0.75
v 0.2871631383895874 -0.6143382787704468 -0.12646369636058807 1.0 0.0 0.75
v 0.2789575755596161 -0.5815159678459167 -0.10770811140537262 1.0 0.0 0.75
v 0.26840755343437195 -0.542832612991333 -0.09481364488601685 1.0 0.0 0.75
v 0.259029746055603 -0.5064936280250549 -0.0842636302113533 1.0 0.0 0.75
v 0.2508241832256317 -0.47249913215637207 -0.0690247192978859 1.0 0.0 0.75
v 0.24027417600154877 -0.4361601769924164 -0.05613025277853012 1.0 0.0 0.75
v 0.23089636862277985 -0.3998212516307831 -0.04558023437857628 1.0 0.0 0.75
v 0.22151857614517212 -0.3646545112133026 -0.035030215978622437 1.0 0.0 0.75
v 0.2121407836675644 -0.3259711265563965 -0.01744685508310795 1.0 0.0 0.75
v 0.20159077644348145 -0.2884599566459656 -0.004552389960736036 1.0 0.0 0.75
v 0.19221298396587372 -0.2544654607772827 0.011858748272061348 1.0 0.0 0.75
v 0.1840074062347412 -0.21929872035980225 0.024753212928771973 1.0 0.0 0.75
v 0.17462961375713348 -0.18413199484348297 0.03999212756752968 1.0 0.0 0.75
v 0.2496519684791565 -0.6166827082633972 -0.10301921516656876 1.0 0.0 0.75
v 0.24027417600154877 -0.5803437829017639 -0.08660808205604553 1.0 0.0 0.75
v 0.23089636862277985 -0.5440047979354858 -0.07371361553668976 1.0 0.0 0.75
v 0.22151857614517212 -0.5076658725738525 -0.054958026856184006 1.0 0.0 0.75
v 0.21096856892108917 -0.468982458114624 -0.04792468249797821 1.0 0.0 0.75
v 0.20159077644348145 -0.43264350295066833 -0.03151354566216469 1.0 0.0 0.75
v 0.19221298396587372 -0.3986490070819855 -0.01744685508310795 1.0 0.0 0.75
v 0.1840074062347412 -0.3646545112133026 -0.006896838080137968 1.0 0.0 0.75
v 0.17462961375713348 -0.32948780059814453 0.003653179155662656 1.0 0.0 0.75
v 0.16525182127952576 -0.29314884543418884 0.02006431668996811 1.0 0.0 0.75
v 0.1547018140554428 -0.25680989027023315 0.03295878320932388 1.0 0.0 0.75
v 0.1464962363243103 -0.22164317965507507 0.047025471925735474 1.0 0.0 0.75
v 0.13711844384670258 -0.1864764541387558 0.0634366124868393 1.0 0.0 0.75
v 0.12656842172145844 -0.1489652693271637 0.07750330120325089 1.0 0.0 0.75
v 0.1171906366944313 -0.11379855126142502 0.09743110835552216 1.0 0.0 0.75
v 0.227379709482193 -0.6366105079650879 -0.09598587453365326 1.0 0.0 0.75
v 0.21800191700458527 -0.6014437675476074 -0.07957473397254944 1.0 0.0 0.75
v 0.20979633927345276 -0.5697937607765198 -0.06668026745319366 1.0 0.0 0.75
v 0.20041854679584503 -0.5346270203590393 -0.05144135653972626 1.0 0.0 0.75
v 0.1898685246706009 -0.4959436058998108 -0.0397191122174263 1.0 0.0 0.75
v 0.18049073219299316 -0.4584324359893799 -0.026824647560715675 1.0 0.0 0.75
v 0.17228516936302185 -0.42678239941596985 -0.016274631023406982 1.0 0.0 0.75
v 0.1617351472377777 -0.3880990147590637 -0.0010357174323871732 1.0 0.0 0.75
v 0.15235735476016998 -0.35176005959510803 0.013030972331762314 1.0 0.0 0.75
v 0.14297956228256226 -0.31776556372642517 0.02826988510787487 1.0 0.0 0.75
v 0.13360176980495453 -0.28025439381599426 0.041164349764585495 1.0 0.0 0.75
v 0.12305175513029099 -0.24274320900440216 0.05405881628394127 1.0 0.0 0.75
v 0.11484618484973907 -0.21109315752983093 0.06929773092269897 1.0 0.0 0.75
v 0.10546839237213135 -0.17592643201351166 0.09274221211671829 1.0 0.0 0.75
v 0.09609059989452362 -0.13724303245544434 0.09860333800315857 1.0 0.0 0.75
v 0.0867128074169159 -0.10442075878381729 0.11032557487487793 1.0 0.0 0.75
v 0.2051074504852295 -0.6401271820068359 -0.08191918581724167 1.0 0.0 0.75
v 0.19572965800762177 -0.6049604415893555 -0.06550804525613785 1.0 0.0 0.75
v 0.18635186553001404 -0.5697937607765198 -0.05378580465912819 1.0 0.0 0.75
v 0.17697405815124512 -0.5322825908660889 -0.0397191122174263 1.0 0.0 0.75
v 0.1675962656736374 -0.4982880651950836 -0.024480199441313744 1.0 0.0 0.75
v 0.15704625844955444 -0.4607768952846527 -0.011585734784603119 1.0 0.0 0.75
v 0.14766846597194672 -0.424437940120697 -0.0010357174323871732 1.0 0.0 0.75
v 0.138290673494339 -0.38927122950553894 0.01420319639146328 1.0 0.0 0.75
v 0.12891288101673126 -0.3552767336368561 0.02592543698847294 1.0 0.0 0.75
v 0.11953508108854294 -0.31659331917762756 0.04233657568693161 1.0 0.0 0.75
v 0.11015728861093521 -0.2825988233089447 0.05171436816453934 1.0 0.0 0.75
v 0.1019517183303833 -0.24977655708789825 0.06695327907800674 1.0 0.0 0.75
v 0.09257392585277557 -0.2157820463180542 0.09156998991966248 1.0 0.0 0.75
v 0.08319613337516785 -0.1782708764076233 0.09508666396141052 1.0 0.0 0.75
v 0.07381834089756012 -0.14310415089130402 0.10563667863607407 1.0 0.0 0.75
v 0.06444054841995239 -0.10793743282556534 0.12204781919717789 1.0 0.0 0.75
v 0.16290737688541412 -0.6553661227226257 -0.05847470089793205 1.0 0.0 0.75
v 0.1535295844078064 -0.6213716268539429 -0.04558023437857628 1.0 0.0 0.75
v 0.14415179193019867 -0.58737713098526 -0.030341321602463722 1.0 0.0 0.75
v 0.13477399945259094 -0.5475214719772339 -0.01393018290400505 1.0 0.0 0.75
v 0.12656842172145844 -0.5158714056015015 -0.004552389960736036 1.0 0.0 0.75
v 0.1171906366944313 -0.481876939535141 0.011858748272061348 1.0 0.0 0.75
v 0.10664061456918716 -0.4443657696247101 0.021236540749669075 1.0 0.0 0.75
v 0.09843505173921585 -0.41037124395370483 0.035303231328725815 1.0 0.0 0.75
v 0.08905725181102753 -0.37520453333854675 0.04819769784808159 1.0 0.0 0.75
v 0.0796794593334198 -0.3412100374698639 0.0634366124868393 1.0 0.0 0.75
v 0.060923874378204346 -0.27087658643722534 0.09039776772260666 1.0 0.0 0.75
v 0.05154608190059662 -0.23570986092090607 0.1009477823972702 1.0 0.0 0.75
v 0.04216828942298889 -0.19702646136283875 0.11618669331073761 1.0 0.0 0.75
v 0.032790496945381165 -0.16068752110004425 0.12908115983009338 1.0 0.0 0.75
v 0.02341270260512829 -0.1278652399778366 0.14080339670181274 1.0 0.0 0.75
v 0.12305175513029099 -0.6647439002990723 -0.032685767859220505 1.0 0.0 0.75
v 0.11367396265268326 -0.6307494044303894 -0.020963527262210846 1.0 0.0 0.75
v 0.10429617017507553 -0.5955826640129089 -0.005724614020437002 1.0 0.0 0.75
v 0.0949183776974678 -0.558071494102478 0.00834207609295845 1.0 0.0 0.75
v 0.08554058521986008 -0.5240769982337952 0.018892092630267143 1.0 0.0 0.75
v 0.07616279274225235 -0.4889102876186371 0.03295878320932388 1.0 0.0 0.75
v 0.06678499281406403 -0.4537435472011566 0.05054214596748352 1.0 0.0 0.75
v 0.0574072040617466 -0.41857683658599854 0.057575490325689316 1.0 0.0 0.75
v 0.04802941158413887 -0.38223788142204285 0.07281440496444702 1.0 0.0 0.75
v 0.038651615381240845 -0.34589892625808716 0.09391443431377411 1.0 0.0 0.75
v 0.029273824766278267 -0.3119044303894043 0.1079811304807663 1.0 0.0 0.75
v 0.01989603042602539 -0.2767377197742462 0.11853114515542984 1.0 0.0 0.75
v 0.0011404446559026837 -0.20288757979869843 0.1443200707435608 1.0 0.0 0.75
v 0.0949183776974678 -0.691705048084259 -0.018619079142808914 1.0 0.0 0.75
v 0.08436835557222366 -0.6553661227226257 -0.008069062605500221 1.0 0.0 0.75
v 0.07499056309461594 -0.6178549528121948 0.00834207609295845 1.0 0.0 0.75
v 0.06678499281406403 -0.5850326418876648 0.018892092630267143 1.0 0.0 0.75
v 0.05623497813940048 -0.546349287033081 0.03178655728697777 1.0 0.0 0.75
v 0.046857185661792755 -0.510010302066803 0.049369920045137405 1.0 0.0 0.75
v 0.03747939318418503 -0.4760158061981201 0.0564032644033432 1.0 0.0 0.75
v 0.029273824766278267 -0.4431935250759125 0.07046995311975479 1.0 0.0 0.75
v 0.018723806366324425 -0.40451014041900635 0.09391443431377411 1.0 0.0 0.75
v 0.009346013888716698 -0.3693434000015259 0.10446445643901825 1.0 0.0 0.75
v -3.17794838338159e-05 -0.3330044746398926 0.11267002671957016 1.0 0.0 0.75
v 0.05975165218114853 -0.6776383519172668 0.004825403448194265 1.0 0.0 0.75
v 0.05154608190059662 -0.6448161005973816 0.01420319639146328 1.0 0.0 0.75
v 0.04216828942298889 -0.6108216047286987 0.027097661048173904 1.0 0.0 0.75
v 0.03161827102303505 -0.5721381902694702 0.04233657568693161 1.0 0.0 0.75
v 0.022240478545427322 -0.5357992649078369 0.055231042206287384 1.0 0.0 0.75
v 0.012862686067819595 -0.5006325244903564 0.07046995311975479 1.0 0.0 0.75
v 0.0023126688320189714 -0.46194911003112793 0.08219219744205475 1.0 0.0 0.75
v -0.007065124344080687 -0.424437940120697 0.09039776772260666 1.0 0.0 0.75
v -0.015270693227648735 -0.392787903547287 0.10915335267782211 1.0 0.0 0.75
v -0.024648485705256462 -0.3552767336368561 0.12204781919717789 1.0 0.0 0.75
v -0.03402628004550934 -0.3212822377681732 0.13494227826595306 1.0 0.0 0.75
v 0.016379358246922493 -0.691705048084259 0.02826988510787487 1.0 0.0 0.75
v 0.007001565303653479 -0.6565383076667786 0.03881990164518356 1.0 0.0 0.75
v -0.0023762278724461794 -0.6225438117980957 0.05171436816453934 1.0 0.0 0.75
v -0.010581796988844872 -0.58737713098526 0.06812550872564316 1.0 0.0 0.75
v -0.0199595894664526 -0.5533825755119324 0.0786755234003067 1.0 0.0 0.75
v -0.029337383806705475 -0.5170436501502991 0.09508666396141052 1.0 0.0 0.75
v -0.03988739848136902 -0.47836026549339294 0.10915335267782211 1.0 0.0 0.75
v -0.049265194684267044 -0.4431935250759125 0.1150144711136818 1.0 0.0 0.75
v -0.057470761239528656 -0.4091990292072296 0.13377006351947784 1.0 0.0 0.75
v -0.010581796988844872 -0.7456273436546326 0.03061433508992195 1.0 0.0 0.75
v -0.0199595894664526 -0.7104606628417969 0.043508801609277725 1.0 0.0 0.75
v -0.029337383806705475 -0.6741216778755188 0.05991993844509125 1.0 0.0 0.75
v -0.03988739848136902 -0.6366105079650879 0.06929773092269897 1.0 0.0 0.75
v -0.04809296876192093 -0.6037882566452026 0.08805331587791443 1.0 0.0 0.75
v -0.05864298716187477 -0.5651048421859741 0.09625888615846634 1.0 0.0 0.75
v -0.06684855371713638 -0.5311103463172913 0.11384224891662598 1.0 0.0 0.75
v -0.07739857584238052 -0.49242696166038513 0.12790894508361816 1.0 0.0 0.75
v -0.08677636831998825 -0.4584324359893799 0.14197562634944916 1.0 0.0 0.75
v -0.049265194684267044 -0.7315606474876404 0.05405881628394127 1.0 0.0 0.75
v -0.05864298716187477 -0.6975661516189575 0.07281440496444702 1.0 0.0 0.75
v -0.06919300556182861 -0.6577105522155762 0.08805331587791443 1.0 0.0 0.75
v -0.07739857584238052 -0.6272327303886414 0.09977556020021439 1.0 0.0 0.75
v -0.08677636831998825 -0.5885493159294128 0.11149779707193375 1.0 0.0 0.75
v -0.09615416079759598 -0.5533825755119324 0.12556448578834534 1.0 0.0 0.75
v -0.07622634619474411 -0.7596940398216248 0.06812550872564316 1.0 0.0 0.75
v -0.08560413867235184 -0.7221828699111938 0.07633107900619507 1.0 0.0 0.75
v -0.09380970895290375 -0.6905328035354614 0.09391443431377411 1.0 0.0 0.75
v -0.10318750143051147 -0.6588827967643738 0.11267002671957016 1.0 0.0 0.75
v 0.3844577372074127 -0.5733104348182678 -0.17100821435451508 1.0 0.0 0.75
v 0.3457743525505066 -0.539315938949585 -0.14170260727405548 1.0 0.0 0.75
v 0.33639654517173767 -0.5756548643112183 -0.14170260727405548 1.0 0.0 0.75
v 0.32819098234176636 -0.48656582832336426 -0.11591368168592453 1.0 0.0 0.75
v 0.31881317496299744 -0.5240769982337952 -0.12177480012178421 1.0 0.0 0.75
v 0.3094353973865509 -0.5639325976371765 -0.12646369636058807 1.0 0.0 0.75
v 0.300057590007782 -0.6037882566452026 -0.13115260004997253 1.0 0.0 0.75
v 0.30474650859832764 -0.4537435472011566 -0.09833031892776489 1.0 0.0 0.75
v 0.2953687012195587 -0.4912547171115875 -0.0995025485754013 1.0 0.0 0.75
v 0.2871631383895874 -0.5252492427825928 -0.10536366701126099 1.0 0.0 0.75
v 0.2789575755596161 -0.5639325976371765 -0.11005256325006485 1.0 0.0 0.75
v 0.26840755343437195 -0.6061326861381531 -0.11122478544712067 1.0 0.0 0.75
v 0.2730964422225952 -0.4021656811237335 -0.07019694149494171 1.0 0.0 0.75
v 0.2637186646461487 -0.44202131032943726 -0.07136916369199753 1.0 0.0 0.75
v 0.255513072013855 -0.47718802094459534 -0.07488583773374557 1.0 0.0 0.75
v 0.24613529443740845 -0.5205603241920471 -0.0772302895784378 1.0 0.0 0.75
v 0.23675750195980072 -0.5604159235954285 -0.0772302895784378 1.0 0.0 0.75
v 0.227379709482193 -0.5979270935058594 -0.0772302895784378 1.0 0.0 0.75
v 0.21917413175106049 -0.6354382634162903 -0.08778030425310135 1.0 0.0 0.75
v 0.24847973883152008 -0.3119044303894043 -0.030341321602463722 1.0 0.0 0.75
v 0.23910194635391235 -0.34824338555336 -0.03737466409802437 1.0 0.0 0.75
v 0.22972415387630463 -0.3916156589984894 -0.0397191122174263 1.0 0.0 0.75
v 0.2203463613986969 -0.4302990734577179 -0.04323578625917435 1.0 0.0 0.75
v 0.2121407836675644 -0.465465784072876 -0.04440801218152046 1.0 0.0 0.75
v 0.20276299118995667 -0.5064936280250549 -0.046752460300922394 1.0 0.0 0.75
v 0.19338519871234894 -0.5451770424842834 -0.05613025277853012 1.0 0.0 0.75
v 0.1840074062347412 -0.5826882123947144 -0.05378580465912819 1.0 0.0 0.75
v 0.1758018434047699 -0.6201993823051453 -0.05613025277853012 1.0 0.0 0.75
v 0.16642405092716217 -0.6600549817085266 -0.060819149017333984 1.0 0.0 0.75
v 0.2203463613986969 -0.28611549735069275 -0.011585734784603119 1.0 0.0 0.75
v 0.21096856892108917 -0.3247988820075989 -0.015102406963706017 1.0 0.0 0.75
v 0.20159077644348145 -0.3634822964668274 -0.016274631023406982 1.0 0.0 0.75
v 0.19338519871234894 -0.4021656811237335 -0.018619079142808914 1.0 0.0 0.75
v 0.1840074062347412 -0.43967685103416443 -0.01979130320250988 1.0 0.0 0.75
v 0.1758018434047699 -0.47953248023986816 -0.023307975381612778 1.0 0.0 0.75
v 0.16642405092716217 -0.5158714056015015 -0.023307975381612778 1.0 0.0 0.75
v 0.15821847319602966 -0.5510381460189819 -0.02799687348306179 1.0 0.0 0.75
v 0.14884068071842194 -0.5908938050270081 -0.035030215978622437 1.0 0.0 0.75
v 0.1394628882408142 -0.6295771598815918 -0.03385799378156662 1.0 0.0 0.75
v 0.1312573254108429 -0.6647439002990723 -0.03854689002037048 1.0 0.0 0.75
v 0.20276299118995667 -0.2310209721326828 0.01420319639146328 1.0 0.0 0.75
v 0.19455742835998535 -0.2661876976490021 0.003653179155662656 1.0 0.0 0.75
v 0.18635186553001404 -0.30135440826416016 0.004825403448194265 1.0 0.0 0.75
v 0.17697405815124512 -0.3412100374698639 0.00013650668552145362 1.0 0.0 0.75
v 0.1675962656736374 -0.37989342212677 -0.002207941608503461 1.0 0.0 0.75
v 0.15939070284366608 -0.4162323772907257 -0.002207941608503461 1.0 0.0 0.75
v 0.15001291036605835 -0.45491576194763184 -0.006896838080137968 1.0 0.0 0.75
v 0.14063511788845062 -0.49477139115333557 -0.011585734784603119 1.0 0.0 0.75
v 0.1324295550584793 -0.5299381017684937 -0.012757958844304085 1.0 0.0 0.75
v 0.12305175513029099 -0.5697937607765198 -0.015102406963706017 1.0 0.0 0.75
v 0.11367396265268326 -0.6119937896728516 -0.01744685508310795 1.0 0.0 0.75
v 0.10429617017507553 -0.6483327746391296 -0.01744685508310795 1.0 0.0 0.75
v 0.09609059989452362 -0.6846717000007629 -0.020963527262210846 1.0 0.0 0.75
v 0.17345739901065826 -0.1712375283241272 0.04468102380633354 1.0 0.0 0.75
v 0.16525182127952576 -0.20523203909397125 0.03999212756752968 1.0 0.0 0.75
v 0.15587402880191803 -0.2450876533985138 0.03647545352578163 1.0 0.0 0.75
v 0.1464962363243103 -0.28494328260421753 0.03178655728697777 1.0 0.0 0.75
v 0.13711844384670258 -0.32362666726112366 0.03178655728697777 1.0 0.0 0.75
v 0.12891288101673126 -0.36113783717155457 0.02592543698847294 1.0 0.0 0.75
v 0.11836285889148712 -0.4009934663772583 0.027097661048173904 1.0 0.0 0.75
v 0.11015728861093521 -0.437332421541214 0.02006431668996811 1.0 0.0 0.75
v 0.1019517183303833 -0.4760158061981201 0.02240876480937004 1.0 0.0 0.75
v 0.09140170365571976 -0.5170436501502991 0.02240876480937004 1.0 0.0 0.75
v 0.08319613337516785 -0.5568992495536804 0.010686524212360382 1.0 0.0 0.75
v 0.07381834089756012 -0.5944104194641113 0.015375420451164246 1.0 0.0 0.75
v 0.06444054841995239 -0.6354382634162903 0.010686524212360382 1.0 0.0 0.75
v 0.055062755942344666 -0.6741216778755188 0.00834207609295845 1.0 0.0 0.75
v 0.046857185661792755 -0.7092884182929993 0.003653179155662656 1.0 0.0 0.75
v 0.14063511788845062 -0.1266930103302002 0.07281440496444702 1.0 0.0 0.75
v 0.1324295550584793 -0.16772086918354034 0.06695327907800674 1.0 0.0 0.75
v 0.12187953293323517 -0.20757648348808289 0.06812550872564316 1.0 0.0 0.75
v 0.11484618484973907 -0.24157097935676575 0.05874771252274513 1.0 0.0 0.75
v 0.10429617017507553 -0.2825988233089447 0.05874771252274513 1.0 0.0 0.75
v 0.09609059989452362 -0.32245445251464844 0.055231042206287384 1.0 0.0 0.75
v 0.0867128074169159 -0.3587934076786041 0.05288659408688545 1.0 0.0 0.75
v 0.07733501493930817 -0.4009934663772583 0.05288659408688545 1.0 0.0 0.75
v 0.06795722246170044 -0.44084909558296204 0.04585324972867966 1.0 0.0 0.75
v 0.058579426258802414 -0.47836026549339294 0.043508801609277725 1.0 0.0 0.75
v 0.0503738597035408 -0.5158714056015015 0.041164349764585495 1.0 0.0 0.75
v 0.040996063500642776 -0.5557270646095276 0.03764767944812775 1.0 0.0 0.75
v 0.032790496945381165 -0.5897215604782104 0.0341310054063797 1.0 0.0 0.75
v 0.02341270260512829 -0.6295771598815918 0.035303231328725815 1.0 0.0 0.75
v 0.014034910127520561 -0.6717772483825684 0.03295878320932388 1.0 0.0 0.75
v 0.005829341243952513 -0.7081161737442017 0.02826988510787487 1.0 0.0 0.75
v 0.10429617017507553 -0.12083189934492111 0.1009477823972702 1.0 0.0 0.75
v 0.09609059989452362 -0.15834306180477142 0.09156998991966248 1.0 0.0 0.75
v 0.08554058521986008 -0.19937092065811157 0.09625888615846634 1.0 0.0 0.75
v 0.07616279274225235 -0.24157097935676575 0.09625888615846634 1.0 0.0 0.75
v 0.06678499281406403 -0.28025439381599426 0.09274221211671829 1.0 0.0 0.75
v 0.040996063500642776 -0.39044344425201416 0.08219219744205475 1.0 0.0 0.75
v 0.032790496945381165 -0.42795461416244507 0.07398662716150284 1.0 0.0 0.75
v 0.02341270260512829 -0.4678102433681488 0.06695327907800674 1.0 0.0 0.75
v 0.014034910127520561 -0.5053214430809021 0.06226438656449318 1.0 0.0 0.75
v 0.004657117184251547 -0.5451770424842834 0.06812550872564316 1.0 0.0 0.75
v -0.004720676224678755 -0.583860456943512 0.05874771252274513 1.0 0.0 0.75
v -0.012926245108246803 -0.6248883008956909 0.057575490325689316 1.0 0.0 0.75
v -0.02230403758585453 -0.6635716557502747 0.06226438656449318 1.0 0.0 0.75
v -0.03168183192610741 -0.6999106407165527 0.05054214596748352 1.0 0.0 0.75
v -0.041059624403715134 -0.7397662401199341 0.055231042206287384 1.0 0.0 0.75
v 0.08319613337516785 -0.0903540700674057 0.10563667863607407 1.0 0.0 0.75
v 0.07381834089756012 -0.13020968437194824 0.10446445643901825 1.0 0.0 0.75
v 0.06561277061700821 -0.16654863953590393 0.10680890083312988 1.0 0.0 0.75
v 0.0574072040617466 -0.2017153650522232 0.10563667863607407 1.0 0.0 0.75
v 0.046857185661792755 -0.2450876533985138 0.10563667863607407 1.0 0.0 0.75
v 0.03747939318418503 -0.2837710380554199 0.09743110835552216 1.0 0.0 0.75
v 0.029273824766278267 -0.3189377784729004 0.09508666396141052 1.0 0.0 0.75
v 0.01989603042602539 -0.3623100817203522 0.10446445643901825 1.0 0.0 0.75
v 0.010518237948417664 -0.40333792567253113 0.09743110835552216 1.0 0.0 0.75
v 0.0011404446559026837 -0.4385046362876892 0.09039776772260666 1.0 0.0 0.75
v -0.007065124344080687 -0.4748435914516449 0.07984774559736252 1.0 0.0 0.75
v -0.0164429172873497 -0.5158714056015015 0.08101997524499893 1.0 0.0 0.75
v -0.024648485705256462 -0.5510381460189819 0.07633107900619507 1.0 0.0 0.75
v -0.03402628004550934 -0.5920659899711609 0.07984774559736252 1.0 0.0 0.75
v -0.043404072523117065 -0.6307494044303894 0.07398662716150284 1.0 0.0 0.75
v -0.051609642803668976 -0.6670883297920227 0.07281440496444702 1.0 0.0 0.75
v -0.05981520935893059 -0.7010828256607056 0.07046995311975479 1.0 0.0 0.75
v -0.06919300556182861 -0.7421106696128845 0.06578105688095093 1.0 0.0 0.75
v 0.03396271914243698 -0.10442075878381729 0.14314785599708557 1.0 0.0 0.75
v 0.024584926664829254 -0.1419319361448288 0.13963118195533752 1.0 0.0 0.75
v 0.015207134187221527 -0.18178755044937134 0.1302533894777298 1.0 0.0 0.75
v -0.012926245108246803 -0.30135440826416016 0.1384589523077011 1.0 0.0 0.75
v -0.021131813526153564 -0.33886557817459106 0.12673671543598175 1.0 0.0 0.75
v -0.029337383806705475 -0.37403231859207153 0.12439226359128952 1.0 0.0 0.75
v -0.03988739848136902 -0.4162323772907257 0.12204781919717789 1.0 0.0 0.75
v -0.04809296876192093 -0.4537435472011566 0.12204781919717789 1.0 0.0 0.75
v -0.05629853904247284 -0.4889102876186371 0.11618669331073761 1.0 0.0 0.75
v -0.06567633152008057 -0.5264214277267456 0.11618669331073761 1.0 0.0 0.75
v -0.0750541239976883 -0.5662770867347717 0.11618669331073761 1.0 0.0 0.75
v -0.0832596942782402 -0.6049604415893555 0.11032557487487793 1.0 0.0 0.75
v -0.09146526455879211 -0.6389549374580383 0.10680890083312988 1.0 0.0 0.75
v -0.10084305703639984 -0.6776383519172668 0.09977556020021439 1.0 0.0 0.75
v -0.09380970895290375 -0.45608800649642944 0.1372867375612259 1.0 0.0 0.75
v -0.10318750143051147 -0.49359917640686035 0.1454923003911972 1.0 0.0 0.75
v 0.10781284421682358 -0.07745960354804993 0.10446445643901825 1.0 0.0 0.75
v 0.09843505173921585 -0.04229287803173065 0.11970336735248566 1.0 0.0 0.75
v 0.07850723713636398 -0.07042625546455383 0.11970336735248566 1.0 0.0 0.75
v 0.06912944465875626 -0.03525953367352486 0.1372867375612259 1.0 0.0 0.75
v 0.055062755942344666 -0.07394292950630188 0.1372867375612259 1.0 0.0 0.75
v 0.11367396265268326 -0.07980405539274216 0.10329223424196243 1.0 0.0 0.75
v 0.09257392585277557 -0.052842896431684494 0.1150144711136818 1.0 0.0 0.75
v -0.1055319532752037 -0.8382330536842346 0.07398662716150284 1.0 0.0 0.75
v -0.11373752355575562 -0.806583046913147 0.0857088714838028 1.0 0.0 0.75
v -0.14655978977680206 -0.8616775274276733 0.09625888615846634 1.0 0.0 0.75
v -0.15476536750793457 -0.8288552761077881 0.10563667863607407 1.0 0.0 0.75
v -0.1864154189825058 -0.8405775427818298 0.11970336735248566 1.0 0.0 0.75
v -0.13718199729919434 -0.8358886241912842 0.09039776772260666 1.0 0.0 0.75
v -0.14538757503032684 -0.869883120059967 0.0857088714838028 1.0 0.0 0.75
v -0.18524318933486938 -0.8440942168235779 0.12204781919717789 1.0 0.0 0.75
v 0.38680219650268555 -0.5850326418876648 -0.17686933279037476 1.0 0.0 0.75
v 0.35749658942222595 -0.599099338054657 -0.16280265152454376 1.0 0.0 0.75
v 0.34811878204345703 -0.6811550259590149 -0.17452488839626312 1.0 0.0 0.75
v 0.3387410044670105 -0.6459882855415344 -0.16749154031276703 1.0 0.0 0.75
v 0.3305354416370392 -0.6143382787704468 -0.1510803997516632 1.0 0.0 0.75
v 0.3152965009212494 -0.7198384404182434 -0.1663193255662918 1.0 0.0 0.75
v 0.30591872334480286 -0.6846717000007629 -0.1510803997516632 1.0 0.0 0.75
v 0.29654091596603394 -0.6495049595832825 -0.13701371848583221 1.0 0.0 0.75
v 0.29654091596603394 -0.7936885356903076 -0.17100821435451508 1.0 0.0 0.75
v 0.2871631383895874 -0.7585218548774719 -0.15576930344104767 1.0 0.0 0.75
v 0.2777853310108185 -0.7245272994041443 -0.13701371848583221 1.0 0.0 0.75
v 0.26840755343437195 -0.6846717000007629 -0.1288081556558609 1.0 0.0 0.75
v 0.259029746055603 -0.6506772041320801 -0.11591368168592453 1.0 0.0 0.75
v 0.2848186790943146 -0.8534719944000244 -0.17569711804389954 1.0 0.0 0.75
v 0.27544090151786804 -0.8206496834754944 -0.16163042187690735 1.0 0.0 0.75
v 0.26723533868789673 -0.7866551876068115 -0.14639151096343994 1.0 0.0 0.75
v 0.2566853165626526 -0.7467995882034302 -0.13466927409172058 1.0 0.0 0.75
v 0.24613529443740845 -0.7081161737442017 -0.12411925196647644 1.0 0.0 0.75
v 0.23792971670627594 -0.6752939224243164 -0.10770811140537262 1.0 0.0 0.75
v 0.2707519829273224 -0.8909831643104553 -0.17569711804389954 1.0 0.0 0.75
v 0.26137420535087585 -0.8546441793441772 -0.16280265152454376 1.0 0.0 0.75
v 0.25199639797210693 -0.8194774985313416 -0.14521928131580353 1.0 0.0 0.75
v 0.241446390748024 -0.7796218395233154 -0.1358414888381958 1.0 0.0 0.75
v 0.23206859827041626 -0.7467995882034302 -0.11943035572767258 1.0 0.0 0.75
v 0.22386303544044495 -0.7128050923347473 -0.10888034105300903 1.0 0.0 0.75
v 0.21448524296283722 -0.6752939224243164 -0.09715809673070908 1.0 0.0 0.75
v 0.23910194635391235 -0.9437332153320312 -0.1733526587486267 1.0 0.0 0.75
v 0.22972415387630463 -0.9085665345191956 -0.1510803997516632 1.0 0.0 0.75
v 0.2203463613986969 -0.8722275495529175 -0.13935816287994385 1.0 0.0 0.75
v 0.21096856892108917 -0.8370608687400818 -0.12646369636058807 1.0 0.0 0.75
v 0.20159077644348145 -0.7995496988296509 -0.11591368168592453 1.0 0.0 0.75
v 0.19221298396587372 -0.7643829584121704 -0.09833031892776489 1.0 0.0 0.75
v 0.182835191488266 -0.7303884625434875 -0.0842636302113533 1.0 0.0 0.75
v 0.17228516936302185 -0.6905328035354614 -0.07136916369199753 1.0 0.0 0.75
v 0.20745189487934113 -0.9871055483818054 -0.15225262939929962 1.0 0.0 0.75
v 0.1980741024017334 -0.9507665634155273 -0.13818594813346863 1.0 0.0 0.75
v 0.18752408027648926 -0.9120832085609436 -0.1288081556558609 1.0 0.0 0.75
v 0.17814628779888153 -0.8780887126922607 -0.10888034105300903 1.0 0.0 0.75
v 0.16994072496891022 -0.8429219722747803 -0.09833031892776489 1.0 0.0 0.75
v 0.15939070284366608 -0.8042385578155518 -0.09012474864721298 1.0 0.0 0.75
v 0.15001291036605835 -0.7714163064956665 -0.07136916369199753 1.0 0.0 0.75
v 0.14063511788845062 -0.7339051365852356 -0.05964692309498787 1.0 0.0 0.75
v 0.1324295550584793 -0.6999106407165527 -0.04323578625917435 1.0 0.0 0.75
v 0.1675962656736374 -0.9695221781730652 -0.12646369636058807 1.0 0.0 0.75
v 0.15939070284366608 -0.9378721117973328 -0.1135692372918129 1.0 0.0 0.75
v 0.14884068071842194 -0.8991886973381042 -0.10184699296951294 1.0 0.0 0.75
v 0.1394628882408142 -0.8640220165252686 -0.08543585240840912 1.0 0.0 0.75
v 0.1312573254108429 -0.8311997056007385 -0.07371361553668976 1.0 0.0 0.75
v 0.12187953293323517 -0.7972052097320557 -0.05964692309498787 1.0 0.0 0.75
v 0.11250174045562744 -0.7596940398216248 -0.049096908420324326 1.0 0.0 0.75
v 0.10312394797801971 -0.7245272994041443 -0.03620244190096855 1.0 0.0 0.75
v 0.13477399945259094 -0.9648332595825195 -0.10770811140537262 1.0 0.0 0.75
v 0.12539620697498322 -0.9284943342208862 -0.09246920049190521 1.0 0.0 0.75
v 0.11601840704679489 -0.8933275938034058 -0.07840251177549362 1.0 0.0 0.75
v 0.10781284421682358 -0.8593330979347229 -0.06668026745319366 1.0 0.0 0.75
v 0.09843505173921585 -0.8229941725730896 -0.05026913061738014 1.0 0.0 0.75
v 0.08788502961397171 -0.7866551876068115 -0.03737466409802437 1.0 0.0 0.75
v 0.0796794593334198 -0.7538329362869263 -0.02565242350101471 1.0 0.0 0.75
v 0.07030166685581207 -0.7151495218276978 -0.011585734784603119 1.0 0.0 0.75
v 0.08319613337516785 -0.9449054598808289 -0.06550804525613785 1.0 0.0 0.75
v 0.07381834089756012 -0.9085665345191956 -0.054958026856184006 1.0 0.0 0.75
v 0.06561277061700821 -0.8769164681434631 -0.040891338139772415 1.0 0.0 0.75
v 0.055062755942344666 -0.8394052982330322 -0.030341321602463722 1.0 0.0 0.75
v 0.04568496346473694 -0.8018941283226013 -0.01393018290400505 1.0 0.0 0.75
v 0.03630716726183891 -0.7667273879051208 -0.004552389960736036 1.0 0.0 0.75
v 0.02575715072453022 -0.7292162179946899 0.009514300152659416 1.0 0.0 0.75
v 0.03630716726183891 -0.9249776601791382 -0.03854689002037048 1.0 0.0 0.75
v 0.026929374784231186 -0.8898109197616577 -0.01979130320250988 1.0 0.0 0.75
v 0.01755158230662346 -0.8499553203582764 -0.010413510724902153 1.0 0.0 0.75
v 0.008173789829015732 -0.8147885799407959 0.007169851567596197 1.0 0.0 0.75
v -0.0012040035799145699 -0.780794084072113 0.021236540749669075 1.0 0.0 0.75
v -0.0023762278724461794 -0.910910964012146 -0.012757958844304085 1.0 0.0 0.75
v -0.011754021048545837 -0.8745720386505127 0.00013650668552145362 1.0 0.0 0.75
v -0.0199595894664526 -0.8429219722747803 0.015375420451164246 1.0 0.0 0.75
v -0.03050960786640644 -0.8042385578155518 0.03061433508992195 1.0 0.0 0.75
v -0.03988739848136902 -0.7667273879051208 0.047025471925735474 1.0 0.0 0.75
v -0.0387151762843132 -0.9027053713798523 0.017719868570566177 1.0 0.0 0.75
v -0.04809296876192093 -0.866366446018219 0.027097661048173904 1.0 0.0 0.75
v -0.057470761239528656 -0.8311997056007385 0.04468102380633354 1.0 0.0 0.75
v -0.06684855371713638 -0.7960330247879028 0.05405881628394127 1.0 0.0 0.75
v -0.09498193114995956 -0.8745720386505127 0.057575490325689316 1.0 0.0 0.75
v 0.3750799298286438 -0.6131660342216492 -0.1721804440021515 1.0 0.0 0.75
v 0.32819098234176636 -0.6119937896728516 -0.14873595535755157 1.0 0.0 0.75
v 0.31881317496299744 -0.6518494486808777 -0.1510803997516632 1.0 0.0 0.75
v 0.3106076121330261 -0.6905328035354614 -0.1510803997516632 1.0 0.0 0.75
v 0.3012298345565796 -0.7292162179946899 -0.15459707379341125 1.0 0.0 0.75
v 0.29185202717781067 -0.7702440619468689 -0.16045820713043213 1.0 0.0 0.75
v 0.28247424960136414 -0.8089274764060974 -0.1651470959186554 1.0 0.0 0.75
v 0.2730964422225952 -0.8487830758094788 -0.16397486627101898 1.0 0.0 0.75
v 0.2648908793926239 -0.8862942457199097 -0.1721804440021515 1.0 0.0 0.75
v 0.255513072013855 -0.9238054156303406 -0.17100821435451508 1.0 0.0 0.75
v 0.24730750918388367 -0.958972156047821 -0.1721804440021515 1.0 0.0 0.75
v 0.23792971670627594 -1.0 -0.17686933279037476 1.0 0.0 0.75
v 0.29067981243133545 -0.6412994265556335 -0.1358414888381958 1.0 0.0 0.75
v 0.28247424960136414 -0.6788105964660645 -0.13935816287994385 1.0 0.0 0.75
v 0.2730964422225952 -0.717494010925293 -0.13935816287994385 1.0 0.0 0.75
v 0.2648908793926239 -0.7561773657798767 -0.13935816287994385 1.0 0.0 0.75
v 0.255513072013855 -0.7936885356903076 -0.14170260727405548 1.0 0.0 0.75
v 0.24613529443740845 -0.8347163796424866 -0.1440470665693283 1.0 0.0 0.75
v 0.23675750195980072 -0.8710553646087646 -0.149908185005188 1.0 0.0 0.75
v 0.2285519242286682 -0.9097387194633484 -0.1510803997516632 1.0 0.0 0.75
v 0.21917413175106049 -0.9495943784713745 -0.15928597748279572 1.0 0.0 0.75
v 0.20979633927345276 -0.9906222224235535 -0.15928597748279572 1.0 0.0 0.75
v 0.26020199060440063 -0.6424716114997864 -0.11708590388298035 1.0 0.0 0.75
v 0.25199639797210693 -0.6788105964660645 -0.11825813353061676 1.0 0.0 0.75
v 0.241446390748024 -0.721010684967041 -0.12294702976942062 1.0 0.0 0.75
v 0.23206859827041626 -0.7608662843704224 -0.12411925196647644 1.0 0.0 0.75
v 0.22386303544044495 -0.7972052097320557 -0.13115260004997253 1.0 0.0 0.75
v 0.21448524296283722 -0.8358886241912842 -0.1288081556558609 1.0 0.0 0.75
v 0.2051074504852295 -0.8769164681434631 -0.13232481479644775 1.0 0.0 0.75
v 0.19690187275409698 -0.9120832085609436 -0.13466927409172058 1.0 0.0 0.75
v 0.18752408027648926 -0.9531110525131226 -0.13818594813346863 1.0 0.0 0.75
v 0.20979633927345276 -0.6752939224243164 -0.09481364488601685 1.0 0.0 0.75
v 0.20159077644348145 -0.7104606628417969 -0.09012474864721298 1.0 0.0 0.75
v 0.1910407543182373 -0.7514885067939758 -0.09598587453365326 1.0 0.0 0.75
v 0.18166296184062958 -0.7901718616485596 -0.09598587453365326 1.0 0.0 0.75
v 0.17345739901065826 -0.8265108466148376 -0.09715809673070908 1.0 0.0 0.75
v 0.16525182127952576 -0.862849771976471 -0.10301921516656876 1.0 0.0 0.75
v 0.15587402880191803 -0.9027053713798523 -0.10536366701126099 1.0 0.0 0.75
v 0.1464962363243103 -0.9413887858390808 -0.11005256325006485 1.0 0.0 0.75
v 0.15821847319602966 -0.6952217221260071 -0.05964692309498787 1.0 0.0 0.75
v 0.15001291036605835 -0.7303884625434875 -0.06668026745319366 1.0 0.0 0.75
v 0.14063511788845062 -0.7725884914398193 -0.06550804525613785 1.0 0.0 0.75
v 0.1312573254108429 -0.8112719058990479 -0.07136916369199753 1.0 0.0 0.75
v 0.12305175513029099 -0.8476108908653259 -0.07019694149494171 1.0 0.0 0.75
v 0.11367396265268326 -0.8851220607757568 -0.08074695616960526 1.0 0.0 0.75
v 0.10429617017507553 -0.9249776601791382 -0.07957473397254944 1.0 0.0 0.75
v 0.12187953293323517 -0.7057717442512512 -0.03737466409802437 1.0 0.0 0.75
v 0.11250174045562744 -0.7444551587104797 -0.03854689002037048 1.0 0.0 0.75
v 0.10429617017507553 -0.7819663286209106 -0.046752460300922394 1.0 0.0 0.75
v 0.0949183776974678 -0.8229941725730896 -0.04323578625917435 1.0 0.0 0.75
v 0.08554058521986008 -0.8605053424835205 -0.04792468249797821 1.0 0.0 0.75
v 0.07733501493930817 -0.8968442678451538 -0.05730247497558594 1.0 0.0 0.75
v 0.06795722246170044 -0.9355276823043823 -0.054958026856184006 1.0 0.0 0.75
v 0.0867128074169159 -0.7256995439529419 -0.024480199441313744 1.0 0.0 0.75
v 0.07733501493930817 -0.7643829584121704 -0.030341321602463722 1.0 0.0 0.75
v 0.06795722246170044 -0.8042385578155518 -0.029169097542762756 1.0 0.0 0.75
v 0.058579426258802414 -0.8429219722747803 -0.03151354566216469 1.0 0.0 0.75
v 0.0503738597035408 -0.8827775716781616 -0.0397191122174263 1.0 0.0 0.75
v 0.040996063500642776 -0.9179443120956421 -0.0397191122174263 1.0 0.0 0.75
v 0.03747939318418503 -0.7467995882034302 0.003653179155662656 1.0 0.0 0.75
v 0.0281016007065773 -0.7878274321556091 0.00013650668552145362 1.0 0.0 0.75
v 0.01989603042602539 -0.8265108466148376 -0.005724614020437002 1.0 0.0 0.75
v 0.01169046200811863 -0.8616775274276733 -0.006896838080137968 1.0 0.0 0.75
v 0.0011404446559026837 -0.9038776159286499 -0.006896838080137968 1.0 0.0 0.75
v -0.004720676224678755 -0.7479718327522278 0.03061433508992195 1.0 0.0 0.75
v -0.01409846916794777 -0.7878274321556091 0.024753212928771973 1.0 0.0 0.75
v -0.02230403758585453 -0.8276830315589905 0.02006431668996811 1.0 0.0 0.75
v -0.03168183192610741 -0.862849771976471 0.018892092630267143 1.0 0.0 0.75
v -0.041059624403715134 -0.9038776159286499 0.015375420451164246 1.0 0.0 0.75
v -0.05043741688132286 -0.7796218395233154 0.05054214596748352 1.0 0.0 0.75
v -0.057470761239528656 -0.8136163353919983 0.047025471925735474 1.0 0.0 0.75
v -0.06684855371713638 -0.8534719944000244 0.04819769784808159 1.0 0.0 0.75
v -0.07622634619474411 -0.8909831643104553 0.04233657568693161 1.0 0.0 0.75
v -0.07857079803943634 -0.7819663286209106 0.06226438656449318 1.0 0.0 0.75
v -0.08677636831998825 -0.8171330094337463 0.05874771252274513 1.0 0.0 0.75
v -0.09615416079759598 -0.8569886684417725 0.05991993844509125 1.0 0.0 0.75
v 0.23678700625896454 -0.577055811882019 -0.08611664921045303 1.0 0.0 0.75
v 0.08892722427845001 -0.8096859455108643 -0.04380636662244797 1.0 0.0 0.75
v 0.13593320548534393 -0.7975813746452332 -0.07052511721849442 1.0 0.0 0.75
v 0.1489131897687912 -0.7951509356498718 -0.07809875160455704 1.0 0.0 0.75
v 0.062159694731235504 -0.22526328265666962 0.09825499355792999 1.0 0.0 0.75
v 0.11626797169446945 -0.7070037126541138 -0.03883054852485657 1.0 0.0 0.75
v 0.25511065125465393 -0.7561140656471252 -0.13595500588417053 1.0 0.0 0.75
v -0.07247094064950943 -0.7721102833747864 0.06491050124168396 1.0 0.0 0.75
v 0.2994084656238556 -0.6731991767883301 -0.14579489827156067 1.0 0.0 0.75
v 0.16354221105575562 -0.7976493835449219 -0.0877581238746643 1.0 0.0 0.75
v 0.2708626389503479 -0.7620236277580261 -0.14704646170139313 1.0 0.0 0.75
v -0.007894404232501984 -0.8321884870529175 0.011749498546123505 1.0 0.0 0.75
v 0.09988684207201004 -0.1798877716064453 0.08446013182401657 1.0 0.0 0.75
v -0.12187161296606064 -0.8111634850502014 0.0873418003320694 1.0 0.0 0.75
v 0.08796229213476181 -0.12029191106557846 0.10468114167451859 1.0 0.0 0.75
v 0.1124463826417923 -0.5087159872055054 0.006088588386774063 1.0 0.0 0.75
v 0.13460853695869446 -0.9409380555152893 -0.10045123845338821 1.0 0.0 0.75
v 0.15468204021453857 -0.25086748600006104 0.03506074845790863 1.0 0.0 0.75
v -0.15895943343639374 -0.8296979665756226 0.10649577528238297 1.0 0.0 0.75
v -0.008294863626360893 -0.6402000784873962 0.05318373814225197 1.0 0.0 0.75
v 0.14350838959217072 -0.9162359237670898 -0.10070265084505081 1.0 0.0 0.75
v -0.0838966891169548 -0.7307001948356628 0.0809192880988121 1.0 0.0 0.75
v -0.04953968524932861 -0.5193032622337341 0.10484040528535843 1.0 0.0 0.75
v 0.06490420550107956 -0.8310388326644897 -0.0334048829972744 1.0 0.0 0.75
v 0.08133924752473831 -0.7326180934906006 -0.022541861981153488 1.0 0.0 0.75
v 0.07715845108032227 -0.6266605257987976 0.0027950501535087824 1.0 0.0 0.75
v -0.11716087907552719 -0.5571461319923401 0.13889461755752563 1.0 0.0 0.75
v -0.015203792601823807 -0.36034372448921204 0.11752603948116302 1.0 0.0 0.75
v 0.11354342848062515 -0.26387786865234375 0.0579259991645813 1.0 0.0 0.75
v 0.15602245926856995 -0.15508516132831573 0.05477158725261688 1.0 0.0 0.75
v 0.15976756811141968 -0.31889936327934265 0.017295246943831444 1.0 0.0 0.75
v -0.09707701951265335 -0.7831436395645142 0.07788929343223572 1.0 0.0 0.75
v -0.11045261472463608 -0.8806214332580566 0.06532051414251328 1.0 0.0 0.75
v 0.20891430974006653 -0.9625345468521118 -0.15142495930194855 1.0 0.0 0.75
v 0.2240884155035019 -0.707434892654419 -0.10616548359394073 1.0 0.0 0.75
v 0.23906172811985016 -0.5489823818206787 -0.08151309192180634 1.0 0.0 0.75
v 0.05713116005063057 -0.27365607023239136 0.09101004898548126 1.0 0.0 0.75
v 0.37442800402641296 -0.6093282699584961 -0.17887967824935913 1.0 0.0 0.75
v 0.13608665764331818 -0.48308876156806946 -0.0031572759617120028 1.0 0.0 0.75
v 0.2666134536266327 -0.5977972149848938 -0.10916733741760254 1.0 0.0 0.75
v 0.27204132080078125 -0.8426925539970398 -0.1650862842798233 1.0 0.0 0.75
v -0.07048926502466202 -0.6870465278625488 0.08192212134599686 1.0 0.0 0.75
v -0.05587761476635933 -0.478474497795105 0.11755146831274033 1.0 0.0 0.75
v 0.021563977003097534 -0.4158419668674469 0.0826905146241188 1.0 0.0 0.75
v 0.07649820297956467 -0.8437804579734802 -0.04336879029870033 1.0 0.0 0.75
v 0.12749582529067993 -0.6246192455291748 -0.028160080313682556 1.0 0.0 0.75
v 0.029431317001581192 -0.33433449268341064 0.09526865184307098 1.0 0.0 0.75
v 0.1845751702785492 -0.9193332195281982 -0.12697845697402954 1.0 0.0 0.75
v 0.20769357681274414 -0.4601588547229767 -0.04289625212550163 1.0 0.0 0.75
v 0.09197371453046799 -0.34736499190330505 0.05346870794892311 1.0 0.0 0.75
v 0.29177871346473694 -0.7241426706314087 -0.15196476876735687 1.0 0.0 0.75
v 0.05280481278896332 -0.4308428466320038 0.05998917669057846 1.0 0.0 0.75
v 0.16832484304904938 -0.2531270384788513 0.026067672297358513 1.0 0.0 0.75
v 0.24229076504707336 -0.8485028743743896 -0.1477786898612976 1.0 0.0 0.75
v -0.0671929121017456 -0.866229236125946 0.04142886400222778 1.0 0.0 0.75
v 0.2294674962759018 -0.827971339225769 -0.13537710905075073 1.0 0.0 0.75
v -0.041616275906562805 -0.8654175996780396 0.025652054697275162 1.0 0.0 0.75
v 0.3089393675327301 -0.6769243478775024 -0.15253795683383942 1.0 0.0 0.75
v -0.1075105145573616 -0.8602526783943176 0.06785508245229721 1.0 0.0 0.75
v -0.08471134305000305 -0.8457716703414917 0.05674273520708084 1.0 0.0 0.75
v 0.2621834874153137 -0.7816040515899658 -0.14583398401737213 1.0 0.0 0.75
v 0.08223773539066315 -0.138321653008461 0.10438361763954163 1.0 0.0 0.75
v 0.11110806465148926 -0.69231116771698 -0.0324607715010643 1.0 0.0 0.75
v 0.17516928911209106 -0.25292080640792847 0.02184336632490158 1.0 0.0 0.75
v 0.02211233228445053 -0.6120797991752625 0.04025246948003769 1.0 0.0 0.75
v 0.034561917185783386 -0.5013538002967834 0.05624070391058922 1.0 0.0 0.75
v 0.09417907148599625 -0.37164777517318726 0.04688429832458496 1.0 0.0 0.75
v 0.26914122700691223 -0.5458011031150818 -0.09958980232477188 1.0 0.0 0.75
v 0.09555279463529587 -0.12134046107530594 0.09972238540649414 1.0 0.0 0.75
v 0.14735667407512665 -0.3564295172691345 0.016984527930617332 1.0 0.0 0.75
v 0.10590112954378128 -0.35898661613464355 0.04228983074426651 1.0 0.0 0.75
v 0.09531305730342865 -0.3924098610877991 0.04172329977154732 1.0 0.0 0.75
v -0.0947449579834938 -0.7683080434799194 0.07961736619472504 1.0 0.0 0.75
v -0.1287795901298523 -0.8191043734550476 0.08994653820991516 1.0 0.0 0.75
v 0.26646551489830017 -0.7093682885169983 -0.13300877809524536 1.0 0.0 0.75
v 0.10355082899332047 -0.40674135088920593 0.03351146727800369 1.0 0.0 0.75
v 0.2036098688840866 -0.6440021395683289 -0.07978668808937073 1.0 0.0 0.75
v 0.039904795587062836 -0.5204605460166931 0.04880990833044052 1.0 0.0 0.75
v -0.0905228853225708 -0.8283112049102783 0.06411266326904297 1.0 0.0 0.75
v 0.1649806797504425 -0.7362452745437622 -0.07548309862613678 1.0 0.0 0.75
v 0.19379040598869324 -0.5330585837364197 -0.04986363649368286 1.0 0.0 0.75
v 0.1781473606824875 -0.576985239982605 -0.04953077808022499 1.0 0.0 0.75
v 0.21618017554283142 -0.843550443649292 -0.1304323822259903 1.0 0.0 0.75
v 0.030405161902308464 -0.6610633730888367 0.024572888389229774 1.0 0.0 0.75
v -0.04034889116883278 -0.35404521226882935 0.13455896079540253 1.0 0.0 0.75
v -0.13825780153274536 -0.6595278978347778 0.13008928298950195 1.0 0.0 0.75
v 0.08613139390945435 -0.09267841279506683 0.11174651235342026 1.0 0.0 0.75
v 0.2474844604730606 -0.3930286467075348 -0.05331144854426384 1.0 0.0 0.75
v 0.01942257769405842 -0.456607460975647 0.07528117299079895 1.0 0.0 0.75
v 0.21842829883098602 -0.693284273147583 -0.09960000962018967 1.0 0.0 0.75
v -0.20079278945922852 -0.8081273436546326 0.13721245527267456 1.0 0.0 0.75
v -0.054499655961990356 -0.6910136938095093 0.07109914720058441 1.0 0.0 0.75
v -0.10559127479791641 -0.7741295695304871 0.0851328894495964 1.0 0.0 0.75
v 0.1819029003381729 -0.6998341083526611 -0.07822591066360474 1.0 0.0 0.75
v 0.26986274123191833 -0.7710914015769958 -0.14836804568767548 1.0 0.0 0.75
v 0.005037435796111822 -0.3062788248062134 0.11650031805038452 1.0 0.0 0.75
v 0.2171013206243515 -0.557569146156311 -0.06965944170951843 1.0 0.0 0.75
v 0.15849536657333374 -0.9671419262886047 -0.12096943706274033 1.0 0.0 0.75
v -0.015909047797322273 -0.40998390316963196 0.10731729120016098 1.0 0.0 0.75
v -0.12012182176113129 -0.6335688829421997 0.12434734404087067 1.0 0.0 0.75
v 0.10293389111757278 -0.27622467279434204 0.06189407408237457 1.0 0.0 0.75
v -0.044323183596134186 -0.5120378136634827 0.10314568132162094 1.0 0.0 0.75
v 0.16711847484111786 -0.8741322159767151 -0.10639522224664688 1.0 0.0 0.75
v 0.04921313002705574 -0.8290532231330872 -0.02319316565990448 1.0 0.0 0.75
v 0.13188351690769196 -0.4230736196041107 0.012338202446699142 1.0 0.0 0.75
v 0.023514850065112114 -0.47142547369003296 0.06955032050609589 1.0 0.0 0.75
v 0.08433183282613754 -0.014919553883373737 0.1295492947101593 1.0 0.0 0.75
v 0.10683023929595947 -0.5132277607917786 0.008623271249234676 1.0 0.0 0.75
v 0.14535896480083466 -0.7518259286880493 -0.06658826023340225 1.0 0.0 0.75
v 0.165648952126503 -0.31786248087882996 0.013849744573235512 1.0 0.0 0.75
v 0.1404300034046173 -0.5418058633804321 -0.018461745232343674 1.0 0.0 0.75
v 0.01815543696284294 -0.41538554430007935 0.08491416275501251 1.0 0.0 0.75
v 0.14788322150707245 -0.4285692572593689 0.00118105742149055 1.0 0.0 0.75
v 0.02702268399298191 -0.40440669655799866 0.08173922449350357 1.0 0.0 0.75
v 0.22138315439224243 -0.590187132358551 -0.07932686805725098 1.0 0.0 0.75
v 0.04821863770484924 -0.4622873067855835 0.05610402673482895 1.0 0.0 0.75
v 0.011743996292352676 -0.7531082630157471 0.01646590232849121 1.0 0.0 0.75
v 0.11277684569358826 -0.45019182562828064 0.018436836078763008 1.0 0.0 0.75
v 0.12093622982501984 -0.18245835602283478 0.07078120857477188 1.0 0.0 0.75
v 0.1749727427959442 -0.9415847659111023 -0.1257631778717041 1.0 0.0 0.75
v 0.15593577921390533 -0.7760125994682312 -0.07837294042110443 1.0 0.0 0.75
v 0.051679011434316635 -0.06285250931978226 0.13963092863559723 1.0 0.0 0.75
v 0.09396393597126007 -0.9270673394203186 -0.07212765514850616 1.0 0.0 0.75
v 0.0949082002043724 -0.04588968679308891 0.1163097470998764 1.0 0.0 0.75
v 0.13675974309444427 -0.111284539103508 0.07618073374032974 1.0 0.0 0.75
v -0.06023496389389038 -0.5782450437545776 0.09886661171913147 1.0 0.0 0.75
v -0.05624965578317642 -0.37125834822654724 0.14078302681446075 1.0 0.0 0.75
v -0.008489889092743397 -0.7362286448478699 0.032705750316381454 1.0 0.0 0.75
v 0.02355012111365795 -0.47116774320602417 0.06958361715078354 1.0 0.0 0.75
v -0.02800130844116211 -0.3931470811367035 0.11847041547298431 1.0 0.0 0.75
v 0.03761342167854309 -0.38714706897735596 0.07883674651384354 1.0 0.0 0.75
v -0.17084842920303345 -0.7067302465438843 0.14028885960578918 1.0 0.0 0.75
v 0.005423385184258223 -0.895844042301178 -0.010211278684437275 1.0 0.0 0.75
v -0.04657794535160065 -0.787848949432373 0.045386090874671936 1.0 0.0 0.75
v 0.028424056246876717 -0.7832815051078796 -0.0004092796298209578 1.0 0.0 0.75
v 0.2228488028049469 -0.5275225043296814 -0.06679839640855789 1.0 0.0 0.75
v -0.13753536343574524 -0.7865728139877319 0.10238562524318695 1.0 0.0 0.75
v 0.10235928744077682 -0.5528377294540405 0.002914635930210352 1.0 0.0 0.75
v 0.1830100268125534 -0.644330620765686 -0.06701001524925232 1.0 0.0 0.75
v 0.03873293846845627 -0.919992208480835 -0.03616500273346901 1.0 0.0 0.75
v 0.227498859167099 -0.3474716544151306 -0.031074706465005875 1.0 0.0 0.75
v -0.05151546001434326 -0.46211010217666626 0.11834142357110977 1.0 0.0 0.75
v -0.014786045998334885 -0.4602867364883423 0.09582618623971939 1.0 0.0 0.75
v 0.11697865277528763 -0.5379401445388794 -0.0030070047359913588 1.0 0.0 0.75
v 0.11947635561227798 -0.15082688629627228 0.07847710698843002 1.0 0.0 0.75
v 0.08263590931892395 -0.19792284071445465 0.09134991466999054 1.0 0.0 0.75
v -0.03524506837129593 -0.3711737394332886 0.12770162522792816 1.0 0.0 0.75
v -0.09802538901567459 -0.8034877181053162 0.07411663234233856 1.0 0.0 0.75
v -0.04200446605682373 -0.5793731808662415 0.08725511282682419 1.0 0.0 0.75
v -0.05889471620321274 -0.8572923541069031 0.03817077353596687 1.0 0.0 0.75
v 0.09060584008693695 -0.7530190944671631 -0.03269731253385544 1.0 0.0 0.75
v -0.12046629190444946 -0.7595919966697693 0.09752825647592545 1.0 0.0 0.75
v 0.33123287558555603 -0.5849997997283936 -0.14672210812568665 1.0 0.0 0.75
v 0.25938138365745544 -0.46709373593330383 -0.07661911100149155 1.0 0.0 0.75
v 0.03874898701906204 -0.47170642018318176 0.05998925119638443 1.0 0.0 0.75
v 0.2756573557853699 -0.7450236678123474 -0.1463899314403534 1.0 0.0 0.75
v 0.29669246077537537 -0.7719979286193848 -0.16529493033885956 1.0 0.0 0.75
v 0.0008188822539523244 -0.7165107131004333 0.031130123883485794 1.0 0.0 0.75
v 0.10066158324480057 -0.9545589089393616 -0.08220202475786209 1.0 0.0 0.75
v -0.08525243401527405 -0.7413222789764404 0.07948620617389679 1.0 0.0 0.75
v 0.35188448429107666 -0.5850052833557129 -0.15960271656513214 1.0 0.0 0.75
v -0.1039922684431076 -0.8016969561576843 0.07822203636169434 1.0 0.0 0.75
v 0.04234044626355171 -0.6440014243125916 0.020789479836821556 1.0 0.0 0.75
v 0.14355428516864777 -0.14165295660495758 0.06542880833148956 1.0 0.0 0.75
v 0.17503604292869568 -0.4096978008747101 -0.011704632081091404 1.0 0.0 0.75
v 0.0856785699725151 -0.03590035066008568 0.12420868873596191 1.0 0.0 0.75
v -0.019753962755203247 -0.7217003107070923 0.0428471714258194 1.0 0.0 0.75
v -0.04447322338819504 -0.6392612457275391 0.0759478509426117 1.0 0.0 0.75
v 0.2564123272895813 -0.6777999997138977 -0.11996720731258392 1.0 0.0 0.75
v 0.2546539902687073 -0.40560683608055115 -0.060480959713459015 1.0 0.0 0.75
v 0.22422224283218384 -0.9058565497398376 -0.14881347119808197 1.0 0.0 0.75
v -0.03430608659982681 -0.6598080992698669 0.06519947201013565 1.0 0.0 0.75
v 0.05265381559729576 -0.10986276715993881 0.12893855571746826 1.0 0.0 0.75
v 0.19463087618350983 -0.3725983798503876 -0.015966590493917465 1.0 0.0 0.75
v 0.04768207669258118 -0.3048228919506073 0.0902172178030014 1.0 0.0 0.75
