v 0.265697181224823 -0.42738285660743713 -0.06043009087443352 1.0 0.0 0.0
v 0.3457096517086029 -0.4994928538799286 -0.0999424159526825 1.0 0.0 0.0
v 0.36744144558906555 -0.5113465785980225 -0.11179611831903458 1.0 0.0 0.0
v 0.37929514050483704 -0.5261636972427368 -0.11871077865362167 1.0 0.0 0.0
v -0.028669660910964012 -0.3315654695034027 0.09465579688549042 1.0 0.0 0.0
v -0.020767195150256157 -0.30094340443611145 0.08774114400148392 1.0 0.0 0.0
v -0.011876920238137245 -0.2673579454421997 0.0857655256986618 1.0 0.0 0.0
v -0.0029866464901715517 -0.23377245664596558 0.08280210196971893 1.0 0.0 0.0
v -0.04546239972114563 -0.5320905447006226 0.09761922061443329 1.0 0.0 0.0
v -0.03657212480902672 -0.49751725792884827 0.0926801785826683 1.0 0.0 0.0
v -0.027681851759552956 -0.462943971157074 0.0857655256986618 1.0 0.0 0.0
v -0.018791578710079193 -0.43034628033638 0.07983867824077606 1.0 0.0 0.0
v -0.009901303797960281 -0.39972424507141113 0.07983867824077606 1.0 0.0 0.0
v -0.0010110301664099097 -0.36515095829963684 0.07489963620901108 1.0 0.0 0.0
v 0.007879244163632393 -0.3315654695034027 0.0719362124800682 1.0 0.0 0.0
v 0.016769517213106155 -0.2999556064605713 0.06798497587442398 1.0 0.0 0.0
v 0.025659792125225067 -0.26834574341773987 0.06699717044830322 1.0 0.0 0.0
v -0.018791578710079193 -0.5350539684295654 0.07786305993795395 1.0 0.0 0.0
v -0.009901303797960281 -0.4994928538799286 0.07489963620901108 1.0 0.0 0.0
v -0.0010110301664099097 -0.46788299083709717 0.07391182333230972 1.0 0.0 0.0
v 0.007879244163632393 -0.43627312779426575 0.06600935757160187 1.0 0.0 0.0
v 0.016769517213106155 -0.40367546677589417 0.06798497587442398 1.0 0.0 0.0
v 0.025659792125225067 -0.3691021800041199 0.06600935757160187 1.0 0.0 0.0
v 0.03356225788593292 -0.3384801149368286 0.063045933842659 1.0 0.0 0.0
v 0.04344033822417259 -0.30291903018951416 0.0561312772333622 1.0 0.0 0.0
v 0.05331842228770256 -0.26637011766433716 0.050204429775476456 1.0 0.0 0.0
v 0.003928010817617178 -0.5528345108032227 0.06699717044830322 1.0 0.0 0.0
v 0.012818285264074802 -0.5222124457359314 0.06699717044830322 1.0 0.0 0.0
v 0.022696366533637047 -0.4856635332107544 0.060082510113716125 1.0 0.0 0.0
v 0.03158663958311081 -0.45207807421684265 0.05909470096230507 1.0 0.0 0.0
v 0.039489105343818665 -0.42046821117401123 0.05514346808195114 1.0 0.0 0.0
v 0.048379380255937576 -0.3868827223777771 0.05316785350441933 1.0 0.0 0.0
v 0.05726965516805649 -0.3542850613594055 0.05316785350441933 1.0 0.0 0.0
v 0.06714773923158646 -0.3197117745876312 0.04526538774371147 1.0 0.0 0.0
v 0.07603801041841507 -0.28513848781585693 0.0423019640147686 1.0 0.0 0.0
v 0.04146472364664078 -0.5409808158874512 0.047241002321243286 1.0 0.0 0.0
v 0.05035499855875969 -0.5083831548690796 0.04328976944088936 1.0 0.0 0.0
v 0.0592452697455883 -0.47282204031944275 0.04328976944088936 1.0 0.0 0.0
v 0.06912335008382797 -0.4372609555721283 0.03835073113441467 1.0 0.0 0.0
v 0.07801362872123718 -0.4046632647514343 0.0353873036801815 1.0 0.0 0.0
v 0.0869038999080658 -0.3730534017086029 0.03341168910264969 1.0 0.0 0.0
v 0.09579417109489441 -0.33749231696128845 0.02649703063070774 1.0 0.0 0.0
v 0.10468444973230362 -0.30785807967185974 0.025509223341941833 1.0 0.0 0.0
v 0.08295267075300217 -0.5330783128738403 0.027484839782118797 1.0 0.0 0.0
v 0.09085513651371002 -0.5034440755844116 0.022545797750353813 1.0 0.0 0.0
v 0.09974540770053864 -0.47084641456604004 0.02353360690176487 1.0 0.0 0.0
v 0.1096234917640686 -0.4342975318431854 0.015631141141057014 1.0 0.0 0.0
v 0.11851376295089722 -0.40169984102249146 0.015631141141057014 1.0 0.0 0.0
v 0.12740403413772583 -0.37008997797966003 0.009704291820526123 1.0 0.0 0.0
v 0.1372821182012558 -0.33255326747894287 0.008716483600437641 1.0 0.0 0.0
v 0.09974540770053864 -0.5557979345321655 0.016618948429822922 1.0 0.0 0.0
v 0.10863567888736725 -0.5241880416870117 0.014643332920968533 1.0 0.0 0.0
v 0.11851376295089722 -0.48862698674201965 0.010692100040614605 1.0 0.0 0.0
v 0.12740403413772583 -0.4550414979457855 0.010692100040614605 1.0 0.0 0.0
v 0.13629430532455444 -0.42244383692741394 0.0037774424999952316 1.0 0.0 0.0
v 0.14518459141254425 -0.38787052035331726 0.0008140178979374468 1.0 0.0 0.0
v 0.15506266057491302 -0.3523094356060028 -0.0031372150406241417 1.0 0.0 0.0
v 0.1323430836200714 -0.5350539684295654 0.0018018260598182678 1.0 0.0 0.0
v 0.14123335480690002 -0.5034440755844116 0.0008140178979374468 1.0 0.0 0.0
v 0.15012362599372864 -0.4698586165904999 -0.001161598484031856 1.0 0.0 0.0
v 0.15901389718055725 -0.43627312779426575 -0.007088447920978069 1.0 0.0 0.0
v 0.16790416836738586 -0.4056510925292969 -0.006100639700889587 1.0 0.0 0.0
v 0.17679445445537567 -0.3710778057575226 -0.012027489021420479 1.0 0.0 0.0
v 0.16197732090950012 -0.5617247819900513 -0.014990913681685925 1.0 0.0 0.0
v 0.1718554049730301 -0.5281392931938171 -0.016966529190540314 1.0 0.0 0.0
v 0.17975787818431854 -0.4994928538799286 -0.01795433834195137 1.0 0.0 0.0
v 0.18864814937114716 -0.46590739488601685 -0.02091776207089424 1.0 0.0 0.0
v 0.19753842055797577 -0.43133410811424255 -0.02388118766248226 1.0 0.0 0.0
v 0.20642869174480438 -0.39972424507141113 -0.028820227831602097 1.0 0.0 0.0
v 0.20148965716362 -0.5557979345321655 -0.03178365156054497 1.0 0.0 0.0
v 0.21136774122714996 -0.5202368497848511 -0.035734884440898895 1.0 0.0 0.0
v 0.21927019953727722 -0.4896147847175598 -0.03771050274372101 1.0 0.0 0.0
v 0.2291482836008072 -0.4550414979457855 -0.04363735020160675 1.0 0.0 0.0
v 0.2380385547876358 -0.4194803833961487 -0.04462515935301781 1.0 0.0 0.0
v 0.22816047072410583 -0.5637003779411316 -0.04462515935301781 1.0 0.0 0.0
v 0.23705074191093445 -0.5301148891448975 -0.05055201053619385 1.0 0.0 0.0
v 0.24692882597446442 -0.4965294301509857 -0.057466667145490646 1.0 0.0 0.0
v 0.2558191120624542 -0.46096834540367126 -0.05351543426513672 1.0 0.0 0.0
v 0.2548312842845917 -0.5617247819900513 -0.057466667145490646 1.0 0.0 0.0
v 0.2637215554714203 -0.5271514654159546 -0.061417900025844574 1.0 0.0 0.0
v 0.2726118564605713 -0.49554163217544556 -0.0653691291809082 1.0 0.0 0.0
v -0.05138924717903137 -0.5488832592964172 0.10255826264619827 1.0 0.0 0.0
v -0.04249897599220276 -0.44022437930107117 0.10157045722007751 1.0 0.0 0.0
v -0.034596510231494904 -0.4738098382949829 0.09366799145936966 1.0 0.0 0.0
v -0.027681851759552956 -0.5024563074111938 0.08971675485372543 1.0 0.0 0.0
v -0.0197793859988451 -0.5340661406517029 0.08082648366689682 1.0 0.0 0.0
v -0.03163308650255203 -0.3335410952568054 0.09761922061443329 1.0 0.0 0.0
v -0.023730618879199028 -0.36712655425071716 0.08971675485372543 1.0 0.0 0.0
v -0.01681596226990223 -0.39676082134246826 0.08280210196971893 1.0 0.0 0.0
v -0.0089134955778718 -0.42935848236083984 0.07885086536407471 1.0 0.0 0.0
v -0.0010110301664099097 -0.4619561433792114 0.07292401790618896 1.0 0.0 0.0
v 0.005903627257794142 -0.4925782084465027 0.06897278130054474 1.0 0.0 0.0
v 0.01380609255284071 -0.5251758694648743 0.06502155214548111 1.0 0.0 0.0
v -0.023730618879199028 -0.27328479290008545 0.09761922061443329 1.0 0.0 0.0
v -0.015828153118491173 -0.30489465594291687 0.08872894942760468 1.0 0.0 0.0
v -0.0089134955778718 -0.33551669120788574 0.08477771282196045 1.0 0.0 0.0
v -0.0010110301664099097 -0.3691021800041199 0.08082648366689682 1.0 0.0 0.0
v 0.006891435477882624 -0.402687668800354 0.07094839960336685 1.0 0.0 0.0
v 0.014793900772929192 -0.4342975318431854 0.06798497587442398 1.0 0.0 0.0
v 0.022696366533637047 -0.46590739488601685 0.063045933842659 1.0 0.0 0.0
v 0.029611025005578995 -0.4985050559043884 0.05810689553618431 1.0 0.0 0.0
v 0.03751349076628685 -0.5301148891448975 0.05316785350441933 1.0 0.0 0.0
v -0.010889112018048763 -0.20611383020877838 0.08872894942760468 1.0 0.0 0.0
v -0.003974454943090677 -0.23871149122714996 0.08477771282196045 1.0 0.0 0.0
v 0.003928010817617178 -0.2703213691711426 0.07983867824077606 1.0 0.0 0.0
v 0.01183047704398632 -0.3039068281650543 0.07292401790618896 1.0 0.0 0.0
v 0.019732942804694176 -0.33749231696128845 0.06699717044830322 1.0 0.0 0.0
v 0.026647599413990974 -0.366138756275177 0.06502155214548111 1.0 0.0 0.0
v 0.03356225788593292 -0.39676082134246826 0.06205812841653824 1.0 0.0 0.0
v 0.04146472364664078 -0.43034628033638 0.05415566265583038 1.0 0.0 0.0
v 0.04936718940734863 -0.46096834540367126 0.04822881147265434 1.0 0.0 0.0
v 0.05628184601664543 -0.4925782084465027 0.0423019640147686 1.0 0.0 0.0
v 0.06418430805206299 -0.5251758694648743 0.03933853656053543 1.0 0.0 0.0
v 0.03455006703734398 -0.265382319688797 0.06600935757160187 1.0 0.0 0.0
v 0.04146472364664078 -0.2950165569782257 0.05909470096230507 1.0 0.0 0.0
v 0.04936718940734863 -0.3276142477989197 0.0561312772333622 1.0 0.0 0.0
v 0.05726965516805649 -0.36021190881729126 0.04822881147265434 1.0 0.0 0.0
v 0.06517212092876434 -0.3937973976135254 0.04625319689512253 1.0 0.0 0.0
v 0.07208677381277084 -0.42441943287849426 0.03933853656053543 1.0 0.0 0.0
v 0.0799892395734787 -0.45701712369918823 0.03242387995123863 1.0 0.0 0.0
v 0.08789170533418655 -0.4896147847175598 0.028472647070884705 1.0 0.0 0.0
v 0.09480636566877365 -0.5192490220069885 0.025509223341941833 1.0 0.0 0.0
v 0.1027088314294815 -0.5528345108032227 0.018594564869999886 1.0 0.0 0.0
v 0.07109896838665009 -0.27526038885116577 0.03933853656053543 1.0 0.0 0.0
v 0.07900143414735794 -0.3068702518939972 0.041314154863357544 1.0 0.0 0.0
v 0.0869038999080658 -0.3414435386657715 0.03044826351106167 1.0 0.0 0.0
v 0.09480636566877365 -0.37206560373306274 0.028472647070884705 1.0 0.0 0.0
v 0.10172102600336075 -0.402687668800354 0.02353360690176487 1.0 0.0 0.0
v 0.10863567888736725 -0.4342975318431854 0.018594564869999886 1.0 0.0 0.0
v 0.1165381446480751 -0.466895192861557 0.015631141141057014 1.0 0.0 0.0
v 0.1234528049826622 -0.49554163217544556 0.006740867160260677 1.0 0.0 0.0
v 0.1303674578666687 -0.5261636972427368 0.0047652507200837135 1.0 0.0 0.0
v 0.13925772905349731 -0.5617247819900513 -0.00017379032215103507 1.0 0.0 0.0
v 0.10666006803512573 -0.3197117745876312 0.024521414190530777 1.0 0.0 0.0
v 0.11357472091913223 -0.3503338098526001 0.019582374021410942 1.0 0.0 0.0
v 0.12147718667984009 -0.3819436728954315 0.015631141141057014 1.0 0.0 0.0
v 0.12839184701442719 -0.4145413637161255 0.008716483600437641 1.0 0.0 0.0
v 0.13629430532455444 -0.44516339898109436 0.0057530589401721954 1.0 0.0 0.0
v 0.14320896565914154 -0.4757854640483856 0.0008140178979374468 1.0 0.0 0.0
v 0.15111143887043 -0.5113465785980225 -0.004125023260712624 1.0 0.0 0.0
v 0.15901389718055725 -0.5409808158874512 -0.011039680801331997 1.0 0.0 0.0
v 0.13925772905349731 -0.3453947901725769 0.010692100040614605 1.0 0.0 0.0
v 0.14716020226478577 -0.3770046532154083 0.0027896342799067497 1.0 0.0 0.0
v 0.15506266057491302 -0.4115779399871826 0.0008140178979374468 1.0 0.0 0.0
v 0.16197732090950012 -0.44121217727661133 -0.006100639700889587 1.0 0.0 0.0
v 0.16889198124408722 -0.47084641456604004 -0.012027489021420479 1.0 0.0 0.0
v 0.17679445445537567 -0.5044319033622742 -0.01795433834195137 1.0 0.0 0.0
v 0.18469691276550293 -0.5380173921585083 -0.02091776207089424 1.0 0.0 0.0
v 0.18667252361774445 -0.3868827223777771 -0.014003105461597443 1.0 0.0 0.0
v 0.19358718395233154 -0.41750478744506836 -0.019929954782128334 1.0 0.0 0.0
v 0.20148965716362 -0.4530658721923828 -0.02486899495124817 1.0 0.0 0.0
v 0.2084043174982071 -0.4827001094818115 -0.032771460711956024 1.0 0.0 0.0
v 0.21630677580833435 -0.5133221745491028 -0.03375926986336708 1.0 0.0 0.0
v 0.22322143614292145 -0.543944239616394 -0.04067392647266388 1.0 0.0 0.0
v 0.22618485987186432 -0.4096023142337799 -0.03672269359230995 1.0 0.0 0.0
v 0.23507513105869293 -0.44318780303001404 -0.04264954477548599 1.0 0.0 0.0
v 0.24198979139328003 -0.47282204031944275 -0.048576392233371735 1.0 0.0 0.0
v 0.24890445172786713 -0.5044319033622742 -0.05351543426513672 1.0 0.0 0.0
v 0.2568069100379944 -0.5390052199363708 -0.06043009087443352 1.0 0.0 0.0
v 0.26174595952033997 -0.44812682271003723 -0.05549104884266853 1.0 0.0 0.0
v 0.2696484327316284 -0.48171231150627136 -0.061417900025844574 1.0 0.0 0.0
v 0.2775508761405945 -0.5133221745491028 -0.06635694205760956 1.0 0.0 0.0
v 0.2815021276473999 -0.462943971157074 -0.06635694205760956 1.0 0.0 0.0
v 0.29631924629211426 -0.5488832592964172 -0.08018625527620316 1.0 0.0 0.0
v 0.30619731545448303 -0.5123343467712402 -0.08216187357902527 1.0 0.0 0.0
v 0.3140997886657715 -0.48171231150627136 -0.08512529730796814 1.0 0.0 0.0
v 0.32694128155708313 -0.567651629447937 -0.09599118679761887 1.0 0.0 0.0
v 0.33583158254623413 -0.5350539684295654 -0.09796680510044098 1.0 0.0 0.0
v 0.34966087341308594 -0.5745663046836853 -0.10488145798444748 1.0 0.0 0.0
v 0.3595389723777771 -0.5399929881095886 -0.10982050001621246 1.0 0.0 0.0
v 0.3783073127269745 -0.5666638016700745 -0.11871077865362167 1.0 0.0 0.0
v 0.2844655513763428 -0.543944239616394 -0.07327159494161606 1.0 0.0 0.0
v 0.30619731545448303 -0.5360417366027832 -0.08018625527620316 1.0 0.0 0.0
v 0.3526242971420288 -0.5745663046836853 -0.10586927086114883 1.0 0.0 0.0
v 0.38620978593826294 -0.5577735304832458 -0.1226620078086853 1.0 0.0 0.0
v 0.4168318510055542 -0.567651629447937 -0.14143036305904388 1.0 0.0 0.0
v -0.028669660910964012 -0.5686394572257996 0.08872894942760468 1.0 0.0 0.0
v -0.004962263163179159 -0.5883955955505371 0.07588744163513184 1.0 0.0 0.0
v 0.022696366533637047 -0.6101273894309998 0.060082510113716125 1.0 0.0 0.0
v 0.03158663958311081 -0.5745663046836853 0.050204429775476456 1.0 0.0 0.0
v 0.055294036865234375 -0.635810375213623 0.04032634571194649 1.0 0.0 0.0
v 0.06418430805206299 -0.6012371182441711 0.031436070799827576 1.0 0.0 0.0
v 0.07406239211559296 -0.5656760334968567 0.031436070799827576 1.0 0.0 0.0
v 0.08196485787630081 -0.6239566802978516 0.019582374021410942 1.0 0.0 0.0
v 0.09184294193983078 -0.5874077677726746 0.01760675758123398 1.0 0.0 0.0
v 0.10567225515842438 -0.635810375213623 0.011679908260703087 1.0 0.0 0.0
v 0.11456253379583359 -0.6012371182441711 0.006740867160260677 1.0 0.0 0.0
v 0.1234528049826622 -0.5696272253990173 0.0047652507200837135 1.0 0.0 0.0
v 0.13530650734901428 -0.6614934206008911 -0.00214940682053566 1.0 0.0 0.0
v 0.14518459141254425 -0.6259323358535767 -0.006100639700889587 1.0 0.0 0.0
v 0.15407486259937286 -0.5943224430084229 -0.014990913681685925 1.0 0.0 0.0
v 0.16592855751514435 -0.688164234161377 -0.02091776207089424 1.0 0.0 0.0
v 0.17481882870197296 -0.6535909175872803 -0.022893378511071205 1.0 0.0 0.0
v 0.18469691276550293 -0.6200054883956909 -0.025856804102659225 1.0 0.0 0.0
v 0.19259938597679138 -0.5883955955505371 -0.03178365156054497 1.0 0.0 0.0
v 0.1827213019132614 -0.7316277623176575 -0.025856804102659225 1.0 0.0 0.0
v 0.19259938597679138 -0.6970545053482056 -0.035734884440898895 1.0 0.0 0.0
v 0.20148965716362 -0.6624811887741089 -0.03771050274372101 1.0 0.0 0.0
v 0.2103799283504486 -0.6298835277557373 -0.04264954477548599 1.0 0.0 0.0
v 0.21927019953727722 -0.5972858667373657 -0.04462515935301781 1.0 0.0 0.0
v 0.20939211547374725 -0.7306399941444397 -0.04758858308196068 1.0 0.0 0.0
v 0.2172945886850357 -0.6990301012992859 -0.045612968504428864 1.0 0.0 0.0
v 0.22717267274856567 -0.664456844329834 -0.048576392233371735 1.0 0.0 0.0
v 0.2360629439353943 -0.6298835277557373 -0.05252762511372566 1.0 0.0 0.0
v 0.24594102799892426 -0.5953102707862854 -0.05647885799407959 1.0 0.0 0.0
v 0.24297760426998138 -0.7464449405670166 -0.061417900025844574 1.0 0.0 0.0
v 0.25285568833351135 -0.7108837962150574 -0.07030817121267319 1.0 0.0 0.0
v 0.2607581317424774 -0.6802617907524109 -0.06833256036043167 1.0 0.0 0.0
v 0.2696484327316284 -0.6466763019561768 -0.06833256036043167 1.0 0.0 0.0
v 0.27853870391845703 -0.6130908131599426 -0.07327159494161606 1.0 0.0 0.0
v 0.2726118564605713 -0.7701523303985596 -0.0791984498500824 1.0 0.0 0.0
v -0.011876920238137245 -0.5706150531768799 0.08181428909301758 1.0 0.0 0.0
v 0.02170855924487114 -0.559749186038971 0.05810689553618431 1.0 0.0 0.0
v 0.029611025005578995 -0.59135901927948 0.0561312772333622 1.0 0.0 0.0
v 0.03751349076628685 -0.6249445080757141 0.05415566265583038 1.0 0.0 0.0
v 0.04344033822417259 -0.5587613582611084 0.047241002321243286 1.0 0.0 0.0
v 0.052330613136291504 -0.5923468470573425 0.041314154863357544 1.0 0.0 0.0
v 0.06023307889699936 -0.6269201040267944 0.04032634571194649 1.0 0.0 0.0
v 0.07208677381277084 -0.5587613582611084 0.034399498254060745 1.0 0.0 0.0
v 0.07900143414735794 -0.5903711915016174 0.02649703063070774 1.0 0.0 0.0
v 0.0869038999080658 -0.6209932565689087 0.02057018131017685 1.0 0.0 0.0
v 0.09480636566877365 -0.6555665731430054 0.024521414190530777 1.0 0.0 0.0
v 0.1096234917640686 -0.5834565758705139 0.01365552470088005 1.0 0.0 0.0
v 0.1165381446480751 -0.6121029853820801 0.008716483600437641 1.0 0.0 0.0
v 0.12444061040878296 -0.6437128782272339 0.0027896342799067497 1.0 0.0 0.0
v 0.13135527074337006 -0.6763105392456055 0.0018018260598182678 1.0 0.0 0.0
v 0.14518459141254425 -0.5903711915016174 -0.006100639700889587 1.0 0.0 0.0
v 0.1530870497226715 -0.6200054883956909 -0.011039680801331997 1.0 0.0 0.0
v 0.16098952293395996 -0.6545787453651428 -0.01795433834195137 1.0 0.0 0.0
v 0.16790416836738586 -0.6842129826545715 -0.02486899495124817 1.0 0.0 0.0
v 0.17580664157867432 -0.7177984714508057 -0.02091776207089424 1.0 0.0 0.0
v 0.16592855751514435 -0.5706150531768799 -0.015978721901774406 1.0 0.0 0.0
v 0.1738310158252716 -0.604200541973114 -0.019929954782128334 1.0 0.0 0.0
v 0.1807456761598587 -0.6367982029914856 -0.025856804102659225 1.0 0.0 0.0
v 0.1876603364944458 -0.6664324402809143 -0.028820227831602097 1.0 0.0 0.0
v 0.19655060768127441 -0.7019935250282288 -0.035734884440898895 1.0 0.0 0.0
v 0.20445308089256287 -0.7355790138244629 -0.035734884440898895 1.0 0.0 0.0
v 0.19161157310009003 -0.5696272253990173 -0.02783242054283619 1.0 0.0 0.0
v 0.19951403141021729 -0.6022249460220337 -0.03375926986336708 1.0 0.0 0.0
v 0.20741650462150574 -0.635810375213623 -0.03771050274372101 1.0 0.0 0.0
v 0.215318962931633 -0.6664324402809143 -0.04067392647266388 1.0 0.0 0.0
v 0.2222336232662201 -0.696066677570343 -0.05055201053619385 1.0 0.0 0.0
v 0.2291482836008072 -0.7276765704154968 -0.05351543426513672 1.0 0.0 0.0
v 0.23705074191093445 -0.7622498273849487 -0.054503243416547775 1.0 0.0 0.0
v 0.2311238944530487 -0.578517496585846 -0.04660077765583992 1.0 0.0 0.0
v 0.2380385547876358 -0.6091395616531372 -0.051539815962314606 1.0 0.0 0.0
v 0.24594102799892426 -0.6397616267204285 -0.054503243416547775 1.0 0.0 0.0
v 0.2538434863090515 -0.6743349432945251 -0.061417900025844574 1.0 0.0 0.0
v 0.2607581317424774 -0.7049569487571716 -0.0653691291809082 1.0 0.0 0.0
v 0.26866060495376587 -0.737554669380188 -0.07327159494161606 1.0 0.0 0.0
v 0.2765630781650543 -0.7701523303985596 -0.0791984498500824 1.0 0.0 0.0
v 0.26470938324928284 -0.5716028809547424 -0.06438132375478745 1.0 0.0 0.0
v 0.27162402868270874 -0.6002492904663086 -0.07030817121267319 1.0 0.0 0.0
v 0.2795265018939972 -0.6348226070404053 -0.07425940781831741 1.0 0.0 0.0
v 0.28742897510528564 -0.5814809203147888 -0.08216187357902527 1.0 0.0 0.0
v 0.2815021276473999 -0.7355790138244629 -0.08117406070232391 1.0 0.0 0.0
v 0.2903923988342285 -0.7019935250282288 -0.08117406070232391 1.0 0.0 0.0
v 0.29928267002105713 -0.6703836917877197 -0.08512529730796814 1.0 0.0 0.0
v 0.30817294120788574 -0.635810375213623 -0.08808872103691101 1.0 0.0 0.0
v 0.3180510103702545 -0.6012371182441711 -0.09105214476585388 1.0 0.0 0.0
v 0.29631924629211426 -0.7741035223007202 -0.08808872103691101 1.0 0.0 0.0
v 0.30520951747894287 -0.7405180931091309 -0.09599118679761887 1.0 0.0 0.0
v 0.3140997886657715 -0.708908200263977 -0.09401556849479675 1.0 0.0 0.0
v 0.3229900598526001 -0.6743349432945251 -0.09401556849479675 1.0 0.0 0.0
v 0.33286815881729126 -0.6397616267204285 -0.10093022882938385 1.0 0.0 0.0
v 0.3407706022262573 -0.6091395616531372 -0.10389365255832672 1.0 0.0 0.0
v 0.3160754144191742 -0.7968231439590454 -0.10093022882938385 1.0 0.0 0.0
v 0.3249656856060028 -0.7642254829406738 -0.10191803425550461 1.0 0.0 0.0
v 0.3338559567928314 -0.7296521663665771 -0.10389365255832672 1.0 0.0 0.0
v 0.34274622797966003 -0.6980423331260681 -0.1088326945900917 1.0 0.0 0.0
v 0.35163649916648865 -0.664456844329834 -0.11179611831903458 1.0 0.0 0.0
v 0.3595389723777771 -0.6328469514846802 -0.11377173662185669 1.0 0.0 0.0
v 0.3684292435646057 -0.6002492904663086 -0.11871077865362167 1.0 0.0 0.0
v 0.33780717849731445 -0.8491769433021545 -0.1088326945900917 1.0 0.0 0.0
v 0.34669744968414307 -0.8146036863327026 -0.11475954204797745 1.0 0.0 0.0
v 0.3555877208709717 -0.782006025314331 -0.11871077865362167 1.0 0.0 0.0
v 0.3644780218601227 -0.7503961324691772 -0.11969858407974243 1.0 0.0 0.0
v 0.3733682930469513 -0.7158228754997253 -0.12364981323480606 1.0 0.0 0.0
v 0.3822585642337799 -0.6832252144813538 -0.1276010423898697 1.0 0.0 0.0
v 0.39016100764274597 -0.6526031494140625 -0.13056448101997375 1.0 0.0 0.0
v 0.40003910660743713 -0.615066409111023 -0.1345157027244568 1.0 0.0 0.0
v 0.4099171757698059 -0.5814809203147888 -0.138466939330101 1.0 0.0 0.0
v 0.4375758171081543 -0.6249445080757141 -0.15427187085151672 1.0 0.0 0.0
v 0.44745388627052307 -0.5903711915016174 -0.1592109054327011 1.0 0.0 0.0
v 0.2844655513763428 -0.8027499914169312 -0.07821063697338104 1.0 0.0 0.0
v 0.28742897510528564 -0.6664324402809143 -0.07722283154726028 1.0 0.0 0.0
v 0.29434362053871155 -0.6970545053482056 -0.08512529730796814 1.0 0.0 0.0
v 0.30125829577445984 -0.7276765704154968 -0.09105214476585388 1.0 0.0 0.0
v 0.3091607391834259 -0.7592864036560059 -0.09895461052656174 1.0 0.0 0.0
v 0.3160754144191742 -0.7899084687232971 -0.10191803425550461 1.0 0.0 0.0
v 0.32397785782814026 -0.8195427060127258 -0.10685707628726959 1.0 0.0 0.0
v 0.29236799478530884 -0.5755540728569031 -0.07821063697338104 1.0 0.0 0.0
v 0.3002704679965973 -0.6081517934799194 -0.08018625527620316 1.0 0.0 0.0
v 0.30619731545448303 -0.635810375213623 -0.08808872103691101 1.0 0.0 0.0
v 0.3140997886657715 -0.6674202680587769 -0.09105214476585388 1.0 0.0 0.0
v 0.32200226187705994 -0.701005756855011 -0.09697899222373962 1.0 0.0 0.0
v 0.32891690731048584 -0.7316277623176575 -0.10389365255832672 1.0 0.0 0.0
v 0.33583158254623413 -0.7602742314338684 -0.11080831289291382 1.0 0.0 0.0
v 0.3437340259552002 -0.7958353161811829 -0.11179611831903458 1.0 0.0 0.0
v 0.3210144340991974 -0.5982736945152283 -0.08907652646303177 1.0 0.0 0.0
v 0.3279291093349457 -0.6308713555335999 -0.09500338137149811 1.0 0.0 0.0
v 0.33583158254623413 -0.6624811887741089 -0.0999424159526825 1.0 0.0 0.0
v 0.3437340259552002 -0.6950789093971252 -0.10389365255832672 1.0 0.0 0.0
v 0.3506487011909485 -0.7266887426376343 -0.11278392374515533 1.0 0.0 0.0
v 0.35855114459991455 -0.7573108077049255 -0.1157473474740982 1.0 0.0 0.0
v 0.36546581983566284 -0.7889206409454346 -0.12167420238256454 1.0 0.0 0.0
v 0.36052677035331726 -0.6061761379241943 -0.11080831289291382 1.0 0.0 0.0
v 0.3684292435646057 -0.640749454498291 -0.11772296577692032 1.0 0.0 0.0
v 0.3753438889980316 -0.6733471155166626 -0.12167420238256454 1.0 0.0 0.0
v 0.38324636220932007 -0.7039691805839539 -0.12661324441432953 1.0 0.0 0.0
v 0.3911488354206085 -0.7385424375534058 -0.13254009187221527 1.0 0.0 0.0
v 0.3941122591495514 -0.5903711915016174 -0.1295766681432724 1.0 0.0 0.0
v 0.40201473236083984 -0.6219810843467712 -0.1345157027244568 1.0 0.0 0.0
v 0.40892937779426575 -0.6535909175872803 -0.138466939330101 1.0 0.0 0.0
v 0.41584402322769165 -0.6822373867034912 -0.1434059739112854 1.0 0.0 0.0
v 0.4464660882949829 -0.6051883697509766 -0.15624748170375824 1.0 0.0 0.0
v 0.37435609102249146 -0.861030638217926 -0.13254009187221527 1.0 0.0 0.0
v 0.38423416018486023 -0.8234939575195312 -0.13747912645339966 1.0 0.0 0.0
v 0.39312443137168884 -0.7918840646743774 -0.14143036305904388 1.0 0.0 0.0
v 0.40201473236083984 -0.7592864036560059 -0.1434059739112854 1.0 0.0 0.0
v 0.41090500354766846 -0.7237253189086914 -0.14439378678798676 1.0 0.0 0.0
v 0.41979527473449707 -0.6911276578903198 -0.14933283627033234 1.0 0.0 0.0
v 0.42769771814346313 -0.6614934206008911 -0.14933283627033234 1.0 0.0 0.0
v 0.4010269045829773 -0.8630062937736511 -0.14735721051692963 1.0 0.0 0.0
v 0.40892937779426575 -0.8313964009284973 -0.1503206342458725 1.0 0.0 0.0
v 0.41781964898109436 -0.7997865676879883 -0.15328405797481537 1.0 0.0 0.0
v 0.42769771814346313 -0.7642254829406738 -0.15525968372821808 1.0 0.0 0.0
v 0.43658801913261414 -0.7306399941444397 -0.15525968372821808 1.0 0.0 0.0
v 0.44547829031944275 -0.6970545053482056 -0.16316214203834534 1.0 0.0 0.0
v 0.4217708706855774 -0.8867136836051941 -0.1592109054327011 1.0 0.0 0.0
v 0.4306611716747284 -0.85312819480896 -0.16019871830940247 1.0 0.0 0.0
v 0.35163649916648865 -0.8264573812484741 -0.11772296577692032 1.0 0.0 0.0
v 0.3595389723777771 -0.8580672144889832 -0.11871077865362167 1.0 0.0 0.0
v 0.3733682930469513 -0.8215183615684509 -0.1276010423898697 1.0 0.0 0.0
v 0.38127073645591736 -0.8541160225868225 -0.13352790474891663 1.0 0.0 0.0
v 0.399051308631897 -0.769164502620697 -0.13747912645339966 1.0 0.0 0.0
v 0.4049781560897827 -0.7987987399101257 -0.14241817593574524 1.0 0.0 0.0
v 0.4128805994987488 -0.8304086327552795 -0.14735721051692963 1.0 0.0 0.0
v 0.42078307271003723 -0.8639941215515137 -0.15525968372821808 1.0 0.0 0.0
v 0.4237464964389801 -0.7158228754997253 -0.15130844712257385 1.0 0.0 0.0
v 0.43164896965026855 -0.7494083642959595 -0.15427187085151672 1.0 0.0 0.0
v 0.43856361508369446 -0.7780547738075256 -0.16118653118610382 1.0 0.0 0.0
v 0.439551442861557 -0.6634690165519714 -0.15427187085151672 1.0 0.0 0.0
v 0.44745388627052307 -0.696066677570343 -0.1592109054327011 1.0 0.0 0.0
v 0.45436856150627136 -0.6377860307693481 -0.16019871830940247 1.0 0.0 0.0
v 0.27288100123405457 -0.5391791462898254 -0.07281909137964249 1.0 0.0 0.0
v 0.008539018221199512 -0.3466585874557495 0.07229794561862946 1.0 0.0 0.0
v 0.2979625463485718 -0.710351824760437 -0.09087210148572922 1.0 0.0 0.0
v 0.10391473025083542 -0.36992940306663513 0.021233221516013145 1.0 0.0 0.0
v 0.25322091579437256 -0.5006178021430969 -0.061347007751464844 1.0 0.0 0.0
v 0.42657381296157837 -0.5954602956771851 -0.1556333303451538 1.0 0.0 0.0
v 0.15777190029621124 -0.4643028676509857 -0.009878086857497692 1.0 0.0 0.0
v 0.01716802828013897 -0.44271671772003174 0.06504569947719574 1.0 0.0 0.0
v 0.2903384864330292 -0.6321691870689392 -0.08465185761451721 1.0 0.0 0.0
v 0.12834589183330536 -0.35648590326309204 0.008696278557181358 1.0 0.0 0.0
v -0.5334396362304688 -0.43133410811424255 -0.13056448101997375 1.0 0.75 0.0
v -0.4652808904647827 -0.39676082134246826 -0.09895461052656174 1.0 0.75 0.0
v -0.5887569189071655 -0.4530658721923828 -0.1522962599992752 1.0 0.75 0.0
v -0.39514651894569397 -0.3691021800041199 -0.07030817121267319 1.0 0.75 0.0
v -0.2361093908548355 -0.2950165569782257 0.0008140178979374468 1.0 0.75 0.0
v -0.6401229500770569 -0.18339423835277557 0.060082510113716125 1.0 0.75 0.0
v -0.6312326788902283 -0.1527721881866455 0.0857655256986618 1.0 0.75 0.0
v -0.62431800365448 -0.12511354684829712 0.10552168637514114 1.0 0.75 0.0
v -0.6588913202285767 -0.4165169596672058 -0.1276010423898697 1.0 0.75 0.0
v -0.6519766449928284 -0.3908339738845825 -0.10290584713220596 1.0 0.75 0.0
v -0.6450619697570801 -0.3641631305217743 -0.08018625527620316 1.0 0.75 0.0
v -0.6361716985702515 -0.33255326747894287 -0.06043009087443352 1.0 0.75 0.0
v -0.6292570233345032 -0.3068702518939972 -0.035734884440898895 1.0 0.75 0.0
v -0.6223424077033997 -0.2792116403579712 -0.012027489021420479 1.0 0.75 0.0
v -0.6144399046897888 -0.25056520104408264 0.010692100040614605 1.0 0.75 0.0
v -0.6391351222991943 -0.4421999752521515 -0.14636941254138947 1.0 0.75 0.0
v -0.632220447063446 -0.4165169596672058 -0.12562543153762817 1.0 0.75 0.0
v -0.62431800365448 -0.3868827223777771 -0.10586927086114883 1.0 0.75 0.0
v -0.6164155602455139 -0.35823628306388855 -0.08117406070232391 1.0 0.75 0.0
v -0.6104887127876282 -0.3345288932323456 -0.05944228172302246 1.0 0.75 0.0
v -0.6025862097740173 -0.30588245391845703 -0.03375926986336708 1.0 0.75 0.0
v -0.6075252890586853 -0.4352853298187256 -0.138466939330101 1.0 0.75 0.0
v -0.600610613822937 -0.40861451625823975 -0.11475954204797745 1.0 0.75 0.0
v -0.6579034924507141 -0.4421999752521515 -0.15328405797481537 1.0 0.75 0.0
v -0.648025393486023 -0.3246508240699768 -0.051539815962314606 1.0 0.75 0.0
v -0.6420985460281372 -0.3523094356060028 -0.0722837895154953 1.0 0.75 0.0
v -0.6351839303970337 -0.3799680769443512 -0.09401556849479675 1.0 0.75 0.0
v -0.6223424077033997 -0.4333097040653229 -0.1364913284778595 1.0 0.75 0.0
v -0.6411107778549194 -0.22982122004032135 0.022545797750353813 1.0 0.75 0.0
v -0.6351839303970337 -0.25945547223091125 0.0008140178979374468 1.0 0.75 0.0
v -0.6282692551612854 -0.28513848781585693 -0.021905571222305298 1.0 0.75 0.0
v -0.6223424077033997 -0.3118093013763428 -0.04462515935301781 1.0 0.75 0.0
v -0.6154277324676514 -0.3414435386657715 -0.0653691291809082 1.0 0.75 0.0
v -0.6085130572319031 -0.3691021800041199 -0.08413748443126678 1.0 0.75 0.0
v -0.6025862097740173 -0.3957729935646057 -0.1088326945900917 1.0 0.75 0.0
v -0.5956715941429138 -0.4234316349029541 -0.13056448101997375 1.0 0.75 0.0
v -0.6351839303970337 -0.15869903564453125 0.08181428909301758 1.0 0.75 0.0
v -0.6282692551612854 -0.1873454749584198 0.0561312772333622 1.0 0.75 0.0
v -0.6213545799255371 -0.215004101395607 0.03835073113441467 1.0 0.75 0.0
v -0.6154277324676514 -0.24068711698055267 0.016618948429822922 1.0 0.75 0.0
v -0.6085130572319031 -0.2703213691711426 -0.007088447920978069 1.0 0.75 0.0
v -0.6025862097740173 -0.2969921827316284 -0.02783242054283619 1.0 0.75 0.0
v -0.6253058314323425 -0.04707670211791992 0.17565606534481049 1.0 0.75 0.0
v 0.4810393750667572 -0.5666638016700745 -0.16908898949623108 1.0 0.75 0.0
v 0.48894184827804565 -0.5380173921585083 -0.14044255018234253 1.0 0.75 0.0
v 0.49585649371147156 -0.5103587508201599 -0.11673516035079956 1.0 0.75 0.0
v 0.5027711391448975 -0.48467573523521423 -0.09697899222373962 1.0 0.75 0.0
v 0.5106736421585083 -0.454053670167923 -0.07425940781831741 1.0 0.75 0.0
v 0.5185760855674744 -0.4254072606563568 -0.05055201053619385 1.0 0.75 0.0
v 0.5254907608032227 -0.4007120430469513 -0.025856804102659225 1.0 0.75 0.0
v 0.5333932042121887 -0.3710778057575226 -0.006100639700889587 1.0 0.75 0.0
v 0.5096858143806458 -0.5587613582611084 -0.15822310745716095 1.0 0.75 0.0
v 0.5175882577896118 -0.5301148891448975 -0.1345157027244568 1.0 0.75 0.0
v 0.5245029330253601 -0.5044319033622742 -0.11377173662185669 1.0 0.75 0.0
v 0.5324053764343262 -0.4767732620239258 -0.09105214476585388 1.0 0.75 0.0
v 0.5393200516700745 -0.4491146504878998 -0.06734474748373032 1.0 0.75 0.0
v 0.5472225546836853 -0.42046821117401123 -0.04956420138478279 1.0 0.75 0.0
v 0.553149402141571 -0.3957729935646057 -0.019929954782128334 1.0 0.75 0.0
v 0.5610518455505371 -0.3681143820285797 -0.00017379032215103507 1.0 0.75 0.0
v 0.5679665207862854 -0.34243136644363403 0.02649703063070774 1.0 0.75 0.0
v 0.5748811364173889 -0.3157605230808258 0.047241002321243286 1.0 0.75 0.0
v 0.5827836394309998 -0.2881019115447998 0.07391182333230972 1.0 0.75 0.0
v 0.5896982550621033 -0.26143109798431396 0.09663141518831253 1.0 0.75 0.0
v 0.5422834753990173 -0.567651629447937 -0.1641499549150467 1.0 0.75 0.0
v 0.5482103228569031 -0.543944239616394 -0.1364913284778595 1.0 0.75 0.0
v 0.5561128258705139 -0.5133221745491028 -0.11772296577692032 1.0 0.75 0.0
v 0.5630274415016174 -0.4876391589641571 -0.09203995019197464 1.0 0.75 0.0
v 0.5699421167373657 -0.462943971157074 -0.06932036578655243 1.0 0.75 0.0
v 0.4711613059043884 -0.5617247819900513 -0.16513776779174805 1.0 0.75 0.0
v 0.490917444229126 -0.5064074993133545 -0.11377173662185669 1.0 0.75 0.0
v 0.49783211946487427 -0.5360417366027832 -0.13747912645339966 1.0 0.75 0.0
v 0.50375896692276 -0.5627126097679138 -0.15822310745716095 1.0 0.75 0.0
v 0.5086979866027832 -0.4767732620239258 -0.09105214476585388 1.0 0.75 0.0
v 0.514624834060669 -0.5064074993133545 -0.11377173662185669 1.0 0.75 0.0
v 0.5215395092964172 -0.5330783128738403 -0.1364913284778595 1.0 0.75 0.0
v 0.5284541845321655 -0.5607369542121887 -0.15822310745716095 1.0 0.75 0.0
v 0.5343810319900513 -0.5893834233283997 -0.18094269931316376 1.0 0.75 0.0
v 0.5175882577896118 -0.4165169596672058 -0.04067392647266388 1.0 0.75 0.0
v 0.5245029330253601 -0.44318780303001404 -0.06240570917725563 1.0 0.75 0.0
v 0.5304297804832458 -0.47084641456604004 -0.08413748443126678 1.0 0.75 0.0
v 0.5373444557189941 -0.4985050559043884 -0.10784488171339035 1.0 0.75 0.0
v 0.5442591309547424 -0.5281392931938171 -0.12858885526657104 1.0 0.75 0.0
v 0.551173746585846 -0.5577735304832458 -0.14933283627033234 1.0 0.75 0.0
v 0.5571005940437317 -0.5844443440437317 -0.17699146270751953 1.0 0.75 0.0
v 0.5452468991279602 -0.3799680769443512 -0.009064064361155033 1.0 0.75 0.0
v 0.5521615743637085 -0.40663889050483704 -0.029808036983013153 1.0 0.75 0.0
v 0.5590762495994568 -0.4372609555721283 -0.04956420138478279 1.0 0.75 0.0
v 0.5659908652305603 -0.46788299083709717 -0.07030817121267319 1.0 0.75 0.0
v 0.5610518455505371 -0.30983367562294006 0.051192235201597214 1.0 0.75 0.0
v 0.5679665207862854 -0.33749231696128845 0.02649703063070774 1.0 0.75 0.0
v 0.5748811364173889 -0.36712655425071716 0.009704291820526123 1.0 0.75 0.0
v 0.5808079838752747 -0.3918217718601227 -0.012027489021420479 1.0 0.75 0.0
v 0.576856791973114 -0.26933354139328003 0.08378990739583969 1.0 0.75 0.0
v 0.5847592353820801 -0.2999556064605713 0.06205812841653824 1.0 0.75 0.0
v 0.5946373343467712 -0.24068711698055267 0.11144853383302689 1.0 0.75 0.0
v -0.556159257888794 -0.033247388899326324 0.18553414940834045 1.0 0.75 0.0
v -0.5057810544967651 -0.05497916787862778 0.17861948907375336 1.0 0.75 0.0
v -0.47318336367607117 -0.05991820991039276 0.17170484364032745 1.0 0.75 0.0
v -0.4376222491264343 -0.07374752312898636 0.16182675957679749 1.0 0.75 0.0
v -0.4307076036930084 -0.046088892966508865 0.18948538601398468 1.0 0.75 0.0
v -0.4099636375904083 -0.0727597177028656 0.1657779961824417 1.0 0.75 0.0
v -0.40304896235466003 -0.04806451126933098 0.18948538601398468 1.0 0.75 0.0
v -0.3832927942276001 -0.0935036912560463 0.15293648838996887 1.0 0.75 0.0
v -0.3763781487941742 -0.06782067567110062 0.17664387822151184 1.0 0.75 0.0
v -0.3467439115047455 -0.09745492041110992 0.1568877100944519 1.0 0.75 0.0
v -0.33884143829345703 -0.06782067567110062 0.17664387822151184 1.0 0.75 0.0
v -0.30821937322616577 -0.10535738617181778 0.149973064661026 1.0 0.75 0.0
v -0.29932910203933716 -0.07473532855510712 0.17269264161586761 1.0 0.75 0.0
v -0.2845119833946228 -0.10832080990076065 0.15096086263656616 1.0 0.75 0.0
v -0.2756217122077942 -0.07868656516075134 0.16775360703468323 1.0 0.75 0.0
v -0.26080459356307983 -0.1231379359960556 0.1410827785730362 1.0 0.75 0.0
v -0.2529021203517914 -0.09449149668216705 0.16083894670009613 1.0 0.75 0.0
v -0.24598746001720428 -0.06880848109722137 0.18750977516174316 1.0 0.75 0.0
v -0.2203044593334198 -0.10733300447463989 0.15985113382339478 1.0 0.75 0.0
v -0.21240198612213135 -0.07769875973463058 0.18553414940834045 1.0 0.75 0.0
v -0.1926458179950714 -0.1369672566652298 0.13515593111515045 1.0 0.75 0.0
v -0.1857311725616455 -0.11128423362970352 0.15194867551326752 1.0 0.75 0.0
v -0.1788165122270584 -0.08560122549533844 0.1776316910982132 1.0 0.75 0.0
v -0.16498719155788422 -0.14289410412311554 0.13021689653396606 1.0 0.75 0.0
v -0.15807253122329712 -0.11523547023534775 0.15293648838996887 1.0 0.75 0.0
v -0.15017007291316986 -0.0865890309214592 0.17861948907375336 1.0 0.75 0.0
v -0.14127980172634125 -0.14091847836971283 0.13318032026290894 1.0 0.75 0.0
v -0.13436514139175415 -0.11424765735864639 0.15096086263656616 1.0 0.75 0.0
v -0.12745048105716705 -0.08856464922428131 0.17368045449256897 1.0 0.75 0.0
v -0.10868212580680847 -0.17252834141254425 0.11046072840690613 1.0 0.75 0.0
v -0.10077966004610062 -0.14190629124641418 0.13120469450950623 1.0 0.75 0.0
v -0.09386499971151352 -0.1162232756614685 0.15392428636550903 1.0 0.75 0.0
v -0.08596253395080566 -0.08856464922428131 0.18158292770385742 1.0 0.75 0.0
v -0.06719417870044708 -0.1596868336200714 0.1203388124704361 1.0 0.75 0.0
v -0.060279522091150284 -0.13301602005958557 0.14404620230197906 1.0 0.75 0.0
v -0.053364865481853485 -0.10535738617181778 0.16874141991138458 1.0 0.75 0.0
v -0.04941363260149956 -0.18833327293395996 0.10255826264619827 1.0 0.75 0.0
v -0.04249897599220276 -0.16166245937347412 0.1272534728050232 1.0 0.75 0.0
v -0.03558431565761566 -0.13301602005958557 0.14602182805538177 1.0 0.75 0.0
v -0.027681851759552956 -0.10535738617181778 0.17269264161586761 1.0 0.75 0.0
v -0.025706235319375992 -0.19524793326854706 0.10157045722007751 1.0 0.75 0.0
v -0.017803769558668137 -0.1666014939546585 0.12330223619937897 1.0 0.75 0.0
v -0.010889112018048763 -0.13993068039417267 0.1430584043264389 1.0 0.75 0.0
v -0.003974454943090677 -0.11227204650640488 0.16479018330574036 1.0 0.75 0.0
v 0.003928010817617178 -0.08560122549533844 0.1865219622850418 1.0 0.75 0.0
v 0.01183047704398632 -0.17845518887043 0.11737538874149323 1.0 0.75 0.0
v 0.019732942804694176 -0.14980874955654144 0.14009498059749603 1.0 0.75 0.0
v 0.026647599413990974 -0.12511354684829712 0.15886333584785461 1.0 0.75 0.0
v 0.03455006703734398 -0.09745492041110992 0.18257072567939758 1.0 0.75 0.0
v 0.04936718940734863 -0.1804308146238327 0.11539977043867111 1.0 0.75 0.0
v 0.05726965516805649 -0.1507965624332428 0.13910716772079468 1.0 0.75 0.0
v 0.06319650262594223 -0.12511354684829712 0.15985113382339478 1.0 0.75 0.0
v 0.07011116296052933 -0.1004183441400528 0.18355853855609894 1.0 0.75 0.0
v 0.07603801041841507 -0.18339423835277557 0.113424152135849 1.0 0.75 0.0
v 0.08295267075300217 -0.15672340989112854 0.1361437439918518 1.0 0.75 0.0
v 0.08986732363700867 -0.12906478345394135 0.15787552297115326 1.0 0.75 0.0
v 0.09776978939771652 -0.09943053871393204 0.1865219622850418 1.0 0.75 0.0
v 0.10666006803512573 -0.1735161542892456 0.12330223619937897 1.0 0.75 0.0
v 0.11357472091913223 -0.14783313870429993 0.14700962603092194 1.0 0.75 0.0
v 0.12048938125371933 -0.11918669939041138 0.16676579415798187 1.0 0.75 0.0
v 0.14222116768360138 -0.16561368107795715 0.13318032026290894 1.0 0.75 0.0
v 0.14913581311702728 -0.13795505464076996 0.16182675957679749 1.0 0.75 0.0
v 0.15605047345161438 -0.11325985193252563 0.18355853855609894 1.0 0.75 0.0
v 0.18173348903656006 -0.1666014939546585 0.14009498059749603 1.0 0.75 0.0
v 0.18864814937114716 -0.13993068039417267 0.16479018330574036 1.0 0.75 0.0
v 0.1945749968290329 -0.1162232756614685 0.18750977516174316 1.0 0.75 0.0
v 0.20642869174480438 -0.16166245937347412 0.1430584043264389 1.0 0.75 0.0
v 0.21235553920269012 -0.13795505464076996 0.16479018330574036 1.0 0.75 0.0
v 0.22025801241397858 -0.109308622777462 0.18750977516174316 1.0 0.75 0.0
v 0.2360629439353943 -0.14980874955654144 0.15589991211891174 1.0 0.75 0.0
v 0.24297760426998138 -0.1231379359960556 0.18158292770385742 1.0 0.75 0.0
v 0.2745874524116516 -0.1458575278520584 0.16182675957679749 1.0 0.75 0.0
v -0.5946837663650513 -0.030283963307738304 0.18750977516174316 1.0 0.75 0.0
v -0.5413421392440796 -0.04114985466003418 0.18553414940834045 1.0 0.75 0.0
v -0.5067688226699829 -0.04806451126933098 0.18750977516174316 1.0 0.75 0.0
v -0.4662686884403229 -0.06683287024497986 0.16972921788692474 1.0 0.75 0.0
v -0.4405856728553772 -0.055966977030038834 0.18059511482715607 1.0 0.75 0.0
v -0.42082950472831726 -0.04510108754038811 0.1865219622850418 1.0 0.75 0.0
v -0.4129270613193512 -0.07374752312898636 0.1657779961824417 1.0 0.75 0.0
v -0.3783537745475769 -0.06485725194215775 0.17861948907375336 1.0 0.75 0.0
v -0.3714390993118286 -0.09152807295322418 0.15392428636550903 1.0 0.75 0.0
v -0.3398292362689972 -0.07671094685792923 0.1707170307636261 1.0 0.75 0.0
v -0.3329145908355713 -0.10140615701675415 0.1479974389076233 1.0 0.75 0.0
v -0.31315842270851135 -0.07671094685792923 0.1707170307636261 1.0 0.75 0.0
v -0.3072315752506256 -0.10338176786899567 0.14700962603092194 1.0 0.75 0.0
v -0.28846320509910583 -0.07572314143180847 0.17466826736927032 1.0 0.75 0.0
v -0.28154855966567993 -0.10239396244287491 0.15392428636550903 1.0 0.75 0.0
v -0.2529021203517914 -0.07374752312898636 0.1845463514328003 1.0 0.75 0.0
v -0.24697527289390564 -0.09745492041110992 0.15985113382339478 1.0 0.75 0.0
v -0.21536540985107422 -0.08263779431581497 0.1796073019504547 1.0 0.75 0.0
v -0.20845074951648712 -0.109308622777462 0.15985113382339478 1.0 0.75 0.0
v -0.18968239426612854 -0.08757683634757996 0.17664387822151184 1.0 0.75 0.0
v -0.18276773393154144 -0.11523547023534775 0.15589991211891174 1.0 0.75 0.0
v -0.17782869935035706 -0.1389428675174713 0.13120469450950623 1.0 0.75 0.0
v -0.1630115807056427 -0.07473532855510712 0.1845463514328003 1.0 0.75 0.0
v -0.15708473324775696 -0.10338176786899567 0.16281455755233765 1.0 0.75 0.0
v -0.15017007291316986 -0.13202820718288422 0.14009498059749603 1.0 0.75 0.0
v -0.14424322545528412 -0.1577112227678299 0.11836319416761398 1.0 0.75 0.0
v -0.12251143902540207 -0.09745492041110992 0.16775360703468323 1.0 0.75 0.0
v -0.11658459156751633 -0.12511354684829712 0.14503401517868042 1.0 0.75 0.0
v -0.10966993123292923 -0.15573561191558838 0.12330223619937897 1.0 0.75 0.0
v -0.08793815225362778 -0.09251587837934494 0.17861948907375336 1.0 0.75 0.0
v -0.08201130479574203 -0.12017451226711273 0.1549120992422104 1.0 0.75 0.0
v -0.07509664446115494 -0.14783313870429993 0.13318032026290894 1.0 0.75 0.0
v -0.0691697970032692 -0.1735161542892456 0.10947292298078537 1.0 0.75 0.0
v -0.06521856039762497 -0.09449149668216705 0.17565606534481049 1.0 0.75 0.0
v -0.05929171293973923 -0.12116231769323349 0.15392428636550903 1.0 0.75 0.0
v -0.053364865481853485 -0.14783313870429993 0.13219250738620758 1.0 0.75 0.0
v -0.04546239972114563 -0.17746739089488983 0.11243634670972824 1.0 0.75 0.0
v -0.037559933960437775 -0.09449149668216705 0.1776316910982132 1.0 0.75 0.0
v -0.03163308650255203 -0.12215012311935425 0.1549120992422104 1.0 0.75 0.0
v -0.025706235319375992 -0.14882095158100128 0.13515593111515045 1.0 0.75 0.0
v -0.017803769558668137 -0.17746739089488983 0.11539977043867111 1.0 0.75 0.0
v -0.005950071383267641 -0.09449149668216705 0.18553414940834045 1.0 0.75 0.0
v 0.0009645862737670541 -0.12017451226711273 0.15985113382339478 1.0 0.75 0.0
v 0.007879244163632393 -0.1507965624332428 0.1341681331396103 1.0 0.75 0.0
v 0.014793900772929192 -0.17944300174713135 0.11539977043867111 1.0 0.75 0.0
v 0.030598832294344902 -0.10436958074569702 0.17466826736927032 1.0 0.75 0.0
v 0.03751349076628685 -0.13400381803512573 0.15194867551326752 1.0 0.75 0.0
v 0.045415956526994705 -0.164625883102417 0.1341681331396103 1.0 0.75 0.0
v 0.05035499855875969 -0.18932108581066132 0.10947292298078537 1.0 0.75 0.0
v 0.05331842228770256 -0.09646711498498917 0.1865219622850418 1.0 0.75 0.0
v 0.0592452697455883 -0.12412574142217636 0.16281455755233765 1.0 0.75 0.0
v 0.0661599263548851 -0.1507965624332428 0.14207059144973755 1.0 0.75 0.0
v 0.0730745866894722 -0.17845518887043 0.12231443077325821 1.0 0.75 0.0
v 0.0799892395734787 -0.09449149668216705 0.18750977516174316 1.0 0.75 0.0
v 0.0869038999080658 -0.12215012311935425 0.1657779961824417 1.0 0.75 0.0
v 0.09184294193983078 -0.14684532582759857 0.14009498059749603 1.0 0.75 0.0
v 0.09875760227441788 -0.17450396716594696 0.12231443077325821 1.0 0.75 0.0
v 0.11851376295089722 -0.10239396244287491 0.18553414940834045 1.0 0.75 0.0
v 0.12444061040878296 -0.12610135972499847 0.16182675957679749 1.0 0.75 0.0
v 0.13135527074337006 -0.15573561191558838 0.13713155686855316 1.0 0.75 0.0
v 0.15901389718055725 -0.12610135972499847 0.1707170307636261 1.0 0.75 0.0
v 0.16592855751514435 -0.15375998616218567 0.149973064661026 1.0 0.75 0.0
v 0.18173348903656006 -0.10832080990076065 0.1865219622850418 1.0 0.75 0.0
v 0.18864814937114716 -0.13597944378852844 0.15985113382339478 1.0 0.75 0.0
v 0.1945749968290329 -0.16363807022571564 0.13910716772079468 1.0 0.75 0.0
v 0.2103799283504486 -0.13104039430618286 0.16281455755233765 1.0 0.75 0.0
v 0.2172945886850357 -0.1596868336200714 0.13910716772079468 1.0 0.75 0.0
v 0.24396540224552155 -0.11721108853816986 0.18355853855609894 1.0 0.75 0.0
v 0.25088006258010864 -0.1458575278520584 0.1568877100944519 1.0 0.75 0.0
v 0.2815021276473999 -0.12017451226711273 0.18750977516174316 1.0 0.75 0.0
v 0.3131119906902313 -0.14190629124641418 0.1657779961824417 1.0 0.75 0.0
v 0.3200266361236572 -0.11523547023534775 0.18948538601398468 1.0 0.75 0.0
v 0.338795006275177 -0.15178437530994415 0.1657779961824417 1.0 0.75 0.0
v 0.3457096517086029 -0.12511354684829712 0.18750977516174316 1.0 0.75 0.0
v 0.3644780218601227 -0.1527721881866455 0.15985113382339478 1.0 0.75 0.0
v 0.3713926672935486 -0.12807697057724 0.18257072567939758 1.0 0.75 0.0
v 0.40399032831192017 -0.14783313870429993 0.16874141991138458 1.0 0.75 0.0
v 0.44152703881263733 -0.14190629124641418 0.17664387822151184 1.0 0.75 0.0
v 0.4632588326931 -0.15178437530994415 0.16972921788692474 1.0 0.75 0.0
v 0.490917444229126 -0.1458575278520584 0.18059511482715607 1.0 0.75 0.0
v 0.5669786930084229 -0.14289410412311554 0.1865219622850418 1.0 0.75 0.0
v 0.28545334935188293 -0.13104039430618286 0.17170484364032745 1.0 0.75 0.0
v 0.29236799478530884 -0.1596868336200714 0.15096086263656616 1.0 0.75 0.0
v 0.3160754144191742 -0.1389428675174713 0.16676579415798187 1.0 0.75 0.0
v 0.3318803310394287 -0.12215012311935425 0.18750977516174316 1.0 0.75 0.0
v 0.33780717849731445 -0.14783313870429993 0.16676579415798187 1.0 0.75 0.0
v 0.3713926672935486 -0.14190629124641418 0.1707170307636261 1.0 0.75 0.0
v 0.4049781560897827 -0.1438819020986557 0.16972921788692474 1.0 0.75 0.0
v 0.42967334389686584 -0.1458575278520584 0.17269264161586761 1.0 0.75 0.0
v 0.45239293575286865 -0.1389428675174713 0.1776316910982132 1.0 0.75 0.0
v 0.5205516815185547 -0.13993068039417267 0.1845463514328003 1.0 0.75 0.0
v 0.00491581903770566 -0.20710162818431854 0.09169237315654755 1.0 0.75 0.0
v 0.03455006703734398 -0.23278464376926422 0.06897278130054474 1.0 0.75 0.0
v 0.04146472364664078 -0.20907725393772125 0.08872894942760468 1.0 0.75 0.0
v 0.06023307889699936 -0.24167491495609283 0.06798497587442398 1.0 0.75 0.0
v 0.06714773923158646 -0.21401628851890564 0.08971675485372543 1.0 0.75 0.0
v 0.08492828160524368 -0.25550422072410583 0.060082510113716125 1.0 0.75 0.0
v 0.09184294193983078 -0.22784560918807983 0.08181428909301758 1.0 0.75 0.0
v 0.09875760227441788 -0.20018696784973145 0.10157045722007751 1.0 0.75 0.0
v 0.11159910261631012 -0.2792116403579712 0.04625319689512253 1.0 0.75 0.0
v 0.11950156837701797 -0.24760176241397858 0.06699717044830322 1.0 0.75 0.0
v 0.12641623616218567 -0.2219187617301941 0.08872894942760468 1.0 0.75 0.0
v 0.13431869447231293 -0.19524793326854706 0.11144853383302689 1.0 0.75 0.0
v 0.1441967785358429 -0.30489465594291687 0.02353360690176487 1.0 0.75 0.0
v 0.15209923684597015 -0.2772360146045685 0.04625319689512253 1.0 0.75 0.0
v 0.15901389718055725 -0.2495773881673813 0.07094839960336685 1.0 0.75 0.0
v 0.1669163703918457 -0.22093094885349274 0.0926801785826683 1.0 0.75 0.0
v 0.1738310158252716 -0.1962357461452484 0.113424152135849 1.0 0.75 0.0
v 0.16197732090950012 -0.32563862204551697 0.0057530589401721954 1.0 0.75 0.0
v 0.16987979412078857 -0.2979799807071686 0.03242387995123863 1.0 0.75 0.0
v 0.17778225243091583 -0.2673579454421997 0.050204429775476456 1.0 0.75 0.0
v 0.18469691276550293 -0.24365054070949554 0.07489963620901108 1.0 0.75 0.0
v 0.19062376022338867 -0.21796752512454987 0.09564360231161118 1.0 0.75 0.0
v 0.19852623343467712 -0.18932108581066132 0.11935099959373474 1.0 0.75 0.0
v 0.18469691276550293 -0.3414435386657715 -0.0051128314808011055 1.0 0.75 0.0
v 0.19259938597679138 -0.3137849271297455 0.01760675758123398 1.0 0.75 0.0
v 0.19951403141021729 -0.28711408376693726 0.04032634571194649 1.0 0.75 0.0
v 0.20642869174480438 -0.2604432702064514 0.06107031926512718 1.0 0.75 0.0
v 0.21433116495609283 -0.23278464376926422 0.08872894942760468 1.0 0.75 0.0
v 0.22124581038951874 -0.20611383020877838 0.10848511010408401 1.0 0.75 0.0
v 0.2291482836008072 -0.17746739089488983 0.13120469450950623 1.0 0.75 0.0
v 0.21433116495609283 -0.3681143820285797 -0.02486899495124817 1.0 0.75 0.0
v 0.2222336232662201 -0.33946794271469116 -0.001161598484031856 1.0 0.75 0.0
v 0.23013609647750854 -0.3118093013763428 0.021557990461587906 1.0 0.75 0.0
v 0.23705074191093445 -0.28513848781585693 0.044277578592300415 1.0 0.75 0.0
v 0.24396540224552155 -0.2584676444530487 0.06699717044830322 1.0 0.75 0.0
v 0.2518678605556488 -0.2308090329170227 0.09070456773042679 1.0 0.75 0.0
v 0.2587825357913971 -0.20413820445537567 0.10947292298078537 1.0 0.75 0.0
v 0.26668500900268555 -0.17549176514148712 0.13318032026290894 1.0 0.75 0.0
v 0.24594102799892426 -0.38984614610671997 -0.04067392647266388 1.0 0.75 0.0
v 0.25285568833351135 -0.36515095829963684 -0.014003105461597443 1.0 0.75 0.0
v 0.2607581317424774 -0.3345288932323456 0.007728675380349159 1.0 0.75 0.0
v 0.26866060495376587 -0.3068702518939972 0.03242387995123863 1.0 0.75 0.0
v 0.27557528018951416 -0.28019943833351135 0.05514346808195114 1.0 0.75 0.0
v 0.2726118564605713 -0.3987364172935486 -0.04264954477548599 1.0 0.75 0.0
v 0.2795265018939972 -0.3710778057575226 -0.015978721901774406 1.0 0.75 0.0
v 0.020720750093460083 -0.20413820445537567 0.09465579688549042 1.0 0.75 0.0
v 0.026647599413990974 -0.2308090329170227 0.06600935757160187 1.0 0.75 0.0
v 0.058257460594177246 -0.2169797122478485 0.08477771282196045 1.0 0.75 0.0
v 0.06517212092876434 -0.24760176241397858 0.060082510113716125 1.0 0.75 0.0
v 0.0799892395734787 -0.2080894410610199 0.09663141518831253 1.0 0.75 0.0
v 0.08591609448194504 -0.23377245664596558 0.07588744163513184 1.0 0.75 0.0
v 0.09184294193983078 -0.2604432702064514 0.05415566265583038 1.0 0.75 0.0
v 0.09875760227441788 -0.2881019115447998 0.027484839782118797 1.0 0.75 0.0
v 0.10567225515842438 -0.2031504064798355 0.10354606807231903 1.0 0.75 0.0
v 0.11159910261631012 -0.2308090329170227 0.07588744163513184 1.0 0.75 0.0
v 0.11851376295089722 -0.2584676444530487 0.05810689553618431 1.0 0.75 0.0
v 0.12444061040878296 -0.28513848781585693 0.0353873036801815 1.0 0.75 0.0
v 0.1323430836200714 -0.3137849271297455 0.010692100040614605 1.0 0.75 0.0
v 0.13826993107795715 -0.18438203632831573 0.11935099959373474 1.0 0.75 0.0
v 0.1441967785358429 -0.21105286478996277 0.09663141518831253 1.0 0.75 0.0
v 0.15209923684597015 -0.24068711698055267 0.07391182333230972 1.0 0.75 0.0
v 0.15901389718055725 -0.2703213691711426 0.05218004435300827 1.0 0.75 0.0
v 0.16395294666290283 -0.29402875900268555 0.03044826351106167 1.0 0.75 0.0
v 0.17086759209632874 -0.3226751983165741 0.008716483600437641 1.0 0.75 0.0
v 0.1787700653076172 -0.3542850613594055 -0.012027489021420479 1.0 0.75 0.0
v 0.17284321784973145 -0.18339423835277557 0.1292290836572647 1.0 0.75 0.0
v 0.17975787818431854 -0.20907725393772125 0.10157045722007751 1.0 0.75 0.0
v 0.18667252361774445 -0.23969930410385132 0.07786305993795395 1.0 0.75 0.0
v 0.19358718395233154 -0.26834574341773987 0.057119086384773254 1.0 0.75 0.0
v 0.19951403141021729 -0.29600438475608826 0.037362921983003616 1.0 0.75 0.0
v 0.20642869174480438 -0.32366299629211426 0.01365552470088005 1.0 0.75 0.0
v 0.21334335207939148 -0.3523094356060028 -0.009064064361155033 1.0 0.75 0.0
v 0.21927019953727722 -0.3770046532154083 -0.03375926986336708 1.0 0.75 0.0
v 0.20148965716362 -0.19129669666290283 0.11638757586479187 1.0 0.75 0.0
v 0.2084043174982071 -0.21895533800125122 0.09366799145936966 1.0 0.75 0.0
v 0.21334335207939148 -0.24365054070949554 0.07292401790618896 1.0 0.75 0.0
v 0.22124581038951874 -0.27328479290008545 0.051192235201597214 1.0 0.75 0.0
v 0.22816047072410583 -0.30489465594291687 0.031436070799827576 1.0 0.75 0.0
v 0.23408731818199158 -0.32958984375 0.009704291820526123 1.0 0.75 0.0
v 0.24100197851657867 -0.35823628306388855 -0.012027489021420479 1.0 0.75 0.0
v 0.24791663885116577 -0.3888583481311798 -0.03672269359230995 1.0 0.75 0.0
v 0.2558191120624542 -0.4184925854206085 -0.051539815962314606 1.0 0.75 0.0
v 0.22322143614292145 -0.1873454749584198 0.12429004162549973 1.0 0.75 0.0
v 0.23013609647750854 -0.2169797122478485 0.0995948389172554 1.0 0.75 0.0
v 0.23705074191093445 -0.24562615156173706 0.07588744163513184 1.0 0.75 0.0
v 0.24396540224552155 -0.27328479290008545 0.05415566265583038 1.0 0.75 0.0
v 0.2498922497034073 -0.301931232213974 0.03242387995123863 1.0 0.75 0.0
v 0.2568069100379944 -0.32958984375 0.007728675380349159 1.0 0.75 0.0
v 0.2637215554714203 -0.3572484850883484 -0.012027489021420479 1.0 0.75 0.0
v 0.2696484327316284 -0.3849070966243744 -0.03375926986336708 1.0 0.75 0.0
v 0.2765630781650543 -0.4125657379627228 -0.0584544762969017 1.0 0.75 0.0
v 0.25779470801353455 -0.17450396716594696 0.13811935484409332 1.0 0.75 0.0
v 0.2637215554714203 -0.20018696784973145 0.11441196501255035 1.0 0.75 0.0
v 0.2706362307071686 -0.22883340716362 0.09564360231161118 1.0 0.75 0.0
v 0.2775508761405945 -0.25747984647750854 0.07094839960336685 1.0 0.75 0.0
v 0.2844655513763428 -0.2495773881673813 0.0768752470612526 1.0 0.75 0.0
v 0.2913801968097687 -0.2219187617301941 0.10157045722007751 1.0 0.75 0.0
v 0.29829487204551697 -0.19722354412078857 0.12132661789655685 1.0 0.75 0.0
v 0.30520951747894287 -0.16956491768360138 0.1430584043264389 1.0 0.75 0.0
v 0.28742897510528564 -0.34440696239471436 0.0047652507200837135 1.0 0.75 0.0
v 0.29434362053871155 -0.3187239468097687 0.022545797750353813 1.0 0.75 0.0
v 0.30224609375 -0.2900775074958801 0.04822881147265434 1.0 0.75 0.0
v 0.31014856696128845 -0.2584676444530487 0.06600935757160187 1.0 0.75 0.0
v 0.3160754144191742 -0.23673588037490845 0.09465579688549042 1.0 0.75 0.0
v 0.32397785782814026 -0.20611383020877838 0.11638757586479187 1.0 0.75 0.0
v 0.3318803310394287 -0.17746739089488983 0.1410827785730362 1.0 0.75 0.0
v 0.2903923988342285 -0.43034628033638 -0.06932036578655243 1.0 0.75 0.0
v 0.2973070442676544 -0.40367546677589417 -0.04067392647266388 1.0 0.75 0.0
v 0.30520951747894287 -0.3750290274620056 -0.022893378511071205 1.0 0.75 0.0
v 0.3121241629123688 -0.34934601187705994 0.0037774424999952316 1.0 0.75 0.0
v 0.31903883814811707 -0.3206995725631714 0.025509223341941833 1.0 0.75 0.0
v 0.32694128155708313 -0.29205313324928284 0.047241002321243286 1.0 0.75 0.0
v 0.3348437547683716 -0.2624188959598541 0.06897278130054474 1.0 0.75 0.0
v 0.3417584300041199 -0.23673588037490845 0.0926801785826683 1.0 0.75 0.0
v 0.3486730754375458 -0.2100650519132614 0.11737538874149323 1.0 0.75 0.0
v 0.35657554864883423 -0.18240642547607422 0.13811935484409332 1.0 0.75 0.0
v 0.3229900598526001 -0.45010244846343994 -0.07821063697338104 1.0 0.75 0.0
v 0.33089253306388855 -0.4194803833961487 -0.05549104884266853 1.0 0.75 0.0
v 0.338795006275177 -0.3918217718601227 -0.03474707901477814 1.0 0.75 0.0
v 0.3457096517086029 -0.36712655425071716 -0.012027489021420479 1.0 0.75 0.0
v 0.3526242971420288 -0.33749231696128845 0.014643332920968533 1.0 0.75 0.0
v 0.3595389723777771 -0.3108215034008026 0.03835073113441467 1.0 0.75 0.0
v 0.36744144558906555 -0.2831628620624542 0.05316785350441933 1.0 0.75 0.0
v 0.37435609102249146 -0.25747984647750854 0.08181428909301758 1.0 0.75 0.0
v 0.3822585642337799 -0.22883340716362 0.10255826264619827 1.0 0.75 0.0
v 0.3891732096672058 -0.20413820445537567 0.12231443077325821 1.0 0.75 0.0
v 0.3960878849029541 -0.17746739089488983 0.1430584043264389 1.0 0.75 0.0
v 0.35361212491989136 -0.47084641456604004 -0.09599118679761887 1.0 0.75 0.0
v 0.36052677035331726 -0.4421999752521515 -0.07425940781831741 1.0 0.75 0.0
v 0.3684292435646057 -0.4145413637161255 -0.04956420138478279 1.0 0.75 0.0
v 0.3753438889980316 -0.3888583481311798 -0.02783242054283619 1.0 0.75 0.0
v 0.38127073645591736 -0.3641631305217743 -0.006100639700889587 1.0 0.75 0.0
v 0.3891732096672058 -0.33551669120788574 0.016618948429822922 1.0 0.75 0.0
v 0.39707568287849426 -0.3068702518939972 0.03933853656053543 1.0 0.75 0.0
v 0.40399032831192017 -0.2831628620624542 0.063045933842659 1.0 0.75 0.0
v 0.41090500354766846 -0.2545164227485657 0.07983867824077606 1.0 0.75 0.0
v 0.4188074469566345 -0.22586998343467712 0.1065094992518425 1.0 0.75 0.0
v 0.4257221221923828 -0.20018696784973145 0.12824127078056335 1.0 0.75 0.0
v 0.4326367676258087 -0.1715405434370041 0.149973064661026 1.0 0.75 0.0
v 0.3753438889980316 -0.4807245135307312 -0.10290584713220596 1.0 0.75 0.0
v 0.3822585642337799 -0.45207807421684265 -0.08117406070232391 1.0 0.75 0.0
v 0.39016100764274597 -0.4254072606563568 -0.054503243416547775 1.0 0.75 0.0
v 0.39707568287849426 -0.39972424507141113 -0.03474707901477814 1.0 0.75 0.0
v 0.40399032831192017 -0.3710778057575226 -0.014003105461597443 1.0 0.75 0.0
v 0.4118928015232086 -0.3434191644191742 0.010692100040614605 1.0 0.75 0.0
v 0.4188074469566345 -0.3187239468097687 0.03242387995123863 1.0 0.75 0.0
v 0.426709920167923 -0.28908970952033997 0.05514346808195114 1.0 0.75 0.0
v 0.4346123933792114 -0.25945547223091125 0.07786305993795395 1.0 0.75 0.0
v 0.44053924083709717 -0.2357480674982071 0.10157045722007751 1.0 0.75 0.0
v 0.4484417140483856 -0.2080894410610199 0.12231443077325821 1.0 0.75 0.0
v 0.4563441574573517 -0.17845518887043 0.14503401517868042 1.0 0.75 0.0
v 0.39510005712509155 -0.5034440755844116 -0.12167420238256454 1.0 0.75 0.0
v 0.40300253033638 -0.47479766607284546 -0.09697899222373962 1.0 0.75 0.0
v 0.4099171757698059 -0.44812682271003723 -0.07524721324443817 1.0 0.75 0.0
v 0.4168318510055542 -0.4194803833961487 -0.05055201053619385 1.0 0.75 0.0
v 0.42473429441452026 -0.39280956983566284 -0.025856804102659225 1.0 0.75 0.0
v 0.4326367676258087 -0.36515095829963684 -0.006100639700889587 1.0 0.75 0.0
v 0.439551442861557 -0.3384801149368286 0.01365552470088005 1.0 0.75 0.0
v 0.4464660882949829 -0.3108215034008026 0.041314154863357544 1.0 0.75 0.0
v 0.45436856150627136 -0.2831628620624542 0.06699717044830322 1.0 0.75 0.0
v 0.46128320693969727 -0.2545164227485657 0.0857655256986618 1.0 0.75 0.0
v 0.4691856801509857 -0.22685779631137848 0.11243634670972824 1.0 0.75 0.0
v 0.47708815336227417 -0.1962357461452484 0.1272534728050232 1.0 0.75 0.0
v 0.4840027987957001 -0.17252834141254425 0.15787552297115326 1.0 0.75 0.0
v 0.4257221221923828 -0.5202368497848511 -0.13056448101997375 1.0 0.75 0.0
v 0.43362459540367126 -0.4906025826931 -0.10586927086114883 1.0 0.75 0.0
v 0.44053924083709717 -0.4649195671081543 -0.08117406070232391 1.0 0.75 0.0
v 0.4484417140483856 -0.4352853298187256 -0.05944228172302246 1.0 0.75 0.0
v 0.4563441574573517 -0.4056510925292969 -0.035734884440898895 1.0 0.75 0.0
v 0.4632588326931 -0.38095587491989136 -0.012027489021420479 1.0 0.75 0.0
v 0.4701734781265259 -0.35329723358154297 0.006740867160260677 1.0 0.75 0.0
v 0.47807595133781433 -0.3246508240699768 0.027484839782118797 1.0 0.75 0.0
v 0.48499059677124023 -0.29896780848503113 0.05218004435300827 1.0 0.75 0.0
v 0.4928930699825287 -0.2722969651222229 0.07292401790618896 1.0 0.75 0.0
v 0.5007955431938171 -0.24167491495609283 0.09860703349113464 1.0 0.75 0.0
v 0.5077102184295654 -0.215004101395607 0.1203388124704361 1.0 0.75 0.0
v 0.514624834060669 -0.18932108581066132 0.1430584043264389 1.0 0.75 0.0
v 0.5225273370742798 -0.1596868336200714 0.16874141991138458 1.0 0.75 0.0
v 0.4563441574573517 -0.5577735304832458 -0.16217434406280518 1.0 0.75 0.0
v 0.4632588326931 -0.5301148891448975 -0.1364913284778595 1.0 0.75 0.0
v 0.4711613059043884 -0.4994928538799286 -0.11080831289291382 1.0 0.75 0.0
v 0.47807595133781433 -0.4738098382949829 -0.09203995019197464 1.0 0.75 0.0
v 0.48499059677124023 -0.4491146504878998 -0.06734474748373032 1.0 0.75 0.0
v 0.4928930699825287 -0.4214560091495514 -0.04264954477548599 1.0 0.75 0.0
v 0.499807745218277 -0.3918217718601227 -0.022893378511071205 1.0 0.75 0.0
v 0.5077102184295654 -0.36515095829963684 -0.0031372150406241417 1.0 0.75 0.0
v 0.514624834060669 -0.33749231696128845 0.021557990461587906 1.0 0.75 0.0
v 0.5235151052474976 -0.3068702518939972 0.04526538774371147 1.0 0.75 0.0
v 0.5294419527053833 -0.28217506408691406 0.06897278130054474 1.0 0.75 0.0
v 0.5373444557189941 -0.2545164227485657 0.09564360231161118 1.0 0.75 0.0
v 0.5452468991279602 -0.22488218545913696 0.113424152135849 1.0 0.75 0.0
v 0.5521615743637085 -0.19919916987419128 0.13910716772079468 1.0 0.75 0.0
v 0.5590762495994568 -0.17252834141254425 0.16281455755233765 1.0 0.75 0.0
v 0.540307879447937 -0.3434191644191742 0.02057018131017685 1.0 0.75 0.0
v 0.5472225546836853 -0.3187239468097687 0.0423019640147686 1.0 0.75 0.0
v 0.5541371703147888 -0.2900775074958801 0.06600935757160187 1.0 0.75 0.0
v 0.5620396733283997 -0.26143109798431396 0.08872894942760468 1.0 0.75 0.0
v 0.5689542889595032 -0.23673588037490845 0.10848511010408401 1.0 0.75 0.0
v 0.5758689641952515 -0.21204067766666412 0.13318032026290894 1.0 0.75 0.0
v 0.5837714076042175 -0.18240642547607422 0.15589991211891174 1.0 0.75 0.0
v 0.5906860828399658 -0.15672340989112854 0.1845463514328003 1.0 0.75 0.0
v 0.2834777235984802 -0.28217506408691406 0.0492166206240654 1.0 0.75 0.0
v 0.28940457105636597 -0.3088458776473999 0.028472647070884705 1.0 0.75 0.0
v 0.2973070442676544 -0.3404557406902313 0.0057530589401721954 1.0 0.75 0.0
v 0.30323389172554016 -0.36712655425071716 -0.014003105461597443 1.0 0.75 0.0
v 0.3091607391834259 -0.3908339738845825 -0.038698311895132065 1.0 0.75 0.0
v 0.3160754144191742 -0.42046821117401123 -0.0584544762969017 1.0 0.75 0.0
v 0.3229900598526001 -0.45010244846343994 -0.08413748443126678 1.0 0.75 0.0
v 0.29829487204551697 -0.1853698492050171 0.13120469450950623 1.0 0.75 0.0
v 0.3042217195034027 -0.21204067766666412 0.1065094992518425 1.0 0.75 0.0
v 0.3111363649368286 -0.24167491495609283 0.08477771282196045 1.0 0.75 0.0
v 0.3180510103702545 -0.26834574341773987 0.06502155214548111 1.0 0.75 0.0
v 0.32397785782814026 -0.2950165569782257 0.04328976944088936 1.0 0.75 0.0
v 0.33089253306388855 -0.32366299629211426 0.02057018131017685 1.0 0.75 0.0
v 0.33780717849731445 -0.35329723358154297 -0.00017379032215103507 1.0 0.75 0.0
v 0.3437340259552002 -0.3799680769443512 -0.02388118766248226 1.0 0.75 0.0
v 0.3506487011909485 -0.40663889050483704 -0.04660077765583992 1.0 0.75 0.0
v 0.3575633466243744 -0.43627312779426575 -0.06734474748373032 1.0 0.75 0.0
v 0.3644780218601227 -0.46393176913261414 -0.08808872103691101 1.0 0.75 0.0
v 0.3704048693180084 -0.4906025826931 -0.11673516035079956 1.0 0.75 0.0
v 0.32200226187705994 -0.1666014939546585 0.14700962603092194 1.0 0.75 0.0
v 0.32891690731048584 -0.1962357461452484 0.12330223619937897 1.0 0.75 0.0
v 0.33583158254623413 -0.2238943725824356 0.10157045722007751 1.0 0.75 0.0
v 0.3417584300041199 -0.2495773881673813 0.07786305993795395 1.0 0.75 0.0
v 0.3486730754375458 -0.27822381258010864 0.0561312772333622 1.0 0.75 0.0
v 0.3555877208709717 -0.30785807967185974 0.037362921983003616 1.0 0.75 0.0
v 0.36250239610671997 -0.3345288932323456 0.01365552470088005 1.0 0.75 0.0
v 0.3694170415401459 -0.3641631305217743 -0.008076256141066551 1.0 0.75 0.0
v 0.37633171677589417 -0.3937973976135254 -0.03079584427177906 1.0 0.75 0.0
v 0.3822585642337799 -0.4214560091495514 -0.054503243416547775 1.0 0.75 0.0
v 0.3891732096672058 -0.44812682271003723 -0.07623502612113953 1.0 0.75 0.0
v 0.39510005712509155 -0.4767732620239258 -0.0999424159526825 1.0 0.75 0.0
v 0.40201473236083984 -0.5014684796333313 -0.12068638950586319 1.0 0.75 0.0
v 0.40892937779426575 -0.5330783128738403 -0.13155227899551392 1.0 0.75 0.0
v 0.3437340259552002 -0.17450396716594696 0.14503401517868042 1.0 0.75 0.0
v 0.3506487011909485 -0.2031504064798355 0.1203388124704361 1.0 0.75 0.0
v 0.35855114459991455 -0.23278464376926422 0.0995948389172554 1.0 0.75 0.0
v 0.3644780218601227 -0.2604432702064514 0.07489963620901108 1.0 0.75 0.0
v 0.3713926672935486 -0.2900775074958801 0.05514346808195114 1.0 0.75 0.0
v 0.3783073127269745 -0.3187239468097687 0.03242387995123863 1.0 0.75 0.0
v 0.38423416018486023 -0.3453947901725769 0.010692100040614605 1.0 0.75 0.0
v 0.3911488354206085 -0.3730534017086029 -0.009064064361155033 1.0 0.75 0.0
v 0.3980634808540344 -0.39972424507141113 -0.03474707901477814 1.0 0.75 0.0
v 0.40399032831192017 -0.42738285660743713 -0.0584544762969017 1.0 0.75 0.0
v 0.4118928015232086 -0.45701712369918823 -0.07623502612113953 1.0 0.75 0.0
v 0.41781964898109436 -0.4836879372596741 -0.10290584713220596 1.0 0.75 0.0
v 0.42473429441452026 -0.5123343467712402 -0.11969858407974243 1.0 0.75 0.0
v 0.43164896965026855 -0.5409808158874512 -0.14636941254138947 1.0 0.75 0.0
v 0.3783073127269745 -0.1715405434370041 0.14602182805538177 1.0 0.75 0.0
v 0.38423416018486023 -0.19821135699748993 0.12626565992832184 1.0 0.75 0.0
v 0.3911488354206085 -0.22290655970573425 0.09761922061443329 1.0 0.75 0.0
v 0.3980634808540344 -0.25254079699516296 0.08181428909301758 1.0 0.75 0.0
v 0.40399032831192017 -0.2811872363090515 0.05810689553618431 1.0 0.75 0.0
v 0.41090500354766846 -0.3088458776473999 0.037362921983003616 1.0 0.75 0.0
v 0.41781964898109436 -0.3384801149368286 0.018594564869999886 1.0 0.75 0.0
v 0.42473429441452026 -0.36712655425071716 -0.0031372150406241417 1.0 0.75 0.0
v 0.4306611716747284 -0.39280956983566284 -0.025856804102659225 1.0 0.75 0.0
v 0.43856361508369446 -0.4234316349029541 -0.051539815962314606 1.0 0.75 0.0
v 0.44547829031944275 -0.4510902464389801 -0.07425940781831741 1.0 0.75 0.0
v 0.4514051377773285 -0.47776108980178833 -0.09500338137149811 1.0 0.75 0.0
v 0.45733198523521423 -0.5054197311401367 -0.11871077865362167 1.0 0.75 0.0
v 0.4652344584465027 -0.5350539684295654 -0.14044255018234253 1.0 0.75 0.0
v 0.4118928015232086 -0.17549176514148712 0.15096086263656616 1.0 0.75 0.0
v 0.41781964898109436 -0.19919916987419128 0.12527784705162048 1.0 0.75 0.0
v 0.42473429441452026 -0.22883340716362 0.10354606807231903 1.0 0.75 0.0
v 0.43164896965026855 -0.25945547223091125 0.08181428909301758 1.0 0.75 0.0
v 0.43856361508369446 -0.2861262857913971 0.057119086384773254 1.0 0.75 0.0
v 0.4444904625415802 -0.31279709935188293 0.037362921983003616 1.0 0.75 0.0
v 0.45239293575286865 -0.34440696239471436 0.01365552470088005 1.0 0.75 0.0
v 0.4583197832107544 -0.37008997797966003 -0.006100639700889587 1.0 0.75 0.0
v 0.46424663066864014 -0.3977486193180084 -0.02783242054283619 1.0 0.75 0.0
v 0.4711613059043884 -0.426395058631897 -0.051539815962314606 1.0 0.75 0.0
v 0.47807595133781433 -0.4530658721923828 -0.07129598408937454 1.0 0.75 0.0
v 0.4840027987957001 -0.47776108980178833 -0.09599118679761887 1.0 0.75 0.0
v 0.43658801913261414 -0.1735161542892456 0.1479974389076233 1.0 0.75 0.0
v 0.4425148665904999 -0.2011747807264328 0.12429004162549973 1.0 0.75 0.0
v 0.45041730999946594 -0.2308090329170227 0.10453388094902039 1.0 0.75 0.0
v 0.4553563594818115 -0.2564920485019684 0.08181428909301758 1.0 0.75 0.0
v 0.4622710347175598 -0.2831628620624542 0.06205812841653824 1.0 0.75 0.0
v 0.4691856801509857 -0.31279709935188293 0.041314154863357544 1.0 0.75 0.0
v 0.47511252760887146 -0.33749231696128845 0.018594564869999886 1.0 0.75 0.0
v 0.48202717304229736 -0.366138756275177 -0.00214940682053566 1.0 0.75 0.0
v 0.48894184827804565 -0.39478519558906555 -0.02388118766248226 1.0 0.75 0.0
v 0.4948686957359314 -0.42046821117401123 -0.04660077765583992 1.0 0.75 0.0
v 0.5017833709716797 -0.44812682271003723 -0.06833256036043167 1.0 0.75 0.0
v 0.4583197832107544 -0.164625883102417 0.15589991211891174 1.0 0.75 0.0
v 0.4652344584465027 -0.1942601203918457 0.13811935484409332 1.0 0.75 0.0
v 0.4711613059043884 -0.22093094885349274 0.11638757586479187 1.0 0.75 0.0
v 0.47807595133781433 -0.2495773881673813 0.0926801785826683 1.0 0.75 0.0
v 0.4840027987957001 -0.27526038885116577 0.0699605941772461 1.0 0.75 0.0
v 0.490917444229126 -0.30291903018951416 0.0492166206240654 1.0 0.75 0.0
v 0.49783211946487427 -0.3315654695034027 0.027484839782118797 1.0 0.75 0.0
v 0.50375896692276 -0.3592241108417511 0.0057530589401721954 1.0 0.75 0.0
v 0.5106736421585083 -0.3888583481311798 -0.016966529190540314 1.0 0.75 0.0
v 0.490917444229126 -0.1527721881866455 0.16775360703468323 1.0 0.75 0.0
v 0.49881991744041443 -0.18438203632831573 0.14898525178432465 1.0 0.75 0.0
v 0.5047467947006226 -0.20907725393772125 0.12429004162549973 1.0 0.75 0.0
v 0.5116614103317261 -0.2377236932516098 0.1065094992518425 1.0 0.75 0.0
v 0.5185760855674744 -0.2673579454421997 0.07885086536407471 1.0 0.75 0.0
v 0.5254907608032227 -0.2950165569782257 0.05810689553618431 1.0 0.75 0.0
v 0.5314176082611084 -0.3197117745876312 0.03835073113441467 1.0 0.75 0.0
v 0.527466356754303 -0.16758930683135986 0.16083894670009613 1.0 0.75 0.0
v 0.5343810319900513 -0.1962357461452484 0.13713155686855316 1.0 0.75 0.0
v 0.540307879447937 -0.2238943725824356 0.11737538874149323 1.0 0.75 0.0
v 0.5472225546836853 -0.2535286247730255 0.0926801785826683 1.0 0.75 0.0
v 0.5551249980926514 -0.2831628620624542 0.07094839960336685 1.0 0.75 0.0
v 0.551173746585846 -0.16067464649677277 0.16676579415798187 1.0 0.75 0.0
v 0.5580884218215942 -0.18932108581066132 0.1479974389076233 1.0 0.75 0.0
v 0.56401526927948 -0.21599189937114716 0.12330223619937897 1.0 0.75 0.0
v 0.5709299445152283 -0.24365054070949554 0.10354606807231903 1.0 0.75 0.0
v 0.5748811364173889 -0.15672340989112854 0.17664387822151184 1.0 0.75 0.0
v 0.5817958116531372 -0.18438203632831573 0.15392428636550903 1.0 0.75 0.0
v -0.6183911561965942 -0.10239396244287491 0.13318032026290894 1.0 0.75 0.0
v -0.6095008850097656 -0.07078409940004349 0.149973064661026 1.0 0.75 0.0
v -0.6025862097740173 -0.04510108754038811 0.1776316910982132 1.0 0.75 0.0
v -0.6065374612808228 -0.22290655970573425 0.03242387995123863 1.0 0.75 0.0
v -0.600610613822937 -0.19821135699748993 0.05909470096230507 1.0 0.75 0.0
v -0.5917203426361084 -0.16857710480690002 0.07786305993795395 1.0 0.75 0.0
v -0.5848056674003601 -0.13993068039417267 0.10058264434337616 1.0 0.75 0.0
v -0.5788788199424744 -0.11721108853816986 0.12626565992832184 1.0 0.75 0.0
v -0.5709763765335083 -0.08955245465040207 0.14404620230197906 1.0 0.75 0.0
v -0.56406170129776 -0.061893824487924576 0.16972921788692474 1.0 0.75 0.0
v -0.5946837663650513 -0.2772360146045685 -0.011039680801331997 1.0 0.75 0.0
v -0.587769091129303 -0.2515529990196228 0.006740867160260677 1.0 0.75 0.0
v -0.5818422436714172 -0.22685779631137848 0.03242387995123863 1.0 0.75 0.0
v -0.5739398002624512 -0.19821135699748993 0.05514346808195114 1.0 0.75 0.0
v -0.5660372972488403 -0.17055273056030273 0.07786305993795395 1.0 0.75 0.0
v -0.5591226816177368 -0.14486971497535706 0.09761922061443329 1.0 0.75 0.0
v -0.5522080063819885 -0.11819889396429062 0.12527784705162048 1.0 0.75 0.0
v -0.5443055629730225 -0.08856464922428131 0.14503401517868042 1.0 0.75 0.0
v -0.5373908877372742 -0.06386943906545639 0.16281455755233765 1.0 0.75 0.0
v -0.592708170413971 -0.3819436728954315 -0.09599118679761887 1.0 0.75 0.0
v -0.5857934951782227 -0.35626065731048584 -0.06932036578655243 1.0 0.75 0.0
v -0.5788788199424744 -0.32860204577445984 -0.048576392233371735 1.0 0.75 0.0
v -0.5709763765335083 -0.30094340443611145 -0.025856804102659225 1.0 0.75 0.0
v -0.56406170129776 -0.27328479290008545 -0.0051128314808011055 1.0 0.75 0.0
v -0.5571470260620117 -0.24760176241397858 0.01760675758123398 1.0 0.75 0.0
v -0.5492445826530457 -0.21895533800125122 0.03835073113441467 1.0 0.75 0.0
v -0.5423299074172974 -0.19327232241630554 0.06403374671936035 1.0 0.75 0.0
v -0.5344274640083313 -0.164625883102417 0.08675333112478256 1.0 0.75 0.0
v -0.527512788772583 -0.1369672566652298 0.11046072840690613 1.0 0.75 0.0
v -0.5196103453636169 -0.10832080990076065 0.12626565992832184 1.0 0.75 0.0
v -0.5126956701278687 -0.08263779431581497 0.15194867551326752 1.0 0.75 0.0
v -0.576903223991394 -0.44713902473449707 -0.14834502339363098 1.0 0.75 0.0
v -0.5690007209777832 -0.4194803833961487 -0.12661324441432953 1.0 0.75 0.0
v -0.5630738735198975 -0.39478519558906555 -0.10488145798444748 1.0 0.75 0.0
v -0.5551714301109314 -0.36712655425071716 -0.08018625527620316 1.0 0.75 0.0
v -0.5472689867019653 -0.3384801149368286 -0.054503243416547775 1.0 0.75 0.0
v -0.540354311466217 -0.3108215034008026 -0.03474707901477814 1.0 0.75 0.0
v -0.5334396362304688 -0.2841506600379944 -0.011039680801331997 1.0 0.75 0.0
v -0.5255371928215027 -0.25550422072410583 0.009704291820526123 1.0 0.75 0.0
v -0.5186225175857544 -0.22784560918807983 0.03044826351106167 1.0 0.75 0.0
v -0.5107200741767883 -0.20216259360313416 0.05514346808195114 1.0 0.75 0.0
v -0.5028175711631775 -0.17252834141254425 0.07983867824077606 1.0 0.75 0.0
v -0.495902955532074 -0.14289410412311554 0.10255826264619827 1.0 0.75 0.0
v -0.4889882802963257 -0.11819889396429062 0.1272534728050232 1.0 0.75 0.0
v -0.48108580708503723 -0.08856464922428131 0.149973064661026 1.0 0.75 0.0
v -0.5265250205993652 -0.4046632647514343 -0.11080831289291382 1.0 0.75 0.0
v -0.5196103453636169 -0.37898024916648865 -0.08907652646303177 1.0 0.75 0.0
v -0.5117079019546509 -0.3503338098526001 -0.06339351832866669 1.0 0.75 0.0
v -0.5047932267189026 -0.32168737053871155 -0.04067392647266388 1.0 0.75 0.0
v -0.49689075350761414 -0.29600438475608826 -0.016966529190540314 1.0 0.75 0.0
v -0.4889882802963257 -0.265382319688797 0.0027896342799067497 1.0 0.75 0.0
v -0.4820736348628998 -0.23673588037490845 0.02946045622229576 1.0 0.75 0.0
v -0.4751589596271515 -0.21204067766666412 0.05218004435300827 1.0 0.75 0.0
v -0.4672565162181854 -0.1853698492050171 0.0719362124800682 1.0 0.75 0.0
v -0.46034184098243713 -0.1577112227678299 0.09663141518831253 1.0 0.75 0.0
v -0.4524393677711487 -0.12906478345394135 0.11836319416761398 1.0 0.75 0.0
v -0.4455247223377228 -0.10140615701675415 0.13910716772079468 1.0 0.75 0.0
v -0.49886637926101685 -0.4056510925292969 -0.10586927086114883 1.0 0.75 0.0
v -0.4909639060497284 -0.3750290274620056 -0.08314967900514603 1.0 0.75 0.0
v -0.4840492308139801 -0.3483582139015198 -0.06043009087443352 1.0 0.75 0.0
v -0.4771345853805542 -0.32366299629211426 -0.04067392647266388 1.0 0.75 0.0
v -0.46923211216926575 -0.29600438475608826 -0.018942145630717278 1.0 0.75 0.0
v -0.4613296687602997 -0.26637011766433716 0.0047652507200837135 1.0 0.75 0.0
v -0.45540282130241394 -0.24167491495609283 0.03242387995123863 1.0 0.75 0.0
v -0.4475003480911255 -0.21302847564220428 0.05218004435300827 1.0 0.75 0.0
v -0.43959787487983704 -0.18438203632831573 0.07885086536407471 1.0 0.75 0.0
v -0.4316954016685486 -0.15672340989112854 0.09564360231161118 1.0 0.75 0.0
v -0.4247807562351227 -0.1300525963306427 0.12132661789655685 1.0 0.75 0.0
v -0.41687828302383423 -0.1004183441400528 0.14404620230197906 1.0 0.75 0.0
v -0.45737841725349426 -0.3681143820285797 -0.0722837895154953 1.0 0.75 0.0
v -0.4494759440422058 -0.3414435386657715 -0.05055201053619385 1.0 0.75 0.0
v -0.4425612986087799 -0.31279709935188293 -0.029808036983013153 1.0 0.75 0.0
v -0.43465882539749146 -0.2841506600379944 -0.006100639700889587 1.0 0.75 0.0
v -0.42774417996406555 -0.2564920485019684 0.02057018131017685 1.0 0.75 0.0
v -0.4198417067527771 -0.2308090329170227 0.0423019640147686 1.0 0.75 0.0
v -0.41193923354148865 -0.2011747807264328 0.06403374671936035 1.0 0.75 0.0
v -0.40502458810806274 -0.17450396716594696 0.08280210196971893 1.0 0.75 0.0
v -0.39810994267463684 -0.14684532582759857 0.11144853383302689 1.0 0.75 0.0
v -0.39119526743888855 -0.12017451226711273 0.1292290836572647 1.0 0.75 0.0
v -0.41885390877723694 -0.36712655425071716 -0.07030817121267319 1.0 0.75 0.0
v -0.41193923354148865 -0.33946794271469116 -0.048576392233371735 1.0 0.75 0.0
v -0.4040367901325226 -0.3108215034008026 -0.022893378511071205 1.0 0.75 0.0
v -0.3971221148967743 -0.2861262857913971 0.0008140178979374468 1.0 0.75 0.0
v -0.3902074694633484 -0.25747984647750854 0.016618948429822922 1.0 0.75 0.0
v -0.38230499625205994 -0.22982122004032135 0.041314154863357544 1.0 0.75 0.0
v -0.37539035081863403 -0.20512601733207703 0.06205812841653824 1.0 0.75 0.0
v -0.36847567558288574 -0.17746739089488983 0.08675333112478256 1.0 0.75 0.0
v -0.3605732321739197 -0.14783313870429993 0.10947292298078537 1.0 0.75 0.0
v -0.3536585569381714 -0.12215012311935425 0.1272534728050232 1.0 0.75 0.0
v -0.37242692708969116 -0.34934601187705994 -0.05351543426513672 1.0 0.75 0.0
v -0.36551225185394287 -0.32168737053871155 -0.028820227831602097 1.0 0.75 0.0
v -0.35859760642051697 -0.29600438475608826 -0.0051128314808011055 1.0 0.75 0.0
v -0.3516829311847687 -0.26834574341773987 0.014643332920968533 1.0 0.75 0.0
v -0.3437804877758026 -0.23969930410385132 0.04032634571194649 1.0 0.75 0.0
v -0.3368658125400543 -0.21204067766666412 0.05514346808195114 1.0 0.75 0.0
v -0.3299511671066284 -0.18635766208171844 0.0857655256986618 1.0 0.75 0.0
v -0.3210608959197998 -0.15672340989112854 0.10749730467796326 1.0 0.75 0.0
v -0.3141462206840515 -0.1300525963306427 0.1292290836572647 1.0 0.75 0.0
v -0.3437804877758026 -0.33057767152786255 -0.038698311895132065 1.0 0.75 0.0
v -0.3368658125400543 -0.30291903018951416 -0.01301529724150896 1.0 0.75 0.0
v -0.3279755413532257 -0.27328479290008545 0.008716483600437641 1.0 0.75 0.0
v -0.32204869389533997 -0.24760176241397858 0.031436070799827576 1.0 0.75 0.0
v -0.31513404846191406 -0.22290655970573425 0.05514346808195114 1.0 0.75 0.0
v -0.30624377727508545 -0.1922845095396042 0.07885086536407471 1.0 0.75 0.0
v -0.29932910203933716 -0.164625883102417 0.10157045722007751 1.0 0.75 0.0
v -0.29241445660591125 -0.13795505464076996 0.12330223619937897 1.0 0.75 0.0
v -0.3121706247329712 -0.3157605230808258 -0.02091776207089424 1.0 0.75 0.0
v -0.30426815152168274 -0.28711408376693726 0.0047652507200837135 1.0 0.75 0.0
v -0.2963656783103943 -0.25747984647750854 0.02353360690176487 1.0 0.75 0.0
v -0.2894510328769684 -0.23179683089256287 0.051192235201597214 1.0 0.75 0.0
v -0.2825363576412201 -0.20413820445537567 0.0719362124800682 1.0 0.75 0.0
v -0.2756217122077942 -0.17746739089488983 0.09564360231161118 1.0 0.75 0.0
v -0.2687070667743683 -0.1507965624332428 0.113424152135849 1.0 0.75 0.0
v -0.27167049050331116 -0.30094340443611145 -0.004125023260712624 1.0 0.75 0.0
v -0.26475581526756287 -0.27130916714668274 0.018594564869999886 1.0 0.75 0.0
v -0.2568533420562744 -0.24167491495609283 0.0423019640147686 1.0 0.75 0.0
v -0.2499386966228485 -0.215004101395607 0.05810689553618431 1.0 0.75 0.0
v -0.2430240362882614 -0.18932108581066132 0.09070456773042679 1.0 0.75 0.0
v -0.2291947305202484 -0.27328479290008545 0.021557990461587906 1.0 0.75 0.0
v -0.22129225730895996 -0.24562615156173706 0.04032634571194649 1.0 0.75 0.0
v -0.21437759697437286 -0.21796752512454987 0.06600935757160187 1.0 0.75 0.0
v -0.20845074951648712 -0.19524793326854706 0.09465579688549042 1.0 0.75 0.0
v -0.20054829120635986 -0.2742725908756256 0.018594564869999886 1.0 0.75 0.0
v -0.19462144374847412 -0.25056520104408264 0.0423019640147686 1.0 0.75 0.0
v -0.18671897053718567 -0.2238943725824356 0.060082510113716125 1.0 0.75 0.0
v -0.17980431020259857 -0.19722354412078857 0.09070456773042679 1.0 0.75 0.0
v -0.1719018518924713 -0.16758930683135986 0.10848511010408401 1.0 0.75 0.0
v -0.17091403901576996 -0.2515529990196228 0.041314154863357544 1.0 0.75 0.0
v -0.16399937868118286 -0.2238943725824356 0.05909470096230507 1.0 0.75 0.0
v -0.1560969203710556 -0.19722354412078857 0.08082648366689682 1.0 0.75 0.0
v -0.1491822600364685 -0.16956491768360138 0.10947292298078537 1.0 0.75 0.0
v -0.12349924445152283 -0.22784560918807983 0.063045933842659 1.0 0.75 0.0
v -0.11658459156751633 -0.2011747807264328 0.08477771282196045 1.0 0.75 0.0
v -0.08201130479574203 -0.21401628851890564 0.07588744163513184 1.0 0.75 0.0
v -0.07509664446115494 -0.18932108581066132 0.10157045722007751 1.0 0.75 0.0
v -0.5946837663650513 -0.32563862204551697 -0.05055201053619385 1.0 0.75 0.0
v -0.5887569189071655 -0.3552728593349457 -0.07129598408937454 1.0 0.75 0.0
v -0.5818422436714172 -0.38293150067329407 -0.093027763068676 1.0 0.75 0.0
v -0.5759153962135315 -0.4096023142337799 -0.11673516035079956 1.0 0.75 0.0
v -0.5690007209777832 -0.43824875354766846 -0.138466939330101 1.0 0.75 0.0
v -0.6193789839744568 -0.0727597177028656 0.1549120992422104 1.0 0.75 0.0
v -0.613452136516571 -0.09844272583723068 0.13515593111515045 1.0 0.75 0.0
v -0.6065374612808228 -0.12807697057724 0.10749730467796326 1.0 0.75 0.0
v -0.5996227860450745 -0.15672340989112854 0.08774114400148392 1.0 0.75 0.0
v -0.5936959385871887 -0.18240642547607422 0.06502155214548111 1.0 0.75 0.0
v -0.5867813229560852 -0.21204067766666412 0.0423019640147686 1.0 0.75 0.0
v -0.5798666477203369 -0.24068711698055267 0.018594564869999886 1.0 0.75 0.0
v -0.5739398002624512 -0.2673579454421997 0.0027896342799067497 1.0 0.75 0.0
v -0.5670251250267029 -0.29402875900268555 -0.022893378511071205 1.0 0.75 0.0
v -0.5601104497909546 -0.32366299629211426 -0.04660077765583992 1.0 0.75 0.0
v -0.5541836023330688 -0.3523094356060028 -0.07030817121267319 1.0 0.75 0.0
v -0.5472689867019653 -0.37898024916648865 -0.093027763068676 1.0 0.75 0.0
v -0.5393664836883545 -0.4115779399871826 -0.11179611831903458 1.0 0.75 0.0
v -0.587769091129303 -0.05991820991039276 0.16479018330574036 1.0 0.75 0.0
v -0.5818422436714172 -0.08560122549533844 0.1430584043264389 1.0 0.75 0.0
v -0.5749276280403137 -0.11424765735864639 0.12231443077325821 1.0 0.75 0.0
v -0.5690007209777832 -0.14289410412311554 0.10058264434337616 1.0 0.75 0.0
v -0.5620861053466797 -0.16857710480690002 0.07489963620901108 1.0 0.75 0.0
v -0.5551714301109314 -0.19919916987419128 0.05514346808195114 1.0 0.75 0.0
v -0.5482567548751831 -0.22883340716362 0.03242387995123863 1.0 0.75 0.0
v -0.5413421392440796 -0.2564920485019684 0.009704291820526123 1.0 0.75 0.0
v -0.5354152917861938 -0.2831628620624542 -0.014003105461597443 1.0 0.75 0.0
v -0.5285006165504456 -0.3137849271297455 -0.03375926986336708 1.0 0.75 0.0
v -0.5215859413146973 -0.33946794271469116 -0.05647885799407959 1.0 0.75 0.0
v -0.5156590938568115 -0.366138756275177 -0.07623502612113953 1.0 0.75 0.0
v -0.508744478225708 -0.39478519558906555 -0.0999424159526825 1.0 0.75 0.0
v -0.5630738735198975 -0.05004012584686279 0.17368045449256897 1.0 0.75 0.0
v -0.5551714301109314 -0.08066218346357346 0.15293648838996887 1.0 0.75 0.0
v -0.5482567548751831 -0.109308622777462 0.12824127078056335 1.0 0.75 0.0
v -0.5423299074172974 -0.13597944378852844 0.1065094992518425 1.0 0.75 0.0
v -0.5354152917861938 -0.16363807022571564 0.08181428909301758 1.0 0.75 0.0
v -0.5294884443283081 -0.1922845095396042 0.06107031926512718 1.0 0.75 0.0
v -0.5225737690925598 -0.21796752512454987 0.0423019640147686 1.0 0.75 0.0
v -0.5166469216346741 -0.24661396443843842 0.018594564869999886 1.0 0.75 0.0
v -0.508744478225708 -0.27822381258010864 -0.00214940682053566 1.0 0.75 0.0
v -0.5028175711631775 -0.30291903018951416 -0.02388118766248226 1.0 0.75 0.0
v -0.49689075350761414 -0.33057767152786255 -0.04660077765583992 1.0 0.75 0.0
v -0.4889882802963257 -0.3611997067928314 -0.07327159494161606 1.0 0.75 0.0
v -0.4820736348628998 -0.38984614610671997 -0.09203995019197464 1.0 0.75 0.0
v -0.5354152917861938 -0.06683287024497986 0.15886333584785461 1.0 0.75 0.0
v -0.5285006165504456 -0.09449149668216705 0.13811935484409332 1.0 0.75 0.0
v -0.5215859413146973 -0.12412574142217636 0.11638757586479187 1.0 0.75 0.0
v -0.5146713256835938 -0.1527721881866455 0.09761922061443329 1.0 0.75 0.0
v -0.508744478225708 -0.17944300174713135 0.0719362124800682 1.0 0.75 0.0
v -0.5018298029899597 -0.20907725393772125 0.051192235201597214 1.0 0.75 0.0
v -0.4949151277542114 -0.2377236932516098 0.025509223341941833 1.0 0.75 0.0
v -0.4880004823207855 -0.265382319688797 0.0027896342799067497 1.0 0.75 0.0
v -0.4820736348628998 -0.2930409610271454 -0.01795433834195137 1.0 0.75 0.0
v -0.4751589596271515 -0.32168737053871155 -0.03968611732125282 1.0 0.75 0.0
v -0.46923211216926575 -0.3473703861236572 -0.061417900025844574 1.0 0.75 0.0
v -0.4613296687602997 -0.3779924511909485 -0.08314967900514603 1.0 0.75 0.0
v -0.49886637926101685 -0.07671094685792923 0.16182675957679749 1.0 0.75 0.0
v -0.4929395318031311 -0.10239396244287491 0.13515593111515045 1.0 0.75 0.0
v -0.487012654542923 -0.13104039430618286 0.11737538874149323 1.0 0.75 0.0
v -0.4791102111339569 -0.16067464649677277 0.0926801785826683 1.0 0.75 0.0
v -0.47318336367607117 -0.18635766208171844 0.07094839960336685 1.0 0.75 0.0
v -0.4672565162181854 -0.21401628851890564 0.047241002321243286 1.0 0.75 0.0
v -0.46034184098243713 -0.24365054070949554 0.025509223341941833 1.0 0.75 0.0
v -0.45342719554901123 -0.26933354139328003 0.0037774424999952316 1.0 0.75 0.0
v -0.4475003480911255 -0.2950165569782257 -0.014990913681685925 1.0 0.75 0.0
v -0.4405856728553772 -0.3246508240699768 -0.035734884440898895 1.0 0.75 0.0
v -0.43465882539749146 -0.3523094356060028 -0.06240570917725563 1.0 0.75 0.0
v -0.42774417996406555 -0.3779924511909485 -0.08018625527620316 1.0 0.75 0.0
v -0.46034184098243713 -0.09152807295322418 0.1479974389076233 1.0 0.75 0.0
v -0.45342719554901123 -0.12017451226711273 0.12824127078056335 1.0 0.75 0.0
v -0.44651252031326294 -0.14882095158100128 0.10552168637514114 1.0 0.75 0.0
v -0.44157350063323975 -0.17252834141254425 0.08181428909301758 1.0 0.75 0.0
v -0.43465882539749146 -0.2011747807264328 0.06205812841653824 1.0 0.75 0.0
v -0.42774417996406555 -0.2308090329170227 0.041314154863357544 1.0 0.75 0.0
v -0.4218173325061798 -0.2564920485019684 0.019582374021410942 1.0 0.75 0.0
v -0.4149026572704315 -0.2831628620624542 -0.004125023260712624 1.0 0.75 0.0
v -0.4079880118370056 -0.31279709935188293 -0.02486899495124817 1.0 0.75 0.0
v -0.4010733664035797 -0.34243136644363403 -0.04758858308196068 1.0 0.75 0.0
v -0.43465882539749146 -0.08362560719251633 0.1568877100944519 1.0 0.75 0.0
v -0.42774417996406555 -0.11128423362970352 0.1341681331396103 1.0 0.75 0.0
v -0.4218173325061798 -0.13795505464076996 0.113424152135849 1.0 0.75 0.0
v -0.4149026572704315 -0.1666014939546585 0.09169237315654755 1.0 0.75 0.0
v -0.4079880118370056 -0.1962357461452484 0.06798497587442398 1.0 0.75 0.0
v -0.4010733664035797 -0.2238943725824356 0.04822881147265434 1.0 0.75 0.0
v -0.39514651894569397 -0.2495773881673813 0.02353360690176487 1.0 0.75 0.0
v -0.3882318437099457 -0.2792116403579712 0.0037774424999952316 1.0 0.75 0.0
v -0.3813171982765198 -0.3068702518939972 -0.01795433834195137 1.0 0.75 0.0
v -0.37539035081863403 -0.3335410952568054 -0.04660077765583992 1.0 0.75 0.0
v -0.40700021386146545 -0.10338176786899567 0.14602182805538177 1.0 0.75 0.0
v -0.40008553862571716 -0.1300525963306427 0.12231443077325821 1.0 0.75 0.0
v -0.3941586911678314 -0.15672340989112854 0.10157045722007751 1.0 0.75 0.0
v -0.3872440457344055 -0.18635766208171844 0.08181428909301758 1.0 0.75 0.0
v -0.3803293704986572 -0.215004101395607 0.05810689553618431 1.0 0.75 0.0
v -0.3734147250652313 -0.24167491495609283 0.03242387995123863 1.0 0.75 0.0
v -0.3665000796318054 -0.27130916714668274 0.011679908260703087 1.0 0.75 0.0
v -0.3605732321739197 -0.29896780848503113 -0.014990913681685925 1.0 0.75 0.0
v -0.3536585569381714 -0.3276142477989197 -0.03079584427177906 1.0 0.75 0.0
v -0.36551225185394287 -0.11918669939041138 0.12626565992832184 1.0 0.75 0.0
v -0.3576098084449768 -0.14980874955654144 0.10749730467796326 1.0 0.75 0.0
v -0.3516829311847687 -0.17647957801818848 0.0857655256986618 1.0 0.75 0.0
v -0.3447682857513428 -0.2031504064798355 0.06403374671936035 1.0 0.75 0.0
v -0.33884143829345703 -0.2308090329170227 0.044277578592300415 1.0 0.75 0.0
v -0.33192679286003113 -0.2604432702064514 0.021557990461587906 1.0 0.75 0.0
v -0.3259999454021454 -0.2861262857913971 -0.00214940682053566 1.0 0.75 0.0
v -0.3190852701663971 -0.31477272510528564 -0.02783242054283619 1.0 0.75 0.0
v -0.3259999454021454 -0.13202820718288422 0.12626565992832184 1.0 0.75 0.0
v -0.32007306814193726 -0.16067464649677277 0.10255826264619827 1.0 0.75 0.0
v -0.31315842270851135 -0.1873454749584198 0.0857655256986618 1.0 0.75 0.0
v -0.30624377727508545 -0.21599189937114716 0.06107031926512718 1.0 0.75 0.0
v -0.29932910203933716 -0.2446383386850357 0.03637511283159256 1.0 0.75 0.0
v -0.29241445660591125 -0.27328479290008545 0.01760675758123398 1.0 0.75 0.0
v -0.2864876091480255 -0.2999556064605713 -0.006100639700889587 1.0 0.75 0.0
v -0.3003169298171997 -0.13202820718288422 0.12824127078056335 1.0 0.75 0.0
v -0.29439008235931396 -0.15869903564453125 0.10848511010408401 1.0 0.75 0.0
v -0.2874754071235657 -0.18833327293395996 0.08181428909301758 1.0 0.75 0.0
v -0.28056076169013977 -0.21401628851890564 0.06107031926512718 1.0 0.75 0.0
v -0.27463391423225403 -0.24068711698055267 0.03933853656053543 1.0 0.75 0.0
v -0.26771923899650574 -0.26933354139328003 0.02057018131017685 1.0 0.75 0.0
v -0.26179239153862 -0.29600438475608826 -0.00214940682053566 1.0 0.75 0.0
v -0.2756217122077942 -0.12906478345394135 0.13219250738620758 1.0 0.75 0.0
v -0.2687070667743683 -0.15474779903888702 0.10848511010408401 1.0 0.75 0.0
v -0.26278021931648254 -0.18339423835277557 0.0926801785826683 1.0 0.75 0.0
v -0.25586554408073425 -0.21204067766666412 0.06502155214548111 1.0 0.75 0.0
v -0.2499386966228485 -0.23871149122714996 0.04526538774371147 1.0 0.75 0.0
v -0.2430240362882614 -0.26637011766433716 0.02353360690176487 1.0 0.75 0.0
v -0.2272191047668457 -0.17944300174713135 0.08872894942760468 1.0 0.75 0.0
v -0.2203044593334198 -0.2100650519132614 0.07489963620901108 1.0 0.75 0.0
v -0.2133897989988327 -0.24068711698055267 0.050204429775476456 1.0 0.75 0.0
v -0.20746295154094696 -0.26637011766433716 0.02946045622229576 1.0 0.75 0.0
v -0.19560924172401428 -0.164625883102417 0.11144853383302689 1.0 0.75 0.0
v -0.18869459629058838 -0.1922845095396042 0.08774114400148392 1.0 0.75 0.0
v -0.18276773393154144 -0.2219187617301941 0.063045933842659 1.0 0.75 0.0
v -0.17486527562141418 -0.25056520104408264 0.04032634571194649 1.0 0.75 0.0
v -0.17091403901576996 -0.16857710480690002 0.10947292298078537 1.0 0.75 0.0
v -0.16399937868118286 -0.19524793326854706 0.08675333112478256 1.0 0.75 0.0
v -0.15807253122329712 -0.22290655970573425 0.06403374671936035 1.0 0.75 0.0
v -0.15115787088871002 -0.2515529990196228 0.037362921983003616 1.0 0.75 0.0
v -0.13732856512069702 -0.1873454749584198 0.09663141518831253 1.0 0.75 0.0
v -0.12942609190940857 -0.2169797122478485 0.07292401790618896 1.0 0.75 0.0
v -0.10374308377504349 -0.18141861259937286 0.10453388094902039 1.0 0.75 0.0
v -0.09682842344045639 -0.2100650519132614 0.08280210196971893 1.0 0.75 0.0
v -0.0622551403939724 -0.2011747807264328 0.08971675485372543 1.0 0.75 0.0
v -0.38897478580474854 -0.18472544848918915 0.07600131630897522 1.0 0.75 0.0
v -0.020193174481391907 -0.12017110735177994 0.15891696512699127 1.0 0.75 0.0
v 0.5654233694076538 -0.4384726881980896 -0.05158960446715355 1.0 0.75 0.0
v -0.5889522433280945 -0.40017589926719666 -0.11568588018417358 1.0 0.75 0.0
v -0.1050451472401619 -0.1997152864933014 0.08723697066307068 1.0 0.75 0.0
v 0.5740484595298767 -0.39728763699531555 -0.017389290034770966 1.0 0.75 0.0
v -0.16456307470798492 -0.0985197126865387 0.16461175680160522 1.0 0.75 0.0
v -0.31490862369537354 -0.2971113324165344 -0.00927240215241909 1.0 0.75 0.0
v -0.3314623236656189 -0.22201566398143768 0.050424374639987946 1.0 0.75 0.0
v 0.26147279143333435 -0.1598680317401886 0.14987581968307495 1.0 0.75 0.0
v -0.2954676151275635 -0.3146207928657532 -0.02190595120191574 1.0 0.75 0.0
v -0.3875403106212616 -0.26697343587875366 0.009241458959877491 1.0 0.75 0.0
v -0.43799328804016113 -0.2887501120567322 -0.012628193013370037 1.0 0.75 0.0
v 0.4696245789527893 -0.4926755428314209 -0.1035669595003128 1.0 0.75 0.0
v 0.4177681803703308 -0.2691310942173004 0.07392530888319016 1.0 0.75 0.0
v 0.41825124621391296 -0.3143939673900604 0.03716060519218445 1.0 0.75 0.0
v 0.19356343150138855 -0.11846864968538284 0.17793628573417664 1.0 0.75 0.0
v 0.1700323224067688 -0.33454909920692444 0.0002937128010671586 1.0 0.75 0.0
v -0.3071747124195099 -0.20289261639118195 0.06797760725021362 1.0 0.75 0.0
v -0.6025862097740173 -0.6861886382102966 -0.1661255657672882 0.5 1.0 0.0
v -0.5936959385871887 -0.6545787453651428 -0.16513776779174805 0.5 1.0 0.0
v -0.5848056674003601 -0.6190176606178284 -0.16316214203834534 0.5 1.0 0.0
v -0.576903223991394 -0.5903711915016174 -0.16019871830940247 0.5 1.0 0.0
v -0.5680129528045654 -0.5587613582611084 -0.1592109054327011 0.5 1.0 0.0
v -0.600610613822937 -0.782006025314331 -0.1661255657672882 0.5 1.0 0.0
v -0.592708170413971 -0.7523717880249023 -0.16118653118610382 0.5 1.0 0.0
v -0.5848056674003601 -0.7227374911308289 -0.16019871830940247 0.5 1.0 0.0
v -0.5749276280403137 -0.688164234161377 -0.15525968372821808 0.5 1.0 0.0
v -0.5660372972488403 -0.6565543413162231 -0.15328405797481537 0.5 1.0 0.0
v -0.5581348538398743 -0.6269201040267944 -0.1503206342458725 0.5 1.0 0.0
v -0.5680129528045654 -0.7780547738075256 -0.14636941254138947 0.5 1.0 0.0
v -0.5591226816177368 -0.7444692850112915 -0.1434059739112854 0.5 1.0 0.0
v -0.5502324104309082 -0.7138472199440002 -0.1434059739112854 0.5 1.0 0.0
v -0.5413421392440796 -0.6822373867034912 -0.14044255018234253 0.5 1.0 0.0
v -0.5314640402793884 -0.782006025314331 -0.12463762611150742 0.5 1.0 0.0
v -0.5976471900939941 -0.6980423331260681 -0.16711337864398956 0.5 1.0 0.0
v -0.5897447466850281 -0.7316277623176575 -0.16316214203834534 0.5 1.0 0.0
v -0.5818422436714172 -0.7652132511138916 -0.1592109054327011 0.5 1.0 0.0
v -0.5739398002624512 -0.7987987399101257 -0.1503206342458725 0.5 1.0 0.0
v -0.5857934951782227 -0.5923468470573425 -0.16316214203834534 0.5 1.0 0.0
v -0.5778910517692566 -0.6249445080757141 -0.1592109054327011 0.5 1.0 0.0
v -0.5699885487556458 -0.6585299968719482 -0.1522962599992752 0.5 1.0 0.0
v -0.5610982775688171 -0.6950789093971252 -0.14735721051692963 0.5 1.0 0.0
v -0.5531958341598511 -0.7296521663665771 -0.1453815996646881 0.5 1.0 0.0
v -0.5452933311462402 -0.7602742314338684 -0.1364913284778595 0.5 1.0 0.0
v -0.5373908877372742 -0.7958353161811829 -0.13056448101997375 0.5 1.0 0.0
v -0.5828300714492798 -0.4807245135307312 -0.17007680237293243 0.5 1.0 0.0
v -0.5739398002624512 -0.5152977705001831 -0.16118653118610382 0.5 1.0 0.0
v -0.5660372972488403 -0.5498710870742798 -0.15822310745716095 0.5 1.0 0.0
v -0.5581348538398743 -0.5834565758705139 -0.15427187085151672 0.5 1.0 0.0
v -0.5502324104309082 -0.6180298328399658 -0.1453815996646881 0.5 1.0 0.0
v -0.5146713256835938 -0.462943971157074 -0.13747912645339966 0.5 1.0 0.0
v -0.5057810544967651 -0.43133410811424255 -0.13352790474891663 0.5 1.0 0.0
v -0.48108580708503723 -0.45701712369918823 -0.11673516035079956 0.5 1.0 0.0
v -0.47318336367607117 -0.426395058631897 -0.11475954204797745 0.5 1.0 0.0
v -0.44354909658432007 -0.45899271965026855 -0.09796680510044098 0.5 1.0 0.0
v -0.43465882539749146 -0.42441943287849426 -0.09401556849479675 0.5 1.0 0.0
v -0.4267563819885254 -0.3937973976135254 -0.09500338137149811 0.5 1.0 0.0
v -0.4060123860836029 -0.4698586165904999 -0.08117406070232391 0.5 1.0 0.0
v -0.3971221148967743 -0.4372609555721283 -0.07722283154726028 0.5 1.0 0.0
v -0.3892196714878082 -0.40663889050483704 -0.07425940781831741 0.5 1.0 0.0
v -0.3813171982765198 -0.37898024916648865 -0.07030817121267319 0.5 1.0 0.0
v -0.3852684199810028 -0.48467573523521423 -0.06734474748373032 0.5 1.0 0.0
v -0.3763781487941742 -0.45207807421684265 -0.061417900025844574 0.5 1.0 0.0
v -0.36847567558288574 -0.42244383692741394 -0.061417900025844574 0.5 1.0 0.0
v -0.35958540439605713 -0.38984614610671997 -0.06339351832866669 0.5 1.0 0.0
v -0.3506951332092285 -0.3572484850883484 -0.05647885799407959 0.5 1.0 0.0
v -0.35464635491371155 -0.47084641456604004 -0.05351543426513672 0.5 1.0 0.0
v -0.34575608372688293 -0.4392365515232086 -0.05055201053619385 0.5 1.0 0.0
v -0.3368658125400543 -0.4076266884803772 -0.04956420138478279 0.5 1.0 0.0
v -0.32896336913108826 -0.3770046532154083 -0.041661735624074936 0.5 1.0 0.0
v -0.32007306814193726 -0.3434191644191742 -0.04462515935301781 0.5 1.0 0.0
v -0.3230364918708801 -0.48862698674201965 -0.03771050274372101 0.5 1.0 0.0
v -0.31315842270851135 -0.4530658721923828 -0.03672269359230995 0.5 1.0 0.0
v -0.3052559494972229 -0.4214560091495514 -0.03178365156054497 0.5 1.0 0.0
v -0.2963656783103943 -0.38984614610671997 -0.028820227831602097 0.5 1.0 0.0
v -0.2874754071235657 -0.3572484850883484 -0.02783242054283619 0.5 1.0 0.0
v -0.27858513593673706 -0.3246508240699768 -0.021905571222305298 0.5 1.0 0.0
v -0.2894510328769684 -0.49554163217544556 -0.02091776207089424 0.5 1.0 0.0
v -0.28056076169013977 -0.46393176913261414 -0.01795433834195137 0.5 1.0 0.0
v -0.27167049050331116 -0.42935848236083984 -0.01301529724150896 0.5 1.0 0.0
v -0.26278021931648254 -0.39972424507141113 -0.011039680801331997 0.5 1.0 0.0
v -0.2548777461051941 -0.3681143820285797 -0.008076256141066551 0.5 1.0 0.0
v -0.24598746001720428 -0.3335410952568054 -0.0031372150406241417 0.5 1.0 0.0
v -0.2361093908548355 -0.30094340443611145 -0.006100639700889587 0.5 1.0 0.0
v -0.26080459356307983 -0.4965294301509857 -0.010051872581243515 0.5 1.0 0.0
v -0.2519143223762512 -0.4649195671081543 -0.0051128314808011055 0.5 1.0 0.0
v -0.2430240362882614 -0.4342975318431854 -0.0031372150406241417 0.5 1.0 0.0
v -0.23512157797813416 -0.40169984102249146 0.0018018260598182678 0.5 1.0 0.0
v -0.2252434939146042 -0.36712655425071716 0.0018018260598182678 0.5 1.0 0.0
v -0.2183288335800171 -0.33946794271469116 0.007728675380349159 0.5 1.0 0.0
v -0.20845074951648712 -0.30588245391845703 0.010692100040614605 0.5 1.0 0.0
v -0.23808500170707703 -0.5004806518554688 0.0047652507200837135 0.5 1.0 0.0
v -0.2291947305202484 -0.466895192861557 0.0047652507200837135 0.5 1.0 0.0
v -0.22129225730895996 -0.4372609555721283 0.009704291820526123 0.5 1.0 0.0
v -0.2133897989988327 -0.4076266884803772 0.01760675758123398 0.5 1.0 0.0
v -0.2044995278120041 -0.3760168254375458 0.018594564869999886 0.5 1.0 0.0
v -0.19560924172401428 -0.34440696239471436 0.02057018131017685 0.5 1.0 0.0
v -0.18671897053718567 -0.3108215034008026 0.024521414190530777 0.5 1.0 0.0
v -0.1788165122270584 -0.28019943833351135 0.024521414190530777 0.5 1.0 0.0
v -0.1995604783296585 -0.5133221745491028 0.025509223341941833 0.5 1.0 0.0
v -0.1906702071428299 -0.47973668575286865 0.02946045622229576 0.5 1.0 0.0
v -0.18177993595600128 -0.4461512267589569 0.028472647070884705 0.5 1.0 0.0
v -0.17387746274471283 -0.41750478744506836 0.03341168910264969 0.5 1.0 0.0
v -0.16597500443458557 -0.3868827223777771 0.03835073113441467 0.5 1.0 0.0
v -0.15708473324775696 -0.3523094356060028 0.03933853656053543 0.5 1.0 0.0
v -0.14819444715976715 -0.3206995725631714 0.044277578592300415 0.5 1.0 0.0
v -0.1402919888496399 -0.28908970952033997 0.04625319689512253 0.5 1.0 0.0
v -0.13140171766281128 -0.2564920485019684 0.047241002321243286 0.5 1.0 0.0
v -0.16004815697669983 -0.5044319033622742 0.04526538774371147 0.5 1.0 0.0
v -0.15017007291316986 -0.4688708186149597 0.04625319689512253 0.5 1.0 0.0
v -0.1422675997018814 -0.4372609555721283 0.050204429775476456 0.5 1.0 0.0
v -0.13436514139175415 -0.40861451625823975 0.050204429775476456 0.5 1.0 0.0
v -0.12547487020492554 -0.3750290274620056 0.05514346808195114 0.5 1.0 0.0
v -0.11658459156751633 -0.34243136644363403 0.06107031926512718 0.5 1.0 0.0
v -0.10769432038068771 -0.3108215034008026 0.06403374671936035 0.5 1.0 0.0
v -0.0988040417432785 -0.2772360146045685 0.06403374671936035 0.5 1.0 0.0
v -0.08991377055644989 -0.2426627278327942 0.06798497587442398 0.5 1.0 0.0
v -0.1353529393672943 -0.5044319033622742 0.057119086384773254 0.5 1.0 0.0
v -0.1264626681804657 -0.4738098382949829 0.060082510113716125 0.5 1.0 0.0
v -0.11757239699363708 -0.44121217727661133 0.06107031926512718 0.5 1.0 0.0
v -0.10868212580680847 -0.40663889050483704 0.06699717044830322 0.5 1.0 0.0
v -0.10077966004610062 -0.3760168254375458 0.06897278130054474 0.5 1.0 0.0
v -0.09287719428539276 -0.34638258814811707 0.0719362124800682 0.5 1.0 0.0
v -0.08398692309856415 -0.3157605230808258 0.07588744163513184 0.5 1.0 0.0
v -0.07509664446115494 -0.2811872363090515 0.07885086536407471 0.5 1.0 0.0
v -0.06719417870044708 -0.25056520104408264 0.07983867824077606 0.5 1.0 0.0
v -0.05830390751361847 -0.21895533800125122 0.08378990739583969 0.5 1.0 0.0
v -0.11164554953575134 -0.5143100023269653 0.06798497587442398 0.5 1.0 0.0
v -0.10374308377504349 -0.48467573523521423 0.07094839960336685 0.5 1.0 0.0
v -0.09485281258821487 -0.4510902464389801 0.07292401790618896 0.5 1.0 0.0
v -0.08596253395080566 -0.4184925854206085 0.0768752470612526 0.5 1.0 0.0
v -0.07707226276397705 -0.3868827223777771 0.07983867824077606 0.5 1.0 0.0
v -0.0691697970032692 -0.3542850613594055 0.08280210196971893 0.5 1.0 0.0
v -0.05929171293973923 -0.32168737053871155 0.08280210196971893 0.5 1.0 0.0
v -0.050401441752910614 -0.28711408376693726 0.08378990739583969 0.5 1.0 0.0
v -0.04249897599220276 -0.2584676444530487 0.09169237315654755 0.5 1.0 0.0
v -0.03360870108008385 -0.22488218545913696 0.09465579688549042 0.5 1.0 0.0
v -0.08201130479574203 -0.5291271209716797 0.08477771282196045 0.5 1.0 0.0
v -0.07312102615833282 -0.49554163217544556 0.08477771282196045 0.5 1.0 0.0
v -0.06423075497150421 -0.46096834540367126 0.09169237315654755 0.5 1.0 0.0
v -0.0553404800593853 -0.43133410811424255 0.0926801785826683 0.5 1.0 0.0
v -0.047438014298677444 -0.4007120430469513 0.0995948389172554 0.5 1.0 0.0
v -0.5334396362304688 -0.43824875354766846 -0.13352790474891663 0.5 1.0 0.0
v -0.5018298029899597 -0.42441943287849426 -0.12463762611150742 0.5 1.0 0.0
v -0.4949151277542114 -0.4550414979457855 -0.12364981323480606 0.5 1.0 0.0
v -0.47614678740501404 -0.41552916169166565 -0.1157473474740982 0.5 1.0 0.0
v -0.4672565162181854 -0.45207807421684265 -0.11179611831903458 0.5 1.0 0.0
v -0.45540282130241394 -0.4046632647514343 -0.10586927086114883 0.5 1.0 0.0
v -0.4475003480911255 -0.4372609555721283 -0.10191803425550461 0.5 1.0 0.0
v -0.43959787487983704 -0.47084641456604004 -0.09500338137149811 0.5 1.0 0.0
v -0.42082950472831726 -0.40861451625823975 -0.09006433933973312 0.5 1.0 0.0
v -0.4129270613193512 -0.4441756010055542 -0.08710091561079025 0.5 1.0 0.0
v -0.40502458810806274 -0.4757854640483856 -0.08216187357902527 0.5 1.0 0.0
v -0.3872440457344055 -0.4007120430469513 -0.07129598408937454 0.5 1.0 0.0
v -0.37934157252311707 -0.4352853298187256 -0.06932036578655243 0.5 1.0 0.0
v -0.3714390993118286 -0.4688708186149597 -0.06240570917725563 0.5 1.0 0.0
v -0.36847567558288574 -0.3641631305217743 -0.06635694205760956 0.5 1.0 0.0
v -0.35958540439605713 -0.4007120430469513 -0.057466667145490646 0.5 1.0 0.0
v -0.3516829311847687 -0.4342975318431854 -0.05055201053619385 0.5 1.0 0.0
v -0.3437804877758026 -0.4688708186149597 -0.04758858308196068 0.5 1.0 0.0
v -0.3467439115047455 -0.3542850613594055 -0.05351543426513672 0.5 1.0 0.0
v -0.3398292362689972 -0.3868827223777771 -0.048576392233371735 0.5 1.0 0.0
v -0.3309389650821686 -0.42244383692741394 -0.04462515935301781 0.5 1.0 0.0
v -0.3230364918708801 -0.45701712369918823 -0.04067392647266388 0.5 1.0 0.0
v -0.31513404846191406 -0.4906025826931 -0.032771460711956024 0.5 1.0 0.0
v -0.31118279695510864 -0.34638258814811707 -0.04067392647266388 0.5 1.0 0.0
v -0.3032803535461426 -0.37898024916648865 -0.032771460711956024 0.5 1.0 0.0
v -0.2953778803348541 -0.4145413637161255 -0.028820227831602097 0.5 1.0 0.0
v -0.2874754071235657 -0.45010244846343994 -0.02388118766248226 0.5 1.0 0.0
v -0.27858513593673706 -0.48467573523521423 -0.014990913681685925 0.5 1.0 0.0
v -0.27858513593673706 -0.3315654695034027 -0.02388118766248226 0.5 1.0 0.0
v -0.27167049050331116 -0.36317533254623413 -0.015978721901774406 0.5 1.0 0.0
v -0.2637680172920227 -0.3977486193180084 -0.011039680801331997 0.5 1.0 0.0
v -0.2548777461051941 -0.4333097040653229 -0.0051128314808011055 0.5 1.0 0.0
v -0.247963085770607 -0.46590739488601685 -0.00017379032215103507 0.5 1.0 0.0
v -0.24006061255931854 -0.4965294301509857 0.0018018260598182678 0.5 1.0 0.0
v -0.2548777461051941 -0.32662642002105713 -0.008076256141066551 0.5 1.0 0.0
v -0.24697527289390564 -0.36021190881729126 -0.0051128314808011055 0.5 1.0 0.0
v -0.23808500170707703 -0.3957729935646057 0.0027896342799067497 0.5 1.0 0.0
v -0.23117034137248993 -0.42738285660743713 0.0057530589401721954 0.5 1.0 0.0
v -0.22228007018566132 -0.462943971157074 0.011679908260703087 0.5 1.0 0.0
v -0.21437759697437286 -0.4994928538799286 0.016618948429822922 0.5 1.0 0.0
v -0.2291947305202484 -0.3276142477989197 0.0037774424999952316 0.5 1.0 0.0
v -0.2203044593334198 -0.3611997067928314 0.007728675380349159 0.5 1.0 0.0
v -0.21240198612213135 -0.3977486193180084 0.014643332920968533 0.5 1.0 0.0
v -0.2044995278120041 -0.43034628033638 0.019582374021410942 0.5 1.0 0.0
v -0.19659705460071564 -0.462943971157074 0.022545797750353813 0.5 1.0 0.0
v -0.18869459629058838 -0.4985050559043884 0.027484839782118797 0.5 1.0 0.0
v -0.20054829120635986 -0.29402875900268555 0.015631141141057014 0.5 1.0 0.0
v -0.19165802001953125 -0.33057767152786255 0.019582374021410942 0.5 1.0 0.0
v -0.1837555468082428 -0.366138756275177 0.024521414190530777 0.5 1.0 0.0
v -0.17585308849811554 -0.39972424507141113 0.03242387995123863 0.5 1.0 0.0
v -0.16696280241012573 -0.43627312779426575 0.03835073113441467 0.5 1.0 0.0
v -0.15906034409999847 -0.47084641456604004 0.0423019640147686 0.5 1.0 0.0
v -0.15115787088871002 -0.5024563074111938 0.0492166206240654 0.5 1.0 0.0
v -0.1679506152868271 -0.28019943833351135 0.028472647070884705 0.5 1.0 0.0
v -0.16004815697669983 -0.31477272510528564 0.03341168910264969 0.5 1.0 0.0
v -0.15214568376541138 -0.3483582139015198 0.03933853656053543 0.5 1.0 0.0
v -0.14523102343082428 -0.3799680769443512 0.044277578592300415 0.5 1.0 0.0
v -0.13634075224399567 -0.4165169596672058 0.05218004435300827 0.5 1.0 0.0
v -0.12745048105716705 -0.45207807421684265 0.057119086384773254 0.5 1.0 0.0
v -0.12053582072257996 -0.48467573523521423 0.06502155214548111 0.5 1.0 0.0
v -0.1126333549618721 -0.518261194229126 0.06798497587442398 0.5 1.0 0.0
v -0.14325541257858276 -0.2841506600379944 0.04032634571194649 0.5 1.0 0.0
v -0.1353529393672943 -0.3187239468097687 0.050204429775476456 0.5 1.0 0.0
v -0.12745048105716705 -0.3542850613594055 0.05218004435300827 0.5 1.0 0.0
v -0.11757239699363708 -0.3918217718601227 0.05909470096230507 0.5 1.0 0.0
v -0.11065774410963058 -0.4234316349029541 0.06600935757160187 0.5 1.0 0.0
v -0.10275527834892273 -0.4580049216747284 0.07391182333230972 0.5 1.0 0.0
v -0.09485281258821487 -0.4925782084465027 0.07786305993795395 0.5 1.0 0.0
v -0.08596253395080566 -0.5271514654159546 0.08477771282196045 0.5 1.0 0.0
v -0.12349924445152283 -0.24365054070949554 0.04822881147265434 0.5 1.0 0.0
v -0.11559678614139557 -0.27822381258010864 0.0561312772333622 0.5 1.0 0.0
v -0.10769432038068771 -0.31279709935188293 0.060082510113716125 0.5 1.0 0.0
v -0.09979185461997986 -0.3453947901725769 0.06502155214548111 0.5 1.0 0.0
v -0.09090157598257065 -0.3799680769443512 0.06897278130054474 0.5 1.0 0.0
v -0.08299911022186279 -0.41552916169166565 0.07885086536407471 0.5 1.0 0.0
v -0.07509664446115494 -0.44812682271003723 0.08378990739583969 0.5 1.0 0.0
v -0.06719417870044708 -0.48171231150627136 0.09169237315654755 0.5 1.0 0.0
v -0.060279522091150284 -0.5143100023269653 0.09860703349113464 0.5 1.0 0.0
v -0.08991377055644989 -0.23969930410385132 0.06502155214548111 0.5 1.0 0.0
v -0.08201130479574203 -0.27130916714668274 0.07094839960336685 0.5 1.0 0.0
v -0.07410883903503418 -0.3039068281650543 0.07786305993795395 0.5 1.0 0.0
v -0.06620637327432632 -0.3384801149368286 0.08280210196971893 0.5 1.0 0.0
v -0.05830390751361847 -0.37404122948646545 0.08774114400148392 0.5 1.0 0.0
v -0.050401441752910614 -0.4056510925292969 0.09564360231161118 0.5 1.0 0.0
v -0.0553404800593853 -0.23377245664596558 0.08181428909301758 0.5 1.0 0.0
v -0.047438014298677444 -0.2673579454421997 0.08774114400148392 0.5 1.0 0.0
v -0.03953554853796959 -0.301931232213974 0.10058264434337616 0.5 1.0 0.0
v -0.03854774311184883 -0.20611383020877838 0.0926801785826683 0.5 1.0 0.0
v -0.030645277351140976 -0.24167491495609283 0.0995948389172554 0.5 1.0 0.0
v -0.5581348538398743 -0.5241880416870117 -0.15427187085151672 0.5 1.0 0.0
v -0.5502324104309082 -0.4945538341999054 -0.1522962599992752 0.5 1.0 0.0
v -0.5423299074172974 -0.46393176913261414 -0.14933283627033234 0.5 1.0 0.0
v -0.5492445826530457 -0.5933346152305603 -0.14636941254138947 0.5 1.0 0.0
v -0.540354311466217 -0.559749186038971 -0.14241817593574524 0.5 1.0 0.0
v -0.532451868057251 -0.53110271692276 -0.14044255018234253 0.5 1.0 0.0
v -0.5235615968704224 -0.4985050559043884 -0.14044255018234253 0.5 1.0 0.0
v -0.5334396362304688 -0.6506274938583374 -0.13254009187221527 0.5 1.0 0.0
v -0.5245493650436401 -0.617042064666748 -0.13352790474891663 0.5 1.0 0.0
v -0.5156590938568115 -0.5844443440437317 -0.1295766681432724 0.5 1.0 0.0
v -0.5067688226699829 -0.5508589148521423 -0.12463762611150742 0.5 1.0 0.0
v -0.4978785514831543 -0.518261194229126 -0.12167420238256454 0.5 1.0 0.0
v -0.4889882802963257 -0.4876391589641571 -0.11969858407974243 0.5 1.0 0.0
v -0.5205981731414795 -0.745457112789154 -0.12364981323480606 0.5 1.0 0.0
v -0.5117079019546509 -0.7118716239929199 -0.12463762611150742 0.5 1.0 0.0
v -0.5047932267189026 -0.6842129826545715 -0.11772296577692032 0.5 1.0 0.0
v -0.495902955532074 -0.6526031494140625 -0.11673516035079956 0.5 1.0 0.0
v -0.487012654542923 -0.6209932565689087 -0.10982050001621246 0.5 1.0 0.0
v -0.4791102111339569 -0.5893834233283997 -0.11278392374515533 0.5 1.0 0.0
v -0.4702199399471283 -0.5557979345321655 -0.10685707628726959 0.5 1.0 0.0
v -0.4613296687602997 -0.5222124457359314 -0.1088326945900917 0.5 1.0 0.0
v -0.4524393677711487 -0.4915904104709625 -0.10191803425550461 0.5 1.0 0.0
v -0.48306143283843994 -0.7592864036560059 -0.10191803425550461 0.5 1.0 0.0
v -0.47417116165161133 -0.7257009148597717 -0.0999424159526825 0.5 1.0 0.0
v -0.4662686884403229 -0.696066677570343 -0.10093022882938385 0.5 1.0 0.0
v -0.45737841725349426 -0.6634690165519714 -0.09599118679761887 0.5 1.0 0.0
v -0.44848814606666565 -0.627907931804657 -0.09203995019197464 0.5 1.0 0.0
v -0.43959787487983704 -0.5972858667373657 -0.09105214476585388 0.5 1.0 0.0
v -0.4316954016685486 -0.5656760334968567 -0.09006433933973312 0.5 1.0 0.0
v -0.42280513048171997 -0.5320905447006226 -0.08314967900514603 0.5 1.0 0.0
v -0.4149026572704315 -0.5024563074111938 -0.08117406070232391 0.5 1.0 0.0
v -0.45342719554901123 -0.737554669380188 -0.09006433933973312 0.5 1.0 0.0
v -0.4455247223377228 -0.7069326043128967 -0.0861131027340889 0.5 1.0 0.0
v -0.435646653175354 -0.6713715195655823 -0.0861131027340889 0.5 1.0 0.0
v -0.42774417996406555 -0.6437128782272339 -0.08018625527620316 0.5 1.0 0.0
v -0.41885390877723694 -0.6091395616531372 -0.07821063697338104 0.5 1.0 0.0
v -0.4099636375904083 -0.5775297284126282 -0.07524721324443817 0.5 1.0 0.0
v -0.4020611643791199 -0.5469076633453369 -0.07524721324443817 0.5 1.0 0.0
v -0.3941586911678314 -0.5172734260559082 -0.07030817121267319 0.5 1.0 0.0
v -0.42280513048171997 -0.7257009148597717 -0.0722837895154953 0.5 1.0 0.0
v -0.41391485929489136 -0.6931032538414001 -0.07722283154726028 0.5 1.0 0.0
v -0.4060123860836029 -0.6624811887741089 -0.07327159494161606 0.5 1.0 0.0
v -0.3971221148967743 -0.6308713555335999 -0.07030817121267319 0.5 1.0 0.0
v -0.3882318437099457 -0.599261462688446 -0.06734474748373032 0.5 1.0 0.0
v -0.3803293704986572 -0.567651629447937 -0.06438132375478745 0.5 1.0 0.0
v -0.3714390993118286 -0.5350539684295654 -0.061417900025844574 0.5 1.0 0.0
v -0.362548828125 -0.5034440755844116 -0.057466667145490646 0.5 1.0 0.0
v -0.3832927942276001 -0.7138472199440002 -0.05252762511372566 0.5 1.0 0.0
v -0.3744025230407715 -0.6812495589256287 -0.05647885799407959 0.5 1.0 0.0
v -0.36551225185394287 -0.6466763019561768 -0.05055201053619385 0.5 1.0 0.0
v -0.35662198066711426 -0.615066409111023 -0.04758858308196068 0.5 1.0 0.0
v -0.3487195074558258 -0.5844443440437317 -0.04660077765583992 0.5 1.0 0.0
v -0.3398292362689972 -0.5518466830253601 -0.045612968504428864 0.5 1.0 0.0
v -0.3309389650821686 -0.5202368497848511 -0.04067392647266388 0.5 1.0 0.0
v -0.34081706404685974 -0.6901398301124573 -0.03178365156054497 0.5 1.0 0.0
v -0.33192679286003113 -0.6545787453651428 -0.03375926986336708 0.5 1.0 0.0
v -0.3230364918708801 -0.6219810843467712 -0.03178365156054497 0.5 1.0 0.0
v -0.3141462206840515 -0.5903711915016174 -0.028820227831602097 0.5 1.0 0.0
v -0.3052559494972229 -0.5557979345321655 -0.02486899495124817 0.5 1.0 0.0
v -0.29735350608825684 -0.5251758694648743 -0.022893378511071205 0.5 1.0 0.0
v -0.30426815152168274 -0.6605055928230286 -0.019929954782128334 0.5 1.0 0.0
v -0.2963656783103943 -0.6298835277557373 -0.018942145630717278 0.5 1.0 0.0
v -0.2864876091480255 -0.5953102707862854 -0.015978721901774406 0.5 1.0 0.0
v -0.2775973379611969 -0.5617247819900513 -0.014990913681685925 0.5 1.0 0.0
v -0.26969486474990845 -0.5330783128738403 -0.010051872581243515 0.5 1.0 0.0
v -0.28154855966567993 -0.6634690165519714 -0.004125023260712624 0.5 1.0 0.0
v -0.2726582884788513 -0.6288957595825195 -0.008076256141066551 0.5 1.0 0.0
v -0.2637680172920227 -0.5953102707862854 -0.004125023260712624 0.5 1.0 0.0
v -0.25586554408073425 -0.5646882057189941 0.0018018260598182678 0.5 1.0 0.0
v -0.24598746001720428 -0.5320905447006226 0.0018018260598182678 0.5 1.0 0.0
v -0.23314595222473145 -0.635810375213623 0.01760675758123398 0.5 1.0 0.0
v -0.2252434939146042 -0.6051883697509766 0.016618948429822922 0.5 1.0 0.0
v -0.21635322272777557 -0.5725906491279602 0.018594564869999886 0.5 1.0 0.0
v -0.20746295154094696 -0.5419686436653137 0.021557990461587906 0.5 1.0 0.0
v -0.1857311725616455 -0.6002492904663086 0.03341168910264969 0.5 1.0 0.0
v -0.17585308849811554 -0.5656760334968567 0.03835073113441467 0.5 1.0 0.0
v -0.16893842816352844 -0.5350539684295654 0.0423019640147686 0.5 1.0 0.0
v -0.16202376782894135 -0.6022249460220337 0.0492166206240654 0.5 1.0 0.0
v -0.15313349664211273 -0.5725906491279602 0.04822881147265434 0.5 1.0 0.0
v -0.14523102343082428 -0.5399929881095886 0.05415566265583038 0.5 1.0 0.0
v -0.1284382939338684 -0.5755540728569031 0.063045933842659 0.5 1.0 0.0
v -0.12053582072257996 -0.5459198355674744 0.06403374671936035 0.5 1.0 0.0
v -0.09090157598257065 -0.559749186038971 0.08477771282196045 0.5 1.0 0.0
v -0.5413421392440796 -0.6555665731430054 -0.13945475220680237 0.5 1.0 0.0
v -0.5334396362304688 -0.6901398301124573 -0.13550351560115814 0.5 1.0 0.0
v -0.5255371928215027 -0.7237253189086914 -0.1295766681432724 0.5 1.0 0.0
v -0.5166469216346741 -0.7592864036560059 -0.12463762611150742 0.5 1.0 0.0
v -0.5620861053466797 -0.46590739488601685 -0.1641499549150467 0.5 1.0 0.0
v -0.5541836023330688 -0.5014684796333313 -0.15328405797481537 0.5 1.0 0.0
v -0.5452933311462402 -0.5370295643806458 -0.14834502339363098 0.5 1.0 0.0
v -0.5373908877372742 -0.5725906491279602 -0.14241817593574524 0.5 1.0 0.0
v -0.5294884443283081 -0.6051883697509766 -0.138466939330101 0.5 1.0 0.0
v -0.5215859413146973 -0.6387737989425659 -0.13056448101997375 0.5 1.0 0.0
v -0.5136834979057312 -0.6723592877388 -0.12562543153762817 0.5 1.0 0.0
v -0.5057810544967651 -0.7079203724861145 -0.11871077865362167 0.5 1.0 0.0
v -0.49689075350761414 -0.7424936890602112 -0.11475954204797745 0.5 1.0 0.0
v -0.48997610807418823 -0.7750913500785828 -0.1088326945900917 0.5 1.0 0.0
v -0.5265250205993652 -0.466895192861557 -0.14143036305904388 0.5 1.0 0.0
v -0.5186225175857544 -0.5004806518554688 -0.138466939330101 0.5 1.0 0.0
v -0.5097322463989258 -0.5370295643806458 -0.13254009187221527 0.5 1.0 0.0
v -0.5018298029899597 -0.5696272253990173 -0.12562543153762817 0.5 1.0 0.0
v -0.4949151277542114 -0.604200541973114 -0.12068638950586319 0.5 1.0 0.0
v -0.4860248565673828 -0.6397616267204285 -0.11475954204797745 0.5 1.0 0.0
v -0.47812238335609436 -0.6733471155166626 -0.10784488171339035 0.5 1.0 0.0
v -0.4702199399471283 -0.7079203724861145 -0.10488145798444748 0.5 1.0 0.0
v -0.4613296687602997 -0.745457112789154 -0.09500338137149811 0.5 1.0 0.0
v -0.487012654542923 -0.4896147847175598 -0.11871077865362167 0.5 1.0 0.0
v -0.47812238335609436 -0.5261636972427368 -0.11475954204797745 0.5 1.0 0.0
v -0.4702199399471283 -0.5607369542121887 -0.1088326945900917 0.5 1.0 0.0
v -0.46231746673583984 -0.5933346152305603 -0.10290584713220596 0.5 1.0 0.0
v -0.45342719554901123 -0.6308713555335999 -0.09599118679761887 0.5 1.0 0.0
v -0.4455247223377228 -0.6634690165519714 -0.09203995019197464 0.5 1.0 0.0
v -0.4386100769042969 -0.6970545053482056 -0.08512529730796814 0.5 1.0 0.0
v -0.42971980571746826 -0.7316277623176575 -0.07722283154726028 0.5 1.0 0.0
v -0.46034184098243713 -0.4836879372596741 -0.11080831289291382 0.5 1.0 0.0
v -0.4524393677711487 -0.518261194229126 -0.10093022882938385 0.5 1.0 0.0
v -0.4445369243621826 -0.5518466830253601 -0.09500338137149811 0.5 1.0 0.0
v -0.43663445115089417 -0.5864199995994568 -0.09105214476585388 0.5 1.0 0.0
v -0.4287319779396057 -0.6180298328399658 -0.08512529730796814 0.5 1.0 0.0
v -0.42082950472831726 -0.6506274938583374 -0.0791984498500824 0.5 1.0 0.0
v -0.41193923354148865 -0.688164234161377 -0.07425940781831741 0.5 1.0 0.0
v -0.40502458810806274 -0.7207618951797485 -0.06339351832866669 0.5 1.0 0.0
v -0.4316954016685486 -0.5034440755844116 -0.09006433933973312 0.5 1.0 0.0
v -0.4237929582595825 -0.5380173921585083 -0.0861131027340889 0.5 1.0 0.0
v -0.41589048504829407 -0.5716028809547424 -0.08018625527620316 0.5 1.0 0.0
v -0.4079880118370056 -0.6051883697509766 -0.07524721324443817 0.5 1.0 0.0
v -0.40008553862571716 -0.640749454498291 -0.06635694205760956 0.5 1.0 0.0
v -0.3921830952167511 -0.6733471155166626 -0.0653691291809082 0.5 1.0 0.0
v -0.3832927942276001 -0.7098960280418396 -0.05252762511372566 0.5 1.0 0.0
v -0.3971221148967743 -0.5113465785980225 -0.07623502612113953 0.5 1.0 0.0
v -0.3882318437099457 -0.5478954911231995 -0.07030817121267319 0.5 1.0 0.0
v -0.3803293704986572 -0.580493152141571 -0.06339351832866669 0.5 1.0 0.0
v -0.3734147250652313 -0.6121029853820801 -0.057466667145490646 0.5 1.0 0.0
v -0.3645244538784027 -0.6496397256851196 -0.05252762511372566 0.5 1.0 0.0
v -0.35662198066711426 -0.6842129826545715 -0.04758858308196068 0.5 1.0 0.0
v -0.36353665590286255 -0.5034440755844116 -0.05944228172302246 0.5 1.0 0.0
v -0.35464635491371155 -0.5409808158874512 -0.05351543426513672 0.5 1.0 0.0
v -0.3467439115047455 -0.5755540728569031 -0.04660077765583992 0.5 1.0 0.0
v -0.33785364031791687 -0.6091395616531372 -0.03968611732125282 0.5 1.0 0.0
v -0.3299511671066284 -0.6447006464004517 -0.03474707901477814 0.5 1.0 0.0
v -0.32204869389533997 -0.677298367023468 -0.026844611391425133 0.5 1.0 0.0
v -0.33587801456451416 -0.5024563074111938 -0.04264954477548599 0.5 1.0 0.0
v -0.32896336913108826 -0.5330783128738403 -0.03672269359230995 0.5 1.0 0.0
v -0.32007306814193726 -0.5696272253990173 -0.03079584427177906 0.5 1.0 0.0
v -0.31118279695510864 -0.604200541973114 -0.029808036983013153 0.5 1.0 0.0
v -0.30426815152168274 -0.6367982029914856 -0.021905571222305298 0.5 1.0 0.0
v -0.2953778803348541 -0.6723592877388 -0.015978721901774406 0.5 1.0 0.0
v -0.3072315752506256 -0.5251758694648743 -0.029808036983013153 0.5 1.0 0.0
v -0.29932910203933716 -0.559749186038971 -0.02486899495124817 0.5 1.0 0.0
v -0.29043883085250854 -0.5962980389595032 -0.01795433834195137 0.5 1.0 0.0
v -0.2825363576412201 -0.6288957595825195 -0.01301529724150896 0.5 1.0 0.0
v -0.27463391423225403 -0.6654446125030518 -0.001161598484031856 0.5 1.0 0.0
v -0.27167049050331116 -0.5172734260559082 -0.012027489021420479 0.5 1.0 0.0
v -0.26278021931648254 -0.5538223385810852 -0.007088447920978069 0.5 1.0 0.0
v -0.2548777461051941 -0.5864199995994568 -0.00017379032215103507 0.5 1.0 0.0
v -0.24697527289390564 -0.6190176606178284 0.0057530589401721954 0.5 1.0 0.0
v -0.24006061255931854 -0.6516153216362 0.007728675380349159 0.5 1.0 0.0
v -0.23215815424919128 -0.5320905447006226 0.010692100040614605 0.5 1.0 0.0
v -0.22425568103790283 -0.567651629447937 0.014643332920968533 0.5 1.0 0.0
v -0.21635322272777557 -0.599261462688446 0.021557990461587906 0.5 1.0 0.0
v -0.20845074951648712 -0.6318591833114624 0.024521414190530777 0.5 1.0 0.0
v -0.2064751386642456 -0.53110271692276 0.02057018131017685 0.5 1.0 0.0
v -0.19857266545295715 -0.5646882057189941 0.03044826351106167 0.5 1.0 0.0
v -0.1906702071428299 -0.599261462688446 0.0353873036801815 0.5 1.0 0.0
v -0.17980431020259857 -0.5340661406517029 0.034399498254060745 0.5 1.0 0.0
v -0.1719018518924713 -0.567651629447937 0.04032634571194649 0.5 1.0 0.0
v -0.1630115807056427 -0.6061761379241943 0.05218004435300827 0.5 1.0 0.0
v -0.14325541257858276 -0.5360417366027832 0.05218004435300827 0.5 1.0 0.0
v -0.1353529393672943 -0.5706150531768799 0.0561312772333622 0.5 1.0 0.0
v -0.10374308377504349 -0.5557979345321655 0.07391182333230972 0.5 1.0 0.0
v -0.07806006819009781 -0.559749186038971 0.09169237315654755 0.5 1.0 0.0
v -0.513323962688446 -0.5462857484817505 -0.12963683903217316 0.5 1.0 0.0
v -0.05400135740637779 -0.39304712414741516 0.09233956784009933 0.5 1.0 0.0
v -0.1490534245967865 -0.4699752926826477 0.048071376979351044 0.5 1.0 0.0
v -0.2575813829898834 -0.5699125528335571 -0.0020265609491616488 0.5 1.0 0.0
v -0.16948679089546204 -0.3263873755931854 0.032649874687194824 0.5 1.0 0.0
v -0.5214311480522156 -0.530151903629303 -0.1342495083808899 0.5 1.0 0.0
v -0.44065576791763306 -0.4774460792541504 -0.09616316854953766 0.5 1.0 0.0
v -0.580604612827301 -0.624255895614624 -0.16010384261608124 0.5 1.0 0.0
v -0.29136037826538086 -0.3822548985481262 -0.025686999782919884 0.5 1.0 0.0
v -0.3998573422431946 -0.46956104040145874 -0.07623539119958878 0.5 1.0 0.0
v -0.5037980079650879 -0.5688850283622742 -0.12408261001110077 0.5 1.0 0.0
v -0.6193789839744568 0.040838226675987244 0.1292290836572647 0.0 1.0 0.25
v -0.6144399046897888 0.05071631073951721 0.12231443077325821 0.0 1.0 0.25
v -0.5818422436714172 0.371753990650177 -0.13550351560115814 0.0 1.0 0.25
v -0.5966593623161316 0.21271686255931854 -0.01301529724150896 0.0 1.0 0.25
v -0.5848056674003601 0.2591438293457031 -0.05055201053619385 0.0 1.0 0.25
v -0.5749276280403137 0.2956927418708801 -0.08018625527620316 0.0 1.0 0.25
v -0.56406170129776 0.335205078125 -0.11475954204797745 0.0 1.0 0.25
v -0.5531958341598511 0.37570521235466003 -0.14834502339363098 0.0 1.0 0.25
v -0.6085130572319031 0.08133836835622787 0.09860703349113464 0.0 1.0 0.25
v -0.5976471900939941 0.12085068970918655 0.06798497587442398 0.0 1.0 0.25
v -0.5857934951782227 0.1633264422416687 0.028472647070884705 0.0 1.0 0.25
v -0.5759153962135315 0.20086315274238586 0.0037774424999952316 0.0 1.0 0.25
v -0.5650495290756226 0.24235109984874725 -0.03672269359230995 0.0 1.0 0.25
v -0.5541836023330688 0.2828512489795685 -0.07030817121267319 0.0 1.0 0.25
v -0.5433177351951599 0.3213757574558258 -0.10093022882938385 0.0 1.0 0.25
v -0.532451868057251 0.3608880937099457 -0.13352790474891663 0.0 1.0 0.25
v -0.49689075350761414 0.3470587730407715 -0.12068638950586319 0.0 1.0 0.25
v -0.6075252890586853 0.14159466326236725 0.04526538774371147 0.0 1.0 0.25
v -0.5986350178718567 0.10307014733552933 0.07885086536407471 0.0 1.0 0.25
v -0.5976471900939941 0.20185096561908722 0.0047652507200837135 0.0 1.0 0.25
v -0.587769091129303 0.15937522053718567 0.03933853656053543 0.0 1.0 0.25
v -0.5788788199424744 0.11788726598024368 0.07094839960336685 0.0 1.0 0.25
v -0.5907325148582458 0.3144611120223999 -0.09500338137149811 0.0 1.0 0.25
v -0.5818422436714172 0.27396097779273987 -0.05549104884266853 0.0 1.0 0.25
v -0.5709763765335083 0.23049740493297577 -0.021905571222305298 0.0 1.0 0.25
v -0.5620861053466797 0.18999727070331573 0.007728675380349159 0.0 1.0 0.25
v -0.5690007209777832 0.37274178862571716 -0.14143036305904388 0.0 1.0 0.25
v -0.5591226816177368 0.3302660286426544 -0.10389365255832672 0.0 1.0 0.25
v -0.5502324104309082 0.29075369238853455 -0.0722837895154953 0.0 1.0 0.25
v -0.540354311466217 0.24926576018333435 -0.041661735624074936 0.0 1.0 0.25
v -0.5433177351951599 0.37965643405914307 -0.14439378678798676 0.0 1.0 0.25
v -0.5334396362304688 0.33915629982948303 -0.11080831289291382 0.0 1.0 0.25
v -0.5235615968704224 0.2956927418708801 -0.07821063697338104 0.0 1.0 0.25
v -0.5235615968704224 0.3944735527038574 -0.16118653118610382 0.0 1.0 0.25
v -0.5136834979057312 0.3559490442276001 -0.13352790474891663 0.0 1.0 0.25
v 0.5847592353820801 0.07047247141599655 0.011679908260703087 0.0 1.0 0.25
v 0.5976007580757141 -0.029296154156327248 0.10058264434337616 0.0 1.0 0.25
v 0.608466625213623 0.011203981935977936 0.06699717044830322 0.0 1.0 0.25
v 0.6193325519561768 0.05071631073951721 0.03044826351106167 0.0 1.0 0.25
v 0.5936495065689087 0.056643158197402954 0.02353360690176487 0.0 1.0 0.25
v 0.6035276055335999 0.01614302396774292 0.060082510113716125 0.0 1.0 0.25
v 0.6124178767204285 -0.02534492127597332 0.09761922061443329 0.0 1.0 0.25
v 0.6183447241783142 0.05861877650022507 0.03044826351106167 0.0 1.0 0.25
v 0.5590762495994568 0.20382657647132874 -0.08808872103691101 0.0 1.0 0.25
v 0.5699421167373657 0.2433389127254486 -0.12364981323480606 0.0 1.0 0.25
v 0.5817958116531372 0.2848268449306488 -0.15624748170375824 0.0 1.0 0.25
v 0.576856791973114 0.17320452630519867 -0.06339351832866669 0.0 1.0 0.25
v 0.5887104868888855 0.21469247341156006 -0.09895461052656174 0.0 1.0 0.25
v 0.5995763540267944 0.2551926076412201 -0.13352790474891663 0.0 1.0 0.25
v 0.6094544529914856 0.29470494389533997 -0.1641499549150467 0.0 1.0 0.25
v 0.595625102519989 0.10998480021953583 -0.011039680801331997 0.0 1.0 0.25
v 0.6064910292625427 0.1494971364736557 -0.04660077765583992 0.0 1.0 0.25
v 0.6163691282272339 0.1860460340976715 -0.07722283154726028 0.0 1.0 0.25
v 0.6282228231430054 0.23049740493297577 -0.11278392374515533 0.0 1.0 0.25
v 0.6390886902809143 0.2690219283103943 -0.14143036305904388 0.0 1.0 0.25
v 0.5541371703147888 0.22160713374614716 -0.10586927086114883 0.0 1.0 0.25
v 0.5650030970573425 0.17814357578754425 -0.06932036578655243 0.0 1.0 0.25
v 0.5738933682441711 0.13961905241012573 -0.041661735624074936 0.0 1.0 0.25
v 0.5847592353820801 0.09615548700094223 -0.008076256141066551 0.0 1.0 0.25
v 0.5620396733283997 0.3006317913532257 -0.16908898949623108 0.0 1.0 0.25
v 0.5709299445152283 0.2601316571235657 -0.13747912645339966 0.0 1.0 0.25
v 0.5808079838752747 0.21864371001720428 -0.09796680510044098 0.0 1.0 0.25
v 0.5896982550621033 0.1791313737630844 -0.06833256036043167 0.0 1.0 0.25
v 0.600564181804657 0.1356678158044815 -0.03771050274372101 0.0 1.0 0.25
v 0.6094544529914856 0.09813110530376434 -0.004125023260712624 0.0 1.0 0.25
v 0.587722659111023 0.298656165599823 -0.16513776779174805 0.0 1.0 0.25
v 0.5976007580757141 0.25815603137016296 -0.13352790474891663 0.0 1.0 0.25
v 0.6064910292625427 0.21963150799274445 -0.10389365255832672 0.0 1.0 0.25
v 0.6153813004493713 0.18110699951648712 -0.07129598408937454 0.0 1.0 0.25
v 0.6252593994140625 0.13764342665672302 -0.03672269359230995 0.0 1.0 0.25
v 0.6232837438583374 0.298656165599823 -0.16711337864398956 0.0 1.0 0.25
v 0.632174015045166 0.262107253074646 -0.1364913284778595 0.0 1.0 0.25
v -0.4662686884403229 -0.03423519432544708 0.1845463514328003 0.0 1.0 0.25
v -0.36847567558288574 -0.03719862177968025 0.18158292770385742 0.0 1.0 0.25
v -0.3299511671066284 -0.03423519432544708 0.17664387822151184 0.0 1.0 0.25
v -0.2914266586303711 -0.043125469237565994 0.17861948907375336 0.0 1.0 0.25
v -0.26969486474990845 -0.05399135872721672 0.18750977516174316 0.0 1.0 0.25
v -0.2588289678096771 -0.014479031786322594 0.15392428636550903 0.0 1.0 0.25
v -0.2361093908548355 -0.030283963307738304 0.16182675957679749 0.0 1.0 0.25
v -0.20351171493530273 -0.04213766008615494 0.17269264161586761 0.0 1.0 0.25
v -0.1699262410402298 -0.052015744149684906 0.17664387822151184 0.0 1.0 0.25
v -0.15906034409999847 -0.011515607126057148 0.14009498059749603 0.0 1.0 0.25
v -0.1422675997018814 -0.05695478618144989 0.17565606534481049 0.0 1.0 0.25
v -0.13041390478610992 -0.013491223566234112 0.13910716772079468 0.0 1.0 0.25
v -0.11856020987033844 -0.05497916787862778 0.17664387822151184 0.0 1.0 0.25
v -0.10670650750398636 -0.01250341534614563 0.13910716772079468 0.0 1.0 0.25
v -0.07608445733785629 -0.05300355330109596 0.16972921788692474 0.0 1.0 0.25
v -0.06620637327432632 -0.014479031786322594 0.1361437439918518 0.0 1.0 0.25
v -0.04546239972114563 -0.07671094685792923 0.18355853855609894 0.0 1.0 0.25
v -0.03360870108008385 -0.03423519432544708 0.14898525178432465 0.0 1.0 0.25
v -0.0197793859988451 -0.07572314143180847 0.18355853855609894 0.0 1.0 0.25
v -0.009901303797960281 -0.04016204550862312 0.15787552297115326 0.0 1.0 0.25
v 0.01380609255284071 -0.04806451126933098 0.1568877100944519 0.0 1.0 0.25
v 0.04442814737558365 -0.05794259160757065 0.16479018330574036 0.0 1.0 0.25
v 0.055294036865234375 -0.017442455515265465 0.12429004162549973 0.0 1.0 0.25
v 0.08097705245018005 -0.06090601906180382 0.16775360703468323 0.0 1.0 0.25
v 0.09283074736595154 -0.01843026466667652 0.1272534728050232 0.0 1.0 0.25
v 0.10863567888736725 -0.06090601906180382 0.15985113382339478 0.0 1.0 0.25
v 0.11851376295089722 -0.023369304835796356 0.12824127078056335 0.0 1.0 0.25
v 0.12937965989112854 -0.08757683634757996 0.18553414940834045 0.0 1.0 0.25
v 0.13925772905349731 -0.05004012584686279 0.14898525178432465 0.0 1.0 0.25
v 0.1669163703918457 -0.07473532855510712 0.1657779961824417 0.0 1.0 0.25
v 0.20544087886810303 -0.07769875973463058 0.16182675957679749 0.0 1.0 0.25
v 0.2311238944530487 -0.06782067567110062 0.15589991211891174 0.0 1.0 0.25
v 0.2518678605556488 -0.09054026007652283 0.17368045449256897 0.0 1.0 0.25
v -0.47417116165161133 -0.03522300347685814 0.18553414940834045 0.0 1.0 0.25
v -0.4494759440422058 -0.02238149754703045 0.17565606534481049 0.0 1.0 0.25
v -0.38625621795654297 -0.029296154156327248 0.18059511482715607 0.0 1.0 0.25
v -0.34575608372688293 -0.049052320420742035 0.18750977516174316 0.0 1.0 0.25
v -0.3210608959197998 -0.04411327838897705 0.18257072567939758 0.0 1.0 0.25
v -0.2953778803348541 -0.043125469237565994 0.1796073019504547 0.0 1.0 0.25
v -0.26179239153862 -0.03423519432544708 0.16676579415798187 0.0 1.0 0.25
v -0.22228007018566132 -0.052015744149684906 0.18355853855609894 0.0 1.0 0.25
v -0.20845074951648712 -0.010527798905968666 0.14898525178432465 0.0 1.0 0.25
v -0.197584867477417 -0.05300355330109596 0.18553414940834045 0.0 1.0 0.25
v -0.1719018518924713 -0.03818642720580101 0.16676579415798187 0.0 1.0 0.25
v -0.13930417597293854 -0.027320537716150284 0.1549120992422104 0.0 1.0 0.25
v -0.10473088920116425 -0.020405881106853485 0.1430584043264389 0.0 1.0 0.25
v -0.09584061801433563 -0.061893824487924576 0.17466826736927032 0.0 1.0 0.25
v -0.08299911022186279 -0.01941807195544243 0.1410827785730362 0.0 1.0 0.25
v -0.07312102615833282 -0.061893824487924576 0.1776316910982132 0.0 1.0 0.25
v -0.0553404800593853 -0.01941807195544243 0.14503401517868042 0.0 1.0 0.25
v -0.04546239972114563 -0.05991820991039276 0.17466826736927032 0.0 1.0 0.25
v -0.013852536678314209 -0.05695478618144989 0.16479018330574036 0.0 1.0 0.25
v 0.023684175685048103 -0.07473532855510712 0.18059511482715607 0.0 1.0 0.25
v 0.04442814737558365 -0.05695478618144989 0.16479018330574036 0.0 1.0 0.25
v 0.061220888048410416 -0.013491223566234112 0.12330223619937897 0.0 1.0 0.25
v 0.07011116296052933 -0.05399135872721672 0.15589991211891174 0.0 1.0 0.25
v 0.09974540770053864 -0.02238149754703045 0.13515593111515045 0.0 1.0 0.25
v 0.11061129719018936 -0.0658450573682785 0.1657779961824417 0.0 1.0 0.25
v 0.14320896565914154 -0.058930400758981705 0.1549120992422104 0.0 1.0 0.25
v 0.1718554049730301 -0.06782067567110062 0.1657779961824417 0.0 1.0 0.25
v 0.1945749968290329 -0.06386943906545639 0.15886333584785461 0.0 1.0 0.25
v 0.23705074191093445 -0.08560122549533844 0.17269264161586761 0.0 1.0 0.25
v 0.2696484327316284 -0.06288163363933563 0.149973064661026 0.0 1.0 0.25
v 0.2775508761405945 -0.1004183441400528 0.18257072567939758 0.0 1.0 0.25
v 0.2913801968097687 -0.08164998888969421 0.16182675957679749 0.0 1.0 0.25
v 0.33089253306388855 -0.0727597177028656 0.15293648838996887 0.0 1.0 0.25
v 0.3575633466243744 -0.08263779431581497 0.1568877100944519 0.0 1.0 0.25
v 0.38127073645591736 -0.09152807295322418 0.163802370429039 0.0 1.0 0.25
v 0.41090500354766846 -0.12017451226711273 0.18257072567939758 0.0 1.0 0.25
v 0.4484417140483856 -0.11325985193252563 0.18059511482715607 0.0 1.0 0.25
v 0.4711613059043884 -0.12215012311935425 0.18355853855609894 0.0 1.0 0.25
v 0.5304297804832458 -0.12906478345394135 0.18750977516174316 0.0 1.0 0.25
v 0.3002704679965973 -0.07177190482616425 0.15787552297115326 0.0 1.0 0.25
v 0.32200226187705994 -0.08066218346357346 0.15886333584785461 0.0 1.0 0.25
v 0.3644780218601227 -0.11227204650640488 0.1865219622850418 0.0 1.0 0.25
v 0.39707568287849426 -0.11325985193252563 0.1865219622850418 0.0 1.0 0.25
v 0.42275869846343994 -0.11819889396429062 0.1845463514328003 0.0 1.0 0.25
v 0.4444904625415802 -0.10733300447463989 0.17565606534481049 0.0 1.0 0.25
v 0.48499059677124023 -0.12511354684829712 0.18553414940834045 0.0 1.0 0.25
v 0.5442591309547424 -0.13202820718288422 0.18553414940834045 0.0 1.0 0.25
v 0.3644780218601227 0.04775288701057434 0.05218004435300827 0.0 1.0 0.25
v 0.3891732096672058 0.03589918836951256 0.06107031926512718 0.0 1.0 0.25
v 0.41386842727661133 0.02898452989757061 0.06205812841653824 0.0 1.0 0.25
v 0.42473429441452026 0.06849686056375504 0.028472647070884705 0.0 1.0 0.25
v 0.44350266456604004 -0.0006497165304608643 0.08774114400148392 0.0 1.0 0.25
v 0.45436856150627136 0.03886261209845543 0.05316785350441933 0.0 1.0 0.25
v 0.4711613059043884 -0.030283963307738304 0.10848511010408401 0.0 1.0 0.25
v 0.48202717304229736 0.010216173715889454 0.07391182333230972 0.0 1.0 0.25
v 0.4928930699825287 0.049728501588106155 0.04032634571194649 0.0 1.0 0.25
v 0.49388089776039124 -0.03818642720580101 0.113424152135849 0.0 1.0 0.25
v 0.5047467947006226 0.0003380916896276176 0.07786305993795395 0.0 1.0 0.25
v 0.514624834060669 0.039850421249866486 0.04625319689512253 0.0 1.0 0.25
v 0.5106736421585083 -0.07078409940004349 0.1410827785730362 0.0 1.0 0.25
v 0.5215395092964172 -0.02830834686756134 0.10354606807231903 0.0 1.0 0.25
v 0.5324053764343262 0.009228365495800972 0.0719362124800682 0.0 1.0 0.25
v 0.5442591309547424 0.052691925317049026 0.034399498254060745 0.0 1.0 0.25
v 0.5412956476211548 -0.09251587837934494 0.15392428636550903 0.0 1.0 0.25
v 0.5521615743637085 -0.05102793499827385 0.11836319416761398 0.0 1.0 0.25
v 0.5630274415016174 -0.009539990685880184 0.08774114400148392 0.0 1.0 0.25
v 0.5738933682441711 0.029972337186336517 0.05218004435300827 0.0 1.0 0.25
v 0.576856791973114 -0.10634519159793854 0.163802370429039 0.0 1.0 0.25
v 0.5867348313331604 -0.06979629397392273 0.13219250738620758 0.0 1.0 0.25
v 0.5985885262489319 -0.12511354684829712 0.1796073019504547 0.0 1.0 0.25
v 0.32595348358154297 0.05071631073951721 0.0561312772333622 0.0 1.0 0.25
v 0.36052677035331726 0.04577726870775223 0.05316785350441933 0.0 1.0 0.25
v 0.38423416018486023 0.04775288701057434 0.05415566265583038 0.0 1.0 0.25
v 0.3941122591495514 0.006264940835535526 0.08378990739583969 0.0 1.0 0.25
v 0.4059659540653229 0.05466754361987114 0.04526538774371147 0.0 1.0 0.25
v 0.41584402322769165 0.015155214816331863 0.07983867824077606 0.0 1.0 0.25
v 0.43856361508369446 0.0714602842926979 0.028472647070884705 0.0 1.0 0.25
v 0.44745388627052307 0.03293576091527939 0.057119086384773254 0.0 1.0 0.25
v 0.4563441574573517 -0.005588757339864969 0.09070456773042679 0.0 1.0 0.25
v 0.46622225642204285 -0.04510108754038811 0.11935099959373474 0.0 1.0 0.25
v 0.4741247296333313 0.05861877650022507 0.031436070799827576 0.0 1.0 0.25
v 0.4840027987957001 0.01910644769668579 0.06699717044830322 0.0 1.0 0.25
v 0.4928930699825287 -0.020405881106853485 0.09761922061443329 0.0 1.0 0.25
v 0.50375896692276 -0.06485725194215775 0.13318032026290894 0.0 1.0 0.25
v 0.5057345628738403 0.033923570066690445 0.0561312772333622 0.0 1.0 0.25
v 0.5156126618385315 -0.007564373780041933 0.08971675485372543 0.0 1.0 0.25
v 0.5245029330253601 -0.04707670211791992 0.1203388124704361 0.0 1.0 0.25
v 0.5343810319900513 -0.08757683634757996 0.149973064661026 0.0 1.0 0.25
v 0.5294419527053833 0.036886993795633316 0.051192235201597214 0.0 1.0 0.25
v 0.5393200516700745 -0.005588757339864969 0.08378990739583969 0.0 1.0 0.25
v 0.5482103228569031 -0.04510108754038811 0.11539977043867111 0.0 1.0 0.25
v 0.5580884218215942 -0.08263779431581497 0.14602182805538177 0.0 1.0 0.25
v 0.5620396733283997 0.0418260358273983 0.04526538774371147 0.0 1.0 0.25
v 0.5709299445152283 0.005277132615447044 0.0768752470612526 0.0 1.0 0.25
v 0.5808079838752747 -0.03719862177968025 0.11243634670972824 0.0 1.0 0.25
v 0.5916739106178284 -0.08066218346357346 0.1430584043264389 0.0 1.0 0.25
v 0.600564181804657 -0.12017451226711273 0.17466826736927032 0.0 1.0 0.25
v 0.25977033376693726 0.12183850258588791 0.0018018260598182678 0.0 1.0 0.25
v 0.2745874524116516 0.09121644496917725 0.02353360690176487 0.0 1.0 0.25
v 0.2311238944530487 0.09813110530376434 0.022545797750353813 0.0 1.0 0.25
v 0.2538434863090515 0.12381412088871002 0.007728675380349159 0.0 1.0 0.25
v 0.26174595952033997 0.08924083411693573 0.03242387995123863 0.0 1.0 0.25
v 0.27557528018951416 0.1198628842830658 0.0018018260598182678 0.0 1.0 0.25
v 0.28545334935188293 0.12974096834659576 -0.006100639700889587 0.0 1.0 0.25
v 0.2973070442676544 0.07738713175058365 0.03242387995123863 0.0 1.0 0.25
v 0.30817294120788574 0.11689946055412292 -0.001161598484031856 0.0 1.0 0.25
v 0.31903883814811707 0.15542398393154144 -0.03079584427177906 0.0 1.0 0.25
v 0.3348437547683716 0.07936275005340576 0.03242387995123863 0.0 1.0 0.25
v 0.34669744968414307 0.1198628842830658 -0.001161598484031856 0.0 1.0 0.25
v 0.35657554864883423 0.15838740766048431 -0.03672269359230995 0.0 1.0 0.25
v 0.37633171677589417 0.09121644496917725 0.01760675758123398 0.0 1.0 0.25
v 0.38620978593826294 0.12974096834659576 -0.01301529724150896 0.0 1.0 0.25
v 0.39707568287849426 0.1702411025762558 -0.04956420138478279 0.0 1.0 0.25
v 0.4079415798187256 0.21074123680591583 -0.08314967900514603 0.0 1.0 0.25
v 0.40003910660743713 0.07541151344776154 0.02649703063070774 0.0 1.0 0.25
v 0.4099171757698059 0.11097261309623718 -0.004125023260712624 0.0 1.0 0.25
v 0.42078307271003723 0.15246056020259857 -0.03968611732125282 0.0 1.0 0.25
v 0.4326367676258087 0.19592411816120148 -0.07425940781831741 0.0 1.0 0.25
v 0.44350266456604004 0.23346082866191864 -0.10784488171339035 0.0 1.0 0.25
v 0.4346123933792114 0.1060335710644722 0.0008140178979374468 0.0 1.0 0.25
v 0.4464660882949829 0.14850932359695435 -0.03672269359230995 0.0 1.0 0.25
v 0.45733198523521423 0.18802164494991302 -0.0722837895154953 0.0 1.0 0.25
v 0.46819788217544556 0.22950959205627441 -0.10191803425550461 0.0 1.0 0.25
v 0.4790637493133545 0.2690219283103943 -0.13155227899551392 0.0 1.0 0.25
v 0.46622225642204285 0.08331397920846939 0.010692100040614605 0.0 1.0 0.25
v 0.47708815336227417 0.12282630801200867 -0.016966529190540314 0.0 1.0 0.25
v 0.48696622252464294 0.15937522053718567 -0.04956420138478279 0.0 1.0 0.25
v 0.49881991744041443 0.20185096561908722 -0.08710091561079025 0.0 1.0 0.25
v 0.5096858143806458 0.24432672560214996 -0.11772296577692032 0.0 1.0 0.25
v 0.5215395092964172 0.2868024706840515 -0.1592109054327011 0.0 1.0 0.25
v 0.5047467947006226 0.09319206327199936 0.007728675380349159 0.0 1.0 0.25
v 0.516600489616394 0.1356678158044815 -0.025856804102659225 0.0 1.0 0.25
v 0.5264785289764404 0.17320452630519867 -0.06043009087443352 0.0 1.0 0.25
v 0.5373444557189941 0.2137046605348587 -0.09697899222373962 0.0 1.0 0.25
v 0.5482103228569031 0.2532169818878174 -0.12463762611150742 0.0 1.0 0.25
v 0.5254907608032227 0.07936275005340576 0.018594564869999886 0.0 1.0 0.25
v 0.5363566279411316 0.11887507885694504 -0.015978721901774406 0.0 1.0 0.25
v 0.5482103228569031 0.16233864426612854 -0.051539815962314606 0.0 1.0 0.25
v 0.5551249980926514 0.09319206327199936 0.0047652507200837135 0.0 1.0 0.25
v 0.5659908652305603 0.13468000292778015 -0.03375926986336708 0.0 1.0 0.25
v 0.2834777235984802 0.08133836835622787 0.028472647070884705 0.0 1.0 0.25
v 0.30619731545448303 0.13369220495224 -0.007088447920978069 0.0 1.0 0.25
v 0.31706321239471436 0.09121644496917725 0.022545797750353813 0.0 1.0 0.25
v 0.33089253306388855 0.1702411025762558 -0.038698311895132065 0.0 1.0 0.25
v 0.33978280425071716 0.13072878122329712 -0.014003105461597443 0.0 1.0 0.25
v 0.3506487011909485 0.08627740293741226 0.022545797750353813 0.0 1.0 0.25
v 0.35657554864883423 0.16727767884731293 -0.03375926986336708 0.0 1.0 0.25
v 0.36546581983566284 0.12974096834659576 -0.01301529724150896 0.0 1.0 0.25
v 0.37435609102249146 0.09022863954305649 0.019582374021410942 0.0 1.0 0.25
v 0.3773195147514343 0.1791313737630844 -0.048576392233371735 0.0 1.0 0.25
v 0.3871975839138031 0.13764342665672302 -0.019929954782128334 0.0 1.0 0.25
v 0.3960878849029541 0.09714329987764359 0.011679908260703087 0.0 1.0 0.25
v 0.4099171757698059 0.1909850835800171 -0.07030817121267319 0.0 1.0 0.25
v 0.41979527473449707 0.15246056020259857 -0.03672269359230995 0.0 1.0 0.25
v 0.42967334389686584 0.11097261309623718 0.0008140178979374468 0.0 1.0 0.25
v 0.43658801913261414 0.21765589714050293 -0.08808872103691101 0.0 1.0 0.25
v 0.4464660882949829 0.17814357578754425 -0.0584544762969017 0.0 1.0 0.25
v 0.4553563594818115 0.13863123953342438 -0.02783242054283619 0.0 1.0 0.25
v 0.4652344584465027 0.09813110530376434 0.0057530589401721954 0.0 1.0 0.25
v 0.4583197832107544 0.23543643951416016 -0.10389365255832672 0.0 1.0 0.25
v 0.467210054397583 0.19493630528450012 -0.07030817121267319 0.0 1.0 0.25
v 0.47708815336227417 0.15542398393154144 -0.04363735020160675 0.0 1.0 0.25
v 0.48696622252464294 0.1129482239484787 -0.007088447920978069 0.0 1.0 0.25
v 0.49585649371147156 0.07343590259552002 0.024521414190530777 0.0 1.0 0.25
v 0.4810393750667572 0.2413633018732071 -0.11278392374515533 0.0 1.0 0.25
v 0.4899296462535858 0.20283877849578857 -0.0791984498500824 0.0 1.0 0.25
v 0.5007955431938171 0.16135083138942719 -0.045612968504428864 0.0 1.0 0.25
v 0.5096858143806458 0.11887507885694504 -0.015978721901774406 0.0 1.0 0.25
v 0.5205516815185547 0.07738713175058365 0.02057018131017685 0.0 1.0 0.25
v 0.514624834060669 0.24432672560214996 -0.11179611831903458 0.0 1.0 0.25
v 0.5245029330253601 0.20283877849578857 -0.08314967900514603 0.0 1.0 0.25
v 0.5333932042121887 0.16628986597061157 -0.05351543426513672 0.0 1.0 0.25
v 0.5422834753990173 0.1267775446176529 -0.018942145630717278 0.0 1.0 0.25
v 0.553149402141571 0.08430179208517075 0.011679908260703087 0.0 1.0 0.25
v 0.5363566279411316 0.30161958932876587 -0.16217434406280518 0.0 1.0 0.25
v 0.5452468991279602 0.26309508085250854 -0.13747912645339966 0.0 1.0 0.25
v -0.5936959385871887 -0.011515607126057148 0.17170484364032745 0.0 1.0 0.25
v -0.5828300714492798 0.027996720746159554 0.13910716772079468 0.0 1.0 0.25
v -0.5719642043113708 0.0694846659898758 0.10848511010408401 0.0 1.0 0.25
v -0.5452933311462402 0.005277132615447044 0.15293648838996887 0.0 1.0 0.25
v -0.5344274640083313 0.04577726870775223 0.11737538874149323 0.0 1.0 0.25
v -0.5186225175857544 0.00824055727571249 0.15194867551326752 0.0 1.0 0.25
v -0.5077566504478455 0.046765077859163284 0.11935099959373474 0.0 1.0 0.25
v -0.495902955532074 -0.021393688395619392 0.1707170307636261 0.0 1.0 0.25
v -0.48503705859184265 0.021082064136862755 0.13811935484409332 0.0 1.0 0.25
v -0.47318336367607117 0.06355781853199005 0.09761922061443329 0.0 1.0 0.25
v -0.45540282130241394 0.006264940835535526 0.14700962603092194 0.0 1.0 0.25
v -0.44354909658432007 0.0487406924366951 0.11539977043867111 0.0 1.0 0.25
v -0.4198417067527771 -0.007564373780041933 0.1568877100944519 0.0 1.0 0.25
v -0.4089758098125458 0.0349113792181015 0.12626565992832184 0.0 1.0 0.25
v -0.3921830952167511 -0.004600949585437775 0.15589991211891174 0.0 1.0 0.25
v -0.3803293704986572 0.0349113792181015 0.12132661789655685 0.0 1.0 0.25
v -0.3714390993118286 0.07047247141599655 0.09070456773042679 0.0 1.0 0.25
v -0.35662198066711426 0.005277132615447044 0.14207059144973755 0.0 1.0 0.25
v -0.3467439115047455 0.04380165413022041 0.11046072840690613 0.0 1.0 0.25
v -0.3190852701663971 0.007252749055624008 0.13318032026290894 0.0 1.0 0.25
v -0.30821937322616577 0.04577726870775223 0.10848511010408401 0.0 1.0 0.25
v -0.2795729339122772 -0.0016375246923416853 0.14009498059749603 0.0 1.0 0.25
v -0.2687070667743683 0.040838226675987244 0.10552168637514114 0.0 1.0 0.25
v -0.247963085770607 0.027008913457393646 0.1203388124704361 0.0 1.0 0.25
v -0.23709718883037567 0.06553343683481216 0.09070456773042679 0.0 1.0 0.25
v -0.22425568103790283 0.012191790156066418 0.12824127078056335 0.0 1.0 0.25
v -0.21240198612213135 0.05466754361987114 0.08971675485372543 0.0 1.0 0.25
v -0.1926458179950714 -0.003613141132518649 0.13811935484409332 0.0 1.0 0.25
v -0.18177993595600128 0.036886993795633316 0.10552168637514114 0.0 1.0 0.25
v -0.14819444715976715 0.027008913457393646 0.10749730467796326 0.0 1.0 0.25
v -0.13732856512069702 0.06849686056375504 0.07391182333230972 0.0 1.0 0.25
v -0.11856020987033844 0.02898452989757061 0.1065094992518425 0.0 1.0 0.25
v -0.09584061801433563 0.02898452989757061 0.10848511010408401 0.0 1.0 0.25
v -0.6045618653297424 0.011203981935977936 0.15589991211891174 0.0 1.0 0.25
v -0.5897447466850281 0.0625700056552887 0.11243634670972824 0.0 1.0 0.25
v -0.5798666477203369 0.02305768057703972 0.13910716772079468 0.0 1.0 0.25
v -0.5699885487556458 -0.01941807195544243 0.1776316910982132 0.0 1.0 0.25
v -0.5591226816177368 0.03589918836951256 0.13713155686855316 0.0 1.0 0.25
v -0.5492445826530457 -0.006576565559953451 0.16874141991138458 0.0 1.0 0.25
v -0.5344274640083313 0.0714602842926979 0.09860703349113464 0.0 1.0 0.25
v -0.5245493650436401 0.030960146337747574 0.13219250738620758 0.0 1.0 0.25
v -0.5156590938568115 -0.007564373780041933 0.16676579415798187 0.0 1.0 0.25
v -0.4929395318031311 0.04478945955634117 0.1203388124704361 0.0 1.0 0.25
v -0.48306143283843994 0.005277132615447044 0.15293648838996887 0.0 1.0 0.25
v -0.4672565162181854 0.056643158197402954 0.11441196501255035 0.0 1.0 0.25
v -0.4583662450313568 0.01614302396774292 0.14207059144973755 0.0 1.0 0.25
v -0.43959787487983704 0.036886993795633316 0.11737538874149323 0.0 1.0 0.25
v -0.42971980571746826 -0.005588757339864969 0.1549120992422104 0.0 1.0 0.25
v -0.40502458810806274 0.05071631073951721 0.11144853383302689 0.0 1.0 0.25
v -0.39613431692123413 0.0131795983761549 0.14207059144973755 0.0 1.0 0.25
v -0.36551225185394287 0.0349113792181015 0.11935099959373474 0.0 1.0 0.25
v -0.3556341826915741 -0.007564373780041933 0.149973064661026 0.0 1.0 0.25
v -0.34081706404685974 0.03787480294704437 0.11144853383302689 0.0 1.0 0.25
v -0.3309389650821686 -0.003613141132518649 0.14602182805538177 0.0 1.0 0.25
v -0.31513404846191406 0.03787480294704437 0.11539977043867111 0.0 1.0 0.25
v -0.3052559494972229 -0.002625332912430167 0.14404620230197906 0.0 1.0 0.25
v -0.28056076169013977 0.04281384497880936 0.10354606807231903 0.0 1.0 0.25
v -0.2706826627254486 0.005277132615447044 0.13515593111515045 0.0 1.0 0.25
v -0.24203623831272125 0.03293576091527939 0.11441196501255035 0.0 1.0 0.25
v -0.23314595222473145 -0.005588757339864969 0.1430584043264389 0.0 1.0 0.25
v -0.21734102070331573 0.02898452989757061 0.11441196501255035 0.0 1.0 0.25
v -0.1906702071428299 0.040838226675987244 0.10157045722007751 0.0 1.0 0.25
v -0.18177993595600128 0.0013258999679237604 0.1341681331396103 0.0 1.0 0.25
v -0.15807253122329712 0.05170411989092827 0.09169237315654755 0.0 1.0 0.25
v -0.15017007291316986 0.015155214816331863 0.1203388124704361 0.0 1.0 0.25
v -0.12448705732822418 0.0625700056552887 0.07391182333230972 0.0 1.0 0.25
v -0.11460897326469421 0.021082064136862755 0.11046072840690613 0.0 1.0 0.25
v -0.091889388859272 0.017130831256508827 0.11638757586479187 0.0 1.0 0.25
v -0.5620861053466797 0.10504576563835144 0.07786305993795395 0.0 1.0 0.25
v -0.551220178604126 0.14455808699131012 0.041314154863357544 0.0 1.0 0.25
v -0.5393664836883545 0.18900945782661438 0.006740867160260677 0.0 1.0 0.25
v -0.5294884443283081 0.22555837035179138 -0.018942145630717278 0.0 1.0 0.25
v -0.5186225175857544 0.2660585045814514 -0.0653691291809082 0.0 1.0 0.25
v -0.5067688226699829 0.3075464367866516 -0.09105214476585388 0.0 1.0 0.25
v -0.5235615968704224 0.08726521581411362 0.0857655256986618 0.0 1.0 0.25
v -0.5136834979057312 0.12381412088871002 0.05514346808195114 0.0 1.0 0.25
v -0.5018298029899597 0.16727767884731293 0.021557990461587906 0.0 1.0 0.25
v -0.48997610807418823 0.20975343883037567 -0.015978721901774406 0.0 1.0 0.25
v -0.48009800910949707 0.248277947306633 -0.048576392233371735 0.0 1.0 0.25
v -0.46923211216926575 0.2868024706840515 -0.08216187357902527 0.0 1.0 0.25
v -0.45737841725349426 0.3302660286426544 -0.11475954204797745 0.0 1.0 0.25
v -0.4978785514831543 0.08430179208517075 0.08971675485372543 0.0 1.0 0.25
v -0.4860248565673828 0.12776535749435425 0.051192235201597214 0.0 1.0 0.25
v -0.47417116165161133 0.16925328969955444 0.019582374021410942 0.0 1.0 0.25
v -0.46330526471138 0.20975343883037567 -0.015978721901774406 0.0 1.0 0.25
v -0.4524393677711487 0.2522291839122772 -0.048576392233371735 0.0 1.0 0.25
v -0.44157350063323975 0.2937171161174774 -0.08117406070232391 0.0 1.0 0.25
v -0.4307076036930084 0.33224165439605713 -0.11871077865362167 0.0 1.0 0.25
v -0.46231746673583984 0.10405795276165009 0.06897278130054474 0.0 1.0 0.25
v -0.4514515697956085 0.14455808699131012 0.03341168910264969 0.0 1.0 0.25
v -0.4405856728553772 0.18209479749202728 0.0027896342799067497 0.0 1.0 0.25
v -0.4307076036930084 0.22160713374614716 -0.03178365156054497 0.0 1.0 0.25
v -0.41885390877723694 0.26309508085250854 -0.06339351832866669 0.0 1.0 0.25
v -0.4079880118370056 0.30458301305770874 -0.09697899222373962 0.0 1.0 0.25
v -0.43268322944641113 0.09022863954305649 0.07885086536407471 0.0 1.0 0.25
v -0.42280513048171997 0.1267775446176529 0.04625319689512253 0.0 1.0 0.25
v -0.4109514355659485 0.1702411025762558 0.012667716480791569 0.0 1.0 0.25
v -0.399097740650177 0.2137046605348587 -0.02388118766248226 0.0 1.0 0.25
v -0.3882318437099457 0.2532169818878174 -0.0584544762969017 0.0 1.0 0.25
v -0.39810994267463684 0.07541151344776154 0.08971675485372543 0.0 1.0 0.25
v -0.3872440457344055 0.11492384225130081 0.060082510113716125 0.0 1.0 0.25
v -0.3763781487941742 0.1544361710548401 0.02353360690176487 0.0 1.0 0.25
v -0.3645244538784027 0.19592411816120148 -0.008076256141066551 0.0 1.0 0.25
v -0.3536585569381714 0.23543643951416016 -0.03968611732125282 0.0 1.0 0.25
v -0.35958540439605713 0.11097261309623718 0.057119086384773254 0.0 1.0 0.25
v -0.3487195074558258 0.15147274732589722 0.027484839782118797 0.0 1.0 0.25
v -0.33785364031791687 0.19197288155555725 -0.011039680801331997 0.0 1.0 0.25
v -0.32698774337768555 0.23049740493297577 -0.04264954477548599 0.0 1.0 0.25
v -0.33587801456451416 0.08232617378234863 0.08280210196971893 0.0 1.0 0.25
v -0.32501211762428284 0.12480192631483078 0.047241002321243286 0.0 1.0 0.25
v -0.3141462206840515 0.16431425511837006 0.01365552470088005 0.0 1.0 0.25
v -0.30229252576828003 0.2048143893480301 -0.02091776207089424 0.0 1.0 0.25
v -0.29735350608825684 0.08627740293741226 0.07786305993795395 0.0 1.0 0.25
v -0.2864876091480255 0.12480192631483078 0.0423019640147686 0.0 1.0 0.25
v -0.2756217122077942 0.16628986597061157 0.008716483600437641 0.0 1.0 0.25
v -0.2568533420562744 0.08331397920846939 0.0699605941772461 0.0 1.0 0.25
v -0.24598746001720428 0.12183850258588791 0.03637511283159256 0.0 1.0 0.25
v -0.2361093908548355 0.15937522053718567 0.0047652507200837135 0.0 1.0 0.25
v -0.2252434939146042 0.10800918936729431 0.04822881147265434 0.0 1.0 0.25
v -0.20252390205860138 0.0922042578458786 0.05909470096230507 0.0 1.0 0.25
v -0.1699262410402298 0.0783749371767044 0.0719362124800682 0.0 1.0 0.25
v -0.5690007209777832 0.07639932632446289 0.10552168637514114 0.0 1.0 0.25
v -0.5531958341598511 0.15344835817813873 0.0353873036801815 0.0 1.0 0.25
v -0.5443055629730225 0.11492384225130081 0.06798497587442398 0.0 1.0 0.25
v -0.5304762125015259 0.20876562595367432 -0.010051872581243515 0.0 1.0 0.25
v -0.5215859413146973 0.16826549172401428 0.021557990461587906 0.0 1.0 0.25
v -0.5117079019546509 0.12776535749435425 0.05514346808195114 0.0 1.0 0.25
v -0.5018298029899597 0.08430179208517075 0.08774114400148392 0.0 1.0 0.25
v -0.5136834979057312 0.2551926076412201 -0.045612968504428864 0.0 1.0 0.25
v -0.5047932267189026 0.21666808426380157 -0.014990913681685925 0.0 1.0 0.25
v -0.4949151277542114 0.17518015205860138 0.019582374021410942 0.0 1.0 0.25
v -0.48503705859184265 0.13369220495224 0.04822881147265434 0.0 1.0 0.25
v -0.4771345853805542 0.09615548700094223 0.07885086536407471 0.0 1.0 0.25
v -0.50380539894104 0.31347328424453735 -0.0999424159526825 0.0 1.0 0.25
v -0.4949151277542114 0.27396097779273987 -0.06833256036043167 0.0 1.0 0.25
v -0.48503705859184265 0.23346082866191864 -0.03375926986336708 0.0 1.0 0.25
v -0.47614678740501404 0.19592411816120148 -0.0031372150406241417 0.0 1.0 0.25
v -0.4672565162181854 0.15542398393154144 0.028472647070884705 0.0 1.0 0.25
v -0.45737841725349426 0.11591165512800217 0.05316785350441933 0.0 1.0 0.25
v -0.44848814606666565 0.07639932632446289 0.08774114400148392 0.0 1.0 0.25
v -0.48108580708503723 0.37570521235466003 -0.14439378678798676 0.0 1.0 0.25
v -0.47120773792266846 0.33224165439605713 -0.10982050001621246 0.0 1.0 0.25
v -0.46231746673583984 0.29470494389533997 -0.08117406070232391 0.0 1.0 0.25
v -0.45342719554901123 0.25618040561676025 -0.048576392233371735 0.0 1.0 0.25
v -0.4425612986087799 0.21074123680591583 -0.014990913681685925 0.0 1.0 0.25
v -0.4336710274219513 0.17320452630519867 0.016618948429822922 0.0 1.0 0.25
v -0.4237929582595825 0.13270439207553864 0.04822881147265434 0.0 1.0 0.25
v -0.4149026572704315 0.09121644496917725 0.07983867824077606 0.0 1.0 0.25
v -0.43268322944641113 0.3194001317024231 -0.10685707628726959 0.0 1.0 0.25
v -0.42280513048171997 0.27889999747276306 -0.07425940781831741 0.0 1.0 0.25
v -0.4129270613193512 0.23938767611980438 -0.04462515935301781 0.0 1.0 0.25
v -0.4040367901325226 0.19888754189014435 -0.014003105461597443 0.0 1.0 0.25
v -0.3941586911678314 0.15838740766048431 0.024521414190530777 0.0 1.0 0.25
v -0.3852684199810028 0.11689946055412292 0.0561312772333622 0.0 1.0 0.25
v -0.3744025230407715 0.07442370802164078 0.08774114400148392 0.0 1.0 0.25
v -0.39613431692123413 0.27692440152168274 -0.07425940781831741 0.0 1.0 0.25
v -0.3872440457344055 0.23938767611980438 -0.04264954477548599 0.0 1.0 0.25
v -0.3783537745475769 0.1998753547668457 -0.01301529724150896 0.0 1.0 0.25
v -0.3694635033607483 0.15937522053718567 0.016618948429822922 0.0 1.0 0.25
v -0.35958540439605713 0.11887507885694504 0.051192235201597214 0.0 1.0 0.25
v -0.3506951332092285 0.07936275005340576 0.08280210196971893 0.0 1.0 0.25
v -0.37242692708969116 0.2828512489795685 -0.07821063697338104 0.0 1.0 0.25
v -0.362548828125 0.2413633018732071 -0.045612968504428864 0.0 1.0 0.25
v -0.3536585569381714 0.20185096561908722 -0.014990913681685925 0.0 1.0 0.25
v -0.34279265999794006 0.16036301851272583 0.01760675758123398 0.0 1.0 0.25
v -0.33390238881111145 0.11887507885694504 0.0492166206240654 0.0 1.0 0.25
v -0.3240243196487427 0.07738713175058365 0.08280210196971893 0.0 1.0 0.25
v -0.3171096444129944 0.20086315274238586 -0.021905571222305298 0.0 1.0 0.25
v -0.30821937322616577 0.1633264422416687 0.011679908260703087 0.0 1.0 0.25
v -0.298341304063797 0.12183850258588791 0.044277578592300415 0.0 1.0 0.25
v -0.2894510328769684 0.08232617378234863 0.07292401790618896 0.0 1.0 0.25
v -0.2795729339122772 0.1929606944322586 -0.014003105461597443 0.0 1.0 0.25
v -0.26969486474990845 0.15246056020259857 0.021557990461587906 0.0 1.0 0.25
v -0.26080459356307983 0.11196041852235794 0.050204429775476456 0.0 1.0 0.25
v -0.25092649459838867 0.07244808971881866 0.08280210196971893 0.0 1.0 0.25
v -0.24499966204166412 0.1494971364736557 0.019582374021410942 0.0 1.0 0.25
v -0.23709718883037567 0.11196041852235794 0.051192235201597214 0.0 1.0 0.25
v -0.2272191047668457 0.07244808971881866 0.08280210196971893 0.0 1.0 0.25
v -0.21042637526988983 0.12480192631483078 0.03341168910264969 0.0 1.0 0.25
v -0.20054829120635986 0.08232617378234863 0.0699605941772461 0.0 1.0 0.25
v -0.1679506152868271 0.09516768157482147 0.05218004435300827 0.0 1.0 0.25
v 0.1027088314294815 0.021082064136862755 0.09366799145936966 0.0 1.0 0.25
v 0.12937965989112854 0.017130831256508827 0.09663141518831253 0.0 1.0 0.25
v 0.15012362599372864 -0.009539990685880184 0.11935099959373474 0.0 1.0 0.25
v 0.16197732090950012 0.03293576091527939 0.08280210196971893 0.0 1.0 0.25
v 0.17778225243091583 -0.03423519432544708 0.13515593111515045 0.0 1.0 0.25
v 0.1876603364944458 0.005277132615447044 0.09663141518831253 0.0 1.0 0.25
v 0.19951403141021729 0.04478945955634117 0.06403374671936035 0.0 1.0 0.25
v 0.21630677580833435 -0.03818642720580101 0.13219250738620758 0.0 1.0 0.25
v 0.22717267274856567 0.0013258999679237604 0.09564360231161118 0.0 1.0 0.25
v 0.2380385547876358 0.040838226675987244 0.063045933842659 0.0 1.0 0.25
v 0.24100197851657867 -0.03127177059650421 0.12429004162549973 0.0 1.0 0.25
v 0.25285568833351135 0.012191790156066418 0.08675333112478256 0.0 1.0 0.25
v 0.26470938324928284 0.05466754361987114 0.057119086384773254 0.0 1.0 0.25
v 0.2637215554714203 -0.04707670211791992 0.13515593111515045 0.0 1.0 0.25
v 0.2745874524116516 -0.007564373780041933 0.10157045722007751 0.0 1.0 0.25
v 0.09085513651371002 0.01614302396774292 0.10354606807231903 0.0 1.0 0.25
v 0.12444061040878296 0.024045487865805626 0.08774114400148392 0.0 1.0 0.25
v 0.13333088159561157 -0.013491223566234112 0.12132661789655685 0.0 1.0 0.25
v 0.1530870497226715 0.014167406596243382 0.09663141518831253 0.0 1.0 0.25
v 0.16197732090950012 -0.026332730427384377 0.1292290836572647 0.0 1.0 0.25
v 0.16592855751514435 0.05466754361987114 0.06699717044830322 0.0 1.0 0.25
v 0.17679445445537567 0.0131795983761549 0.09860703349113464 0.0 1.0 0.25
v 0.18469691276550293 -0.02534492127597332 0.1272534728050232 0.0 1.0 0.25
v 0.20741650462150574 0.039850421249866486 0.07292401790618896 0.0 1.0 0.25
v 0.2172945886850357 0.0003380916896276176 0.1065094992518425 0.0 1.0 0.25
v 0.22618485987186432 -0.04213766008615494 0.13910716772079468 0.0 1.0 0.25
v 0.24100197851657867 0.059606585651636124 0.05415566265583038 0.0 1.0 0.25
v 0.2498922497034073 0.0200942549854517 0.08082648366689682 0.0 1.0 0.25
v 0.2587825357913971 -0.020405881106853485 0.11737538874149323 0.0 1.0 0.25
v 0.27162402868270874 0.0487406924366951 0.060082510113716125 0.0 1.0 0.25
v 0.28051429986953735 0.00824055727571249 0.09366799145936966 0.0 1.0 0.25
v 0.28545334935188293 0.033923570066690445 0.06798497587442398 0.0 1.0 0.25
v 0.30323389172554016 -0.04016204550862312 0.13120469450950623 0.0 1.0 0.25
v 0.3131119906902313 -0.0016375246923416853 0.09860703349113464 0.0 1.0 0.25
v 0.3229900598526001 0.0349113792181015 0.06502155214548111 0.0 1.0 0.25
v 0.3417584300041199 -0.033247388899326324 0.12231443077325821 0.0 1.0 0.25
v 0.35361212491989136 0.00824055727571249 0.0857655256986618 0.0 1.0 0.25
v 0.36744144558906555 -0.04510108754038811 0.12429004162549973 0.0 1.0 0.25
v 0.3783073127269745 -0.004600949585437775 0.08774114400148392 0.0 1.0 0.25
v 0.3921366333961487 -0.05102793499827385 0.1292290836572647 0.0 1.0 0.25
v 0.40201473236083984 -0.014479031786322594 0.10157045722007751 0.0 1.0 0.25
v 0.4217708706855774 -0.08263779431581497 0.15194867551326752 0.0 1.0 0.25
v 0.43362459540367126 -0.03917423635721207 0.11441196501255035 0.0 1.0 0.25
v 0.45930758118629456 -0.07374752312898636 0.14207059144973755 0.0 1.0 0.25
v 0.4830150008201599 -0.07769875973463058 0.14602182805538177 0.0 1.0 0.25
v 0.499807745218277 -0.11227204650640488 0.17170484364032745 0.0 1.0 0.25
v 0.2903923988342285 -0.03225957974791527 0.1292290836572647 0.0 1.0 0.25
v 0.2933558225631714 0.0418260358273983 0.06205812841653824 0.0 1.0 0.25
v 0.30323389172554016 0.0003380916896276176 0.09366799145936966 0.0 1.0 0.25
v 0.3121241629123688 -0.03818642720580101 0.12527784705162048 0.0 1.0 0.25
v 0.3348437547683716 0.0131795983761549 0.0857655256986618 0.0 1.0 0.25
v 0.34472185373306274 -0.02830834686756134 0.11836319416761398 0.0 1.0 0.25
v 0.3545999228954315 -0.07177190482616425 0.15096086263656616 0.0 1.0 0.25
v 0.3694170415401459 0.005277132615447044 0.08675333112478256 0.0 1.0 0.25
v 0.37929514050483704 -0.036210812628269196 0.11836319416761398 0.0 1.0 0.25
v 0.38818541169166565 -0.07473532855510712 0.1479974389076233 0.0 1.0 0.25
v 0.40300253033638 -0.03127177059650421 0.113424152135849 0.0 1.0 0.25
v 0.4128805994987488 -0.07374752312898636 0.149973064661026 0.0 1.0 0.25
v 0.4257221221923828 -0.026332730427384377 0.11243634670972824 0.0 1.0 0.25
v 0.4346123933792114 -0.06485725194215775 0.1410827785730362 0.0 1.0 0.25
v 0.4761003255844116 -0.0865890309214592 0.149973064661026 0.0 1.0 0.25
v 0.5126492381095886 -0.10436958074569702 0.163802370429039 0.0 1.0 0.25
v 0.5669786930084229 -0.12412574142217636 0.1796073019504547 0.0 1.0 0.25
v 0.20939211547374725 0.0852895975112915 0.03341168910264969 0.0 1.0 0.25
v 0.24890445172786713 0.08133836835622787 0.03341168910264969 0.0 1.0 0.25
v 0.19753842055797577 0.07936275005340576 0.04032634571194649 0.0 1.0 0.25
v 0.1530870497226715 -0.09844272583723068 0.18849757313728333 0.0 1.0 0.25
v 0.2034652680158615 -0.10239396244287491 0.18553414940834045 0.0 1.0 0.25
v 0.4982079863548279 0.19067563116550446 -0.0690716952085495 0.0 1.0 0.25
v -0.5552100539207458 0.22797584533691406 -0.02256852760910988 0.0 1.0 0.25
v -0.3699590861797333 0.14295180141925812 0.03273502737283707 0.0 1.0 0.25
v -0.21344661712646484 0.06784133613109589 0.08210998773574829 0.0 1.0 0.25
v -0.36670735478401184 0.14584863185882568 0.030154654756188393 0.0 1.0 0.25
v -0.46501782536506653 0.23442602157592773 -0.03435232862830162 0.0 1.0 0.25
v 0.5877410173416138 -0.11292460560798645 0.17003773152828217 0.0 1.0 0.25
v -0.31838974356651306 0.014430494047701359 0.13296090066432953 0.0 1.0 0.25
v 0.5455613136291504 -0.12149103730916977 0.180038720369339 0.0 1.0 0.25
v 0.2899859547615051 -0.054493606090545654 0.14443860948085785 0.0 1.0 0.25
v 0.4327821135520935 -0.11730173230171204 0.18485884368419647 0.0 1.0 0.25
v 0.08870840817689896 -0.09094728529453278 0.18858280777931213 0.0 1.0 0.25
v -0.15029263496398926 0.08910522609949112 0.060309380292892456 0.0 1.0 0.25
v 0.19577552378177643 -0.09820691496133804 0.18666251003742218 0.0 1.0 0.25
v 0.5012961030006409 0.22905607521533966 -0.10034805536270142 0.0 1.0 0.25
v -0.44264402985572815 -0.014595037326216698 0.16548867523670197 0.0 1.0 0.25
v 0.48320624232292175 -0.03086339496076107 0.1112557128071785 0.0 1.0 0.25
v -0.47688648104667664 -0.026814106851816177 0.17786705493927002 0.0 1.0 0.25
v -0.09777595847845078 0.019504576921463013 0.11279673874378204 0.0 1.0 0.25
v -0.6031103730201721 -0.026746651157736778 0.18700061738491058 0.0 1.0 0.25
v 0.39750009775161743 -0.021519791334867477 0.10993506014347076 0.0 1.0 0.25
v 0.5419039726257324 0.0471724234521389 0.04384835809469223 0.0 1.0 0.25
v 0.45933499932289124 -0.014477093704044819 0.09973607957363129 0.0 1.0 0.25
v -0.26171717047691345 0.11197732388973236 0.04991564154624939 0.0 1.0 0.25
v 0.06330915540456772 -0.017216980457305908 0.130780428647995 0.0 1.0 0.25
v 0.2952940762042999 -0.020569635555148125 0.11660615354776382 0.0 1.0 0.25
v -0.5629376173019409 0.25433045625686646 -0.04332813620567322 0.0 1.0 0.25
v 0.20302268862724304 -0.006294105667620897 0.11177323758602142 0.0 1.0 0.25
v -0.5062435269355774 0.23294933140277863 -0.030156703665852547 0.0 1.0 0.25
v 0.5766220092773438 0.2023104429244995 -0.08419273793697357 0.0 1.0 0.25
v -0.5124953389167786 0.17985506355762482 0.013254114426672459 0.0 1.0 0.25
v 0.168719083070755 -0.06853974610567093 0.16462989151477814 0.0 1.0 0.25
v 0.5498236417770386 -0.12263760715723038 0.1806560903787613 0.0 1.0 0.25
v 0.3249388039112091 -0.016686800867319107 0.11130684614181519 0.0 1.0 0.25
v -0.08052947372198105 0.001666446914896369 0.12597320973873138 0.0 1.0 0.25
v 0.35552945733070374 0.17969867587089539 -0.049804918467998505 0.0 1.0 0.25
v -0.31567686796188354 0.015215984545648098 0.13212792575359344 0.0 1.0 0.25
v 0.37900304794311523 0.07908641546964645 0.029886387288570404 0.0 1.0 0.25
v -0.08936566859483719 0.03626218065619469 0.09862685203552246 0.0 1.0 0.25
v 0.3826882839202881 -0.035161856561899185 0.12205030769109726 0.0 1.0 0.25
v -0.5661177039146423 0.026067711412906647 0.1415785551071167 0.0 1.0 0.25
v -0.30144354701042175 0.015237497165799141 0.1310744434595108 0.0 1.0 0.25
v 0.3909759223461151 -0.05096855014562607 0.13423538208007812 0.0 1.0 0.25
v 0.5051316618919373 0.016214480623602867 0.07157151401042938 0.0 1.0 0.25
v -0.4850924611091614 0.12372659146785736 0.056669946759939194 0.0 1.0 0.25
v 0.24472607672214508 0.021706508472561836 0.08608374744653702 0.0 1.0 0.25
v -0.5049130916595459 0.26540014147758484 -0.056507766246795654 0.0 1.0 0.25
v 0.3949720859527588 0.03333168476819992 0.06574167311191559 0.0 1.0 0.25
v -0.29969123005867004 -0.030789690092206 0.1681850254535675 0.0 1.0 0.25
v -0.5682376623153687 0.06386622041463852 0.11115211248397827 0.0 1.0 0.25
v -0.553594172000885 0.018025202676653862 0.1471737027168274 0.0 1.0 0.25
v 0.24838398396968842 -0.07756773382425308 0.16613496840000153 0.0 1.0 0.25
v -0.33592501282691956 0.12722021341323853 0.04298519715666771 0.0 1.0 0.25
v 0.04967401176691055 -0.08130116760730743 0.18362005054950714 0.0 1.0 0.25
v -0.5331298112869263 0.35769423842430115 -0.12912403047084808 0.0 1.0 0.25
v 0.4309544563293457 0.20354460179805756 -0.07458774745464325 0.0 1.0 0.25
v -0.2481992095708847 0.02935069426894188 0.11578042805194855 0.0 1.0 0.25
v 0.43668246269226074 -0.12627996504306793 0.19183874130249023 0.0 1.0 0.25
v -0.4702288806438446 0.08580315113067627 0.08626982569694519 0.0 1.0 0.25
v 0.5992173552513123 0.01025247573852539 0.06954634189605713 0.0 1.0 0.25
v -0.283729612827301 0.07108637690544128 0.08460065722465515 0.0 1.0 0.25
v -0.37941503524780273 0.18023353815078735 0.0032606825698167086 0.0 1.0 0.25
v -0.5935264229774475 0.07319226115942001 0.10544773936271667 0.0 1.0 0.25
v 0.4576541781425476 -0.05869939923286438 0.1356363296508789 0.0 1.0 0.25
v 0.49774548411369324 0.013437037356197834 0.07435625791549683 0.0 1.0 0.25
v 0.5809608697891235 0.17515668272972107 -0.06253992021083832 0.0 1.0 0.25
v 0.5937250256538391 0.13441267609596252 -0.03050525300204754 0.0 1.0 0.25
v -0.3152322471141815 0.23373821377754211 -0.04469909891486168 0.0 1.0 0.25
v -0.5695743560791016 0.3774099051952362 -0.14242203533649445 0.0 1.0 0.25
v 0.6400904059410095 0.2394477128982544 -0.11885853111743927 0.0 1.0 0.25
v 0.5363681316375732 0.0851006880402565 0.013565586879849434 0.0 1.0 0.25
v -0.43378791213035583 0.006740280892699957 0.1475827395915985 0.0 1.0 0.25
v -0.14224977791309357 -0.03961542248725891 0.16386492550373077 0.0 1.0 0.25
v 0.008867052383720875 0.030960146337747574 0.14700962603092194 0.0 1.0 1.0
v 0.016769517213106155 0.06059439107775688 0.14404620230197906 0.0 1.0 1.0
v 0.032574448734521866 0.02305768057703972 0.13515593111515045 0.0 1.0 1.0
v 0.01874513365328312 0.0487406924366951 0.1410827785730362 0.0 1.0 1.0
v 0.02763540856540203 0.015155214816331863 0.13811935484409332 0.0 1.0 1.0
v 0.02467198297381401 -0.009539990685880184 0.1361437439918518 0.0 1.0 1.0
v 0.006891435477882624 -0.0006497165304608643 0.14602182805538177 0.0 1.0 1.0
v 0.03455006703734398 -0.015466840006411076 0.12824127078056335 0.0 1.0 1.0
v 0.36744144558906555 0.19888754189014435 -0.06240570917725563 0.0 1.0 1.0
v 0.06517212092876434 0.017130831256508827 0.11144853383302689 0.0 1.0 1.0
v 0.13925772905349731 0.05466754361987114 0.07292401790618896 0.0 1.0 1.0
v 0.05331842228770256 0.0200942549854517 0.12132661789655685 0.0 1.0 1.0
v 0.08394047617912292 0.04577726870775223 0.1065094992518425 0.0 1.0 1.0
v 0.1165381446480751 0.05861877650022507 0.0857655256986618 0.0 1.0 1.0
v 0.14320896565914154 0.05466754361987114 0.06798497587442398 0.0 1.0 1.0
v 0.17284321784973145 0.07442370802164078 0.050204429775476456 0.0 1.0 1.0
v 0.04146472364664078 0.05466754361987114 0.13120469450950623 0.0 1.0 1.0
v 0.07406239211559296 0.05071631073951721 0.11243634670972824 0.0 1.0 1.0
v 0.11357472091913223 0.05861877650022507 0.08477771282196045 0.0 1.0 1.0
v 0.045415956526994705 0.05170411989092827 0.12429004162549973 0.0 1.0 1.0
v 0.05035499855875969 0.08924083411693573 0.1272534728050232 0.0 1.0 1.0
v 0.08295267075300217 0.0852895975112915 0.10354606807231903 0.0 1.0 1.0
v 0.12246499955654144 0.09319206327199936 0.08378990739583969 0.0 1.0 1.0
v 0.14814801514148712 0.08726521581411362 0.06798497587442398 0.0 1.0 1.0
v 0.012818285264074802 0.0783749371767044 0.15293648838996887 0.0 1.0 1.0
v 0.038501299917697906 0.08232617378234863 0.13219250738620758 0.0 1.0 1.0
v 0.07702581584453583 0.07738713175058365 0.11046072840690613 0.0 1.0 1.0
v 0.10863567888736725 0.09022863954305649 0.09070456773042679 0.0 1.0 1.0
v 0.13629430532455444 0.0852895975112915 0.07489963620901108 0.0 1.0 1.0
v 0.1580260843038559 0.08924083411693573 0.06403374671936035 0.0 1.0 1.0
v 0.0592452697455883 0.604876697063446 0.15194867551326752 0.0 1.0 1.0
v 0.08295267075300217 0.5386935472488403 0.1292290836572647 0.0 1.0 1.0
v 0.09184294193983078 0.5722790360450745 0.12429004162549973 0.0 1.0 1.0
v 0.1096234917640686 0.49424219131469727 0.10848511010408401 0.0 1.0 1.0
v 0.11851376295089722 0.528815507888794 0.10157045722007751 0.0 1.0 1.0
v 0.12641623616218567 0.560425341129303 0.0995948389172554 0.0 1.0 1.0
v 0.11555033922195435 0.4270712435245514 0.10058264434337616 0.0 1.0 1.0
v 0.12542842328548431 0.4636201560497284 0.09663141518831253 0.0 1.0 1.0
v 0.13431869447231293 0.4962178170681 0.08971675485372543 0.0 1.0 1.0
v 0.14320896565914154 0.5307911038398743 0.08971675485372543 0.0 1.0 1.0
v 0.13333088159561157 0.3944735527038574 0.08872894942760468 0.0 1.0 1.0
v 0.14320896565914154 0.43003466725349426 0.08477771282196045 0.0 1.0 1.0
v 0.15111143887043 0.4616445302963257 0.08082648366689682 0.0 1.0 1.0
v 0.1600017100572586 0.49424219131469727 0.07983867824077606 0.0 1.0 1.0
v 0.16889198124408722 0.5268398523330688 0.07292401790618896 0.0 1.0 1.0
v 0.14716020226478577 0.32038795948028564 0.07588744163513184 0.0 1.0 1.0
v 0.15605047345161438 0.3529856204986572 0.0699605941772461 0.0 1.0 1.0
v 0.16592855751514435 0.38953453302383423 0.06798497587442398 0.0 1.0 1.0
v 0.1738310158252716 0.4221321940422058 0.06699717044830322 0.0 1.0 1.0
v 0.18173348903656006 0.4517664313316345 0.06798497587442398 0.0 1.0 1.0
v 0.19161157310009003 0.4863397181034088 0.06897278130054474 0.0 1.0 1.0
v 0.20148965716362 0.5219008326530457 0.06897278130054474 0.0 1.0 1.0
v 0.1669163703918457 0.25815603137016296 0.05909470096230507 0.0 1.0 1.0
v 0.17580664157867432 0.2917415201663971 0.05810689553618431 0.0 1.0 1.0
v 0.18568472564220428 0.3263148069381714 0.0561312772333622 0.0 1.0 1.0
v 0.1945749968290329 0.35990026593208313 0.04526538774371147 0.0 1.0 1.0
v 0.20445308089256287 0.39644917845726013 0.0423019640147686 0.0 1.0 1.0
v 0.21235553920269012 0.42805904150009155 0.0423019640147686 0.0 1.0 1.0
v 0.2311238944530487 0.4952300190925598 0.031436070799827576 0.0 1.0 1.0
v 0.18469691276550293 0.22259493172168732 0.05415566265583038 0.0 1.0 1.0
v 0.1945749968290329 0.2601316571235657 0.04822881147265434 0.0 1.0 1.0
v 0.2034652680158615 0.29075369238853455 0.041314154863357544 0.0 1.0 1.0
v 0.21235553920269012 0.32532697916030884 0.03637511283159256 0.0 1.0 1.0
v 0.22124581038951874 0.35891246795654297 0.0353873036801815 0.0 1.0 1.0
v 0.2311238944530487 0.39546138048171997 0.02649703063070774 0.0 1.0 1.0
v 0.23902636766433716 0.42311999201774597 0.027484839782118797 0.0 1.0 1.0
v 0.19951403141021729 0.17221671342849731 0.044277578592300415 0.0 1.0 1.0
v 0.20939211547374725 0.2067900002002716 0.03637511283159256 0.0 1.0 1.0
v 0.2172945886850357 0.23938767611980438 0.03242387995123863 0.0 1.0 1.0
v 0.22717267274856567 0.2729731500148773 0.028472647070884705 0.0 1.0 1.0
v 0.23507513105869293 0.3055708408355713 0.022545797750353813 0.0 1.0 1.0
v 0.2449532151222229 0.33915629982948303 0.01760675758123398 0.0 1.0 1.0
v 0.2538434863090515 0.37274178862571716 0.015631141141057014 0.0 1.0 1.0
v 0.2627337574958801 0.40533944964408875 0.011679908260703087 0.0 1.0 1.0
v 0.21828238666057587 0.11689946055412292 0.027484839782118797 0.0 1.0 1.0
v 0.22717267274856567 0.14850932359695435 0.022545797750353813 0.0 1.0 1.0
v 0.23705074191093445 0.18505822122097015 0.019582374021410942 0.0 1.0 1.0
v 0.24594102799892426 0.21864371001720428 0.011679908260703087 0.0 1.0 1.0
v 0.2538434863090515 0.248277947306633 0.006740867160260677 0.0 1.0 1.0
v 0.2637215554714203 0.2848268449306488 0.0027896342799067497 0.0 1.0 1.0
v 0.2726118564605713 0.3194001317024231 -0.001161598484031856 0.0 1.0 1.0
v 0.2676728069782257 0.15147274732589722 -0.004125023260712624 0.0 1.0 1.0
v 0.2775508761405945 0.18802164494991302 -0.006100639700889587 0.0 1.0 1.0
v 0.07801362872123718 0.5890718102455139 0.13515593111515045 0.0 1.0 1.0
v 0.08492828160524368 0.5574619174003601 0.1292290836572647 0.0 1.0 1.0
v 0.09184294193983078 0.5278276801109314 0.12231443077325821 0.0 1.0 1.0
v 0.1007332131266594 0.49226656556129456 0.11836319416761398 0.0 1.0 1.0
v 0.10764787346124649 0.4616445302963257 0.10848511010408401 0.0 1.0 1.0
v 0.11456253379583359 0.432010293006897 0.10354606807231903 0.0 1.0 1.0
v 0.12246499955654144 0.4013882279396057 0.09465579688549042 0.0 1.0 1.0
v 0.12444061040878296 0.5505472421646118 0.10058264434337616 0.0 1.0 1.0
v 0.1323430836200714 0.5159739851951599 0.09663141518831253 0.0 1.0 1.0
v 0.14024554193019867 0.4823884963989258 0.0926801785826683 0.0 1.0 1.0
v 0.14814801514148712 0.4517664313316345 0.08280210196971893 0.0 1.0 1.0
v 0.15506266057491302 0.41916877031326294 0.07391182333230972 0.0 1.0 1.0
v 0.16395294666290283 0.38459548354148865 0.07391182333230972 0.0 1.0 1.0
v 0.17086759209632874 0.3559490442276001 0.06699717044830322 0.0 1.0 1.0
v 0.17778225243091583 0.32532697916030884 0.05909470096230507 0.0 1.0 1.0
v 0.18568472564220428 0.29272931814193726 0.051192235201597214 0.0 1.0 1.0
v 0.19259938597679138 0.262107253074646 0.0492166206240654 0.0 1.0 1.0
v 0.20050184428691864 0.22950959205627441 0.04328976944088936 0.0 1.0 1.0
v 0.2084043174982071 0.19691193103790283 0.03637511283159256 0.0 1.0 1.0
v 0.215318962931633 0.1653020679950714 0.02946045622229576 0.0 1.0 1.0
v 0.22322143614292145 0.13369220495224 0.02946045622229576 0.0 1.0 1.0
v 0.15605047345161438 0.53671795129776 0.08280210196971893 0.0 1.0 1.0
v 0.16296513378620148 0.5080714821815491 0.07489963620901108 0.0 1.0 1.0
v 0.17086759209632874 0.47448602318763733 0.07094839960336685 0.0 1.0 1.0
v 0.1787700653076172 0.44188836216926575 0.0719362124800682 0.0 1.0 1.0
v 0.18568472564220428 0.4112662971019745 0.057119086384773254 0.0 1.0 1.0
v 0.19358718395233154 0.37965643405914307 0.05316785350441933 0.0 1.0 1.0
v 0.20148965716362 0.3460709750652313 0.04625319689512253 0.0 1.0 1.0
v 0.2084043174982071 0.31544890999794006 0.03933853656053543 0.0 1.0 1.0
v 0.21630677580833435 0.28186342120170593 0.0353873036801815 0.0 1.0 1.0
v 0.2242092490196228 0.2502535581588745 0.028472647070884705 0.0 1.0 1.0
v 0.2311238944530487 0.21864371001720428 0.02649703063070774 0.0 1.0 1.0
v 0.23902636766433716 0.18802164494991302 0.021557990461587906 0.0 1.0 1.0
v 0.24692882597446442 0.15344835817813873 0.015631141141057014 0.0 1.0 1.0
v 0.17778225243091583 0.5307911038398743 0.06897278130054474 0.0 1.0 1.0
v 0.18469691276550293 0.5011568665504456 0.063045933842659 0.0 1.0 1.0
v 0.19259938597679138 0.4675713777542114 0.06403374671936035 0.0 1.0 1.0
v 0.20050184428691864 0.43596151471138 0.05218004435300827 0.0 1.0 1.0
v 0.20741650462150574 0.4043516516685486 0.041314154863357544 0.0 1.0 1.0
v 0.215318962931633 0.37274178862571716 0.03835073113441467 0.0 1.0 1.0
v 0.22322143614292145 0.3401441276073456 0.03242387995123863 0.0 1.0 1.0
v 0.23013609647750854 0.3095220625400543 0.02649703063070774 0.0 1.0 1.0
v 0.2380385547876358 0.2779121994972229 0.019582374021410942 0.0 1.0 1.0
v 0.2449532151222229 0.24531452357769012 0.01760675758123398 0.0 1.0 1.0
v 0.25285568833351135 0.21469247341156006 0.011679908260703087 0.0 1.0 1.0
v 0.25977033376693726 0.18505822122097015 0.0037774424999952316 0.0 1.0 1.0
v 0.26668500900268555 0.15344835817813873 -0.00017379032215103507 0.0 1.0 1.0
v 0.24001416563987732 0.41719314455986023 0.027484839782118797 0.0 1.0 1.0
v 0.24692882597446442 0.38657110929489136 0.018594564869999886 0.0 1.0 1.0
v 0.2538434863090515 0.3579246699810028 0.01365552470088005 0.0 1.0 1.0
v 0.26174595952033997 0.32730260491371155 0.0057530589401721954 0.0 1.0 1.0
v 0.2696484327316284 0.29272931814193726 0.0027896342799067497 0.0 1.0 1.0
v 0.2765630781650543 0.2640828788280487 -0.004125023260712624 0.0 1.0 1.0
v 0.2558191120624542 0.48535192012786865 0.01760675758123398 0.0 1.0 1.0
v 0.27162402868270874 0.42114439606666565 0.009704291820526123 0.0 1.0 1.0
v 0.27853870391845703 0.39151012897491455 -0.00017379032215103507 0.0 1.0 1.0
v 0.2815021276473999 0.3510099947452545 -0.007088447920978069 0.0 1.0 1.0
v 0.2913801968097687 0.38657110929489136 -0.01301529724150896 0.0 1.0 1.0
v 0.3002704679965973 0.42114439606666565 -0.01795433834195137 0.0 1.0 1.0
v 0.30817294120788574 0.4517664313316345 -0.01795433834195137 0.0 1.0 1.0
v 0.28742897510528564 0.22457055747509003 -0.014003105461597443 0.0 1.0 1.0
v 0.2953314185142517 0.2551926076412201 -0.018942145630717278 0.0 1.0 1.0
v 0.3042217195034027 0.2887780964374542 -0.02486899495124817 0.0 1.0 1.0
v 0.3140997886657715 0.32532697916030884 -0.02783242054283619 0.0 1.0 1.0
v 0.3229900598526001 0.3579246699810028 -0.03375926986336708 0.0 1.0 1.0
v 0.3318803310394287 0.39151012897491455 -0.035734884440898895 0.0 1.0 1.0
v 0.3417584300041199 0.42805904150009155 -0.04067392647266388 0.0 1.0 1.0
v 0.2953314185142517 0.16727767884731293 -0.014003105461597443 0.0 1.0 1.0
v 0.3042217195034027 0.20185096561908722 -0.021905571222305298 0.0 1.0 1.0
v 0.3131119906902313 0.23543643951416016 -0.028820227831602097 0.0 1.0 1.0
v 0.32397785782814026 0.27396097779273987 -0.038698311895132065 0.0 1.0 1.0
v 0.33286815881729126 0.3075464367866516 -0.04264954477548599 0.0 1.0 1.0
v 0.3407706022262573 0.33816850185394287 -0.04462515935301781 0.0 1.0 1.0
v 0.3506487011909485 0.371753990650177 -0.04660077765583992 0.0 1.0 1.0
v 0.3595389723777771 0.4063272774219513 -0.05252762511372566 0.0 1.0 1.0
v 0.3279291093349457 0.18900945782661438 -0.035734884440898895 0.0 1.0 1.0
v 0.3368193805217743 0.22160713374614716 -0.041661735624074936 0.0 1.0 1.0
v 0.34669744968414307 0.2571682333946228 -0.051539815962314606 0.0 1.0 1.0
v 0.3555877208709717 0.2917415201663971 -0.05252762511372566 0.0 1.0 1.0
v 0.3644780218601227 0.3263148069381714 -0.0584544762969017 0.0 1.0 1.0
v 0.3733682930469513 0.35891246795654297 -0.06043009087443352 0.0 1.0 1.0
v 0.38324636220932007 0.39348575472831726 -0.06438132375478745 0.0 1.0 1.0
v 0.3773195147514343 0.23444864153862 -0.06635694205760956 0.0 1.0 1.0
v 0.38620978593826294 0.2680341303348541 -0.07327159494161606 0.0 1.0 1.0
v 0.39510005712509155 0.3006317913532257 -0.0791984498500824 0.0 1.0 1.0
v 0.4049781560897827 0.3371807038784027 -0.08216187357902527 0.0 1.0 1.0
v 0.4128805994987488 0.3678027391433716 -0.0861131027340889 0.0 1.0 1.0
v 0.4188074469566345 0.24729014933109283 -0.09203995019197464 0.0 1.0 1.0
v 0.426709920167923 0.27889999747276306 -0.0999424159526825 0.0 1.0 1.0
v 0.4356001913547516 0.3124854862689972 -0.10290584713220596 0.0 1.0 1.0
v 0.4444904625415802 0.3460709750652313 -0.10784488171339035 0.0 1.0 1.0
v 0.45239293575286865 0.2660585045814514 -0.11475954204797745 0.0 1.0 1.0
v 0.46128320693969727 0.3026074171066284 -0.11673516035079956 0.0 1.0 1.0
v 0.4701734781265259 0.33421728014945984 -0.12167420238256454 0.0 1.0 1.0
v 0.48696622252464294 0.30161958932876587 -0.1345157027244568 0.0 1.0 1.0
v 0.49585649371147156 0.33421728014945984 -0.13747912645339966 0.0 1.0 1.0
v 0.2834777235984802 0.23346082866191864 -0.007088447920978069 0.0 1.0 1.0
v 0.2913801968097687 0.19888754189014435 -0.01301529724150896 0.0 1.0 1.0
v 0.29829487204551697 0.16826549172401428 -0.014990913681685925 0.0 1.0 1.0
v 0.28545334935188293 0.3608880937099457 -0.006100639700889587 0.0 1.0 1.0
v 0.2933558225631714 0.32927823066711426 -0.014003105461597443 0.0 1.0 1.0
v 0.30125829577445984 0.2956927418708801 -0.016966529190540314 0.0 1.0 1.0
v 0.30817294120788574 0.26507070660591125 -0.02486899495124817 0.0 1.0 1.0
v 0.31508758664131165 0.23346082866191864 -0.029808036983013153 0.0 1.0 1.0
v 0.32397785782814026 0.20086315274238586 -0.032771460711956024 0.0 1.0 1.0
v 0.29434362053871155 0.42805904150009155 -0.006100639700889587 0.0 1.0 1.0
v 0.30125829577445984 0.39842480421066284 -0.014990913681685925 0.0 1.0 1.0
v 0.31014856696128845 0.3628637194633484 -0.016966529190540314 0.0 1.0 1.0
v 0.31706321239471436 0.33224165439605713 -0.026844611391425133 0.0 1.0 1.0
v 0.3249656856060028 0.3006317913532257 -0.032771460711956024 0.0 1.0 1.0
v 0.33286815881729126 0.2660585045814514 -0.03672269359230995 0.0 1.0 1.0
v 0.3407706022262573 0.23346082866191864 -0.04363735020160675 0.0 1.0 1.0
v 0.3476852774620056 0.20382657647132874 -0.04660077765583992 0.0 1.0 1.0
v 0.3160754144191742 0.4379371404647827 -0.02486899495124817 0.0 1.0 1.0
v 0.32397785782814026 0.40533944964408875 -0.03079584427177906 0.0 1.0 1.0
v 0.3318803310394287 0.37076616287231445 -0.03178365156054497 0.0 1.0 1.0
v 0.338795006275177 0.34113192558288574 -0.03968611732125282 0.0 1.0 1.0
v 0.3457096517086029 0.3105098605155945 -0.04758858308196068 0.0 1.0 1.0
v 0.35361212491989136 0.2798878252506256 -0.051539815962314606 0.0 1.0 1.0
v 0.3615145683288574 0.24630233645439148 -0.05549104884266853 0.0 1.0 1.0
v 0.3694170415401459 0.2137046605348587 -0.05944228172302246 0.0 1.0 1.0
v 0.35657554864883423 0.4201565682888031 -0.04660077765583992 0.0 1.0 1.0
v 0.3644780218601227 0.3875589072704315 -0.05252762511372566 0.0 1.0 1.0
v 0.3713926672935486 0.3579246699810028 -0.05549104884266853 0.0 1.0 1.0
v 0.37929514050483704 0.32532697916030884 -0.06339351832866669 0.0 1.0 1.0
v 0.3871975839138031 0.2917415201663971 -0.0722837895154953 0.0 1.0 1.0
v 0.3941122591495514 0.2601316571235657 -0.07722283154726028 0.0 1.0 1.0
v 0.4010269045829773 0.23049740493297577 -0.08216187357902527 0.0 1.0 1.0
v 0.399051308631897 0.37768083810806274 -0.07722283154726028 0.0 1.0 1.0
v 0.4059659540653229 0.34804657101631165 -0.08512529730796814 0.0 1.0 1.0
v 0.4148562252521515 0.31149768829345703 -0.08907652646303177 0.0 1.0 1.0
v 0.4217708706855774 0.2828512489795685 -0.09203995019197464 0.0 1.0 1.0
v 0.42769771814346313 0.25420480966567993 -0.10191803425550461 0.0 1.0 1.0
v 0.42769771814346313 0.3628637194633484 -0.09895461052656174 0.0 1.0 1.0
v 0.4356001913547516 0.33421728014945984 -0.10093022882938385 0.0 1.0 1.0
v 0.4425148665904999 0.3006317913532257 -0.10586927086114883 0.0 1.0 1.0
v 0.45041730999946594 0.2680341303348541 -0.1088326945900917 0.0 1.0 1.0
v 0.45733198523521423 0.3421197235584259 -0.11278392374515533 0.0 1.0 1.0
v 0.4652344584465027 0.3095220625400543 -0.11673516035079956 0.0 1.0 1.0
v 0.47313690185546875 0.27692440152168274 -0.12463762611150742 0.0 1.0 1.0
v 0.49783211946487427 0.3174245357513428 -0.14044255018234253 0.0 1.0 1.0
v 0.05134280398488045 0.573266863822937 0.15589991211891174 0.0 1.0 1.0
v 0.030598832294344902 0.3421197235584259 0.15392428636550903 0.0 1.0 1.0
v 0.039489105343818665 0.37570521235466003 0.15194867551326752 0.0 1.0 1.0
v 0.048379380255937576 0.4083028733730316 0.14503401517868042 0.0 1.0 1.0
v 0.05726965516805649 0.4409005641937256 0.13515593111515045 0.0 1.0 1.0
v 0.06517212092876434 0.47349822521209717 0.1361437439918518 0.0 1.0 1.0
v 0.07505020499229431 0.5090593099594116 0.1341681331396103 0.0 1.0 1.0
v 0.019732942804694176 0.16233864426612854 0.15096086263656616 0.0 1.0 1.0
v 0.03652568161487579 0.22654616832733154 0.1410827785730362 0.0 1.0 1.0
v 0.045415956526994705 0.2601316571235657 0.1361437439918518 0.0 1.0 1.0
v 0.05430623143911362 0.29272931814193726 0.13219250738620758 0.0 1.0 1.0
v 0.06319650262594223 0.3263148069381714 0.12824127078056335 0.0 1.0 1.0
v 0.0730745866894722 0.3608880937099457 0.12231443077325821 0.0 1.0 1.0
v 0.08097705245018005 0.3924979567527771 0.12231443077325821 0.0 1.0 1.0
v 0.09085513651371002 0.42608341574668884 0.11441196501255035 0.0 1.0 1.0
v 0.09974540770053864 0.459668904542923 0.11243634670972824 0.0 1.0 1.0
v 0.025659792125225067 0.09417986869812012 0.13910716772079468 0.0 1.0 1.0
v 0.03455006703734398 0.12776535749435425 0.1361437439918518 0.0 1.0 1.0
v 0.04344033822417259 0.15937522053718567 0.13515593111515045 0.0 1.0 1.0
v 0.052330613136291504 0.1909850835800171 0.13318032026290894 0.0 1.0 1.0
v 0.061220888048410416 0.22654616832733154 0.1272534728050232 0.0 1.0 1.0
v 0.07109896838665009 0.26111945509910583 0.12231443077325821 0.0 1.0 1.0
v 0.07900143414735794 0.2917415201663971 0.11935099959373474 0.0 1.0 1.0
v 0.08887951821088791 0.32730260491371155 0.11638757586479187 0.0 1.0 1.0
v 0.09776978939771652 0.3628637194633484 0.10947292298078537 0.0 1.0 1.0
v 0.10666006803512573 0.39348575472831726 0.10255826264619827 0.0 1.0 1.0
v 0.06023307889699936 0.12282630801200867 0.11935099959373474 0.0 1.0 1.0
v 0.06912335008382797 0.1564117819070816 0.11836319416761398 0.0 1.0 1.0
v 0.07801362872123718 0.18900945782661438 0.12132661789655685 0.0 1.0 1.0
v 0.09579417109489441 0.2571682333946228 0.10354606807231903 0.0 1.0 1.0
v 0.10468444973230362 0.29075369238853455 0.10255826264619827 0.0 1.0 1.0
v 0.11456253379583359 0.3263148069381714 0.09663141518831253 0.0 1.0 1.0
v 0.12444061040878296 0.3608880937099457 0.09564360231161118 0.0 1.0 1.0
v 0.09184294193983078 0.11689946055412292 0.10255826264619827 0.0 1.0 1.0
v 0.1007332131266594 0.15147274732589722 0.09860703349113464 0.0 1.0 1.0
v 0.11159910261631012 0.18802164494991302 0.09465579688549042 0.0 1.0 1.0
v 0.11950156837701797 0.2206193208694458 0.08774114400148392 0.0 1.0 1.0
v 0.12937965989112854 0.2551926076412201 0.0857655256986618 0.0 1.0 1.0
v 0.13826993107795715 0.2897658944129944 0.08082648366689682 0.0 1.0 1.0
v 0.1303674578666687 0.12381412088871002 0.07885086536407471 0.0 1.0 1.0
v 0.13925772905349731 0.1564117819070816 0.0768752470612526 0.0 1.0 1.0
v 0.14913581311702728 0.18999727070331573 0.0699605941772461 0.0 1.0 1.0
v 0.1580260843038559 0.22358274459838867 0.06600935757160187 0.0 1.0 1.0
v 0.1580260843038559 0.12183850258588791 0.06403374671936035 0.0 1.0 1.0
v 0.1669163703918457 0.15739959478378296 0.060082510113716125 0.0 1.0 1.0
v 0.17580664157867432 0.18900945782661438 0.0561312772333622 0.0 1.0 1.0
v 0.18173348903656006 0.10405795276165009 0.051192235201597214 0.0 1.0 1.0
v 0.19062376022338867 0.13961905241012573 0.050204429775476456 0.0 1.0 1.0
v 0.022696366533637047 0.14850932359695435 0.149973064661026 0.0 1.0 1.0
v 0.029611025005578995 0.11689946055412292 0.1361437439918518 0.0 1.0 1.0
v 0.032574448734521866 0.2640828788280487 0.15194867551326752 0.0 1.0 1.0
v 0.039489105343818665 0.23346082866191864 0.1430584043264389 0.0 1.0 1.0
v 0.04640376567840576 0.20382657647132874 0.13713155686855316 0.0 1.0 1.0
v 0.05430623143911362 0.1702411025762558 0.13021689653396606 0.0 1.0 1.0
v 0.062208693474531174 0.13961905241012573 0.12132661789655685 0.0 1.0 1.0
v 0.06912335008382797 0.10998480021953583 0.11441196501255035 0.0 1.0 1.0
v 0.04344033822417259 0.3697783648967743 0.14503401517868042 0.0 1.0 1.0
v 0.05035499855875969 0.33915629982948303 0.13713155686855316 0.0 1.0 1.0
v 0.05726965516805649 0.3095220625400543 0.1292290836572647 0.0 1.0 1.0
v 0.06517212092876434 0.27396097779273987 0.12626565992832184 0.0 1.0 1.0
v 0.07208677381277084 0.24432672560214996 0.11836319416761398 0.0 1.0 1.0
v 0.07900143414735794 0.2137046605348587 0.11935099959373474 0.0 1.0 1.0
v 0.0869038999080658 0.18209479749202728 0.10749730467796326 0.0 1.0 1.0
v 0.0938185602426529 0.15246056020259857 0.10354606807231903 0.0 1.0 1.0
v 0.10172102600336075 0.12183850258588791 0.09564360231161118 0.0 1.0 1.0
v 0.04739157110452652 0.459668904542923 0.15096086263656616 0.0 1.0 1.0
v 0.055294036865234375 0.42608341574668884 0.13910716772079468 0.0 1.0 1.0
v 0.062208693474531174 0.39842480421066284 0.13219250738620758 0.0 1.0 1.0
v 0.06912335008382797 0.3678027391433716 0.1272534728050232 0.0 1.0 1.0
v 0.07801362872123718 0.33421728014945984 0.12330223619937897 0.0 1.0 1.0
v 0.08394047617912292 0.30458301305770874 0.11836319416761398 0.0 1.0 1.0
v 0.09184294193983078 0.27396097779273987 0.11144853383302689 0.0 1.0 1.0
v 0.09974540770053864 0.2413633018732071 0.1065094992518425 0.0 1.0 1.0
v 0.10666006803512573 0.21074123680591583 0.09860703349113464 0.0 1.0 1.0
v 0.11357472091913223 0.18011918663978577 0.09366799145936966 0.0 1.0 1.0
v 0.12147718667984009 0.1494971364736557 0.08675333112478256 0.0 1.0 1.0
v 0.12937965989112854 0.11393603682518005 0.08378990739583969 0.0 1.0 1.0
v 0.04739157110452652 0.5614131689071655 0.15589991211891174 0.0 1.0 1.0
v 0.05430623143911362 0.5298032760620117 0.1549120992422104 0.0 1.0 1.0
v 0.061220888048410416 0.500169038772583 0.1430584043264389 0.0 1.0 1.0
v 0.06813554465770721 0.4705348014831543 0.13811935484409332 0.0 1.0 1.0
v 0.07603801041841507 0.4379371404647827 0.12824127078056335 0.0 1.0 1.0
v 0.08295267075300217 0.40731507539749146 0.12330223619937897 0.0 1.0 1.0
v 0.09085513651371002 0.3766930103302002 0.11935099959373474 0.0 1.0 1.0
v 0.09875760227441788 0.34310755133628845 0.11243634670972824 0.0 1.0 1.0
v 0.10567225515842438 0.31347328424453735 0.10552168637514114 0.0 1.0 1.0
v 0.11258691549301147 0.28087562322616577 0.09860703349113464 0.0 1.0 1.0
v 0.12048938125371933 0.248277947306633 0.09465579688549042 0.0 1.0 1.0
v 0.12839184701442719 0.21666808426380157 0.08872894942760468 0.0 1.0 1.0
v 0.13530650734901428 0.18703384697437286 0.08280210196971893 0.0 1.0 1.0
v 0.14320896565914154 0.15344835817813873 0.07983867824077606 0.0 1.0 1.0
v 0.15012362599372864 0.12183850258588791 0.07094839960336685 0.0 1.0 1.0
v 0.1303674578666687 0.3668149411678314 0.09169237315654755 0.0 1.0 1.0
v 0.1372821182012558 0.3371807038784027 0.08280210196971893 0.0 1.0 1.0
v 0.14518459141254425 0.3026074171066284 0.07885086536407471 0.0 1.0 1.0
v 0.1530870497226715 0.2680341303348541 0.07588744163513184 0.0 1.0 1.0
v 0.16098952293395996 0.23839986324310303 0.06897278130054474 0.0 1.0 1.0
v 0.16790416836738586 0.2067900002002716 0.06403374671936035 0.0 1.0 1.0
v 0.17580664157867432 0.17518015205860138 0.057119086384773254 0.0 1.0 1.0
v 0.1827213019132614 0.14554589986801147 0.05218004435300827 0.0 1.0 1.0
v 0.18963594734668732 0.11393603682518005 0.0492166206240654 0.0 1.0 1.0
v 0.5215395092964172 0.769840657711029 -0.1276010423898697 0.0 1.0 1.0
v 0.5304297804832458 0.8024383783340454 -0.1364913284778595 0.0 1.0 1.0
v 0.5383322238922119 0.8320726156234741 -0.13550351560115814 0.0 1.0 1.0
v 0.5343810319900513 0.6789623498916626 -0.14439378678798676 0.0 1.0 1.0
v 0.5432713031768799 0.7115600109100342 -0.1453815996646881 0.0 1.0 1.0
v 0.553149402141571 0.7461332678794861 -0.1503206342458725 0.0 1.0 1.0
v 0.5630274415016174 0.7826821804046631 -0.15427187085151672 0.0 1.0 1.0
v 0.571917712688446 0.8172554969787598 -0.15822310745716095 0.0 1.0 1.0
v 0.5808079838752747 0.8498531579971313 -0.16019871830940247 0.0 1.0 1.0
v 0.5343810319900513 0.5712912082672119 -0.14636941254138947 0.0 1.0 1.0
v 0.5442591309547424 0.6068523526191711 -0.1503206342458725 0.0 1.0 1.0
v 0.553149402141571 0.6434012651443481 -0.15525968372821808 0.0 1.0 1.0
v 0.5620396733283997 0.6730355024337769 -0.15822310745716095 0.0 1.0 1.0
v 0.5699421167373657 0.7046453356742859 -0.1592109054327011 0.0 1.0 1.0
v 0.5798202157020569 0.7392186522483826 -0.16118653118610382 0.0 1.0 1.0
v 0.5422834753990173 0.5070837140083313 -0.15525968372821808 0.0 1.0 1.0
v 0.5521615743637085 0.5396813750267029 -0.16217434406280518 0.0 1.0 1.0
v 0.5600640177726746 0.5712912082672119 -0.16019871830940247 0.0 1.0 1.0
v 0.540307879447937 0.35693684220314026 -0.16513776779174805 0.0 1.0 1.0
v 0.5383322238922119 0.39842480421066284 -0.1572352945804596 0.0 1.0 1.0
v 0.5333932042121887 0.5268398523330688 -0.14834502339363098 0.0 1.0 1.0
v 0.5412956476211548 0.49424219131469727 -0.15328405797481537 0.0 1.0 1.0
v 0.5491981506347656 0.4616445302963257 -0.16118653118610382 0.0 1.0 1.0
v 0.5304297804832458 0.688840389251709 -0.13747912645339966 0.0 1.0 1.0
v 0.5393200516700745 0.6532793045043945 -0.14439378678798676 0.0 1.0 1.0
v 0.5472225546836853 0.620681643486023 -0.15130844712257385 0.0 1.0 1.0
v 0.553149402141571 0.5920352339744568 -0.15624748170375824 0.0 1.0 1.0
v 0.5620396733283997 0.5584497451782227 -0.16217434406280518 0.0 1.0 1.0
v 0.5314176082611084 0.835036039352417 -0.1295766681432724 0.0 1.0 1.0
v 0.5383322238922119 0.8044139742851257 -0.1364913284778595 0.0 1.0 1.0
v 0.5462347269058228 0.769840657711029 -0.1434059739112854 0.0 1.0 1.0
v 0.5541371703147888 0.7392186522483826 -0.1503206342458725 0.0 1.0 1.0
v 0.5610518455505371 0.7085965871810913 -0.15624748170375824 0.0 1.0 1.0
v 0.5689542889595032 0.6759989261627197 -0.1592109054327011 0.0 1.0 1.0
v 0.5521615743637085 0.8547921776771545 -0.1345157027244568 0.0 1.0 1.0
v 0.5600640177726746 0.8231823444366455 -0.14735721051692963 0.0 1.0 1.0
v 0.5669786930084229 0.7935481071472168 -0.15427187085151672 0.0 1.0 1.0
v 0.5738933682441711 0.7639138102531433 -0.15822310745716095 0.0 1.0 1.0
v 0.5758689641952515 0.8617068529129028 -0.1522962599992752 0.0 1.0 1.0
v 0.5837714076042175 0.830096960067749 -0.16217434406280518 0.0 1.0 1.0
v 0.1027088314294815 0.609815776348114 0.1203388124704361 0.0 1.0 1.0
v 0.1096234917640686 0.6384621858596802 0.12330223619937897 0.0 1.0 1.0
v 0.13629430532455444 0.5959864258766174 0.09564360231161118 0.0 1.0 1.0
v 0.14518459141254425 0.628584086894989 0.0926801785826683 0.0 1.0 1.0
v 0.15407486259937286 0.6601939797401428 0.09564360231161118 0.0 1.0 1.0
v 0.15407486259937286 0.5673400163650513 0.08477771282196045 0.0 1.0 1.0
v 0.16197732090950012 0.5999376773834229 0.07983867824077606 0.0 1.0 1.0
v 0.17086759209632874 0.6325353384017944 0.07489963620901108 0.0 1.0 1.0
v 0.1807456761598587 0.6661208271980286 0.07588744163513184 0.0 1.0 1.0
v 0.1787700653076172 0.5624009370803833 0.06798497587442398 0.0 1.0 1.0
v 0.1876603364944458 0.5959864258766174 0.0699605941772461 0.0 1.0 1.0
v 0.19655060768127441 0.628584086894989 0.063045933842659 0.0 1.0 1.0
v 0.20544087886810303 0.6621695756912231 0.05909470096230507 0.0 1.0 1.0
v 0.21927019953727722 0.5900595784187317 0.04526538774371147 0.0 1.0 1.0
v 0.2291482836008072 0.6275963187217712 0.04032634571194649 0.0 1.0 1.0
v 0.2380385547876358 0.6582183837890625 0.037362921983003616 0.0 1.0 1.0
v 0.24692882597446442 0.6918038129806519 0.03835073113441467 0.0 1.0 1.0
v 0.25779470801353455 0.5940108299255371 0.022545797750353813 0.0 1.0 1.0
v 0.2676728069782257 0.6315475106239319 0.014643332920968533 0.0 1.0 1.0
v 0.27557528018951416 0.6611818075180054 0.012667716480791569 0.0 1.0 1.0
v 0.25779470801353455 0.4932543933391571 0.02057018131017685 0.0 1.0 1.0
v 0.07109896838665009 0.6187060475349426 0.14700962603092194 0.0 1.0 1.0
v 0.11061129719018936 0.6088279485702515 0.11539977043867111 0.0 1.0 1.0
v 0.11752595752477646 0.5782058835029602 0.11441196501255035 0.0 1.0 1.0
v 0.13333088159561157 0.633523166179657 0.10157045722007751 0.0 1.0 1.0
v 0.14123335480690002 0.5999376773834229 0.09366799145936966 0.0 1.0 1.0
v 0.15012362599372864 0.5653643608093262 0.08971675485372543 0.0 1.0 1.0
v 0.14814801514148712 0.6562427282333374 0.09761922061443329 0.0 1.0 1.0
v 0.15506266057491302 0.6266084909439087 0.08774114400148392 0.0 1.0 1.0
v 0.16197732090950012 0.5979620814323425 0.08181428909301758 0.0 1.0 1.0
v 0.16987979412078857 0.5633887648582458 0.07391182333230972 0.0 1.0 1.0
v 0.17975787818431854 0.6720476746559143 0.08378990739583969 0.0 1.0 1.0
v 0.1876603364944458 0.6404378414154053 0.0719362124800682 0.0 1.0 1.0
v 0.19556280970573425 0.6058645248413086 0.06502155214548111 0.0 1.0 1.0
v 0.20247745513916016 0.5752424597740173 0.05810689553618431 0.0 1.0 1.0
v 0.2172945886850357 0.5110349655151367 0.0423019640147686 0.0 1.0 1.0
v 0.21235553920269012 0.6720476746559143 0.0561312772333622 0.0 1.0 1.0
v 0.21927019953727722 0.6404378414154053 0.04822881147265434 0.0 1.0 1.0
v 0.22717267274856567 0.6078401207923889 0.041314154863357544 0.0 1.0 1.0
v 0.23408731818199158 0.5782058835029602 0.037362921983003616 0.0 1.0 1.0
v 0.2498922497034073 0.5139983892440796 0.031436070799827576 0.0 1.0 1.0
v 0.23507513105869293 0.6789623498916626 0.04328976944088936 0.0 1.0 1.0
v 0.24297760426998138 0.646364688873291 0.03835073113441467 0.0 1.0 1.0
v 0.2498922497034073 0.6187060475349426 0.02946045622229576 0.0 1.0 1.0
v 0.2568069100379944 0.586108386516571 0.024521414190530777 0.0 1.0 1.0
v 0.27162402868270874 0.5228886604309082 0.018594564869999886 0.0 1.0 1.0
v 0.28051429986953735 0.49029096961021423 0.009704291820526123 0.0 1.0 1.0
v 0.2558191120624542 0.6908160448074341 0.02946045622229576 0.0 1.0 1.0
v 0.2637215554714203 0.6601939797401428 0.022545797750353813 0.0 1.0 1.0
v 0.2706362307071686 0.6275963187217712 0.018594564869999886 0.0 1.0 1.0
v 0.27853870391845703 0.5949986577033997 0.01365552470088005 0.0 1.0 1.0
v 0.2844655513763428 0.693779468536377 0.009704291820526123 0.0 1.0 1.0
v 0.2933558225631714 0.7263771295547485 0.012667716480791569 0.0 1.0 1.0
v 0.2844655513763428 0.5910474061965942 0.007728675380349159 0.0 1.0 1.0
v 0.29236799478530884 0.6226572394371033 0.0037774424999952316 0.0 1.0 1.0
v 0.30224609375 0.6562427282333374 0.0008140178979374468 0.0 1.0 1.0
v 0.3111363649368286 0.6918038129806519 -0.0031372150406241417 0.0 1.0 1.0
v 0.3200266361236572 0.725389301776886 -0.006100639700889587 0.0 1.0 1.0
v 0.28940457105636597 0.5051080584526062 -0.00017379032215103507 0.0 1.0 1.0
v 0.30817294120788574 0.5742546319961548 -0.011039680801331997 0.0 1.0 1.0
v 0.31706321239471436 0.6068523526191711 -0.009064064361155033 0.0 1.0 1.0
v 0.3249656856060028 0.6384621858596802 -0.014003105461597443 0.0 1.0 1.0
v 0.3348437547683716 0.6740232706069946 -0.01795433834195137 0.0 1.0 1.0
v 0.3437340259552002 0.7076087594032288 -0.019929954782128334 0.0 1.0 1.0
v 0.35361212491989136 0.7421820759773254 -0.02486899495124817 0.0 1.0 1.0
v 0.3180510103702545 0.48535192012786865 -0.022893378511071205 0.0 1.0 1.0
v 0.3279291093349457 0.5228886604309082 -0.02783242054283619 0.0 1.0 1.0
v 0.3368193805217743 0.5574619174003601 -0.03178365156054497 0.0 1.0 1.0
v 0.3457096517086029 0.5890718102455139 -0.03375926986336708 0.0 1.0 1.0
v 0.3555877208709717 0.6266084909439087 -0.038698311895132065 0.0 1.0 1.0
v 0.3644780218601227 0.6592061519622803 -0.04363735020160675 0.0 1.0 1.0
v 0.37238046526908875 0.6878526210784912 -0.04264954477548599 0.0 1.0 1.0
v 0.38127073645591736 0.7214381098747253 -0.048576392233371735 0.0 1.0 1.0
v 0.3911488354206085 0.7589747905731201 -0.051539815962314606 0.0 1.0 1.0
v 0.3506487011909485 0.4616445302963257 -0.04363735020160675 0.0 1.0 1.0
v 0.3684292435646057 0.5278276801109314 -0.05252762511372566 0.0 1.0 1.0
v 0.3783073127269745 0.5614131689071655 -0.057466667145490646 0.0 1.0 1.0
v 0.38620978593826294 0.5930230021476746 -0.0584544762969017 0.0 1.0 1.0
v 0.3960878849029541 0.628584086894989 -0.061417900025844574 0.0 1.0 1.0
v 0.4049781560897827 0.6621695756912231 -0.06734474748373032 0.0 1.0 1.0
v 0.41386842727661133 0.6947672367095947 -0.06833256036043167 0.0 1.0 1.0
v 0.4237464964389801 0.730328381061554 -0.07030817121267319 0.0 1.0 1.0
v 0.43362459540367126 0.7668772339820862 -0.0791984498500824 0.0 1.0 1.0
v 0.44152703881263733 0.7965115308761597 -0.07722283154726028 0.0 1.0 1.0
v 0.3684292435646057 0.4389249384403229 -0.057466667145490646 0.0 1.0 1.0
v 0.3773195147514343 0.47349822521209717 -0.06339351832866669 0.0 1.0 1.0
v 0.3871975839138031 0.5080714821815491 -0.06339351832866669 0.0 1.0 1.0
v 0.3960878849029541 0.5406692028045654 -0.06734474748373032 0.0 1.0 1.0
v 0.4049781560897827 0.5742546319961548 -0.0722837895154953 0.0 1.0 1.0
v 0.4148562252521515 0.6117913722991943 -0.07524721324443817 0.0 1.0 1.0
v 0.42275869846343994 0.6424134373664856 -0.07722283154726028 0.0 1.0 1.0
v 0.4326367676258087 0.6769866943359375 -0.08314967900514603 0.0 1.0 1.0
v 0.44152703881263733 0.7095844149589539 -0.08413748443126678 0.0 1.0 1.0
v 0.4514051377773285 0.7451454997062683 -0.0861131027340889 0.0 1.0 1.0
v 0.45930758118629456 0.7767553329467773 -0.09599118679761887 0.0 1.0 1.0
v 0.46819788217544556 0.8083652257919312 -0.093027763068676 0.0 1.0 1.0
v 0.3921366333961487 0.42805904150009155 -0.07030817121267319 0.0 1.0 1.0
v 0.4010269045829773 0.4606567323207855 -0.07425940781831741 0.0 1.0 1.0
v 0.4099171757698059 0.4952300190925598 -0.07524721324443817 0.0 1.0 1.0
v 0.41979527473449707 0.528815507888794 -0.08413748443126678 0.0 1.0 1.0
v 0.42769771814346313 0.5614131689071655 -0.08216187357902527 0.0 1.0 1.0
v 0.4375758171081543 0.5949986577033997 -0.08710091561079025 0.0 1.0 1.0
v 0.4464660882949829 0.628584086894989 -0.09401556849479675 0.0 1.0 1.0
v 0.4553563594818115 0.6611818075180054 -0.09599118679761887 0.0 1.0 1.0
v 0.4632588326931 0.6918038129806519 -0.09697899222373962 0.0 1.0 1.0
v 0.47313690185546875 0.7273649573326111 -0.10093022882938385 0.0 1.0 1.0
v 0.48202717304229736 0.7599626183509827 -0.10488145798444748 0.0 1.0 1.0
v 0.490917444229126 0.7925602793693542 -0.10982050001621246 0.0 1.0 1.0
v 0.49881991744041443 0.8251579403877258 -0.10685707628726959 0.0 1.0 1.0
v 0.42275869846343994 0.4023760259151459 -0.09105214476585388 0.0 1.0 1.0
v 0.43164896965026855 0.43694931268692017 -0.093027763068676 0.0 1.0 1.0
v 0.44053924083709717 0.4685591757297516 -0.09895461052656174 0.0 1.0 1.0
v 0.4494295120239258 0.500169038772583 -0.10093022882938385 0.0 1.0 1.0
v 0.4583197832107544 0.5327666997909546 -0.10389365255832672 0.0 1.0 1.0
v 0.467210054397583 0.5693156123161316 -0.10685707628726959 0.0 1.0 1.0
v 0.4761003255844116 0.5999376773834229 -0.11377173662185669 0.0 1.0 1.0
v 0.4840027987957001 0.6325353384017944 -0.1157473474740982 0.0 1.0 1.0
v 0.4948686957359314 0.6690842509269714 -0.11969858407974243 0.0 1.0 1.0
v 0.5027711391448975 0.6997063159942627 -0.1226620078086853 0.0 1.0 1.0
v 0.5116614103317261 0.7323039770126343 -0.12463762611150742 0.0 1.0 1.0
v 0.4533807337284088 0.37768083810806274 -0.11080831289291382 0.0 1.0 1.0
v 0.4622710347175598 0.4102784991264343 -0.11278392374515533 0.0 1.0 1.0
v 0.4711613059043884 0.4448517858982086 -0.11772296577692032 0.0 1.0 1.0
v 0.48005157709121704 0.47843727469444275 -0.12167420238256454 0.0 1.0 1.0
v 0.48894184827804565 0.5090593099594116 -0.12463762611150742 0.0 1.0 1.0
v 0.49783211946487427 0.5446203947067261 -0.1295766681432724 0.0 1.0 1.0
v 0.5077102184295654 0.5801815390586853 -0.13352790474891663 0.0 1.0 1.0
v 0.516600489616394 0.6117913722991943 -0.138466939330101 0.0 1.0 1.0
v 0.5254907608032227 0.6453768610954285 -0.13945475220680237 0.0 1.0 1.0
v 0.4790637493133545 0.3678027391433716 -0.1276010423898697 0.0 1.0 1.0
v 0.48894184827804565 0.4043516516685486 -0.13155227899551392 0.0 1.0 1.0
v 0.49783211946487427 0.43596151471138 -0.1345157027244568 0.0 1.0 1.0
v 0.5067223906517029 0.4675713777542114 -0.13945475220680237 0.0 1.0 1.0
v 0.5156126618385315 0.5031324625015259 -0.14241817593574524 0.0 1.0 1.0
v 0.5254907608032227 0.5386935472488403 -0.1453815996646881 0.0 1.0 1.0
v 0.5057345628738403 0.36879056692123413 -0.14241817593574524 0.0 1.0 1.0
v 0.5156126618385315 0.4033638536930084 -0.14735721051692963 0.0 1.0 1.0
v 0.5245029330253601 0.4379371404647827 -0.14636941254138947 0.0 1.0 1.0
v 0.5333932042121887 0.472510427236557 -0.15130844712257385 0.0 1.0 1.0
v 0.5304297804832458 0.3194001317024231 -0.1592109054327011 0.0 1.0 1.0
v 0.3002704679965973 0.5031324625015259 -0.010051872581243515 0.0 1.0 1.0
v 0.30817294120788574 0.4685591757297516 -0.014003105461597443 0.0 1.0 1.0
v 0.2884167730808258 0.7056331634521484 0.012667716480791569 0.0 1.0 1.0
v 0.29631924629211426 0.6750110983848572 0.0057530589401721954 0.0 1.0 1.0
v 0.30323389172554016 0.6424134373664856 -0.00017379032215103507 0.0 1.0 1.0
v 0.3121241629123688 0.6088279485702515 -0.009064064361155033 0.0 1.0 1.0
v 0.31903883814811707 0.5772181153297424 -0.01301529724150896 0.0 1.0 1.0
v 0.32694128155708313 0.5456082224845886 -0.019929954782128334 0.0 1.0 1.0
v 0.3348437547683716 0.5139983892440796 -0.02783242054283619 0.0 1.0 1.0
v 0.3407706022262573 0.48337629437446594 -0.03375926986336708 0.0 1.0 1.0
v 0.3476852774620056 0.4547298550605774 -0.041661735624074936 0.0 1.0 1.0
v 0.31706321239471436 0.7234137058258057 -0.004125023260712624 0.0 1.0 1.0
v 0.32397785782814026 0.693779468536377 -0.014003105461597443 0.0 1.0 1.0
v 0.33089253306388855 0.665132999420166 -0.01795433834195137 0.0 1.0 1.0
v 0.338795006275177 0.6315475106239319 -0.021905571222305298 0.0 1.0 1.0
v 0.34669744968414307 0.6009255051612854 -0.03178365156054497 0.0 1.0 1.0
v 0.35361212491989136 0.5693156123161316 -0.03968611732125282 0.0 1.0 1.0
v 0.3615145683288574 0.5377057790756226 -0.04462515935301781 0.0 1.0 1.0
v 0.3694170415401459 0.5041202902793884 -0.05055201053619385 0.0 1.0 1.0
v 0.37633171677589417 0.47349822521209717 -0.05647885799407959 0.0 1.0 1.0
v 0.38423416018486023 0.4389249384403229 -0.06438132375478745 0.0 1.0 1.0
v 0.3921366333961487 0.4083028733730316 -0.07030817121267319 0.0 1.0 1.0
v 0.338795006275177 0.7411942481994629 -0.014003105461597443 0.0 1.0 1.0
v 0.3457096517086029 0.7105721831321716 -0.026844611391425133 0.0 1.0 1.0
v 0.35361212491989136 0.6769866943359375 -0.03079584427177906 0.0 1.0 1.0
v 0.3615145683288574 0.6453768610954285 -0.035734884440898895 0.0 1.0 1.0
v 0.3684292435646057 0.6147547960281372 -0.04264954477548599 0.0 1.0 1.0
v 0.37633171677589417 0.5801815390586853 -0.05252762511372566 0.0 1.0 1.0
v 0.38324636220932007 0.5515350699424744 -0.061417900025844574 0.0 1.0 1.0
v 0.3911488354206085 0.5199252367019653 -0.06438132375478745 0.0 1.0 1.0
v 0.399051308631897 0.48732754588127136 -0.0722837895154953 0.0 1.0 1.0
v 0.4059659540653229 0.4547298550605774 -0.07623502612113953 0.0 1.0 1.0
v 0.4128805994987488 0.42608341574668884 -0.08314967900514603 0.0 1.0 1.0
v 0.42078307271003723 0.3944735527038574 -0.08710091561079025 0.0 1.0 1.0
v 0.3615145683288574 0.7471210956573486 -0.029808036983013153 0.0 1.0 1.0
v 0.3694170415401459 0.7164990305900574 -0.035734884440898895 0.0 1.0 1.0
v 0.3773195147514343 0.6829135417938232 -0.04264954477548599 0.0 1.0 1.0
v 0.38423416018486023 0.6532793045043945 -0.051539815962314606 0.0 1.0 1.0
v 0.3921366333961487 0.620681643486023 -0.05549104884266853 0.0 1.0 1.0
v 0.399051308631897 0.5900595784187317 -0.06339351832866669 0.0 1.0 1.0
v 0.4059659540653229 0.560425341129303 -0.07129598408937454 0.0 1.0 1.0
v 0.4128805994987488 0.5298032760620117 -0.07524721324443817 0.0 1.0 1.0
v 0.42078307271003723 0.500169038772583 -0.08413748443126678 0.0 1.0 1.0
v 0.42769771814346313 0.46658357977867126 -0.08907652646303177 0.0 1.0 1.0
v 0.4356001913547516 0.43596151471138 -0.09203995019197464 0.0 1.0 1.0
v 0.4425148665904999 0.4063272774219513 -0.10191803425550461 0.0 1.0 1.0
v 0.45041730999946594 0.3737295866012573 -0.1088326945900917 0.0 1.0 1.0
v 0.39312443137168884 0.7599626183509827 -0.04956420138478279 0.0 1.0 1.0
v 0.40003910660743713 0.7283527255058289 -0.05549104884266853 0.0 1.0 1.0
v 0.4079415798187256 0.6987184882164001 -0.06339351832866669 0.0 1.0 1.0
v 0.4148562252521515 0.6671086549758911 -0.07129598408937454 0.0 1.0 1.0
v 0.42275869846343994 0.6354987621307373 -0.0791984498500824 0.0 1.0 1.0
v 0.42967334389686584 0.604876697063446 -0.08117406070232391 0.0 1.0 1.0
v 0.4375758171081543 0.573266863822937 -0.08808872103691101 0.0 1.0 1.0
v 0.4444904625415802 0.5416569709777832 -0.093027763068676 0.0 1.0 1.0
v 0.45239293575286865 0.5090593099594116 -0.10290584713220596 0.0 1.0 1.0
v 0.45930758118629456 0.4774494469165802 -0.10784488171339035 0.0 1.0 1.0
v 0.467210054397583 0.44682741165161133 -0.11475954204797745 0.0 1.0 1.0
v 0.47511252760887146 0.4152175486087799 -0.12068638950586319 0.0 1.0 1.0
v 0.48202717304229736 0.38459548354148865 -0.1276010423898697 0.0 1.0 1.0
v 0.4899296462535858 0.3510099947452545 -0.13155227899551392 0.0 1.0 1.0
v 0.42275869846343994 0.7787309885025024 -0.06734474748373032 0.0 1.0 1.0
v 0.43164896965026855 0.7431698441505432 -0.07327159494161606 0.0 1.0 1.0
v 0.43856361508369446 0.714523434638977 -0.08018625527620316 0.0 1.0 1.0
v 0.44547829031944275 0.6829135417938232 -0.08710091561079025 0.0 1.0 1.0
v 0.4533807337284088 0.6493281126022339 -0.09401556849479675 0.0 1.0 1.0
v 0.46128320693969727 0.6177182197570801 -0.09895461052656174 0.0 1.0 1.0
v 0.46819788217544556 0.5890718102455139 -0.10685707628726959 0.0 1.0 1.0
v 0.4761003255844116 0.5564740896224976 -0.11377173662185669 0.0 1.0 1.0
v 0.4840027987957001 0.5228886604309082 -0.12068638950586319 0.0 1.0 1.0
v 0.490917444229126 0.49226656556129456 -0.12562543153762817 0.0 1.0 1.0
v 0.49881991744041443 0.4586811065673828 -0.13254009187221527 0.0 1.0 1.0
v 0.5067223906517029 0.4250956177711487 -0.14044255018234253 0.0 1.0 1.0
v 0.5136370658874512 0.39546138048171997 -0.14241817593574524 0.0 1.0 1.0
v 0.5205516815185547 0.36582714319229126 -0.15130844712257385 0.0 1.0 1.0
v 0.5284541845321655 0.33224165439605713 -0.15624748170375824 0.0 1.0 1.0
v 0.4484417140483856 0.7807065844535828 -0.0861131027340889 0.0 1.0 1.0
v 0.45436856150627136 0.751072347164154 -0.08710091561079025 0.0 1.0 1.0
v 0.4632588326931 0.7174868583679199 -0.09401556849479675 0.0 1.0 1.0
v 0.4701734781265259 0.6848891973495483 -0.10290584713220596 0.0 1.0 1.0
v 0.47807595133781433 0.6532793045043945 -0.1088326945900917 0.0 1.0 1.0
v 0.4859784245491028 0.6216694712638855 -0.11772296577692032 0.0 1.0 1.0
v 0.49388089776039124 0.586108386516571 -0.12167420238256454 0.0 1.0 1.0
v 0.5007955431938171 0.5584497451782227 -0.1295766681432724 0.0 1.0 1.0
v 0.5077102184295654 0.5278276801109314 -0.1345157027244568 0.0 1.0 1.0
v 0.5156126618385315 0.4952300190925598 -0.14044255018234253 0.0 1.0 1.0
v 0.5235151052474976 0.46263232827186584 -0.14439378678798676 0.0 1.0 1.0
v 0.5304297804832458 0.432010293006897 -0.15130844712257385 0.0 1.0 1.0
v 0.46622225642204285 0.811328649520874 -0.08907652646303177 0.0 1.0 1.0
v 0.4741247296333313 0.7787309885025024 -0.09697899222373962 0.0 1.0 1.0
v 0.48202717304229736 0.7461332678794861 -0.10191803425550461 0.0 1.0 1.0
v 0.48894184827804565 0.7164990305900574 -0.11179611831903458 0.0 1.0 1.0
v 0.49585649371147156 0.6858769655227661 -0.11673516035079956 0.0 1.0 1.0
v 0.5027711391448975 0.6552549600601196 -0.12364981323480606 0.0 1.0 1.0
v 0.5106736421585083 0.6236450672149658 -0.13155227899551392 0.0 1.0 1.0
v 0.5185760855674744 0.5900595784187317 -0.1364913284778595 0.0 1.0 1.0
v 0.5254907608032227 0.5594375133514404 -0.14241817593574524 0.0 1.0 1.0
v 0.5007955431938171 0.8152798414230347 -0.11278392374515533 0.0 1.0 1.0
v 0.5077102184295654 0.7846578359603882 -0.11871077865362167 0.0 1.0 1.0
v 0.516600489616394 0.7500845193862915 -0.1276010423898697 0.0 1.0 1.0
v 0.5235151052474976 0.7194624543190002 -0.13056448101997375 0.0 1.0 1.0
v 0.2638440430164337 0.22726863622665405 0.0030267799738794565 0.0 1.0 1.0
v 0.31281158328056335 0.6275211572647095 -0.004070610739290714 0.0 1.0 1.0
v 0.4172937870025635 0.5555211901664734 -0.07265754044055939 0.0 1.0 1.0
v 0.32988786697387695 0.6667590737342834 -0.012336606159806252 0.0 1.0 1.0
v 0.40152817964553833 0.4651528596878052 -0.06815069168806076 0.0 1.0 1.0
v 0.24459002912044525 0.1500582993030548 0.010444244369864464 0.0 1.0 1.0
v 0.43052494525909424 0.5806159973144531 -0.07936859130859375 0.0 1.0 1.0
v 0.30374616384506226 0.554537296295166 -0.0026922894176095724 0.0 1.0 1.0
v 0.5149187445640564 0.6030043959617615 -0.13012009859085083 0.0 1.0 1.0
v 0.20724649727344513 0.5169810056686401 0.05464921146631241 0.0 1.0 1.0
v 0.13308954238891602 0.16273754835128784 0.07993562519550323 0.0 1.0 1.0
v 0.25473254919052124 0.5133342146873474 0.025155264884233475 0.0 1.0 1.0
v 0.09423360228538513 0.4933965504169464 0.12298038601875305 0.0 1.0 1.0
v 0.11739828437566757 0.1632341891527176 0.08964069932699203 0.0 1.0 1.0
v 0.5020214915275574 0.45852261781692505 -0.13050511479377747 0.0 1.0 1.0
v 0.3653716444969177 0.5123091340065002 -0.043132323771715164 0.0 1.0 1.0
v 0.20863781869411469 0.2516508400440216 0.03847828134894371 0.0 1.0 1.0
v 0.14961905777454376 0.27700549364089966 0.07633698731660843 0.0 1.0 1.0
v 0.55760258436203 0.7765974998474121 -0.1464235931634903 0.0 1.0 1.0
v 0.12923011183738708 0.5025047659873962 0.10192454606294632 0.0 1.0 1.0
v 0.5152295827865601 0.43502792716026306 -0.1400061696767807 0.0 1.0 1.0
v 0.3264850676059723 0.18507474660873413 -0.03803752735257149 0.0 1.0 1.0
v 0.40805912017822266 0.42123982310295105 -0.07471249252557755 0.0 1.0 1.0
v 0.06561671942472458 0.6030287742614746 0.14695489406585693 0.0 1.0 1.0
v 0.2773001492023468 0.3744426369667053 0.0032225626055151224 0.0 1.0 1.0
v 0.3188434839248657 0.6494699120521545 -0.006523615680634975 0.0 1.0 1.0
v 0.5133482217788696 0.8378363251686096 -0.11559876799583435 0.0 1.0 1.0
v 0.030270254239439964 0.06523088365793228 0.13771437108516693 0.0 1.0 1.0
v -0.49195170402526855 -0.7899084687232971 -0.12562543153762817 0.0 0.25 1.0
v -0.4613296687602997 -0.7662010788917542 -0.10586927086114883 0.0 0.25 1.0
v -0.4307076036930084 -0.7533595561981201 -0.08907652646303177 0.0 0.25 1.0
v -0.3902074694633484 -0.7385424375534058 -0.07821063697338104 0.0 0.25 1.0
v -0.3487195074558258 -0.7168106436729431 -0.05944228172302246 0.0 0.25 1.0
v -0.5097322463989258 -0.7908962965011597 -0.12463762611150742 0.0 0.25 1.0
v -0.4544149935245514 -0.7731157541275024 -0.11278392374515533 0.0 0.25 1.0
v -0.4237929582595825 -0.7582986354827881 -0.0999424159526825 0.0 0.25 1.0
v -0.399097740650177 -0.7464449405670166 -0.08808872103691101 0.0 0.25 1.0
v -0.3487195074558258 -0.7158228754997253 -0.05647885799407959 0.0 0.25 1.0
v -0.40502458810806274 -0.7938597202301025 -0.12661324441432953 0.0 0.25 1.0
v -0.3971221148967743 -0.7662010788917542 -0.10488145798444748 0.0 0.25 1.0
v -0.37045130133628845 -0.7987987399101257 -0.12562543153762817 0.0 0.25 1.0
v -0.362548828125 -0.769164502620697 -0.10488145798444748 0.0 0.25 1.0
v -0.3556341826915741 -0.7415058612823486 -0.08216187357902527 0.0 0.25 1.0
v -0.3418048620223999 -0.7987987399101257 -0.12463762611150742 0.0 0.25 1.0
v -0.33390238881111145 -0.7711400985717773 -0.10093022882938385 0.0 0.25 1.0
v -0.32698774337768555 -0.7434815168380737 -0.08216187357902527 0.0 0.25 1.0
v -0.3190852701663971 -0.7148350477218628 -0.054503243416547775 0.0 0.25 1.0
v -0.31809747219085693 -0.7987987399101257 -0.12463762611150742 0.0 0.25 1.0
v -0.31118279695510864 -0.7721279263496399 -0.10389365255832672 0.0 0.25 1.0
v -0.3032803535461426 -0.7434815168380737 -0.0791984498500824 0.0 0.25 1.0
v -0.2963656783103943 -0.7158228754997253 -0.05549104884266853 0.0 0.25 1.0
v -0.28846320509910583 -0.6891520619392395 -0.032771460711956024 0.0 0.25 1.0
v -0.27858513593673706 -0.8037378191947937 -0.1226620078086853 0.0 0.25 1.0
v -0.26969486474990845 -0.7741035223007202 -0.10191803425550461 0.0 0.25 1.0
v -0.26278021931648254 -0.745457112789154 -0.07425940781831741 0.0 0.25 1.0
v -0.25586554408073425 -0.719774067401886 -0.05647885799407959 0.0 0.25 1.0
v -0.247963085770607 -0.6921154856681824 -0.029808036983013153 0.0 0.25 1.0
v -0.24006061255931854 -0.664456844329834 -0.007088447920978069 0.0 0.25 1.0
v -0.24401184916496277 -0.8185549378395081 -0.1345157027244568 0.0 0.25 1.0
v -0.23709718883037567 -0.7908962965011597 -0.11080831289291382 0.0 0.25 1.0
v -0.2291947305202484 -0.7632376551628113 -0.0861131027340889 0.0 0.25 1.0
v -0.22228007018566132 -0.7365668416023254 -0.06438132375478745 0.0 0.25 1.0
v -0.21536540985107422 -0.7098960280418396 -0.04462515935301781 0.0 0.25 1.0
v -0.20845074951648712 -0.6832252144813538 -0.019929954782128334 0.0 0.25 1.0
v -0.20054829120635986 -0.6535909175872803 0.0018018260598182678 0.0 0.25 1.0
v -0.2203044593334198 -0.8225061297416687 -0.13550351560115814 0.0 0.25 1.0
v -0.21240198612213135 -0.79287189245224 -0.11179611831903458 0.0 0.25 1.0
v -0.20548732578754425 -0.7671889066696167 -0.08907652646303177 0.0 0.25 1.0
v -0.19857266545295715 -0.7415058612823486 -0.06932036578655243 0.0 0.25 1.0
v -0.1906702071428299 -0.7118716239929199 -0.045612968504428864 0.0 0.25 1.0
v -0.18276773393154144 -0.6842129826545715 -0.02388118766248226 0.0 0.25 1.0
v -0.16893842816352844 -0.6298835277557373 0.024521414190530777 0.0 0.25 1.0
v -0.19659705460071564 -0.8304086327552795 -0.13747912645339966 0.0 0.25 1.0
v -0.18869459629058838 -0.8007743954658508 -0.11475954204797745 0.0 0.25 1.0
v -0.18079212307929993 -0.7731157541275024 -0.09203995019197464 0.0 0.25 1.0
v -0.17387746274471283 -0.7464449405670166 -0.07030817121267319 0.0 0.25 1.0
v -0.16696280241012573 -0.7187862992286682 -0.045612968504428864 0.0 0.25 1.0
v -0.15906034409999847 -0.6911276578903198 -0.021905571222305298 0.0 0.25 1.0
v -0.15214568376541138 -0.6624811887741089 -0.0031372150406241417 0.0 0.25 1.0
v -0.14424322545528412 -0.6348226070404053 0.025509223341941833 0.0 0.25 1.0
v -0.13732856512069702 -0.6081517934799194 0.05415566265583038 0.0 0.25 1.0
v -0.15807253122329712 -0.8096646666526794 -0.11871077865362167 0.0 0.25 1.0
v -0.15017007291316986 -0.782006025314331 -0.09500338137149811 0.0 0.25 1.0
v -0.14127980172634125 -0.7503961324691772 -0.07425940781831741 0.0 0.25 1.0
v -0.13436514139175415 -0.724713146686554 -0.048576392233371735 0.0 0.25 1.0
v -0.1284382939338684 -0.6990301012992859 -0.026844611391425133 0.0 0.25 1.0
v -0.12053582072257996 -0.6693958640098572 -0.006100639700889587 0.0 0.25 1.0
v -0.1126333549618721 -0.6437128782272339 0.01760675758123398 0.0 0.25 1.0
v -0.1057187020778656 -0.6180298328399658 0.04032634571194649 0.0 0.25 1.0
v -0.09781623631715775 -0.5893834233283997 0.06600935757160187 0.0 0.25 1.0
v -0.12745048105716705 -0.8353476524353027 -0.14143036305904388 0.0 0.25 1.0
v -0.12053582072257996 -0.8106524348258972 -0.11871077865362167 0.0 0.25 1.0
v -0.11362116783857346 -0.7849694490432739 -0.09599118679761887 0.0 0.25 1.0
v -0.1057187020778656 -0.7553352117538452 -0.07327159494161606 0.0 0.25 1.0
v -0.09781623631715775 -0.7257009148597717 -0.05252762511372566 0.0 0.25 1.0
v -0.09090157598257065 -0.701005756855011 -0.028820227831602097 0.0 0.25 1.0
v -0.08398692309856415 -0.6723592877388 -0.004125023260712624 0.0 0.25 1.0
v -0.07608445733785629 -0.6417372226715088 0.01760675758123398 0.0 0.25 1.0
v -0.06818199157714844 -0.6160542368888855 0.0423019640147686 0.0 0.25 1.0
v -0.06126733124256134 -0.5893834233283997 0.063045933842659 0.0 0.25 1.0
v -0.053364865481853485 -0.5617247819900513 0.09465579688549042 0.0 0.25 1.0
v -0.09485281258821487 -0.8155915141105652 -0.12068638950586319 0.0 0.25 1.0
v -0.08695034682750702 -0.7849694490432739 -0.09697899222373962 0.0 0.25 1.0
v -0.07904788106679916 -0.7573108077049255 -0.0722837895154953 0.0 0.25 1.0
v -0.07213322073221207 -0.7306399941444397 -0.05055201053619385 0.0 0.25 1.0
v -0.05731609836220741 -0.6743349432945251 -0.0031372150406241417 0.0 0.25 1.0
v -0.050401441752910614 -0.6496397256851196 0.015631141141057014 0.0 0.25 1.0
v -0.0415111668407917 -0.6200054883956909 0.041314154863357544 0.0 0.25 1.0
v -0.034596510231494904 -0.59135901927948 0.063045933842659 0.0 0.25 1.0
v -0.07015760242938995 -0.8304086327552795 -0.13056448101997375 0.0 0.25 1.0
v -0.06324294954538345 -0.8027499914169312 -0.10982050001621246 0.0 0.25 1.0
v -0.0553404800593853 -0.7741035223007202 -0.08512529730796814 0.0 0.25 1.0
v -0.0484258234500885 -0.7484205365180969 -0.06438132375478745 0.0 0.25 1.0
v -0.0415111668407917 -0.7227374911308289 -0.03968611732125282 0.0 0.25 1.0
v -0.03360870108008385 -0.6950789093971252 -0.021905571222305298 0.0 0.25 1.0
v -0.02669404447078705 -0.6684080958366394 -0.00017379032215103507 0.0 0.25 1.0
v -0.018791578710079193 -0.6397616267204285 0.024521414190530777 0.0 0.25 1.0
v -0.011876920238137245 -0.6140786409378052 0.047241002321243286 0.0 0.25 1.0
v -0.03558431565761566 -0.8264573812484741 -0.1226620078086853 0.0 0.25 1.0
v -0.028669660910964012 -0.8007743954658508 -0.0999424159526825 0.0 0.25 1.0
v -0.020767195150256157 -0.7731157541275024 -0.08216187357902527 0.0 0.25 1.0
v -0.013852536678314209 -0.745457112789154 -0.0584544762969017 0.0 0.25 1.0
v -0.005950071383267641 -0.7177984714508057 -0.03375926986336708 0.0 0.25 1.0
v 0.0009645862737670541 -0.6921154856681824 -0.014003105461597443 0.0 0.25 1.0
v 0.008867052383720875 -0.6614934206008911 0.009704291820526123 0.0 0.25 1.0
v 0.015781709924340248 -0.6348226070404053 0.03341168910264969 0.0 0.25 1.0
v 0.003928010817617178 -0.8284329771995544 -0.12364981323480606 0.0 0.25 1.0
v 0.010842668823897839 -0.8017621636390686 -0.10290584713220596 0.0 0.25 1.0
v 0.01874513365328312 -0.7741035223007202 -0.07524721324443817 0.0 0.25 1.0
v 0.025659792125225067 -0.7444692850112915 -0.05252762511372566 0.0 0.25 1.0
v 0.032574448734521866 -0.719774067401886 -0.03079584427177906 0.0 0.25 1.0
v 0.039489105343818665 -0.6931032538414001 -0.007088447920978069 0.0 0.25 1.0
v 0.048379380255937576 -0.6624811887741089 0.011679908260703087 0.0 0.25 1.0
v 0.02170855924487114 -0.8491769433021545 -0.14143036305904388 0.0 0.25 1.0
v 0.028623215854167938 -0.8225061297416687 -0.11772296577692032 0.0 0.25 1.0
v 0.03652568161487579 -0.79287189245224 -0.09401556849479675 0.0 0.25 1.0
v 0.04442814737558365 -0.7632376551628113 -0.07030817121267319 0.0 0.25 1.0
v 0.05134280398488045 -0.737554669380188 -0.04660077765583992 0.0 0.25 1.0
v 0.0592452697455883 -0.7079203724861145 -0.021905571222305298 0.0 0.25 1.0
v 0.06714773923158646 -0.6802617907524109 -0.00017379032215103507 0.0 0.25 1.0
v 0.052330613136291504 -0.8343598246574402 -0.12463762611150742 0.0 0.25 1.0
v 0.0592452697455883 -0.8067012429237366 -0.10290584713220596 0.0 0.25 1.0
v 0.06714773923158646 -0.7810181975364685 -0.08117406070232391 0.0 0.25 1.0
v 0.07406239211559296 -0.7523717880249023 -0.05549104884266853 0.0 0.25 1.0
v 0.08196485787630081 -0.724713146686554 -0.032771460711956024 0.0 0.25 1.0
v 0.08887951821088791 -0.6970545053482056 -0.009064064361155033 0.0 0.25 1.0
v 0.09085513651371002 -0.829420804977417 -0.12364981323480606 0.0 0.25 1.0
v 0.09776978939771652 -0.8047255873680115 -0.09796680510044098 0.0 0.25 1.0
v 0.10468444973230362 -0.7770669460296631 -0.07425940781831741 0.0 0.25 1.0
v 0.11258691549301147 -0.7464449405670166 -0.048576392233371735 0.0 0.25 1.0
v 0.12048938125371933 -0.719774067401886 -0.03178365156054497 0.0 0.25 1.0
v 0.12147718667984009 -0.85312819480896 -0.13747912645339966 0.0 0.25 1.0
v 0.12937965989112854 -0.8234939575195312 -0.11377173662185669 0.0 0.25 1.0
v 0.13629430532455444 -0.7997865676879883 -0.08808872103691101 0.0 0.25 1.0
v 0.1441967785358429 -0.7711400985717773 -0.06635694205760956 0.0 0.25 1.0
v 0.15111143887043 -0.7434815168380737 -0.04363735020160675 0.0 0.25 1.0
v 0.15407486259937286 -0.8392989039421082 -0.11871077865362167 0.0 0.25 1.0
v 0.16197732090950012 -0.8126280903816223 -0.09895461052656174 0.0 0.25 1.0
v 0.16889198124408722 -0.7829937934875488 -0.07623502612113953 0.0 0.25 1.0
v 0.17679445445537567 -0.756322979927063 -0.05549104884266853 0.0 0.25 1.0
v 0.1787700653076172 -0.8442379236221313 -0.11772296577692032 0.0 0.25 1.0
v 0.18568472564220428 -0.8175671100616455 -0.0999424159526825 0.0 0.25 1.0
v 0.19358718395233154 -0.7889206409454346 -0.07327159494161606 0.0 0.25 1.0
v 0.21136774122714996 -0.8630062937736511 -0.1364913284778595 0.0 0.25 1.0
v 0.21927019953727722 -0.8343598246574402 -0.11377173662185669 0.0 0.25 1.0
v 0.22618485987186432 -0.8086768388748169 -0.0861131027340889 0.0 0.25 1.0
v 0.2498922497034073 -0.85312819480896 -0.12858885526657104 0.0 0.25 1.0
v 0.2726118564605713 -0.8630062937736511 -0.13056448101997375 0.0 0.25 1.0
v -0.48306143283843994 -0.8037378191947937 -0.14044255018234253 0.0 0.25 1.0
v -0.4178660809993744 -0.7839816212654114 -0.12068638950586319 0.0 0.25 1.0
v -0.3921830952167511 -0.7760791778564453 -0.11080831289291382 0.0 0.25 1.0
v -0.3852684199810028 -0.8047255873680115 -0.13056448101997375 0.0 0.25 1.0
v -0.37045130133628845 -0.7642254829406738 -0.10191803425550461 0.0 0.25 1.0
v -0.3645244538784027 -0.7918840646743774 -0.12068638950586319 0.0 0.25 1.0
v -0.33587801456451416 -0.7721279263496399 -0.10685707628726959 0.0 0.25 1.0
v -0.3161218464374542 -0.7039691805839539 -0.04758858308196068 0.0 0.25 1.0
v -0.3092072010040283 -0.73261559009552 -0.07129598408937454 0.0 0.25 1.0
v -0.30229252576828003 -0.7632376551628113 -0.09006433933973312 0.0 0.25 1.0
v -0.2963656783103943 -0.7879328727722168 -0.11377173662185669 0.0 0.25 1.0
v -0.2894510328769684 -0.8175671100616455 -0.13550351560115814 0.0 0.25 1.0
v -0.2894510328769684 -0.701005756855011 -0.04462515935301781 0.0 0.25 1.0
v -0.27660951018333435 -0.7543473839759827 -0.0861131027340889 0.0 0.25 1.0
v -0.2687070667743683 -0.7849694490432739 -0.1088326945900917 0.0 0.25 1.0
v -0.26278021931648254 -0.8126280903816223 -0.13155227899551392 0.0 0.25 1.0
v -0.26771923899650574 -0.6911276578903198 -0.029808036983013153 0.0 0.25 1.0
v -0.26179239153862 -0.719774067401886 -0.054503243416547775 0.0 0.25 1.0
v -0.2548777461051941 -0.7464449405670166 -0.07623502612113953 0.0 0.25 1.0
v -0.24895088374614716 -0.7731157541275024 -0.09697899222373962 0.0 0.25 1.0
v -0.24203623831272125 -0.8017621636390686 -0.11772296577692032 0.0 0.25 1.0
v -0.23314595222473145 -0.6782861351966858 -0.02091776207089424 0.0 0.25 1.0
v -0.2203044593334198 -0.73261559009552 -0.0653691291809082 0.0 0.25 1.0
v -0.2133897989988327 -0.761262059211731 -0.0861131027340889 0.0 0.25 1.0
v -0.20746295154094696 -0.7879328727722168 -0.10982050001621246 0.0 0.25 1.0
v -0.20153610408306122 -0.8146036863327026 -0.1295766681432724 0.0 0.25 1.0
v -0.20153610408306122 -0.6614934206008911 -0.0031372150406241417 0.0 0.25 1.0
v -0.19560924172401428 -0.6861886382102966 -0.026844611391425133 0.0 0.25 1.0
v -0.18177993595600128 -0.745457112789154 -0.07129598408937454 0.0 0.25 1.0
v -0.17486527562141418 -0.7731157541275024 -0.09105214476585388 0.0 0.25 1.0
v -0.1699262410402298 -0.7978109121322632 -0.11278392374515533 0.0 0.25 1.0
v -0.16202376782894135 -0.8274452090263367 -0.1345157027244568 0.0 0.25 1.0
v -0.18276773393154144 -0.6308713555335999 0.025509223341941833 0.0 0.25 1.0
v -0.1699262410402298 -0.6871764063835144 -0.025856804102659225 0.0 0.25 1.0
v -0.1630115807056427 -0.7177984714508057 -0.04660077765583992 0.0 0.25 1.0
v -0.1560969203710556 -0.7444692850112915 -0.06833256036043167 0.0 0.25 1.0
v -0.15017007291316986 -0.7721279263496399 -0.09105214476585388 0.0 0.25 1.0
v -0.1422675997018814 -0.8007743954658508 -0.11080831289291382 0.0 0.25 1.0
v -0.13732856512069702 -0.8254695534706116 -0.13352790474891663 0.0 0.25 1.0
v -0.15708473324775696 -0.6328469514846802 0.022545797750353813 0.0 0.25 1.0
v -0.13732856512069702 -0.7138472199440002 -0.04264954477548599 0.0 0.25 1.0
v -0.13140171766281128 -0.7424936890602112 -0.0653691291809082 0.0 0.25 1.0
v -0.12448705732822418 -0.7711400985717773 -0.08710091561079025 0.0 0.25 1.0
v -0.11757239699363708 -0.7987987399101257 -0.10784488171339035 0.0 0.25 1.0
v -0.11065774410963058 -0.8274452090263367 -0.1295766681432724 0.0 0.25 1.0
v -0.1284382939338684 -0.6022249460220337 0.05415566265583038 0.0 0.25 1.0
v -0.12152363359928131 -0.6288957595825195 0.025509223341941833 0.0 0.25 1.0
v -0.11460897326469421 -0.6575421690940857 0.0057530589401721954 0.0 0.25 1.0
v -0.10868212580680847 -0.6861886382102966 -0.015978721901774406 0.0 0.25 1.0
v -0.10176746547222137 -0.7128594517707825 -0.03968611732125282 0.0 0.25 1.0
v -0.09386499971151352 -0.7444692850112915 -0.06635694205760956 0.0 0.25 1.0
v -0.08793815225362778 -0.7721279263496399 -0.08413748443126678 0.0 0.25 1.0
v -0.08102349191904068 -0.7987987399101257 -0.10685707628726959 0.0 0.25 1.0
v -0.07509664446115494 -0.8264573812484741 -0.12858885526657104 0.0 0.25 1.0
v -0.09584061801433563 -0.5874077677726746 0.06897278130054474 0.0 0.25 1.0
v -0.08299911022186279 -0.6427250504493713 0.019582374021410942 0.0 0.25 1.0
v -0.07608445733785629 -0.6693958640098572 -0.00214940682053566 0.0 0.25 1.0
v -0.07015760242938995 -0.6970545053482056 -0.02388118766248226 0.0 0.25 1.0
v -0.06324294954538345 -0.724713146686554 -0.04660077765583992 0.0 0.25 1.0
v -0.05731609836220741 -0.7523717880249023 -0.06734474748373032 0.0 0.25 1.0
v -0.05138924717903137 -0.7780547738075256 -0.09203995019197464 0.0 0.25 1.0
v -0.04447459056973457 -0.8047255873680115 -0.11179611831903458 0.0 0.25 1.0
v -0.037559933960437775 -0.8363354802131653 -0.13155227899551392 0.0 0.25 1.0
v -0.060279522091150284 -0.6387737989425659 0.022545797750353813 0.0 0.25 1.0
v -0.053364865481853485 -0.6684080958366394 -0.00214940682053566 0.0 0.25 1.0
v -0.04546239972114563 -0.6970545053482056 -0.02486899495124817 0.0 0.25 1.0
v -0.040523357689380646 -0.7217497229576111 -0.04462515935301781 0.0 0.25 1.0
v -0.03360870108008385 -0.7503961324691772 -0.06833256036043167 0.0 0.25 1.0
v -0.02669404447078705 -0.7790426015853882 -0.09006433933973312 0.0 0.25 1.0
v -0.0197793859988451 -0.8076890110969543 -0.11080831289291382 0.0 0.25 1.0
v -0.013852536678314209 -0.8343598246574402 -0.1345157027244568 0.0 0.25 1.0
v -0.04546239972114563 -0.5755540728569031 0.0768752470612526 0.0 0.25 1.0
v -0.03953554853796959 -0.6022249460220337 0.05316785350441933 0.0 0.25 1.0
v -0.03262089192867279 -0.6308713555335999 0.03044826351106167 0.0 0.25 1.0
v -0.025706235319375992 -0.6585299968719482 0.010692100040614605 0.0 0.25 1.0
v -0.018791578710079193 -0.6871764063835144 -0.011039680801331997 0.0 0.25 1.0
v -0.011876920238137245 -0.7158228754997253 -0.03474707901477814 0.0 0.25 1.0
v -0.005950071383267641 -0.7424936890602112 -0.05944228172302246 0.0 0.25 1.0
v 0.0009645862737670541 -0.7701523303985596 -0.07722283154726028 0.0 0.25 1.0
v 0.007879244163632393 -0.7987987399101257 -0.09796680510044098 0.0 0.25 1.0
v 0.014793900772929192 -0.8284329771995544 -0.12463762611150742 0.0 0.25 1.0
v 0.007879244163632393 -0.6526031494140625 0.016618948429822922 0.0 0.25 1.0
v 0.014793900772929192 -0.6812495589256287 -0.00214940682053566 0.0 0.25 1.0
v 0.020720750093460083 -0.7079203724861145 -0.026844611391425133 0.0 0.25 1.0
v 0.028623215854167938 -0.7395302653312683 -0.04956420138478279 0.0 0.25 1.0
v 0.03553787246346474 -0.7681766748428345 -0.07425940781831741 0.0 0.25 1.0
v 0.04047691449522972 -0.79287189245224 -0.09697899222373962 0.0 0.25 1.0
v 0.04739157110452652 -0.8215183615684509 -0.1157473474740982 0.0 0.25 1.0
v 0.05430623143911362 -0.8501647710800171 -0.138466939330101 0.0 0.25 1.0
v 0.04344033822417259 -0.6506274938583374 0.02353360690176487 0.0 0.25 1.0
v 0.05035499855875969 -0.6782861351966858 0.0027896342799067497 0.0 0.25 1.0
v 0.055294036865234375 -0.7029813528060913 -0.01795433834195137 0.0 0.25 1.0
v 0.06319650262594223 -0.73261559009552 -0.04363735020160675 0.0 0.25 1.0
v 0.07011116296052933 -0.7622498273849487 -0.0653691291809082 0.0 0.25 1.0
v 0.07603801041841507 -0.7879328727722168 -0.08512529730796814 0.0 0.25 1.0
v 0.08295267075300217 -0.816579282283783 -0.10784488171339035 0.0 0.25 1.0
v 0.08986732363700867 -0.8481891751289368 -0.13254009187221527 0.0 0.25 1.0
v 0.0730745866894722 -0.6822373867034912 -0.00017379032215103507 0.0 0.25 1.0
v 0.0799892395734787 -0.7108837962150574 -0.026844611391425133 0.0 0.25 1.0
v 0.0869038999080658 -0.7385424375534058 -0.04758858308196068 0.0 0.25 1.0
v 0.09283074736595154 -0.7662010788917542 -0.06734474748373032 0.0 0.25 1.0
v 0.09974540770053864 -0.7958353161811829 -0.093027763068676 0.0 0.25 1.0
v 0.10666006803512573 -0.8225061297416687 -0.11080831289291382 0.0 0.25 1.0
v 0.11258691549301147 -0.8491769433021545 -0.1364913284778595 0.0 0.25 1.0
v 0.10764787346124649 -0.7108837962150574 -0.02388118766248226 0.0 0.25 1.0
v 0.11456253379583359 -0.7385424375534058 -0.04462515935301781 0.0 0.25 1.0
v 0.12048938125371933 -0.7642254829406738 -0.06635694205760956 0.0 0.25 1.0
v 0.12740403413772583 -0.7918840646743774 -0.08808872103691101 0.0 0.25 1.0
v 0.13333088159561157 -0.8195427060127258 -0.10685707628726959 0.0 0.25 1.0
v 0.14024554193019867 -0.8472013473510742 -0.13056448101997375 0.0 0.25 1.0
v 0.14518459141254425 -0.73261559009552 -0.035734884440898895 0.0 0.25 1.0
v 0.15209923684597015 -0.761262059211731 -0.057466667145490646 0.0 0.25 1.0
v 0.15901389718055725 -0.7889206409454346 -0.08018625527620316 0.0 0.25 1.0
v 0.164940744638443 -0.8146036863327026 -0.0999424159526825 0.0 0.25 1.0
v 0.1718554049730301 -0.8442379236221313 -0.12562543153762817 0.0 0.25 1.0
v 0.18963594734668732 -0.7760791778564453 -0.0653691291809082 0.0 0.25 1.0
v 0.19556280970573425 -0.8007743954658508 -0.08710091561079025 0.0 0.25 1.0
v 0.20247745513916016 -0.829420804977417 -0.11080831289291382 0.0 0.25 1.0
v 0.20939211547374725 -0.8600428700447083 -0.1345157027244568 0.0 0.25 1.0
v 0.2242092490196228 -0.8195427060127258 -0.09895461052656174 0.0 0.25 1.0
v 0.23013609647750854 -0.8442379236221313 -0.12068638950586319 0.0 0.25 1.0
v 0.25779470801353455 -0.8462135195732117 -0.12167420238256454 0.0 0.25 1.0
v 0.0730745866894722 -0.6575421690940857 0.027484839782118797 0.0 0.25 1.0
v 0.20148965716362 -0.761262059211731 -0.04660077765583992 0.0 0.25 1.0
v 0.23309952020645142 -0.782006025314331 -0.05944228172302246 0.0 0.25 1.0
v 0.2568069100379944 -0.8264573812484741 -0.10191803425550461 0.0 0.25 1.0
v 0.2637215554714203 -0.8027499914169312 -0.07524721324443817 0.0 0.25 1.0
v 0.2795265018939972 -0.8363354802131653 -0.11080831289291382 0.0 0.25 1.0
v 0.0661599263548851 -0.6535909175872803 0.024521414190530777 0.0 0.25 1.0
v 0.1007332131266594 -0.6822373867034912 0.0037774424999952316 0.0 0.25 1.0
v 0.13925772905349731 -0.7069326043128967 -0.011039680801331997 0.0 0.25 1.0
v 0.1827213019132614 -0.7494083642959595 -0.038698311895132065 0.0 0.25 1.0
v 0.2103799283504486 -0.7632376551628113 -0.057466667145490646 0.0 0.25 1.0
v 0.2172945886850357 -0.7899084687232971 -0.07722283154726028 0.0 0.25 1.0
v 0.2449532151222229 -0.7908962965011597 -0.06932036578655243 0.0 0.25 1.0
v 0.25088006258010864 -0.8175671100616455 -0.09401556849479675 0.0 0.25 1.0
v 0.3002704679965973 -0.8551037907600403 -0.12364981323480606 0.0 0.25 1.0
v 0.2903923988342285 -0.8284329771995544 -0.0999424159526825 0.0 0.25 1.0
v 0.2973070442676544 -0.8580672144889832 -0.12661324441432953 0.0 0.25 1.0
v 0.3318803310394287 -0.85312819480896 -0.11179611831903458 0.0 0.25 1.0
v 0.33089253306388855 -0.8748599886894226 -0.138466939330101 0.0 0.25 1.0
v 0.33780717849731445 -0.8797990083694458 -0.13747912645339966 0.0 0.25 1.0
v -0.2620752453804016 -0.7887095808982849 -0.10292695462703705 0.0 0.25 1.0
v -0.2125408947467804 -0.7877199053764343 -0.09890961647033691 0.0 0.25 1.0
v -0.03146590292453766 -0.7257112860679626 -0.03603383153676987 0.0 0.25 1.0
v -0.14040987193584442 -0.7655960321426392 -0.07599006593227386 0.0 0.25 1.0
v -0.07479384541511536 -0.8209306597709656 -0.11741845309734344 0.0 0.25 1.0
v -0.03717637062072754 -0.8420199751853943 -0.1323930323123932 0.0 0.25 1.0
v -0.042420197278261185 -0.5722367763519287 0.08992180973291397 0.0 0.25 1.0
v 0.0025162245146930218 -0.8427852392196655 -0.1304599493741989 0.0 0.25 1.0
v -0.36824020743370056 -0.7969052791595459 -0.11655046045780182 0.0 0.25 1.0
v 0.2119537740945816 -0.854912281036377 -0.12693621218204498 0.0 0.25 1.0
v 0.1763264685869217 -0.8287181258201599 -0.1076199859380722 0.0 0.25 1.0
v -0.45737841725349426 0.8340482115745544 -0.16513776779174805 0.5 0.0 1.0
v -0.44848814606666565 0.8656581044197083 -0.16316214203834534 0.5 0.0 1.0
v -0.43959787487983704 0.8992435336112976 -0.15624748170375824 0.5 0.0 1.0
v -0.4316954016685486 0.9298655986785889 -0.15624748170375824 0.5 0.0 1.0
v -0.4237929582595825 0.9604876637458801 -0.14735721051692963 0.5 0.0 1.0
v -0.47318336367607117 0.670072078704834 -0.16908898949623108 0.5 0.0 1.0
v -0.46429309248924255 0.7026697397232056 -0.16810119152069092 0.5 0.0 1.0
v -0.45540282130241394 0.7372429966926575 -0.16316214203834534 0.5 0.0 1.0
v -0.4475003480911255 0.7668772339820862 -0.15624748170375824 0.5 0.0 1.0
v -0.4386100769042969 0.7994749546051025 -0.15427187085151672 0.5 0.0 1.0
v -0.42971980571746826 0.8320726156234741 -0.1522962599992752 0.5 0.0 1.0
v -0.47812238335609436 0.5633887648582458 -0.16711337864398956 0.5 0.0 1.0
v -0.46923211216926575 0.5949986577033997 -0.1592109054327011 0.5 0.0 1.0
v -0.46034184098243713 0.6295719146728516 -0.16019871830940247 0.5 0.0 1.0
v -0.4820736348628998 0.5327666997909546 -0.16513776779174805 0.5 0.0 1.0
v -0.47318336367607117 0.6029011011123657 -0.16513776779174805 0.5 0.0 1.0
v -0.4702199399471283 0.701681911945343 -0.16513776779174805 0.5 0.0 1.0
v -0.46231746673583984 0.6671086549758911 -0.16118653118610382 0.5 0.0 1.0
v -0.4583662450313568 0.8034261465072632 -0.16810119152069092 0.5 0.0 1.0
v -0.4494759440422058 0.7678650617599487 -0.16019871830940247 0.5 0.0 1.0
v -0.4425612986087799 0.7352674007415771 -0.15328405797481537 0.5 0.0 1.0
v -0.4425612986087799 0.8883776664733887 -0.16316214203834534 0.5 0.0 1.0
v -0.43465882539749146 0.8538044095039368 -0.15525968372821808 0.5 0.0 1.0
v -0.4336710274219513 0.950609564781189 -0.16217434406280518 0.5 0.0 1.0
v -0.42576855421066284 0.9189997315406799 -0.15328405797481537 0.5 0.0 1.0
v -0.40304896235466003 0.9328290224075317 -0.14044255018234253 0.5 0.0 1.0
v -0.43465882539749146 0.7234137058258057 -0.1503206342458725 0.5 0.0 1.0
v -0.42576855421066284 0.7569991946220398 -0.14439378678798676 0.5 0.0 1.0
v -0.41687828302383423 0.7895968556404114 -0.14241817593574524 0.5 0.0 1.0
v -0.4079880118370056 0.822194516658783 -0.13945475220680237 0.5 0.0 1.0
v -0.399097740650177 0.8547921776771545 -0.13254009187221527 0.5 0.0 1.0
v -0.39119526743888855 0.8844264149665833 -0.1276010423898697 0.5 0.0 1.0
v -0.3832927942276001 0.9160363078117371 -0.12661324441432953 0.5 0.0 1.0
v -0.4682443141937256 0.45275425910949707 -0.15427187085151672 0.5 0.0 1.0
v -0.459354043006897 0.48337629437446594 -0.15130844712257385 0.5 0.0 1.0
v -0.4514515697956085 0.5149861574172974 -0.14933283627033234 0.5 0.0 1.0
v -0.44157350063323975 0.5515350699424744 -0.14636941254138947 0.5 0.0 1.0
v -0.4336710274219513 0.5821571350097656 -0.14044255018234253 0.5 0.0 1.0
v -0.4247807562351227 0.6137669682502747 -0.13747912645339966 0.5 0.0 1.0
v -0.4149026572704315 0.6493281126022339 -0.13550351560115814 0.5 0.0 1.0
v -0.40700021386146545 0.6799501180648804 -0.13056448101997375 0.5 0.0 1.0
v -0.39810994267463684 0.7095844149589539 -0.1295766681432724 0.5 0.0 1.0
v -0.3902074694633484 0.7411942481994629 -0.1226620078086853 0.5 0.0 1.0
v -0.3813171982765198 0.7737919092178345 -0.11772296577692032 0.5 0.0 1.0
v -0.37242692708969116 0.8073773980140686 -0.11772296577692032 0.5 0.0 1.0
v -0.3645244538784027 0.8370116353034973 -0.11080831289291382 0.5 0.0 1.0
v -0.35464635491371155 0.871584951877594 -0.11080831289291382 0.5 0.0 1.0
v -0.3467439115047455 0.9022070169448853 -0.10191803425550461 0.5 0.0 1.0
v -0.4287319779396057 0.43497371673583984 -0.13254009187221527 0.5 0.0 1.0
v -0.42082950472831726 0.46658357977867126 -0.13155227899551392 0.5 0.0 1.0
v -0.4129270613193512 0.4962178170681 -0.12463762611150742 0.5 0.0 1.0
v -0.4040367901325226 0.5278276801109314 -0.12068638950586319 0.5 0.0 1.0
v -0.39514651894569397 0.560425341129303 -0.1157473474740982 0.5 0.0 1.0
v -0.3872440457344055 0.5910474061965942 -0.11475954204797745 0.5 0.0 1.0
v -0.3783537745475769 0.6256206631660461 -0.11179611831903458 0.5 0.0 1.0
v -0.3694635033607483 0.6572305560112 -0.1088326945900917 0.5 0.0 1.0
v -0.3605732321739197 0.688840389251709 -0.10093022882938385 0.5 0.0 1.0
v -0.3516829311847687 0.7224258780479431 -0.10290584713220596 0.5 0.0 1.0
v -0.34279265999794006 0.7560113668441772 -0.0999424159526825 0.5 0.0 1.0
v -0.334890216588974 0.785645604133606 -0.093027763068676 0.5 0.0 1.0
v -0.3259999454021454 0.8182432651519775 -0.09401556849479675 0.5 0.0 1.0
v -0.3171096444129944 0.8498531579971313 -0.08413748443126678 0.5 0.0 1.0
v -0.30821937322616577 0.8824508190155029 -0.08018625527620316 0.5 0.0 1.0
v -0.40502458810806274 0.4290468692779541 -0.1157473474740982 0.5 0.0 1.0
v -0.39514651894569397 0.4616445302963257 -0.11278392374515533 0.5 0.0 1.0
v -0.38625621795654297 0.49424219131469727 -0.1088326945900917 0.5 0.0 1.0
v -0.3783537745475769 0.5268398523330688 -0.10389365255832672 0.5 0.0 1.0
v -0.3694635033607483 0.5574619174003601 -0.10191803425550461 0.5 0.0 1.0
v -0.3605732321739197 0.5940108299255371 -0.09796680510044098 0.5 0.0 1.0
v -0.3516829311847687 0.6236450672149658 -0.09401556849479675 0.5 0.0 1.0
v -0.3437804877758026 0.6552549600601196 -0.08907652646303177 0.5 0.0 1.0
v -0.334890216588974 0.6878526210784912 -0.09006433933973312 0.5 0.0 1.0
v -0.3259999454021454 0.7214381098747253 -0.08216187357902527 0.5 0.0 1.0
v -0.31809747219085693 0.7500845193862915 -0.0791984498500824 0.5 0.0 1.0
v -0.3092072010040283 0.7816944122314453 -0.07722283154726028 0.5 0.0 1.0
v -0.3003169298171997 0.8152798414230347 -0.07722283154726028 0.5 0.0 1.0
v -0.2934022545814514 0.8429384827613831 -0.06635694205760956 0.5 0.0 1.0
v -0.36353665590286255 0.4675713777542114 -0.093027763068676 0.5 0.0 1.0
v -0.35464635491371155 0.5011568665504456 -0.08907652646303177 0.5 0.0 1.0
v -0.3467439115047455 0.5327666997909546 -0.08808872103691101 0.5 0.0 1.0
v -0.33785364031791687 0.5653643608093262 -0.08512529730796814 0.5 0.0 1.0
v -0.32896336913108826 0.59697425365448 -0.0791984498500824 0.5 0.0 1.0
v -0.32007306814193726 0.628584086894989 -0.08018625527620316 0.5 0.0 1.0
v -0.31315842270851135 0.6572305560112 -0.07129598408937454 0.5 0.0 1.0
v -0.30426815152168274 0.688840389251709 -0.07030817121267319 0.5 0.0 1.0
v -0.2953778803348541 0.7224258780479431 -0.06833256036043167 0.5 0.0 1.0
v -0.2864876091480255 0.7540357708930969 -0.06833256036043167 0.5 0.0 1.0
v -0.27858513593673706 0.7836700081825256 -0.057466667145490646 0.5 0.0 1.0
v -0.26969486474990845 0.8162676692008972 -0.05549104884266853 0.5 0.0 1.0
v -0.26179239153862 0.8468897342681885 -0.04758858308196068 0.5 0.0 1.0
v -0.32698774337768555 0.4823884963989258 -0.07327159494161606 0.5 0.0 1.0
v -0.31809747219085693 0.5139983892440796 -0.06734474748373032 0.5 0.0 1.0
v -0.3092072010040283 0.5465960502624512 -0.061417900025844574 0.5 0.0 1.0
v -0.30130472779273987 0.5752424597740173 -0.05944228172302246 0.5 0.0 1.0
v -0.29241445660591125 0.6078401207923889 -0.05647885799407959 0.5 0.0 1.0
v -0.28352418541908264 0.6424134373664856 -0.05351543426513672 0.5 0.0 1.0
v -0.2756217122077942 0.6710598468780518 -0.05055201053619385 0.5 0.0 1.0
v -0.2667314410209656 0.7036575078964233 -0.04660077765583992 0.5 0.0 1.0
v -0.2568533420562744 0.7402064204216003 -0.04758858308196068 0.5 0.0 1.0
v -0.24895088374614716 0.7688528895378113 -0.04067392647266388 0.5 0.0 1.0
v -0.2410484254360199 0.7974992990493774 -0.035734884440898895 0.5 0.0 1.0
v -0.2845119833946228 0.4932543933391571 -0.04462515935301781 0.5 0.0 1.0
v -0.2756217122077942 0.5278276801109314 -0.04264954477548599 0.5 0.0 1.0
v -0.2667314410209656 0.5584497451782227 -0.035734884440898895 0.5 0.0 1.0
v -0.2588289678096771 0.5890718102455139 -0.03375926986336708 0.5 0.0 1.0
v -0.2499386966228485 0.6226572394371033 -0.035734884440898895 0.5 0.0 1.0
v -0.2410484254360199 0.6542671322822571 -0.026844611391425133 0.5 0.0 1.0
v -0.23314595222473145 0.6868647933006287 -0.02388118766248226 0.5 0.0 1.0
v -0.22326788306236267 0.7194624543190002 -0.019929954782128334 0.5 0.0 1.0
v -0.21437759697437286 0.7530479431152344 -0.014990913681685925 0.5 0.0 1.0
v -0.2064751386642456 0.7836700081825256 -0.010051872581243515 0.5 0.0 1.0
v -0.25784116983413696 0.4912787675857544 -0.026844611391425133 0.5 0.0 1.0
v -0.24895088374614716 0.5219008326530457 -0.025856804102659225 0.5 0.0 1.0
v -0.24006061255931854 0.5544984936714172 -0.019929954782128334 0.5 0.0 1.0
v -0.23018252849578857 0.5910474061965942 -0.018942145630717278 0.5 0.0 1.0
v -0.22228007018566132 0.6196938157081604 -0.011039680801331997 0.5 0.0 1.0
v -0.21437759697437286 0.6513037085533142 -0.010051872581243515 0.5 0.0 1.0
v -0.20548732578754425 0.6839013695716858 -0.008076256141066551 0.5 0.0 1.0
v -0.197584867477417 0.7135356068611145 -0.004125023260712624 0.5 0.0 1.0
v -0.18869459629058838 0.7461332678794861 -0.001161598484031856 0.5 0.0 1.0
v -0.17980431020259857 0.7787309885025024 0.010692100040614605 0.5 0.0 1.0
v -0.21536540985107422 0.5317789316177368 -0.009064064361155033 0.5 0.0 1.0
v -0.20746295154094696 0.5594375133514404 0.0057530589401721954 0.5 0.0 1.0
v -0.18968239426612854 0.6246328949928284 0.012667716480791569 0.5 0.0 1.0
v -0.18079212307929993 0.6562427282333374 0.009704291820526123 0.5 0.0 1.0
v -0.1719018518924713 0.6898282170295715 0.012667716480791569 0.5 0.0 1.0
v -0.1630115807056427 0.7224258780479431 0.02057018131017685 0.5 0.0 1.0
v -0.15510910749435425 0.7540357708930969 0.025509223341941833 0.5 0.0 1.0
v -0.17782869935035706 0.5278276801109314 0.021557990461587906 0.5 0.0 1.0
v -0.1699262410402298 0.5584497451782227 0.024521414190530777 0.5 0.0 1.0
v -0.15214568376541138 0.6246328949928284 0.03242387995123863 0.5 0.0 1.0
v -0.14424322545528412 0.6552549600601196 0.031436070799827576 0.5 0.0 1.0
v -0.1353529393672943 0.6848891973495483 0.037362921983003616 0.5 0.0 1.0
v -0.1264626681804657 0.7184746861457825 0.0423019640147686 0.5 0.0 1.0
v -0.13238951563835144 0.5446203947067261 0.04625319689512253 0.5 0.0 1.0
v -0.11658459156751633 0.604876697063446 0.060082510113716125 0.5 0.0 1.0
v -0.10670650750398636 0.6404378414154053 0.057119086384773254 0.5 0.0 1.0
v -0.0988040417432785 0.6690842509269714 0.05810689553618431 0.5 0.0 1.0
v -0.08991377055644989 0.7006940841674805 0.06403374671936035 0.5 0.0 1.0
v -0.10374308377504349 0.560425341129303 0.06502155214548111 0.5 0.0 1.0
v -0.09584061801433563 0.5920352339744568 0.06897278130054474 0.5 0.0 1.0
v -0.08695034682750702 0.6226572394371033 0.0719362124800682 0.5 0.0 1.0
v -0.07806006819009781 0.6552549600601196 0.07489963620901108 0.5 0.0 1.0
v -0.0691697970032692 0.6898282170295715 0.07885086536407471 0.5 0.0 1.0
v -0.07312102615833282 0.5752424597740173 0.07983867824077606 0.5 0.0 1.0
v -0.06423075497150421 0.6058645248413086 0.08181428909301758 0.5 0.0 1.0
v -0.056328289210796356 0.6374743580818176 0.08675333112478256 0.5 0.0 1.0
v -0.046450208872556686 0.6710598468780518 0.0926801785826683 0.5 0.0 1.0
v -0.03163308650255203 0.5930230021476746 0.10453388094902039 0.5 0.0 1.0
v -0.02274281159043312 0.6246328949928284 0.10552168637514114 0.5 0.0 1.0
v -0.015828153118491173 0.6513037085533142 0.11737538874149323 0.5 0.0 1.0
v 0.008867052383720875 0.6117913722991943 0.1341681331396103 0.5 0.0 1.0
v -0.4652808904647827 0.4616445302963257 -0.1522962599992752 0.5 0.0 1.0
v -0.4583662450313568 0.4290468692779541 -0.14834502339363098 0.5 0.0 1.0
v -0.45540282130241394 0.5298032760620117 -0.14933283627033234 0.5 0.0 1.0
v -0.44848814606666565 0.4962178170681 -0.14439378678798676 0.5 0.0 1.0
v -0.4405856728553772 0.46460795402526855 -0.13747912645339966 0.5 0.0 1.0
v -0.4316954016685486 0.4270712435245514 -0.1295766681432724 0.5 0.0 1.0
v -0.44651252031326294 0.6009255051612854 -0.15130844712257385 0.5 0.0 1.0
v -0.4376222491264343 0.5643765926361084 -0.1434059739112854 0.5 0.0 1.0
v -0.4307076036930084 0.5298032760620117 -0.13945475220680237 0.5 0.0 1.0
v -0.4218173325061798 0.4932543933391571 -0.13056448101997375 0.5 0.0 1.0
v -0.4129270613193512 0.45769327878952026 -0.12167420238256454 0.5 0.0 1.0
v -0.4336710274219513 0.6997063159942627 -0.14636941254138947 0.5 0.0 1.0
v -0.4247807562351227 0.6611818075180054 -0.14044255018234253 0.5 0.0 1.0
v -0.41687828302383423 0.6275963187217712 -0.13550351560115814 0.5 0.0 1.0
v -0.4079880118370056 0.5910474061965942 -0.1276010423898697 0.5 0.0 1.0
v -0.4010733664035797 0.5574619174003601 -0.12167420238256454 0.5 0.0 1.0
v -0.39317089319229126 0.5248642563819885 -0.11475954204797745 0.5 0.0 1.0
v -0.3852684199810028 0.4912787675857544 -0.10685707628726959 0.5 0.0 1.0
v -0.3763781487941742 0.45374205708503723 -0.0999424159526825 0.5 0.0 1.0
v -0.4178660809993744 0.7807065844535828 -0.14044255018234253 0.5 0.0 1.0
v -0.4099636375904083 0.749096691608429 -0.1364913284778595 0.5 0.0 1.0
v -0.4020611643791199 0.7155112624168396 -0.1295766681432724 0.5 0.0 1.0
v -0.3941586911678314 0.6799501180648804 -0.1226620078086853 0.5 0.0 1.0
v -0.38625621795654297 0.6453768610954285 -0.11673516035079956 0.5 0.0 1.0
v -0.37736594676971436 0.6108035445213318 -0.1088326945900917 0.5 0.0 1.0
v -0.3694635033607483 0.5752424597740173 -0.10191803425550461 0.5 0.0 1.0
v -0.3605732321739197 0.5396813750267029 -0.09697899222373962 0.5 0.0 1.0
v -0.3536585569381714 0.5060958862304688 -0.09105214476585388 0.5 0.0 1.0
v -0.3447682857513428 0.4685591757297516 -0.08216187357902527 0.5 0.0 1.0
v -0.4089758098125458 0.8468897342681885 -0.14044255018234253 0.5 0.0 1.0
v -0.4010733664035797 0.8133042454719543 -0.13352790474891663 0.5 0.0 1.0
v -0.39317089319229126 0.7807065844535828 -0.1295766681432724 0.5 0.0 1.0
v -0.38428062200546265 0.7421820759773254 -0.1226620078086853 0.5 0.0 1.0
v -0.3763781487941742 0.7076087594032288 -0.11278392374515533 0.5 0.0 1.0
v -0.36847567558288574 0.6730355024337769 -0.10685707628726959 0.5 0.0 1.0
v -0.3605732321739197 0.6374743580818176 -0.09796680510044098 0.5 0.0 1.0
v -0.3516829311847687 0.6019132733345032 -0.093027763068676 0.5 0.0 1.0
v -0.3437804877758026 0.5703034400939941 -0.08512529730796814 0.5 0.0 1.0
v -0.33587801456451416 0.5327666997909546 -0.07821063697338104 0.5 0.0 1.0
v -0.3279755413532257 0.4981934428215027 -0.07129598408937454 0.5 0.0 1.0
v -0.32007306814193726 0.4655957520008087 -0.06438132375478745 0.5 0.0 1.0
v -0.39810994267463684 0.9249265789985657 -0.13945475220680237 0.5 0.0 1.0
v -0.3902074694633484 0.890353262424469 -0.13254009187221527 0.5 0.0 1.0
v -0.3813171982765198 0.8538044095039368 -0.12364981323480606 0.5 0.0 1.0
v -0.3734147250652313 0.8192310929298401 -0.11871077865362167 0.5 0.0 1.0
v -0.36551225185394287 0.7846578359603882 -0.11080831289291382 0.5 0.0 1.0
v -0.3576098084449768 0.751072347164154 -0.10784488171339035 0.5 0.0 1.0
v -0.3487195074558258 0.7155112624168396 -0.09796680510044098 0.5 0.0 1.0
v -0.34081706404685974 0.6799501180648804 -0.09203995019197464 0.5 0.0 1.0
v -0.3329145908355713 0.646364688873291 -0.08216187357902527 0.5 0.0 1.0
v -0.32501211762428284 0.6127792000770569 -0.07623502612113953 0.5 0.0 1.0
v -0.3161218464374542 0.5772181153297424 -0.06932036578655243 0.5 0.0 1.0
v -0.3092072010040283 0.5446203947067261 -0.06043009087443352 0.5 0.0 1.0
v -0.3003169298171997 0.5090593099594116 -0.05647885799407959 0.5 0.0 1.0
v -0.29241445660591125 0.4754738509654999 -0.04956420138478279 0.5 0.0 1.0
v -0.3556341826915741 0.8913410902023315 -0.11080831289291382 0.5 0.0 1.0
v -0.34773170948028564 0.8567678332328796 -0.10586927086114883 0.5 0.0 1.0
v -0.3398292362689972 0.8251579403877258 -0.10093022882938385 0.5 0.0 1.0
v -0.33192679286003113 0.7895968556404114 -0.093027763068676 0.5 0.0 1.0
v -0.3240243196487427 0.7550235390663147 -0.08413748443126678 0.5 0.0 1.0
v -0.3161218464374542 0.7234137058258057 -0.0791984498500824 0.5 0.0 1.0
v -0.3072315752506256 0.6858769655227661 -0.06734474748373032 0.5 0.0 1.0
v -0.29932910203933716 0.6513037085533142 -0.06438132375478745 0.5 0.0 1.0
v -0.2914266586303711 0.6196938157081604 -0.05647885799407959 0.5 0.0 1.0
v -0.28352418541908264 0.584132730960846 -0.04758858308196068 0.5 0.0 1.0
v -0.27463391423225403 0.5485716462135315 -0.041661735624074936 0.5 0.0 1.0
v -0.2667314410209656 0.5139983892440796 -0.035734884440898895 0.5 0.0 1.0
v -0.3121706247329712 0.8617068529129028 -0.08710091561079025 0.5 0.0 1.0
v -0.30426815152168274 0.8291091918945312 -0.07623502612113953 0.5 0.0 1.0
v -0.2963656783103943 0.7935481071472168 -0.06833256036043167 0.5 0.0 1.0
v -0.28846320509910583 0.7579869627952576 -0.06339351832866669 0.5 0.0 1.0
v -0.28056076169013977 0.725389301776886 -0.057466667145490646 0.5 0.0 1.0
v -0.2726582884788513 0.6898282170295715 -0.04956420138478279 0.5 0.0 1.0
v -0.26278021931648254 0.6522915363311768 -0.041661735624074936 0.5 0.0 1.0
v -0.2548777461051941 0.6187060475349426 -0.03375926986336708 0.5 0.0 1.0
v -0.247963085770607 0.5870961546897888 -0.028820227831602097 0.5 0.0 1.0
v -0.23907281458377838 0.549559473991394 -0.021905571222305298 0.5 0.0 1.0
v -0.23117034137248993 0.5149861574172974 -0.018942145630717278 0.5 0.0 1.0
v -0.28846320509910583 0.8547921776771545 -0.0653691291809082 0.5 0.0 1.0
v -0.28056076169013977 0.8192310929298401 -0.06339351832866669 0.5 0.0 1.0
v -0.2726582884788513 0.7866334319114685 -0.057466667145490646 0.5 0.0 1.0
v -0.26475581526756287 0.7530479431152344 -0.04660077765583992 0.5 0.0 1.0
v -0.25586554408073425 0.7164990305900574 -0.04264954477548599 0.5 0.0 1.0
v -0.247963085770607 0.6809379458427429 -0.03474707901477814 0.5 0.0 1.0
v -0.24006061255931854 0.6473524570465088 -0.02783242054283619 0.5 0.0 1.0
v -0.23117034137248993 0.609815776348114 -0.019929954782128334 0.5 0.0 1.0
v -0.22228007018566132 0.5742546319961548 -0.016966529190540314 0.5 0.0 1.0
v -0.21437759697437286 0.5416569709777832 -0.0051128314808011055 0.5 0.0 1.0
v -0.2519143223762512 0.8152798414230347 -0.04462515935301781 0.5 0.0 1.0
v -0.2430240362882614 0.7797187566757202 -0.035734884440898895 0.5 0.0 1.0
v -0.23512157797813416 0.7441576719284058 -0.029808036983013153 0.5 0.0 1.0
v -0.2272191047668457 0.7095844149589539 -0.021905571222305298 0.5 0.0 1.0
v -0.21931664645671844 0.6769866943359375 -0.014990913681685925 0.5 0.0 1.0
v -0.21141417324543 0.6424134373664856 -0.007088447920978069 0.5 0.0 1.0
v -0.18671897053718567 0.53671795129776 0.016618948429822922 0.5 0.0 1.0
v -0.21931664645671844 0.8133042454719543 -0.01795433834195137 0.5 0.0 1.0
v -0.21141417324543 0.7787309885025024 -0.015978721901774406 0.5 0.0 1.0
v -0.20252390205860138 0.7421820759773254 -0.01301529724150896 0.5 0.0 1.0
v -0.19462144374847412 0.7095844149589539 -0.0051128314808011055 0.5 0.0 1.0
v -0.18671897053718567 0.6750110983848572 0.0027896342799067497 0.5 0.0 1.0
v -0.17782869935035706 0.6364865899085999 0.010692100040614605 0.5 0.0 1.0
v -0.15214568376541138 0.5317789316177368 0.0353873036801815 0.5 0.0 1.0
v -0.17091403901576996 0.7530479431152344 0.012667716480791569 0.5 0.0 1.0
v -0.1630115807056427 0.7194624543190002 0.018594564869999886 0.5 0.0 1.0
v -0.15510910749435425 0.6858769655227661 0.025509223341941833 0.5 0.0 1.0
v -0.147206649184227 0.6513037085533142 0.02946045622229576 0.5 0.0 1.0
v -0.13831637799739838 0.6137669682502747 0.044277578592300415 0.5 0.0 1.0
v -0.14325541257858276 0.7372429966926575 0.028472647070884705 0.5 0.0 1.0
v -0.13436514139175415 0.7026697397232056 0.03341168910264969 0.5 0.0 1.0
v -0.1264626681804657 0.6661208271980286 0.03835073113441467 0.5 0.0 1.0
v -0.11856020987033844 0.633523166179657 0.04822881147265434 0.5 0.0 1.0
v -0.10966993123292923 0.5979620814323425 0.06600935757160187 0.5 0.0 1.0
v -0.10077966004610062 0.560425341129303 0.06798497587442398 0.5 0.0 1.0
v -0.11559678614139557 0.7362552285194397 0.04625319689512253 0.5 0.0 1.0
v -0.10769432038068771 0.701681911945343 0.04822881147265434 0.5 0.0 1.0
v -0.09979185461997986 0.6680964231491089 0.0561312772333622 0.5 0.0 1.0
v -0.09090157598257065 0.6295719146728516 0.07094839960336685 0.5 0.0 1.0
v -0.08299911022186279 0.5949986577033997 0.07094839960336685 0.5 0.0 1.0
v -0.06620637327432632 0.6829135417938232 0.07885086536407471 0.5 0.0 1.0
v -0.05830390751361847 0.6483402848243713 0.08477771282196045 0.5 0.0 1.0
v -0.0484258234500885 0.609815776348114 0.09663141518831253 0.5 0.0 1.0
v -0.02274281159043312 0.646364688873291 0.10749730467796326 0.5 0.0 1.0
v -0.013852536678314209 0.609815776348114 0.11638757586479187 0.5 0.0 1.0
v 0.007879244163632393 0.6305597424507141 0.1292290836572647 0.5 0.0 1.0
v -0.4386100769042969 0.40040042996406555 -0.13550351560115814 0.5 0.0 1.0
v -0.42082950472831726 0.36582714319229126 -0.12068638950586319 0.5 0.0 1.0
v -0.4129270613193512 0.39842480421066284 -0.11673516035079956 0.5 0.0 1.0
v -0.3892196714878082 0.371753990650177 -0.10488145798444748 0.5 0.0 1.0
v -0.3813171982765198 0.4043516516685486 -0.10389365255832672 0.5 0.0 1.0
v -0.37242692708969116 0.43596151471138 -0.09599118679761887 0.5 0.0 1.0
v -0.36847567558288574 0.32730260491371155 -0.08808872103691101 0.5 0.0 1.0
v -0.3605732321739197 0.3559490442276001 -0.08413748443126678 0.5 0.0 1.0
v -0.3516829311847687 0.38953453302383423 -0.08018625527620316 0.5 0.0 1.0
v -0.34279265999794006 0.42114439606666565 -0.07722283154726028 0.5 0.0 1.0
v -0.334890216588974 0.45077863335609436 -0.0722837895154953 0.5 0.0 1.0
v -0.334890216588974 0.3055708408355713 -0.0653691291809082 0.5 0.0 1.0
v -0.32698774337768555 0.33619287610054016 -0.061417900025844574 0.5 0.0 1.0
v -0.3190852701663971 0.3668149411678314 -0.0584544762969017 0.5 0.0 1.0
v -0.3101949989795685 0.39842480421066284 -0.054503243416547775 0.5 0.0 1.0
v -0.30130472779273987 0.43003466725349426 -0.04956420138478279 0.5 0.0 1.0
v -0.29241445660591125 0.46263232827186584 -0.04956420138478279 0.5 0.0 1.0
v -0.3092072010040283 0.29964399337768555 -0.04956420138478279 0.5 0.0 1.0
v -0.30130472779273987 0.3282904028892517 -0.04363735020160675 0.5 0.0 1.0
v -0.2914266586303711 0.36385151743888855 -0.04363735020160675 0.5 0.0 1.0
v -0.2825363576412201 0.39644917845726013 -0.03968611732125282 0.5 0.0 1.0
v -0.2756217122077942 0.4250956177711487 -0.035734884440898895 0.5 0.0 1.0
v -0.2667314410209656 0.4567054808139801 -0.029808036983013153 0.5 0.0 1.0
v -0.2845119833946228 0.27396097779273987 -0.032771460711956024 0.5 0.0 1.0
v -0.2756217122077942 0.30458301305770874 -0.028820227831602097 0.5 0.0 1.0
v -0.26771923899650574 0.335205078125 -0.022893378511071205 0.5 0.0 1.0
v -0.2588289678096771 0.36879056692123413 -0.018942145630717278 0.5 0.0 1.0
v -0.2499386966228485 0.4013882279396057 -0.014990913681685925 0.5 0.0 1.0
v -0.2410484254360199 0.4339858889579773 -0.012027489021420479 0.5 0.0 1.0
v -0.23215815424919128 0.4675713777542114 -0.011039680801331997 0.5 0.0 1.0
v -0.24697527289390564 0.270997554063797 -0.009064064361155033 0.5 0.0 1.0
v -0.23808500170707703 0.3035952150821686 -0.004125023260712624 0.5 0.0 1.0
v -0.23018252849578857 0.33421728014945984 -0.001161598484031856 0.5 0.0 1.0
v -0.22228007018566132 0.3628637194633484 0.0037774424999952316 0.5 0.0 1.0
v -0.2133897989988327 0.3974370062351227 0.006740867160260677 0.5 0.0 1.0
v -0.2044995278120041 0.43003466725349426 0.010692100040614605 0.5 0.0 1.0
v -0.19659705460071564 0.4606567323207855 0.009704291820526123 0.5 0.0 1.0
v -0.21042637526988983 0.25618040561676025 0.014643332920968533 0.5 0.0 1.0
v -0.20153610408306122 0.2887780964374542 0.019582374021410942 0.5 0.0 1.0
v -0.1926458179950714 0.3213757574558258 0.021557990461587906 0.5 0.0 1.0
v -0.1837555468082428 0.3529856204986572 0.025509223341941833 0.5 0.0 1.0
v -0.17486527562141418 0.38657110929489136 0.027484839782118797 0.5 0.0 1.0
v -0.16696280241012573 0.41916877031326294 0.031436070799827576 0.5 0.0 1.0
v -0.15807253122329712 0.44880300760269165 0.03835073113441467 0.5 0.0 1.0
v -0.18770678341388702 0.24729014933109283 0.02946045622229576 0.5 0.0 1.0
v -0.17980431020259857 0.2779121994972229 0.034399498254060745 0.5 0.0 1.0
v -0.17091403901576996 0.30853426456451416 0.03637511283159256 0.5 0.0 1.0
v -0.1630115807056427 0.34113192558288574 0.041314154863357544 0.5 0.0 1.0
v -0.15313349664211273 0.37570521235466003 0.0423019640147686 0.5 0.0 1.0
v -0.14621883630752563 0.4043516516685486 0.047241002321243286 0.5 0.0 1.0
v -0.13831637799739838 0.4339858889579773 0.05218004435300827 0.5 0.0 1.0
v -0.1284382939338684 0.4675713777542114 0.057119086384773254 0.5 0.0 1.0
v -0.12152363359928131 0.4952300190925598 0.06403374671936035 0.5 0.0 1.0
v -0.1126333549618721 0.528815507888794 0.063045933842659 0.5 0.0 1.0
v -0.16597500443458557 0.22654616832733154 0.0423019640147686 0.5 0.0 1.0
v -0.15807253122329712 0.25815603137016296 0.04625319689512253 0.5 0.0 1.0
v -0.1491822600364685 0.2897658944129944 0.047241002321243286 0.5 0.0 1.0
v -0.14127980172634125 0.3194001317024231 0.05218004435300827 0.5 0.0 1.0
v -0.13238951563835144 0.3529856204986572 0.057119086384773254 0.5 0.0 1.0
v -0.12448705732822418 0.3836076855659485 0.05909470096230507 0.5 0.0 1.0
v -0.11559678614139557 0.41422972083091736 0.06107031926512718 0.5 0.0 1.0
v -0.10670650750398636 0.44682741165161133 0.06699717044830322 0.5 0.0 1.0
v -0.0988040417432785 0.4794250726699829 0.06699717044830322 0.5 0.0 1.0
v -0.08991377055644989 0.5100471377372742 0.07292401790618896 0.5 0.0 1.0
v -0.08102349191904068 0.5436326265335083 0.07983867824077606 0.5 0.0 1.0
v -0.1353529393672943 0.2067900002002716 0.063045933842659 0.5 0.0 1.0
v -0.12745048105716705 0.23543643951416016 0.06600935757160187 0.5 0.0 1.0
v -0.11856020987033844 0.27000972628593445 0.0699605941772461 0.5 0.0 1.0
v -0.10966993123292923 0.3026074171066284 0.0699605941772461 0.5 0.0 1.0
v -0.10176746547222137 0.3332294523715973 0.07489963620901108 0.5 0.0 1.0
v -0.09287719428539276 0.3678027391433716 0.07786305993795395 0.5 0.0 1.0
v -0.08398692309856415 0.39842480421066284 0.08477771282196045 0.5 0.0 1.0
v -0.07608445733785629 0.42805904150009155 0.0857655256986618 0.5 0.0 1.0
v -0.06719417870044708 0.459668904542923 0.09070456773042679 0.5 0.0 1.0
v -0.05830390751361847 0.4952300190925598 0.09564360231161118 0.5 0.0 1.0
v -0.04941363260149956 0.5268398523330688 0.0995948389172554 0.5 0.0 1.0
v -0.040523357689380646 0.5594375133514404 0.09860703349113464 0.5 0.0 1.0
v -0.11164554953575134 0.16431425511837006 0.08378990739583969 0.5 0.0 1.0
v -0.10176746547222137 0.197899729013443 0.0857655256986618 0.5 0.0 1.0
v -0.09386499971151352 0.22852179408073425 0.08477771282196045 0.5 0.0 1.0
v -0.08596253395080566 0.2591438293457031 0.09169237315654755 0.5 0.0 1.0
v -0.07707226276397705 0.2917415201663971 0.09761922061443329 0.5 0.0 1.0
v -0.06818199157714844 0.32532697916030884 0.09564360231161118 0.5 0.0 1.0
v -0.05929171293973923 0.35693684220314026 0.10354606807231903 0.5 0.0 1.0
v -0.050401441752910614 0.3905223309993744 0.10749730467796326 0.5 0.0 1.0
v -0.04249897599220276 0.4221321940422058 0.11243634670972824 0.5 0.0 1.0
v -0.03360870108008385 0.45275425910949707 0.11243634670972824 0.5 0.0 1.0
v -0.024718428030610085 0.48732754588127136 0.113424152135849 0.5 0.0 1.0
v -0.01681596226990223 0.5169618129730225 0.11935099959373474 0.5 0.0 1.0
v -0.0089134955778718 0.5465960502624512 0.12231443077325821 0.5 0.0 1.0
v 0.0009645862737670541 0.5801815390586853 0.13021689653396606 0.5 0.0 1.0
v -0.08398692309856415 0.15937522053718567 0.09761922061443329 0.5 0.0 1.0
v -0.07509664446115494 0.1909850835800171 0.10058264434337616 0.5 0.0 1.0
v -0.06521856039762497 0.22555837035179138 0.10552168637514114 0.5 0.0 1.0
v -0.056328289210796356 0.2601316571235657 0.10552168637514114 0.5 0.0 1.0
v -0.04941363260149956 0.2877902686595917 0.11441196501255035 0.5 0.0 1.0
v -0.040523357689380646 0.32038795948028564 0.11441196501255035 0.5 0.0 1.0
v -0.03163308650255203 0.35199782252311707 0.11836319416761398 0.5 0.0 1.0
v -0.023730618879199028 0.3836076855659485 0.1203388124704361 0.5 0.0 1.0
v -0.014840344898402691 0.41620534658432007 0.12330223619937897 0.5 0.0 1.0
v -0.005950071383267641 0.44880300760269165 0.1272534728050232 0.5 0.0 1.0
v 0.002940202597528696 0.4794250726699829 0.13021689653396606 0.5 0.0 1.0
v 0.010842668823897839 0.5110349655151367 0.13713155686855316 0.5 0.0 1.0
v 0.020720750093460083 0.5465960502624512 0.13811935484409332 0.5 0.0 1.0
v 0.029611025005578995 0.5772181153297424 0.14009498059749603 0.5 0.0 1.0
v 0.03652568161487579 0.6068523526191711 0.15194867551326752 0.5 0.0 1.0
v -0.06126733124256134 0.15739959478378296 0.11539977043867111 0.5 0.0 1.0
v -0.05237705633044243 0.18802164494991302 0.11638757586479187 0.5 0.0 1.0
v -0.04348678141832352 0.2206193208694458 0.11935099959373474 0.5 0.0 1.0
v -0.03558431565761566 0.2532169818878174 0.12429004162549973 0.5 0.0 1.0
v -0.02669404447078705 0.2848268449306488 0.1272534728050232 0.5 0.0 1.0
v -0.017803769558668137 0.3174245357513428 0.12824127078056335 0.5 0.0 1.0
v -0.0089134955778718 0.3510099947452545 0.13219250738620758 0.5 0.0 1.0
v -2.3221926312544383e-05 0.38459548354148865 0.13515593111515045 0.5 0.0 1.0
v 0.007879244163632393 0.41422972083091736 0.13811935484409332 0.5 0.0 1.0
v 0.016769517213106155 0.4458395838737488 0.14602182805538177 0.5 0.0 1.0
v 0.025659792125225067 0.4774494469165802 0.1479974389076233 0.5 0.0 1.0
v 0.03455006703734398 0.5100471377372742 0.15194867551326752 0.5 0.0 1.0
v -0.03163308650255203 0.11492384225130081 0.1341681331396103 0.5 0.0 1.0
v -0.021755002439022064 0.14850932359695435 0.14207059144973755 0.5 0.0 1.0
v -0.012864728458225727 0.18209479749202728 0.1430584043264389 0.5 0.0 1.0
v -0.004962263163179159 0.21271686255931854 0.14700962603092194 0.5 0.0 1.0
v 0.002940202597528696 0.2433389127254486 0.15293648838996887 0.5 0.0 1.0
v 0.012818285264074802 0.27889999747276306 0.1568877100944519 0.5 0.0 1.0
v -0.4494759440422058 0.39546138048171997 -0.14044255018234253 0.5 0.0 1.0
v -0.42280513048171997 0.3905223309993744 -0.12562543153762817 0.5 0.0 1.0
v -0.4149026572704315 0.3559490442276001 -0.1157473474740982 0.5 0.0 1.0
v -0.4040367901325226 0.42114439606666565 -0.11673516035079956 0.5 0.0 1.0
v -0.3971221148967743 0.3885467052459717 -0.11080831289291382 0.5 0.0 1.0
v -0.3892196714878082 0.3539734184741974 -0.10093022882938385 0.5 0.0 1.0
v -0.36847567558288574 0.41916877031326294 -0.09401556849479675 0.5 0.0 1.0
v -0.3605732321739197 0.38657110929489136 -0.08512529730796814 0.5 0.0 1.0
v -0.3516829311847687 0.35002219676971436 -0.08018625527620316 0.5 0.0 1.0
v -0.3437804877758026 0.3144611120223999 -0.07425940781831741 0.5 0.0 1.0
v -0.33587801456451416 0.43299809098243713 -0.07327159494161606 0.5 0.0 1.0
v -0.3279755413532257 0.40040042996406555 -0.06833256036043167 0.5 0.0 1.0
v -0.32007306814193726 0.36582714319229126 -0.05944228172302246 0.5 0.0 1.0
v -0.31118279695510864 0.32927823066711426 -0.054503243416547775 0.5 0.0 1.0
v -0.30426815152168274 0.2966805398464203 -0.04660077765583992 0.5 0.0 1.0
v -0.3121706247329712 0.43299809098243713 -0.057466667145490646 0.5 0.0 1.0
v -0.30426815152168274 0.39842480421066284 -0.05351543426513672 0.5 0.0 1.0
v -0.2953778803348541 0.36385151743888855 -0.04363735020160675 0.5 0.0 1.0
v -0.28846320509910583 0.3302660286426544 -0.03672269359230995 0.5 0.0 1.0
v -0.2795729339122772 0.2956927418708801 -0.03178365156054497 0.5 0.0 1.0
v -0.2845119833946228 0.44188836216926575 -0.03968611732125282 0.5 0.0 1.0
v -0.27660951018333435 0.40533944964408875 -0.03474707901477814 0.5 0.0 1.0
v -0.2687070667743683 0.37274178862571716 -0.028820227831602097 0.5 0.0 1.0
v -0.2598167955875397 0.33619287610054016 -0.022893378511071205 0.5 0.0 1.0
v -0.2519143223762512 0.30161958932876587 -0.014990913681685925 0.5 0.0 1.0
v -0.24401184916496277 0.2680341303348541 -0.006100639700889587 0.5 0.0 1.0
v -0.2588289678096771 0.4794250726699829 -0.02783242054283619 0.5 0.0 1.0
v -0.2499386966228485 0.44386398792266846 -0.02091776207089424 0.5 0.0 1.0
v -0.24203623831272125 0.4112662971019745 -0.014003105461597443 0.5 0.0 1.0
v -0.23512157797813416 0.3766930103302002 -0.006100639700889587 0.5 0.0 1.0
v -0.22623130679130554 0.3401441276073456 -0.00214940682053566 0.5 0.0 1.0
v -0.21734102070331573 0.3035952150821686 0.006740867160260677 0.5 0.0 1.0
v -0.20943856239318848 0.2690219283103943 0.015631141141057014 0.5 0.0 1.0
v -0.20054829120635986 0.23346082866191864 0.018594564869999886 0.5 0.0 1.0
v -0.22326788306236267 0.4814006984233856 -0.012027489021420479 0.5 0.0 1.0
v -0.2133897989988327 0.44188836216926575 -0.00017379032215103507 0.5 0.0 1.0
v -0.20548732578754425 0.4063272774219513 0.008716483600437641 0.5 0.0 1.0
v -0.197584867477417 0.3747174143791199 0.015631141141057014 0.5 0.0 1.0
v -0.18968239426612854 0.33915629982948303 0.022545797750353813 0.5 0.0 1.0
v -0.18177993595600128 0.3055708408355713 0.028472647070884705 0.5 0.0 1.0
v -0.17387746274471283 0.27198535203933716 0.0353873036801815 0.5 0.0 1.0
v -0.16498719155788422 0.2364242523908615 0.04328976944088936 0.5 0.0 1.0
v -0.15708473324775696 0.20086315274238586 0.04625319689512253 0.5 0.0 1.0
v -0.19857266545295715 0.47152259945869446 0.0057530589401721954 0.5 0.0 1.0
v -0.1906702071428299 0.4379371404647827 0.016618948429822922 0.5 0.0 1.0
v -0.18177993595600128 0.4023760259151459 0.021557990461587906 0.5 0.0 1.0
v -0.17387746274471283 0.3668149411678314 0.028472647070884705 0.5 0.0 1.0
v -0.16597500443458557 0.3332294523715973 0.03341168910264969 0.5 0.0 1.0
v -0.15807253122329712 0.29766836762428284 0.044277578592300415 0.5 0.0 1.0
v -0.1491822600364685 0.2591438293457031 0.050204429775476456 0.5 0.0 1.0
v -0.14127980172634125 0.22555837035179138 0.06107031926512718 0.5 0.0 1.0
v -0.13238951563835144 0.1929606944322586 0.06403374671936035 0.5 0.0 1.0
v -0.16893842816352844 0.46460795402526855 0.031436070799827576 0.5 0.0 1.0
v -0.16103595495224 0.43003466725349426 0.034399498254060745 0.5 0.0 1.0
v -0.15313349664211273 0.39644917845726013 0.04328976944088936 0.5 0.0 1.0
v -0.14523102343082428 0.36187589168548584 0.04625319689512253 0.5 0.0 1.0
v -0.13634075224399567 0.32730260491371155 0.05514346808195114 0.5 0.0 1.0
v -0.1284382939338684 0.2917415201663971 0.063045933842659 0.5 0.0 1.0
v -0.12053582072257996 0.25815603137016296 0.07094839960336685 0.5 0.0 1.0
v -0.1126333549618721 0.22457055747509003 0.07391182333230972 0.5 0.0 1.0
v -0.10473088920116425 0.1909850835800171 0.08477771282196045 0.5 0.0 1.0
v -0.09682842344045639 0.1564117819070816 0.09366799145936966 0.5 0.0 1.0
v -0.13634075224399567 0.4636201560497284 0.051192235201597214 0.5 0.0 1.0
v -0.12942609190940857 0.4310224652290344 0.05218004435300827 0.5 0.0 1.0
v -0.12053582072257996 0.3944735527038574 0.05810689553618431 0.5 0.0 1.0
v -0.11362116783857346 0.3628637194633484 0.063045933842659 0.5 0.0 1.0
v -0.1057187020778656 0.3302660286426544 0.07489963620901108 0.5 0.0 1.0
v -0.09584061801433563 0.2917415201663971 0.08280210196971893 0.5 0.0 1.0
v -0.08892595767974854 0.2601316571235657 0.08082648366689682 0.5 0.0 1.0
v -0.08102349191904068 0.2275339812040329 0.09564360231161118 0.5 0.0 1.0
v -0.07213322073221207 0.18999727070331573 0.10354606807231903 0.5 0.0 1.0
v -0.06423075497150421 0.1564117819070816 0.10453388094902039 0.5 0.0 1.0
v -0.11362116783857346 0.5120227336883545 0.06798497587442398 0.5 0.0 1.0
v -0.10670650750398636 0.48041287064552307 0.06699717044830322 0.5 0.0 1.0
v -0.0988040417432785 0.44682741165161133 0.07489963620901108 0.5 0.0 1.0
v -0.09090157598257065 0.4112662971019745 0.07983867824077606 0.5 0.0 1.0
v -0.08299911022186279 0.3786686360836029 0.08477771282196045 0.5 0.0 1.0
v -0.07509664446115494 0.3440953493118286 0.09663141518831253 0.5 0.0 1.0
v -0.06620637327432632 0.3095220625400543 0.10255826264619827 0.5 0.0 1.0
v -0.05830390751361847 0.2729731500148773 0.10848511010408401 0.5 0.0 1.0
v -0.050401441752910614 0.23938767611980438 0.11638757586479187 0.5 0.0 1.0
v -0.0415111668407917 0.20580220222473145 0.12330223619937897 0.5 0.0 1.0
v -0.03360870108008385 0.1702411025762558 0.13120469450950623 0.5 0.0 1.0
v -0.025706235319375992 0.1356678158044815 0.13713155686855316 0.5 0.0 1.0
v -0.01681596226990223 0.10010672360658646 0.1479974389076233 0.5 0.0 1.0
v -0.09386499971151352 0.528815507888794 0.06897278130054474 0.5 0.0 1.0
v -0.08596253395080566 0.4952300190925598 0.0768752470612526 0.5 0.0 1.0
v -0.07707226276397705 0.45769327878952026 0.08082648366689682 0.5 0.0 1.0
v -0.0691697970032692 0.4241078197956085 0.08971675485372543 0.5 0.0 1.0
v -0.06126733124256134 0.39151012897491455 0.09860703349113464 0.5 0.0 1.0
v -0.05237705633044243 0.35496124625205994 0.10453388094902039 0.5 0.0 1.0
v -0.04447459056973457 0.31841233372688293 0.11441196501255035 0.5 0.0 1.0
v -0.03657212480902672 0.28383904695510864 0.12132661789655685 0.5 0.0 1.0
v -0.027681851759552956 0.248277947306633 0.1292290836572647 0.5 0.0 1.0
v -0.018791578710079193 0.2117290496826172 0.1341681331396103 0.5 0.0 1.0
v -0.011876920238137245 0.1791313737630844 0.14404620230197906 0.5 0.0 1.0
v -0.003974454943090677 0.14554589986801147 0.149973064661026 0.5 0.0 1.0
v -0.07410883903503418 0.560425341129303 0.08181428909301758 0.5 0.0 1.0
v -0.06719417870044708 0.528815507888794 0.0857655256986618 0.5 0.0 1.0
v -0.05830390751361847 0.49424219131469727 0.0926801785826683 0.5 0.0 1.0
v -0.050401441752910614 0.45769327878952026 0.0995948389172554 0.5 0.0 1.0
v -0.0415111668407917 0.42114439606666565 0.10749730467796326 0.5 0.0 1.0
v -0.03360870108008385 0.38657110929489136 0.11441196501255035 0.5 0.0 1.0
v -0.024718428030610085 0.3490343987941742 0.12330223619937897 0.5 0.0 1.0
v -0.01681596226990223 0.3164367079734802 0.1292290836572647 0.5 0.0 1.0
v -0.0089134955778718 0.2828512489795685 0.1361437439918518 0.5 0.0 1.0
v -0.0010110301664099097 0.24926576018333435 0.14404620230197906 0.5 0.0 1.0
v 0.007879244163632393 0.21271686255931854 0.1549120992422104 0.5 0.0 1.0
v -0.040523357689380646 0.5752424597740173 0.10058264434337616 0.5 0.0 1.0
v -0.03262089192867279 0.5416569709777832 0.1065094992518425 0.5 0.0 1.0
v -0.024718428030610085 0.5070837140083313 0.113424152135849 0.5 0.0 1.0
v -0.01681596226990223 0.472510427236557 0.11935099959373474 0.5 0.0 1.0
v -0.0089134955778718 0.4389249384403229 0.13021689653396606 0.5 0.0 1.0
v -0.0010110301664099097 0.4043516516685486 0.1341681331396103 0.5 0.0 1.0
v 0.007879244163632393 0.3668149411678314 0.14404620230197906 0.5 0.0 1.0
v 0.015781709924340248 0.3332294523715973 0.1549120992422104 0.5 0.0 1.0
v -0.005950071383267641 0.5752424597740173 0.1203388124704361 0.5 0.0 1.0
v 0.001952394493855536 0.5426447987556458 0.12824127078056335 0.5 0.0 1.0
v 0.010842668823897839 0.5060958862304688 0.13811935484409332 0.5 0.0 1.0
v 0.019732942804694176 0.4685591757297516 0.14404620230197906 0.5 0.0 1.0
v 0.02763540856540203 0.43497371673583984 0.1549120992422104 0.5 0.0 1.0
v 0.015781709924340248 0.5959864258766174 0.13515593111515045 0.5 0.0 1.0
v 0.02467198297381401 0.5594375133514404 0.1430584043264389 0.5 0.0 1.0
v 0.032574448734521866 0.523876428604126 0.15096086263656616 0.5 0.0 1.0
v 0.039489105343818665 0.5940108299255371 0.15194867551326752 0.5 0.0 1.0
v -0.007925687357783318 0.0625700056552887 0.15589991211891174 0.5 0.0 1.0
v -2.3221926312544383e-05 0.02898452989757061 0.1549120992422104 0.5 0.0 1.0
v -0.399097740650177 0.3371807038784027 -0.10685707628726959 0.5 0.0 1.0
v -0.25586554408073425 0.23938767611980438 -0.014990913681685925 0.5 0.0 1.0
v -0.2183288335800171 0.22555837035179138 0.008716483600437641 0.5 0.0 1.0
v -0.197584867477417 0.2117290496826172 0.028472647070884705 0.5 0.0 1.0
v -0.17387746274471283 0.19691193103790283 0.03637511283159256 0.5 0.0 1.0
v -0.14325541257858276 0.1771557629108429 0.060082510113716125 0.5 0.0 1.0
v -0.12053582072257996 0.13171657919883728 0.07786305993795395 0.5 0.0 1.0
v -0.091889388859272 0.12776535749435425 0.09564360231161118 0.5 0.0 1.0
v -0.07806006819009781 0.09516768157482147 0.10552168637514114 0.5 0.0 1.0
v -0.0691697970032692 0.12776535749435425 0.1065094992518425 0.5 0.0 1.0
v -0.03953554853796959 0.08430179208517075 0.1361437439918518 0.5 0.0 1.0
v -0.3813171982765198 0.3213757574558258 -0.09599118679761887 0.5 0.0 1.0
v -0.2963656783103943 0.2640828788280487 -0.03968611732125282 0.5 0.0 1.0
v -0.27167049050331116 0.2591438293457031 -0.022893378511071205 0.5 0.0 1.0
v -0.2637680172920227 0.2275339812040329 -0.014990913681685925 0.5 0.0 1.0
v -0.2361093908548355 0.23444864153862 -0.00214940682053566 0.5 0.0 1.0
v -0.1926458179950714 0.19888754189014435 0.02649703063070774 0.5 0.0 1.0
v -0.14819444715976715 0.1653020679950714 0.05810689553618431 0.5 0.0 1.0
v -0.12448705732822418 0.15739959478378296 0.07391182333230972 0.5 0.0 1.0
v -0.11658459156751633 0.12183850258588791 0.07588744163513184 0.5 0.0 1.0
v -0.08892595767974854 0.12183850258588791 0.09564360231161118 0.5 0.0 1.0
v -0.08102349191904068 0.08825302124023438 0.10552168637514114 0.5 0.0 1.0
v -0.056328289210796356 0.12183850258588791 0.11638757586479187 0.5 0.0 1.0
v -0.047438014298677444 0.08430179208517075 0.1272534728050232 0.5 0.0 1.0
v -0.4129270613193512 0.8943045139312744 -0.1453815996646881 0.5 0.0 1.0
v -0.4524393677711487 0.6601939797401428 -0.15624748170375824 0.5 0.0 1.0
v -0.44354909658432007 0.6898282170295715 -0.15328405797481537 0.5 0.0 1.0
v -0.47614678740501404 0.42114439606666565 -0.16019871830940247 0.5 0.0 1.0
v -0.48997610807418823 0.41422972083091736 -0.16711337864398956 0.5 0.0 1.0
v -0.47417116165161133 0.49720561504364014 -0.16217434406280518 0.5 0.0 1.0
v -0.46429309248924255 0.5673400163650513 -0.15822310745716095 0.5 0.0 1.0
v -0.4544149935245514 0.633523166179657 -0.15624748170375824 0.5 0.0 1.0
v -0.42576855421066284 0.8172554969787598 -0.14636941254138947 0.5 0.0 1.0
v -0.48503705859184265 0.3875589072704315 -0.1592109054327011 0.5 0.0 1.0
v -0.024718428030610085 -0.002625332912430167 0.15096086263656616 0.5 0.0 1.0
v -2.3221926312544383e-05 -0.0016375246923416853 0.15096086263656616 0.5 0.0 1.0
v -0.023730618879199028 -0.015466840006411076 0.14207059144973755 0.5 0.0 1.0
v -0.10966993123292923 0.06355781853199005 0.08477771282196045 0.5 0.0 1.0
v -0.08596253395080566 0.06355781853199005 0.10058264434337616 0.5 0.0 1.0
v -0.05731609836220741 0.018118640407919884 0.12626565992832184 0.5 0.0 1.0
v -0.047438014298677444 0.052691925317049026 0.13021689653396606 0.5 0.0 1.0
v -0.015828153118491173 0.03194795548915863 0.15096086263656616 0.5 0.0 1.0
v -0.10077966004610062 0.055655352771282196 0.09070456773042679 0.5 0.0 1.0
v -0.07312102615833282 0.05466754361987114 0.11046072840690613 0.5 0.0 1.0
v -0.06423075497150421 0.0200942549854517 0.11539977043867111 0.5 0.0 1.0
v -0.03953554853796959 0.05170411989092827 0.13120469450950623 0.5 0.0 1.0
v -0.03163308650255203 0.018118640407919884 0.13910716772079468 0.5 0.0 1.0
v -0.4475003480911255 0.36879056692123413 -0.14143036305904388 0.5 0.0 1.0
v -0.37736594676971436 0.29470494389533997 -0.09203995019197464 0.5 0.0 1.0
v -0.3437804877758026 0.2729731500148773 -0.06932036578655243 0.5 0.0 1.0
v -0.3171096444129944 0.2680341303348541 -0.05351543426513672 0.5 0.0 1.0
v -0.2934022545814514 0.24235109984874725 -0.035734884440898895 0.5 0.0 1.0
v -0.26475581526756287 0.20777781307697296 -0.015978721901774406 0.5 0.0 1.0
v -0.2272191047668457 0.1929606944322586 0.0057530589401721954 0.5 0.0 1.0
v -0.21437759697437286 0.1494971364736557 0.018594564869999886 0.5 0.0 1.0
v -0.20548732578754425 0.18209479749202728 0.019582374021410942 0.5 0.0 1.0
v -0.1906702071428299 0.13468000292778015 0.02649703063070774 0.5 0.0 1.0
v -0.1837555468082428 0.16431425511837006 0.031436070799827576 0.5 0.0 1.0
v -0.16103595495224 0.11196041852235794 0.051192235201597214 0.5 0.0 1.0
v -0.15313349664211273 0.1425824761390686 0.05218004435300827 0.5 0.0 1.0
v -0.1284382939338684 0.10109452903270721 0.07588744163513184 0.5 0.0 1.0
v -0.10176746547222137 0.09319206327199936 0.09169237315654755 0.5 0.0 1.0
v -0.44157350063323975 0.35891246795654297 -0.13352790474891663 0.5 0.0 1.0
v -0.4060123860836029 0.3194001317024231 -0.10488145798444748 0.5 0.0 1.0
v -0.33587801456451416 0.2798878252506256 -0.0653691291809082 0.5 0.0 1.0
v -0.28846320509910583 0.22852179408073425 -0.03375926986336708 0.5 0.0 1.0
v -0.2548777461051941 0.1909850835800171 -0.014003105461597443 0.5 0.0 1.0
v -0.2272191047668457 0.1998753547668457 0.0037774424999952316 0.5 0.0 1.0
v -0.21931664645671844 0.1633264422416687 0.010692100040614605 0.5 0.0 1.0
v -0.18474335968494415 0.16727767884731293 0.031436070799827576 0.5 0.0 1.0
v -0.1768408864736557 0.13369220495224 0.04032634571194649 0.5 0.0 1.0
v -0.1402919888496399 0.13171657919883728 0.06403374671936035 0.5 0.0 1.0
v -0.13238951563835144 0.09417986869812012 0.07094839960336685 0.5 0.0 1.0
v -0.10868212580680847 0.08924083411693573 0.08675333112478256 0.5 0.0 1.0
v 0.009854860603809357 0.12578973174095154 0.1568877100944519 0.5 0.0 1.0
v 0.023684175685048103 0.298656165599823 0.1568877100944519 0.5 0.0 1.0
v -0.2868291139602661 0.5985085368156433 -0.05029911547899246 0.5 0.0 1.0
v -0.3220815062522888 0.6979351043701172 -0.07684461027383804 0.5 0.0 1.0
v -0.40003272891044617 0.46462175250053406 -0.11043978482484818 0.5 0.0 1.0
v -0.15848153829574585 0.5199190974235535 0.03064914047718048 0.5 0.0 1.0
v -0.2703618109226227 0.20392514765262604 -0.018614035099744797 0.5 0.0 1.0
v -0.4594089984893799 0.551571786403656 -0.1506907045841217 0.5 0.0 1.0
v -0.33656588196754456 0.6066659688949585 -0.08043273538351059 0.5 0.0 1.0
v -0.44447267055511475 0.46807390451431274 -0.13715173304080963 0.5 0.0 1.0
v -0.22731319069862366 0.2299240380525589 0.005636176560074091 0.5 0.0 1.0
v -0.05648632347583771 0.6088531017303467 0.08659103512763977 0.5 0.0 1.0
v -0.45882830023765564 0.6049456596374512 -0.15330079197883606 0.5 0.0 1.0
v -0.20080070197582245 0.43275395035743713 0.010222531855106354 0.5 0.0 1.0
v -0.2348339855670929 0.4321647584438324 -0.010055098682641983 0.5 0.0 1.0
v -0.41401228308677673 0.4652252793312073 -0.11881587654352188 0.5 0.0 1.0
v -0.27719664573669434 0.20760715007781982 -0.022896872833371162 0.5 0.0 1.0
v -0.3274591863155365 0.40988218784332275 -0.0640973150730133 0.5 0.0 1.0
v -0.05978391319513321 0.6327599883079529 0.08329880237579346 0.5 0.0 1.0
v -0.3897499740123749 0.4661843478679657 -0.10438983142375946 0.5 0.0 1.0
v -0.15177293121814728 0.17492832243442535 0.05376330018043518 0.5 0.0 1.0
v -0.03544389083981514 0.24339772760868073 0.11939291656017303 0.5 0.0 1.0
v -0.1382877379655838 0.11960218846797943 0.06487572193145752 0.5 0.0 1.0
v -0.12716685235500336 0.505204439163208 0.05015212669968605 0.5 0.0 1.0
v -0.4238637685775757 0.8695354461669922 -0.14709162712097168 0.5 0.0 1.0
v -0.2790033519268036 0.8333351612091064 -0.05863701179623604 0.5 0.0 1.0
v -0.25520265102386475 0.38018831610679626 -0.019331423565745354 0.5 0.0 1.0
v -0.3312533497810364 0.757943332195282 -0.08564229309558868 0.5 0.0 1.0
v -0.037842344492673874 0.2716881334781647 0.11639444530010223 0.5 0.0 1.0
v -0.013253048062324524 0.4993519186973572 0.11845741420984268 0.5 0.0 1.0
v -0.4012208580970764 0.4007110595703125 -0.10760852694511414 0.5 0.0 1.0
v -0.07126559317111969 0.6905622482299805 0.07324486970901489 0.5 0.0 1.0
v -0.36028721928596497 0.49641939997673035 -0.08848201483488083 0.5 0.0 1.0
v -0.25700241327285767 0.37397515773773193 -0.020061304792761803 0.5 0.0 1.0
v -0.3852842450141907 0.8557124137878418 -0.12330254167318344 0.5 0.0 1.0
v -0.21982239186763763 0.2929671108722687 0.006614264566451311 0.5 0.0 1.0
v -0.3210608959197998 0.8972679376602173 -0.09203995019197464 1.0 0.0 0.75
v -0.17980431020259857 0.7915724515914917 -0.00017379032215103507 1.0 0.0 0.75
v -0.15017007291316986 0.7688528895378113 0.019582374021410942 1.0 0.0 0.75
v -0.3734147250652313 0.950609564781189 -0.13550351560115814 1.0 0.0 0.75
v -0.33587801456451416 0.9446827173233032 -0.14044255018234253 1.0 0.0 0.75
v -0.29735350608825684 0.9229509830474854 -0.12364981323480606 1.0 0.0 0.75
v -0.2845119833946228 0.8755361437797546 -0.06833256036043167 1.0 0.0 0.75
v -0.27167049050331116 0.9229509830474854 -0.12167420238256454 1.0 0.0 0.75
v -0.2499386966228485 0.8923289179801941 -0.10191803425550461 1.0 0.0 0.75
v -0.23709718883037567 0.9367802739143372 -0.1434059739112854 1.0 0.0 0.75
v -0.23215815424919128 0.8340482115745544 -0.03474707901477814 1.0 0.0 0.75
v -0.21931664645671844 0.8794873952865601 -0.08413748443126678 1.0 0.0 0.75
v -0.20845074951648712 0.9209753274917603 -0.13056448101997375 1.0 0.0 0.75
v -0.19659705460071564 0.8212066888809204 -0.02388118766248226 1.0 0.0 0.75
v -0.18474335968494415 0.8636824488639832 -0.07030817121267319 1.0 0.0 0.75
v -0.17387746274471283 0.903194785118103 -0.10784488171339035 1.0 0.0 0.75
v -0.16202376782894135 0.9476461410522461 -0.1522962599992752 1.0 0.0 0.75
v -0.16893842816352844 0.8202189207077026 -0.02783242054283619 1.0 0.0 0.75
v -0.15807253122329712 0.8607190251350403 -0.07030817121267319 1.0 0.0 0.75
v -0.14523102343082428 0.9071460366249084 -0.1157473474740982 1.0 0.0 0.75
v -0.14424322545528412 0.7925602793693542 -0.00214940682053566 1.0 0.0 0.75
v -0.13238951563835144 0.8370116353034973 -0.04758858308196068 1.0 0.0 0.75
v -0.12152363359928131 0.8784995675086975 -0.09105214476585388 1.0 0.0 0.75
v -0.10868212580680847 0.9239387512207031 -0.138466939330101 1.0 0.0 0.75
v -0.11856020987033844 0.7500845193862915 0.03933853656053543 1.0 0.0 0.75
v -0.10670650750398636 0.7935481071472168 -0.011039680801331997 1.0 0.0 0.75
v -0.09485281258821487 0.8370116353034973 -0.057466667145490646 1.0 0.0 0.75
v -0.08299911022186279 0.8814629912376404 -0.09599118679761887 1.0 0.0 0.75
v -0.07213322073221207 0.9209753274917603 -0.138466939330101 1.0 0.0 0.75
v -0.08003568649291992 0.7392186522483826 0.041314154863357544 1.0 0.0 0.75
v -0.0691697970032692 0.7797187566757202 -0.00214940682053566 1.0 0.0 0.75
v -0.05731609836220741 0.8241701126098633 -0.04660077765583992 1.0 0.0 0.75
v -0.04447459056973457 0.8705971240997314 -0.09401556849479675 1.0 0.0 0.75
v -0.03360870108008385 0.9120850563049316 -0.13550351560115814 1.0 0.0 0.75
v -0.05929171293973923 0.7273649573326111 0.05218004435300827 1.0 0.0 0.75
v -0.047438014298677444 0.7678650617599487 0.012667716480791569 1.0 0.0 0.75
v -0.03558431565761566 0.8123164176940918 -0.03079584427177906 1.0 0.0 0.75
v -0.023730618879199028 0.8547921776771545 -0.07623502612113953 1.0 0.0 0.75
v -0.011876920238137245 0.9002313613891602 -0.12463762611150742 1.0 0.0 0.75
v -0.03558431565761566 0.7115600109100342 0.06600935757160187 1.0 0.0 0.75
v -0.024718428030610085 0.7540357708930969 0.022545797750353813 1.0 0.0 0.75
v -0.011876920238137245 0.8004627227783203 -0.025856804102659225 1.0 0.0 0.75
v -2.3221926312544383e-05 0.8429384827613831 -0.06932036578655243 1.0 0.0 0.75
v 0.010842668823897839 0.8834386467933655 -0.11278392374515533 1.0 0.0 0.75
v 0.022696366533637047 0.9249265789985657 -0.1522962599992752 1.0 0.0 0.75
v -0.003974454943090677 0.693779468536377 0.07983867824077606 1.0 0.0 0.75
v 0.007879244163632393 0.7392186522483826 0.03637511283159256 1.0 0.0 0.75
v 0.01874513365328312 0.7807065844535828 -0.01301529724150896 1.0 0.0 0.75
v 0.03158663958311081 0.8251579403877258 -0.057466667145490646 1.0 0.0 0.75
v 0.04344033822417259 0.8705971240997314 -0.10191803425550461 1.0 0.0 0.75
v 0.05430623143911362 0.9120850563049316 -0.14241817593574524 1.0 0.0 0.75
v 0.017757326364517212 0.6443890333175659 0.13120469450950623 1.0 0.0 0.75
v 0.029611025005578995 0.6898282170295715 0.08181428909301758 1.0 0.0 0.75
v 0.042452532798051834 0.7362552285194397 0.037362921983003616 1.0 0.0 0.75
v 0.05430623143911362 0.7777431607246399 -0.010051872581243515 1.0 0.0 0.75
v 0.0661599263548851 0.8231823444366455 -0.06043009087443352 1.0 0.0 0.75
v 0.07801362872123718 0.8656581044197083 -0.10290584713220596 1.0 0.0 0.75
v 0.08986732363700867 0.908133864402771 -0.138466939330101 1.0 0.0 0.75
v 0.04739157110452652 0.6473524570465088 0.11935099959373474 1.0 0.0 0.75
v 0.06023307889699936 0.6947672367095947 0.0719362124800682 1.0 0.0 0.75
v 0.07109896838665009 0.7332918047904968 0.02649703063070774 1.0 0.0 0.75
v 0.08295267075300217 0.7757675647735596 -0.015978721901774406 1.0 0.0 0.75
v 0.09480636566877365 0.8192310929298401 -0.057466667145490646 1.0 0.0 0.75
v 0.10567225515842438 0.8597312569618225 -0.10389365255832672 1.0 0.0 0.75
v 0.1165381446480751 0.9012191891670227 -0.14143036305904388 1.0 0.0 0.75
v 0.06912335008382797 0.6394500136375427 0.13515593111515045 1.0 0.0 0.75
v 0.08196485787630081 0.6868647933006287 0.08181428909301758 1.0 0.0 0.75
v 0.09283074736595154 0.7283527255058289 0.04032634571194649 1.0 0.0 0.75
v 0.10369663685560226 0.769840657711029 -0.004125023260712624 1.0 0.0 0.75
v 0.1165381446480751 0.8142920732498169 -0.04758858308196068 1.0 0.0 0.75
v 0.12839184701442719 0.8567678332328796 -0.093027763068676 1.0 0.0 0.75
v 0.13925772905349731 0.9002313613891602 -0.1345157027244568 1.0 0.0 0.75
v 0.12246499955654144 0.6829135417938232 0.07588744163513184 1.0 0.0 0.75
v 0.13431869447231293 0.7283527255058289 0.031436070799827576 1.0 0.0 0.75
v 0.1461723893880844 0.769840657711029 -0.011039680801331997 1.0 0.0 0.75
v 0.15605047345161438 0.8093529939651489 -0.051539815962314606 1.0 0.0 0.75
v 0.16889198124408722 0.8577556014060974 -0.09895461052656174 1.0 0.0 0.75
v 0.1807456761598587 0.8992435336112976 -0.13945475220680237 1.0 0.0 0.75
v 0.16592855751514435 0.706620991230011 0.050204429775476456 1.0 0.0 0.75
v 0.17778225243091583 0.7500845193862915 0.007728675380349159 1.0 0.0 0.75
v 0.18963594734668732 0.7945358753204346 -0.04264954477548599 1.0 0.0 0.75
v 0.20148965716362 0.8370116353034973 -0.0861131027340889 1.0 0.0 0.75
v 0.21334335207939148 0.8804752230644226 -0.12858885526657104 1.0 0.0 0.75
v 0.22322143614292145 0.9180119037628174 -0.16118653118610382 1.0 0.0 0.75
v 0.20148965716362 0.7451454997062683 0.008716483600437641 1.0 0.0 0.75
v 0.21334335207939148 0.7905846834182739 -0.035734884440898895 1.0 0.0 0.75
v 0.22519704699516296 0.8340482115745544 -0.08018625527620316 1.0 0.0 0.75
v 0.23705074191093445 0.8755361437797546 -0.12463762611150742 1.0 0.0 0.75
v 0.24890445172786713 0.9199875593185425 -0.16316214203834534 1.0 0.0 0.75
v 0.22717267274856567 0.7431698441505432 0.0057530589401721954 1.0 0.0 0.75
v 0.23902636766433716 0.7846578359603882 -0.035734884440898895 1.0 0.0 0.75
v 0.25088006258010864 0.8291091918945312 -0.08117406070232391 1.0 0.0 0.75
v 0.26174595952033997 0.8725727200508118 -0.12661324441432953 1.0 0.0 0.75
v 0.27359965443611145 0.9150484800338745 -0.1641499549150467 1.0 0.0 0.75
v 0.26866060495376587 0.7718163132667542 -0.026844611391425133 1.0 0.0 0.75
v 0.2795265018939972 0.8123164176940918 -0.07129598408937454 1.0 0.0 0.75
v -0.3309389650821686 0.9407315254211426 -0.13155227899551392 1.0 0.0 0.75
v -0.3072315752506256 0.9357924461364746 -0.13254009187221527 1.0 0.0 0.75
v -0.298341304063797 0.8962801098823547 -0.09203995019197464 1.0 0.0 0.75
v -0.28056076169013977 0.93974369764328 -0.1364913284778595 1.0 0.0 0.75
v -0.2706826627254486 0.8943045139312744 -0.09105214476585388 1.0 0.0 0.75
v -0.24895088374614716 0.93974369764328 -0.1434059739112854 1.0 0.0 0.75
v -0.23808500170707703 0.8972679376602173 -0.10093022882938385 1.0 0.0 0.75
v -0.22820691764354706 0.8528165817260742 -0.0584544762969017 1.0 0.0 0.75
v -0.21042637526988983 0.9239387512207031 -0.13155227899551392 1.0 0.0 0.75
v -0.20054829120635986 0.8794873952865601 -0.09105214476585388 1.0 0.0 0.75
v -0.18968239426612854 0.835036039352417 -0.04462515935301781 1.0 0.0 0.75
v -0.18968239426612854 0.9377681016921997 -0.1453815996646881 1.0 0.0 0.75
v -0.18079212307929993 0.8982557654380798 -0.1088326945900917 1.0 0.0 0.75
v -0.1699262410402298 0.8538044095039368 -0.06339351832866669 1.0 0.0 0.75
v -0.16004815697669983 0.811328649520874 -0.02091776207089424 1.0 0.0 0.75
v -0.16498719155788422 0.9466583728790283 -0.1572352945804596 1.0 0.0 0.75
v -0.15510910749435425 0.9051704406738281 -0.12167420238256454 1.0 0.0 0.75
v -0.14621883630752563 0.8636824488639832 -0.07821063697338104 1.0 0.0 0.75
v -0.1353529393672943 0.8192310929298401 -0.03375926986336708 1.0 0.0 0.75
v -0.12547487020492554 0.7777431607246399 0.0057530589401721954 1.0 0.0 0.75
v -0.12547487020492554 0.9357924461364746 -0.1453815996646881 1.0 0.0 0.75
v -0.11559678614139557 0.8933166861534119 -0.10389365255832672 1.0 0.0 0.75
v -0.10473088920116425 0.847877562046051 -0.0653691291809082 1.0 0.0 0.75
v -0.09485281258821487 0.8044139742851257 -0.018942145630717278 1.0 0.0 0.75
v -0.0849747285246849 0.7629260420799255 0.02057018131017685 1.0 0.0 0.75
v -0.07509664446115494 0.7184746861457825 0.0699605941772461 1.0 0.0 0.75
v -0.091889388859272 0.9446827173233032 -0.1592109054327011 1.0 0.0 0.75
v -0.08201130479574203 0.9002313613891602 -0.11772296577692032 1.0 0.0 0.75
v -0.07114541530609131 0.8538044095039368 -0.07425940781831741 1.0 0.0 0.75
v -0.06126733124256134 0.8123164176940918 -0.03771050274372101 1.0 0.0 0.75
v -0.050401441752910614 0.7668772339820862 0.010692100040614605 1.0 0.0 0.75
v -0.03953554853796959 0.7204502820968628 0.05415566265583038 1.0 0.0 0.75
v -0.06126733124256134 0.9239387512207031 -0.14241817593574524 1.0 0.0 0.75
v -0.05237705633044243 0.8854142427444458 -0.10685707628726959 1.0 0.0 0.75
v -0.04249897599220276 0.8439263105392456 -0.06635694205760956 1.0 0.0 0.75
v -0.03163308650255203 0.8004627227783203 -0.025856804102659225 1.0 0.0 0.75
v -0.021755002439022064 0.7569991946220398 0.019582374021410942 1.0 0.0 0.75
v -0.011876920238137245 0.714523434638977 0.060082510113716125 1.0 0.0 0.75
v -0.0010110301664099097 0.6680964231491089 0.10947292298078537 1.0 0.0 0.75
v -0.040523357689380646 0.9328290224075317 -0.1503206342458725 1.0 0.0 0.75
v -0.030645277351140976 0.8913410902023315 -0.11278392374515533 1.0 0.0 0.75
v -0.020767195150256157 0.847877562046051 -0.07129598408937454 1.0 0.0 0.75
v -0.009901303797960281 0.8024383783340454 -0.025856804102659225 1.0 0.0 0.75
v 0.0009645862737670541 0.7579869627952576 0.01760675758123398 1.0 0.0 0.75
v 0.009854860603809357 0.7174868583679199 0.0561312772333622 1.0 0.0 0.75
v 0.020720750093460083 0.6730355024337769 0.09860703349113464 1.0 0.0 0.75
v 0.030598832294344902 0.6315475106239319 0.1410827785730362 1.0 0.0 0.75
v 0.0009645862737670541 0.9160363078117371 -0.1364913284778595 1.0 0.0 0.75
v 0.01183047704398632 0.8705971240997314 -0.09895461052656174 1.0 0.0 0.75
v 0.020720750093460083 0.830096960067749 -0.061417900025844574 1.0 0.0 0.75
v 0.030598832294344902 0.7886090278625488 -0.014990913681685925 1.0 0.0 0.75
v 0.04146472364664078 0.7461332678794861 0.02057018131017685 1.0 0.0 0.75
v 0.05134280398488045 0.7026697397232056 0.06205812841653824 1.0 0.0 0.75
v 0.061220888048410416 0.6611818075180054 0.11046072840690613 1.0 0.0 0.75
v 0.042452532798051834 0.8992435336112976 -0.1295766681432724 1.0 0.0 0.75
v 0.05331842228770256 0.8547921776771545 -0.08314967900514603 1.0 0.0 0.75
v 0.062208693474531174 0.8162676692008972 -0.04758858308196068 1.0 0.0 0.75
v 0.07208677381277084 0.7737919092178345 -0.008076256141066551 1.0 0.0 0.75
v 0.08295267075300217 0.7273649573326111 0.03933853656053543 1.0 0.0 0.75
v 0.09283074736595154 0.6868647933006287 0.07786305993795395 1.0 0.0 0.75
v 0.06517212092876434 0.9259144067764282 -0.1522962599992752 1.0 0.0 0.75
v 0.07505020499229431 0.8834386467933655 -0.10982050001621246 1.0 0.0 0.75
v 0.08492828160524368 0.8389872908592224 -0.07030817121267319 1.0 0.0 0.75
v 0.09480636566877365 0.7965115308761597 -0.03079584427177906 1.0 0.0 0.75
v 0.10468444973230362 0.7579869627952576 0.009704291820526123 1.0 0.0 0.75
v 0.11456253379583359 0.7115600109100342 0.05218004435300827 1.0 0.0 0.75
v 0.0869038999080658 0.9180119037628174 -0.14933283627033234 1.0 0.0 0.75
v 0.09678198397159576 0.8755361437797546 -0.11278392374515533 1.0 0.0 0.75
v 0.10764787346124649 0.8310847878456116 -0.06932036578655243 1.0 0.0 0.75
v 0.11851376295089722 0.785645604133606 -0.02486899495124817 1.0 0.0 0.75
v 0.12839184701442719 0.7421820759773254 0.015631141141057014 1.0 0.0 0.75
v 0.13826993107795715 0.6997063159942627 0.05810689553618431 1.0 0.0 0.75
v 0.12048938125371933 0.926902174949646 -0.15822310745716095 1.0 0.0 0.75
v 0.1303674578666687 0.8824508190155029 -0.11871077865362167 1.0 0.0 0.75
v 0.14024554193019867 0.8409628868103027 -0.0791984498500824 1.0 0.0 0.75
v 0.14913581311702728 0.8024383783340454 -0.04067392647266388 1.0 0.0 0.75
v 0.1600017100572586 0.7550235390663147 0.0037774424999952316 1.0 0.0 0.75
v 0.17086759209632874 0.7115600109100342 0.044277578592300415 1.0 0.0 0.75
v 0.1530870497226715 0.9229509830474854 -0.15624748170375824 1.0 0.0 0.75
v 0.16296513378620148 0.8824508190155029 -0.12661324441432953 1.0 0.0 0.75
v 0.17284321784973145 0.8379994630813599 -0.08216187357902527 1.0 0.0 0.75
v 0.18370909988880157 0.7945358753204346 -0.03771050274372101 1.0 0.0 0.75
v 0.19358718395233154 0.749096691608429 0.0037774424999952316 1.0 0.0 0.75
v 0.1787700653076172 0.9209753274917603 -0.16019871830940247 1.0 0.0 0.75
v 0.1876603364944458 0.8824508190155029 -0.12167420238256454 1.0 0.0 0.75
v 0.19753842055797577 0.8370116353034973 -0.08018625527620316 1.0 0.0 0.75
v 0.2084043174982071 0.7945358753204346 -0.04363735020160675 1.0 0.0 0.75
v 0.2172945886850357 0.7550235390663147 -0.001161598484031856 1.0 0.0 0.75
v 0.2084043174982071 0.8943045139312744 -0.1345157027244568 1.0 0.0 0.75
v 0.21828238666057587 0.8528165817260742 -0.09500338137149811 1.0 0.0 0.75
v 0.22816047072410583 0.8083652257919312 -0.05549104884266853 1.0 0.0 0.75
v 0.2380385547876358 0.7668772339820862 -0.014003105461597443 1.0 0.0 0.75
v 0.24001416563987732 0.9130728840827942 -0.15624748170375824 1.0 0.0 0.75
v 0.2498922497034073 0.8705971240997314 -0.12364981323480606 1.0 0.0 0.75
v 0.2607581317424774 0.8261457681655884 -0.07722283154726028 1.0 0.0 0.75
v 0.2706362307071686 0.7836700081825256 -0.03474707901477814 1.0 0.0 0.75
v 0.2775508761405945 0.8943045139312744 -0.1453815996646881 1.0 0.0 0.75
v 0.2913801968097687 0.8547921776771545 -0.11278392374515533 1.0 0.0 0.75
v 0.30323389172554016 0.8982557654380798 -0.1522962599992752 1.0 0.0 0.75
v 0.3160754144191742 0.8093529939651489 -0.0653691291809082 1.0 0.0 0.75
v 0.32694128155708313 0.8508409857749939 -0.10685707628726959 1.0 0.0 0.75
v 0.33978280425071716 0.8972679376602173 -0.1522962599992752 1.0 0.0 0.75
v 0.3417584300041199 0.8034261465072632 -0.06438132375478745 1.0 0.0 0.75
v 0.35361212491989136 0.8468897342681885 -0.10685707628726959 1.0 0.0 0.75
v 0.3644780218601227 0.8883776664733887 -0.14933283627033234 1.0 0.0 0.75
v 0.38620978593826294 0.8656581044197083 -0.12562543153762817 1.0 0.0 0.75
v 0.3980634808540344 0.9061582088470459 -0.16019871830940247 1.0 0.0 0.75
v 0.42473429441452026 0.8794873952865601 -0.1453815996646881 1.0 0.0 0.75
v 0.46424663066864014 0.8804752230644226 -0.1522962599992752 1.0 0.0 0.75
v 0.28742897510528564 0.8488653302192688 -0.10389365255832672 1.0 0.0 0.75
v 0.2973070442676544 0.806389570236206 -0.06240570917725563 1.0 0.0 0.75
v 0.3002704679965973 0.9041826128959656 -0.15525968372821808 1.0 0.0 0.75
v 0.31014856696128845 0.8656581044197083 -0.11969858407974243 1.0 0.0 0.75
v 0.31903883814811707 0.822194516658783 -0.07821063697338104 1.0 0.0 0.75
v 0.3229900598526001 0.9130728840827942 -0.16316214203834534 1.0 0.0 0.75
v 0.3318803310394287 0.8735605478286743 -0.13254009187221527 1.0 0.0 0.75
v 0.34274622797966003 0.8291091918945312 -0.09006433933973312 1.0 0.0 0.75
v 0.36546581983566284 0.8765239715576172 -0.13352790474891663 1.0 0.0 0.75
v 0.37633171677589417 0.8320726156234741 -0.09006433933973312 1.0 0.0 0.75
v 0.39510005712509155 0.8992435336112976 -0.16019871830940247 1.0 0.0 0.75
v 0.4059659540653229 0.8528165817260742 -0.11969858407974243 1.0 0.0 0.75
v 0.41979527473449707 0.8992435336112976 -0.1592109054327011 1.0 0.0 0.75
v 0.42967334389686584 0.85874342918396 -0.12463762611150742 1.0 0.0 0.75
v 0.4464660882949829 0.8972679376602173 -0.15822310745716095 1.0 0.0 0.75
v -0.39317089319229126 0.9664145112037659 -0.15328405797481537 1.0 0.0 0.75
v -0.3240243196487427 0.9851828813552856 -0.16908898949623108 1.0 0.0 0.75
v -0.28549978137016296 0.9654266834259033 -0.16316214203834534 1.0 0.0 0.75
v -0.26080459356307983 0.9624632596969604 -0.15822310745716095 1.0 0.0 0.75
v -0.19560924172401428 0.9664145112037659 -0.16711337864398956 1.0 0.0 0.75
v -0.1333773285150528 0.9525852203369141 -0.15624748170375824 1.0 0.0 0.75
v -0.02274281159043312 0.950609564781189 -0.16810119152069092 1.0 0.0 0.75
v -2.3221926312544383e-05 0.9436949491500854 -0.16316214203834534 1.0 0.0 0.75
v -0.3734147250652313 0.9693779349327087 -0.15427187085151672 1.0 0.0 0.75
v -0.3398292362689972 0.9792560338973999 -0.1661255657672882 1.0 0.0 0.75
v -0.31809747219085693 0.9792560338973999 -0.16711337864398956 1.0 0.0 0.75
v -0.2203044593334198 0.9664145112037659 -0.17007680237293243 1.0 0.0 0.75
v -0.007925687357783318 0.9525852203369141 -0.16316214203834534 1.0 0.0 0.75
v 0.032574448734521866 0.9417192935943604 -0.16316214203834534 1.0 0.0 0.75
v 0.5106736421585083 0.8656581044197083 -0.138466939330101 1.0 0.0 0.75
v 0.5482103228569031 0.8686215281486511 -0.14143036305904388 1.0 0.0 0.75
v 0.5896982550621033 0.8824508190155029 -0.1572352945804596 1.0 0.0 0.75
v 0.5225273370742798 0.8735605478286743 -0.1453815996646881 1.0 0.0 0.75
v 0.5442591309547424 0.8913410902023315 -0.16316214203834534 1.0 0.0 0.75
v 0.18963594734668732 0.7006940841674805 0.05909470096230507 1.0 0.0 0.75
v 0.215318962931633 0.6987184882164001 0.05810689553618431 1.0 0.0 0.75
v 0.2568069100379944 0.7293405532836914 0.019582374021410942 1.0 0.0 0.75
v 0.12641623616218567 0.6641452312469482 0.10453388094902039 1.0 0.0 0.75
v 0.20445308089256287 0.7056331634521484 0.050204429775476456 1.0 0.0 0.75
v 0.22717267274856567 0.7105721831321716 0.04822881147265434 1.0 0.0 0.75
v 0.24890445172786713 0.7244015336036682 0.03044826351106167 1.0 0.0 0.75
v 0.28051429986953735 0.7402064204216003 0.007728675380349159 1.0 0.0 0.75
v 0.3042217195034027 0.7658894658088684 -0.022893378511071205 1.0 0.0 0.75
v 0.32891690731048584 0.7579869627952576 -0.014003105461597443 1.0 0.0 0.75
v 0.36250239610671997 0.7767553329467773 -0.03178365156054497 1.0 0.0 0.75
v 0.3753438889980316 0.8241701126098633 -0.08413748443126678 1.0 0.0 0.75
v 0.40003910660743713 0.7915724515914917 -0.054503243416547775 1.0 0.0 0.75
v 0.4118928015232086 0.8330603837966919 -0.09895461052656174 1.0 0.0 0.75
v 0.45239293575286865 0.8379994630813599 -0.10784488171339035 1.0 0.0 0.75
v 0.47807595133781433 0.8459019064903259 -0.11080831289291382 1.0 0.0 0.75
v 0.48894184827804565 0.8864020705223083 -0.15525968372821808 1.0 0.0 0.75
v 0.30817294120788574 0.7609503865242004 -0.014990913681685925 1.0 0.0 0.75
v 0.329904705286026 0.7787309885025024 -0.03474707901477814 1.0 0.0 0.75
v 0.35361212491989136 0.7816944122314453 -0.03771050274372101 1.0 0.0 0.75
v 0.3852219879627228 0.7925602793693542 -0.04462515935301781 1.0 0.0 0.75
v 0.4148562252521515 0.8123164176940918 -0.07722283154726028 1.0 0.0 0.75
v 0.44053924083709717 0.8103408217430115 -0.07524721324443817 1.0 0.0 0.75
v 0.4563441574573517 0.8528165817260742 -0.11772296577692032 1.0 0.0 0.75
v 0.4928930699825287 0.847877562046051 -0.11772296577692032 1.0 0.0 0.75
v 0.2952533960342407 0.9004266262054443 -0.14971446990966797 1.0 0.0 0.75
v 0.18395289778709412 0.720352828502655 0.03795304149389267 1.0 0.0 0.75
v -0.3407512307167053 0.9588220715522766 -0.15132461488246918 1.0 0.0 0.75
v -0.1991259753704071 0.8741236925125122 -0.08015412837266922 1.0 0.0 0.75
v 0.011426478624343872 0.8060222268104553 -0.03145240992307663 1.0 0.0 0.75
v 0.36000198125839233 0.8969368934631348 -0.15197552740573883 1.0 0.0 0.75
v -0.06120816618204117 0.7445146441459656 0.03570065647363663 1.0 0.0 0.75
v 0.14078442752361298 0.8891175389289856 -0.12492767721414566 1.0 0.0 0.75
v -0.3621772229671478 0.9808656573295593 -0.17120790481567383 1.0 0.0 0.75
v 0.5226212739944458 0.8927248120307922 -0.1621508151292801 1.0 0.0 0.75
v -0.06848496943712234 0.835168719291687 -0.05319540575146675 1.0 0.0 0.75
v -0.2371125966310501 0.9299304485321045 -0.13192488253116608 1.0 0.0 0.75
v 0.09654025733470917 0.7321709394454956 0.03398626297712326 1.0 0.0 0.75
v 0.047245632857084274 0.8353843092918396 -0.06361042708158493 1.0 0.0 0.75
v 0.2500118613243103 0.8400127291679382 -0.0860564336180687 1.0 0.0 0.75
v 0.010321436449885368 0.9392457008361816 -0.16293764114379883 1.0 0.0 0.75
v 0.13490276038646698 0.7665550112724304 -0.0033561373129487038 1.0 0.0 0.75
v 0.2344525009393692 0.8274117708206177 -0.07223907113075256 1.0 0.0 0.75
v 0.41200119256973267 0.8756668567657471 -0.13555139303207397 1.0 0.0 0.75
v -0.37047499418258667 0.9354755878448486 -0.12564538419246674 1.0 0.0 0.75
v -0.11922485381364822 0.7489676475524902 0.036416858434677124 1.0 0.0 0.75
v -0.14099684357643127 0.9206533432006836 -0.1312350332736969 1.0 0.0 0.75
v 0.1603000909090042 0.841045081615448 -0.07916761934757233 1.0 0.0 0.75
v 0.230226531624794 0.7904605269432068 -0.035370372235774994 1.0 0.0 0.75
v -0.20486567914485931 0.9381346702575684 -0.14287076890468597 1.0 0.0 0.75
v 0.44816356897354126 0.9031385183334351 -0.16587257385253906 1.0 0.0 0.75
v 0.031454186886548996 0.7759631276130676 -0.003529029432684183 1.0 0.0 0.75
v 0.45074331760406494 0.895435631275177 -0.15849190950393677 1.0 0.0 0.75
v -0.018985869362950325 0.9475347399711609 -0.1685410588979721 1.0 0.0 0.75
v 0.28731968998908997 0.7686509490013123 -0.018862362951040268 1.0 0.0 0.75
v 0.1363810896873474 0.6892163753509521 0.07289966195821762 1.0 0.0 0.75
v 0.419019877910614 0.8636571168899536 -0.1243082657456398 1.0 0.0 0.75
v 0.28532999753952026 0.8787856101989746 -0.12746518850326538 1.0 0.0 0.75
v -0.36353349685668945 0.9822856783866882 -0.17249087989330292 1.0 0.0 0.75
v 0.06971947103738785 0.6261175274848938 0.14109782874584198 1.0 0.0 0.75
v 0.11046625673770905 0.8865223526954651 -0.11969178169965744 1.0 0.0 0.75
v -0.11735943704843521 0.8024564385414124 -0.016577545553445816 1.0 0.0 0.75
v 0.08652890473604202 0.7247770428657532 0.04217159003019333 1.0 0.0 0.75
v 0.10127416998147964 0.8735363483428955 -0.10605542361736298 1.0 0.0 0.75
v 0.1271708905696869 0.684295654296875 0.07857166975736618 1.0 0.0 0.75
v -0.20609277486801147 0.953381359577179 -0.15782150626182556 1.0 0.0 0.75
v -0.040614571422338486 0.8395973443984985 -0.06002639979124069 1.0 0.0 0.75
v -0.13016606867313385 0.9294688701629639 -0.1408967226743698 1.0 0.0 0.75
v 0.10445331782102585 0.8522090911865234 -0.08527107536792755 1.0 0.0 0.75
v 0.017079805955290794 0.9401330351829529 -0.16440986096858978 1.0 0.0 0.75
v -0.1191147118806839 0.7851046919822693 0.000715221103746444 1.0 0.0 0.75
v -0.32857054471969604 0.9065389037132263 -0.1007590964436531 1.0 0.0 0.75
v -0.2956610321998596 0.9255884885787964 -0.12247516214847565 1.0 0.0 0.75
v 0.13309237360954285 0.8103508353233337 -0.04645298793911934 1.0 0.0 0.75
