v -0.3107927739620209 -0.9798089861869812 -0.433974027633667 1.0 0.0 0.0
v -0.0003991909616161138 -0.7294915914535522 -0.021784713491797447 1.0 0.0 0.0
v -0.020424582064151764 -0.792905330657959 -0.07518576085567474 1.0 0.0 0.0
v 0.0012695917394012213 -0.5309064388275146 0.09169250726699829 1.0 0.0 0.0
v -0.015418235212564468 -0.5876450538635254 0.04496659338474274 1.0 0.0 0.0
v -0.037112411111593246 -0.6560651063919067 -0.015109581872820854 1.0 0.0 0.0
v -0.058806583285331726 -0.7261540293693542 -0.06851062923669815 1.0 0.0 0.0
v -0.07716318964958191 -0.7862301468849182 -0.1219116747379303 1.0 0.0 0.0
v -0.09718858450651169 -0.8513126969337463 -0.17865027487277985 1.0 0.0 0.0
v -0.058806583285331726 -0.5325751900672913 0.03495389595627785 1.0 0.0 0.0
v -0.0788319781422615 -0.599326491355896 -0.021784713491797447 1.0 0.0 0.0
v -0.09885736554861069 -0.6644090414047241 -0.07685454189777374 1.0 0.0 0.0
v -0.11888276040554047 -0.7261540293693542 -0.1235804557800293 1.0 0.0 0.0
v -0.14057692885398865 -0.7945740818977356 -0.18198785185813904 1.0 0.0 0.0
v -0.15893355011940002 -0.8546502590179443 -0.2353888899087906 1.0 0.0 0.0
v -0.10052614659070969 -0.5576069355010986 -0.011772016994655132 1.0 0.0 0.0
v -0.12222032248973846 -0.6260270476341248 -0.07518576085567474 1.0 0.0 0.0
v -0.14224570989608765 -0.6927783489227295 -0.1252492368221283 1.0 0.0 0.0
v -0.16060233116149902 -0.7511857151985168 -0.17364393174648285 1.0 0.0 0.0
v -0.1806277185678482 -0.812930703163147 -0.2287137657403946 1.0 0.0 0.0
v -0.2006531059741974 -0.8796820044517517 -0.28211480379104614 1.0 0.0 0.0
v -0.22067850828170776 -0.9464333057403564 -0.3355158567428589 1.0 0.0 0.0
v -0.13890814781188965 -0.5475942492485046 -0.04181010276079178 1.0 0.0 0.0
v -0.15893355011940002 -0.6126767992973328 -0.09854871779680252 1.0 0.0 0.0
v -0.1806277185678482 -0.6794281005859375 -0.15862488746643066 1.0 0.0 0.0
v -0.2006531059741974 -0.7428418397903442 -0.2103571593761444 1.0 0.0 0.0
v -0.21900971233844757 -0.8045867681503296 -0.26042062044143677 1.0 0.0 0.0
v -0.23903511464595795 -0.8713380694389343 -0.3121528923511505 1.0 0.0 0.0
v -0.25906050205230713 -0.9330830574035645 -0.36388516426086426 1.0 0.0 0.0
v -0.3124615550041199 -0.9664586782455444 -0.42896768450737 1.0 0.0 0.0
v 0.011282287538051605 -0.6377085447311401 0.04162902757525444 1.0 0.0 0.0
v -0.002067973604425788 -0.572625994682312 0.06666076928377151 1.0 0.0 0.0
v -0.012080669403076172 -0.7662047743797302 -0.05182280018925667 1.0 0.0 0.0
v -0.02376214787364006 -0.7077974081039429 -0.025122277438640594 1.0 0.0 0.0
v -0.03544362634420395 -0.6493899822235107 0.0015782444970682263 1.0 0.0 0.0
v -0.048793889582157135 -0.582638680934906 0.01993485353887081 1.0 0.0 0.0
v -0.03377484530210495 -0.8246122002601624 -0.09521114826202393 1.0 0.0 0.0
v -0.04545632377266884 -0.7645360231399536 -0.07017941027879715 1.0 0.0 0.0
v -0.05713780224323273 -0.7094661593437195 -0.045147668570280075 1.0 0.0 0.0
v -0.06881927698850632 -0.6493899822235107 -0.02845984324812889 1.0 0.0 0.0
v -0.0788319781422615 -0.589313805103302 -0.0017593208467587829 1.0 0.0 0.0
v -0.0905134528875351 -0.5325751900672913 0.018266070634126663 1.0 0.0 0.0
v -0.06548171490430832 -0.8145994544029236 -0.1202428862452507 1.0 0.0 0.0
v -0.07716318964958191 -0.7528545260429382 -0.09354236721992493 1.0 0.0 0.0
v -0.0888446718454361 -0.6944471001625061 -0.07852332293987274 1.0 0.0 0.0
v -0.10052614659070969 -0.6343709826469421 -0.05015401914715767 1.0 0.0 0.0
v -0.11220762878656387 -0.57596355676651 -0.035134974867105484 1.0 0.0 0.0
v -0.10720127820968628 -0.8680005073547363 -0.18365663290023804 1.0 0.0 0.0
v -0.11888276040554047 -0.809593141078949 -0.16196244955062866 1.0 0.0 0.0
v -0.13056424260139465 -0.7495169639587402 -0.1319243609905243 1.0 0.0 0.0
v -0.14224570989608765 -0.6877719759941101 -0.1152365431189537 1.0 0.0 0.0
v -0.15559597313404083 -0.6293646097183228 -0.09187358617782593 1.0 0.0 0.0
v -0.15559597313404083 -0.8846883773803711 -0.24873915314674377 1.0 0.0 0.0
v -0.16894623637199402 -0.822943389415741 -0.2253762036561966 1.0 0.0 0.0
v -0.1806277185678482 -0.7662047743797302 -0.19700689613819122 1.0 0.0 0.0
v -0.1906404197216034 -0.7111349701881409 -0.18198785185813904 1.0 0.0 0.0
v -0.1939779818058014 -0.9063825011253357 -0.29045870900154114 1.0 0.0 0.0
v -0.20565946400165558 -0.8479751348495483 -0.26042062044143677 1.0 0.0 0.0
v -0.21734093129634857 -0.789567768573761 -0.24206402897834778 1.0 0.0 0.0
v -0.23402875661849976 -0.8947010636329651 -0.3104841113090515 1.0 0.0 0.0
v -0.24404145777225494 -0.8379624485969543 -0.29045870900154114 1.0 0.0 0.0
v -0.2740795314311981 -0.9447645545005798 -0.38224175572395325 1.0 0.0 0.0
v 0.24157428741455078 -0.6226894855499268 0.26023954153060913 1.0 0.0 0.0
v 0.19484837353229523 -0.5926513671875 0.23353902995586395 1.0 0.0 0.0
v 0.17315420508384705 -0.6610714793205261 0.1801379919052124 1.0 0.0 0.0
v 0.14144733548164368 -0.565950870513916 0.1968258172273636 1.0 0.0 0.0
v 0.1214219406247139 -0.6293646097183228 0.14509354531764984 1.0 0.0 0.0
v 0.09972776472568512 -0.6994534730911255 0.09503006935119629 1.0 0.0 0.0
v 0.10473411530256271 -0.5409191250801086 0.1768004298210144 1.0 0.0 0.0
v 0.08303993940353394 -0.6076704263687134 0.12506815791130066 1.0 0.0 0.0
v 0.06468333303928375 -0.6677466034889221 0.0766734629869461 1.0 0.0 0.0
v 0.04465794190764427 -0.7344979047775269 0.013259722851216793 1.0 0.0 0.0
v 0.03965159133076668 -0.5976577401161194 0.0816798135638237 1.0 0.0 0.0
v 0.01795741729438305 -0.6627402305603027 0.03495389595627785 1.0 0.0 0.0
v 0.28496265411376953 -0.6126767992973328 0.3153093755245209 1.0 0.0 0.0
v 0.25826212763786316 -0.6427148580551147 0.2652459144592285 1.0 0.0 0.0
v 0.24491186439990997 -0.582638680934906 0.2869400680065155 1.0 0.0 0.0
v 0.2248864620923996 -0.6260270476341248 0.24688929319381714 1.0 0.0 0.0
v 0.18149812519550323 -0.6644090414047241 0.1851443350315094 1.0 0.0 0.0
v 0.16814786195755005 -0.6043328642845154 0.21351364254951477 1.0 0.0 0.0
v 0.13644099235534668 -0.6794281005859375 0.13174329698085785 1.0 0.0 0.0
v 0.12475951015949249 -0.6160143613815308 0.15844380855560303 1.0 0.0 0.0
v 0.1130780279636383 -0.5642820596694946 0.1768004298210144 1.0 0.0 0.0
v 0.10807168483734131 -0.7027910351753235 0.10003641992807388 1.0 0.0 0.0
v 0.09639020264148712 -0.6510587930679321 0.11338668316602707 1.0 0.0 0.0
v 0.08470872789621353 -0.5909826159477234 0.13341207802295685 1.0 0.0 0.0
v 0.07469602674245834 -0.7077974081039429 0.06832955032587051 1.0 0.0 0.0
v 0.06468333303928375 -0.6527275443077087 0.0866861566901207 1.0 0.0 0.0
v 0.053001854568719864 -0.5943201780319214 0.11171790212392807 1.0 0.0 0.0
v 0.041320376098155975 -0.5325751900672913 0.13508085906505585 1.0 0.0 0.0
v 0.03464524447917938 -0.7511857151985168 -9.05381457414478e-05 1.0 0.0 0.0
v 0.022963766008615494 -0.6961159110069275 0.02160363644361496 1.0 0.0 0.0
v -0.0821695402264595 -0.4991995692253113 0.03495389595627785 1.0 0.0 0.0
v -0.012080669403076172 -0.5158873796463013 0.0866861566901207 1.0 0.0 0.0
v -0.060475368052721024 -0.5225625038146973 0.04496659338474274 1.0 0.0 0.0
v -0.12555788457393646 -0.5142186284065247 -0.011772016994655132 1.0 0.0 0.0
v 0.061345767229795456 -0.5292376279830933 0.14509354531764984 1.0 0.0 0.0
v 0.07302724570035934 -0.5292376279830933 0.16178138554096222 1.0 0.0 0.0
v 0.2983129024505615 -0.57596355676651 0.33867233991622925 1.0 0.0 0.0
v 0.27328115701675415 -0.5542693734169006 0.33032843470573425 1.0 0.0 0.0
v -0.0003991909616161138 -0.23720067739486694 0.25189563632011414 1.0 0.0 0.0
v -0.022093364968895912 -0.3039519786834717 0.20016337931156158 1.0 0.0 0.0
v -0.002067973604425788 -0.10369806736707687 0.32532209157943726 1.0 0.0 0.0
v -0.04211875796318054 -0.23219433426856995 0.21518242359161377 1.0 0.0 0.0
v -0.05213145166635513 -0.12205468118190765 0.2752586007118225 1.0 0.0 0.0
v -0.07215684652328491 -0.1888059824705124 0.22018876671791077 1.0 0.0 0.0
v -0.0921822339296341 -0.2522197365760803 0.16511894762516022 1.0 0.0 0.0
v -0.11888276040554047 -0.14875520765781403 0.1951570361852646 1.0 0.0 0.0
v -0.13723936676979065 -0.11371076852083206 0.20016337931156158 1.0 0.0 0.0
v -0.15559597313404083 -0.1787932962179184 0.14843112230300903 1.0 0.0 0.0
v -0.12555788457393646 0.028135759755969048 0.3052966892719269 1.0 0.0 0.0
v -0.14558328688144684 -0.03694676235318184 0.24355173110961914 1.0 0.0 0.0
v -0.16727745532989502 -0.10536685585975647 0.1801379919052124 1.0 0.0 0.0
v -0.1889716237783432 -0.1737869381904602 0.12506815791130066 1.0 0.0 0.0
v -0.15392719209194183 0.08487436920404434 0.3086342513561249 1.0 0.0 0.0
v -0.17228379845619202 0.02479819394648075 0.25022685527801514 1.0 0.0 0.0
v -0.1923092007637024 -0.038615547120571136 0.21017608046531677 1.0 0.0 0.0
v -0.21233458817005157 -0.10536685585975647 0.14509354531764984 1.0 0.0 0.0
v -0.1939779818058014 0.1366066336631775 0.2952840030193329 1.0 0.0 0.0
v -0.21400336921215057 0.07152410596609116 0.24188295006752014 1.0 0.0 0.0
v -0.23235997557640076 0.013116715475916862 0.20183216035366058 1.0 0.0 0.0
v -0.25572293996810913 -0.061978504061698914 0.12173059582710266 1.0 0.0 0.0
v -0.21567215025424957 0.19668281078338623 0.3103030323982239 1.0 0.0 0.0
v -0.23569753766059875 0.1332690715789795 0.25189563632011414 1.0 0.0 0.0
v -0.25238537788391113 0.07486167550086975 0.21351364254951477 1.0 0.0 0.0
v -0.2757483422756195 0.0014352367725223303 0.14175598323345184 1.0 0.0 0.0
v -0.24404145777225494 0.2350648045539856 0.3103030323982239 1.0 0.0 0.0
v -0.2840922474861145 0.10656854510307312 0.20183216035366058 1.0 0.0 0.0
v -0.3024488389492035 0.04482358694076538 0.15176868438720703 1.0 0.0 0.0
v -0.2774171233177185 0.30515366792678833 0.32031571865081787 1.0 0.0 0.0
v -0.2974424958229065 0.24173994362354279 0.2635771334171295 1.0 0.0 0.0
v -0.31579911708831787 0.17999498546123505 0.21351364254951477 1.0 0.0 0.0
v -0.33582448959350586 0.11491245776414871 0.15677502751350403 1.0 0.0 0.0
v -0.35584989190101624 0.051498714834451675 0.12339937686920166 1.0 0.0 0.0
v -0.3124615550041199 0.36356106400489807 0.32532209157943726 1.0 0.0 0.0
v -0.33248692750930786 0.29847854375839233 0.2719210386276245 1.0 0.0 0.0
v -0.35251232981681824 0.2350648045539856 0.21017608046531677 1.0 0.0 0.0
v -0.3725377321243286 0.16831350326538086 0.15677502751350403 1.0 0.0 0.0
v -0.33415570855140686 0.4169621169567108 0.33700355887413025 1.0 0.0 0.0
v -0.35251232981681824 0.3535483777523041 0.2836025059223175 1.0 0.0 0.0
v -0.3742065131664276 0.28846585750579834 0.21685120463371277 1.0 0.0 0.0
v -0.3708689510822296 0.4136245548725128 0.3019591271877289 1.0 0.0 0.0
v 0.014619853347539902 -0.23720067739486694 0.2769273817539215 1.0 0.0 0.0
v 0.002938374411314726 -0.1737869381904602 0.2919464409351349 1.0 0.0 0.0
v -0.010411886498332024 -0.11204198002815247 0.32198449969291687 1.0 0.0 0.0
v -0.007074321620166302 -0.2939392924308777 0.22352634370326996 1.0 0.0 0.0
v -0.018755801022052765 -0.23720067739486694 0.24021416902542114 1.0 0.0 0.0
v -0.030437279492616653 -0.1771245002746582 0.2685834765434265 1.0 0.0 0.0
v -0.060475368052721024 -0.2755826711654663 0.1784692108631134 1.0 0.0 0.0
v -0.07215684652328491 -0.21383772790431976 0.20183216035366058 1.0 0.0 0.0
v -0.0855071097612381 -0.15209276974201202 0.22686390578746796 1.0 0.0 0.0
v -0.09551980346441269 -0.09869172424077988 0.24355173110961914 1.0 0.0 0.0
v -0.12055154144763947 0.0264669768512249 0.3169781565666199 1.0 0.0 0.0
v -0.13056424260139465 0.08320558816194534 0.32365331053733826 1.0 0.0 0.0
v -0.11888276040554047 -0.22718799114227295 0.15677502751350403 1.0 0.0 0.0
v -0.13223302364349365 -0.1654430329799652 0.1784692108631134 1.0 0.0 0.0
v -0.14224570989608765 -0.10870441794395447 0.20183216035366058 1.0 0.0 0.0
v -0.15559597313404083 -0.048628244549036026 0.23187024891376495 1.0 0.0 0.0
v -0.16727745532989502 0.01478549838066101 0.25356441736221313 1.0 0.0 0.0
v -0.1789589375257492 0.07486167550086975 0.2752586007118225 1.0 0.0 0.0
v -0.1906404197216034 0.1316002905368805 0.3036279082298279 1.0 0.0 0.0
v -0.2023218870162964 0.19334524869918823 0.32031571865081787 1.0 0.0 0.0
v -0.16227111220359802 -0.1704493761062622 0.15343746542930603 1.0 0.0 0.0
v -0.1756213754415512 -0.10703563690185547 0.1868131160736084 1.0 0.0 0.0
v -0.1873028427362442 -0.04529067873954773 0.21351364254951477 1.0 0.0 0.0
v -0.1989843249320984 0.011447932571172714 0.23187024891376495 1.0 0.0 0.0
v -0.21066580712795258 0.06651776283979416 0.24855807423591614 1.0 0.0 0.0
v -0.22234728932380676 0.1265939325094223 0.2685834765434265 1.0 0.0 0.0
v -0.23402875661849976 0.18500132858753204 0.2936152219772339 1.0 0.0 0.0
v -0.24404145777225494 0.2400711625814438 0.31864693760871887 1.0 0.0 0.0
v -0.25739172101020813 0.30181610584259033 0.34200990200042725 1.0 0.0 0.0
v -0.1956467628479004 -0.15543033182621002 0.12673693895339966 1.0 0.0 0.0
v -0.20732824504375458 -0.09869172424077988 0.15176868438720703 1.0 0.0 0.0
v -0.21900971233844757 -0.038615547120571136 0.1851443350315094 1.0 0.0 0.0
v -0.23069119453430176 0.018123064190149307 0.20350094139575958 1.0 0.0 0.0
v -0.24237267673015594 0.08153680711984634 0.23187024891376495 1.0 0.0 0.0
v -0.25405415892601013 0.1366066336631775 0.24355173110961914 1.0 0.0 0.0
v -0.2657356262207031 0.19501402974128723 0.2719210386276245 1.0 0.0 0.0
v -0.2774171233177185 0.25675898790359497 0.2952840030193329 1.0 0.0 0.0
v -0.2890985906124115 0.3151663839817047 0.32365331053733826 1.0 0.0 0.0
v -0.2707419693470001 -0.04195311293005943 0.13174329698085785 1.0 0.0 0.0
v -0.2824234664440155 0.01645428128540516 0.16511894762516022 1.0 0.0 0.0
v -0.2957737147808075 0.08153680711984634 0.1884818971157074 1.0 0.0 0.0
v -0.3074552118778229 0.1399441957473755 0.21184486150741577 1.0 0.0 0.0
v -0.31746789813041687 0.19167645275592804 0.22519512474536896 1.0 0.0 0.0
v -0.33081814646720886 0.25509020686149597 0.25189563632011414 1.0 0.0 0.0
v -0.34249964356422424 0.3185039460659027 0.2752586007118225 1.0 0.0 0.0
v -0.35418111085891724 0.37858012318611145 0.3019591271877289 1.0 0.0 0.0
v -0.3675313889980316 0.4419938623905182 0.33533477783203125 1.0 0.0 0.0
v -0.34583720564842224 0.06484897434711456 0.12840571999549866 1.0 0.0 0.0
v -0.35751867294311523 0.1249251514673233 0.13841842114925385 1.0 0.0 0.0
v -0.3692001700401306 0.18500132858753204 0.16511894762516022 1.0 0.0 0.0
v 0.2332303822040558 -0.4691614806652069 0.33867233991622925 1.0 0.0 0.0
v 0.18149812519550323 -0.43745461106300354 0.3086342513561249 1.0 0.0 0.0
v 0.16481028497219086 -0.34567156434059143 0.34034112095832825 1.0 0.0 0.0
v 0.14478489756584167 -0.41075408458709717 0.2969527840614319 1.0 0.0 0.0
v 0.1214219406247139 -0.33399006724357605 0.3086342513561249 1.0 0.0 0.0
v 0.10139655321836472 -0.3974038064479828 0.25022685527801514 1.0 0.0 0.0
v 0.08303993940353394 -0.2689075469970703 0.3136405944824219 1.0 0.0 0.0
v 0.061345767229795456 -0.33732762932777405 0.25189563632011414 1.0 0.0 0.0
v 0.042989157140254974 -0.20382502675056458 0.3103030323982239 1.0 0.0 0.0
v 0.022963766008615494 -0.2655699849128723 0.25857076048851013 1.0 0.0 0.0
v 0.021294983103871346 -0.1654430329799652 0.3119718134403229 1.0 0.0 0.0
v 0.2332303822040558 -0.5225625038146973 0.3103030323982239 1.0 0.0 0.0
v 0.2215489000082016 -0.4591487646102905 0.33199721574783325 1.0 0.0 0.0
v 0.19151081144809723 -0.44913607835769653 0.3136405944824219 1.0 0.0 0.0
v 0.17982932925224304 -0.3890599012374878 0.33700355887413025 1.0 0.0 0.0
v 0.1331034153699875 -0.42410433292388916 0.2819337248802185 1.0 0.0 0.0
v 0.1214219406247139 -0.3656969368457794 0.3019591271877289 1.0 0.0 0.0
v 0.10807168483734131 -0.3006144165992737 0.33199721574783325 1.0 0.0 0.0
v 0.07803359627723694 -0.3807159960269928 0.25022685527801514 1.0 0.0 0.0
v 0.06635211408138275 -0.32397738099098206 0.2635771334171295 1.0 0.0 0.0
v 0.05467063561081886 -0.2639012038707733 0.2869400680065155 1.0 0.0 0.0
v 0.042989157140254974 -0.20549380779266357 0.3136405944824219 1.0 0.0 0.0
v 0.031307678669691086 -0.15042398869991302 0.33700355887413025 1.0 0.0 0.0
v 0.03798281028866768 -0.3540154695510864 0.22853268682956696 1.0 0.0 0.0
v 0.02630133181810379 -0.2922705113887787 0.25523319840431213 1.0 0.0 0.0
v -0.5677853226661682 -0.021927719935774803 -0.1235804557800293 1.0 0.0 0.0
v -0.5894794464111328 -0.09034781157970428 -0.17698149383068085 1.0 0.0 0.0
v -0.631199061870575 -0.01525259017944336 -0.18031907081604004 1.0 0.0 0.0
v -0.6512244343757629 -0.0769975483417511 -0.2303825467824936 1.0 0.0 0.0
v -0.6712498068809509 -0.14374884963035583 -0.27877724170684814 1.0 0.0 0.0
v -0.6912752389907837 -0.20716258883476257 -0.3388534188270569 1.0 0.0 0.0
v -0.6812624931335449 -0.01525259017944336 -0.2170322835445404 1.0 0.0 0.0
v -0.7213132977485657 -0.14041128754615784 -0.3171592354774475 1.0 0.0 0.0
v -0.7413386702537537 -0.20716258883476257 -0.37056028842926025 1.0 0.0 0.0
v -0.7613641023635864 -0.2739138901233673 -0.435642808675766 1.0 0.0 0.0
v -0.7380011081695557 -0.0252652857452631 -0.26375818252563477 1.0 0.0 0.0
v -0.7580265402793884 -0.09034781157970428 -0.3204967975616455 1.0 0.0 0.0
v -0.7780519127845764 -0.15709911286830902 -0.37723541259765625 1.0 0.0 0.0
v -0.7997460961341858 -0.22718799114227295 -0.440649151802063 1.0 0.0 0.0
v -0.7947397232055664 -0.001902328454889357 -0.3088153302669525 1.0 0.0 0.0
v -0.8431344032287598 0.05650506541132927 -0.3121528923511505 1.0 0.0 0.0
v -0.8614910244941711 -0.001902328454889357 -0.36722272634506226 1.0 0.0 0.0
v -0.8831852078437805 -0.0736599788069725 -0.425630122423172 1.0 0.0 0.0
v -0.8931978940963745 0.03981723636388779 -0.36889150738716125 1.0 0.0 0.0
v -0.9148920774459839 -0.028602851554751396 -0.433974027633667 1.0 0.0 0.0
v -0.9365862607955933 0.03481088951230049 -0.4089422821998596 1.0 0.0 0.0
v -0.979974627494812 0.08821193128824234 -0.423961341381073 1.0 0.0 0.0
v -0.5243969559669495 -0.020258937031030655 -0.08352967351675034 1.0 0.0 0.0
v -0.5444223284721375 -0.030271634459495544 -0.10856141149997711 1.0 0.0 0.0
v -0.5761291980743408 -0.0736599788069725 -0.15194976329803467 1.0 0.0 0.0
v -0.5894794464111328 -0.008577459491789341 -0.1285867989063263 1.0 0.0 0.0
v -0.6061673164367676 -0.12539224326610565 -0.20701958239078522 1.0 0.0 0.0
v -0.6178487539291382 -0.0703224167227745 -0.19533811509609222 1.0 0.0 0.0
v -0.6295302510261536 -0.008577459491789341 -0.16696880757808685 1.0 0.0 0.0
v -0.6295302510261536 -0.13540494441986084 -0.2337201088666916 1.0 0.0 0.0
v -0.641211748123169 -0.0719911977648735 -0.2136947214603424 1.0 0.0 0.0
v -0.6528931856155396 -0.01525259017944336 -0.19200053811073303 1.0 0.0 0.0
v -0.6595683097839355 -0.09869172424077988 -0.24039523303508759 1.0 0.0 0.0
v -0.6712498068809509 -0.03694676235318184 -0.2153635025024414 1.0 0.0 0.0
v -0.6829313039779663 0.021460628136992455 -0.19200053811073303 1.0 0.0 0.0
v -0.6929439902305603 -0.12038590013980865 -0.28211480379104614 1.0 0.0 0.0
v -0.7062942385673523 -0.060309723019599915 -0.26042062044143677 1.0 0.0 0.0
v -0.7163069248199463 -0.00357111101038754 -0.24540159106254578 1.0 0.0 0.0
v -0.7179757356643677 -0.23886945843696594 -0.37222906947135925 1.0 0.0 0.0
v -0.7296572327613831 -0.1787932962179184 -0.3455285429954529 1.0 0.0 0.0
v -0.739669919013977 -0.12539224326610565 -0.3238343596458435 1.0 0.0 0.0
v -0.753020167350769 -0.061978504061698914 -0.3004714250564575 1.0 0.0 0.0
v -0.7647016644477844 -0.001902328454889357 -0.28044602274894714 1.0 0.0 0.0
v -0.7513513565063477 -0.24220703542232513 -0.3989295959472656 1.0 0.0 0.0
v -0.7613641023635864 -0.1871372014284134 -0.37723541259765625 1.0 0.0 0.0
v -0.7863958477973938 -0.06698485463857651 -0.3371846377849579 1.0 0.0 0.0
v -0.7980772852897644 -0.0052398936823010445 -0.3071465492248535 1.0 0.0 0.0
v -0.8097587823867798 0.051498714834451675 -0.28878992795944214 1.0 0.0 0.0
v -0.7780519127845764 -0.2522197365760803 -0.433974027633667 1.0 0.0 0.0
v -0.7914021611213684 -0.1904747635126114 -0.4106110632419586 1.0 0.0 0.0
v -0.8030836582183838 -0.13039858639240265 -0.38224175572395325 1.0 0.0 0.0
v -0.8147651553153992 -0.0736599788069725 -0.36555394530296326 1.0 0.0 0.0
v -0.8264465928077698 -0.011915024369955063 -0.3388534188270569 1.0 0.0 0.0
v -0.8397968411445618 0.049829933792352676 -0.3154904544353485 1.0 0.0 0.0
v -0.8831852078437805 0.04816115275025368 -0.3522036671638489 1.0 0.0 0.0
v -0.8948667049407959 -0.0719911977648735 -0.433974027633667 1.0 0.0 0.0
v -0.9065481424331665 -0.008577459491789341 -0.4056047201156616 1.0 0.0 0.0
v -0.9198984503746033 0.05483628064393997 -0.39058569073677063 1.0 0.0 0.0
v -0.9215672016143799 -0.040284328162670135 -0.44565549492836 1.0 0.0 0.0
v -0.9332486987113953 0.018123064190149307 -0.422292560338974 1.0 0.0 0.0
v -0.9449301958084106 0.07819923758506775 -0.39225447177886963 1.0 0.0 0.0
v -0.9432613849639893 -0.006908676587045193 -0.442317932844162 1.0 0.0 0.0
v -1.0 0.07486167550086975 -0.45066186785697937 1.0 0.0 0.0
v -0.3942318856716156 0.10156219452619553 0.10003641992807388 1.0 0.0 0.0
v -0.412588506937027 0.041486021131277084 0.054979290813207626 1.0 0.0 0.0
v -0.3959006667137146 0.2183769792318344 0.16678772866725922 1.0 0.0 0.0
v -0.415926069021225 0.15162567794322968 0.10838033258914948 1.0 0.0 0.0
v -0.43595147132873535 0.08988071978092194 0.056648071855306625 1.0 0.0 0.0
v -0.45430806279182434 0.02479819394648075 0.008253375068306923 1.0 0.0 0.0
v -0.3908943235874176 0.3485420346260071 0.24688929319381714 1.0 0.0 0.0
v -0.410919725894928 0.28179073333740234 0.1884818971157074 1.0 0.0 0.0
v -0.42927634716033936 0.2200457602739334 0.14008720219135284 1.0 0.0 0.0
v -0.44930171966552734 0.15663202106952667 0.0866861566901207 1.0 0.0 0.0
v -0.4693271219730377 0.09154950082302094 0.024941202253103256 1.0 0.0 0.0
v -0.4893524944782257 0.0264669768512249 -0.033466190099716187 1.0 0.0 0.0
v -0.40758216381073 0.49706369638442993 0.32031571865081787 1.0 0.0 0.0
v -0.42927634716033936 0.4303123652935028 0.25189563632011414 1.0 0.0 0.0
v -0.44763293862342834 0.36856740713119507 0.20183216035366058 1.0 0.0 0.0
v -0.4693271219730377 0.29847854375839233 0.14509354531764984 1.0 0.0 0.0
v -0.4893524944782257 0.2350648045539856 0.09169250726699829 1.0 0.0 0.0
v -0.5093778967857361 0.16831350326538086 0.03328511491417885 1.0 0.0 0.0
v -0.5294032692909241 0.10489976406097412 -0.013440798968076706 1.0 0.0 0.0
v -0.5494287014007568 0.03647967427968979 -0.07351697236299515 1.0 0.0 0.0
v -0.4943588674068451 0.4336499571800232 0.20350094139575958 1.0 0.0 0.0
v -0.5127154588699341 0.37190499901771545 0.14843112230300903 1.0 0.0 0.0
v -0.5344096422195435 0.30181610584259033 0.08835494518280029 1.0 0.0 0.0
v -0.5544350147247314 0.2384023666381836 0.029947549104690552 1.0 0.0 0.0
v -0.5727916359901428 0.17498862743377686 -0.016778364777565002 1.0 0.0 0.0
v -0.5928170084953308 0.10990610718727112 -0.07184819132089615 1.0 0.0 0.0
v -0.6128424406051636 0.04649236798286438 -0.1252492368221283 1.0 0.0 0.0
v -0.5644477009773254 0.36856740713119507 0.11004911363124847 1.0 0.0 0.0
v -0.5828043222427368 0.30682244896888733 0.04830415919423103 1.0 0.0 0.0
v -0.6011609435081482 0.24674628674983978 -0.0017593208467587829 1.0 0.0 0.0
v -0.6228551268577576 0.17665740847587585 -0.05849793180823326 1.0 0.0 0.0
v -0.641211748123169 0.11825001984834671 -0.09687992930412292 1.0 0.0 0.0
v -0.6595683097839355 0.05650506541132927 -0.15862488746643066 1.0 0.0 0.0
v -0.6195175647735596 0.3602235019207001 0.04830415919423103 1.0 0.0 0.0
v -0.637874186038971 0.30181610584259033 0.006584592629224062 1.0 0.0 0.0
v -0.6578995585441589 0.2333960235118866 -0.05015401914715767 1.0 0.0 0.0
v -0.6779249310493469 0.16664472222328186 -0.10522384196519852 1.0 0.0 0.0
v -0.6979503631591797 0.10323097556829453 -0.16530002653598785 1.0 0.0 0.0
v -0.7163069248199463 0.04315480217337608 -0.2103571593761444 1.0 0.0 0.0
v -0.7163069248199463 0.25842776894569397 -0.09020479768514633 1.0 0.0 0.0
v -0.7346635460853577 0.19501402974128723 -0.14360584318637848 1.0 0.0 0.0
v -0.756357729434967 0.1249251514673233 -0.20535080134868622 1.0 0.0 0.0
v -0.7780519127845764 0.05817384645342827 -0.25708305835723877 1.0 0.0 0.0
v -0.783058226108551 0.253421425819397 -0.15028098225593567 1.0 0.0 0.0
v -0.8030836582183838 0.19167645275592804 -0.2103571593761444 1.0 0.0 0.0
v -0.8231090307235718 0.1215875893831253 -0.26709577441215515 1.0 0.0 0.0
v -0.8347905278205872 0.2317272424697876 -0.2120259404182434 1.0 0.0 0.0
v -0.8564847111701965 0.16330716013908386 -0.27210211753845215 1.0 0.0 0.0
v -0.8748412728309631 0.10323097556829453 -0.3238343596458435 1.0 0.0 0.0
v -0.8982042670249939 0.15996958315372467 -0.3021402060985565 1.0 0.0 0.0
v -0.9165608882904053 0.09989341348409653 -0.3538724482059479 1.0 0.0 0.0
v -0.9582804441452026 0.15496324002742767 -0.36388516426086426 1.0 0.0 0.0
v -0.3808816373348236 0.24674628674983978 0.1934882551431656 1.0 0.0 0.0
v -0.3925631046295166 0.30682244896888733 0.21017608046531677 1.0 0.0 0.0
v -0.404244601726532 0.36522984504699707 0.24355173110961914 1.0 0.0 0.0
v -0.415926069021225 0.4186308979988098 0.26023954153060913 1.0 0.0 0.0
v -0.42760753631591797 0.48204463720321655 0.2836025059223175 1.0 0.0 0.0
v -0.3959006667137146 0.10489976406097412 0.10337398946285248 1.0 0.0 0.0
v -0.40758216381073 0.16497594118118286 0.12673693895339966 1.0 0.0 0.0
v -0.420932412147522 0.2300584614276886 0.14676234126091003 1.0 0.0 0.0
v -0.43261390924453735 0.28679707646369934 0.1734628528356552 1.0 0.0 0.0
v -0.44429537653923035 0.3468732535839081 0.20016337931156158 1.0 0.0 0.0
v -0.45597684383392334 0.4119557738304138 0.22853268682956696 1.0 0.0 0.0
v -0.42426997423171997 0.06318019330501556 0.05998563766479492 1.0 0.0 0.0
v -0.43595147132873535 0.1199188083410263 0.07166711241006851 1.0 0.0 0.0
v -0.44763293862342834 0.18333254754543304 0.10337398946285248 1.0 0.0 0.0
v -0.45931440591812134 0.24507750570774078 0.12673693895339966 1.0 0.0 0.0
v -0.4726646840572357 0.30348488688468933 0.15176868438720703 1.0 0.0 0.0
v -0.4843461513519287 0.36522984504699707 0.1784692108631134 1.0 0.0 0.0
v -0.4960276484489441 0.4219684600830078 0.20350094139575958 1.0 0.0 0.0
v -0.4659895598888397 0.019791845232248306 0.0015782444970682263 1.0 0.0 0.0
v -0.4776710271835327 0.07653045654296875 0.013259722851216793 1.0 0.0 0.0
v -0.4876837134361267 0.1316002905368805 0.03495389595627785 1.0 0.0 0.0
v -0.5010339617729187 0.19668281078338623 0.06165441870689392 1.0 0.0 0.0
v -0.5110467076301575 0.253421425819397 0.0816798135638237 1.0 0.0 0.0
v -0.5227281451225281 0.3101600408554077 0.11171790212392807 1.0 0.0 0.0
v -0.5344096422195435 0.37023618817329407 0.13341207802295685 1.0 0.0 0.0
v -0.5143842697143555 0.03981723636388779 -0.03847254067659378 1.0 0.0 0.0
v -0.5260657072067261 0.09655585139989853 -0.016778364777565002 1.0 0.0 0.0
v -0.5360783934593201 0.14995689690113068 0.004915809724479914 1.0 0.0 0.0
v -0.5494287014007568 0.2167081981897354 0.03161633387207985 1.0 0.0 0.0
v -0.5594413876533508 0.27177801728248596 0.054979290813207626 1.0 0.0 0.0
v -0.5711228847503662 0.3285166323184967 0.0850173756480217 1.0 0.0 0.0
v -0.5844731330871582 0.39026159048080444 0.10337398946285248 1.0 0.0 0.0
v -0.5377472043037415 0.03981723636388779 -0.06183549761772156 1.0 0.0 0.0
v -0.5611101388931274 0.15996958315372467 -0.013440798968076706 1.0 0.0 0.0
v -0.5727916359901428 0.2200457602739334 0.008253375068306923 1.0 0.0 0.0
v -0.5844731330871582 0.27511557936668396 0.028278766199946404 1.0 0.0 0.0
v -0.5961545705795288 0.3368605375289917 0.06165441870689392 1.0 0.0 0.0
v -0.5561038255691528 0.028135759755969048 -0.09020479768514633 1.0 0.0 0.0
v -0.5677853226661682 0.08821193128824234 -0.06016671285033226 1.0 0.0 0.0
v -0.5794667601585388 0.14661933481693268 -0.03847254067659378 1.0 0.0 0.0
v -0.5911482572555542 0.20836429297924042 -0.015109581872820854 1.0 0.0 0.0
v -0.6044985055923462 0.26844045519828796 0.014928505755960941 1.0 0.0 0.0
v -0.6161800026893616 0.3301854133605957 0.03495389595627785 1.0 0.0 0.0
v -0.6011609435081482 0.049829933792352676 -0.10856141149997711 1.0 0.0 0.0
v -0.6128424406051636 0.10823732614517212 -0.08352967351675034 1.0 0.0 0.0
v -0.6261926889419556 0.17331984639167786 -0.05849793180823326 1.0 0.0 0.0
v -0.637874186038971 0.2317272424697876 -0.03179740905761719 1.0 0.0 0.0
v -0.6478868722915649 0.28679707646369934 -0.015109581872820854 1.0 0.0 0.0
v -0.6428804993629456 0.051498714834451675 -0.14527462422847748 1.0 0.0 0.0
v -0.6528931856155396 0.10489976406097412 -0.1202428862452507 1.0 0.0 0.0
v -0.6645746827125549 0.16497594118118286 -0.10355506092309952 1.0 0.0 0.0
v -0.6779249310493469 0.2283896803855896 -0.08352967351675034 1.0 0.0 0.0
v -0.6896064281463623 0.28679707646369934 -0.05182280018925667 1.0 0.0 0.0
v -0.6645746827125549 0.04315480217337608 -0.17197515070438385 1.0 0.0 0.0
v -0.6779249310493469 0.10656854510307312 -0.14193706214427948 1.0 0.0 0.0
v -0.6896064281463623 0.16998228430747986 -0.1219116747379303 1.0 0.0 0.0
v -0.7012879252433777 0.2267208993434906 -0.09521114826202393 1.0 0.0 0.0
v -0.7146381735801697 0.28846585750579834 -0.07184819132089615 1.0 0.0 0.0
v -0.6946128010749817 0.08320558816194534 -0.17030636966228485 1.0 0.0 0.0
v -0.7062942385673523 0.1416129767894745 -0.14694340527057648 1.0 0.0 0.0
v -0.7179757356643677 0.20002037286758423 -0.1285867989063263 1.0 0.0 0.0
v -0.7313259840011597 0.26176533102989197 -0.09687992930412292 1.0 0.0 0.0
v -0.7279884219169617 0.051498714834451675 -0.2203698456287384 1.0 0.0 0.0
v -0.739669919013977 0.10990610718727112 -0.19867567718029022 1.0 0.0 0.0
v -0.7513513565063477 0.17165106534957886 -0.17698149383068085 1.0 0.0 0.0
v -0.763032853603363 0.2317272424697876 -0.14861220121383667 1.0 0.0 0.0
v -0.776383101940155 0.05316749960184097 -0.26042062044143677 1.0 0.0 0.0
v -0.7863958477973938 0.10990610718727112 -0.2370576709508896 1.0 0.0 0.0
v -0.7997460961341858 0.17331984639167786 -0.2103571593761444 1.0 0.0 0.0
v -0.8114275336265564 0.2350648045539856 -0.18866297602653503 1.0 0.0 0.0
v -0.8214402794837952 0.11157488822937012 -0.26709577441215515 1.0 0.0 0.0
v -0.8331217169761658 0.16998228430747986 -0.24373281002044678 1.0 0.0 0.0
v -0.8514783382415771 0.10990610718727112 -0.29379627108573914 1.0 0.0 0.0
v -0.8631598353385925 0.17165106534957886 -0.27210211753845215 1.0 0.0 0.0
v -0.9065481424331665 0.16664472222328186 -0.3054777681827545 1.0 0.0 0.0
v -0.9315798878669739 0.10990610718727112 -0.36221638321876526 1.0 0.0 0.0
v -0.9566116333007812 0.1349378526210785 -0.37056028842926025 1.0 0.0 0.0
v -0.5644477009773254 -0.5742948055267334 -0.427298903465271 1.0 0.0 0.0
v -0.35918745398521423 -0.9280766844749451 -0.45399942994117737 1.0 0.0 0.0
v -0.3775440752506256 -0.8947010636329651 -0.45066186785697937 1.0 0.0 0.0
v -0.43261390924453735 -0.8179370164871216 -0.45399942994117737 1.0 0.0 0.0
v -0.3675313889980316 -0.9214015603065491 -0.45399942994117737 1.0 0.0 0.0
v -0.42426997423171997 -0.842968761920929 -0.45233064889907837 1.0 0.0 0.0
v -0.4860149323940277 -0.7328291535377502 -0.45566821098327637 1.0 0.0 0.0
v -0.5210593938827515 -0.6777592897415161 -0.442317932844162 1.0 0.0 0.0
v -0.5510974526405334 -0.6393772959709167 -0.45399942994117737 1.0 0.0 0.0
v -0.6095048785209656 -0.54258793592453 -0.45066186785697937 1.0 0.0 0.0
v -0.4743334650993347 -0.7662047743797302 -0.45066186785697937 1.0 0.0 0.0
v -0.412588506937027 -0.7578608989715576 -0.3989295959472656 1.0 0.0 0.0
v -0.43595147132873535 -0.7812238335609436 -0.427298903465271 1.0 0.0 0.0
v -0.44596415758132935 -0.7294915914535522 -0.4139486253261566 1.0 0.0 0.0
v -0.4976964294910431 -0.6710841655731201 -0.422292560338974 1.0 0.0 0.0
v 0.26159968972206116 -0.5609444975852966 0.3153093755245209 1.0 0.0 0.0
v 0.2132049947977066 -0.5325751900672913 0.2802649438381195 1.0 0.0 0.0
v 0.2132049947977066 -0.5609444975852966 0.2752586007118225 1.0 0.0 0.0
v 0.15646637976169586 -0.5442566871643066 0.23687659204006195 1.0 0.0 0.0
v 0.0012695917394012213 -0.33565884828567505 0.19849459826946259 1.0 0.0 0.0
v -0.037112411111593246 -0.4608175456523895 0.09336128830909729 1.0 0.0 0.0
v -0.06214414909482002 -0.2956080734729767 0.16511894762516022 1.0 0.0 0.0
v -0.0805007591843605 -0.3573530316352844 0.12840571999549866 1.0 0.0 0.0
v -0.11053884774446487 -0.31229591369628906 0.12173059582710266 1.0 0.0 0.0
v 0.01628863625228405 -0.41409164667129517 0.1717940717935562 1.0 0.0 0.0
v 0.004607156850397587 -0.3540154695510864 0.20516972243785858 1.0 0.0 0.0
v -0.02376214787364006 -0.4608175456523895 0.11171790212392807 1.0 0.0 0.0
v -0.03544362634420395 -0.3974038064479828 0.13174329698085785 1.0 0.0 0.0
v -0.048793889582157135 -0.33399006724357605 0.15677502751350403 1.0 0.0 0.0
v -0.09718858450651169 -0.34066522121429443 0.12506815791130066 1.0 0.0 0.0
v -0.10553249716758728 -0.2922705113887787 0.13341207802295685 1.0 0.0 0.0
v -0.15225841104984283 -0.22551921010017395 0.13341207802295685 1.0 0.0 0.0
v 0.15980394184589386 -0.5042058825492859 0.25189563632011414 1.0 0.0 0.0
v 0.12475951015949249 -0.4741678237915039 0.23687659204006195 1.0 0.0 0.0
v 0.08137115836143494 -0.4641551375389099 0.20183216035366058 1.0 0.0 0.0
v 0.041320376098155975 -0.4007413685321808 0.1934882551431656 1.0 0.0 0.0
v 0.022963766008615494 -0.4658239185810089 0.14175598323345184 1.0 0.0 0.0
v 0.20319229364395142 -0.5075434446334839 0.2902776300907135 1.0 0.0 0.0
v 0.14478489756584167 -0.4858492910861969 0.25690197944641113 1.0 0.0 0.0
v 0.10139655321836472 -0.4975307881832123 0.20683850347995758 1.0 0.0 0.0
v 0.08971507102251053 -0.43912339210510254 0.22686390578746796 1.0 0.0 0.0
v 0.061345767229795456 -0.4708302617073059 0.1901506781578064 1.0 0.0 0.0
v 0.051333069801330566 -0.41576042771339417 0.20016337931156158 1.0 0.0 0.0
v 0.029638897627592087 -0.4758366048336029 0.15343746542930603 1.0 0.0 0.0
v -0.33749330043792725 -0.9697962403297424 -0.45066186785697937 1.0 0.0 0.0
v -0.21233458817005157 -0.6427148580551147 -0.15361854434013367 1.0 0.0 0.0
v -0.23069119453430176 -0.7011222839355469 -0.20535080134868622 1.0 0.0 0.0
v -0.25071659684181213 -0.7645360231399536 -0.25541427731513977 1.0 0.0 0.0
v -0.2724107503890991 -0.8346248865127563 -0.3121528923511505 1.0 0.0 0.0
v -0.2924361526966095 -0.8980386257171631 -0.36555394530296326 1.0 0.0 0.0
v -0.25906050205230713 -0.6043328642845154 -0.18031907081604004 1.0 0.0 0.0
v -0.2807546854019165 -0.6727529764175415 -0.2387264519929886 1.0 0.0 0.0
v -0.2991112768650055 -0.7361667156219482 -0.29379627108573914 1.0 0.0 0.0
v -0.32080546021461487 -0.806255578994751 -0.36054760217666626 1.0 0.0 0.0
v -0.34083086252212524 -0.8696693181991577 -0.4005983769893646 1.0 0.0 0.0
v -0.2974424958229065 -0.6343709826469421 -0.2303825467824936 1.0 0.0 0.0
v -0.31579911708831787 -0.6961159110069275 -0.28044602274894714 1.0 0.0 0.0
v -0.33749330043792725 -0.7662047743797302 -0.3338470757007599 1.0 0.0 0.0
v -0.35751867294311523 -0.8312873244285583 -0.38557931780815125 1.0 0.0 0.0
v -0.34750598669052124 -0.6877719759941101 -0.2971338629722595 1.0 0.0 0.0
v -0.16560867428779602 -0.5709571838378906 -0.06517305970191956 1.0 0.0 0.0
v -0.2023218870162964 -0.6493899822235107 -0.16029366850852966 1.0 0.0 0.0
v -0.21400336921215057 -0.5926513671875 -0.13526193797588348 1.0 0.0 0.0
v -0.22902241349220276 -0.7294915914535522 -0.2153635025024414 1.0 0.0 0.0
v -0.24070389568805695 -0.6694154143333435 -0.19867567718029022 1.0 0.0 0.0
v -0.25739172101020813 -0.7762174606323242 -0.26208940148353577 1.0 0.0 0.0
v -0.2690731883049011 -0.7161412835121155 -0.24873915314674377 1.0 0.0 0.0
v -0.2807546854019165 -0.6577339172363281 -0.2187010645866394 1.0 0.0 0.0
v -0.2840922474861145 -0.8896946907043457 -0.35887882113456726 1.0 0.0 0.0
v -0.2974424958229065 -0.8279497623443604 -0.3321782946586609 1.0 0.0 0.0
v -0.3091239929199219 -0.7662047743797302 -0.3188280165195465 1.0 0.0 0.0
v -0.32080546021461487 -0.7044598460197449 -0.29045870900154114 1.0 0.0 0.0
v -0.32414302229881287 -0.9147264361381531 -0.4072735011577606 1.0 0.0 0.0
v -0.33582448959350586 -0.8563190698623657 -0.38057297468185425 1.0 0.0 0.0
v -0.34750598669052124 -0.796242892742157 -0.3538724482059479 1.0 0.0 0.0
v -0.36085623502731323 -0.7344979047775269 -0.3355158567428589 1.0 0.0 0.0
v -0.34750598669052124 -0.9097200632095337 -0.425630122423172 1.0 0.0 0.0
v -0.36085623502731323 -0.8513126969337463 -0.4022671580314636 1.0 0.0 0.0
v -0.3725377321243286 -0.7878989577293396 -0.37890419363975525 1.0 0.0 0.0
v -0.3842191994190216 -0.7278227806091309 -0.3522036671638489 1.0 0.0 0.0
v -0.3792128562927246 -0.8579878211021423 -0.42896768450737 1.0 0.0 0.0
v -0.3908943235874176 -0.799580454826355 -0.4022671580314636 1.0 0.0 0.0
v -0.402575820684433 -0.7395042777061462 -0.38724809885025024 1.0 0.0 0.0
v -0.08520179241895676 -0.0038988736923784018 0.3208255171775818 1.0 0.0 0.0
v -0.4032200574874878 0.10168047994375229 0.09616199880838394 1.0 0.0 0.0
v -0.10683250427246094 -0.19501496851444244 0.1922043263912201 1.0 0.0 0.0
v -0.22166959941387177 0.0462489053606987 0.22718535363674164 1.0 0.0 0.0
v 0.18672329187393188 -0.4134817123413086 0.3304217755794525 1.0 0.0 0.0
v -0.28438445925712585 -0.8271527886390686 -0.32822751998901367 1.0 0.0 0.0
v 0.0458608940243721 -0.34770849347114563 0.24177417159080505 1.0 0.0 0.0
v -0.4447841942310333 0.46140921115875244 0.26452115178108215 1.0 0.0 0.0
v 0.1979667842388153 -0.3989500403404236 0.3488040566444397 1.0 0.0 0.0
v -0.3259629011154175 0.31581273674964905 0.28779110312461853 1.0 0.0 0.0
v -0.3905273377895355 0.41437312960624695 0.28626206517219543 1.0 0.0 0.0
v -0.7025476694107056 0.18388482928276062 -0.12511128187179565 1.0 0.0 0.0
v -0.01806497387588024 -0.40712517499923706 0.15052293241024017 1.0 0.0 0.0
v -0.3183009624481201 -0.9452444314956665 -0.42612093687057495 1.0 0.0 0.0
v -0.612084150314331 -0.06441626697778702 -0.18595825135707855 1.0 0.0 0.0
v -0.6263254284858704 0.2054992914199829 -0.04444648325443268 1.0 0.0 0.0
v -0.44896775484085083 -0.8029384613037109 -0.4618876278400421 1.0 0.0 0.0
v 0.08304562419652939 -0.5206670761108398 0.17624182999134064 1.0 0.0 0.0
v -0.39907461404800415 0.24361370503902435 0.18100151419639587 1.0 0.0 0.0
v -0.7913015484809875 -0.10069689154624939 -0.36731040477752686 1.0 0.0 0.0
v -0.4726048409938812 0.21181803941726685 0.09693008661270142 1.0 0.0 0.0
v -0.24684780836105347 -0.06875750422477722 0.1388866901397705 1.0 0.0 0.0
v -0.21353787183761597 -0.5725142359733582 -0.11919154971837997 1.0 0.0 0.0
v 0.14966964721679688 -0.6995823383331299 0.13368846476078033 1.0 0.0 0.0
v -0.4453546702861786 0.23260973393917084 0.1332356482744217 1.0 0.0 0.0
v -0.5981897711753845 -0.11195702105760574 -0.200678750872612 1.0 0.0 0.0
v -0.1552666425704956 -0.5456151366233826 -0.051594026386737823 1.0 0.0 0.0
v -0.8259638547897339 0.13493317365646362 -0.26369649171829224 1.0 0.0 0.0
v -0.657926619052887 0.1083206981420517 -0.1283116489648819 1.0 0.0 0.0
v -0.6938130855560303 0.1261463612318039 -0.15028469264507294 1.0 0.0 0.0
v -0.3653217554092407 0.06864867359399796 0.11124669760465622 1.0 0.0 0.0
v -0.02964777871966362 -0.5938752293586731 0.033402219414711 1.0 0.0 0.0
v -0.2304583638906479 -0.5838033556938171 -0.14080823957920074 1.0 0.0 0.0
v -0.35934072732925415 -0.8323473930358887 -0.39837270975112915 1.0 0.0 0.0
v -0.005724726244807243 -0.6500917077064514 0.022710639983415604 1.0 0.0 0.0
v -0.7759546041488647 0.25806930661201477 -0.14849746227264404 1.0 0.0 0.0
v -0.3366396725177765 -0.6744608283042908 -0.2877851724624634 1.0 0.0 0.0
v -0.10561658442020416 -0.8529001474380493 -0.18273144960403442 1.0 0.0 0.0
v -0.6222871541976929 0.16969214379787445 -0.0612935870885849 1.0 0.0 0.0
v -0.2849441170692444 0.26253122091293335 0.2940983176231384 1.0 0.0 0.0
v 0.3160983622074127 -0.571972668170929 0.3557800352573395 1.0 0.0 0.0
v -0.8698931932449341 -0.0019500560592859983 -0.3813040554523468 1.0 0.0 0.0
v -0.8126180768013 -0.0007840277976356447 -0.3293074369430542 1.0 0.0 0.0
v -0.13178715109825134 -0.5237361788749695 -0.018046315759420395 1.0 0.0 0.0
v -0.11760266125202179 -0.770948052406311 -0.14663229882717133 1.0 0.0 0.0
v -0.01156553253531456 -0.405110627412796 0.15749920904636383 1.0 0.0 0.0
v -0.45236697793006897 0.07731079310178757 0.0381874218583107 1.0 0.0 0.0
v -0.24636122584342957 -0.0370435006916523 0.15744943916797638 1.0 0.0 0.0
v -0.10912138968706131 -0.5772165060043335 -0.02830076962709427 1.0 0.0 0.0
v -0.7212133407592773 -0.03188283368945122 -0.265165239572525 1.0 0.0 0.0
v 0.14581850171089172 -0.37181106209754944 0.31758034229278564 1.0 0.0 0.0
v -0.5366054773330688 0.15926331281661987 0.009533913806080818 1.0 0.0 0.0
v -0.4553476870059967 -0.7621249556541443 -0.44427767395973206 1.0 0.0 0.0
v -0.38118934631347656 0.14670728147029877 0.14164184033870697 1.0 0.0 0.0
v -0.3325437009334564 -0.7457534670829773 -0.32486289739608765 1.0 0.0 0.0
v 0.06455442309379578 -0.2269309014081955 0.32755985856056213 1.0 0.0 0.0
v -0.16575323045253754 -0.10930929332971573 0.18838588893413544 1.0 0.0 0.0
v 0.26829245686531067 -0.5400462746620178 0.3311842381954193 1.0 0.0 0.0
v -0.6019218564033508 0.28801730275154114 0.02458864636719227 1.0 0.0 0.0
v -0.1553483009338379 -0.005563165061175823 0.25700870156288147 1.0 0.0 0.0
v -0.7512730360031128 0.16433916985988617 -0.1799507737159729 1.0 0.0 0.0
v -0.671596884727478 -0.14284437894821167 -0.28412070870399475 1.0 0.0 0.0
v -0.7124913334846497 -0.1671263575553894 -0.3346492350101471 1.0 0.0 0.0
v -0.2974662482738495 -0.8414836525917053 -0.3481425344944 1.0 0.0 0.0
v -0.2406580150127411 0.0651307925581932 0.2209601253271103 1.0 0.0 0.0
v -0.3375519812107086 -0.9082386493682861 -0.4222224950790405 1.0 0.0 0.0
v 0.10084749758243561 -0.27238547801971436 0.334105521440506 1.0 0.0 0.0
v -0.5431994795799255 -0.6581607460975647 -0.46358829736709595 1.0 0.0 0.0
v -0.3880261778831482 0.38457196950912476 0.27147024869918823 1.0 0.0 0.0
v -0.5850449204444885 0.05857173725962639 -0.0914296954870224 1.0 0.0 0.0
v -0.17022095620632172 -0.9140878915786743 -0.2756030261516571 1.0 0.0 0.0
v -0.4846065938472748 0.3712187707424164 0.17728227376937866 1.0 0.0 0.0
v -0.13858285546302795 -0.8281561136245728 -0.19813308119773865 1.0 0.0 0.0
v -0.23438365757465363 -0.9185584783554077 -0.3356611430644989 1.0 0.0 0.0
v -0.49571776390075684 -0.039426613599061966 -0.06738697737455368 1.0 0.0 0.0
v 0.11543255299329758 -0.3958284556865692 0.2766207456588745 1.0 0.0 0.0
v -0.8022282123565674 0.1366070657968521 -0.24146777391433716 1.0 0.0 0.0
v -0.5027440786361694 -0.04945393651723862 -0.07941528409719467 1.0 0.0 0.0
v -0.3532308042049408 0.35140636563301086 0.28369763493537903 1.0 0.0 0.0
v 0.05831357091665268 -0.4133288562297821 0.21542786061763763 1.0 0.0 0.0
v -0.004251369275152683 -0.2009032815694809 0.2807723879814148 1.0 0.0 0.0
v 0.08280126750469208 -0.4817223846912384 0.1982823610305786 1.0 0.0 0.0
v -0.39283305406570435 -0.7226894497871399 -0.3657118082046509 1.0 0.0 0.0
v -0.3915116786956787 -0.8591440916061401 -0.4425205588340759 1.0 0.0 0.0
v -0.08718433231115341 -0.26023003458976746 0.17253832519054413 1.0 0.0 0.0
v -0.8562608361244202 0.1002582311630249 -0.31066784262657166 1.0 0.0 0.0
v -0.7400128245353699 0.2485443651676178 -0.12173040956258774 1.0 0.0 0.0
v -0.3376716673374176 0.20169635117053986 0.21207250654697418 1.0 0.0 0.0
v 0.040418386459350586 -0.3102317750453949 0.2583170235157013 1.0 0.0 0.0
v -0.1751175820827484 -0.8620153665542603 -0.2502284646034241 1.0 0.0 0.0
v 0.18936355412006378 -0.5930125117301941 0.23017410933971405 1.0 0.0 0.0
v -0.040190160274505615 -0.25286832451820374 0.218862384557724 1.0 0.0 0.0
v -0.058619435876607895 -0.07286284863948822 0.3052311837673187 1.0 0.0 0.0
v -0.4013730585575104 -0.8869292140007019 -0.4672394096851349 1.0 0.0 0.0
v -0.1670048087835312 -0.8371002078056335 -0.22871705889701843 1.0 0.0 0.0
v -0.1802835315465927 -0.5992066860198975 -0.10464543104171753 1.0 0.0 0.0
v -0.3536134362220764 -0.9797030091285706 -0.4774635136127472 1.0 0.0 0.0
v -0.4928434193134308 -0.6823503375053406 -0.43228498101234436 1.0 0.0 0.0
v -0.5410647392272949 -0.6087279915809631 -0.4334210157394409 1.0 0.0 0.0
v -0.5502256751060486 0.23839542269706726 0.0425567552447319 1.0 0.0 0.0
v -0.3352223038673401 0.1782456785440445 0.2008640021085739 1.0 0.0 0.0
v -0.8937970399856567 0.18210344016551971 -0.29752787947654724 1.0 0.0 0.0
v -0.28868934512138367 -0.9037308692932129 -0.37585508823394775 1.0 0.0 0.0
v -0.37415429949760437 0.23683491349220276 0.19946067035198212 1.0 0.0 0.0
v -0.6013956069946289 0.1557317078113556 -0.05054977163672447 1.0 0.0 0.0
v -0.2759111225605011 0.13988491892814636 0.23209317028522491 1.0 0.0 0.0
v -0.2922995388507843 0.15937530994415283 0.22854585945606232 1.0 0.0 0.0
v 0.013156423345208168 -0.5523673892021179 0.09548801183700562 1.0 0.0 0.0
v -0.3115076720714569 0.0029077092185616493 0.12189973145723343 1.0 0.0 0.0
v -0.005119592882692814 -0.6863089203834534 0.0025524094235152006 1.0 0.0 0.0
v -0.7396167516708374 -0.19475319981575012 -0.3747497797012329 1.0 0.0 0.0
v -0.6139795184135437 0.05400683358311653 -0.11997012048959732 1.0 0.0 0.0
v -0.4127282202243805 0.14066320657730103 0.10992199182510376 1.0 0.0 0.0
v -0.8974732756614685 0.06863658130168915 -0.3656764626502991 1.0 0.0 0.0
v -0.5140986442565918 -0.6820695996284485 -0.4511735439300537 1.0 0.0 0.0
v -0.44078925251960754 0.4386982321739197 0.25512057542800903 1.0 0.0 0.0
v -0.5983724594116211 -0.5141131281852722 -0.43070167303085327 1.0 0.0 0.0
v -0.5286403298377991 -0.030913176015019417 -0.09202630072832108 1.0 0.0 0.0
v -0.6079554557800293 0.2031000256538391 -0.02935461699962616 1.0 0.0 0.0
v 0.11683841794729233 -0.30020689964294434 0.3325348496437073 1.0 0.0 0.0
v -0.5226659774780273 0.2257995456457138 0.060056474059820175 1.0 0.0 0.0
v -0.5119578242301941 0.09361239522695541 -0.005900674499571323 1.0 0.0 0.0
v 0.09934599697589874 -0.24630403518676758 0.3476671576499939 1.0 0.0 0.0
v -0.26654383540153503 0.1084185317158699 0.22250300645828247 1.0 0.0 0.0
v -0.6261533498764038 -0.040770966559648514 -0.18505220115184784 1.0 0.0 0.0
v 0.14024284482002258 -0.32784518599510193 0.3377128541469574 1.0 0.0 0.0
v -0.5688414573669434 -0.011545322835445404 -0.11698469519615173 1.0 0.0 0.0
v -0.17865003645420074 -0.5765044093132019 -0.0902055874466896 1.0 0.0 0.0
v 0.07614932209253311 -0.1965537965297699 0.35531380772590637 1.0 0.0 0.0
v -0.6192768812179565 0.20110094547271729 -0.04064352437853813 1.0 0.0 0.0
v -0.6189700961112976 -0.15738794207572937 -0.24526895582675934 1.0 0.0 0.0
v 0.13584861159324646 -0.640278160572052 0.15519832074642181 1.0 0.0 0.0
v -0.7846733331680298 0.05995108559727669 -0.26954907178878784 1.0 0.0 0.0
v -0.2967042922973633 0.37353265285491943 0.3470035791397095 1.0 0.0 0.0
v -0.0333903469145298 -0.2032552808523178 0.2533136010169983 1.0 0.0 0.0
v -0.0466720312833786 -0.8074193000793457 -0.10390974581241608 1.0 0.0 0.0
v -0.5920297503471375 -0.008768838830292225 -0.13617917895317078 1.0 0.0 0.0
v -0.15689684450626373 -0.0009938291041180491 0.25823256373405457 1.0 0.0 0.0
v -0.3266453146934509 -0.9267765283584595 -0.42304354906082153 1.0 0.0 0.0
v -0.7549195885658264 0.12817491590976715 -0.20388911664485931 1.0 0.0 0.0
v -0.9607886075973511 0.1520944982767105 -0.3747180998325348 1.0 0.0 0.0
v -0.7454506158828735 0.04193614795804024 -0.24469424784183502 1.0 0.0 0.0
v -0.10297075659036636 0.04395601525902748 0.33225318789482117 1.0 0.0 0.0
v 0.12673048675060272 -0.31909167766571045 0.33060622215270996 1.0 0.0 0.0
v -0.06797092407941818 -0.12716279923915863 0.26581430435180664 1.0 0.0 0.0
v -0.4287063479423523 0.11569913476705551 0.081333689391613 1.0 0.0 0.0
v -0.43633756041526794 0.3867631256580353 0.22942578792572021 1.0 0.0 0.0
v -0.24144406616687775 -0.8332301378250122 -0.29321783781051636 1.0 0.0 0.0
v -0.3287065625190735 0.42465269565582275 0.34754154086112976 1.0 0.0 0.0
v 0.1231139525771141 -0.26803696155548096 0.3565462827682495 1.0 0.0 0.0
v -0.7642771601676941 0.2058846354484558 -0.16785909235477448 1.0 0.0 0.0
v -0.24873627722263336 0.271474689245224 0.331659734249115 1.0 0.0 0.0
v -0.6974364519119263 -0.1051344946026802 -0.2857245206832886 1.0 0.0 0.0
v 0.07553336024284363 -0.6566451787948608 0.09178873151540756 1.0 0.0 0.0
v -0.11796770244836807 -0.722075879573822 -0.11902569979429245 1.0 0.0 0.0
v -0.14283208549022675 -0.7114661931991577 -0.13524512946605682 1.0 0.0 0.0
v -0.38640475273132324 0.21022255718708038 0.17327100038528442 1.0 0.0 0.0
v -0.9863269925117493 0.11841301620006561 -0.41685691475868225 1.0 0.0 0.0
v 0.17745238542556763 -0.5574908256530762 0.2398023009300232 1.0 0.0 0.0
v -0.3846019506454468 -0.7475104331970215 -0.37252190709114075 1.0 0.0 0.0
v -0.17870043218135834 -0.1531830132007599 0.1517057716846466 1.0 0.0 0.0
v -0.8228530287742615 -0.057357192039489746 -0.3708153963088989 1.0 0.0 0.0
v -0.15753033757209778 -0.11186807602643967 0.19429275393486023 1.0 0.0 0.0
v -0.4042123854160309 0.3150554597377777 0.21723076701164246 1.0 0.0 0.0
v -0.2842220067977905 -0.7528576254844666 -0.28561732172966003 1.0 0.0 0.0
v -0.2402956634759903 -0.8397961854934692 -0.2959415316581726 1.0 0.0 0.0
v -0.18625296652317047 -0.7388595938682556 -0.18981625139713287 1.0 0.0 0.0
v -0.1873493194580078 -0.18158751726150513 0.12771953642368317 1.0 0.0 0.0
v -0.6567507982254028 0.16395039856433868 -0.09546182304620743 1.0 0.0 0.0
v -0.008103612810373306 -0.6431962847709656 0.024519894272089005 1.0 0.0 0.0
v -0.32981985807418823 -0.8407688736915588 -0.37672945857048035 1.0 0.0 0.0
v -0.1478876918554306 -0.5725544691085815 -0.060378603637218475 1.0 0.0 0.0
v -0.7613406777381897 -0.12126518040895462 -0.3522154986858368 1.0 0.0 0.0
v 0.12283346801996231 -0.4405243694782257 0.25770679116249084 1.0 0.0 0.0
v -0.062486160546541214 -0.6067469120025635 -0.0033846930600702763 1.0 0.0 0.0
v -0.7786016464233398 0.07100658118724823 -0.25778862833976746 1.0 0.0 0.0
v -0.5491461753845215 -0.1002783477306366 -0.1500505656003952 1.0 0.0 0.0
v -0.2337624877691269 0.1589365452528 0.2807562053203583 1.0 0.0 0.0
v 0.034442637115716934 -0.6263269186019897 0.07229197770357132 1.0 0.0 0.0
v -0.965812623500824 0.13665319979190826 -0.38804638385772705 1.0 0.0 0.0
v 0.1648474782705307 -0.5534137487411499 0.23083603382110596 1.0 0.0 0.0
v -0.4028792977333069 0.33145710825920105 0.2278001308441162 1.0 0.0 0.0
v -0.724949061870575 -0.04393169283866882 -0.27539992332458496 1.0 0.0 0.0
v -0.5552549362182617 0.043946824967861176 -0.07309091091156006 1.0 0.0 0.0
v 0.10387900471687317 -0.5416880249977112 0.1828979253768921 1.0 0.0 0.0
v -0.5323984622955322 0.11493602395057678 -0.012031784281134605 1.0 0.0 0.0
v -0.38056060671806335 -0.700108528137207 -0.34180670976638794 1.0 0.0 0.0
v -0.14119313657283783 -0.7988303899765015 -0.18371078372001648 1.0 0.0 0.0
v -0.20737068355083466 -0.8762386441230774 -0.2872633635997772 1.0 0.0 0.0
v -0.34386178851127625 -0.869644045829773 -0.40581798553466797 1.0 0.0 0.0
v -0.6885386109352112 0.01613769493997097 -0.2084350436925888 1.0 0.0 0.0
v -0.598828136920929 0.1308092325925827 -0.062493693083524704 1.0 0.0 0.0
v -0.09730683267116547 -0.22946755588054657 0.18104931712150574 1.0 0.0 0.0
v -0.502244234085083 -0.7039801478385925 -0.4530729055404663 1.0 0.0 0.0
v -0.7077826261520386 -0.1551755666732788 -0.32359862327575684 1.0 0.0 0.0
v -0.05220571160316467 -0.7012187242507935 -0.04816829040646553 1.0 0.0 0.0
v -0.38892561197280884 0.044415876269340515 0.07624217122793198 1.0 0.0 0.0
v 0.24703072011470795 -0.47046276926994324 0.3519010543823242 1.0 0.0 0.0
v -0.2299220860004425 -0.6360490322113037 -0.17018954455852509 1.0 0.0 0.0
v -0.5588399767875671 -0.06363016366958618 -0.13779129087924957 1.0 0.0 0.0
v -0.4278716742992401 -0.7354445457458496 -0.404403954744339 1.0 0.0 0.0
v -0.6082891821861267 0.36500754952430725 0.06288732588291168 1.0 0.0 0.0
v -0.1329423040151596 -0.7534027695655823 -0.150351420044899 1.0 0.0 0.0
v -0.15796059370040894 -0.903675377368927 -0.25866377353668213 1.0 0.0 0.0
v -0.8146869540214539 0.11288297921419144 -0.2661932408809662 1.0 0.0 0.0
v -0.3170963227748871 -0.6692152619361877 -0.2672721743583679 1.0 0.0 0.0
v -0.47146913409233093 0.3828906714916229 0.1957273930311203 1.0 0.0 0.0
v -0.8011634349822998 -0.2550390064716339 -0.46436548233032227 1.0 0.0 0.0
v -0.7744351029396057 -0.03922266513109207 -0.3170579671859741 1.0 0.0 0.0
v -0.8604570627212524 -0.019786003977060318 -0.3830418288707733 1.0 0.0 0.0
v -0.6156671047210693 -0.14356911182403564 -0.23441047966480255 1.0 0.0 0.0
v -0.568983793258667 0.021134868264198303 -0.09843333065509796 1.0 0.0 0.0
v -0.8632715344429016 0.15487836301326752 -0.2857317626476288 1.0 0.0 0.0
v -0.649280846118927 0.20198573172092438 -0.06702747941017151 1.0 0.0 0.0
v -0.16413582861423492 0.09294669330120087 0.30543825030326843 1.0 0.0 0.0
v -0.4947822690010071 0.19664514064788818 0.06838224828243256 1.0 0.0 0.0
v 0.1347532719373703 -0.5795207023620605 0.18894363939762115 1.0 0.0 0.0
v -0.8633605241775513 -0.13866664469242096 -0.4535921812057495 1.0 0.0 0.0
v 0.09907324612140656 -0.3758161962032318 0.273397833108902 1.0 0.0 0.0
v -0.259956032037735 -0.848543107509613 -0.3185606896877289 1.0 0.0 0.0
v 0.07846034318208694 -0.6102176904678345 0.12094829976558685 1.0 0.0 0.0
v -0.7697316408157349 -0.13627195358276367 -0.36831289529800415 1.0 0.0 0.0
v -0.8591930866241455 -0.06375004351139069 -0.4070374369621277 1.0 0.0 0.0
v -0.01429399661719799 -0.21133121848106384 0.26581186056137085 1.0 0.0 0.0
v -0.3944340944290161 0.4053790867328644 0.2776201367378235 1.0 0.0 0.0
v -0.6307645440101624 0.05675239488482475 -0.133443683385849 1.0 0.0 0.0
v 0.021844539791345596 -0.6082819700241089 0.07131540775299072 1.0 0.0 0.0
v -0.5840964913368225 -0.07194165885448456 -0.16517683863639832 1.0 0.0 0.0
v -0.021564878523349762 -0.7698540687561035 -0.05993757024407387 1.0 0.0 0.0
v -0.23430508375167847 0.010620558634400368 0.19549739360809326 1.0 0.0 0.0
v -0.029032066464424133 -0.5442547798156738 0.06231541931629181 1.0 0.0 0.0
v -0.35453811287879944 0.06768824905157089 0.12036209553480148 1.0 0.0 0.0
v -0.14149288833141327 0.04601550102233887 0.2989066243171692 1.0 0.0 0.0
v -0.48108571767807007 0.25081709027290344 0.11162006855010986 1.0 0.0 0.0
v 0.12285959720611572 -0.28375715017318726 0.3473331928253174 1.0 0.0 0.0
v -0.6840803027153015 0.29218125343322754 -0.04666205495595932 1.0 0.0 0.0
v -0.2400340884923935 -0.07979901134967804 0.13868218660354614 1.0 0.0 0.0
v 0.2630687952041626 -0.5462849736213684 0.3229369521141052 1.0 0.0 0.0
v -0.46709099411964417 0.1217278465628624 0.05037902295589447 1.0 0.0 0.0
v -0.20080912113189697 -0.8756293654441833 -0.2810346186161041 1.0 0.0 0.0
v -0.3258594870567322 0.11376362293958664 0.17239916324615479 1.0 0.0 0.0
v 0.02008008025586605 -0.7193111181259155 0.0062734936363995075 1.0 0.0 0.0
v -0.3273874521255493 0.3148740231990814 0.28597787022590637 1.0 0.0 0.0
v 0.023149678483605385 -0.3309592604637146 0.2309935837984085 1.0 0.0 0.0
v -0.546660840511322 0.36961129307746887 0.12075023353099823 1.0 0.0 0.0
v -0.0072959656827151775 -0.5663313269615173 0.06917716562747955 1.0 0.0 0.0
v -0.8938189148902893 0.02773759886622429 -0.38577792048454285 1.0 0.0 0.0
v 0.21587830781936646 -0.6376994848251343 0.22839513421058655 1.0 0.0 0.0
v -0.777492105960846 0.14204084873199463 -0.21619339287281036 1.0 0.0 0.0
v 0.14614638686180115 -0.6051494479179382 0.1845056563615799 1.0 0.0 0.0
v 0.011938231997191906 -0.1491474062204361 0.3248635232448578 1.0 0.0 0.0
v -0.8144829273223877 -0.06608641147613525 -0.36830341815948486 1.0 0.0 0.0
v -0.2778207063674927 -0.9327293634414673 -0.3826891779899597 1.0 0.0 0.0
v -0.9109079241752625 0.1177443414926529 -0.34964829683303833 1.0 0.0 0.0
v 0.19432583451271057 -0.6682228446006775 0.19163359701633453 1.0 0.0 0.0
v 0.04973679408431053 -0.4999515116214752 0.15823067724704742 1.0 0.0 0.0
v -0.02874172478914261 -0.07343403249979019 0.3316812515258789 1.0 0.0 0.0
v 0.0814012959599495 -0.5986948609352112 0.1301700621843338 1.0 0.0 0.0
v -0.10804428905248642 0.09352346509695053 0.3560373783111572 1.0 0.0 0.0
v -0.2689208984375 0.21255595982074738 0.2798941731452942 1.0 0.0 0.0
v -0.5361279249191284 0.13069680333137512 -0.0063657681457698345 1.0 0.0 0.0
v -0.5250370502471924 -0.04855526611208916 -0.09888066351413727 1.0 0.0 0.0
v -0.47945258021354675 0.4560295641422272 0.23037636280059814 1.0 0.0 0.0
v -0.13309642672538757 -0.1403171718120575 0.19992996752262115 1.0 0.0 0.0
v -0.2809458076953888 -0.8710836172103882 -0.35025525093078613 1.0 0.0 0.0
v -0.5512272715568542 0.06559927761554718 -0.05710544437170029 1.0 0.0 0.0
v -0.46482333540916443 -0.017553677782416344 -0.02719740755856037 1.0 0.0 0.0
v -0.32033076882362366 0.15614524483680725 0.20157796144485474 1.0 0.0 0.0
v -0.9063162803649902 -0.026394156739115715 -0.427918016910553 1.0 0.0 0.0
v -0.12038543820381165 -0.7530554533004761 -0.13889941573143005 1.0 0.0 0.0
v -0.36092355847358704 -0.6865407824516296 -0.3164530098438263 1.0 0.0 0.0
v -0.45391830801963806 0.40581783652305603 0.2245609164237976 1.0 0.0 0.0
v -0.45085060596466064 0.2168900966644287 0.11932533234357834 1.0 0.0 0.0
v -0.3626905679702759 0.43542104959487915 0.3232397735118866 1.0 0.0 0.0
v -0.537022590637207 -0.6718317270278931 -0.46586644649505615 1.0 0.0 0.0
v -0.49038931727409363 0.20217299461364746 0.07547876983880997 1.0 0.0 0.0
v -0.7471580505371094 0.130779430270195 -0.19544453918933868 1.0 0.0 0.0
v -0.3713098466396332 0.07308938354253769 0.10841833055019379 1.0 0.0 0.0
v -0.5333433747291565 0.3059085011482239 0.0962749645113945 1.0 0.0 0.0
v -0.37205103039741516 0.1600077599287033 0.15743374824523926 1.0 0.0 0.0
v -0.05253328010439873 -0.6863430142402649 -0.03995941951870918 1.0 0.0 0.0
v -0.27433812618255615 -0.059498000890016556 0.1195421889424324 1.0 0.0 0.0
v -0.2385181188583374 -0.7107810974121094 -0.220607727766037 1.0 0.0 0.0
v -0.23771116137504578 0.12385047972202301 0.2571633458137512 1.0 0.0 0.0
v -0.06210252270102501 -0.18313199281692505 0.2390834391117096 1.0 0.0 0.0
v -0.0333591066300869 -0.5412114262580872 0.06017697975039482 1.0 0.0 0.0
v -0.277505487203598 0.33637797832489014 0.3429732322692871 1.0 0.0 0.0
v -0.4491739273071289 0.11602497845888138 0.06317680329084396 1.0 0.0 0.0
v -0.11634639650583267 -0.27247154712677 0.13940632343292236 1.0 0.0 0.0
v 0.0308968685567379 -0.5349442958831787 0.12134552747011185 1.0 0.0 0.0
v -0.6975815296173096 -0.08653474599123001 -0.2752234935760498 1.0 0.0 0.0
v -0.488453209400177 -0.7574769854545593 -0.47129034996032715 1.0 0.0 0.0
v -0.4655725359916687 -0.6921971440315247 -0.41347283124923706 1.0 0.0 0.0
v -0.2152484506368637 0.14509062469005585 0.2894347012042999 1.0 0.0 0.0
v 0.025478949770331383 -0.42149773240089417 0.1813322901725769 1.0 0.0 0.0
v -0.18873757123947144 0.11791714280843735 0.2976623773574829 1.0 0.0 0.0
v -0.10187611728906631 -0.14596131443977356 0.2246837168931961 1.0 0.0 0.0
v 0.05344311147928238 -0.1833641678094864 0.3425031900405884 1.0 0.0 0.0
v -0.7535372376441956 -0.16786950826644897 -0.37185949087142944 1.0 0.0 0.0
v 0.1034364178776741 -0.49073779582977295 0.21162272989749908 1.0 0.0 0.0
v -0.8325234651565552 -0.1132071390748024 -0.4114040434360504 1.0 0.0 0.0
v -0.1611906886100769 0.017027927562594414 0.2646850645542145 1.0 0.0 0.0
v 0.14142082631587982 -0.6972990036010742 0.12760093808174133 1.0 0.0 0.0
v -0.3989681601524353 0.451923131942749 0.3001597225666046 1.0 0.0 0.0
v -0.6654983758926392 0.30981341004371643 -0.01993091218173504 1.0 0.0 0.0
v -0.1482597440481186 -0.8727571368217468 -0.23229800164699554 1.0 0.0 0.0
v 0.1834488958120346 -0.6108243465423584 0.21469272673130035 1.0 0.0 0.0
v -0.11232389509677887 -0.13627083599567413 0.22085914015769958 1.0 0.0 0.0
v -0.936988353729248 0.1591532826423645 -0.3493536412715912 1.0 0.0 0.0
v -0.5358412861824036 0.08057545125484467 -0.034756582230329514 1.0 0.0 0.0
v -0.2334788739681244 0.0701146125793457 0.23024269938468933 1.0 0.0 0.0
v -0.9758410453796387 0.041833072900772095 -0.45122992992401123 1.0 0.0 0.0
v -0.4900538921356201 0.3080463111400604 0.13629309833049774 1.0 0.0 0.0
v -0.9043512940406799 0.03143899887800217 -0.39310145378112793 1.0 0.0 0.0
v -0.14695772528648376 -0.2195259928703308 0.14223425090312958 1.0 0.0 0.0
v -0.1397332400083542 -0.2569299042224884 0.12733003497123718 1.0 0.0 0.0
v -0.3557821810245514 -0.8179030418395996 -0.38692763447761536 1.0 0.0 0.0
v -0.05348215997219086 -0.20103542506694794 0.23657602071762085 1.0 0.0 0.0
v -0.08530781418085098 -0.7715895175933838 -0.11805615574121475 1.0 0.0 0.0
v -0.3881353735923767 -0.755943775177002 -0.38050881028175354 1.0 0.0 0.0
v -0.38827624917030334 -0.8017721772193909 -0.4068290591239929 1.0 0.0 0.0
v 0.1962706297636032 -0.45742157101631165 0.3138635754585266 1.0 0.0 0.0
v -0.535057783126831 -0.5946738123893738 -0.42000463604927063 1.0 0.0 0.0
v -0.3084331154823303 -0.8497636318206787 -0.36270368099212646 1.0 0.0 0.0
v -0.9515860676765442 0.15504051744937897 -0.36478692293167114 1.0 0.0 0.0
v 0.13841399550437927 -0.5231101512908936 0.22446681559085846 1.0 0.0 0.0
v -0.8228902220726013 -0.09883805364370346 -0.3945578336715698 1.0 0.0 0.0
v -0.5478019714355469 0.24501988291740417 0.04851522296667099 1.0 0.0 0.0
v -0.25789353251457214 -0.008586789481341839 0.16337904334068298 1.0 0.0 0.0
v -0.47693145275115967 -0.6606699824333191 -0.4056328237056732 1.0 0.0 0.0
v -0.43549051880836487 0.10242607444524765 0.06766724586486816 1.0 0.0 0.0
v -0.24334727227687836 0.2680624723434448 0.3345390558242798 1.0 0.0 0.0
v -0.23524078726768494 0.10276167094707489 0.2473236322402954 1.0 0.0 0.0
v -0.4588567912578583 0.2171136885881424 0.11227796971797943 1.0 0.0 0.0
v -0.7624279856681824 -0.09838573634624481 -0.3401128053665161 1.0 0.0 0.0
v -0.2293930947780609 0.22535040974617004 0.3226320445537567 1.0 0.0 0.0
v 0.20013466477394104 -0.6456202864646912 0.20975837111473083 1.0 0.0 0.0
v -0.47665655612945557 0.16646398603916168 0.0673760399222374 1.0 0.0 0.0
v -0.04484907537698746 -0.5520713329315186 0.04367246851325035 1.0 0.0 0.0
v -0.36954906582832336 0.21171772480010986 0.189231738448143 1.0 0.0 0.0
v -0.6884878277778625 0.07938956469297409 -0.17223681509494781 1.0 0.0 0.0
v -0.7693774104118347 0.2639021575450897 -0.13926905393600464 1.0 0.0 0.0
v 0.19015488028526306 -0.4775071144104004 0.2969023883342743 1.0 0.0 0.0
v -0.19155742228031158 -0.6081353425979614 -0.1198524609208107 1.0 0.0 0.0
v -0.1889796406030655 -0.03843173757195473 0.20808157324790955 1.0 0.0 0.0
v -0.015351708978414536 -0.32869789004325867 0.1977810263633728 1.0 0.0 0.0
v -0.19309979677200317 -0.7211688756942749 -0.18584096431732178 1.0 0.0 0.0
v 0.1717349886894226 -0.460604727268219 0.2900552451610565 1.0 0.0 0.0
v 0.12545840442180634 -0.3292883038520813 0.3236381411552429 1.0 0.0 0.0
v -0.2503601908683777 -0.9592568278312683 -0.3732411563396454 1.0 0.0 0.0
v -0.1444031298160553 -0.6583254933357239 -0.1062796339392662 1.0 0.0 0.0
v -0.14293977618217468 -0.6588910222053528 -0.10529141873121262 1.0 0.0 0.0
v -0.7754217982292175 0.02190481685101986 -0.2830037474632263 1.0 0.0 0.0
v -0.31087473034858704 0.10937051475048065 0.1833176165819168 1.0 0.0 0.0
v -0.5450832843780518 -0.5860974192619324 -0.4240875840187073 1.0 0.0 0.0
v -0.5977726578712463 0.23954352736473083 0.0006011783261783421 1.0 0.0 0.0
v -0.7125449776649475 0.039043378084897995 -0.21685746312141418 1.0 0.0 0.0
v -0.5508102178573608 0.2004435807466507 0.02034085988998413 1.0 0.0 0.0
v -0.22271238267421722 -0.9302335977554321 -0.33187440037727356 1.0 0.0 0.0
v 0.1447860151529312 -0.5266467928886414 0.2281559854745865 1.0 0.0 0.0
v -0.022966234013438225 -0.4820271134376526 0.10331892967224121 1.0 0.0 0.0
v -0.6668791770935059 0.09816379845142365 -0.14214032888412476 1.0 0.0 0.0
v -0.4824250638484955 0.3710955083370209 0.17916689813137054 1.0 0.0 0.0
v 0.08910299092531204 -0.36186087131500244 0.2724388539791107 1.0 0.0 0.0
v -0.3980453908443451 0.037525881081819534 0.06413088738918304 1.0 0.0 0.0
v -0.23055614531040192 -0.6969537138938904 -0.20556890964508057 1.0 0.0 0.0
v -0.34379222989082336 0.2723299562931061 0.24695904552936554 1.0 0.0 0.0
v -0.14947167038917542 0.0631123036146164 0.3015279769897461 1.0 0.0 0.0
v 0.16572198271751404 -0.3333699405193329 0.35738956928253174 1.0 0.0 0.0
v 0.2171316146850586 -0.6219949722290039 0.23849453032016754 1.0 0.0 0.0
v -0.8314167261123657 -0.2018541544675827 -0.4610799252986908 1.0 0.0 0.0
v -0.7840189933776855 -0.11309683322906494 -0.36787110567092896 1.0 0.0 0.0
v -0.08887339383363724 -0.6632830500602722 -0.05934722349047661 1.0 0.0 0.0
v -0.4235975742340088 0.20784355700016022 0.1385788917541504 1.0 0.0 0.0
v -0.791519820690155 -0.15668323636054993 -0.39950597286224365 1.0 0.0 0.0
v -0.6993210315704346 -0.16994284093379974 -0.32445579767227173 1.0 0.0 0.0
v -0.9100440144538879 0.0268962811678648 -0.4007997512817383 1.0 0.0 0.0
v -0.5749318599700928 -0.5549623370170593 -0.43304216861724854 1.0 0.0 0.0
v -0.3191031515598297 -0.9180778861045837 -0.4113123416900635 1.0 0.0 0.0
v -0.6157853603363037 0.2735283374786377 0.003882731543853879 1.0 0.0 0.0
v -0.737313985824585 0.2817428708076477 -0.10033655911684036 1.0 0.0 0.0
v -0.583925724029541 0.20385220646858215 -0.007389151491224766 1.0 0.0 0.0
v -0.20286309719085693 -0.08274399489164352 0.17031173408031464 1.0 0.0 0.0
v 0.11255384981632233 -0.2972832918167114 0.3303660452365875 1.0 0.0 0.0
v -0.789969801902771 -0.16124992072582245 -0.40072694420814514 1.0 0.0 0.0
v 0.03291657194495201 -0.518358051776886 0.13263575732707977 1.0 0.0 0.0
v -0.16009210050106049 -0.19630421698093414 0.14373597502708435 1.0 0.0 0.0
v -0.12934169173240662 -0.5591757297515869 -0.036110781133174896 1.0 0.0 0.0
v -0.2916160523891449 0.14196401834487915 0.21920666098594666 1.0 0.0 0.0
v -0.17007707059383392 0.13161349296569824 0.32221436500549316 1.0 0.0 0.0
v -0.031168974936008453 -0.7820892333984375 -0.0755380168557167 1.0 0.0 0.0
v -0.35191401839256287 -0.8460450172424316 -0.39954596757888794 1.0 0.0 0.0
v -0.26931625604629517 0.09085161238908768 0.2099776715040207 1.0 0.0 0.0
v -0.5681126117706299 -0.11485203355550766 -0.17537818849086761 1.0 0.0 0.0
v 0.09228948503732681 -0.658984899520874 0.10546831786632538 1.0 0.0 0.0
v -0.012866162694990635 -0.17963990569114685 0.285205215215683 1.0 0.0 0.0
v -0.8534680008888245 0.20230023562908173 -0.24984101951122284 1.0 0.0 0.0
v -0.668889045715332 0.21519099175930023 -0.07705273479223251 1.0 0.0 0.0
v -0.17104299366474152 -0.7132996916770935 -0.1615758240222931 1.0 0.0 0.0
v -0.11438869684934616 -0.8789418339729309 -0.20547762513160706 1.0 0.0 0.0
v -0.7681052088737488 -0.13667897880077362 -0.36708787083625793 1.0 0.0 0.0
v -0.28860238194465637 -0.03612485155463219 0.12011780589818954 1.0 0.0 0.0
v -0.6827806830406189 0.1885700225830078 -0.10471814125776291 1.0 0.0 0.0
v -0.22192440927028656 -0.61655592918396 -0.1518803983926773 1.0 0.0 0.0
v -0.3302313983440399 0.10132487118244171 0.16137146949768066 1.0 0.0 0.0
v -0.28807246685028076 0.09253732115030289 0.1941317915916443 1.0 0.0 0.0
v -0.2773304581642151 -0.6528112292289734 -0.2222578376531601 1.0 0.0 0.0
v 0.27030354738235474 -0.603156328201294 0.2969149649143219 1.0 0.0 0.0
v 0.23558394610881805 -0.49906378984451294 0.32529500126838684 1.0 0.0 0.0
v -0.6418194770812988 0.3062818944454193 -0.0007282995502464473 1.0 0.0 0.0
v -0.43931928277015686 0.28023290634155273 0.16586440801620483 1.0 0.0 0.0
v -0.06870920956134796 0.002221602015197277 0.3391045033931732 1.0 0.0 0.0
v -0.039591461420059204 -0.6358695030212402 0.0004880885826423764 1.0 0.0 0.0
v -0.3080180883407593 -0.6884656548500061 -0.27013909816741943 1.0 0.0 0.0
v -0.9448400735855103 0.11237914115190506 -0.383124977350235 1.0 0.0 0.0
v -0.462177038192749 -0.7109504342079163 -0.42114853858947754 1.0 0.0 0.0
v -0.34334221482276917 0.38460394740104675 0.31153449416160583 1.0 0.0 0.0
v -0.12920424342155457 -0.5608624815940857 -0.03695167601108551 1.0 0.0 0.0
v -0.1361442655324936 -0.15723425149917603 0.18752923607826233 1.0 0.0 0.0
v -0.17188985645771027 -0.22144459187984467 0.11879338324069977 1.0 0.0 0.0
v -0.8297522068023682 -0.12064823508262634 -0.4131735563278198 1.0 0.0 0.0
v 0.047516439110040665 -0.4608459174633026 0.178592249751091 1.0 0.0 0.0
v 0.05142385512590408 -0.2236512303352356 0.31766676902770996 1.0 0.0 0.0
v 0.02141641266644001 -0.2108859419822693 0.29807019233703613 1.0 0.0 0.0
v 0.3146646320819855 -0.6115440726280212 0.3318774104118347 1.0 0.0 0.0
v -0.5562949776649475 -0.016217118129134178 -0.10841073095798492 1.0 0.0 0.0
v -0.6543238759040833 0.07660635560750961 -0.14320974051952362 1.0 0.0 0.0
v 0.11593550443649292 -0.4091038107872009 0.2694837749004364 1.0 0.0 0.0
v 0.06448021531105042 -0.17647932469844818 0.3563298285007477 1.0 0.0 0.0
v -0.6155865788459778 0.35606324672698975 0.051235102117061615 1.0 0.0 0.0
v 0.014119630679488182 -0.20684878528118134 0.2938382923603058 1.0 0.0 0.0
v -0.5309768319129944 0.25607389211654663 0.06991207599639893 1.0 0.0 0.0
v -0.15085765719413757 -0.05662896856665611 0.2318456918001175 1.0 0.0 0.0
v -0.1702413707971573 -0.020098626613616943 0.2353534698486328 1.0 0.0 0.0
v -0.7292738556861877 0.19249483942985535 -0.14414219558238983 1.0 0.0 0.0
v -0.5216338634490967 0.2857332229614258 0.09523755311965942 1.0 0.0 0.0
v -0.1925790160894394 -0.10023210942745209 0.16953273117542267 1.0 0.0 0.0
v -0.8205981850624084 -0.08331099897623062 -0.3836289346218109 1.0 0.0 0.0
v -0.5363031029701233 -0.5975552797317505 -0.42276766896247864 1.0 0.0 0.0
v -0.40098023414611816 0.41856396198272705 0.27928951382637024 1.0 0.0 0.0
v -0.05843176692724228 -0.8186528086662292 -0.12086956202983856 1.0 0.0 0.0
v 0.1936664581298828 -0.549492359161377 0.2589050829410553 1.0 0.0 0.0
v -0.017079893499612808 -0.5288352370262146 0.08184032142162323 1.0 0.0 0.0
v -0.5478278398513794 0.2564074695110321 0.055000778287649155 1.0 0.0 0.0
v -0.5864503383636475 0.19754688441753387 -0.013255635276436806 1.0 0.0 0.0
v -0.64247065782547 0.33364373445510864 0.014327220618724823 1.0 0.0 0.0
v -0.6417825818061829 0.08478695154190063 -0.12729445099830627 1.0 0.0 0.0
v -0.45289146900177 0.4475749433040619 0.24934816360473633 1.0 0.0 0.0
v -0.0972168892621994 -0.26161614060401917 0.1627548635005951 1.0 0.0 0.0
v 0.1266656219959259 -0.6009685397148132 0.16943655908107758 1.0 0.0 0.0
v 0.18369142711162567 -0.44732674956321716 0.30835992097854614 1.0 0.0 0.0
v -0.2582344710826874 -0.7046380043029785 -0.23476643860340118 1.0 0.0 0.0
v -0.2244829684495926 -0.7473838329315186 -0.22895030677318573 1.0 0.0 0.0
v -0.0671335831284523 0.0122897420078516 0.34627118706703186 1.0 0.0 0.0
v -0.10439994931221008 -0.08935124427080154 0.25477829575538635 1.0 0.0 0.0
v 0.05204722285270691 -0.5655348896980286 0.12281599640846252 1.0 0.0 0.0
v -0.3690033555030823 -0.6837702393531799 -0.3221105933189392 1.0 0.0 0.0
v -0.33714669942855835 0.1797618716955185 0.2000059336423874 1.0 0.0 0.0
v -0.7350350618362427 0.25967785716056824 -0.11090578138828278 1.0 0.0 0.0
v -0.593209981918335 -0.02767964079976082 -0.14804567396640778 1.0 0.0 0.0
v -0.7683492302894592 -0.11642441153526306 -0.35572972893714905 1.0 0.0 0.0
v 0.3272922933101654 -0.5812810659408569 0.36049169301986694 1.0 0.0 0.0
v -0.4340405762195587 0.23258167505264282 0.14335933327674866 1.0 0.0 0.0
v -0.7101808190345764 -0.2296745330095291 -0.3683290183544159 1.0 0.0 0.0
v -0.771820068359375 -0.1991225630044937 -0.4061078727245331 1.0 0.0 0.0
v -0.4063260555267334 0.09179741889238358 0.0877295583486557 1.0 0.0 0.0
v 0.059862323105335236 -0.314054012298584 0.2735580801963806 1.0 0.0 0.0
v -0.23931242525577545 0.24993588030338287 0.32779455184936523 1.0 0.0 0.0
v -0.2935616970062256 0.038842443376779556 0.1585220843553543 1.0 0.0 0.0
v -0.38773319125175476 -0.7055656909942627 -0.3513539433479309 1.0 0.0 0.0
v -0.26005950570106506 0.15805228054523468 0.2566833198070526 1.0 0.0 0.0
v 0.053517017513513565 -0.44776490330696106 0.19144666194915771 1.0 0.0 0.0
v -0.3805491328239441 0.4312586486339569 0.3048557639122009 1.0 0.0 0.0
v -0.6575890183448792 -0.1171201765537262 -0.25686368346214294 1.0 0.0 0.0
v -0.7602882385253906 -0.11627787351608276 -0.34842172265052795 1.0 0.0 0.0
v -0.669175922870636 0.1438160538673401 -0.11810537427663803 1.0 0.0 0.0
v 0.09592682868242264 -0.37630531191825867 0.27029845118522644 1.0 0.0 0.0
v 0.010358324274420738 -0.2753284275531769 0.25132668018341064 1.0 0.0 0.0
v -0.6179198622703552 0.10934603959321976 -0.09187142550945282 1.0 0.0 0.0
v 0.08058856427669525 -0.35914769768714905 0.26635897159576416 1.0 0.0 0.0
v -0.1677633821964264 -0.8740727305412292 -0.2505291700363159 1.0 0.0 0.0
v -0.02401723898947239 -0.3827029764652252 0.15914741158485413 1.0 0.0 0.0
v -0.26648029685020447 -0.7877004742622375 -0.2896321415901184 1.0 0.0 0.0
v -0.7000733017921448 0.1092950850725174 -0.16552674770355225 1.0 0.0 0.0
v -0.7287189960479736 -0.17880558967590332 -0.35586801171302795 1.0 0.0 0.0
v -0.34574973583221436 0.1138087660074234 0.15459924936294556 1.0 0.0 0.0
v -0.5671679377555847 -0.07277733832597733 -0.15048307180404663 1.0 0.0 0.0
v -0.8639301061630249 0.08970200270414352 -0.32357466220855713 1.0 0.0 0.0
v -0.21221715211868286 0.11856085807085037 0.27698782086372375 1.0 0.0 0.0
v -0.7057815194129944 -0.08325567841529846 -0.28069815039634705 1.0 0.0 0.0
v -0.6057114005088806 0.358234703540802 0.061326418071985245 1.0 0.0 0.0
v -0.04197484999895096 -0.4375016391277313 0.11173262447118759 1.0 0.0 0.0
v -0.40342140197753906 0.0909695252776146 0.08985952287912369 1.0 0.0 0.0
v -0.1446780562400818 -0.15074558556079865 0.183589905500412 1.0 0.0 0.0
v -0.13326679170131683 -0.8020975589752197 -0.178474560379982 1.0 0.0 0.0
v -0.9722051620483398 0.08290914446115494 -0.4244937598705292 1.0 0.0 0.0
v -0.5954607725143433 0.3050617277622223 0.040121130645275116 1.0 0.0 0.0
v -0.2492513507604599 0.2839382290840149 0.33832186460494995 1.0 0.0 0.0
v 0.12496162205934525 -0.5459708571434021 0.19934430718421936 1.0 0.0 0.0
v -0.25208985805511475 -0.08208958804607391 0.12656857073307037 1.0 0.0 0.0
v -0.1630893349647522 -0.004482409916818142 0.2506888806819916 1.0 0.0 0.0
v -0.3108839988708496 0.08045636117458344 0.1667829304933548 1.0 0.0 0.0
v -0.1635216772556305 -0.17375722527503967 0.15354950726032257 1.0 0.0 0.0
v 0.0834537222981453 -0.7331946492195129 0.05513383448123932 1.0 0.0 0.0
v 0.23783783614635468 -0.5855584740638733 0.27787744998931885 1.0 0.0 0.0
v -0.4340452551841736 -0.7256274819374084 -0.4043256342411041 1.0 0.0 0.0
v -0.3601629436016083 0.41543883085250854 0.31408387422561646 1.0 0.0 0.0
v -0.8742967247962952 0.15852215886116028 -0.2935298979282379 1.0 0.0 0.0
v -0.9452572464942932 0.05565737932920456 -0.41591912508010864 1.0 0.0 0.0
v -0.30198395252227783 -0.6510878801345825 -0.24336738884449005 1.0 0.0 0.0
v -0.17863108217716217 -0.1598300337791443 0.14796872437000275 1.0 0.0 0.0
v -0.8147439956665039 0.024549413472414017 -0.31673291325569153 1.0 0.0 0.0
v -0.8340715765953064 0.17052185535430908 -0.25062134861946106 1.0 0.0 0.0
v -0.9207285046577454 0.08855345845222473 -0.37513405084609985 1.0 0.0 0.0
v -0.05725131556391716 -0.26053300499916077 0.19919122755527496 1.0 0.0 0.0
v -0.3616824746131897 -0.7073025107383728 -0.3289998471736908 1.0 0.0 0.0
v 0.08653030544519424 -0.3972969949245453 0.24987909197807312 1.0 0.0 0.0
v -0.3348221480846405 0.31282585859298706 0.2781442105770111 1.0 0.0 0.0
v -0.7842640280723572 -0.20179229974746704 -0.4187861382961273 1.0 0.0 0.0
v 0.18925662338733673 -0.38936683535575867 0.34647542238235474 1.0 0.0 0.0
v -0.02483457885682583 -0.6952170133590698 -0.02020782232284546 1.0 0.0 0.0
v -0.5221163630485535 0.4050571322441101 0.1630067527294159 1.0 0.0 0.0
v -0.2801583409309387 -0.941509485244751 -0.38980260491371155 1.0 0.0 0.0
v -0.13888433575630188 0.005716769490391016 0.27821099758148193 1.0 0.0 0.0
v -0.17360550165176392 -0.07064389437437057 0.20344851911067963 1.0 0.0 0.0
v 0.2844623029232025 -0.5931486487388611 0.31532415747642517 1.0 0.0 0.0
v -0.014929583296179771 -0.11729514598846436 0.31899017095565796 1.0 0.0 0.0
v -0.30676281452178955 0.08124124258756638 0.17092496156692505 1.0 0.0 0.0
v -0.8505654335021973 -0.13376487791538239 -0.43932342529296875 1.0 0.0 0.0
v 0.04884791001677513 -0.4210412800312042 0.20253652334213257 1.0 0.0 0.0
v -0.8808796405792236 0.13718131184577942 -0.31162726879119873 1.0 0.0 0.0
v -0.5626219511032104 0.3718741834163666 0.10773922502994537 1.0 0.0 0.0
v -0.2969079911708832 -0.961810827255249 -0.41641730070114136 1.0 0.0 0.0
v -0.3125629127025604 0.13161702454090118 0.1945200264453888 1.0 0.0 0.0
v -0.40085843205451965 0.04341099411249161 0.06497358530759811 1.0 0.0 0.0
v -0.048100147396326065 -0.7270461916923523 -0.05925101041793823 1.0 0.0 0.0
v -0.3214624524116516 -0.6600346565246582 -0.26593780517578125 1.0 0.0 0.0
v -0.11632797867059708 0.02239883691072464 0.30796101689338684 1.0 0.0 0.0
v -0.5011200904846191 0.2076936811208725 0.06901726871728897 1.0 0.0 0.0
v -0.5368372797966003 -0.5949006080627441 -0.42172902822494507 1.0 0.0 0.0
v -0.5510905981063843 0.2787278890609741 0.06483430415391922 1.0 0.0 0.0
v -0.31417131423950195 0.04279367998242378 0.14231006801128387 1.0 0.0 0.0
v -0.9044475555419922 -0.0824054554104805 -0.4582574665546417 1.0 0.0 0.0
v -0.15592138469219208 -0.5755904912948608 -0.06931373476982117 1.0 0.0 0.0
v 0.021372422575950623 -0.46790218353271484 0.15112875401973724 1.0 0.0 0.0
v -0.8411684036254883 0.1145748570561409 -0.28895899653434753 1.0 0.0 0.0
v -0.8268019556999207 0.02260623313486576 -0.32864996790885925 1.0 0.0 0.0
v 0.08368107676506042 -0.5867432355880737 0.1390443742275238 1.0 0.0 0.0
v -0.01680033840239048 -0.8077425956726074 -0.07732341438531876 1.0 0.0 0.0
v -0.7766396999359131 0.20525631308555603 -0.17929761111736298 1.0 0.0 0.0
v -0.3455556631088257 -0.9537056088447571 -0.4553828835487366 1.0 0.0 0.0
v -0.6039202809333801 -0.08567920327186584 -0.1907949149608612 1.0 0.0 0.0
v -0.16371750831604004 -0.1685686707496643 0.1563396155834198 1.0 0.0 0.0
v -0.7067915797233582 0.08126240223646164 -0.18757028877735138 1.0 0.0 0.0
v -0.23407697677612305 0.11555550247430801 0.255679190158844 1.0 0.0 0.0
v -0.4230843186378479 0.4162233769893646 0.2581419050693512 1.0 0.0 0.0
v -0.21925655007362366 -0.5674910545349121 -0.12144558131694794 1.0 0.0 0.0
v -0.9212300777435303 0.09149052947759628 -0.37390485405921936 1.0 0.0 0.0
v -0.030184097588062286 -0.5277658700942993 0.07070749998092651 1.0 0.0 0.0
v 0.10553574562072754 -0.48952552676200867 0.2141970545053482 1.0 0.0 0.0
v -0.6731102466583252 0.165544793009758 -0.10921192169189453 1.0 0.0 0.0
v -0.35612407326698303 0.3877084255218506 0.3018537163734436 1.0 0.0 0.0
v -0.21437659859657288 -0.6951337456703186 -0.19002850353717804 1.0 0.0 0.0
v -0.09100106358528137 -0.7610578536987305 -0.11713890731334686 1.0 0.0 0.0
v -0.5178148746490479 0.2768194079399109 0.09356530010700226 1.0 0.0 0.0
v -0.026344943791627884 -0.5550758242607117 0.05853867903351784 1.0 0.0 0.0
v -0.7517727613449097 -0.06393873691558838 -0.3108747899532318 1.0 0.0 0.0
v -0.06816566735506058 -0.7505146265029907 -0.09064760059118271 1.0 0.0 0.0
v -0.6768208742141724 0.14032766222953796 -0.1269506812095642 1.0 0.0 0.0
v -0.41214320063591003 0.11264289170503616 0.09443078190088272 1.0 0.0 0.0
v -0.16917116940021515 -0.0025525556411594152 0.24634134769439697 1.0 0.0 0.0
v -0.3248996436595917 -0.9134868383407593 -0.41388311982154846 1.0 0.0 0.0
v -0.6491703987121582 0.2423883080482483 -0.043835677206516266 1.0 0.0 0.0
v -0.3554196059703827 0.14902424812316895 0.16606108844280243 1.0 0.0 0.0
v -0.5938510298728943 0.21154431998729706 -0.011887693777680397 1.0 0.0 0.0
v -0.14965496957302094 -0.5653638243675232 -0.05785252898931503 1.0 0.0 0.0
v -0.05533243343234062 -0.6386364102363586 -0.015200500376522541 1.0 0.0 0.0
v -0.4186106324195862 0.23866885900497437 0.16066694259643555 1.0 0.0 0.0
v -0.2875206470489502 -0.9309310913085938 -0.3903544843196869 1.0 0.0 0.0
v -0.20282281935214996 0.05334053933620453 0.24812926352024078 1.0 0.0 0.0
v -0.7780446410179138 0.1496979296207428 -0.21231205761432648 1.0 0.0 0.0
v -0.25336992740631104 -0.9015616774559021 -0.3429618775844574 1.0 0.0 0.0
v -0.8753566741943359 0.12000100314617157 -0.31649723649024963 1.0 0.0 0.0
v -0.012172579765319824 -0.531686007976532 0.08460886776447296 1.0 0.0 0.0
v -0.5838625431060791 -0.11534669250249863 -0.18977607786655426 1.0 0.0 0.0
v -0.1790192425251007 -0.18165525794029236 0.13514626026153564 1.0 0.0 0.0
v 0.03264608234167099 -0.3232331871986389 0.24392028152942657 1.0 0.0 0.0
v -0.6577222347259521 0.05657121539115906 -0.15770679712295532 1.0 0.0 0.0
v -0.26780885457992554 0.017326796427369118 0.1693042516708374 1.0 0.0 0.0
v -0.2268316149711609 -0.7206323742866516 -0.21576492488384247 1.0 0.0 0.0
v -0.24505171179771423 0.10915368795394897 0.24218451976776123 1.0 0.0 0.0
v -0.14612597227096558 -0.03853686898946762 0.24642710387706757 1.0 0.0 0.0
v -0.04033883661031723 -0.20062658190727234 0.24858880043029785 1.0 0.0 0.0
v 0.0028676562942564487 -0.4219829738140106 0.1607906073331833 1.0 0.0 0.0
v 0.04554365947842598 -0.7027907371520996 0.03853653743863106 1.0 0.0 0.0
v -0.2737050950527191 -0.7762125134468079 -0.2895408868789673 1.0 0.0 0.0
v 0.10717251896858215 -0.6578276753425598 0.11946795880794525 1.0 0.0 0.0
v -0.8408917784690857 -0.16848404705524445 -0.4504982531070709 1.0 0.0 0.0
v -0.2293918877840042 -0.828887403011322 -0.27993446588516235 1.0 0.0 0.0
v -0.10785117000341415 -0.14913174510002136 0.2175167351961136 1.0 0.0 0.0
v -0.3439868986606598 -0.8701911568641663 -0.4062427878379822 1.0 0.0 0.0
v -0.23305261135101318 0.039374496787786484 0.21305467188358307 1.0 0.0 0.0
v -0.058833468705415726 -0.48548638820648193 0.06919737160205841 1.0 0.0 0.0
v -0.5746985077857971 0.2534177601337433 0.029210403561592102 1.0 0.0 0.0
v -0.560724139213562 0.24991412460803986 0.039731718599796295 1.0 0.0 0.0
v 0.12534530460834503 -0.4514852464199066 0.2536930441856384 1.0 0.0 0.0
v 0.21446339786052704 -0.4862307906150818 0.3137015998363495 1.0 0.0 0.0
v -0.3026120066642761 0.1994199901819229 0.24219200015068054 1.0 0.0 0.0
v -0.9279314875602722 0.08054224401712418 -0.38616833090782166 1.0 0.0 0.0
v -0.44326111674308777 0.22222301363945007 0.12917518615722656 1.0 0.0 0.0
v -0.24665537476539612 -0.6596738696098328 -0.19868917763233185 1.0 0.0 0.0
v -0.12500503659248352 0.06863048672676086 0.3266090750694275 1.0 0.0 0.0
v -0.7871934175491333 0.11379826068878174 -0.24103030562400818 1.0 0.0 0.0
v -0.017318328842520714 -0.7126760482788086 -0.02345072478055954 1.0 0.0 0.0
v 0.17749041318893433 -0.6496326327323914 0.18717117607593536 1.0 0.0 0.0
v 0.11952392011880875 -0.5323037505149841 0.20228269696235657 1.0 0.0 0.0
v 0.03392035514116287 -0.19797126948833466 0.3166578710079193 1.0 0.0 0.0
v -0.09244520962238312 -0.09078139811754227 0.26467475295066833 1.0 0.0 0.0
v -0.3316366672515869 0.34500470757484436 0.29939141869544983 1.0 0.0 0.0
v -0.19543121755123138 -0.6502282619476318 -0.14738307893276215 1.0 0.0 0.0
v -0.17107437551021576 0.1729273647069931 0.34493422508239746 1.0 0.0 0.0
v -0.5879871845245361 0.046721201390028 -0.10083992034196854 1.0 0.0 0.0
v -1.0018507242202759 0.09970655292272568 -0.44146138429641724 1.0 0.0 0.0
v 0.002664129948243499 -0.6685962080955505 0.0196522269397974 1.0 0.0 0.0
v 0.027052126824855804 -0.2146671861410141 0.3009597063064575 1.0 0.0 0.0
v -0.06411521881818771 -0.6134617924690247 -0.008682683110237122 1.0 0.0 0.0
v 0.13032904267311096 -0.5928000211715698 0.17738860845565796 1.0 0.0 0.0
v -0.20251506567001343 -0.7821806073188782 -0.22915127873420715 1.0 0.0 0.0
v 0.04942217096686363 -0.7507588863372803 0.014595464803278446 1.0 0.0 0.0
v -0.15160776674747467 -0.867836058139801 -0.2324857860803604 1.0 0.0 0.0
v -0.8526145815849304 -0.05568931996822357 -0.3965345025062561 1.0 0.0 0.0
v -0.46133288741111755 0.04754716157913208 0.013140237890183926 1.0 0.0 0.0
v -0.31271666288375854 0.3527906537055969 0.32079780101776123 1.0 0.0 0.0
v 0.13334277272224426 -0.5865286588668823 0.18367402255535126 1.0 0.0 0.0
v -0.39115890860557556 0.15170063078403473 0.13556110858917236 1.0 0.0 0.0
v -0.023326575756072998 -0.5101138949394226 0.08694251626729965 1.0 0.0 0.0
v -0.6967370510101318 0.1989731788635254 -0.11127974838018417 1.0 0.0 0.0
v -0.18864840269088745 -0.08467420935630798 0.1819477528333664 1.0 0.0 0.0
v -0.9710955023765564 0.044895339757204056 -0.4452266991138458 1.0 0.0 0.0
v -0.32898831367492676 0.08681032061576843 0.15418946743011475 1.0 0.0 0.0
v -0.8281538486480713 0.0021301242522895336 -0.34156501293182373 1.0 0.0 0.0
v -0.14644202589988708 -0.7301223278045654 -0.14914359152317047 1.0 0.0 0.0
v 0.140980526804924 -0.6252152323722839 0.16840703785419464 1.0 0.0 0.0
v -0.7038727402687073 0.3043895959854126 -0.05742226541042328 1.0 0.0 0.0
v 0.17035247385501862 -0.5484604239463806 0.23860082030296326 1.0 0.0 0.0
v -0.5764563083648682 0.0524173378944397 -0.08725018054246902 1.0 0.0 0.0
v -0.12145128101110458 0.1102311760187149 0.3535715639591217 1.0 0.0 0.0
v -0.12437248229980469 0.06272833794355392 0.32380250096321106 1.0 0.0 0.0
v -0.6459190249443054 -0.033505577594041824 -0.19861362874507904 1.0 0.0 0.0
v -0.5599601864814758 -0.6252678632736206 -0.4598088264465332 1.0 0.0 0.0
v -0.02499087154865265 -0.667275607585907 -0.004377503413707018 1.0 0.0 0.0
v -0.2872079610824585 -0.8049606084823608 -0.3180736303329468 1.0 0.0 0.0
v 0.013391210697591305 -0.6645299792289734 0.03158998861908913 1.0 0.0 0.0
v -0.5755537152290344 0.33999359607696533 0.07792780548334122 1.0 0.0 0.0
v -0.3116789758205414 0.3657360076904297 0.32912689447402954 1.0 0.0 0.0
v 0.0723126232624054 -0.6167578101158142 0.11170057952404022 1.0 0.0 0.0
v -0.4127320945262909 0.08415818214416504 0.07762210816144943 1.0 0.0 0.0
v 0.0815790593624115 -0.2966502606868744 0.3029681146144867 1.0 0.0 0.0
v 0.2082381248474121 -0.5348842740058899 0.28031376004219055 1.0 0.0 0.0
v -0.14259584248065948 -0.8524568676948547 -0.2156190425157547 1.0 0.0 0.0
v -0.7690437436103821 -0.11598896235227585 -0.3561033010482788 1.0 0.0 0.0
v -0.5382490158081055 0.24721896648406982 0.05833350494503975 1.0 0.0 0.0
v 0.18554650247097015 -0.6892744302749634 0.17173311114311218 1.0 0.0 0.0
v -0.6177099347114563 -0.14823706448078156 -0.2389092892408371 1.0 0.0 0.0
v -0.8294155597686768 0.03958076611161232 -0.32129019498825073 1.0 0.0 0.0
v 0.2556687593460083 -0.500436544418335 0.342510461807251 1.0 0.0 0.0
v -0.23814333975315094 -0.8849460482597351 -0.31981879472732544 1.0 0.0 0.0
v -0.7416449785232544 0.20003031194210052 -0.15092217922210693 1.0 0.0 0.0
v -0.8938738703727722 0.10242192447185516 -0.3431400656700134 1.0 0.0 0.0
v -0.7210890650749207 0.25615885853767395 -0.10041869431734085 1.0 0.0 0.0
v -0.42816248536109924 0.07218579947948456 0.05695031210780144 1.0 0.0 0.0
v -0.10426895320415497 -0.102369524538517 0.24745488166809082 1.0 0.0 0.0
v -0.08625451475381851 -0.8482035398483276 -0.16269463300704956 1.0 0.0 0.0
v 0.2584075331687927 -0.5736210942268372 0.30313509702682495 1.0 0.0 0.0
v 0.02905886061489582 -0.3061867356300354 0.2504485845565796 1.0 0.0 0.0
v 0.010589844547212124 -0.33282506465911865 0.21867099404335022 1.0 0.0 0.0
v -0.6949677467346191 -0.11473499983549118 -0.28899937868118286 1.0 0.0 0.0
v -0.04789411649107933 -0.8203358054161072 -0.11238763481378555 1.0 0.0 0.0
v -0.37107667326927185 -0.9027556777000427 -0.44913357496261597 1.0 0.0 0.0
v -0.6806552410125732 0.20379884541034698 -0.09410899132490158 1.0 0.0 0.0
v -0.7825217247009277 0.03595034405589104 -0.28133878111839294 1.0 0.0 0.0
v -0.4804413914680481 0.28802230954170227 0.1334627866744995 1.0 0.0 0.0
v 0.07849670201539993 -0.6259134411811829 0.11200974136590958 1.0 0.0 0.0
v 0.21662543714046478 -0.5834044814109802 0.2600979506969452 1.0 0.0 0.0
v -0.1743522435426712 0.14176784455776215 0.3241868317127228 1.0 0.0 0.0
v 0.084465891122818 -0.5177984833717346 0.17915429174900055 1.0 0.0 0.0
v -0.7570835947990417 -0.12814222276210785 -0.3523309528827667 1.0 0.0 0.0
v -0.4758462607860565 0.3705892860889435 0.1847735196352005 1.0 0.0 0.0
v -0.7570720314979553 0.13723213970661163 -0.20064137876033783 1.0 0.0 0.0
v -0.14140638709068298 -0.6169919967651367 -0.07996908575296402 1.0 0.0 0.0
v -0.5208709836006165 -0.04400475323200226 -0.09254607558250427 1.0 0.0 0.0
v -0.09461009502410889 -0.22652411460876465 0.18514850735664368 1.0 0.0 0.0
v -0.7861706018447876 0.05071287602186203 -0.27617117762565613 1.0 0.0 0.0
v -0.8140308260917664 -0.1133195087313652 -0.39489510655403137 1.0 0.0 0.0
v 0.10073524713516235 -0.5756301283836365 0.16068029403686523 1.0 0.0 0.0
v 0.2850711941719055 -0.599905788898468 0.31200769543647766 1.0 0.0 0.0
v -0.09445109218358994 -0.48094967007637024 0.0398697555065155 1.0 0.0 0.0
v -0.555704653263092 0.10751502215862274 -0.03716045990586281 1.0 0.0 0.0
v -0.00880623608827591 -0.6581894159317017 0.01532060094177723 1.0 0.0 0.0
v -0.47131749987602234 0.4138629734516144 0.21356603503227234 1.0 0.0 0.0
v -0.5810568928718567 0.04642851650714874 -0.09479627758264542 1.0 0.0 0.0
v -0.18823277950286865 -0.681987464427948 -0.15908433496952057 1.0 0.0 0.0
v -0.1256353259086609 -0.681022584438324 -0.1024327352643013 1.0 0.0 0.0
v -0.10910206288099289 -0.03414902091026306 0.28211602568626404 1.0 0.0 0.0
v -0.2734396755695343 0.23699381947517395 0.289812296628952 1.0 0.0 0.0
v -0.1072704866528511 0.03003264032304287 0.3204416036605835 1.0 0.0 0.0
v -0.05669527128338814 -0.2805653214454651 0.18823975324630737 1.0 0.0 0.0
v -0.2598734200000763 -0.7270795106887817 -0.24906210601329803 1.0 0.0 0.0
v 0.20953400433063507 -0.5490554571151733 0.27337533235549927 1.0 0.0 0.0
v -0.03864108398556709 -0.07031064480543137 0.3245946168899536 1.0 0.0 0.0
v -0.25692397356033325 -0.9455047845840454 -0.37126344442367554 1.0 0.0 0.0
v -0.6268212199211121 -0.095838263630867 -0.21712543070316315 1.0 0.0 0.0
v -0.23965442180633545 -0.762718677520752 -0.25131192803382874 1.0 0.0 0.0
v -0.6793381571769714 -0.13748124241828918 -0.28799307346343994 1.0 0.0 0.0
v -0.5404245853424072 0.1805487722158432 0.018277296796441078 1.0 0.0 0.0
v 0.15581263601779938 -0.6589429974555969 0.16242194175720215 1.0 0.0 0.0
v -0.31444647908210754 0.06308656930923462 0.15366221964359283 1.0 0.0 0.0
v 0.06392767280340195 -0.277580201625824 0.2980487048625946 1.0 0.0 0.0
v -0.5814852714538574 -0.5995368361473083 -0.46439269185066223 1.0 0.0 0.0
v -0.40980395674705505 0.10704773664474487 0.09332922101020813 1.0 0.0 0.0
v -0.28146231174468994 0.21017184853553772 0.2672918438911438 1.0 0.0 0.0
v -0.8012651205062866 0.175978884100914 -0.21810103952884674 1.0 0.0 0.0
v -0.1006632000207901 -0.6541221737861633 -0.06467723846435547 1.0 0.0 0.0
v -0.08213509619235992 -0.5324604511260986 0.021465519443154335 1.0 0.0 0.0
v -0.22544889152050018 0.14527258276939392 0.2803969979286194 1.0 0.0 0.0
v -0.5565217137336731 -0.651449978351593 -0.4716920554637909 1.0 0.0 0.0
v -0.4402204155921936 -0.7433281540870667 -0.41997694969177246 1.0 0.0 0.0
v -0.36065003275871277 0.19134752452373505 0.18556414544582367 1.0 0.0 0.0
v -0.1416916847229004 -0.5440037846565247 -0.038507092744112015 1.0 0.0 0.0
v 0.13503395020961761 -0.6470218896865845 0.1506137251853943 1.0 0.0 0.0
v -0.6993504166603088 -0.0025506734382361174 -0.228806272149086 1.0 0.0 0.0
v -0.7102832794189453 0.3077056109905243 -0.06127208098769188 1.0 0.0 0.0
v -0.13821941614151 -0.10271435976028442 0.216831237077713 1.0 0.0 0.0
v -0.3229283392429352 -0.6866996884346008 -0.28249236941337585 1.0 0.0 0.0
v -0.4078039228916168 -0.7126017808914185 -0.3733629584312439 1.0 0.0 0.0
v -0.7424430847167969 0.2290457934141159 -0.13505320250988007 1.0 0.0 0.0
v -0.40960508584976196 0.09930917620658875 0.08908435702323914 1.0 0.0 0.0
v 0.08629226684570312 -0.6436246633529663 0.10887299478054047 1.0 0.0 0.0
v -0.24278517067432404 -0.6424853801727295 -0.18539629876613617 1.0 0.0 0.0
v -0.5104948282241821 0.39689409732818604 0.16875632107257843 1.0 0.0 0.0
v -0.2822595238685608 -0.8850154876708984 -0.3593956232070923 1.0 0.0 0.0
v 0.25732409954071045 -0.5356825590133667 0.32384851574897766 1.0 0.0 0.0
v -0.6737520098686218 -0.16025622189044952 -0.29600414633750916 1.0 0.0 0.0
v -0.11146309226751328 -0.12199374288320541 0.22979091107845306 1.0 0.0 0.0
v 0.19232504069805145 -0.611864447593689 0.22205305099487305 1.0 0.0 0.0
v -0.4302617907524109 0.13200059533119202 0.08925705403089523 1.0 0.0 0.0
v -0.7512866258621216 -0.26280927658081055 -0.4241069555282593 1.0 0.0 0.0
v -0.31776490807533264 0.41610485315322876 0.3524618446826935 1.0 0.0 0.0
v -0.030525561422109604 -0.313143253326416 0.19307269155979156 1.0 0.0 0.0
v -0.2824934422969818 0.28333207964897156 0.3081837296485901 1.0 0.0 0.0
v -0.118350550532341 -0.11523553729057312 0.22748111188411713 1.0 0.0 0.0
v -0.6353151202201843 -0.029811259359121323 -0.18699884414672852 1.0 0.0 0.0
v -0.7211632132530212 -0.031673140823841095 -0.2650004029273987 1.0 0.0 0.0
v -0.6249822378158569 -0.5367834568023682 -0.4675070643424988 1.0 0.0 0.0
v -0.40482568740844727 -0.7377152442932129 -0.38504791259765625 1.0 0.0 0.0
v -0.016949202865362167 -0.6471875309944153 0.014311160892248154 1.0 0.0 0.0
v -0.8569110035896301 -0.14880609512329102 -0.4536074697971344 1.0 0.0 0.0
v -0.8312703967094421 -0.03841943293809891 -0.367534875869751 1.0 0.0 0.0
v -0.2556218206882477 -0.7788003087043762 -0.2748136818408966 1.0 0.0 0.0
v -0.7762603759765625 -0.2872484028339386 -0.46045708656311035 1.0 0.0 0.0
v 0.13861003518104553 -0.39104777574539185 0.30012500286102295 1.0 0.0 0.0
v -0.5938979983329773 0.27696138620376587 0.02546047978103161 1.0 0.0 0.0
v -0.17644888162612915 -0.7896937727928162 -0.2100849449634552 1.0 0.0 0.0
v -0.3652508556842804 0.4201493561267853 0.31221646070480347 1.0 0.0 0.0
v 0.09631425142288208 -0.5339962244033813 0.18051473796367645 1.0 0.0 0.0
v -0.7870835661888123 -0.050683848559856415 -0.33494439721107483 1.0 0.0 0.0
v -0.21842782199382782 -0.002107148291543126 0.2024519294500351 1.0 0.0 0.0
v -0.96894770860672 0.0605328194797039 -0.4343639612197876 1.0 0.0 0.0
v -0.23051157593727112 -0.07281875610351562 0.15120598673820496 1.0 0.0 0.0
v 0.04781901463866234 -0.460065633058548 0.1793094128370285 1.0 0.0 0.0
v -0.4136977195739746 0.2612536549568176 0.17797863483428955 1.0 0.0 0.0
v -0.5239612460136414 0.20768040418624878 0.04853934422135353 1.0 0.0 0.0
v -0.7693057060241699 0.05656575411558151 -0.2577114701271057 1.0 0.0 0.0
v -0.7710877060890198 0.1357114017009735 -0.21407148241996765 1.0 0.0 0.0
v -0.18675430119037628 -0.11056552827358246 0.16884662210941315 1.0 0.0 0.0
v -0.03263348340988159 -0.23060722649097443 0.23835842311382294 1.0 0.0 0.0
v -0.4026569724082947 -0.8986878395080566 -0.47511088848114014 1.0 0.0 0.0
v -0.3741151690483093 0.44186022877693176 0.3166814148426056 1.0 0.0 0.0
v -0.570237398147583 0.3817296326160431 0.1065472811460495 1.0 0.0 0.0
v -0.7398322820663452 -0.17359474301338196 -0.3628494441509247 1.0 0.0 0.0
v -0.23673194646835327 -0.8951230049133301 -0.32437074184417725 1.0 0.0 0.0
v -0.2157713621854782 0.24662494659423828 0.34699973464012146 1.0 0.0 0.0
v -0.37820252776145935 0.39750242233276367 0.28766489028930664 1.0 0.0 0.0
v -0.3151063919067383 -0.9958924651145935 -0.45220670104026794 1.0 0.0 0.0
v -0.3475101590156555 0.13617298007011414 0.1658041924238205 1.0 0.0 0.0
v -0.40876129269599915 0.4005257189273834 0.262006014585495 1.0 0.0 0.0
v -0.19316430389881134 0.10946869850158691 0.288866251707077 1.0 0.0 0.0
v -0.6628047823905945 0.26235249638557434 -0.04464402049779892 1.0 0.0 0.0
v -0.15066546201705933 -0.9029604196548462 -0.251717209815979 1.0 0.0 0.0
v -0.7627044320106506 -0.09475131332874298 -0.3382832407951355 1.0 0.0 0.0
v -0.13455024361610413 0.034758031368255615 0.2986942529678345 1.0 0.0 0.0
v -0.6072478294372559 0.31414034962654114 0.03474659472703934 1.0 0.0 0.0
v -0.1731823831796646 -0.02270209789276123 0.23122966289520264 1.0 0.0 0.0
v -0.21126344799995422 -0.9163954854011536 -0.31370440125465393 1.0 0.0 0.0
v -0.2761133909225464 -0.7740115523338318 -0.29044121503829956 1.0 0.0 0.0
v -0.029143420979380608 -0.22721655666828156 0.2434242218732834 1.0 0.0 0.0
v -0.5152096748352051 0.16607020795345306 0.032599493861198425 1.0 0.0 0.0
v -0.8179351687431335 -0.11738444119691849 -0.4007176160812378 1.0 0.0 0.0
v -0.5831214785575867 0.3113580644130707 0.05477844923734665 1.0 0.0 0.0
v -0.14614170789718628 -0.7369017601013184 -0.15274934470653534 1.0 0.0 0.0
v -0.5849735736846924 0.05647113174200058 -0.09256638586521149 1.0 0.0 0.0
v -0.2560309171676636 0.21108223497867584 0.290603905916214 1.0 0.0 0.0
v -0.5124531984329224 0.316243439912796 0.12090396881103516 1.0 0.0 0.0
v -0.3516118824481964 -0.897709846496582 -0.4288051426410675 1.0 0.0 0.0
v -0.022275462746620178 -0.2535761296749115 0.234513059258461 1.0 0.0 0.0
v -0.43616223335266113 0.2565567195415497 0.15516126155853271 1.0 0.0 0.0
v -0.35388439893722534 0.33464208245277405 0.273529976606369 1.0 0.0 0.0
v 0.21009241044521332 -0.5231159329414368 0.28870198130607605 1.0 0.0 0.0
v -0.07785285264253616 -0.30134209990501404 0.1574029177427292 1.0 0.0 0.0
v -0.01797306351363659 -0.6982866525650024 -0.015813007950782776 1.0 0.0 0.0
v -0.9039815068244934 -0.011911122128367424 -0.4175475835800171 1.0 0.0 0.0
v -0.3814069926738739 0.21734726428985596 0.181822270154953 1.0 0.0 0.0
v -0.021596424281597137 -0.6319741606712341 0.01884176954627037 1.0 0.0 0.0
v -0.2797684371471405 0.15207278728485107 0.23560239374637604 1.0 0.0 0.0
v -0.36029529571533203 0.2750737965106964 0.23373723030090332 1.0 0.0 0.0
v 0.13667643070220947 -0.30559512972831726 0.34723401069641113 1.0 0.0 0.0
v 0.0477965846657753 -0.7712452411651611 0.0014293004060164094 1.0 0.0 0.0
v 0.0025558776687830687 -0.7295207381248474 -0.015267249196767807 1.0 0.0 0.0
v -0.8813478350639343 -0.12019211798906326 -0.45915302634239197 1.0 0.0 0.0
v 0.061804842203855515 -0.7057756185531616 0.05140383541584015 1.0 0.0 0.0
v -0.723686933517456 -0.019520353525877 -0.26031607389450073 1.0 0.0 0.0
v -0.18738187849521637 -0.5855693221092224 -0.10321233421564102 1.0 0.0 0.0
v -0.2868540585041046 0.10403762757778168 0.20179693400859833 1.0 0.0 0.0
v -0.3711695075035095 -0.7271563410758972 -0.34884995222091675 1.0 0.0 0.0
v -0.7138969302177429 -0.07012629508972168 -0.28046688437461853 1.0 0.0 0.0
v -0.8149624466896057 0.0340917706489563 -0.31147462129592896 1.0 0.0 0.0
v -0.27141544222831726 -0.8096119165420532 -0.3065789043903351 1.0 0.0 0.0
v -0.303620308637619 -0.8777453899383545 -0.3743838667869568 1.0 0.0 0.0
v -0.16808319091796875 0.14800146222114563 0.33336812257766724 1.0 0.0 0.0
v -0.6533117890357971 0.14275257289409637 -0.10449573397636414 1.0 0.0 0.0
v -0.5663142204284668 -0.03948663920164108 -0.13069011270999908 1.0 0.0 0.0
v -0.3704744875431061 0.329277902841568 0.2555958926677704 1.0 0.0 0.0
v 0.21531470119953156 -0.49932733178138733 0.3069790005683899 1.0 0.0 0.0
v -0.4661635458469391 0.3892836570739746 0.20413629710674286 1.0 0.0 0.0
v 0.08580692857503891 -0.2835915982723236 0.314221054315567 1.0 0.0 0.0
v -0.21001596748828888 -0.10260400176048279 0.15254996716976166 1.0 0.0 0.0
v -0.5286761522293091 0.3632376790046692 0.1332252472639084 1.0 0.0 0.0
v -0.15238803625106812 -0.6625507473945618 -0.11585072427988052 1.0 0.0 0.0
v -0.01812334917485714 -0.6356919407844543 0.019829384982585907 1.0 0.0 0.0
v 0.115198515355587 -0.38715147972106934 0.28137049078941345 1.0 0.0 0.0
v -0.14559121429920197 -0.6404184699058533 -0.09710932523012161 1.0 0.0 0.0
v -0.09798722714185715 0.04788319021463394 0.3389640748500824 1.0 0.0 0.0
v 0.045934371650218964 -0.4419032335281372 0.18800140917301178 1.0 0.0 0.0
v -0.32947298884391785 0.15232226252555847 0.19119957089424133 1.0 0.0 0.0
v -0.5046166777610779 -0.648406982421875 -0.4234353303909302 1.0 0.0 0.0
v -0.5226924419403076 0.09825534373521805 -0.012867285870015621 1.0 0.0 0.0
v -0.09615574777126312 -0.7834421396255493 -0.1345527023077011 1.0 0.0 0.0
v -0.9379401803016663 0.1446378231048584 -0.3585032522678375 1.0 0.0 0.0
v -0.8145936727523804 -0.14288440346717834 -0.4122978448867798 1.0 0.0 0.0
v -0.8761914968490601 -0.05105915293097496 -0.4150177836418152 1.0 0.0 0.0
v -0.8431164026260376 0.006263189949095249 -0.3526121973991394 1.0 0.0 0.0
v 0.2850694954395294 -0.6016931533813477 0.3109845817089081 1.0 0.0 0.0
v -0.5435463786125183 0.26115962862968445 0.06155402213335037 1.0 0.0 0.0
v -0.024131959304213524 -0.7566016316413879 -0.05466355010867119 1.0 0.0 0.0
v -0.5885990262031555 0.2514903247356415 0.015651026740670204 1.0 0.0 0.0
v -0.11730004101991653 -0.17017289996147156 0.1970221996307373 1.0 0.0 0.0
v -0.6029728055000305 -0.5606896281242371 -0.4614461064338684 1.0 0.0 0.0
v -0.5569127798080444 -0.5971111059188843 -0.44098424911499023 1.0 0.0 0.0
v 0.015011406503617764 -0.15676061809062958 0.32326623797416687 1.0 0.0 0.0
v -0.05761466920375824 -0.07600131630897522 0.30433782935142517 1.0 0.0 0.0
v -0.9696956276893616 0.033665981143713 -0.45039045810699463 1.0 0.0 0.0
v -0.5319320559501648 -0.6333214640617371 -0.4392930865287781 1.0 0.0 0.0
v -0.7240031957626343 0.25134778022766113 -0.1057802140712738 1.0 0.0 0.0
v 0.21628588438034058 -0.6031879186630249 0.24848608672618866 1.0 0.0 0.0
v -0.46868303418159485 0.4034503102302551 0.20997551083564758 1.0 0.0 0.0
v -0.5896399021148682 0.06915298849344254 -0.0894998088479042 1.0 0.0 0.0
v -0.7648852467536926 0.018326714634895325 -0.2756060063838959 1.0 0.0 0.0
v -0.0699126347899437 -0.735543429851532 -0.0836561843752861 1.0 0.0 0.0
v -0.15049944818019867 -0.21474973857402802 0.14179010689258575 1.0 0.0 0.0
v -0.17980454862117767 -0.6491928696632385 -0.1327866017818451 1.0 0.0 0.0
v 0.20267899334430695 -0.635556697845459 0.21779058873653412 1.0 0.0 0.0
v -0.5984975099563599 0.1993056833744049 -0.023047037422657013 1.0 0.0 0.0
v -0.372268944978714 0.38289883732795715 0.28463563323020935 1.0 0.0 0.0
v -0.5006075501441956 0.15492017567157745 0.039312973618507385 1.0 0.0 0.0
v -0.43863606452941895 0.47127461433410645 0.2756698727607727 1.0 0.0 0.0
v 0.02933211624622345 -0.1954779475927353 0.31397098302841187 1.0 0.0 0.0
v -0.4387108385562897 0.20025473833084106 0.12069682031869888 1.0 0.0 0.0
v -0.6012447476387024 -0.05898207053542137 -0.17313788831233978 1.0 0.0 0.0
v 0.13962864875793457 -0.5720033049583435 0.19760966300964355 1.0 0.0 0.0
v -0.9288018941879272 0.15364256501197815 -0.3451666533946991 1.0 0.0 0.0
v -0.5378467440605164 0.38994500041007996 0.14027154445648193 1.0 0.0 0.0
v -0.052330080419778824 -0.047439947724342346 0.32539862394332886 1.0 0.0 0.0
v -0.7123129963874817 0.18939681351184845 -0.13071253895759583 1.0 0.0 0.0
v -0.001121974433772266 -0.4451514780521393 0.1439727246761322 1.0 0.0 0.0
v 0.26687878370285034 -0.6287389993667603 0.2792234718799591 1.0 0.0 0.0
v -0.37444326281547546 0.12194720655679703 0.13353565335273743 1.0 0.0 0.0
v -0.762717068195343 -0.22877363860607147 -0.4148973226547241 1.0 0.0 0.0
v 0.11539255827665329 -0.394769549369812 0.2771901786327362 1.0 0.0 0.0
v -0.24542298913002014 -0.6810187101364136 -0.20978471636772156 1.0 0.0 0.0
v -0.4176257848739624 0.23477040231227875 0.15932133793830872 1.0 0.0 0.0
v -0.7475007176399231 -0.15431378781795502 -0.35870152711868286 1.0 0.0 0.0
v -0.22010594606399536 -0.6657727360725403 -0.17838136851787567 1.0 0.0 0.0
v 0.061373136937618256 -0.5741205811500549 0.12626661360263824 1.0 0.0 0.0
v -0.6269095540046692 0.15207643806934357 -0.07550471276044846 1.0 0.0 0.0
v -0.5886238217353821 0.277026504278183 0.03022441267967224 1.0 0.0 0.0
v 0.03589905425906181 -0.6009271144866943 0.0881149098277092 1.0 0.0 0.0
v -0.33191022276878357 0.08625082671642303 0.15125107765197754 1.0 0.0 0.0
v -0.6385352611541748 0.22891926765441895 -0.04200288653373718 1.0 0.0 0.0
v -0.6939955949783325 0.19380336999893188 -0.11177773028612137 1.0 0.0 0.0
v -0.22004146873950958 -0.8800501823425293 -0.3007975220680237 1.0 0.0 0.0
v -0.19440530240535736 -0.12777727842330933 0.15215210616588593 1.0 0.0 0.0
v -0.012400832958519459 -0.21207934617996216 0.2670809328556061 1.0 0.0 0.0
v -0.8352459073066711 0.05481172725558281 -0.3178098797798157 1.0 0.0 0.0
v -0.6129509806632996 0.287463903427124 0.01438798289746046 1.0 0.0 0.0
v -0.0876157209277153 -0.6567552089691162 -0.05448901653289795 1.0 0.0 0.0
v -0.9767470955848694 0.1352265626192093 -0.3986612856388092 1.0 0.0 0.0
v -0.20167280733585358 -0.17164549231529236 0.12056531012058258 1.0 0.0 0.0
v -0.3579287528991699 0.11170100420713425 0.14247962832450867 1.0 0.0 0.0
v -0.3757716119289398 0.29429861903190613 0.23085558414459229 1.0 0.0 0.0
v -0.30151933431625366 -0.8113413453102112 -0.33454659581184387 1.0 0.0 0.0
v -0.49400368332862854 0.35060590505599976 0.15707893669605255 1.0 0.0 0.0
v -0.9179680943489075 -0.061206262558698654 -0.45825788378715515 1.0 0.0 0.0
v 0.013935317285358906 -0.43509918451309204 0.16321270167827606 1.0 0.0 0.0
v 0.15039925277233124 -0.3732508420944214 0.32086268067359924 1.0 0.0 0.0
v -0.736949622631073 0.00947384163737297 -0.2556300163269043 1.0 0.0 0.0
v -0.277361124753952 0.04886097460985184 0.1787673681974411 1.0 0.0 0.0
v -0.16000577807426453 -0.23164860904216766 0.12361165136098862 1.0 0.0 0.0
v -0.053461432456970215 -0.2189018726348877 0.22638273239135742 1.0 0.0 0.0
v -0.053138747811317444 -0.23776714503765106 0.21588915586471558 1.0 0.0 0.0
v 0.18453368544578552 -0.6420881748199463 0.1977955400943756 1.0 0.0 0.0
v -0.5186805129051208 0.22515738010406494 0.06326121091842651 1.0 0.0 0.0
v -0.35618820786476135 -0.7383244633674622 -0.3418070077896118 1.0 0.0 0.0
v -0.22201482951641083 -0.8619261980056763 -0.2922069728374481 1.0 0.0 0.0
v -0.01485863234847784 -0.2299146056175232 0.254684180021286 1.0 0.0 0.0
v 0.09609759598970413 -0.3446437120437622 0.28854823112487793 1.0 0.0 0.0
v -0.06463338434696198 -0.1911127269268036 0.23225374519824982 1.0 0.0 0.0
v -0.07694622874259949 -0.7940015196800232 -0.12337242811918259 1.0 0.0 0.0
v -0.36779603362083435 0.38487064838409424 0.28977131843566895 1.0 0.0 0.0
v -0.6504566669464111 0.047775618731975555 -0.1562226265668869 1.0 0.0 0.0
v -0.6913735270500183 0.32010021805763245 -0.03724074363708496 1.0 0.0 0.0
v -0.2735171914100647 0.19875724613666534 0.26788806915283203 1.0 0.0 0.0
v -0.29087263345718384 -0.8990665078163147 -0.3751457929611206 1.0 0.0 0.0
v -0.2246425598859787 -0.7089414000511169 -0.20712092518806458 1.0 0.0 0.0
v -0.22631408274173737 0.08920682221651077 0.2475762814283371 1.0 0.0 0.0
v -0.6778483390808105 -0.20325297117233276 -0.32425084710121155 1.0 0.0 0.0
v -0.5163906812667847 -0.6813847422599792 -0.45283621549606323 1.0 0.0 0.0
v 0.027516182512044907 -0.445339173078537 0.16953109204769135 1.0 0.0 0.0
v 0.28328055143356323 -0.559782862663269 0.33333584666252136 1.0 0.0 0.0
v -0.22870677709579468 -0.7367266416549683 -0.22664441168308258 1.0 0.0 0.0
v 0.010627076029777527 -0.6305367350578308 0.048542190343141556 1.0 0.0 0.0
v 0.1787334382534027 -0.396468847990036 0.3329852521419525 1.0 0.0 0.0
v 0.030313728377223015 -0.24186767637729645 0.2883358597755432 1.0 0.0 0.0
v 0.01340787298977375 -0.637499213218689 0.047054801136255264 1.0 0.0 0.0
v -0.4861115515232086 -0.6666973829269409 -0.4173051416873932 1.0 0.0 0.0
v -0.05456848070025444 -0.7255102396011353 -0.06417004764080048 1.0 0.0 0.0
v -0.05250239744782448 -0.06944801658391953 0.31266510486602783 1.0 0.0 0.0
v -0.8064886927604675 0.036270901560783386 -0.3026348650455475 1.0 0.0 0.0
v -0.3770354986190796 -0.7987170815467834 -0.3950088322162628 1.0 0.0 0.0
v -0.11175315827131271 -0.1279962807893753 0.2261001020669937 1.0 0.0 0.0
v -0.37504011392593384 -0.8968673944473267 -0.44932007789611816 1.0 0.0 0.0
v -0.7566624879837036 0.17849400639533997 -0.17669041454792023 1.0 0.0 0.0
v 0.1736946552991867 -0.3452857434749603 0.35772404074668884 1.0 0.0 0.0
v -0.07501347362995148 -0.6305973529815674 -0.028243862092494965 1.0 0.0 0.0
v -0.2918476462364197 -0.732896089553833 -0.28104206919670105 1.0 0.0 0.0
v 0.05478158965706825 -0.6471530199050903 0.07861630618572235 1.0 0.0 0.0
v -0.5668440461158752 -0.6184834837913513 -0.46210044622421265 1.0 0.0 0.0
v -0.4186391532421112 0.3139782249927521 0.2036857157945633 1.0 0.0 0.0
v -0.29075706005096436 -0.8224731683731079 -0.3312639594078064 1.0 0.0 0.0
v -0.7876954674720764 0.03160655125975609 -0.28845828771591187 1.0 0.0 0.0
v -0.9166303277015686 0.12935929000377655 -0.3481379747390747 1.0 0.0 0.0
v 0.05829153582453728 -0.5260205268859863 0.15099726617336273 1.0 0.0 0.0
v -0.4513958692550659 0.24481278657913208 0.1347963511943817 1.0 0.0 0.0
v -0.08138246834278107 -0.7002754211425781 -0.0737774670124054 1.0 0.0 0.0
v -0.7666627168655396 0.23055054247379303 -0.1558988243341446 1.0 0.0 0.0
v -0.6053392291069031 -0.5317636728286743 -0.4470337927341461 1.0 0.0 0.0
v -0.706462562084198 -0.20558860898017883 -0.35123002529144287 1.0 0.0 0.0
v -0.30789101123809814 -0.6468877196311951 -0.2462606430053711 1.0 0.0 0.0
v -0.22618937492370605 0.08780251443386078 0.24688538908958435 1.0 0.0 0.0
v -0.02800714410841465 -0.33261194825172424 0.18420203030109406 1.0 0.0 0.0
v -0.2165200412273407 -0.6851746439933777 -0.18625716865062714 1.0 0.0 0.0
v -0.6045429110527039 -0.011327419430017471 -0.14885589480400085 1.0 0.0 0.0
v -0.2820064127445221 -0.7937183976173401 -0.30698633193969727 1.0 0.0 0.0
v -0.05128362402319908 -0.2765945494174957 0.1953592449426651 1.0 0.0 0.0
v -0.8855677843093872 -0.046208400279283524 -0.4206483066082001 1.0 0.0 0.0
v -0.0979127436876297 -0.036341145634651184 0.29089099168777466 1.0 0.0 0.0
v -0.1900636851787567 0.09865041822195053 0.2854616940021515 1.0 0.0 0.0
v 0.07939616590738297 -0.4595874845981598 0.20788225531578064 1.0 0.0 0.0
v -0.32213225960731506 0.020246071740984917 0.12228796631097794 1.0 0.0 0.0
v -0.6487772464752197 0.2186780720949173 -0.05703536421060562 1.0 0.0 0.0
v -0.4658958911895752 0.07292725890874863 0.023557279258966446 1.0 0.0 0.0
v -0.22818134725093842 -0.7317299246788025 -0.22331753373146057 1.0 0.0 0.0
v 0.07691482454538345 -0.41106098890304565 0.23339462280273438 1.0 0.0 0.0
v -0.08482591807842255 0.02782508172094822 0.33929476141929626 1.0 0.0 0.0
v -0.24658387899398804 -0.7163727283477783 -0.23103231191635132 1.0 0.0 0.0
v 0.154149129986763 -0.6835314631462097 0.14687715470790863 1.0 0.0 0.0
v -0.0491129569709301 -0.6633396744728088 -0.023746155202388763 1.0 0.0 0.0
v -0.4886126220226288 0.3802218735218048 0.17883792519569397 1.0 0.0 0.0
v 0.010536396875977516 -0.6178773641586304 0.055696602910757065 1.0 0.0 0.0
v -0.3321470022201538 0.3013032376766205 0.27395573258399963 1.0 0.0 0.0
v 0.05128680542111397 -0.3079385459423065 0.26936808228492737 1.0 0.0 0.0
v -0.22394658625125885 0.23210367560386658 0.3313731849193573 1.0 0.0 0.0
v 0.10756875574588776 -0.45648902654647827 0.23490162193775177 1.0 0.0 0.0
v -0.8487613797187805 0.12647369503974915 -0.2889629006385803 1.0 0.0 0.0
v 0.16263934969902039 -0.56656813621521 0.22133849561214447 1.0 0.0 0.0
v -0.10157817602157593 -0.2350558638572693 0.174027219414711 1.0 0.0 0.0
v -0.12325403094291687 -0.29085487127304077 0.12270836532115936 1.0 0.0 0.0
v -0.3049554228782654 0.2577683925628662 0.2734418213367462 1.0 0.0 0.0
v -0.05712675675749779 -0.7863139510154724 -0.10121618211269379 1.0 0.0 0.0
v -0.2913743257522583 -0.7561296820640564 -0.293897420167923 1.0 0.0 0.0
v -0.18948674201965332 -0.7178950905799866 -0.18073175847530365 1.0 0.0 0.0
v -0.5770329833030701 -0.028953900560736656 -0.1342761218547821 1.0 0.0 0.0
v -0.1095183789730072 -0.873486340045929 -0.1979946345090866 1.0 0.0 0.0
v -0.5317073464393616 0.19506819546222687 0.034388523548841476 1.0 0.0 0.0
v -0.8142310976982117 0.24541917443275452 -0.19003140926361084 1.0 0.0 0.0
v -0.15750260651111603 -0.6050599217414856 -0.08757457137107849 1.0 0.0 0.0
v -0.7911925315856934 -0.12604495882987976 -0.3817007839679718 1.0 0.0 0.0
v 0.0797773078083992 -0.5292180180549622 0.16842533648014069 1.0 0.0 0.0
v 0.022027572616934776 -0.1221173107624054 0.34935513138771057 1.0 0.0 0.0
v -0.44992077350616455 0.27641913294792175 0.154183492064476 1.0 0.0 0.0
v 0.007891759276390076 -0.6938157081604004 0.00992259755730629 1.0 0.0 0.0
v -0.20980867743492126 0.20955687761306763 0.3311566114425659 1.0 0.0 0.0
v -0.23559659719467163 0.015623942948877811 0.1971997171640396 1.0 0.0 0.0
v -0.23263639211654663 0.13382302224636078 0.26741135120391846 1.0 0.0 0.0
v -0.39163607358932495 0.2784704864025116 0.2075909525156021 1.0 0.0 0.0
v -0.3113011419773102 -0.8286223411560059 -0.3531903326511383 1.0 0.0 0.0
v -0.5250183939933777 0.1893511712551117 0.03711555153131485 1.0 0.0 0.0
v -0.41142454743385315 0.27482083439826965 0.18777042627334595 1.0 0.0 0.0
v 0.08814164251089096 -0.29164090752601624 0.31171271204948425 1.0 0.0 0.0
v -0.01032167486846447 -0.2459314912557602 0.249595507979393 1.0 0.0 0.0
v -0.8844780921936035 -0.09770743548870087 -0.4491068720817566 1.0 0.0 0.0
v 0.18533454835414886 -0.5881140828132629 0.2293630689382553 1.0 0.0 0.0
v -0.6418893933296204 0.14078645408153534 -0.09538271278142929 1.0 0.0 0.0
v -0.15703563392162323 -0.8803218007087708 -0.2444867044687271 1.0 0.0 0.0
v 0.05917756259441376 -0.7245185375213623 0.03833639994263649 1.0 0.0 0.0
v -0.3334556818008423 -0.7864413857460022 -0.3489360511302948 1.0 0.0 0.0
v -0.1998690366744995 0.06139424070715904 0.25537967681884766 1.0 0.0 0.0
v -0.4416857957839966 0.4319949448108673 0.25048571825027466 1.0 0.0 0.0
v -0.31071653962135315 -0.748293399810791 -0.3067530393600464 1.0 0.0 0.0
v -0.963283121585846 0.10858653485774994 -0.40182140469551086 1.0 0.0 0.0
v 0.007279456127434969 -0.7135108709335327 -0.0018832660280168056 1.0 0.0 0.0
v -0.362184077501297 0.09186608344316483 0.127329021692276 1.0 0.0 0.0
v -0.8613121509552002 0.10984473675489426 -0.30971550941467285 1.0 0.0 0.0
v -0.8700876832008362 0.005478343926370144 -0.37723252177238464 1.0 0.0 0.0
v 0.09003559499979019 -0.4706783890724182 0.21107816696166992 1.0 0.0 0.0
v -0.11774662137031555 -0.03295082226395607 0.27505359053611755 1.0 0.0 0.0
v -0.5655567646026611 0.20868507027626038 0.011835494078695774 1.0 0.0 0.0
v -0.290971577167511 0.028753390535712242 0.1550767868757248 1.0 0.0 0.0
v -0.07195523381233215 -0.07416018843650818 0.2925380766391754 1.0 0.0 0.0
v 0.036733899265527725 -0.6587007641792297 0.0558415912091732 1.0 0.0 0.0
v -0.42584699392318726 0.19565576314926147 0.12959682941436768 1.0 0.0 0.0
v 0.27732357382774353 -0.5892647504806519 0.3111463189125061 1.0 0.0 0.0
v -0.11664007604122162 -0.06593083590269089 0.25719499588012695 1.0 0.0 0.0
v -0.025967150926589966 -0.2625037431716919 0.2261018306016922 1.0 0.0 0.0
v 0.009163121692836285 -0.7614867687225342 -0.027616526931524277 1.0 0.0 0.0
v -0.3021029531955719 0.12327498197555542 0.1991262435913086 1.0 0.0 0.0
v -0.2848235070705414 -0.8513738512992859 -0.34246501326560974 1.0 0.0 0.0
v 0.07090608030557632 -0.3080812394618988 0.2868694067001343 1.0 0.0 0.0
v -0.5876608490943909 -0.09491730481386185 -0.18150338530540466 1.0 0.0 0.0
v -0.9095275402069092 -0.00504206120967865 -0.41859182715415955 1.0 0.0 0.0
v -0.5456604957580566 0.4101787507534027 0.1448337882757187 1.0 0.0 0.0
v 0.22550103068351746 -0.6562501788139343 0.22641609609127045 1.0 0.0 0.0
v -0.365054190158844 -0.7093545198440552 -0.33319446444511414 1.0 0.0 0.0
v -0.12312178313732147 -0.8611473441123962 -0.2031334936618805 1.0 0.0 0.0
v -0.47989198565483093 0.17061886191368103 0.06685122102499008 1.0 0.0 0.0
v -0.18414585292339325 -0.8740773797035217 -0.26521387696266174 1.0 0.0 0.0
v -0.33325642347335815 0.2248171716928482 0.22924456000328064 1.0 0.0 0.0
v -0.34977221488952637 0.24459999799728394 0.22575025260448456 1.0 0.0 0.0
v -0.6157055497169495 0.24108773469924927 -0.014587716199457645 1.0 0.0 0.0
v -0.0342569500207901 -0.1909312903881073 0.25958091020584106 1.0 0.0 0.0
v -0.23398375511169434 -0.8344595432281494 -0.2872345447540283 1.0 0.0 0.0
v -0.6242454051971436 -0.10201549530029297 -0.2183476686477661 1.0 0.0 0.0
v -0.32015901803970337 -0.9738801121711731 -0.444153368473053 1.0 0.0 0.0
v -0.0691792368888855 -0.3262474238872528 0.15094119310379028 1.0 0.0 0.0
v -0.009872912429273129 -0.06983578950166702 0.3506481945514679 1.0 0.0 0.0
v -0.8113633990287781 -0.06877261400222778 -0.36704298853874207 1.0 0.0 0.0
v -0.0036372533068060875 -0.5792322754859924 0.0650823563337326 1.0 0.0 0.0
v -0.1472814977169037 -0.15692216157913208 0.1777263730764389 1.0 0.0 0.0
v -0.24334624409675598 0.09390171617269516 0.23499543964862823 1.0 0.0 0.0
v 0.1696474701166153 -0.4790365695953369 0.2776493728160858 1.0 0.0 0.0
v -0.004323095083236694 -0.39182814955711365 0.17158174514770508 1.0 0.0 0.0
v -0.3329067528247833 -0.8730761408805847 -0.39796170592308044 1.0 0.0 0.0
v 0.01521149929612875 -0.4461576044559479 0.1580357849597931 1.0 0.0 0.0
v 0.07531902194023132 -0.4260578453540802 0.22339273989200592 1.0 0.0 0.0
v -0.09585954993963242 -0.23565791547298431 0.17880816757678986 1.0 0.0 0.0
v 0.15257827937602997 -0.5032882690429688 0.24849042296409607 1.0 0.0 0.0
v -0.1740497350692749 0.1345839947462082 0.32035189867019653 1.0 0.0 0.0
v -0.3467516601085663 0.21683555841445923 0.21258804202079773 1.0 0.0 0.0
v -0.8054074048995972 0.09578952193260193 -0.2676469385623932 1.0 0.0 0.0
v -0.18085844814777374 -0.5615586638450623 -0.08364231139421463 1.0 0.0 0.0
v -0.08201970905065536 -0.0922282263636589 0.2731911540031433 1.0 0.0 0.0
v 0.1575109362602234 -0.48271992802619934 0.2646673023700714 1.0 0.0 0.0
v 0.19380679726600647 -0.6240181922912598 0.2164343297481537 1.0 0.0 0.0
v 0.019156940281391144 -0.10313156992197037 0.3576340973377228 1.0 0.0 0.0
v -0.38098958134651184 -0.8707191348075867 -0.4397065043449402 1.0 0.0 0.0
v -0.7266106605529785 -0.16670732200145721 -0.3470635414123535 1.0 0.0 0.0
v -0.8686959743499756 -0.08939755707979202 -0.43021324276924133 1.0 0.0 0.0
v -0.5548673868179321 0.11728959530591965 -0.030823295935988426 1.0 0.0 0.0
v -0.28059515357017517 -0.8994496464729309 -0.3661540746688843 1.0 0.0 0.0
v 0.03185524791479111 -0.7710098028182983 -0.012722812592983246 1.0 0.0 0.0
v -0.565248429775238 0.18202973902225494 -0.003123469417914748 1.0 0.0 0.0
v 0.17784534394741058 -0.4148751199245453 0.32166892290115356 1.0 0.0 0.0
v -0.43562865257263184 0.39126697182655334 0.23263537883758545 1.0 0.0 0.0
v -0.1282392293214798 -0.00791856087744236 0.27995768189430237 1.0 0.0 0.0
v -0.6066136956214905 -0.053669508546590805 -0.17491312325000763 1.0 0.0 0.0
v -0.9200592637062073 0.04683229327201843 -0.39838072657585144 1.0 0.0 0.0
v -0.34345754981040955 0.2659454047679901 0.24360978603363037 1.0 0.0 0.0
v -0.356380432844162 -0.9281569719314575 -0.4504812955856323 1.0 0.0 0.0
v -0.17437343299388885 -0.8131662607192993 -0.22164101898670197 1.0 0.0 0.0
v 0.1761287897825241 -0.66144859790802 0.1791972517967224 1.0 0.0 0.0
v -0.5532379150390625 0.32304373383522034 0.08823934197425842 1.0 0.0 0.0
v -0.6579840779304504 -0.18936684727668762 -0.2985115349292755 1.0 0.0 0.0
v -0.4736519157886505 0.2621181905269623 0.12474160641431808 1.0 0.0 0.0
v -0.029569920152425766 -0.6323362588882446 0.01148890983313322 1.0 0.0 0.0
v -0.0033507728949189186 -0.1307392418384552 0.32168295979499817 1.0 0.0 0.0
v -0.8701406717300415 -0.02909545786678791 -0.39704129099845886 1.0 0.0 0.0
v -0.7535379528999329 -0.20664387941360474 -0.3940223157405853 1.0 0.0 0.0
v 0.2926047444343567 -0.5572736263275146 0.34312644600868225 1.0 0.0 0.0
v -0.04448644444346428 -0.4781017601490021 0.08627603948116302 1.0 0.0 0.0
v -0.4860974848270416 -0.7152493596076965 -0.4450432360172272 1.0 0.0 0.0
v -0.04193184897303581 -0.816893994808197 -0.10507701337337494 1.0 0.0 0.0
v -0.9514495134353638 0.0492466539144516 -0.4251328110694885 1.0 0.0 0.0
v -0.34956854581832886 -0.7617817521095276 -0.34928184747695923 1.0 0.0 0.0
v 0.24345484375953674 -0.549087405204773 0.30375707149505615 1.0 0.0 0.0
v -0.8684067130088806 0.033818069845438004 -0.35952797532081604 1.0 0.0 0.0
v -0.08454276621341705 -0.5033398866653442 0.035952117294073105 1.0 0.0 0.0
v -0.46861669421195984 0.11595770716667175 0.045713670551776886 1.0 0.0 0.0
v -0.15997780859470367 -0.045981258153915405 0.22975806891918182 1.0 0.0 0.0
v 0.1385021060705185 -0.6099244356155396 0.17492558062076569 1.0 0.0 0.0
v -0.05554446205496788 -0.23741087317466736 0.21393677592277527 1.0 0.0 0.0
v -0.7982688546180725 -0.2589937150478363 -0.46403172612190247 1.0 0.0 0.0
v -0.6514155864715576 0.14333316683769226 -0.10246449708938599 1.0 0.0 0.0
v -0.5714866518974304 0.2591235637664795 0.035350121557712555 1.0 0.0 0.0
v -0.33404022455215454 -0.9972831010818481 -0.46997013688087463 1.0 0.0 0.0
v -0.24101313948631287 -0.9515117406845093 -0.3604374825954437 1.0 0.0 0.0
v -0.5848632454872131 -0.5227012634277344 -0.4235033392906189 1.0 0.0 0.0
v -0.3189653754234314 0.23198601603507996 0.2461497187614441 1.0 0.0 0.0
v -0.35521817207336426 -0.9264903664588928 -0.4484871029853821 1.0 0.0 0.0
v -0.1593114584684372 -0.6411362290382385 -0.10981570929288864 1.0 0.0 0.0
v -0.4063538610935211 0.21165217459201813 0.15620967745780945 1.0 0.0 0.0
v -0.6003011465072632 0.33966779708862305 0.05556285381317139 1.0 0.0 0.0
v -0.029029155150055885 -0.3789145350456238 0.15682105720043182 1.0 0.0 0.0
v 0.06294722110033035 -0.28874680399894714 0.29078754782676697 1.0 0.0 0.0
v -0.1355070322751999 -0.2562260031700134 0.13151989877223969 1.0 0.0 0.0
v -0.0195458997040987 -0.6376769542694092 0.01741991750895977 1.0 0.0 0.0
v -0.24539031088352203 0.20617589354515076 0.29733577370643616 1.0 0.0 0.0
v -0.1497991383075714 0.04635380208492279 0.29165589809417725 1.0 0.0 0.0
v -0.48020514845848083 0.1312071681022644 0.044044129550457 1.0 0.0 0.0
v -0.830866277217865 -0.20163846015930176 -0.46046334505081177 1.0 0.0 0.0
v 0.20555239915847778 -0.562394380569458 0.26218295097351074 1.0 0.0 0.0
v -0.10336005687713623 -0.5088653564453125 0.0159298088401556 1.0 0.0 0.0
v -0.5721781253814697 0.18178164958953857 -0.009475676342844963 1.0 0.0 0.0
v -0.5057766437530518 0.18877683579921722 0.05403178185224533 1.0 0.0 0.0
v -0.22167551517486572 -0.8935262560844421 -0.30996444821357727 1.0 0.0 0.0
v -0.8479803800582886 0.14216603338718414 -0.2792937457561493 1.0 0.0 0.0
v -0.4573304057121277 0.11480429023504257 0.0551692433655262 1.0 0.0 0.0
v -0.22559048235416412 -0.6029877662658691 -0.1474108248949051 1.0 0.0 0.0
v -0.13896404206752777 -0.5140493512153625 -0.0189416091889143 1.0 0.0 0.0
v -0.5446767807006836 0.14675742387771606 -0.004847548436373472 1.0 0.0 0.0
v -0.4756508469581604 0.11502813547849655 0.03887832164764404 1.0 0.0 0.0
v -0.28747886419296265 0.28648674488067627 0.30551886558532715 1.0 0.0 0.0
v -0.2181004136800766 -0.6842328906059265 -0.1871352344751358 1.0 0.0 0.0
v -0.6174802184104919 -0.045862145721912384 -0.18018928170204163 1.0 0.0 0.0
v -0.46827831864356995 0.35550546646118164 0.18293452262878418 1.0 0.0 0.0
v -0.6263567209243774 0.13437439501285553 -0.08512719720602036 1.0 0.0 0.0
v -0.6420884728431702 0.09551609307527542 -0.12143617868423462 1.0 0.0 0.0
v -0.5355464816093445 0.3850941061973572 0.13956040143966675 1.0 0.0 0.0
v 0.06083689630031586 -0.295335054397583 0.28513064980506897 1.0 0.0 0.0
v -0.34903717041015625 0.24912239611148834 0.22899384796619415 1.0 0.0 0.0
v -0.3415461778640747 -0.9181762337684631 -0.43148207664489746 1.0 0.0 0.0
v -0.6472647190093994 0.007178665604442358 -0.17656591534614563 1.0 0.0 0.0
v -0.03740343078970909 -0.5529530048370361 0.04984135553240776 1.0 0.0 0.0
v -0.22147126495838165 -0.0450361967086792 0.17518754303455353 1.0 0.0 0.0
v -0.22128745913505554 -0.6449965834617615 -0.16756528615951538 1.0 0.0 0.0
v -0.94112628698349 0.006178693380206823 -0.4404973089694977 1.0 0.0 0.0
v -0.5919997692108154 5.190339834371116e-06 -0.13113734126091003 1.0 0.0 0.0
v -0.2920245826244354 0.197549968957901 0.25061166286468506 1.0 0.0 0.0
v -0.30354762077331543 0.15273025631904602 0.2146672010421753 1.0 0.0 0.0
v -0.8176510334014893 -0.08206110447645187 -0.3802732527256012 1.0 0.0 0.0
v -0.663305401802063 -0.10534922033548355 -0.25525882840156555 1.0 0.0 0.0
v -0.04174715280532837 -0.037510644644498825 0.34055835008621216 1.0 0.0 0.0
v -0.04620863124728203 -0.04991888999938965 0.3294678032398224 1.0 0.0 0.0
v -0.4038151800632477 0.20829731225967407 0.1565673053264618 1.0 0.0 0.0
v -0.6794973015785217 0.10057250410318375 -0.152072012424469 1.0 0.0 0.0
v -0.6170828938484192 -0.022969776764512062 -0.16674867272377014 1.0 0.0 0.0
v -0.6022288203239441 -0.13355737924575806 -0.21664464473724365 1.0 0.0 0.0
v -0.9655174612998962 0.08839237689971924 -0.41536614298820496 1.0 0.0 0.0
v -0.10200447589159012 -0.584197461605072 -0.025912638753652573 1.0 0.0 0.0
v -0.7436737418174744 0.26552021503448486 -0.11530852317810059 1.0 0.0 0.0
v -0.2734105587005615 -0.06016698479652405 0.11999110877513885 1.0 0.0 0.0
v -0.28596019744873047 -0.9679222106933594 -0.4100989103317261 1.0 0.0 0.0
v -0.7372984290122986 0.174754336476326 -0.16147370636463165 1.0 0.0 0.0
v -0.3314118981361389 -0.7579101920127869 -0.3307969272136688 1.0 0.0 0.0
v -0.007246974855661392 -0.6345829367637634 0.030210718512535095 1.0 0.0 0.0
v -0.4001440405845642 -0.8230175971984863 -0.42960816621780396 1.0 0.0 0.0
v -0.35527586936950684 -0.8983939290046692 -0.4324797987937927 1.0 0.0 0.0
v -0.20255018770694733 -0.8840879201889038 -0.2874296009540558 1.0 0.0 0.0
v -0.3762463629245758 0.5049596428871155 0.35083699226379395 1.0 0.0 0.0
v -0.6494637131690979 0.016722925007343292 -0.17308147251605988 1.0 0.0 0.0
v -0.14258085191249847 0.13435913622379303 0.34842589497566223 1.0 0.0 0.0
v -0.6794176697731018 0.21054935455322266 -0.08914151042699814 1.0 0.0 0.0
v -0.7597241401672363 0.22953331470489502 -0.15026187896728516 1.0 0.0 0.0
v -0.034277305006980896 -0.35740476846694946 0.16441193222999573 1.0 0.0 0.0
v -0.22486166656017303 0.22900807857513428 0.32878372073173523 1.0 0.0 0.0
v -0.15098091959953308 0.12037315964698792 0.33290380239486694 1.0 0.0 0.0
v -0.47928446531295776 0.19759558141231537 0.08281468600034714 1.0 0.0 0.0
v -0.3637140691280365 0.38280603289604187 0.29224953055381775 1.0 0.0 0.0
v -0.2375604510307312 -0.6990524530410767 -0.21304576098918915 1.0 0.0 0.0
v 0.2059807926416397 -0.46833181381225586 0.3163299262523651 1.0 0.0 0.0
v -0.8670560121536255 -0.12232612818479538 -0.44756439328193665 1.0 0.0 0.0
v -0.03532550856471062 -0.12035604566335678 0.2989617586135864 1.0 0.0 0.0
v -0.05407360568642616 -0.7098841071128845 -0.05479515343904495 1.0 0.0 0.0
v -0.5619851350784302 0.28636622428894043 0.05943640321493149 1.0 0.0 0.0
v -0.5592435002326965 0.25482240319252014 0.043864089995622635 1.0 0.0 0.0
v -0.373855322599411 0.46555763483047485 0.33045896887779236 1.0 0.0 0.0
v -0.17651426792144775 -0.8602386713027954 -0.25046467781066895 1.0 0.0 0.0
v -0.09971362352371216 -0.5957712531089783 -0.030474785715341568 1.0 0.0 0.0
v -0.010972177609801292 -0.10921961814165115 0.3271525204181671 1.0 0.0 0.0
v -0.0951438620686531 -0.6977110505104065 -0.08464477211236954 1.0 0.0 0.0
v -0.03519069775938988 -0.5680757761001587 0.04318072274327278 1.0 0.0 0.0
v -0.013840511441230774 -0.3112475574016571 0.20910941064357758 1.0 0.0 0.0
v -0.09763845056295395 -0.1066826805472374 0.25093188881874084 1.0 0.0 0.0
v -0.1768115609884262 0.053765710443258286 0.2716836631298065 1.0 0.0 0.0
v -0.4485991597175598 0.2836730480194092 0.15951400995254517 1.0 0.0 0.0
v -0.15577693283557892 -0.5435843467712402 -0.05089060217142105 1.0 0.0 0.0
v -0.2868472635746002 -0.9655195474624634 -0.40952059626579285 1.0 0.0 0.0
v -0.8038299679756165 -0.03998744115233421 -0.3438388705253601 1.0 0.0 0.0
v -0.8127157688140869 0.1188533827662468 -0.2610141634941101 1.0 0.0 0.0
v -0.7633836269378662 0.017794238403439522 -0.27456462383270264 1.0 0.0 0.0
v -0.5233111381530762 -0.691367506980896 -0.4647441804409027 1.0 0.0 0.0
v -0.04198485240340233 -0.51456618309021 0.06767609715461731 1.0 0.0 0.0
v -0.38669490814208984 -0.9072863459587097 -0.4657202959060669 1.0 0.0 0.0
v -0.300527960062027 0.3514779210090637 0.33097103238105774 1.0 0.0 0.0
v -0.1660568118095398 -0.004598679021000862 0.24796295166015625 1.0 0.0 0.0
v -0.7357162237167358 0.06219117343425751 -0.22439312934875488 1.0 0.0 0.0
v -0.2977015972137451 0.06390439718961716 0.16913647949695587 1.0 0.0 0.0
v -0.08985194563865662 0.02718653716146946 0.3344254195690155 1.0 0.0 0.0
v -0.09901750087738037 -0.6599907279014587 -0.0665566474199295 1.0 0.0 0.0
v 0.28684505820274353 -0.5250588655471802 0.3563774526119232 1.0 0.0 0.0
v -0.5464062690734863 -0.5829684138298035 -0.42348480224609375 1.0 0.0 0.0
v -0.17987118661403656 -0.6865800023078918 -0.15421560406684875 1.0 0.0 0.0
v -0.004541030153632164 -0.3369505703449249 0.20275263488292694 1.0 0.0 0.0
v -0.9991974830627441 0.08562923967838287 -0.44712963700294495 1.0 0.0 0.0
v -0.5317702889442444 0.10845676064491272 -0.015172140672802925 1.0 0.0 0.0
v -0.5737310647964478 0.2517220377922058 0.029108166694641113 1.0 0.0 0.0
v -0.15161265432834625 -0.7464675307273865 -0.16311991214752197 1.0 0.0 0.0
v -0.31188082695007324 0.3745427429676056 0.33397963643074036 1.0 0.0 0.0
v -0.45529064536094666 -0.7651093006134033 -0.4459323287010193 1.0 0.0 0.0
v -0.47849491238594055 -0.7341412901878357 -0.44902777671813965 1.0 0.0 0.0
v -0.9378753304481506 0.06897369027137756 -0.4016922414302826 1.0 0.0 0.0
v -0.01004390511661768 -0.5596612691879272 0.07052683085203171 1.0 0.0 0.0
v -0.1726912409067154 -0.8138716816902161 -0.22053661942481995 1.0 0.0 0.0
v -0.8857640624046326 0.16120266914367676 -0.3022749125957489 1.0 0.0 0.0
v -0.4383867084980011 0.052549850195646286 0.03656406328082085 1.0 0.0 0.0
v -0.37877127528190613 0.38579490780830383 0.2804635167121887 1.0 0.0 0.0
v 0.05335306003689766 -0.29559582471847534 0.2782745659351349 1.0 0.0 0.0
v -0.5141313672065735 0.4231244623661041 0.18048962950706482 1.0 0.0 0.0
v -0.38528385758399963 -0.9053648710250854 -0.46335741877555847 1.0 0.0 0.0
v -0.5410135388374329 0.3629917800426483 0.12202789634466171 1.0 0.0 0.0
v -0.569496750831604 -0.6120297908782959 -0.4607890546321869 1.0 0.0 0.0
v -0.09215826541185379 -0.7262083292007446 -0.0982571691274643 1.0 0.0 0.0
v -0.08656802773475647 -0.636084258556366 -0.04173523187637329 1.0 0.0 0.0
v -0.7434021234512329 0.28881576657295227 -0.10175012052059174 1.0 0.0 0.0
v -0.1845884621143341 -0.8457328677177429 -0.2494097501039505 1.0 0.0 0.0
v -0.28891852498054504 0.0739351138472557 0.18274112045764923 1.0 0.0 0.0
v -0.7030383348464966 -0.1276608258485794 -0.30362021923065186 1.0 0.0 0.0
v -0.746692419052124 0.051676370203495026 -0.2402399480342865 1.0 0.0 0.0
v 0.038189083337783813 -0.47013646364212036 0.16492284834384918 1.0 0.0 0.0
v -0.7135969996452332 -0.0004968239227309823 -0.24040021002292633 1.0 0.0 0.0
v 0.17226305603981018 -0.6694961786270142 0.17113302648067474 1.0 0.0 0.0
v 0.22742828726768494 -0.5717269778251648 0.27645397186279297 1.0 0.0 0.0
v -0.2597763240337372 -0.07832151651382446 0.12183362245559692 1.0 0.0 0.0
v -0.042532455176115036 -0.19390830397605896 0.2504628300666809 1.0 0.0 0.0
v -0.48601657152175903 0.11821071058511734 0.031407564878463745 1.0 0.0 0.0
v -0.9045161008834839 0.015768755227327347 -0.40220576524734497 1.0 0.0 0.0
v 0.028165560215711594 -0.18388931453227997 0.31954917311668396 1.0 0.0 0.0
v -0.4589996635913849 0.44664251804351807 0.24334102869033813 1.0 0.0 0.0
v -0.22804389894008636 0.23546431958675385 0.32962197065353394 1.0 0.0 0.0
v -0.6925980448722839 -0.002821228001266718 -0.22290940582752228 1.0 0.0 0.0
v -0.2558888792991638 0.07041820138692856 0.21033228933811188 1.0 0.0 0.0
v -0.16086141765117645 0.15616078674793243 0.34450387954711914 1.0 0.0 0.0
v 0.046226970851421356 -0.64286208152771 0.07340218126773834 1.0 0.0 0.0
v -0.15503951907157898 -0.05233033746480942 0.23055484890937805 1.0 0.0 0.0
v 0.22449198365211487 -0.5075510740280151 0.3105032742023468 1.0 0.0 0.0
v -0.040343593806028366 -0.7227394580841064 -0.04983796924352646 1.0 0.0 0.0
v 0.1297549307346344 -0.3441569209098816 0.3189902901649475 1.0 0.0 0.0
v -0.07419651001691818 -0.6218369007110596 -0.022504517808556557 1.0 0.0 0.0
v -0.5162204504013062 0.21473528444766998 0.05950901284813881 1.0 0.0 0.0
v -0.2657892107963562 0.20889046788215637 0.2806057631969452 1.0 0.0 0.0
v 0.1313035637140274 -0.44706326723098755 0.2615602910518646 1.0 0.0 0.0
v -0.4190744459629059 -0.7845613360404968 -0.42459338903427124 1.0 0.0 0.0
v -0.7528189420700073 0.10179629921913147 -0.21708370745182037 1.0 0.0 0.0
v -0.5989331007003784 -0.0012774611823260784 -0.13808415830135345 1.0 0.0 0.0
v -0.018028441816568375 -0.4267135560512543 0.13935960829257965 1.0 0.0 0.0
v -0.5561391115188599 0.4038233757019043 0.1318102777004242 1.0 0.0 0.0
v -0.06863614916801453 -0.6996555328369141 -0.0619998425245285 1.0 0.0 0.0
v -0.22268947958946228 0.07652231305837631 0.2435746192932129 1.0 0.0 0.0
v -0.08358198404312134 -0.0018939600558951497 0.3234231472015381 1.0 0.0 0.0
v -0.32289713621139526 0.019814010709524155 0.12135552614927292 1.0 0.0 0.0
v -0.07927694171667099 -0.05320172384381294 0.2979555130004883 1.0 0.0 0.0
v -0.44887736439704895 0.4697105586528778 0.2655976116657257 1.0 0.0 0.0
v -0.8522869348526001 -0.018693337216973305 -0.3750951886177063 1.0 0.0 0.0
v -0.7874853610992432 -0.27922308444976807 -0.46592995524406433 1.0 0.0 0.0
v -0.22447693347930908 -0.9157688021659851 -0.32518821954727173 1.0 0.0 0.0
v -0.3962406516075134 -0.8588133454322815 -0.44656965136528015 1.0 0.0 0.0
v -0.3155722916126251 -0.7973320484161377 -0.33913367986679077 1.0 0.0 0.0
v -0.6922547817230225 0.19164936244487762 -0.11144877225160599 1.0 0.0 0.0
v -0.5830690860748291 0.11361709982156754 -0.05819679796695709 1.0 0.0 0.0
v -0.36501044034957886 0.28032633662223816 0.2325136959552765 1.0 0.0 0.0
v -0.8096452355384827 0.2307206094264984 -0.19432272017002106 1.0 0.0 0.0
v -0.8435723781585693 -0.09652447700500488 -0.41177091002464294 1.0 0.0 0.0
v 0.011584499850869179 -0.4708678424358368 0.14066170156002045 1.0 0.0 0.0
v 0.006344951689243317 -0.7367690205574036 -0.01601433753967285 1.0 0.0 0.0
v -0.47147127985954285 0.26713284850120544 0.12956209480762482 1.0 0.0 0.0
v -0.0011566646862775087 -0.24603183567523956 0.2577518820762634 1.0 0.0 0.0
v -0.9442828893661499 0.09727789461612701 -0.39125698804855347 1.0 0.0 0.0
v -0.7705228924751282 0.17409829795360565 -0.19162456691265106 1.0 0.0 0.0
v -0.42569857835769653 0.05341726168990135 0.048430997878313065 1.0 0.0 0.0
v -0.8090426325798035 0.22523033618927002 -0.1969207227230072 1.0 0.0 0.0
v -0.7513701915740967 -0.19229547679424286 -0.3838784694671631 1.0 0.0 0.0
v -0.27461564540863037 0.3337576389312744 0.34406542778015137 1.0 0.0 0.0
v -0.12447500973939896 -0.23100130259990692 0.1558244526386261 1.0 0.0 0.0
v 0.3086787760257721 -0.6043251752853394 0.33063891530036926 1.0 0.0 0.0
v -0.768499493598938 0.1251489520072937 -0.21778902411460876 1.0 0.0 0.0
v -0.659481942653656 0.1811109036207199 -0.08810108155012131 1.0 0.0 0.0
v -0.6651971340179443 -0.057053323835134506 -0.22934989631175995 1.0 0.0 0.0
v -0.05882127955555916 -0.478538453578949 0.07317949086427689 1.0 0.0 0.0
v -0.43963736295700073 -0.7940426468849182 -0.44844114780426025 1.0 0.0 0.0
v -0.6488269567489624 0.325096070766449 0.0037450960371643305 1.0 0.0 0.0
v -0.027643384411931038 -0.28352978825569153 0.21258176863193512 1.0 0.0 0.0
v -0.5980074405670166 0.37649351358413696 0.07866688072681427 1.0 0.0 0.0
v -0.6027573943138123 0.1976364254951477 -0.027818862348794937 1.0 0.0 0.0
v -0.33606719970703125 0.27664968371391296 0.2563512623310089 1.0 0.0 0.0
v -0.7611199617385864 -0.18967962265014648 -0.39112111926078796 1.0 0.0 0.0
v 0.02270282618701458 -0.6324160099029541 0.05829038843512535 1.0 0.0 0.0
v -0.056928444653749466 -0.7149983644485474 -0.06027683615684509 1.0 0.0 0.0
v -0.8398362398147583 0.03087581880390644 -0.3356046974658966 1.0 0.0 0.0
v -0.41648101806640625 0.28060340881347656 0.18654392659664154 1.0 0.0 0.0
v -0.03778368607163429 -0.5288055539131165 0.06330246478319168 1.0 0.0 0.0
v -0.756729781627655 -0.215555340051651 -0.4019762873649597 1.0 0.0 0.0
v -0.6294381022453308 0.23892469704151154 -0.028131216764450073 1.0 0.0 0.0
v -0.7720443606376648 0.05137787014245987 -0.26313111186027527 1.0 0.0 0.0
v -0.7527080774307251 0.2685675024986267 -0.12166339159011841 1.0 0.0 0.0
v -0.7350143790245056 0.25309112668037415 -0.11465203762054443 1.0 0.0 0.0
v -0.6355663537979126 0.20270168781280518 -0.05432727560400963 1.0 0.0 0.0
v -0.17556028068065643 -0.09815488755702972 0.18597225844860077 1.0 0.0 0.0
v -0.8376335501670837 -0.1498502492904663 -0.4369277358055115 1.0 0.0 0.0
v -0.02688576467335224 -0.4089782238006592 0.14155857264995575 1.0 0.0 0.0
v -0.5279703736305237 0.31480419635772705 0.10617475211620331 1.0 0.0 0.0
v -0.42986753582954407 0.34271952509880066 0.21005038917064667 1.0 0.0 0.0
v 0.09571626037359238 -0.6660124063491821 0.1045226976275444 1.0 0.0 0.0
v -0.04721830412745476 -0.6482475399971008 -0.013421970419585705 1.0 0.0 0.0
v 0.35338273644447327 0.9459662437438965 -0.435642808675766 0.800000011920929 1.0 0.0
v 0.3216758668422699 0.9276096224784851 -0.427298903465271 0.800000011920929 1.0 0.0
v 0.2933065593242645 0.8925651907920837 -0.4122798442840576 0.800000011920929 1.0 0.0
v 0.35672029852867126 0.9292783737182617 -0.433974027633667 0.800000011920929 1.0 0.0
v 0.3049880266189575 0.8992403149604797 -0.4156174063682556 0.800000011920929 1.0 0.0
v 0.6270630955696106 0.5688213109970093 -0.443986713886261 0.800000011920929 1.0 0.0
v 0.5786684155464172 0.5638149976730347 -0.425630122423172 0.800000011920929 1.0 0.0
v 0.5686556696891785 0.6205536127090454 -0.433974027633667 0.800000011920929 1.0 0.0
v 0.5569742321968079 0.6739546656608582 -0.440649151802063 0.800000011920929 1.0 0.0
v 0.5286049246788025 0.5871779322624207 -0.418954998254776 0.800000011920929 1.0 0.0
v 0.5169234275817871 0.6439165472984314 -0.425630122423172 0.800000011920929 1.0 0.0
v 0.5069107413291931 0.6973176002502441 -0.432305246591568 0.800000011920929 1.0 0.0
v 0.49522924423217773 0.7523874044418335 -0.435642808675766 0.800000011920929 1.0 0.0
v 0.6020313501358032 0.5454583764076233 -0.430636465549469 0.800000011920929 1.0 0.0
v 0.5736620426177979 0.6355726718902588 -0.437311589717865 0.800000011920929 1.0 0.0
v 0.5569742321968079 0.582171618938446 -0.425630122423172 0.800000011920929 1.0 0.0
v 0.5202609896659851 0.6672795414924622 -0.427298903465271 0.800000011920929 1.0 0.0
v 0.5019043684005737 0.7473810911178589 -0.440649151802063 0.800000011920929 1.0 0.0
v 0.48521655797958374 0.6939800381660461 -0.42896768450737 0.800000011920929 1.0 0.0
v 0.7138397693634033 0.4319811463356018 -0.433974027633667 0.800000011920929 1.0 0.0
v 0.6571011543273926 0.4136245548725128 -0.422292560338974 0.800000011920929 1.0 0.0
v 0.6470884680747986 0.4620192348957062 -0.427298903465271 0.800000011920929 1.0 0.0
v 0.638744592666626 0.5137515068054199 -0.432305246591568 0.800000011920929 1.0 0.0
v 0.5886811017990112 0.5137515068054199 -0.420623779296875 0.800000011920929 1.0 0.0
v 0.66544508934021 0.48871976137161255 -0.435642808675766 0.800000011920929 1.0 0.0
v 0.64875727891922 0.4369875192642212 -0.420623779296875 0.800000011920929 1.0 0.0
v 0.6304006576538086 0.38024890422821045 -0.425630122423172 0.800000011920929 1.0 0.0
v 0.6354069709777832 0.5154203176498413 -0.432305246591568 0.800000011920929 1.0 0.0
v 0.6187191605567932 0.46535682678222656 -0.420623779296875 0.800000011920929 1.0 0.0
v 0.5870122909545898 0.49706369638442993 -0.4172861874103546 0.800000011920929 1.0 0.0
v 0.45184090733528137 0.7173429727554321 -0.422292560338974 0.800000011920929 1.0 0.0
v 0.4401594400405884 0.7757503986358643 -0.430636465549469 0.800000011920929 1.0 0.0
v 0.430146723985672 0.8274826407432556 -0.435642808675766 0.800000011920929 1.0 0.0
v 0.420134037733078 0.879214882850647 -0.442317932844162 0.800000011920929 1.0 0.0
v 0.37340810894966125 0.839164137840271 -0.422292560338974 0.800000011920929 1.0 0.0
v 0.36339542269706726 0.8892276287078857 -0.427298903465271 0.800000011920929 1.0 0.0
v 0.3433700501918793 0.8208075165748596 -0.4122798442840576 0.800000011920929 1.0 0.0
v 0.3316885530948639 0.8775461316108704 -0.422292560338974 0.800000011920929 1.0 0.0
v 0.45851603150367737 0.7657377123832703 -0.430636465549469 0.800000011920929 1.0 0.0
v 0.4451657831668854 0.7173429727554321 -0.4172861874103546 0.800000011920929 1.0 0.0
v 0.421802818775177 0.8341577649116516 -0.433974027633667 0.800000011920929 1.0 0.0
v 0.406783789396286 0.7840942740440369 -0.422292560338974 0.800000011920929 1.0 0.0
v 0.38008326292037964 0.8925651907920837 -0.433974027633667 0.800000011920929 1.0 0.0
v 0.36506420373916626 0.845839262008667 -0.425630122423172 0.800000011920929 1.0 0.0
v 0.3433700501918793 0.8842212557792664 -0.422292560338974 0.800000011920929 1.0 0.0
v 0.4169391989707947 0.8490535020828247 -0.43600115180015564 0.800000011920929 1.0 0.0
v 0.6098775267601013 0.4055483043193817 -0.42094674706459045 0.800000011920929 1.0 0.0
v 0.46919235587120056 0.6801196336746216 -0.4270542562007904 0.800000011920929 1.0 0.0
v 0.6015058755874634 0.49809730052948 -0.42891204357147217 0.800000011920929 1.0 0.0
v 0.6082905530929565 0.38389521837234497 -0.4185468554496765 0.800000011920929 1.0 0.0
v 0.3300374448299408 0.8200323581695557 -0.41996121406555176 0.800000011920929 1.0 0.0
v 0.31408125162124634 0.8674524426460266 -0.4222777187824249 0.800000011920929 1.0 0.0
v 0.49234479665756226 0.6883437633514404 -0.43137672543525696 0.800000011920929 1.0 0.0
v 0.4478490352630615 0.7167245149612427 -0.42747706174850464 0.800000011920929 1.0 0.0
v 0.40163007378578186 0.8622416257858276 -0.4350009262561798 0.800000011920929 1.0 0.0
v 0.46795654296875 0.7829870581626892 -0.4371281862258911 0.800000011920929 1.0 0.0
v 0.6224687695503235 0.38136547803878784 -0.4204391539096832 0.800000011920929 1.0 0.0
v 0.3744778633117676 0.7850164175033569 -0.4231906533241272 0.800000011920929 1.0 0.0
v 0.43338677287101746 0.727666437625885 -0.42638087272644043 0.800000011920929 1.0 0.0
v 0.31269192695617676 0.8625891208648682 -0.42158243060112 0.800000011920929 1.0 0.0
v 0.6046848297119141 0.3836686313152313 -0.41797882318496704 0.800000011920929 1.0 0.0
v 0.5238827466964722 0.5718763470649719 -0.4245298206806183 0.800000011920929 1.0 0.0
v 0.2967017590999603 0.9043120741844177 -0.4233255088329315 0.800000011920929 1.0 0.0
v 0.5286239981651306 0.5626711845397949 -0.4243288040161133 0.800000011920929 1.0 0.0
v 0.4084162712097168 0.8681934475898743 -0.4366210997104645 0.800000011920929 1.0 0.0
v 0.6197949647903442 0.5129084587097168 -0.43315592408180237 0.800000011920929 1.0 0.0
v 0.4285072982311249 0.703691840171814 -0.42325136065483093 0.800000011920929 1.0 0.0
v 0.6294467449188232 0.5555003881454468 -0.4388643503189087 0.800000011920929 1.0 0.0
v 0.46885618567466736 0.5967011451721191 -0.4186825454235077 0.800000011920929 1.0 0.0
v 0.5987256169319153 0.4430139660835266 -0.42299702763557434 0.800000011920929 1.0 0.0
v 0.46273621916770935 0.6605501770973206 -0.42412564158439636 0.800000011920929 1.0 0.0
v 0.4513966143131256 0.6310257315635681 -0.4194653630256653 0.800000011920929 1.0 0.0
v 0.4911728501319885 0.6188225746154785 -0.4242648184299469 0.800000011920929 1.0 0.0
v 0.44992193579673767 0.6942309737205505 -0.42554691433906555 0.800000011920929 1.0 0.0
v 0.5080865621566772 0.7021214962005615 -0.4351321756839752 0.800000011920929 1.0 0.0
v 0.5798752307891846 0.5837455987930298 -0.43418341875076294 0.800000011920929 1.0 0.0
v 0.5259268283843994 0.577622652053833 -0.42541220784187317 0.800000011920929 1.0 0.0
v 0.5679798722267151 0.4511907994747162 -0.41916191577911377 0.800000011920929 1.0 0.0
v 0.4952869713306427 0.726588249206543 -0.43563660979270935 0.800000011920929 1.0 0.0
v 0.33588331937789917 0.9533514976501465 -0.43414387106895447 0.800000011920929 1.0 0.0
v 0.3518487215042114 0.9022196531295776 -0.4314585328102112 0.800000011920929 1.0 0.0
v 0.33895060420036316 0.9180437326431274 -0.4310859441757202 0.800000011920929 1.0 0.0
v 0.4808471202850342 0.6989601850509644 -0.4306965172290802 0.800000011920929 1.0 0.0
v 0.5808696150779724 0.5299703478813171 -0.4289698302745819 0.800000011920929 1.0 0.0
v 0.34948617219924927 0.8132729530334473 -0.4222288727760315 0.800000011920929 1.0 0.0
v 0.4975319802761078 0.6747506260871887 -0.4308054745197296 0.800000011920929 1.0 0.0
v 0.3491772711277008 0.8873699903488159 -0.4295732080936432 0.800000011920929 1.0 0.0
v 0.49564334750175476 0.7367029786109924 -0.43669942021369934 0.800000011920929 1.0 0.0
v 0.3656231164932251 0.7654305100440979 -0.41989758610725403 0.800000011920929 1.0 0.0
v 0.37846052646636963 0.9323233366012573 -0.4384867548942566 0.800000011920929 1.0 0.0
v 0.3491034507751465 0.8565891981124878 -0.42649170756340027 0.800000011920929 1.0 0.0
v 0.45804157853126526 0.656375527381897 -0.4229991137981415 0.800000011920929 1.0 0.0
v 0.6057062149047852 0.3965242803096771 -0.4194156527519226 0.800000011920929 1.0 0.0
v 0.5064104795455933 0.7146738171577454 -0.43613073229789734 0.800000011920929 1.0 0.0
v 0.5957225561141968 0.4202107787132263 -0.420268177986145 0.800000011920929 1.0 0.0
v 0.6412762999534607 0.5152356624603271 -0.43663740158081055 0.800000011920929 1.0 0.0
v 0.5724122524261475 0.6223893165588379 -0.43690919876098633 0.800000011920929 1.0 0.0
v 0.33015042543411255 0.9137328267097473 -0.42932480573654175 0.800000011920929 1.0 0.0
v 0.4716620147228241 0.6867715716362 -0.4280913472175598 0.800000011920929 1.0 0.0
v 0.5273832082748413 0.7090439796447754 -0.4387415945529938 0.800000011920929 1.0 0.0
v 0.4311980605125427 0.8106626868247986 -0.434328556060791 0.800000011920929 1.0 0.0
v 0.4688676595687866 0.6619976162910461 -0.4251974821090698 0.800000011920929 1.0 0.0
v 0.5326355695724487 0.5948285460472107 -0.4281432628631592 0.800000011920929 1.0 0.0
v 0.41751548647880554 0.774651050567627 -0.42866677045822144 0.800000011920929 1.0 0.0
v 0.5049565434455872 0.7243990898132324 -0.436880886554718 0.800000011920929 1.0 0.0
v 0.49883750081062317 0.6075878143310547 -0.4243035614490509 0.800000011920929 1.0 0.0
v 0.610825777053833 0.6033429503440857 -0.4408199191093445 0.800000011920929 1.0 0.0
v 0.3795440196990967 0.7728782296180725 -0.4227462112903595 0.800000011920929 1.0 0.0
v 0.6499179601669312 0.5444238185882568 -0.44085603952407837 0.800000011920929 1.0 0.0
v 0.43757516145706177 0.7824572920799255 -0.43247973918914795 0.800000011920929 1.0 0.0
v 0.5472171306610107 0.5930229425430298 -0.4301688075065613 0.800000011920929 1.0 0.0
v 0.5340004563331604 0.5741663575172424 -0.4262886941432953 0.800000011920929 1.0 0.0
v 0.3405795693397522 0.8546204566955566 -0.4250059723854065 0.800000011920929 1.0 0.0
v 0.7079386711120605 0.4275210499763489 -0.4379716217517853 0.800000011920929 1.0 0.0
v 0.6294751167297363 0.4198889434337616 -0.4253416061401367 0.800000011920929 1.0 0.0
v 0.5687441825866699 0.44463586807250977 -0.418623685836792 0.800000011920929 1.0 0.0
v 0.6448462009429932 0.3926853835582733 -0.4249531924724579 0.800000011920929 1.0 0.0
v 0.6875810623168945 0.40904486179351807 -0.4330492615699768 0.800000011920929 1.0 0.0
v 0.5999096035957336 0.523914635181427 -0.4312458336353302 0.800000011920929 1.0 0.0
v 0.6244908571243286 0.5500342845916748 -0.4375694692134857 0.800000011920929 1.0 0.0
v 0.45793500542640686 0.8135453462600708 -0.4386604428291321 0.800000011920929 1.0 0.0
v 0.3907949924468994 0.7585665583610535 -0.42302051186561584 0.800000011920929 1.0 0.0
v 0.5114296078681946 0.5836992263793945 -0.4238254427909851 0.800000011920929 1.0 0.0
v 0.609241247177124 0.4857997000217438 -0.4288554787635803 0.800000011920929 1.0 0.0
v 0.3271757662296295 0.9139905571937561 -0.4289005398750305 0.800000011920929 1.0 0.0
v 0.38175204396247864 -0.545925498008728 0.3153093755245209 0.0 1.0 0.4000000059604645
v 0.8106291890144348 -0.1871372014284134 -0.26042062044143677 0.0 1.0 0.4000000059604645
v 0.7705783843994141 -0.20215624570846558 -0.2170322835445404 0.0 1.0 0.4000000059604645
v 0.7555593252182007 -0.2522197365760803 -0.18031907081604004 0.0 1.0 0.4000000059604645
v 0.7305276393890381 -0.33399006724357605 -0.10856141149997711 0.0 1.0 0.4000000059604645
v 0.7288588285446167 -0.21550650894641876 -0.17698149383068085 0.0 1.0 0.4000000059604645
v 0.7138397693634033 -0.2622324228286743 -0.13693071901798248 0.0 1.0 0.4000000059604645
v 0.7004895210266113 -0.3072895407676697 -0.10021749883890152 0.0 1.0 0.4000000059604645
v 0.6871392726898193 -0.3506779074668884 -0.06016671285033226 0.0 1.0 0.4000000059604645
v 0.6871392726898193 -0.19714990258216858 -0.15028098225593567 0.0 1.0 0.4000000059604645
v 0.6437509059906006 -0.33732762932777405 -0.035134974867105484 0.0 1.0 0.4000000059604645
v 0.6304006576538086 -0.19881868362426758 -0.10021749883890152 0.0 1.0 0.4000000059604645
v 0.6170504093170166 -0.24053825438022614 -0.06350427865982056 0.0 1.0 0.4000000059604645
v 0.5636493563652039 -0.41742920875549316 0.0850173756480217 0.0 1.0 0.4000000059604645
v 0.6103752851486206 -0.15876789391040802 -0.10522384196519852 0.0 1.0 0.4000000059604645
v 0.5986937880516052 -0.19881868362426758 -0.07184819132089615 0.0 1.0 0.4000000059604645
v 0.5686556696891785 -0.2939392924308777 0.009922157973051071 0.0 1.0 0.4000000059604645
v 0.5569742321968079 -0.33565884828567505 0.04329781234264374 0.0 1.0 0.4000000059604645
v 0.5152546763420105 -0.4691614806652069 0.15677502751350403 0.0 1.0 0.4000000059604645
v 0.5803371667861938 -0.15209276974201202 -0.08019210398197174 0.0 1.0 0.4000000059604645
v 0.5669869184494019 -0.19548112154006958 -0.04681645333766937 0.0 1.0 0.4000000059604645
v 0.5519678592681885 -0.24053825438022614 -0.008434451185166836 0.0 1.0 0.4000000059604645
v 0.5386176109313965 -0.2855953872203827 0.024941202253103256 0.0 1.0 0.4000000059604645
v 0.5252673625946045 -0.32898372411727905 0.06832955032587051 0.0 1.0 0.4000000059604645
v 0.5119170546531677 -0.3740408718585968 0.09836763888597488 0.0 1.0 0.4000000059604645
v 0.4985668361186981 -0.41409164667129517 0.14008720219135284 0.0 1.0 0.4000000059604645
v 0.48521655797958374 -0.4591487646102905 0.1768004298210144 0.0 1.0 0.4000000059604645
v 0.47186630964279175 -0.5025371313095093 0.21017608046531677 0.0 1.0 0.4000000059604645
v 0.5369488000869751 -0.12706102430820465 -0.06016671285033226 0.0 1.0 0.4000000059604645
v 0.5219298005104065 -0.1754557192325592 -0.025122277438640594 0.0 1.0 0.4000000059604645
v 0.5085794925689697 -0.21717528998851776 0.009922157973051071 0.0 1.0 0.4000000059604645
v 0.49689802527427673 -0.2605636417865753 0.04830415919423103 0.0 1.0 0.4000000059604645
v 0.48187899589538574 -0.3056207597255707 0.0850173756480217 0.0 1.0 0.4000000059604645
v 0.46852874755859375 -0.34900912642478943 0.12339937686920166 0.0 1.0 0.4000000059604645
v 0.45684725046157837 -0.3923974633216858 0.15677502751350403 0.0 1.0 0.4000000059604645
v 0.4418282210826874 -0.43578583002090454 0.1968258172273636 0.0 1.0 0.4000000059604645
v 0.426809161901474 -0.4858492910861969 0.23353902995586395 0.0 1.0 0.4000000059604645
v 0.413458913564682 -0.5275688767433167 0.2719210386276245 0.0 1.0 0.4000000059604645
v 0.48187899589538574 -0.10369806736707687 -0.026791060343384743 0.0 1.0 0.4000000059604645
v 0.46685996651649475 -0.15042398869991302 0.01159094087779522 0.0 1.0 0.4000000059604645
v 0.4401594400405884 -0.23720067739486694 0.0833485946059227 0.0 1.0 0.4000000059604645
v 0.426809161901474 -0.2839266061782837 0.12673693895339966 0.0 1.0 0.4000000059604645
v 0.411790132522583 -0.32898372411727905 0.16511894762516022 0.0 1.0 0.4000000059604645
v 0.38675838708877563 -0.41576042771339417 0.23187024891376495 0.0 1.0 0.4000000059604645
v 0.37173932790756226 -0.4641551375389099 0.2702522575855255 0.0 1.0 0.4000000059604645
v 0.4384906589984894 -0.12038590013980865 0.018266070634126663 0.0 1.0 0.4000000059604645
v 0.426809161901474 -0.16043667495250702 0.05164172500371933 0.0 1.0 0.4000000059604645
v 0.413458913564682 -0.20382502675056458 0.09002372622489929 0.0 1.0 0.4000000059604645
v 0.39843985438346863 -0.2522197365760803 0.12840571999549866 0.0 1.0 0.4000000059604645
v 0.38342082500457764 -0.2989456355571747 0.16345016658306122 0.0 1.0 0.4000000059604645
v 0.405115008354187 -0.09201659262180328 0.03328511491417885 0.0 1.0 0.4000000059604645
v 0.39009594917297363 -0.14041128754615784 0.06832955032587051 0.0 1.0 0.4000000059604645
v 0.37841448187828064 -0.1804620772600174 0.10671155154705048 0.0 1.0 0.4000000059604645
v 0.9057497978210449 -0.22718799114227295 -0.3238343596458435 0.0 1.0 0.4000000059604645
v 0.8473423719406128 -0.24053825438022614 -0.26542699337005615 0.0 1.0 0.4000000059604645
v 0.8373296856880188 -0.1921435445547104 -0.28378358483314514 0.0 1.0 0.4000000059604645
v 0.7889350056648254 -0.24721337854862213 -0.2103571593761444 0.0 1.0 0.4000000059604645
v 0.7488842010498047 -0.2922705113887787 -0.14861220121383667 0.0 1.0 0.4000000059604645
v 0.7388715147972107 -0.24220703542232513 -0.16696880757808685 0.0 1.0 0.4000000059604645
v 0.7271900177001953 -0.1888059824705124 -0.18866297602653503 0.0 1.0 0.4000000059604645
v 0.7071646451950073 -0.31563347578048706 -0.10355506092309952 0.0 1.0 0.4000000059604645
v 0.6971519589424133 -0.2639012038707733 -0.1219116747379303 0.0 1.0 0.4000000059604645
v 0.6871392726898193 -0.21717528998851776 -0.14193706214427948 0.0 1.0 0.4000000059604645
v 0.678795337677002 -0.1671118140220642 -0.16696880757808685 0.0 1.0 0.4000000059604645
v 0.6704514622688293 -0.3807159960269928 -0.03179740905761719 0.0 1.0 0.4000000059604645
v 0.6604387164115906 -0.33232128620147705 -0.04848523437976837 0.0 1.0 0.4000000059604645
v 0.652094841003418 -0.2872641682624817 -0.06684184074401855 0.0 1.0 0.4000000059604645
v 0.6404133439064026 -0.23720067739486694 -0.08686723560094833 0.0 1.0 0.4000000059604645
v 0.6320694088935852 -0.1888059824705124 -0.10689263045787811 0.0 1.0 0.4000000059604645
v 0.6220567226409912 -0.13874250650405884 -0.1269180178642273 0.0 1.0 0.4000000059604645
v 0.5836747288703918 -0.22385041415691376 -0.045147668570280075 0.0 1.0 0.4000000059604645
v 0.5903498530387878 -0.42744189500808716 0.06332319974899292 0.0 1.0 0.4000000059604645
v 0.5719932317733765 -0.33232128620147705 0.026609985157847404 0.0 1.0 0.4000000059604645
v 0.5603117942810059 -0.2789202630519867 0.004915809724479914 0.0 1.0 0.4000000059604645
v 0.5519678592681885 -0.23052555322647095 -0.0201159305870533 0.0 1.0 0.4000000059604645
v 0.5402863621711731 -0.1787932962179184 -0.035134974867105484 0.0 1.0 0.4000000059604645
v 0.5302736759185791 -0.12539224326610565 -0.05849793180823326 0.0 1.0 0.4000000059604645
v 0.5502991080284119 -0.40574774146080017 0.08835494518280029 0.0 1.0 0.4000000059604645
v 0.5402863621711731 -0.3540154695510864 0.06832955032587051 0.0 1.0 0.4000000059604645
v 0.5302736759185791 -0.3022831976413727 0.04830415919423103 0.0 1.0 0.4000000059604645
v 0.5102483034133911 -0.20048746466636658 0.008253375068306923 0.0 1.0 0.4000000059604645
v 0.5002356171607971 -0.15209276974201202 -0.016778364777565002 0.0 1.0 0.4000000059604645
v 0.49022290110588074 -0.10369806736707687 -0.033466190099716187 0.0 1.0 0.4000000059604645
v 0.5002356171607971 -0.43244823813438416 0.14342476427555084 0.0 1.0 0.4000000059604645
v 0.49189168214797974 -0.3873911201953888 0.12673693895339966 0.0 1.0 0.4000000059604645
v 0.48187899589538574 -0.33732762932777405 0.10170520097017288 0.0 1.0 0.4000000059604645
v 0.47186630964279175 -0.2872641682624817 0.0866861566901207 0.0 1.0 0.4000000059604645
v 0.46185359358787537 -0.23886945843696594 0.05998563766479492 0.0 1.0 0.4000000059604645
v 0.45184090733528137 -0.1888059824705124 0.046635374426841736 0.0 1.0 0.4000000059604645
v 0.4418282210826874 -0.13874250650405884 0.02160363644361496 0.0 1.0 0.4000000059604645
v 0.431815505027771 -0.08867902308702469 0.0015782444970682263 0.0 1.0 0.4000000059604645
v 0.4501721262931824 -0.4674926996231079 0.20516972243785858 0.0 1.0 0.4000000059604645
v 0.4401594400405884 -0.41409164667129517 0.1851443350315094 0.0 1.0 0.4000000059604645
v 0.430146723985672 -0.3690344989299774 0.16845650970935822 0.0 1.0 0.4000000059604645
v 0.420134037733078 -0.31730225682258606 0.14342476427555084 0.0 1.0 0.4000000059604645
v 0.410121351480484 -0.2622324228286743 0.12673693895339966 0.0 1.0 0.4000000059604645
v 0.4001086354255676 -0.21550650894641876 0.10671155154705048 0.0 1.0 0.4000000059604645
v 0.39009594917297363 -0.1687805950641632 0.0833485946059227 0.0 1.0 0.4000000059604645
v 0.38008326292037964 -0.11371076852083206 0.06165441870689392 0.0 1.0 0.4000000059604645
v 0.4001086354255676 -0.43411704897880554 0.23020146787166595 0.0 1.0 0.4000000059604645
v 0.39009594917297363 -0.3840535581111908 0.21184486150741577 0.0 1.0 0.4000000059604645
v 0.38008326292037964 -0.33065250515937805 0.1934882551431656 0.0 1.0 0.4000000059604645
v 0.37007054686546326 -0.2855953872203827 0.16845650970935822 0.0 1.0 0.4000000059604645
v 0.37173932790756226 -0.4941931962966919 0.2936152219772339 0.0 1.0 0.4000000059604645
v 0.3433700501918793 -0.5509318113327026 0.35202258825302124 0.0 1.0 0.4000000059604645
v 0.014619853347539902 -0.04695945978164673 0.33867233991622925 0.0 1.0 0.4000000059604645
v 0.011282287538051605 0.08320558816194534 0.2719210386276245 0.0 1.0 0.4000000059604645
v -0.0037367562763392925 0.03647967427968979 0.3086342513561249 0.0 1.0 0.4000000059604645
v -0.017087018117308617 -0.008577459491789341 0.34200990200042725 0.0 1.0 0.4000000059604645
v -0.0037367562763392925 0.2200457602739334 0.21351364254951477 0.0 1.0 0.4000000059604645
v -0.018755801022052765 0.17331984639167786 0.24855807423591614 0.0 1.0 0.4000000059604645
v -0.030437279492616653 0.1316002905368805 0.2869400680065155 0.0 1.0 0.4000000059604645
v -0.037112411111593246 0.21003307402133942 0.23854538798332214 0.0 1.0 0.4000000059604645
v -0.050462670624256134 0.16664472222328186 0.2735898196697235 0.0 1.0 0.4000000059604645
v -0.06381293386220932 0.1215875893831253 0.3069654703140259 0.0 1.0 0.4000000059604645
v -0.07716318964958191 0.07653045654296875 0.34868502616882324 0.0 1.0 0.4000000059604645
v -0.06548171490430832 0.2267208993434906 0.24855807423591614 0.0 1.0 0.4000000059604645
v -0.0788319781422615 0.18166376650333405 0.2886088490486145 0.0 1.0 0.4000000059604645
v -0.0921822339296341 0.1399441957473755 0.32532209157943726 0.0 1.0 0.4000000059604645
v -0.0921822339296341 0.28679707646369934 0.24522051215171814 0.0 1.0 0.4000000059604645
v -0.10386371612548828 0.24340872466564178 0.2785961627960205 0.0 1.0 0.4000000059604645
v -0.11888276040554047 0.19835159182548523 0.31864693760871887 0.0 1.0 0.4000000059604645
v -0.14725206792354584 0.29013463854789734 0.2902776300907135 0.0 1.0 0.4000000059604645
v -0.15893355011940002 0.251752644777298 0.32865965366363525 0.0 1.0 0.4000000059604645
v -0.16894623637199402 0.3502108156681061 0.2785961627960205 0.0 1.0 0.4000000059604645
v -0.1806277185678482 0.3101600408554077 0.3153093755245209 0.0 1.0 0.4000000059604645
v -0.1939779818058014 0.26343411207199097 0.35035380721092224 0.0 1.0 0.4000000059604645
v -0.1973155438899994 0.38525524735450745 0.2819337248802185 0.0 1.0 0.4000000059604645
v -0.21233458817005157 0.3418669104576111 0.3119718134403229 0.0 1.0 0.4000000059604645
v -0.25906050205230713 0.36522984504699707 0.34701624512672424 0.0 1.0 0.4000000059604645
v 0.007944722659885883 0.20335793495178223 0.20016337931156158 0.0 1.0 0.4000000059604645
v 0.009613504633307457 -0.038615547120571136 0.34534746408462524 0.0 1.0 0.4000000059604645
v 0.0012695917394012213 0.006441584788262844 0.32532209157943726 0.0 1.0 0.4000000059604645
v -0.00874310452491045 0.059842631220817566 0.3052966892719269 0.0 1.0 0.4000000059604645
v -0.018755801022052765 0.10990610718727112 0.2836025059223175 0.0 1.0 0.4000000059604645
v -0.028768496587872505 0.15663202106952667 0.25857076048851013 0.0 1.0 0.4000000059604645
v -0.038781192153692245 0.21003307402133942 0.24688929319381714 0.0 1.0 0.4000000059604645
v -0.048793889582157135 0.26009654998779297 0.22519512474536896 0.0 1.0 0.4000000059604645
v -0.04211875796318054 0.05316749960184097 0.33199721574783325 0.0 1.0 0.4000000059604645
v -0.05213145166635513 0.10156219452619553 0.3153093755245209 0.0 1.0 0.4000000059604645
v -0.06214414909482002 0.15329445898532867 0.2936152219772339 0.0 1.0 0.4000000059604645
v -0.07215684652328491 0.20836429297924042 0.2769273817539215 0.0 1.0 0.4000000059604645
v -0.0821695402264595 0.25509020686149597 0.25690197944641113 0.0 1.0 0.4000000059604645
v -0.0921822339296341 0.30181610584259033 0.23520781099796295 0.0 1.0 0.4000000059604645
v -0.0888446718454361 0.11658123880624771 0.33867233991622925 0.0 1.0 0.4000000059604645
v -0.09718858450651169 0.16497594118118286 0.32031571865081787 0.0 1.0 0.4000000059604645
v -0.10720127820968628 0.21337063610553741 0.3002903461456299 0.0 1.0 0.4000000059604645
v -0.11721397936344147 0.26176533102989197 0.2735898196697235 0.0 1.0 0.4000000059604645
v -0.12722666561603546 0.3151663839817047 0.25857076048851013 0.0 1.0 0.4000000059604645
v -0.15392719209194183 0.19501402974128723 0.34367868304252625 0.0 1.0 0.4000000059604645
v -0.16393989324569702 0.24841506779193878 0.32865965366363525 0.0 1.0 0.4000000059604645
v -0.17395257949829102 0.29847854375839233 0.3069654703140259 0.0 1.0 0.4000000059604645
v -0.1856340616941452 0.3518795967102051 0.2852712869644165 0.0 1.0 0.4000000059604645
v -0.23569753766059875 0.3568859398365021 0.33199721574783325 0.0 1.0 0.4000000059604645
v -0.24571023881435394 0.4069494307041168 0.3153093755245209 0.0 1.0 0.4000000059604645
v -0.2774171233177185 0.4052806496620178 0.33867233991622925 0.0 1.0 0.4000000059604645
v -0.2874298095703125 0.4570128917694092 0.3169781565666199 0.0 1.0 0.4000000059604645
v -0.32247424125671387 0.48037585616111755 0.33533477783203125 0.0 1.0 0.4000000059604645
v 0.35505151748657227 -0.3907286822795868 0.24188295006752014 0.0 1.0 0.4000000059604645
v 0.3417012393474579 -0.43578583002090454 0.2752586007118225 0.0 1.0 0.4000000059604645
v 0.3300197720527649 -0.4724990427494049 0.3103030323982239 0.0 1.0 0.4000000059604645
v 0.3166695237159729 -0.5158873796463013 0.3536913990974426 0.0 1.0 0.4000000059604645
v 0.36506420373916626 -0.22551921010017395 0.13674964010715485 0.0 1.0 0.4000000059604645
v 0.35171395540237427 -0.2689075469970703 0.1751316338777542 0.0 1.0 0.4000000059604645
v 0.3366948962211609 -0.31229591369628906 0.21851998567581177 0.0 1.0 0.4000000059604645
v 0.3233446478843689 -0.3590218126773834 0.26023954153060913 0.0 1.0 0.4000000059604645
v 0.3099943697452545 -0.4024101793766022 0.2902776300907135 0.0 1.0 0.4000000059604645
v 0.2966441214084625 -0.44579851627349854 0.33199721574783325 0.0 1.0 0.4000000059604645
v 0.3333573341369629 -0.14541763067245483 0.12673693895339966 0.0 1.0 0.4000000059604645
v 0.3200070858001709 -0.1888059824705124 0.15844380855560303 0.0 1.0 0.4000000059604645
v 0.3066568076610565 -0.23219433426856995 0.1934882551431656 0.0 1.0 0.4000000059604645
v 0.2916377782821655 -0.2789202630519867 0.23520781099796295 0.0 1.0 0.4000000059604645
v 0.27661871910095215 -0.32564616203308105 0.2769273817539215 0.0 1.0 0.4000000059604645
v 0.26493725180625916 -0.3673657178878784 0.3069654703140259 0.0 1.0 0.4000000059604645
v 0.25158700346946716 -0.41242286562919617 0.35202258825302124 0.0 1.0 0.4000000059604645
v 0.28162509202957153 -0.10870441794395447 0.14843112230300903 0.0 1.0 0.4000000059604645
v 0.26660603284835815 -0.15709911286830902 0.1851443350315094 0.0 1.0 0.4000000059604645
v 0.25492456555366516 -0.19881868362426758 0.22185754776000977 0.0 1.0 0.4000000059604645
v 0.24157428741455078 -0.24220703542232513 0.2619083523750305 0.0 1.0 0.4000000059604645
v 0.2265552431344986 -0.2889329493045807 0.2969527840614319 0.0 1.0 0.4000000059604645
v 0.2132049947977066 -0.33232128620147705 0.32865965366363525 0.0 1.0 0.4000000059604645
v 0.24658064544200897 -0.0786663293838501 0.15176868438720703 0.0 1.0 0.4000000059604645
v 0.23489916324615479 -0.11871711164712906 0.1868131160736084 0.0 1.0 0.4000000059604645
v 0.2232176810503006 -0.15876789391040802 0.22853268682956696 0.0 1.0 0.4000000059604645
v 0.20652985572814941 -0.21050016582012177 0.26023954153060913 0.0 1.0 0.4000000059604645
v 0.19317959249019623 -0.2522197365760803 0.2986215651035309 0.0 1.0 0.4000000059604645
v 0.18149812519550323 -0.2906017303466797 0.33867233991622925 0.0 1.0 0.4000000059604645
v 0.2232176810503006 -0.00357111101038754 0.13674964010715485 0.0 1.0 0.4000000059604645
v 0.2098674178123474 -0.048628244549036026 0.1734628528356552 0.0 1.0 0.4000000059604645
v 0.19651716947555542 -0.08867902308702469 0.21184486150741577 0.0 1.0 0.4000000059604645
v 0.18316690623760223 -0.13540494441986084 0.24522051215171814 0.0 1.0 0.4000000059604645
v 0.16814786195755005 -0.1804620772600174 0.2785961627960205 0.0 1.0 0.4000000059604645
v 0.15479759871959686 -0.22385041415691376 0.32532209157943726 0.0 1.0 0.4000000059604645
v 0.17148542404174805 0.01645428128540516 0.16345016658306122 0.0 1.0 0.4000000059604645
v 0.15813516080379486 -0.026934068650007248 0.20516972243785858 0.0 1.0 0.4000000059604645
v 0.14478489756584167 -0.06698485463857651 0.24355173110961914 0.0 1.0 0.4000000059604645
v 0.1314346343278885 -0.11371076852083206 0.2785961627960205 0.0 1.0 0.4000000059604645
v 0.1164155974984169 -0.15876789391040802 0.3136405944824219 0.0 1.0 0.4000000059604645
v 0.1314346343278885 0.08654315024614334 0.16678772866725922 0.0 1.0 0.4000000059604645
v 0.1164155974984169 0.03647967427968979 0.20516972243785858 0.0 1.0 0.4000000059604645
v 0.10306533426046371 -0.010246241465210915 0.24188295006752014 0.0 1.0 0.4000000059604645
v 0.08971507102251053 -0.051965806633234024 0.2836025059223175 0.0 1.0 0.4000000059604645
v 0.07469602674245834 -0.10036050528287888 0.32198449969291687 0.0 1.0 0.4000000059604645
v 0.10640289634466171 0.11491245776414871 0.1734628528356552 0.0 1.0 0.4000000059604645
v 0.09305264055728912 0.06818654388189316 0.20516972243785858 0.0 1.0 0.4000000059604645
v 0.07970237731933594 0.028135759755969048 0.24188295006752014 0.0 1.0 0.4000000059604645
v 0.06635211408138275 -0.013583807274699211 0.2802649438381195 0.0 1.0 0.4000000059604645
v 0.053001854568719864 -0.061978504061698914 0.31864693760871887 0.0 1.0 0.4000000059604645
v 0.07135846465826035 0.1349378526210785 0.1851443350315094 0.0 1.0 0.4000000059604645
v 0.05800820142030716 0.08988071978092194 0.22352634370326996 0.0 1.0 0.4000000059604645
v 0.042989157140254974 0.04482358694076538 0.2619083523750305 0.0 1.0 0.4000000059604645
v 0.029638897627592087 0.0014352367725223303 0.3019591271877289 0.0 1.0 0.4000000059604645
v 0.03798281028866768 0.16998228430747986 0.1968258172273636 0.0 1.0 0.4000000059604645
v 0.024632548913359642 0.1249251514673233 0.23353902995586395 0.0 1.0 0.4000000059604645
v 0.36005786061286926 -0.23720067739486694 0.14843112230300903 0.0 1.0 0.4000000059604645
v 0.35004517436027527 -0.1837996393442154 0.13174329698085785 0.0 1.0 0.4000000059604645
v 0.3400324583053589 -0.13540494441986084 0.11338668316602707 0.0 1.0 0.4000000059604645
v 0.36172664165496826 -0.44579851627349854 0.2719210386276245 0.0 1.0 0.4000000059604645
v 0.35338273644447327 -0.3990725874900818 0.25022685527801514 0.0 1.0 0.4000000059604645
v 0.3433700501918793 -0.3506779074668884 0.23187024891376495 0.0 1.0 0.4000000059604645
v 0.3333573341369629 -0.3022831976413727 0.21184486150741577 0.0 1.0 0.4000000059604645
v 0.3233446478843689 -0.2522197365760803 0.1884818971157074 0.0 1.0 0.4000000059604645
v 0.3133319616317749 -0.20549380779266357 0.1717940717935562 0.0 1.0 0.4000000059604645
v 0.3049880266189575 -0.15543033182621002 0.15176868438720703 0.0 1.0 0.4000000059604645
v 0.2933065593242645 -0.10369806736707687 0.13674964010715485 0.0 1.0 0.4000000059604645
v 0.3150007426738739 -0.5042058825492859 0.35035380721092224 0.0 1.0 0.4000000059604645
v 0.3066568076610565 -0.45747998356819153 0.32699087262153625 0.0 1.0 0.4000000059604645
v 0.2983129024505615 -0.41075408458709717 0.3069654703140259 0.0 1.0 0.4000000059604645
v 0.28663143515586853 -0.3573530316352844 0.2836025059223175 0.0 1.0 0.4000000059604645
v 0.27828750014305115 -0.31229591369628906 0.2635771334171295 0.0 1.0 0.4000000059604645
v 0.26827481389045715 -0.2622324228286743 0.23854538798332214 0.0 1.0 0.4000000059604645
v 0.25826212763786316 -0.20716258883476257 0.22185754776000977 0.0 1.0 0.4000000059604645
v 0.24824942648410797 -0.16043667495250702 0.20683850347995758 0.0 1.0 0.4000000059604645
v 0.23823672533035278 -0.11537954956293106 0.1784692108631134 0.0 1.0 0.4000000059604645
v 0.2282240390777588 -0.061978504061698914 0.16011258959770203 0.0 1.0 0.4000000059604645
v 0.2182113379240036 -0.008577459491789341 0.14175598323345184 0.0 1.0 0.4000000059604645
v 0.23990550637245178 -0.3890599012374878 0.34367868304252625 0.0 1.0 0.4000000059604645
v 0.2298928201198578 -0.33565884828567505 0.32699087262153625 0.0 1.0 0.4000000059604645
v 0.2198801189661026 -0.2872641682624817 0.3036279082298279 0.0 1.0 0.4000000059604645
v 0.2115361988544464 -0.24053825438022614 0.2819337248802185 0.0 1.0 0.4000000059604645
v 0.19985473155975342 -0.1837996393442154 0.2652459144592285 0.0 1.0 0.4000000059604645
v 0.19151081144809723 -0.13707372546195984 0.23520781099796295 0.0 1.0 0.4000000059604645
v 0.17982932925224304 -0.08701024204492569 0.21851998567581177 0.0 1.0 0.4000000059604645
v 0.17148542404174805 -0.03527798131108284 0.1968258172273636 0.0 1.0 0.4000000059604645
v 0.15980394184589386 0.01478549838066101 0.1801379919052124 0.0 1.0 0.4000000059604645
v 0.15146003663539886 0.059842631220817566 0.16178138554096222 0.0 1.0 0.4000000059604645
v 0.14144733548164368 0.11157488822937012 0.14175598323345184 0.0 1.0 0.4000000059604645
v 0.18817324936389923 -0.2939392924308777 0.33867233991622925 0.0 1.0 0.4000000059604645
v 0.17816054821014404 -0.24554459750652313 0.3119718134403229 0.0 1.0 0.4000000059604645
v 0.16981664299964905 -0.20048746466636658 0.2936152219772339 0.0 1.0 0.4000000059604645
v 0.15980394184589386 -0.15042398869991302 0.2735898196697235 0.0 1.0 0.4000000059604645
v 0.14812245965003967 -0.09535415470600128 0.25523319840431213 0.0 1.0 0.4000000059604645
v 0.13977855443954468 -0.048628244549036026 0.23520781099796295 0.0 1.0 0.4000000059604645
v 0.1297658532857895 0.0014352367725223303 0.21851998567581177 0.0 1.0 0.4000000059604645
v 0.1197531595826149 0.05316749960184097 0.1918194741010666 0.0 1.0 0.4000000059604645
v 0.10974046587944031 0.10489976406097412 0.16511894762516022 0.0 1.0 0.4000000059604645
v 0.09972776472568512 0.15162567794322968 0.15677502751350403 0.0 1.0 0.4000000059604645
v 0.15646637976169586 -0.2755826711654663 0.34701624512672424 0.0 1.0 0.4000000059604645
v 0.14645367860794067 -0.22718799114227295 0.33032843470573425 0.0 1.0 0.4000000059604645
v 0.13644099235534668 -0.1754557192325592 0.3103030323982239 0.0 1.0 0.4000000059604645
v 0.1264282912015915 -0.12706102430820465 0.2836025059223175 0.0 1.0 0.4000000059604645
v 0.1180843785405159 -0.0753287672996521 0.2669146955013275 0.0 1.0 0.4000000059604645
v 0.10807168483734131 -0.028602851554751396 0.24355173110961914 0.0 1.0 0.4000000059604645
v 0.09639020264148712 0.02479819394648075 0.22519512474536896 0.0 1.0 0.4000000059604645
v 0.08804628998041153 0.07486167550086975 0.21017608046531677 0.0 1.0 0.4000000059604645
v 0.07636480778455734 0.1249251514673233 0.1851443350315094 0.0 1.0 0.4000000059604645
v 0.06802089512348175 0.17331984639167786 0.17012529075145721 0.0 1.0 0.4000000059604645
v 0.07636480778455734 -0.13874250650405884 0.33867233991622925 0.0 1.0 0.4000000059604645
v 0.06635211408138275 -0.08534146100282669 0.3153093755245209 0.0 1.0 0.4000000059604645
v 0.05633942037820816 -0.040284328162670135 0.2969527840614319 0.0 1.0 0.4000000059604645
v 0.04799550771713257 0.006441584788262844 0.2802649438381195 0.0 1.0 0.4000000059604645
v 0.03798281028866768 0.05817384645342827 0.26023954153060913 0.0 1.0 0.4000000059604645
v 0.02797011472284794 0.10656854510307312 0.23854538798332214 0.0 1.0 0.4000000059604645
v 0.01795741729438305 0.15496324002742767 0.22018876671791077 0.0 1.0 0.4000000059604645
v 0.01628863625228405 0.38358646631240845 0.09336128830909729 0.0 1.0 0.4000000059604645
v 0.002938374411314726 0.4503377676010132 0.06999833136796951 0.0 1.0 0.4000000059604645
v -0.010411886498332024 0.4052806496620178 0.09836763888597488 0.0 1.0 0.4000000059604645
v 0.004607156850397587 0.602196991443634 -0.016778364777565002 0.0 1.0 0.4000000059604645
v -0.00874310452491045 0.5538023114204407 0.01993485353887081 0.0 1.0 0.4000000059604645
v -0.022093364968895912 0.5154203176498413 0.05164172500371933 0.0 1.0 0.4000000059604645
v -0.037112411111593246 0.46702560782432556 0.09002372622489929 0.0 1.0 0.4000000059604645
v -0.050462670624256134 0.4186308979988098 0.13007451593875885 0.0 1.0 0.4000000059604645
v -0.00874310452491045 0.7423747181892395 -0.08352967351675034 0.0 1.0 0.4000000059604645
v -0.022093364968895912 0.6989864110946655 -0.043478887528181076 0.0 1.0 0.4000000059604645
v -0.050462670624256134 0.6072033643722534 0.029947549104690552 0.0 1.0 0.4000000059604645
v -0.06381293386220932 0.5638149976730347 0.05998563766479492 0.0 1.0 0.4000000059604645
v -0.07716318964958191 0.5204266309738159 0.09836763888597488 0.0 1.0 0.4000000059604645
v -0.0905134528875351 0.47370073199272156 0.14342476427555084 0.0 1.0 0.4000000059604645
v -0.05713780224323273 0.7106678485870361 -0.023453494533896446 0.0 1.0 0.4000000059604645
v -0.07215684652328491 0.6622731685638428 0.01993485353887081 0.0 1.0 0.4000000059604645
v -0.0871758908033371 0.618884801864624 0.056648071855306625 0.0 1.0 0.4000000059604645
v -0.09885736554861069 0.5738276839256287 0.09002372622489929 0.0 1.0 0.4000000059604645
v -0.11387640982866287 0.5271017551422119 0.12506815791130066 0.0 1.0 0.4000000059604645
v -0.12722666561603546 0.48371341824531555 0.16178138554096222 0.0 1.0 0.4000000059604645
v -0.13890814781188965 0.4453314244747162 0.20016337931156158 0.0 1.0 0.4000000059604645
v -0.11387640982866287 0.6572667956352234 0.054979290813207626 0.0 1.0 0.4000000059604645
v -0.14224570989608765 0.5654837489128113 0.12840571999549866 0.0 1.0 0.4000000059604645
v -0.15559597313404083 0.5237641930580139 0.16845650970935822 0.0 1.0 0.4000000059604645
v -0.16894623637199402 0.47703829407691956 0.20350094139575958 0.0 1.0 0.4000000059604645
v -0.1789589375257492 0.6272287368774414 0.12506815791130066 0.0 1.0 0.4000000059604645
v -0.1923092007637024 0.582171618938446 0.16511894762516022 0.0 1.0 0.4000000059604645
v -0.20565946400165558 0.5421208143234253 0.1968258172273636 0.0 1.0 0.4000000059604645
v -0.21900971233844757 0.49372610449790955 0.24188295006752014 0.0 1.0 0.4000000059604645
v -0.24237267673015594 0.5971906185150146 0.20350094139575958 0.0 1.0 0.4000000059604645
v -0.25405415892601013 0.5571398735046387 0.23687659204006195 0.0 1.0 0.4000000059604645
v -0.2690731883049011 0.5087451338768005 0.2735898196697235 0.0 1.0 0.4000000059604645
v -0.33582448959350586 0.5287705659866333 0.32365331053733826 0.0 1.0 0.4000000059604645
v 0.011282287538051605 0.598859429359436 -0.0201159305870533 0.0 1.0 0.4000000059604645
v 0.002938374411314726 0.6422477960586548 -0.04181010276079178 0.0 1.0 0.4000000059604645
v -0.007074321620166302 0.6956488490104675 -0.06016671285033226 0.0 1.0 0.4000000059604645
v 0.009613504633307457 0.46702560782432556 0.054979290813207626 0.0 1.0 0.4000000059604645
v -0.0003991909616161138 0.5170890688896179 0.03328511491417885 0.0 1.0 0.4000000059604645
v -0.00874310452491045 0.5638149976730347 0.01159094087779522 0.0 1.0 0.4000000059604645
v -0.020424582064151764 0.615547239780426 -0.008434451185166836 0.0 1.0 0.4000000059604645
v -0.030437279492616653 0.6689482927322388 -0.025122277438640594 0.0 1.0 0.4000000059604645
v -0.040449973195791245 0.7156742215156555 -0.045147668570280075 0.0 1.0 0.4000000059604645
v -0.03210606053471565 0.4052806496620178 0.12339937686920166 0.0 1.0 0.4000000059604645
v -0.04211875796318054 0.4553441107273102 0.10504277050495148 0.0 1.0 0.4000000059604645
v -0.050462670624256134 0.5020700097084045 0.0850173756480217 0.0 1.0 0.4000000059604645
v -0.060475368052721024 0.5521335005760193 0.06332319974899292 0.0 1.0 0.4000000059604645
v -0.07048806548118591 0.602196991443634 0.04496659338474274 0.0 1.0 0.4000000059604645
v -0.0805007591843605 0.6522604823112488 0.026609985157847404 0.0 1.0 0.4000000059604645
v -0.0888446718454361 0.4620192348957062 0.14843112230300903 0.0 1.0 0.4000000059604645
v -0.09885736554861069 0.5104139447212219 0.12506815791130066 0.0 1.0 0.4000000059604645
v -0.10887006670236588 0.5654837489128113 0.10504277050495148 0.0 1.0 0.4000000059604645
v -0.11888276040554047 0.6138784885406494 0.0833485946059227 0.0 1.0 0.4000000059604645
v -0.12889546155929565 0.6606043577194214 0.06999833136796951 0.0 1.0 0.4000000059604645
v -0.12055154144763947 0.4503377676010132 0.1768004298210144 0.0 1.0 0.4000000059604645
v -0.13223302364349365 0.5037388205528259 0.15677502751350403 0.0 1.0 0.4000000059604645
v -0.14057692885398865 0.5521335005760193 0.13508085906505585 0.0 1.0 0.4000000059604645
v -0.15225841104984283 0.602196991443634 0.12173059582710266 0.0 1.0 0.4000000059604645
v -0.15726475417613983 0.46702560782432556 0.20183216035366058 0.0 1.0 0.4000000059604645
v -0.16727745532989502 0.5187578797340393 0.1818067729473114 0.0 1.0 0.4000000059604645
v -0.1772901564836502 0.5654837489128113 0.15844380855560303 0.0 1.0 0.4000000059604645
v -0.1873028427362442 0.6172160506248474 0.14008720219135284 0.0 1.0 0.4000000059604645
v -0.21400336921215057 0.49873247742652893 0.23353902995586395 0.0 1.0 0.4000000059604645
v -0.22401607036590576 0.5538023114204407 0.21184486150741577 0.0 1.0 0.4000000059604645
v -0.23402875661849976 0.598859429359436 0.1968258172273636 0.0 1.0 0.4000000059604645
v -0.2974424958229065 0.5070763826370239 0.2936152219772339 0.0 1.0 0.4000000059604645
v -0.3074552118778229 0.5571398735046387 0.2785961627960205 0.0 1.0 0.4000000059604645
v -0.33248692750930786 0.5287705659866333 0.32031571865081787 0.0 1.0 0.4000000059604645
v 0.26326847076416016 0.7607313394546509 -0.3288407325744629 0.0 1.0 0.4000000059604645
v 0.2215489000082016 0.6272287368774414 -0.2187010645866394 0.0 1.0 0.4000000059604645
v 0.24491186439990997 0.8475080132484436 -0.36221638321876526 0.0 1.0 0.4000000059604645
v 0.2315616011619568 0.8024508953094482 -0.3288407325744629 0.0 1.0 0.4000000059604645
v 0.2165425568819046 0.7523874044418335 -0.28878992795944214 0.0 1.0 0.4000000059604645
v 0.20319229364395142 0.7073302865028381 -0.2504079341888428 0.0 1.0 0.4000000059604645
v 0.18984203040599823 0.6639419794082642 -0.2170322835445404 0.0 1.0 0.4000000059604645
v 0.17482298612594604 0.615547239780426 -0.17531271278858185 0.0 1.0 0.4000000059604645
v 0.16147272288799286 0.5738276839256287 -0.13859950006008148 0.0 1.0 0.4000000059604645
v 0.14812245965003967 0.5321081280708313 -0.10522384196519852 0.0 1.0 0.4000000059604645
v 0.13477221131324768 0.48705098032951355 -0.06684184074401855 0.0 1.0 0.4000000059604645
v 0.1197531595826149 0.4386563003063202 -0.026791060343384743 0.0 1.0 0.4000000059604645
v 0.10807168483734131 0.39526793360710144 0.006584592629224062 0.0 1.0 0.4000000059604645
v 0.14645367860794067 0.7106678485870361 -0.20034445822238922 0.0 1.0 0.4000000059604645
v 0.1180843785405159 0.615547239780426 -0.1252492368221283 0.0 1.0 0.4000000059604645
v 0.10473411530256271 0.57549649477005 -0.08519845455884933 0.0 1.0 0.4000000059604645
v 0.09138385206460953 0.5321081280708313 -0.05015401914715767 0.0 1.0 0.4000000059604645
v 0.07636480778455734 0.48538219928741455 -0.006765668746083975 0.0 1.0 0.4000000059604645
v 0.06301455199718475 0.4369875192642212 0.029947549104690552 0.0 1.0 0.4000000059604645
v 0.04966428875923157 0.39860549569129944 0.06332319974899292 0.0 1.0 0.4000000059604645
v 0.15312881767749786 0.8308202028274536 -0.27877724170684814 0.0 1.0 0.4000000059604645
v 0.13977855443954468 0.7857630848884583 -0.2387264519929886 0.0 1.0 0.4000000059604645
v 0.1264282912015915 0.7440435290336609 -0.20368202030658722 0.0 1.0 0.4000000059604645
v 0.1130780279636383 0.6973176002502441 -0.16196244955062866 0.0 1.0 0.4000000059604645
v 0.09639020264148712 0.6472541093826294 -0.1269180178642273 0.0 1.0 0.4000000059604645
v 0.08470872789621353 0.6072033643722534 -0.08853601664304733 0.0 1.0 0.4000000059604645
v 0.06968968361616135 0.5621461868286133 -0.055160365998744965 0.0 1.0 0.4000000059604645
v 0.05633942037820816 0.5154203176498413 -0.01844714768230915 0.0 1.0 0.4000000059604645
v 0.042989157140254974 0.47036316990852356 0.024941202253103256 0.0 1.0 0.4000000059604645
v 0.1114092469215393 0.8024508953094482 -0.2303825467824936 0.0 1.0 0.4000000059604645
v 0.09805898368358612 0.7573937773704529 -0.18699419498443604 0.0 1.0 0.4000000059604645
v 0.08470872789621353 0.7140054106712341 -0.15361854434013367 0.0 1.0 0.4000000059604645
v 0.06968968361616135 0.6672795414924622 -0.1185741052031517 0.0 1.0 0.4000000059604645
v 0.05633942037820816 0.6238911747932434 -0.08186088502407074 0.0 1.0 0.4000000059604645
v 0.042989157140254974 0.582171618938446 -0.04848523437976837 0.0 1.0 0.4000000059604645
v 0.029638897627592087 0.5387832522392273 -0.006765668746083975 0.0 1.0 0.4000000059604645
v 0.01795741729438305 0.49372610449790955 0.028278766199946404 0.0 1.0 0.4000000059604645
v 0.05800820142030716 0.7774191498756409 -0.16530002653598785 0.0 1.0 0.4000000059604645
v 0.04632672294974327 0.7340308427810669 -0.1319243609905243 0.0 1.0 0.4000000059604645
v 0.031307678669691086 0.6889736652374268 -0.09354236721992493 0.0 1.0 0.4000000059604645
v 0.01795741729438305 0.6472541093826294 -0.05849793180823326 0.0 1.0 0.4000000059604645
v 0.26493725180625916 0.7573937773704529 -0.3321782946586609 0.0 1.0 0.4000000059604645
v 0.24491186439990997 0.8575207591056824 -0.37056028842926025 0.0 1.0 0.4000000059604645
v 0.2232176810503006 0.6756234169006348 -0.24707037210464478 0.0 1.0 0.4000000059604645
v 0.2132049947977066 0.7273557186126709 -0.27377089858055115 0.0 1.0 0.4000000059604645
v 0.20319229364395142 0.7774191498756409 -0.29212749004364014 0.0 1.0 0.4000000059604645
v 0.19317959249019623 0.8308202028274536 -0.3104841113090515 0.0 1.0 0.4000000059604645
v 0.19317959249019623 0.60887211561203 -0.18866297602653503 0.0 1.0 0.4000000059604645
v 0.18316690623760223 0.6639419794082642 -0.20701958239078522 0.0 1.0 0.4000000059604645
v 0.17315420508384705 0.7089990973472595 -0.2270449846982956 0.0 1.0 0.4000000059604645
v 0.16314150393009186 0.7590625882148743 -0.24707037210464478 0.0 1.0 0.4000000059604645
v 0.15312881767749786 0.8074572682380676 -0.26876455545425415 0.0 1.0 0.4000000059604645
v 0.16647908091545105 0.5437896251678467 -0.1252492368221283 0.0 1.0 0.4000000059604645
v 0.15479759871959686 0.595521867275238 -0.14861220121383667 0.0 1.0 0.4000000059604645
v 0.14478489756584167 0.6472541093826294 -0.16863758862018585 0.0 1.0 0.4000000059604645
v 0.13644099235534668 0.6939800381660461 -0.18866297602653503 0.0 1.0 0.4000000059604645
v 0.1264282912015915 0.7473810911178589 -0.2103571593761444 0.0 1.0 0.4000000059604645
v 0.1147468090057373 0.7974445819854736 -0.2320513278245926 0.0 1.0 0.4000000059604645
v 0.1280970722436905 0.4403250813484192 -0.035134974867105484 0.0 1.0 0.4000000059604645
v 0.1197531595826149 0.49205732345581055 -0.055160365998744965 0.0 1.0 0.4000000059604645
v 0.10974046587944031 0.5387832522392273 -0.07351697236299515 0.0 1.0 0.4000000059604645
v 0.09805898368358612 0.5938530564308167 -0.09687992930412292 0.0 1.0 0.4000000059604645
v 0.08971507102251053 0.6422477960586548 -0.1169053241610527 0.0 1.0 0.4000000059604645
v 0.07970237731933594 0.6906424760818481 -0.13359315693378448 0.0 1.0 0.4000000059604645
v 0.06968968361616135 0.7407059669494629 -0.15028098225593567 0.0 1.0 0.4000000059604645
v 0.09138385206460953 0.36689862608909607 0.04496659338474274 0.0 1.0 0.4000000059604645
v 0.08137115836143494 0.4119557738304138 0.02160363644361496 0.0 1.0 0.4000000059604645
v 0.07135846465826035 0.46869438886642456 0.0015782444970682263 0.0 1.0 0.4000000059604645
v 0.061345767229795456 0.5137515068054199 -0.015109581872820854 0.0 1.0 0.4000000059604645
v 0.051333069801330566 0.5638149976730347 -0.03680375590920448 0.0 1.0 0.4000000059604645
v 0.041320376098155975 0.615547239780426 -0.05849793180823326 0.0 1.0 0.4000000059604645
v 0.031307678669691086 0.6656107306480408 -0.07518576085567474 0.0 1.0 0.4000000059604645
v 0.022963766008615494 0.7123366594314575 -0.09020479768514633 0.0 1.0 0.4000000059604645
v 0.051333069801330566 0.4019430875778198 0.058316852897405624 0.0 1.0 0.4000000059604645
v 0.041320376098155975 0.4503377676010132 0.038291461765766144 0.0 1.0 0.4000000059604645
v 0.031307678669691086 0.49372610449790955 0.018266070634126663 0.0 1.0 0.4000000059604645
v 0.021294983103871346 0.5504647493362427 -0.0017593208467587829 0.0 1.0 0.4000000059604645
v 0.019626200199127197 0.4169621169567108 0.06999833136796951 0.0 1.0 0.4000000059604645
v 0.25492456555366516 0.8057884573936462 -0.3522036671638489 0.0 1.0 0.4000000059604645
v 0.28996899724006653 0.8508456349372864 -0.4056047201156616 0.0 1.0 0.4000000059604645
v 0.27661871910095215 0.8057884573936462 -0.37056028842926025 0.0 1.0 0.4000000059604645
v 0.25826212763786316 0.8875588178634644 -0.4005983769893646 0.0 1.0 0.4000000059604645
v 0.8239794373512268 -0.13874250650405884 -0.2988026440143585 0.0 1.0 0.4000000059604645
v 0.8373296856880188 0.013116715475916862 -0.3989295959472656 0.0 1.0 0.4000000059604645
v 0.8239794373512268 -0.030271634459495544 -0.36221638321876526 0.0 1.0 0.4000000059604645
v 0.8106291890144348 -0.0736599788069725 -0.3271719515323639 0.0 1.0 0.4000000059604645
v 0.7956101298332214 -0.12038590013980865 -0.29045870900154114 0.0 1.0 0.4000000059604645
v 0.8106291890144348 0.049829933792352676 -0.3955920338630676 0.0 1.0 0.4000000059604645
v 0.7972789406776428 0.004772802349179983 -0.36054760217666626 0.0 1.0 0.4000000059604645
v 0.7822598814964294 -0.040284328162670135 -0.3221655786037445 0.0 1.0 0.4000000059604645
v 0.7555593252182007 -0.12539224326610565 -0.2504079341888428 0.0 1.0 0.4000000059604645
v 0.7689096331596375 0.06985532492399216 -0.37056028842926025 0.0 1.0 0.4000000059604645
v 0.7271900177001953 -0.06698485463857651 -0.26042062044143677 0.0 1.0 0.4000000059604645
v 0.7155085802078247 -0.10703563690185547 -0.2287137657403946 0.0 1.0 0.4000000059604645
v 0.7288588285446167 0.11658123880624771 -0.36221638321876526 0.0 1.0 0.4000000059604645
v 0.672120213508606 -0.06531606614589691 -0.2153635025024414 0.0 1.0 0.4000000059604645
v 0.658769965171814 -0.10703563690185547 -0.17531271278858185 0.0 1.0 0.4000000059604645
v 0.6938143968582153 0.10990610718727112 -0.3288407325744629 0.0 1.0 0.4000000059604645
v 0.678795337677002 0.06318019330501556 -0.29212749004364014 0.0 1.0 0.4000000059604645
v 0.66544508934021 0.018123064190149307 -0.25374549627304077 0.0 1.0 0.4000000059604645
v 0.6253942847251892 -0.11537954956293106 -0.14527462422847748 0.0 1.0 0.4000000059604645
v 0.6354069709777832 0.028135759755969048 -0.2370576709508896 0.0 1.0 0.4000000059604645
v 0.6220567226409912 -0.01525259017944336 -0.20034445822238922 0.0 1.0 0.4000000059604645
v 0.6087064743041992 -0.05864093825221062 -0.16029366850852966 0.0 1.0 0.4000000059604645
v 0.5936874151229858 -0.10703563690185547 -0.1219116747379303 0.0 1.0 0.4000000059604645
v 0.5786684155464172 0.004772802349179983 -0.17030636966228485 0.0 1.0 0.4000000059604645
v 0.5619805455207825 -0.04529067873954773 -0.13359315693378448 0.0 1.0 0.4000000059604645
v 0.5502991080284119 -0.08534146100282669 -0.09854871779680252 0.0 1.0 0.4000000059604645
v 0.49522924423217773 -0.060309723019599915 -0.05849793180823326 0.0 1.0 0.4000000059604645
v 0.45350968837738037 -0.0719911977648735 -0.021784713491797447 0.0 1.0 0.4000000059604645
v 0.8273169994354248 -0.14041128754615784 -0.3104841113090515 0.0 1.0 0.4000000059604645
v 0.8173043131828308 -0.08701024204492569 -0.3288407325744629 0.0 1.0 0.4000000059604645
v 0.8072916269302368 -0.040284328162670135 -0.3471973240375519 0.0 1.0 0.4000000059604645
v 0.7972789406776428 0.00977915059775114 -0.36388516426086426 0.0 1.0 0.4000000059604645
v 0.787266194820404 0.05817384645342827 -0.38891690969467163 0.0 1.0 0.4000000059604645
v 0.7789223194122314 0.10823732614517212 -0.4056047201156616 0.0 1.0 0.4000000059604645
v 0.7689096331596375 -0.14875520765781403 -0.24873915314674377 0.0 1.0 0.4000000059604645
v 0.7588968873023987 -0.09535415470600128 -0.27043333649635315 0.0 1.0 0.4000000059604645
v 0.7488842010498047 -0.050297025591135025 -0.29045870900154114 0.0 1.0 0.4000000059604645
v 0.7388715147972107 -0.00023354587028734386 -0.3138216733932495 0.0 1.0 0.4000000059604645
v 0.7288588285446167 0.05650506541132927 -0.3288407325744629 0.0 1.0 0.4000000059604645
v 0.7188461422920227 0.10489976406097412 -0.3505348861217499 0.0 1.0 0.4000000059604645
v 0.7171773314476013 -0.13874250650405884 -0.2103571593761444 0.0 1.0 0.4000000059604645
v 0.7088334560394287 -0.09368537366390228 -0.2303825467824936 0.0 1.0 0.4000000059604645
v 0.6988207697868347 -0.040284328162670135 -0.24873915314674377 0.0 1.0 0.4000000059604645
v 0.688808023929596 0.00977915059775114 -0.26709577441215515 0.0 1.0 0.4000000059604645
v 0.668782651424408 0.10823732614517212 -0.3104841113090515 0.0 1.0 0.4000000059604645
v 0.668782651424408 -0.11704833060503006 -0.18198785185813904 0.0 1.0 0.4000000059604645
v 0.658769965171814 -0.0686536356806755 -0.20535080134868622 0.0 1.0 0.4000000059604645
v 0.64875727891922 -0.020258937031030655 -0.2220386266708374 0.0 1.0 0.4000000059604645
v 0.638744592666626 0.028135759755969048 -0.24206402897834778 0.0 1.0 0.4000000059604645
v 0.6120440363883972 -0.09201659262180328 -0.15028098225593567 0.0 1.0 0.4000000059604645
v 0.6020313501358032 -0.040284328162670135 -0.16696880757808685 0.0 1.0 0.4000000059604645
v 0.5920186638832092 0.00977915059775114 -0.19033175706863403 0.0 1.0 0.4000000059604645
v 0.5553054213523865 -0.0753287672996521 -0.11189897358417511 0.0 1.0 0.4000000059604645
v 0.5202609896659851 -0.0736599788069725 -0.07685454189777374 0.0 1.0 0.4000000059604645
v 0.007944722659885883 0.26009654998779297 0.1717940717935562 0.0 1.0 0.4000000059604645
v 0.002938374411314726 0.3401981294155121 0.12840571999549866 0.0 1.0 0.4000000059604645
v -0.00874310452491045 0.30014732480049133 0.16178138554096222 0.0 1.0 0.4000000059604645
v -0.022093364968895912 0.25509020686149597 0.20350094139575958 0.0 1.0 0.4000000059604645
v -0.02376214787364006 0.3618922829627991 0.13508085906505585 0.0 1.0 0.4000000059604645
v -0.037112411111593246 0.3168351650238037 0.1768004298210144 0.0 1.0 0.4000000059604645
v -0.050462670624256134 0.27511557936668396 0.21351364254951477 0.0 1.0 0.4000000059604645
v -0.06381293386220932 0.37858012318611145 0.16511894762516022 0.0 1.0 0.4000000059604645
v -0.07549440860748291 0.3368605375289917 0.20516972243785858 0.0 1.0 0.4000000059604645
v -0.15392719209194183 0.39693671464920044 0.23520781099796295 0.0 1.0 0.4000000059604645
v -0.1839652806520462 0.4319811463356018 0.24355173110961914 0.0 1.0 0.4000000059604645
v -0.23402875661849976 0.4486689865589142 0.2752586007118225 0.0 1.0 0.4000000059604645
v -0.002067973604425788 0.25509020686149597 0.1818067729473114 0.0 1.0 0.4000000059604645
v -0.010411886498332024 0.30181610584259033 0.16511894762516022 0.0 1.0 0.4000000059604645
v -0.020424582064151764 0.3518795967102051 0.14175598323345184 0.0 1.0 0.4000000059604645
v -0.058806583285331726 0.30682244896888733 0.20850729942321777 0.0 1.0 0.4000000059604645
v -0.06881927698850632 0.3568859398365021 0.1834755539894104 0.0 1.0 0.4000000059604645
v -0.0788319781422615 0.4136245548725128 0.16845650970935822 0.0 1.0 0.4000000059604645
v -0.10219493508338928 0.3552171587944031 0.21851998567581177 0.0 1.0 0.4000000059604645
v -0.11220762878656387 0.4019430875778198 0.1951570361852646 0.0 1.0 0.4000000059604645
v -0.13723936676979065 0.36356106400489807 0.24188295006752014 0.0 1.0 0.4000000059604645
v -0.14725206792354584 0.4136245548725128 0.22185754776000977 0.0 1.0 0.4000000059604645
v -0.1939779818058014 0.40027427673339844 0.2719210386276245 0.0 1.0 0.4000000059604645
v -0.20399066805839539 0.4520065486431122 0.25356441736221313 0.0 1.0 0.4000000059604645
v 0.1214219406247139 0.16163836419582367 0.13508085906505585 0.0 1.0 0.4000000059604645
v 0.08470872789621353 0.18166376650333405 0.15176868438720703 0.0 1.0 0.4000000059604645
v 0.053001854568719864 0.2167081981897354 0.16011258959770203 0.0 1.0 0.4000000059604645
v 0.03631402924656868 0.3502108156681061 0.10170520097017288 0.0 1.0 0.4000000059604645
v 0.021294983103871346 0.30515366792678833 0.13841842114925385 0.0 1.0 0.4000000059604645
v 0.08971507102251053 0.20502671599388123 0.13841842114925385 0.0 1.0 0.4000000059604645
v 0.05967698618769646 0.3518795967102051 0.07166711241006851 0.0 1.0 0.4000000059604645
v 0.05800820142030716 0.2200457602739334 0.15009990334510803 0.0 1.0 0.4000000059604645
v 0.04966428875923157 0.27010923624038696 0.13174329698085785 0.0 1.0 0.4000000059604645
v 0.02797011472284794 0.36856740713119507 0.08835494518280029 0.0 1.0 0.4000000059604645
v 0.3350261151790619 0.5504647493362427 -0.27210211753845215 0.0 1.0 0.4000000059604645
v 0.3216758668422699 0.5070763826370239 -0.2370576709508896 0.0 1.0 0.4000000059604645
v 0.3083255887031555 0.6606043577194214 -0.3104841113090515 0.0 1.0 0.4000000059604645
v 0.2933065593242645 0.612209677696228 -0.27543967962265015 0.0 1.0 0.4000000059604645
v 0.27995628118515015 0.5704901218414307 -0.2370576709508896 0.0 1.0 0.4000000059604645
v 0.26827481389045715 0.5321081280708313 -0.20201323926448822 0.0 1.0 0.4000000059604645
v 0.25325578451156616 0.48204463720321655 -0.16363124549388885 0.0 1.0 0.4000000059604645
v 0.28663143515586853 0.6989864110946655 -0.3121528923511505 0.0 1.0 0.4000000059604645
v 0.27161237597465515 0.6489229202270508 -0.28211480379104614 0.0 1.0 0.4000000059604645
v 0.25993090867996216 0.612209677696228 -0.24206402897834778 0.0 1.0 0.4000000059604645
v 0.24491186439990997 0.5638149976730347 -0.20701958239078522 0.0 1.0 0.4000000059604645
v 0.2165425568819046 0.47370073199272156 -0.13359315693378448 0.0 1.0 0.4000000059604645
v 0.2081986367702484 0.5838403701782227 -0.18198785185813904 0.0 1.0 0.4000000059604645
v 0.19484837353229523 0.5404520630836487 -0.14694340527057648 0.0 1.0 0.4000000059604645
v 0.18149812519550323 0.49539491534233093 -0.11023019254207611 0.0 1.0 0.4000000059604645
v 0.16647908091545105 0.4486689865589142 -0.07184819132089615 0.0 1.0 0.4000000059604645
v 0.36339542269706726 0.5437896251678467 -0.29045870900154114 0.0 1.0 0.4000000059604645
v 0.3133319616317749 0.5087451338768005 -0.2337201088666916 0.0 1.0 0.4000000059604645
v 0.3049880266189575 0.5588086247444153 -0.2520767152309418 0.0 1.0 0.4000000059604645
v 0.2949753403663635 0.6038658022880554 -0.27377089858055115 0.0 1.0 0.4000000059604645
v 0.26326847076416016 0.47370073199272156 -0.17197515070438385 0.0 1.0 0.4000000059604645
v 0.25325578451156616 0.5287705659866333 -0.19366931915283203 0.0 1.0 0.4000000059604645
v 0.24324308335781097 0.578834056854248 -0.20701958239078522 0.0 1.0 0.4000000059604645
v 0.23489916324615479 0.6238911747932434 -0.2303825467824936 0.0 1.0 0.4000000059604645
v 0.2232176810503006 0.4586816728115082 -0.1219116747379303 0.0 1.0 0.4000000059604645
v 0.2132049947977066 0.5104139447212219 -0.14527462422847748 0.0 1.0 0.4000000059604645
v 0.20319229364395142 0.5571398735046387 -0.16863758862018585 0.0 1.0 0.4000000059604645
v 0.18483568727970123 0.4486689865589142 -0.09020479768514633 0.0 1.0 0.4000000059604645
v 0.17482298612594604 0.49539491534233093 -0.11023019254207611 0.0 1.0 0.4000000059604645
v 0.13810977339744568 0.39193037152290344 -0.008434451185166836 0.0 1.0 0.4000000059604645
v 0.425140380859375 0.5771652460098267 -0.36388516426086426 0.0 1.0 0.4000000059604645
v 0.39176473021507263 0.5738276839256287 -0.3371846377849579 0.0 1.0 0.4000000059604645
v 0.38175204396247864 0.6238911747932434 -0.3522036671638489 0.0 1.0 0.4000000059604645
v 0.37340810894966125 0.6722858548164368 -0.37389785051345825 0.0 1.0 0.4000000059604645
v 0.36339542269706726 0.7223493456840515 -0.3955920338630676 0.0 1.0 0.4000000059604645
v 0.3433700501918793 0.6405789852142334 -0.3338470757007599 0.0 1.0 0.4000000059604645
v 0.3333573341369629 0.6923112273216248 -0.3488661050796509 0.0 1.0 0.4000000059604645
v 0.3233446478843689 0.7407059669494629 -0.36722272634506226 0.0 1.0 0.4000000059604645
v 0.3133319616317749 0.7907694578170776 -0.38724809885025024 0.0 1.0 0.4000000059604645
v 0.415127694606781 0.6205536127090454 -0.38057297468185425 0.0 1.0 0.4000000059604645
v 0.4001086354255676 0.5738276839256287 -0.3421909809112549 0.0 1.0 0.4000000059604645
v 0.38675838708877563 0.5304393172264099 -0.3054777681827545 0.0 1.0 0.4000000059604645
v 0.36172664165496826 0.6372414231300354 -0.3471973240375519 0.0 1.0 0.4000000059604645
v 0.3350261151790619 0.7473810911178589 -0.38224175572395325 0.0 1.0 0.4000000059604645
v 0.3116631507873535 0.7857630848884583 -0.38724809885025024 0.0 1.0 0.4000000059604645
v 0.35338273644447327 0.59218430519104 -0.3154904544353485 0.0 1.0 0.4000000059604645
v 0.7368451952934265 0.14349138736724854 -0.39839357137680054 0.0 1.0 0.4000000059604645
v 0.663809061050415 0.07879941910505295 -0.29822370409965515 0.0 1.0 0.4000000059604645
v 0.005361827556043863 0.11803348362445831 0.2499384731054306 0.0 1.0 0.4000000059604645
v 0.43187031149864197 -0.15069524943828583 0.03359788656234741 0.0 1.0 0.4000000059604645
v 0.6033140420913696 -0.3444015383720398 -0.004509419668465853 0.0 1.0 0.4000000059604645
v 0.5708028078079224 -0.2084033340215683 -0.05388110131025314 0.0 1.0 0.4000000059604645
v 0.2370438575744629 -0.029624346643686295 0.13338038325309753 0.0 1.0 0.4000000059604645
v 0.22327038645744324 -0.34632226824760437 0.32588648796081543 0.0 1.0 0.4000000059604645
v 0.8911414742469788 -0.24352958798408508 -0.3114206790924072 0.0 1.0 0.4000000059604645
v 0.379179447889328 -0.5031182169914246 0.2801945209503174 0.0 1.0 0.4000000059604645
v 0.3201155364513397 0.5484422445297241 -0.26819589734077454 0.0 1.0 0.4000000059604645
v 0.807600200176239 0.006034764461219311 -0.3813278377056122 0.0 1.0 0.4000000059604645
v -0.06428948789834976 0.20222894847393036 0.2622843086719513 0.0 1.0 0.4000000059604645
v 0.27352243661880493 -0.2340678721666336 0.2183399200439453 0.0 1.0 0.4000000059604645
v -0.014817217364907265 0.11814001947641373 0.267362505197525 0.0 1.0 0.4000000059604645
v -0.050160329788923264 0.6437163352966309 -0.0016811909154057503 0.0 1.0 0.4000000059604645
v -0.1962006837129593 0.5130699276924133 0.19935069978237152 0.0 1.0 0.4000000059604645
v 0.233676016330719 -0.09753355383872986 0.17501835525035858 0.0 1.0 0.4000000059604645
v 0.20440179109573364 0.557645320892334 -0.17317943274974823 0.0 1.0 0.4000000059604645
v -0.09029151499271393 0.11916603893041611 0.3321745693683624 0.0 1.0 0.4000000059604645
v 0.25856903195381165 -0.1416909396648407 0.17862622439861298 0.0 1.0 0.4000000059604645
v 0.6556589603424072 -0.12051452696323395 -0.17751897871494293 0.0 1.0 0.4000000059604645
v 0.43493378162384033 -0.06207910180091858 -0.0195828415453434 0.0 1.0 0.4000000059604645
v -0.07496745884418488 0.29313579201698303 0.21970422565937042 0.0 1.0 0.4000000059604645
v 0.47818854451179504 -0.18536916375160217 0.01323400903493166 0.0 1.0 0.4000000059604645
v 0.1602383553981781 0.619516909122467 -0.17018993198871613 0.0 1.0 0.4000000059604645
v -0.034897394478321075 0.20241324603557587 0.2367115467786789 0.0 1.0 0.4000000059604645
v -0.293281227350235 0.39162376523017883 0.3527141511440277 0.0 1.0 0.4000000059604645
v 0.7560421824455261 0.1077256053686142 -0.39463481307029724 0.0 1.0 0.4000000059604645
v 0.09507741034030914 0.18362976610660553 0.13480056822299957 0.0 1.0 0.4000000059604645
v 0.048226892948150635 0.0977134108543396 0.22438259422779083 0.0 1.0 0.4000000059604645
v -0.14494791626930237 0.44420796632766724 0.194204181432724 0.0 1.0 0.4000000059604645
v 0.11405725032091141 0.11533098667860031 0.1572968065738678 0.0 1.0 0.4000000059604645
v 0.18929621577262878 0.6046266555786133 -0.1868780553340912 0.0 1.0 0.4000000059604645
v 0.2817956507205963 0.8480961918830872 -0.40584611892700195 0.0 1.0 0.4000000059604645
v 0.7234883904457092 -0.1387593001127243 -0.22588926553726196 0.0 1.0 0.4000000059604645
v 0.6647121906280518 -0.15568174421787262 -0.16531214118003845 0.0 1.0 0.4000000059604645
v 0.009751668199896812 0.48786306381225586 0.03526904061436653 0.0 1.0 0.4000000059604645
v 0.7123317122459412 -0.33488988876342773 -0.10439444333314896 0.0 1.0 0.4000000059604645
v 0.6641629934310913 0.09427173435688019 -0.307352215051651 0.0 1.0 0.4000000059604645
v 0.1509263813495636 -0.17413580417633057 0.29039567708969116 0.0 1.0 0.4000000059604645
v 0.8014514446258545 -0.13633565604686737 -0.2948246896266937 0.0 1.0 0.4000000059604645
v 0.0953911542892456 -0.045887600630521774 0.26539263129234314 0.0 1.0 0.4000000059604645
v 0.12098237872123718 0.6073980331420898 -0.12926554679870605 0.0 1.0 0.4000000059604645
v 0.041022155433893204 -0.12452062219381332 0.35733655095100403 0.0 1.0 0.4000000059604645
v 0.48847976326942444 -0.14155200123786926 -0.02066636271774769 0.0 1.0 0.4000000059604645
v 0.5933308601379395 -0.0032554417848587036 -0.19037044048309326 0.0 1.0 0.4000000059604645
v 0.4329409897327423 -0.4422091543674469 0.19888265430927277 0.0 1.0 0.4000000059604645
v 0.8907819390296936 -0.1718713343143463 -0.35196653008461 0.0 1.0 0.4000000059604645
v -0.20181909203529358 0.27945175766944885 0.3374210298061371 0.0 1.0 0.4000000059604645
v 0.2599950432777405 -0.10825897008180618 0.15832871198654175 0.0 1.0 0.4000000059604645
v 0.45050516724586487 -0.11031270772218704 -0.005573788192123175 0.0 1.0 0.4000000059604645
v 0.6047356724739075 -0.05713328719139099 -0.16953296959400177 0.0 1.0 0.4000000059604645
v 0.07165836542844772 0.10487312823534012 0.19999739527702332 0.0 1.0 0.4000000059604645
v 0.42315560579299927 -0.4923212230205536 0.23593388497829437 0.0 1.0 0.4000000059604645
v -0.2356557548046112 0.3939129412174225 0.3014775514602661 0.0 1.0 0.4000000059604645
v 0.025743892416357994 0.07928135991096497 0.25437310338020325 0.0 1.0 0.4000000059604645
v 0.019105110317468643 0.7417839765548706 -0.11761363595724106 0.0 1.0 0.4000000059604645
v -0.09841850399971008 0.1444382667541504 0.32480698823928833 0.0 1.0 0.4000000059604645
v -0.01801242306828499 0.1319853812456131 0.2622368633747101 0.0 1.0 0.4000000059604645
v 0.7462953925132751 -0.2209378033876419 -0.1987953931093216 0.0 1.0 0.4000000059604645
v 0.8189599514007568 0.00030411072657443583 -0.3879034221172333 0.0 1.0 0.4000000059604645
v 0.007162189576774836 0.32929256558418274 0.12792491912841797 0.0 1.0 0.4000000059604645
v 0.1051526740193367 -0.18304812908172607 0.33513927459716797 0.0 1.0 0.4000000059604645
v -0.025462349876761436 0.5686070919036865 0.019743498414754868 0.0 1.0 0.4000000059604645
v 0.12202568352222443 0.10412280261516571 0.156782865524292 0.0 1.0 0.4000000059604645
v 0.2425246387720108 -0.19050545990467072 0.22036096453666687 0.0 1.0 0.4000000059604645
v 0.45295119285583496 -0.056118059903383255 -0.038593389093875885 0.0 1.0 0.4000000059604645
v 0.232637420296669 -0.212728813290596 0.24159914255142212 0.0 1.0 0.4000000059604645
v 0.4813305139541626 -0.13368552923202515 -0.01895689219236374 0.0 1.0 0.4000000059604645
v 0.047676656395196915 0.540171205997467 -0.027416808530688286 0.0 1.0 0.4000000059604645
v -0.048805736005306244 0.5451798439025879 0.053327638655900955 0.0 1.0 0.4000000059604645
v -0.17876100540161133 0.3173045516014099 0.29585909843444824 0.0 1.0 0.4000000059604645
v 0.16426627337932587 0.029576871544122696 0.1626860350370407 0.0 1.0 0.4000000059604645
v 0.3579323887825012 -0.1291351467370987 0.08537079393863678 0.0 1.0 0.4000000059604645
v 0.7453136444091797 -0.28976431488990784 -0.15870194137096405 0.0 1.0 0.4000000059604645
v 0.021370019763708115 0.17718540132045746 0.20234103500843048 0.0 1.0 0.4000000059604645
v 0.8869779706001282 -0.11146588623523712 -0.3831118047237396 0.0 1.0 0.4000000059604645
v 0.2009868174791336 0.7060365676879883 -0.25482863187789917 0.0 1.0 0.4000000059604645
v 0.674771785736084 0.11085065454244614 -0.32599735260009766 0.0 1.0 0.4000000059604645
v 0.33459779620170593 0.7531956434249878 -0.3974887430667877 0.0 1.0 0.4000000059604645
v 0.25927573442459106 0.4562157094478607 -0.16289454698562622 0.0 1.0 0.4000000059604645
v -0.055745091289281845 0.4332345426082611 0.12316830456256866 0.0 1.0 0.4000000059604645
v -0.18779437243938446 0.2757361829280853 0.32738739252090454 0.0 1.0 0.4000000059604645
v 0.014329411089420319 0.5703322887420654 -0.015718979761004448 0.0 1.0 0.4000000059604645
v 0.02810097485780716 0.7650586366653442 -0.1386788934469223 0.0 1.0 0.4000000059604645
v 0.5205011367797852 -0.4815519154071808 0.14544546604156494 0.0 1.0 0.4000000059604645
v 0.666345477104187 0.02277424931526184 -0.26847758889198303 0.0 1.0 0.4000000059604645
v -0.06862884759902954 0.60906583070755 0.03407810628414154 0.0 1.0 0.4000000059604645
v 0.7255448698997498 -0.271921306848526 -0.1517462134361267 0.0 1.0 0.4000000059604645
v 0.2429531365633011 -0.3363758623600006 0.3031606078147888 0.0 1.0 0.4000000059604645
v 0.7844010591506958 -0.16374321281909943 -0.2644238770008087 0.0 1.0 0.4000000059604645
v 0.16088324785232544 0.040927741676568985 0.15914544463157654 0.0 1.0 0.4000000059604645
v -0.02616444230079651 0.025931017473340034 0.32976946234703064 0.0 1.0 0.4000000059604645
v 0.7931331396102905 -0.14230887591838837 -0.28421127796173096 0.0 1.0 0.4000000059604645
v 0.7170896530151367 -0.1559440791606903 -0.21054664254188538 0.0 1.0 0.4000000059604645
v 0.6415557265281677 -0.01653098501265049 -0.22458703815937042 0.0 1.0 0.4000000059604645
v 0.09094595909118652 0.4592161774635315 -0.018750710412859917 0.0 1.0 0.4000000059604645
v 0.3642825782299042 0.7276028394699097 -0.4086178243160248 0.0 1.0 0.4000000059604645
v 0.08933401107788086 0.035990674048662186 0.22395649552345276 0.0 1.0 0.4000000059604645
v 0.12312790751457214 -0.04023880138993263 0.23813846707344055 0.0 1.0 0.4000000059604645
v 0.8256236910820007 -0.1804898977279663 -0.29059410095214844 0.0 1.0 0.4000000059604645
v 0.5184208750724792 -0.42090097069740295 0.11266659200191498 0.0 1.0 0.4000000059604645
v 0.6066827774047852 -0.2022847980260849 -0.0884590595960617 0.0 1.0 0.4000000059604645
v 0.43250641226768494 -0.3766370713710785 0.16187195479869843 0.0 1.0 0.4000000059604645
v 0.1777312308549881 0.03495234251022339 0.14795397222042084 0.0 1.0 0.4000000059604645
v 0.635872483253479 -0.1150972992181778 -0.16346308588981628 0.0 1.0 0.4000000059604645
v 0.14182744920253754 -0.09410792589187622 0.2526502311229706 0.0 1.0 0.4000000059604645
v 0.0035218920093029737 0.2556821405887604 0.17304961383342743 0.0 1.0 0.4000000059604645
v -0.16027911007404327 0.6404914259910583 0.09557344019412994 0.0 1.0 0.4000000059604645
v 0.620395302772522 -0.1825634241104126 -0.11158522218465805 0.0 1.0 0.4000000059604645
v 0.5563252568244934 -0.12300040572881699 -0.09003076702356339 0.0 1.0 0.4000000059604645
v 0.5495762228965759 -0.2304673194885254 -0.022908484563231468 0.0 1.0 0.4000000059604645
v -0.1694657951593399 0.5189144015312195 0.17285308241844177 0.0 1.0 0.4000000059604645
v 0.30427342653274536 -0.20695404708385468 0.17623528838157654 0.0 1.0 0.4000000059604645
v -0.27975213527679443 0.43016085028648376 0.31901875138282776 0.0 1.0 0.4000000059604645
v -0.03839742764830589 0.4201801121234894 0.11558011174201965 0.0 1.0 0.4000000059604645
v 0.5703551769256592 -0.21600155532360077 -0.04916096106171608 0.0 1.0 0.4000000059604645
v 0.4046045243740082 -0.40963780879974365 0.20486445724964142 0.0 1.0 0.4000000059604645
v 0.38347941637039185 -0.4349847435951233 0.2376210242509842 0.0 1.0 0.4000000059604645
v 0.533280074596405 -0.3455744683742523 0.056842464953660965 0.0 1.0 0.4000000059604645
v 0.3448459506034851 -0.2039773315191269 0.13938270509243011 0.0 1.0 0.4000000059604645
v 0.2683655917644501 -0.45939749479293823 0.3512844145298004 0.0 1.0 0.4000000059604645
v 0.5366397500038147 -0.167921245098114 -0.04736112430691719 0.0 1.0 0.4000000059604645
v 0.4147181808948517 -0.15834547579288483 0.0528218075633049 0.0 1.0 0.4000000059604645
v 0.13212016224861145 0.622146487236023 -0.14732535183429718 0.0 1.0 0.4000000059604645
v 0.40132880210876465 -0.07387800514698029 0.016262643039226532 0.0 1.0 0.4000000059604645
v -0.021604375913739204 0.4221416115760803 0.09991086274385452 0.0 1.0 0.4000000059604645
v 0.3469392955303192 0.5554662346839905 -0.295443058013916 0.0 1.0 0.4000000059604645
v 0.22364091873168945 0.8189545273780823 -0.33884045481681824 0.0 1.0 0.4000000059604645
v 0.16698993742465973 0.7472846508026123 -0.24888941645622253 0.0 1.0 0.4000000059604645
v 0.26112043857574463 0.5129583477973938 -0.1968459188938141 0.0 1.0 0.4000000059604645
v -0.10298141837120056 0.5117123126983643 0.11935202777385712 0.0 1.0 0.4000000059604645
v 0.7741115093231201 -0.3213821053504944 -0.16562724113464355 0.0 1.0 0.4000000059604645
v -0.030553702265024185 0.7099422812461853 -0.05643003061413765 0.0 1.0 0.4000000059604645
v 0.5038618445396423 -0.17087620496749878 -0.017274849116802216 0.0 1.0 0.4000000059604645
v 0.3803514838218689 -0.5470730662345886 0.30424073338508606 0.0 1.0 0.4000000059604645
v 0.037075791507959366 0.7656176090240479 -0.14677412807941437 0.0 1.0 0.4000000059604645
v -0.03797515854239464 0.5014810562133789 0.06885885447263718 0.0 1.0 0.4000000059604645
v 0.3903149962425232 -0.10595225542783737 0.044093675911426544 0.0 1.0 0.4000000059604645
v 0.23895323276519775 0.5063203573226929 -0.17385365068912506 0.0 1.0 0.4000000059604645
v -0.032069019973278046 0.7223359942436218 -0.06218353286385536 0.0 1.0 0.4000000059604645
v 0.2314632683992386 -0.041606687009334564 0.14504782855510712 0.0 1.0 0.4000000059604645
v 0.7917865514755249 -0.007676790468394756 -0.35980767011642456 0.0 1.0 0.4000000059604645
v 0.6371550559997559 -0.35875657200813293 -0.025647204369306564 0.0 1.0 0.4000000059604645
v 0.32753267884254456 -0.31543728709220886 0.2179354429244995 0.0 1.0 0.4000000059604645
v 0.566911518573761 -0.42333555221557617 0.07203851640224457 0.0 1.0 0.4000000059604645
v 0.29138535261154175 0.5750870704650879 -0.2584938108921051 0.0 1.0 0.4000000059604645
v 0.2664596736431122 0.6326776146888733 -0.2697325646877289 0.0 1.0 0.4000000059604645
v 0.8222046494483948 -0.0050104823894798756 -0.3876846432685852 0.0 1.0 0.4000000059604645
v 0.5857157707214355 -0.06046871468424797 -0.15115082263946533 0.0 1.0 0.4000000059604645
v 0.23030728101730347 0.5116683840751648 -0.16941137611865997 0.0 1.0 0.4000000059604645
v -0.14092229306697845 0.5051781535148621 0.15595264732837677 0.0 1.0 0.4000000059604645
v 0.594265341758728 -0.1911783516407013 -0.08403216302394867 0.0 1.0 0.4000000059604645
v 0.24925878643989563 0.8048902153968811 -0.35301879048347473 0.0 1.0 0.4000000059604645
v 0.16475984454154968 -0.25642555952072144 0.32532837986946106 0.0 1.0 0.4000000059604645
v 0.6971993446350098 -0.03797270730137825 -0.2605758011341095 0.0 1.0 0.4000000059604645
v 0.04484239220619202 0.49653178453445435 -7.907313556643203e-05 0.0 1.0 0.4000000059604645
v 0.7109439969062805 0.1038879007101059 -0.35336992144584656 0.0 1.0 0.4000000059604645
v 0.08733821660280228 -0.18436504900455475 0.351326048374176 0.0 1.0 0.4000000059604645
v -0.025447821244597435 0.18830808997154236 0.2365659922361374 0.0 1.0 0.4000000059604645
v 0.13741140067577362 0.5960604548454285 -0.13703665137290955 0.0 1.0 0.4000000059604645
v -0.11924916505813599 0.4447193145751953 0.1716451197862625 0.0 1.0 0.4000000059604645
v 0.24725206196308136 0.5936366319656372 -0.23082952201366425 0.0 1.0 0.4000000059604645
v 0.6411658525466919 -0.19199833273887634 -0.12420304864645004 0.0 1.0 0.4000000059604645
v 0.45027971267700195 -0.4405941367149353 0.1829381287097931 0.0 1.0 0.4000000059604645
v -0.22432462871074677 0.567145824432373 0.19288715720176697 0.0 1.0 0.4000000059604645
v 0.741454005241394 -0.1163819208741188 -0.2542150914669037 0.0 1.0 0.4000000059604645
v -0.16600556671619415 0.207070454955101 0.3476589322090149 0.0 1.0 0.4000000059604645
v -0.0457315556704998 0.11407110840082169 0.29646918177604675 0.0 1.0 0.4000000059604645
v 0.18159137666225433 0.7959514260292053 -0.2892896234989166 0.0 1.0 0.4000000059604645
v 0.5562376379966736 -0.12394723296165466 -0.08941500633955002 0.0 1.0 0.4000000059604645
v 0.37806567549705505 -0.09974450618028641 0.051168009638786316 0.0 1.0 0.4000000059604645
v 0.1623883694410324 0.5655859708786011 -0.14130309224128723 0.0 1.0 0.4000000059604645
v -0.030691977590322495 0.2728123068809509 0.19292819499969482 0.0 1.0 0.4000000059604645
v 0.5873706340789795 -0.34413594007492065 0.00915380846709013 0.0 1.0 0.4000000059604645
v -0.2782384157180786 0.5006884932518005 0.2774944007396698 0.0 1.0 0.4000000059604645
v 0.013831742107868195 0.328543096780777 0.12257319688796997 0.0 1.0 0.4000000059604645
v 0.005214744713157415 0.21672119200229645 0.19379715621471405 0.0 1.0 0.4000000059604645
v 0.6404989957809448 -0.18296971917152405 -0.12877307832241058 0.0 1.0 0.4000000059604645
v 0.688795268535614 0.07294515520334244 -0.3165358901023865 0.0 1.0 0.4000000059604645
v 0.16114263236522675 0.44498690962791443 -0.07146171480417252 0.0 1.0 0.4000000059604645
v 0.4372876286506653 -0.11528957635164261 0.008716633543372154 0.0 1.0 0.4000000059604645
v -0.22237958014011383 0.554071307182312 0.19865648448467255 0.0 1.0 0.4000000059604645
v 0.570646345615387 -0.07564318180084229 -0.12944141030311584 0.0 1.0 0.4000000059604645
v 0.2977946698665619 -0.2275262475013733 0.19357864558696747 0.0 1.0 0.4000000059604645
v 0.03637370094656944 0.09422147274017334 0.23664416372776031 0.0 1.0 0.4000000059604645
v 0.6765955090522766 -0.3619791567325592 -0.05798422172665596 0.0 1.0 0.4000000059604645
v -0.2101675122976303 0.5292290449142456 0.2022392600774765 0.0 1.0 0.4000000059604645
v 0.0361664816737175 0.3929077386856079 0.06652175635099411 0.0 1.0 0.4000000059604645
v 0.7851662039756775 0.09132171422243118 -0.41051721572875977 0.0 1.0 0.4000000059604645
v 0.1721571981906891 -0.30074793100357056 0.34419000148773193 0.0 1.0 0.4000000059604645
v -0.32492795586586 0.5255462527275085 0.30377689003944397 0.0 1.0 0.4000000059604645
v 0.826167106628418 -0.2514135539531708 -0.25062641501426697 0.0 1.0 0.4000000059604645
v -0.2639792859554291 0.5546094179153442 0.23439505696296692 0.0 1.0 0.4000000059604645
v -0.06290900707244873 0.12900376319885254 0.3028389513492584 0.0 1.0 0.4000000059604645
v 0.09557314217090607 -0.11844183504581451 0.30660319328308105 0.0 1.0 0.4000000059604645
v 0.08938245475292206 -0.14530421793460846 0.32728344202041626 0.0 1.0 0.4000000059604645
v -0.0672084242105484 0.6550978422164917 0.006601288914680481 0.0 1.0 0.4000000059604645
v 0.1451745331287384 0.4967779219150543 -0.08715534210205078 0.0 1.0 0.4000000059604645
v 0.025772027671337128 0.1863570511341095 0.1932973712682724 0.0 1.0 0.4000000059604645
v 0.6209723949432373 -0.18034927546977997 -0.11334773898124695 0.0 1.0 0.4000000059604645
v -0.20344890654087067 0.383924275636673 0.2792661488056183 0.0 1.0 0.4000000059604645
v 0.07266759872436523 0.2324807196855545 0.12636490166187286 0.0 1.0 0.4000000059604645
v 0.6183468699455261 -0.09101009368896484 -0.1620112806558609 0.0 1.0 0.4000000059604645
v 0.4258175790309906 -0.37139692902565 0.16467992961406708 0.0 1.0 0.4000000059604645
v 0.6224539875984192 -0.32288235425949097 -0.03336339443922043 0.0 1.0 0.4000000059604645
v 0.4578837752342224 0.566738486289978 -0.398001492023468 0.0 1.0 0.4000000059604645
v 0.1314067393541336 0.6173345446586609 -0.14396356046199799 0.0 1.0 0.4000000059604645
v 0.2900486886501312 -0.26406988501548767 0.2211264967918396 0.0 1.0 0.4000000059604645
v 0.18912442028522491 0.4242207705974579 -0.08386717736721039 0.0 1.0 0.4000000059604645
v 0.27182936668395996 -0.19009943306446075 0.19473746418952942 0.0 1.0 0.4000000059604645
v 0.7379163503646851 0.09193142503499985 -0.36992374062538147 0.0 1.0 0.4000000059604645
v 0.40862345695495605 -0.4116845428943634 0.20254912972450256 0.0 1.0 0.4000000059604645
v 0.5382423996925354 -0.27132612466812134 0.010208568535745144 0.0 1.0 0.4000000059604645
v 0.5587952136993408 -0.06762994825839996 -0.12374154478311539 0.0 1.0 0.4000000059604645
v -0.11214836686849594 0.295542448759079 0.2505486011505127 0.0 1.0 0.4000000059604645
v 0.4213482439517975 0.6442939043045044 -0.4105639159679413 0.0 1.0 0.4000000059604645
v 0.23654931783676147 -0.41833561658859253 0.3554403781890869 0.0 1.0 0.4000000059604645
v 0.7913466691970825 -0.08498731255531311 -0.315346360206604 0.0 1.0 0.4000000059604645
v 0.20235185325145721 -0.2146306335926056 0.26892536878585815 0.0 1.0 0.4000000059604645
v 0.011009815149009228 -0.029218146577477455 0.32900306582450867 0.0 1.0 0.4000000059604645
v 0.3702296316623688 -0.33075639605522156 0.18967384099960327 0.0 1.0 0.4000000059604645
v 0.1930423378944397 -0.07612764090299606 0.19802165031433105 0.0 1.0 0.4000000059604645
v 0.48228901624679565 -0.30929502844810486 0.08033986389636993 0.0 1.0 0.4000000059604645
v 0.6356036067008972 -0.3682001531124115 -0.01891845464706421 0.0 1.0 0.4000000059604645
v 0.2758541405200958 -0.38079899549484253 0.2999812364578247 0.0 1.0 0.4000000059604645
v 0.14276690781116486 -0.22339853644371033 0.325553834438324 0.0 1.0 0.4000000059604645
v 0.34525561332702637 0.7105850577354431 -0.38242825865745544 0.0 1.0 0.4000000059604645
v -0.009305868297815323 0.2004406601190567 0.2156616598367691 0.0 1.0 0.4000000059604645
v 0.7283084392547607 0.0570257306098938 -0.34169650077819824 0.0 1.0 0.4000000059604645
v 0.10939277708530426 -0.013377063907682896 0.23472394049167633 0.0 1.0 0.4000000059604645
v 0.25845834612846375 0.8014753460884094 -0.3590430021286011 0.0 1.0 0.4000000059604645
v 0.24588745832443237 0.7743794322013855 -0.33270126581192017 0.0 1.0 0.4000000059604645
v 0.22902195155620575 0.7098226547241211 -0.2812792658805847 0.0 1.0 0.4000000059604645
v 0.6325539350509644 -0.30055949091911316 -0.054842669516801834 0.0 1.0 0.4000000059604645
v 0.2490939497947693 0.716774582862854 -0.3026350736618042 0.0 1.0 0.4000000059604645
v 0.2736441195011139 0.8566087484359741 -0.4036366045475006 0.0 1.0 0.4000000059604645
v 0.14099770784378052 -0.15262620151042938 0.28673455119132996 0.0 1.0 0.4000000059604645
v -0.0015714972978457808 0.023141171783208847 0.3100508153438568 0.0 1.0 0.4000000059604645
v 0.3719467520713806 -0.41405168175697327 0.23567846417427063 0.0 1.0 0.4000000059604645
v 0.02504163235425949 0.058290015906095505 0.26695021986961365 0.0 1.0 0.4000000059604645
v 0.7553463578224182 -0.227382093667984 -0.20296356081962585 0.0 1.0 0.4000000059604645
v 0.833345890045166 -0.07154843211174011 -0.3594003915786743 0.0 1.0 0.4000000059604645
v 0.04260850325226784 0.6650072336196899 -0.09420309215784073 0.0 1.0 0.4000000059604645
v 0.026166610419750214 0.17631316184997559 0.19868220388889313 0.0 1.0 0.4000000059604645
v 0.10944659262895584 0.007309196051210165 0.22288262844085693 0.0 1.0 0.4000000059604645
v 0.2453044056892395 0.4954093098640442 -0.1731356829404831 0.0 1.0 0.4000000059604645
v 0.29481226205825806 0.6309091448783875 -0.29329124093055725 0.0 1.0 0.4000000059604645
v 0.13015475869178772 0.5684380531311035 -0.11499945819377899 0.0 1.0 0.4000000059604645
v 0.5453312993049622 -0.4552638828754425 0.10894192010164261 0.0 1.0 0.4000000059604645
v 0.29839739203453064 -0.24749235808849335 0.20444047451019287 0.0 1.0 0.4000000059604645
v -0.1598924994468689 0.42929157614707947 0.2156582623720169 0.0 1.0 0.4000000059604645
v 0.023097429424524307 0.6856057047843933 -0.08904172480106354 0.0 1.0 0.4000000059604645
v 0.04503678157925606 -0.0497165322303772 0.3112069070339203 0.0 1.0 0.4000000059604645
v 0.24018216133117676 -0.33233773708343506 0.3032591640949249 0.0 1.0 0.4000000059604645
v 0.4108666181564331 -0.5169185996055603 0.2606067657470703 0.0 1.0 0.4000000059604645
v -0.2928420901298523 0.5173599123954773 0.28064265847206116 0.0 1.0 0.4000000059604645
v 0.7332708239555359 -0.21833012998104095 -0.18899670243263245 0.0 1.0 0.4000000059604645
v 0.392080157995224 -0.5122519135475159 0.27422407269477844 0.0 1.0 0.4000000059604645
v 0.015950102359056473 0.7472478151321411 -0.11799518018960953 0.0 1.0 0.4000000059604645
v -0.09363456070423126 0.4105227291584015 0.16894841194152832 0.0 1.0 0.4000000059604645
v 0.4100341796875 -0.3977736532688141 0.19339515268802643 0.0 1.0 0.4000000059604645
v -0.2278304100036621 0.34656307101249695 0.3216944932937622 0.0 1.0 0.4000000059604645
v -0.10264577716588974 0.38286176323890686 0.1925279200077057 0.0 1.0 0.4000000059604645
v 0.8003151416778564 -0.01927519403398037 -0.3605844974517822 0.0 1.0 0.4000000059604645
v 0.8419977426528931 -0.04336680844426155 -0.3829653561115265 0.0 1.0 0.4000000059604645
v -0.19012577831745148 0.3998088538646698 0.2586649954319 0.0 1.0 0.4000000059604645
v 0.048408228904008865 -0.04431698098778725 0.30520692467689514 0.0 1.0 0.4000000059604645
v -0.06972673535346985 0.24168111383914948 0.24450115859508514 0.0 1.0 0.4000000059604645
v 0.009856023825705051 0.630488932132721 -0.04614238813519478 0.0 1.0 0.4000000059604645
v 0.7337571382522583 0.08051826804876328 -0.3598124384880066 0.0 1.0 0.4000000059604645
v -0.06696677207946777 0.37354952096939087 0.16692230105400085 0.0 1.0 0.4000000059604645
v 0.35868099331855774 0.7202077507972717 -0.3995476961135864 0.0 1.0 0.4000000059604645
v -0.057727277278900146 0.6411231160163879 0.006354005541652441 0.0 1.0 0.4000000059604645
v 0.4227663278579712 0.6120396256446838 -0.39340221881866455 0.0 1.0 0.4000000059604645
v 0.41102084517478943 -0.3122986853122711 0.14380498230457306 0.0 1.0 0.4000000059604645
v 0.4464265704154968 -0.4398331344127655 0.18584291636943817 0.0 1.0 0.4000000059604645
v 0.7503243088722229 0.03486860170960426 -0.34813952445983887 0.0 1.0 0.4000000059604645
v 0.29355475306510925 -0.32225415110588074 0.25126346945762634 0.0 1.0 0.4000000059604645
v 0.28340715169906616 0.7649402618408203 -0.35982945561408997 0.0 1.0 0.4000000059604645
v 0.07757516205310822 0.3527153730392456 0.05355840548872948 0.0 1.0 0.4000000059604645
v 0.8450799584388733 -0.2292727530002594 -0.27963805198669434 0.0 1.0 0.4000000059604645
v -0.0495077408850193 0.5492257475852966 0.051629066467285156 0.0 1.0 0.4000000059604645
v 0.8645336627960205 -0.13223019242286682 -0.3518250584602356 0.0 1.0 0.4000000059604645
v 0.06400227546691895 0.7477389574050903 -0.15991152822971344 0.0 1.0 0.4000000059604645
v 0.1467393934726715 -0.2442646473646164 0.33400896191596985 0.0 1.0 0.4000000059604645
v 0.628548800945282 -0.08011312037706375 -0.17706416547298431 0.0 1.0 0.4000000059604645
v -0.04980282112956047 0.2611398994922638 0.21614263951778412 0.0 1.0 0.4000000059604645
v 0.19939808547496796 -0.023159557953476906 0.16231371462345123 0.0 1.0 0.4000000059604645
v -0.059856198728084564 0.47723501920700073 0.10164275020360947 0.0 1.0 0.4000000059604645
v 0.5276128053665161 -0.00701117655262351 -0.13128556311130524 0.0 1.0 0.4000000059604645
v -0.05900184065103531 0.21613869071006775 0.24977175891399384 0.0 1.0 0.4000000059604645
v 0.251577228307724 -0.13514918088912964 0.18095457553863525 0.0 1.0 0.4000000059604645
v -0.08371219784021378 0.4618186354637146 0.1311034858226776 0.0 1.0 0.4000000059604645
v 0.29137122631073 -0.27121999859809875 0.22405731678009033 0.0 1.0 0.4000000059604645
v 0.25209611654281616 0.735592246055603 -0.3159656822681427 0.0 1.0 0.4000000059604645
v -0.016067689284682274 0.4112827181816101 0.10130485147237778 0.0 1.0 0.4000000059604645
v 0.13710223138332367 -0.09919396042823792 0.25964444875717163 0.0 1.0 0.4000000059604645
v 0.038292016834020615 0.28318145871162415 0.12724266946315765 0.0 1.0 0.4000000059604645
v 0.024356937035918236 0.49534720182418823 0.018346615135669708 0.0 1.0 0.4000000059604645
v 0.10928770899772644 -0.22876158356666565 0.3576207756996155 0.0 1.0 0.4000000059604645
v 0.510648250579834 -0.11876250058412552 -0.05286885425448418 0.0 1.0 0.4000000059604645
v 0.1566200852394104 0.47196558117866516 -0.08292544633150101 0.0 1.0 0.4000000059604645
v 0.7632036805152893 -0.1104431301355362 -0.2764468789100647 0.0 1.0 0.4000000059604645
v -0.271687388420105 0.46292516589164734 0.29334956407546997 0.0 1.0 0.4000000059604645
v 0.7694301009178162 -0.22251397371292114 -0.2179425060749054 0.0 1.0 0.4000000059604645
v 0.1918611079454422 -0.12347813695669174 0.2260430008172989 0.0 1.0 0.4000000059604645
v -0.21388857066631317 0.5929476022720337 0.16913308203220367 0.0 1.0 0.4000000059604645
v -0.19315043091773987 0.49311888217926025 0.20808322727680206 0.0 1.0 0.4000000059604645
v -0.10363166779279709 0.1074124351143837 0.3504351079463959 0.0 1.0 0.4000000059604645
v 0.2624942660331726 0.5207815766334534 -0.20249688625335693 0.0 1.0 0.4000000059604645
v 0.5431253910064697 -0.1305312216281891 -0.07429949939250946 0.0 1.0 0.4000000059604645
v -0.21362479031085968 0.2963784635066986 0.3379993438720703 0.0 1.0 0.4000000059604645
v 0.6738492846488953 -0.3467453718185425 -0.06429050862789154 0.0 1.0 0.4000000059604645
v 0.8188196420669556 -0.2587994635105133 -0.24004875123500824 0.0 1.0 0.4000000059604645
v 0.16040094196796417 -0.312721312046051 0.3612034320831299 0.0 1.0 0.4000000059604645
v 0.1589120626449585 -0.2544202506542206 0.3292520046234131 0.0 1.0 0.4000000059604645
v 0.27884140610694885 -0.46007946133613586 0.342596173286438 0.0 1.0 0.4000000059604645
v 0.1637340486049652 0.5695788264274597 -0.14474570751190186 0.0 1.0 0.4000000059604645
v -0.03415294364094734 0.6578918099403381 -0.023633716627955437 0.0 1.0 0.4000000059604645
v 0.413506418466568 0.653823971748352 -0.4092028737068176 0.0 1.0 0.4000000059604645
v -0.2133588194847107 0.5155750513076782 0.21278958022594452 0.0 1.0 0.4000000059604645
v 0.08312276005744934 0.6928796172142029 -0.1451999396085739 0.0 1.0 0.4000000059604645
v 0.8088743686676025 -0.12449166178703308 -0.30800962448120117 0.0 1.0 0.4000000059604645
v 0.2936398983001709 -0.4647529125213623 0.33243823051452637 0.0 1.0 0.4000000059604645
v -0.010232865810394287 0.5748156905174255 0.0030074738897383213 0.0 1.0 0.4000000059604645
v -0.06300714612007141 0.6441456079483032 0.009205584414303303 0.0 1.0 0.4000000059604645
v 0.45594334602355957 -0.38988515734672546 0.14911794662475586 0.0 1.0 0.4000000059604645
v 0.0796801745891571 0.5806987285614014 -0.0782548263669014 0.0 1.0 0.4000000059604645
v -0.10714741051197052 0.6143518090248108 0.0644398182630539 0.0 1.0 0.4000000059604645
v 0.45052260160446167 0.5621663331985474 -0.3890162706375122 0.0 1.0 0.4000000059604645
v 0.3297729194164276 -0.31413623690605164 0.21525250375270844 0.0 1.0 0.4000000059604645
v 0.18067032098770142 -0.25092968344688416 0.3084086775779724 0.0 1.0 0.4000000059604645
v -0.1023963913321495 0.5459319353103638 0.09933412075042725 0.0 1.0 0.4000000059604645
v 0.1404632329940796 0.0981888696551323 0.14419043064117432 0.0 1.0 0.4000000059604645
v 0.10978192836046219 0.017498113214969635 0.21678265929222107 0.0 1.0 0.4000000059604645
v 0.2616633474826813 0.6812835335731506 -0.29329028725624084 0.0 1.0 0.4000000059604645
v 0.4546981453895569 -0.08906490355730057 -0.021321788430213928 0.0 1.0 0.4000000059604645
v 0.10124453157186508 0.364032506942749 0.026596633717417717 0.0 1.0 0.4000000059604645
v 0.26099693775177 -0.12402654439210892 0.16645078361034393 0.0 1.0 0.4000000059604645
v 0.23455408215522766 -0.09048878401517868 0.17024078965187073 0.0 1.0 0.4000000059604645
v 0.6909050345420837 0.12795984745025635 -0.3497316837310791 0.0 1.0 0.4000000059604645
v 0.8322901725769043 -0.03168569877743721 -0.3812141418457031 0.0 1.0 0.4000000059604645
v 0.19175152480602264 -0.22247746586799622 0.28258439898490906 0.0 1.0 0.4000000059604645
v 0.5749377608299255 -0.4252653121948242 0.06618420779705048 0.0 1.0 0.4000000059604645
v 0.08501224964857101 0.21735280752182007 0.1242939680814743 0.0 1.0 0.4000000059604645
v 0.47354555130004883 -0.3599528670310974 0.11679946631193161 0.0 1.0 0.4000000059604645
v 0.3984794616699219 -0.24941971898078918 0.11882015317678452 0.0 1.0 0.4000000059604645
v 0.11747467517852783 -0.06880934536457062 0.2593269646167755 0.0 1.0 0.4000000059604645
v -0.011797169223427773 0.7301441431045532 -0.08420070260763168 0.0 1.0 0.4000000059604645
v 0.4692577123641968 -0.13439826667308807 -0.008089660666882992 0.0 1.0 0.4000000059604645
v -0.055788490921258926 0.5989997982978821 0.028691541403532028 0.0 1.0 0.4000000059604645
v 0.24338304996490479 -0.3474065959453583 0.3090774714946747 0.0 1.0 0.4000000059604645
v 0.04547373950481415 -0.054515909403562546 0.3135647475719452 0.0 1.0 0.4000000059604645
v 0.7905957102775574 0.013110881671309471 -0.37062835693359375 0.0 1.0 0.4000000059604645
v -0.08263419568538666 0.615271270275116 0.042675334960222244 0.0 1.0 0.4000000059604645
v 0.010686506517231464 0.16965314745903015 0.2158927619457245 0.0 1.0 0.4000000059604645
v 0.20642556250095367 0.7764603495597839 -0.2996947467327118 0.0 1.0 0.4000000059604645
v -0.12152742594480515 0.48317477107048035 0.15169304609298706 0.0 1.0 0.4000000059604645
v -0.02003282867372036 0.41183722019195557 0.10442440211772919 0.0 1.0 0.4000000059604645
v -0.08201900869607925 0.6412807106971741 0.027312472462654114 0.0 1.0 0.4000000059604645
v 0.7507314682006836 -0.28268325328826904 -0.16743379831314087 0.0 1.0 0.4000000059604645
v 0.4728056788444519 -0.4497825801372528 0.16865874826908112 0.0 1.0 0.4000000059604645
v 0.32043948769569397 -0.46268728375434875 0.308039128780365 0.0 1.0 0.4000000059604645
v 0.8387967348098755 -0.21431761980056763 -0.28272074460983276 0.0 1.0 0.4000000059604645
v 0.5668694972991943 -0.2638872563838959 -0.018837718293070793 0.0 1.0 0.4000000059604645
v 0.37864625453948975 -0.25594693422317505 0.13972687721252441 0.0 1.0 0.4000000059604645
v 0.3524850606918335 -0.2904762029647827 0.18208260834217072 0.0 1.0 0.4000000059604645
v 0.5939642190933228 0.055245302617549896 -0.2242746204137802 0.0 1.0 0.4000000059604645
v 0.7531710863113403 0.13155439496040344 -0.40573352575302124 0.0 1.0 0.4000000059604645
v 0.19410543143749237 0.4530846178531647 -0.104640431702137 0.0 1.0 0.4000000059604645
v 0.32875117659568787 -0.35035914182662964 0.23679104447364807 0.0 1.0 0.4000000059604645
v 0.1171811893582344 0.5376220345497131 -0.0861877053976059 0.0 1.0 0.4000000059604645
v 0.09556343406438828 -0.08960691094398499 0.2901707887649536 0.0 1.0 0.4000000059604645
v 0.6269301176071167 -0.20227670669555664 -0.10600762069225311 0.0 1.0 0.4000000059604645
v 0.151475727558136 0.432917058467865 -0.056203652173280716 0.0 1.0 0.4000000059604645
v 0.480959415435791 -0.12606315314769745 -0.022981394082307816 0.0 1.0 0.4000000059604645
v 0.349579781293869 -0.49426716566085815 0.3007954955101013 0.0 1.0 0.4000000059604645
v 0.6884514093399048 -0.3095550835132599 -0.09814774990081787 0.0 1.0 0.4000000059604645
v 0.5396289825439453 -0.371059387922287 0.06587202847003937 0.0 1.0 0.4000000059604645
v 0.39710181951522827 -0.45521578192710876 0.23735260963439941 0.0 1.0 0.4000000059604645
v 0.31145426630973816 0.5900619029998779 -0.2844213545322418 0.0 1.0 0.4000000059604645
v 0.6374821066856384 -0.3453834652900696 -0.0335555225610733 0.0 1.0 0.4000000059604645
v -0.24277737736701965 0.532805323600769 0.2284560352563858 0.0 1.0 0.4000000059604645
v 0.4653509855270386 -0.5033745765686035 0.20567463338375092 0.0 1.0 0.4000000059604645
v 0.6872809529304504 -0.36570850014686584 -0.06511656939983368 0.0 1.0 0.4000000059604645
v 0.8936683535575867 -0.10032875835895538 -0.3952590227127075 0.0 1.0 0.4000000059604645
v -0.2539162337779999 0.32619619369506836 0.35590994358062744 0.0 1.0 0.4000000059604645
v -0.17926891148090363 0.34176185727119446 0.2823543846607208 0.0 1.0 0.4000000059604645
v -0.14750069379806519 0.28677117824554443 0.28618183732032776 0.0 1.0 0.4000000059604645
v 0.045144543051719666 0.433121919631958 0.03581353276968002 0.0 1.0 0.4000000059604645
v -0.13807359337806702 0.6609455347061157 0.06467042863368988 0.0 1.0 0.4000000059604645
v 0.4077032804489136 -0.3039059340953827 0.14189429581165314 0.0 1.0 0.4000000059604645
v 0.13240347802639008 0.531482458114624 -0.09587696194648743 0.0 1.0 0.4000000059604645
v 0.8677027225494385 -0.03936229646205902 -0.40752148628234863 0.0 1.0 0.4000000059604645
v -0.029097411781549454 0.4188229441642761 0.10829564183950424 0.0 1.0 0.4000000059604645
v -0.11981610208749771 0.40839236974716187 0.19284889101982117 0.0 1.0 0.4000000059604645
v 0.6852526068687439 -0.3491488993167877 -0.07280085235834122 0.0 1.0 0.4000000059604645
v 0.2903693914413452 -0.12772095203399658 0.14310653507709503 0.0 1.0 0.4000000059604645
v 0.7678202390670776 -0.14764532446861267 -0.2592354416847229 0.0 1.0 0.4000000059604645
v 0.15930746495723724 0.44855502247810364 -0.07190601527690887 0.0 1.0 0.4000000059604645
v 0.5825792551040649 -0.000989878666587174 -0.1823461353778839 0.0 1.0 0.4000000059604645
v 0.2679716646671295 0.8673753142356873 -0.404860258102417 0.0 1.0 0.4000000059604645
v 0.5736304521560669 -0.2983536124229431 -0.005044267047196627 0.0 1.0 0.4000000059604645
v 0.2740373909473419 0.5304502844810486 -0.21801155805587769 0.0 1.0 0.4000000059604645
v -0.08765684068202972 0.5310744643211365 0.09503386169672012 0.0 1.0 0.4000000059604645
v 0.5095659494400024 -0.06842934340238571 -0.08062949031591415 0.0 1.0 0.4000000059604645
v 0.04396083950996399 0.4229094088077545 0.04266204684972763 0.0 1.0 0.4000000059604645
v 0.3259969651699066 -0.5667515993118286 0.362557977437973 0.0 1.0 0.4000000059604645
v 0.18579982221126556 -0.08875197172164917 0.21149517595767975 0.0 1.0 0.4000000059604645
v 0.6471527218818665 -0.2947801351547241 -0.0707874596118927 0.0 1.0 0.4000000059604645
v -0.20609766244888306 0.4239068627357483 0.258764386177063 0.0 1.0 0.4000000059604645
v 0.006282516289502382 0.6424093842506409 -0.049842674285173416 0.0 1.0 0.4000000059604645
v 0.2830217480659485 -0.4972313344478607 0.3601568341255188 0.0 1.0 0.4000000059604645
v -0.11319802701473236 0.5078407526016235 0.13041198253631592 0.0 1.0 0.4000000059604645
v -0.2631995677947998 0.3832027018070221 0.3314504027366638 0.0 1.0 0.4000000059604645
v 0.05700186640024185 0.03390635550022125 0.25316011905670166 0.0 1.0 0.4000000059604645
v 0.004926036112010479 0.08431088179349899 0.26954370737075806 0.0 1.0 0.4000000059604645
v 0.004250532481819391 0.696082353591919 -0.0786847248673439 0.0 1.0 0.4000000059604645
v -0.010750547051429749 0.5617817044258118 0.010887622833251953 0.0 1.0 0.4000000059604645
v 0.29757803678512573 -0.14671854674816132 0.1476922482252121 0.0 1.0 0.4000000059604645
v 0.12062963098287582 0.6328486800193787 -0.1434711068868637 0.0 1.0 0.4000000059604645
v -0.0838131457567215 0.07340401411056519 0.3526533246040344 0.0 1.0 0.4000000059604645
v 0.115956611931324 0.05009172856807709 0.19284850358963013 0.0 1.0 0.4000000059604645
v -0.0674409493803978 0.5020096302032471 0.09408904612064362 0.0 1.0 0.4000000059604645
v 0.22790852189064026 0.8215386271476746 -0.3440115749835968 0.0 1.0 0.4000000059604645
v -0.15468232333660126 0.296753466129303 0.28671297430992126 0.0 1.0 0.4000000059604645
v 0.9302836060523987 -0.1831616312265396 -0.3797566294670105 0.0 1.0 0.4000000059604645
v 0.08145417273044586 0.5865353345870972 -0.08311980217695236 0.0 1.0 0.4000000059604645
v 0.6147623658180237 -0.11976362764835358 -0.14251096546649933 0.0 1.0 0.4000000059604645
v -0.11551102995872498 0.11546248197555542 0.3561384677886963 0.0 1.0 0.4000000059604645
v 0.047228213399648666 0.5148204565048218 -0.012573993764817715 0.0 1.0 0.4000000059604645
v 0.8611048460006714 -0.20679618418216705 -0.3063387870788574 0.0 1.0 0.4000000059604645
v 0.6208115220069885 0.004584218841046095 -0.2186518758535385 0.0 1.0 0.4000000059604645
v 0.39211663603782654 -0.3352722227573395 0.17328393459320068 0.0 1.0 0.4000000059604645
v 0.8651847243309021 -0.05570712313055992 -0.39602038264274597 0.0 1.0 0.4000000059604645
v -0.2664727568626404 0.4016371965408325 0.3237757682800293 0.0 1.0 0.4000000059604645
v 0.6922237873077393 0.11832666397094727 -0.34538179636001587 0.0 1.0 0.4000000059604645
v -0.1556740552186966 0.42941731214523315 0.21193136274814606 0.0 1.0 0.4000000059604645
v 0.030775250867009163 0.5595162510871887 -0.0238020196557045 0.0 1.0 0.4000000059604645
v 0.2642327845096588 0.766191840171814 -0.34392881393432617 0.0 1.0 0.4000000059604645
v 0.42244017124176025 -0.34030842781066895 0.14988067746162415 0.0 1.0 0.4000000059604645
v 0.6711605191230774 -0.26006102561950684 -0.1113855317234993 0.0 1.0 0.4000000059604645
v -0.04457762464880943 0.19255226850509644 0.2507217228412628 0.0 1.0 0.4000000059604645
v -0.05190414562821388 0.021542390808463097 0.35457471013069153 0.0 1.0 0.4000000059604645
v -0.2345612496137619 0.4741843044757843 0.25476086139678955 0.0 1.0 0.4000000059604645
v 0.056417327374219894 -0.05355100706219673 0.3035321533679962 0.0 1.0 0.4000000059604645
v 0.1741284430027008 -0.12937487661838531 0.24477016925811768 0.0 1.0 0.4000000059604645
v 0.8208732008934021 -0.286234587430954 -0.2261853963136673 0.0 1.0 0.4000000059604645
v 0.5944200754165649 -0.06070036068558693 -0.1585608720779419 0.0 1.0 0.4000000059604645
v 0.5327490568161011 -0.2823311388492584 0.02124316431581974 0.0 1.0 0.4000000059604645
v -0.2084222137928009 0.353212833404541 0.3010861575603485 0.0 1.0 0.4000000059604645
v -0.233901709318161 0.5621063709259033 0.20405885577201843 0.0 1.0 0.4000000059604645
v 0.012377208098769188 0.2673085629940033 0.1587476134300232 0.0 1.0 0.4000000059604645
v 0.2698217034339905 -0.25691890716552734 0.23457551002502441 0.0 1.0 0.4000000059604645
v 0.2658511996269226 0.7207249402999878 -0.31940728425979614 0.0 1.0 0.4000000059604645
v 0.17868688702583313 -0.08532778173685074 0.21570603549480438 0.0 1.0 0.4000000059604645
v 0.6360750794410706 -0.11610641330480576 -0.16306328773498535 0.0 1.0 0.4000000059604645
v -0.15753325819969177 0.4600110948085785 0.1960986703634262 0.0 1.0 0.4000000059604645
v -0.17835283279418945 0.3751264214515686 0.2625371217727661 0.0 1.0 0.4000000059604645
v 0.3114566504955292 -0.17421965301036835 0.15134696662425995 0.0 1.0 0.4000000059604645
v 0.3436651825904846 -0.2887893617153168 0.1887631118297577 0.0 1.0 0.4000000059604645
v 0.003780971746891737 0.49767088890075684 0.03485039994120598 0.0 1.0 0.4000000059604645
v -0.3097809851169586 0.5302889347076416 0.2879481911659241 0.0 1.0 0.4000000059604645
v 0.5281895995140076 -0.09000897407531738 -0.0844624787569046 0.0 1.0 0.4000000059604645
v -0.12948627769947052 0.3815130889415741 0.2165536880493164 0.0 1.0 0.4000000059604645
v 0.16758328676223755 0.7573034763336182 -0.25511595606803894 0.0 1.0 0.4000000059604645
v 0.1234343945980072 0.02390933223068714 0.2012975662946701 0.0 1.0 0.4000000059604645
v 0.06006395071744919 -0.045673586428165436 0.2958809733390808 0.0 1.0 0.4000000059604645
v -0.23027822375297546 0.37065839767456055 0.310077041387558 0.0 1.0 0.4000000059604645
v 0.6473439335823059 -0.03914053738117218 -0.2167111486196518 0.0 1.0 0.4000000059604645
v -0.13352327048778534 0.5847601294517517 0.10416631400585175 0.0 1.0 0.4000000059604645
v 0.35391685366630554 0.7372136116027832 -0.40511587262153625 0.0 1.0 0.4000000059604645
v 0.3254646956920624 0.8041061162948608 -0.41860270500183105 0.0 1.0 0.4000000059604645
v -0.018652772530913353 0.5975224375724792 -0.0026435176841914654 0.0 1.0 0.4000000059604645
v 0.016758117824792862 0.2501492500305176 0.1647353619337082 0.0 1.0 0.4000000059604645
v 0.0454762727022171 0.13894987106323242 0.20325416326522827 0.0 1.0 0.4000000059604645
v 0.56082683801651 -0.06024107709527016 -0.12971478700637817 0.0 1.0 0.4000000059604645
v 0.4303823411464691 -0.13614684343338013 0.026592109352350235 0.0 1.0 0.4000000059604645
v 0.35577094554901123 0.7162926197052002 -0.39479392766952515 0.0 1.0 0.4000000059604645
v 0.4574172794818878 0.5893092155456543 -0.4104664623737335 0.0 1.0 0.4000000059604645
v 0.014632641337811947 0.37403351068496704 0.09594196081161499 0.0 1.0 0.4000000059604645
v 0.4011751115322113 0.6574170589447021 -0.4005666971206665 0.0 1.0 0.4000000059604645
v 0.1904262751340866 -0.19218973815441132 0.2664635479450226 0.0 1.0 0.4000000059604645
v 0.8643947839736938 -0.2531143128871918 -0.282780259847641 0.0 1.0 0.4000000059604645
v 0.43750569224357605 -0.0453125536441803 -0.031371135264635086 0.0 1.0 0.4000000059604645
v 0.11895917356014252 0.41020917892456055 -0.015081317164003849 0.0 1.0 0.4000000059604645
v -0.22678087651729584 0.5290985703468323 0.21670882403850555 0.0 1.0 0.4000000059604645
v 0.4452901780605316 -0.16409027576446533 0.029607247561216354 0.0 1.0 0.4000000059604645
v 0.18500037491321564 0.7716171145439148 -0.27836874127388 0.0 1.0 0.4000000059604645
v 0.0237128846347332 0.6273875832557678 -0.05638079345226288 0.0 1.0 0.4000000059604645
v -0.22543831169605255 0.3679703176021576 0.30741602182388306 0.0 1.0 0.4000000059604645
v 0.28915712237358093 -0.4309186637401581 0.3170311748981476 0.0 1.0 0.4000000059604645
v -0.09614934772253036 0.4006657302379608 0.17674759030342102 0.0 1.0 0.4000000059604645
v 0.8172142505645752 -0.11223902553319931 -0.3222220838069916 0.0 1.0 0.4000000059604645
v -0.1555185765028 0.5713226199150085 0.1308864802122116 0.0 1.0 0.4000000059604645
v 0.17128506302833557 0.49406570196151733 -0.10823320597410202 0.0 1.0 0.4000000059604645
v 0.35610610246658325 -0.1873563975095749 0.12014924734830856 0.0 1.0 0.4000000059604645
v 0.7550061345100403 -0.30253270268440247 -0.15982012450695038 0.0 1.0 0.4000000059604645
v 0.11779730767011642 0.5279324650764465 -0.0811968669295311 0.0 1.0 0.4000000059604645
v 0.31897610425949097 -0.25951358675956726 0.19346356391906738 0.0 1.0 0.4000000059604645
v -0.26619794964790344 0.49495136737823486 0.2703326940536499 0.0 1.0 0.4000000059604645
v -0.12578758597373962 0.574571967124939 0.10327247530221939 0.0 1.0 0.4000000059604645
v 0.03893480822443962 0.5175713896751404 -0.0069564166478812695 0.0 1.0 0.4000000059604645
v -0.022079557180404663 0.6351907849311829 -0.021151630207896233 0.0 1.0 0.4000000059604645
v 0.9129018783569336 -0.1465066820383072 -0.3855952024459839 0.0 1.0 0.4000000059604645
v 0.7162922024726868 -0.21005219221115112 -0.17900486290454865 0.0 1.0 0.4000000059604645
v -0.09082049876451492 0.45608949661254883 0.14052927494049072 0.0 1.0 0.4000000059604645
v 0.30830997228622437 -0.3996153473854065 0.28258734941482544 0.0 1.0 0.4000000059604645
v 0.8694901466369629 -0.2232818454504013 -0.3042048513889313 0.0 1.0 0.4000000059604645
v 0.7300129532814026 -0.17529572546482086 -0.21071070432662964 0.0 1.0 0.4000000059604645
v 0.6278674602508545 -0.13168294727802277 -0.1470702439546585 0.0 1.0 0.4000000059604645
v 0.20103149116039276 0.7416519522666931 -0.27517417073249817 0.0 1.0 0.4000000059604645
v -0.11440105736255646 0.6308261156082153 0.06133183464407921 0.0 1.0 0.4000000059604645
v 0.012848062440752983 0.2306791990995407 0.17922459542751312 0.0 1.0 0.4000000059604645
v -0.19580130279064178 0.5396052002906799 0.18387503921985626 0.0 1.0 0.4000000059604645
v -0.11500725150108337 0.12955601513385773 0.3476662337779999 0.0 1.0 0.4000000059604645
v -0.08984176069498062 0.3621244430541992 0.19325727224349976 0.0 1.0 0.4000000059604645
v 0.21423982083797455 0.46133047342300415 -0.12678804993629456 0.0 1.0 0.4000000059604645
v 0.25725674629211426 -0.2704073190689087 0.2531535029411316 0.0 1.0 0.4000000059604645
v 0.35087358951568604 -0.31919533014297485 0.19985371828079224 0.0 1.0 0.4000000059604645
v -0.29879385232925415 0.5133369565010071 0.28809353709220886 0.0 1.0 0.4000000059604645
v 0.15633103251457214 -0.21648648381233215 0.3098597228527069 0.0 1.0 0.4000000059604645
v -0.01575544662773609 -0.04087267071008682 0.3588397204875946 0.0 1.0 0.4000000059604645
v 0.09895145148038864 -0.20097608864307404 0.35073450207710266 0.0 1.0 0.4000000059604645
v 0.033967193216085434 0.45703208446502686 0.03186563774943352 0.0 1.0 0.4000000059604645
v 0.17886117100715637 0.4310641884803772 -0.07887618243694305 0.0 1.0 0.4000000059604645
v 0.7772507667541504 -0.18424156308174133 -0.24654076993465424 0.0 1.0 0.4000000059604645
v 0.030416032299399376 -0.09936121106147766 0.35218140482902527 0.0 1.0 0.4000000059604645
v 0.40004390478134155 0.633056640625 -0.3856969177722931 0.0 1.0 0.4000000059604645
v 0.23507148027420044 0.8792803287506104 -0.38314077258110046 0.0 1.0 0.4000000059604645
v 0.06309136003255844 -0.015360694378614426 0.2759742736816406 0.0 1.0 0.4000000059604645
v 0.6866365671157837 0.10542245954275131 -0.3331829607486725 0.0 1.0 0.4000000059604645
v 0.46904900670051575 -0.4896886646747589 0.19466710090637207 0.0 1.0 0.4000000059604645
v 0.2639451026916504 0.8207860589027405 -0.37480753660202026 0.0 1.0 0.4000000059604645
v 0.1820317953824997 0.4606386721134186 -0.09848594665527344 0.0 1.0 0.4000000059604645
v 0.7544270157814026 -0.2954649031162262 -0.1633482128381729 0.0 1.0 0.4000000059604645
v 0.3623739778995514 -0.4607549011707306 0.27060186862945557 0.0 1.0 0.4000000059604645
v 0.1145569458603859 0.016457010060548782 0.21323880553245544 0.0 1.0 0.4000000059604645
v 0.18992502987384796 0.05274549871683121 0.12724314630031586 0.0 1.0 0.4000000059604645
v -0.06017288938164711 0.15779805183410645 0.28405052423477173 0.0 1.0 0.4000000059604645
v 0.5593660473823547 0.014112924225628376 -0.1708434522151947 0.0 1.0 0.4000000059604645
v 0.4336065649986267 0.6215649247169495 -0.4082261025905609 0.0 1.0 0.4000000059604645
v 0.5706680417060852 -0.00887261051684618 -0.16753076016902924 0.0 1.0 0.4000000059604645
v 0.32242122292518616 -0.43675899505615234 0.29153841733932495 0.0 1.0 0.4000000059604645
v -0.06654524803161621 0.26094359159469604 0.2307615727186203 0.0 1.0 0.4000000059604645
v 0.2890103757381439 0.723118245601654 -0.34083887934684753 0.0 1.0 0.4000000059604645
v -0.18504869937896729 0.4852205514907837 0.2055666148662567 0.0 1.0 0.4000000059604645
v 0.0864773690700531 0.016062792390584946 0.23779399693012238 0.0 1.0 0.4000000059604645
v -0.11207424104213715 0.6270164847373962 0.0614878349006176 0.0 1.0 0.4000000059604645
v 0.34965208172798157 -0.24469247460365295 0.15843284130096436 0.0 1.0 0.4000000059604645
v 0.19362227618694305 0.7912445068359375 -0.29703041911125183 0.0 1.0 0.4000000059604645
v -0.2635785639286041 0.5297433137893677 0.24822571873664856 0.0 1.0 0.4000000059604645
v -0.05495891347527504 0.26881012320518494 0.21623696386814117 0.0 1.0 0.4000000059604645
v 0.3374204933643341 -0.35576358437538147 0.23236070573329926 0.0 1.0 0.4000000059604645
v 0.44458243250846863 -0.323845773935318 0.12130829691886902 0.0 1.0 0.4000000059604645
v -0.017952239140868187 -0.028255363926291466 0.35354918241500854 0.0 1.0 0.4000000059604645
v 0.5129755735397339 -0.3973862826824188 0.1039774939417839 0.0 1.0 0.4000000059604645
v -0.06528795510530472 0.5883486866950989 0.04299556836485863 0.0 1.0 0.4000000059604645
v 0.08003512769937515 0.627386212348938 -0.10518219321966171 0.0 1.0 0.4000000059604645
v -0.18653739988803864 0.3679732382297516 0.27370744943618774 0.0 1.0 0.4000000059604645
v 0.4803617298603058 -0.39542970061302185 0.1311211884021759 0.0 1.0 0.4000000059604645
v 0.2363196164369583 0.6946011781692505 -0.27892374992370605 0.0 1.0 0.4000000059604645
v 0.45154091715812683 -0.06696178019046783 -0.031188644468784332 0.0 1.0 0.4000000059604645
v 0.13721303641796112 0.09893468767404556 0.14658142626285553 0.0 1.0 0.4000000059604645
v 0.3422900438308716 -0.392282634973526 0.2489633709192276 0.0 1.0 0.4000000059604645
v 0.7170930504798889 0.11654987186193466 -0.36591747403144836 0.0 1.0 0.4000000059604645
v 0.3682137429714203 -0.4361715018749237 0.25152507424354553 0.0 1.0 0.4000000059604645
v 0.28601086139678955 0.5741156935691833 -0.2532830834388733 0.0 1.0 0.4000000059604645
v 0.26830536127090454 0.8209829926490784 -0.3786979019641876 0.0 1.0 0.4000000059604645
v -0.08926153182983398 0.6606766581535339 0.022529011592268944 0.0 1.0 0.4000000059604645
v -0.04317798465490341 0.47516492009162903 0.08837170153856277 0.0 1.0 0.4000000059604645
v 0.31508785486221313 -0.25417035818099976 0.19378609955310822 0.0 1.0 0.4000000059604645
v -0.23224027454853058 0.30169549584388733 0.3510977029800415 0.0 1.0 0.4000000059604645
v 0.02638942375779152 0.3973616659641266 0.07245392352342606 0.0 1.0 0.4000000059604645
v 0.733437716960907 -0.28459471464157104 -0.15135923027992249 0.0 1.0 0.4000000059604645
v -0.2608707845211029 0.45697838068008423 0.2873678505420685 0.0 1.0 0.4000000059604645
v -0.12154185026884079 0.3214462697505951 0.2439182847738266 0.0 1.0 0.4000000059604645
v 0.37446272373199463 0.7028388381004333 -0.40331903100013733 0.0 1.0 0.4000000059604645
v 0.5786522626876831 0.023061860352754593 -0.19265702366828918 0.0 1.0 0.4000000059604645
v 0.6727356314659119 -0.1175619512796402 -0.1939990222454071 0.0 1.0 0.4000000059604645
v 0.14870049059391022 0.07960575073957443 0.14764854311943054 0.0 1.0 0.4000000059604645
v 0.001164367189630866 0.2834284007549286 0.15927228331565857 0.0 1.0 0.4000000059604645
v 0.41730833053588867 -0.05837639048695564 -0.006421885918825865 0.0 1.0 0.4000000059604645
v 0.22920775413513184 -0.18682390451431274 0.22980068624019623 0.0 1.0 0.4000000059604645
v -0.19325245916843414 0.5985854268074036 0.14803777635097504 0.0 1.0 0.4000000059604645
v -0.19128680229187012 0.5279855728149414 0.18658846616744995 0.0 1.0 0.4000000059604645
v 0.2222413718700409 0.5929766893386841 -0.20878198742866516 0.0 1.0 0.4000000059604645
v 0.6083269715309143 -0.010367386974394321 -0.19930927455425262 0.0 1.0 0.4000000059604645
v 0.4265041947364807 -0.1467089205980301 0.035974644124507904 0.0 1.0 0.4000000059604645
v 0.11649744212627411 0.6677113771438599 -0.15976831316947937 0.0 1.0 0.4000000059604645
v 0.09808381646871567 0.6870217323303223 -0.1548234075307846 0.0 1.0 0.4000000059604645
v 0.0013848558301106095 0.02680089697241783 0.305402547121048 0.0 1.0 0.4000000059604645
v 0.7530565857887268 0.049358878284692764 -0.35876891016960144 0.0 1.0 0.4000000059604645
v -0.04105396941304207 0.16730903089046478 0.2620614767074585 0.0 1.0 0.4000000059604645
v -0.21616287529468536 0.3374389708042145 0.31678709387779236 0.0 1.0 0.4000000059604645
v 0.7059924006462097 -0.08645118027925491 -0.2405538260936737 0.0 1.0 0.4000000059604645
v -0.17529001832008362 0.6307728290557861 0.11412134766578674 0.0 1.0 0.4000000059604645
v 0.675312340259552 -0.13990333676338196 -0.18349334597587585 0.0 1.0 0.4000000059604645
v 0.01484015304595232 0.42845094203948975 0.06473496556282043 0.0 1.0 0.4000000059604645
v 0.15420393645763397 0.06875620782375336 0.1490659862756729 0.0 1.0 0.4000000059604645
v 0.19262182712554932 -0.08152831345796585 0.20146532356739044 0.0 1.0 0.4000000059604645
v 0.08043743669986725 0.5017792582511902 -0.033913467079401016 0.0 1.0 0.4000000059604645
v -0.04619782045483589 0.12780943512916565 0.2890399992465973 0.0 1.0 0.4000000059604645
v -0.09180031716823578 0.3827442526817322 0.1831975281238556 0.0 1.0 0.4000000059604645
v 0.32602325081825256 -0.32608762383461 0.22531583905220032 0.0 1.0 0.4000000059604645
v 0.3705439865589142 -0.27914929389953613 0.15997663140296936 0.0 1.0 0.4000000059604645
v 0.39912107586860657 0.5694651007652283 -0.3486393392086029 0.0 1.0 0.4000000059604645
v 0.09201766550540924 -0.011848598718643188 0.248907670378685 0.0 1.0 0.4000000059604645
v 0.8149995803833008 0.019780613481998444 -0.39557671546936035 0.0 1.0 0.4000000059604645
v 0.8023152947425842 -0.001579789211973548 -0.3724069893360138 0.0 1.0 0.4000000059604645
v 0.3626178205013275 0.608604907989502 -0.33932629227638245 0.0 1.0 0.4000000059604645
v 0.8695606589317322 -0.15495100617408752 -0.3432261347770691 0.0 1.0 0.4000000059604645
v 0.7454781532287598 -0.03369543328881264 -0.30484724044799805 0.0 1.0 0.4000000059604645
v -0.3006878197193146 0.5237405896186829 0.2838027775287628 0.0 1.0 0.4000000059604645
v 0.1992480605840683 0.02649611607193947 0.134131520986557 0.0 1.0 0.4000000059604645
v -0.1396716982126236 0.42718902230262756 0.19933612644672394 0.0 1.0 0.4000000059604645
v 0.5845913887023926 -0.17117585241794586 -0.08705468475818634 0.0 1.0 0.4000000059604645
v 0.7514939308166504 0.1407991498708725 -0.40955138206481934 0.0 1.0 0.4000000059604645
v 0.2359265238046646 -0.31942883133888245 0.29958632588386536 0.0 1.0 0.4000000059604645
v 0.21612399816513062 0.7144269347190857 -0.27272865176200867 0.0 1.0 0.4000000059604645
v 0.04909232631325722 0.5753571391105652 -0.04870539531111717 0.0 1.0 0.4000000059604645
v -0.01629781909286976 0.03361683338880539 0.31683799624443054 0.0 1.0 0.4000000059604645
v 0.5373213291168213 -0.03513801470398903 -0.12366071343421936 0.0 1.0 0.4000000059604645
v -0.008978432975709438 0.040259238332509995 0.30670857429504395 0.0 1.0 0.4000000059604645
v 0.27707210183143616 0.4923526346683502 -0.19891895353794098 0.0 1.0 0.4000000059604645
v -0.2751579284667969 0.4026161730289459 0.33074313402175903 0.0 1.0 0.4000000059604645
v -0.05103740841150284 0.6005781292915344 0.023674890398979187 0.0 1.0 0.4000000059604645
v 0.35470372438430786 -0.5294297337532043 0.3164043128490448 0.0 1.0 0.4000000059604645
v 0.35215842723846436 -0.15063795447349548 0.10263406485319138 0.0 1.0 0.4000000059604645
v 0.5274147391319275 -0.4158981442451477 0.10202116519212723 0.0 1.0 0.4000000059604645
v 0.8980112671852112 -0.16272570192813873 -0.3634451925754547 0.0 1.0 0.4000000059604645
v 0.14001908898353577 0.7583138346672058 -0.2318081557750702 0.0 1.0 0.4000000059604645
v 0.4924386441707611 -0.18116909265518188 -0.0015081873862072825 0.0 1.0 0.4000000059604645
v 0.34520334005355835 0.6329861283302307 -0.3381384015083313 0.0 1.0 0.4000000059604645
v 0.7173909544944763 -0.08093929290771484 -0.2535732090473175 0.0 1.0 0.4000000059604645
v 0.376823365688324 -0.4117831587791443 0.23015952110290527 0.0 1.0 0.4000000059604645
v 0.3676532506942749 -0.19096916913986206 0.11220373958349228 0.0 1.0 0.4000000059604645
v -0.14374908804893494 0.4868742823600769 0.16883835196495056 0.0 1.0 0.4000000059604645
v -0.11540299654006958 0.32145994901657104 0.2385912835597992 0.0 1.0 0.4000000059604645
v 0.6272793412208557 -0.07493569701910019 -0.17891623079776764 0.0 1.0 0.4000000059604645
v 0.7688369750976562 -0.16361796855926514 -0.2510093152523041 0.0 1.0 0.4000000059604645
v -0.09998165816068649 0.14181801676750183 0.3276554048061371 0.0 1.0 0.4000000059604645
v 0.3971927762031555 -0.3867858350276947 0.19825707376003265 0.0 1.0 0.4000000059604645
v 0.22954566776752472 -0.16738523542881012 0.21842455863952637 0.0 1.0 0.4000000059604645
v -0.07802176475524902 0.5256646275520325 0.08976975828409195 0.0 1.0 0.4000000059604645
v -0.05749844014644623 0.35509613156318665 0.16923972964286804 0.0 1.0 0.4000000059604645
v -0.1164974570274353 0.6642033457756042 0.04411763325333595 0.0 1.0 0.4000000059604645
v 0.10841803252696991 0.004533224273473024 0.22535663843154907 0.0 1.0 0.4000000059604645
v 0.14332802593708038 0.7222923636436462 -0.21413692831993103 0.0 1.0 0.4000000059604645
v 0.6473862528800964 -0.1426219791173935 -0.1577458381652832 0.0 1.0 0.4000000059604645
v 0.3880898058414459 -0.3883415460586548 0.20703166723251343 0.0 1.0 0.4000000059604645
v 0.7481354475021362 -0.1444641351699829 -0.24399274587631226 0.0 1.0 0.4000000059604645
v 0.23716427385807037 0.7386115789413452 -0.3047490417957306 0.0 1.0 0.4000000059604645
v 0.8025011420249939 0.008920426480472088 -0.37855491042137146 0.0 1.0 0.4000000059604645
v 0.4628787338733673 -0.34584420919418335 0.11799773573875427 0.0 1.0 0.4000000059604645
v -0.20019283890724182 0.5542462468147278 0.17933233082294464 0.0 1.0 0.4000000059604645
v -0.044417932629585266 0.39673420786857605 0.1341649293899536 0.0 1.0 0.4000000059604645
v 0.7011420130729675 -0.2507469058036804 -0.14267456531524658 0.0 1.0 0.4000000059604645
v 0.48697546124458313 -0.33641669154167175 0.0917430892586708 0.0 1.0 0.4000000059604645
v -0.004256983287632465 0.3199422359466553 0.1431506872177124 0.0 1.0 0.4000000059604645
v 0.17405802011489868 0.5800060033798218 -0.1596364974975586 0.0 1.0 0.4000000059604645
v 0.060684315860271454 -0.11675956845283508 0.3358745276927948 0.0 1.0 0.4000000059604645
v 0.31842586398124695 -0.44710150361061096 0.3008973300457001 0.0 1.0 0.4000000059604645
v 0.6664134860038757 -0.31599706411361694 -0.07537928968667984 0.0 1.0 0.4000000059604645
v -0.19502857327461243 0.36626917123794556 0.2820364832878113 0.0 1.0 0.4000000059604645
v 0.18417896330356598 -0.09991873055696487 0.21926656365394592 0.0 1.0 0.4000000059604645
v 0.31835922598838806 0.5991235375404358 -0.2955710291862488 0.0 1.0 0.4000000059604645
v 0.10992074012756348 0.122187539935112 0.15697160363197327 0.0 1.0 0.4000000059604645
v 0.23919005692005157 -0.2770000696182251 0.27256694436073303 0.0 1.0 0.4000000059604645
v 0.20391394197940826 0.8601980805397034 -0.34526321291923523 0.0 1.0 0.4000000059604645
v 0.23915717005729675 -0.11776620894670486 0.1818050742149353 0.0 1.0 0.4000000059604645
v 0.6387401819229126 -0.3026842772960663 -0.0589914470911026 0.0 1.0 0.4000000059604645
v 0.40568965673446655 -0.5308080315589905 0.27301183342933655 0.0 1.0 0.4000000059604645
v 0.2749710977077484 0.46485635638237 -0.18142090737819672 0.0 1.0 0.4000000059604645
v 0.13907554745674133 0.5851556062698364 -0.1322609782218933 0.0 1.0 0.4000000059604645
v -0.20303960144519806 0.6128878593444824 0.14836332201957703 0.0 1.0 0.4000000059604645
v 0.30618804693222046 -0.163158118724823 0.1496051698923111 0.0 1.0 0.4000000059604645
v 0.07754907757043839 -0.015208316035568714 0.26336005330085754 0.0 1.0 0.4000000059604645
v -0.12425363063812256 0.2296091467142105 0.2986307740211487 0.0 1.0 0.4000000059604645
v 0.2767026126384735 -0.11320788413286209 0.14667361974716187 0.0 1.0 0.4000000059604645
v 0.6976577639579773 -0.2612818479537964 -0.1336488276720047 0.0 1.0 0.4000000059604645
v 0.3264695703983307 0.6551042795181274 -0.33451706171035767 0.0 1.0 0.4000000059604645
v -0.021798357367515564 0.40112194418907166 0.11206372827291489 0.0 1.0 0.4000000059604645
v 0.03476444631814957 0.6140609383583069 -0.05835829675197601 0.0 1.0 0.4000000059604645
v 0.5672067999839783 -0.3207062780857086 0.013266526162624359 0.0 1.0 0.4000000059604645
v 0.9018951058387756 -0.09594284743070602 -0.4048880338668823 0.0 1.0 0.4000000059604645
v 0.5884678363800049 -0.23427414894104004 -0.054436761885881424 0.0 1.0 0.4000000059604645
v 0.5281290411949158 -0.23863624036312103 0.00033279714989475906 0.0 1.0 0.4000000059604645
v 0.022820018231868744 -0.03882434964179993 0.32424691319465637 0.0 1.0 0.4000000059604645
v 0.6459406614303589 0.0015668622218072414 -0.23870538175106049 0.0 1.0 0.4000000059604645
v 0.29295164346694946 0.7201230525970459 -0.34254613518714905 0.0 1.0 0.4000000059604645
v 0.24131226539611816 0.6067984104156494 -0.23318727314472198 0.0 1.0 0.4000000059604645
v 0.8035557270050049 -0.07801710069179535 -0.32989954948425293 0.0 1.0 0.4000000059604645
v 0.07306460291147232 0.4493350386619568 0.002377078402787447 0.0 1.0 0.4000000059604645
v 0.5429387092590332 -0.21435493230819702 -0.026343969628214836 0.0 1.0 0.4000000059604645
v 0.44516807794570923 -0.39426562190055847 0.1609521359205246 0.0 1.0 0.4000000059604645
v 0.6991363167762756 -0.02718300186097622 -0.26840609312057495 0.0 1.0 0.4000000059604645
v 0.4737524688243866 -0.15660162270069122 0.0006754104397259653 0.0 1.0 0.4000000059604645
v 0.024319540709257126 0.6469394564628601 -0.06805434077978134 0.0 1.0 0.4000000059604645
v 0.5796418786048889 -0.3382096290588379 0.012471627444028854 0.0 1.0 0.4000000059604645
v 0.03337281569838524 0.6470812559127808 -0.07597966492176056 0.0 1.0 0.4000000059604645
v 0.21386046707630157 0.7627351880073547 -0.2983112633228302 0.0 1.0 0.4000000059604645
v 0.008081290870904922 0.009556031785905361 0.309432715177536 0.0 1.0 0.4000000059604645
v -0.12321352958679199 0.28077423572540283 0.26855674386024475 0.0 1.0 0.4000000059604645
v -0.06830902397632599 0.6639031171798706 0.002534430241212249 0.0 1.0 0.4000000059604645
v 0.5689804553985596 -0.2140170782804489 -0.04910131171345711 0.0 1.0 0.4000000059604645
v 0.6348327398300171 -0.011284004896879196 -0.22175337374210358 0.0 1.0 0.4000000059604645
v 0.17423422634601593 -0.32920339703559875 0.3586147427558899 0.0 1.0 0.4000000059604645
v 0.1110084056854248 0.0097805792465806 0.22012025117874146 0.0 1.0 0.4000000059604645
v 0.03388160094618797 -0.04994997754693031 0.32100576162338257 0.0 1.0 0.4000000059604645
v 0.5155892968177795 -0.40685945749282837 0.10711406916379929 0.0 1.0 0.4000000059604645
v 0.7040839195251465 -0.360796183347702 -0.0824769139289856 0.0 1.0 0.4000000059604645
v 0.17734985053539276 0.5064716339111328 -0.12056172639131546 0.0 1.0 0.4000000059604645
v 0.5851134061813354 -0.2517966330051422 -0.041539449244737625 0.0 1.0 0.4000000059604645
v 0.8061233162879944 -0.11856283247470856 -0.30900633335113525 0.0 1.0 0.4000000059604645
v -0.008587244898080826 0.4670005142688751 0.06305456161499023 0.0 1.0 0.4000000059604645
v 0.040505629032850266 0.10181939601898193 0.22873181104660034 0.0 1.0 0.4000000059604645
v 0.7370092272758484 -0.17331480979919434 -0.2179023176431656 0.0 1.0 0.4000000059604645
v 0.124842569231987 0.666660487651825 -0.1664000153541565 0.0 1.0 0.4000000059604645
v 0.3515006899833679 -0.5465624332427979 0.3289482295513153 0.0 1.0 0.4000000059604645
v 0.7296870946884155 -0.07529152184724808 -0.2674477696418762 0.0 1.0 0.4000000059604645
v 0.17653930187225342 0.7613937854766846 -0.26520836353302 0.0 1.0 0.4000000059604645
v 0.068874292075634 0.18982507288455963 0.15397270023822784 0.0 1.0 0.4000000059604645
v -0.029721781611442566 0.5816575288772583 0.015993259847164154 0.0 1.0 0.4000000059604645
v 0.13792763650417328 -0.2503916621208191 0.3451376259326935 0.0 1.0 0.4000000059604645
v 0.8002492785453796 -0.14586162567138672 -0.2883516252040863 0.0 1.0 0.4000000059604645
v 0.10188739001750946 0.6783546209335327 -0.1531773954629898 0.0 1.0 0.4000000059604645
v 0.43196117877960205 -0.29740646481513977 0.11716949194669724 0.0 1.0 0.4000000059604645
v 0.7330640554428101 0.1204296201467514 -0.3819681704044342 0.0 1.0 0.4000000059604645
v 0.16674460470676422 -0.19961845874786377 0.29121890664100647 0.0 1.0 0.4000000059604645
v 0.4290693700313568 0.633728563785553 -0.41123008728027344 0.0 1.0 0.4000000059604645
v -0.001587694976478815 0.7309473752975464 -0.09350499510765076 0.0 1.0 0.4000000059604645
v 0.17835065722465515 0.6027341485023499 -0.17631489038467407 0.0 1.0 0.4000000059604645
v -0.13668544590473175 0.49164482951164246 0.159997820854187 0.0 1.0 0.4000000059604645
v -0.2448558658361435 0.3175683319568634 0.3529786765575409 0.0 1.0 0.4000000059604645
v 0.050514087080955505 0.1960424780845642 0.16633650660514832 0.0 1.0 0.4000000059604645
v 0.8049960732460022 -0.25189265608787537 -0.2320089489221573 0.0 1.0 0.4000000059604645
v 0.11768946796655655 0.5986881256103516 -0.12144619226455688 0.0 1.0 0.4000000059604645
v 0.7251225113868713 -0.23038212954998016 -0.1750645935535431 0.0 1.0 0.4000000059604645
v -0.12427093088626862 0.6679553389549255 0.04871390014886856 0.0 1.0 0.4000000059604645
v 0.4035656452178955 -0.07771100848913193 0.01650990918278694 0.0 1.0 0.4000000059604645
v -0.050803691148757935 0.29725387692451477 0.19641877710819244 0.0 1.0 0.4000000059604645
v -0.2316509485244751 0.3982676863670349 0.2955245077610016 0.0 1.0 0.4000000059604645
v 0.16244888305664062 -0.06123083084821701 0.2160366028547287 0.0 1.0 0.4000000059604645
v 0.06229307875037193 0.5015502572059631 -0.01806112937629223 0.0 1.0 0.4000000059604645
v 0.2502704858779907 0.8807271718978882 -0.3971353769302368 0.0 1.0 0.4000000059604645
v -0.11617376655340195 0.19614605605602264 0.3107093572616577 0.0 1.0 0.4000000059604645
v -0.21711841225624084 0.5103992819786072 0.2189982682466507 0.0 1.0 0.4000000059604645
v 0.8057988882064819 -0.11622365564107895 -0.31005892157554626 0.0 1.0 0.4000000059604645
v 0.12481702119112015 0.03612541779875755 0.19313429296016693 0.0 1.0 0.4000000059604645
v 0.4048994481563568 -0.3578718304634094 0.17509348690509796 0.0 1.0 0.4000000059604645
v 0.150490403175354 0.7060283422470093 -0.2110697478055954 0.0 1.0 0.4000000059604645
v -0.1026008278131485 0.6151712536811829 0.06003308668732643 0.0 1.0 0.4000000059604645
v -0.209171861410141 0.2924056053161621 0.3364061713218689 0.0 1.0 0.4000000059604645
v 0.09844475984573364 0.7111658453941345 -0.1689024269580841 0.0 1.0 0.4000000059604645
v -0.13582150638103485 0.17365007102489471 0.34056031703948975 0.0 1.0 0.4000000059604645
v 0.2578890919685364 0.8415197134017944 -0.3813818097114563 0.0 1.0 0.4000000059604645
v -0.0841405838727951 0.5564795136451721 0.07750189304351807 0.0 1.0 0.4000000059604645
v 0.6548428535461426 -0.07202448695898056 -0.20445939898490906 0.0 1.0 0.4000000059604645
v 0.3204462230205536 -0.42760953307151794 0.28803300857543945 0.0 1.0 0.4000000059604645
v 0.4541332423686981 -0.06442400068044662 -0.034881822764873505 0.0 1.0 0.4000000059604645
v 0.45389747619628906 -0.3764946162700653 0.1432557851076126 0.0 1.0 0.4000000059604645
v 0.553684413433075 -0.09043503552675247 -0.10631036758422852 0.0 1.0 0.4000000059604645
v 0.7313059568405151 -0.3215305209159851 -0.1284523755311966 0.0 1.0 0.4000000059604645
v 0.149912491440773 0.10867313295602798 0.1300250142812729 0.0 1.0 0.4000000059604645
v 0.6268272995948792 0.048953261226415634 -0.24916231632232666 0.0 1.0 0.4000000059604645
v 0.6740156412124634 -0.1639641374349594 -0.1686510294675827 0.0 1.0 0.4000000059604645
v 0.39731067419052124 -0.25497621297836304 0.12300102412700653 0.0 1.0 0.4000000059604645
v 0.08962671458721161 0.17768532037734985 0.1429128348827362 0.0 1.0 0.4000000059604645
v 0.4642401337623596 -0.41429489850997925 0.15584664046764374 0.0 1.0 0.4000000059604645
v 0.8242965340614319 -0.10095403343439102 -0.3347930908203125 0.0 1.0 0.4000000059604645
v 0.8405786752700806 -0.18481579422950745 -0.30108582973480225 0.0 1.0 0.4000000059604645
v 0.09552846848964691 -0.19885124266147614 0.3524889349937439 0.0 1.0 0.4000000059604645
v 0.45750585198402405 -0.1298435628414154 -0.0005038445233367383 0.0 1.0 0.4000000059604645
v -0.17564797401428223 0.28354158997535706 0.3124123513698578 0.0 1.0 0.4000000059604645
v 0.7068209648132324 -0.3657562732696533 -0.08202041685581207 0.0 1.0 0.4000000059604645
v 0.36707746982574463 -0.3121318817138672 0.18178601562976837 0.0 1.0 0.4000000059604645
v 0.8801059722900391 -0.1886124461889267 -0.33317071199417114 0.0 1.0 0.4000000059604645
v -0.0050121694803237915 0.4268345832824707 0.08285822719335556 0.0 1.0 0.4000000059604645
v 0.7686151266098022 -0.23190006613731384 -0.21188469231128693 0.0 1.0 0.4000000059604645
v 0.2875974774360657 0.6704739928245544 -0.309598445892334 0.0 1.0 0.4000000059604645
v 0.7186585664749146 0.10407793521881104 -0.3601628243923187 0.0 1.0 0.4000000059604645
v 0.05187522619962692 0.24883505702018738 0.13505636155605316 0.0 1.0 0.4000000059604645
v -0.1966990977525711 0.4283287823200226 0.2480994313955307 0.0 1.0 0.4000000059604645
v 0.09220989048480988 0.6376773715019226 -0.12159908562898636 0.0 1.0 0.4000000059604645
v -0.22203940153121948 0.5623259544372559 0.19365519285202026 0.0 1.0 0.4000000059604645
v 0.37610355019569397 -0.4457138478755951 0.25012949109077454 0.0 1.0 0.4000000059604645
v -0.05938510224223137 0.5401121377944946 0.0653839111328125 0.0 1.0 0.4000000059604645
v 0.4311493933200836 -0.36639776825904846 0.1572096347808838 0.0 1.0 0.4000000059604645
v 0.2698156535625458 0.7315500974655151 -0.3290145993232727 0.0 1.0 0.4000000059604645
v 0.13695433735847473 0.5162048935890198 -0.09110936522483826 0.0 1.0 0.4000000059604645
v 0.2941339910030365 0.5659638047218323 -0.2556736171245575 0.0 1.0 0.4000000059604645
v 0.5187733769416809 -0.4000663161277771 0.10048189014196396 0.0 1.0 0.4000000059604645
v -0.26430314779281616 0.4936038553714752 0.26945918798446655 0.0 1.0 0.4000000059604645
v 0.15039144456386566 -0.027834618464112282 0.20744262635707855 0.0 1.0 0.4000000059604645
v 0.14108097553253174 -0.2767206132411957 0.3574172854423523 0.0 1.0 0.4000000059604645
v 0.3441666066646576 0.7440495491027832 -0.40056511759757996 0.0 1.0 0.4000000059604645
v 0.07407960295677185 0.7626190781593323 -0.17712754011154175 0.0 1.0 0.4000000059604645
v 0.6945545673370361 -0.05450842157006264 -0.24885597825050354 0.0 1.0 0.4000000059604645
v 0.7126476764678955 0.09274618327617645 -0.3484935164451599 0.0 1.0 0.4000000059604645
v 0.6083207130432129 -0.3987269103527069 0.022127101197838783 0.0 1.0 0.4000000059604645
v 0.3490809500217438 -0.21433931589126587 0.14162124693393707 0.0 1.0 0.4000000059604645
v -0.3524860739707947 0.5275183320045471 0.3265310823917389 0.0 1.0 0.4000000059604645
v 0.05294491723179817 0.18773691356182098 0.16896581649780273 0.0 1.0 0.4000000059604645
v -0.09794006496667862 0.41971808671951294 0.1674361377954483 0.0 1.0 0.4000000059604645
v 0.14958229660987854 0.06031198054552078 0.15788519382476807 0.0 1.0 0.4000000059604645
v 0.35575225949287415 -0.16935208439826965 0.11019032448530197 0.0 1.0 0.4000000059604645
v -0.2312048375606537 0.34906747937202454 0.32319045066833496 0.0 1.0 0.4000000059604645
v -0.1813969761133194 0.2188374549150467 0.3542861044406891 0.0 1.0 0.4000000059604645
v -0.1443665474653244 0.5449997782707214 0.1362319439649582 0.0 1.0 0.4000000059604645
v 0.1888519823551178 0.04220639541745186 0.13418200612068176 0.0 1.0 0.4000000059604645
v 0.40519189834594727 -0.3463016450405121 0.16824311017990112 0.0 1.0 0.4000000059604645
v 0.03303665295243263 0.21677549183368683 0.16965903341770172 0.0 1.0 0.4000000059604645
v 0.6781952977180481 -0.03444192185997963 -0.2461223006248474 0.0 1.0 0.4000000059604645
v 0.19797630608081818 -0.08196078985929489 0.1970723569393158 0.0 1.0 0.4000000059604645
v -0.16687744855880737 0.3799448311328888 0.24984662234783173 0.0 1.0 0.4000000059604645
v 0.12980762124061584 0.6008180975914001 -0.1331607848405838 0.0 1.0 0.4000000059604645
v 0.1726895570755005 -0.3220047056674957 0.35584867000579834 0.0 1.0 0.4000000059604645
v 0.3034511208534241 0.5783411264419556 -0.27080395817756653 0.0 1.0 0.4000000059604645
v 0.1387789100408554 0.7393653988838196 -0.2199297547340393 0.0 1.0 0.4000000059604645
v 0.4484572410583496 -0.23968055844306946 0.06996235996484756 0.0 1.0 0.4000000059604645
v 0.7266205549240112 -0.23571310937404633 -0.17332307994365692 0.0 1.0 0.4000000059604645
v -0.05739123001694679 0.6888776421546936 -0.021165361627936363 0.0 1.0 0.4000000059604645
v 0.2547644376754761 0.6391270756721497 -0.2632761597633362 0.0 1.0 0.4000000059604645
v 0.8074970245361328 -0.3004409074783325 -0.20649521052837372 0.0 1.0 0.4000000059604645
v 0.14602778851985931 0.6548405289649963 -0.1780172437429428 0.0 1.0 0.4000000059604645
v 0.31799185276031494 0.6282356381416321 -0.3118515908718109 0.0 1.0 0.4000000059604645
v 0.3845847547054291 0.547020435333252 -0.32324662804603577 0.0 1.0 0.4000000059604645
v 0.2821176052093506 -0.4441696107387543 0.330686092376709 0.0 1.0 0.4000000059604645
v 0.10602649301290512 -0.043731559067964554 0.2549479901790619 0.0 1.0 0.4000000059604645
v 0.7137481570243835 -0.2717823386192322 -0.14160379767417908 0.0 1.0 0.4000000059604645
v 0.5723242163658142 -0.3431081473827362 0.021605240181088448 0.0 1.0 0.4000000059604645
v 0.2385590672492981 -0.09625823050737381 0.17006011307239532 0.0 1.0 0.4000000059604645
v 0.14368532598018646 -0.09139475971460342 0.24949343502521515 0.0 1.0 0.4000000059604645
v 0.2590864300727844 0.7552050352096558 -0.3332052528858185 0.0 1.0 0.4000000059604645
v 0.12001044303178787 0.06740540266036987 0.1794642060995102 0.0 1.0 0.4000000059604645
v -0.17739690840244293 0.6090101003646851 0.12835539877414703 0.0 1.0 0.4000000059604645
v -0.1519092619419098 0.440544456243515 0.20232486724853516 0.0 1.0 0.4000000059604645
v 0.8604668974876404 -0.12552176415920258 -0.35212624073028564 0.0 1.0 0.4000000059604645
v 0.16442710161209106 0.8139804601669312 -0.28469669818878174 0.0 1.0 0.4000000059604645
v -0.1914074867963791 0.45687615871429443 0.2272374927997589 0.0 1.0 0.4000000059604645
v 0.015095352195203304 0.04993661120533943 0.2803313434123993 0.0 1.0 0.4000000059604645
v 0.30051395297050476 0.5417019128799438 -0.24736835062503815 0.0 1.0 0.4000000059604645
v -0.08998364210128784 0.11725698411464691 0.33299627900123596 0.0 1.0 0.4000000059604645
v 0.43014368414878845 -0.45963728427886963 0.21124345064163208 0.0 1.0 0.4000000059604645
v 0.033829428255558014 0.48896199464797974 0.013779527507722378 0.0 1.0 0.4000000059604645
v 0.28339850902557373 0.6873801946640015 -0.3155995309352875 0.0 1.0 0.4000000059604645
v 0.7852504253387451 0.07354333996772766 -0.40045350790023804 0.0 1.0 0.4000000059604645
v 0.16975119709968567 0.6215658187866211 -0.17960087954998016 0.0 1.0 0.4000000059604645
v -0.038371067494153976 0.17237482964992523 0.25684842467308044 0.0 1.0 0.4000000059604645
v -0.134518563747406 0.4904106557369232 0.15882395207881927 0.0 1.0 0.4000000059604645
v -0.3074324131011963 0.41379979252815247 0.3523317873477936 0.0 1.0 0.4000000059604645
v 0.41282346844673157 -0.3382929861545563 0.15706421434879303 0.0 1.0 0.4000000059604645
v -0.04380354285240173 0.6155365705490112 0.008878030814230442 0.0 1.0 0.4000000059604645
v 0.09138669073581696 0.7676166296005249 -0.19497327506542206 0.0 1.0 0.4000000059604645
v -0.061126869171857834 0.14698222279548645 0.2910439968109131 0.0 1.0 0.4000000059604645
v -0.149203822016716 0.24013446271419525 0.3142484128475189 0.0 1.0 0.4000000059604645
v -0.10859246551990509 0.485589861869812 0.13910815119743347 0.0 1.0 0.4000000059604645
v 0.14529962837696075 0.6775571703910828 -0.1903386265039444 0.0 1.0 0.4000000059604645
v 0.5996237397193909 -0.3126283288002014 -0.01942797191441059 0.0 1.0 0.4000000059604645
v 0.5225376486778259 -0.25131863355636597 0.012408747337758541 0.0 1.0 0.4000000059604645
v 0.263834685087204 -0.43067261576652527 0.338832288980484 0.0 1.0 0.4000000059604645
v 0.13740752637386322 0.5660449862480164 -0.11991935968399048 0.0 1.0 0.4000000059604645
v 0.7580058574676514 -0.08296692371368408 -0.28760915994644165 0.0 1.0 0.4000000059604645
v -0.0781090185046196 0.6705026030540466 0.007263103034347296 0.0 1.0 0.4000000059604645
v 0.026933006942272186 0.1466352641582489 0.21493957936763763 0.0 1.0 0.4000000059604645
v 0.33489927649497986 -0.289600670337677 0.1968211531639099 0.0 1.0 0.4000000059604645
v 0.33962875604629517 -0.28781214356422424 0.1917034089565277 0.0 1.0 0.4000000059604645
v -0.021201277151703835 0.7000395059585571 -0.05888744443655014 0.0 1.0 0.4000000059604645
v 0.32776308059692383 0.5494971871376038 -0.27542388439178467 0.0 1.0 0.4000000059604645
v 0.5065496563911438 -0.0763140544295311 -0.07352028042078018 0.0 1.0 0.4000000059604645
v 0.06412187963724136 -0.07319097220897675 0.30805444717407227 0.0 1.0 0.4000000059604645
v 0.32827621698379517 -0.23994500935077667 0.17424777150154114 0.0 1.0 0.4000000059604645
v 0.050977036356925964 0.5122594833374023 -0.014362074434757233 0.0 1.0 0.4000000059604645
v 0.16618141531944275 -0.11627126485109329 0.24418483674526215 0.0 1.0 0.4000000059604645
v 0.1816939413547516 0.02942587435245514 0.1476713865995407 0.0 1.0 0.4000000059604645
v -0.053024765104055405 0.5619351863861084 0.047429949045181274 0.0 1.0 0.4000000059604645
v 0.7317126989364624 -0.14533594250679016 -0.22926567494869232 0.0 1.0 0.4000000059604645
v -0.18792900443077087 0.6003696918487549 0.14240776002407074 0.0 1.0 0.4000000059604645
v 0.09572931379079819 0.3849793076515198 0.01943223550915718 0.0 1.0 0.4000000059604645
v 0.2828617990016937 0.47668221592903137 -0.1950008124113083 0.0 1.0 0.4000000059604645
v 0.1475730687379837 -0.19318288564682007 0.30416131019592285 0.0 1.0 0.4000000059604645
v 0.008735133334994316 0.6726053953170776 -0.06918469071388245 0.0 1.0 0.4000000059604645
v 0.24706415832042694 -0.05756497010588646 0.1406288892030716 0.0 1.0 0.4000000059604645
v 0.5649483799934387 -0.27402347326278687 -0.01139372680336237 0.0 1.0 0.4000000059604645
v 0.2812804579734802 -0.11609989404678345 0.14435595273971558 0.0 1.0 0.4000000059604645
v 0.20860543847084045 0.4229021966457367 -0.09999530762434006 0.0 1.0 0.4000000059604645
v 0.33267468214035034 -0.3643563687801361 0.24137219786643982 0.0 1.0 0.4000000059604645
v 0.08614394068717957 0.7709510326385498 -0.1923317015171051 0.0 1.0 0.4000000059604645
v 0.10749692469835281 0.8075721263885498 -0.2317139357328415 0.0 1.0 0.4000000059604645
v 0.5047048330307007 -0.29136204719543457 0.0506921224296093 0.0 1.0 0.4000000059604645
v 0.5740885138511658 -0.4123534858226776 0.059558141976594925 0.0 1.0 0.4000000059604645
v 0.29035595059394836 0.6755517721176147 -0.314883828163147 0.0 1.0 0.4000000059604645
v 0.15457092225551605 0.4448273181915283 -0.06567647308111191 0.0 1.0 0.4000000059604645
v 0.3323386311531067 -0.19492590427398682 0.14505921304225922 0.0 1.0 0.4000000059604645
v 0.2698347270488739 0.595954179763794 -0.2517183721065521 0.0 1.0 0.4000000059604645
v -0.0017262108158320189 0.032332643866539 0.3049441874027252 0.0 1.0 0.4000000059604645
v 0.7517408132553101 -0.21432271599769592 -0.20728546380996704 0.0 1.0 0.4000000059604645
v -0.08929917216300964 0.14341522753238678 0.31748855113983154 0.0 1.0 0.4000000059604645
v 0.0028032264672219753 0.5447002053260803 0.008882911875844002 0.0 1.0 0.4000000059604645
v 0.2615085542201996 0.45349717140197754 -0.1632792204618454 0.0 1.0 0.4000000059604645
v 0.1970672905445099 0.6927087306976318 -0.24383333325386047 0.0 1.0 0.4000000059604645
v 0.716816782951355 -0.30964386463165283 -0.12267519533634186 0.0 1.0 0.4000000059604645
v -0.08490705490112305 0.5918706655502319 0.0579870343208313 0.0 1.0 0.4000000059604645
v 0.06102350726723671 0.37023866176605225 0.05790884047746658 0.0 1.0 0.4000000059604645
v 0.3782352805137634 -0.27510008215904236 0.15100353956222534 0.0 1.0 0.4000000059604645
v 0.586497962474823 -0.27835986018180847 -0.027593545615673065 0.0 1.0 0.4000000059604645
v -0.3288229703903198 0.5223142504692078 0.3089946210384369 0.0 1.0 0.4000000059604645
v -0.10840971022844315 0.23821072280406952 0.27999794483184814 0.0 1.0 0.4000000059604645
v 0.33705875277519226 0.51058429479599 -0.26129141449928284 0.0 1.0 0.4000000059604645
v 0.09908120334148407 0.701229989528656 -0.16378875076770782 0.0 1.0 0.4000000059604645
v -0.3287910223007202 0.4900214970111847 0.3273793160915375 0.0 1.0 0.4000000059604645
v 0.21397286653518677 -0.09782402962446213 0.1922563761472702 0.0 1.0 0.4000000059604645
v 0.717958927154541 0.07130143791437149 -0.34086844325065613 0.0 1.0 0.4000000059604645
v 0.12680503726005554 -0.04237799718976021 0.23617202043533325 0.0 1.0 0.4000000059604645
v 0.5338618159294128 -0.3903668522834778 0.0818776935338974 0.0 1.0 0.4000000059604645
v 0.4781315326690674 -0.3509436547756195 0.1076890379190445 0.0 1.0 0.4000000059604645
v 0.22868922352790833 -0.30371806025505066 0.2968995273113251 0.0 1.0 0.4000000059604645
v -0.11564724892377853 0.6207255125045776 0.0681706890463829 0.0 1.0 0.4000000059604645
v 0.14228129386901855 0.689450740814209 -0.19450464844703674 0.0 1.0 0.4000000059604645
v -0.20821484923362732 0.4063710570335388 0.27059727907180786 0.0 1.0 0.4000000059604645
v -0.19238710403442383 0.5747928619384766 0.16085374355316162 0.0 1.0 0.4000000059604645
v 0.6483501195907593 -0.23609821498394012 -0.10528364777565002 0.0 1.0 0.4000000059604645
v 0.27350670099258423 0.7969552278518677 -0.3695048689842224 0.0 1.0 0.4000000059604645
v 0.3677534759044647 -0.2279474139213562 0.1332007795572281 0.0 1.0 0.4000000059604645
v 0.6601902842521667 -0.37698379158973694 -0.035214196890592575 0.0 1.0 0.4000000059604645
v -0.3091033697128296 0.48481065034866333 0.31329137086868286 0.0 1.0 0.4000000059604645
v -0.1100635975599289 0.6609138250350952 0.04041837155818939 0.0 1.0 0.4000000059604645
v 0.2254154086112976 -0.4180411398410797 0.3649198114871979 0.0 1.0 0.4000000059604645
v 0.5838462710380554 -0.2998010814189911 -0.013070791028439999 0.0 1.0 0.4000000059604645
v 0.12946519255638123 -0.21667131781578064 0.33324387669563293 0.0 1.0 0.4000000059604645
v 0.42476120591163635 -0.15073660016059875 0.0397813506424427 0.0 1.0 0.4000000059604645
v 0.21172674000263214 0.7313492894172668 -0.2785671353340149 0.0 1.0 0.4000000059604645
v 0.15760120749473572 0.7816929221153259 -0.2603727877140045 0.0 1.0 0.4000000059604645
v -0.018633294850587845 0.4767196774482727 0.06621770560741425 0.0 1.0 0.4000000059604645
v 0.8182957172393799 -0.24946294724941254 -0.24491816759109497 0.0 1.0 0.4000000059604645
v -0.21072900295257568 0.5667991042137146 0.18130448460578918 0.0 1.0 0.4000000059604645
v -0.10917545109987259 0.6349114179611206 0.0544746033847332 0.0 1.0 0.4000000059604645
v 0.5589320659637451 -0.016594409942626953 -0.15295906364917755 0.0 1.0 0.4000000059604645
v -0.0064402236603200436 0.5058785676956177 0.039027102291584015 0.0 1.0 0.4000000059604645
v 0.7087628841400146 -0.34563785791397095 -0.09517397731542587 0.0 1.0 0.4000000059604645
v 0.10524997860193253 -0.1170692965388298 0.29743582010269165 0.0 1.0 0.4000000059604645
v 0.21984562277793884 -0.16727983951568604 0.226769357919693 0.0 1.0 0.4000000059604645
v 0.4773052930831909 -0.07981540262699127 -0.04618426039814949 0.0 1.0 0.4000000059604645
v -0.1397276669740677 0.22613625228405 0.3140188753604889 0.0 1.0 0.4000000059604645
v -0.14499974250793457 0.19620108604431152 0.335655152797699 0.0 1.0 0.4000000059604645
v 0.14271806180477142 0.7547317743301392 -0.23210440576076508 0.0 1.0 0.4000000059604645
v -0.24221454560756683 0.5731486082077026 0.20496580004692078 0.0 1.0 0.4000000059604645
v 0.3698359727859497 0.6573224663734436 -0.37335795164108276 0.0 1.0 0.4000000059604645
v -0.050092536956071854 0.5474690198898315 0.0531373955309391 0.0 1.0 0.4000000059604645
v -0.15742775797843933 0.28766965866088867 0.29427117109298706 0.0 1.0 0.4000000059604645
v 0.3835948407649994 0.6635312438011169 -0.3888198137283325 0.0 1.0 0.4000000059604645
v -0.01542549766600132 0.40157055854797363 0.10628597438335419 0.0 1.0 0.4000000059604645
v 0.5665436387062073 -0.24520674347877502 -0.029206454753875732 0.0 1.0 0.4000000059604645
v -0.09777342528104782 0.4208378791809082 0.16665327548980713 0.0 1.0 0.4000000059604645
v 0.5607154369354248 -0.4362626075744629 0.08477793633937836 0.0 1.0 0.4000000059604645
v -0.1151568740606308 0.6143112778663635 0.07140298187732697 0.0 1.0 0.4000000059604645
v 0.3360728621482849 -0.5164263844490051 0.3251335024833679 0.0 1.0 0.4000000059604645
v 0.17494907975196838 -0.27458176016807556 0.3268517255783081 0.0 1.0 0.4000000059604645
v 0.3076670467853546 0.648980438709259 -0.3147333562374115 0.0 1.0 0.4000000059604645
v 0.9056277871131897 -0.2054435759782791 -0.3456883132457733 0.0 1.0 0.4000000059604645
v 0.32633253931999207 0.616628885269165 -0.3124607801437378 0.0 1.0 0.4000000059604645
v 0.15941214561462402 0.8474966883659363 -0.2994612753391266 0.0 1.0 0.4000000059604645
v 0.4280456006526947 -0.5371922254562378 0.2572808861732483 0.0 1.0 0.4000000059604645
v 0.06543366611003876 -0.14498654007911682 0.34785348176956177 0.0 1.0 0.4000000059604645
v 0.8393913507461548 -0.14129695296287537 -0.32487013936042786 0.0 1.0 0.4000000059604645
v 0.6797967553138733 -0.006224317941814661 -0.263598769903183 0.0 1.0 0.4000000059604645
v -0.24272885918617249 0.36737608909606934 0.3227367699146271 0.0 1.0 0.4000000059604645
v 0.3963952958583832 0.5967287421226501 -0.3618223965167999 0.0 1.0 0.4000000059604645
v 0.36659008264541626 -0.13909094035625458 0.08354554325342178 0.0 1.0 0.4000000059604645
v 0.6600361466407776 -0.11424671858549118 -0.1848854422569275 0.0 1.0 0.4000000059604645
v 0.40421369671821594 -0.5053314566612244 0.25976473093032837 0.0 1.0 0.4000000059604645
v -0.19599437713623047 0.3423696756362915 0.2965001165866852 0.0 1.0 0.4000000059604645
v 0.8211855292320251 -0.12671945989131927 -0.3174068033695221 0.0 1.0 0.4000000059604645
v -0.30094414949417114 0.4838219881057739 0.3067852854728699 0.0 1.0 0.4000000059604645
v 0.5328319072723389 -0.14586248993873596 -0.05663897842168808 0.0 1.0 0.4000000059604645
v 0.1136554703116417 0.006623098161071539 0.21962690353393555 0.0 1.0 0.4000000059604645
v 0.13488730788230896 0.49993816018104553 -0.08004351705312729 0.0 1.0 0.4000000059604645
v 0.7356770038604736 -0.25364747643470764 -0.17094466090202332 0.0 1.0 0.4000000059604645
v 0.7666894793510437 -0.25509870052337646 -0.19698897004127502 0.0 1.0 0.4000000059604645
v 0.1221514642238617 0.4575202763080597 -0.044822752475738525 0.0 1.0 0.4000000059604645
v 0.15877576172351837 -0.1127285584807396 0.24858175218105316 0.0 1.0 0.4000000059604645
v -0.05662981793284416 0.11919663846492767 0.3029899001121521 0.0 1.0 0.4000000059604645
v 0.004599979612976313 0.4462062120437622 0.06348436325788498 0.0 1.0 0.4000000059604645
v 0.31537601351737976 -0.33204832673072815 0.23794008791446686 0.0 1.0 0.4000000059604645
v 0.04784023389220238 0.18882544338703156 0.17276827991008759 0.0 1.0 0.4000000059604645
v 0.26160359382629395 0.7704019546508789 -0.34405118227005005 0.0 1.0 0.4000000059604645
v 0.14959068596363068 0.7168539762496948 -0.2164626270532608 0.0 1.0 0.4000000059604645
v 0.5533676147460938 -0.005577181000262499 -0.1544192135334015 0.0 1.0 0.4000000059604645
v 0.10211718827486038 -0.17720061540603638 0.334435373544693 0.0 1.0 0.4000000059604645
v 0.6652680039405823 -0.32901760935783386 -0.0669628381729126 0.0 1.0 0.4000000059604645
v 0.010718319565057755 0.6351452469825745 -0.04954443871974945 0.0 1.0 0.4000000059604645
v 0.12869764864444733 0.615623950958252 -0.14064083993434906 0.0 1.0 0.4000000059604645
v 0.1591324657201767 0.036585599184036255 0.1631382256746292 0.0 1.0 0.4000000059604645
v -0.09398223459720612 0.23736633360385895 0.2679782509803772 0.0 1.0 0.4000000059604645
v 0.7798627614974976 0.07935527712106705 -0.3990990221500397 0.0 1.0 0.4000000059604645
v -0.12373041361570358 0.42860880494117737 0.18471378087997437 0.0 1.0 0.4000000059604645
v 0.7933252453804016 -0.1674146056175232 -0.27006322145462036 0.0 1.0 0.4000000059604645
v 0.04777787625789642 0.12218835949897766 0.21081677079200745 0.0 1.0 0.4000000059604645
v -0.17549854516983032 0.6020971536636353 0.1306520402431488 0.0 1.0 0.4000000059604645
v 0.15230801701545715 0.5435474514961243 -0.12000295519828796 0.0 1.0 0.4000000059604645
v -0.10358300060033798 0.5850356817245483 0.07806652039289474 0.0 1.0 0.4000000059604645
v 0.04063050076365471 0.6524925231933594 -0.08535367250442505 0.0 1.0 0.4000000059604645
v 0.12375838309526443 0.011277865618467331 0.20821891725063324 0.0 1.0 0.4000000059604645
v 0.04035182669758797 0.10181029886007309 0.22887027263641357 0.0 1.0 0.4000000059604645
v 0.27806469798088074 -0.11985340714454651 0.14928248524665833 0.0 1.0 0.4000000059604645
v 0.6315312385559082 -0.19017435610294342 -0.11689480394124985 0.0 1.0 0.4000000059604645
v 0.6321752667427063 0.04110531881451607 -0.2493215799331665 0.0 1.0 0.4000000059604645
v 0.19488024711608887 -0.28329920768737793 0.3145521581172943 0.0 1.0 0.4000000059604645
v 0.08081217110157013 0.7081711888313293 -0.15191665291786194 0.0 1.0 0.4000000059604645
v -0.09399738907814026 0.17710472643375397 0.3023507297039032 0.0 1.0 0.4000000059604645
v 0.7188345193862915 -0.18773320317268372 -0.19393332302570343 0.0 1.0 0.4000000059604645
v 0.2765045166015625 0.7940539121627808 -0.37044817209243774 0.0 1.0 0.4000000059604645
v 0.24012252688407898 0.4717135429382324 -0.15513505041599274 0.0 1.0 0.4000000059604645
v -0.10995426028966904 0.5698361992835999 0.09225338697433472 0.0 1.0 0.4000000059604645
v 0.283292680978775 0.5383822321891785 -0.23055365681648254 0.0 1.0 0.4000000059604645
v 0.5186254978179932 -0.33163273334503174 0.06159123778343201 0.0 1.0 0.4000000059604645
v 0.3798162043094635 -0.35209232568740845 0.19353237748146057 0.0 1.0 0.4000000059604645
v 0.38499435782432556 -0.30005544424057007 0.15937572717666626 0.0 1.0 0.4000000059604645
v -0.12780342996120453 0.36249223351478577 0.22594064474105835 0.0 1.0 0.4000000059604645
v 0.4005776047706604 -0.20058412849903107 0.0891575738787651 0.0 1.0 0.4000000059604645
v 0.05819682031869888 0.07506584376096725 0.2286567986011505 0.0 1.0 0.4000000059604645
v 0.4818909764289856 -0.2583005726337433 0.05160924047231674 0.0 1.0 0.4000000059604645
v 0.2547619044780731 -0.31659549474716187 0.2816503643989563 0.0 1.0 0.4000000059604645
v 0.6210477352142334 -0.1384599655866623 -0.13729701936244965 0.0 1.0 0.4000000059604645
v -0.08617254346609116 0.4770262539386749 0.12456440180540085 0.0 1.0 0.4000000059604645
v 0.12428750842809677 0.6358295679092407 -0.14834019541740417 0.0 1.0 0.4000000059604645
v 0.6298035383224487 -0.30723467469215393 -0.04865352064371109 0.0 1.0 0.4000000059604645
v 0.10656355321407318 0.7770842909812927 -0.21352191269397736 0.0 1.0 0.4000000059604645
v 0.40840232372283936 -0.2160256803035736 0.09118190407752991 0.0 1.0 0.4000000059604645
v -0.1865721344947815 0.31065717339515686 0.30641743540763855 0.0 1.0 0.4000000059604645
v -0.2567768394947052 0.39783039689064026 0.31754496693611145 0.0 1.0 0.4000000059604645
v 0.04085753485560417 0.5482248067855835 -0.02610008791089058 0.0 1.0 0.4000000059604645
v -0.06994348019361496 0.7021374702453613 -0.017849447205662727 0.0 1.0 0.4000000059604645
v -0.018094228580594063 0.4483537971973419 0.08192398399114609 0.0 1.0 0.4000000059604645
v -0.12469504028558731 0.6702194213867188 0.047790490090847015 0.0 1.0 0.4000000059604645
v -0.10346917808055878 0.2820879817008972 0.25069957971572876 0.0 1.0 0.4000000059604645
v -0.04636591300368309 0.4395484924316406 0.11144139617681503 0.0 1.0 0.4000000059604645
v -0.040193796157836914 0.2695595622062683 0.20301595330238342 0.0 1.0 0.4000000059604645
v 0.24830326437950134 -0.43237683176994324 0.35326167941093445 0.0 1.0 0.4000000059604645
v 0.6392160058021545 -0.26050516963005066 -0.0834529921412468 0.0 1.0 0.4000000059604645
v 0.1503901183605194 0.03780007362365723 0.17002084851264954 0.0 1.0 0.4000000059604645
v 0.16754929721355438 0.7157447338104248 -0.23139095306396484 0.0 1.0 0.4000000059604645
v 0.5909217596054077 -0.23649030923843384 -0.055299483239650726 0.0 1.0 0.4000000059604645
v 0.36506420373916626 -0.040284328162670135 0.10504277050495148 0.0 0.4000000059604645 1.0
v 0.35004517436027527 -0.09201659262180328 0.11004911363124847 0.0 0.4000000059604645 1.0
v 0.3116631507873535 -0.013583807274699211 0.11171790212392807 0.0 0.4000000059604645 1.0
v 0.2966441214084625 -0.060309723019599915 0.13174329698085785 0.0 0.4000000059604645 1.0
v 0.27661871910095215 0.019791845232248306 0.11839303374290466 0.0 0.4000000059604645 1.0
v 0.26326847076416016 -0.026934068650007248 0.13174329698085785 0.0 0.4000000059604645 1.0
v 0.23823672533035278 0.04649236798286438 0.12339937686920166 0.0 0.4000000059604645 1.0
v 0.36840176582336426 -0.051965806633234024 0.10671155154705048 0.0 0.4000000059604645 1.0
v 0.3300197720527649 -0.08534146100282669 0.12339937686920166 0.0 0.4000000059604645 1.0
v 0.3200070858001709 -0.03194041550159454 0.12006181478500366 0.0 0.4000000059604645 1.0
v 0.28329387307167053 -0.051965806633234024 0.13007451593875885 0.0 0.4000000059604645 1.0
v 0.27328115701675415 0.003104019444435835 0.12339937686920166 0.0 0.4000000059604645 1.0
v 0.3283509910106659 0.041486021131277084 0.10003641992807388 0.0 0.4000000059604645 1.0
v 0.3083255887031555 0.11658123880624771 0.0866861566901207 0.0 0.4000000059604645 1.0
v 0.2933065593242645 0.06818654388189316 0.10504277050495148 0.0 0.4000000059604645 1.0
v 0.26827481389045715 0.1432817578315735 0.09669885784387589 0.0 0.4000000059604645 1.0
v 0.25325578451156616 0.09488706290721893 0.11004911363124847 0.0 0.4000000059604645 1.0
v 0.2315616011619568 0.21337063610553741 0.09169250726699829 0.0 0.4000000059604645 1.0
v 0.2165425568819046 0.16330716013908386 0.11171790212392807 0.0 0.4000000059604645 1.0
v 0.20152351260185242 0.11658123880624771 0.12339937686920166 0.0 0.4000000059604645 1.0
v 0.19151081144809723 0.27845317125320435 0.09169250726699829 0.0 0.4000000059604645 1.0
v 0.17482298612594604 0.2267208993434906 0.10671155154705048 0.0 0.4000000059604645 1.0
v 0.15980394184589386 0.17498862743377686 0.12173059582710266 0.0 0.4000000059604645 1.0
v 0.16814786195755005 0.3151663839817047 0.09336128830909729 0.0 0.4000000059604645 1.0
v 0.15146003663539886 0.25842776894569397 0.10671155154705048 0.0 0.4000000059604645 1.0
v 0.13644099235534668 0.21003307402133942 0.12339937686920166 0.0 0.4000000059604645 1.0
v 0.1297658532857895 0.3251790702342987 0.10170520097017288 0.0 0.4000000059604645 1.0
v 0.1147468090057373 0.27511557936668396 0.11672424525022507 0.0 0.4000000059604645 1.0
v 0.09972776472568512 0.2267208993434906 0.13007451593875885 0.0 0.4000000059604645 1.0
v 0.08137115836143494 0.3118288218975067 0.11672424525022507 0.0 0.4000000059604645 1.0
v 0.06635211408138275 0.26176533102989197 0.13174329698085785 0.0 0.4000000059604645 1.0
v 0.35838907957077026 -0.001902328454889357 0.10003641992807388 0.0 0.4000000059604645 1.0
v 0.34670761227607727 0.05316749960184097 0.09169250726699829 0.0 0.4000000059604645 1.0
v 0.3083255887031555 0.02479819394648075 0.11171790212392807 0.0 0.4000000059604645 1.0
v 0.2999816834926605 0.07319289445877075 0.10504277050495148 0.0 0.4000000059604645 1.0
v 0.28996899724006653 0.1232563704252243 0.09669885784387589 0.0 0.4000000059604645 1.0
v 0.26159968972206116 0.05650506541132927 0.11505546420812607 0.0 0.4000000059604645 1.0
v 0.25158700346946716 0.10656854510307312 0.10671155154705048 0.0 0.4000000059604645 1.0
v 0.24157428741455078 0.15830080211162567 0.10170520097017288 0.0 0.4000000059604645 1.0
v 0.2315616011619568 0.21337063610553741 0.09836763888597488 0.0 0.4000000059604645 1.0
v 0.19651716947555542 0.09822463244199753 0.12840571999549866 0.0 0.4000000059604645 1.0
v 0.18483568727970123 0.15496324002742767 0.12173059582710266 0.0 0.4000000059604645 1.0
v 0.17649176716804504 0.20335793495178223 0.11171790212392807 0.0 0.4000000059604645 1.0
v 0.16647908091545105 0.253421425819397 0.10504277050495148 0.0 0.4000000059604645 1.0
v 0.15479759871959686 0.30515366792678833 0.09669885784387589 0.0 0.4000000059604645 1.0
v 0.14478489756584167 0.3585547208786011 0.09169250726699829 0.0 0.4000000059604645 1.0
v 0.1297658532857895 0.16831350326538086 0.13341207802295685 0.0 0.4000000059604645 1.0
v 0.1214219406247139 0.2150394171476364 0.12673693895339966 0.0 0.4000000059604645 1.0
v 0.10974046587944031 0.27010923624038696 0.11839303374290466 0.0 0.4000000059604645 1.0
v 0.09805898368358612 0.3268478512763977 0.11171790212392807 0.0 0.4000000059604645 1.0
v 0.06802089512348175 0.3101600408554077 0.12506815791130066 0.0 0.4000000059604645 1.0
v 0.5686556696891785 0.30014732480049133 -0.008434451185166836 0.0 0.4000000059604645 1.0
v 0.5352800488471985 0.3268478512763977 -0.006765668746083975 0.0 0.4000000059604645 1.0
v 0.5202609896659851 0.27511557936668396 0.009922157973051071 0.0 0.4000000059604645 1.0
v 0.5035731792449951 0.2217145413160324 0.023272419348359108 0.0 0.4000000059604645 1.0
v 0.48855412006378174 0.17331984639167786 0.029947549104690552 0.0 0.4000000059604645 1.0
v 0.47353509068489075 0.1282627135515213 0.04329781234264374 0.0 0.4000000059604645 1.0
v 0.45684725046157837 0.07486167550086975 0.056648071855306625 0.0 0.4000000059604645 1.0
v 0.47186630964279175 0.30682244896888733 0.01159094087779522 0.0 0.4000000059604645 1.0
v 0.45851603150367737 0.26009654998779297 0.026609985157847404 0.0 0.4000000059604645 1.0
v 0.4418282210826874 0.20836429297924042 0.04162902757525444 0.0 0.4000000059604645 1.0
v 0.425140380859375 0.15496324002742767 0.054979290813207626 0.0 0.4000000059604645 1.0
v 0.410121351480484 0.10656854510307312 0.06832955032587051 0.0 0.4000000059604645 1.0
v 0.39510229229927063 0.05650506541132927 0.0800110325217247 0.0 0.4000000059604645 1.0
v 0.38008326292037964 0.006441584788262844 0.09503006935119629 0.0 0.4000000059604645 1.0
v 0.418465256690979 0.3351917564868927 0.024941202253103256 0.0 0.4000000059604645 1.0
v 0.405115008354187 0.29013463854789734 0.036622680723667145 0.0 0.4000000059604645 1.0
v 0.39176473021507263 0.24507750570774078 0.05164172500371933 0.0 0.4000000059604645 1.0
v 0.37507691979408264 0.19000767171382904 0.06165441870689392 0.0 0.4000000059604645 1.0
v 0.35838907957077026 0.1382754147052765 0.07333590090274811 0.0 0.4000000059604645 1.0
v 0.34503883123397827 0.09321828186511993 0.0850173756480217 0.0 0.4000000059604645 1.0
v 0.37007054686546326 0.3218415081501007 0.036622680723667145 0.0 0.4000000059604645 1.0
v 0.35338273644447327 0.26844045519828796 0.05164172500371933 0.0 0.4000000059604645 1.0
v 0.3383636772632599 0.2167081981897354 0.06666076928377151 0.0 0.4000000059604645 1.0
v 0.3233446478843689 0.17165106534957886 0.0750046819448471 0.0 0.4000000059604645 1.0
v 0.3283509910106659 0.3418669104576111 0.04830415919423103 0.0 0.4000000059604645 1.0
v 0.3133319616317749 0.29180341958999634 0.05998563766479492 0.0 0.4000000059604645 1.0
v 0.2983129024505615 0.2384023666381836 0.06999833136796951 0.0 0.4000000059604645 1.0
v 0.28329387307167053 0.19167645275592804 0.0850173756480217 0.0 0.4000000059604645 1.0
v 0.26159968972206116 0.3101600408554077 0.06832955032587051 0.0 0.4000000059604645 1.0
v 0.24658064544200897 0.26343411207199097 0.0783422440290451 0.0 0.4000000059604645 1.0
v 0.20652985572814941 0.3268478512763977 0.0816798135638237 0.0 0.4000000059604645 1.0
v 0.5419551730155945 0.26844045519828796 0.003247027052566409 0.0 0.4000000059604645 1.0
v 0.5302736759185791 0.3218415081501007 -0.0017593208467587829 0.0 0.4000000059604645 1.0
v 0.5052419304847717 0.17665740847587585 0.03161633387207985 0.0 0.4000000059604645 1.0
v 0.49356046319007874 0.2300584614276886 0.023272419348359108 0.0 0.4000000059604645 1.0
v 0.48521655797958374 0.28012195229530334 0.018266070634126663 0.0 0.4000000059604645 1.0
v 0.47353509068489075 0.3401981294155121 0.009922157973051071 0.0 0.4000000059604645 1.0
v 0.47353509068489075 0.16330716013908386 0.04162902757525444 0.0 0.4000000059604645 1.0
v 0.46352237462997437 0.2167081981897354 0.03495389595627785 0.0 0.4000000059604645 1.0
v 0.45184090733528137 0.27344679832458496 0.026609985157847404 0.0 0.4000000059604645 1.0
v 0.4418282210826874 0.3235102891921997 0.018266070634126663 0.0 0.4000000059604645 1.0
v 0.45350968837738037 0.07986801862716675 0.056648071855306625 0.0 0.4000000059604645 1.0
v 0.4434970021247864 0.1332690715789795 0.05331050604581833 0.0 0.4000000059604645 1.0
v 0.43348428606987 0.18667010962963104 0.04997294023633003 0.0 0.4000000059604645 1.0
v 0.421802818775177 0.2400711625814438 0.036622680723667145 0.0 0.4000000059604645 1.0
v 0.411790132522583 0.29514098167419434 0.03328511491417885 0.0 0.4000000059604645 1.0
v 0.4017774164676666 0.3452044725418091 0.024941202253103256 0.0 0.4000000059604645 1.0
v 0.406783789396286 0.04315480217337608 0.0800110325217247 0.0 0.4000000059604645 1.0
v 0.39677107334136963 0.09321828186511993 0.0750046819448471 0.0 0.4000000059604645 1.0
v 0.38675838708877563 0.1432817578315735 0.06499198824167252 0.0 0.4000000059604645 1.0
v 0.37674570083618164 0.19835159182548523 0.058316852897405624 0.0 0.4000000059604645 1.0
v 0.36506420373916626 0.25509020686149597 0.05331050604581833 0.0 0.4000000059604645 1.0
v 0.35505151748657227 0.30348488688468933 0.05164172500371933 0.0 0.4000000059604645 1.0
v 0.3366948962211609 0.10489976406097412 0.0866861566901207 0.0 0.4000000059604645 1.0
v 0.3266822099685669 0.15329445898532867 0.0833485946059227 0.0 0.4000000059604645 1.0
v 0.3166695237159729 0.20669549703598022 0.0750046819448471 0.0 0.4000000059604645 1.0
v 0.3066568076610565 0.26176533102989197 0.06499198824167252 0.0 0.4000000059604645 1.0
v 0.2966441214084625 0.3101600408554077 0.05998563766479492 0.0 0.4000000059604645 1.0
v 0.27828750014305115 0.17999498546123505 0.0850173756480217 0.0 0.4000000059604645 1.0
v 0.26827481389045715 0.2300584614276886 0.0850173756480217 0.0 0.4000000059604645 1.0
v 0.25826212763786316 0.28345951437950134 0.07333590090274811 0.0 0.4000000059604645 1.0
v 0.24658064544200897 0.3401981294155121 0.06832955032587051 0.0 0.4000000059604645 1.0
v 0.2198801189661026 0.26844045519828796 0.09002372622489929 0.0 0.4000000059604645 1.0
v 0.2098674178123474 0.3218415081501007 0.0833485946059227 0.0 0.4000000059604645 1.0
v 0.5052419304847717 0.4119557738304138 -0.013440798968076706 0.0 0.4000000059604645 1.0
v 0.48855412006378174 0.3602235019207001 -9.05381457414478e-05 0.0 0.4000000059604645 1.0
v 0.435153067111969 0.38692402839660645 0.009922157973051071 0.0 0.4000000059604645 1.0
v 0.431815505027771 0.5237641930580139 -0.011772016994655132 0.0 0.4000000059604645 1.0
v 0.41679647564888 0.47370073199272156 -9.05381457414478e-05 0.0 0.4000000059604645 1.0
v 0.4001086354255676 0.4186308979988098 0.013259722851216793 0.0 0.4000000059604645 1.0
v 0.38508960604667664 0.37023618817329407 0.026609985157847404 0.0 0.4000000059604645 1.0
v 0.37507691979408264 0.49038854241371155 0.009922157973051071 0.0 0.4000000059604645 1.0
v 0.36005786061286926 0.4403250813484192 0.024941202253103256 0.0 0.4000000059604645 1.0
v 0.34503883123397827 0.39193037152290344 0.03328511491417885 0.0 0.4000000059604645 1.0
v 0.3083255887031555 0.4603504538536072 0.03495389595627785 0.0 0.4000000059604645 1.0
v 0.2916377782821655 0.4119557738304138 0.04329781234264374 0.0 0.4000000059604645 1.0
v 0.27661871910095215 0.3618922829627991 0.058316852897405624 0.0 0.4000000059604645 1.0
v 0.2215489000082016 0.37691134214401245 0.06832955032587051 0.0 0.4000000059604645 1.0
v 0.18316690623760223 0.36356106400489807 0.0816798135638237 0.0 0.4000000059604645 1.0
v 0.5202609896659851 0.37691134214401245 -0.008434451185166836 0.0 0.4000000059604645 1.0
v 0.46352237462997437 0.38859280943870544 0.0015782444970682263 0.0 0.4000000059604645 1.0
v 0.4434970021247864 0.49038854241371155 -0.010103234089910984 0.0 0.4000000059604645 1.0
v 0.431815505027771 0.37691134214401245 0.014928505755960941 0.0 0.4000000059604645 1.0
v 0.420134037733078 0.4336499571800232 0.006584592629224062 0.0 0.4000000059604645 1.0
v 0.408452570438385 0.48871976137161255 -0.0017593208467587829 0.0 0.4000000059604645 1.0
v 0.39176473021507263 0.39860549569129944 0.01993485353887081 0.0 0.4000000059604645 1.0
v 0.38175204396247864 0.4520065486431122 0.016597287729382515 0.0 0.4000000059604645 1.0
v 0.34503883123397827 0.3535483777523041 0.036622680723667145 0.0 0.4000000059604645 1.0
v 0.3333573341369629 0.4086182117462158 0.03495389595627785 0.0 0.4000000059604645 1.0
v 0.3250134289264679 0.4570128917694092 0.029947549104690552 0.0 0.4000000059604645 1.0
v 0.28663143515586853 0.3618922829627991 0.05331050604581833 0.0 0.4000000059604645 1.0
v 0.27494993805885315 0.4186308979988098 0.04997294023633003 0.0 0.4000000059604645 1.0
v 0.23656794428825378 0.39193037152290344 0.06499198824167252 0.0 0.4000000059604645 1.0
v 0.19818595051765442 0.37691134214401245 0.0783422440290451 0.0 0.4000000059604645 1.0
v 0.46685996651649475 0.48871976137161255 -0.010103234089910984 0.0 0.4000000059604645 1.0
v 0.45184090733528137 0.4403250813484192 -0.0034281034022569656 0.0 0.4000000059604645 1.0
v 0.45350968837738037 0.4386563003063202 -0.0017593208467587829 0.0 0.4000000059604645 1.0
v 0.6671138405799866 0.1332690715789795 -0.008434451185166836 0.0 0.4000000059604645 1.0
v 0.6370757818222046 0.19501402974128723 -0.011772016994655132 0.0 0.4000000059604645 1.0
v 0.6220567226409912 0.14495053887367249 -9.05381457414478e-05 0.0 0.4000000059604645 1.0
v 0.6070377230644226 0.09655585139989853 0.018266070634126663 0.0 0.4000000059604645 1.0
v 0.5953562259674072 0.26009654998779297 -0.015109581872820854 0.0 0.4000000059604645 1.0
v 0.5803371667861938 0.21337063610553741 0.0015782444970682263 0.0 0.4000000059604645 1.0
v 0.5636493563652039 0.16163836419582367 0.018266070634126663 0.0 0.4000000059604645 1.0
v 0.5502991080284119 0.11491245776414871 0.028278766199946404 0.0 0.4000000059604645 1.0
v 0.5352800488471985 0.06985532492399216 0.03996024653315544 0.0 0.4000000059604645 1.0
v 0.5519678592681885 0.24841506779193878 0.003247027052566409 0.0 0.4000000059604645 1.0
v 0.5369488000869751 0.19835159182548523 0.018266070634126663 0.0 0.4000000059604645 1.0
v 0.5235985517501831 0.15162567794322968 0.029947549104690552 0.0 0.4000000059604645 1.0
v 0.5069107413291931 0.09989341348409653 0.04162902757525444 0.0 0.4000000059604645 1.0
v 0.49022290110588074 0.04816115275025368 0.056648071855306625 0.0 0.4000000059604645 1.0
v 0.47687265276908875 0.0014352367725223303 0.07166711241006851 0.0 0.4000000059604645 1.0
v 0.4418282210826874 0.02479819394648075 0.0750046819448471 0.0 0.4000000059604645 1.0
v 0.426809161901474 -0.026934068650007248 0.0833485946059227 0.0 0.4000000059604645 1.0
v 0.66544508934021 0.1232563704252243 0.0015782444970682263 0.0 0.4000000059604645 1.0
v 0.655432403087616 0.17665740847587585 -0.005096886307001114 0.0 0.4000000059604645 1.0
v 0.6170504093170166 0.1399441957473755 0.004915809724479914 0.0 0.4000000059604645 1.0
v 0.6070377230644226 0.19167645275592804 -0.0017593208467587829 0.0 0.4000000059604645 1.0
v 0.5970249772071838 0.24173994362354279 -0.008434451185166836 0.0 0.4000000059604645 1.0
v 0.5736620426177979 0.10656854510307312 0.02160363644361496 0.0 0.4000000059604645 1.0
v 0.5619805455207825 0.16497594118118286 0.016597287729382515 0.0 0.4000000059604645 1.0
v 0.5502991080284119 0.2217145413160324 0.013259722851216793 0.0 0.4000000059604645 1.0
v 0.5269361138343811 0.06484897434711456 0.046635374426841736 0.0 0.4000000059604645 1.0
v 0.5169234275817871 0.11825001984834671 0.03495389595627785 0.0 0.4000000059604645 1.0
v 0.49356046319007874 0.061511412262916565 0.054979290813207626 0.0 0.4000000059604645 1.0
v 0.48354777693748474 0.11491245776414871 0.04830415919423103 0.0 0.4000000059604645 1.0
v 0.46519115567207336 0.0264669768512249 0.06666076928377151 0.0 0.4000000059604645 1.0
v 0.41679647564888 -0.013583807274699211 0.09169250726699829 0.0 0.4000000059604645 1.0
v 0.501970112323761 0.2274470329284668 0.0195015762001276 0.0 0.4000000059604645 1.0
v 0.5315913558006287 0.09336940199136734 0.03572840243577957 0.0 0.4000000059604645 1.0
v 0.4723932445049286 0.330343633890152 0.008782156743109226 0.0 0.4000000059604645 1.0
v 0.15414199233055115 0.1808713674545288 0.11585187166929245 0.0 0.4000000059604645 1.0
v 0.2923213541507721 0.2622515857219696 0.06644690781831741 0.0 0.4000000059604645 1.0
v 0.6561951637268066 0.13521286845207214 -0.0032402887009084225 0.0 0.4000000059604645 1.0
v 0.17761002480983734 0.35833287239074707 0.07849880307912827 0.0 0.4000000059604645 1.0
v 0.3531807065010071 0.17125588655471802 0.06713596731424332 0.0 0.4000000059604645 1.0
v 0.5284916162490845 0.11138971894979477 0.03332420438528061 0.0 0.4000000059604645 1.0
v 0.46104761958122253 0.13624203205108643 0.04600962996482849 0.0 0.4000000059604645 1.0
v 0.14820238947868347 0.1464771032333374 0.12344376742839813 0.0 0.4000000059604645 1.0
v 0.30312514305114746 0.3224330246448517 0.05305887386202812 0.0 0.4000000059604645 1.0
v 0.47713813185691833 0.06770502030849457 0.054064005613327026 0.0 0.4000000059604645 1.0
v 0.2111220359802246 0.07107306271791458 0.12085141241550446 0.0 0.4000000059604645 1.0
v 0.29858505725860596 0.21741235256195068 0.07279625535011292 0.0 0.4000000059604645 1.0
v 0.3289078176021576 -0.07129894942045212 0.11621361970901489 0.0 0.4000000059604645 1.0
v 0.4109736382961273 0.35071372985839844 0.020734863355755806 0.0 0.4000000059604645 1.0
v 0.2579788565635681 0.10842403024435043 0.10237163305282593 0.0 0.4000000059604645 1.0
v 0.13372254371643066 0.16957081854343414 0.12302429974079132 0.0 0.4000000059604645 1.0
v 0.3291577994823456 -0.011061993427574635 0.10548911243677139 0.0 0.4000000059604645 1.0
v 0.6259934902191162 0.09007207304239273 0.012399346567690372 0.0 0.4000000059604645 1.0
v 0.2556174695491791 -0.026444632560014725 0.12683986127376556 0.0 0.4000000059604645 1.0
v 0.10133861005306244 0.2561674118041992 0.11590082943439484 0.0 0.4000000059604645 1.0
v 0.19724024832248688 0.23308180272579193 0.09569422155618668 0.0 0.4000000059604645 1.0
v 0.6745229959487915 0.12415887415409088 -0.005926407407969236 0.0 0.4000000059604645 1.0
v 0.4032794237136841 0.05489242076873779 0.0750405341386795 0.0 0.4000000059604645 1.0
v 0.4060761630535126 0.20661169290542603 0.04747968912124634 0.0 0.4000000059604645 1.0
v 0.4622804820537567 0.01885625720024109 0.06647316366434097 0.0 0.4000000059604645 1.0
v 0.3191225528717041 0.15242072939872742 0.07909669727087021 0.0 0.4000000059604645 1.0
v 0.5018370747566223 0.16846626996994019 0.02997412346303463 0.0 0.4000000059604645 1.0
v 0.273965984582901 -0.03833630681037903 0.12429674714803696 0.0 0.4000000059604645 1.0
v 0.0462210588157177 0.28996825218200684 0.12388011068105698 0.0 0.4000000059604645 1.0
v 0.505585789680481 0.38781246542930603 -0.00979699194431305 0.0 0.4000000059604645 1.0
v 0.45844075083732605 0.4653291404247284 -0.011574341915547848 0.0 0.4000000059604645 1.0
v 0.09307336807250977 0.26850876212120056 0.11581019312143326 0.0 0.4000000059604645 1.0
v 0.5696864128112793 0.11913160234689713 0.021519102156162262 0.0 0.4000000059604645 1.0
v 0.3099765181541443 0.26146000623703003 0.06211484968662262 0.0 0.4000000059604645 1.0
v 0.3497949242591858 -0.07713723182678223 0.11195609718561172 0.0 0.4000000059604645 1.0
v 0.17561392486095428 0.15937986969947815 0.1142166256904602 0.0 0.4000000059604645 1.0
v 0.4374612271785736 0.36405542492866516 0.011664080433547497 0.0 0.4000000059604645 1.0
v 0.4896789789199829 0.12368911504745483 0.04097884148359299 0.0 0.4000000059604645 1.0
v 0.4010058045387268 0.05740031599998474 0.07517258822917938 0.0 0.4000000059604645 1.0
v 0.5772991180419922 0.17324718832969666 0.01001296378672123 0.0 0.4000000059604645 1.0
v 0.24965162575244904 0.38879314064979553 0.05485913157463074 0.0 0.4000000059604645 1.0
v 0.36376479268074036 -0.0740412250161171 0.10786949098110199 0.0 0.4000000059604645 1.0
v 0.20564839243888855 0.4063178598880768 0.0629037618637085 0.0 0.4000000059604645 1.0
v 0.3382863700389862 0.27153894305229187 0.05315994471311569 0.0 0.4000000059604645 1.0
v 0.15884752571582794 0.12260017544031143 0.12497320771217346 0.0 0.4000000059604645 1.0
v 0.6907787919044495 0.143305242061615 -0.013432781212031841 0.0 0.4000000059604645 1.0
v 0.45688188076019287 0.4827015697956085 -0.01425417885184288 0.0 0.4000000059604645 1.0
v 0.6170991063117981 0.13960333168506622 0.005885923281311989 0.0 0.4000000059604645 1.0
v 0.40833672881126404 0.26550525426864624 0.036483652889728546 0.0 0.4000000059604645 1.0
v 0.32758575677871704 0.2707395851612091 0.056011952459812164 0.0 0.4000000059604645 1.0
v 0.31090450286865234 -0.1130949929356575 0.12817135453224182 0.0 0.4000000059604645 1.0
v 0.3649861514568329 0.15450716018676758 0.06710989028215408 0.0 0.4000000059604645 1.0
v 0.44435587525367737 0.2503747344017029 0.030037691816687584 0.0 0.4000000059604645 1.0
v 0.42802882194519043 0.3257599174976349 0.020831197500228882 0.0 0.4000000059604645 1.0
v 0.42646652460098267 0.13759589195251465 0.05452962592244148 0.0 0.4000000059604645 1.0
v 0.24824823439121246 0.05793686583638191 0.11377205699682236 0.0 0.4000000059604645 1.0
v 0.35132136940956116 0.12142021209001541 0.07642724364995956 0.0 0.4000000059604645 1.0
v 0.45461249351501465 0.09937123954296112 0.05416536703705788 0.0 0.4000000059604645 1.0
v 0.41318798065185547 -0.04678347334265709 0.09052600711584091 0.0 0.4000000059604645 1.0
v 0.49904000759124756 0.1938999593257904 0.026181193068623543 0.0 0.4000000059604645 1.0
v 0.16097331047058105 0.32422125339508057 0.08875031024217606 0.0 0.4000000059604645 1.0
v 0.16218870878219604 0.2875990867614746 0.09492410719394684 0.0 0.4000000059604645 1.0
v 0.3334261178970337 0.3243715763092041 0.04504035413265228 0.0 0.4000000059604645 1.0
v 0.5688632130622864 0.29499152302742004 -0.009397394955158234 0.0 0.4000000059604645 1.0
v 0.321446031332016 0.2830052673816681 0.05539630353450775 0.0 0.4000000059604645 1.0
v 0.35737892985343933 0.17121416330337524 0.06607991456985474 0.0 0.4000000059604645 1.0
v 0.5042482614517212 0.3381481468677521 -0.0006682240637019277 0.0 0.4000000059604645 1.0
v 0.47454601526260376 0.455050528049469 -0.01383472140878439 0.0 0.4000000059604645 1.0
v 0.10104773193597794 0.24362818896770477 0.11819379776716232 0.0 0.4000000059604645 1.0
v 0.29333260655403137 0.13658779859542847 0.08843167871236801 0.0 0.4000000059604645 1.0
v 0.44503533840179443 0.004120193421840668 0.07344955950975418 0.0 0.4000000059604645 1.0
v 0.11749685555696487 0.30178338289260864 0.10373438894748688 0.0 0.4000000059604645 1.0
v 0.08771929144859314 0.3198361396789551 0.1080821081995964 0.0 0.4000000059604645 1.0
v 0.16395549476146698 0.3776186406612396 0.07854422926902771 0.0 0.4000000059604645 1.0
v 0.5509608387947083 0.34889286756515503 -0.01440247893333435 0.0 0.4000000059604645 1.0
v 0.3566666543483734 -0.000663728395011276 0.09668058902025223 0.0 0.4000000059604645 1.0
v 0.6470178961753845 0.21596451103687286 -0.015207658521831036 0.0 0.4000000059604645 1.0
v 0.3870430588722229 -0.012271501123905182 0.0910404846072197 0.0 0.4000000059604645 1.0
v 0.2715801000595093 0.04307461902499199 0.11049239337444305 0.0 0.4000000059604645 1.0
v 0.1883964240550995 0.27784398198127747 0.0900120660662651 0.0 0.4000000059604645 1.0
v 0.48205122351646423 0.4024142324924469 -0.006419863551855087 0.0 0.4000000059604645 1.0
v 0.138356551527977 0.2693309783935547 0.10419416427612305 0.0 0.4000000059604645 1.0
v 0.2457163780927658 0.2531081438064575 0.07987050712108612 0.0 0.4000000059604645 1.0
v 0.39016348123550415 0.46517807245254517 0.005747439805418253 0.0 0.4000000059604645 1.0
v 0.15430735051631927 0.16032777726650238 0.11944594234228134 0.0 0.4000000059604645 1.0
v 0.5168809294700623 0.11377110332250595 0.03584378957748413 0.0 0.4000000059604645 1.0
v 0.3123755156993866 0.2171562761068344 0.06934837996959686 0.0 0.4000000059604645 1.0
v -0.22902241349220276 -0.16043667495250702 0.12006181478500366 0.800000011920929 0.0 1.0
v -0.2724107503890991 -0.11704833060503006 0.11505546420812607 0.800000011920929 0.0 1.0
v -0.2924361526966095 -0.05363459140062332 0.12173059582710266 0.800000011920929 0.0 1.0
v -0.3091239929199219 -0.10703563690185547 0.11171790212392807 0.800000011920929 0.0 1.0
v -0.32080546021461487 -0.013583807274699211 0.12006181478500366 0.800000011920929 0.0 1.0
v -0.33749330043792725 -0.0686536356806755 0.10671155154705048 0.800000011920929 0.0 1.0
v -0.3708689510822296 0.003104019444435835 0.11171790212392807 0.800000011920929 0.0 1.0
v -0.3892255425453186 -0.05864093825221062 0.10170520097017288 0.800000011920929 0.0 1.0
v -0.3107927739620209 -0.10202928632497787 0.10838033258914948 0.800000011920929 0.0 1.0
v -0.32247424125671387 -0.048628244549036026 0.11505546420812607 0.800000011920929 0.0 1.0
v -0.36419379711151123 -0.051965806633234024 0.10337398946285248 0.800000011920929 0.0 1.0
v -0.3758752942085266 0.003104019444435835 0.11338668316602707 0.800000011920929 0.0 1.0
v -0.42426997423171997 -0.00023354587028734386 0.09669885784387589 0.800000011920929 0.0 1.0
v -0.060475368052721024 -0.42577311396598816 0.11839303374290466 0.800000011920929 0.0 1.0
v -0.09718858450651169 -0.41242286562919617 0.11171790212392807 0.800000011920929 0.0 1.0
v -0.12722666561603546 -0.3673657178878784 0.11672424525022507 0.800000011920929 0.0 1.0
v -0.14391450583934784 -0.42243555188179016 0.10504277050495148 0.800000011920929 0.0 1.0
v -0.15559597313404083 -0.2705763280391693 0.12339937686920166 0.800000011920929 0.0 1.0
v -0.17395257949829102 -0.32898372411727905 0.10337398946285248 0.800000011920929 0.0 1.0
v -0.1906404197216034 -0.3823847770690918 0.09836763888597488 0.800000011920929 0.0 1.0
v -0.17395257949829102 -0.23386311531066895 0.12006181478500366 0.800000011920929 0.0 1.0
v -0.1923092007637024 -0.2939392924308777 0.10671155154705048 0.800000011920929 0.0 1.0
v -0.20899702608585358 -0.3506779074668884 0.10337398946285248 0.800000011920929 0.0 1.0
v -0.20565946400165558 -0.22885677218437195 0.11839303374290466 0.800000011920929 0.0 1.0
v -0.22234728932380676 -0.2805890440940857 0.11004911363124847 0.800000011920929 0.0 1.0
v -0.23736633360385895 -0.33565884828567505 0.09836763888597488 0.800000011920929 0.0 1.0
v -0.24737901985645294 -0.22218163311481476 0.10838033258914948 0.800000011920929 0.0 1.0
v -0.2640668451786041 -0.2755826711654663 0.09836763888597488 0.800000011920929 0.0 1.0
v -0.2890985906124115 -0.1721181571483612 0.10337398946285248 0.800000011920929 0.0 1.0
v -0.3057864308357239 -0.22718799114227295 0.09169250726699829 0.800000011920929 0.0 1.0
v -0.32581180334091187 -0.1637742519378662 0.10003641992807388 0.800000011920929 0.0 1.0
v -0.35418111085891724 -0.12372346222400665 0.09836763888597488 0.800000011920929 0.0 1.0
v -0.0855071097612381 -0.3957350254058838 0.12173059582710266 0.800000011920929 0.0 1.0
v -0.10553249716758728 -0.45581120252609253 0.09669885784387589 0.800000011920929 0.0 1.0
v -0.11721397936344147 -0.3974038064479828 0.11672424525022507 0.800000011920929 0.0 1.0
v -0.14057692885398865 -0.2855953872203827 0.12173059582710266 0.800000011920929 0.0 1.0
v -0.14057692885398865 -0.43244823813438416 0.10504277050495148 0.800000011920929 0.0 1.0
v -0.15225841104984283 -0.3773784339427948 0.10838033258914948 0.800000011920929 0.0 1.0
v -0.16393989324569702 -0.32063981890678406 0.11338668316602707 0.800000011920929 0.0 1.0
v -0.17395257949829102 -0.2672387659549713 0.11505546420812607 0.800000011920929 0.0 1.0
v -0.1856340616941452 -0.20883138477802277 0.12173059582710266 0.800000011920929 0.0 1.0
v -0.20565946400165558 -0.3740408718585968 0.10003641992807388 0.800000011920929 0.0 1.0
v -0.22735363245010376 -0.2622324228286743 0.11004911363124847 0.800000011920929 0.0 1.0
v -0.2790859043598175 -0.2705763280391693 0.09669885784387589 0.800000011920929 0.0 1.0
v -0.2907673716545105 -0.21216894686222076 0.10003641992807388 0.800000011920929 0.0 1.0
v -0.3007800579071045 -0.15709911286830902 0.10838033258914948 0.800000011920929 0.0 1.0
v -0.34083086252212524 -0.1654430329799652 0.09669885784387589 0.800000011920929 0.0 1.0
v -0.35418111085891724 -0.10536685585975647 0.10337398946285248 0.800000011920929 0.0 1.0
v -0.20565946400165558 -0.43578583002090454 0.09002372622489929 0.800000011920929 0.0 1.0
v -0.22735363245010376 -0.40574774146080017 0.09002372622489929 0.800000011920929 0.0 1.0
v -0.25405415892601013 -0.3873911201953888 0.09169250726699829 0.800000011920929 0.0 1.0
v -0.2707419693470001 -0.44412973523139954 0.0800110325217247 0.800000011920929 0.0 1.0
v -0.2807546854019165 -0.32731494307518005 0.09336128830909729 0.800000011920929 0.0 1.0
v -0.2974424958229065 -0.3823847770690918 0.0783422440290451 0.800000011920929 0.0 1.0
v -0.31579911708831787 -0.44412973523139954 0.06666076928377151 0.800000011920929 0.0 1.0
v -0.32414302229881287 -0.2839266061782837 0.0850173756480217 0.800000011920929 0.0 1.0
v -0.33916208148002625 -0.33565884828567505 0.07166711241006851 0.800000011920929 0.0 1.0
v -0.35751867294311523 -0.3907286822795868 0.06499198824167252 0.800000011920929 0.0 1.0
v -0.3742065131664276 -0.44579851627349854 0.058316852897405624 0.800000011920929 0.0 1.0
v -0.34249964356422424 -0.21717528998851776 0.09002372622489929 0.800000011920929 0.0 1.0
v -0.35918745398521423 -0.2689075469970703 0.0800110325217247 0.800000011920929 0.0 1.0
v -0.3758752942085266 -0.32230859994888306 0.06999833136796951 0.800000011920929 0.0 1.0
v -0.3942318856716156 -0.3823847770690918 0.06165441870689392 0.800000011920929 0.0 1.0
v -0.409250944852829 -0.43244823813438416 0.054979290813207626 0.800000011920929 0.0 1.0
v -0.3708689510822296 -0.1771245002746582 0.0866861566901207 0.800000011920929 0.0 1.0
v -0.3875567615032196 -0.23052555322647095 0.0783422440290451 0.800000011920929 0.0 1.0
v -0.404244601726532 -0.2855953872203827 0.06999833136796951 0.800000011920929 0.0 1.0
v -0.420932412147522 -0.33899641036987305 0.06332319974899292 0.800000011920929 0.0 1.0
v -0.43928903341293335 -0.3974038064479828 0.04830415919423103 0.800000011920929 0.0 1.0
v -0.45597684383392334 -0.45247364044189453 0.04162902757525444 0.800000011920929 0.0 1.0
v -0.40758216381073 -0.11371076852083206 0.09002372622489929 0.800000011920929 0.0 1.0
v -0.420932412147522 -0.1637742519378662 0.0833485946059227 0.800000011920929 0.0 1.0
v -0.43928903341293335 -0.21884407103061676 0.07333590090274811 0.800000011920929 0.0 1.0
v -0.45764562487602234 -0.2772514522075653 0.06332319974899292 0.800000011920929 0.0 1.0
v -0.4743334650993347 -0.33065250515937805 0.054979290813207626 0.800000011920929 0.0 1.0
v -0.4910213053226471 -0.3873911201953888 0.038291461765766144 0.800000011920929 0.0 1.0
v -0.5093778967857361 -0.44746729731559753 0.029947549104690552 0.800000011920929 0.0 1.0
v -0.4943588674068451 -0.22551921010017395 0.05998563766479492 0.800000011920929 0.0 1.0
v -0.5110467076301575 -0.2805890440940857 0.05164172500371933 0.800000011920929 0.0 1.0
v -0.5277345180511475 -0.33232128620147705 0.046635374426841736 0.800000011920929 0.0 1.0
v -0.5444223284721375 -0.3857223391532898 0.03161633387207985 0.800000011920929 0.0 1.0
v -0.5611101388931274 -0.44579851627349854 0.02160363644361496 0.800000011920929 0.0 1.0
v -0.5661165118217468 -0.33732762932777405 0.038291461765766144 0.800000011920929 0.0 1.0
v -0.5844731330871582 -0.3957350254058838 0.024941202253103256 0.800000011920929 0.0 1.0
v -0.1956467628479004 -0.42410433292388916 0.09669885784387589 0.800000011920929 0.0 1.0
v -0.24571023881435394 -0.43244823813438416 0.0850173756480217 0.800000011920929 0.0 1.0
v -0.25739172101020813 -0.3807159960269928 0.0866861566901207 0.800000011920929 0.0 1.0
v -0.2674044072628021 -0.32564616203308105 0.09336128830909729 0.800000011920929 0.0 1.0
v -0.2857610285282135 -0.44079217314720154 0.0783422440290451 0.800000011920929 0.0 1.0
v -0.2974424958229065 -0.3890599012374878 0.0800110325217247 0.800000011920929 0.0 1.0
v -0.3091239929199219 -0.33399006724357605 0.0850173756480217 0.800000011920929 0.0 1.0
v -0.32080546021461487 -0.2755826711654663 0.09002372622489929 0.800000011920929 0.0 1.0
v -0.33081814646720886 -0.22385041415691376 0.09169250726699829 0.800000011920929 0.0 1.0
v -0.32748058438301086 -0.42410433292388916 0.07166711241006851 0.800000011920929 0.0 1.0
v -0.33916208148002625 -0.3690344989299774 0.0766734629869461 0.800000011920929 0.0 1.0
v -0.34917476773262024 -0.31062713265419006 0.0833485946059227 0.800000011920929 0.0 1.0
v -0.36085623502731323 -0.2538885176181793 0.0850173756480217 0.800000011920929 0.0 1.0
v -0.3708689510822296 -0.20048746466636658 0.09002372622489929 0.800000011920929 0.0 1.0
v -0.3825504183769226 -0.14875520765781403 0.09336128830909729 0.800000011920929 0.0 1.0
v -0.3925631046295166 -0.09535415470600128 0.10003641992807388 0.800000011920929 0.0 1.0
v -0.3708689510822296 -0.4608175456523895 0.05331050604581833 0.800000011920929 0.0 1.0
v -0.3808816373348236 -0.40741652250289917 0.06666076928377151 0.800000011920929 0.0 1.0
v -0.3908943235874176 -0.3540154695510864 0.06332319974899292 0.800000011920929 0.0 1.0
v -0.402575820684433 -0.2939392924308777 0.06999833136796951 0.800000011920929 0.0 1.0
v -0.414257287979126 -0.23886945843696594 0.0783422440290451 0.800000011920929 0.0 1.0
v -0.42426997423171997 -0.1854684203863144 0.0800110325217247 0.800000011920929 0.0 1.0
v -0.420932412147522 -0.43077945709228516 0.05331050604581833 0.800000011920929 0.0 1.0
v -0.43094512820243835 -0.3773784339427948 0.054979290813207626 0.800000011920929 0.0 1.0
v -0.44262659549713135 -0.31730225682258606 0.06332319974899292 0.800000011920929 0.0 1.0
v -0.45430806279182434 -0.2605636417865753 0.06832955032587051 0.800000011920929 0.0 1.0
v -0.4643207788467407 -0.20883138477802277 0.07333590090274811 0.800000011920929 0.0 1.0
v -0.44596415758132935 -0.42076677083969116 0.04830415919423103 0.800000011920929 0.0 1.0
v -0.45764562487602234 -0.3623593747615814 0.05331050604581833 0.800000011920929 0.0 1.0
v -0.4676583409309387 -0.3072895407676697 0.058316852897405624 0.800000011920929 0.0 1.0
v -0.4793398082256317 -0.2555572986602783 0.06332319974899292 0.800000011920929 0.0 1.0
v -0.4659895598888397 -0.42744189500808716 0.036622680723667145 0.800000011920929 0.0 1.0
v -0.4760022461414337 -0.3757096529006958 0.04496659338474274 0.800000011920929 0.0 1.0
v -0.4860149323940277 -0.32397738099098206 0.046635374426841736 0.800000011920929 0.0 1.0
v -0.4976964294910431 -0.2639012038707733 0.056648071855306625 0.800000011920929 0.0 1.0
v -0.4993652105331421 -0.4624863266944885 0.03495389595627785 0.800000011920929 0.0 1.0
v -0.5093778967857361 -0.41242286562919617 0.03996024653315544 0.800000011920929 0.0 1.0
v -0.5210593938827515 -0.3523466885089874 0.03996024653315544 0.800000011920929 0.0 1.0
v -0.5310720801353455 -0.2989456355571747 0.04830415919423103 0.800000011920929 0.0 1.0
v -0.5410847663879395 -0.45747998356819153 0.024941202253103256 0.800000011920929 0.0 1.0
v -0.5527662634849548 -0.4024101793766022 0.029947549104690552 0.800000011920929 0.0 1.0
v -0.5627789497375488 -0.3506779074668884 0.03495389595627785 0.800000011920929 0.0 1.0
v -0.5644477009773254 -0.4591487646102905 0.02160363644361496 0.800000011920929 0.0 1.0
v -0.5761291980743408 -0.4024101793766022 0.023272419348359108 0.800000011920929 0.0 1.0
v -0.5961545705795288 -0.42076677083969116 0.026609985157847404 0.800000011920929 0.0 1.0
v -0.43928903341293335 -0.6610714793205261 0.024941202253103256 0.800000011920929 0.0 1.0
v -0.34750598669052124 -0.5475942492485046 0.056648071855306625 0.800000011920929 0.0 1.0
v -0.36586257815361023 -0.6043328642845154 0.046635374426841736 0.800000011920929 0.0 1.0
v -0.405913382768631 -0.549263060092926 0.03495389595627785 0.800000011920929 0.0 1.0
v -0.42260119318962097 -0.6060016751289368 0.03161633387207985 0.800000011920929 0.0 1.0
v -0.44429537653923035 -0.5442566871643066 0.03495389595627785 0.800000011920929 0.0 1.0
v -0.45931440591812134 -0.595988929271698 0.02160363644361496 0.800000011920929 0.0 1.0
v -0.4876837134361267 -0.5576069355010986 0.024941202253103256 0.800000011920929 0.0 1.0
v -0.3041176199913025 -0.5392503142356873 0.06499198824167252 0.800000011920929 0.0 1.0
v -0.34917476773262024 -0.5709571838378906 0.05164172500371933 0.800000011920929 0.0 1.0
v -0.3875567615032196 -0.599326491355896 0.04496659338474274 0.800000011920929 0.0 1.0
v -0.399238258600235 -0.54258793592453 0.04830415919423103 0.800000011920929 0.0 1.0
v -0.402575820684433 -0.6377085447311401 0.036622680723667145 0.800000011920929 0.0 1.0
v -0.414257287979126 -0.5809699296951294 0.036622680723667145 0.800000011920929 0.0 1.0
v -0.42260119318962097 -0.6427148580551147 0.03161633387207985 0.800000011920929 0.0 1.0
v -0.43261390924453735 -0.5926513671875 0.03161633387207985 0.800000011920929 0.0 1.0
v -0.44429537653923035 -0.5325751900672913 0.036622680723667145 0.800000011920929 0.0 1.0
v -0.4659895598888397 -0.6310333609580994 0.016597287729382515 0.800000011920929 0.0 1.0
v -0.4776710271835327 -0.5742948055267334 0.029947549104690552 0.800000011920929 0.0 1.0
v -0.16060233116149902 -0.4741678237915039 0.09836763888597488 0.800000011920929 0.0 1.0
v -0.22234728932380676 -0.4891868531703949 0.0800110325217247 0.800000011920929 0.0 1.0
v -0.24404145777225494 -0.4624863266944885 0.0816798135638237 0.800000011920929 0.0 1.0
v -0.26072928309440613 -0.5192249417304993 0.06999833136796951 0.800000011920929 0.0 1.0
v -0.2890985906124115 -0.5025371313095093 0.06666076928377151 0.800000011920929 0.0 1.0
v -0.33081814646720886 -0.4925244152545929 0.05998563766479492 0.800000011920929 0.0 1.0
v -0.3892255425453186 -0.4975307881832123 0.04830415919423103 0.800000011920929 0.0 1.0
v -0.42426997423171997 -0.4841805100440979 0.04162902757525444 0.800000011920929 0.0 1.0
v -0.4726646840572357 -0.5058746933937073 0.03161633387207985 0.800000011920929 0.0 1.0
v -0.5260657072067261 -0.5025371313095093 0.02160363644361496 0.800000011920929 0.0 1.0
v -0.1839652806520462 -0.4808429479598999 0.09336128830909729 0.800000011920929 0.0 1.0
v -0.23402875661849976 -0.4908556342124939 0.0783422440290451 0.800000011920929 0.0 1.0
v -0.31579911708831787 -0.4825117290019989 0.06832955032587051 0.800000011920929 0.0 1.0
v -0.36085623502731323 -0.5108810663223267 0.056648071855306625 0.800000011920929 0.0 1.0
v -0.410919725894928 -0.4841805100440979 0.04830415919423103 0.800000011920929 0.0 1.0
v -0.42593875527381897 -0.5259000658988953 0.036622680723667145 0.800000011920929 0.0 1.0
v -0.43595147132873535 -0.4724990427494049 0.04162902757525444 0.800000011920929 0.0 1.0
v -0.45430806279182434 -0.4808429479598999 0.036622680723667145 0.800000011920929 0.0 1.0
v -0.4893524944782257 -0.5158873796463013 0.028278766199946404 0.800000011920929 0.0 1.0
v -0.5294032692909241 -0.5158873796463013 0.02160363644361496 0.800000011920929 0.0 1.0
v -0.4609832167625427 -0.11537954956293106 0.0816798135638237 0.800000011920929 0.0 1.0
v -0.4776710271835327 -0.1704493761062622 0.06999833136796951 0.800000011920929 0.0 1.0
v -0.5160530209541321 -0.1737869381904602 0.058316852897405624 0.800000011920929 0.0 1.0
v -0.5327408313751221 -0.22885677218437195 0.05331050604581833 0.800000011920929 0.0 1.0
v -0.5477598905563354 -0.2789202630519867 0.04162902757525444 0.800000011920929 0.0 1.0
v -0.5494287014007568 -0.1704493761062622 0.058316852897405624 0.800000011920929 0.0 1.0
v -0.5661165118217468 -0.22385041415691376 0.05164172500371933 0.800000011920929 0.0 1.0
v -0.5844731330871582 -0.2789202630519867 0.036622680723667145 0.800000011920929 0.0 1.0
v -0.6011609435081482 -0.33399006724357605 0.029947549104690552 0.800000011920929 0.0 1.0
v -0.6161800026893616 -0.3873911201953888 0.023272419348359108 0.800000011920929 0.0 1.0
v -0.637874186038971 -0.2505509555339813 0.026609985157847404 0.800000011920929 0.0 1.0
v -0.6545619964599609 -0.3039519786834717 0.023272419348359108 0.800000011920929 0.0 1.0
v -0.43595147132873535 -0.12706102430820465 0.0816798135638237 0.800000011920929 0.0 1.0
v -0.4760022461414337 -0.15042398869991302 0.0750046819448471 0.800000011920929 0.0 1.0
v -0.4893524944782257 -0.20048746466636658 0.06666076928377151 0.800000011920929 0.0 1.0
v -0.5010339617729187 -0.14541763067245483 0.06832955032587051 0.800000011920929 0.0 1.0
v -0.5093778967857361 -0.21050016582012177 0.058316852897405624 0.800000011920929 0.0 1.0
v -0.5193905830383301 -0.15709911286830902 0.06332319974899292 0.800000011920929 0.0 1.0
v -0.5427535772323608 -0.24387581646442413 0.05331050604581833 0.800000011920929 0.0 1.0
v -0.5544350147247314 -0.1854684203863144 0.054979290813207626 0.800000011920929 0.0 1.0
v -0.5744604468345642 -0.2922705113887787 0.03996024653315544 0.800000011920929 0.0 1.0
v -0.5861418843269348 -0.23720067739486694 0.04162902757525444 0.800000011920929 0.0 1.0
v -0.5961545705795288 -0.1821308583021164 0.04997294023633003 0.800000011920929 0.0 1.0
v -0.5878106951713562 -0.34233400225639343 0.029947549104690552 0.800000011920929 0.0 1.0
v -0.5994921922683716 -0.2889329493045807 0.03495389595627785 0.800000011920929 0.0 1.0
v -0.6095048785209656 -0.23553189635276794 0.04329781234264374 0.800000011920929 0.0 1.0
v -0.6061673164367676 -0.3673657178878784 0.024941202253103256 0.800000011920929 0.0 1.0
v -0.6161800026893616 -0.31229591369628906 0.03161633387207985 0.800000011920929 0.0 1.0
v -0.6278614401817322 -0.2572260797023773 0.03328511491417885 0.800000011920929 0.0 1.0
v -0.641211748123169 -0.3823847770690918 0.009922157973051071 0.800000011920929 0.0 1.0
v -0.6545619964599609 -0.32063981890678406 0.02160363644361496 0.800000011920929 0.0 1.0
v -0.6645746827125549 -0.2655699849128723 0.024941202253103256 0.800000011920929 0.0 1.0
v -0.4406360685825348 -0.4487471878528595 0.04412215203046799 0.800000011920929 0.0 1.0
v -0.5077221989631653 -0.4344080984592438 0.03343869373202324 0.800000011920929 0.0 1.0
v -0.45659419894218445 -0.18143951892852783 0.06935242563486099 0.800000011920929 0.0 1.0
v -0.527985155582428 -0.4810342490673065 0.024849262088537216 0.800000011920929 0.0 1.0
v -0.22585919499397278 -0.3226758539676666 0.09642373770475388 0.800000011920929 0.0 1.0
v -0.42735859751701355 -0.38099241256713867 0.05366552993655205 0.800000011920929 0.0 1.0
v -0.49392348527908325 -0.5943312048912048 0.019116755574941635 0.800000011920929 0.0 1.0
v -0.3809085786342621 -0.05689630284905434 0.09621428698301315 0.800000011920929 0.0 1.0
v -0.1609751433134079 -0.3100058436393738 0.10954933613538742 0.800000011920929 0.0 1.0
v -0.45778360962867737 -0.09590817242860794 0.07813727855682373 0.800000011920929 0.0 1.0
v -0.42676639556884766 -0.04873509705066681 0.08873879164457321 0.800000011920929 0.0 1.0
v -0.5938422083854675 -0.2592879831790924 0.03621600568294525 0.800000011920929 0.0 1.0
v -0.20501874387264252 -0.2024874985218048 0.1128595694899559 0.800000011920929 0.0 1.0
v -0.46210503578186035 -0.24263139069080353 0.061911240220069885 0.800000011920929 0.0 1.0
v -0.6712168455123901 -0.2875427007675171 0.01918025314807892 0.800000011920929 0.0 1.0
v -0.45574647188186646 -0.3187016248703003 0.055061496794223785 0.800000011920929 0.0 1.0
v -0.20864291489124298 -0.1824915111064911 0.11430520564317703 0.800000011920929 0.0 1.0
v -0.5507293939590454 -0.1417311280965805 0.05642275884747505 0.800000011920929 0.0 1.0
v -0.274112731218338 -0.2345176339149475 0.09693145006895065 0.800000011920929 0.0 1.0
v -0.06731822341680527 -0.3960748016834259 0.1175132468342781 0.800000011920929 0.0 1.0
v -0.2823251783847809 -0.42921316623687744 0.07494980096817017 0.800000011920929 0.0 1.0
v -0.4492832124233246 -0.4414108693599701 0.043322641402482986 0.800000011920929 0.0 1.0
v -0.5578609108924866 -0.1372499018907547 0.05559823289513588 0.800000011920929 0.0 1.0
v -0.2063642144203186 -0.438626229763031 0.08776459842920303 0.800000011920929 0.0 1.0
v -0.3707200586795807 -0.539293110370636 0.04730018228292465 0.800000011920929 0.0 1.0
v -0.35211431980133057 -0.5248843431472778 0.052197977900505066 0.800000011920929 0.0 1.0
v -0.4165346622467041 -0.6188929080963135 0.030596869066357613 0.800000011920929 0.0 1.0
v -0.34674736857414246 -0.5673171877861023 0.04870789870619774 0.800000011920929 0.0 1.0
v -0.5852218866348267 -0.2018130123615265 0.04383116215467453 0.800000011920929 0.0 1.0
v -0.3661692142486572 -0.5161853432655334 0.05055905133485794 0.800000011920929 0.0 1.0
v -0.27505937218666077 -0.12495787441730499 0.10828910768032074 0.800000011920929 0.0 1.0
v -0.3916248083114624 -0.2581171989440918 0.07309088110923767 0.800000011920929 0.0 1.0
v -0.1769179105758667 -0.268874853849411 0.110980324447155 0.800000011920929 0.0 1.0
v -0.5590634346008301 -0.3816595673561096 0.0296588446944952 0.800000011920929 0.0 1.0
v -0.5500822067260742 -0.1469414085149765 0.05599205940961838 0.800000011920929 0.0 1.0
v -0.461519330739975 -0.04544493183493614 0.08276891708374023 0.800000011920929 0.0 1.0
v -0.42023542523384094 -0.3640746474266052 0.05674048885703087 0.800000011920929 0.0 1.0
v -0.3733075261116028 -0.27296167612075806 0.07485774159431458 0.800000011920929 0.0 1.0
v -0.5757173299789429 -0.2373315989971161 0.04182069003582001 0.800000011920929 0.0 1.0
v -0.30246010422706604 -0.25344720482826233 0.08978742361068726 0.800000011920929 0.0 1.0
v -0.4719090759754181 -0.3135935366153717 0.05266160890460014 0.800000011920929 0.0 1.0
v -0.4916353225708008 -0.4141789376735687 0.038491226732730865 0.800000011920929 0.0 1.0
v -0.47247645258903503 -0.5476140975952148 0.027930963784456253 0.800000011920929 0.0 1.0
v -0.67031329870224 -0.28464487195014954 0.019649425521492958 0.800000011920929 0.0 1.0
v -0.2279951423406601 -0.3738821744918823 0.09064676612615585 0.800000011920929 0.0 1.0
v -0.24217955768108368 -0.3986942768096924 0.0854577049612999 0.800000011920929 0.0 1.0
v -0.4659059941768646 -0.054799869656562805 0.08098719269037247 0.800000011920929 0.0 1.0
v -0.3130244016647339 -0.5326707363128662 0.05848289653658867 0.800000011920929 0.0 1.0
v -0.13547265529632568 -0.27875399589538574 0.1174730733036995 0.800000011920929 0.0 1.0
v -0.2225690484046936 -0.4449906051158905 0.08414971083402634 0.800000011920929 0.0 1.0
v -0.4078770875930786 -0.396308958530426 0.055594302713871 0.800000011920929 0.0 1.0
v -0.13919538259506226 -0.48230212926864624 0.09537578374147415 0.800000011920929 0.0 1.0
v -0.25360921025276184 -0.2627063989639282 0.09769134223461151 0.800000011920929 0.0 1.0
v -0.47960802912712097 -0.36310768127441406 0.046051669865846634 0.800000011920929 0.0 1.0
v -0.29612013697624207 -0.4463547468185425 0.0706387311220169 0.800000011920929 0.0 1.0
v -0.2536585032939911 -0.5531764626502991 0.06711430102586746 0.800000011920929 0.0 1.0
v -0.40313443541526794 -0.29985207319259644 0.0666070431470871 0.800000011920929 0.0 1.0
v -0.415671169757843 0.008238030597567558 0.09675092995166779 0.800000011920929 0.0 1.0
v -0.512221097946167 -0.2470806986093521 0.052334751933813095 0.800000011920929 0.0 1.0
v -0.4394679665565491 -0.3625198006629944 0.053408727049827576 0.800000011920929 0.0 1.0
v -0.40180519223213196 -0.3466236889362335 0.06192653626203537 0.800000011920929 0.0 1.0
v -0.6198242902755737 -0.2741294205188751 0.02993207611143589 0.800000011920929 0.0 1.0
v -0.5244401693344116 -0.3692997992038727 0.037252094596624374 0.800000011920929 0.0 1.0
v -0.3211803138256073 -0.33368709683418274 0.07794097065925598 0.800000011920929 0.0 1.0
v -0.5103121399879456 -0.19226066768169403 0.058450762182474136 0.800000011920929 0.0 1.0
v -0.3767141103744507 -0.12801522016525269 0.08949228376150131 0.800000011920929 0.0 1.0
