v 0.671099 0.730990 -0.273203 1.0000 0.0000 0.0000
v 0.517674 -0.180532 -0.288545 1.0000 0.0000 0.0000
v 0.108843 0.573956 -0.060214 1.0000 0.0000 0.0000
v 0.535724 0.283351 -0.257860 1.0000 0.0000 0.0000
v 0.368762 0.808605 -0.136926 1.0000 0.0000 0.0000
v 0.255047 0.300499 -0.140536 1.0000 0.0000 0.0000
v 0.348005 -0.414279 -0.232591 1.0000 0.0000 0.0000
v 0.415692 0.531538 -0.189271 1.0000 0.0000 0.0000
v 0.447279 0.054117 -0.231688 1.0000 0.0000 0.0000
v 0.153065 0.804092 -0.051189 1.0000 0.0000 0.0000
v 0.614241 0.496341 -0.265080 1.0000 0.0000 0.0000
v 0.049278 0.332086 -0.059311 1.0000 0.0000 0.0000
v 0.274000 0.637130 -0.114363 1.0000 0.0000 0.0000
v 0.511357 0.690378 -0.205516 1.0000 0.0000 0.0000
v 0.231582 0.471973 -0.116168 1.0000 0.0000 0.0000
v 0.405764 0.365479 -0.190173 1.0000 0.0000 0.0000
v 0.492404 -0.355617 -0.285838 1.0000 0.0000 0.0000
v 0.383202 -0.244610 -0.229883 1.0000 0.0000 0.0000
v 0.576336 0.120902 -0.289448 1.0000 0.0000 0.0000
v 0.403057 -0.085770 -0.232591 1.0000 0.0000 0.0000
v 0.531211 -0.047865 -0.282228 1.0000 0.0000 0.0000
v 0.386812 0.678645 -0.163098 1.0000 0.0000 0.0000
v 0.518577 0.409701 -0.233493 1.0000 0.0000 0.0000
v 0.462622 0.182272 -0.226273 1.0000 0.0000 0.0000
v 0.612436 0.619983 -0.259665 1.0000 0.0000 0.0000
v 0.159383 0.374504 -0.096313 1.0000 0.0000 0.0000
v 0.162993 0.686768 -0.069238 1.0000 0.0000 0.0000
v 0.263170 0.767992 -0.103533 1.0000 0.0000 0.0000
v 0.335370 0.442191 -0.155878 1.0000 0.0000 0.0000
v 0.374177 0.260789 -0.192881 1.0000 0.0000 0.0000
v 0.523089 0.565833 -0.228078 1.0000 0.0000 0.0000
v 0.462622 0.779725 -0.179343 1.0000 0.0000 0.0000
v 0.607021 0.379016 -0.280423 1.0000 0.0000 0.0000
v 0.205410 0.564931 -0.106241 1.0000 0.0000 0.0000
v 0.320027 0.558613 -0.147756 1.0000 0.0000 0.0000
v 0.583556 0.749943 -0.228078 1.0000 0.0000 0.0000
v 0.144040 0.490926 -0.083678 1.0000 0.0000 0.0000
v 0.472549 -0.265367 -0.275008 1.0000 0.0000 0.0000
v 0.402154 -0.331249 -0.244323 1.0000 0.0000 0.0000
v 0.435547 -0.166995 -0.251543 1.0000 0.0000 0.0000
v 0.452694 0.612763 -0.195588 1.0000 0.0000 0.0000
v 0.457207 0.288766 -0.217248 1.0000 0.0000 0.0000
v 0.264072 0.386236 -0.136023 1.0000 0.0000 0.0000
v 0.484282 0.487316 -0.216346 1.0000 0.0000 0.0000
v 0.541139 0.043287 -0.279520 1.0000 0.0000 0.0000
v 0.433742 -0.411572 -0.263275 1.0000 0.0000 0.0000
v 0.085378 0.411506 -0.062018 1.0000 0.0000 0.0000
v 0.311002 0.709330 -0.135121 1.0000 0.0000 0.0000
v 0.331760 0.346526 -0.164903 1.0000 0.0000 0.0000
v 0.562799 0.208444 -0.267788 1.0000 0.0000 0.0000
v 0.181042 0.288766 -0.113461 1.0000 0.0000 0.0000
v 0.230680 0.835680 -0.078263 1.0000 0.0000 0.0000
v 0.466232 -0.032523 -0.243420 1.0000 0.0000 0.0000
v 0.405764 0.442191 -0.185661 1.0000 0.0000 0.0000
v 0.506844 0.107364 -0.256055 1.0000 0.0000 0.0000
v 0.384104 0.596518 -0.169416 1.0000 0.0000 0.0000
v 0.476159 -0.107430 -0.255153 1.0000 0.0000 0.0000
v 0.110648 0.307719 -0.084581 1.0000 0.0000 0.0000
v 0.471647 0.357356 -0.219053 1.0000 0.0000 0.0000
v 0.570921 0.675938 -0.238005 1.0000 0.0000 0.0000
v 0.549261 0.351039 -0.252445 1.0000 0.0000 0.0000
v 0.201800 0.634423 -0.088191 1.0000 0.0000 0.0000
v 0.642219 0.561321 -0.275910 1.0000 0.0000 0.0000
v 0.525797 0.776115 -0.204613 1.0000 0.0000 0.0000
v 0.221655 0.707525 -0.095411 1.0000 0.0000 0.0000
v 0.573629 0.443093 -0.253348 1.0000 0.0000 0.0000
v 0.292952 0.490926 -0.136023 1.0000 0.0000 0.0000
v 0.392227 0.744528 -0.162196 1.0000 0.0000 0.0000
v 0.311002 0.274326 -0.162196 1.0000 0.0000 0.0000
v 0.199995 0.767992 -0.084581 1.0000 0.0000 0.0000
v 0.332662 0.634423 -0.142341 1.0000 0.0000 0.0000
v 0.084475 0.493633 -0.053896 1.0000 0.0000 0.0000
v 0.488794 -0.424207 -0.290350 1.0000 0.0000 0.0000
v 0.581751 0.559516 -0.247933 1.0000 0.0000 0.0000
v 0.187360 0.430458 -0.102631 1.0000 0.0000 0.0000
v 0.453597 0.703013 -0.186563 1.0000 0.0000 0.0000
v 0.491502 0.235519 -0.238908 1.0000 0.0000 0.0000
v 0.361542 0.508976 -0.171221 1.0000 0.0000 0.0000
v 0.512259 0.629910 -0.215443 1.0000 0.0000 0.0000
v 0.383202 -0.179630 -0.222663 1.0000 0.0000 0.0000
v 0.308295 0.807702 -0.113461 1.0000 0.0000 0.0000
v 0.593484 0.317646 -0.277715 1.0000 0.0000 0.0000
v 0.144040 0.622690 -0.068336 1.0000 0.0000 0.0000
v 0.625974 0.690378 -0.257860 1.0000 0.0000 0.0000
v 0.456304 0.419628 -0.209126 1.0000 0.0000 0.0000
v 0.261365 0.578468 -0.123388 1.0000 0.0000 0.0000
v 0.216240 0.354649 -0.120681 1.0000 0.0000 0.0000
v 0.150358 0.743625 -0.060214 1.0000 0.0000 0.0000
v 0.415692 -0.008155 -0.225371 1.0000 0.0000 0.0000
v 0.539334 0.492731 -0.236201 1.0000 0.0000 0.0000
v 0.662976 0.647960 -0.274105 1.0000 0.0000 0.0000
v 0.526699 -0.109235 -0.282228 1.0000 0.0000 0.0000
v 0.335370 0.762577 -0.133316 1.0000 0.0000 0.0000
v 0.360639 0.396164 -0.178441 1.0000 0.0000 0.0000
v 0.472549 0.539661 -0.202808 1.0000 0.0000 0.0000
v 0.561896 0.618178 -0.236201 1.0000 0.0000 0.0000
v 0.500527 0.007187 -0.259665 1.0000 0.0000 0.0000
v 0.444572 -0.223852 -0.252445 1.0000 0.0000 0.0000
v 0.510454 0.166929 -0.247030 1.0000 0.0000 0.0000
v 0.461719 0.129024 -0.233493 1.0000 0.0000 0.0000
v 0.138625 0.434971 -0.080971 1.0000 0.0000 0.0000
v 0.200897 0.509878 -0.098118 1.0000 0.0000 0.0000
v 0.419302 -0.283417 -0.253348 1.0000 0.0000 0.0000
v 0.382299 0.311329 -0.197393 1.0000 0.0000 0.0000
v 0.578141 0.257179 -0.271398 1.0000 0.0000 0.0000
v 0.154870 0.564028 -0.080068 1.0000 0.0000 0.0000
v 0.451792 -0.333054 -0.265983 1.0000 0.0000 0.0000
v 0.390422 -0.391717 -0.247030 1.0000 0.0000 0.0000
v 0.510454 -0.234682 -0.284935 1.0000 0.0000 0.0000
v 0.357029 -0.324932 -0.224468 1.0000 0.0000 0.0000
v 0.260462 0.529733 -0.125193 1.0000 0.0000 0.0000
v 0.309197 0.394359 -0.152268 1.0000 0.0000 0.0000
v 0.282122 0.443996 -0.142341 1.0000 0.0000 0.0000
v 0.398544 -0.133602 -0.226273 1.0000 0.0000 0.0000
v 0.410277 0.637130 -0.173026 1.0000 0.0000 0.0000
v 0.439157 0.490023 -0.193783 1.0000 0.0000 0.0000
v 0.431034 0.326671 -0.201906 1.0000 0.0000 0.0000
v 0.091695 0.350136 -0.074653 1.0000 0.0000 0.0000
v 0.416594 0.785140 -0.165806 1.0000 0.0000 0.0000
v 0.555579 0.162417 -0.273203 1.0000 0.0000 0.0000
v 0.500527 -0.309589 -0.284935 1.0000 0.0000 0.0000
v 0.354322 0.713843 -0.148658 1.0000 0.0000 0.0000
v 0.632291 0.742723 -0.252445 1.0000 0.0000 0.0000
v 0.489697 0.062239 -0.245225 1.0000 0.0000 0.0000
v 0.449987 0.239129 -0.221761 1.0000 0.0000 0.0000
v 0.246022 0.426848 -0.121583 1.0000 0.0000 0.0000
v 0.507747 0.310426 -0.236201 1.0000 0.0000 0.0000
v 0.262267 0.692183 -0.105338 1.0000 0.0000 0.0000
v 0.170213 0.331184 -0.106241 1.0000 0.0000 0.0000
v 0.235192 0.610055 -0.103533 1.0000 0.0000 0.0000
v 0.445474 -0.071330 -0.241615 1.0000 0.0000 0.0000
v 0.446377 0.658790 -0.185661 1.0000 0.0000 0.0000
v 0.490599 -0.147140 -0.265080 1.0000 0.0000 0.0000
v 0.475257 -0.194972 -0.262373 1.0000 0.0000 0.0000
v 0.345297 0.296889 -0.175733 1.0000 0.0000 0.0000
v 0.190067 0.809507 -0.072848 1.0000 0.0000 0.0000
v 0.437352 0.568541 -0.189271 1.0000 0.0000 0.0000
v 0.210825 0.397066 -0.117973 1.0000 0.0000 0.0000
v 0.296562 0.603738 -0.128803 1.0000 0.0000 0.0000
v 0.549261 -0.009058 -0.281325 1.0000 0.0000 0.0000
v 0.511357 0.365479 -0.232591 1.0000 0.0000 0.0000
v 0.371469 0.468363 -0.176636 1.0000 0.0000 0.0000
v 0.495112 0.447606 -0.225371 1.0000 0.0000 0.0000
v 0.118770 0.534246 -0.070141 1.0000 0.0000 0.0000
v 0.500527 -0.067720 -0.261470 1.0000 0.0000 0.0000
v 0.441864 0.743625 -0.177538 1.0000 0.0000 0.0000
v 0.406667 -0.211217 -0.238005 1.0000 0.0000 0.0000
v 0.574531 0.395261 -0.260568 1.0000 0.0000 0.0000
v 0.184652 0.725575 -0.074653 1.0000 0.0000 0.0000
v 0.311905 0.667815 -0.129706 1.0000 0.0000 0.0000
v 0.422009 0.268009 -0.211833 1.0000 0.0000 0.0000
v 0.326345 0.518001 -0.148658 1.0000 0.0000 0.0000
v 0.574531 0.499951 -0.256055 1.0000 0.0000 0.0000
v 0.441864 -0.125480 -0.242518 1.0000 0.0000 0.0000
v 0.537529 0.720160 -0.214541 1.0000 0.0000 0.0000
v 0.604314 0.421433 -0.268690 1.0000 0.0000 0.0000
v 0.339882 0.593810 -0.149561 1.0000 0.0000 0.0000
v 0.181042 0.600128 -0.082776 1.0000 0.0000 0.0000
v 0.533919 0.663303 -0.225371 1.0000 0.0000 0.0000
v 0.441864 -0.371862 -0.269593 1.0000 0.0000 0.0000
v 0.594386 0.708428 -0.240713 1.0000 0.0000 0.0000
v 0.483379 0.724673 -0.201003 1.0000 0.0000 0.0000
v 0.526699 0.221982 -0.250640 1.0000 0.0000 0.0000
v 0.518577 0.527026 -0.233493 1.0000 0.0000 0.0000
v 0.298367 0.357356 -0.144146 1.0000 0.0000 0.0000
v 0.196385 0.673230 -0.089996 1.0000 0.0000 0.0000
v 0.116965 0.466558 -0.069238 1.0000 0.0000 0.0000
v 0.530309 0.076679 -0.262373 1.0000 0.0000 0.0000
v 0.379592 -0.283417 -0.231688 1.0000 0.0000 0.0000
v 0.115160 0.657888 -0.060214 1.0000 0.0000 0.0000
v 0.216240 0.315841 -0.122486 1.0000 0.0000 0.0000
v 0.232485 0.745430 -0.096313 1.0000 0.0000 0.0000
v 0.354322 -0.376374 -0.228078 1.0000 0.0000 0.0000
v 0.299270 0.755357 -0.121583 1.0000 0.0000 0.0000
v 0.479769 0.587493 -0.206418 1.0000 0.0000 0.0000
v 0.390422 0.558613 -0.172123 1.0000 0.0000 0.0000
v 0.501429 0.272521 -0.241615 1.0000 0.0000 0.0000
v 0.162993 0.527026 -0.083678 1.0000 0.0000 0.0000
v 0.644926 0.608250 -0.275008 1.0000 0.0000 0.0000
v 0.098915 0.610055 -0.055701 1.0000 0.0000 0.0000
v 0.478867 0.656083 -0.204613 1.0000 0.0000 0.0000
v 0.253242 0.350136 -0.135121 1.0000 0.0000 0.0000
v 0.417497 0.399774 -0.200101 1.0000 0.0000 0.0000
v 0.451792 0.092924 -0.230786 1.0000 0.0000 0.0000
v 0.267682 0.729185 -0.107143 1.0000 0.0000 0.0000
v 0.437352 0.453021 -0.201906 1.0000 0.0000 0.0000
v 0.364249 0.348331 -0.182051 1.0000 0.0000 0.0000
v 0.375079 0.633520 -0.163098 1.0000 0.0000 0.0000
v 0.529406 0.456631 -0.234396 1.0000 0.0000 0.0000
v 0.412082 -0.050573 -0.230786 1.0000 0.0000 0.0000
v 0.239705 0.793262 -0.092703 1.0000 0.0000 0.0000
v 0.287537 0.313134 -0.149561 1.0000 0.0000 0.0000
v 0.487892 0.397066 -0.219956 1.0000 0.0000 0.0000
v 0.404862 0.494536 -0.184758 1.0000 0.0000 0.0000
v 0.467134 -0.396229 -0.285838 1.0000 0.0000 0.0000
v 0.354322 0.675938 -0.148658 1.0000 0.0000 0.0000
v 0.460817 0.021627 -0.237103 1.0000 0.0000 0.0000
v 0.339882 0.477388 -0.163098 1.0000 0.0000 0.0000
v 0.076353 0.377211 -0.057506 1.0000 0.0000 0.0000
v 0.229777 0.649765 -0.103533 1.0000 0.0000 0.0000
v 0.615144 0.542368 -0.263275 1.0000 0.0000 0.0000
v 0.422912 0.692183 -0.173026 1.0000 0.0000 0.0000
v 0.149455 0.304109 -0.099021 1.0000 0.0000 0.0000
v 0.184652 0.479193 -0.100826 1.0000 0.0000 0.0000
v 0.438254 0.360064 -0.210931 1.0000 0.0000 0.0000
v 0.565506 0.314939 -0.257860 1.0000 0.0000 0.0000
v 0.591679 0.196712 -0.282228 1.0000 0.0000 0.0000
v 0.105233 0.386236 -0.073751 1.0000 0.0000 0.0000
v 0.423814 -0.250025 -0.245225 1.0000 0.0000 0.0000
v 0.554676 0.579370 -0.241615 1.0000 0.0000 0.0000
v 0.557384 0.527026 -0.244323 1.0000 0.0000 0.0000
v 0.601606 0.665108 -0.247933 1.0000 0.0000 0.0000
v 0.460817 -0.300564 -0.269593 1.0000 0.0000 0.0000
v 0.264072 0.478291 -0.123388 1.0000 0.0000 0.0000
v 0.350712 0.550491 -0.159488 1.0000 0.0000 0.0000
v 0.653951 0.683158 -0.275008 1.0000 0.0000 0.0000
v 0.559189 0.075777 -0.279520 1.0000 0.0000 0.0000
v 0.508649 -0.025303 -0.260568 1.0000 0.0000 0.0000
v 0.169310 0.654278 -0.073751 1.0000 0.0000 0.0000
v 0.533919 -0.141725 -0.284935 1.0000 0.0000 0.0000
v 0.590776 0.595615 -0.252445 1.0000 0.0000 0.0000
v 0.533919 0.189492 -0.254250 1.0000 0.0000 0.0000
v 0.551066 0.755357 -0.223566 1.0000 0.0000 0.0000
v 0.601606 0.455728 -0.265983 1.0000 0.0000 0.0000
v 0.510454 0.041482 -0.260568 1.0000 0.0000 0.0000
v 0.372372 0.777920 -0.148658 1.0000 0.0000 0.0000
v 0.541139 0.134439 -0.263275 1.0000 0.0000 0.0000
v 0.461719 0.321256 -0.219053 1.0000 0.0000 0.0000
v 0.293855 0.548686 -0.130608 1.0000 0.0000 0.0000
v 0.513162 0.746333 -0.210028 1.0000 0.0000 0.0000
v 0.363347 0.433166 -0.170318 1.0000 0.0000 0.0000
v 0.494209 0.778822 -0.187466 1.0000 0.0000 0.0000
v 0.188262 0.371796 -0.110753 1.0000 0.0000 0.0000
v 0.312807 0.462046 -0.144146 1.0000 0.0000 0.0000
v 0.632291 0.658790 -0.258763 1.0000 0.0000 0.0000
v 0.396739 0.712940 -0.164903 1.0000 0.0000 0.0000
v 0.280317 0.813117 -0.099021 1.0000 0.0000 0.0000
v 0.479769 -0.231975 -0.276813 1.0000 0.0000 0.0000
v 0.482477 0.092924 -0.240713 1.0000 0.0000 0.0000
v 0.404862 -0.421499 -0.254250 1.0000 0.0000 0.0000
v 0.482477 0.691280 -0.192881 1.0000 0.0000 0.0000
v 0.477964 0.158807 -0.240713 1.0000 0.0000 0.0000
v 0.094403 0.444898 -0.065628 1.0000 0.0000 0.0000
v 0.143138 0.774310 -0.052994 1.0000 0.0000 0.0000
v 0.634096 0.520708 -0.275910 1.0000 0.0000 0.0000
v 0.545651 0.243641 -0.263275 1.0000 0.0000 0.0000
v 0.122380 0.349234 -0.080971 1.0000 0.0000 0.0000
v 0.425619 0.033360 -0.222663 1.0000 0.0000 0.0000
v 0.164798 0.409701 -0.096313 1.0000 0.0000 0.0000
v 0.277610 0.282449 -0.152268 1.0000 0.0000 0.0000
v 0.546554 0.402481 -0.245225 1.0000 0.0000 0.0000
v 0.228875 0.521611 -0.105338 1.0000 0.0000 0.0000
v 0.363347 0.743625 -0.146853 1.0000 0.0000 0.0000
v 0.156675 0.460241 -0.082776 1.0000 0.0000 0.0000
v 0.408472 -0.361032 -0.250640 1.0000 0.0000 0.0000
v 0.320930 0.310426 -0.162196 1.0000 0.0000 0.0000
v 0.530309 0.605543 -0.221761 1.0000 0.0000 0.0000
v 0.588069 0.345624 -0.265983 1.0000 0.0000 0.0000
v 0.334467 0.793262 -0.134218 1.0000 0.0000 0.0000
v 0.386812 0.526123 -0.172123 1.0000 0.0000 0.0000
v 0.537529 0.323061 -0.248835 1.0000 0.0000 0.0000
v 0.234290 0.279741 -0.132413 1.0000 0.0000 0.0000
v 0.577239 0.646155 -0.238908 1.0000 0.0000 0.0000
v 0.516772 -0.264465 -0.284935 1.0000 0.0000 0.0000
v 0.494209 0.337501 -0.233493 1.0000 0.0000 0.0000
v 0.305587 0.636228 -0.128803 1.0000 0.0000 0.0000
v 0.133210 0.681353 -0.066531 1.0000 0.0000 0.0000
v 0.503234 0.195809 -0.242518 1.0000 0.0000 0.0000
v 0.177432 0.755357 -0.069238 1.0000 0.0000 0.0000
v 0.341687 0.413311 -0.161293 1.0000 0.0000 0.0000
v 0.214435 0.448508 -0.108948 1.0000 0.0000 0.0000
v 0.412984 0.607348 -0.173928 1.0000 0.0000 0.0000
v 0.134113 0.585688 -0.071043 1.0000 0.0000 0.0000
v 0.448182 0.388041 -0.208223 1.0000 0.0000 0.0000
v 0.194580 0.538758 -0.094508 1.0000 0.0000 0.0000
v 0.131405 0.406091 -0.080068 1.0000 0.0000 0.0000
v 0.464427 0.458436 -0.212736 1.0000 0.0000 0.0000
v 0.469842 0.749040 -0.185661 1.0000 0.0000 0.0000
v 0.450889 -0.252732 -0.256958 1.0000 0.0000 0.0000
v 0.560994 0.714745 -0.231688 1.0000 0.0000 0.0000
v 0.411179 -0.163385 -0.235298 1.0000 0.0000 0.0000
v 0.551969 0.106462 -0.281325 1.0000 0.0000 0.0000
v 0.509552 0.496341 -0.228078 1.0000 0.0000 0.0000
v 0.437352 -0.310492 -0.254250 1.0000 0.0000 0.0000
v 0.285732 0.785140 -0.110753 1.0000 0.0000 0.0000
v 0.621461 0.577566 -0.263275 1.0000 0.0000 0.0000
v 0.302880 0.422336 -0.146853 1.0000 0.0000 0.0000
v 0.109745 0.499048 -0.067433 1.0000 0.0000 0.0000
v 0.444572 0.540563 -0.192881 1.0000 0.0000 0.0000
v 0.396739 0.414213 -0.185661 1.0000 0.0000 0.0000
v 0.584459 0.229201 -0.275910 1.0000 0.0000 0.0000
v 0.650341 0.709330 -0.263275 1.0000 0.0000 0.0000
v 0.540236 0.430458 -0.239810 1.0000 0.0000 0.0000
v 0.291147 0.686768 -0.123388 1.0000 0.0000 0.0000
v 0.504137 -0.204900 -0.281325 1.0000 0.0000 0.0000
v 0.572726 0.284254 -0.263275 1.0000 0.0000 0.0000
v 0.520382 -0.079453 -0.278618 1.0000 0.0000 0.0000
v 0.144040 0.332989 -0.094508 1.0000 0.0000 0.0000
v 0.234290 0.382626 -0.126096 1.0000 0.0000 0.0000
v 0.254145 0.660595 -0.113461 1.0000 0.0000 0.0000
v 0.412984 0.305011 -0.205516 1.0000 0.0000 0.0000
v 0.085378 0.313134 -0.072848 1.0000 0.0000 0.0000
v 0.253242 0.820337 -0.094508 1.0000 0.0000 0.0000
v 0.494209 -0.281612 -0.284033 1.0000 0.0000 0.0000
v 0.171115 0.785140 -0.062018 1.0000 0.0000 0.0000
v 0.172920 0.627203 -0.083678 1.0000 0.0000 0.0000
v 0.520382 0.251764 -0.244323 1.0000 0.0000 0.0000
v 0.438254 -0.194972 -0.249738 1.0000 0.0000 0.0000
v 0.581751 0.472876 -0.253348 1.0000 0.0000 0.0000
v 0.469842 -0.167897 -0.256958 1.0000 0.0000 0.0000
v 0.181945 0.564931 -0.090898 1.0000 0.0000 0.0000
v 0.541139 0.636228 -0.226273 1.0000 0.0000 0.0000
v 0.495112 0.518903 -0.219956 1.0000 0.0000 0.0000
v 0.333565 0.692183 -0.139633 1.0000 0.0000 0.0000
v 0.376884 0.373601 -0.176636 1.0000 0.0000 0.0000
v 0.155773 0.716550 -0.063823 1.0000 0.0000 0.0000
v 0.327247 0.731893 -0.134218 1.0000 0.0000 0.0000
v 0.227972 0.581175 -0.105338 1.0000 0.0000 0.0000
v 0.428327 -0.102015 -0.237103 1.0000 0.0000 0.0000
v 0.501429 0.604640 -0.213638 1.0000 0.0000 0.0000
v 0.340785 0.379919 -0.168513 1.0000 0.0000 0.0000
v 0.471647 -0.058695 -0.249738 1.0000 0.0000 0.0000
v 0.461719 -0.423304 -0.285838 1.0000 0.0000 0.0000
v 0.485184 0.560418 -0.215443 1.0000 0.0000 0.0000
v 0.367859 -0.352909 -0.231688 1.0000 0.0000 0.0000
v 0.401252 -0.263562 -0.238005 1.0000 0.0000 0.0000
v 0.515869 0.140757 -0.252445 1.0000 0.0000 0.0000
v 0.603411 0.735503 -0.239810 1.0000 0.0000 0.0000
v 0.197287 0.334794 -0.117973 1.0000 0.0000 0.0000
v 0.300172 0.517098 -0.136023 1.0000 0.0000 0.0000
v 0.472549 0.253569 -0.225371 1.0000 0.0000 0.0000
v 0.206312 0.740015 -0.081873 1.0000 0.0000 0.0000
v 0.314612 0.777920 -0.124291 1.0000 0.0000 0.0000
v 0.405764 0.580273 -0.176636 1.0000 0.0000 0.0000
v 0.457207 0.208444 -0.223566 1.0000 0.0000 0.0000
v 0.376884 -0.413377 -0.238908 1.0000 0.0000 0.0000
v 0.190970 0.696695 -0.078263 1.0000 0.0000 0.0000
v 0.375079 0.286961 -0.187466 1.0000 0.0000 0.0000
v 0.433742 0.716550 -0.174831 1.0000 0.0000 0.0000
v 0.220752 0.421433 -0.113461 1.0000 0.0000 0.0000
v 0.477062 -0.333957 -0.283130 1.0000 0.0000 0.0000
v 0.395837 -0.303272 -0.238908 1.0000 0.0000 0.0000
v 0.545651 0.686768 -0.220858 1.0000 0.0000 0.0000
v 0.209922 0.610055 -0.094508 1.0000 0.0000 0.0000
v 0.533016 0.102852 -0.260568 1.0000 0.0000 0.0000
v 0.482477 0.027945 -0.250640 1.0000 0.0000 0.0000
v 0.462622 -0.007253 -0.249738 1.0000 0.0000 0.0000
v 0.566409 0.049605 -0.283130 1.0000 0.0000 0.0000
v 0.437352 -0.022595 -0.228981 1.0000 0.0000 0.0000
v 0.298367 0.726478 -0.119778 1.0000 0.0000 0.0000
v 0.450889 0.152489 -0.228981 1.0000 0.0000 0.0000
v 0.639511 0.634423 -0.265080 1.0000 0.0000 0.0000
v 0.552871 0.554101 -0.235298 1.0000 0.0000 0.0000
v 0.318222 0.487316 -0.147756 1.0000 0.0000 0.0000
v 0.568214 0.184077 -0.280423 1.0000 0.0000 0.0000
v 0.444572 -0.278905 -0.257860 1.0000 0.0000 0.0000
v 0.532114 0.380821 -0.245225 1.0000 0.0000 0.0000
v 0.481574 0.427751 -0.215443 1.0000 0.0000 0.0000
v 0.461719 0.516196 -0.200101 1.0000 0.0000 0.0000
v 0.435547 0.635325 -0.182953 1.0000 0.0000 0.0000
v 0.155773 0.833875 -0.059311 1.0000 0.0000 0.0000
v 0.135015 0.380821 -0.084581 1.0000 0.0000 0.0000
v 0.459914 -0.139920 -0.254250 1.0000 0.0000 0.0000
v 0.480672 0.286961 -0.228078 1.0000 0.0000 0.0000
v 0.098013 0.554101 -0.047579 1.0000 0.0000 0.0000
v 0.227070 0.552296 -0.112558 1.0000 0.0000 0.0000
v 0.375982 0.700305 -0.154073 1.0000 0.0000 0.0000
v 0.521284 0.343819 -0.242518 1.0000 0.0000 0.0000
v 0.414789 -0.387204 -0.254250 1.0000 0.0000 0.0000
v 0.412984 0.662400 -0.176636 1.0000 0.0000 0.0000
v 0.620559 0.468363 -0.277715 1.0000 0.0000 0.0000
v 0.286635 0.579370 -0.126998 1.0000 0.0000 0.0000
v 0.521284 -0.012668 -0.278618 1.0000 0.0000 0.0000
v 0.398544 0.471071 -0.177538 1.0000 0.0000 0.0000
v 0.154870 0.598323 -0.077361 1.0000 0.0000 0.0000
v 0.468939 -0.363739 -0.283130 1.0000 0.0000 0.0000
v 0.496917 -0.173312 -0.276813 1.0000 0.0000 0.0000
v 0.573629 0.365479 -0.262373 1.0000 0.0000 0.0000
v 0.265877 0.324866 -0.146853 1.0000 0.0000 0.0000
v 0.273097 0.421433 -0.137828 1.0000 0.0000 0.0000
v 0.620559 0.719258 -0.247030 1.0000 0.0000 0.0000
v 0.391324 0.390749 -0.191076 1.0000 0.0000 0.0000
v 0.218947 0.683158 -0.089996 1.0000 0.0000 0.0000
v 0.551066 0.451216 -0.247030 1.0000 0.0000 0.0000
v 0.271292 0.613665 -0.120681 1.0000 0.0000 0.0000
v 0.411179 0.339306 -0.195588 1.0000 0.0000 0.0000
v 0.455402 0.679548 -0.194686 1.0000 0.0000 0.0000
v 0.581751 0.536953 -0.256958 1.0000 0.0000 0.0000
v 0.399447 0.790555 -0.149561 1.0000 0.0000 0.0000
v 0.367859 0.610055 -0.157683 1.0000 0.0000 0.0000
v 0.129600 0.703013 -0.056604 1.0000 0.0000 0.0000
v 0.425619 -0.142627 -0.238005 1.0000 0.0000 0.0000
v 0.436449 0.299596 -0.211833 1.0000 0.0000 0.0000
v 0.468939 0.050507 -0.242518 1.0000 0.0000 0.0000
v 0.506844 -0.098405 -0.273203 1.0000 0.0000 0.0000
v 0.208117 0.479193 -0.105338 1.0000 0.0000 0.0000
v 0.492404 -0.046060 -0.256055 1.0000 0.0000 0.0000
v 0.418399 0.463851 -0.188368 1.0000 0.0000 0.0000
v 0.324540 0.608250 -0.138731 1.0000 0.0000 0.0000
v 0.207215 0.294181 -0.125193 1.0000 0.0000 0.0000
v 0.162090 0.432263 -0.089996 1.0000 0.0000 0.0000
v 0.359737 0.571248 -0.153171 1.0000 0.0000 0.0000
v 0.505942 0.468363 -0.224468 1.0000 0.0000 0.0000
v 0.606119 0.342014 -0.280423 1.0000 0.0000 0.0000
v 0.257755 0.507171 -0.119778 1.0000 0.0000 0.0000
v 0.502332 0.081192 -0.249738 1.0000 0.0000 0.0000
v 0.227070 0.767090 -0.089996 1.0000 0.0000 0.0000
v 0.212630 0.822142 -0.083678 1.0000 0.0000 0.0000
v 0.276707 0.708428 -0.113461 1.0000 0.0000 0.0000
v 0.245120 0.405188 -0.129706 1.0000 0.0000 0.0000
v 0.376884 -0.318614 -0.234396 1.0000 0.0000 0.0000
v 0.219850 0.797775 -0.081873 1.0000 0.0000 0.0000
v 0.489697 0.138952 -0.240713 1.0000 0.0000 0.0000
v 0.466232 0.570346 -0.199198 1.0000 0.0000 0.0000
v 0.557384 0.381724 -0.253348 1.0000 0.0000 0.0000
v 0.540236 -0.088478 -0.285838 1.0000 0.0000 0.0000
v 0.143138 0.518903 -0.075556 1.0000 0.0000 0.0000
v 0.392227 0.271619 -0.201906 1.0000 0.0000 0.0000
v 0.443669 -0.042450 -0.238005 1.0000 0.0000 0.0000
v 0.482477 -0.087575 -0.264178 1.0000 0.0000 0.0000
v 0.465329 0.639838 -0.196491 1.0000 0.0000 0.0000
v 0.469842 0.229201 -0.226273 1.0000 0.0000 0.0000
v 0.195482 0.459338 -0.099923 1.0000 0.0000 0.0000
v 0.433742 0.764382 -0.173928 1.0000 0.0000 0.0000
v 0.515869 0.438581 -0.233493 1.0000 0.0000 0.0000
v 0.498722 0.578468 -0.214541 1.0000 0.0000 0.0000
v 0.434644 0.601030 -0.189271 1.0000 0.0000 0.0000
v 0.137723 0.545978 -0.068336 1.0000 0.0000 0.0000
v 0.242412 0.703915 -0.102631 1.0000 0.0000 0.0000
v 0.258657 0.802287 -0.106241 1.0000 0.0000 0.0000
v 0.505039 0.721063 -0.203711 1.0000 0.0000 0.0000
v 0.395837 0.620885 -0.169416 1.0000 0.0000 0.0000
v 0.359737 0.641643 -0.149561 1.0000 0.0000 0.0000
v 0.536626 0.170539 -0.265080 1.0000 0.0000 0.0000
v 0.561896 0.135342 -0.281325 1.0000 0.0000 0.0000
v 0.276707 0.354649 -0.142341 1.0000 0.0000 0.0000
v 0.235192 0.445801 -0.123388 1.0000 0.0000 0.0000
v 0.477062 0.198517 -0.228981 1.0000 0.0000 0.0000
v 0.456304 -0.109235 -0.246128 1.0000 0.0000 0.0000
v 0.443669 0.270716 -0.210931 1.0000 0.0000 0.0000
v 0.550164 0.267106 -0.256055 1.0000 0.0000 0.0000
v 0.245120 0.564028 -0.109851 1.0000 0.0000 0.0000
v 0.340785 0.660595 -0.141438 1.0000 0.0000 0.0000
v 0.606119 0.564028 -0.256055 1.0000 0.0000 0.0000
v 0.244217 0.315841 -0.129706 1.0000 0.0000 0.0000
v 0.424717 0.435873 -0.198296 1.0000 0.0000 0.0000
v 0.254145 0.459338 -0.126096 1.0000 0.0000 0.0000
v 0.411179 -0.190460 -0.234396 1.0000 0.0000 0.0000
v 0.118770 0.632618 -0.057506 1.0000 0.0000 0.0000
v 0.371469 0.489121 -0.171221 1.0000 0.0000 0.0000
v 0.115160 0.419628 -0.076458 1.0000 0.0000 0.0000
v 0.565506 0.413311 -0.253348 1.0000 0.0000 0.0000
v 0.126893 0.721965 -0.046676 1.0000 0.0000 0.0000
v 0.514967 -0.054183 -0.269593 1.0000 0.0000 0.0000
v 0.184652 0.647058 -0.089996 1.0000 0.0000 0.0000
v 0.125088 0.602835 -0.062018 1.0000 0.0000 0.0000
v 0.514967 0.545076 -0.222663 1.0000 0.0000 0.0000
v 0.422009 -0.220242 -0.249738 1.0000 0.0000 0.0000
v 0.468939 0.076679 -0.238005 1.0000 0.0000 0.0000
v 0.315515 0.361869 -0.155878 1.0000 0.0000 0.0000
v 0.597094 0.368186 -0.265080 1.0000 0.0000 0.0000
v 0.513162 -0.125480 -0.280423 1.0000 0.0000 0.0000
v 0.187360 0.827557 -0.062018 1.0000 0.0000 0.0000
v 0.454499 -0.181435 -0.251543 1.0000 0.0000 0.0000
v 0.551969 0.656985 -0.234396 1.0000 0.0000 0.0000
v 0.565506 0.237324 -0.266885 1.0000 0.0000 0.0000
v 0.487892 -0.252732 -0.282228 1.0000 0.0000 0.0000
v 0.473452 0.615470 -0.198296 1.0000 0.0000 0.0000
v 0.404862 0.515293 -0.181148 1.0000 0.0000 0.0000
v 0.488794 0.315841 -0.228981 1.0000 0.0000 0.0000
v 0.459914 -0.210315 -0.256958 1.0000 0.0000 0.0000
v 0.289342 0.648863 -0.122486 1.0000 0.0000 0.0000
v 0.467134 -0.240097 -0.260568 1.0000 0.0000 0.0000
v 0.409374 0.255374 -0.201003 1.0000 0.0000 0.0000
v 0.196385 0.405188 -0.105338 1.0000 0.0000 0.0000
v 0.382299 0.427751 -0.179343 1.0000 0.0000 0.0000
v 0.615144 0.596518 -0.257860 1.0000 0.0000 0.0000
v 0.497819 0.215664 -0.244323 1.0000 0.0000 0.0000
v 0.137723 0.461143 -0.074653 1.0000 0.0000 0.0000
v 0.103428 0.527026 -0.058409 1.0000 0.0000 0.0000
v 0.394934 -0.226560 -0.230786 1.0000 0.0000 0.0000
v 0.426522 0.548686 -0.185661 1.0000 0.0000 0.0000
v 0.374177 0.665108 -0.154073 1.0000 0.0000 0.0000
v 0.385909 0.453923 -0.173928 1.0000 0.0000 0.0000
v 0.431034 0.005382 -0.227176 1.0000 0.0000 0.0000
v 0.355224 0.314036 -0.181148 1.0000 0.0000 0.0000
v 0.409374 -0.308687 -0.253348 1.0000 0.0000 0.0000
v 0.651244 0.579370 -0.279520 1.0000 0.0000 0.0000
v 0.487892 -0.008155 -0.255153 1.0000 0.0000 0.0000
v 0.523089 0.703013 -0.216346 1.0000 0.0000 0.0000
v 0.422912 0.733698 -0.173026 1.0000 0.0000 0.0000
v 0.090793 0.462948 -0.057506 1.0000 0.0000 0.0000
v 0.517674 0.661498 -0.213638 1.0000 0.0000 0.0000
v 0.270390 0.672328 -0.113461 1.0000 0.0000 0.0000
v 0.236095 0.490926 -0.111656 1.0000 0.0000 0.0000
v 0.410277 0.751748 -0.166708 1.0000 0.0000 0.0000
v 0.542041 0.023432 -0.281325 1.0000 0.0000 0.0000
v 0.283927 0.508073 -0.128803 1.0000 0.0000 0.0000
v 0.070938 0.434068 -0.058409 1.0000 0.0000 0.0000
v 0.389519 -0.207607 -0.228078 1.0000 0.0000 0.0000
v 0.282122 0.394359 -0.137828 1.0000 0.0000 0.0000
v 0.490599 0.255374 -0.233493 1.0000 0.0000 0.0000
v 0.533016 0.745430 -0.210028 1.0000 0.0000 0.0000
v 0.421107 0.505366 -0.188368 1.0000 0.0000 0.0000
v 0.593484 0.400676 -0.262373 1.0000 0.0000 0.0000
v 0.392227 0.763480 -0.156781 1.0000 0.0000 0.0000
v 0.478867 0.512586 -0.209126 1.0000 0.0000 0.0000
v 0.153065 0.665108 -0.071043 1.0000 0.0000 0.0000
v 0.357029 0.462046 -0.164903 1.0000 0.0000 0.0000
v 0.314612 0.533343 -0.145048 1.0000 0.0000 0.0000
v 0.588971 0.611860 -0.241615 1.0000 0.0000 0.0000
v 0.495112 0.632618 -0.206418 1.0000 0.0000 0.0000
v 0.234290 0.361869 -0.118876 1.0000 0.0000 0.0000
v 0.423814 0.356454 -0.198296 1.0000 0.0000 0.0000
v 0.338980 0.503561 -0.152268 1.0000 0.0000 0.0000
v 0.478867 -0.293345 -0.281325 1.0000 0.0000 0.0000
v 0.418399 -0.347494 -0.260568 1.0000 0.0000 0.0000
v 0.483379 0.379919 -0.228078 1.0000 0.0000 0.0000
v 0.465329 0.271619 -0.224468 1.0000 0.0000 0.0000
v 0.066425 0.341111 -0.057506 1.0000 0.0000 0.0000
v 0.104330 0.405188 -0.069238 1.0000 0.0000 0.0000
v 0.487892 -0.190460 -0.277715 1.0000 0.0000 0.0000
v 0.561896 0.731893 -0.222663 1.0000 0.0000 0.0000
v 0.561896 0.489121 -0.246128 1.0000 0.0000 0.0000
v 0.164798 0.815825 -0.061116 1.0000 0.0000 0.0000
v 0.489697 0.113682 -0.249738 1.0000 0.0000 0.0000
v 0.488794 0.541466 -0.214541 1.0000 0.0000 0.0000
v 0.520382 -0.155262 -0.283130 1.0000 0.0000 0.0000
v 0.592581 0.494536 -0.259665 1.0000 0.0000 0.0000
v 0.564604 0.599225 -0.235298 1.0000 0.0000 0.0000
v 0.236997 0.510781 -0.118876 1.0000 0.0000 0.0000
v 0.248730 0.368186 -0.129706 1.0000 0.0000 0.0000
v 0.431937 0.520708 -0.191978 1.0000 0.0000 0.0000
v 0.453597 -0.349299 -0.275910 1.0000 0.0000 0.0000
v 0.246022 0.682255 -0.104436 1.0000 0.0000 0.0000
v 0.429229 -0.070428 -0.231688 1.0000 0.0000 0.0000
v 0.505039 0.395261 -0.228078 1.0000 0.0000 0.0000
v 0.249632 0.750845 -0.102631 1.0000 0.0000 0.0000
v 0.320027 0.430458 -0.147756 1.0000 0.0000 0.0000
v 0.498722 0.749943 -0.198296 1.0000 0.0000 0.0000
v 0.498722 0.424141 -0.222663 1.0000 0.0000 0.0000
v 0.586264 0.430458 -0.259665 1.0000 0.0000 0.0000
v 0.608826 0.636228 -0.250640 1.0000 0.0000 0.0000
v 0.630486 0.614568 -0.257860 1.0000 0.0000 0.0000
v 0.354322 0.358259 -0.169416 1.0000 0.0000 0.0000
v 0.607924 0.526123 -0.256958 1.0000 0.0000 0.0000
v 0.440059 0.687670 -0.179343 1.0000 0.0000 0.0000
v 0.345297 0.751748 -0.145048 1.0000 0.0000 0.0000
v 0.434644 0.788750 -0.162196 1.0000 0.0000 0.0000
v 0.177432 0.490926 -0.088191 1.0000 0.0000 0.0000
v 0.355224 0.781530 -0.142341 1.0000 0.0000 0.0000
v 0.290245 0.408798 -0.147756 1.0000 0.0000 0.0000
v 0.616949 0.675938 -0.250640 1.0000 0.0000 0.0000
v 0.636804 0.587493 -0.265983 1.0000 0.0000 0.0000
v 0.326345 0.400676 -0.154976 1.0000 0.0000 0.0000
v 0.311905 0.505366 -0.144146 1.0000 0.0000 0.0000
v 0.448182 -0.153457 -0.249738 1.0000 0.0000 0.0000
v 0.175628 0.518001 -0.093606 1.0000 0.0000 0.0000
v 0.382299 0.344721 -0.182953 1.0000 0.0000 0.0000
v 0.330857 0.578468 -0.145048 1.0000 0.0000 0.0000
v 0.324540 0.377211 -0.160391 1.0000 0.0000 0.0000
v 0.543846 0.216567 -0.254250 1.0000 0.0000 0.0000
v 0.277610 0.536051 -0.124291 1.0000 0.0000 0.0000
v 0.461719 0.108267 -0.231688 1.0000 0.0000 0.0000
v 0.278512 0.767992 -0.113461 1.0000 0.0000 0.0000
v 0.163895 0.730088 -0.072848 1.0000 0.0000 0.0000
v 0.582654 0.630813 -0.247030 1.0000 0.0000 0.0000
v 0.418399 0.383529 -0.191978 1.0000 0.0000 0.0000
v 0.178335 0.398871 -0.101728 1.0000 0.0000 0.0000
v 0.386812 -0.334859 -0.235298 1.0000 0.0000 0.0000
v 0.264975 0.594713 -0.116168 1.0000 0.0000 0.0000
v 0.615144 0.408798 -0.275910 1.0000 0.0000 0.0000
v 0.334467 0.547783 -0.149561 1.0000 0.0000 0.0000
v 0.385007 0.324866 -0.185661 1.0000 0.0000 0.0000
v 0.115160 0.449411 -0.074653 1.0000 0.0000 0.0000
v 0.104330 0.481901 -0.065628 1.0000 0.0000 0.0000
v 0.468939 0.484608 -0.207321 1.0000 0.0000 0.0000
v 0.486087 0.190394 -0.242518 1.0000 0.0000 0.0000
v 0.547456 0.605543 -0.227176 1.0000 0.0000 0.0000
v 0.437352 0.376309 -0.200101 1.0000 0.0000 0.0000
v 0.422912 0.622690 -0.182953 1.0000 0.0000 0.0000
v 0.485184 -0.121870 -0.260568 1.0000 0.0000 0.0000
v 0.289342 0.807702 -0.113461 1.0000 0.0000 0.0000
v 0.386812 0.724673 -0.155878 1.0000 0.0000 0.0000
v 0.214435 0.778822 -0.085483 1.0000 0.0000 0.0000
v 0.351615 0.610958 -0.150463 1.0000 0.0000 0.0000
v 0.523992 0.306816 -0.242518 1.0000 0.0000 0.0000
v 0.493307 0.684963 -0.205516 1.0000 0.0000 0.0000
v 0.158480 0.580273 -0.073751 1.0000 0.0000 0.0000
v 0.450889 0.788750 -0.169416 1.0000 0.0000 0.0000
v 0.394032 0.694890 -0.163098 1.0000 0.0000 0.0000
v 0.514967 0.024335 -0.259665 1.0000 0.0000 0.0000
v 0.614241 0.749040 -0.236201 1.0000 0.0000 0.0000
v 0.125088 0.518001 -0.067433 1.0000 0.0000 0.0000
v 0.145845 0.835680 -0.044871 1.0000 0.0000 0.0000
v 0.337175 0.719258 -0.141438 1.0000 0.0000 0.0000
v 0.422912 -0.037035 -0.228078 1.0000 0.0000 0.0000
v 0.184652 0.661498 -0.080068 1.0000 0.0000 0.0000
v 0.189165 0.621788 -0.087288 1.0000 0.0000 0.0000
v 0.270390 0.449411 -0.130608 1.0000 0.0000 0.0000
v 0.385909 0.659693 -0.165806 1.0000 0.0000 0.0000
v 0.322735 0.282449 -0.172123 1.0000 0.0000 0.0000
v 0.536626 0.576663 -0.228981 1.0000 0.0000 0.0000
v 0.139528 0.666010 -0.060214 1.0000 0.0000 0.0000
v 0.211727 0.521611 -0.108046 1.0000 0.0000 0.0000
v 0.150358 0.403383 -0.089093 1.0000 0.0000 0.0000
v 0.462622 0.661498 -0.191076 1.0000 0.0000 0.0000
v 0.588971 0.724673 -0.238005 1.0000 0.0000 0.0000
v 0.505039 0.294181 -0.241615 1.0000 0.0000 0.0000
v 0.641316 0.745430 -0.266885 1.0000 0.0000 0.0000
v 0.430132 0.662400 -0.181148 1.0000 0.0000 0.0000
v 0.610631 0.704818 -0.245225 1.0000 0.0000 0.0000
v 0.146748 0.535148 -0.080068 1.0000 0.0000 0.0000
v 0.344395 0.519806 -0.150463 1.0000 0.0000 0.0000
v 0.257755 0.431361 -0.133316 1.0000 0.0000 0.0000
v 0.419302 -0.322224 -0.249738 1.0000 0.0000 0.0000
v 0.536626 0.257179 -0.252445 1.0000 0.0000 0.0000
v 0.453597 0.501756 -0.204613 1.0000 0.0000 0.0000
v 0.081768 0.390749 -0.066531 1.0000 0.0000 0.0000
v 0.570921 0.579370 -0.247030 1.0000 0.0000 0.0000
v 0.258657 0.622690 -0.113461 1.0000 0.0000 0.0000
v 0.522187 0.721965 -0.207321 1.0000 0.0000 0.0000
v 0.309197 0.601030 -0.140536 1.0000 0.0000 0.0000
v 0.243315 0.639838 -0.106241 1.0000 0.0000 0.0000
v 0.369664 -0.382692 -0.231688 1.0000 0.0000 0.0000
v 0.366054 0.543271 -0.160391 1.0000 0.0000 0.0000
v 0.115160 0.333891 -0.080971 1.0000 0.0000 0.0000
v 0.501429 -0.157067 -0.278618 1.0000 0.0000 0.0000
v 0.210825 0.543271 -0.095411 1.0000 0.0000 0.0000
v 0.329052 0.471973 -0.151366 1.0000 0.0000 0.0000
v 0.260462 0.711135 -0.109851 1.0000 0.0000 0.0000
v 0.550164 0.189492 -0.258763 1.0000 0.0000 0.0000
v 0.309197 0.561321 -0.135121 1.0000 0.0000 0.0000
v 0.473452 0.765285 -0.188368 1.0000 0.0000 0.0000
v 0.164798 0.550491 -0.080971 1.0000 0.0000 0.0000
v 0.393129 -0.363739 -0.244323 1.0000 0.0000 0.0000
v 0.124185 0.571248 -0.066531 1.0000 0.0000 0.0000
v 0.198190 0.598323 -0.091801 1.0000 0.0000 0.0000
v 0.271292 0.564931 -0.122486 1.0000 0.0000 0.0000
v 0.458109 0.401579 -0.207321 1.0000 0.0000 0.0000
v 0.373274 0.586590 -0.161293 1.0000 0.0000 0.0000
v 0.394934 -0.410669 -0.246128 1.0000 0.0000 0.0000
v 0.585361 0.457533 -0.262373 1.0000 0.0000 0.0000
v 0.525797 0.676840 -0.219956 1.0000 0.0000 0.0000
v 0.408472 -0.293345 -0.243420 1.0000 0.0000 0.0000
v 0.525797 0.397066 -0.241615 1.0000 0.0000 0.0000
v 0.321832 0.746333 -0.127901 1.0000 0.0000 0.0000
v 0.449987 0.171442 -0.225371 1.0000 0.0000 0.0000
v 0.400349 0.596518 -0.173928 1.0000 0.0000 0.0000
v 0.453597 0.629910 -0.190173 1.0000 0.0000 0.0000
v 0.435547 -0.259952 -0.251543 1.0000 0.0000 0.0000
v 0.430132 0.253569 -0.211833 1.0000 0.0000 0.0000
v 0.238802 0.624495 -0.110753 1.0000 0.0000 0.0000
v 0.475257 -0.142627 -0.259665 1.0000 0.0000 0.0000
v 0.295660 0.619983 -0.126096 1.0000 0.0000 0.0000
v 0.490599 -0.029815 -0.257860 1.0000 0.0000 0.0000
v 0.251437 0.542368 -0.119778 1.0000 0.0000 0.0000
v 0.434644 0.396164 -0.203711 1.0000 0.0000 0.0000
v 0.265877 0.495438 -0.127901 1.0000 0.0000 0.0000
v 0.476159 0.122707 -0.238005 1.0000 0.0000 0.0000
v 0.349810 0.493633 -0.159488 1.0000 0.0000 0.0000
v 0.468037 0.698500 -0.195588 1.0000 0.0000 0.0000
v 0.175628 0.373601 -0.098118 1.0000 0.0000 0.0000
v 0.381397 0.751748 -0.152268 1.0000 0.0000 0.0000
v 0.533016 -0.125480 -0.286740 1.0000 0.0000 0.0000
v 0.582654 0.330281 -0.265080 1.0000 0.0000 0.0000
v 0.568214 0.108267 -0.283130 1.0000 0.0000 0.0000
v 0.486989 -0.370959 -0.285838 1.0000 0.0000 0.0000
v 0.418399 0.289669 -0.205516 1.0000 0.0000 0.0000
v 0.144040 0.638935 -0.068336 1.0000 0.0000 0.0000
v 0.185555 0.786945 -0.069238 1.0000 0.0000 0.0000
v 0.396739 -0.248220 -0.240713 1.0000 0.0000 0.0000
v 0.160285 0.341111 -0.098118 1.0000 0.0000 0.0000
v 0.201800 0.363674 -0.114363 1.0000 0.0000 0.0000
v 0.429229 -0.388107 -0.261470 1.0000 0.0000 0.0000
v 0.459914 0.598323 -0.195588 1.0000 0.0000 0.0000
v 0.118770 0.548686 -0.062921 1.0000 0.0000 0.0000
v 0.521284 -0.005448 -0.264178 1.0000 0.0000 0.0000
v 0.457207 0.376309 -0.214541 1.0000 0.0000 0.0000
v 0.595289 0.470168 -0.262373 1.0000 0.0000 0.0000
v 0.494209 -0.098405 -0.262373 1.0000 0.0000 0.0000
v 0.452694 -0.011765 -0.238005 1.0000 0.0000 0.0000
v 0.589874 0.673230 -0.240713 1.0000 0.0000 0.0000
v 0.183750 0.585688 -0.089093 1.0000 0.0000 0.0000
v 0.426522 0.749040 -0.170318 1.0000 0.0000 0.0000
v 0.509552 0.778822 -0.191978 1.0000 0.0000 0.0000
v 0.561896 0.462948 -0.247030 1.0000 0.0000 0.0000
v 0.316417 0.802287 -0.126096 1.0000 0.0000 0.0000
v 0.409374 -0.244610 -0.249738 1.0000 0.0000 0.0000
v 0.624169 0.645253 -0.256958 1.0000 0.0000 0.0000
v 0.129600 0.492731 -0.077361 1.0000 0.0000 0.0000
v 0.281220 0.626300 -0.124291 1.0000 0.0000 0.0000
v 0.533919 0.524318 -0.236201 1.0000 0.0000 0.0000
v 0.516772 0.068557 -0.263275 1.0000 0.0000 0.0000
v 0.412082 0.413311 -0.189271 1.0000 0.0000 0.0000
v 0.178335 0.687670 -0.072848 1.0000 0.0000 0.0000
v 0.393129 0.499951 -0.175733 1.0000 0.0000 0.0000
v 0.517674 -0.212120 -0.284935 1.0000 0.0000 0.0000
v 0.471647 0.342014 -0.215443 1.0000 0.0000 0.0000
v 0.296562 0.450313 -0.142341 1.0000 0.0000 0.0000
v 0.186457 0.323964 -0.114363 1.0000 0.0000 0.0000
v 0.538431 -0.018985 -0.286740 1.0000 0.0000 0.0000
v 0.521284 0.515293 -0.223566 1.0000 0.0000 0.0000
v 0.444572 0.346526 -0.206418 1.0000 0.0000 0.0000
v 0.527601 -0.033425 -0.277715 1.0000 0.0000 0.0000
v 0.494209 0.369089 -0.225371 1.0000 0.0000 0.0000
v 0.269487 0.517098 -0.126096 1.0000 0.0000 0.0000
v 0.357029 -0.391717 -0.231688 1.0000 0.0000 0.0000
v 0.337175 0.360966 -0.166708 1.0000 0.0000 0.0000
v 0.070938 0.421433 -0.049384 1.0000 0.0000 0.0000
v 0.346200 0.281546 -0.173928 1.0000 0.0000 0.0000
v 0.421107 -0.417889 -0.256958 1.0000 0.0000 0.0000
v 0.162090 0.492731 -0.087288 1.0000 0.0000 0.0000
v 0.228875 0.456631 -0.114363 1.0000 0.0000 0.0000
v 0.304685 0.698500 -0.126096 1.0000 0.0000 0.0000
v 0.482477 -0.395327 -0.286740 1.0000 0.0000 0.0000
v 0.488794 0.619080 -0.210028 1.0000 0.0000 0.0000
v 0.508649 0.381724 -0.234396 1.0000 0.0000 0.0000
v 0.064620 0.387139 -0.057506 1.0000 0.0000 0.0000
v 0.595289 0.581175 -0.249738 1.0000 0.0000 0.0000
v 0.347102 0.631715 -0.146853 1.0000 0.0000 0.0000
v 0.401252 0.351039 -0.195588 1.0000 0.0000 0.0000
v 0.496917 0.147074 -0.251543 1.0000 0.0000 0.0000
v 0.331760 0.427751 -0.159488 1.0000 0.0000 0.0000
v 0.525797 0.649765 -0.219053 1.0000 0.0000 0.0000
v 0.485184 -0.074940 -0.256055 1.0000 0.0000 0.0000
v 0.451792 0.433166 -0.203711 1.0000 0.0000 0.0000
v 0.394032 0.456631 -0.186563 1.0000 0.0000 0.0000
v 0.393129 0.577566 -0.168513 1.0000 0.0000 0.0000
v 0.314612 0.418726 -0.155878 1.0000 0.0000 0.0000
v 0.568214 0.301401 -0.264178 1.0000 0.0000 0.0000
v 0.243315 0.778822 -0.089996 1.0000 0.0000 0.0000
v 0.471647 -0.044255 -0.254250 1.0000 0.0000 0.0000
v 0.353419 0.422336 -0.166708 1.0000 0.0000 0.0000
v 0.400349 0.664205 -0.165806 1.0000 0.0000 0.0000
v 0.514064 0.280644 -0.243420 1.0000 0.0000 0.0000
v 0.369664 0.405188 -0.170318 1.0000 0.0000 0.0000
v 0.412984 0.770700 -0.168513 1.0000 0.0000 0.0000
v 0.456304 -0.065915 -0.250640 1.0000 0.0000 0.0000
v 0.602509 0.550491 -0.262373 1.0000 0.0000 0.0000
v 0.584459 0.509878 -0.250640 1.0000 0.0000 0.0000
v 0.644926 0.647960 -0.268690 1.0000 0.0000 0.0000
v 0.400349 -0.372764 -0.255153 1.0000 0.0000 0.0000
v 0.543846 0.295084 -0.253348 1.0000 0.0000 0.0000
v 0.496917 -0.228365 -0.284935 1.0000 0.0000 0.0000
v 0.227070 0.313134 -0.132413 1.0000 0.0000 0.0000
v 0.153065 0.771602 -0.063823 1.0000 0.0000 0.0000
v 0.348005 0.703013 -0.140536 1.0000 0.0000 0.0000
v 0.075450 0.342916 -0.069238 1.0000 0.0000 0.0000
v 0.640414 0.690378 -0.261470 1.0000 0.0000 0.0000
v 0.428327 -0.321322 -0.261470 1.0000 0.0000 0.0000
v 0.412082 -0.075843 -0.226273 1.0000 0.0000 0.0000
v 0.236997 0.806800 -0.087288 1.0000 0.0000 0.0000
v 0.348005 0.536051 -0.161293 1.0000 0.0000 0.0000
v 0.571824 0.524318 -0.246128 1.0000 0.0000 0.0000
v 0.381397 0.788750 -0.153171 1.0000 0.0000 0.0000
v 0.432839 0.021627 -0.228078 1.0000 0.0000 0.0000
v 0.211727 0.670523 -0.092703 1.0000 0.0000 0.0000
v 0.125088 0.620885 -0.063823 1.0000 0.0000 0.0000
v 0.624169 0.628105 -0.256055 1.0000 0.0000 0.0000
v 0.227070 0.392554 -0.117973 1.0000 0.0000 0.0000
v 0.533919 -0.062305 -0.281325 1.0000 0.0000 0.0000
v 0.609729 0.395261 -0.277715 1.0000 0.0000 0.0000
v 0.341687 0.733698 -0.136023 1.0000 0.0000 0.0000
v 0.558286 0.342014 -0.259665 1.0000 0.0000 0.0000
v 0.393129 -0.120065 -0.225371 1.0000 0.0000 0.0000
v 0.223460 0.484608 -0.108046 1.0000 0.0000 0.0000
v 0.255047 0.721965 -0.101728 1.0000 0.0000 0.0000
v 0.325442 0.707525 -0.136023 1.0000 0.0000 0.0000
v 0.142235 0.813117 -0.054799 1.0000 0.0000 0.0000
v 0.448182 0.779725 -0.181148 1.0000 0.0000 0.0000
v 0.612436 0.510781 -0.265080 1.0000 0.0000 0.0000
v 0.465329 0.712038 -0.191076 1.0000 0.0000 0.0000
v 0.644024 0.734600 -0.255153 1.0000 0.0000 0.0000
v 0.242412 0.462046 -0.117973 1.0000 0.0000 0.0000
v 0.504137 0.409701 -0.228981 1.0000 0.0000 0.0000
v 0.568214 0.703013 -0.227176 1.0000 0.0000 0.0000
v 0.560091 0.566736 -0.237103 1.0000 0.0000 0.0000
v 0.164798 0.750845 -0.063823 1.0000 0.0000 0.0000
v 0.627779 0.547783 -0.267788 1.0000 0.0000 0.0000
v 0.213532 0.466558 -0.109851 1.0000 0.0000 0.0000
v 0.615144 0.731893 -0.251543 1.0000 0.0000 0.0000
v 0.142235 0.421433 -0.084581 1.0000 0.0000 0.0000
v 0.187360 0.710233 -0.081873 1.0000 0.0000 0.0000
v 0.527601 0.486413 -0.230786 1.0000 0.0000 0.0000
v 0.404862 0.395261 -0.192881 1.0000 0.0000 0.0000
v 0.216240 0.580273 -0.097216 1.0000 0.0000 0.0000
v 0.504137 0.641643 -0.214541 1.0000 0.0000 0.0000
v 0.301075 0.367284 -0.154073 1.0000 0.0000 0.0000
v 0.451792 -0.197680 -0.253348 1.0000 0.0000 0.0000
v 0.312807 0.322159 -0.162196 1.0000 0.0000 0.0000
v 0.468939 0.152489 -0.231688 1.0000 0.0000 0.0000
v 0.448182 0.730990 -0.179343 1.0000 0.0000 0.0000
v 0.212630 0.713843 -0.086386 1.0000 0.0000 0.0000
v 0.496014 0.769797 -0.198296 1.0000 0.0000 0.0000
v 0.377787 0.516196 -0.167611 1.0000 0.0000 0.0000
v 0.457207 -0.279807 -0.264178 1.0000 0.0000 0.0000
v 0.318222 0.637130 -0.135121 1.0000 0.0000 0.0000
v 0.486989 -0.324932 -0.287643 1.0000 0.0000 0.0000
v 0.517674 0.231909 -0.246128 1.0000 0.0000 0.0000
v 0.578141 0.538758 -0.243420 1.0000 0.0000 0.0000
v 0.566409 0.161514 -0.282228 1.0000 0.0000 0.0000
v 0.433742 0.500853 -0.201003 1.0000 0.0000 0.0000
v 0.419302 0.577566 -0.179343 1.0000 0.0000 0.0000
v 0.416594 0.722868 -0.166708 1.0000 0.0000 0.0000
v 0.306490 0.490023 -0.140536 1.0000 0.0000 0.0000
v 0.496014 0.031555 -0.251543 1.0000 0.0000 0.0000
v 0.440059 0.085704 -0.228078 1.0000 0.0000 0.0000
v 0.437352 0.320354 -0.212736 1.0000 0.0000 0.0000
v 0.519479 0.129927 -0.260568 1.0000 0.0000 0.0000
v 0.225265 0.816727 -0.080971 1.0000 0.0000 0.0000
v 0.414789 0.430458 -0.190173 1.0000 0.0000 0.0000
v 0.297465 0.271619 -0.164001 1.0000 0.0000 0.0000
v 0.483379 0.168734 -0.232591 1.0000 0.0000 0.0000
v 0.513162 0.606445 -0.220858 1.0000 0.0000 0.0000
v 0.134113 0.531538 -0.075556 1.0000 0.0000 0.0000
v 0.177432 0.413311 -0.100826 1.0000 0.0000 0.0000
v 0.622364 0.707525 -0.254250 1.0000 0.0000 0.0000
v 0.291147 0.820337 -0.108046 1.0000 0.0000 0.0000
v 0.478867 0.274326 -0.233493 1.0000 0.0000 0.0000
v 0.529406 0.090217 -0.265080 1.0000 0.0000 0.0000
v 0.237900 0.596518 -0.104436 1.0000 0.0000 0.0000
v 0.152163 0.609153 -0.069238 1.0000 0.0000 0.0000
v 0.459012 -0.156165 -0.257860 1.0000 0.0000 0.0000
v 0.564604 0.538758 -0.246128 1.0000 0.0000 0.0000
v 0.449084 0.574858 -0.192881 1.0000 0.0000 0.0000
v 0.457207 0.743625 -0.186563 1.0000 0.0000 0.0000
v 0.184652 0.766187 -0.073751 1.0000 0.0000 0.0000
v 0.412984 0.476486 -0.189271 1.0000 0.0000 0.0000
v 0.278512 0.549588 -0.126096 1.0000 0.0000 0.0000
v 0.205410 0.684060 -0.088191 1.0000 0.0000 0.0000
v 0.455402 0.137147 -0.224468 1.0000 0.0000 0.0000
v 0.112453 0.513488 -0.064726 1.0000 0.0000 0.0000
v 0.210825 0.727380 -0.086386 1.0000 0.0000 0.0000
v 0.203605 0.573053 -0.095411 1.0000 0.0000 0.0000
v 0.380494 -0.305979 -0.230786 1.0000 0.0000 0.0000
v 0.261365 0.374504 -0.129706 1.0000 0.0000 0.0000
v 0.595289 0.694890 -0.240713 1.0000 0.0000 0.0000
v 0.560091 0.676840 -0.229883 1.0000 0.0000 0.0000
v 0.549261 0.519806 -0.236201 1.0000 0.0000 0.0000
v 0.257755 0.794165 -0.095411 1.0000 0.0000 0.0000
v 0.300172 0.717453 -0.129706 1.0000 0.0000 0.0000
v 0.123283 0.438581 -0.074653 1.0000 0.0000 0.0000
v 0.499624 0.498146 -0.219053 1.0000 0.0000 0.0000
v 0.456304 0.194004 -0.224468 1.0000 0.0000 0.0000
v 0.539334 0.417823 -0.244323 1.0000 0.0000 0.0000
v 0.194580 0.440386 -0.108046 1.0000 0.0000 0.0000
v 0.301977 0.592005 -0.132413 1.0000 0.0000 0.0000
v 0.478867 -0.090283 -0.251543 1.0000 0.0000 0.0000
v 0.196385 0.651570 -0.085483 1.0000 0.0000 0.0000
v 0.441864 0.249056 -0.216346 1.0000 0.0000 0.0000
v 0.403959 0.779725 -0.155878 1.0000 0.0000 0.0000
v 0.193677 0.609153 -0.098118 1.0000 0.0000 0.0000
v 0.450889 0.316744 -0.212736 1.0000 0.0000 0.0000
v 0.177432 0.749040 -0.080971 1.0000 0.0000 0.0000
v 0.171115 0.719258 -0.070141 1.0000 0.0000 0.0000
v 0.165700 0.795970 -0.067433 1.0000 0.0000 0.0000
v 0.448182 0.279741 -0.220858 1.0000 0.0000 0.0000
v 0.293855 0.396164 -0.145951 1.0000 0.0000 0.0000
v 0.350712 0.435873 -0.167611 1.0000 0.0000 0.0000
v 0.279415 0.720160 -0.118876 1.0000 0.0000 0.0000
v 0.435547 0.730088 -0.173928 1.0000 0.0000 0.0000
v 0.114258 0.610055 -0.060214 1.0000 0.0000 0.0000
v 0.283025 0.678645 -0.117071 1.0000 0.0000 0.0000
v 0.523992 0.634423 -0.219053 1.0000 0.0000 0.0000
v 0.415692 -0.178727 -0.238005 1.0000 0.0000 0.0000
v 0.597996 0.533343 -0.252445 1.0000 0.0000 0.0000
v 0.542041 0.697598 -0.227176 1.0000 0.0000 0.0000
v 0.486989 0.751748 -0.192881 1.0000 0.0000 0.0000
v 0.501429 -0.014473 -0.259665 1.0000 0.0000 0.0000
v 0.554676 0.322159 -0.258763 1.0000 0.0000 0.0000
v 0.508649 0.053214 -0.255153 1.0000 0.0000 0.0000
v 0.542944 0.624495 -0.231688 1.0000 0.0000 0.0000
v 0.524894 0.325769 -0.247030 1.0000 0.0000 0.0000
v 0.492404 0.527928 -0.210931 1.0000 0.0000 0.0000
v 0.501429 -0.243707 -0.287643 1.0000 0.0000 0.0000
v 0.528504 0.689475 -0.218151 1.0000 0.0000 0.0000
v 0.352517 0.345624 -0.172123 1.0000 0.0000 0.0000
v 0.379592 0.558613 -0.164903 1.0000 0.0000 0.0000
v 0.475257 0.722868 -0.191076 1.0000 0.0000 0.0000
v 0.221655 0.434068 -0.116168 1.0000 0.0000 0.0000
v 0.555579 0.277034 -0.262373 1.0000 0.0000 0.0000
v 0.536626 0.353746 -0.252445 1.0000 0.0000 0.0000
v 0.551066 0.003577 -0.283130 1.0000 0.0000 0.0000
v 0.648536 0.721965 -0.261470 1.0000 0.0000 0.0000
v 0.500527 0.072167 -0.258763 1.0000 0.0000 0.0000
v 0.273097 0.582980 -0.126096 1.0000 0.0000 0.0000
v 0.245120 0.340209 -0.136023 1.0000 0.0000 0.0000
v 0.255047 0.365479 -0.140536 1.0000 0.0000 0.0000
v 0.223460 0.779725 -0.094508 1.0000 0.0000 0.0000
v 0.252340 0.648863 -0.107143 1.0000 0.0000 0.0000
v 0.185555 0.674133 -0.081873 1.0000 0.0000 0.0000
v 0.361542 0.722868 -0.143243 1.0000 0.0000 0.0000
v 0.419302 -0.107430 -0.229883 1.0000 0.0000 0.0000
v 0.557384 0.194907 -0.267788 1.0000 0.0000 0.0000
v 0.203605 0.490926 -0.103533 1.0000 0.0000 0.0000
v 0.442767 -0.302369 -0.262373 1.0000 0.0000 0.0000
v -0.265694 0.090217 0.118481 0.0000 0.4470 0.7410
v -0.637523 -0.721128 0.035451 0.0000 0.4470 0.7410
v -0.563518 -0.263562 0.032744 0.0000 0.4470 0.7410
v -0.289159 -0.503626 0.150971 0.0000 0.4470 0.7410
v -0.290061 -0.205802 0.136531 0.0000 0.4470 0.7410
v -0.526515 0.036970 0.023719 0.0000 0.4470 0.7410
v -0.318941 0.381724 0.084186 0.0000 0.4470 0.7410
v -0.401971 -0.740081 0.130213 0.0000 0.4470 0.7410
v -0.536443 -0.502724 0.060721 0.0000 0.4470 0.7410
v -0.419118 0.198517 0.058014 0.0000 0.4470 0.7410
v -0.178151 0.269814 0.140141 0.0000 0.4470 0.7410
v -0.413703 -0.365544 0.096821 0.0000 0.4470 0.7410
v -0.386628 -0.057793 0.087796 0.0000 0.4470 0.7410
v -0.186274 -0.058695 0.159996 0.0000 0.4470 0.7410
v -0.518393 -0.861015 0.089601 0.0000 0.4470 0.7410
v -0.110464 0.112779 0.176241 0.0000 0.4470 0.7410
v -0.414606 -0.585754 0.110359 0.0000 0.4470 0.7410
v -0.430851 -0.206705 0.078771 0.0000 0.4470 0.7410
v -0.374896 -0.887188 0.149166 0.0000 0.4470 0.7410
v -0.132124 -0.195875 0.188876 0.0000 0.4470 0.7410
v -0.542760 -0.103820 0.029134 0.0000 0.4470 0.7410
v -0.264791 -0.365544 0.150971 0.0000 0.4470 0.7410
v -0.518393 -0.685931 0.083284 0.0000 0.4470 0.7410
v -0.286451 -0.782498 0.174436 0.0000 0.4470 0.7410
v -0.299989 0.227397 0.101334 0.0000 0.4470 0.7410
v -0.311721 -0.648026 0.154581 0.0000 0.4470 0.7410
v -0.627595 -0.595681 0.031841 0.0000 0.4470 0.7410
v -0.415508 0.073069 0.067941 0.0000 0.4470 0.7410
v -0.182664 -0.449477 0.196096 0.0000 0.4470 0.7410
v -0.586080 -0.397132 0.031841 0.0000 0.4470 0.7410
v -0.282841 -0.020790 0.118481 0.0000 0.4470 0.7410
v -0.627595 -0.828525 0.058916 0.0000 0.4470 0.7410
v -0.414606 -0.472039 0.100431 0.0000 0.4470 0.7410
v -0.207934 -0.266270 0.169021 0.0000 0.4470 0.7410
v -0.377603 0.299596 0.067039 0.0000 0.4470 0.7410
v -0.225984 0.359161 0.120286 0.0000 0.4470 0.7410
v -0.100537 0.330281 0.167216 0.0000 0.4470 0.7410
v -0.183566 0.044190 0.158191 0.0000 0.4470 0.7410
v -0.363163 -0.278002 0.108554 0.0000 0.4470 0.7410
v -0.188079 0.168734 0.141043 0.0000 0.4470 0.7410
v -0.500343 -0.333054 0.065234 0.0000 0.4470 0.7410
v -0.343309 0.141659 0.088699 0.0000 0.4470 0.7410
v -0.261181 -0.115553 0.134726 0.0000 0.4470 0.7410
v -0.474171 -0.036133 0.052599 0.0000 0.4470 0.7410
v -0.505758 -0.590266 0.077869 0.0000 0.4470 0.7410
v -0.549980 -0.773473 0.075161 0.0000 0.4470 0.7410
v -0.109562 0.212957 0.168118 0.0000 0.4470 0.7410
v -0.339699 -0.404352 0.123896 0.0000 0.4470 0.7410
v -0.366773 -0.151652 0.096821 0.0000 0.4470 0.7410
v -0.510271 -0.179630 0.051696 0.0000 0.4470 0.7410
v -0.482293 -0.427817 0.074259 0.0000 0.4470 0.7410
v -0.447096 -0.831233 0.123896 0.0000 0.4470 0.7410
v -0.350528 0.032457 0.096821 0.0000 0.4470 0.7410
v -0.607740 -0.474746 0.030939 0.0000 0.4470 0.7410
v -0.438071 -0.662466 0.110359 0.0000 0.4470 0.7410
v -0.301794 -0.879065 0.181656 0.0000 0.4470 0.7410
v -0.299086 0.305914 0.093211 0.0000 0.4470 0.7410
v -0.208836 -0.167897 0.161801 0.0000 0.4470 0.7410
v -0.337894 -0.564094 0.138336 0.0000 0.4470 0.7410
v -0.364968 -0.809573 0.152776 0.0000 0.4470 0.7410
v -0.471463 -0.751813 0.101334 0.0000 0.4470 0.7410
v -0.568030 -0.635391 0.058014 0.0000 0.4470 0.7410
v -0.433558 -0.129090 0.070649 0.0000 0.4470 0.7410
v -0.265694 -0.572216 0.168118 0.0000 0.4470 0.7410
v -0.277426 -0.292442 0.144653 0.0000 0.4470 0.7410
v -0.472366 -0.526189 0.092309 0.0000 0.4470 0.7410
v -0.199811 -0.380887 0.180753 0.0000 0.4470 0.7410
v -0.336991 -0.715713 0.150068 0.0000 0.4470 0.7410
v -0.135734 -0.005448 0.178046 0.0000 0.4470 0.7410
v -0.445291 -0.293345 0.082381 0.0000 0.4470 0.7410
v -0.068047 0.269814 0.179851 0.0000 0.4470 0.7410
v -0.493123 -0.245512 0.062526 0.0000 0.4470 0.7410
v -0.562615 -0.332152 0.036354 0.0000 0.4470 0.7410
v -0.256669 -0.444062 0.160898 0.0000 0.4470 0.7410
v -0.239521 -0.634489 0.178046 0.0000 0.4470 0.7410
v -0.373091 -0.661563 0.130213 0.0000 0.4470 0.7410
v -0.323454 -0.074038 0.112164 0.0000 0.4470 0.7410
v -0.589690 -0.540629 0.045379 0.0000 0.4470 0.7410
v -0.222374 -0.513554 0.183461 0.0000 0.4470 0.7410
v -0.238619 0.286961 0.117578 0.0000 0.4470 0.7410
v -0.244034 -0.736471 0.193388 0.0000 0.4470 0.7410
v -0.341504 -0.471137 0.129311 0.0000 0.4470 0.7410
v -0.224179 0.220177 0.123896 0.0000 0.4470 0.7410
v -0.324356 -0.341177 0.125701 0.0000 0.4470 0.7410
v -0.356846 0.206639 0.074259 0.0000 0.4470 0.7410
v -0.155589 -0.120968 0.178046 0.0000 0.4470 0.7410
v -0.249449 0.152489 0.119383 0.0000 0.4470 0.7410
v -0.575250 -0.708493 0.063429 0.0000 0.4470 0.7410
v -0.468756 0.028847 0.049891 0.0000 0.4470 0.7410
v -0.353236 -0.213022 0.107651 0.0000 0.4470 0.7410
v -0.159199 0.333891 0.144653 0.0000 0.4470 0.7410
v -0.250351 0.030652 0.133823 0.0000 0.4470 0.7410
v -0.076169 0.164222 0.187071 0.0000 0.4470 0.7410
v -0.401971 0.001772 0.080576 0.0000 0.4470 0.7410
v -0.206129 0.099242 0.141043 0.0000 0.4470 0.7410
v -0.621278 -0.659758 0.039061 0.0000 0.4470 0.7410
v -0.097829 0.051410 0.181656 0.0000 0.4470 0.7410
v -0.540955 -0.431427 0.052599 0.0000 0.4470 0.7410
v -0.503051 -0.803256 0.096821 0.0000 0.4470 0.7410
v -0.401971 0.130829 0.067039 0.0000 0.4470 0.7410
v -0.535540 -0.045158 0.030036 0.0000 0.4470 0.7410
v -0.572543 -0.847478 0.068844 0.0000 0.4470 0.7410
v -0.378506 -0.525286 0.120286 0.0000 0.4470 0.7410
v -0.652865 -0.777986 0.038159 0.0000 0.4470 0.7410
v -0.225081 -0.324029 0.160898 0.0000 0.4470 0.7410
v -0.560810 -0.196777 0.029134 0.0000 0.4470 0.7410
v -0.123099 0.277936 0.157288 0.0000 0.4470 0.7410
v -0.312624 -0.145335 0.115773 0.0000 0.4470 0.7410
v -0.491318 -0.122773 0.047184 0.0000 0.4470 0.7410
v -0.321649 0.090217 0.098626 0.0000 0.4470 0.7410
v -0.207031 -0.111040 0.153678 0.0000 0.4470 0.7410
v -0.101439 -0.050573 0.196096 0.0000 0.4470 0.7410
v -0.269304 -0.689541 0.177143 0.0000 0.4470 0.7410
v -0.206129 -0.003643 0.149166 0.0000 0.4470 0.7410
v -0.298184 0.168734 0.104041 0.0000 0.4470 0.7410
v -0.600520 -0.777083 0.058916 0.0000 0.4470 0.7410
v -0.133027 0.159709 0.165411 0.0000 0.4470 0.7410
v -0.050899 0.331184 0.186168 0.0000 0.4470 0.7410
v -0.251254 -0.240097 0.148263 0.0000 0.4470 0.7410
v -0.440778 -0.076745 0.066136 0.0000 0.4470 0.7410
v -0.295476 0.039677 0.107651 0.0000 0.4470 0.7410
v -0.481391 -0.638099 0.092309 0.0000 0.4470 0.7410
v -0.276524 0.352844 0.101334 0.0000 0.4470 0.7410
v -0.244936 -0.050573 0.139238 0.0000 0.4470 0.7410
v -0.173639 -0.332152 0.185266 0.0000 0.4470 0.7410
v -0.466951 -0.370959 0.077869 0.0000 0.4470 0.7410
v -0.551785 -0.573119 0.058916 0.0000 0.4470 0.7410
v -0.168224 0.215664 0.147361 0.0000 0.4470 0.7410
v -0.319844 -0.257245 0.125701 0.0000 0.4470 0.7410
v -0.399263 -0.413377 0.105846 0.0000 0.4470 0.7410
v -0.471463 -0.477454 0.079674 0.0000 0.4470 0.7410
v -0.171834 -0.234682 0.183461 0.0000 0.4470 0.7410
v -0.151979 0.082997 0.159996 0.0000 0.4470 0.7410
v -0.368578 0.096534 0.082381 0.0000 0.4470 0.7410
v -0.303599 -0.439549 0.144653 0.0000 0.4470 0.7410
v -0.344211 0.263496 0.074259 0.0000 0.4470 0.7410
v -0.336991 0.335696 0.079674 0.0000 0.4470 0.7410
v -0.531028 -0.296052 0.050794 0.0000 0.4470 0.7410
v -0.392946 -0.237390 0.091406 0.0000 0.4470 0.7410
v -0.329771 -0.010863 0.105846 0.0000 0.4470 0.7410
v -0.529223 -0.370959 0.054404 0.0000 0.4470 0.7410
v -0.392946 -0.107430 0.086894 0.0000 0.4470 0.7410
v -0.474171 0.076679 0.049891 0.0000 0.4470 0.7410
v -0.142052 -0.074940 0.181656 0.0000 0.4470 0.7410
v -0.417313 -0.878163 0.128408 0.0000 0.4470 0.7410
v -0.398361 0.241836 0.058916 0.0000 0.4470 0.7410
v -0.375798 -0.338469 0.108554 0.0000 0.4470 0.7410
v -0.423631 -0.518969 0.104944 0.0000 0.4470 0.7410
v -0.515686 -0.738276 0.089601 0.0000 0.4470 0.7410
v -0.320746 -0.814988 0.169021 0.0000 0.4470 0.7410
v -0.351431 -0.760838 0.149166 0.0000 0.4470 0.7410
v -0.251254 -0.179630 0.146458 0.0000 0.4470 0.7410
v -0.301794 -0.602901 0.159996 0.0000 0.4470 0.7410
v -0.214251 -0.213925 0.161801 0.0000 0.4470 0.7410
v -0.458828 -0.166995 0.068844 0.0000 0.4470 0.7410
v -0.372188 -0.616439 0.132018 0.0000 0.4470 0.7410
v -0.438071 -0.787011 0.122993 0.0000 0.4470 0.7410
v -0.464243 -0.707591 0.100431 0.0000 0.4470 0.7410
v -0.523808 -0.630879 0.073356 0.0000 0.4470 0.7410
v -0.295476 -0.739178 0.172631 0.0000 0.4470 0.7410
v -0.337894 -0.856503 0.169923 0.0000 0.4470 0.7410
v -0.258474 0.245446 0.113066 0.0000 0.4470 0.7410
v -0.173639 -0.190460 0.175338 0.0000 0.4470 0.7410
v -0.501246 0.000870 0.041769 0.0000 0.4470 0.7410
v -0.404678 -0.309589 0.093211 0.0000 0.4470 0.7410
v -0.216959 -0.431427 0.176241 0.0000 0.4470 0.7410
v -0.260279 -0.874553 0.197901 0.0000 0.4470 0.7410
v -0.070754 0.215664 0.187071 0.0000 0.4470 0.7410
v -0.380311 0.167832 0.072454 0.0000 0.4470 0.7410
v -0.454316 -0.597486 0.099529 0.0000 0.4470 0.7410
v -0.288256 -0.837550 0.185266 0.0000 0.4470 0.7410
v -0.559908 -0.469332 0.048086 0.0000 0.4470 0.7410
v -0.370383 -0.442257 0.118481 0.0000 0.4470 0.7410
v -0.433558 -0.022595 0.067039 0.0000 0.4470 0.7410
v -0.211544 0.320354 0.126603 0.0000 0.4470 0.7410
v -0.222374 0.060434 0.141946 0.0000 0.4470 0.7410
v -0.476878 -0.207607 0.067941 0.0000 0.4470 0.7410
v -0.229594 -0.675101 0.194291 0.0000 0.4470 0.7410
v -0.392043 -0.839355 0.142848 0.0000 0.4470 0.7410
v -0.445291 -0.423304 0.092309 0.0000 0.4470 0.7410
v -0.078877 0.095632 0.196096 0.0000 0.4470 0.7410
v -0.589690 -0.582144 0.046281 0.0000 0.4470 0.7410
v -0.419118 -0.704883 0.119383 0.0000 0.4470 0.7410
v -0.235009 -0.592071 0.185266 0.0000 0.4470 0.7410
v -0.341504 -0.520774 0.135628 0.0000 0.4470 0.7410
v -0.171834 -0.406157 0.193388 0.0000 0.4470 0.7410
v -0.510271 -0.072233 0.044476 0.0000 0.4470 0.7410
v -0.483196 -0.283417 0.068844 0.0000 0.4470 0.7410
v -0.550883 -0.670588 0.064331 0.0000 0.4470 0.7410
v -0.257571 0.199419 0.119383 0.0000 0.4470 0.7410
v -0.402873 -0.799646 0.135628 0.0000 0.4470 0.7410
v -0.405581 -0.641709 0.120286 0.0000 0.4470 0.7410
v -0.524710 -0.234682 0.041769 0.0000 0.4470 0.7410
v -0.457023 -0.333054 0.080576 0.0000 0.4470 0.7410
v -0.125807 -0.138115 0.196998 0.0000 0.4470 0.7410
v -0.471463 -0.861918 0.124798 0.0000 0.4470 0.7410
v -0.308111 -0.537921 0.150068 0.0000 0.4470 0.7410
v -0.392946 -0.179630 0.088699 0.0000 0.4470 0.7410
v -0.161004 0.120902 0.163606 0.0000 0.4470 0.7410
v -0.507563 -0.467527 0.068844 0.0000 0.4470 0.7410
v -0.386628 0.048702 0.076966 0.0000 0.4470 0.7410
v -0.254864 -0.535214 0.171728 0.0000 0.4470 0.7410
v -0.138442 0.238226 0.157288 0.0000 0.4470 0.7410
v -0.510271 0.074874 0.036354 0.0000 0.4470 0.7410
v -0.276524 -0.080355 0.131116 0.0000 0.4470 0.7410
v -0.307209 -0.685931 0.159996 0.0000 0.4470 0.7410
v -0.596008 -0.434134 0.033646 0.0000 0.4470 0.7410
v -0.287354 -0.329444 0.146458 0.0000 0.4470 0.7410
v -0.435363 -0.256342 0.080576 0.0000 0.4470 0.7410
v -0.290061 0.131732 0.109456 0.0000 0.4470 0.7410
v -0.357748 -0.095698 0.095919 0.0000 0.4470 0.7410
v -0.345114 -0.309589 0.120286 0.0000 0.4470 0.7410
v -0.533735 -0.139920 0.037256 0.0000 0.4470 0.7410
v -0.336089 -0.174215 0.109456 0.0000 0.4470 0.7410
v -0.504856 -0.398937 0.065234 0.0000 0.4470 0.7410
v -0.246741 -0.479259 0.169923 0.0000 0.4470 0.7410
v -0.235911 -0.143530 0.152776 0.0000 0.4470 0.7410
v -0.239521 -0.289735 0.157288 0.0000 0.4470 0.7410
v -0.463341 -0.562289 0.089601 0.0000 0.4470 0.7410
v -0.307209 -0.372764 0.135628 0.0000 0.4470 0.7410
v -0.212446 0.257179 0.132921 0.0000 0.4470 0.7410
v -0.616765 -0.518969 0.031841 0.0000 0.4470 0.7410
v -0.366773 -0.004545 0.090504 0.0000 0.4470 0.7410
v -0.381213 -0.579436 0.124798 0.0000 0.4470 0.7410
v -0.209739 -0.617341 0.194291 0.0000 0.4470 0.7410
v -0.188981 -0.485576 0.192486 0.0000 0.4470 0.7410
v -0.231399 -0.367349 0.166313 0.0000 0.4470 0.7410
v -0.569835 -0.509041 0.047184 0.0000 0.4470 0.7410
v -0.290061 0.262594 0.102236 0.0000 0.4470 0.7410
v -0.433558 0.042385 0.059819 0.0000 0.4470 0.7410
v -0.379408 -0.477454 0.115773 0.0000 0.4470 0.7410
v -0.171834 -0.270782 0.178948 0.0000 0.4470 0.7410
v -0.491318 -0.835745 0.107651 0.0000 0.4470 0.7410
v -0.141149 0.195809 0.160898 0.0000 0.4470 0.7410
v -0.402873 -0.273490 0.095016 0.0000 0.4470 0.7410
v -0.475976 -0.081258 0.051696 0.0000 0.4470 0.7410
v -0.519296 -0.557776 0.069746 0.0000 0.4470 0.7410
v -0.129417 0.036067 0.173533 0.0000 0.4470 0.7410
v -0.215154 -0.076745 0.146458 0.0000 0.4470 0.7410
v -0.549980 -0.731958 0.073356 0.0000 0.4470 0.7410
v -0.592398 -0.817696 0.067941 0.0000 0.4470 0.7410
v -0.075267 0.304109 0.172631 0.0000 0.4470 0.7410
v -0.403776 -0.143530 0.084186 0.0000 0.4470 0.7410
v -0.472366 -0.672393 0.096821 0.0000 0.4470 0.7410
v -0.273816 -0.153457 0.137433 0.0000 0.4470 0.7410
v -0.320746 -0.111040 0.110359 0.0000 0.4470 0.7410
v -0.366773 -0.372764 0.112164 0.0000 0.4470 0.7410
v -0.177249 -0.154360 0.170826 0.0000 0.4470 0.7410
v -0.365871 -0.695858 0.135628 0.0000 0.4470 0.7410
v -0.220569 0.138049 0.133823 0.0000 0.4470 0.7410
v -0.223276 -0.556874 0.180753 0.0000 0.4470 0.7410
v -0.150174 -0.041548 0.174436 0.0000 0.4470 0.7410
v -0.599618 -0.615536 0.047184 0.0000 0.4470 0.7410
v -0.094219 0.242739 0.177143 0.0000 0.4470 0.7410
v -0.508466 -0.517164 0.075161 0.0000 0.4470 0.7410
v -0.182664 0.356454 0.132921 0.0000 0.4470 0.7410
v -0.299989 -0.050573 0.121188 0.0000 0.4470 0.7410
v -0.068949 0.130829 0.190681 0.0000 0.4470 0.7410
v -0.259376 0.323964 0.108554 0.0000 0.4470 0.7410
v -0.477781 -0.785206 0.110359 0.0000 0.4470 0.7410
v -0.460633 -0.003643 0.054404 0.0000 0.4470 0.7410
v -0.444388 -0.730153 0.115773 0.0000 0.4470 0.7410
v -0.281939 -0.471137 0.156386 0.0000 0.4470 0.7410
v -0.608643 -0.744593 0.055306 0.0000 0.4470 0.7410
v -0.151979 0.301401 0.149166 0.0000 0.4470 0.7410
v -0.357748 -0.042450 0.094114 0.0000 0.4470 0.7410
v -0.299086 -0.403449 0.145556 0.0000 0.4470 0.7410
v -0.548175 -0.399839 0.045379 0.0000 0.4470 0.7410
v -0.318039 -0.762643 0.166313 0.0000 0.4470 0.7410
v -0.537345 -0.173312 0.033646 0.0000 0.4470 0.7410
v -0.202519 -0.346592 0.178046 0.0000 0.4470 0.7410
v -0.311721 -0.288832 0.131116 0.0000 0.4470 0.7410
v -0.100537 0.018920 0.187071 0.0000 0.4470 0.7410
v -0.307209 0.348331 0.085991 0.0000 0.4470 0.7410
v -0.292769 -0.240097 0.132921 0.0000 0.4470 0.7410
v -0.185371 0.303206 0.136531 0.0000 0.4470 0.7410
v -0.214251 0.027945 0.145556 0.0000 0.4470 0.7410
v -0.576153 -0.361934 0.037256 0.0000 0.4470 0.7410
v -0.249449 -0.412474 0.165411 0.0000 0.4470 0.7410
v -0.175444 -0.000935 0.159996 0.0000 0.4470 0.7410
v -0.179054 -0.090283 0.163606 0.0000 0.4470 0.7410
v -0.376701 0.265301 0.065234 0.0000 0.4470 0.7410
v -0.346016 -0.244610 0.110359 0.0000 0.4470 0.7410
v -0.166419 -0.361934 0.196096 0.0000 0.4470 0.7410
v -0.414606 -0.553264 0.109456 0.0000 0.4470 0.7410
v -0.562615 -0.803256 0.077869 0.0000 0.4470 0.7410
v -0.621278 -0.691346 0.045379 0.0000 0.4470 0.7410
v -0.464243 -0.132700 0.061624 0.0000 0.4470 0.7410
v -0.581568 -0.676906 0.057111 0.0000 0.4470 0.7410
v -0.547273 -0.837550 0.085991 0.0000 0.4470 0.7410
v -0.522003 -0.777083 0.090504 0.0000 0.4470 0.7410
v -0.545468 -0.533409 0.058014 0.0000 0.4470 0.7410
v -0.488611 -0.156165 0.053501 0.0000 0.4470 0.7410
v -0.517491 -0.267172 0.048989 0.0000 0.4470 0.7410
v -0.447096 -0.627269 0.108554 0.0000 0.4470 0.7410
v -0.462438 -0.241000 0.069746 0.0000 0.4470 0.7410
v -0.210641 -0.462112 0.181656 0.0000 0.4470 0.7410
v -0.496733 -0.368252 0.064331 0.0000 0.4470 0.7410
v -0.358651 0.062239 0.089601 0.0000 0.4470 0.7410
v -0.323454 -0.893505 0.163606 0.0000 0.4470 0.7410
v -0.349626 0.172344 0.084186 0.0000 0.4470 0.7410
v -0.233204 0.183174 0.131116 0.0000 0.4470 0.7410
v -0.140247 -0.161580 0.181656 0.0000 0.4470 0.7410
v -0.165517 -0.300564 0.187071 0.0000 0.4470 0.7410
v -0.337894 0.230104 0.083284 0.0000 0.4470 0.7410
v -0.387531 -0.772571 0.140141 0.0000 0.4470 0.7410
v -0.400166 -0.868235 0.152776 0.0000 0.4470 0.7410
v -0.531028 -0.203997 0.041769 0.0000 0.4470 0.7410
v -0.280134 0.009895 0.123896 0.0000 0.4470 0.7410
v -0.439876 -0.453989 0.091406 0.0000 0.4470 0.7410
v -0.326161 0.295986 0.081479 0.0000 0.4470 0.7410
v -0.306306 -0.175117 0.122091 0.0000 0.4470 0.7410
v -0.346016 -0.593876 0.134726 0.0000 0.4470 0.7410
v -0.366773 -0.858308 0.157288 0.0000 0.4470 0.7410
v -0.410996 0.166027 0.067941 0.0000 0.4470 0.7410
v -0.234106 -0.013570 0.140141 0.0000 0.4470 0.7410
v -0.102342 0.183174 0.172631 0.0000 0.4470 0.7410
v -0.535540 -0.340274 0.048989 0.0000 0.4470 0.7410
v -0.104147 0.081192 0.177143 0.0000 0.4470 0.7410
v -0.427241 0.012602 0.064331 0.0000 0.4470 0.7410
v -0.293671 -0.123675 0.126603 0.0000 0.4470 0.7410
v -0.193494 0.126317 0.148263 0.0000 0.4470 0.7410
v -0.328869 0.060434 0.100431 0.0000 0.4470 0.7410
v -0.297281 0.075777 0.110359 0.0000 0.4470 0.7410
v -0.195299 0.198517 0.140141 0.0000 0.4470 0.7410
v -0.559005 -0.602901 0.058014 0.0000 0.4470 0.7410
v -0.258474 0.119999 0.118481 0.0000 0.4470 0.7410
v -0.390238 0.207542 0.062526 0.0000 0.4470 0.7410
v -0.314429 -0.474746 0.142848 0.0000 0.4470 0.7410
v -0.421826 0.102852 0.067039 0.0000 0.4470 0.7410
v -0.286451 -0.629074 0.161801 0.0000 0.4470 0.7410
v -0.420021 -0.171507 0.077869 0.0000 0.4470 0.7410
v -0.410996 -0.672393 0.119383 0.0000 0.4470 0.7410
v -0.410093 -0.039743 0.075161 0.0000 0.4470 0.7410
v -0.512076 -0.026205 0.030939 0.0000 0.4470 0.7410
v -0.261181 -0.660661 0.174436 0.0000 0.4470 0.7410
v -0.424533 -0.849283 0.132921 0.0000 0.4470 0.7410
v -0.299989 -0.566801 0.151873 0.0000 0.4470 0.7410
v -0.512978 -0.429622 0.063429 0.0000 0.4470 0.7410
v -0.350528 -0.126382 0.096821 0.0000 0.4470 0.7410
v -0.457023 -0.500016 0.093211 0.0000 0.4470 0.7410
v -0.577958 -0.740081 0.066136 0.0000 0.4470 0.7410
v -0.277426 -0.809573 0.186168 0.0000 0.4470 0.7410
v -0.503953 -0.213925 0.049891 0.0000 0.4470 0.7410
v -0.111367 -0.020790 0.186168 0.0000 0.4470 0.7410
v -0.568933 -0.303272 0.031841 0.0000 0.4470 0.7410
v -0.457023 -0.103820 0.064331 0.0000 0.4470 0.7410
v -0.110464 -0.078550 0.192486 0.0000 0.4470 0.7410
v -0.224179 -0.398034 0.170826 0.0000 0.4470 0.7410
v -0.455218 -0.398034 0.080576 0.0000 0.4470 0.7410
v -0.319844 0.267106 0.090504 0.0000 0.4470 0.7410
v -0.440778 -0.360129 0.085991 0.0000 0.4470 0.7410
v -0.642938 -0.808671 0.043574 0.0000 0.4470 0.7410
v -0.277426 -0.424207 0.154581 0.0000 0.4470 0.7410
v -0.242229 -0.086673 0.141043 0.0000 0.4470 0.7410
v -0.361358 0.323964 0.067039 0.0000 0.4470 0.7410
v -0.531028 -0.599291 0.066136 0.0000 0.4470 0.7410
v -0.400166 -0.207607 0.084186 0.0000 0.4470 0.7410
v -0.392043 -0.385399 0.101334 0.0000 0.4470 0.7410
v -0.315331 -0.208510 0.122091 0.0000 0.4470 0.7410
v -0.405581 -0.083063 0.076966 0.0000 0.4470 0.7410
v -0.447096 -0.047865 0.061624 0.0000 0.4470 0.7410
v -0.316234 0.133537 0.095919 0.0000 0.4470 0.7410
v -0.240424 -0.213022 0.148263 0.0000 0.4470 0.7410
v -0.515686 -0.831233 0.092309 0.0000 0.4470 0.7410
v -0.364066 0.239129 0.074259 0.0000 0.4470 0.7410
v -0.145662 -0.239195 0.195193 0.0000 0.4470 0.7410
v -0.330674 0.200322 0.085089 0.0000 0.4470 0.7410
v -0.645645 -0.750008 0.035451 0.0000 0.4470 0.7410
v -0.321649 -0.620951 0.149166 0.0000 0.4470 0.7410
v -0.266596 0.296889 0.101334 0.0000 0.4470 0.7410
v -0.272011 -0.046963 0.127506 0.0000 0.4470 0.7410
v -0.568030 -0.224755 0.028231 0.0000 0.4470 0.7410
v -0.196201 -0.030718 0.150971 0.0000 0.4470 0.7410
v -0.259376 -0.269880 0.144653 0.0000 0.4470 0.7410
v -0.242229 0.079387 0.132921 0.0000 0.4470 0.7410
v -0.059022 0.245446 0.192486 0.0000 0.4470 0.7410
v -0.264791 -0.724738 0.177143 0.0000 0.4470 0.7410
v -0.319844 0.024335 0.107651 0.0000 0.4470 0.7410
v -0.251254 -0.788816 0.189778 0.0000 0.4470 0.7410
v -0.375798 0.129024 0.078771 0.0000 0.4470 0.7410
v -0.339699 -0.649831 0.148263 0.0000 0.4470 0.7410
v -0.543663 -0.703981 0.071551 0.0000 0.4470 0.7410
v -0.169127 0.149782 0.150971 0.0000 0.4470 0.7410
v -0.202519 -0.294247 0.170826 0.0000 0.4470 0.7410
v -0.528320 -0.002740 0.030939 0.0000 0.4470 0.7410
v -0.439876 -0.569509 0.104041 0.0000 0.4470 0.7410
v -0.406483 -0.440452 0.101334 0.0000 0.4470 0.7410
v -0.332479 -0.039743 0.106749 0.0000 0.4470 0.7410
v -0.338796 -0.365544 0.124798 0.0000 0.4470 0.7410
v -0.281939 -0.529799 0.159093 0.0000 0.4470 0.7410
v -0.479586 -0.596584 0.086894 0.0000 0.4470 0.7410
v -0.268401 -0.600194 0.170826 0.0000 0.4470 0.7410
v -0.371286 -0.722031 0.144653 0.0000 0.4470 0.7410
v -0.095122 0.139854 0.186168 0.0000 0.4470 0.7410
v -0.392946 -0.706688 0.129311 0.0000 0.4470 0.7410
v -0.272914 0.063142 0.117578 0.0000 0.4470 0.7410
v -0.342406 0.113682 0.087796 0.0000 0.4470 0.7410
v -0.627595 -0.775278 0.049891 0.0000 0.4470 0.7410
v -0.400166 -0.607414 0.120286 0.0000 0.4470 0.7410
v -0.257571 -0.759033 0.184363 0.0000 0.4470 0.7410
v -0.421826 -0.331249 0.090504 0.0000 0.4470 0.7410
v -0.464243 -0.448574 0.077869 0.0000 0.4470 0.7410
v -0.305404 0.200322 0.098626 0.0000 0.4470 0.7410
v -0.323454 0.166027 0.093211 0.0000 0.4470 0.7410
v -0.566225 -0.435939 0.042671 0.0000 0.4470 0.7410
v -0.111367 0.301401 0.165411 0.0000 0.4470 0.7410
v -0.494928 -0.773473 0.092309 0.0000 0.4470 0.7410
v -0.261181 -0.009960 0.131116 0.0000 0.4470 0.7410
v -0.312624 -0.847478 0.178046 0.0000 0.4470 0.7410
v -0.337894 -0.280710 0.118481 0.0000 0.4470 0.7410
v -0.197104 -0.407962 0.179851 0.0000 0.4470 0.7410
v -0.253059 0.364576 0.108554 0.0000 0.4470 0.7410
v -0.327966 -0.436842 0.132921 0.0000 0.4470 0.7410
v -0.410996 0.034262 0.072454 0.0000 0.4470 0.7410
v -0.482293 -0.310492 0.068844 0.0000 0.4470 0.7410
v -0.518393 -0.110138 0.039061 0.0000 0.4470 0.7410
v -0.534638 -0.462112 0.054404 0.0000 0.4470 0.7410
v -0.278329 0.211152 0.106749 0.0000 0.4470 0.7410
v -0.048192 0.206639 0.198803 0.0000 0.4470 0.7410
v -0.315331 -0.315004 0.125701 0.0000 0.4470 0.7410
v -0.344211 -0.792426 0.153678 0.0000 0.4470 0.7410
v -0.344211 -0.685028 0.147361 0.0000 0.4470 0.7410
v -0.053607 0.289669 0.190681 0.0000 0.4470 0.7410
v -0.519296 -0.657051 0.076966 0.0000 0.4470 0.7410
v -0.156492 0.173247 0.152776 0.0000 0.4470 0.7410
v -0.392946 0.096534 0.071551 0.0000 0.4470 0.7410
v -0.620375 -0.628171 0.036354 0.0000 0.4470 0.7410
v -0.202519 0.231006 0.134726 0.0000 0.4470 0.7410
v -0.133027 -0.109235 0.185266 0.0000 0.4470 0.7410
v -0.167322 0.024335 0.164508 0.0000 0.4470 0.7410
v -0.270206 0.177759 0.111261 0.0000 0.4470 0.7410
v -0.160102 0.250861 0.149166 0.0000 0.4470 0.7410
v -0.441681 -0.756326 0.114871 0.0000 0.4470 0.7410
v -0.204324 -0.541531 0.190681 0.0000 0.4470 0.7410
v -0.377603 -0.212120 0.097724 0.0000 0.4470 0.7410
v -0.235009 -0.118260 0.145556 0.0000 0.4470 0.7410
v -0.305404 0.109169 0.106749 0.0000 0.4470 0.7410
v -0.359553 -0.184142 0.103139 0.0000 0.4470 0.7410
v -0.173639 0.101949 0.150971 0.0000 0.4470 0.7410
v -0.348724 -0.342982 0.116676 0.0000 0.4470 0.7410
v -0.141149 0.063142 0.172631 0.0000 0.4470 0.7410
v -0.378506 -0.747301 0.138336 0.0000 0.4470 0.7410
v -0.535540 -0.079453 0.033646 0.0000 0.4470 0.7410
v -0.131222 0.098339 0.171728 0.0000 0.4470 0.7410
v -0.352333 0.296889 0.070649 0.0000 0.4470 0.7410
v -0.503953 0.045995 0.031841 0.0000 0.4470 0.7410
v -0.487708 -0.539726 0.076966 0.0000 0.4470 0.7410
v -0.307209 -0.023498 0.111261 0.0000 0.4470 0.7410
v -0.448901 -0.536116 0.094114 0.0000 0.4470 0.7410
v -0.089707 -0.009960 0.194291 0.0000 0.4470 0.7410
v -0.411898 -0.763546 0.132018 0.0000 0.4470 0.7410
v -0.122197 -0.058695 0.181656 0.0000 0.4470 0.7410
v -0.430851 -0.604706 0.105846 0.0000 0.4470 0.7410
v -0.153784 -0.208510 0.185266 0.0000 0.4470 0.7410
v -0.423631 -0.411572 0.097724 0.0000 0.4470 0.7410
v -0.618570 -0.798743 0.051696 0.0000 0.4470 0.7410
v -0.346016 -0.824013 0.160898 0.0000 0.4470 0.7410
v -0.120392 0.343819 0.159996 0.0000 0.4470 0.7410
v -0.389336 -0.547849 0.118481 0.0000 0.4470 0.7410
v -0.285549 -0.269880 0.137433 0.0000 0.4470 0.7410
v -0.370383 -0.244610 0.099529 0.0000 0.4470 0.7410
v -0.363163 -0.494601 0.123896 0.0000 0.4470 0.7410
v -0.375798 -0.417889 0.117578 0.0000 0.4470 0.7410
v -0.230496 0.101949 0.136531 0.0000 0.4470 0.7410
v -0.350528 -0.877260 0.164508 0.0000 0.4470 0.7410
v -0.434461 -0.383594 0.091406 0.0000 0.4470 0.7410
v -0.363163 -0.541531 0.131116 0.0000 0.4470 0.7410
v -0.224179 -0.236487 0.159093 0.0000 0.4470 0.7410
v -0.495831 -0.567704 0.076064 0.0000 0.4470 0.7410
v -0.493123 -0.733763 0.098626 0.0000 0.4470 0.7410
v -0.266596 -0.510846 0.162703 0.0000 0.4470 0.7410
v -0.264791 -0.844770 0.187071 0.0000 0.4470 0.7410
v -0.590593 -0.722933 0.050794 0.0000 0.4470 0.7410
v -0.498538 -0.623659 0.082381 0.0000 0.4470 0.7410
v -0.388433 0.024335 0.078771 0.0000 0.4470 0.7410
v -0.082487 0.194907 0.181656 0.0000 0.4470 0.7410
v -0.139344 0.325769 0.156386 0.0000 0.4470 0.7410
v -0.314429 -0.499114 0.141043 0.0000 0.4470 0.7410
v -0.396556 -0.494601 0.113066 0.0000 0.4470 0.7410
v -0.161004 -0.067720 0.168118 0.0000 0.4470 0.7410
v -0.449803 -0.189557 0.070649 0.0000 0.4470 0.7410
v -0.497636 -0.092990 0.042671 0.0000 0.4470 0.7410
v -0.203421 0.286961 0.134726 0.0000 0.4470 0.7410
v -0.102342 0.273424 0.169021 0.0000 0.4470 0.7410
v -0.228691 -0.192265 0.152776 0.0000 0.4470 0.7410
v -0.424533 -0.097503 0.072454 0.0000 0.4470 0.7410
v -0.237716 0.319451 0.118481 0.0000 0.4470 0.7410
v -0.061729 0.181369 0.196096 0.0000 0.4470 0.7410
v -0.302696 -0.708493 0.167216 0.0000 0.4470 0.7410
v -0.229594 0.009895 0.137433 0.0000 0.4470 0.7410
v -0.193494 -0.203095 0.167216 0.0000 0.4470 0.7410
v -0.221471 -0.046963 0.142848 0.0000 0.4470 0.7410
v -0.197104 -0.227462 0.171728 0.0000 0.4470 0.7410
v -0.087902 0.116389 0.183461 0.0000 0.4470 0.7410
v -0.393848 -0.459404 0.109456 0.0000 0.4470 0.7410
v -0.210641 0.159709 0.135628 0.0000 0.4470 0.7410
v -0.247644 -0.694053 0.186168 0.0000 0.4470 0.7410
v -0.435363 -0.490991 0.097724 0.0000 0.4470 0.7410
v -0.484098 -0.398034 0.076966 0.0000 0.4470 0.7410
v -0.508466 -0.300564 0.057111 0.0000 0.4470 0.7410
v -0.152882 0.005382 0.165411 0.0000 0.4470 0.7410
v -0.422728 -0.812281 0.132018 0.0000 0.4470 0.7410
v -0.266596 -0.389009 0.154581 0.0000 0.4470 0.7410
v -0.116782 0.246349 0.162703 0.0000 0.4470 0.7410
v -0.199811 -0.146237 0.158191 0.0000 0.4470 0.7410
v -0.149272 0.142562 0.161801 0.0000 0.4470 0.7410
v -0.511173 -0.143530 0.043574 0.0000 0.4470 0.7410
v -0.373091 -0.119163 0.092309 0.0000 0.4470 0.7410
v -0.394751 -0.022595 0.080576 0.0000 0.4470 0.7410
v -0.588788 -0.645319 0.052599 0.0000 0.4470 0.7410
v -0.609545 -0.550556 0.037256 0.0000 0.4470 0.7410
v -0.266596 -0.206705 0.138336 0.0000 0.4470 0.7410
v -0.245839 -0.312297 0.159093 0.0000 0.4470 0.7410
v -0.280134 -0.448574 0.150068 0.0000 0.4470 0.7410
v -0.262084 -0.629074 0.174436 0.0000 0.4470 0.7410
v -0.121294 0.132634 0.169923 0.0000 0.4470 0.7410
v -0.144759 0.269814 0.153678 0.0000 0.4470 0.7410
v -0.254864 -0.344787 0.154581 0.0000 0.4470 0.7410
v -0.153784 -0.098405 0.172631 0.0000 0.4470 0.7410
v -0.545468 -0.250927 0.039964 0.0000 0.4470 0.7410
v -0.367676 -0.300564 0.111261 0.0000 0.4470 0.7410
v -0.616765 -0.713908 0.047184 0.0000 0.4470 0.7410
v -0.533735 -0.796938 0.091406 0.0000 0.4470 0.7410
v -0.168224 -0.033425 0.162703 0.0000 0.4470 0.7410
v -0.190786 -0.124577 0.162703 0.0000 0.4470 0.7410
v -0.502148 -0.700371 0.090504 0.0000 0.4470 0.7410
v -0.314429 0.321256 0.085991 0.0000 0.4470 0.7410
v -0.611350 -0.838453 0.071551 0.0000 0.4470 0.7410
v -0.460633 0.049605 0.054404 0.0000 0.4470 0.7410
v -0.333381 -0.138115 0.110359 0.0000 0.4470 0.7410
v -0.345114 0.001772 0.095016 0.0000 0.4470 0.7410
v -0.364968 -0.064110 0.089601 0.0000 0.4470 0.7410
v -0.231399 0.253569 0.121188 0.0000 0.4470 0.7410
v -0.290061 -0.673296 0.167216 0.0000 0.4470 0.7410
v -0.348724 -0.424207 0.129311 0.0000 0.4470 0.7410
v -0.371286 -0.396229 0.113968 0.0000 0.4470 0.7410
v -0.274719 0.031555 0.122091 0.0000 0.4470 0.7410
v -0.192591 -0.313199 0.177143 0.0000 0.4470 0.7410
v -0.517491 -0.321322 0.057111 0.0000 0.4470 0.7410
v -0.480488 -0.509041 0.080576 0.0000 0.4470 0.7410
v -0.589690 -0.510846 0.037256 0.0000 0.4470 0.7410
v -0.327966 -0.225657 0.115773 0.0000 0.4470 0.7410
v -0.406483 -0.527994 0.115773 0.0000 0.4470 0.7410
v -0.380311 -0.089380 0.089601 0.0000 0.4470 0.7410
v -0.335186 -0.737373 0.153678 0.0000 0.4470 0.7410
v -0.555395 -0.287930 0.039964 0.0000 0.4470 0.7410
v -0.190786 0.014407 0.156386 0.0000 0.4470 0.7410
v -0.381213 -0.797841 0.143751 0.0000 0.4470 0.7410
v -0.173639 0.079387 0.159996 0.0000 0.4470 0.7410
v -0.549078 -0.226560 0.039061 0.0000 0.4470 0.7410
v -0.490416 -0.018083 0.043574 0.0000 0.4470 0.7410
v -0.448901 -0.473844 0.093211 0.0000 0.4470 0.7410
v -0.293671 -0.081258 0.117578 0.0000 0.4470 0.7410
v -0.457926 -0.278002 0.073356 0.0000 0.4470 0.7410
v -0.300891 -0.809573 0.176241 0.0000 0.4470 0.7410
v -0.371286 -0.837550 0.149166 0.0000 0.4470 0.7410
v -0.570738 -0.771668 0.068844 0.0000 0.4470 0.7410
v -0.203421 0.350136 0.131116 0.0000 0.4470 0.7410
v -0.455218 -0.799646 0.118481 0.0000 0.4470 0.7410
v -0.392946 -0.681418 0.127506 0.0000 0.4470 0.7410
v -0.156492 -0.259050 0.188876 0.0000 0.4470 0.7410
v -0.217861 -0.131797 0.155483 0.0000 0.4470 0.7410
v -0.555395 -0.364642 0.042671 0.0000 0.4470 0.7410
v -0.395653 -0.342982 0.101334 0.0000 0.4470 0.7410
v -0.293671 0.338404 0.099529 0.0000 0.4470 0.7410
v -0.475976 -0.189557 0.056209 0.0000 0.4470 0.7410
v -0.284646 0.105559 0.111261 0.0000 0.4470 0.7410
v -0.528320 -0.722031 0.083284 0.0000 0.4470 0.7410
v -0.294574 -0.356519 0.141946 0.0000 0.4470 0.7410
v -0.281939 -0.707591 0.172631 0.0000 0.4470 0.7410
v -0.207031 -0.057793 0.154581 0.0000 0.4470 0.7410
v -0.423631 0.150684 0.059819 0.0000 0.4470 0.7410
v -0.239521 0.129024 0.122993 0.0000 0.4470 0.7410
v -0.294574 0.283351 0.099529 0.0000 0.4470 0.7410
v -0.188079 0.250861 0.139238 0.0000 0.4470 0.7410
v -0.466951 -0.836648 0.118481 0.0000 0.4470 0.7410
v -0.192591 0.327574 0.132921 0.0000 0.4470 0.7410
v -0.216056 -0.023498 0.149166 0.0000 0.4470 0.7410
v -0.177249 0.184979 0.149166 0.0000 0.4470 0.7410
v -0.272011 -0.744593 0.178046 0.0000 0.4470 0.7410
v -0.341504 -0.104723 0.105846 0.0000 0.4470 0.7410
v -0.475073 -0.103820 0.053501 0.0000 0.4470 0.7410
v -0.348724 -0.076745 0.096821 0.0000 0.4470 0.7410
v -0.506661 -0.643514 0.086894 0.0000 0.4470 0.7410
v -0.463341 -0.653441 0.096821 0.0000 0.4470 0.7410
v -0.221471 -0.576729 0.189778 0.0000 0.4470 0.7410
v -0.273816 -0.174215 0.134726 0.0000 0.4470 0.7410
v -0.424533 -0.296052 0.082381 0.0000 0.4470 0.7410
v -0.235009 -0.462112 0.171728 0.0000 0.4470 0.7410
v -0.198909 -0.091185 0.157288 0.0000 0.4470 0.7410
v -0.472366 -0.731056 0.103139 0.0000 0.4470 0.7410
v -0.247644 -0.606511 0.177143 0.0000 0.4470 0.7410
v -0.242229 0.049605 0.131116 0.0000 0.4470 0.7410
v -0.421826 -0.241000 0.084186 0.0000 0.4470 0.7410
v -0.420021 -0.731958 0.123896 0.0000 0.4470 0.7410
v -0.186274 -0.358324 0.183461 0.0000 0.4470 0.7410
v -0.329771 -0.780693 0.162703 0.0000 0.4470 0.7410
v -0.442583 -0.236487 0.073356 0.0000 0.4470 0.7410
v -0.340601 0.082094 0.099529 0.0000 0.4470 0.7410
v -0.438071 -0.864625 0.135628 0.0000 0.4470 0.7410
v -0.146564 -0.295150 0.193388 0.0000 0.4470 0.7410
v -0.299989 0.367284 0.089601 0.0000 0.4470 0.7410
v -0.216959 0.295986 0.122091 0.0000 0.4470 0.7410
v -0.284646 0.242739 0.101334 0.0000 0.4470 0.7410
v -0.364066 -0.648026 0.142848 0.0000 0.4470 0.7410
v -0.346016 -0.154360 0.110359 0.0000 0.4470 0.7410
v -0.286451 -0.648929 0.167216 0.0000 0.4470 0.7410
v -0.253961 -0.148945 0.140141 0.0000 0.4470 0.7410
v -0.490416 0.070362 0.039061 0.0000 0.4470 0.7410
v -0.082487 0.337501 0.173533 0.0000 0.4470 0.7410
v -0.457926 -0.221145 0.067941 0.0000 0.4470 0.7410
v -0.383018 -0.309589 0.101334 0.0000 0.4470 0.7410
v -0.216959 0.272521 0.120286 0.0000 0.4470 0.7410
v -0.225984 -0.100210 0.148263 0.0000 0.4470 0.7410
v -0.186274 0.219274 0.138336 0.0000 0.4470 0.7410
v -0.414606 -0.065013 0.079674 0.0000 0.4470 0.7410
v -0.328869 -0.589364 0.144653 0.0000 0.4470 0.7410
v -0.355041 -0.574924 0.137433 0.0000 0.4470 0.7410
v -0.359553 -0.463014 0.124798 0.0000 0.4470 0.7410
v -0.216959 0.119097 0.140141 0.0000 0.4470 0.7410
v -0.501246 -0.498211 0.074259 0.0000 0.4470 0.7410
v -0.645645 -0.703981 0.042671 0.0000 0.4470 0.7410
v -0.188981 0.062239 0.150971 0.0000 0.4470 0.7410
v -0.279231 -0.871845 0.191583 0.0000 0.4470 0.7410
v -0.213349 -0.481966 0.180753 0.0000 0.4470 0.7410
v -0.088804 0.285156 0.178046 0.0000 0.4470 0.7410
v -0.464243 -0.065013 0.050794 0.0000 0.4470 0.7410
v -0.121294 0.065849 0.172631 0.0000 0.4470 0.7410
v -0.305404 0.149782 0.100431 0.0000 0.4470 0.7410
v -0.337894 -0.194070 0.111261 0.0000 0.4470 0.7410
v -0.244936 -0.499114 0.171728 0.0000 0.4470 0.7410
v -0.326161 0.248154 0.090504 0.0000 0.4470 0.7410
v -0.508466 -0.236487 0.053501 0.0000 0.4470 0.7410
v -0.449803 -0.311394 0.075161 0.0000 0.4470 0.7410
v -0.184469 -0.172410 0.166313 0.0000 0.4470 0.7410
v -0.354138 -0.623659 0.136531 0.0000 0.4470 0.7410
v -0.286451 -0.388107 0.147361 0.0000 0.4470 0.7410
v -0.316234 -0.867333 0.174436 0.0000 0.4470 0.7410
v -0.492221 0.033360 0.041769 0.0000 0.4470 0.7410
v -0.431753 -0.540629 0.103139 0.0000 0.4470 0.7410
v -0.354138 -0.842965 0.158191 0.0000 0.4470 0.7410
v -0.130319 0.308621 0.151873 0.0000 0.4470 0.7410
v -0.328869 0.353746 0.081479 0.0000 0.4470 0.7410
v -0.310819 0.058629 0.108554 0.0000 0.4470 0.7410
v -0.384823 -0.149847 0.088699 0.0000 0.4470 0.7410
v -0.263889 -0.310492 0.150971 0.0000 0.4470 0.7410
v -0.364968 -0.590266 0.128408 0.0000 0.4470 0.7410
v -0.552688 -0.499114 0.049891 0.0000 0.4470 0.7410
v -0.321649 -0.706688 0.161801 0.0000 0.4470 0.7410
v -0.378506 0.080289 0.076966 0.0000 0.4470 0.7410
v -0.134832 0.017115 0.173533 0.0000 0.4470 0.7410
v -0.409191 -0.833038 0.135628 0.0000 0.4470 0.7410
v -0.538248 -0.758131 0.078771 0.0000 0.4470 0.7410
v -0.407386 -0.397132 0.097724 0.0000 0.4470 0.7410
v -0.372188 -0.557776 0.124798 0.0000 0.4470 0.7410
v -0.411898 0.054117 0.071551 0.0000 0.4470 0.7410
v -0.242229 -0.561386 0.178948 0.0000 0.4470 0.7410
v -0.426338 -0.680516 0.110359 0.0000 0.4470 0.7410
v -0.171834 -0.125480 0.168118 0.0000 0.4470 0.7410
v -0.466951 -0.349299 0.076064 0.0000 0.4470 0.7410
v -0.371286 -0.031620 0.085089 0.0000 0.4470 0.7410
v -0.514783 -0.361032 0.063429 0.0000 0.4470 0.7410
v -0.301794 0.018017 0.111261 0.0000 0.4470 0.7410
v -0.571640 -0.575826 0.049891 0.0000 0.4470 0.7410
v -0.592398 -0.754521 0.058916 0.0000 0.4470 0.7410
v -0.241326 -0.383594 0.162703 0.0000 0.4470 0.7410
v -0.329771 -0.675101 0.155483 0.0000 0.4470 0.7410
v -0.463341 -0.766253 0.111261 0.0000 0.4470 0.7410
v -0.142954 0.111877 0.164508 0.0000 0.4470 0.7410
v -0.503953 -0.722933 0.086894 0.0000 0.4470 0.7410
v -0.438973 -0.174215 0.076064 0.0000 0.4470 0.7410
v -0.313526 -0.737373 0.166313 0.0000 0.4470 0.7410
v -0.207031 -0.247317 0.166313 0.0000 0.4470 0.7410
v -0.348724 0.280644 0.081479 0.0000 0.4470 0.7410
v -0.480488 -0.697663 0.098626 0.0000 0.4470 0.7410
v -0.541858 -0.310492 0.044476 0.0000 0.4470 0.7410
v -0.318039 -0.574021 0.148263 0.0000 0.4470 0.7410
v -0.190786 -0.437744 0.183461 0.0000 0.4470 0.7410
v -0.244034 -0.029815 0.139238 0.0000 0.4470 0.7410
v -0.605935 -0.598389 0.041769 0.0000 0.4470 0.7410
v -0.506661 -0.281612 0.057111 0.0000 0.4470 0.7410
v -0.179054 -0.375472 0.187071 0.0000 0.4470 0.7410
v -0.235911 0.165124 0.122993 0.0000 0.4470 0.7410
v -0.458828 -0.689541 0.101334 0.0000 0.4470 0.7410
v -0.327966 -0.156165 0.117578 0.0000 0.4470 0.7410
v -0.639328 -0.659758 0.033646 0.0000 0.4470 0.7410
v -0.550883 -0.133602 0.032744 0.0000 0.4470 0.7410
v -0.389336 -0.441354 0.112164 0.0000 0.4470 0.7410
v -0.475073 -0.169702 0.059819 0.0000 0.4470 0.7410
v -0.519296 -0.527994 0.064331 0.0000 0.4470 0.7410
v -0.157394 -0.336664 0.193388 0.0000 0.4470 0.7410
v -0.157394 0.281546 0.146458 0.0000 0.4470 0.7410
v -0.096927 0.156099 0.177143 0.0000 0.4470 0.7410
v -0.073462 0.246349 0.180753 0.0000 0.4470 0.7410
v -0.493123 -0.065013 0.045379 0.0000 0.4470 0.7410
v -0.345114 -0.540629 0.135628 0.0000 0.4470 0.7410
v -0.393848 -0.565899 0.118481 0.0000 0.4470 0.7410
v -0.249449 0.230104 0.118481 0.0000 0.4470 0.7410
v -0.447998 -0.140822 0.070649 0.0000 0.4470 0.7410
v -0.136637 0.292376 0.158191 0.0000 0.4470 0.7410
v -0.422728 -0.636294 0.115773 0.0000 0.4470 0.7410
v -0.145662 -0.024400 0.169021 0.0000 0.4470 0.7410
v -0.225984 -0.625464 0.190681 0.0000 0.4470 0.7410
v -0.161004 -0.010863 0.169021 0.0000 0.4470 0.7410
v -0.472366 0.010797 0.051696 0.0000 0.4470 0.7410
v -0.448901 -0.849283 0.120286 0.0000 0.4470 0.7410
v -0.371286 -0.761741 0.147361 0.0000 0.4470 0.7410
v -0.268401 -0.459404 0.160898 0.0000 0.4470 0.7410
v -0.493123 -0.350202 0.064331 0.0000 0.4470 0.7410
v -0.534638 -0.666978 0.076966 0.0000 0.4470 0.7410
v -0.118587 0.018017 0.184363 0.0000 0.4470 0.7410
v -0.124904 0.175954 0.163606 0.0000 0.4470 0.7410
v -0.558103 -0.419694 0.044476 0.0000 0.4470 0.7410
v -0.171834 0.061337 0.158191 0.0000 0.4470 0.7410
v -0.354138 -0.508139 0.132018 0.0000 0.4470 0.7410
v -0.522003 -0.401644 0.059819 0.0000 0.4470 0.7410
v -0.475976 -0.803256 0.111261 0.0000 0.4470 0.7410
v -0.492221 -0.036133 0.044476 0.0000 0.4470 0.7410
v -0.384823 0.283351 0.063429 0.0000 0.4470 0.7410
v -0.161907 -0.176922 0.178046 0.0000 0.4470 0.7410
v -0.328869 -0.798743 0.163606 0.0000 0.4470 0.7410
v -0.289159 -0.312297 0.141043 0.0000 0.4470 0.7410
v -0.337894 0.317646 0.079674 0.0000 0.4470 0.7410
v -0.359553 -0.166092 0.104944 0.0000 0.4470 0.7410
v -0.492221 -0.654343 0.085991 0.0000 0.4470 0.7410
v -0.272011 -0.493699 0.160898 0.0000 0.4470 0.7410
v -0.225984 -0.278002 0.159093 0.0000 0.4470 0.7410
v -0.441681 -0.342079 0.083284 0.0000 0.4470 0.7410
v -0.440778 0.023432 0.059819 0.0000 0.4470 0.7410
v -0.132124 -0.089380 0.178046 0.0000 0.4470 0.7410
v -0.299989 -0.256342 0.131116 0.0000 0.4470 0.7410
v -0.584275 -0.842965 0.081479 0.0000 0.4470 0.7410
v -0.263889 -0.777083 0.185266 0.0000 0.4470 0.7410
v -0.229594 -0.443159 0.171728 0.0000 0.4470 0.7410
v -0.372188 -0.779791 0.145556 0.0000 0.4470 0.7410
v -0.483196 -0.001838 0.045379 0.0000 0.4470 0.7410
v -0.094219 -0.034328 0.196096 0.0000 0.4470 0.7410
v -0.255766 -0.222950 0.147361 0.0000 0.4470 0.7410
v -0.376701 0.146172 0.074259 0.0000 0.4470 0.7410
v -0.461536 -0.633586 0.100431 0.0000 0.4470 0.7410
v -0.283744 0.300499 0.104041 0.0000 0.4470 0.7410
v -0.135734 0.079387 0.168118 0.0000 0.4470 0.7410
v -0.523808 -0.705786 0.077869 0.0000 0.4470 0.7410
v -0.417313 -0.863723 0.140141 0.0000 0.4470 0.7410
v -0.165517 -0.084868 0.173533 0.0000 0.4470 0.7410
v -0.362261 0.080289 0.085089 0.0000 0.4470 0.7410
v -0.180859 -0.021693 0.159093 0.0000 0.4470 0.7410
v -0.552688 -0.165190 0.030939 0.0000 0.4470 0.7410
v -0.209739 0.176857 0.139238 0.0000 0.4470 0.7410
v -0.302696 -0.324029 0.133823 0.0000 0.4470 0.7410
v -0.303599 -0.619146 0.153678 0.0000 0.4470 0.7410
v -0.219666 -0.307784 0.164508 0.0000 0.4470 0.7410
v -0.170932 0.238226 0.143751 0.0000 0.4470 0.7410
v -0.115879 0.093827 0.179851 0.0000 0.4470 0.7410
v -0.615863 -0.815891 0.056209 0.0000 0.4470 0.7410
v -0.304501 -0.771668 0.172631 0.0000 0.4470 0.7410
v -0.138442 -0.057793 0.175338 0.0000 0.4470 0.7410
v -0.528320 -0.487381 0.062526 0.0000 0.4470 0.7410
v -0.237716 -0.515359 0.175338 0.0000 0.4470 0.7410
v -0.384823 0.232811 0.065234 0.0000 0.4470 0.7410
v -0.592398 -0.481064 0.036354 0.0000 0.4470 0.7410
v -0.456121 -0.817696 0.117578 0.0000 0.4470 0.7410
v -0.264791 -0.189557 0.141043 0.0000 0.4470 0.7410
v -0.217861 0.191297 0.132018 0.0000 0.4470 0.7410
v -0.174541 0.326671 0.141043 0.0000 0.4470 0.7410
v -0.327966 0.120902 0.097724 0.0000 0.4470 0.7410
v -0.487708 -0.444062 0.076966 0.0000 0.4470 0.7410
v -0.237716 -0.335762 0.161801 0.0000 0.4470 0.7410
v -0.235009 -0.063208 0.145556 0.0000 0.4470 0.7410
v -0.438973 -0.804158 0.124798 0.0000 0.4470 0.7410
v -0.448901 -0.206705 0.072454 0.0000 0.4470 0.7410
v -0.608643 -0.762643 0.054404 0.0000 0.4470 0.7410
v -0.269304 -0.139017 0.129311 0.0000 0.4470 0.7410
v -0.447998 -0.677808 0.107651 0.0000 0.4470 0.7410
v -0.383921 -0.353812 0.107651 0.0000 0.4470 0.7410
v -0.058119 0.304109 0.182558 0.0000 0.4470 0.7410
v -0.573445 -0.478356 0.042671 0.0000 0.4470 0.7410
v -0.126709 -0.154360 0.191583 0.0000 0.4470 0.7410
v -0.358651 -0.405254 0.121188 0.0000 0.4470 0.7410
v -0.573445 -0.405254 0.039964 0.0000 0.4470 0.7410
v -0.424533 0.086607 0.062526 0.0000 0.4470 0.7410
v -0.332479 -0.506334 0.136531 0.0000 0.4470 0.7410
v -0.482293 -0.821306 0.108554 0.0000 0.4470 0.7410
v -0.266596 -0.254537 0.146458 0.0000 0.4470 0.7410
v -0.321649 0.045092 0.102236 0.0000 0.4470 0.7410
v -0.171834 -0.049670 0.166313 0.0000 0.4470 0.7410
v -0.586080 -0.784303 0.064331 0.0000 0.4470 0.7410
v -0.380311 -0.629976 0.125701 0.0000 0.4470 0.7410
v -0.362261 0.138952 0.081479 0.0000 0.4470 0.7410
v -0.197104 -0.453989 0.187973 0.0000 0.4470 0.7410
v -0.142052 -0.129090 0.184363 0.0000 0.4470 0.7410
v -0.329771 -0.533409 0.136531 0.0000 0.4470 0.7410
v -0.316234 0.284254 0.088699 0.0000 0.4470 0.7410
v -0.392946 -0.296955 0.095919 0.0000 0.4470 0.7410
v -0.439876 -0.507236 0.095919 0.0000 0.4470 0.7410
v -0.274719 0.267106 0.107651 0.0000 0.4470 0.7410
v -0.383921 -0.872748 0.153678 0.0000 0.4470 0.7410
v -0.514783 0.027945 0.031841 0.0000 0.4470 0.7410
v -0.089707 0.226494 0.176241 0.0000 0.4470 0.7410
v -0.048192 0.314939 0.190681 0.0000 0.4470 0.7410
v -0.380311 -0.687736 0.138336 0.0000 0.4470 0.7410
v -0.196201 -0.527091 0.193388 0.0000 0.4470 0.7410
v -0.141149 0.177759 0.159996 0.0000 0.4470 0.7410
v -0.359553 0.184979 0.079674 0.0000 0.4470 0.7410
v -0.343309 -0.750008 0.160898 0.0000 0.4470 0.7410
v -0.483196 -0.049670 0.048989 0.0000 0.4470 0.7410
v -0.380311 -0.018083 0.088699 0.0000 0.4470 0.7410
v -0.521101 -0.458502 0.063429 0.0000 0.4470 0.7410
v -0.268401 0.340209 0.108554 0.0000 0.4470 0.7410
v -0.341504 -0.014473 0.094114 0.0000 0.4470 0.7410
v -0.559005 -0.697663 0.072454 0.0000 0.4470 0.7410
v -0.539150 -0.266270 0.040866 0.0000 0.4470 0.7410
v -0.566225 -0.833940 0.076064 0.0000 0.4470 0.7410
v -0.416411 -0.267172 0.087796 0.0000 0.4470 0.7410
v -0.430851 -0.716616 0.119383 0.0000 0.4470 0.7410
v -0.389336 -0.165190 0.095919 0.0000 0.4470 0.7410
v -0.361358 0.255374 0.073356 0.0000 0.4470 0.7410
v -0.252156 0.003577 0.133823 0.0000 0.4470 0.7410
v -0.166419 0.295084 0.143751 0.0000 0.4470 0.7410
v -0.447096 -0.771668 0.117578 0.0000 0.4470 0.7410
v -0.441681 -0.159775 0.068844 0.0000 0.4470 0.7410
v -0.497636 -0.478356 0.076064 0.0000 0.4470 0.7410
v -0.213349 -0.197680 0.163606 0.0000 0.4470 0.7410
v -0.400166 0.175954 0.060721 0.0000 0.4470 0.7410
v -0.423631 -0.347494 0.090504 0.0000 0.4470 0.7410
v -0.344211 0.186784 0.089601 0.0000 0.4470 0.7410
v -0.347821 -0.227462 0.113066 0.0000 0.4470 0.7410
v -0.376701 0.249056 0.067039 0.0000 0.4470 0.7410
v -0.483196 -0.337567 0.067039 0.0000 0.4470 0.7410
v -0.286451 -0.567704 0.160898 0.0000 0.4470 0.7410
v -0.203421 -0.493699 0.186168 0.0000 0.4470 0.7410
v -0.388433 -0.656148 0.131116 0.0000 0.4470 0.7410
v -0.222374 -0.353812 0.166313 0.0000 0.4470 0.7410
v -0.105049 0.128122 0.176241 0.0000 0.4470 0.7410
v -0.407386 -0.503626 0.104944 0.0000 0.4470 0.7410
v -0.503953 -0.787011 0.096821 0.0000 0.4470 0.7410
v -0.132124 0.209347 0.160898 0.0000 0.4470 0.7410
v -0.118587 -0.124577 0.191583 0.0000 0.4470 0.7410
v -0.421826 -0.437744 0.096821 0.0000 0.4470 0.7410
v -0.225984 0.155197 0.132921 0.0000 0.4470 0.7410
v -0.373091 -0.049670 0.091406 0.0000 0.4470 0.7410
v -0.597813 -0.568606 0.042671 0.0000 0.4470 0.7410
v -0.263889 -0.413377 0.158191 0.0000 0.4470 0.7410
v -0.381213 -0.196777 0.101334 0.0000 0.4470 0.7410
v -0.247644 -0.255440 0.151873 0.0000 0.4470 0.7410
v -0.215154 -0.385399 0.175338 0.0000 0.4470 0.7410
v -0.341504 -0.052378 0.102236 0.0000 0.4470 0.7410
v -0.574348 -0.662466 0.058014 0.0000 0.4470 0.7410
v -0.531028 -0.740081 0.085089 0.0000 0.4470 0.7410
v -0.329771 -0.479259 0.141043 0.0000 0.4470 0.7410
v -0.422728 -0.500919 0.097724 0.0000 0.4470 0.7410
v -0.387531 -0.597486 0.120286 0.0000 0.4470 0.7410
v -0.368578 0.217469 0.076064 0.0000 0.4470 0.7410
v -0.406483 -0.098405 0.081479 0.0000 0.4470 0.7410
v -0.142052 0.339306 0.148263 0.0000 0.4470 0.7410
v -0.245839 0.332989 0.115773 0.0000 0.4470 0.7410
v -0.260279 0.286961 0.112164 0.0000 0.4470 0.7410
v -0.263889 0.146172 0.116676 0.0000 0.4470 0.7410
v -0.457023 -0.037035 0.055306 0.0000 0.4470 0.7410
v -0.397458 -0.622756 0.123896 0.0000 0.4470 0.7410
v -0.432656 -0.271685 0.084186 0.0000 0.4470 0.7410
v -0.199811 0.050507 0.150068 0.0000 0.4470 0.7410
v -0.373091 -0.229267 0.103139 0.0000 0.4470 0.7410
v -0.149272 0.226494 0.157288 0.0000 0.4470 0.7410
v -0.378506 0.061337 0.082381 0.0000 0.4470 0.7410
v -0.524710 -0.176922 0.042671 0.0000 0.4470 0.7410
v -0.242229 0.179564 0.118481 0.0000 0.4470 0.7410
v -0.549078 -0.796938 0.083284 0.0000 0.4470 0.7410
v -0.281036 -0.343884 0.144653 0.0000 0.4470 0.7410
v -0.430851 -0.834843 0.131116 0.0000 0.4470 0.7410
v -0.296379 -0.472942 0.150068 0.0000 0.4470 0.7410
v -0.207934 0.083899 0.144653 0.0000 0.4470 0.7410
v -0.256669 0.260789 0.109456 0.0000 0.4470 0.7410
v -0.096927 0.258984 0.172631 0.0000 0.4470 0.7410
v -0.488611 -0.792426 0.101334 0.0000 0.4470 0.7410
v -0.474171 -0.462112 0.076966 0.0000 0.4470 0.7410
v -0.347821 -0.328542 0.122993 0.0000 0.4470 0.7410
v -0.287354 -0.416987 0.144653 0.0000 0.4470 0.7410
v -0.160102 0.037872 0.160898 0.0000 0.4470 0.7410
v -0.151979 0.024335 0.168118 0.0000 0.4470 0.7410
v -0.255766 -0.807768 0.195193 0.0000 0.4470 0.7410
v -0.242229 0.196712 0.121188 0.0000 0.4470 0.7410
v -0.272011 -0.278002 0.149166 0.0000 0.4470 0.7410
v -0.084292 0.179564 0.184363 0.0000 0.4470 0.7410
v -0.478683 -0.713006 0.095919 0.0000 0.4470 0.7410
v -0.392043 0.063142 0.074259 0.0000 0.4470 0.7410
v -0.272011 -0.331249 0.142848 0.0000 0.4470 0.7410
v -0.368578 -0.132700 0.098626 0.0000 0.4470 0.7410
v -0.311721 -0.083965 0.109456 0.0000 0.4470 0.7410
v -0.297281 -0.279807 0.134726 0.0000 0.4470 0.7410
v -0.089707 0.057727 0.193388 0.0000 0.4470 0.7410
v -0.407386 0.084802 0.074259 0.0000 0.4470 0.7410
v -0.263889 0.009895 0.125701 0.0000 0.4470 0.7410
v -0.223276 0.326671 0.118481 0.0000 0.4470 0.7410
v -0.409191 0.144367 0.064331 0.0000 0.4470 0.7410
v -0.413703 -0.610121 0.113066 0.0000 0.4470 0.7410
v -0.538248 -0.567704 0.064331 0.0000 0.4470 0.7410
v -0.437168 -0.639904 0.111261 0.0000 0.4470 0.7410
v -0.539150 -0.629074 0.071551 0.0000 0.4470 0.7410
v -0.372188 -0.507236 0.124798 0.0000 0.4470 0.7410
v -0.069852 0.316744 0.179851 0.0000 0.4470 0.7410
v -0.180859 0.135342 0.148263 0.0000 0.4470 0.7410
v -0.375798 0.029750 0.085991 0.0000 0.4470 0.7410
v -0.312624 0.367284 0.080576 0.0000 0.4470 0.7410
v -0.198006 -0.473844 0.187973 0.0000 0.4470 0.7410
v -0.378506 -0.002740 0.080576 0.0000 0.4470 0.7410
v -0.576153 -0.269880 0.026426 0.0000 0.4470 0.7410
v -0.495831 -0.758131 0.094114 0.0000 0.4470 0.7410
v -0.582470 -0.692248 0.055306 0.0000 0.4470 0.7410
v -0.338796 -0.389009 0.125701 0.0000 0.4470 0.7410
v -0.488611 -0.666978 0.094114 0.0000 0.4470 0.7410
v -0.069852 0.145269 0.196096 0.0000 0.4470 0.7410
v -0.544565 -0.547849 0.063429 0.0000 0.4470 0.7410
v -0.312624 0.231006 0.093211 0.0000 0.4470 0.7410
v -0.374896 -0.322224 0.104944 0.0000 0.4470 0.7410
v -0.237716 -0.157067 0.145556 0.0000 0.4470 0.7410
v -0.485001 -0.767156 0.102236 0.0000 0.4470 0.7410
v -0.278329 -0.663368 0.168118 0.0000 0.4470 0.7410
v -0.328869 -0.607414 0.148263 0.0000 0.4470 0.7410
v -0.493123 -0.141725 0.050794 0.0000 0.4470 0.7410
v -0.502148 -0.107430 0.045379 0.0000 0.4470 0.7410
v -0.303599 -0.160677 0.126603 0.0000 0.4470 0.7410
v -0.212446 -0.092088 0.150068 0.0000 0.4470 0.7410
v -0.221471 0.038775 0.137433 0.0000 0.4470 0.7410
v -0.487708 -0.574924 0.086894 0.0000 0.4470 0.7410
v -0.398361 -0.129992 0.088699 0.0000 0.4470 0.7410
v -0.416411 0.116389 0.062526 0.0000 0.4470 0.7410
v -0.567128 -0.615536 0.060721 0.0000 0.4470 0.7410
v -0.358651 -0.729251 0.140141 0.0000 0.4470 0.7410
v -0.405581 -0.777083 0.129311 0.0000 0.4470 0.7410
v -0.351431 -0.557776 0.135628 0.0000 0.4470 0.7410
v -0.179956 -0.104723 0.168118 0.0000 0.4470 0.7410
v -0.557200 -0.243707 0.033646 0.0000 0.4470 0.7410
v -0.242229 0.218372 0.124798 0.0000 0.4470 0.7410
v -0.495831 -0.184142 0.050794 0.0000 0.4470 0.7410
v -0.086097 0.209347 0.184363 0.0000 0.4470 0.7410
v -0.189884 -0.391717 0.184363 0.0000 0.4470 0.7410
v -0.289159 0.001772 0.114871 0.0000 0.4470 0.7410
v -0.329771 -0.398034 0.133823 0.0000 0.4470 0.7410
v -0.198909 -0.425109 0.184363 0.0000 0.4470 0.7410
v -0.285549 -0.750911 0.176241 0.0000 0.4470 0.7410
v -0.457023 -0.420597 0.083284 0.0000 0.4470 0.7410
v -0.370383 0.110974 0.078771 0.0000 0.4470 0.7410
v -0.359553 -0.263562 0.106749 0.0000 0.4470 0.7410
v -0.327966 0.074874 0.095919 0.0000 0.4470 0.7410
v -0.346919 -0.607414 0.141043 0.0000 0.4470 0.7410
v -0.466048 -0.466624 0.088699 0.0000 0.4470 0.7410
v -0.330674 0.259886 0.082381 0.0000 0.4470 0.7410
v -0.486806 -0.210315 0.057111 0.0000 0.4470 0.7410
v -0.150174 -0.222950 0.184363 0.0000 0.4470 0.7410
v -0.606838 -0.687736 0.045379 0.0000 0.4470 0.7410
v -0.264791 -0.473844 0.160898 0.0000 0.4470 0.7410
v -0.306306 -0.243707 0.126603 0.0000 0.4470 0.7410
v -0.508466 -0.768058 0.095016 0.0000 0.4470 0.7410
v -0.427241 -0.141725 0.075161 0.0000 0.4470 0.7410
v -0.253961 0.109169 0.127506 0.0000 0.4470 0.7410
v -0.250351 -0.662466 0.184363 0.0000 0.4470 0.7410
v -0.298184 -0.641709 0.161801 0.0000 0.4470 0.7410
v -0.324356 -0.303272 0.125701 0.0000 0.4470 0.7410
v -0.640230 -0.761741 0.042671 0.0000 0.4470 0.7410
v -0.252156 -0.425109 0.158191 0.0000 0.4470 0.7410
v -0.423631 -0.032523 0.071551 0.0000 0.4470 0.7410
v -0.434461 -0.108333 0.073356 0.0000 0.4470 0.7410
v -0.212446 -0.339372 0.169923 0.0000 0.4470 0.7410
v -0.199811 -0.279807 0.170826 0.0000 0.4470 0.7410
v -0.355943 -0.309589 0.110359 0.0000 0.4470 0.7410
v -0.517491 -0.202192 0.047184 0.0000 0.4470 0.7410
v -0.504856 -0.841160 0.105846 0.0000 0.4470 0.7410
v -0.171834 -0.140822 0.172631 0.0000 0.4470 0.7410
v -0.151979 0.157002 0.161801 0.0000 0.4470 0.7410
v -0.336089 0.154294 0.090504 0.0000 0.4470 0.7410
v -0.636620 -0.740983 0.042671 0.0000 0.4470 0.7410
v -0.240424 0.064947 0.131116 0.0000 0.4470 0.7410
v -0.542760 -0.744593 0.075161 0.0000 0.4470 0.7410
v -0.230496 -0.544239 0.178948 0.0000 0.4470 0.7410
v -0.349626 -0.493699 0.129311 0.0000 0.4470 0.7410
v -0.177249 -0.392619 0.192486 0.0000 0.4470 0.7410
v -0.182664 0.030652 0.152776 0.0000 0.4470 0.7410
v -0.194396 -0.327639 0.178046 0.0000 0.4470 0.7410
v -0.303599 -0.504529 0.149166 0.0000 0.4470 0.7410
v -0.520198 -0.037035 0.036354 0.0000 0.4470 0.7410
v -0.504856 -0.061403 0.036354 0.0000 0.4470 0.7410
v -0.188079 -0.000033 0.152776 0.0000 0.4470 0.7410
v -0.358651 -0.827623 0.154581 0.0000 0.4470 0.7410
v -0.363163 -0.429622 0.119383 0.0000 0.4470 0.7410
v -0.353236 0.219274 0.080576 0.0000 0.4470 0.7410
v -0.153784 -0.055085 0.169021 0.0000 0.4470 0.7410
v -0.262986 -0.057793 0.131116 0.0000 0.4470 0.7410
v -0.142954 -0.254537 0.186168 0.0000 0.4470 0.7410
v -0.566225 -0.450379 0.043574 0.0000 0.4470 0.7410
v -0.186274 -0.343884 0.183461 0.0000 0.4470 0.7410
v -0.236814 0.300499 0.122091 0.0000 0.4470 0.7410
v -0.350528 -0.437744 0.124798 0.0000 0.4470 0.7410
v -0.208836 -0.511749 0.187973 0.0000 0.4470 0.7410
v -0.397458 -0.517164 0.113066 0.0000 0.4470 0.7410
v -0.375798 -0.102918 0.088699 0.0000 0.4470 0.7410
v -0.353236 -0.028913 0.095016 0.0000 0.4470 0.7410
v -0.618570 -0.754521 0.048086 0.0000 0.4470 0.7410
v -0.492221 -0.302369 0.062526 0.0000 0.4470 0.7410
v -0.322551 0.179564 0.097724 0.0000 0.4470 0.7410
v -0.126709 0.049605 0.177143 0.0000 0.4470 0.7410
v -0.339699 0.244544 0.087796 0.0000 0.4470 0.7410
v -0.457926 -0.384497 0.084186 0.0000 0.4470 0.7410
v -0.290061 0.207542 0.099529 0.0000 0.4470 0.7410
v -0.186274 -0.188655 0.169021 0.0000 0.4470 0.7410
v -0.477781 0.064044 0.040866 0.0000 0.4470 0.7410
v -0.296379 -0.590266 0.156386 0.0000 0.4470 0.7410
v -0.420021 -0.484674 0.104041 0.0000 0.4470 0.7410
v -0.467853 -0.490991 0.081479 0.0000 0.4470 0.7410
v -0.272011 -0.021693 0.127506 0.0000 0.4470 0.7410
v -0.408288 -0.237390 0.085991 0.0000 0.4470 0.7410
v -0.416411 -0.566801 0.105846 0.0000 0.4470 0.7410
v -0.406483 -0.480161 0.108554 0.0000 0.4470 0.7410
v -0.476878 -0.537921 0.085991 0.0000 0.4470 0.7410
v -0.198909 0.212054 0.139238 0.0000 0.4470 0.7410
v -0.290061 -0.438647 0.150068 0.0000 0.4470 0.7410
v -0.234106 -0.246415 0.159093 0.0000 0.4470 0.7410
v -0.424533 -0.217535 0.085089 0.0000 0.4470 0.7410
v -0.349626 0.018920 0.093211 0.0000 0.4470 0.7410
v -0.299989 0.096534 0.109456 0.0000 0.4470 0.7410
v -0.522003 -0.802353 0.085991 0.0000 0.4470 0.7410
v -0.225984 0.241836 0.126603 0.0000 0.4470 0.7410
v -0.117684 0.146172 0.169923 0.0000 0.4470 0.7410
v -0.295476 -0.532506 0.157288 0.0000 0.4470 0.7410
v -0.370383 0.203932 0.072454 0.0000 0.4470 0.7410
v -0.361358 -0.476551 0.127506 0.0000 0.4470 0.7410
v -0.235911 -0.180532 0.150971 0.0000 0.4470 0.7410
v -0.281036 -0.241902 0.140141 0.0000 0.4470 0.7410
v -0.099634 0.209347 0.177143 0.0000 0.4470 0.7410
v -0.183566 -0.472942 0.190681 0.0000 0.4470 0.7410
v -0.563518 -0.210315 0.028231 0.0000 0.4470 0.7410
v -0.291866 -0.226560 0.130213 0.0000 0.4470 0.7410
v -0.536443 -0.516261 0.058014 0.0000 0.4470 0.7410
v -0.116782 0.268009 0.164508 0.0000 0.4470 0.7410
v -0.473268 -0.627269 0.089601 0.0000 0.4470 0.7410
v -0.266596 0.234616 0.110359 0.0000 0.4470 0.7410
v -0.319844 0.154294 0.099529 0.0000 0.4470 0.7410
v -0.456121 -0.736471 0.112164 0.0000 0.4470 0.7410
v -0.355943 0.048702 0.089601 0.0000 0.4470 0.7410
v -0.324356 -0.174215 0.116676 0.0000 0.4470 0.7410
v -0.108659 -0.046060 0.185266 0.0000 0.4470 0.7410
v -0.350528 -0.654343 0.141043 0.0000 0.4470 0.7410
v -0.336991 0.030652 0.095016 0.0000 0.4470 0.7410
v -0.158297 -0.272587 0.187973 0.0000 0.4470 0.7410
v -0.284646 -0.049670 0.122993 0.0000 0.4470 0.7410
v -0.580665 -0.373667 0.031841 0.0000 0.4470 0.7410
v -0.485001 -0.685931 0.093211 0.0000 0.4470 0.7410
v -0.356846 0.312231 0.072454 0.0000 0.4470 0.7410
v -0.188981 -0.071330 0.164508 0.0000 0.4470 0.7410
v -0.102342 -0.064110 0.194291 0.0000 0.4470 0.7410
v -0.578860 -0.815891 0.067941 0.0000 0.4470 0.7410
v -0.351431 0.152489 0.086894 0.0000 0.4470 0.7410
v -0.309916 -0.409767 0.140141 0.0000 0.4470 0.7410
v -0.400166 -0.428719 0.104041 0.0000 0.4470 0.7410
v -0.469658 -0.218437 0.061624 0.0000 0.4470 0.7410
v -0.345114 0.203932 0.080576 0.0000 0.4470 0.7410
v -0.464243 -0.784303 0.109456 0.0000 0.4470 0.7410
v -0.109562 -0.092088 0.192486 0.0000 0.4470 0.7410
v -0.253059 0.351039 0.109456 0.0000 0.4470 0.7410
v -0.110464 0.172344 0.173533 0.0000 0.4470 0.7410
v -0.428143 -0.796036 0.125701 0.0000 0.4470 0.7410
v -0.383018 -0.670588 0.132018 0.0000 0.4470 0.7410
v -0.126709 0.255374 0.164508 0.0000 0.4470 0.7410
v -0.299086 -0.207607 0.126603 0.0000 0.4470 0.7410
v -0.142954 0.050507 0.168118 0.0000 0.4470 0.7410
v -0.286451 -0.112845 0.122993 0.0000 0.4470 0.7410
v -0.221471 -0.181435 0.156386 0.0000 0.4470 0.7410
v -0.429046 -0.695858 0.118481 0.0000 0.4470 0.7410
v -0.412801 -0.203095 0.085089 0.0000 0.4470 0.7410
v -0.602325 -0.583046 0.041769 0.0000 0.4470 0.7410
v -0.165517 -0.222950 0.185266 0.0000 0.4470 0.7410
v -0.126709 -0.015375 0.178948 0.0000 0.4470 0.7410
v -0.279231 0.167832 0.111261 0.0000 0.4470 0.7410
v -0.164614 -0.157067 0.174436 0.0000 0.4470 0.7410
v -0.586983 -0.704883 0.058014 0.0000 0.4470 0.7410
v -0.604130 -0.819501 0.061624 0.0000 0.4470 0.7410
v -0.241326 -0.723836 0.189778 0.0000 0.4470 0.7410
v -0.313526 0.120902 0.099529 0.0000 0.4470 0.7410
v -0.355943 -0.678711 0.146458 0.0000 0.4470 0.7410
v -0.500343 -0.269880 0.056209 0.0000 0.4470 0.7410
v -0.549078 -0.276197 0.039061 0.0000 0.4470 0.7410
v -0.530125 -0.768058 0.082381 0.0000 0.4470 0.7410
v -0.610448 -0.653441 0.043574 0.0000 0.4470 0.7410
v -0.235911 0.020725 0.132921 0.0000 0.4470 0.7410
v -0.390238 0.130829 0.073356 0.0000 0.4470 0.7410
v -0.110464 0.322159 0.163606 0.0000 0.4470 0.7410
v -0.611350 -0.787913 0.054404 0.0000 0.4470 0.7410
v -0.472366 -0.276197 0.071551 0.0000 0.4470 0.7410
v -0.542760 -0.361032 0.044476 0.0000 0.4470 0.7410
v -0.316234 0.011700 0.109456 0.0000 0.4470 0.7410
v -0.468756 -0.336664 0.072454 0.0000 0.4470 0.7410
v -0.329771 -0.749106 0.156386 0.0000 0.4470 0.7410
v -0.254864 -0.089380 0.138336 0.0000 0.4470 0.7410
v -0.512076 -0.628171 0.078771 0.0000 0.4470 0.7410
v -0.308111 -0.725641 0.163606 0.0000 0.4470 0.7410
v -0.216959 -0.295150 0.161801 0.0000 0.4470 0.7410
v -0.150174 0.287864 0.155483 0.0000 0.4470 0.7410
v -0.184469 0.094729 0.152776 0.0000 0.4470 0.7410
v -0.319844 -0.444964 0.139238 0.0000 0.4470 0.7410
v -0.337894 -0.833940 0.163606 0.0000 0.4470 0.7410
v -0.246741 -0.122773 0.141946 0.0000 0.4470 0.7410
v -0.538248 -0.395327 0.052599 0.0000 0.4470 0.7410
v -0.443486 -0.059598 0.066136 0.0000 0.4470 0.7410
v -0.278329 0.074874 0.115773 0.0000 0.4470 0.7410
v -0.325259 -0.238292 0.117578 0.0000 0.4470 0.7410
v -0.118587 0.221982 0.170826 0.0000 0.4470 0.7410
v -0.260279 -0.491894 0.166313 0.0000 0.4470 0.7410
v -0.370383 0.288766 0.067941 0.0000 0.4470 0.7410
v -0.277426 -0.722031 0.175338 0.0000 0.4470 0.7410
v -0.081584 0.086607 0.187071 0.0000 0.4470 0.7410
v -0.164614 0.088412 0.157288 0.0000 0.4470 0.7410
v -0.351431 -0.200387 0.110359 0.0000 0.4470 0.7410
v -0.387531 -0.376374 0.109456 0.0000 0.4470 0.7410
v -0.234106 0.209347 0.120286 0.0000 0.4470 0.7410
v -0.294574 -0.383594 0.138336 0.0000 0.4470 0.7410
v -0.269304 0.206639 0.114871 0.0000 0.4470 0.7410
v -0.169127 -0.112845 0.168118 0.0000 0.4470 0.7410
v -0.312624 -0.884480 0.186168 0.0000 0.4470 0.7410
v -0.336089 0.211152 0.089601 0.0000 0.4470 0.7410
v -0.412801 -0.744593 0.124798 0.0000 0.4470 0.7410
v -0.447998 -0.005448 0.056209 0.0000 0.4470 0.7410
v -0.152882 -0.167897 0.179851 0.0000 0.4470 0.7410
v -0.624888 -0.723836 0.046281 0.0000 0.4470 0.7410
v -0.203421 0.127219 0.140141 0.0000 0.4470 0.7410
v -0.419118 -0.020790 0.068844 0.0000 0.4470 0.7410
v -0.177249 0.249056 0.146458 0.0000 0.4470 0.7410
v -0.272914 -0.378179 0.151873 0.0000 0.4470 0.7410
v -0.480488 -0.125480 0.053501 0.0000 0.4470 0.7410
v -0.313526 -0.195875 0.122993 0.0000 0.4470 0.7410
v -0.225081 -0.698566 0.191583 0.0000 0.4470 0.7410
v -0.253059 -0.573119 0.169923 0.0000 0.4470 0.7410
v -0.405581 -0.704883 0.128408 0.0000 0.4470 0.7410
v -0.281036 -0.124577 0.128408 0.0000 0.4470 0.7410
v -0.133929 -0.183240 0.187973 0.0000 0.4470 0.7410
v -0.497636 -0.611024 0.080576 0.0000 0.4470 0.7410
v -0.105049 0.103754 0.183461 0.0000 0.4470 0.7410
v -0.281036 -0.773473 0.181656 0.0000 0.4470 0.7410
v -0.244034 0.143464 0.126603 0.0000 0.4470 0.7410
v -0.333381 -0.268977 0.120286 0.0000 0.4470 0.7410
v -0.378506 0.924125 -0.272300 0.8500 0.3250 0.0980
v -0.467853 0.388944 -0.257860 0.8500 0.3250 0.0980
v -0.050899 0.884415 -0.125193 0.8500 0.3250 0.0980
v -0.151979 0.351941 -0.131511 0.8500 0.3250 0.0980
v -0.247644 0.638935 -0.193783 0.8500 0.3250 0.0980
v -0.507563 0.094729 -0.249738 0.8500 0.3250 0.0980
v -0.433558 0.610958 -0.263275 0.8500 0.3250 0.0980
v -0.079779 0.550491 -0.122486 0.8500 0.3250 0.0980
v -0.299086 0.456631 -0.198296 0.8500 0.3250 0.0980
v -0.223276 0.825752 -0.196491 0.8500 0.3250 0.0980
v 0.000543 0.708428 -0.099923 0.8500 0.3250 0.0980
v -0.367676 0.763480 -0.252445 0.8500 0.3250 0.0980
v -0.445291 0.240934 -0.239810 0.8500 0.3250 0.0980
v -0.123099 0.743625 -0.153171 0.8500 0.3250 0.0980
v 0.024910 0.467461 -0.071946 0.8500 0.3250 0.0980
v -0.193494 0.516196 -0.159488 0.8500 0.3250 0.0980
v -0.364066 0.341111 -0.213638 0.8500 0.3250 0.0980
v 0.052888 0.852827 -0.079166 0.8500 0.3250 0.0980
v -0.423631 0.492731 -0.249738 0.8500 0.3250 0.0980
v -0.049094 0.389846 -0.096313 0.8500 0.3250 0.0980
v -0.335186 0.582980 -0.219956 0.8500 0.3250 0.0980
v -0.154687 0.614568 -0.153171 0.8500 0.3250 0.0980
v 0.012275 0.598323 -0.087288 0.8500 0.3250 0.0980
v -0.144759 0.890732 -0.164903 0.8500 0.3250 0.0980
v -0.287354 0.909685 -0.232591 0.8500 0.3250 0.0980
v -0.110464 0.457533 -0.128803 0.8500 0.3250 0.0980
v -0.218764 0.411506 -0.164903 0.8500 0.3250 0.0980
v -0.252156 0.735503 -0.203711 0.8500 0.3250 0.0980
v -0.038264 0.792360 -0.120681 0.8500 0.3250 0.0980
v 0.078158 0.751748 -0.067433 0.8500 0.3250 0.0980
v -0.076169 0.654278 -0.127901 0.8500 0.3250 0.0980
v -0.346919 0.667815 -0.236201 0.8500 0.3250 0.0980
v 0.076353 0.654278 -0.061116 0.8500 0.3250 0.0980
v -0.300891 0.822142 -0.227176 0.8500 0.3250 0.0980
v -0.475073 0.169637 -0.240713 0.8500 0.3250 0.0980
v -0.278329 0.529733 -0.198296 0.8500 0.3250 0.0980
v -0.188981 0.681353 -0.172123 0.8500 0.3250 0.0980
v -0.284646 0.383529 -0.188368 0.8500 0.3250 0.0980
v -0.352333 0.509878 -0.221761 0.8500 0.3250 0.0980
v -0.365871 0.848315 -0.254250 0.8500 0.3250 0.0980
v -0.475976 0.306816 -0.256958 0.8500 0.3250 0.0980
v -0.126709 0.819435 -0.155878 0.8500 0.3250 0.0980
v -0.041874 0.483706 -0.099021 0.8500 0.3250 0.0980
v -0.396556 0.425946 -0.236201 0.8500 0.3250 0.0980
v -0.208836 0.903367 -0.197393 0.8500 0.3250 0.0980
v -0.407386 0.700305 -0.258763 0.8500 0.3250 0.0980
v 0.044765 0.541466 -0.069238 0.8500 0.3250 0.0980
v -0.180859 0.776115 -0.178441 0.8500 0.3250 0.0980
v 0.022203 0.781530 -0.092703 0.8500 0.3250 0.0980
v -0.316234 0.728283 -0.228981 0.8500 0.3250 0.0980
v -0.210641 0.583883 -0.172123 0.8500 0.3250 0.0980
v -0.418216 0.296889 -0.230786 0.8500 0.3250 0.0980
v -0.054509 0.731893 -0.119778 0.8500 0.3250 0.0980
v -0.396556 0.567638 -0.239810 0.8500 0.3250 0.0980
v 0.005958 0.381724 -0.071043 0.8500 0.3250 0.0980
v -0.177249 0.451216 -0.146853 0.8500 0.3250 0.0980
v -0.412801 0.364576 -0.239810 0.8500 0.3250 0.0980
v -0.021117 0.651570 -0.104436 0.8500 0.3250 0.0980
v -0.287354 0.681353 -0.207321 0.8500 0.3250 0.0980
v -0.135734 0.544173 -0.139633 0.8500 0.3250 0.0980
v 0.092598 0.812215 -0.065628 0.8500 0.3250 0.0980
v -0.119489 0.397969 -0.118876 0.8500 0.3250 0.0980
v -0.236814 0.480998 -0.173928 0.8500 0.3250 0.0980
v -0.085194 0.345624 -0.101728 0.8500 0.3250 0.0980
v -0.354138 0.401579 -0.208223 0.8500 0.3250 0.0980
v 0.105233 0.701208 -0.050286 0.8500 0.3250 0.0980
v -0.001262 0.866365 -0.106241 0.8500 0.3250 0.0980
v -0.279231 0.585688 -0.200101 0.8500 0.3250 0.0980
v -0.039167 0.594713 -0.108948 0.8500 0.3250 0.0980
v -0.133929 0.689475 -0.154976 0.8500 0.3250 0.0980
v -0.006677 0.543271 -0.087288 0.8500 0.3250 0.0980
v -0.079779 0.841095 -0.136926 0.8500 0.3250 0.0980
v -0.254864 0.873585 -0.210931 0.8500 0.3250 0.0980
v -0.368578 0.617275 -0.242518 0.8500 0.3250 0.0980
v -0.173639 0.850120 -0.181148 0.8500 0.3250 0.0980
v -0.458828 0.455728 -0.261470 0.8500 0.3250 0.0980
v 0.049278 0.708428 -0.072848 0.8500 0.3250 0.0980
v -0.201616 0.729185 -0.183856 0.8500 0.3250 0.0980
v -0.346919 0.456631 -0.215443 0.8500 0.3250 0.0980
v -0.084292 0.773407 -0.139633 0.8500 0.3250 0.0980
v -0.262084 0.785140 -0.205516 0.8500 0.3250 0.0980
v -0.320746 0.630813 -0.215443 0.8500 0.3250 0.0980
v -0.012092 0.436776 -0.082776 0.8500 0.3250 0.0980
v -0.089707 0.501756 -0.123388 0.8500 0.3250 0.0980
v 0.134113 0.847412 -0.063823 0.8500 0.3250 0.0980
v -0.491318 0.232811 -0.253348 0.8500 0.3250 0.0980
v 0.023105 0.649765 -0.084581 0.8500 0.3250 0.0980
v -0.170932 0.403383 -0.143243 0.8500 0.3250 0.0980
v 0.063718 0.588395 -0.068336 0.8500 0.3250 0.0980
v -0.236814 0.684963 -0.188368 0.8500 0.3250 0.0980
v -0.434461 0.554101 -0.265080 0.8500 0.3250 0.0980
v -0.318941 0.865462 -0.234396 0.8500 0.3250 0.0980
v -0.361358 0.717453 -0.244323 0.8500 0.3250 0.0980
v -0.087902 0.701208 -0.131511 0.8500 0.3250 0.0980
v -0.093317 0.610958 -0.130608 0.8500 0.3250 0.0980
v -0.070754 0.447606 -0.107143 0.8500 0.3250 0.0980
v -0.306306 0.772505 -0.220858 0.8500 0.3250 0.0980
v -0.394751 0.814922 -0.265080 0.8500 0.3250 0.0980
v -0.102342 0.882610 -0.151366 0.8500 0.3250 0.0980
v 0.064620 0.453021 -0.052994 0.8500 0.3250 0.0980
v -0.241326 0.553198 -0.184758 0.8500 0.3250 0.0980
v -0.269304 0.425043 -0.183856 0.8500 0.3250 0.0980
v -0.327064 0.923222 -0.247030 0.8500 0.3250 0.0980
v -0.456121 0.346526 -0.255153 0.8500 0.3250 0.0980
v -0.403776 0.642545 -0.256055 0.8500 0.3250 0.0980
v -0.028337 0.354649 -0.080068 0.8500 0.3250 0.0980
v -0.195299 0.638033 -0.173026 0.8500 0.3250 0.0980
v -0.047289 0.529733 -0.101728 0.8500 0.3250 0.0980
v -0.319844 0.542368 -0.217248 0.8500 0.3250 0.0980
v -0.166419 0.570346 -0.155878 0.8500 0.3250 0.0980
v -0.038264 0.689475 -0.111656 0.8500 0.3250 0.0980
v -0.390238 0.471973 -0.234396 0.8500 0.3250 0.0980
v -0.152882 0.506268 -0.145951 0.8500 0.3250 0.0980
v -0.354138 0.808605 -0.247933 0.8500 0.3250 0.0980
v -0.004872 0.501756 -0.084581 0.8500 0.3250 0.0980
v -0.115879 0.653375 -0.145951 0.8500 0.3250 0.0980
v 0.113355 0.761675 -0.048481 0.8500 0.3250 0.0980
v -0.315331 0.497243 -0.210028 0.8500 0.3250 0.0980
v -0.032849 0.843802 -0.117973 0.8500 0.3250 0.0980
v 0.041155 0.384431 -0.052091 0.8500 0.3250 0.0980
v 0.047473 0.814020 -0.084581 0.8500 0.3250 0.0980
v -0.355041 0.886220 -0.255153 0.8500 0.3250 0.0980
v -0.166419 0.712940 -0.166708 0.8500 0.3250 0.0980
v -0.144759 0.780627 -0.164001 0.8500 0.3250 0.0980
v -0.000359 0.747235 -0.103533 0.8500 0.3250 0.0980
v 0.029423 0.429556 -0.064726 0.8500 0.3250 0.0980
v -0.082487 0.405188 -0.109851 0.8500 0.3250 0.0980
v -0.364968 0.544173 -0.234396 0.8500 0.3250 0.0980
v -0.396556 0.738210 -0.256958 0.8500 0.3250 0.0980
v -0.268401 0.492731 -0.193783 0.8500 0.3250 0.0980
v -0.409191 0.259886 -0.225371 0.8500 0.3250 0.0980
v 0.034838 0.504463 -0.070141 0.8500 0.3250 0.0980
v -0.403776 0.777920 -0.267788 0.8500 0.3250 0.0980
v -0.115879 0.581175 -0.136023 0.8500 0.3250 0.0980
v -0.005774 0.804092 -0.106241 0.8500 0.3250 0.0980
v -0.486806 0.269814 -0.253348 0.8500 0.3250 0.0980
v -0.229594 0.772505 -0.192881 0.8500 0.3250 0.0980
v -0.209739 0.376309 -0.157683 0.8500 0.3250 0.0980
v -0.175444 0.891635 -0.184758 0.8500 0.3250 0.0980
v 0.081768 0.529733 -0.049384 0.8500 0.3250 0.0980
v -0.070754 0.805897 -0.129706 0.8500 0.3250 0.0980
v -0.318941 0.384431 -0.200101 0.8500 0.3250 0.0980
v -0.433558 0.395261 -0.249738 0.8500 0.3250 0.0980
v 0.014080 0.347429 -0.064726 0.8500 0.3250 0.0980
v -0.245839 0.518001 -0.180246 0.8500 0.3250 0.0980
v -0.272914 0.843802 -0.219053 0.8500 0.3250 0.0980
v -0.309014 0.422336 -0.198296 0.8500 0.3250 0.0980
v 0.098915 0.849217 -0.069238 0.8500 0.3250 0.0980
v -0.414606 0.527026 -0.250640 0.8500 0.3250 0.0980
v -0.152882 0.649765 -0.156781 0.8500 0.3250 0.0980
v -0.228691 0.447606 -0.165806 0.8500 0.3250 0.0980
v -0.202519 0.550491 -0.164001 0.8500 0.3250 0.0980
v -0.124002 0.855535 -0.156781 0.8500 0.3250 0.0980
v -0.145662 0.443093 -0.134218 0.8500 0.3250 0.0980
v -0.222374 0.615470 -0.181148 0.8500 0.3250 0.0980
v -0.427241 0.448508 -0.248835 0.8500 0.3250 0.0980
v -0.427241 0.330281 -0.234396 0.8500 0.3250 0.0980
v -0.327966 0.695793 -0.227176 0.8500 0.3250 0.0980
v 0.041155 0.740918 -0.080971 0.8500 0.3250 0.0980
v -0.279231 0.647960 -0.205516 0.8500 0.3250 0.0980
v -0.158297 0.746333 -0.165806 0.8500 0.3250 0.0980
v -0.387531 0.891635 -0.265983 0.8500 0.3250 0.0980
v -0.021117 0.403383 -0.081873 0.8500 0.3250 0.0980
v -0.451608 0.194004 -0.238005 0.8500 0.3250 0.0980
v 0.070035 0.784237 -0.072848 0.8500 0.3250 0.0980
v -0.182664 0.817630 -0.184758 0.8500 0.3250 0.0980
v -0.373993 0.377211 -0.220858 0.8500 0.3250 0.0980
v -0.031947 0.559516 -0.104436 0.8500 0.3250 0.0980
v -0.494026 0.125414 -0.248835 0.8500 0.3250 0.0980
v -0.030142 0.760772 -0.110753 0.8500 0.3250 0.0980
v -0.404678 0.600128 -0.250640 0.8500 0.3250 0.0980
v -0.330674 0.786945 -0.238908 0.8500 0.3250 0.0980
v -0.503051 0.160612 -0.256055 0.8500 0.3250 0.0980
v -0.382116 0.680450 -0.251543 0.8500 0.3250 0.0980
v -0.456121 0.276131 -0.243420 0.8500 0.3250 0.0980
v -0.037362 0.439483 -0.103533 0.8500 0.3250 0.0980
v -0.306306 0.601933 -0.210028 0.8500 0.3250 0.0980
v -0.241326 0.585688 -0.188368 0.8500 0.3250 0.0980
v -0.483196 0.201224 -0.251543 0.8500 0.3250 0.0980
v -0.388433 0.306816 -0.221761 0.8500 0.3250 0.0980
v -0.153784 0.473778 -0.143243 0.8500 0.3250 0.0980
v 0.056498 0.619983 -0.071043 0.8500 0.3250 0.0980
v -0.276524 0.715648 -0.211833 0.8500 0.3250 0.0980
v -0.201616 0.871780 -0.195588 0.8500 0.3250 0.0980
v -0.336991 0.836582 -0.246128 0.8500 0.3250 0.0980
v -0.187176 0.604640 -0.164903 0.8500 0.3250 0.0980
v -0.265694 0.462046 -0.184758 0.8500 0.3250 0.0980
v -0.046387 0.625398 -0.114363 0.8500 0.3250 0.0980
v -0.181761 0.366381 -0.145951 0.8500 0.3250 0.0980
v 0.034838 0.576663 -0.074653 0.8500 0.3250 0.0980
v -0.193494 0.484608 -0.162196 0.8500 0.3250 0.0980
v -0.124904 0.613665 -0.142341 0.8500 0.3250 0.0980
v -0.344211 0.363674 -0.203711 0.8500 0.3250 0.0980
v -0.117684 0.488218 -0.129706 0.8500 0.3250 0.0980
v -0.457926 0.418726 -0.257860 0.8500 0.3250 0.0980
v -0.284646 0.749943 -0.219053 0.8500 0.3250 0.0980
v -0.055412 0.342014 -0.092703 0.8500 0.3250 0.0980
v -0.014799 0.621788 -0.097216 0.8500 0.3250 0.0980
v -0.444388 0.513488 -0.260568 0.8500 0.3250 0.0980
v 0.051083 0.664205 -0.076458 0.8500 0.3250 0.0980
v -0.102342 0.802287 -0.147756 0.8500 0.3250 0.0980
v -0.403776 0.396164 -0.235298 0.8500 0.3250 0.0980
v 0.109745 0.731893 -0.054799 0.8500 0.3250 0.0980
v -0.068949 0.578468 -0.116168 0.8500 0.3250 0.0980
v -0.007579 0.678645 -0.100826 0.8500 0.3250 0.0980
v -0.374896 0.647058 -0.243420 0.8500 0.3250 0.0980
v -0.379408 0.501756 -0.232591 0.8500 0.3250 0.0980
v -0.012994 0.472876 -0.087288 0.8500 0.3250 0.0980
v -0.170029 0.540563 -0.154073 0.8500 0.3250 0.0980
v -0.361358 0.430458 -0.218151 0.8500 0.3250 0.0980
v 0.015885 0.842900 -0.099021 0.8500 0.3250 0.0980
v -0.389336 0.861852 -0.266885 0.8500 0.3250 0.0980
v -0.091512 0.744528 -0.141438 0.8500 0.3250 0.0980
v -0.115879 0.712038 -0.147756 0.8500 0.3250 0.0980
v -0.343309 0.614568 -0.227176 0.8500 0.3250 0.0980
v -0.360456 0.582078 -0.235298 0.8500 0.3250 0.0980
v -0.108659 0.682255 -0.141438 0.8500 0.3250 0.0980
v 0.117868 0.801385 -0.054799 0.8500 0.3250 0.0980
v -0.205226 0.790555 -0.186563 0.8500 0.3250 0.0980
v -0.302696 0.571248 -0.210028 0.8500 0.3250 0.0980
v -0.230496 0.859145 -0.203711 0.8500 0.3250 0.0980
v 0.054693 0.425043 -0.051189 0.8500 0.3250 0.0980
v -0.091512 0.372699 -0.109851 0.8500 0.3250 0.0980
v -0.262084 0.903367 -0.219956 0.8500 0.3250 0.0980
v -0.082487 0.471071 -0.118876 0.8500 0.3250 0.0980
v -0.027434 0.724673 -0.113461 0.8500 0.3250 0.0980
v -0.270206 0.612763 -0.197393 0.8500 0.3250 0.0980
v -0.107757 0.547783 -0.127901 0.8500 0.3250 0.0980
v 0.081768 0.682255 -0.062921 0.8500 0.3250 0.0980
v -0.448901 0.313134 -0.250640 0.8500 0.3250 0.0980
v -0.248546 0.407896 -0.174831 0.8500 0.3250 0.0980
v -0.211544 0.703013 -0.182051 0.8500 0.3250 0.0980
v 0.099818 0.637130 -0.048481 0.8500 0.3250 0.0980
v 0.026715 0.621788 -0.082776 0.8500 0.3250 0.0980
v -0.420923 0.664205 -0.259665 0.8500 0.3250 0.0980
v 0.056498 0.488218 -0.063823 0.8500 0.3250 0.0980
v -0.159199 0.681353 -0.163098 0.8500 0.3250 0.0980
v 0.087183 0.716550 -0.064726 0.8500 0.3250 0.0980
v -0.217861 0.519806 -0.172123 0.8500 0.3250 0.0980
v -0.012092 0.573053 -0.090898 0.8500 0.3250 0.0980
v -0.127612 0.372699 -0.126096 0.8500 0.3250 0.0980
v 0.019495 0.548686 -0.080971 0.8500 0.3250 0.0980
v -0.096024 0.853730 -0.154976 0.8500 0.3250 0.0980
v -0.143857 0.840192 -0.167611 0.8500 0.3250 0.0980
v -0.386628 0.351941 -0.224468 0.8500 0.3250 0.0980
v -0.279231 0.876292 -0.222663 0.8500 0.3250 0.0980
v -0.374896 0.795067 -0.258763 0.8500 0.3250 0.0980
v -0.070754 0.520708 -0.111656 0.8500 0.3250 0.0980
v 0.071840 0.552296 -0.060214 0.8500 0.3250 0.0980
v -0.441681 0.477388 -0.262373 0.8500 0.3250 0.0980
v -0.227789 0.651570 -0.181148 0.8500 0.3250 0.0980
v 0.022203 0.698500 -0.088191 0.8500 0.3250 0.0980
v -0.109562 0.432263 -0.120681 0.8500 0.3250 0.0980
v -0.124002 0.520708 -0.136926 0.8500 0.3250 0.0980
v -0.143857 0.578468 -0.145048 0.8500 0.3250 0.0980
v -0.048192 0.651570 -0.113461 0.8500 0.3250 0.0980
v -0.344211 0.762577 -0.240713 0.8500 0.3250 0.0980
v 0.070938 0.833875 -0.077361 0.8500 0.3250 0.0980
v 0.122380 0.826655 -0.049384 0.8500 0.3250 0.0980
v -0.244034 0.712038 -0.195588 0.8500 0.3250 0.0980
v 0.054693 0.764382 -0.080068 0.8500 0.3250 0.0980
v -0.357748 0.932247 -0.258763 0.8500 0.3250 0.0980
v -0.337894 0.488218 -0.220858 0.8500 0.3250 0.0980
v -0.065339 0.691280 -0.123388 0.8500 0.3250 0.0980
v -0.237716 0.892537 -0.206418 0.8500 0.3250 0.0980
v -0.245839 0.838387 -0.205516 0.8500 0.3250 0.0980
v -0.323454 0.667815 -0.225371 0.8500 0.3250 0.0980
v -0.227789 0.747235 -0.197393 0.8500 0.3250 0.0980
v -0.054509 0.859145 -0.127901 0.8500 0.3250 0.0980
v -0.237716 0.804995 -0.200101 0.8500 0.3250 0.0980
v -0.414606 0.577566 -0.256958 0.8500 0.3250 0.0980
v -0.028337 0.873585 -0.120681 0.8500 0.3250 0.0980
v -0.318941 0.890732 -0.237103 0.8500 0.3250 0.0980
v -0.007579 0.778822 -0.108046 0.8500 0.3250 0.0980
v -0.264791 0.808605 -0.214541 0.8500 0.3250 0.0980
v -0.349626 0.560418 -0.222663 0.8500 0.3250 0.0980
v -0.071657 0.879902 -0.138731 0.8500 0.3250 0.0980
v -0.147467 0.397969 -0.136023 0.8500 0.3250 0.0980
v -0.062632 0.772505 -0.126998 0.8500 0.3250 0.0980
v -0.212446 0.848315 -0.190173 0.8500 0.3250 0.0980
v -0.387531 0.534246 -0.238005 0.8500 0.3250 0.0980
v -0.271109 0.553198 -0.194686 0.8500 0.3250 0.0980
v -0.059022 0.551393 -0.108948 0.8500 0.3250 0.0980
v -0.009384 0.838387 -0.112558 0.8500 0.3250 0.0980
v -0.208836 0.760772 -0.186563 0.8500 0.3250 0.0980
v -0.028337 0.515293 -0.095411 0.8500 0.3250 0.0980
v -0.419118 0.416921 -0.239810 0.8500 0.3250 0.0980
v 0.024910 0.806800 -0.090898 0.8500 0.3250 0.0980
v -0.323454 0.755357 -0.229883 0.8500 0.3250 0.0980
v -0.187176 0.747235 -0.175733 0.8500 0.3250 0.0980
v -0.370383 0.823947 -0.257860 0.8500 0.3250 0.0980
v 0.074548 0.608250 -0.055701 0.8500 0.3250 0.0980
v -0.036459 0.820337 -0.122486 0.8500 0.3250 0.0980
v 0.089890 0.587493 -0.053896 0.8500 0.3250 0.0980
v -0.324356 0.458436 -0.207321 0.8500 0.3250 0.0980
v -0.045484 0.419628 -0.092703 0.8500 0.3250 0.0980
v -0.171834 0.491828 -0.154976 0.8500 0.3250 0.0980
v -0.340601 0.638033 -0.230786 0.8500 0.3250 0.0980
v -0.066242 0.486413 -0.110753 0.8500 0.3250 0.0980
v 0.052888 0.519806 -0.063823 0.8500 0.3250 0.0980
v -0.228691 0.384431 -0.169416 0.8500 0.3250 0.0980
v -0.386628 0.449411 -0.240713 0.8500 0.3250 0.0980
v -0.382116 0.410603 -0.225371 0.8500 0.3250 0.0980
v -0.098732 0.663303 -0.131511 0.8500 0.3250 0.0980
v -0.288256 0.504463 -0.198296 0.8500 0.3250 0.0980
v -0.071657 0.603738 -0.125193 0.8500 0.3250 0.0980
v -0.305404 0.844705 -0.231688 0.8500 0.3250 0.0980
v -0.337894 0.870877 -0.247030 0.8500 0.3250 0.0980
v -0.113172 0.763480 -0.145951 0.8500 0.3250 0.0980
v -0.198909 0.418726 -0.154976 0.8500 0.3250 0.0980
v -0.105049 0.349234 -0.113461 0.8500 0.3250 0.0980
v -0.308111 0.706623 -0.221761 0.8500 0.3250 0.0980
v 0.005055 0.633520 -0.094508 0.8500 0.3250 0.0980
v -0.118587 0.786042 -0.150463 0.8500 0.3250 0.0980
v -0.336991 0.730088 -0.238908 0.8500 0.3250 0.0980
v 0.042058 0.687670 -0.083678 0.8500 0.3250 0.0980
v -0.213349 0.497243 -0.171221 0.8500 0.3250 0.0980
v 0.034838 0.720160 -0.088191 0.8500 0.3250 0.0980
v -0.289159 0.621788 -0.206418 0.8500 0.3250 0.0980
v -0.370383 0.464753 -0.226273 0.8500 0.3250 0.0980
v -0.389336 0.713843 -0.256958 0.8500 0.3250 0.0980
v -0.268401 0.693085 -0.203711 0.8500 0.3250 0.0980
v -0.326161 0.408798 -0.203711 0.8500 0.3250 0.0980
v -0.207934 0.453923 -0.160391 0.8500 0.3250 0.0980
v -0.096024 0.582980 -0.126096 0.8500 0.3250 0.0980
v -0.172737 0.648863 -0.166708 0.8500 0.3250 0.0980
v -0.003067 0.417823 -0.075556 0.8500 0.3250 0.0980
v -0.459731 0.225592 -0.246128 0.8500 0.3250 0.0980
v -0.079779 0.632618 -0.126998 0.8500 0.3250 0.0980
v -0.434461 0.360966 -0.240713 0.8500 0.3250 0.0980
v -0.228691 0.912392 -0.203711 0.8500 0.3250 0.0980
v 0.066425 0.805897 -0.072848 0.8500 0.3250 0.0980
v -0.292769 0.789652 -0.221761 0.8500 0.3250 0.0980
v -0.190786 0.386236 -0.153171 0.8500 0.3250 0.0980
v -0.006677 0.355551 -0.077361 0.8500 0.3250 0.0980
v -0.434461 0.258081 -0.231688 0.8500 0.3250 0.0980
v -0.089707 0.823045 -0.144146 0.8500 0.3250 0.0980
v -0.204324 0.815825 -0.186563 0.8500 0.3250 0.0980
v 0.032130 0.826655 -0.096313 0.8500 0.3250 0.0980
v -0.318941 0.518001 -0.204613 0.8500 0.3250 0.0980
v -0.321649 0.817630 -0.231688 0.8500 0.3250 0.0980
v -0.133027 0.798677 -0.161293 0.8500 0.3250 0.0980
v -0.439876 0.427751 -0.250640 0.8500 0.3250 0.0980
v -0.354138 0.697598 -0.240713 0.8500 0.3250 0.0980
v -0.199811 0.617275 -0.176636 0.8500 0.3250 0.0980
v -0.108659 0.625398 -0.135121 0.8500 0.3250 0.0980
v -0.341504 0.527928 -0.219956 0.8500 0.3250 0.0980
v -0.063534 0.375406 -0.101728 0.8500 0.3250 0.0980
v -0.346016 0.915100 -0.251543 0.8500 0.3250 0.0980
v -0.141149 0.734600 -0.162196 0.8500 0.3250 0.0980
v -0.297281 0.655180 -0.213638 0.8500 0.3250 0.0980
v -0.050899 0.500853 -0.107143 0.8500 0.3250 0.0980
v 0.013178 0.734600 -0.093606 0.8500 0.3250 0.0980
v -0.262084 0.580273 -0.189271 0.8500 0.3250 0.0980
v -0.151077 0.871780 -0.171221 0.8500 0.3250 0.0980
v 0.029423 0.408798 -0.062018 0.8500 0.3250 0.0980
v -0.213349 0.683158 -0.188368 0.8500 0.3250 0.0980
v -0.334284 0.440386 -0.210931 0.8500 0.3250 0.0980
v -0.438973 0.209347 -0.231688 0.8500 0.3250 0.0980
v -0.294574 0.536953 -0.209126 0.8500 0.3250 0.0980
v -0.161004 0.829362 -0.172123 0.8500 0.3250 0.0980
v -0.102342 0.413311 -0.116168 0.8500 0.3250 0.0980
v -0.260279 0.391651 -0.180246 0.8500 0.3250 0.0980
v -0.393848 0.660595 -0.254250 0.8500 0.3250 0.0980
v -0.183566 0.868170 -0.182953 0.8500 0.3250 0.0980
v 0.027618 0.749943 -0.093606 0.8500 0.3250 0.0980
v -0.074364 0.754455 -0.136023 0.8500 0.3250 0.0980
v -0.468756 0.260789 -0.249738 0.8500 0.3250 0.0980
v -0.261181 0.518903 -0.193783 0.8500 0.3250 0.0980
v -0.483196 0.140757 -0.240713 0.8500 0.3250 0.0980
v 0.005055 0.768895 -0.095411 0.8500 0.3250 0.0980
v -0.305404 0.686768 -0.218151 0.8500 0.3250 0.0980
v -0.474171 0.355551 -0.257860 0.8500 0.3250 0.0980
v -0.172737 0.794165 -0.173928 0.8500 0.3250 0.0980
v -0.003969 0.659693 -0.094508 0.8500 0.3250 0.0980
v 0.013178 0.496341 -0.077361 0.8500 0.3250 0.0980
v -0.304501 0.749040 -0.221761 0.8500 0.3250 0.0980
v -0.443486 0.291474 -0.240713 0.8500 0.3250 0.0980
v 0.047473 0.455728 -0.062921 0.8500 0.3250 0.0980
v -0.194396 0.840192 -0.187466 0.8500 0.3250 0.0980
v 0.018593 0.569443 -0.083678 0.8500 0.3250 0.0980
v -0.100537 0.727380 -0.145951 0.8500 0.3250 0.0980
v 0.054693 0.405188 -0.052091 0.8500 0.3250 0.0980
v -0.225984 0.717453 -0.189271 0.8500 0.3250 0.0980
v -0.254864 0.487316 -0.179343 0.8500 0.3250 0.0980
v -0.244936 0.451216 -0.176636 0.8500 0.3250 0.0980
v -0.347821 0.853730 -0.247933 0.8500 0.3250 0.0980
v -0.139344 0.484608 -0.135121 0.8500 0.3250 0.0980
v -0.100537 0.644350 -0.136023 0.8500 0.3250 0.0980
v 0.030325 0.523416 -0.070141 0.8500 0.3250 0.0980
v -0.407386 0.509878 -0.245225 0.8500 0.3250 0.0980
v -0.329771 0.903367 -0.247030 0.8500 0.3250 0.0980
v -0.007579 0.591103 -0.096313 0.8500 0.3250 0.0980
v -0.042777 0.749943 -0.120681 0.8500 0.3250 0.0980
v -0.376701 0.747235 -0.247030 0.8500 0.3250 0.0980
v -0.122197 0.416018 -0.125193 0.8500 0.3250 0.0980
v -0.120392 0.879902 -0.157683 0.8500 0.3250 0.0980
v -0.176346 0.667815 -0.165806 0.8500 0.3250 0.0980
v -0.258474 0.654278 -0.198296 0.8500 0.3250 0.0980
v -0.150174 0.715648 -0.156781 0.8500 0.3250 0.0980
v 0.014080 0.682255 -0.094508 0.8500 0.3250 0.0980
v -0.408288 0.545076 -0.252445 0.8500 0.3250 0.0980
v 0.005958 0.528831 -0.086386 0.8500 0.3250 0.0980
v -0.219666 0.878097 -0.197393 0.8500 0.3250 0.0980
v -0.172737 0.618178 -0.158586 0.8500 0.3250 0.0980
v -0.386628 0.775212 -0.259665 0.8500 0.3250 0.0980
v -0.045484 0.706623 -0.116168 0.8500 0.3250 0.0980
v -0.099634 0.518001 -0.121583 0.8500 0.3250 0.0980
v -0.292769 0.416921 -0.190173 0.8500 0.3250 0.0980
v -0.077974 0.737308 -0.128803 0.8500 0.3250 0.0980
v 0.013178 0.815825 -0.102631 0.8500 0.3250 0.0980
v -0.207031 0.649765 -0.182051 0.8500 0.3250 0.0980
v -0.053607 0.452118 -0.100826 0.8500 0.3250 0.0980
v -0.132124 0.592908 -0.144146 0.8500 0.3250 0.0980
v -0.133027 0.646155 -0.145048 0.8500 0.3250 0.0980
v 0.084475 0.570346 -0.049384 0.8500 0.3250 0.0980
v -0.244034 0.765285 -0.201906 0.8500 0.3250 0.0980
v -0.189884 0.586590 -0.167611 0.8500 0.3250 0.0980
v 0.094403 0.673230 -0.052994 0.8500 0.3250 0.0980
v -0.194396 0.697598 -0.178441 0.8500 0.3250 0.0980
v 0.064620 0.532441 -0.054799 0.8500 0.3250 0.0980
v 0.031228 0.665108 -0.079166 0.8500 0.3250 0.0980
v -0.161004 0.439483 -0.143243 0.8500 0.3250 0.0980
v -0.087902 0.872682 -0.142341 0.8500 0.3250 0.0980
v 0.039350 0.855535 -0.090898 0.8500 0.3250 0.0980
v -0.426338 0.538758 -0.257860 0.8500 0.3250 0.0980
v -0.401068 0.762577 -0.258763 0.8500 0.3250 0.0980
v -0.153784 0.795970 -0.166708 0.8500 0.3250 0.0980
v -0.023824 0.781530 -0.115266 0.8500 0.3250 0.0980
v -0.161004 0.386236 -0.136926 0.8500 0.3250 0.0980
v -0.237716 0.607348 -0.185661 0.8500 0.3250 0.0980
v -0.057217 0.816727 -0.134218 0.8500 0.3250 0.0980
v -0.017507 0.386236 -0.078263 0.8500 0.3250 0.0980
v -0.024727 0.810410 -0.113461 0.8500 0.3250 0.0980
v -0.428143 0.305914 -0.242518 0.8500 0.3250 0.0980
v -0.244936 0.820337 -0.205516 0.8500 0.3250 0.0980
v 0.029423 0.341111 -0.058409 0.8500 0.3250 0.0980
v -0.156492 0.551393 -0.150463 0.8500 0.3250 0.0980
v 0.057400 0.562223 -0.062018 0.8500 0.3250 0.0980
v -0.164614 0.461143 -0.154073 0.8500 0.3250 0.0980
v -0.437168 0.271619 -0.242518 0.8500 0.3250 0.0980
v -0.467853 0.194004 -0.247030 0.8500 0.3250 0.0980
v 0.096208 0.829362 -0.066531 0.8500 0.3250 0.0980
v 0.064620 0.860047 -0.089996 0.8500 0.3250 0.0980
v 0.058303 0.740918 -0.077361 0.8500 0.3250 0.0980
v 0.003250 0.579370 -0.085483 0.8500 0.3250 0.0980
v -0.155589 0.855535 -0.166708 0.8500 0.3250 0.0980
v -0.112269 0.379016 -0.120681 0.8500 0.3250 0.0980
v -0.048192 0.842900 -0.127901 0.8500 0.3250 0.0980
v -0.198006 0.714745 -0.174831 0.8500 0.3250 0.0980
v 0.048375 0.596518 -0.067433 0.8500 0.3250 0.0980
v -0.118587 0.636228 -0.145048 0.8500 0.3250 0.0980
v 0.082670 0.621788 -0.062921 0.8500 0.3250 0.0980
v -0.316234 0.564028 -0.218151 0.8500 0.3250 0.0980
v 0.131405 0.793262 -0.047579 0.8500 0.3250 0.0980
v -0.044582 0.578468 -0.106241 0.8500 0.3250 0.0980
v -0.250351 0.622690 -0.188368 0.8500 0.3250 0.0980
v -0.264791 0.747235 -0.205516 0.8500 0.3250 0.0980
v -0.362261 0.779725 -0.249738 0.8500 0.3250 0.0980
v -0.244936 0.536953 -0.180246 0.8500 0.3250 0.0980
v -0.185371 0.552296 -0.164001 0.8500 0.3250 0.0980
v -0.237716 0.420531 -0.170318 0.8500 0.3250 0.0980
v -0.204324 0.673230 -0.177538 0.8500 0.3250 0.0980
v -0.146564 0.763480 -0.164001 0.8500 0.3250 0.0980
v -0.000359 0.558613 -0.091801 0.8500 0.3250 0.0980
v 0.048375 0.779725 -0.084581 0.8500 0.3250 0.0980
v -0.412801 0.453021 -0.240713 0.8500 0.3250 0.0980
v -0.033752 0.452118 -0.092703 0.8500 0.3250 0.0980
v -0.186274 0.500853 -0.154976 0.8500 0.3250 0.0980
v 0.041155 0.627203 -0.075556 0.8500 0.3250 0.0980
v 0.088085 0.765285 -0.064726 0.8500 0.3250 0.0980
v -0.330674 0.851022 -0.239810 0.8500 0.3250 0.0980
v -0.037362 0.386236 -0.084581 0.8500 0.3250 0.0980
v -0.104147 0.569443 -0.132413 0.8500 0.3250 0.0980
v -0.147467 0.822142 -0.164903 0.8500 0.3250 0.0980
v -0.329771 0.805897 -0.240713 0.8500 0.3250 0.0980
v -0.062632 0.470168 -0.108046 0.8500 0.3250 0.0980
v -0.339699 0.820337 -0.242518 0.8500 0.3250 0.0980
v -0.360456 0.682255 -0.238005 0.8500 0.3250 0.0980
v -0.295476 0.637130 -0.209126 0.8500 0.3250 0.0980
v -0.322551 0.772505 -0.236201 0.8500 0.3250 0.0980
v -0.064437 0.848315 -0.136023 0.8500 0.3250 0.0980
v -0.165517 0.880805 -0.176636 0.8500 0.3250 0.0980
v 0.102525 0.656083 -0.049384 0.8500 0.3250 0.0980
v 0.009568 0.512586 -0.079166 0.8500 0.3250 0.0980
v 0.128698 0.841997 -0.047579 0.8500 0.3250 0.0980
v -0.130319 0.449411 -0.132413 0.8500 0.3250 0.0980
v 0.068230 0.685865 -0.071946 0.8500 0.3250 0.0980
v 0.056498 0.832070 -0.085483 0.8500 0.3250 0.0980
v -0.008482 0.694890 -0.104436 0.8500 0.3250 0.0980
v 0.033935 0.771602 -0.086386 0.8500 0.3250 0.0980
v -0.364066 0.916905 -0.258763 0.8500 0.3250 0.0980
v -0.058119 0.534246 -0.113461 0.8500 0.3250 0.0980
v -0.429948 0.520708 -0.250640 0.8500 0.3250 0.0980
v -0.401971 0.349234 -0.229883 0.8500 0.3250 0.0980
v -0.028337 0.467461 -0.089996 0.8500 0.3250 0.0980
v -0.475073 0.228299 -0.251543 0.8500 0.3250 0.0980
v -0.204324 0.528831 -0.169416 0.8500 0.3250 0.0980
v -0.043679 0.467461 -0.100826 0.8500 0.3250 0.0980
v -0.464243 0.289669 -0.247933 0.8500 0.3250 0.0980
v -0.296379 0.714745 -0.213638 0.8500 0.3250 0.0980
v -0.297281 0.804995 -0.225371 0.8500 0.3250 0.0980
v -0.271109 0.823045 -0.210028 0.8500 0.3250 0.0980
v -0.146564 0.536953 -0.149561 0.8500 0.3250 0.0980
v -0.139344 0.515293 -0.138731 0.8500 0.3250 0.0980
v 0.060108 0.476486 -0.052994 0.8500 0.3250 0.0980
v -0.044582 0.766187 -0.119778 0.8500 0.3250 0.0980
v -0.098732 0.470168 -0.117973 0.8500 0.3250 0.0980
v -0.064437 0.631715 -0.121583 0.8500 0.3250 0.0980
v -0.037362 0.673230 -0.111656 0.8500 0.3250 0.0980
v -0.267499 0.676840 -0.203711 0.8500 0.3250 0.0980
v 0.014983 0.431361 -0.071946 0.8500 0.3250 0.0980
v 0.040253 0.471973 -0.069238 0.8500 0.3250 0.0980
v -0.372188 0.516196 -0.233493 0.8500 0.3250 0.0980
v 0.038448 0.490023 -0.063823 0.8500 0.3250 0.0980
v -0.410996 0.676840 -0.260568 0.8500 0.3250 0.0980
v 0.066425 0.641643 -0.061116 0.8500 0.3250 0.0980
v 0.113355 0.786945 -0.060214 0.8500 0.3250 0.0980
v -0.178151 0.520708 -0.160391 0.8500 0.3250 0.0980
v -0.221471 0.669620 -0.185661 0.8500 0.3250 0.0980
v -0.455218 0.380821 -0.252445 0.8500 0.3250 0.0980
v -0.124002 0.725575 -0.148658 0.8500 0.3250 0.0980
v -0.125807 0.474681 -0.128803 0.8500 0.3250 0.0980
v -0.196201 0.463851 -0.156781 0.8500 0.3250 0.0980
v 0.077255 0.737308 -0.073751 0.8500 0.3250 0.0980
v -0.410093 0.381724 -0.234396 0.8500 0.3250 0.0980
v -0.391141 0.607348 -0.247030 0.8500 0.3250 0.0980
v -0.394751 0.384431 -0.229883 0.8500 0.3250 0.0980
v -0.192591 0.881707 -0.187466 0.8500 0.3250 0.0980
v -0.136637 0.407896 -0.130608 0.8500 0.3250 0.0980
v 0.086280 0.642545 -0.058409 0.8500 0.3250 0.0980
v -0.361358 0.732795 -0.247030 0.8500 0.3250 0.0980
v 0.026715 0.606445 -0.080068 0.8500 0.3250 0.0980
v -0.372188 0.889830 -0.264178 0.8500 0.3250 0.0980
v -0.180859 0.633520 -0.169416 0.8500 0.3250 0.0980
v -0.307209 0.527928 -0.208223 0.8500 0.3250 0.0980
v -0.049997 0.781530 -0.126096 0.8500 0.3250 0.0980
v -0.017507 0.496341 -0.091801 0.8500 0.3250 0.0980
v -0.189884 0.787847 -0.182953 0.8500 0.3250 0.0980
v -0.082487 0.788750 -0.140536 0.8500 0.3250 0.0980
v -0.363163 0.795067 -0.247933 0.8500 0.3250 0.0980
v -0.307209 0.393456 -0.195588 0.8500 0.3250 0.0980
v -0.257571 0.604640 -0.193783 0.8500 0.3250 0.0980
v -0.130319 0.757162 -0.154976 0.8500 0.3250 0.0980
v -0.093317 0.686768 -0.132413 0.8500 0.3250 0.0980
v 0.047473 0.440386 -0.061116 0.8500 0.3250 0.0980
v -0.058119 0.615470 -0.113461 0.8500 0.3250 0.0980
v -0.068047 0.725575 -0.129706 0.8500 0.3250 0.0980
v -0.377603 0.316744 -0.217248 0.8500 0.3250 0.0980
v -0.471463 0.321256 -0.254250 0.8500 0.3250 0.0980
v 0.083573 0.791457 -0.073751 0.8500 0.3250 0.0980
v -0.452511 0.212957 -0.238005 0.8500 0.3250 0.0980
v 0.098013 0.727380 -0.063823 0.8500 0.3250 0.0980
v -0.115879 0.508976 -0.131511 0.8500 0.3250 0.0980
v -0.481391 0.256276 -0.257860 0.8500 0.3250 0.0980
v -0.343309 0.474681 -0.216346 0.8500 0.3250 0.0980
v -0.124904 0.665108 -0.149561 0.8500 0.3250 0.0980
v -0.139344 0.564028 -0.146853 0.8500 0.3250 0.0980
v -0.350528 0.900660 -0.256055 0.8500 0.3250 0.0980
v -0.130319 0.779725 -0.159488 0.8500 0.3250 0.0980
v -0.167322 0.781530 -0.167611 0.8500 0.3250 0.0980
v 0.061913 0.716550 -0.074653 0.8500 0.3250 0.0980
v -0.112269 0.605543 -0.140536 0.8500 0.3250 0.0980
v -0.229594 0.638935 -0.189271 0.8500 0.3250 0.0980
v -0.104147 0.480998 -0.126998 0.8500 0.3250 0.0980
v 0.061010 0.699403 -0.070141 0.8500 0.3250 0.0980
v -0.024727 0.416921 -0.087288 0.8500 0.3250 0.0980
v 0.070035 0.769797 -0.076458 0.8500 0.3250 0.0980
v -0.130319 0.358259 -0.124291 0.8500 0.3250 0.0980
v -0.013897 0.875390 -0.123388 0.8500 0.3250 0.0980
v -0.028337 0.599225 -0.099923 0.8500 0.3250 0.0980
v -0.288256 0.888025 -0.222663 0.8500 0.3250 0.0980
v -0.220569 0.738210 -0.188368 0.8500 0.3250 0.0980
v -0.181761 0.760772 -0.174831 0.8500 0.3250 0.0980
v -0.279231 0.462948 -0.190173 0.8500 0.3250 0.0980
v 0.106135 0.817630 -0.064726 0.8500 0.3250 0.0980
v -0.327064 0.527026 -0.218151 0.8500 0.3250 0.0980
v -0.312624 0.878097 -0.240713 0.8500 0.3250 0.0980
v -0.260279 0.704818 -0.206418 0.8500 0.3250 0.0980
v -0.112269 0.847412 -0.154073 0.8500 0.3250 0.0980
v 0.013178 0.612763 -0.088191 0.8500 0.3250 0.0980
v -0.378506 0.854632 -0.260568 0.8500 0.3250 0.0980
v -0.389336 0.440386 -0.229883 0.8500 0.3250 0.0980
v -0.056314 0.661498 -0.119778 0.8500 0.3250 0.0980
v -0.069852 0.677743 -0.122486 0.8500 0.3250 0.0980
v -0.180859 0.618178 -0.170318 0.8500 0.3250 0.0980
v 0.026715 0.535148 -0.077361 0.8500 0.3250 0.0980
v -0.460633 0.182272 -0.243420 0.8500 0.3250 0.0980
v -0.227789 0.490023 -0.180246 0.8500 0.3250 0.0980
v -0.377603 0.345624 -0.215443 0.8500 0.3250 0.0980
v -0.036459 0.546881 -0.099923 0.8500 0.3250 0.0980
v -0.299086 0.557711 -0.208223 0.8500 0.3250 0.0980
v -0.351431 0.647058 -0.231688 0.8500 0.3250 0.0980
v -0.381213 0.482803 -0.233493 0.8500 0.3250 0.0980
v -0.060827 0.645253 -0.119778 0.8500 0.3250 0.0980
v -0.024727 0.528831 -0.097216 0.8500 0.3250 0.0980
v -0.234106 0.574858 -0.182953 0.8500 0.3250 0.0980
v -0.002164 0.472876 -0.078263 0.8500 0.3250 0.0980
v -0.079779 0.571248 -0.121583 0.8500 0.3250 0.0980
v -0.333381 0.604640 -0.228078 0.8500 0.3250 0.0980
v -0.173639 0.601933 -0.162196 0.8500 0.3250 0.0980
v -0.109562 0.749943 -0.145048 0.8500 0.3250 0.0980
v -0.206129 0.748138 -0.181148 0.8500 0.3250 0.0980
v -0.016604 0.763480 -0.108948 0.8500 0.3250 0.0980
v 0.084475 0.703013 -0.066531 0.8500 0.3250 0.0980
v 0.049278 0.864560 -0.087288 0.8500 0.3250 0.0980
v -0.445291 0.415116 -0.253348 0.8500 0.3250 0.0980
v 0.069133 0.856437 -0.077361 0.8500 0.3250 0.0980
v -0.047289 0.693988 -0.121583 0.8500 0.3250 0.0980
v -0.357748 0.825752 -0.252445 0.8500 0.3250 0.0980
v 0.050180 0.650668 -0.073751 0.8500 0.3250 0.0980
v -0.290964 0.589298 -0.206418 0.8500 0.3250 0.0980
v -0.255766 0.499048 -0.186563 0.8500 0.3250 0.0980
v -0.268401 0.566736 -0.194686 0.8500 0.3250 0.0980
v -0.464243 0.310426 -0.249738 0.8500 0.3250 0.0980
v -0.020214 0.867267 -0.111656 0.8500 0.3250 0.0980
v -0.382116 0.828460 -0.263275 0.8500 0.3250 0.0980
v -0.312624 0.780627 -0.229883 0.8500 0.3250 0.0980
v -0.040069 0.721965 -0.117973 0.8500 0.3250 0.0980
v -0.203421 0.686768 -0.179343 0.8500 0.3250 0.0980
v 0.004153 0.395261 -0.071043 0.8500 0.3250 0.0980
v -0.337894 0.660595 -0.228981 0.8500 0.3250 0.0980
v -0.310819 0.487316 -0.201906 0.8500 0.3250 0.0980
v -0.253059 0.749943 -0.199198 0.8500 0.3250 0.0980
v -0.286451 0.842900 -0.219956 0.8500 0.3250 0.0980
v -0.224179 0.893440 -0.207321 0.8500 0.3250 0.0980
v -0.289159 0.490926 -0.198296 0.8500 0.3250 0.0980
v -0.397458 0.749040 -0.265080 0.8500 0.3250 0.0980
v -0.376701 0.606445 -0.241615 0.8500 0.3250 0.0980
v -0.040972 0.875390 -0.126998 0.8500 0.3250 0.0980
v -0.326161 0.573053 -0.221761 0.8500 0.3250 0.0980
v 0.071840 0.495438 -0.049384 0.8500 0.3250 0.0980
v -0.047289 0.828460 -0.122486 0.8500 0.3250 0.0980
v -0.077974 0.710233 -0.129706 0.8500 0.3250 0.0980
v -0.393848 0.482803 -0.241615 0.8500 0.3250 0.0980
v -0.366773 0.629008 -0.236201 0.8500 0.3250 0.0980
v -0.296379 0.919612 -0.233493 0.8500 0.3250 0.0980
v -0.412801 0.632618 -0.255153 0.8500 0.3250 0.0980
v -0.128514 0.554101 -0.134218 0.8500 0.3250 0.0980
v 0.073645 0.712940 -0.069238 0.8500 0.3250 0.0980
v -0.157394 0.363674 -0.135121 0.8500 0.3250 0.0980
v 0.042058 0.554101 -0.072848 0.8500 0.3250 0.0980
v -0.447096 0.460241 -0.256958 0.8500 0.3250 0.0980
v -0.087902 0.540563 -0.126096 0.8500 0.3250 0.0980
v 0.061913 0.816727 -0.079166 0.8500 0.3250 0.0980
v -0.178151 0.712940 -0.173026 0.8500 0.3250 0.0980
v -0.217861 0.388944 -0.163098 0.8500 0.3250 0.0980
v -0.319844 0.911490 -0.243420 0.8500 0.3250 0.0980
v -0.141149 0.678645 -0.152268 0.8500 0.3250 0.0980
v -0.187176 0.665108 -0.173026 0.8500 0.3250 0.0980
v -0.328869 0.831167 -0.237103 0.8500 0.3250 0.0980
v 0.044765 0.728283 -0.079166 0.8500 0.3250 0.0980
v -0.091512 0.838387 -0.142341 0.8500 0.3250 0.0980
v -0.253961 0.549588 -0.183856 0.8500 0.3250 0.0980
v -0.174541 0.746333 -0.172123 0.8500 0.3250 0.0980
v -0.327064 0.551393 -0.210931 0.8500 0.3250 0.0980
v -0.099634 0.714745 -0.142341 0.8500 0.3250 0.0980
v 0.094403 0.685865 -0.056604 0.8500 0.3250 0.0980
v -0.402873 0.415116 -0.239810 0.8500 0.3250 0.0980
v -0.178151 0.572151 -0.161293 0.8500 0.3250 0.0980
v -0.094219 0.697598 -0.142341 0.8500 0.3250 0.0980
v -0.175444 0.817630 -0.173928 0.8500 0.3250 0.0980
v 0.077255 0.843802 -0.071946 0.8500 0.3250 0.0980
v -0.207031 0.428653 -0.156781 0.8500 0.3250 0.0980
v -0.394751 0.677743 -0.252445 0.8500 0.3250 0.0980
v -0.215154 0.782432 -0.188368 0.8500 0.3250 0.0980
v -0.049997 0.517098 -0.102631 0.8500 0.3250 0.0980
v -0.137539 0.810410 -0.164001 0.8500 0.3250 0.0980
v -0.392043 0.726478 -0.254250 0.8500 0.3250 0.0980
v -0.315331 0.740918 -0.230786 0.8500 0.3250 0.0980
v -0.021117 0.609153 -0.096313 0.8500 0.3250 0.0980
v -0.075267 0.615470 -0.121583 0.8500 0.3250 0.0980
v -0.078877 0.541466 -0.113461 0.8500 0.3250 0.0980
v -0.473268 0.342916 -0.256055 0.8500 0.3250 0.0980
v -0.389336 0.577566 -0.243420 0.8500 0.3250 0.0980
v 0.081768 0.774310 -0.071043 0.8500 0.3250 0.0980
v 0.004153 0.841095 -0.103533 0.8500 0.3250 0.0980
v -0.235009 0.780627 -0.201003 0.8500 0.3250 0.0980
v -0.309916 0.856437 -0.229883 0.8500 0.3250 0.0980
v -0.356846 0.418726 -0.219956 0.8500 0.3250 0.0980
v 0.208117 -0.992780 0.016499 0.9290 0.6940 0.1250
v 0.079963 -0.407059 0.104944 0.9290 0.6940 0.1250
v 0.261365 0.082094 0.073356 0.9290 0.6940 0.1250
v -0.224179 -0.897115 0.189778 0.9290 0.6940 0.1250
v 0.002348 0.312231 0.187071 0.9290 0.6940 0.1250
v 0.287537 -0.650733 0.005669 0.9290 0.6940 0.1250
v 0.363347 -0.223852 0.011084 0.9290 0.6940 0.1250
v -0.007579 -0.101113 0.153678 0.9290 0.6940 0.1250
v 0.003250 -0.707591 0.114871 0.9290 0.6940 0.1250
v 0.452694 0.234616 0.007474 0.9290 0.6940 0.1250
v -0.012994 -0.940435 0.102236 0.9290 0.6940 0.1250
v -0.123099 -0.344787 0.185266 0.9290 0.6940 0.1250
v 0.053790 0.106462 0.145556 0.9290 0.6940 0.1250
v 0.289342 -0.426012 0.028231 0.9290 0.6940 0.1250
v 0.197287 0.279741 0.113066 0.9290 0.6940 0.1250
v 0.166603 -0.198582 0.085991 0.9290 0.6940 0.1250
v -0.193494 -0.690443 0.180753 0.9290 0.6940 0.1250
v 0.146748 -0.815891 0.049891 0.9290 0.6940 0.1250
v -0.085194 -0.537921 0.153678 0.9290 0.6940 0.1250
v 0.402154 -0.023498 0.013791 0.9290 0.6940 0.1250
v 0.130503 -0.579436 0.070649 0.9290 0.6940 0.1250
v 0.145845 -0.036133 0.104041 0.9290 0.6940 0.1250
v 0.015885 -0.253635 0.138336 0.9290 0.6940 0.1250
v -0.099634 -0.820403 0.145556 0.9290 0.6940 0.1250
v 0.279415 -0.101113 0.049891 0.9290 0.6940 0.1250
v 0.323637 0.211152 0.061624 0.9290 0.6940 0.1250
v 0.232485 -0.309589 0.056209 0.9290 0.6940 0.1250
v 0.394032 0.105559 0.018304 0.9290 0.6940 0.1250
v 0.105233 -0.931410 0.055306 0.9290 0.6940 0.1250
v 0.158480 0.162417 0.119383 0.9290 0.6940 0.1250
v 0.029423 -0.826720 0.101334 0.9290 0.6940 0.1250
v -0.066242 -0.000935 0.186168 0.9290 0.6940 0.1250
v 0.242412 -0.544239 0.035451 0.9290 0.6940 0.1250
v 0.025813 -0.512651 0.116676 0.9290 0.6940 0.1250
v -0.196201 -0.574021 0.195193 0.9290 0.6940 0.1250
v -0.021117 0.197614 0.188876 0.9290 0.6940 0.1250
v 0.249632 -0.778888 0.008376 0.9290 0.6940 0.1250
v -0.028337 -0.401644 0.143751 0.9290 0.6940 0.1250
v 0.162090 -0.702176 0.050794 0.9290 0.6940 0.1250
v 0.088988 0.248154 0.148263 0.9290 0.6940 0.1250
v 0.175628 -0.451282 0.062526 0.9290 0.6940 0.1250
v -0.087902 -0.657051 0.153678 0.9290 0.6940 0.1250
v -0.118587 -0.935923 0.129311 0.9290 0.6940 0.1250
v 0.236095 -0.888993 0.003864 0.9290 0.6940 0.1250
v 0.265877 -0.209412 0.049891 0.9290 0.6940 0.1250
v 0.072743 -0.160677 0.119383 0.9290 0.6940 0.1250
v 0.031228 -0.000033 0.147361 0.9290 0.6940 0.1250
v 0.105233 -0.305979 0.102236 0.9290 0.6940 0.1250
v 0.372372 -0.123675 0.017401 0.9290 0.6940 0.1250
v 0.332662 -0.337567 0.015596 0.9290 0.6940 0.1250
v 0.150358 0.064947 0.112164 0.9290 0.6940 0.1250
v 0.313710 0.003577 0.046281 0.9290 0.6940 0.1250
v 0.024008 -0.611926 0.111261 0.9290 0.6940 0.1250
v -0.095122 -0.106528 0.195193 0.9290 0.6940 0.1250
v 0.085378 -0.744593 0.079674 0.9290 0.6940 0.1250
v -0.195299 -0.790621 0.182558 0.9290 0.6940 0.1250
v -0.045484 -0.187752 0.163606 0.9290 0.6940 0.1250
v -0.027434 0.086607 0.183461 0.9290 0.6940 0.1250
v 0.235192 0.184077 0.084186 0.9290 0.6940 0.1250
v 0.233387 -0.018083 0.068844 0.9290 0.6940 0.1250
v -0.060827 -0.273490 0.171728 0.9290 0.6940 0.1250
v -0.096927 -0.448574 0.165411 0.9290 0.6940 0.1250
v -0.124904 -0.737373 0.160898 0.9290 0.6940 0.1250
v 0.188262 -0.107430 0.084186 0.9290 0.6940 0.1250
v 0.154870 -0.369154 0.076064 0.9290 0.6940 0.1250
v 0.034838 -0.341177 0.128408 0.9290 0.6940 0.1250
v 0.107940 -0.491894 0.086894 0.9290 0.6940 0.1250
v 0.271292 0.270716 0.084186 0.9290 0.6940 0.1250
v 0.320027 0.131732 0.052599 0.9290 0.6940 0.1250
v 0.076353 -0.663368 0.082381 0.9290 0.6940 0.1250
v 0.391324 0.190394 0.028231 0.9290 0.6940 0.1250
v -0.028337 -0.777986 0.124798 0.9290 0.6940 0.1250
v 0.304685 -0.504529 0.014694 0.9290 0.6940 0.1250
v 0.079060 -0.084868 0.128408 0.9290 0.6940 0.1250
v 0.229777 -0.387204 0.053501 0.9290 0.6940 0.1250
v 0.049278 0.185882 0.159093 0.9290 0.6940 0.1250
v 0.193677 -0.611024 0.047184 0.9290 0.6940 0.1250
v -0.038264 -0.851990 0.117578 0.9290 0.6940 0.1250
v 0.044765 -0.898018 0.085991 0.9290 0.6940 0.1250
v 0.295660 -0.277100 0.033646 0.9290 0.6940 0.1250
v -0.165517 -0.862820 0.162703 0.9290 0.6940 0.1250
v -0.043679 -0.601999 0.139238 0.9290 0.6940 0.1250
v -0.033752 -0.483771 0.142848 0.9290 0.6940 0.1250
v -0.141149 -0.612829 0.169923 0.9290 0.6940 0.1250
v -0.148369 -0.509041 0.178948 0.9290 0.6940 0.1250
v 0.175628 -0.526189 0.062526 0.9290 0.6940 0.1250
v 0.172920 -0.278002 0.074259 0.9290 0.6940 0.1250
v -0.136637 -0.277100 0.193388 0.9290 0.6940 0.1250
v 0.170213 -0.919678 0.033646 0.9290 0.6940 0.1250
v 0.236997 -0.694053 0.021914 0.9290 0.6940 0.1250
v 0.189165 -0.763546 0.039061 0.9290 0.6940 0.1250
v 0.110648 -0.231975 0.104944 0.9290 0.6940 0.1250
v -0.027434 -0.331249 0.151873 0.9290 0.6940 0.1250
v 0.201800 0.105559 0.092309 0.9290 0.6940 0.1250
v 0.103428 0.010797 0.123896 0.9290 0.6940 0.1250
v 0.249632 -0.476551 0.040866 0.9290 0.6940 0.1250
v 0.325442 -0.166995 0.030036 0.9290 0.6940 0.1250
v 0.014080 -0.185947 0.137433 0.9290 0.6940 0.1250
v 0.101623 -0.858308 0.067941 0.9290 0.6940 0.1250
v 0.354322 -0.064110 0.025524 0.9290 0.6940 0.1250
v 0.405764 0.044190 0.015596 0.9290 0.6940 0.1250
v -0.062632 -0.727446 0.137433 0.9290 0.6940 0.1250
v 0.291147 -0.574924 0.011986 0.9290 0.6940 0.1250
v 0.192775 0.026140 0.088699 0.9290 0.6940 0.1250
v 0.144943 0.221982 0.126603 0.9290 0.6940 0.1250
v 0.332662 0.061337 0.038159 0.9290 0.6940 0.1250
v 0.219850 -0.172410 0.066136 0.9290 0.6940 0.1250
v 0.035740 -0.446769 0.119383 0.9290 0.6940 0.1250
v 0.135015 -0.983755 0.045379 0.9290 0.6940 0.1250
v 0.079060 -0.555971 0.093211 0.9290 0.6940 0.1250
v 0.274902 -0.352909 0.031841 0.9290 0.6940 0.1250
v 0.131405 -0.640806 0.070649 0.9290 0.6940 0.1250
v 0.057400 0.301401 0.165411 0.9290 0.6940 0.1250
v -0.030142 -0.046963 0.172631 0.9290 0.6940 0.1250
v -0.132124 -0.404352 0.185266 0.9290 0.6940 0.1250
v -0.014799 0.028847 0.176241 0.9290 0.6940 0.1250
v -0.244936 -0.818598 0.198803 0.9290 0.6940 0.1250
v -0.104147 -0.880870 0.143751 0.9290 0.6940 0.1250
v -0.079779 -0.383594 0.165411 0.9290 0.6940 0.1250
v 0.132308 -0.117358 0.098626 0.9290 0.6940 0.1250
v 0.215337 -0.837550 0.022816 0.9290 0.6940 0.1250
v 0.003250 0.249959 0.178948 0.9290 0.6940 0.1250
v -0.030142 -0.662466 0.131116 0.9290 0.6940 0.1250
v 0.012275 0.139854 0.168118 0.9290 0.6940 0.1250
v 0.097110 0.143464 0.135628 0.9290 0.6940 0.1250
v -0.023824 -0.538824 0.130213 0.9290 0.6940 0.1250
v 0.033935 -0.769863 0.097724 0.9290 0.6940 0.1250
v 0.225265 -0.248220 0.059819 0.9290 0.6940 0.1250
v 0.089890 -0.803256 0.076966 0.9290 0.6940 0.1250
v -0.138442 -0.678711 0.171728 0.9290 0.6940 0.1250
v -0.056314 -0.911555 0.124798 0.9290 0.6940 0.1250
v 0.036643 -0.961193 0.086894 0.9290 0.6940 0.1250
v 0.348005 -0.281612 0.014694 0.9290 0.6940 0.1250
v 0.198190 0.221079 0.103139 0.9290 0.6940 0.1250
v 0.054693 -0.289735 0.122091 0.9290 0.6940 0.1250
v 0.141333 0.277034 0.132018 0.9290 0.6940 0.1250
v -0.089707 -0.160677 0.180753 0.9290 0.6940 0.1250
v 0.274000 -0.155262 0.051696 0.9290 0.6940 0.1250
v 0.080865 0.058629 0.136531 0.9290 0.6940 0.1250
v 0.285732 0.171442 0.069746 0.9290 0.6940 0.1250
v 0.124185 -0.432329 0.086894 0.9290 0.6940 0.1250
v 0.361542 0.245446 0.045379 0.9290 0.6940 0.1250
v 0.038448 -0.124577 0.137433 0.9290 0.6940 0.1250
v 0.060108 -0.227462 0.118481 0.9290 0.6940 0.1250
v -0.098732 -0.239195 0.183461 0.9290 0.6940 0.1250
v 0.221655 -0.068623 0.073356 0.9290 0.6940 0.1250
v 0.325442 -0.389009 0.013791 0.9290 0.6940 0.1250
v -0.139344 -0.791523 0.161801 0.9290 0.6940 0.1250
v 0.035740 -0.063208 0.146458 0.9290 0.6940 0.1250
v 0.241510 -0.603804 0.030036 0.9290 0.6940 0.1250
v 0.024910 -0.397132 0.123896 0.9290 0.6940 0.1250
v -0.182664 -0.740081 0.184363 0.9290 0.6940 0.1250
v -0.169127 -0.913360 0.166313 0.9290 0.6940 0.1250
v -0.098732 -0.586656 0.155483 0.9290 0.6940 0.1250
v 0.271292 -0.050573 0.060721 0.9290 0.6940 0.1250
v 0.198190 -0.347494 0.061624 0.9290 0.6940 0.1250
v 0.134113 0.111877 0.121188 0.9290 0.6940 0.1250
v 0.026715 -0.663368 0.108554 0.9290 0.6940 0.1250
v 0.102525 0.193102 0.141946 0.9290 0.6940 0.1250
v 0.018593 0.073972 0.159996 0.9290 0.6940 0.1250
v 0.051083 -0.704883 0.095016 0.9290 0.6940 0.1250
v 0.075450 -0.613731 0.087796 0.9290 0.6940 0.1250
v 0.128698 -0.756326 0.058014 0.9290 0.6940 0.1250
v 0.129600 -0.170605 0.104041 0.9290 0.6940 0.1250
v 0.149455 -0.865528 0.048086 0.9290 0.6940 0.1250
v 0.277610 0.036970 0.061624 0.9290 0.6940 0.1250
v 0.099818 -0.354714 0.104944 0.9290 0.6940 0.1250
v 0.227070 -0.936825 0.008376 0.9290 0.6940 0.1250
v 0.363347 0.151587 0.041769 0.9290 0.6940 0.1250
v -0.079779 -0.326737 0.171728 0.9290 0.6940 0.1250
v 0.309197 -0.221145 0.030939 0.9290 0.6940 0.1250
v -0.139344 -0.556874 0.177143 0.9290 0.6940 0.1250
v 0.365152 0.005382 0.022816 0.9290 0.6940 0.1250
v 0.261365 0.224689 0.079674 0.9290 0.6940 0.1250
v 0.430132 0.134439 0.008376 0.9290 0.6940 0.1250
v 0.187360 -0.662466 0.049891 0.9290 0.6940 0.1250
v -0.016604 -0.147140 0.156386 0.9290 0.6940 0.1250
v -0.181761 -0.645319 0.185266 0.9290 0.6940 0.1250
v 0.065523 -0.483771 0.104944 0.9290 0.6940 0.1250
v -0.058119 -0.127285 0.172631 0.9290 0.6940 0.1250
v 0.189165 -0.033425 0.086894 0.9290 0.6940 0.1250
v 0.145845 -0.322224 0.085991 0.9290 0.6940 0.1250
v 0.002348 -0.888090 0.102236 0.9290 0.6940 0.1250
v 0.256852 0.136244 0.078771 0.9290 0.6940 0.1250
v -0.202519 -0.843868 0.182558 0.9290 0.6940 0.1250
v 0.445474 0.189492 0.003864 0.9290 0.6940 0.1250
v 0.003250 -0.298759 0.143751 0.9290 0.6940 0.1250
v 0.181945 -0.407059 0.068844 0.9290 0.6940 0.1250
v -0.040069 -0.235585 0.159093 0.9290 0.6940 0.1250
v 0.202702 -0.486479 0.055306 0.9290 0.6940 0.1250
v 0.038448 -0.569509 0.109456 0.9290 0.6940 0.1250
v -0.054509 -0.442257 0.152776 0.9290 0.6940 0.1250
v 0.226167 -0.439549 0.048086 0.9290 0.6940 0.1250
v 0.198190 0.148879 0.100431 0.9290 0.6940 0.1250
v -0.027434 0.281546 0.197901 0.9290 0.6940 0.1250
v -0.100537 -0.769863 0.143751 0.9290 0.6940 0.1250
v 0.228875 0.050507 0.082381 0.9290 0.6940 0.1250
v 0.098915 0.300499 0.150971 0.9290 0.6940 0.1250
v 0.065523 -0.025303 0.136531 0.9290 0.6940 0.1250
v 0.333565 -0.107430 0.030036 0.9290 0.6940 0.1250
v 0.246925 -0.647124 0.025524 0.9290 0.6940 0.1250
v 0.116063 -0.715713 0.068844 0.9290 0.6940 0.1250
v -0.014799 -0.816793 0.107651 0.9290 0.6940 0.1250
v -0.030142 0.129927 0.183461 0.9290 0.6940 0.1250
v -0.052704 -0.083965 0.170826 0.9290 0.6940 0.1250
v 0.058303 -0.852893 0.082381 0.9290 0.6940 0.1250
v 0.231582 0.250861 0.096821 0.9290 0.6940 0.1250
v -0.095122 -0.703078 0.151873 0.9290 0.6940 0.1250
v 0.121478 -0.076745 0.107651 0.9290 0.6940 0.1250
v 0.303782 0.249056 0.065234 0.9290 0.6940 0.1250
v 0.204507 -0.717518 0.037256 0.9290 0.6940 0.1250
v 0.119673 -0.532506 0.079674 0.9290 0.6940 0.1250
v -0.003969 -0.575826 0.122091 0.9290 0.6940 0.1250
v -0.133027 -0.469332 0.175338 0.9290 0.6940 0.1250
v 0.187360 -0.869138 0.028231 0.9290 0.6940 0.1250
v -0.095122 -0.497309 0.160898 0.9290 0.6940 0.1250
v 0.147650 -0.483771 0.075161 0.9290 0.6940 0.1250
v 0.206312 -0.571314 0.041769 0.9290 0.6940 0.1250
v 0.044765 0.261691 0.167216 0.9290 0.6940 0.1250
v 0.179237 -0.158872 0.085089 0.9290 0.6940 0.1250
v 0.388617 -0.083063 0.011986 0.9290 0.6940 0.1250
v 0.181042 -0.958485 0.027329 0.9290 0.6940 0.1250
v 0.092598 -0.125480 0.115773 0.9290 0.6940 0.1250
v 0.402154 0.229201 0.027329 0.9290 0.6940 0.1250
v 0.246022 -0.118260 0.064331 0.9290 0.6940 0.1250
v 0.162993 -0.239195 0.077869 0.9290 0.6940 0.1250
v 0.265877 -0.513554 0.024621 0.9290 0.6940 0.1250
v -0.018409 -0.443159 0.135628 0.9290 0.6940 0.1250
v 0.140430 0.018920 0.111261 0.9290 0.6940 0.1250
v 0.274000 -0.689541 0.008376 0.9290 0.6940 0.1250
v -0.099634 -0.283417 0.180753 0.9290 0.6940 0.1250
v 0.036643 0.039677 0.151873 0.9290 0.6940 0.1250
v -0.006677 -0.362837 0.140141 0.9290 0.6940 0.1250
v 0.209020 -0.210315 0.068844 0.9290 0.6940 0.1250
v 0.091695 0.096534 0.134726 0.9290 0.6940 0.1250
v 0.205410 -0.799646 0.027329 0.9290 0.6940 0.1250
v 0.296562 -0.466624 0.021914 0.9290 0.6940 0.1250
v 0.015885 0.203932 0.177143 0.9290 0.6940 0.1250
v 0.366054 -0.162482 0.017401 0.9290 0.6940 0.1250
v 0.264072 -0.256342 0.044476 0.9290 0.6940 0.1250
v 0.071840 -0.960290 0.069746 0.9290 0.6940 0.1250
v -0.055412 -0.560484 0.141946 0.9290 0.6940 0.1250
v 0.246022 -0.731958 0.021011 0.9290 0.6940 0.1250
v -0.008482 -0.745496 0.116676 0.9290 0.6940 0.1250
v 0.167505 -0.572216 0.061624 0.9290 0.6940 0.1250
v 0.241510 -0.346592 0.049891 0.9290 0.6940 0.1250
v -0.229594 -0.771668 0.197901 0.9290 0.6940 0.1250
v -0.164614 -0.824915 0.168118 0.9290 0.6940 0.1250
v -0.142052 -0.890798 0.151873 0.9290 0.6940 0.1250
v 0.136820 -0.903433 0.041769 0.9290 0.6940 0.1250
v 0.160285 -0.070428 0.096821 0.9290 0.6940 0.1250
v 0.301977 -0.131797 0.041769 0.9290 0.6940 0.1250
v 0.349810 0.094729 0.041769 0.9290 0.6940 0.1250
v 0.264975 -0.389009 0.035451 0.9290 0.6940 0.1250
v 0.133210 -0.284320 0.089601 0.9290 0.6940 0.1250
v 0.301977 -0.071330 0.046281 0.9290 0.6940 0.1250
v 0.285732 -0.313199 0.034549 0.9290 0.6940 0.1250
v -0.056314 -0.801451 0.132921 0.9290 0.6940 0.1250
v -0.079779 -0.199485 0.172631 0.9290 0.6940 0.1250
v 0.143138 -0.941338 0.047184 0.9290 0.6940 0.1250
v 0.104330 -0.895310 0.065234 0.9290 0.6940 0.1250
v 0.180140 -0.315907 0.073356 0.9290 0.6940 0.1250
v -0.120392 -0.644416 0.166313 0.9290 0.6940 0.1250
v -0.079779 -0.856503 0.130213 0.9290 0.6940 0.1250
v 0.094403 -0.053280 0.116676 0.9290 0.6940 0.1250
v 0.182847 0.067654 0.095016 0.9290 0.6940 0.1250
v -0.031947 -0.009960 0.176241 0.9290 0.6940 0.1250
v 0.070938 0.022530 0.136531 0.9290 0.6940 0.1250
v 0.162993 -0.633586 0.053501 0.9290 0.6940 0.1250
v 0.113355 0.047800 0.123896 0.9290 0.6940 0.1250
v -0.015702 -0.620951 0.125701 0.9290 0.6940 0.1250
v -0.081584 -0.937728 0.124798 0.9290 0.6940 0.1250
v 0.245120 0.019822 0.071551 0.9290 0.6940 0.1250
v 0.156675 -0.777986 0.049891 0.9290 0.6940 0.1250
v 0.314612 -0.032523 0.042671 0.9290 0.6940 0.1250
v 0.334467 -0.246415 0.024621 0.9290 0.6940 0.1250
v 0.079963 -0.264465 0.115773 0.9290 0.6940 0.1250
v -0.024727 -0.278002 0.153678 0.9290 0.6940 0.1250
v -0.044582 -0.697663 0.127506 0.9290 0.6940 0.1250
v 0.400349 0.156099 0.021011 0.9290 0.6940 0.1250
v 0.085378 -0.699468 0.078771 0.9290 0.6940 0.1250
v 0.059205 0.151587 0.153678 0.9290 0.6940 0.1250
v 0.125088 -0.396229 0.086894 0.9290 0.6940 0.1250
v 0.009568 -0.027108 0.157288 0.9290 0.6940 0.1250
v -0.179054 -0.524384 0.189778 0.9290 0.6940 0.1250
v 0.069133 -0.518969 0.098626 0.9290 0.6940 0.1250
v 0.287537 0.120902 0.063429 0.9290 0.6940 0.1250
v 0.082670 -0.200387 0.112164 0.9290 0.6940 0.1250
v -0.048192 0.038775 0.184363 0.9290 0.6940 0.1250
v 0.321832 -0.304174 0.023719 0.9290 0.6940 0.1250
v -0.029239 0.240934 0.190681 0.9290 0.6940 0.1250
v 0.050180 -0.187752 0.124798 0.9290 0.6940 0.1250
v 0.000543 -0.489186 0.125701 0.9290 0.6940 0.1250
v -0.068047 -0.475649 0.152776 0.9290 0.6940 0.1250
v -0.124904 -0.852893 0.150971 0.9290 0.6940 0.1250
v 0.240607 -0.813183 0.011084 0.9290 0.6940 0.1250
v -0.016604 -0.209412 0.154581 0.9290 0.6940 0.1250
v 0.176530 -0.828525 0.035451 0.9290 0.6940 0.1250
v -0.172737 -0.611024 0.185266 0.9290 0.6940 0.1250
v 0.300172 0.063142 0.055306 0.9290 0.6940 0.1250
v -0.004872 -0.853795 0.103139 0.9290 0.6940 0.1250
v 0.153065 -0.666978 0.057111 0.9290 0.6940 0.1250
v 0.059205 0.219274 0.155483 0.9290 0.6940 0.1250
v 0.067328 -0.347494 0.115773 0.9290 0.6940 0.1250
v 0.255047 -0.424207 0.036354 0.9290 0.6940 0.1250
v -0.221471 -0.708493 0.198803 0.9290 0.6940 0.1250
v -0.060827 -0.631781 0.143751 0.9290 0.6940 0.1250
v -0.037362 -0.370057 0.154581 0.9290 0.6940 0.1250
v -0.080682 -0.417889 0.161801 0.9290 0.6940 0.1250
v 0.361542 0.037872 0.033646 0.9290 0.6940 0.1250
v 0.182847 0.183174 0.106749 0.9290 0.6940 0.1250
v 0.170213 0.105559 0.105846 0.9290 0.6940 0.1250
v -0.001262 -0.059598 0.155483 0.9290 0.6940 0.1250
v 0.109745 -0.667881 0.076966 0.9290 0.6940 0.1250
v 0.316417 -0.440452 0.012889 0.9290 0.6940 0.1250
v 0.236095 0.102852 0.082381 0.9290 0.6940 0.1250
v 0.306490 -0.362837 0.024621 0.9290 0.6940 0.1250
v 0.348907 0.193102 0.048086 0.9290 0.6940 0.1250
v 0.324540 0.165124 0.050794 0.9290 0.6940 0.1250
v 0.116965 -0.822208 0.064331 0.9290 0.6940 0.1250
v -0.002164 0.110072 0.174436 0.9290 0.6940 0.1250
v 0.164798 -0.009058 0.097724 0.9290 0.6940 0.1250
v 0.208117 -0.287930 0.064331 0.9290 0.6940 0.1250
v 0.059205 -0.811378 0.087796 0.9290 0.6940 0.1250
v 0.092598 -0.463917 0.096821 0.9290 0.6940 0.1250
v -0.172737 -0.768961 0.170826 0.9290 0.6940 0.1250
v 0.207215 -0.522579 0.052599 0.9290 0.6940 0.1250
v 0.026715 -0.925093 0.092309 0.9290 0.6940 0.1250
v 0.030325 -0.157067 0.137433 0.9290 0.6940 0.1250
v 0.227972 0.150684 0.085991 0.9290 0.6940 0.1250
v -0.115879 -0.535214 0.169021 0.9290 0.6940 0.1250
v -0.040972 0.171442 0.187071 0.9290 0.6940 0.1250
v 0.042960 -0.738276 0.098626 0.9290 0.6940 0.1250
v 0.311905 0.100144 0.056209 0.9290 0.6940 0.1250
v -0.062632 -0.514456 0.151873 0.9290 0.6940 0.1250
v 0.344395 -0.138115 0.025524 0.9290 0.6940 0.1250
v 0.365152 -0.027108 0.022816 0.9290 0.6940 0.1250
v 0.018593 0.171442 0.169923 0.9290 0.6940 0.1250
v 0.043863 -0.537921 0.106749 0.9290 0.6940 0.1250
v 0.197287 -0.908848 0.020109 0.9290 0.6940 0.1250
v 0.369664 0.120902 0.034549 0.9290 0.6940 0.1250
v -0.001262 0.003577 0.161801 0.9290 0.6940 0.1250
v 0.009568 -0.428719 0.130213 0.9290 0.6940 0.1250
v 0.300172 -0.191362 0.038159 0.9290 0.6940 0.1250
v 0.119673 0.240934 0.131116 0.9290 0.6940 0.1250
v 0.225265 -0.755423 0.026426 0.9290 0.6940 0.1250
v 0.006860 -0.538824 0.122091 0.9290 0.6940 0.1250
v 0.166603 0.037872 0.102236 0.9290 0.6940 0.1250
v 0.124185 -0.364642 0.086894 0.9290 0.6940 0.1250
v 0.323637 -0.472039 0.006571 0.9290 0.6940 0.1250
v 0.165700 -0.744593 0.048086 0.9290 0.6940 0.1250
v -0.037362 -0.888090 0.115773 0.9290 0.6940 0.1250
v -0.012092 0.060434 0.175338 0.9290 0.6940 0.1250
v 0.286635 -0.020790 0.050794 0.9290 0.6940 0.1250
v 0.024008 -0.223852 0.132921 0.9290 0.6940 0.1250
v 0.136820 -0.219340 0.093211 0.9290 0.6940 0.1250
v -0.069852 -0.239195 0.168118 0.9290 0.6940 0.1250
v -0.164614 -0.698566 0.171728 0.9290 0.6940 0.1250
v 0.042058 -0.092990 0.139238 0.9290 0.6940 0.1250
v 0.048375 -0.259952 0.129311 0.9290 0.6940 0.1250
v -0.071657 -0.759033 0.139238 0.9290 0.6940 0.1250
v -0.152882 -0.444062 0.188876 0.9290 0.6940 0.1250
v -0.131222 -0.823111 0.157288 0.9290 0.6940 0.1250
v 0.383202 0.061337 0.028231 0.9290 0.6940 0.1250
v 0.297465 -0.395327 0.025524 0.9290 0.6940 0.1250
v 0.063718 -0.766253 0.084186 0.9290 0.6940 0.1250
v 0.293855 0.201224 0.067941 0.9290 0.6940 0.1250
v 0.069133 -0.907945 0.069746 0.9290 0.6940 0.1250
v -0.054509 0.067654 0.193388 0.9290 0.6940 0.1250
v 0.027618 0.295986 0.179851 0.9290 0.6940 0.1250
v 0.162090 -0.133602 0.089601 0.9290 0.6940 0.1250
v 0.249632 -0.574021 0.030036 0.9290 0.6940 0.1250
v -0.003067 -0.677808 0.119383 0.9290 0.6940 0.1250
v 0.099818 -0.639001 0.080576 0.9290 0.6940 0.1250
v -0.049997 -0.311394 0.158191 0.9290 0.6940 0.1250
v 0.150358 -0.422402 0.074259 0.9290 0.6940 0.1250
v 0.041155 -0.370959 0.124798 0.9290 0.6940 0.1250
v 0.051083 -0.628171 0.099529 0.9290 0.6940 0.1250
v -0.169127 -0.565899 0.183461 0.9290 0.6940 0.1250
v 0.259560 -0.300564 0.045379 0.9290 0.6940 0.1250
v -0.154687 -0.739178 0.167216 0.9290 0.6940 0.1250
v -0.095122 -0.616439 0.150068 0.9290 0.6940 0.1250
v 0.198190 -0.244610 0.073356 0.9290 0.6940 0.1250
v 0.284830 -0.546946 0.021914 0.9290 0.6940 0.1250
v 0.130503 0.155197 0.128408 0.9290 0.6940 0.1250
v 0.226167 0.221982 0.089601 0.9290 0.6940 0.1250
v -0.050899 -0.158872 0.170826 0.9290 0.6940 0.1250
v 0.232485 -0.514456 0.038159 0.9290 0.6940 0.1250
v 0.030325 -0.856503 0.093211 0.9290 0.6940 0.1250
v 0.162993 0.258984 0.121188 0.9290 0.6940 0.1250
v -0.024727 -0.718421 0.116676 0.9290 0.6940 0.1250
v 0.267682 0.002675 0.061624 0.9290 0.6940 0.1250
v -0.210641 -0.750911 0.185266 0.9290 0.6940 0.1250
v 0.079060 -0.377277 0.101334 0.9290 0.6940 0.1250
v -0.107757 -0.312297 0.181656 0.9290 0.6940 0.1250
v 0.118770 -0.033425 0.116676 0.9290 0.6940 0.1250
v 0.014983 -0.792426 0.103139 0.9290 0.6940 0.1250
v -0.086999 -0.911555 0.138336 0.9290 0.6940 0.1250
v 0.404862 0.006285 0.012889 0.9290 0.6940 0.1250
v -0.023824 -0.075843 0.168118 0.9290 0.6940 0.1250
v -0.131222 -0.708493 0.165411 0.9290 0.6940 0.1250
v 0.152163 0.191297 0.123896 0.9290 0.6940 0.1250
v 0.007763 -0.460307 0.128408 0.9290 0.6940 0.1250
v 0.027618 -0.312297 0.130213 0.9290 0.6940 0.1250
v 0.125088 -0.611926 0.074259 0.9290 0.6940 0.1250
v 0.338980 -0.017180 0.032744 0.9290 0.6940 0.1250
v -0.105049 -0.402547 0.169021 0.9290 0.6940 0.1250
v 0.230680 -0.861918 0.014694 0.9290 0.6940 0.1250
v 0.381397 -0.051475 0.018304 0.9290 0.6940 0.1250
v 0.357029 -0.195875 0.018304 0.9290 0.6940 0.1250
v -0.009384 -0.241902 0.148263 0.9290 0.6940 0.1250
v -0.186274 -0.878163 0.177143 0.9290 0.6940 0.1250
v -0.121294 -0.429622 0.174436 0.9290 0.6940 0.1250
v 0.281220 -0.623659 0.015596 0.9290 0.6940 0.1250
v -0.033752 -0.111040 0.169021 0.9290 0.6940 0.1250
v 0.293855 -0.244610 0.039964 0.9290 0.6940 0.1250
v 0.158480 -0.099308 0.091406 0.9290 0.6940 0.1250
v 0.414789 0.084802 0.016499 0.9290 0.6940 0.1250
v 0.066425 -0.587559 0.097724 0.9290 0.6940 0.1250
v -0.035557 -0.747301 0.127506 0.9290 0.6940 0.1250
v -0.055412 -0.027108 0.178948 0.9290 0.6940 0.1250
v 0.116965 -0.140822 0.106749 0.9290 0.6940 0.1250
v 0.310100 -0.532506 0.008376 0.9290 0.6940 0.1250
v 0.213532 -0.683223 0.035451 0.9290 0.6940 0.1250
v 0.238802 -0.203997 0.058916 0.9290 0.6940 0.1250
v 0.255047 0.053214 0.069746 0.9290 0.6940 0.1250
v -0.031044 -0.917873 0.112164 0.9290 0.6940 0.1250
v 0.112453 -0.203095 0.104944 0.9290 0.6940 0.1250
v 0.336272 -0.216632 0.018304 0.9290 0.6940 0.1250
v 0.225265 0.278839 0.100431 0.9290 0.6940 0.1250
v 0.306490 0.035165 0.051696 0.9290 0.6940 0.1250
v 0.028520 0.110072 0.159093 0.9290 0.6940 0.1250
v 0.203605 0.249056 0.107651 0.9290 0.6940 0.1250
v 0.046570 0.076679 0.153678 0.9290 0.6940 0.1250
v 0.274000 -0.483771 0.027329 0.9290 0.6940 0.1250
v 0.296562 -0.601999 0.003864 0.9290 0.6940 0.1250
v 0.247827 -0.170605 0.059819 0.9290 0.6940 0.1250
v 0.309197 -0.102918 0.044476 0.9290 0.6940 0.1250
v -0.073462 -0.355617 0.165411 0.9290 0.6940 0.1250
v 0.023105 0.230104 0.168118 0.9290 0.6940 0.1250
v 0.418399 0.189492 0.019206 0.9290 0.6940 0.1250
v 0.105233 0.271619 0.147361 0.9290 0.6940 0.1250
v -0.105049 -0.212120 0.189778 0.9290 0.6940 0.1250
v 0.008665 0.039677 0.157288 0.9290 0.6940 0.1250
v 0.239705 -0.090283 0.069746 0.9290 0.6940 0.1250
v 0.000543 -0.395327 0.138336 0.9290 0.6940 0.1250
v 0.062815 -0.134505 0.123896 0.9290 0.6940 0.1250
v -0.119489 -0.254537 0.195193 0.9290 0.6940 0.1250
v -0.042777 -0.822208 0.119383 0.9290 0.6940 0.1250
v -0.030142 -0.570411 0.131116 0.9290 0.6940 0.1250
v 0.172018 0.226494 0.112164 0.9290 0.6940 0.1250
v 0.102525 -0.278002 0.104041 0.9290 0.6940 0.1250
v -0.008482 0.158807 0.169923 0.9290 0.6940 0.1250
v 0.096208 0.220177 0.146458 0.9290 0.6940 0.1250
v 0.098013 -0.172410 0.115773 0.9290 0.6940 0.1250
v 0.107038 -0.959388 0.055306 0.9290 0.6940 0.1250
v 0.141333 -0.456697 0.078771 0.9290 0.6940 0.1250
v 0.215337 -0.883578 0.023719 0.9290 0.6940 0.1250
v 0.124185 0.085704 0.120286 0.9290 0.6940 0.1250
v 0.106135 -0.784303 0.064331 0.9290 0.6940 0.1250
v -0.133027 -0.586656 0.175338 0.9290 0.6940 0.1250
v -0.102342 -0.359227 0.173533 0.9290 0.6940 0.1250
v 0.213532 -0.097503 0.076064 0.9290 0.6940 0.1250
v 0.086280 -0.434134 0.103139 0.9290 0.6940 0.1250
v -0.133027 -0.925995 0.150971 0.9290 0.6940 0.1250
v 0.342590 0.018017 0.038159 0.9290 0.6940 0.1250
v -0.155589 -0.648026 0.176241 0.9290 0.6940 0.1250
v 0.061010 -0.320419 0.116676 0.9290 0.6940 0.1250
v 0.331760 -0.418792 0.004766 0.9290 0.6940 0.1250
v 0.365152 -0.093893 0.021914 0.9290 0.6940 0.1250
v 0.163895 0.136244 0.112164 0.9290 0.6940 0.1250
v 0.366957 0.218372 0.044476 0.9290 0.6940 0.1250
v 0.074548 0.179564 0.150068 0.9290 0.6940 0.1250
v 0.274000 -0.180532 0.040866 0.9290 0.6940 0.1250
v -0.079779 -0.788816 0.139238 0.9290 0.6940 0.1250
v 0.205410 -0.128187 0.079674 0.9290 0.6940 0.1250
v 0.093500 -0.025303 0.122993 0.9290 0.6940 0.1250
v 0.338980 -0.365544 0.011084 0.9290 0.6940 0.1250
v 0.072743 -0.055988 0.132921 0.9290 0.6940 0.1250
v 0.149455 -0.527091 0.069746 0.9290 0.6940 0.1250
v 0.208117 0.182272 0.096821 0.9290 0.6940 0.1250
v -0.162809 -0.481064 0.187071 0.9290 0.6940 0.1250
v 0.275805 -0.449477 0.027329 0.9290 0.6940 0.1250
v 0.166603 -0.339372 0.073356 0.9290 0.6940 0.1250
v 0.009568 -0.954875 0.098626 0.9290 0.6940 0.1250
v 0.147650 -0.261757 0.085991 0.9290 0.6940 0.1250
v 0.202702 -0.395327 0.056209 0.9290 0.6940 0.1250
v 0.244217 -0.839355 0.005669 0.9290 0.6940 0.1250
v -0.077072 -0.043353 0.187071 0.9290 0.6940 0.1250
v -0.143857 -0.765351 0.166313 0.9290 0.6940 0.1250
v -0.074364 -0.579436 0.144653 0.9290 0.6940 0.1250
v -0.114074 -0.673296 0.161801 0.9290 0.6940 0.1250
v -0.070754 -0.071330 0.186168 0.9290 0.6940 0.1250
v -0.240424 -0.856503 0.196998 0.9290 0.6940 0.1250
v -0.112269 -0.797841 0.152776 0.9290 0.6940 0.1250
v 0.041155 -0.037938 0.139238 0.9290 0.6940 0.1250
v -0.128514 -0.370057 0.192486 0.9290 0.6940 0.1250
v -0.170029 -0.797841 0.177143 0.9290 0.6940 0.1250
v 0.338077 0.254471 0.054404 0.9290 0.6940 0.1250
v 0.177432 -0.380887 0.066136 0.9290 0.6940 0.1250
v -0.004872 -0.517164 0.132018 0.9290 0.6940 0.1250
v -0.009384 -0.648026 0.122993 0.9290 0.6940 0.1250
v 0.222557 0.080289 0.085991 0.9290 0.6940 0.1250
v 0.144040 -0.557776 0.063429 0.9290 0.6940 0.1250
v 0.054693 -0.942240 0.078771 0.9290 0.6940 0.1250
v 0.264975 0.108267 0.072454 0.9290 0.6940 0.1250
v 0.156675 -0.297857 0.080576 0.9290 0.6940 0.1250
v 0.059205 -0.454892 0.110359 0.9290 0.6940 0.1250
v 0.217142 -0.613731 0.035451 0.9290 0.6940 0.1250
v 0.265877 -0.328542 0.042671 0.9290 0.6940 0.1250
v 0.248730 -0.039743 0.068844 0.9290 0.6940 0.1250
v 0.228875 -0.138115 0.066136 0.9290 0.6940 0.1250
v -0.065339 -0.834843 0.126603 0.9290 0.6940 0.1250
v 0.197287 -0.461209 0.050794 0.9290 0.6940 0.1250
v 0.274902 -0.592974 0.021914 0.9290 0.6940 0.1250
v -0.060827 -0.679613 0.137433 0.9290 0.6940 0.1250
v 0.223460 -0.477454 0.039964 0.9290 0.6940 0.1250
v 0.125088 -0.858308 0.054404 0.9290 0.6940 0.1250
v 0.153065 -0.593876 0.058916 0.9290 0.6940 0.1250
v 0.042058 -0.476551 0.113968 0.9290 0.6940 0.1250
v 0.263170 -0.082160 0.061624 0.9290 0.6940 0.1250
v 0.233387 -0.412474 0.048086 0.9290 0.6940 0.1250
v 0.195482 -0.933215 0.029134 0.9290 0.6940 0.1250
v 0.268585 -0.663368 0.018304 0.9290 0.6940 0.1250
v 0.052888 -0.427817 0.114871 0.9290 0.6940 0.1250
v 0.082670 0.280644 0.156386 0.9290 0.6940 0.1250
v -0.004872 -0.779791 0.113968 0.9290 0.6940 0.1250
v 0.332662 -0.082160 0.035451 0.9290 0.6940 0.1250
v 0.283927 0.086607 0.061624 0.9290 0.6940 0.1250
v 0.168408 -0.494601 0.064331 0.9290 0.6940 0.1250
v 0.202702 -0.011765 0.083284 0.9290 0.6940 0.1250
v 0.184652 -0.788816 0.040866 0.9290 0.6940 0.1250
v 0.376884 0.091119 0.030939 0.9290 0.6940 0.1250
v 0.101623 -0.390814 0.095919 0.9290 0.6940 0.1250
v -0.112269 -0.910653 0.142848 0.9290 0.6940 0.1250
v 0.268585 -0.128187 0.057111 0.9290 0.6940 0.1250
v 0.104330 0.119097 0.132018 0.9290 0.6940 0.1250
v -0.101439 -0.731056 0.152776 0.9290 0.6940 0.1250
v -0.198909 -0.818598 0.184363 0.9290 0.6940 0.1250
v 0.195482 -0.636294 0.043574 0.9290 0.6940 0.1250
v 0.099818 -0.606511 0.085089 0.9290 0.6940 0.1250
v -0.055412 -0.416987 0.149166 0.9290 0.6940 0.1250
v -0.201616 -0.718421 0.186168 0.9290 0.6940 0.1250
v -0.006677 -0.337567 0.136531 0.9290 0.6940 0.1250
v 0.124185 0.183174 0.132921 0.9290 0.6940 0.1250
v 0.320027 -0.278905 0.026426 0.9290 0.6940 0.1250
v -0.059022 -0.216632 0.163606 0.9290 0.6940 0.1250
v 0.156675 -0.980145 0.032744 0.9290 0.6940 0.1250
v -0.201616 -0.905238 0.181656 0.9290 0.6940 0.1250
v 0.130503 -0.245512 0.095016 0.9290 0.6940 0.1250
v 0.182847 -0.057793 0.088699 0.9290 0.6940 0.1250
v -0.039167 -0.637196 0.132018 0.9290 0.6940 0.1250
v -0.157394 -0.590266 0.180753 0.9290 0.6940 0.1250
v -0.023824 -0.175117 0.160898 0.9290 0.6940 0.1250
v 0.047473 -0.502724 0.108554 0.9290 0.6940 0.1250
v 0.250535 0.164222 0.082381 0.9290 0.6940 0.1250
v 0.116063 -0.463014 0.087796 0.9290 0.6940 0.1250
v 0.343492 0.124512 0.047184 0.9290 0.6940 0.1250
v 0.423814 0.163319 0.015596 0.9290 0.6940 0.1250
v -0.209739 -0.871845 0.183461 0.9290 0.6940 0.1250
v 0.069133 0.131732 0.141946 0.9290 0.6940 0.1250
v 0.015885 -0.640806 0.110359 0.9290 0.6940 0.1250
v 0.151260 -0.169702 0.091406 0.9290 0.6940 0.1250
v 0.021300 -0.282515 0.137433 0.9290 0.6940 0.1250
v -0.130319 -0.316809 0.191583 0.9290 0.6940 0.1250
v 0.217142 -0.331249 0.060721 0.9290 0.6940 0.1250
v 0.340785 -0.045158 0.034549 0.9290 0.6940 0.1250
v 0.105233 -0.093893 0.115773 0.9290 0.6940 0.1250
v -0.067144 -0.602901 0.148263 0.9290 0.6940 0.1250
v 0.225265 -0.641709 0.036354 0.9290 0.6940 0.1250
v -0.053607 -0.778888 0.122993 0.9290 0.6940 0.1250
v 0.080865 -0.308687 0.105846 0.9290 0.6940 0.1250
v 0.045668 -0.600194 0.102236 0.9290 0.6940 0.1250
v 0.016788 -0.360129 0.132921 0.9290 0.6940 0.1250
v 0.053790 -0.662466 0.092309 0.9290 0.6940 0.1250
v 0.208117 -0.950363 0.016499 0.9290 0.6940 0.1250
v 0.117868 0.212957 0.137433 0.9290 0.6940 0.1250
v -0.069852 -0.174215 0.173533 0.9290 0.6940 0.1250
v 0.192775 -0.690443 0.046281 0.9290 0.6940 0.1250
v -0.126709 -0.492796 0.172631 0.9290 0.6940 0.1250
v 0.232485 -0.785206 0.024621 0.9290 0.6940 0.1250
v 0.181042 -0.217535 0.080576 0.9290 0.6940 0.1250
v 0.049278 -0.787011 0.089601 0.9290 0.6940 0.1250
v -0.201616 -0.651636 0.197901 0.9290 0.6940 0.1250
v -0.018409 -0.308687 0.150068 0.9290 0.6940 0.1250
v -0.037362 0.019822 0.173533 0.9290 0.6940 0.1250
v 0.284830 -0.222047 0.039964 0.9290 0.6940 0.1250
v 0.017690 -0.120065 0.149166 0.9290 0.6940 0.1250
v 0.256852 -0.752716 0.014694 0.9290 0.6940 0.1250
v 0.058303 -0.074940 0.137433 0.9290 0.6940 0.1250
v 0.207215 0.057727 0.090504 0.9290 0.6940 0.1250
v -0.003067 -0.269880 0.146458 0.9290 0.6940 0.1250
v -0.055412 -0.873650 0.122993 0.9290 0.6940 0.1250
v 0.005055 -0.830330 0.104944 0.9290 0.6940 0.1250
v 0.188262 -0.583949 0.051696 0.9290 0.6940 0.1250
v -0.181761 -0.548751 0.195193 0.9290 0.6940 0.1250
v -0.074364 0.054117 0.195193 0.9290 0.6940 0.1250
v -0.046387 0.145269 0.192486 0.9290 0.6940 0.1250
v 0.108843 -0.574021 0.079674 0.9290 0.6940 0.1250
v -0.074364 -0.699468 0.138336 0.9290 0.6940 0.1250
v 0.132308 -0.501821 0.078771 0.9290 0.6940 0.1250
v -0.163712 -0.675101 0.176241 0.9290 0.6940 0.1250
v 0.220752 -0.908848 0.015596 0.9290 0.6940 0.1250
v 0.246022 -0.370057 0.049891 0.9290 0.6940 0.1250
v -0.080682 -0.131797 0.178948 0.9290 0.6940 0.1250
v 0.295660 0.224689 0.071551 0.9290 0.6940 0.1250
v 0.204507 -0.372764 0.063429 0.9290 0.6940 0.1250
v -0.005774 -0.917873 0.100431 0.9290 0.6940 0.1250
v 0.321832 -0.058695 0.039061 0.9290 0.6940 0.1250
v 0.439157 0.215664 0.011986 0.9290 0.6940 0.1250
v -0.099634 -0.853795 0.142848 0.9290 0.6940 0.1250
v -0.114977 -0.179630 0.187071 0.9290 0.6940 0.1250
v 0.277610 0.241836 0.080576 0.9290 0.6940 0.1250
v -0.220569 -0.815891 0.193388 0.9290 0.6940 0.1250
v 0.003250 -0.222047 0.146458 0.9290 0.6940 0.1250
v 0.083573 -0.780693 0.074259 0.9290 0.6940 0.1250
v -0.174541 -0.718421 0.179851 0.9290 0.6940 0.1250
v 0.246925 -0.240097 0.055306 0.9290 0.6940 0.1250
v 0.188262 -0.190460 0.081479 0.9290 0.6940 0.1250
v 0.420204 0.062239 0.011084 0.9290 0.6940 0.1250
v 0.355224 0.067654 0.036354 0.9290 0.6940 0.1250
v 0.001445 0.183174 0.180753 0.9290 0.6940 0.1250
v 0.258657 -0.019888 0.061624 0.9290 0.6940 0.1250
v 0.108843 0.163319 0.139238 0.9290 0.6940 0.1250
v -0.022019 -0.592071 0.128408 0.9290 0.6940 0.1250
v 0.345297 0.226494 0.047184 0.9290 0.6940 0.1250
v 0.047473 -0.398937 0.118481 0.9290 0.6940 0.1250
v -0.049997 -0.537921 0.142848 0.9290 0.6940 0.1250
v -0.067144 0.021627 0.191583 0.9290 0.6940 0.1250
v 0.200897 -0.163385 0.076064 0.9290 0.6940 0.1250
v 0.064620 -0.102918 0.130213 0.9290 0.6940 0.1250
v 0.059205 0.003577 0.142848 0.9290 0.6940 0.1250
v 0.251437 -0.278905 0.046281 0.9290 0.6940 0.1250
v 0.227972 -0.582144 0.030036 0.9290 0.6940 0.1250
v -0.015702 0.264399 0.187973 0.9290 0.6940 0.1250
v 0.173823 -0.603804 0.058916 0.9290 0.6940 0.1250
v 0.252340 -0.148042 0.059819 0.9290 0.6940 0.1250
v 0.218045 -0.539726 0.041769 0.9290 0.6940 0.1250
v 0.100720 -0.521676 0.086894 0.9290 0.6940 0.1250
v -0.105049 -0.478356 0.169021 0.9290 0.6940 0.1250
v 0.296562 -0.042450 0.052599 0.9290 0.6940 0.1250
v 0.199995 -0.075843 0.074259 0.9290 0.6940 0.1250
v -0.151979 -0.537921 0.178948 0.9290 0.6940 0.1250
v 0.327247 0.081192 0.048086 0.9290 0.6940 0.1250
v 0.095305 -0.827623 0.068844 0.9290 0.6940 0.1250
v 0.328150 -0.189557 0.030939 0.9290 0.6940 0.1250
v 0.070035 -0.716616 0.090504 0.9290 0.6940 0.1250
v -0.003969 0.290571 0.189778 0.9290 0.6940 0.1250
v -0.059022 -0.934118 0.124798 0.9290 0.6940 0.1250
v 0.012275 0.270716 0.177143 0.9290 0.6940 0.1250
v 0.181945 -0.555069 0.058014 0.9290 0.6940 0.1250
v 0.298367 -0.168800 0.039964 0.9290 0.6940 0.1250
v 0.169310 -0.876358 0.039964 0.9290 0.6940 0.1250
v 0.226167 -0.721128 0.022816 0.9290 0.6940 0.1250
v 0.116063 -0.341177 0.096821 0.9290 0.6940 0.1250
v 0.181945 -0.080355 0.090504 0.9290 0.6940 0.1250
v 0.211727 -0.777986 0.030036 0.9290 0.6940 0.1250
v -0.015702 -0.838453 0.115773 0.9290 0.6940 0.1250
v 0.277610 0.141659 0.071551 0.9290 0.6940 0.1250
v -0.126709 -0.217535 0.193388 0.9290 0.6940 0.1250
v -0.119489 -0.766253 0.155483 0.9290 0.6940 0.1250
v 0.151260 -0.729251 0.056209 0.9290 0.6940 0.1250
v 0.242412 0.206639 0.086894 0.9290 0.6940 0.1250
v 0.063718 -0.686833 0.090504 0.9290 0.6940 0.1250
v 0.036643 -0.205802 0.137433 0.9290 0.6940 0.1250
v 0.141333 -0.622756 0.061624 0.9290 0.6940 0.1250
v -0.017507 0.315841 0.196998 0.9290 0.6940 0.1250
v 0.347102 -0.258147 0.010181 0.9290 0.6940 0.1250
v -0.008482 -0.415182 0.132921 0.9290 0.6940 0.1250
v -0.026532 -0.256342 0.147361 0.9290 0.6940 0.1250
v -0.011189 -0.031620 0.164508 0.9290 0.6940 0.1250
v 0.045668 -0.017180 0.147361 0.9290 0.6940 0.1250
v 0.096208 -0.250025 0.110359 0.9290 0.6940 0.1250
v 0.262267 -0.717518 0.015596 0.9290 0.6940 0.1250
v 0.126893 -0.887188 0.053501 0.9290 0.6940 0.1250
v 0.104330 -0.763546 0.072454 0.9290 0.6940 0.1250
v 0.018593 -0.706688 0.098626 0.9290 0.6940 0.1250
v 0.162090 -0.466624 0.071551 0.9290 0.6940 0.1250
v 0.201800 -0.822208 0.031841 0.9290 0.6940 0.1250
v 0.090793 -0.221145 0.113968 0.9290 0.6940 0.1250
v 0.130503 -0.000935 0.113066 0.9290 0.6940 0.1250
v 0.076353 -0.286125 0.112164 0.9290 0.6940 0.1250
v -0.086097 -0.891700 0.128408 0.9290 0.6940 0.1250
v 0.159383 0.083899 0.104944 0.9290 0.6940 0.1250
v 0.223460 -0.358324 0.055306 0.9290 0.6940 0.1250
v 0.083573 -0.924190 0.074259 0.9290 0.6940 0.1250
v 0.142235 -0.836648 0.056209 0.9290 0.6940 0.1250
v 0.223460 0.018920 0.076064 0.9290 0.6940 0.1250
v 0.218947 0.119097 0.088699 0.9290 0.6940 0.1250
v 0.179237 -0.254537 0.078771 0.9290 0.6940 0.1250
v 0.002348 -0.141725 0.146458 0.9290 0.6940 0.1250
v 0.242412 0.072167 0.078771 0.9290 0.6940 0.1250
v 0.408472 0.209347 0.020109 0.9290 0.6940 0.1250
v -0.119489 -0.513554 0.174436 0.9290 0.6940 0.1250
v -0.059022 0.101949 0.188876 0.9290 0.6940 0.1250
v 0.010470 -0.088478 0.154581 0.9290 0.6940 0.1250
v -0.054509 -0.659758 0.130213 0.9290 0.6940 0.1250
v -0.038264 -0.213022 0.156386 0.9290 0.6940 0.1250
v 0.205410 -0.749106 0.035451 0.9290 0.6940 0.1250
v -0.076169 -0.454892 0.161801 0.9290 0.6940 0.1250
v 0.070035 0.241836 0.157288 0.9290 0.6940 0.1250
v 0.313710 -0.333054 0.025524 0.9290 0.6940 0.1250
v 0.138625 0.251764 0.132018 0.9290 0.6940 0.1250
v 0.267682 -0.562289 0.026426 0.9290 0.6940 0.1250
v 0.353419 -0.301467 0.007474 0.9290 0.6940 0.1250
v -0.004872 0.212054 0.187071 0.9290 0.6940 0.1250
v 0.301977 0.183174 0.058916 0.9290 0.6940 0.1250
v 0.134113 0.046897 0.117578 0.9290 0.6940 0.1250
v 0.382299 0.231909 0.037256 0.9290 0.6940 0.1250
v -0.003067 0.079387 0.169923 0.9290 0.6940 0.1250
v 0.072743 0.091119 0.143751 0.9290 0.6940 0.1250
v 0.155773 -0.892603 0.044476 0.9290 0.6940 0.1250
v 0.014080 -0.868235 0.101334 0.9290 0.6940 0.1250
v 0.385909 0.132634 0.026426 0.9290 0.6940 0.1250
v -0.176346 -0.504529 0.197901 0.9290 0.6940 0.1250
v 0.255950 -0.613731 0.017401 0.9290 0.6940 0.1250
v 0.287537 0.009895 0.057111 0.9290 0.6940 0.1250
v 0.310100 -0.412474 0.021914 0.9290 0.6940 0.1250
v 0.382299 0.157904 0.033646 0.9290 0.6940 0.1250
v 0.063718 0.269814 0.160898 0.9290 0.6940 0.1250
v 0.263170 -0.635391 0.016499 0.9290 0.6940 0.1250
v 0.013178 -0.568606 0.111261 0.9290 0.6940 0.1250
v 0.019495 -0.896213 0.092309 0.9290 0.6940 0.1250
v -0.086097 -0.295150 0.169021 0.9290 0.6940 0.1250
v 0.117868 -0.263562 0.100431 0.9290 0.6940 0.1250
v 0.015885 -0.766253 0.108554 0.9290 0.6940 0.1250
v 0.238802 -0.666076 0.030939 0.9290 0.6940 0.1250
v 0.161188 -0.545141 0.062526 0.9290 0.6940 0.1250
v 0.312807 -0.250025 0.031841 0.9290 0.6940 0.1250
v -0.106854 -0.147140 0.193388 0.9290 0.6940 0.1250
v -0.095122 -0.258147 0.174436 0.9290 0.6940 0.1250
v -0.049094 -0.254537 0.155483 0.9290 0.6940 0.1250
v 0.033033 -0.645319 0.098626 0.9290 0.6940 0.1250
v -0.023824 -0.693151 0.127506 0.9290 0.6940 0.1250
v -0.182664 -0.589364 0.189778 0.9290 0.6940 0.1250
v 0.150358 0.119999 0.110359 0.9290 0.6940 0.1250
v 0.090793 -0.151652 0.113066 0.9290 0.6940 0.1250
v -0.063534 -0.100210 0.178948 0.9290 0.6940 0.1250
v -0.085194 -0.518066 0.160898 0.9290 0.6940 0.1250
v 0.060108 -0.560484 0.101334 0.9290 0.6940 0.1250
v 0.238802 -0.624561 0.027329 0.9290 0.6940 0.1250
v 0.129600 0.203029 0.122993 0.9290 0.6940 0.1250
v 0.009568 -0.737373 0.109456 0.9290 0.6940 0.1250
v -0.098732 -0.639001 0.154581 0.9290 0.6940 0.1250
v -0.036459 0.105559 0.182558 0.9290 0.6940 0.1250
v 0.019495 -0.481966 0.120286 0.9290 0.6940 0.1250
v 0.296562 0.154294 0.064331 0.9290 0.6940 0.1250
v 0.220752 -0.001838 0.079674 0.9290 0.6940 0.1250
v 0.142235 -0.703981 0.057111 0.9290 0.6940 0.1250
v 0.183750 -0.715713 0.039061 0.9290 0.6940 0.1250
v 0.053790 -0.167897 0.130213 0.9290 0.6940 0.1250
v 0.112453 -0.411572 0.093211 0.9290 0.6940 0.1250
v 0.261365 -0.533409 0.029134 0.9290 0.6940 0.1250
v 0.257755 -0.696761 0.019206 0.9290 0.6940 0.1250
v 0.042058 -0.233780 0.130213 0.9290 0.6940 0.1250
v 0.139528 -0.796938 0.054404 0.9290 0.6940 0.1250
v -0.082487 -0.219340 0.178046 0.9290 0.6940 0.1250
v 0.389519 0.032457 0.021011 0.9290 0.6940 0.1250
v -0.004872 -0.163385 0.150971 0.9290 0.6940 0.1250
v 0.186457 -0.002740 0.092309 0.9290 0.6940 0.1250
v 0.372372 -0.188655 0.006571 0.9290 0.6940 0.1250
v 0.199092 -0.260855 0.060721 0.9290 0.6940 0.1250
v 0.338077 -0.317712 0.015596 0.9290 0.6940 0.1250
v 0.039350 0.148879 0.158191 0.9290 0.6940 0.1250
v 0.317320 -0.139920 0.030939 0.9290 0.6940 0.1250
v 0.067328 -0.208510 0.122993 0.9290 0.6940 0.1250
v 0.248730 -0.067720 0.060721 0.9290 0.6940 0.1250
v -0.104147 -0.936825 0.143751 0.9290 0.6940 0.1250
v -0.114074 -0.699468 0.159093 0.9290 0.6940 0.1250
v 0.188262 -0.435939 0.067039 0.9290 0.6940 0.1250
v 0.248730 -0.456697 0.036354 0.9290 0.6940 0.1250
v -0.040972 -0.502724 0.144653 0.9290 0.6940 0.1250
v -0.041874 -0.719323 0.127506 0.9290 0.6940 0.1250
v 0.184652 0.252666 0.113968 0.9290 0.6940 0.1250
v 0.199092 -0.319517 0.067039 0.9290 0.6940 0.1250
v 0.028520 -0.416987 0.122091 0.9290 0.6940 0.1250
v -0.008482 0.140757 0.178948 0.9290 0.6940 0.1250
v 0.373274 0.190394 0.037256 0.9290 0.6940 0.1250
v -0.151979 -0.849283 0.156386 0.9290 0.6940 0.1250
v 0.007763 -0.935020 0.095919 0.9290 0.6940 0.1250
v 0.135918 -0.348397 0.088699 0.9290 0.6940 0.1250
v 0.200897 0.085704 0.095016 0.9290 0.6940 0.1250
v 0.394934 0.082094 0.017401 0.9290 0.6940 0.1250
v 0.405764 0.121804 0.019206 0.9290 0.6940 0.1250
v 0.146748 -0.010863 0.106749 0.9290 0.6940 0.1250
v -0.101439 -0.339372 0.176241 0.9290 0.6940 0.1250
v 0.176530 -0.900725 0.032744 0.9290 0.6940 0.1250
v 0.135918 -0.200387 0.099529 0.9290 0.6940 0.1250
v 0.250535 0.238226 0.089601 0.9290 0.6940 0.1250
v 0.272195 -0.238292 0.047184 0.9290 0.6940 0.1250
v 0.120575 -0.944948 0.052599 0.9290 0.6940 0.1250
v 0.136820 -0.774376 0.055306 0.9290 0.6940 0.1250
v -0.031947 0.061337 0.176241 0.9290 0.6940 0.1250
v 0.038448 0.242739 0.169021 0.9290 0.6940 0.1250
v 0.084475 0.036970 0.134726 0.9290 0.6940 0.1250
v -0.039167 -0.295150 0.154581 0.9290 0.6940 0.1250
v -0.205226 -0.679613 0.192486 0.9290 0.6940 0.1250
v 0.089890 -0.952168 0.068844 0.9290 0.6940 0.1250
v 0.190067 -0.993683 0.024621 0.9290 0.6940 0.1250
v 0.178335 0.283351 0.117578 0.9290 0.6940 0.1250
v 0.197287 0.196712 0.104944 0.9290 0.6940 0.1250
v 0.264975 0.164222 0.068844 0.9290 0.6940 0.1250
v 0.111550 -0.549654 0.085089 0.9290 0.6940 0.1250
v 0.329955 0.184077 0.051696 0.9290 0.6940 0.1250
v 0.076353 0.224689 0.147361 0.9290 0.6940 0.1250
v 0.208117 -0.503626 0.047184 0.9290 0.6940 0.1250
v -0.167322 -0.431427 0.193388 0.9290 0.6940 0.1250
v 0.170213 -0.676003 0.053501 0.9290 0.6940 0.1250
v 0.229777 -0.037035 0.073356 0.9290 0.6940 0.1250
v 0.150358 -0.502724 0.070649 0.9290 0.6940 0.1250
v 0.246022 -0.328542 0.043574 0.9290 0.6940 0.1250
v 0.043863 -0.686833 0.092309 0.9290 0.6940 0.1250
v 0.144040 0.095632 0.116676 0.9290 0.6940 0.1250
v 0.115160 0.135342 0.132921 0.9290 0.6940 0.1250
v -0.003969 -0.800548 0.106749 0.9290 0.6940 0.1250
v -0.231399 -0.879065 0.191583 0.9290 0.6940 0.1250
v 0.054693 -0.148945 0.134726 0.9290 0.6940 0.1250
v -0.023824 -0.898018 0.105846 0.9290 0.6940 0.1250
v 0.109745 -0.067720 0.120286 0.9290 0.6940 0.1250
v 0.092598 -0.324029 0.107651 0.9290 0.6940 0.1250
v 0.283927 -0.335762 0.032744 0.9290 0.6940 0.1250
v 0.235192 -0.495504 0.040866 0.9290 0.6940 0.1250
v 0.113355 -0.323127 0.090504 0.9290 0.6940 0.1250
v -0.044582 -0.456697 0.144653 0.9290 0.6940 0.1250
v 0.226167 -0.281612 0.061624 0.9290 0.6940 0.1250
v 0.135918 -0.964803 0.048989 0.9290 0.6940 0.1250
v -0.094219 -0.429622 0.169021 0.9290 0.6940 0.1250
v 0.070938 -0.866430 0.076966 0.9290 0.6940 0.1250
v -0.043679 -0.341177 0.154581 0.9290 0.6940 0.1250
v 0.140430 -0.079453 0.105846 0.9290 0.6940 0.1250
v 0.223460 -0.458502 0.049891 0.9290 0.6940 0.1250
v 0.078158 -0.178727 0.122993 0.9290 0.6940 0.1250
v 0.066425 -0.648026 0.092309 0.9290 0.6940 0.1250
v -0.120392 -0.895310 0.150971 0.9290 0.6940 0.1250
v 0.019495 -0.139017 0.138336 0.9290 0.6940 0.1250
v 0.110648 -0.686833 0.074259 0.9290 0.6940 0.1250
v -0.090609 -0.092088 0.183461 0.9290 0.6940 0.1250
v 0.135015 -0.662466 0.061624 0.9290 0.6940 0.1250
v -0.137539 -0.427817 0.184363 0.9290 0.6940 0.1250
v 0.223460 -0.229267 0.061624 0.9290 0.6940 0.1250
v -0.016604 0.176857 0.180753 0.9290 0.6940 0.1250
v -0.010287 0.240031 0.187973 0.9290 0.6940 0.1250
v 0.007763 -0.664271 0.106749 0.9290 0.6940 0.1250
v -0.151979 -0.571314 0.177143 0.9290 0.6940 0.1250
v 0.016788 0.022530 0.159093 0.9290 0.6940 0.1250
v 0.265877 -0.408864 0.033646 0.9290 0.6940 0.1250
v 0.165700 -0.856503 0.044476 0.9290 0.6940 0.1250
v 0.065523 -0.245512 0.120286 0.9290 0.6940 0.1250
v -0.106854 -0.572216 0.164508 0.9290 0.6940 0.1250
v -0.156492 -0.901628 0.157288 0.9290 0.6940 0.1250
v 0.176530 0.200322 0.111261 0.9290 0.6940 0.1250
v 0.216240 0.262594 0.097724 0.9290 0.6940 0.1250
v 0.338077 0.154294 0.043574 0.9290 0.6940 0.1250
v 0.055595 0.124512 0.152776 0.9290 0.6940 0.1250
v 0.107940 0.101047 0.126603 0.9290 0.6940 0.1250
v 0.278512 -0.268075 0.042671 0.9290 0.6940 0.1250
v 0.181945 -0.732861 0.046281 0.9290 0.6940 0.1250
v 0.030325 -0.107430 0.138336 0.9290 0.6940 0.1250
v 0.089890 -0.418792 0.093211 0.9290 0.6940 0.1250
v 0.201800 0.009895 0.087796 0.9290 0.6940 0.1250
v 0.182847 0.049605 0.099529 0.9290 0.6940 0.1250
v 0.286635 -0.504529 0.019206 0.9290 0.6940 0.1250
v 0.009568 0.231909 0.180753 0.9290 0.6940 0.1250
v -0.148369 -0.463917 0.184363 0.9290 0.6940 0.1250
v 0.282122 -0.202192 0.044476 0.9290 0.6940 0.1250
v -0.189884 -0.833038 0.174436 0.9290 0.6940 0.1250
v 0.052888 0.031555 0.148263 0.9290 0.6940 0.1250
v 0.195482 -0.143530 0.076966 0.9290 0.6940 0.1250
v 0.029423 -0.176020 0.140141 0.9290 0.6940 0.1250
v 0.002348 -0.194070 0.149166 0.9290 0.6940 0.1250
v 0.253242 -0.097503 0.058916 0.9290 0.6940 0.1250
v 0.094403 -0.504529 0.089601 0.9290 0.6940 0.1250
v 0.252340 -0.398034 0.045379 0.9290 0.6940 0.1250
v 0.046570 0.210249 0.165411 0.9290 0.6940 0.1250
v 0.085378 -0.538824 0.091406 0.9290 0.6940 0.1250
v 0.282122 0.261691 0.072454 0.9290 0.6940 0.1250
v 0.157578 0.284254 0.127506 0.9290 0.6940 0.1250
v -0.085194 -0.479259 0.158191 0.9290 0.6940 0.1250
v 0.284830 -0.065915 0.049891 0.9290 0.6940 0.1250
v -0.082487 -0.815891 0.141043 0.9290 0.6940 0.1250
v -0.162809 -0.880870 0.163606 0.9290 0.6940 0.1250
v 0.029423 0.200322 0.165411 0.9290 0.6940 0.1250
v -0.042777 -0.068623 0.170826 0.9290 0.6940 0.1250
v 0.169310 -0.650733 0.053501 0.9290 0.6940 0.1250
v 0.315515 -0.203997 0.030939 0.9290 0.6940 0.1250
v 0.117868 -0.114650 0.109456 0.9290 0.6940 0.1250
v 0.166603 -0.788816 0.038159 0.9290 0.6940 0.1250
v 0.034838 -0.722031 0.099529 0.9290 0.6940 0.1250
v -0.185371 -0.757228 0.178948 0.9290 0.6940 0.1250
v 0.009568 -0.329444 0.135628 0.9290 0.6940 0.1250
v 0.082670 -0.586656 0.089601 0.9290 0.6940 0.1250
v -0.062632 0.086607 0.197901 0.9290 0.6940 0.1250
v 0.234290 -0.183240 0.064331 0.9290 0.6940 0.1250
v 0.133210 -0.047865 0.109456 0.9290 0.6940 0.1250
v -0.081584 -0.685028 0.146458 0.9290 0.6940 0.1250
v 0.322735 0.100144 0.041769 0.9290 0.6940 0.1250
v 0.133210 -0.740081 0.064331 0.9290 0.6940 0.1250
v 0.146748 -0.153457 0.097724 0.9290 0.6940 0.1250
v 0.049278 -0.306882 0.121188 0.9290 0.6940 0.1250
v 0.160285 -0.386302 0.076064 0.9290 0.6940 0.1250
v 0.048375 -0.823111 0.079674 0.9290 0.6940 0.1250
v 0.116965 0.064947 0.120286 0.9290 0.6940 0.1250
v -0.023824 0.298694 0.201511 0.9290 0.6940 0.1250
v 0.166603 -0.936825 0.037256 0.9290 0.6940 0.1250
v 0.114258 -0.916068 0.057111 0.9290 0.6940 0.1250
v -0.055412 -0.293345 0.161801 0.9290 0.6940 0.1250
v 0.274000 -0.295150 0.036354 0.9290 0.6940 0.1250
v 0.024008 -0.459404 0.114871 0.9290 0.6940 0.1250
v 0.395837 0.173247 0.030036 0.9290 0.6940 0.1250
v 0.004153 -0.379082 0.132018 0.9290 0.6940 0.1250
v -0.015702 -0.761741 0.116676 0.9290 0.6940 0.1250
v 0.084475 -0.111943 0.123896 0.9290 0.6940 0.1250
v 0.190067 -0.278905 0.069746 0.9290 0.6940 0.1250
v 0.053790 -0.728348 0.088699 0.9290 0.6940 0.1250
v -0.207031 -0.700371 0.192486 0.9290 0.6940 0.1250
v 0.177432 -0.619146 0.050794 0.9290 0.6940 0.1250
v 0.351615 -0.168800 0.025524 0.9290 0.6940 0.1250
v 0.389519 0.015310 0.016499 0.9290 0.6940 0.1250
v -0.188981 -0.616439 0.189778 0.9290 0.6940 0.1250
v -0.002164 -0.624561 0.114871 0.9290 0.6940 0.1250
v 0.203605 0.166027 0.102236 0.9290 0.6940 0.1250
v 0.252340 0.192199 0.085089 0.9290 0.6940 0.1250
v -0.016604 -0.108333 0.171728 0.9290 0.6940 0.1250
v -0.047289 -0.401644 0.151873 0.9290 0.6940 0.1250
v 0.162993 0.007187 0.104041 0.9290 0.6940 0.1250
v 0.104330 0.232811 0.137433 0.9290 0.6940 0.1250
v 0.085378 -0.851990 0.069746 0.9290 0.6940 0.1250
v 0.186457 -0.492796 0.053501 0.9290 0.6940 0.1250
v 0.022203 -0.537019 0.113968 0.9290 0.6940 0.1250
v 0.352517 -0.082160 0.024621 0.9290 0.6940 0.1250
v -0.087902 -0.398034 0.170826 0.9290 0.6940 0.1250
v -0.065339 -0.378179 0.157288 0.9290 0.6940 0.1250
v -0.011189 -0.500919 0.132018 0.9290 0.6940 0.1250
v 0.028520 -0.747301 0.095016 0.9290 0.6940 0.1250
v 0.059205 0.171442 0.149166 0.9290 0.6940 0.1250
v -0.070754 -0.873650 0.131116 0.9290 0.6940 0.1250
v -0.144759 -0.914263 0.159093 0.9290 0.6940 0.1250
v 0.207215 -0.924190 0.020109 0.9290 0.6940 0.1250
v 0.064620 0.064044 0.139238 0.9290 0.6940 0.1250
v 0.302880 0.128122 0.059819 0.9290 0.6940 0.1250
v -0.018409 -0.375472 0.138336 0.9290 0.6940 0.1250
v -0.129417 -0.569509 0.170826 0.9290 0.6940 0.1250
v 0.229777 0.133537 0.086894 0.9290 0.6940 0.1250
v 0.048375 -0.519871 0.106749 0.9290 0.6940 0.1250
v 0.164798 -0.407962 0.070649 0.9290 0.6940 0.1250
v 0.055595 -0.360129 0.116676 0.9290 0.6940 0.1250
v 0.255047 -0.503626 0.033646 0.9290 0.6940 0.1250
v 0.162090 -0.318614 0.081479 0.9290 0.6940 0.1250
v -0.048192 -0.472942 0.149166 0.9290 0.6940 0.1250
v 0.219850 -0.155262 0.067941 0.9290 0.6940 0.1250
v 0.245120 0.036970 0.073356 0.9290 0.6940 0.1250
v -0.051802 -0.749106 0.132921 0.9290 0.6940 0.1250
v 0.139528 -0.373667 0.082381 0.9290 0.6940 0.1250
v 0.007763 0.155197 0.174436 0.9290 0.6940 0.1250
v -0.147467 -0.408864 0.191583 0.9290 0.6940 0.1250
v 0.173823 -0.981048 0.032744 0.9290 0.6940 0.1250
v 0.321832 0.040580 0.046281 0.9290 0.6940 0.1250
v 0.378689 -0.153457 0.010181 0.9290 0.6940 0.1250
v 0.129600 -0.318614 0.093211 0.9290 0.6940 0.1250
v -0.064437 -0.324932 0.164508 0.9290 0.6940 0.1250
v 0.094403 -0.713908 0.078771 0.9290 0.6940 0.1250
v 0.171115 0.150684 0.106749 0.9290 0.6940 0.1250
v 0.064620 -0.384497 0.106749 0.9290 0.6940 0.1250
v -0.069852 -0.895310 0.124798 0.9290 0.6940 0.1250
v 0.316417 -0.346592 0.015596 0.9290 0.6940 0.1250
v 0.236095 -0.288832 0.049891 0.9290 0.6940 0.1250
v 0.308295 0.167832 0.062526 0.9290 0.6940 0.1250
v -0.162809 -0.807768 0.165411 0.9290 0.6940 0.1250
v 0.176530 -0.845673 0.037256 0.9290 0.6940 0.1250
v -0.023824 -0.791523 0.115773 0.9290 0.6940 0.1250
v 0.116063 -0.972925 0.050794 0.9290 0.6940 0.1250
v -0.073462 -0.157970 0.177143 0.9290 0.6940 0.1250
v -0.136637 -0.453087 0.178046 0.9290 0.6940 0.1250
v 0.315515 0.069459 0.052599 0.9290 0.6940 0.1250
v 0.361542 0.082997 0.033646 0.9290 0.6940 0.1250
v -0.041874 -0.426914 0.149166 0.9290 0.6940 0.1250
v 0.292050 -0.440452 0.020109 0.9290 0.6940 0.1250
v 0.188262 -0.422402 0.057111 0.9290 0.6940 0.1250
v -0.040972 -0.096600 0.173533 0.9290 0.6940 0.1250
v 0.208117 -0.851990 0.027329 0.9290 0.6940 0.1250
v -0.054509 0.116389 0.196096 0.9290 0.6940 0.1250
v 0.187360 0.110072 0.099529 0.9290 0.6940 0.1250
v 0.139528 0.164222 0.117578 0.9290 0.6940 0.1250
v 0.214435 0.027945 0.086894 0.9290 0.6940 0.1250
v -0.137539 -0.726543 0.162703 0.9290 0.6940 0.1250
v 0.157578 -0.758131 0.053501 0.9290 0.6940 0.1250
v 0.156675 -0.616439 0.063429 0.9290 0.6940 0.1250
v 0.207215 -0.194972 0.075161 0.9290 0.6940 0.1250
v -0.146564 -0.821306 0.163606 0.9290 0.6940 0.1250
v 0.220752 -0.124577 0.071551 0.9290 0.6940 0.1250
v 0.048375 0.277936 0.168118 0.9290 0.6940 0.1250
v -0.034654 -0.680516 0.126603 0.9290 0.6940 0.1250
v 0.147650 -0.111943 0.102236 0.9290 0.6940 0.1250
v -0.018409 -0.459404 0.139238 0.9290 0.6940 0.1250
v 0.019495 -0.066818 0.146458 0.9290 0.6940 0.1250
v 0.255047 0.270716 0.087796 0.9290 0.6940 0.1250
v 0.290245 -0.143530 0.042671 0.9290 0.6940 0.1250
v 0.074548 -0.809573 0.076064 0.9290 0.6940 0.1250
v -0.075267 -0.714811 0.144653 0.9290 0.6940 0.1250
v 0.149455 -0.407059 0.080576 0.9290 0.6940 0.1250
v 0.282122 -0.401644 0.024621 0.9290 0.6940 0.1250
v 0.243315 -0.558679 0.027329 0.9290 0.6940 0.1250
v 0.348907 0.177759 0.041769 0.9290 0.6940 0.1250
v 0.014983 0.123609 0.169923 0.9290 0.6940 0.1250
v 0.325442 -0.227462 0.024621 0.9290 0.6940 0.1250
v -0.157394 -0.610121 0.171728 0.9290 0.6940 0.1250
v 0.294757 -0.379082 0.024621 0.9290 0.6940 0.1250
v 0.306490 -0.301467 0.029134 0.9290 0.6940 0.1250
v -0.127612 -0.690443 0.161801 0.9290 0.6940 0.1250
v 0.308295 0.145269 0.057111 0.9290 0.6940 0.1250
v 0.359737 -0.133602 0.021011 0.9290 0.6940 0.1250
v 0.087183 0.183174 0.140141 0.9290 0.6940 0.1250
v 0.253242 -0.594779 0.022816 0.9290 0.6940 0.1250
v 0.334467 -0.262660 0.021914 0.9290 0.6940 0.1250
v 0.098013 -0.734666 0.076064 0.9290 0.6940 0.1250
v 0.266780 0.061337 0.061624 0.9290 0.6940 0.1250
v 0.327247 0.013505 0.041769 0.9290 0.6940 0.1250
v 0.283927 0.213859 0.075161 0.9290 0.6940 0.1250
v 0.033033 -0.694053 0.102236 0.9290 0.6940 0.1250
v 0.296562 -0.530701 0.017401 0.9290 0.6940 0.1250
v 0.137723 -0.185045 0.094114 0.9290 0.6940 0.1250
v 0.352517 0.051410 0.035451 0.9290 0.6940 0.1250
v 0.033935 -0.265367 0.123896 0.9290 0.6940 0.1250
v 0.274000 0.181369 0.075161 0.9290 0.6940 0.1250
v -0.110464 -0.403449 0.184363 0.9290 0.6940 0.1250
v -0.017507 -0.293345 0.144653 0.9290 0.6940 0.1250
v -0.136637 -0.335762 0.186168 0.9290 0.6940 0.1250
v -0.095122 -0.716616 0.142848 0.9290 0.6940 0.1250
v 0.350712 0.211152 0.047184 0.9290 0.6940 0.1250
v 0.169310 -0.815891 0.042671 0.9290 0.6940 0.1250
v -0.188981 -0.912458 0.174436 0.9290 0.6940 0.1250
v 0.125990 -0.594779 0.073356 0.9290 0.6940 0.1250
v 0.209922 0.138049 0.097724 0.9290 0.6940 0.1250
v 0.092598 -0.884480 0.067941 0.9290 0.6940 0.1250
v 0.226167 -0.769863 0.019206 0.9290 0.6940 0.1250
v -0.086097 -0.074940 0.189778 0.9290 0.6940 0.1250
v -0.114074 -0.283417 0.187973 0.9290 0.6940 0.1250
v 0.268585 0.210249 0.079674 0.9290 0.6940 0.1250
v 0.070938 -0.005448 0.136531 0.9290 0.6940 0.1250
v -0.163712 -0.522579 0.185266 0.9290 0.6940 0.1250
v -0.220569 -0.783401 0.191583 0.9290 0.6940 0.1250
v -0.021117 0.019822 0.164508 0.9290 0.6940 0.1250
v 0.294757 0.045995 0.049891 0.9290 0.6940 0.1250
v 0.276707 0.021627 0.055306 0.9290 0.6940 0.1250
v 0.209922 -0.307784 0.065234 0.9290 0.6940 0.1250
v 0.403057 0.068557 0.014694 0.9290 0.6940 0.1250
v 0.332662 -0.002740 0.035451 0.9290 0.6940 0.1250
v -0.016604 -0.063208 0.158191 0.9290 0.6940 0.1250
v 0.030325 -0.037035 0.150971 0.9290 0.6940 0.1250
v 0.059205 -0.750911 0.084186 0.9290 0.6940 0.1250
v -0.035557 -0.531604 0.140141 0.9290 0.6940 0.1250
v 0.328150 0.119097 0.047184 0.9290 0.6940 0.1250
v 0.038448 -0.323127 0.125701 0.9290 0.6940 0.1250
v -0.062632 -0.771668 0.135628 0.9290 0.6940 0.1250
v -0.080682 -0.281612 0.175338 0.9290 0.6940 0.1250
v -0.022019 -0.810476 0.120286 0.9290 0.6940 0.1250
v 0.048375 -0.913360 0.084186 0.9290 0.6940 0.1250
v 0.235192 0.001772 0.074259 0.9290 0.6940 0.1250
v -0.086097 -0.753618 0.142848 0.9290 0.6940 0.1250
v 0.230680 -0.834843 0.020109 0.9290 0.6940 0.1250
v 0.388617 0.205737 0.030939 0.9290 0.6940 0.1250
v 0.061913 -0.118260 0.127506 0.9290 0.6940 0.1250
v -0.048192 -0.172410 0.160898 0.9290 0.6940 0.1250
v -0.059924 -0.499114 0.149166 0.9290 0.6940 0.1250
v 0.345297 -0.097503 0.026426 0.9290 0.6940 0.1250
v 0.064620 -0.838453 0.083284 0.9290 0.6940 0.1250
v 0.160285 -0.907043 0.039964 0.9290 0.6940 0.1250
v 0.088988 0.154294 0.143751 0.9290 0.6940 0.1250
v -0.144759 -0.628171 0.170826 0.9290 0.6940 0.1250
v 0.123283 -0.774376 0.063429 0.9290 0.6940 0.1250
v 0.184652 -0.814988 0.039061 0.9290 0.6940 0.1250
v 0.127795 -0.805963 0.059819 0.9290 0.6940 0.1250
v 0.218947 -0.806866 0.023719 0.9290 0.6940 0.1250
v 0.212630 0.218372 0.096821 0.9290 0.6940 0.1250
v -0.074364 -0.338469 0.162703 0.9290 0.6940 0.1250
v 0.084475 -0.012668 0.125701 0.9290 0.6940 0.1250
v -0.009384 -0.866430 0.111261 0.9290 0.6940 0.1250
v -0.107757 -0.620951 0.158191 0.9290 0.6940 0.1250
v 0.014080 0.286059 0.179851 0.9290 0.6940 0.1250
v 0.358834 0.138952 0.033646 0.9290 0.6940 0.1250
v 0.201800 -0.963900 0.021011 0.9290 0.6940 0.1250
v 0.191872 -0.525286 0.053501 0.9290 0.6940 0.1250
v 0.077255 -0.896213 0.076064 0.9290 0.6940 0.1250
v 0.205410 -0.602901 0.040866 0.9290 0.6940 0.1250
v 0.259560 -0.178727 0.053501 0.9290 0.6940 0.1250
v 0.169310 -0.354714 0.073356 0.9290 0.6940 0.1250
v -0.024727 -0.947655 0.109456 0.9290 0.6940 0.1250
v 0.274000 -0.464819 0.029134 0.9290 0.6940 0.1250
v 0.149455 -0.970218 0.043574 0.9290 0.6940 0.1250
v 0.134113 -0.564996 0.075161 0.9290 0.6940 0.1250
v 0.148553 -0.341177 0.083284 0.9290 0.6940 0.1250
v 0.255950 -0.368252 0.038159 0.9290 0.6940 0.1250
v -0.041874 0.008090 0.182558 0.9290 0.6940 0.1250
v 0.110648 -0.652538 0.075161 0.9290 0.6940 0.1250
v -0.100537 -0.600194 0.162703 0.9290 0.6940 0.1250
v -0.008482 -0.115553 0.159093 0.9290 0.6940 0.1250
v 0.084475 -0.570411 0.092309 0.9290 0.6940 0.1250
v 0.052888 -0.867333 0.083284 0.9290 0.6940 0.1250
v 0.046570 0.061337 0.151873 0.9290 0.6940 0.1250
v 0.213532 -0.698566 0.037256 0.9290 0.6940 0.1250
v 0.108843 0.284254 0.139238 0.9290 0.6940 0.1250
v 0.036643 -0.431427 0.120286 0.9290 0.6940 0.1250
v 0.009568 -0.102015 0.147361 0.9290 0.6940 0.1250
v -0.012994 -0.194070 0.148263 0.9290 0.6940 0.1250
v 0.310100 0.262594 0.068844 0.9290 0.6940 0.1250
v -0.213349 -0.857405 0.179851 0.9290 0.6940 0.1250
v 0.352517 -0.037035 0.029134 0.9290 0.6940 0.1250
v -0.068949 -0.224755 0.173533 0.9290 0.6940 0.1250
v 0.039350 0.012602 0.150068 0.9290 0.6940 0.1250
v -0.151979 -0.497309 0.187973 0.9290 0.6940 0.1250
v 0.085378 -0.675101 0.085991 0.9290 0.6940 0.1250
v -0.189884 -0.709396 0.189778 0.9290 0.6940 0.1250
v 0.166603 -0.441354 0.069746 0.9290 0.6940 0.1250
v 0.385909 0.047800 0.021914 0.9290 0.6940 0.1250
v 0.040253 0.090217 0.156386 0.9290 0.6940 0.1250
v 0.208117 -0.065915 0.082381 0.9290 0.6940 0.1250
v -0.048192 0.060434 0.181656 0.9290 0.6940 0.1250
v 0.006860 -0.842965 0.096821 0.9290 0.6940 0.1250
v -0.031044 -0.607414 0.132921 0.9290 0.6940 0.1250
v 0.209020 -0.111943 0.076064 0.9290 0.6940 0.1250
v -0.068949 -0.744593 0.142848 0.9290 0.6940 0.1250
v 0.176530 -0.705786 0.048086 0.9290 0.6940 0.1250
v -0.029239 -0.153457 0.161801 0.9290 0.6940 0.1250
v 0.207215 -0.670588 0.040866 0.9290 0.6940 0.1250
v -0.073462 -0.546946 0.150971 0.9290 0.6940 0.1250
v 0.218947 -0.579436 0.042671 0.9290 0.6940 0.1250
v 0.032130 -0.583046 0.107651 0.9290 0.6940 0.1250
v 0.295660 -0.108333 0.040866 0.9290 0.6940 0.1250
v 0.296562 -0.057793 0.042671 0.9290 0.6940 0.1250
v 0.289342 0.185882 0.071551 0.9290 0.6940 0.1250
v 0.143138 -0.442257 0.075161 0.9290 0.6940 0.1250
v 0.033935 0.186784 0.160898 0.9290 0.6940 0.1250
v 0.051985 -0.047865 0.141946 0.9290 0.6940 0.1250
v 0.042058 -0.883578 0.088699 0.9290 0.6940 0.1250
v 0.007763 -0.276197 0.137433 0.9290 0.6940 0.1250
v 0.152163 -0.195875 0.088699 0.9290 0.6940 0.1250
v -0.007579 -0.731056 0.113066 0.9290 0.6940 0.1250
v 0.121478 0.107364 0.127506 0.9290 0.6940 0.1250
v 0.233387 -0.059598 0.073356 0.9290 0.6940 0.1250
v 0.180140 -0.633586 0.052599 0.9290 0.6940 0.1250
v 0.217142 -0.428719 0.052599 0.9290 0.6940 0.1250
v 0.071840 -0.457599 0.103139 0.9290 0.6940 0.1250
v 0.029423 -0.357422 0.125701 0.9290 0.6940 0.1250
v -0.019312 -0.660661 0.121188 0.9290 0.6940 0.1250
v 0.223460 0.176857 0.089601 0.9290 0.6940 0.1250
v 0.326345 -0.358324 0.013791 0.9290 0.6940 0.1250
v 0.346200 0.079387 0.036354 0.9290 0.6940 0.1250
v 0.304685 -0.145335 0.036354 0.9290 0.6940 0.1250
v 0.064620 -0.703981 0.085089 0.9290 0.6940 0.1250
v 0.315515 -0.398937 0.009279 0.9290 0.6940 0.1250
v 0.024008 -0.008155 0.157288 0.9290 0.6940 0.1250
v 0.274902 -0.073135 0.058014 0.9290 0.6940 0.1250
v -0.074364 -0.522579 0.148263 0.9290 0.6940 0.1250
v -0.116782 -0.632684 0.158191 0.9290 0.6940 0.1250
v 0.020398 0.098339 0.162703 0.9290 0.6940 0.1250
v 0.320027 -0.262660 0.024621 0.9290 0.6940 0.1250
v 0.343492 0.240934 0.052599 0.9290 0.6940 0.1250
v 0.010470 0.052312 0.164508 0.9290 0.6940 0.1250
v 0.030325 0.124512 0.160898 0.9290 0.6940 0.1250
v 0.168408 -0.951265 0.035451 0.9290 0.6940 0.1250
v 0.269487 -0.538824 0.018304 0.9290 0.6940 0.1250
v 0.072743 -0.428719 0.103139 0.9290 0.6940 0.1250
v -0.012092 -0.486479 0.133823 0.9290 0.6940 0.1250
v 0.089890 0.047800 0.126603 0.9290 0.6940 0.1250
v -0.114074 -0.500016 0.171728 0.9290 0.6940 0.1250
v -0.075267 -0.629976 0.142848 0.9290 0.6940 0.1250
v -0.126709 -0.614634 0.169923 0.9290 0.6940 0.1250
v 0.254145 -0.217535 0.052599 0.9290 0.6940 0.1250
v 0.154870 0.029750 0.104944 0.9290 0.6940 0.1250
v -0.185371 -0.780693 0.178948 0.9290 0.6940 0.1250
v -0.197104 -0.740983 0.183461 0.9290 0.6940 0.1250
v 0.248730 -0.662466 0.021011 0.9290 0.6940 0.1250
v 0.314612 -0.318614 0.025524 0.9290 0.6940 0.1250
v 0.219850 -0.728348 0.033646 0.9290 0.6940 0.1250
v 0.014983 -0.306882 0.134726 0.9290 0.6940 0.1250
v -0.112269 -0.299662 0.187071 0.9290 0.6940 0.1250
v 0.111550 0.148879 0.129311 0.9290 0.6940 0.1250
v -0.188079 -0.561386 0.197901 0.9290 0.6940 0.1250
v 0.121478 -0.278002 0.095016 0.9290 0.6940 0.1250
v 0.352517 -0.018985 0.028231 0.9290 0.6940 0.1250
v 0.148553 -0.062305 0.095016 0.9290 0.6940 0.1250
v 0.227972 -0.375472 0.045379 0.9290 0.6940 0.1250
v 0.402154 0.142562 0.025524 0.9290 0.6940 0.1250
v 0.298367 0.111877 0.060721 0.9290 0.6940 0.1250
v 0.375982 -0.036133 0.020109 0.9290 0.6940 0.1250
v 0.215337 -0.258147 0.062526 0.9290 0.6940 0.1250
v 0.088988 -0.367349 0.104041 0.9290 0.6940 0.1250
v -0.029239 -0.621854 0.130213 0.9290 0.6940 0.1250
v 0.053790 -0.342982 0.114871 0.9290 0.6940 0.1250
v 0.122380 -0.471137 0.077869 0.9290 0.6940 0.1250
v 0.071840 -0.042450 0.128408 0.9290 0.6940 0.1250
v 0.290245 0.250861 0.076966 0.9290 0.6940 0.1250
v -0.115879 -0.359227 0.178046 0.9290 0.6940 0.1250
v -0.044582 -0.917873 0.116676 0.9290 0.6940 0.1250
v 0.083573 -0.060500 0.124798 0.9290 0.6940 0.1250
v 0.217142 -0.471137 0.051696 0.9290 0.6940 0.1250
v 0.153065 -0.713006 0.052599 0.9290 0.6940 0.1250
v -0.064437 -0.619146 0.138336 0.9290 0.6940 0.1250
v 0.225265 -0.879065 0.014694 0.9290 0.6940 0.1250
v 0.133210 -0.514456 0.072454 0.9290 0.6940 0.1250
v -0.088804 -0.551459 0.155483 0.9290 0.6940 0.1250
v 0.137723 0.125414 0.122993 0.9290 0.6940 0.1250
v 0.127795 -0.022595 0.115773 0.9290 0.6940 0.1250
v -0.055412 -0.696761 0.136531 0.9290 0.6940 0.1250
v -0.215154 -0.843868 0.188876 0.9290 0.6940 0.1250
v 0.096208 -0.923288 0.062526 0.9290 0.6940 0.1250
v -0.061729 -0.786108 0.132018 0.9290 0.6940 0.1250
v -0.023824 -0.432329 0.142848 0.9290 0.6940 0.1250
v -0.105049 -0.221145 0.178948 0.9290 0.6940 0.1250
v 0.187360 0.212054 0.103139 0.9290 0.6940 0.1250
v 0.193677 -0.559581 0.051696 0.9290 0.6940 0.1250
v 0.054693 -0.580339 0.095016 0.9290 0.6940 0.1250
v -0.049997 -0.573119 0.144653 0.9290 0.6940 0.1250
v 0.287537 -0.130895 0.048086 0.9290 0.6940 0.1250
v 0.316417 0.243641 0.062526 0.9290 0.6940 0.1250
v 0.079963 -0.648026 0.088699 0.9290 0.6940 0.1250
v 0.091695 0.005382 0.129311 0.9290 0.6940 0.1250
v 0.202702 -0.864625 0.024621 0.9290 0.6940 0.1250
v 0.135918 0.238226 0.133823 0.9290 0.6940 0.1250
v 0.315515 0.201224 0.056209 0.9290 0.6940 0.1250
v 0.172018 -0.096600 0.089601 0.9290 0.6940 0.1250
v 0.005958 -0.898920 0.094114 0.9290 0.6940 0.1250
v 0.177432 0.075777 0.104944 0.9290 0.6940 0.1250
v -0.172737 -0.490089 0.190681 0.9290 0.6940 0.1250
v 0.307392 -0.430524 0.016499 0.9290 0.6940 0.1250
v 0.079963 -0.948558 0.059819 0.9290 0.6940 0.1250
v 0.119673 -0.633586 0.072454 0.9290 0.6940 0.1250
v 0.136820 -0.851088 0.052599 0.9290 0.6940 0.1250
v 0.274000 -0.024400 0.055306 0.9290 0.6940 0.1250
v 0.060108 -0.298759 0.113066 0.9290 0.6940 0.1250
v -0.022019 -0.642611 0.124798 0.9290 0.6940 0.1250
v 0.264975 -0.455794 0.034549 0.9290 0.6940 0.1250
v 0.201800 0.261691 0.102236 0.9290 0.6940 0.1250
v 0.315515 -0.129090 0.040866 0.9290 0.6940 0.1250
v 0.196385 -0.649831 0.040866 0.9290 0.6940 0.1250
v 0.045668 -0.751813 0.097724 0.9290 0.6940 0.1250
v 0.363347 -0.148945 0.017401 0.9290 0.6940 0.1250
v -0.002164 0.096534 0.171728 0.9290 0.6940 0.1250
v 0.242412 -0.446769 0.043574 0.9290 0.6940 0.1250
v 0.172920 -0.228365 0.083284 0.9290 0.6940 0.1250
v 0.014080 -0.216632 0.139238 0.9290 0.6940 0.1250
v 0.041155 -0.148945 0.132018 0.9290 0.6940 0.1250
v -0.111367 -0.391717 0.177143 0.9290 0.6940 0.1250
v 0.214435 -0.897115 0.019206 0.9290 0.6940 0.1250
v -0.031044 -0.249122 0.158191 0.9290 0.6940 0.1250
v 0.027618 0.148879 0.165411 0.9290 0.6940 0.1250
v 0.295660 -0.264465 0.028231 0.9290 0.6940 0.1250
v -0.104147 -0.464819 0.167216 0.9290 0.6940 0.1250
v 0.222557 0.163319 0.091406 0.9290 0.6940 0.1250
v 0.179237 -0.180532 0.078771 0.9290 0.6940 0.1250
v 0.061010 -0.496406 0.102236 0.9290 0.6940 0.1250
v -0.117684 -0.657051 0.161801 0.9290 0.6940 0.1250
v -0.231399 -0.824013 0.195193 0.9290 0.6940 0.1250
v 0.155773 -0.435939 0.076064 0.9290 0.6940 0.1250
v 0.216240 0.193102 0.098626 0.9290 0.6940 0.1250
v -0.094219 -0.370057 0.175338 0.9290 0.6940 0.1250
v 0.088988 -0.598389 0.083284 0.9290 0.6940 0.1250
v 0.112453 -0.863723 0.061624 0.9290 0.6940 0.1250
v 0.435547 0.228299 0.015596 0.9290 0.6940 0.1250
v -0.168224 -0.837550 0.164508 0.9290 0.6940 0.1250
v 0.086280 -0.294247 0.107651 0.9290 0.6940 0.1250
v 0.218045 0.139854 0.084186 0.9290 0.6940 0.1250
v -0.105952 -0.668783 0.151873 0.9290 0.6940 0.1250
v 0.279415 -0.389912 0.030939 0.9290 0.6940 0.1250
v 0.014080 -0.603804 0.115773 0.9290 0.6940 0.1250
v 0.015885 -0.504529 0.121188 0.9290 0.6940 0.1250
v 0.226167 -0.652538 0.028231 0.9290 0.6940 0.1250
v 0.064620 -0.612829 0.095919 0.9290 0.6940 0.1250
v 0.213532 -0.222950 0.070649 0.9290 0.6940 0.1250
v -0.025629 0.142562 0.181656 0.9290 0.6940 0.1250
v 0.297465 -0.353812 0.029134 0.9290 0.6940 0.1250
v -0.169127 -0.649831 0.183461 0.9290 0.6940 0.1250
v 0.091695 -0.554166 0.088699 0.9290 0.6940 0.1250
v 0.189165 -0.905238 0.031841 0.9290 0.6940 0.1250
v 0.020398 0.045092 0.153678 0.9290 0.6940 0.1250
v -0.127612 -0.590266 0.163606 0.9290 0.6940 0.1250
v 0.171115 -0.061403 0.094114 0.9290 0.6940 0.1250
v 0.039350 -0.823111 0.089601 0.9290 0.6940 0.1250
v 0.098013 -0.335762 0.104041 0.9290 0.6940 0.1250
v -0.089707 -0.783401 0.146458 0.9290 0.6940 0.1250
v -0.102342 -0.263562 0.184363 0.9290 0.6940 0.1250
v 0.113355 -0.809573 0.061624 0.9290 0.6940 0.1250
v -0.008482 -0.701273 0.113968 0.9290 0.6940 0.1250
v -0.246741 -0.844770 0.196096 0.9290 0.6940 0.1250
v 0.104330 -0.469332 0.088699 0.9290 0.6940 0.1250
v 0.024910 -0.757228 0.103139 0.9290 0.6940 0.1250
v 0.195482 -0.795133 0.036354 0.9290 0.6940 0.1250
v -0.159199 -0.468429 0.190681 0.9290 0.6940 0.1250
v 0.144943 -0.740983 0.056209 0.9290 0.6940 0.1250
v -0.145662 -0.527091 0.183461 0.9290 0.6940 0.1250
v 0.134113 -0.404352 0.081479 0.9290 0.6940 0.1250
v 0.103428 -0.845673 0.071551 0.9290 0.6940 0.1250
v 0.320930 0.109169 0.052599 0.9290 0.6940 0.1250
v 0.238802 0.220177 0.093211 0.9290 0.6940 0.1250
v 0.274902 0.124512 0.065234 0.9290 0.6940 0.1250
v 0.281220 0.198517 0.070649 0.9290 0.6940 0.1250
v 0.127795 0.021627 0.108554 0.9290 0.6940 0.1250
v 0.137723 -0.529799 0.075161 0.9290 0.6940 0.1250
v 0.257755 -0.546044 0.030036 0.9290 0.6940 0.1250
v -0.087902 -0.138115 0.187973 0.9290 0.6940 0.1250
v 0.095305 0.126317 0.138336 0.9290 0.6940 0.1250
v 0.120575 -0.834843 0.063429 0.9290 0.6940 0.1250
v 0.264072 0.015310 0.061624 0.9290 0.6940 0.1250
v 0.015885 -0.879065 0.094114 0.9290 0.6940 0.1250
v 0.212630 -0.451282 0.051696 0.9290 0.6940 0.1250
v 0.201800 -0.037035 0.086894 0.9290 0.6940 0.1250
v 0.317320 0.180467 0.051696 0.9290 0.6940 0.1250
v 0.231582 0.119097 0.085089 0.9290 0.6940 0.1250
v 0.034838 0.264399 0.175338 0.9290 0.6940 0.1250
v 0.114258 0.191297 0.130213 0.9290 0.6940 0.1250
v -0.092414 -0.227462 0.180753 0.9290 0.6940 0.1250
v -0.151077 -0.620049 0.178948 0.9290 0.6940 0.1250
v 0.356127 -0.178727 0.018304 0.9290 0.6940 0.1250
v -0.125807 -0.320419 0.179851 0.9290 0.6940 0.1250
v -0.131222 -0.762643 0.159996 0.9290 0.6940 0.1250
v 0.111550 0.242739 0.141946 0.9290 0.6940 0.1250
v 0.412984 0.034262 0.011084 0.9290 0.6940 0.1250
v 0.124185 -0.290637 0.096821 0.9290 0.6940 0.1250
v -0.012994 -0.608316 0.123896 0.9290 0.6940 0.1250
v -0.049997 -0.643514 0.135628 0.9290 0.6940 0.1250
v 0.025813 -0.798743 0.099529 0.9290 0.6940 0.1250
v 0.143138 -0.230170 0.096821 0.9290 0.6940 0.1250
v -0.211544 -0.761741 0.192486 0.9290 0.6940 0.1250
v 0.242412 -0.009058 0.075161 0.9290 0.6940 0.1250
v -0.010287 -0.136310 0.159996 0.9290 0.6940 0.1250
v 0.373274 -0.101113 0.014694 0.9290 0.6940 0.1250
v 0.268585 -0.097503 0.056209 0.9290 0.6940 0.1250
v 0.240607 -0.383594 0.047184 0.9290 0.6940 0.1250
v 0.169310 -0.141725 0.082381 0.9290 0.6940 0.1250
v 0.029423 0.290571 0.168118 0.9290 0.6940 0.1250
v -0.161004 -0.687736 0.178046 0.9290 0.6940 0.1250
v -0.035557 -0.123675 0.166313 0.9290 0.6940 0.1250
v 0.136820 -0.910653 0.052599 0.9290 0.6940 0.1250
v -0.018409 -0.339372 0.147361 0.9290 0.6940 0.1250
v 0.411179 0.016212 0.007474 0.9290 0.6940 0.1250
v 0.162993 0.120902 0.107651 0.9290 0.6940 0.1250
v -0.010287 0.052312 0.165411 0.9290 0.6940 0.1250
v -0.018409 -0.779791 0.114871 0.9290 0.6940 0.1250
v 0.371469 0.102852 0.030036 0.9290 0.6940 0.1250
v -0.091512 -0.321322 0.170826 0.9290 0.6940 0.1250
v 0.153968 -0.124577 0.094114 0.9290 0.6940 0.1250
v -0.057217 -0.486479 0.150068 0.9290 0.6940 0.1250
v 0.383202 0.145269 0.027329 0.9290 0.6940 0.1250
v -0.101439 -0.116455 0.189778 0.9290 0.6940 0.1250
v 0.280317 -0.580339 0.016499 0.9290 0.6940 0.1250
v -0.110464 -0.859210 0.147361 0.9290 0.6940 0.1250
v -0.071657 -0.821306 0.136531 0.9290 0.6940 0.1250
v -0.027434 -0.020790 0.170826 0.9290 0.6940 0.1250
v 0.229777 -0.194070 0.058916 0.9290 0.6940 0.1250
v 0.243315 -0.056890 0.065234 0.9290 0.6940 0.1250
v 0.144943 -0.928703 0.048989 0.9290 0.6940 0.1250
v -0.039167 -0.579436 0.132921 0.9290 0.6940 0.1250
v 0.036643 0.230104 0.167216 0.9290 0.6940 0.1250
v 0.073645 -0.235585 0.119383 0.9290 0.6940 0.1250
v -0.085194 -0.668783 0.149166 0.9290 0.6940 0.1250
v 0.131405 0.268911 0.131116 0.9290 0.6940 0.1250
v -0.034654 0.118194 0.186168 0.9290 0.6940 0.1250
v -0.045484 -0.523481 0.140141 0.9290 0.6940 0.1250
v -0.131222 -0.650733 0.163606 0.9290 0.6940 0.1250
v 0.411179 0.220177 0.026426 0.9290 0.6940 0.1250
v -0.031044 0.204834 0.192486 0.9290 0.6940 0.1250
v 0.193677 -0.464819 0.062526 0.9290 0.6940 0.1250
v -0.176346 -0.821306 0.171728 0.9290 0.6940 0.1250
v 0.312807 -0.091185 0.040866 0.9290 0.6940 0.1250
v -0.118587 -0.882675 0.150068 0.9290 0.6940 0.1250
v 0.193677 -0.781596 0.035451 0.9290 0.6940 0.1250
v -0.042777 -0.046963 0.174436 0.9290 0.6940 0.1250
v 0.034838 -0.500919 0.108554 0.9290 0.6940 0.1250
v 0.213532 -0.056890 0.075161 0.9290 0.6940 0.1250
v 0.115160 0.035165 0.123896 0.9290 0.6940 0.1250
v 0.270390 0.074874 0.067941 0.9290 0.6940 0.1250
v -0.028337 0.228299 0.191583 0.9290 0.6940 0.1250
v 0.229777 -0.849283 0.013791 0.9290 0.6940 0.1250
v 0.090793 -0.348397 0.098626 0.9290 0.6940 0.1250
v -0.179956 -0.871845 0.168118 0.9290 0.6940 0.1250
v 0.169310 -0.020790 0.099529 0.9290 0.6940 0.1250
v 0.014983 -0.420597 0.122091 0.9290 0.6940 0.1250
v 0.385909 -0.063208 0.016499 0.9290 0.6940 0.1250
v -0.049094 -0.831233 0.125701 0.9290 0.6940 0.1250
vn 0.369228 -0.072737 0.926488
vn 0.369228 -0.072737 0.926488
vn 0.369228 -0.072737 0.926488
vn 0.369228 -0.072737 0.926488
vn 0.369228 -0.072737 0.926488
vn 0.369228 -0.072737 0.926488
vn 0.369228 -0.072737 0.926488
vn 0.369228 -0.072737 0.926488
vn 0.369228 -0.072737 0.926488
vn 0.369228 -0.072737 0.926488
vn 0.369228 -0.072737 0.926488
vn 0.369228 -0.072737 0.926488
vn 0.369228 -0.072737 0.926488
vn 0.369228 -0.072737 0.926488
vn 0.369228 -0.072737 0.926488
vn 0.369228 -0.072737 0.926488
vn 0.369228 -0.072737 0.926488
vn 0.369228 -0.072737 0.926488
vn 0.369228 -0.072737 0.926488
vn 0.369228 -0.072737 0.926488
vn 0.369228 -0.072737 0.926488
vn 0.369228 -0.072737 0.926488
vn 0.369228 -0.072737 0.926488
vn 0.369228 -0.072737 0.926488
vn 0.369228 -0.072737 0.926488
vn 0.369228 -0.072737 0.926488
vn 0.369228 -0.072737 0.926488
vn 0.369228 -0.072737 0.926488
vn 0.369228 -0.072737 0.926488
vn 0.369228 -0.072737 0.926488
vn 0.369228 -0.072737 0.926488
vn 0.369228 -0.072737 0.926488
vn 0.369228 -0.072737 0.926488
vn 0.369228 -0.072737 0.926488
vn 0.369228 -0.072737 0.926488
vn 0.369228 -0.072737 0.926488
vn 0.369228 -0.072737 0.926488
vn 0.369228 -0.072737 0.926488
vn 0.369228 -0.072737 0.926488
vn 0.369228 -0.072737 0.926488
vn 0.369228 -0.072737 0.926488
vn 0.369228 -0.072737 0.926488
vn 0.369228 -0.072737 0.926488
vn 0.369228 -0.072737 0.926488
vn 0.369228 -0.072737 0.926488
vn 0.369228 -0.072737 0.926488
vn 0.369228 -0.072737 0.926488
vn 0.369228 -0.072737 0.926488
vn 0.369228 -0.072737 0.926488
vn 0.369228 -0.072737 0.926488
vn 0.369228 -0.072737 0.926488
vn 0.369228 -0.072737 0.926488
vn 0.369228 -0.072737 0.926488
vn 0.369228 -0.072737 0.926488
vn 0.369228 -0.072737 0.926488
vn 0.369228 -0.072737 0.926488
vn 0.369228 -0.072737 0.926488
vn 0.369228 -0.072737 0.926488
vn 0.369228 -0.072737 0.926488
vn 0.369228 -0.072737 0.926488
vn 0.369228 -0.072737 0.926488
vn 0.369228 -0.072737 0.926488
vn 0.369228 -0.072737 0.926488
vn 0.369228 -0.072737 0.926488
vn 0.369228 -0.072737 0.926488
vn 0.369228 -0.072737 0.926488
vn 0.369228 -0.072737 0.926488
vn 0.369228 -0.072737 0.926488
vn 0.369228 -0.072737 0.926488
vn 0.369228 -0.072737 0.926488
vn 0.369228 -0.072737 0.926488
vn 0.369228 -0.072737 0.926488
vn 0.369228 -0.072737 0.926488
vn 0.369228 -0.072737 0.926488
vn 0.369228 -0.072737 0.926488
vn 0.369228 -0.072737 0.926488
vn 0.369228 -0.072737 0.926488
vn 0.369228 -0.072737 0.926488
vn 0.369228 -0.072737 0.926488
vn 0.369228 -0.072737 0.926488
vn 0.369228 -0.072737 0.926488
vn 0.369228 -0.072737 0.926488
vn 0.369228 -0.072737 0.926488
vn 0.369228 -0.072737 0.926488
vn 0.369228 -0.072737 0.926488
vn 0.369228 -0.072737 0.926488
vn 0.369228 -0.072737 0.926488
vn 0.369228 -0.072737 0.926488
vn 0.369228 -0.072737 0.926488
vn 0.369228 -0.072737 0.926488
vn 0.369228 -0.072737 0.926488
vn 0.369228 -0.072737 0.926488
vn 0.369228 -0.072737 0.926488
vn 0.369228 -0.072737 0.926488
vn 0.369228 -0.072737 0.926488
vn 0.369228 -0.072737 0.926488
vn 0.369228 -0.072737 0.926488
vn 0.369228 -0.072737 0.926488
vn 0.369228 -0.072737 0.926488
vn 0.369228 -0.072737 0.926488
vn 0.369228 -0.072737 0.926488
vn 0.369228 -0.072737 0.926488
vn 0.369228 -0.072737 0.926488
vn 0.369228 -0.072737 0.926488
vn 0.369228 -0.072737 0.926488
vn 0.369228 -0.072737 0.926488
vn 0.369228 -0.072737 0.926488
vn 0.369228 -0.072737 0.926488
vn 0.369228 -0.072737 0.926488
vn 0.369228 -0.072737 0.926488
vn 0.369228 -0.072737 0.926488
vn 0.369228 -0.072737 0.926488
vn 0.369228 -0.072737 0.926488
vn 0.369228 -0.072737 0.926488
vn 0.369228 -0.072737 0.926488
vn 0.369228 -0.072737 0.926488
vn 0.369228 -0.072737 0.926488
vn 0.369228 -0.072737 0.926488
vn 0.369228 -0.072737 0.926488
vn 0.369228 -0.072737 0.926488
vn 0.369228 -0.072737 0.926488
vn 0.369228 -0.072737 0.926488
vn 0.369228 -0.072737 0.926488
vn 0.369228 -0.072737 0.926488
vn 0.369228 -0.072737 0.926488
vn 0.369228 -0.072737 0.926488
vn 0.369228 -0.072737 0.926488
vn 0.369228 -0.072737 0.926488
vn 0.369228 -0.072737 0.926488
vn 0.369228 -0.072737 0.926488
vn 0.369228 -0.072737 0.926488
vn 0.369228 -0.072737 0.926488
vn 0.369228 -0.072737 0.926488
vn 0.369228 -0.072737 0.926488
vn 0.369228 -0.072737 0.926488
vn 0.369228 -0.072737 0.926488
vn 0.369228 -0.072737 0.926488
vn 0.369228 -0.072737 0.926488
vn 0.369228 -0.072737 0.926488
vn 0.369228 -0.072737 0.926488
vn 0.369228 -0.072737 0.926488
vn 0.369228 -0.072737 0.926488
vn 0.369228 -0.072737 0.926488
vn 0.369228 -0.072737 0.926488
vn 0.369228 -0.072737 0.926488
vn 0.369228 -0.072737 0.926488
vn 0.369228 -0.072737 0.926488
vn 0.369228 -0.072737 0.926488
vn 0.369228 -0.072737 0.926488
vn 0.369228 -0.072737 0.926488
vn 0.369228 -0.072737 0.926488
vn 0.369228 -0.072737 0.926488
vn 0.369228 -0.072737 0.926488
vn 0.369228 -0.072737 0.926488
vn 0.369228 -0.072737 0.926488
vn 0.369228 -0.072737 0.926488
vn 0.369228 -0.072737 0.926488
vn 0.369228 -0.072737 0.926488
vn 0.369228 -0.072737 0.926488
vn 0.369228 -0.072737 0.926488
vn 0.369228 -0.072737 0.926488
vn 0.369228 -0.072737 0.926488
vn 0.369228 -0.072737 0.926488
vn 0.369228 -0.072737 0.926488
vn 0.369228 -0.072737 0.926488
vn 0.369228 -0.072737 0.926488
vn 0.369228 -0.072737 0.926488
vn 0.369228 -0.072737 0.926488
vn 0.369228 -0.072737 0.926488
vn 0.369228 -0.072737 0.926488
vn 0.369228 -0.072737 0.926488
vn 0.369228 -0.072737 0.926488
vn 0.369228 -0.072737 0.926488
vn 0.369228 -0.072737 0.926488
vn 0.369228 -0.072737 0.926488
vn 0.369228 -0.072737 0.926488
vn 0.369228 -0.072737 0.926488
vn 0.369228 -0.072737 0.926488
vn 0.369228 -0.072737 0.926488
vn 0.369228 -0.072737 0.926488
vn 0.369228 -0.072737 0.926488
vn 0.369228 -0.072737 0.926488
vn 0.369228 -0.072737 0.926488
vn 0.369228 -0.072737 0.926488
vn 0.369228 -0.072737 0.926488
vn 0.369228 -0.072737 0.926488
vn 0.369228 -0.072737 0.926488
vn 0.369228 -0.072737 0.926488
vn 0.369228 -0.072737 0.926488
vn 0.369228 -0.072737 0.926488
vn 0.369228 -0.072737 0.926488
vn 0.369228 -0.072737 0.926488
vn 0.369228 -0.072737 0.926488
vn 0.369228 -0.072737 0.926488
vn 0.369228 -0.072737 0.926488
vn 0.369228 -0.072737 0.926488
vn 0.369228 -0.072737 0.926488
vn 0.369228 -0.072737 0.926488
vn 0.369228 -0.072737 0.926488
vn 0.369228 -0.072737 0.926488
vn 0.369228 -0.072737 0.926488
vn 0.369228 -0.072737 0.926488
vn 0.369228 -0.072737 0.926488
vn 0.369228 -0.072737 0.926488
vn 0.369228 -0.072737 0.926488
vn 0.369228 -0.072737 0.926488
vn 0.369228 -0.072737 0.926488
vn 0.369228 -0.072737 0.926488
vn 0.369228 -0.072737 0.926488
vn 0.369228 -0.072737 0.926488
vn 0.369228 -0.072737 0.926488
vn 0.369228 -0.072737 0.926488
vn 0.369228 -0.072737 0.926488
vn 0.369228 -0.072737 0.926488
vn 0.369228 -0.072737 0.926488
vn 0.369228 -0.072737 0.926488
vn 0.369228 -0.072737 0.926488
vn 0.369228 -0.072737 0.926488
vn 0.369228 -0.072737 0.926488
vn 0.369228 -0.072737 0.926488
vn 0.369228 -0.072737 0.926488
vn 0.369228 -0.072737 0.926488
vn 0.369228 -0.072737 0.926488
vn 0.369228 -0.072737 0.926488
vn 0.369228 -0.072737 0.926488
vn 0.369228 -0.072737 0.926488
vn 0.369228 -0.072737 0.926488
vn 0.369228 -0.072737 0.926488
vn 0.369228 -0.072737 0.926488
vn 0.369228 -0.072737 0.926488
vn 0.369228 -0.072737 0.926488
vn 0.369228 -0.072737 0.926488
vn 0.369228 -0.072737 0.926488
vn 0.369228 -0.072737 0.926488
vn 0.369228 -0.072737 0.926488
vn 0.369228 -0.072737 0.926488
vn 0.369228 -0.072737 0.926488
vn 0.369228 -0.072737 0.926488
vn 0.369228 -0.072737 0.926488
vn 0.369228 -0.072737 0.926488
vn 0.369228 -0.072737 0.926488
vn 0.369228 -0.072737 0.926488
vn 0.369228 -0.072737 0.926488
vn 0.369228 -0.072737 0.926488
vn 0.369228 -0.072737 0.926488
vn 0.369228 -0.072737 0.926488
vn 0.369228 -0.072737 0.926488
vn 0.369228 -0.072737 0.926488
vn 0.369228 -0.072737 0.926488
vn 0.369228 -0.072737 0.926488
vn 0.369228 -0.072737 0.926488
vn 0.369228 -0.072737 0.926488
vn 0.369228 -0.072737 0.926488
vn 0.369228 -0.072737 0.926488
vn 0.369228 -0.072737 0.926488
vn 0.369228 -0.072737 0.926488
vn 0.369228 -0.072737 0.926488
vn 0.369228 -0.072737 0.926488
vn 0.369228 -0.072737 0.926488
vn 0.369228 -0.072737 0.926488
vn 0.369228 -0.072737 0.926488
vn 0.369228 -0.072737 0.926488
vn 0.369228 -0.072737 0.926488
vn 0.369228 -0.072737 0.926488
vn 0.369228 -0.072737 0.926488
vn 0.369228 -0.072737 0.926488
vn 0.369228 -0.072737 0.926488
vn 0.369228 -0.072737 0.926488
vn 0.369228 -0.072737 0.926488
vn 0.369228 -0.072737 0.926488
vn 0.369228 -0.072737 0.926488
vn 0.369228 -0.072737 0.926488
vn 0.369228 -0.072737 0.926488
vn 0.369228 -0.072737 0.926488
vn 0.369228 -0.072737 0.926488
vn 0.369228 -0.072737 0.926488
vn 0.369228 -0.072737 0.926488
vn 0.369228 -0.072737 0.926488
vn 0.369228 -0.072737 0.926488
vn 0.369228 -0.072737 0.926488
vn 0.369228 -0.072737 0.926488
vn 0.369228 -0.072737 0.926488
vn 0.369228 -0.072737 0.926488
vn 0.369228 -0.072737 0.926488
vn 0.369228 -0.072737 0.926488
vn 0.369228 -0.072737 0.926488
vn 0.369228 -0.072737 0.926488
vn 0.369228 -0.072737 0.926488
vn 0.369228 -0.072737 0.926488
vn 0.369228 -0.072737 0.926488
vn 0.369228 -0.072737 0.926488
vn 0.369228 -0.072737 0.926488
vn 0.369228 -0.072737 0.926488
vn 0.369228 -0.072737 0.926488
vn 0.369228 -0.072737 0.926488
vn 0.369228 -0.072737 0.926488
vn 0.369228 -0.072737 0.926488
vn 0.369228 -0.072737 0.926488
vn 0.369228 -0.072737 0.926488
vn 0.369228 -0.072737 0.926488
vn 0.369228 -0.072737 0.926488
vn 0.369228 -0.072737 0.926488
vn 0.369228 -0.072737 0.926488
vn 0.369228 -0.072737 0.926488
vn 0.369228 -0.072737 0.926488
vn 0.369228 -0.072737 0.926488
vn 0.369228 -0.072737 0.926488
vn 0.369228 -0.072737 0.926488
vn 0.369228 -0.072737 0.926488
vn 0.369228 -0.072737 0.926488
vn 0.369228 -0.072737 0.926488
vn 0.369228 -0.072737 0.926488
vn 0.369228 -0.072737 0.926488
vn 0.369228 -0.072737 0.926488
vn 0.369228 -0.072737 0.926488
vn 0.369228 -0.072737 0.926488
vn 0.369228 -0.072737 0.926488
vn 0.369228 -0.072737 0.926488
vn 0.369228 -0.072737 0.926488
vn 0.369228 -0.072737 0.926488
vn 0.369228 -0.072737 0.926488
vn 0.369228 -0.072737 0.926488
vn 0.369228 -0.072737 0.926488
vn 0.369228 -0.072737 0.926488
vn 0.369228 -0.072737 0.926488
vn 0.369228 -0.072737 0.926488
vn 0.369228 -0.072737 0.926488
vn 0.369228 -0.072737 0.926488
vn 0.369228 -0.072737 0.926488
vn 0.369228 -0.072737 0.926488
vn 0.369228 -0.072737 0.926488
vn 0.369228 -0.072737 0.926488
vn 0.369228 -0.072737 0.926488
vn 0.369228 -0.072737 0.926488
vn 0.369228 -0.072737 0.926488
vn 0.369228 -0.072737 0.926488
vn 0.369228 -0.072737 0.926488
vn 0.369228 -0.072737 0.926488
vn 0.369228 -0.072737 0.926488
vn 0.369228 -0.072737 0.926488
vn 0.369228 -0.072737 0.926488
vn 0.369228 -0.072737 0.926488
vn 0.369228 -0.072737 0.926488
vn 0.369228 -0.072737 0.926488
vn 0.369228 -0.072737 0.926488
vn 0.369228 -0.072737 0.926488
vn 0.369228 -0.072737 0.926488
vn 0.369228 -0.072737 0.926488
vn 0.369228 -0.072737 0.926488
vn 0.369228 -0.072737 0.926488
vn 0.369228 -0.072737 0.926488
vn 0.369228 -0.072737 0.926488
vn 0.369228 -0.072737 0.926488
vn 0.369228 -0.072737 0.926488
vn 0.369228 -0.072737 0.926488
vn 0.369228 -0.072737 0.926488
vn 0.369228 -0.072737 0.926488
vn 0.369228 -0.072737 0.926488
vn 0.369228 -0.072737 0.926488
vn 0.369228 -0.072737 0.926488
vn 0.369228 -0.072737 0.926488
vn 0.369228 -0.072737 0.926488
vn 0.369228 -0.072737 0.926488
vn 0.369228 -0.072737 0.926488
vn 0.369228 -0.072737 0.926488
vn 0.369228 -0.072737 0.926488
vn 0.369228 -0.072737 0.926488
vn 0.369228 -0.072737 0.926488
vn 0.369228 -0.072737 0.926488
vn 0.369228 -0.072737 0.926488
vn 0.369228 -0.072737 0.926488
vn 0.369228 -0.072737 0.926488
vn 0.369228 -0.072737 0.926488
vn 0.369228 -0.072737 0.926488
vn 0.369228 -0.072737 0.926488
vn 0.369228 -0.072737 0.926488
vn 0.369228 -0.072737 0.926488
vn 0.369228 -0.072737 0.926488
vn 0.369228 -0.072737 0.926488
vn 0.369228 -0.072737 0.926488
vn 0.369228 -0.072737 0.926488
vn 0.369228 -0.072737 0.926488
vn 0.369228 -0.072737 0.926488
vn 0.369228 -0.072737 0.926488
vn 0.369228 -0.072737 0.926488
vn 0.369228 -0.072737 0.926488
vn 0.369228 -0.072737 0.926488
vn 0.369228 -0.072737 0.926488
vn 0.369228 -0.072737 0.926488
vn 0.369228 -0.072737 0.926488
vn 0.369228 -0.072737 0.926488
vn 0.369228 -0.072737 0.926488
vn 0.369228 -0.072737 0.926488
vn 0.369228 -0.072737 0.926488
vn 0.369228 -0.072737 0.926488
vn 0.369228 -0.072737 0.926488
vn 0.369228 -0.072737 0.926488
vn 0.369228 -0.072737 0.926488
vn 0.369228 -0.072737 0.926488
vn 0.369228 -0.072737 0.926488
vn 0.369228 -0.072737 0.926488
vn 0.369228 -0.072737 0.926488
vn 0.369228 -0.072737 0.926488
vn 0.369228 -0.072737 0.926488
vn 0.369228 -0.072737 0.926488
vn 0.369228 -0.072737 0.926488
vn 0.369228 -0.072737 0.926488
vn 0.369228 -0.072737 0.926488
vn 0.369228 -0.072737 0.926488
vn 0.369228 -0.072737 0.926488
vn 0.369228 -0.072737 0.926488
vn 0.369228 -0.072737 0.926488
vn 0.369228 -0.072737 0.926488
vn 0.369228 -0.072737 0.926488
vn 0.369228 -0.072737 0.926488
vn 0.369228 -0.072737 0.926488
vn 0.369228 -0.072737 0.926488
vn 0.369228 -0.072737 0.926488
vn 0.369228 -0.072737 0.926488
vn 0.369228 -0.072737 0.926488
vn 0.369228 -0.072737 0.926488
vn 0.369228 -0.072737 0.926488
vn 0.369228 -0.072737 0.926488
vn 0.369228 -0.072737 0.926488
vn 0.369228 -0.072737 0.926488
vn 0.369228 -0.072737 0.926488
vn 0.369228 -0.072737 0.926488
vn 0.369228 -0.072737 0.926488
vn 0.369228 -0.072737 0.926488
vn 0.369228 -0.072737 0.926488
vn 0.369228 -0.072737 0.926488
vn 0.369228 -0.072737 0.926488
vn 0.369228 -0.072737 0.926488
vn 0.369228 -0.072737 0.926488
vn 0.369228 -0.072737 0.926488
vn 0.369228 -0.072737 0.926488
vn 0.369228 -0.072737 0.926488
vn 0.369228 -0.072737 0.926488
vn 0.369228 -0.072737 0.926488
vn 0.369228 -0.072737 0.926488
vn 0.369228 -0.072737 0.926488
vn 0.369228 -0.072737 0.926488
vn 0.369228 -0.072737 0.926488
vn 0.369228 -0.072737 0.926488
vn 0.369228 -0.072737 0.926488
vn 0.369228 -0.072737 0.926488
vn 0.369228 -0.072737 0.926488
vn 0.369228 -0.072737 0.926488
vn 0.369228 -0.072737 0.926488
vn 0.369228 -0.072737 0.926488
vn 0.369228 -0.072737 0.926488
vn 0.369228 -0.072737 0.926488
vn 0.369228 -0.072737 0.926488
vn 0.369228 -0.072737 0.926488
vn 0.369228 -0.072737 0.926488
vn 0.369228 -0.072737 0.926488
vn 0.369228 -0.072737 0.926488
vn 0.369228 -0.072737 0.926488
vn 0.369228 -0.072737 0.926488
vn 0.369228 -0.072737 0.926488
vn 0.369228 -0.072737 0.926488
vn 0.369228 -0.072737 0.926488
vn 0.369228 -0.072737 0.926488
vn 0.369228 -0.072737 0.926488
vn 0.369228 -0.072737 0.926488
vn 0.369228 -0.072737 0.926488
vn 0.369228 -0.072737 0.926488
vn 0.369228 -0.072737 0.926488
vn 0.369228 -0.072737 0.926488
vn 0.369228 -0.072737 0.926488
vn 0.369228 -0.072737 0.926488
vn 0.369228 -0.072737 0.926488
vn 0.369228 -0.072737 0.926488
vn 0.369228 -0.072737 0.926488
vn 0.369228 -0.072737 0.926488
vn 0.369228 -0.072737 0.926488
vn 0.369228 -0.072737 0.926488
vn 0.369228 -0.072737 0.926488
vn 0.369228 -0.072737 0.926488
vn 0.369228 -0.072737 0.926488
vn 0.369228 -0.072737 0.926488
vn 0.369228 -0.072737 0.926488
vn 0.369228 -0.072737 0.926488
vn 0.369228 -0.072737 0.926488
vn 0.369228 -0.072737 0.926488
vn 0.369228 -0.072737 0.926488
vn 0.369228 -0.072737 0.926488
vn 0.369228 -0.072737 0.926488
vn 0.369228 -0.072737 0.926488
vn 0.369228 -0.072737 0.926488
vn 0.369228 -0.072737 0.926488
vn 0.369228 -0.072737 0.926488
vn 0.369228 -0.072737 0.926488
vn 0.369228 -0.072737 0.926488
vn 0.369228 -0.072737 0.926488
vn 0.369228 -0.072737 0.926488
vn 0.369228 -0.072737 0.926488
vn 0.369228 -0.072737 0.926488
vn 0.369228 -0.072737 0.926488
vn 0.369228 -0.072737 0.926488
vn 0.369228 -0.072737 0.926488
vn 0.369228 -0.072737 0.926488
vn 0.369228 -0.072737 0.926488
vn 0.369228 -0.072737 0.926488
vn 0.369228 -0.072737 0.926488
vn 0.369228 -0.072737 0.926488
vn 0.369228 -0.072737 0.926488
vn 0.369228 -0.072737 0.926488
vn 0.369228 -0.072737 0.926488
vn 0.369228 -0.072737 0.926488
vn 0.369228 -0.072737 0.926488
vn 0.369228 -0.072737 0.926488
vn 0.369228 -0.072737 0.926488
vn 0.369228 -0.072737 0.926488
vn 0.369228 -0.072737 0.926488
vn 0.369228 -0.072737 0.926488
vn 0.369228 -0.072737 0.926488
vn 0.369228 -0.072737 0.926488
vn 0.369228 -0.072737 0.926488
vn 0.369228 -0.072737 0.926488
vn 0.369228 -0.072737 0.926488
vn 0.369228 -0.072737 0.926488
vn 0.369228 -0.072737 0.926488
vn 0.369228 -0.072737 0.926488
vn 0.369228 -0.072737 0.926488
vn 0.369228 -0.072737 0.926488
vn 0.369228 -0.072737 0.926488
vn 0.369228 -0.072737 0.926488
vn 0.369228 -0.072737 0.926488
vn 0.369228 -0.072737 0.926488
vn 0.369228 -0.072737 0.926488
vn 0.369228 -0.072737 0.926488
vn 0.369228 -0.072737 0.926488
vn 0.369228 -0.072737 0.926488
vn 0.369228 -0.072737 0.926488
vn 0.369228 -0.072737 0.926488
vn 0.369228 -0.072737 0.926488
vn 0.369228 -0.072737 0.926488
vn 0.369228 -0.072737 0.926488
vn 0.369228 -0.072737 0.926488
vn 0.369228 -0.072737 0.926488
vn 0.369228 -0.072737 0.926488
vn 0.369228 -0.072737 0.926488
vn 0.369228 -0.072737 0.926488
vn 0.369228 -0.072737 0.926488
vn 0.369228 -0.072737 0.926488
vn 0.369228 -0.072737 0.926488
vn 0.369228 -0.072737 0.926488
vn 0.369228 -0.072737 0.926488
vn 0.369228 -0.072737 0.926488
vn 0.369228 -0.072737 0.926488
vn 0.369228 -0.072737 0.926488
vn 0.369228 -0.072737 0.926488
vn 0.369228 -0.072737 0.926488
vn 0.369228 -0.072737 0.926488
vn 0.369228 -0.072737 0.926488
vn 0.369228 -0.072737 0.926488
vn 0.369228 -0.072737 0.926488
vn 0.369228 -0.072737 0.926488
vn 0.369228 -0.072737 0.926488
vn 0.369228 -0.072737 0.926488
vn 0.369228 -0.072737 0.926488
vn 0.369228 -0.072737 0.926488
vn 0.369228 -0.072737 0.926488
vn 0.369228 -0.072737 0.926488
vn 0.369228 -0.072737 0.926488
vn 0.369228 -0.072737 0.926488
vn 0.369228 -0.072737 0.926488
vn 0.369228 -0.072737 0.926488
vn 0.369228 -0.072737 0.926488
vn 0.369228 -0.072737 0.926488
vn 0.369228 -0.072737 0.926488
vn 0.369228 -0.072737 0.926488
vn 0.369228 -0.072737 0.926488
vn 0.369228 -0.072737 0.926488
vn 0.369228 -0.072737 0.926488
vn 0.369228 -0.072737 0.926488
vn 0.369228 -0.072737 0.926488
vn 0.369228 -0.072737 0.926488
vn 0.369228 -0.072737 0.926488
vn 0.369228 -0.072737 0.926488
vn 0.369228 -0.072737 0.926488
vn 0.369228 -0.072737 0.926488
vn 0.369228 -0.072737 0.926488
vn 0.369228 -0.072737 0.926488
vn 0.369228 -0.072737 0.926488
vn 0.369228 -0.072737 0.926488
vn 0.369228 -0.072737 0.926488
vn 0.369228 -0.072737 0.926488
vn 0.369228 -0.072737 0.926488
vn 0.369228 -0.072737 0.926488
vn 0.369228 -0.072737 0.926488
vn 0.369228 -0.072737 0.926488
vn 0.369228 -0.072737 0.926488
vn 0.369228 -0.072737 0.926488
vn 0.369228 -0.072737 0.926488
vn 0.369228 -0.072737 0.926488
vn 0.369228 -0.072737 0.926488
vn 0.369228 -0.072737 0.926488
vn 0.369228 -0.072737 0.926488
vn 0.369228 -0.072737 0.926488
vn 0.369228 -0.072737 0.926488
vn 0.369228 -0.072737 0.926488
vn 0.369228 -0.072737 0.926488
vn 0.369228 -0.072737 0.926488
vn 0.369228 -0.072737 0.926488
vn 0.369228 -0.072737 0.926488
vn 0.369228 -0.072737 0.926488
vn 0.369228 -0.072737 0.926488
vn 0.369228 -0.072737 0.926488
vn 0.369228 -0.072737 0.926488
vn 0.369228 -0.072737 0.926488
vn 0.369228 -0.072737 0.926488
vn 0.369228 -0.072737 0.926488
vn 0.369228 -0.072737 0.926488
vn 0.369228 -0.072737 0.926488
vn 0.369228 -0.072737 0.926488
vn 0.369228 -0.072737 0.926488
vn 0.369228 -0.072737 0.926488
vn 0.369228 -0.072737 0.926488
vn 0.369228 -0.072737 0.926488
vn 0.369228 -0.072737 0.926488
vn 0.369228 -0.072737 0.926488
vn 0.369228 -0.072737 0.926488
vn 0.369228 -0.072737 0.926488
vn 0.369228 -0.072737 0.926488
vn 0.369228 -0.072737 0.926488
vn 0.369228 -0.072737 0.926488
vn 0.369228 -0.072737 0.926488
vn 0.369228 -0.072737 0.926488
vn 0.369228 -0.072737 0.926488
vn 0.369228 -0.072737 0.926488
vn 0.369228 -0.072737 0.926488
vn 0.369228 -0.072737 0.926488
vn 0.369228 -0.072737 0.926488
vn 0.369228 -0.072737 0.926488
vn 0.369228 -0.072737 0.926488
vn 0.369228 -0.072737 0.926488
vn 0.369228 -0.072737 0.926488
vn 0.369228 -0.072737 0.926488
vn 0.369228 -0.072737 0.926488
vn 0.369228 -0.072737 0.926488
vn 0.369228 -0.072737 0.926488
vn 0.369228 -0.072737 0.926488
vn 0.369228 -0.072737 0.926488
vn 0.369228 -0.072737 0.926488
vn 0.369228 -0.072737 0.926488
vn 0.369228 -0.072737 0.926488
vn 0.369228 -0.072737 0.926488
vn 0.369228 -0.072737 0.926488
vn 0.369228 -0.072737 0.926488
vn 0.369228 -0.072737 0.926488
vn 0.369228 -0.072737 0.926488
vn 0.369228 -0.072737 0.926488
vn 0.369228 -0.072737 0.926488
vn 0.369228 -0.072737 0.926488
vn 0.369228 -0.072737 0.926488
vn 0.369228 -0.072737 0.926488
vn 0.369228 -0.072737 0.926488
vn 0.369228 -0.072737 0.926488
vn 0.369228 -0.072737 0.926488
vn 0.369228 -0.072737 0.926488
vn 0.369228 -0.072737 0.926488
vn 0.369228 -0.072737 0.926488
vn 0.369228 -0.072737 0.926488
vn 0.369228 -0.072737 0.926488
vn 0.369228 -0.072737 0.926488
vn 0.369228 -0.072737 0.926488
vn 0.369228 -0.072737 0.926488
vn 0.369228 -0.072737 0.926488
vn 0.369228 -0.072737 0.926488
vn 0.369228 -0.072737 0.926488
vn 0.369228 -0.072737 0.926488
vn 0.369228 -0.072737 0.926488
vn 0.369228 -0.072737 0.926488
vn 0.369228 -0.072737 0.926488
vn 0.369228 -0.072737 0.926488
vn 0.369228 -0.072737 0.926488
vn 0.369228 -0.072737 0.926488
vn 0.369228 -0.072737 0.926488
vn 0.369228 -0.072737 0.926488
vn 0.369228 -0.072737 0.926488
vn 0.369228 -0.072737 0.926488
vn 0.369228 -0.072737 0.926488
vn 0.369228 -0.072737 0.926488
vn 0.369228 -0.072737 0.926488
vn 0.369228 -0.072737 0.926488
vn 0.369228 -0.072737 0.926488
vn 0.369228 -0.072737 0.926488
vn 0.369228 -0.072737 0.926488
vn 0.369228 -0.072737 0.926488
vn 0.369228 -0.072737 0.926488
vn 0.369228 -0.072737 0.926488
vn 0.369228 -0.072737 0.926488
vn 0.369228 -0.072737 0.926488
vn 0.369228 -0.072737 0.926488
vn 0.369228 -0.072737 0.926488
vn 0.369228 -0.072737 0.926488
vn 0.369228 -0.072737 0.926488
vn 0.369228 -0.072737 0.926488
vn 0.369228 -0.072737 0.926488
vn 0.369228 -0.072737 0.926488
vn 0.369228 -0.072737 0.926488
vn 0.369228 -0.072737 0.926488
vn 0.369228 -0.072737 0.926488
vn 0.369228 -0.072737 0.926488
vn 0.369228 -0.072737 0.926488
vn 0.369228 -0.072737 0.926488
vn 0.369228 -0.072737 0.926488
vn 0.369228 -0.072737 0.926488
vn 0.369228 -0.072737 0.926488
vn 0.369228 -0.072737 0.926488
vn 0.369228 -0.072737 0.926488
vn 0.369228 -0.072737 0.926488
vn 0.369228 -0.072737 0.926488
vn 0.369228 -0.072737 0.926488
vn 0.369228 -0.072737 0.926488
vn 0.369228 -0.072737 0.926488
vn 0.369228 -0.072737 0.926488
vn 0.369228 -0.072737 0.926488
vn 0.369228 -0.072737 0.926488
vn 0.369228 -0.072737 0.926488
vn 0.369228 -0.072737 0.926488
vn 0.369228 -0.072737 0.926488
vn 0.369228 -0.072737 0.926488
vn 0.369228 -0.072737 0.926488
vn 0.369228 -0.072737 0.926488
vn 0.369228 -0.072737 0.926488
vn 0.369228 -0.072737 0.926488
vn 0.369228 -0.072737 0.926488
vn 0.369228 -0.072737 0.926488
vn 0.369228 -0.072737 0.926488
vn 0.369228 -0.072737 0.926488
vn 0.369228 -0.072737 0.926488
vn 0.369228 -0.072737 0.926488
vn 0.369228 -0.072737 0.926488
vn 0.369228 -0.072737 0.926488
vn 0.369228 -0.072737 0.926488
vn 0.369228 -0.072737 0.926488
vn 0.369228 -0.072737 0.926488
vn 0.369228 -0.072737 0.926488
vn 0.369228 -0.072737 0.926488
vn 0.369228 -0.072737 0.926488
vn 0.369228 -0.072737 0.926488
vn 0.369228 -0.072737 0.926488
vn 0.369228 -0.072737 0.926488
vn 0.369228 -0.072737 0.926488
vn 0.369228 -0.072737 0.926488
vn 0.369228 -0.072737 0.926488
vn 0.369228 -0.072737 0.926488
vn 0.369228 -0.072737 0.926488
vn 0.369228 -0.072737 0.926488
vn 0.369228 -0.072737 0.926488
vn 0.369228 -0.072737 0.926488
vn 0.369228 -0.072737 0.926488
vn 0.369228 -0.072737 0.926488
vn 0.369228 -0.072737 0.926488
vn 0.369228 -0.072737 0.926488
vn 0.369228 -0.072737 0.926488
vn 0.369228 -0.072737 0.926488
vn 0.369228 -0.072737 0.926488
vn 0.369228 -0.072737 0.926488
vn 0.369228 -0.072737 0.926488
vn 0.369228 -0.072737 0.926488
vn 0.369228 -0.072737 0.926488
vn 0.369228 -0.072737 0.926488
vn 0.369228 -0.072737 0.926488
vn 0.369228 -0.072737 0.926488
vn 0.369228 -0.072737 0.926488
vn 0.369228 -0.072737 0.926488
vn 0.369228 -0.072737 0.926488
vn 0.369228 -0.072737 0.926488
vn 0.369228 -0.072737 0.926488
vn 0.369228 -0.072737 0.926488
vn 0.369228 -0.072737 0.926488
vn 0.369228 -0.072737 0.926488
vn 0.369228 -0.072737 0.926488
vn 0.369228 -0.072737 0.926488
vn 0.369228 -0.072737 0.926488
vn 0.369228 -0.072737 0.926488
vn 0.369228 -0.072737 0.926488
vn 0.369228 -0.072737 0.926488
vn 0.369228 -0.072737 0.926488
vn 0.369228 -0.072737 0.926488
vn 0.369228 -0.072737 0.926488
vn 0.369228 -0.072737 0.926488
vn 0.369228 -0.072737 0.926488
vn 0.369228 -0.072737 0.926488
vn 0.369228 -0.072737 0.926488
vn 0.369228 -0.072737 0.926488
vn 0.369228 -0.072737 0.926488
vn 0.369228 -0.072737 0.926488
vn 0.369228 -0.072737 0.926488
vn 0.369228 -0.072737 0.926488
vn 0.369228 -0.072737 0.926488
vn 0.369228 -0.072737 0.926488
vn 0.369228 -0.072737 0.926488
vn 0.369228 -0.072737 0.926488
vn 0.369228 -0.072737 0.926488
vn 0.369228 -0.072737 0.926488
vn 0.369228 -0.072737 0.926488
vn 0.369228 -0.072737 0.926488
vn 0.369228 -0.072737 0.926488
vn 0.369228 -0.072737 0.926488
vn 0.369228 -0.072737 0.926488
vn 0.369228 -0.072737 0.926488
vn 0.369228 -0.072737 0.926488
vn 0.369228 -0.072737 0.926488
vn 0.369228 -0.072737 0.926488
vn 0.369228 -0.072737 0.926488
vn 0.369228 -0.072737 0.926488
vn 0.369228 -0.072737 0.926488
vn 0.369228 -0.072737 0.926488
vn 0.369228 -0.072737 0.926488
vn 0.369228 -0.072737 0.926488
vn 0.369228 -0.072737 0.926488
vn 0.369228 -0.072737 0.926488
vn 0.369228 -0.072737 0.926488
vn 0.369228 -0.072737 0.926488
vn 0.369228 -0.072737 0.926488
vn 0.369228 -0.072737 0.926488
vn 0.369228 -0.072737 0.926488
vn 0.369228 -0.072737 0.926488
vn 0.369228 -0.072737 0.926488
vn 0.369228 -0.072737 0.926488
vn 0.369228 -0.072737 0.926488
vn 0.369228 -0.072737 0.926488
vn 0.369228 -0.072737 0.926488
vn 0.369228 -0.072737 0.926488
vn 0.369228 -0.072737 0.926488
vn 0.369228 -0.072737 0.926488
vn 0.369228 -0.072737 0.926488
vn 0.369228 -0.072737 0.926488
vn 0.369228 -0.072737 0.926488
vn 0.369228 -0.072737 0.926488
vn 0.369228 -0.072737 0.926488
vn 0.369228 -0.072737 0.926488
vn 0.369228 -0.072737 0.926488
vn 0.369228 -0.072737 0.926488
vn 0.369228 -0.072737 0.926488
vn 0.369228 -0.072737 0.926488
vn 0.369228 -0.072737 0.926488
vn 0.369228 -0.072737 0.926488
vn 0.369228 -0.072737 0.926488
vn 0.369228 -0.072737 0.926488
vn 0.369228 -0.072737 0.926488
vn 0.369228 -0.072737 0.926488
vn 0.369228 -0.072737 0.926488
vn 0.369228 -0.072737 0.926488
vn 0.369228 -0.072737 0.926488
vn 0.369228 -0.072737 0.926488
vn 0.369228 -0.072737 0.926488
vn 0.369228 -0.072737 0.926488
vn 0.369228 -0.072737 0.926488
vn 0.369228 -0.072737 0.926488
vn 0.369228 -0.072737 0.926488
vn 0.369228 -0.072737 0.926488
vn 0.369228 -0.072737 0.926488
vn 0.369228 -0.072737 0.926488
vn 0.369228 -0.072737 0.926488
vn 0.369228 -0.072737 0.926488
vn 0.369228 -0.072737 0.926488
vn 0.369228 -0.072737 0.926488
vn 0.369228 -0.072737 0.926488
vn 0.369228 -0.072737 0.926488
vn 0.369228 -0.072737 0.926488
vn 0.369228 -0.072737 0.926488
vn 0.369228 -0.072737 0.926488
vn 0.369228 -0.072737 0.926488
vn 0.369228 -0.072737 0.926488
vn 0.369228 -0.072737 0.926488
vn 0.369228 -0.072737 0.926488
vn 0.369228 -0.072737 0.926488
vn 0.369228 -0.072737 0.926488
vn 0.369228 -0.072737 0.926488
vn 0.369228 -0.072737 0.926488
vn 0.369228 -0.072737 0.926488
vn 0.369228 -0.072737 0.926488
vn 0.369228 -0.072737 0.926488
vn 0.369228 -0.072737 0.926488
vn 0.369228 -0.072737 0.926488
vn 0.369228 -0.072737 0.926488
vn 0.369228 -0.072737 0.926488
vn 0.369228 -0.072737 0.926488
vn 0.369228 -0.072737 0.926488
vn 0.369228 -0.072737 0.926488
vn 0.369228 -0.072737 0.926488
vn 0.369228 -0.072737 0.926488
vn 0.369228 -0.072737 0.926488
vn 0.369228 -0.072737 0.926488
vn 0.369228 -0.072737 0.926488
vn 0.369228 -0.072737 0.926488
vn 0.369228 -0.072737 0.926488
vn 0.369228 -0.072737 0.926488
vn 0.369228 -0.072737 0.926488
vn 0.369228 -0.072737 0.926488
vn 0.369228 -0.072737 0.926488
vn 0.369228 -0.072737 0.926488
vn 0.369228 -0.072737 0.926488
vn 0.369228 -0.072737 0.926488
vn 0.369228 -0.072737 0.926488
vn 0.369228 -0.072737 0.926488
vn 0.369228 -0.072737 0.926488
vn -0.350660 0.071083 0.933801
vn -0.350660 0.071083 0.933801
vn -0.350660 0.071083 0.933801
vn -0.350660 0.071083 0.933801
vn -0.350660 0.071083 0.933801
vn -0.350660 0.071083 0.933801
vn -0.350660 0.071083 0.933801
vn -0.350660 0.071083 0.933801
vn -0.350660 0.071083 0.933801
vn -0.350660 0.071083 0.933801
vn -0.350660 0.071083 0.933801
vn -0.350660 0.071083 0.933801
vn -0.350660 0.071083 0.933801
vn -0.350660 0.071083 0.933801
vn -0.350660 0.071083 0.933801
vn -0.350660 0.071083 0.933801
vn -0.350660 0.071083 0.933801
vn -0.350660 0.071083 0.933801
vn -0.350660 0.071083 0.933801
vn -0.350660 0.071083 0.933801
vn -0.350660 0.071083 0.933801
vn -0.350660 0.071083 0.933801
vn -0.350660 0.071083 0.933801
vn -0.350660 0.071083 0.933801
vn -0.350660 0.071083 0.933801
vn -0.350660 0.071083 0.933801
vn -0.350660 0.071083 0.933801
vn -0.350660 0.071083 0.933801
vn -0.350660 0.071083 0.933801
vn -0.350660 0.071083 0.933801
vn -0.350660 0.071083 0.933801
vn -0.350660 0.071083 0.933801
vn -0.350660 0.071083 0.933801
vn -0.350660 0.071083 0.933801
vn -0.350660 0.071083 0.933801
vn -0.350660 0.071083 0.933801
vn -0.350660 0.071083 0.933801
vn -0.350660 0.071083 0.933801
vn -0.350660 0.071083 0.933801
vn -0.350660 0.071083 0.933801
vn -0.350660 0.071083 0.933801
vn -0.350660 0.071083 0.933801
vn -0.350660 0.071083 0.933801
vn -0.350660 0.071083 0.933801
vn -0.350660 0.071083 0.933801
vn -0.350660 0.071083 0.933801
vn -0.350660 0.071083 0.933801
vn -0.350660 0.071083 0.933801
vn -0.350660 0.071083 0.933801
vn -0.350660 0.071083 0.933801
vn -0.350660 0.071083 0.933801
vn -0.350660 0.071083 0.933801
vn -0.350660 0.071083 0.933801
vn -0.350660 0.071083 0.933801
vn -0.350660 0.071083 0.933801
vn -0.350660 0.071083 0.933801
vn -0.350660 0.071083 0.933801
vn -0.350660 0.071083 0.933801
vn -0.350660 0.071083 0.933801
vn -0.350660 0.071083 0.933801
vn -0.350660 0.071083 0.933801
vn -0.350660 0.071083 0.933801
vn -0.350660 0.071083 0.933801
vn -0.350660 0.071083 0.933801
vn -0.350660 0.071083 0.933801
vn -0.350660 0.071083 0.933801
vn -0.350660 0.071083 0.933801
vn -0.350660 0.071083 0.933801
vn -0.350660 0.071083 0.933801
vn -0.350660 0.071083 0.933801
vn -0.350660 0.071083 0.933801
vn -0.350660 0.071083 0.933801
vn -0.350660 0.071083 0.933801
vn -0.350660 0.071083 0.933801
vn -0.350660 0.071083 0.933801
vn -0.350660 0.071083 0.933801
vn -0.350660 0.071083 0.933801
vn -0.350660 0.071083 0.933801
vn -0.350660 0.071083 0.933801
vn -0.350660 0.071083 0.933801
vn -0.350660 0.071083 0.933801
vn -0.350660 0.071083 0.933801
vn -0.350660 0.071083 0.933801
vn -0.350660 0.071083 0.933801
vn -0.350660 0.071083 0.933801
vn -0.350660 0.071083 0.933801
vn -0.350660 0.071083 0.933801
vn -0.350660 0.071083 0.933801
vn -0.350660 0.071083 0.933801
vn -0.350660 0.071083 0.933801
vn -0.350660 0.071083 0.933801
vn -0.350660 0.071083 0.933801
vn -0.350660 0.071083 0.933801
vn -0.350660 0.071083 0.933801
vn -0.350660 0.071083 0.933801
vn -0.350660 0.071083 0.933801
vn -0.350660 0.071083 0.933801
vn -0.350660 0.071083 0.933801
vn -0.350660 0.071083 0.933801
vn -0.350660 0.071083 0.933801
vn -0.350660 0.071083 0.933801
vn -0.350660 0.071083 0.933801
vn -0.350660 0.071083 0.933801
vn -0.350660 0.071083 0.933801
vn -0.350660 0.071083 0.933801
vn -0.350660 0.071083 0.933801
vn -0.350660 0.071083 0.933801
vn -0.350660 0.071083 0.933801
vn -0.350660 0.071083 0.933801
vn -0.350660 0.071083 0.933801
vn -0.350660 0.071083 0.933801
vn -0.350660 0.071083 0.933801
vn -0.350660 0.071083 0.933801
vn -0.350660 0.071083 0.933801
vn -0.350660 0.071083 0.933801
vn -0.350660 0.071083 0.933801
vn -0.350660 0.071083 0.933801
vn -0.350660 0.071083 0.933801
vn -0.350660 0.071083 0.933801
vn -0.350660 0.071083 0.933801
vn -0.350660 0.071083 0.933801
vn -0.350660 0.071083 0.933801
vn -0.350660 0.071083 0.933801
vn -0.350660 0.071083 0.933801
vn -0.350660 0.071083 0.933801
vn -0.350660 0.071083 0.933801
vn -0.350660 0.071083 0.933801
vn -0.350660 0.071083 0.933801
vn -0.350660 0.071083 0.933801
vn -0.350660 0.071083 0.933801
vn -0.350660 0.071083 0.933801
vn -0.350660 0.071083 0.933801
vn -0.350660 0.071083 0.933801
vn -0.350660 0.071083 0.933801
vn -0.350660 0.071083 0.933801
vn -0.350660 0.071083 0.933801
vn -0.350660 0.071083 0.933801
vn -0.350660 0.071083 0.933801
vn -0.350660 0.071083 0.933801
vn -0.350660 0.071083 0.933801
vn -0.350660 0.071083 0.933801
vn -0.350660 0.071083 0.933801
vn -0.350660 0.071083 0.933801
vn -0.350660 0.071083 0.933801
vn -0.350660 0.071083 0.933801
vn -0.350660 0.071083 0.933801
vn -0.350660 0.071083 0.933801
vn -0.350660 0.071083 0.933801
vn -0.350660 0.071083 0.933801
vn -0.350660 0.071083 0.933801
vn -0.350660 0.071083 0.933801
vn -0.350660 0.071083 0.933801
vn -0.350660 0.071083 0.933801
vn -0.350660 0.071083 0.933801
vn -0.350660 0.071083 0.933801
vn -0.350660 0.071083 0.933801
vn -0.350660 0.071083 0.933801
vn -0.350660 0.071083 0.933801
vn -0.350660 0.071083 0.933801
vn -0.350660 0.071083 0.933801
vn -0.350660 0.071083 0.933801
vn -0.350660 0.071083 0.933801
vn -0.350660 0.071083 0.933801
vn -0.350660 0.071083 0.933801
vn -0.350660 0.071083 0.933801
vn -0.350660 0.071083 0.933801
vn -0.350660 0.071083 0.933801
vn -0.350660 0.071083 0.933801
vn -0.350660 0.071083 0.933801
vn -0.350660 0.071083 0.933801
vn -0.350660 0.071083 0.933801
vn -0.350660 0.071083 0.933801
vn -0.350660 0.071083 0.933801
vn -0.350660 0.071083 0.933801
vn -0.350660 0.071083 0.933801
vn -0.350660 0.071083 0.933801
vn -0.350660 0.071083 0.933801
vn -0.350660 0.071083 0.933801
vn -0.350660 0.071083 0.933801
vn -0.350660 0.071083 0.933801
vn -0.350660 0.071083 0.933801
vn -0.350660 0.071083 0.933801
vn -0.350660 0.071083 0.933801
vn -0.350660 0.071083 0.933801
vn -0.350660 0.071083 0.933801
vn -0.350660 0.071083 0.933801
vn -0.350660 0.071083 0.933801
vn -0.350660 0.071083 0.933801
vn -0.350660 0.071083 0.933801
vn -0.350660 0.071083 0.933801
vn -0.350660 0.071083 0.933801
vn -0.350660 0.071083 0.933801
vn -0.350660 0.071083 0.933801
vn -0.350660 0.071083 0.933801
vn -0.350660 0.071083 0.933801
vn -0.350660 0.071083 0.933801
vn -0.350660 0.071083 0.933801
vn -0.350660 0.071083 0.933801
vn -0.350660 0.071083 0.933801
vn -0.350660 0.071083 0.933801
vn -0.350660 0.071083 0.933801
vn -0.350660 0.071083 0.933801
vn -0.350660 0.071083 0.933801
vn -0.350660 0.071083 0.933801
vn -0.350660 0.071083 0.933801
vn -0.350660 0.071083 0.933801
vn -0.350660 0.071083 0.933801
vn -0.350660 0.071083 0.933801
vn -0.350660 0.071083 0.933801
vn -0.350660 0.071083 0.933801
vn -0.350660 0.071083 0.933801
vn -0.350660 0.071083 0.933801
vn -0.350660 0.071083 0.933801
vn -0.350660 0.071083 0.933801
vn -0.350660 0.071083 0.933801
vn -0.350660 0.071083 0.933801
vn -0.350660 0.071083 0.933801
vn -0.350660 0.071083 0.933801
vn -0.350660 0.071083 0.933801
vn -0.350660 0.071083 0.933801
vn -0.350660 0.071083 0.933801
vn -0.350660 0.071083 0.933801
vn -0.350660 0.071083 0.933801
vn -0.350660 0.071083 0.933801
vn -0.350660 0.071083 0.933801
vn -0.350660 0.071083 0.933801
vn -0.350660 0.071083 0.933801
vn -0.350660 0.071083 0.933801
vn -0.350660 0.071083 0.933801
vn -0.350660 0.071083 0.933801
vn -0.350660 0.071083 0.933801
vn -0.350660 0.071083 0.933801
vn -0.350660 0.071083 0.933801
vn -0.350660 0.071083 0.933801
vn -0.350660 0.071083 0.933801
vn -0.350660 0.071083 0.933801
vn -0.350660 0.071083 0.933801
vn -0.350660 0.071083 0.933801
vn -0.350660 0.071083 0.933801
vn -0.350660 0.071083 0.933801
vn -0.350660 0.071083 0.933801
vn -0.350660 0.071083 0.933801
vn -0.350660 0.071083 0.933801
vn -0.350660 0.071083 0.933801
vn -0.350660 0.071083 0.933801
vn -0.350660 0.071083 0.933801
vn -0.350660 0.071083 0.933801
vn -0.350660 0.071083 0.933801
vn -0.350660 0.071083 0.933801
vn -0.350660 0.071083 0.933801
vn -0.350660 0.071083 0.933801
vn -0.350660 0.071083 0.933801
vn -0.350660 0.071083 0.933801
vn -0.350660 0.071083 0.933801
vn -0.350660 0.071083 0.933801
vn -0.350660 0.071083 0.933801
vn -0.350660 0.071083 0.933801
vn -0.350660 0.071083 0.933801
vn -0.350660 0.071083 0.933801
vn -0.350660 0.071083 0.933801
vn -0.350660 0.071083 0.933801
vn -0.350660 0.071083 0.933801
vn -0.350660 0.071083 0.933801
vn -0.350660 0.071083 0.933801
vn -0.350660 0.071083 0.933801
vn -0.350660 0.071083 0.933801
vn -0.350660 0.071083 0.933801
vn -0.350660 0.071083 0.933801
vn -0.350660 0.071083 0.933801
vn -0.350660 0.071083 0.933801
vn -0.350660 0.071083 0.933801
vn -0.350660 0.071083 0.933801
vn -0.350660 0.071083 0.933801
vn -0.350660 0.071083 0.933801
vn -0.350660 0.071083 0.933801
vn -0.350660 0.071083 0.933801
vn -0.350660 0.071083 0.933801
vn -0.350660 0.071083 0.933801
vn -0.350660 0.071083 0.933801
vn -0.350660 0.071083 0.933801
vn -0.350660 0.071083 0.933801
vn -0.350660 0.071083 0.933801
vn -0.350660 0.071083 0.933801
vn -0.350660 0.071083 0.933801
vn -0.350660 0.071083 0.933801
vn -0.350660 0.071083 0.933801
vn -0.350660 0.071083 0.933801
vn -0.350660 0.071083 0.933801
vn -0.350660 0.071083 0.933801
vn -0.350660 0.071083 0.933801
vn -0.350660 0.071083 0.933801
vn -0.350660 0.071083 0.933801
vn -0.350660 0.071083 0.933801
vn -0.350660 0.071083 0.933801
vn -0.350660 0.071083 0.933801
vn -0.350660 0.071083 0.933801
vn -0.350660 0.071083 0.933801
vn -0.350660 0.071083 0.933801
vn -0.350660 0.071083 0.933801
vn -0.350660 0.071083 0.933801
vn -0.350660 0.071083 0.933801
vn -0.350660 0.071083 0.933801
vn -0.350660 0.071083 0.933801
vn -0.350660 0.071083 0.933801
vn -0.350660 0.071083 0.933801
vn -0.350660 0.071083 0.933801
vn -0.350660 0.071083 0.933801
vn -0.350660 0.071083 0.933801
vn -0.350660 0.071083 0.933801
vn -0.350660 0.071083 0.933801
vn -0.350660 0.071083 0.933801
vn -0.350660 0.071083 0.933801
vn -0.350660 0.071083 0.933801
vn -0.350660 0.071083 0.933801
vn -0.350660 0.071083 0.933801
vn -0.350660 0.071083 0.933801
vn -0.350660 0.071083 0.933801
vn -0.350660 0.071083 0.933801
vn -0.350660 0.071083 0.933801
vn -0.350660 0.071083 0.933801
vn -0.350660 0.071083 0.933801
vn -0.350660 0.071083 0.933801
vn -0.350660 0.071083 0.933801
vn -0.350660 0.071083 0.933801
vn -0.350660 0.071083 0.933801
vn -0.350660 0.071083 0.933801
vn -0.350660 0.071083 0.933801
vn -0.350660 0.071083 0.933801
vn -0.350660 0.071083 0.933801
vn -0.350660 0.071083 0.933801
vn -0.350660 0.071083 0.933801
vn -0.350660 0.071083 0.933801
vn -0.350660 0.071083 0.933801
vn -0.350660 0.071083 0.933801
vn -0.350660 0.071083 0.933801
vn -0.350660 0.071083 0.933801
vn -0.350660 0.071083 0.933801
vn -0.350660 0.071083 0.933801
vn -0.350660 0.071083 0.933801
vn -0.350660 0.071083 0.933801
vn -0.350660 0.071083 0.933801
vn -0.350660 0.071083 0.933801
vn -0.350660 0.071083 0.933801
vn -0.350660 0.071083 0.933801
vn -0.350660 0.071083 0.933801
vn -0.350660 0.071083 0.933801
vn -0.350660 0.071083 0.933801
vn -0.350660 0.071083 0.933801
vn -0.350660 0.071083 0.933801
vn -0.350660 0.071083 0.933801
vn -0.350660 0.071083 0.933801
vn -0.350660 0.071083 0.933801
vn -0.350660 0.071083 0.933801
vn -0.350660 0.071083 0.933801
vn -0.350660 0.071083 0.933801
vn -0.350660 0.071083 0.933801
vn -0.350660 0.071083 0.933801
vn -0.350660 0.071083 0.933801
vn -0.350660 0.071083 0.933801
vn -0.350660 0.071083 0.933801
vn -0.350660 0.071083 0.933801
vn -0.350660 0.071083 0.933801
vn -0.350660 0.071083 0.933801
vn -0.350660 0.071083 0.933801
vn -0.350660 0.071083 0.933801
vn -0.350660 0.071083 0.933801
vn -0.350660 0.071083 0.933801
vn -0.350660 0.071083 0.933801
vn -0.350660 0.071083 0.933801
vn -0.350660 0.071083 0.933801
vn -0.350660 0.071083 0.933801
vn -0.350660 0.071083 0.933801
vn -0.350660 0.071083 0.933801
vn -0.350660 0.071083 0.933801
vn -0.350660 0.071083 0.933801
vn -0.350660 0.071083 0.933801
vn -0.350660 0.071083 0.933801
vn -0.350660 0.071083 0.933801
vn -0.350660 0.071083 0.933801
vn -0.350660 0.071083 0.933801
vn -0.350660 0.071083 0.933801
vn -0.350660 0.071083 0.933801
vn -0.350660 0.071083 0.933801
vn -0.350660 0.071083 0.933801
vn -0.350660 0.071083 0.933801
vn -0.350660 0.071083 0.933801
vn -0.350660 0.071083 0.933801
vn -0.350660 0.071083 0.933801
vn -0.350660 0.071083 0.933801
vn -0.350660 0.071083 0.933801
vn -0.350660 0.071083 0.933801
vn -0.350660 0.071083 0.933801
vn -0.350660 0.071083 0.933801
vn -0.350660 0.071083 0.933801
vn -0.350660 0.071083 0.933801
vn -0.350660 0.071083 0.933801
vn -0.350660 0.071083 0.933801
vn -0.350660 0.071083 0.933801
vn -0.350660 0.071083 0.933801
vn -0.350660 0.071083 0.933801
vn -0.350660 0.071083 0.933801
vn -0.350660 0.071083 0.933801
vn -0.350660 0.071083 0.933801
vn -0.350660 0.071083 0.933801
vn -0.350660 0.071083 0.933801
vn -0.350660 0.071083 0.933801
vn -0.350660 0.071083 0.933801
vn -0.350660 0.071083 0.933801
vn -0.350660 0.071083 0.933801
vn -0.350660 0.071083 0.933801
vn -0.350660 0.071083 0.933801
vn -0.350660 0.071083 0.933801
vn -0.350660 0.071083 0.933801
vn -0.350660 0.071083 0.933801
vn -0.350660 0.071083 0.933801
vn -0.350660 0.071083 0.933801
vn -0.350660 0.071083 0.933801
vn -0.350660 0.071083 0.933801
vn -0.350660 0.071083 0.933801
vn -0.350660 0.071083 0.933801
vn -0.350660 0.071083 0.933801
vn -0.350660 0.071083 0.933801
vn -0.350660 0.071083 0.933801
vn -0.350660 0.071083 0.933801
vn -0.350660 0.071083 0.933801
vn -0.350660 0.071083 0.933801
vn -0.350660 0.071083 0.933801
vn -0.350660 0.071083 0.933801
vn -0.350660 0.071083 0.933801
vn -0.350660 0.071083 0.933801
vn -0.350660 0.071083 0.933801
vn -0.350660 0.071083 0.933801
vn -0.350660 0.071083 0.933801
vn -0.350660 0.071083 0.933801
vn -0.350660 0.071083 0.933801
vn -0.350660 0.071083 0.933801
vn -0.350660 0.071083 0.933801
vn -0.350660 0.071083 0.933801
vn -0.350660 0.071083 0.933801
vn -0.350660 0.071083 0.933801
vn -0.350660 0.071083 0.933801
vn -0.350660 0.071083 0.933801
vn -0.350660 0.071083 0.933801
vn -0.350660 0.071083 0.933801
vn -0.350660 0.071083 0.933801
vn -0.350660 0.071083 0.933801
vn -0.350660 0.071083 0.933801
vn -0.350660 0.071083 0.933801
vn -0.350660 0.071083 0.933801
vn -0.350660 0.071083 0.933801
vn -0.350660 0.071083 0.933801
vn -0.350660 0.071083 0.933801
vn -0.350660 0.071083 0.933801
vn -0.350660 0.071083 0.933801
vn -0.350660 0.071083 0.933801
vn -0.350660 0.071083 0.933801
vn -0.350660 0.071083 0.933801
vn -0.350660 0.071083 0.933801
vn -0.350660 0.071083 0.933801
vn -0.350660 0.071083 0.933801
vn -0.350660 0.071083 0.933801
vn -0.350660 0.071083 0.933801
vn -0.350660 0.071083 0.933801
vn -0.350660 0.071083 0.933801
vn -0.350660 0.071083 0.933801
vn -0.350660 0.071083 0.933801
vn -0.350660 0.071083 0.933801
vn -0.350660 0.071083 0.933801
vn -0.350660 0.071083 0.933801
vn -0.350660 0.071083 0.933801
vn -0.350660 0.071083 0.933801
vn -0.350660 0.071083 0.933801
vn -0.350660 0.071083 0.933801
vn -0.350660 0.071083 0.933801
vn -0.350660 0.071083 0.933801
vn -0.350660 0.071083 0.933801
vn -0.350660 0.071083 0.933801
vn -0.350660 0.071083 0.933801
vn -0.350660 0.071083 0.933801
vn -0.350660 0.071083 0.933801
vn -0.350660 0.071083 0.933801
vn -0.350660 0.071083 0.933801
vn -0.350660 0.071083 0.933801
vn -0.350660 0.071083 0.933801
vn -0.350660 0.071083 0.933801
vn -0.350660 0.071083 0.933801
vn -0.350660 0.071083 0.933801
vn -0.350660 0.071083 0.933801
vn -0.350660 0.071083 0.933801
vn -0.350660 0.071083 0.933801
vn -0.350660 0.071083 0.933801
vn -0.350660 0.071083 0.933801
vn -0.350660 0.071083 0.933801
vn -0.350660 0.071083 0.933801
vn -0.350660 0.071083 0.933801
vn -0.350660 0.071083 0.933801
vn -0.350660 0.071083 0.933801
vn -0.350660 0.071083 0.933801
vn -0.350660 0.071083 0.933801
vn -0.350660 0.071083 0.933801
vn -0.350660 0.071083 0.933801
vn -0.350660 0.071083 0.933801
vn -0.350660 0.071083 0.933801
vn -0.350660 0.071083 0.933801
vn -0.350660 0.071083 0.933801
vn -0.350660 0.071083 0.933801
vn -0.350660 0.071083 0.933801
vn -0.350660 0.071083 0.933801
vn -0.350660 0.071083 0.933801
vn -0.350660 0.071083 0.933801
vn -0.350660 0.071083 0.933801
vn -0.350660 0.071083 0.933801
vn -0.350660 0.071083 0.933801
vn -0.350660 0.071083 0.933801
vn -0.350660 0.071083 0.933801
vn -0.350660 0.071083 0.933801
vn -0.350660 0.071083 0.933801
vn -0.350660 0.071083 0.933801
vn -0.350660 0.071083 0.933801
vn -0.350660 0.071083 0.933801
vn -0.350660 0.071083 0.933801
vn -0.350660 0.071083 0.933801
vn -0.350660 0.071083 0.933801
vn -0.350660 0.071083 0.933801
vn -0.350660 0.071083 0.933801
vn -0.350660 0.071083 0.933801
vn -0.350660 0.071083 0.933801
vn -0.350660 0.071083 0.933801
vn -0.350660 0.071083 0.933801
vn -0.350660 0.071083 0.933801
vn -0.350660 0.071083 0.933801
vn -0.350660 0.071083 0.933801
vn -0.350660 0.071083 0.933801
vn -0.350660 0.071083 0.933801
vn -0.350660 0.071083 0.933801
vn -0.350660 0.071083 0.933801
vn -0.350660 0.071083 0.933801
vn -0.350660 0.071083 0.933801
vn -0.350660 0.071083 0.933801
vn -0.350660 0.071083 0.933801
vn -0.350660 0.071083 0.933801
vn -0.350660 0.071083 0.933801
vn -0.350660 0.071083 0.933801
vn -0.350660 0.071083 0.933801
vn -0.350660 0.071083 0.933801
vn -0.350660 0.071083 0.933801
vn -0.350660 0.071083 0.933801
vn -0.350660 0.071083 0.933801
vn -0.350660 0.071083 0.933801
vn -0.350660 0.071083 0.933801
vn -0.350660 0.071083 0.933801
vn -0.350660 0.071083 0.933801
vn -0.350660 0.071083 0.933801
vn -0.350660 0.071083 0.933801
vn -0.350660 0.071083 0.933801
vn -0.350660 0.071083 0.933801
vn -0.350660 0.071083 0.933801
vn -0.350660 0.071083 0.933801
vn -0.350660 0.071083 0.933801
vn -0.350660 0.071083 0.933801
vn -0.350660 0.071083 0.933801
vn -0.350660 0.071083 0.933801
vn -0.350660 0.071083 0.933801
vn -0.350660 0.071083 0.933801
vn -0.350660 0.071083 0.933801
vn -0.350660 0.071083 0.933801
vn -0.350660 0.071083 0.933801
vn -0.350660 0.071083 0.933801
vn -0.350660 0.071083 0.933801
vn -0.350660 0.071083 0.933801
vn -0.350660 0.071083 0.933801
vn -0.350660 0.071083 0.933801
vn -0.350660 0.071083 0.933801
vn -0.350660 0.071083 0.933801
vn -0.350660 0.071083 0.933801
vn -0.350660 0.071083 0.933801
vn -0.350660 0.071083 0.933801
vn -0.350660 0.071083 0.933801
vn -0.350660 0.071083 0.933801
vn -0.350660 0.071083 0.933801
vn -0.350660 0.071083 0.933801
vn -0.350660 0.071083 0.933801
vn -0.350660 0.071083 0.933801
vn -0.350660 0.071083 0.933801
vn -0.350660 0.071083 0.933801
vn -0.350660 0.071083 0.933801
vn -0.350660 0.071083 0.933801
vn -0.350660 0.071083 0.933801
vn -0.350660 0.071083 0.933801
vn -0.350660 0.071083 0.933801
vn -0.350660 0.071083 0.933801
vn -0.350660 0.071083 0.933801
vn -0.350660 0.071083 0.933801
vn -0.350660 0.071083 0.933801
vn -0.350660 0.071083 0.933801
vn -0.350660 0.071083 0.933801
vn -0.350660 0.071083 0.933801
vn -0.350660 0.071083 0.933801
vn -0.350660 0.071083 0.933801
vn -0.350660 0.071083 0.933801
vn -0.350660 0.071083 0.933801
vn -0.350660 0.071083 0.933801
vn -0.350660 0.071083 0.933801
vn -0.350660 0.071083 0.933801
vn -0.350660 0.071083 0.933801
vn -0.350660 0.071083 0.933801
vn -0.350660 0.071083 0.933801
vn -0.350660 0.071083 0.933801
vn -0.350660 0.071083 0.933801
vn -0.350660 0.071083 0.933801
vn -0.350660 0.071083 0.933801
vn -0.350660 0.071083 0.933801
vn -0.350660 0.071083 0.933801
vn -0.350660 0.071083 0.933801
vn -0.350660 0.071083 0.933801
vn -0.350660 0.071083 0.933801
vn -0.350660 0.071083 0.933801
vn -0.350660 0.071083 0.933801
vn -0.350660 0.071083 0.933801
vn -0.350660 0.071083 0.933801
vn -0.350660 0.071083 0.933801
vn -0.350660 0.071083 0.933801
vn -0.350660 0.071083 0.933801
vn -0.350660 0.071083 0.933801
vn -0.350660 0.071083 0.933801
vn -0.350660 0.071083 0.933801
vn -0.350660 0.071083 0.933801
vn -0.350660 0.071083 0.933801
vn -0.350660 0.071083 0.933801
vn -0.350660 0.071083 0.933801
vn -0.350660 0.071083 0.933801
vn -0.350660 0.071083 0.933801
vn -0.350660 0.071083 0.933801
vn -0.350660 0.071083 0.933801
vn -0.350660 0.071083 0.933801
vn -0.350660 0.071083 0.933801
vn -0.350660 0.071083 0.933801
vn -0.350660 0.071083 0.933801
vn -0.350660 0.071083 0.933801
vn -0.350660 0.071083 0.933801
vn -0.350660 0.071083 0.933801
vn -0.350660 0.071083 0.933801
vn -0.350660 0.071083 0.933801
vn -0.350660 0.071083 0.933801
vn -0.350660 0.071083 0.933801
vn -0.350660 0.071083 0.933801
vn -0.350660 0.071083 0.933801
vn -0.350660 0.071083 0.933801
vn -0.350660 0.071083 0.933801
vn -0.350660 0.071083 0.933801
vn -0.350660 0.071083 0.933801
vn -0.350660 0.071083 0.933801
vn -0.350660 0.071083 0.933801
vn -0.350660 0.071083 0.933801
vn -0.350660 0.071083 0.933801
vn -0.350660 0.071083 0.933801
vn -0.350660 0.071083 0.933801
vn -0.350660 0.071083 0.933801
vn -0.350660 0.071083 0.933801
vn -0.350660 0.071083 0.933801
vn -0.350660 0.071083 0.933801
vn -0.350660 0.071083 0.933801
vn -0.350660 0.071083 0.933801
vn -0.350660 0.071083 0.933801
vn -0.350660 0.071083 0.933801
vn -0.350660 0.071083 0.933801
vn -0.350660 0.071083 0.933801
vn -0.350660 0.071083 0.933801
vn -0.350660 0.071083 0.933801
vn -0.350660 0.071083 0.933801
vn -0.350660 0.071083 0.933801
vn -0.350660 0.071083 0.933801
vn -0.350660 0.071083 0.933801
vn -0.350660 0.071083 0.933801
vn -0.350660 0.071083 0.933801
vn -0.350660 0.071083 0.933801
vn -0.350660 0.071083 0.933801
vn -0.350660 0.071083 0.933801
vn -0.350660 0.071083 0.933801
vn -0.350660 0.071083 0.933801
vn -0.350660 0.071083 0.933801
vn -0.350660 0.071083 0.933801
vn -0.350660 0.071083 0.933801
vn -0.350660 0.071083 0.933801
vn -0.350660 0.071083 0.933801
vn -0.350660 0.071083 0.933801
vn -0.350660 0.071083 0.933801
vn -0.350660 0.071083 0.933801
vn -0.350660 0.071083 0.933801
vn -0.350660 0.071083 0.933801
vn -0.350660 0.071083 0.933801
vn -0.350660 0.071083 0.933801
vn -0.350660 0.071083 0.933801
vn -0.350660 0.071083 0.933801
vn -0.350660 0.071083 0.933801
vn -0.350660 0.071083 0.933801
vn -0.350660 0.071083 0.933801
vn -0.350660 0.071083 0.933801
vn -0.350660 0.071083 0.933801
vn -0.350660 0.071083 0.933801
vn -0.350660 0.071083 0.933801
vn -0.350660 0.071083 0.933801
vn -0.350660 0.071083 0.933801
vn -0.350660 0.071083 0.933801
vn -0.350660 0.071083 0.933801
vn -0.350660 0.071083 0.933801
vn -0.350660 0.071083 0.933801
vn -0.350660 0.071083 0.933801
vn -0.350660 0.071083 0.933801
vn -0.350660 0.071083 0.933801
vn -0.350660 0.071083 0.933801
vn -0.350660 0.071083 0.933801
vn -0.350660 0.071083 0.933801
vn -0.350660 0.071083 0.933801
vn -0.350660 0.071083 0.933801
vn -0.350660 0.071083 0.933801
vn -0.350660 0.071083 0.933801
vn -0.350660 0.071083 0.933801
vn -0.350660 0.071083 0.933801
vn -0.350660 0.071083 0.933801
vn -0.350660 0.071083 0.933801
vn -0.350660 0.071083 0.933801
vn -0.350660 0.071083 0.933801
vn -0.350660 0.071083 0.933801
vn -0.350660 0.071083 0.933801
vn -0.350660 0.071083 0.933801
vn -0.350660 0.071083 0.933801
vn -0.350660 0.071083 0.933801
vn -0.350660 0.071083 0.933801
vn -0.350660 0.071083 0.933801
vn -0.350660 0.071083 0.933801
vn -0.350660 0.071083 0.933801
vn -0.350660 0.071083 0.933801
vn -0.350660 0.071083 0.933801
vn -0.350660 0.071083 0.933801
vn -0.350660 0.071083 0.933801
vn -0.350660 0.071083 0.933801
vn -0.350660 0.071083 0.933801
vn -0.350660 0.071083 0.933801
vn -0.350660 0.071083 0.933801
vn -0.350660 0.071083 0.933801
vn -0.350660 0.071083 0.933801
vn -0.350660 0.071083 0.933801
vn -0.350660 0.071083 0.933801
vn -0.350660 0.071083 0.933801
vn -0.350660 0.071083 0.933801
vn -0.350660 0.071083 0.933801
vn -0.350660 0.071083 0.933801
vn -0.350660 0.071083 0.933801
vn -0.350660 0.071083 0.933801
vn -0.350660 0.071083 0.933801
vn -0.350660 0.071083 0.933801
vn -0.350660 0.071083 0.933801
vn -0.350660 0.071083 0.933801
vn -0.350660 0.071083 0.933801
vn -0.350660 0.071083 0.933801
vn -0.350660 0.071083 0.933801
vn -0.350660 0.071083 0.933801
vn -0.350660 0.071083 0.933801
vn -0.350660 0.071083 0.933801
vn -0.350660 0.071083 0.933801
vn -0.350660 0.071083 0.933801
vn -0.350660 0.071083 0.933801
vn -0.350660 0.071083 0.933801
vn -0.350660 0.071083 0.933801
vn -0.350660 0.071083 0.933801
vn -0.350660 0.071083 0.933801
vn -0.350660 0.071083 0.933801
vn -0.350660 0.071083 0.933801
vn -0.350660 0.071083 0.933801
vn -0.350660 0.071083 0.933801
vn -0.350660 0.071083 0.933801
vn -0.350660 0.071083 0.933801
vn -0.350660 0.071083 0.933801
vn -0.350660 0.071083 0.933801
vn -0.350660 0.071083 0.933801
vn -0.350660 0.071083 0.933801
vn -0.350660 0.071083 0.933801
vn -0.350660 0.071083 0.933801
vn -0.350660 0.071083 0.933801
vn -0.350660 0.071083 0.933801
vn -0.350660 0.071083 0.933801
vn -0.350660 0.071083 0.933801
vn -0.350660 0.071083 0.933801
vn -0.350660 0.071083 0.933801
vn -0.350660 0.071083 0.933801
vn -0.350660 0.071083 0.933801
vn -0.350660 0.071083 0.933801
vn -0.350660 0.071083 0.933801
vn -0.350660 0.071083 0.933801
vn -0.350660 0.071083 0.933801
vn -0.350660 0.071083 0.933801
vn -0.350660 0.071083 0.933801
vn -0.350660 0.071083 0.933801
vn -0.350660 0.071083 0.933801
vn -0.350660 0.071083 0.933801
vn -0.350660 0.071083 0.933801
vn -0.350660 0.071083 0.933801
vn -0.350660 0.071083 0.933801
vn -0.350660 0.071083 0.933801
vn -0.350660 0.071083 0.933801
vn -0.350660 0.071083 0.933801
vn -0.350660 0.071083 0.933801
vn -0.350660 0.071083 0.933801
vn -0.350660 0.071083 0.933801
vn -0.350660 0.071083 0.933801
vn -0.350660 0.071083 0.933801
vn -0.350660 0.071083 0.933801
vn -0.350660 0.071083 0.933801
vn -0.350660 0.071083 0.933801
vn -0.350660 0.071083 0.933801
vn -0.350660 0.071083 0.933801
vn -0.350660 0.071083 0.933801
vn -0.350660 0.071083 0.933801
vn -0.350660 0.071083 0.933801
vn -0.350660 0.071083 0.933801
vn -0.350660 0.071083 0.933801
vn -0.350660 0.071083 0.933801
vn -0.350660 0.071083 0.933801
vn -0.350660 0.071083 0.933801
vn -0.350660 0.071083 0.933801
vn -0.350660 0.071083 0.933801
vn -0.350660 0.071083 0.933801
vn -0.350660 0.071083 0.933801
vn -0.350660 0.071083 0.933801
vn -0.350660 0.071083 0.933801
vn -0.350660 0.071083 0.933801
vn -0.350660 0.071083 0.933801
vn -0.350660 0.071083 0.933801
vn -0.350660 0.071083 0.933801
vn -0.350660 0.071083 0.933801
vn -0.350660 0.071083 0.933801
vn -0.350660 0.071083 0.933801
vn -0.350660 0.071083 0.933801
vn -0.350660 0.071083 0.933801
vn -0.350660 0.071083 0.933801
vn -0.350660 0.071083 0.933801
vn -0.350660 0.071083 0.933801
vn -0.350660 0.071083 0.933801
vn -0.350660 0.071083 0.933801
vn -0.350660 0.071083 0.933801
vn -0.350660 0.071083 0.933801
vn -0.350660 0.071083 0.933801
vn -0.350660 0.071083 0.933801
vn -0.350660 0.071083 0.933801
vn -0.350660 0.071083 0.933801
vn -0.350660 0.071083 0.933801
vn -0.350660 0.071083 0.933801
vn -0.350660 0.071083 0.933801
vn -0.350660 0.071083 0.933801
vn -0.350660 0.071083 0.933801
vn -0.350660 0.071083 0.933801
vn -0.350660 0.071083 0.933801
vn -0.350660 0.071083 0.933801
vn -0.350660 0.071083 0.933801
vn -0.350660 0.071083 0.933801
vn -0.350660 0.071083 0.933801
vn -0.350660 0.071083 0.933801
vn -0.350660 0.071083 0.933801
vn -0.350660 0.071083 0.933801
vn -0.350660 0.071083 0.933801
vn -0.350660 0.071083 0.933801
vn -0.350660 0.071083 0.933801
vn -0.350660 0.071083 0.933801
vn -0.350660 0.071083 0.933801
vn -0.350660 0.071083 0.933801
vn -0.350660 0.071083 0.933801
vn -0.350660 0.071083 0.933801
vn -0.350660 0.071083 0.933801
vn -0.350660 0.071083 0.933801
vn -0.350660 0.071083 0.933801
vn -0.350660 0.071083 0.933801
vn -0.350660 0.071083 0.933801
vn -0.350660 0.071083 0.933801
vn -0.350660 0.071083 0.933801
vn -0.350660 0.071083 0.933801
vn -0.350660 0.071083 0.933801
vn -0.350660 0.071083 0.933801
vn -0.350660 0.071083 0.933801
vn -0.350660 0.071083 0.933801
vn -0.350660 0.071083 0.933801
vn -0.350660 0.071083 0.933801
vn -0.350660 0.071083 0.933801
vn -0.350660 0.071083 0.933801
vn -0.350660 0.071083 0.933801
vn -0.350660 0.071083 0.933801
vn -0.350660 0.071083 0.933801
vn -0.350660 0.071083 0.933801
vn -0.350660 0.071083 0.933801
vn -0.350660 0.071083 0.933801
vn -0.350660 0.071083 0.933801
vn -0.350660 0.071083 0.933801
vn -0.350660 0.071083 0.933801
vn -0.350660 0.071083 0.933801
vn -0.350660 0.071083 0.933801
vn -0.350660 0.071083 0.933801
vn -0.350660 0.071083 0.933801
vn -0.350660 0.071083 0.933801
vn -0.350660 0.071083 0.933801
vn -0.350660 0.071083 0.933801
vn -0.350660 0.071083 0.933801
vn -0.350660 0.071083 0.933801
vn -0.350660 0.071083 0.933801
vn -0.350660 0.071083 0.933801
vn -0.350660 0.071083 0.933801
vn -0.350660 0.071083 0.933801
vn -0.350660 0.071083 0.933801
vn -0.350660 0.071083 0.933801
vn -0.350660 0.071083 0.933801
vn -0.350660 0.071083 0.933801
vn -0.350660 0.071083 0.933801
vn -0.350660 0.071083 0.933801
vn -0.350660 0.071083 0.933801
vn -0.350660 0.071083 0.933801
vn -0.350660 0.071083 0.933801
vn -0.350660 0.071083 0.933801
vn -0.350660 0.071083 0.933801
vn -0.350660 0.071083 0.933801
vn -0.350660 0.071083 0.933801
vn -0.350660 0.071083 0.933801
vn -0.350660 0.071083 0.933801
vn -0.350660 0.071083 0.933801
vn -0.350660 0.071083 0.933801
vn -0.350660 0.071083 0.933801
vn -0.350660 0.071083 0.933801
vn -0.350660 0.071083 0.933801
vn -0.350660 0.071083 0.933801
vn -0.350660 0.071083 0.933801
vn -0.350660 0.071083 0.933801
vn -0.350660 0.071083 0.933801
vn -0.350660 0.071083 0.933801
vn -0.350660 0.071083 0.933801
vn -0.350660 0.071083 0.933801
vn -0.350660 0.071083 0.933801
vn -0.350660 0.071083 0.933801
vn -0.350660 0.071083 0.933801
vn -0.350660 0.071083 0.933801
vn -0.350660 0.071083 0.933801
vn -0.350660 0.071083 0.933801
vn -0.350660 0.071083 0.933801
vn -0.350660 0.071083 0.933801
vn -0.350660 0.071083 0.933801
vn -0.350660 0.071083 0.933801
vn -0.350660 0.071083 0.933801
vn -0.350660 0.071083 0.933801
vn -0.350660 0.071083 0.933801
vn -0.350660 0.071083 0.933801
vn -0.350660 0.071083 0.933801
vn -0.350660 0.071083 0.933801
vn -0.350660 0.071083 0.933801
vn -0.350660 0.071083 0.933801
vn -0.350660 0.071083 0.933801
vn -0.350660 0.071083 0.933801
vn -0.350660 0.071083 0.933801
vn -0.350660 0.071083 0.933801
vn -0.350660 0.071083 0.933801
vn -0.350660 0.071083 0.933801
vn -0.350660 0.071083 0.933801
vn -0.350660 0.071083 0.933801
vn -0.350660 0.071083 0.933801
vn -0.350660 0.071083 0.933801
vn -0.350660 0.071083 0.933801
vn -0.350660 0.071083 0.933801
vn -0.350660 0.071083 0.933801
vn -0.350660 0.071083 0.933801
vn -0.350660 0.071083 0.933801
vn -0.350660 0.071083 0.933801
vn -0.350660 0.071083 0.933801
vn -0.350660 0.071083 0.933801
vn -0.350660 0.071083 0.933801
vn -0.350660 0.071083 0.933801
vn -0.350660 0.071083 0.933801
vn -0.350660 0.071083 0.933801
vn -0.350660 0.071083 0.933801
vn -0.350660 0.071083 0.933801
vn -0.350660 0.071083 0.933801
vn -0.350660 0.071083 0.933801
vn -0.350660 0.071083 0.933801
vn -0.350660 0.071083 0.933801
vn -0.350660 0.071083 0.933801
vn -0.350660 0.071083 0.933801
vn -0.350660 0.071083 0.933801
vn -0.350660 0.071083 0.933801
vn -0.350660 0.071083 0.933801
vn -0.350660 0.071083 0.933801
vn -0.350660 0.071083 0.933801
vn -0.350660 0.071083 0.933801
vn -0.350660 0.071083 0.933801
vn -0.350660 0.071083 0.933801
vn -0.350660 0.071083 0.933801
vn -0.350660 0.071083 0.933801
vn -0.350660 0.071083 0.933801
vn -0.350660 0.071083 0.933801
vn -0.350660 0.071083 0.933801
vn -0.350660 0.071083 0.933801
vn -0.350660 0.071083 0.933801
vn -0.350660 0.071083 0.933801
vn -0.350660 0.071083 0.933801
vn -0.350660 0.071083 0.933801
vn -0.350660 0.071083 0.933801
vn -0.350660 0.071083 0.933801
vn -0.350660 0.071083 0.933801
vn -0.350660 0.071083 0.933801
vn -0.350660 0.071083 0.933801
vn -0.350660 0.071083 0.933801
vn -0.350660 0.071083 0.933801
vn -0.350660 0.071083 0.933801
vn -0.350660 0.071083 0.933801
vn -0.350660 0.071083 0.933801
vn -0.350660 0.071083 0.933801
vn -0.350660 0.071083 0.933801
vn -0.350660 0.071083 0.933801
vn -0.350660 0.071083 0.933801
vn -0.350660 0.071083 0.933801
vn -0.350660 0.071083 0.933801
vn -0.350660 0.071083 0.933801
vn -0.350660 0.071083 0.933801
vn -0.350660 0.071083 0.933801
vn -0.350660 0.071083 0.933801
vn -0.350660 0.071083 0.933801
vn -0.350660 0.071083 0.933801
vn -0.350660 0.071083 0.933801
vn -0.350660 0.071083 0.933801
vn -0.350660 0.071083 0.933801
vn -0.350660 0.071083 0.933801
vn -0.350660 0.071083 0.933801
vn -0.350660 0.071083 0.933801
vn -0.350660 0.071083 0.933801
vn -0.350660 0.071083 0.933801
vn -0.350660 0.071083 0.933801
vn -0.350660 0.071083 0.933801
vn -0.350660 0.071083 0.933801
vn -0.350660 0.071083 0.933801
vn -0.350660 0.071083 0.933801
vn -0.350660 0.071083 0.933801
vn -0.350660 0.071083 0.933801
vn -0.350660 0.071083 0.933801
vn -0.350660 0.071083 0.933801
vn -0.350660 0.071083 0.933801
vn -0.350660 0.071083 0.933801
vn -0.350660 0.071083 0.933801
vn -0.350660 0.071083 0.933801
vn -0.350660 0.071083 0.933801
vn -0.350660 0.071083 0.933801
vn -0.350660 0.071083 0.933801
vn -0.350660 0.071083 0.933801
vn -0.350660 0.071083 0.933801
vn -0.350660 0.071083 0.933801
vn -0.350660 0.071083 0.933801
vn -0.350660 0.071083 0.933801
vn -0.350660 0.071083 0.933801
vn -0.350660 0.071083 0.933801
vn -0.350660 0.071083 0.933801
vn -0.350660 0.071083 0.933801
vn -0.350660 0.071083 0.933801
vn -0.350660 0.071083 0.933801
vn -0.350660 0.071083 0.933801
vn -0.350660 0.071083 0.933801
vn -0.350660 0.071083 0.933801
vn -0.350660 0.071083 0.933801
vn -0.350660 0.071083 0.933801
vn -0.350660 0.071083 0.933801
vn -0.350660 0.071083 0.933801
vn -0.350660 0.071083 0.933801
vn -0.350660 0.071083 0.933801
vn -0.350660 0.071083 0.933801
vn -0.350660 0.071083 0.933801
vn -0.350660 0.071083 0.933801
vn -0.350660 0.071083 0.933801
vn -0.350660 0.071083 0.933801
vn -0.350660 0.071083 0.933801
vn -0.350660 0.071083 0.933801
vn -0.350660 0.071083 0.933801
vn -0.350660 0.071083 0.933801
vn -0.350660 0.071083 0.933801
vn -0.350660 0.071083 0.933801
vn -0.350660 0.071083 0.933801
vn -0.350660 0.071083 0.933801
vn -0.350660 0.071083 0.933801
vn -0.350660 0.071083 0.933801
vn -0.350660 0.071083 0.933801
vn -0.350660 0.071083 0.933801
vn -0.350660 0.071083 0.933801
vn -0.350660 0.071083 0.933801
vn -0.350660 0.071083 0.933801
vn -0.350660 0.071083 0.933801
vn -0.350660 0.071083 0.933801
vn -0.350660 0.071083 0.933801
vn -0.350660 0.071083 0.933801
vn -0.350660 0.071083 0.933801
vn -0.350660 0.071083 0.933801
vn -0.350660 0.071083 0.933801
vn -0.350660 0.071083 0.933801
vn -0.350660 0.071083 0.933801
vn -0.350660 0.071083 0.933801
vn -0.350660 0.071083 0.933801
vn -0.350660 0.071083 0.933801
vn -0.350660 0.071083 0.933801
vn -0.350660 0.071083 0.933801
vn -0.350660 0.071083 0.933801
vn -0.350660 0.071083 0.933801
vn -0.350660 0.071083 0.933801
vn -0.350660 0.071083 0.933801
vn -0.350660 0.071083 0.933801
vn -0.350660 0.071083 0.933801
vn -0.350660 0.071083 0.933801
vn -0.350660 0.071083 0.933801
vn -0.350660 0.071083 0.933801
vn -0.350660 0.071083 0.933801
vn -0.350660 0.071083 0.933801
vn -0.350660 0.071083 0.933801
vn -0.350660 0.071083 0.933801
vn -0.350660 0.071083 0.933801
vn -0.350660 0.071083 0.933801
vn -0.350660 0.071083 0.933801
vn -0.350660 0.071083 0.933801
vn -0.350660 0.071083 0.933801
vn -0.350660 0.071083 0.933801
vn -0.350660 0.071083 0.933801
vn -0.350660 0.071083 0.933801
vn -0.350660 0.071083 0.933801
vn -0.350660 0.071083 0.933801
vn -0.350660 0.071083 0.933801
vn -0.350660 0.071083 0.933801
vn -0.350660 0.071083 0.933801
vn -0.350660 0.071083 0.933801
vn -0.350660 0.071083 0.933801
vn -0.350660 0.071083 0.933801
vn -0.350660 0.071083 0.933801
vn -0.350660 0.071083 0.933801
vn -0.350660 0.071083 0.933801
vn -0.350660 0.071083 0.933801
vn -0.350660 0.071083 0.933801
vn -0.350660 0.071083 0.933801
vn -0.350660 0.071083 0.933801
vn -0.350660 0.071083 0.933801
vn -0.350660 0.071083 0.933801
vn -0.350660 0.071083 0.933801
vn -0.350660 0.071083 0.933801
vn -0.350660 0.071083 0.933801
vn -0.350660 0.071083 0.933801
vn -0.350660 0.071083 0.933801
vn -0.350660 0.071083 0.933801
vn -0.350660 0.071083 0.933801
vn -0.350660 0.071083 0.933801
vn -0.373304 0.069663 0.925090
vn -0.373304 0.069663 0.925090
vn -0.373304 0.069663 0.925090
vn -0.373304 0.069663 0.925090
vn -0.373304 0.069663 0.925090
vn -0.373304 0.069663 0.925090
vn -0.373304 0.069663 0.925090
vn -0.373304 0.069663 0.925090
vn -0.373304 0.069663 0.925090
vn -0.373304 0.069663 0.925090
vn -0.373304 0.069663 0.925090
vn -0.373304 0.069663 0.925090
vn -0.373304 0.069663 0.925090
vn -0.373304 0.069663 0.925090
vn -0.373304 0.069663 0.925090
vn -0.373304 0.069663 0.925090
vn -0.373304 0.069663 0.925090
vn -0.373304 0.069663 0.925090
vn -0.373304 0.069663 0.925090
vn -0.373304 0.069663 0.925090
vn -0.373304 0.069663 0.925090
vn -0.373304 0.069663 0.925090
vn -0.373304 0.069663 0.925090
vn -0.373304 0.069663 0.925090
vn -0.373304 0.069663 0.925090
vn -0.373304 0.069663 0.925090
vn -0.373304 0.069663 0.925090
vn -0.373304 0.069663 0.925090
vn -0.373304 0.069663 0.925090
vn -0.373304 0.069663 0.925090
vn -0.373304 0.069663 0.925090
vn -0.373304 0.069663 0.925090
vn -0.373304 0.069663 0.925090
vn -0.373304 0.069663 0.925090
vn -0.373304 0.069663 0.925090
vn -0.373304 0.069663 0.925090
vn -0.373304 0.069663 0.925090
vn -0.373304 0.069663 0.925090
vn -0.373304 0.069663 0.925090
vn -0.373304 0.069663 0.925090
vn -0.373304 0.069663 0.925090
vn -0.373304 0.069663 0.925090
vn -0.373304 0.069663 0.925090
vn -0.373304 0.069663 0.925090
vn -0.373304 0.069663 0.925090
vn -0.373304 0.069663 0.925090
vn -0.373304 0.069663 0.925090
vn -0.373304 0.069663 0.925090
vn -0.373304 0.069663 0.925090
vn -0.373304 0.069663 0.925090
vn -0.373304 0.069663 0.925090
vn -0.373304 0.069663 0.925090
vn -0.373304 0.069663 0.925090
vn -0.373304 0.069663 0.925090
vn -0.373304 0.069663 0.925090
vn -0.373304 0.069663 0.925090
vn -0.373304 0.069663 0.925090
vn -0.373304 0.069663 0.925090
vn -0.373304 0.069663 0.925090
vn -0.373304 0.069663 0.925090
vn -0.373304 0.069663 0.925090
vn -0.373304 0.069663 0.925090
vn -0.373304 0.069663 0.925090
vn -0.373304 0.069663 0.925090
vn -0.373304 0.069663 0.925090
vn -0.373304 0.069663 0.925090
vn -0.373304 0.069663 0.925090
vn -0.373304 0.069663 0.925090
vn -0.373304 0.069663 0.925090
vn -0.373304 0.069663 0.925090
vn -0.373304 0.069663 0.925090
vn -0.373304 0.069663 0.925090
vn -0.373304 0.069663 0.925090
vn -0.373304 0.069663 0.925090
vn -0.373304 0.069663 0.925090
vn -0.373304 0.069663 0.925090
vn -0.373304 0.069663 0.925090
vn -0.373304 0.069663 0.925090
vn -0.373304 0.069663 0.925090
vn -0.373304 0.069663 0.925090
vn -0.373304 0.069663 0.925090
vn -0.373304 0.069663 0.925090
vn -0.373304 0.069663 0.925090
vn -0.373304 0.069663 0.925090
vn -0.373304 0.069663 0.925090
vn -0.373304 0.069663 0.925090
vn -0.373304 0.069663 0.925090
vn -0.373304 0.069663 0.925090
vn -0.373304 0.069663 0.925090
vn -0.373304 0.069663 0.925090
vn -0.373304 0.069663 0.925090
vn -0.373304 0.069663 0.925090
vn -0.373304 0.069663 0.925090
vn -0.373304 0.069663 0.925090
vn -0.373304 0.069663 0.925090
vn -0.373304 0.069663 0.925090
vn -0.373304 0.069663 0.925090
vn -0.373304 0.069663 0.925090
vn -0.373304 0.069663 0.925090
vn -0.373304 0.069663 0.925090
vn -0.373304 0.069663 0.925090
vn -0.373304 0.069663 0.925090
vn -0.373304 0.069663 0.925090
vn -0.373304 0.069663 0.925090
vn -0.373304 0.069663 0.925090
vn -0.373304 0.069663 0.925090
vn -0.373304 0.069663 0.925090
vn -0.373304 0.069663 0.925090
vn -0.373304 0.069663 0.925090
vn -0.373304 0.069663 0.925090
vn -0.373304 0.069663 0.925090
vn -0.373304 0.069663 0.925090
vn -0.373304 0.069663 0.925090
vn -0.373304 0.069663 0.925090
vn -0.373304 0.069663 0.925090
vn -0.373304 0.069663 0.925090
vn -0.373304 0.069663 0.925090
vn -0.373304 0.069663 0.925090
vn -0.373304 0.069663 0.925090
vn -0.373304 0.069663 0.925090
vn -0.373304 0.069663 0.925090
vn -0.373304 0.069663 0.925090
vn -0.373304 0.069663 0.925090
vn -0.373304 0.069663 0.925090
vn -0.373304 0.069663 0.925090
vn -0.373304 0.069663 0.925090
vn -0.373304 0.069663 0.925090
vn -0.373304 0.069663 0.925090
vn -0.373304 0.069663 0.925090
vn -0.373304 0.069663 0.925090
vn -0.373304 0.069663 0.925090
vn -0.373304 0.069663 0.925090
vn -0.373304 0.069663 0.925090
vn -0.373304 0.069663 0.925090
vn -0.373304 0.069663 0.925090
vn -0.373304 0.069663 0.925090
vn -0.373304 0.069663 0.925090
vn -0.373304 0.069663 0.925090
vn -0.373304 0.069663 0.925090
vn -0.373304 0.069663 0.925090
vn -0.373304 0.069663 0.925090
vn -0.373304 0.069663 0.925090
vn -0.373304 0.069663 0.925090
vn -0.373304 0.069663 0.925090
vn -0.373304 0.069663 0.925090
vn -0.373304 0.069663 0.925090
vn -0.373304 0.069663 0.925090
vn -0.373304 0.069663 0.925090
vn -0.373304 0.069663 0.925090
vn -0.373304 0.069663 0.925090
vn -0.373304 0.069663 0.925090
vn -0.373304 0.069663 0.925090
vn -0.373304 0.069663 0.925090
vn -0.373304 0.069663 0.925090
vn -0.373304 0.069663 0.925090
vn -0.373304 0.069663 0.925090
vn -0.373304 0.069663 0.925090
vn -0.373304 0.069663 0.925090
vn -0.373304 0.069663 0.925090
vn -0.373304 0.069663 0.925090
vn -0.373304 0.069663 0.925090
vn -0.373304 0.069663 0.925090
vn -0.373304 0.069663 0.925090
vn -0.373304 0.069663 0.925090
vn -0.373304 0.069663 0.925090
vn -0.373304 0.069663 0.925090
vn -0.373304 0.069663 0.925090
vn -0.373304 0.069663 0.925090
vn -0.373304 0.069663 0.925090
vn -0.373304 0.069663 0.925090
vn -0.373304 0.069663 0.925090
vn -0.373304 0.069663 0.925090
vn -0.373304 0.069663 0.925090
vn -0.373304 0.069663 0.925090
vn -0.373304 0.069663 0.925090
vn -0.373304 0.069663 0.925090
vn -0.373304 0.069663 0.925090
vn -0.373304 0.069663 0.925090
vn -0.373304 0.069663 0.925090
vn -0.373304 0.069663 0.925090
vn -0.373304 0.069663 0.925090
vn -0.373304 0.069663 0.925090
vn -0.373304 0.069663 0.925090
vn -0.373304 0.069663 0.925090
vn -0.373304 0.069663 0.925090
vn -0.373304 0.069663 0.925090
vn -0.373304 0.069663 0.925090
vn -0.373304 0.069663 0.925090
vn -0.373304 0.069663 0.925090
vn -0.373304 0.069663 0.925090
vn -0.373304 0.069663 0.925090
vn -0.373304 0.069663 0.925090
vn -0.373304 0.069663 0.925090
vn -0.373304 0.069663 0.925090
vn -0.373304 0.069663 0.925090
vn -0.373304 0.069663 0.925090
vn -0.373304 0.069663 0.925090
vn -0.373304 0.069663 0.925090
vn -0.373304 0.069663 0.925090
vn -0.373304 0.069663 0.925090
vn -0.373304 0.069663 0.925090
vn -0.373304 0.069663 0.925090
vn -0.373304 0.069663 0.925090
vn -0.373304 0.069663 0.925090
vn -0.373304 0.069663 0.925090
vn -0.373304 0.069663 0.925090
vn -0.373304 0.069663 0.925090
vn -0.373304 0.069663 0.925090
vn -0.373304 0.069663 0.925090
vn -0.373304 0.069663 0.925090
vn -0.373304 0.069663 0.925090
vn -0.373304 0.069663 0.925090
vn -0.373304 0.069663 0.925090
vn -0.373304 0.069663 0.925090
vn -0.373304 0.069663 0.925090
vn -0.373304 0.069663 0.925090
vn -0.373304 0.069663 0.925090
vn -0.373304 0.069663 0.925090
vn -0.373304 0.069663 0.925090
vn -0.373304 0.069663 0.925090
vn -0.373304 0.069663 0.925090
vn -0.373304 0.069663 0.925090
vn -0.373304 0.069663 0.925090
vn -0.373304 0.069663 0.925090
vn -0.373304 0.069663 0.925090
vn -0.373304 0.069663 0.925090
vn -0.373304 0.069663 0.925090
vn -0.373304 0.069663 0.925090
vn -0.373304 0.069663 0.925090
vn -0.373304 0.069663 0.925090
vn -0.373304 0.069663 0.925090
vn -0.373304 0.069663 0.925090
vn -0.373304 0.069663 0.925090
vn -0.373304 0.069663 0.925090
vn -0.373304 0.069663 0.925090
vn -0.373304 0.069663 0.925090
vn -0.373304 0.069663 0.925090
vn -0.373304 0.069663 0.925090
vn -0.373304 0.069663 0.925090
vn -0.373304 0.069663 0.925090
vn -0.373304 0.069663 0.925090
vn -0.373304 0.069663 0.925090
vn -0.373304 0.069663 0.925090
vn -0.373304 0.069663 0.925090
vn -0.373304 0.069663 0.925090
vn -0.373304 0.069663 0.925090
vn -0.373304 0.069663 0.925090
vn -0.373304 0.069663 0.925090
vn -0.373304 0.069663 0.925090
vn -0.373304 0.069663 0.925090
vn -0.373304 0.069663 0.925090
vn -0.373304 0.069663 0.925090
vn -0.373304 0.069663 0.925090
vn -0.373304 0.069663 0.925090
vn -0.373304 0.069663 0.925090
vn -0.373304 0.069663 0.925090
vn -0.373304 0.069663 0.925090
vn -0.373304 0.069663 0.925090
vn -0.373304 0.069663 0.925090
vn -0.373304 0.069663 0.925090
vn -0.373304 0.069663 0.925090
vn -0.373304 0.069663 0.925090
vn -0.373304 0.069663 0.925090
vn -0.373304 0.069663 0.925090
vn -0.373304 0.069663 0.925090
vn -0.373304 0.069663 0.925090
vn -0.373304 0.069663 0.925090
vn -0.373304 0.069663 0.925090
vn -0.373304 0.069663 0.925090
vn -0.373304 0.069663 0.925090
vn -0.373304 0.069663 0.925090
vn -0.373304 0.069663 0.925090
vn -0.373304 0.069663 0.925090
vn -0.373304 0.069663 0.925090
vn -0.373304 0.069663 0.925090
vn -0.373304 0.069663 0.925090
vn -0.373304 0.069663 0.925090
vn -0.373304 0.069663 0.925090
vn -0.373304 0.069663 0.925090
vn -0.373304 0.069663 0.925090
vn -0.373304 0.069663 0.925090
vn -0.373304 0.069663 0.925090
vn -0.373304 0.069663 0.925090
vn -0.373304 0.069663 0.925090
vn -0.373304 0.069663 0.925090
vn -0.373304 0.069663 0.925090
vn -0.373304 0.069663 0.925090
vn -0.373304 0.069663 0.925090
vn -0.373304 0.069663 0.925090
vn -0.373304 0.069663 0.925090
vn -0.373304 0.069663 0.925090
vn -0.373304 0.069663 0.925090
vn -0.373304 0.069663 0.925090
vn -0.373304 0.069663 0.925090
vn -0.373304 0.069663 0.925090
vn -0.373304 0.069663 0.925090
vn -0.373304 0.069663 0.925090
vn -0.373304 0.069663 0.925090
vn -0.373304 0.069663 0.925090
vn -0.373304 0.069663 0.925090
vn -0.373304 0.069663 0.925090
vn -0.373304 0.069663 0.925090
vn -0.373304 0.069663 0.925090
vn -0.373304 0.069663 0.925090
vn -0.373304 0.069663 0.925090
vn -0.373304 0.069663 0.925090
vn -0.373304 0.069663 0.925090
vn -0.373304 0.069663 0.925090
vn -0.373304 0.069663 0.925090
vn -0.373304 0.069663 0.925090
vn -0.373304 0.069663 0.925090
vn -0.373304 0.069663 0.925090
vn -0.373304 0.069663 0.925090
vn -0.373304 0.069663 0.925090
vn -0.373304 0.069663 0.925090
vn -0.373304 0.069663 0.925090
vn -0.373304 0.069663 0.925090
vn -0.373304 0.069663 0.925090
vn -0.373304 0.069663 0.925090
vn -0.373304 0.069663 0.925090
vn -0.373304 0.069663 0.925090
vn -0.373304 0.069663 0.925090
vn -0.373304 0.069663 0.925090
vn -0.373304 0.069663 0.925090
vn -0.373304 0.069663 0.925090
vn -0.373304 0.069663 0.925090
vn -0.373304 0.069663 0.925090
vn -0.373304 0.069663 0.925090
vn -0.373304 0.069663 0.925090
vn -0.373304 0.069663 0.925090
vn -0.373304 0.069663 0.925090
vn -0.373304 0.069663 0.925090
vn -0.373304 0.069663 0.925090
vn -0.373304 0.069663 0.925090
vn -0.373304 0.069663 0.925090
vn -0.373304 0.069663 0.925090
vn -0.373304 0.069663 0.925090
vn -0.373304 0.069663 0.925090
vn -0.373304 0.069663 0.925090
vn -0.373304 0.069663 0.925090
vn -0.373304 0.069663 0.925090
vn -0.373304 0.069663 0.925090
vn -0.373304 0.069663 0.925090
vn -0.373304 0.069663 0.925090
vn -0.373304 0.069663 0.925090
vn -0.373304 0.069663 0.925090
vn -0.373304 0.069663 0.925090
vn -0.373304 0.069663 0.925090
vn -0.373304 0.069663 0.925090
vn -0.373304 0.069663 0.925090
vn -0.373304 0.069663 0.925090
vn -0.373304 0.069663 0.925090
vn -0.373304 0.069663 0.925090
vn -0.373304 0.069663 0.925090
vn -0.373304 0.069663 0.925090
vn -0.373304 0.069663 0.925090
vn -0.373304 0.069663 0.925090
vn -0.373304 0.069663 0.925090
vn -0.373304 0.069663 0.925090
vn -0.373304 0.069663 0.925090
vn -0.373304 0.069663 0.925090
vn -0.373304 0.069663 0.925090
vn -0.373304 0.069663 0.925090
vn -0.373304 0.069663 0.925090
vn -0.373304 0.069663 0.925090
vn -0.373304 0.069663 0.925090
vn -0.373304 0.069663 0.925090
vn -0.373304 0.069663 0.925090
vn -0.373304 0.069663 0.925090
vn -0.373304 0.069663 0.925090
vn -0.373304 0.069663 0.925090
vn -0.373304 0.069663 0.925090
vn -0.373304 0.069663 0.925090
vn -0.373304 0.069663 0.925090
vn -0.373304 0.069663 0.925090
vn -0.373304 0.069663 0.925090
vn -0.373304 0.069663 0.925090
vn -0.373304 0.069663 0.925090
vn -0.373304 0.069663 0.925090
vn -0.373304 0.069663 0.925090
vn -0.373304 0.069663 0.925090
vn -0.373304 0.069663 0.925090
vn -0.373304 0.069663 0.925090
vn -0.373304 0.069663 0.925090
vn -0.373304 0.069663 0.925090
vn -0.373304 0.069663 0.925090
vn -0.373304 0.069663 0.925090
vn -0.373304 0.069663 0.925090
vn -0.373304 0.069663 0.925090
vn -0.373304 0.069663 0.925090
vn -0.373304 0.069663 0.925090
vn -0.373304 0.069663 0.925090
vn -0.373304 0.069663 0.925090
vn -0.373304 0.069663 0.925090
vn -0.373304 0.069663 0.925090
vn -0.373304 0.069663 0.925090
vn -0.373304 0.069663 0.925090
vn -0.373304 0.069663 0.925090
vn -0.373304 0.069663 0.925090
vn -0.373304 0.069663 0.925090
vn -0.373304 0.069663 0.925090
vn -0.373304 0.069663 0.925090
vn -0.373304 0.069663 0.925090
vn -0.373304 0.069663 0.925090
vn -0.373304 0.069663 0.925090
vn -0.373304 0.069663 0.925090
vn -0.373304 0.069663 0.925090
vn -0.373304 0.069663 0.925090
vn -0.373304 0.069663 0.925090
vn -0.373304 0.069663 0.925090
vn -0.373304 0.069663 0.925090
vn -0.373304 0.069663 0.925090
vn -0.373304 0.069663 0.925090
vn -0.373304 0.069663 0.925090
vn -0.373304 0.069663 0.925090
vn -0.373304 0.069663 0.925090
vn -0.373304 0.069663 0.925090
vn -0.373304 0.069663 0.925090
vn -0.373304 0.069663 0.925090
vn -0.373304 0.069663 0.925090
vn -0.373304 0.069663 0.925090
vn -0.373304 0.069663 0.925090
vn -0.373304 0.069663 0.925090
vn -0.373304 0.069663 0.925090
vn -0.373304 0.069663 0.925090
vn -0.373304 0.069663 0.925090
vn -0.373304 0.069663 0.925090
vn -0.373304 0.069663 0.925090
vn -0.373304 0.069663 0.925090
vn -0.373304 0.069663 0.925090
vn -0.373304 0.069663 0.925090
vn -0.373304 0.069663 0.925090
vn -0.373304 0.069663 0.925090
vn -0.373304 0.069663 0.925090
vn -0.373304 0.069663 0.925090
vn -0.373304 0.069663 0.925090
vn -0.373304 0.069663 0.925090
vn -0.373304 0.069663 0.925090
vn -0.373304 0.069663 0.925090
vn -0.373304 0.069663 0.925090
vn -0.373304 0.069663 0.925090
vn -0.373304 0.069663 0.925090
vn -0.373304 0.069663 0.925090
vn -0.373304 0.069663 0.925090
vn -0.373304 0.069663 0.925090
vn -0.373304 0.069663 0.925090
vn -0.373304 0.069663 0.925090
vn -0.373304 0.069663 0.925090
vn -0.373304 0.069663 0.925090
vn -0.373304 0.069663 0.925090
vn -0.373304 0.069663 0.925090
vn -0.373304 0.069663 0.925090
vn -0.373304 0.069663 0.925090
vn -0.373304 0.069663 0.925090
vn -0.373304 0.069663 0.925090
vn -0.373304 0.069663 0.925090
vn -0.373304 0.069663 0.925090
vn -0.373304 0.069663 0.925090
vn -0.373304 0.069663 0.925090
vn -0.373304 0.069663 0.925090
vn -0.373304 0.069663 0.925090
vn -0.373304 0.069663 0.925090
vn -0.373304 0.069663 0.925090
vn -0.373304 0.069663 0.925090
vn -0.373304 0.069663 0.925090
vn -0.373304 0.069663 0.925090
vn -0.373304 0.069663 0.925090
vn -0.373304 0.069663 0.925090
vn -0.373304 0.069663 0.925090
vn -0.373304 0.069663 0.925090
vn -0.373304 0.069663 0.925090
vn -0.373304 0.069663 0.925090
vn -0.373304 0.069663 0.925090
vn -0.373304 0.069663 0.925090
vn -0.373304 0.069663 0.925090
vn -0.373304 0.069663 0.925090
vn -0.373304 0.069663 0.925090
vn -0.373304 0.069663 0.925090
vn -0.373304 0.069663 0.925090
vn -0.373304 0.069663 0.925090
vn -0.373304 0.069663 0.925090
vn -0.373304 0.069663 0.925090
vn -0.373304 0.069663 0.925090
vn -0.373304 0.069663 0.925090
vn -0.373304 0.069663 0.925090
vn -0.373304 0.069663 0.925090
vn -0.373304 0.069663 0.925090
vn -0.373304 0.069663 0.925090
vn -0.373304 0.069663 0.925090
vn -0.373304 0.069663 0.925090
vn -0.373304 0.069663 0.925090
vn -0.373304 0.069663 0.925090
vn -0.373304 0.069663 0.925090
vn -0.373304 0.069663 0.925090
vn -0.373304 0.069663 0.925090
vn -0.373304 0.069663 0.925090
vn -0.373304 0.069663 0.925090
vn -0.373304 0.069663 0.925090
vn -0.373304 0.069663 0.925090
vn -0.373304 0.069663 0.925090
vn -0.373304 0.069663 0.925090
vn -0.373304 0.069663 0.925090
vn -0.373304 0.069663 0.925090
vn -0.373304 0.069663 0.925090
vn -0.373304 0.069663 0.925090
vn -0.373304 0.069663 0.925090
vn -0.373304 0.069663 0.925090
vn -0.373304 0.069663 0.925090
vn -0.373304 0.069663 0.925090
vn -0.373304 0.069663 0.925090
vn -0.373304 0.069663 0.925090
vn -0.373304 0.069663 0.925090
vn -0.373304 0.069663 0.925090
vn -0.373304 0.069663 0.925090
vn -0.373304 0.069663 0.925090
vn -0.373304 0.069663 0.925090
vn -0.373304 0.069663 0.925090
vn -0.373304 0.069663 0.925090
vn -0.373304 0.069663 0.925090
vn -0.373304 0.069663 0.925090
vn -0.373304 0.069663 0.925090
vn -0.373304 0.069663 0.925090
vn -0.373304 0.069663 0.925090
vn -0.373304 0.069663 0.925090
vn -0.373304 0.069663 0.925090
vn -0.373304 0.069663 0.925090
vn -0.373304 0.069663 0.925090
vn -0.373304 0.069663 0.925090
vn -0.373304 0.069663 0.925090
vn -0.373304 0.069663 0.925090
vn -0.373304 0.069663 0.925090
vn -0.373304 0.069663 0.925090
vn -0.373304 0.069663 0.925090
vn -0.373304 0.069663 0.925090
vn -0.373304 0.069663 0.925090
vn -0.373304 0.069663 0.925090
vn -0.373304 0.069663 0.925090
vn -0.373304 0.069663 0.925090
vn -0.373304 0.069663 0.925090
vn -0.373304 0.069663 0.925090
vn -0.373304 0.069663 0.925090
vn -0.373304 0.069663 0.925090
vn -0.373304 0.069663 0.925090
vn -0.373304 0.069663 0.925090
vn -0.373304 0.069663 0.925090
vn -0.373304 0.069663 0.925090
vn -0.373304 0.069663 0.925090
vn -0.373304 0.069663 0.925090
vn -0.373304 0.069663 0.925090
vn -0.373304 0.069663 0.925090
vn -0.373304 0.069663 0.925090
vn -0.373304 0.069663 0.925090
vn -0.373304 0.069663 0.925090
vn -0.373304 0.069663 0.925090
vn -0.373304 0.069663 0.925090
vn -0.373304 0.069663 0.925090
vn -0.373304 0.069663 0.925090
vn -0.373304 0.069663 0.925090
vn -0.373304 0.069663 0.925090
vn -0.373304 0.069663 0.925090
vn -0.373304 0.069663 0.925090
vn -0.373304 0.069663 0.925090
vn -0.373304 0.069663 0.925090
vn -0.373304 0.069663 0.925090
vn -0.373304 0.069663 0.925090
vn -0.373304 0.069663 0.925090
vn -0.373304 0.069663 0.925090
vn -0.373304 0.069663 0.925090
vn -0.373304 0.069663 0.925090
vn -0.373304 0.069663 0.925090
vn -0.373304 0.069663 0.925090
vn -0.373304 0.069663 0.925090
vn -0.373304 0.069663 0.925090
vn -0.373304 0.069663 0.925090
vn -0.373304 0.069663 0.925090
vn -0.373304 0.069663 0.925090
vn -0.373304 0.069663 0.925090
vn -0.373304 0.069663 0.925090
vn -0.373304 0.069663 0.925090
vn -0.373304 0.069663 0.925090
vn -0.373304 0.069663 0.925090
vn -0.373304 0.069663 0.925090
vn -0.373304 0.069663 0.925090
vn -0.373304 0.069663 0.925090
vn -0.373304 0.069663 0.925090
vn -0.373304 0.069663 0.925090
vn -0.373304 0.069663 0.925090
vn -0.373304 0.069663 0.925090
vn -0.373304 0.069663 0.925090
vn -0.373304 0.069663 0.925090
vn -0.373304 0.069663 0.925090
vn -0.373304 0.069663 0.925090
vn -0.373304 0.069663 0.925090
vn -0.373304 0.069663 0.925090
vn -0.373304 0.069663 0.925090
vn -0.373304 0.069663 0.925090
vn -0.373304 0.069663 0.925090
vn -0.373304 0.069663 0.925090
vn -0.373304 0.069663 0.925090
vn -0.373304 0.069663 0.925090
vn -0.373304 0.069663 0.925090
vn -0.373304 0.069663 0.925090
vn -0.373304 0.069663 0.925090
vn -0.373304 0.069663 0.925090
vn -0.373304 0.069663 0.925090
vn -0.373304 0.069663 0.925090
vn -0.373304 0.069663 0.925090
vn -0.373304 0.069663 0.925090
vn -0.373304 0.069663 0.925090
vn -0.373304 0.069663 0.925090
vn -0.373304 0.069663 0.925090
vn -0.373304 0.069663 0.925090
vn -0.373304 0.069663 0.925090
vn -0.373304 0.069663 0.925090
vn -0.373304 0.069663 0.925090
vn -0.373304 0.069663 0.925090
vn -0.373304 0.069663 0.925090
vn -0.373304 0.069663 0.925090
vn -0.373304 0.069663 0.925090
vn -0.373304 0.069663 0.925090
vn -0.373304 0.069663 0.925090
vn -0.373304 0.069663 0.925090
vn -0.373304 0.069663 0.925090
vn -0.373304 0.069663 0.925090
vn -0.373304 0.069663 0.925090
vn -0.373304 0.069663 0.925090
vn -0.373304 0.069663 0.925090
vn -0.373304 0.069663 0.925090
vn -0.373304 0.069663 0.925090
vn -0.373304 0.069663 0.925090
vn -0.373304 0.069663 0.925090
vn -0.373304 0.069663 0.925090
vn -0.373304 0.069663 0.925090
vn -0.373304 0.069663 0.925090
vn -0.373304 0.069663 0.925090
vn -0.373304 0.069663 0.925090
vn -0.373304 0.069663 0.925090
vn -0.373304 0.069663 0.925090
vn -0.373304 0.069663 0.925090
vn -0.373304 0.069663 0.925090
vn -0.373304 0.069663 0.925090
vn -0.373304 0.069663 0.925090
vn -0.373304 0.069663 0.925090
vn -0.373304 0.069663 0.925090
vn -0.373304 0.069663 0.925090
vn -0.373304 0.069663 0.925090
vn -0.373304 0.069663 0.925090
vn -0.373304 0.069663 0.925090
vn -0.373304 0.069663 0.925090
vn -0.373304 0.069663 0.925090
vn -0.373304 0.069663 0.925090
vn -0.373304 0.069663 0.925090
vn -0.373304 0.069663 0.925090
vn -0.373304 0.069663 0.925090
vn -0.373304 0.069663 0.925090
vn -0.373304 0.069663 0.925090
vn -0.373304 0.069663 0.925090
vn -0.373304 0.069663 0.925090
vn -0.373304 0.069663 0.925090
vn -0.373304 0.069663 0.925090
vn -0.373304 0.069663 0.925090
vn -0.373304 0.069663 0.925090
vn -0.373304 0.069663 0.925090
vn -0.373304 0.069663 0.925090
vn -0.373304 0.069663 0.925090
vn -0.373304 0.069663 0.925090
vn -0.373304 0.069663 0.925090
vn -0.373304 0.069663 0.925090
vn -0.373304 0.069663 0.925090
vn -0.373304 0.069663 0.925090
vn -0.373304 0.069663 0.925090
vn -0.373304 0.069663 0.925090
vn -0.373304 0.069663 0.925090
vn -0.373304 0.069663 0.925090
vn -0.373304 0.069663 0.925090
vn -0.373304 0.069663 0.925090
vn -0.373304 0.069663 0.925090
vn -0.373304 0.069663 0.925090
vn -0.373304 0.069663 0.925090
vn -0.373304 0.069663 0.925090
vn -0.373304 0.069663 0.925090
vn -0.373304 0.069663 0.925090
vn -0.373304 0.069663 0.925090
vn -0.373304 0.069663 0.925090
vn -0.373304 0.069663 0.925090
vn 0.348091 -0.066899 0.935071
vn 0.348091 -0.066899 0.935071
vn 0.348091 -0.066899 0.935071
vn 0.348091 -0.066899 0.935071
vn 0.348091 -0.066899 0.935071
vn 0.348091 -0.066899 0.935071
vn 0.348091 -0.066899 0.935071
vn 0.348091 -0.066899 0.935071
vn 0.348091 -0.066899 0.935071
vn 0.348091 -0.066899 0.935071
vn 0.348091 -0.066899 0.935071
vn 0.348091 -0.066899 0.935071
vn 0.348091 -0.066899 0.935071
vn 0.348091 -0.066899 0.935071
vn 0.348091 -0.066899 0.935071
vn 0.348091 -0.066899 0.935071
vn 0.348091 -0.066899 0.935071
vn 0.348091 -0.066899 0.935071
vn 0.348091 -0.066899 0.935071
vn 0.348091 -0.066899 0.935071
vn 0.348091 -0.066899 0.935071
vn 0.348091 -0.066899 0.935071
vn 0.348091 -0.066899 0.935071
vn 0.348091 -0.066899 0.935071
vn 0.348091 -0.066899 0.935071
vn 0.348091 -0.066899 0.935071
vn 0.348091 -0.066899 0.935071
vn 0.348091 -0.066899 0.935071
vn 0.348091 -0.066899 0.935071
vn 0.348091 -0.066899 0.935071
vn 0.348091 -0.066899 0.935071
vn 0.348091 -0.066899 0.935071
vn 0.348091 -0.066899 0.935071
vn 0.348091 -0.066899 0.935071
vn 0.348091 -0.066899 0.935071
vn 0.348091 -0.066899 0.935071
vn 0.348091 -0.066899 0.935071
vn 0.348091 -0.066899 0.935071
vn 0.348091 -0.066899 0.935071
vn 0.348091 -0.066899 0.935071
vn 0.348091 -0.066899 0.935071
vn 0.348091 -0.066899 0.935071
vn 0.348091 -0.066899 0.935071
vn 0.348091 -0.066899 0.935071
vn 0.348091 -0.066899 0.935071
vn 0.348091 -0.066899 0.935071
vn 0.348091 -0.066899 0.935071
vn 0.348091 -0.066899 0.935071
vn 0.348091 -0.066899 0.935071
vn 0.348091 -0.066899 0.935071
vn 0.348091 -0.066899 0.935071
vn 0.348091 -0.066899 0.935071
vn 0.348091 -0.066899 0.935071
vn 0.348091 -0.066899 0.935071
vn 0.348091 -0.066899 0.935071
vn 0.348091 -0.066899 0.935071
vn 0.348091 -0.066899 0.935071
vn 0.348091 -0.066899 0.935071
vn 0.348091 -0.066899 0.935071
vn 0.348091 -0.066899 0.935071
vn 0.348091 -0.066899 0.935071
vn 0.348091 -0.066899 0.935071
vn 0.348091 -0.066899 0.935071
vn 0.348091 -0.066899 0.935071
vn 0.348091 -0.066899 0.935071
vn 0.348091 -0.066899 0.935071
vn 0.348091 -0.066899 0.935071
vn 0.348091 -0.066899 0.935071
vn 0.348091 -0.066899 0.935071
vn 0.348091 -0.066899 0.935071
vn 0.348091 -0.066899 0.935071
vn 0.348091 -0.066899 0.935071
vn 0.348091 -0.066899 0.935071
vn 0.348091 -0.066899 0.935071
vn 0.348091 -0.066899 0.935071
vn 0.348091 -0.066899 0.935071
vn 0.348091 -0.066899 0.935071
vn 0.348091 -0.066899 0.935071
vn 0.348091 -0.066899 0.935071
vn 0.348091 -0.066899 0.935071
vn 0.348091 -0.066899 0.935071
vn 0.348091 -0.066899 0.935071
vn 0.348091 -0.066899 0.935071
vn 0.348091 -0.066899 0.935071
vn 0.348091 -0.066899 0.935071
vn 0.348091 -0.066899 0.935071
vn 0.348091 -0.066899 0.935071
vn 0.348091 -0.066899 0.935071
vn 0.348091 -0.066899 0.935071
vn 0.348091 -0.066899 0.935071
vn 0.348091 -0.066899 0.935071
vn 0.348091 -0.066899 0.935071
vn 0.348091 -0.066899 0.935071
vn 0.348091 -0.066899 0.935071
vn 0.348091 -0.066899 0.935071
vn 0.348091 -0.066899 0.935071
vn 0.348091 -0.066899 0.935071
vn 0.348091 -0.066899 0.935071
vn 0.348091 -0.066899 0.935071
vn 0.348091 -0.066899 0.935071
vn 0.348091 -0.066899 0.935071
vn 0.348091 -0.066899 0.935071
vn 0.348091 -0.066899 0.935071
vn 0.348091 -0.066899 0.935071
vn 0.348091 -0.066899 0.935071
vn 0.348091 -0.066899 0.935071
vn 0.348091 -0.066899 0.935071
vn 0.348091 -0.066899 0.935071
vn 0.348091 -0.066899 0.935071
vn 0.348091 -0.066899 0.935071
vn 0.348091 -0.066899 0.935071
vn 0.348091 -0.066899 0.935071
vn 0.348091 -0.066899 0.935071
vn 0.348091 -0.066899 0.935071
vn 0.348091 -0.066899 0.935071
vn 0.348091 -0.066899 0.935071
vn 0.348091 -0.066899 0.935071
vn 0.348091 -0.066899 0.935071
vn 0.348091 -0.066899 0.935071
vn 0.348091 -0.066899 0.935071
vn 0.348091 -0.066899 0.935071
vn 0.348091 -0.066899 0.935071
vn 0.348091 -0.066899 0.935071
vn 0.348091 -0.066899 0.935071
vn 0.348091 -0.066899 0.935071
vn 0.348091 -0.066899 0.935071
vn 0.348091 -0.066899 0.935071
vn 0.348091 -0.066899 0.935071
vn 0.348091 -0.066899 0.935071
vn 0.348091 -0.066899 0.935071
vn 0.348091 -0.066899 0.935071
vn 0.348091 -0.066899 0.935071
vn 0.348091 -0.066899 0.935071
vn 0.348091 -0.066899 0.935071
vn 0.348091 -0.066899 0.935071
vn 0.348091 -0.066899 0.935071
vn 0.348091 -0.066899 0.935071
vn 0.348091 -0.066899 0.935071
vn 0.348091 -0.066899 0.935071
vn 0.348091 -0.066899 0.935071
vn 0.348091 -0.066899 0.935071
vn 0.348091 -0.066899 0.935071
vn 0.348091 -0.066899 0.935071
vn 0.348091 -0.066899 0.935071
vn 0.348091 -0.066899 0.935071
vn 0.348091 -0.066899 0.935071
vn 0.348091 -0.066899 0.935071
vn 0.348091 -0.066899 0.935071
vn 0.348091 -0.066899 0.935071
vn 0.348091 -0.066899 0.935071
vn 0.348091 -0.066899 0.935071
vn 0.348091 -0.066899 0.935071
vn 0.348091 -0.066899 0.935071
vn 0.348091 -0.066899 0.935071
vn 0.348091 -0.066899 0.935071
vn 0.348091 -0.066899 0.935071
vn 0.348091 -0.066899 0.935071
vn 0.348091 -0.066899 0.935071
vn 0.348091 -0.066899 0.935071
vn 0.348091 -0.066899 0.935071
vn 0.348091 -0.066899 0.935071
vn 0.348091 -0.066899 0.935071
vn 0.348091 -0.066899 0.935071
vn 0.348091 -0.066899 0.935071
vn 0.348091 -0.066899 0.935071
vn 0.348091 -0.066899 0.935071
vn 0.348091 -0.066899 0.935071
vn 0.348091 -0.066899 0.935071
vn 0.348091 -0.066899 0.935071
vn 0.348091 -0.066899 0.935071
vn 0.348091 -0.066899 0.935071
vn 0.348091 -0.066899 0.935071
vn 0.348091 -0.066899 0.935071
vn 0.348091 -0.066899 0.935071
vn 0.348091 -0.066899 0.935071
vn 0.348091 -0.066899 0.935071
vn 0.348091 -0.066899 0.935071
vn 0.348091 -0.066899 0.935071
vn 0.348091 -0.066899 0.935071
vn 0.348091 -0.066899 0.935071
vn 0.348091 -0.066899 0.935071
vn 0.348091 -0.066899 0.935071
vn 0.348091 -0.066899 0.935071
vn 0.348091 -0.066899 0.935071
vn 0.348091 -0.066899 0.935071
vn 0.348091 -0.066899 0.935071
vn 0.348091 -0.066899 0.935071
vn 0.348091 -0.066899 0.935071
vn 0.348091 -0.066899 0.935071
vn 0.348091 -0.066899 0.935071
vn 0.348091 -0.066899 0.935071
vn 0.348091 -0.066899 0.935071
vn 0.348091 -0.066899 0.935071
vn 0.348091 -0.066899 0.935071
vn 0.348091 -0.066899 0.935071
vn 0.348091 -0.066899 0.935071
vn 0.348091 -0.066899 0.935071
vn 0.348091 -0.066899 0.935071
vn 0.348091 -0.066899 0.935071
vn 0.348091 -0.066899 0.935071
vn 0.348091 -0.066899 0.935071
vn 0.348091 -0.066899 0.935071
vn 0.348091 -0.066899 0.935071
vn 0.348091 -0.066899 0.935071
vn 0.348091 -0.066899 0.935071
vn 0.348091 -0.066899 0.935071
vn 0.348091 -0.066899 0.935071
vn 0.348091 -0.066899 0.935071
vn 0.348091 -0.066899 0.935071
vn 0.348091 -0.066899 0.935071
vn 0.348091 -0.066899 0.935071
vn 0.348091 -0.066899 0.935071
vn 0.348091 -0.066899 0.935071
vn 0.348091 -0.066899 0.935071
vn 0.348091 -0.066899 0.935071
vn 0.348091 -0.066899 0.935071
vn 0.348091 -0.066899 0.935071
vn 0.348091 -0.066899 0.935071
vn 0.348091 -0.066899 0.935071
vn 0.348091 -0.066899 0.935071
vn 0.348091 -0.066899 0.935071
vn 0.348091 -0.066899 0.935071
vn 0.348091 -0.066899 0.935071
vn 0.348091 -0.066899 0.935071
vn 0.348091 -0.066899 0.935071
vn 0.348091 -0.066899 0.935071
vn 0.348091 -0.066899 0.935071
vn 0.348091 -0.066899 0.935071
vn 0.348091 -0.066899 0.935071
vn 0.348091 -0.066899 0.935071
vn 0.348091 -0.066899 0.935071
vn 0.348091 -0.066899 0.935071
vn 0.348091 -0.066899 0.935071
vn 0.348091 -0.066899 0.935071
vn 0.348091 -0.066899 0.935071
vn 0.348091 -0.066899 0.935071
vn 0.348091 -0.066899 0.935071
vn 0.348091 -0.066899 0.935071
vn 0.348091 -0.066899 0.935071
vn 0.348091 -0.066899 0.935071
vn 0.348091 -0.066899 0.935071
vn 0.348091 -0.066899 0.935071
vn 0.348091 -0.066899 0.935071
vn 0.348091 -0.066899 0.935071
vn 0.348091 -0.066899 0.935071
vn 0.348091 -0.066899 0.935071
vn 0.348091 -0.066899 0.935071
vn 0.348091 -0.066899 0.935071
vn 0.348091 -0.066899 0.935071
vn 0.348091 -0.066899 0.935071
vn 0.348091 -0.066899 0.935071
vn 0.348091 -0.066899 0.935071
vn 0.348091 -0.066899 0.935071
vn 0.348091 -0.066899 0.935071
vn 0.348091 -0.066899 0.935071
vn 0.348091 -0.066899 0.935071
vn 0.348091 -0.066899 0.935071
vn 0.348091 -0.066899 0.935071
vn 0.348091 -0.066899 0.935071
vn 0.348091 -0.066899 0.935071
vn 0.348091 -0.066899 0.935071
vn 0.348091 -0.066899 0.935071
vn 0.348091 -0.066899 0.935071
vn 0.348091 -0.066899 0.935071
vn 0.348091 -0.066899 0.935071
vn 0.348091 -0.066899 0.935071
vn 0.348091 -0.066899 0.935071
vn 0.348091 -0.066899 0.935071
vn 0.348091 -0.066899 0.935071
vn 0.348091 -0.066899 0.935071
vn 0.348091 -0.066899 0.935071
vn 0.348091 -0.066899 0.935071
vn 0.348091 -0.066899 0.935071
vn 0.348091 -0.066899 0.935071
vn 0.348091 -0.066899 0.935071
vn 0.348091 -0.066899 0.935071
vn 0.348091 -0.066899 0.935071
vn 0.348091 -0.066899 0.935071
vn 0.348091 -0.066899 0.935071
vn 0.348091 -0.066899 0.935071
vn 0.348091 -0.066899 0.935071
vn 0.348091 -0.066899 0.935071
vn 0.348091 -0.066899 0.935071
vn 0.348091 -0.066899 0.935071
vn 0.348091 -0.066899 0.935071
vn 0.348091 -0.066899 0.935071
vn 0.348091 -0.066899 0.935071
vn 0.348091 -0.066899 0.935071
vn 0.348091 -0.066899 0.935071
vn 0.348091 -0.066899 0.935071
vn 0.348091 -0.066899 0.935071
vn 0.348091 -0.066899 0.935071
vn 0.348091 -0.066899 0.935071
vn 0.348091 -0.066899 0.935071
vn 0.348091 -0.066899 0.935071
vn 0.348091 -0.066899 0.935071
vn 0.348091 -0.066899 0.935071
vn 0.348091 -0.066899 0.935071
vn 0.348091 -0.066899 0.935071
vn 0.348091 -0.066899 0.935071
vn 0.348091 -0.066899 0.935071
vn 0.348091 -0.066899 0.935071
vn 0.348091 -0.066899 0.935071
vn 0.348091 -0.066899 0.935071
vn 0.348091 -0.066899 0.935071
vn 0.348091 -0.066899 0.935071
vn 0.348091 -0.066899 0.935071
vn 0.348091 -0.066899 0.935071
vn 0.348091 -0.066899 0.935071
vn 0.348091 -0.066899 0.935071
vn 0.348091 -0.066899 0.935071
vn 0.348091 -0.066899 0.935071
vn 0.348091 -0.066899 0.935071
vn 0.348091 -0.066899 0.935071
vn 0.348091 -0.066899 0.935071
vn 0.348091 -0.066899 0.935071
vn 0.348091 -0.066899 0.935071
vn 0.348091 -0.066899 0.935071
vn 0.348091 -0.066899 0.935071
vn 0.348091 -0.066899 0.935071
vn 0.348091 -0.066899 0.935071
vn 0.348091 -0.066899 0.935071
vn 0.348091 -0.066899 0.935071
vn 0.348091 -0.066899 0.935071
vn 0.348091 -0.066899 0.935071
vn 0.348091 -0.066899 0.935071
vn 0.348091 -0.066899 0.935071
vn 0.348091 -0.066899 0.935071
vn 0.348091 -0.066899 0.935071
vn 0.348091 -0.066899 0.935071
vn 0.348091 -0.066899 0.935071
vn 0.348091 -0.066899 0.935071
vn 0.348091 -0.066899 0.935071
vn 0.348091 -0.066899 0.935071
vn 0.348091 -0.066899 0.935071
vn 0.348091 -0.066899 0.935071
vn 0.348091 -0.066899 0.935071
vn 0.348091 -0.066899 0.935071
vn 0.348091 -0.066899 0.935071
vn 0.348091 -0.066899 0.935071
vn 0.348091 -0.066899 0.935071
vn 0.348091 -0.066899 0.935071
vn 0.348091 -0.066899 0.935071
vn 0.348091 -0.066899 0.935071
vn 0.348091 -0.066899 0.935071
vn 0.348091 -0.066899 0.935071
vn 0.348091 -0.066899 0.935071
vn 0.348091 -0.066899 0.935071
vn 0.348091 -0.066899 0.935071
vn 0.348091 -0.066899 0.935071
vn 0.348091 -0.066899 0.935071
vn 0.348091 -0.066899 0.935071
vn 0.348091 -0.066899 0.935071
vn 0.348091 -0.066899 0.935071
vn 0.348091 -0.066899 0.935071
vn 0.348091 -0.066899 0.935071
vn 0.348091 -0.066899 0.935071
vn 0.348091 -0.066899 0.935071
vn 0.348091 -0.066899 0.935071
vn 0.348091 -0.066899 0.935071
vn 0.348091 -0.066899 0.935071
vn 0.348091 -0.066899 0.935071
vn 0.348091 -0.066899 0.935071
vn 0.348091 -0.066899 0.935071
vn 0.348091 -0.066899 0.935071
vn 0.348091 -0.066899 0.935071
vn 0.348091 -0.066899 0.935071
vn 0.348091 -0.066899 0.935071
vn 0.348091 -0.066899 0.935071
vn 0.348091 -0.066899 0.935071
vn 0.348091 -0.066899 0.935071
vn 0.348091 -0.066899 0.935071
vn 0.348091 -0.066899 0.935071
vn 0.348091 -0.066899 0.935071
vn 0.348091 -0.066899 0.935071
vn 0.348091 -0.066899 0.935071
vn 0.348091 -0.066899 0.935071
vn 0.348091 -0.066899 0.935071
vn 0.348091 -0.066899 0.935071
vn 0.348091 -0.066899 0.935071
vn 0.348091 -0.066899 0.935071
vn 0.348091 -0.066899 0.935071
vn 0.348091 -0.066899 0.935071
vn 0.348091 -0.066899 0.935071
vn 0.348091 -0.066899 0.935071
vn 0.348091 -0.066899 0.935071
vn 0.348091 -0.066899 0.935071
vn 0.348091 -0.066899 0.935071
vn 0.348091 -0.066899 0.935071
vn 0.348091 -0.066899 0.935071
vn 0.348091 -0.066899 0.935071
vn 0.348091 -0.066899 0.935071
vn 0.348091 -0.066899 0.935071
vn 0.348091 -0.066899 0.935071
vn 0.348091 -0.066899 0.935071
vn 0.348091 -0.066899 0.935071
vn 0.348091 -0.066899 0.935071
vn 0.348091 -0.066899 0.935071
vn 0.348091 -0.066899 0.935071
vn 0.348091 -0.066899 0.935071
vn 0.348091 -0.066899 0.935071
vn 0.348091 -0.066899 0.935071
vn 0.348091 -0.066899 0.935071
vn 0.348091 -0.066899 0.935071
vn 0.348091 -0.066899 0.935071
vn 0.348091 -0.066899 0.935071
vn 0.348091 -0.066899 0.935071
vn 0.348091 -0.066899 0.935071
vn 0.348091 -0.066899 0.935071
vn 0.348091 -0.066899 0.935071
vn 0.348091 -0.066899 0.935071
vn 0.348091 -0.066899 0.935071
vn 0.348091 -0.066899 0.935071
vn 0.348091 -0.066899 0.935071
vn 0.348091 -0.066899 0.935071
vn 0.348091 -0.066899 0.935071
vn 0.348091 -0.066899 0.935071
vn 0.348091 -0.066899 0.935071
vn 0.348091 -0.066899 0.935071
vn 0.348091 -0.066899 0.935071
vn 0.348091 -0.066899 0.935071
vn 0.348091 -0.066899 0.935071
vn 0.348091 -0.066899 0.935071
vn 0.348091 -0.066899 0.935071
vn 0.348091 -0.066899 0.935071
vn 0.348091 -0.066899 0.935071
vn 0.348091 -0.066899 0.935071
vn 0.348091 -0.066899 0.935071
vn 0.348091 -0.066899 0.935071
vn 0.348091 -0.066899 0.935071
vn 0.348091 -0.066899 0.935071
vn 0.348091 -0.066899 0.935071
vn 0.348091 -0.066899 0.935071
vn 0.348091 -0.066899 0.935071
vn 0.348091 -0.066899 0.935071
vn 0.348091 -0.066899 0.935071
vn 0.348091 -0.066899 0.935071
vn 0.348091 -0.066899 0.935071
vn 0.348091 -0.066899 0.935071
vn 0.348091 -0.066899 0.935071
vn 0.348091 -0.066899 0.935071
vn 0.348091 -0.066899 0.935071
vn 0.348091 -0.066899 0.935071
vn 0.348091 -0.066899 0.935071
vn 0.348091 -0.066899 0.935071
vn 0.348091 -0.066899 0.935071
vn 0.348091 -0.066899 0.935071
vn 0.348091 -0.066899 0.935071
vn 0.348091 -0.066899 0.935071
vn 0.348091 -0.066899 0.935071
vn 0.348091 -0.066899 0.935071
vn 0.348091 -0.066899 0.935071
vn 0.348091 -0.066899 0.935071
vn 0.348091 -0.066899 0.935071
vn 0.348091 -0.066899 0.935071
vn 0.348091 -0.066899 0.935071
vn 0.348091 -0.066899 0.935071
vn 0.348091 -0.066899 0.935071
vn 0.348091 -0.066899 0.935071
vn 0.348091 -0.066899 0.935071
vn 0.348091 -0.066899 0.935071
vn 0.348091 -0.066899 0.935071
vn 0.348091 -0.066899 0.935071
vn 0.348091 -0.066899 0.935071
vn 0.348091 -0.066899 0.935071
vn 0.348091 -0.066899 0.935071
vn 0.348091 -0.066899 0.935071
vn 0.348091 -0.066899 0.935071
vn 0.348091 -0.066899 0.935071
vn 0.348091 -0.066899 0.935071
vn 0.348091 -0.066899 0.935071
vn 0.348091 -0.066899 0.935071
vn 0.348091 -0.066899 0.935071
vn 0.348091 -0.066899 0.935071
vn 0.348091 -0.066899 0.935071
vn 0.348091 -0.066899 0.935071
vn 0.348091 -0.066899 0.935071
vn 0.348091 -0.066899 0.935071
vn 0.348091 -0.066899 0.935071
vn 0.348091 -0.066899 0.935071
vn 0.348091 -0.066899 0.935071
vn 0.348091 -0.066899 0.935071
vn 0.348091 -0.066899 0.935071
vn 0.348091 -0.066899 0.935071
vn 0.348091 -0.066899 0.935071
vn 0.348091 -0.066899 0.935071
vn 0.348091 -0.066899 0.935071
vn 0.348091 -0.066899 0.935071
vn 0.348091 -0.066899 0.935071
vn 0.348091 -0.066899 0.935071
vn 0.348091 -0.066899 0.935071
vn 0.348091 -0.066899 0.935071
vn 0.348091 -0.066899 0.935071
vn 0.348091 -0.066899 0.935071
vn 0.348091 -0.066899 0.935071
vn 0.348091 -0.066899 0.935071
vn 0.348091 -0.066899 0.935071
vn 0.348091 -0.066899 0.935071
vn 0.348091 -0.066899 0.935071
vn 0.348091 -0.066899 0.935071
vn 0.348091 -0.066899 0.935071
vn 0.348091 -0.066899 0.935071
vn 0.348091 -0.066899 0.935071
vn 0.348091 -0.066899 0.935071
vn 0.348091 -0.066899 0.935071
vn 0.348091 -0.066899 0.935071
vn 0.348091 -0.066899 0.935071
vn 0.348091 -0.066899 0.935071
vn 0.348091 -0.066899 0.935071
vn 0.348091 -0.066899 0.935071
vn 0.348091 -0.066899 0.935071
vn 0.348091 -0.066899 0.935071
vn 0.348091 -0.066899 0.935071
vn 0.348091 -0.066899 0.935071
vn 0.348091 -0.066899 0.935071
vn 0.348091 -0.066899 0.935071
vn 0.348091 -0.066899 0.935071
vn 0.348091 -0.066899 0.935071
vn 0.348091 -0.066899 0.935071
vn 0.348091 -0.066899 0.935071
vn 0.348091 -0.066899 0.935071
vn 0.348091 -0.066899 0.935071
vn 0.348091 -0.066899 0.935071
vn 0.348091 -0.066899 0.935071
vn 0.348091 -0.066899 0.935071
vn 0.348091 -0.066899 0.935071
vn 0.348091 -0.066899 0.935071
vn 0.348091 -0.066899 0.935071
vn 0.348091 -0.066899 0.935071
vn 0.348091 -0.066899 0.935071
vn 0.348091 -0.066899 0.935071
vn 0.348091 -0.066899 0.935071
vn 0.348091 -0.066899 0.935071
vn 0.348091 -0.066899 0.935071
vn 0.348091 -0.066899 0.935071
vn 0.348091 -0.066899 0.935071
vn 0.348091 -0.066899 0.935071
vn 0.348091 -0.066899 0.935071
vn 0.348091 -0.066899 0.935071
vn 0.348091 -0.066899 0.935071
vn 0.348091 -0.066899 0.935071
vn 0.348091 -0.066899 0.935071
vn 0.348091 -0.066899 0.935071
vn 0.348091 -0.066899 0.935071
vn 0.348091 -0.066899 0.935071
vn 0.348091 -0.066899 0.935071
vn 0.348091 -0.066899 0.935071
vn 0.348091 -0.066899 0.935071
vn 0.348091 -0.066899 0.935071
vn 0.348091 -0.066899 0.935071
vn 0.348091 -0.066899 0.935071
vn 0.348091 -0.066899 0.935071
vn 0.348091 -0.066899 0.935071
vn 0.348091 -0.066899 0.935071
vn 0.348091 -0.066899 0.935071
vn 0.348091 -0.066899 0.935071
vn 0.348091 -0.066899 0.935071
vn 0.348091 -0.066899 0.935071
vn 0.348091 -0.066899 0.935071
vn 0.348091 -0.066899 0.935071
vn 0.348091 -0.066899 0.935071
vn 0.348091 -0.066899 0.935071
vn 0.348091 -0.066899 0.935071
vn 0.348091 -0.066899 0.935071
vn 0.348091 -0.066899 0.935071
vn 0.348091 -0.066899 0.935071
vn 0.348091 -0.066899 0.935071
vn 0.348091 -0.066899 0.935071
vn 0.348091 -0.066899 0.935071
vn 0.348091 -0.066899 0.935071
vn 0.348091 -0.066899 0.935071
vn 0.348091 -0.066899 0.935071
vn 0.348091 -0.066899 0.935071
vn 0.348091 -0.066899 0.935071
vn 0.348091 -0.066899 0.935071
vn 0.348091 -0.066899 0.935071
vn 0.348091 -0.066899 0.935071
vn 0.348091 -0.066899 0.935071
vn 0.348091 -0.066899 0.935071
vn 0.348091 -0.066899 0.935071
vn 0.348091 -0.066899 0.935071
vn 0.348091 -0.066899 0.935071
vn 0.348091 -0.066899 0.935071
vn 0.348091 -0.066899 0.935071
vn 0.348091 -0.066899 0.935071
vn 0.348091 -0.066899 0.935071
vn 0.348091 -0.066899 0.935071
vn 0.348091 -0.066899 0.935071
vn 0.348091 -0.066899 0.935071
vn 0.348091 -0.066899 0.935071
vn 0.348091 -0.066899 0.935071
vn 0.348091 -0.066899 0.935071
vn 0.348091 -0.066899 0.935071
vn 0.348091 -0.066899 0.935071
vn 0.348091 -0.066899 0.935071
vn 0.348091 -0.066899 0.935071
vn 0.348091 -0.066899 0.935071
vn 0.348091 -0.066899 0.935071
vn 0.348091 -0.066899 0.935071
vn 0.348091 -0.066899 0.935071
vn 0.348091 -0.066899 0.935071
vn 0.348091 -0.066899 0.935071
vn 0.348091 -0.066899 0.935071
vn 0.348091 -0.066899 0.935071
vn 0.348091 -0.066899 0.935071
vn 0.348091 -0.066899 0.935071
vn 0.348091 -0.066899 0.935071
vn 0.348091 -0.066899 0.935071
vn 0.348091 -0.066899 0.935071
vn 0.348091 -0.066899 0.935071
vn 0.348091 -0.066899 0.935071
vn 0.348091 -0.066899 0.935071
vn 0.348091 -0.066899 0.935071
vn 0.348091 -0.066899 0.935071
vn 0.348091 -0.066899 0.935071
vn 0.348091 -0.066899 0.935071
vn 0.348091 -0.066899 0.935071
vn 0.348091 -0.066899 0.935071
vn 0.348091 -0.066899 0.935071
vn 0.348091 -0.066899 0.935071
vn 0.348091 -0.066899 0.935071
vn 0.348091 -0.066899 0.935071
vn 0.348091 -0.066899 0.935071
vn 0.348091 -0.066899 0.935071
vn 0.348091 -0.066899 0.935071
vn 0.348091 -0.066899 0.935071
vn 0.348091 -0.066899 0.935071
vn 0.348091 -0.066899 0.935071
vn 0.348091 -0.066899 0.935071
vn 0.348091 -0.066899 0.935071
vn 0.348091 -0.066899 0.935071
vn 0.348091 -0.066899 0.935071
vn 0.348091 -0.066899 0.935071
vn 0.348091 -0.066899 0.935071
vn 0.348091 -0.066899 0.935071
vn 0.348091 -0.066899 0.935071
vn 0.348091 -0.066899 0.935071
vn 0.348091 -0.066899 0.935071
vn 0.348091 -0.066899 0.935071
vn 0.348091 -0.066899 0.935071
vn 0.348091 -0.066899 0.935071
vn 0.348091 -0.066899 0.935071
vn 0.348091 -0.066899 0.935071
vn 0.348091 -0.066899 0.935071
vn 0.348091 -0.066899 0.935071
vn 0.348091 -0.066899 0.935071
vn 0.348091 -0.066899 0.935071
vn 0.348091 -0.066899 0.935071
vn 0.348091 -0.066899 0.935071
vn 0.348091 -0.066899 0.935071
vn 0.348091 -0.066899 0.935071
vn 0.348091 -0.066899 0.935071
vn 0.348091 -0.066899 0.935071
vn 0.348091 -0.066899 0.935071
vn 0.348091 -0.066899 0.935071
vn 0.348091 -0.066899 0.935071
vn 0.348091 -0.066899 0.935071
vn 0.348091 -0.066899 0.935071
vn 0.348091 -0.066899 0.935071
vn 0.348091 -0.066899 0.935071
vn 0.348091 -0.066899 0.935071
vn 0.348091 -0.066899 0.935071
vn 0.348091 -0.066899 0.935071
vn 0.348091 -0.066899 0.935071
vn 0.348091 -0.066899 0.935071
vn 0.348091 -0.066899 0.935071
vn 0.348091 -0.066899 0.935071
vn 0.348091 -0.066899 0.935071
vn 0.348091 -0.066899 0.935071
vn 0.348091 -0.066899 0.935071
vn 0.348091 -0.066899 0.935071
vn 0.348091 -0.066899 0.935071
vn 0.348091 -0.066899 0.935071
vn 0.348091 -0.066899 0.935071
vn 0.348091 -0.066899 0.935071
vn 0.348091 -0.066899 0.935071
vn 0.348091 -0.066899 0.935071
vn 0.348091 -0.066899 0.935071
vn 0.348091 -0.066899 0.935071
vn 0.348091 -0.066899 0.935071
vn 0.348091 -0.066899 0.935071
vn 0.348091 -0.066899 0.935071
vn 0.348091 -0.066899 0.935071
vn 0.348091 -0.066899 0.935071
vn 0.348091 -0.066899 0.935071
vn 0.348091 -0.066899 0.935071
vn 0.348091 -0.066899 0.935071
vn 0.348091 -0.066899 0.935071
vn 0.348091 -0.066899 0.935071
vn 0.348091 -0.066899 0.935071
vn 0.348091 -0.066899 0.935071
vn 0.348091 -0.066899 0.935071
vn 0.348091 -0.066899 0.935071
vn 0.348091 -0.066899 0.935071
vn 0.348091 -0.066899 0.935071
vn 0.348091 -0.066899 0.935071
vn 0.348091 -0.066899 0.935071
vn 0.348091 -0.066899 0.935071
vn 0.348091 -0.066899 0.935071
vn 0.348091 -0.066899 0.935071
vn 0.348091 -0.066899 0.935071
vn 0.348091 -0.066899 0.935071
vn 0.348091 -0.066899 0.935071
vn 0.348091 -0.066899 0.935071
vn 0.348091 -0.066899 0.935071
vn 0.348091 -0.066899 0.935071
vn 0.348091 -0.066899 0.935071
vn 0.348091 -0.066899 0.935071
vn 0.348091 -0.066899 0.935071
vn 0.348091 -0.066899 0.935071
vn 0.348091 -0.066899 0.935071
vn 0.348091 -0.066899 0.935071
vn 0.348091 -0.066899 0.935071
vn 0.348091 -0.066899 0.935071
vn 0.348091 -0.066899 0.935071
vn 0.348091 -0.066899 0.935071
vn 0.348091 -0.066899 0.935071
vn 0.348091 -0.066899 0.935071
vn 0.348091 -0.066899 0.935071
vn 0.348091 -0.066899 0.935071
vn 0.348091 -0.066899 0.935071
vn 0.348091 -0.066899 0.935071
vn 0.348091 -0.066899 0.935071
vn 0.348091 -0.066899 0.935071
vn 0.348091 -0.066899 0.935071
vn 0.348091 -0.066899 0.935071
vn 0.348091 -0.066899 0.935071
vn 0.348091 -0.066899 0.935071
vn 0.348091 -0.066899 0.935071
vn 0.348091 -0.066899 0.935071
vn 0.348091 -0.066899 0.935071
vn 0.348091 -0.066899 0.935071
vn 0.348091 -0.066899 0.935071
vn 0.348091 -0.066899 0.935071
vn 0.348091 -0.066899 0.935071
vn 0.348091 -0.066899 0.935071
vn 0.348091 -0.066899 0.935071
vn 0.348091 -0.066899 0.935071
vn 0.348091 -0.066899 0.935071
vn 0.348091 -0.066899 0.935071
vn 0.348091 -0.066899 0.935071
vn 0.348091 -0.066899 0.935071
vn 0.348091 -0.066899 0.935071
vn 0.348091 -0.066899 0.935071
vn 0.348091 -0.066899 0.935071
vn 0.348091 -0.066899 0.935071
vn 0.348091 -0.066899 0.935071
vn 0.348091 -0.066899 0.935071
vn 0.348091 -0.066899 0.935071
vn 0.348091 -0.066899 0.935071
vn 0.348091 -0.066899 0.935071
vn 0.348091 -0.066899 0.935071
vn 0.348091 -0.066899 0.935071
vn 0.348091 -0.066899 0.935071
vn 0.348091 -0.066899 0.935071
vn 0.348091 -0.066899 0.935071
vn 0.348091 -0.066899 0.935071
vn 0.348091 -0.066899 0.935071
vn 0.348091 -0.066899 0.935071
vn 0.348091 -0.066899 0.935071
vn 0.348091 -0.066899 0.935071
vn 0.348091 -0.066899 0.935071
vn 0.348091 -0.066899 0.935071
vn 0.348091 -0.066899 0.935071
vn 0.348091 -0.066899 0.935071
vn 0.348091 -0.066899 0.935071
vn 0.348091 -0.066899 0.935071
vn 0.348091 -0.066899 0.935071
vn 0.348091 -0.066899 0.935071
vn 0.348091 -0.066899 0.935071
vn 0.348091 -0.066899 0.935071
vn 0.348091 -0.066899 0.935071
vn 0.348091 -0.066899 0.935071
vn 0.348091 -0.066899 0.935071
vn 0.348091 -0.066899 0.935071
vn 0.348091 -0.066899 0.935071
vn 0.348091 -0.066899 0.935071
vn 0.348091 -0.066899 0.935071
vn 0.348091 -0.066899 0.935071
vn 0.348091 -0.066899 0.935071
vn 0.348091 -0.066899 0.935071
vn 0.348091 -0.066899 0.935071
vn 0.348091 -0.066899 0.935071
vn 0.348091 -0.066899 0.935071
vn 0.348091 -0.066899 0.935071
vn 0.348091 -0.066899 0.935071
vn 0.348091 -0.066899 0.935071
vn 0.348091 -0.066899 0.935071
vn 0.348091 -0.066899 0.935071
vn 0.348091 -0.066899 0.935071
vn 0.348091 -0.066899 0.935071
vn 0.348091 -0.066899 0.935071
vn 0.348091 -0.066899 0.935071
vn 0.348091 -0.066899 0.935071
vn 0.348091 -0.066899 0.935071
vn 0.348091 -0.066899 0.935071
vn 0.348091 -0.066899 0.935071
vn 0.348091 -0.066899 0.935071
vn 0.348091 -0.066899 0.935071
vn 0.348091 -0.066899 0.935071
vn 0.348091 -0.066899 0.935071
vn 0.348091 -0.066899 0.935071
vn 0.348091 -0.066899 0.935071
vn 0.348091 -0.066899 0.935071
vn 0.348091 -0.066899 0.935071
vn 0.348091 -0.066899 0.935071
vn 0.348091 -0.066899 0.935071
vn 0.348091 -0.066899 0.935071
vn 0.348091 -0.066899 0.935071
vn 0.348091 -0.066899 0.935071
vn 0.348091 -0.066899 0.935071
vn 0.348091 -0.066899 0.935071
vn 0.348091 -0.066899 0.935071
vn 0.348091 -0.066899 0.935071
vn 0.348091 -0.066899 0.935071
vn 0.348091 -0.066899 0.935071
vn 0.348091 -0.066899 0.935071
vn 0.348091 -0.066899 0.935071
vn 0.348091 -0.066899 0.935071
vn 0.348091 -0.066899 0.935071
vn 0.348091 -0.066899 0.935071
vn 0.348091 -0.066899 0.935071
vn 0.348091 -0.066899 0.935071
vn 0.348091 -0.066899 0.935071
vn 0.348091 -0.066899 0.935071
vn 0.348091 -0.066899 0.935071
vn 0.348091 -0.066899 0.935071
vn 0.348091 -0.066899 0.935071
vn 0.348091 -0.066899 0.935071
vn 0.348091 -0.066899 0.935071
vn 0.348091 -0.066899 0.935071
vn 0.348091 -0.066899 0.935071
vn 0.348091 -0.066899 0.935071
vn 0.348091 -0.066899 0.935071
vn 0.348091 -0.066899 0.935071
vn 0.348091 -0.066899 0.935071
vn 0.348091 -0.066899 0.935071
vn 0.348091 -0.066899 0.935071
vn 0.348091 -0.066899 0.935071
vn 0.348091 -0.066899 0.935071
vn 0.348091 -0.066899 0.935071
vn 0.348091 -0.066899 0.935071
vn 0.348091 -0.066899 0.935071
vn 0.348091 -0.066899 0.935071
vn 0.348091 -0.066899 0.935071
vn 0.348091 -0.066899 0.935071
vn 0.348091 -0.066899 0.935071
vn 0.348091 -0.066899 0.935071
vn 0.348091 -0.066899 0.935071
vn 0.348091 -0.066899 0.935071
vn 0.348091 -0.066899 0.935071
vn 0.348091 -0.066899 0.935071
vn 0.348091 -0.066899 0.935071
vn 0.348091 -0.066899 0.935071
vn 0.348091 -0.066899 0.935071
vn 0.348091 -0.066899 0.935071
vn 0.348091 -0.066899 0.935071
vn 0.348091 -0.066899 0.935071
vn 0.348091 -0.066899 0.935071
vn 0.348091 -0.066899 0.935071
vn 0.348091 -0.066899 0.935071
vn 0.348091 -0.066899 0.935071
vn 0.348091 -0.066899 0.935071
vn 0.348091 -0.066899 0.935071
vn 0.348091 -0.066899 0.935071
vn 0.348091 -0.066899 0.935071
vn 0.348091 -0.066899 0.935071
vn 0.348091 -0.066899 0.935071
vn 0.348091 -0.066899 0.935071
vn 0.348091 -0.066899 0.935071
vn 0.348091 -0.066899 0.935071
vn 0.348091 -0.066899 0.935071
vn 0.348091 -0.066899 0.935071
vn 0.348091 -0.066899 0.935071
vn 0.348091 -0.066899 0.935071
vn 0.348091 -0.066899 0.935071
vn 0.348091 -0.066899 0.935071
vn 0.348091 -0.066899 0.935071
vn 0.348091 -0.066899 0.935071
vn 0.348091 -0.066899 0.935071
vn 0.348091 -0.066899 0.935071
vn 0.348091 -0.066899 0.935071
vn 0.348091 -0.066899 0.935071
vn 0.348091 -0.066899 0.935071
vn 0.348091 -0.066899 0.935071
vn 0.348091 -0.066899 0.935071
vn 0.348091 -0.066899 0.935071
vn 0.348091 -0.066899 0.935071
vn 0.348091 -0.066899 0.935071
vn 0.348091 -0.066899 0.935071
vn 0.348091 -0.066899 0.935071
vn 0.348091 -0.066899 0.935071
vn 0.348091 -0.066899 0.935071
vn 0.348091 -0.066899 0.935071
vn 0.348091 -0.066899 0.935071
vn 0.348091 -0.066899 0.935071
vn 0.348091 -0.066899 0.935071
vn 0.348091 -0.066899 0.935071
vn 0.348091 -0.066899 0.935071
vn 0.348091 -0.066899 0.935071
vn 0.348091 -0.066899 0.935071
vn 0.348091 -0.066899 0.935071
vn 0.348091 -0.066899 0.935071
vn 0.348091 -0.066899 0.935071
vn 0.348091 -0.066899 0.935071
vn 0.348091 -0.066899 0.935071
vn 0.348091 -0.066899 0.935071
vn 0.348091 -0.066899 0.935071
vn 0.348091 -0.066899 0.935071
vn 0.348091 -0.066899 0.935071
vn 0.348091 -0.066899 0.935071
vn 0.348091 -0.066899 0.935071
vn 0.348091 -0.066899 0.935071
vn 0.348091 -0.066899 0.935071
vn 0.348091 -0.066899 0.935071
vn 0.348091 -0.066899 0.935071
vn 0.348091 -0.066899 0.935071
vn 0.348091 -0.066899 0.935071
vn 0.348091 -0.066899 0.935071
vn 0.348091 -0.066899 0.935071
vn 0.348091 -0.066899 0.935071
vn 0.348091 -0.066899 0.935071
vn 0.348091 -0.066899 0.935071
vn 0.348091 -0.066899 0.935071
vn 0.348091 -0.066899 0.935071
vn 0.348091 -0.066899 0.935071
vn 0.348091 -0.066899 0.935071
vn 0.348091 -0.066899 0.935071
vn 0.348091 -0.066899 0.935071
vn 0.348091 -0.066899 0.935071
vn 0.348091 -0.066899 0.935071
vn 0.348091 -0.066899 0.935071
vn 0.348091 -0.066899 0.935071
vn 0.348091 -0.066899 0.935071
vn 0.348091 -0.066899 0.935071
vn 0.348091 -0.066899 0.935071
vn 0.348091 -0.066899 0.935071
vn 0.348091 -0.066899 0.935071
vn 0.348091 -0.066899 0.935071
vn 0.348091 -0.066899 0.935071
vn 0.348091 -0.066899 0.935071
vn 0.348091 -0.066899 0.935071
vn 0.348091 -0.066899 0.935071
vn 0.348091 -0.066899 0.935071
vn 0.348091 -0.066899 0.935071
vn 0.348091 -0.066899 0.935071
vn 0.348091 -0.066899 0.935071
vn 0.348091 -0.066899 0.935071
vn 0.348091 -0.066899 0.935071
vn 0.348091 -0.066899 0.935071
vn 0.348091 -0.066899 0.935071
vn 0.348091 -0.066899 0.935071
vn 0.348091 -0.066899 0.935071
vn 0.348091 -0.066899 0.935071
vn 0.348091 -0.066899 0.935071
vn 0.348091 -0.066899 0.935071
vn 0.348091 -0.066899 0.935071
vn 0.348091 -0.066899 0.935071
vn 0.348091 -0.066899 0.935071
vn 0.348091 -0.066899 0.935071
vn 0.348091 -0.066899 0.935071
vn 0.348091 -0.066899 0.935071
vn 0.348091 -0.066899 0.935071
vn 0.348091 -0.066899 0.935071
vn 0.348091 -0.066899 0.935071
vn 0.348091 -0.066899 0.935071
vn 0.348091 -0.066899 0.935071
vn 0.348091 -0.066899 0.935071
vn 0.348091 -0.066899 0.935071
vn 0.348091 -0.066899 0.935071
vn 0.348091 -0.066899 0.935071
vn 0.348091 -0.066899 0.935071
vn 0.348091 -0.066899 0.935071
vn 0.348091 -0.066899 0.935071
vn 0.348091 -0.066899 0.935071
vn 0.348091 -0.066899 0.935071
vn 0.348091 -0.066899 0.935071
vn 0.348091 -0.066899 0.935071
vn 0.348091 -0.066899 0.935071
vn 0.348091 -0.066899 0.935071
vn 0.348091 -0.066899 0.935071
vn 0.348091 -0.066899 0.935071
vn 0.348091 -0.066899 0.935071
vn 0.348091 -0.066899 0.935071
vn 0.348091 -0.066899 0.935071
vn 0.348091 -0.066899 0.935071
vn 0.348091 -0.066899 0.935071
vn 0.348091 -0.066899 0.935071
vn 0.348091 -0.066899 0.935071
vn 0.348091 -0.066899 0.935071
vn 0.348091 -0.066899 0.935071
vn 0.348091 -0.066899 0.935071
vn 0.348091 -0.066899 0.935071
vn 0.348091 -0.066899 0.935071
vn 0.348091 -0.066899 0.935071
vn 0.348091 -0.066899 0.935071
vn 0.348091 -0.066899 0.935071
vn 0.348091 -0.066899 0.935071
vn 0.348091 -0.066899 0.935071
vn 0.348091 -0.066899 0.935071
vn 0.348091 -0.066899 0.935071
vn 0.348091 -0.066899 0.935071
vn 0.348091 -0.066899 0.935071
vn 0.348091 -0.066899 0.935071
vn 0.348091 -0.066899 0.935071
vn 0.348091 -0.066899 0.935071
vn 0.348091 -0.066899 0.935071
vn 0.348091 -0.066899 0.935071
vn 0.348091 -0.066899 0.935071
vn 0.348091 -0.066899 0.935071
vn 0.348091 -0.066899 0.935071
vn 0.348091 -0.066899 0.935071
vn 0.348091 -0.066899 0.935071
vn 0.348091 -0.066899 0.935071
vn 0.348091 -0.066899 0.935071
vn 0.348091 -0.066899 0.935071
vn 0.348091 -0.066899 0.935071
vn 0.348091 -0.066899 0.935071
vn 0.348091 -0.066899 0.935071
vn 0.348091 -0.066899 0.935071
vn 0.348091 -0.066899 0.935071
vn 0.348091 -0.066899 0.935071
vn 0.348091 -0.066899 0.935071
vn 0.348091 -0.066899 0.935071
vn 0.348091 -0.066899 0.935071
vn 0.348091 -0.066899 0.935071
vn 0.348091 -0.066899 0.935071
vn 0.348091 -0.066899 0.935071
vn 0.348091 -0.066899 0.935071
vn 0.348091 -0.066899 0.935071
vn 0.348091 -0.066899 0.935071
vn 0.348091 -0.066899 0.935071
vn 0.348091 -0.066899 0.935071
vn 0.348091 -0.066899 0.935071
vn 0.348091 -0.066899 0.935071
vn 0.348091 -0.066899 0.935071
vn 0.348091 -0.066899 0.935071
vn 0.348091 -0.066899 0.935071
vn 0.348091 -0.066899 0.935071
vn 0.348091 -0.066899 0.935071
vn 0.348091 -0.066899 0.935071
vn 0.348091 -0.066899 0.935071
vn 0.348091 -0.066899 0.935071
vn 0.348091 -0.066899 0.935071
vn 0.348091 -0.066899 0.935071
vn 0.348091 -0.066899 0.935071
vn 0.348091 -0.066899 0.935071
vn 0.348091 -0.066899 0.935071
vn 0.348091 -0.066899 0.935071
vn 0.348091 -0.066899 0.935071
vn 0.348091 -0.066899 0.935071
vn 0.348091 -0.066899 0.935071
vn 0.348091 -0.066899 0.935071
vn 0.348091 -0.066899 0.935071
vn 0.348091 -0.066899 0.935071
vn 0.348091 -0.066899 0.935071
vn 0.348091 -0.066899 0.935071
vn 0.348091 -0.066899 0.935071
vn 0.348091 -0.066899 0.935071
vn 0.348091 -0.066899 0.935071
vn 0.348091 -0.066899 0.935071
vn 0.348091 -0.066899 0.935071
vn 0.348091 -0.066899 0.935071
vn 0.348091 -0.066899 0.935071
vn 0.348091 -0.066899 0.935071
vn 0.348091 -0.066899 0.935071
vn 0.348091 -0.066899 0.935071
vn 0.348091 -0.066899 0.935071
vn 0.348091 -0.066899 0.935071
vn 0.348091 -0.066899 0.935071
vn 0.348091 -0.066899 0.935071
vn 0.348091 -0.066899 0.935071
vn 0.348091 -0.066899 0.935071
vn 0.348091 -0.066899 0.935071
vn 0.348091 -0.066899 0.935071
vn 0.348091 -0.066899 0.935071
vn 0.348091 -0.066899 0.935071
vn 0.348091 -0.066899 0.935071
vn 0.348091 -0.066899 0.935071
vn 0.348091 -0.066899 0.935071
vn 0.348091 -0.066899 0.935071
vn 0.348091 -0.066899 0.935071
vn 0.348091 -0.066899 0.935071
vn 0.348091 -0.066899 0.935071
vn 0.348091 -0.066899 0.935071
vn 0.348091 -0.066899 0.935071
vn 0.348091 -0.066899 0.935071
vn 0.348091 -0.066899 0.935071
vn 0.348091 -0.066899 0.935071
vn 0.348091 -0.066899 0.935071
vn 0.348091 -0.066899 0.935071
vn 0.348091 -0.066899 0.935071
vn 0.348091 -0.066899 0.935071
vn 0.348091 -0.066899 0.935071
vn 0.348091 -0.066899 0.935071
vn 0.348091 -0.066899 0.935071
vn 0.348091 -0.066899 0.935071
vn 0.348091 -0.066899 0.935071
vn 0.348091 -0.066899 0.935071
vn 0.348091 -0.066899 0.935071
vn 0.348091 -0.066899 0.935071
vn 0.348091 -0.066899 0.935071
vn 0.348091 -0.066899 0.935071
vn 0.348091 -0.066899 0.935071
vn 0.348091 -0.066899 0.935071
vn 0.348091 -0.066899 0.935071
vn 0.348091 -0.066899 0.935071
vn 0.348091 -0.066899 0.935071
vn 0.348091 -0.066899 0.935071
vn 0.348091 -0.066899 0.935071
vn 0.348091 -0.066899 0.935071
vn 0.348091 -0.066899 0.935071
vn 0.348091 -0.066899 0.935071
vn 0.348091 -0.066899 0.935071
vn 0.348091 -0.066899 0.935071
vn 0.348091 -0.066899 0.935071
vn 0.348091 -0.066899 0.935071
vn 0.348091 -0.066899 0.935071
vn 0.348091 -0.066899 0.935071
vn 0.348091 -0.066899 0.935071
vn 0.348091 -0.066899 0.935071
vn 0.348091 -0.066899 0.935071
vn 0.348091 -0.066899 0.935071
vn 0.348091 -0.066899 0.935071
vn 0.348091 -0.066899 0.935071
vn 0.348091 -0.066899 0.935071
vn 0.348091 -0.066899 0.935071
vn 0.348091 -0.066899 0.935071
vn 0.348091 -0.066899 0.935071
vn 0.348091 -0.066899 0.935071
vn 0.348091 -0.066899 0.935071
vn 0.348091 -0.066899 0.935071
vn 0.348091 -0.066899 0.935071
vn 0.348091 -0.066899 0.935071
vn 0.348091 -0.066899 0.935071
vn 0.348091 -0.066899 0.935071
vn 0.348091 -0.066899 0.935071
vn 0.348091 -0.066899 0.935071
vn 0.348091 -0.066899 0.935071
vn 0.348091 -0.066899 0.935071
vn 0.348091 -0.066899 0.935071
vn 0.348091 -0.066899 0.935071
vn 0.348091 -0.066899 0.935071
vn 0.348091 -0.066899 0.935071
vn 0.348091 -0.066899 0.935071
vn 0.348091 -0.066899 0.935071
vn 0.348091 -0.066899 0.935071
vn 0.348091 -0.066899 0.935071
vn 0.348091 -0.066899 0.935071
vn 0.348091 -0.066899 0.935071
vn 0.348091 -0.066899 0.935071
vn 0.348091 -0.066899 0.935071
vn 0.348091 -0.066899 0.935071
vn 0.348091 -0.066899 0.935071
vn 0.348091 -0.066899 0.935071
vn 0.348091 -0.066899 0.935071
vn 0.348091 -0.066899 0.935071
vn 0.348091 -0.066899 0.935071
vn 0.348091 -0.066899 0.935071
vn 0.348091 -0.066899 0.935071
vn 0.348091 -0.066899 0.935071
vn 0.348091 -0.066899 0.935071
vn 0.348091 -0.066899 0.935071
vn 0.348091 -0.066899 0.935071
vn 0.348091 -0.066899 0.935071
vn 0.348091 -0.066899 0.935071
vn 0.348091 -0.066899 0.935071
vn 0.348091 -0.066899 0.935071
vn 0.348091 -0.066899 0.935071
vn 0.348091 -0.066899 0.935071
vn 0.348091 -0.066899 0.935071
vn 0.348091 -0.066899 0.935071
vn 0.348091 -0.066899 0.935071
vn 0.348091 -0.066899 0.935071
vn 0.348091 -0.066899 0.935071
vn 0.348091 -0.066899 0.935071
vn 0.348091 -0.066899 0.935071
vn 0.348091 -0.066899 0.935071
vn 0.348091 -0.066899 0.935071
vn 0.348091 -0.066899 0.935071
vn 0.348091 -0.066899 0.935071
vn 0.348091 -0.066899 0.935071
vn 0.348091 -0.066899 0.935071
vn 0.348091 -0.066899 0.935071
vn 0.348091 -0.066899 0.935071
vn 0.348091 -0.066899 0.935071
vn 0.348091 -0.066899 0.935071
vn 0.348091 -0.066899 0.935071
vn 0.348091 -0.066899 0.935071
vn 0.348091 -0.066899 0.935071
vn 0.348091 -0.066899 0.935071
vn 0.348091 -0.066899 0.935071
vn 0.348091 -0.066899 0.935071
vn 0.348091 -0.066899 0.935071
vn 0.348091 -0.066899 0.935071
vn 0.348091 -0.066899 0.935071
vn 0.348091 -0.066899 0.935071
vn 0.348091 -0.066899 0.935071
vn 0.348091 -0.066899 0.935071
vn 0.348091 -0.066899 0.935071
vn 0.348091 -0.066899 0.935071
vn 0.348091 -0.066899 0.935071
vn 0.348091 -0.066899 0.935071
vn 0.348091 -0.066899 0.935071
vn 0.348091 -0.066899 0.935071
vn 0.348091 -0.066899 0.935071
vn 0.348091 -0.066899 0.935071
vn 0.348091 -0.066899 0.935071
vn 0.348091 -0.066899 0.935071
vn 0.348091 -0.066899 0.935071
vn 0.348091 -0.066899 0.935071
vn 0.348091 -0.066899 0.935071
vn 0.348091 -0.066899 0.935071
vn 0.348091 -0.066899 0.935071
vn 0.348091 -0.066899 0.935071
vn 0.348091 -0.066899 0.935071
vn 0.348091 -0.066899 0.935071
vn 0.348091 -0.066899 0.935071
vn 0.348091 -0.066899 0.935071
vn 0.348091 -0.066899 0.935071
vn 0.348091 -0.066899 0.935071
vn 0.348091 -0.066899 0.935071
vn 0.348091 -0.066899 0.935071
vn 0.348091 -0.066899 0.935071
vn 0.348091 -0.066899 0.935071
vn 0.348091 -0.066899 0.935071
vn 0.348091 -0.066899 0.935071
vn 0.348091 -0.066899 0.935071
vn 0.348091 -0.066899 0.935071
vn 0.348091 -0.066899 0.935071
vn 0.348091 -0.066899 0.935071
vn 0.348091 -0.066899 0.935071
vn 0.348091 -0.066899 0.935071
vn 0.348091 -0.066899 0.935071
vn 0.348091 -0.066899 0.935071
vn 0.348091 -0.066899 0.935071
vn 0.348091 -0.066899 0.935071
vn 0.348091 -0.066899 0.935071
vn 0.348091 -0.066899 0.935071
vn 0.348091 -0.066899 0.935071
vn 0.348091 -0.066899 0.935071
vn 0.348091 -0.066899 0.935071
vn 0.348091 -0.066899 0.935071
vn 0.348091 -0.066899 0.935071
vn 0.348091 -0.066899 0.935071
vn 0.348091 -0.066899 0.935071
vn 0.348091 -0.066899 0.935071
vn 0.348091 -0.066899 0.935071
vn 0.348091 -0.066899 0.935071
vn 0.348091 -0.066899 0.935071
vn 0.348091 -0.066899 0.935071
vn 0.348091 -0.066899 0.935071
vn 0.348091 -0.066899 0.935071
vn 0.348091 -0.066899 0.935071
vn 0.348091 -0.066899 0.935071
vn 0.348091 -0.066899 0.935071
vn 0.348091 -0.066899 0.935071
vn 0.348091 -0.066899 0.935071
vn 0.348091 -0.066899 0.935071
vn 0.348091 -0.066899 0.935071
vn 0.348091 -0.066899 0.935071
vn 0.348091 -0.066899 0.935071
vn 0.348091 -0.066899 0.935071
vn 0.348091 -0.066899 0.935071
vn 0.348091 -0.066899 0.935071
vn 0.348091 -0.066899 0.935071
vn 0.348091 -0.066899 0.935071
vn 0.348091 -0.066899 0.935071
vn 0.348091 -0.066899 0.935071
vn 0.348091 -0.066899 0.935071
vn 0.348091 -0.066899 0.935071
vn 0.348091 -0.066899 0.935071
vn 0.348091 -0.066899 0.935071
vn 0.348091 -0.066899 0.935071
vn 0.348091 -0.066899 0.935071
vn 0.348091 -0.066899 0.935071
vn 0.348091 -0.066899 0.935071
vn 0.348091 -0.066899 0.935071
vn 0.348091 -0.066899 0.935071
vn 0.348091 -0.066899 0.935071
vn 0.348091 -0.066899 0.935071
vn 0.348091 -0.066899 0.935071
vn 0.348091 -0.066899 0.935071
vn 0.348091 -0.066899 0.935071
vn 0.348091 -0.066899 0.935071
vn 0.348091 -0.066899 0.935071
vn 0.348091 -0.066899 0.935071
vn 0.348091 -0.066899 0.935071
vn 0.348091 -0.066899 0.935071
vn 0.348091 -0.066899 0.935071
vn 0.348091 -0.066899 0.935071
vn 0.348091 -0.066899 0.935071
vn 0.348091 -0.066899 0.935071
vn 0.348091 -0.066899 0.935071
vn 0.348091 -0.066899 0.935071
vn 0.348091 -0.066899 0.935071
vn 0.348091 -0.066899 0.935071
vn 0.348091 -0.066899 0.935071
vn 0.348091 -0.066899 0.935071
vn 0.348091 -0.066899 0.935071
vn 0.348091 -0.066899 0.935071
vn 0.348091 -0.066899 0.935071
vn 0.348091 -0.066899 0.935071
vn 0.348091 -0.066899 0.935071
vn 0.348091 -0.066899 0.935071
vn 0.348091 -0.066899 0.935071
vn 0.348091 -0.066899 0.935071
vn 0.348091 -0.066899 0.935071
vn 0.348091 -0.066899 0.935071
vn 0.348091 -0.066899 0.935071
vn 0.348091 -0.066899 0.935071
vn 0.348091 -0.066899 0.935071
vn 0.348091 -0.066899 0.935071
vn 0.348091 -0.066899 0.935071
vn 0.348091 -0.066899 0.935071
vn 0.348091 -0.066899 0.935071
vn 0.348091 -0.066899 0.935071
vn 0.348091 -0.066899 0.935071
vn 0.348091 -0.066899 0.935071
vn 0.348091 -0.066899 0.935071
vn 0.348091 -0.066899 0.935071
vn 0.348091 -0.066899 0.935071
vn 0.348091 -0.066899 0.935071
vn 0.348091 -0.066899 0.935071
vn 0.348091 -0.066899 0.935071
vn 0.348091 -0.066899 0.935071
vn 0.348091 -0.066899 0.935071
vn 0.348091 -0.066899 0.935071
vn 0.348091 -0.066899 0.935071
vn 0.348091 -0.066899 0.935071
vn 0.348091 -0.066899 0.935071
vn 0.348091 -0.066899 0.935071
vn 0.348091 -0.066899 0.935071
vn 0.348091 -0.066899 0.935071
vn 0.348091 -0.066899 0.935071
vn 0.348091 -0.066899 0.935071
vn 0.348091 -0.066899 0.935071
vn 0.348091 -0.066899 0.935071
vn 0.348091 -0.066899 0.935071
vn 0.348091 -0.066899 0.935071
vn 0.348091 -0.066899 0.935071
vn 0.348091 -0.066899 0.935071
vn 0.348091 -0.066899 0.935071
vn 0.348091 -0.066899 0.935071
vn 0.348091 -0.066899 0.935071
vn 0.348091 -0.066899 0.935071
vn 0.348091 -0.066899 0.935071
vn 0.348091 -0.066899 0.935071
vn 0.348091 -0.066899 0.935071
vn 0.348091 -0.066899 0.935071
vn 0.348091 -0.066899 0.935071
vn 0.348091 -0.066899 0.935071
vn 0.348091 -0.066899 0.935071
vn 0.348091 -0.066899 0.935071
vn 0.348091 -0.066899 0.935071
vn 0.348091 -0.066899 0.935071
vn 0.348091 -0.066899 0.935071
vn 0.348091 -0.066899 0.935071
vn 0.348091 -0.066899 0.935071
vn 0.348091 -0.066899 0.935071
vn 0.348091 -0.066899 0.935071
vn 0.348091 -0.066899 0.935071
vn 0.348091 -0.066899 0.935071
vn 0.348091 -0.066899 0.935071
vn 0.348091 -0.066899 0.935071
vn 0.348091 -0.066899 0.935071
vn 0.348091 -0.066899 0.935071
vn 0.348091 -0.066899 0.935071
vn 0.348091 -0.066899 0.935071
vn 0.348091 -0.066899 0.935071
vn 0.348091 -0.066899 0.935071
vn 0.348091 -0.066899 0.935071
vn 0.348091 -0.066899 0.935071
vn 0.348091 -0.066899 0.935071
vn 0.348091 -0.066899 0.935071
vn 0.348091 -0.066899 0.935071
vn 0.348091 -0.066899 0.935071
vn 0.348091 -0.066899 0.935071
vn 0.348091 -0.066899 0.935071
vn 0.348091 -0.066899 0.935071
vn 0.348091 -0.066899 0.935071
vn 0.348091 -0.066899 0.935071
vn 0.348091 -0.066899 0.935071
