v -0.661218 0.478925 0.175779 1.0000 0.0000 0.0000
v -0.604754 0.402296 0.266524 1.0000 0.0000 0.0000
v -0.752971 0.428511 0.130406 1.0000 0.0000 0.0000
v -0.667267 0.570679 0.114274 1.0000 0.0000 0.0000
v -0.687433 0.409354 0.200986 1.0000 0.0000 0.0000
v -0.614837 0.452710 0.225185 1.0000 0.0000 0.0000
v -0.636011 0.535389 0.159646 1.0000 0.0000 0.0000
v -0.726756 0.396246 0.169729 1.0000 0.0000 0.0000
v -0.672309 0.523290 0.136456 1.0000 0.0000 0.0000
v -0.783220 0.400279 0.117299 1.0000 0.0000 0.0000
v -0.716673 0.434561 0.154605 1.0000 0.0000 0.0000
v -0.649118 0.432544 0.212077 1.0000 0.0000 0.0000
v -0.627944 0.496066 0.189895 1.0000 0.0000 0.0000
v -0.764062 0.389188 0.149564 1.0000 0.0000 0.0000
v -0.638027 0.461785 0.200986 1.0000 0.0000 0.0000
v -0.638027 0.411371 0.231234 1.0000 0.0000 0.0000
v -0.793302 0.376081 0.126373 1.0000 0.0000 0.0000
v -0.652143 0.593869 0.112257 1.0000 0.0000 0.0000
v -0.606770 0.424478 0.252408 1.0000 0.0000 0.0000
v -0.653151 0.517240 0.160655 1.0000 0.0000 0.0000
v -0.674325 0.390197 0.210060 1.0000 0.0000 0.0000
v -0.666259 0.421453 0.195945 1.0000 0.0000 0.0000
v -0.759021 0.404313 0.131415 1.0000 0.0000 0.0000
v -0.643069 0.561604 0.135448 1.0000 0.0000 0.0000
v -0.708607 0.413387 0.161663 1.0000 0.0000 0.0000
v -0.660209 0.542447 0.138473 1.0000 0.0000 0.0000
v -0.621895 0.480942 0.204011 1.0000 0.0000 0.0000
v -0.635002 0.508165 0.173762 1.0000 0.0000 0.0000
v -0.629961 0.429520 0.227201 1.0000 0.0000 0.0000
v -0.625928 0.411371 0.247367 1.0000 0.0000 0.0000
v -0.646093 0.491025 0.179812 1.0000 0.0000 0.0000
v -0.702557 0.398263 0.190903 1.0000 0.0000 0.0000
v -0.639035 0.393221 0.236276 1.0000 0.0000 0.0000
v -0.657185 0.437586 0.196953 1.0000 0.0000 0.0000
v -0.715665 0.385155 0.177796 1.0000 0.0000 0.0000
v -0.651135 0.412379 0.220143 1.0000 0.0000 0.0000
v -0.751963 0.377089 0.149564 1.0000 0.0000 0.0000
v -0.613828 0.494050 0.198969 1.0000 0.0000 0.0000
v -0.621895 0.461785 0.214094 1.0000 0.0000 0.0000
v -0.647102 0.467834 0.189895 1.0000 0.0000 0.0000
v -0.627944 0.447669 0.219135 1.0000 0.0000 0.0000
v -0.600721 0.435569 0.245350 1.0000 0.0000 0.0000
v -0.734822 0.400279 0.158638 1.0000 0.0000 0.0000
v -0.654160 0.529339 0.153597 1.0000 0.0000 0.0000
v -0.689450 0.413387 0.187878 1.0000 0.0000 0.0000
v -0.763054 0.391205 0.133431 1.0000 0.0000 0.0000
v -0.607779 0.412379 0.258458 1.0000 0.0000 0.0000
v -0.641052 0.520265 0.164688 1.0000 0.0000 0.0000
v -0.677350 0.402296 0.209052 1.0000 0.0000 0.0000
v 0.598125 -0.470875 0.169729 0.0000 0.4470 0.7410
v 0.691895 -0.509190 0.072934 0.0000 0.4470 0.7410
v 0.750375 -0.428527 0.073943 0.0000 0.4470 0.7410
v 0.632407 -0.586828 0.072934 0.0000 0.4470 0.7410
v 0.673746 -0.435585 0.128390 0.0000 0.4470 0.7410
v 0.628374 -0.395254 0.190903 0.0000 0.4470 0.7410
v 0.558802 -0.403320 0.248375 0.0000 0.4470 0.7410
v 0.623332 -0.515240 0.121332 0.0000 0.4470 0.7410
v 0.589051 -0.640266 0.076967 0.0000 0.4470 0.7410
v 0.566868 -0.528347 0.163680 0.0000 0.4470 0.7410
v 0.581993 -0.432561 0.205019 0.0000 0.4470 0.7410
v 0.710044 -0.457768 0.094108 0.0000 0.4470 0.7410
v 0.535612 -0.471883 0.210060 0.0000 0.4470 0.7410
v 0.668705 -0.385171 0.162671 0.0000 0.4470 0.7410
v 0.658622 -0.482975 0.116290 0.0000 0.4470 0.7410
v 0.772558 -0.381138 0.090075 0.0000 0.4470 0.7410
v 0.605183 -0.574728 0.107216 0.0000 0.4470 0.7410
v 0.657614 -0.550529 0.082009 0.0000 0.4470 0.7410
v 0.721135 -0.413403 0.106208 0.0000 0.4470 0.7410
v 0.637448 -0.460792 0.143514 0.0000 0.4470 0.7410
v 0.588042 -0.546496 0.129398 0.0000 0.4470 0.7410
v 0.565860 -0.490033 0.182837 0.0000 0.4470 0.7410
v 0.549728 -0.437602 0.232243 0.0000 0.4470 0.7410
v 0.588042 -0.610018 0.101166 0.0000 0.4470 0.7410
v 0.641481 -0.421469 0.167713 0.0000 0.4470 0.7410
v 0.694920 -0.407354 0.129398 0.0000 0.4470 0.7410
v 0.684837 -0.480958 0.095116 0.0000 0.4470 0.7410
v 0.788690 -0.383155 0.060835 0.0000 0.4470 0.7410
v 0.599133 -0.404329 0.210060 0.0000 0.4470 0.7410
v 0.596109 -0.516248 0.139481 0.0000 0.4470 0.7410
v 0.575943 -0.594894 0.124357 0.0000 0.4470 0.7410
v 0.574935 -0.458776 0.191911 0.0000 0.4470 0.7410
v 0.618291 -0.482975 0.150572 0.0000 0.4470 0.7410
v 0.614258 -0.447685 0.179812 0.0000 0.4470 0.7410
v 0.649547 -0.525322 0.094108 0.0000 0.4470 0.7410
v 0.771549 -0.404329 0.068901 0.0000 0.4470 0.7410
v 0.744326 -0.455751 0.070918 0.0000 0.4470 0.7410
v 0.614258 -0.548513 0.111249 0.0000 0.4470 0.7410
v 0.579976 -0.401304 0.230226 0.0000 0.4470 0.7410
v 0.669713 -0.504148 0.096125 0.0000 0.4470 0.7410
v 0.611233 -0.599935 0.085034 0.0000 0.4470 0.7410
v 0.631398 -0.484991 0.126373 0.0000 0.4470 0.7410
v 0.528554 -0.419453 0.259466 0.0000 0.4470 0.7410
v 0.677779 -0.456759 0.113266 0.0000 0.4470 0.7410
v 0.700970 -0.436594 0.106208 0.0000 0.4470 0.7410
v 0.585017 -0.493057 0.167713 0.0000 0.4470 0.7410
v 0.656605 -0.434577 0.145531 0.0000 0.4470 0.7410
v 0.620307 -0.425503 0.176787 0.0000 0.4470 0.7410
v 0.638456 -0.561620 0.088059 0.0000 0.4470 0.7410
v 0.668705 -0.526331 0.083017 0.0000 0.4470 0.7410
v 0.553761 -0.474908 0.197961 0.0000 0.4470 0.7410
v 0.632407 -0.536413 0.110241 0.0000 0.4470 0.7410
v 0.720127 -0.395254 0.117299 0.0000 0.4470 0.7410
v 0.698953 -0.484991 0.079992 0.0000 0.4470 0.7410
v 0.654589 -0.399287 0.168721 0.0000 0.4470 0.7410
v 0.585017 -0.577753 0.111249 0.0000 0.4470 0.7410
v 0.574935 -0.557587 0.140489 0.0000 0.4470 0.7410
v 0.606191 -0.630184 0.078984 0.0000 0.4470 0.7410
v 0.757433 -0.373072 0.100158 0.0000 0.4470 0.7410
v 0.563844 -0.412395 0.230226 0.0000 0.4470 0.7410
v 0.737268 -0.427519 0.088059 0.0000 0.4470 0.7410
v 0.601150 -0.498099 0.158638 0.0000 0.4470 0.7410
v 0.618291 -0.583803 0.092092 0.0000 0.4470 0.7410
v 0.758442 -0.400296 0.082009 0.0000 0.4470 0.7410
v 0.606191 -0.432561 0.187878 0.0000 0.4470 0.7410
v 0.567877 -0.510198 0.168721 0.0000 0.4470 0.7410
v 0.590059 -0.387188 0.213085 0.0000 0.4470 0.7410
v 0.570902 -0.606993 0.112257 0.0000 0.4470 0.7410
v 0.682821 -0.420461 0.126373 0.0000 0.4470 0.7410
v 0.640473 -0.541455 0.096125 0.0000 0.4470 0.7410
v 0.612241 -0.455751 0.165696 0.0000 0.4470 0.7410
v 0.656605 -0.496082 0.107216 0.0000 0.4470 0.7410
v 0.664672 -0.402312 0.156622 0.0000 0.4470 0.7410
v 0.570902 -0.440627 0.213085 0.0000 0.4470 0.7410
v 0.681812 -0.403320 0.137464 0.0000 0.4470 0.7410
v 0.731218 -0.401304 0.107216 0.0000 0.4470 0.7410
v 0.743318 -0.415420 0.082009 0.0000 0.4470 0.7410
v 0.539645 -0.421469 0.250392 0.0000 0.4470 0.7410
v 0.556786 -0.523306 0.172754 0.0000 0.4470 0.7410
v 0.606191 -0.410378 0.198969 0.0000 0.4470 0.7410
v 0.598125 -0.608001 0.091083 0.0000 0.4470 0.7410
v 0.686854 -0.380130 0.146539 0.0000 0.4470 0.7410
v 0.551744 -0.416428 0.236276 0.0000 0.4470 0.7410
v 0.665680 -0.463817 0.114274 0.0000 0.4470 0.7410
v 0.713069 -0.424494 0.105199 0.0000 0.4470 0.7410
v 0.615266 -0.536413 0.117299 0.0000 0.4470 0.7410
v 0.546703 -0.446676 0.223168 0.0000 0.4470 0.7410
v 0.566868 -0.474908 0.196953 0.0000 0.4470 0.7410
v 0.604175 -0.485999 0.154605 0.0000 0.4470 0.7410
v 0.648539 -0.444660 0.144522 0.0000 0.4470 0.7410
v 0.654589 -0.471883 0.121332 0.0000 0.4470 0.7410
v 0.646523 -0.428527 0.150572 0.0000 0.4470 0.7410
v 0.559810 -0.501124 0.182837 0.0000 0.4470 0.7410
v 0.598125 -0.544480 0.122340 0.0000 0.4470 0.7410
v -0.226649 0.026207 0.164688 0.8500 0.3250 0.0980
v 0.254301 -0.797558 -0.256774 0.8500 0.3250 0.0980
v -1.000000 0.085696 -0.256774 0.8500 0.3250 0.0980
v -0.266980 -0.435585 -0.264840 0.8500 0.3250 0.0980
v -0.578539 -0.096803 -0.154937 0.8500 0.3250 0.0980
v 0.035504 -0.310559 0.037644 0.8500 0.3250 0.0980
v 0.549728 -0.683622 0.041678 0.8500 0.3250 0.0980
v -0.749946 0.180474 -0.019828 0.8500 0.3250 0.0980
v 0.258334 -0.564645 -0.030919 0.8500 0.3250 0.0980
v 0.000215 -0.606993 -0.245682 0.8500 0.3250 0.0980
v -0.236731 -0.210739 -0.050076 0.8500 0.3250 0.0980
v -0.494851 0.118969 0.088059 0.8500 0.3250 0.0980
v -0.469644 -0.286360 -0.257782 0.8500 0.3250 0.0980
v 0.250268 -0.381138 0.117299 0.8500 0.3250 0.0980
v -0.789269 -0.055464 -0.249716 0.8500 0.3250 0.0980
v -0.083473 -0.418445 -0.126705 0.8500 0.3250 0.0980
v 0.439825 -0.787475 -0.126705 0.8500 0.3250 0.0980
v -0.394023 -0.057480 -0.007728 0.8500 0.3250 0.0980
v -0.535183 0.301468 0.230226 0.8500 0.3250 0.0980
v -0.083473 -0.133101 0.119315 0.8500 0.3250 0.0980
v -0.800360 0.349865 0.103183 0.8500 0.3250 0.0980
v 0.407560 -0.523306 0.090075 0.8500 0.3250 0.0980
v 0.089952 -0.473900 -0.068225 0.8500 0.3250 0.0980
v -0.907238 0.175433 -0.119647 0.8500 0.3250 0.0980
v 0.178680 -0.650349 -0.167037 0.8500 0.3250 0.0980
v -0.690458 0.041331 -0.113598 0.8500 0.3250 0.0980
v -0.636011 0.235930 0.101166 0.8500 0.3250 0.0980
v -0.407131 -0.184523 -0.130738 0.8500 0.3250 0.0980
v 0.143390 -0.256111 0.157630 0.8500 0.3250 0.0980
v -0.543249 0.008058 -0.028902 0.8500 0.3250 0.0980
v -0.312352 -0.308542 -0.172078 0.8500 0.3250 0.0980
v 0.406552 -0.654382 -0.023861 0.8500 0.3250 0.0980
v -0.252864 -0.088737 0.061843 0.8500 0.3250 0.0980
v 0.400502 -0.891328 -0.236608 0.8500 0.3250 0.0980
v -0.602737 -0.199648 -0.268873 0.8500 0.3250 0.0980
v 0.313790 -0.712863 -0.136788 0.8500 0.3250 0.0980
v -0.094564 -0.306525 -0.032935 0.8500 0.3250 0.0980
v -0.359742 0.034273 0.100158 0.8500 0.3250 0.0980
v -0.423263 0.184507 0.193928 0.8500 0.3250 0.0980
v -0.116746 -0.528347 -0.248707 0.8500 0.3250 0.0980
v 0.379328 -0.411387 0.170738 0.8500 0.3250 0.0980
v -0.617862 0.125019 0.016471 0.8500 0.3250 0.0980
v -0.845733 0.065530 -0.182161 0.8500 0.3250 0.0980
v 0.043571 -0.161333 0.178804 0.8500 0.3250 0.0980
v -0.864890 0.284327 -0.000670 0.8500 0.3250 0.0980
v -0.681383 0.340791 0.171746 0.8500 0.3250 0.0980
v 0.191788 -0.447685 0.018487 0.8500 0.3250 0.0980
v -0.101622 -0.033281 0.204011 0.8500 0.3250 0.0980
v -0.187326 -0.339799 -0.127714 0.8500 0.3250 0.0980
v 0.548719 -0.578761 0.114274 0.8500 0.3250 0.0980
v 0.027438 -0.054455 0.261483 0.8500 0.3250 0.0980
v 0.137341 -0.715887 -0.260807 0.8500 0.3250 0.0980
v -0.149011 -0.195615 0.032603 0.8500 0.3250 0.0980
v -0.017934 -0.512215 -0.167037 0.8500 0.3250 0.0980
v 0.088943 -0.570695 -0.153929 0.8500 0.3250 0.0980
v -0.327477 0.110903 0.184853 0.8500 0.3250 0.0980
v -0.481744 -0.085712 -0.087382 0.8500 0.3250 0.0980
v -0.691466 -0.122010 -0.253749 0.8500 0.3250 0.0980
v 0.301691 -0.479950 0.060835 0.8500 0.3250 0.0980
v 0.497297 -0.436594 0.220143 0.8500 0.3250 0.0980
v 0.140366 -0.346857 0.074951 0.8500 0.3250 0.0980
v 0.306732 -0.311567 0.215102 0.8500 0.3250 0.0980
v -0.894131 0.005033 -0.266856 0.8500 0.3250 0.0980
v -0.331510 -0.148225 -0.044026 0.8500 0.3250 0.0980
v -0.024992 -0.220822 0.082009 0.8500 0.3250 0.0980
v 0.486206 -0.731012 -0.043018 0.8500 0.3250 0.0980
v -0.181276 -0.428527 -0.196277 0.8500 0.3250 0.0980
v -0.502918 -0.183515 -0.184177 0.8500 0.3250 0.0980
v -0.687433 -0.045381 -0.178128 0.8500 0.3250 0.0980
v -0.535183 0.224839 0.154605 0.8500 0.3250 0.0980
v -0.234715 0.104853 0.243334 0.8500 0.3250 0.0980
v -0.362767 -0.356939 -0.253749 0.8500 0.3250 0.0980
v -0.173210 -0.064538 0.130406 0.8500 0.3250 0.0980
v -0.762046 0.268195 0.046719 0.8500 0.3250 0.0980
v -0.015918 -0.382146 -0.053101 0.8500 0.3250 0.0980
v -0.802377 0.119977 -0.102507 0.8500 0.3250 0.0980
v 0.475115 -0.615059 0.051760 0.8500 0.3250 0.0980
v 0.353113 -0.792517 -0.185186 0.8500 0.3250 0.0980
v 0.168597 -0.562629 -0.093432 0.8500 0.3250 0.0980
v -0.457545 0.021166 0.020504 0.8500 0.3250 0.0980
v 0.089952 -0.395254 0.004371 0.8500 0.3250 0.0980
v 0.347063 -0.566662 0.013446 0.8500 0.3250 0.0980
v -0.839683 0.206689 -0.052093 0.8500 0.3250 0.0980
v 0.266401 -0.637242 -0.100490 0.8500 0.3250 0.0980
v -0.941520 0.120986 -0.192244 0.8500 0.3250 0.0980
v 0.236152 -0.728995 -0.196277 0.8500 0.3250 0.0980
v -0.622903 -0.020174 -0.114606 0.8500 0.3250 0.0980
v 0.193804 -0.217797 0.223168 0.8500 0.3250 0.0980
v -0.395032 -0.278294 -0.206359 0.8500 0.3250 0.0980
v -0.250847 -0.275269 -0.112589 0.8500 0.3250 0.0980
v -0.766079 0.022174 -0.178128 0.8500 0.3250 0.0980
v 0.079869 -0.641275 -0.219467 0.8500 0.3250 0.0980
v -0.322435 -0.216788 -0.101498 0.8500 0.3250 0.0980
v -0.419230 0.113928 0.138473 0.8500 0.3250 0.0980
v -0.256897 -0.374080 -0.198293 0.8500 0.3250 0.0980
v -0.694491 0.112919 -0.039993 0.8500 0.3250 0.0980
v 0.224053 -0.289385 0.177796 0.8500 0.3250 0.0980
v -0.045158 0.003017 0.267532 0.8500 0.3250 0.0980
v 0.059703 -0.256111 0.104191 0.8500 0.3250 0.0980
v 0.502338 -0.517256 0.158638 0.8500 0.3250 0.0980
v -0.280087 -0.018157 0.109232 0.8500 0.3250 0.0980
v 0.006264 -0.452726 -0.101498 0.8500 0.3250 0.0980
v 0.390419 -0.716896 -0.095449 0.8500 0.3250 0.0980
v -0.593663 0.289369 0.167713 0.8500 0.3250 0.0980
v -0.033059 -0.085712 0.199978 0.8500 0.3250 0.0980
v -0.694491 0.206689 0.040669 0.8500 0.3250 0.0980
v -0.534174 0.075613 0.025545 0.8500 0.3250 0.0980
v -0.168168 -0.267202 -0.049068 0.8500 0.3250 0.0980
v -0.584588 0.173416 0.079992 0.8500 0.3250 0.0980
v 0.323873 -0.843939 -0.253749 0.8500 0.3250 0.0980
v -0.039108 -0.277285 0.022520 0.8500 0.3250 0.0980
v -0.612820 0.040323 -0.059150 0.8500 0.3250 0.0980
v -0.473677 0.251054 0.209052 0.8500 0.3250 0.0980
v 0.483181 -0.371055 0.266524 0.8500 0.3250 0.0980
v -0.618870 -0.135118 -0.220475 0.8500 0.3250 0.0980
v -0.253872 -0.141167 0.001346 0.8500 0.3250 0.0980
v -0.697516 0.285335 0.112257 0.8500 0.3250 0.0980
v -0.165143 -0.132093 0.076967 0.8500 0.3250 0.0980
v -0.345626 -0.027232 0.046719 0.8500 0.3250 0.0980
v 0.333956 -0.638250 -0.060159 0.8500 0.3250 0.0980
v 0.416635 -0.840914 -0.179136 0.8500 0.3250 0.0980
v 0.445875 -0.463817 0.165696 0.8500 0.3250 0.0980
v -0.366800 0.205681 0.247367 0.8500 0.3250 0.0980
v -0.100614 -0.468859 -0.183169 0.8500 0.3250 0.0980
v 0.358154 -0.461801 0.109232 0.8500 0.3250 0.0980
v -0.425280 0.065530 0.075959 0.8500 0.3250 0.0980
v 0.180697 -0.509190 -0.039993 0.8500 0.3250 0.0980
v 0.112134 -0.189565 0.196953 0.8500 0.3250 0.0980
v 0.314798 -0.371055 0.166704 0.8500 0.3250 0.0980
v -0.109688 -0.358956 -0.092424 0.8500 0.3250 0.0980
v -0.821534 0.007050 -0.228542 0.8500 0.3250 0.0980
v 0.424701 -0.383155 0.224176 0.8500 0.3250 0.0980
v -0.051208 -0.550529 -0.226525 0.8500 0.3250 0.0980
v 0.056678 -0.113944 0.231234 0.8500 0.3250 0.0980
v -0.319410 -0.101844 0.009413 0.8500 0.3250 0.0980
v -0.482752 0.166358 0.140489 0.8500 0.3250 0.0980
v -0.927404 0.064522 -0.233583 0.8500 0.3250 0.0980
v -0.595679 0.341799 0.216110 0.8500 0.3250 0.0980
v -0.394023 -0.137134 -0.076291 0.8500 0.3250 0.0980
v -0.755996 0.068555 -0.118639 0.8500 0.3250 0.0980
v 0.474107 -0.661440 -0.004703 0.8500 0.3250 0.0980
v 0.192796 -0.333749 0.120323 0.8500 0.3250 0.0980
v -0.016926 -0.161333 0.142506 0.8500 0.3250 0.0980
v -0.359742 -0.251070 -0.149896 0.8500 0.3250 0.0980
v 0.198846 -0.385171 0.069909 0.8500 0.3250 0.0980
v -0.176235 -0.478941 -0.243666 0.8500 0.3250 0.0980
v -0.459561 -0.031265 -0.024869 0.8500 0.3250 0.0980
v -0.805402 0.238954 0.001346 0.8500 0.3250 0.0980
v -0.302270 0.046373 0.136456 0.8500 0.3250 0.0980
v 0.415626 -0.570695 0.040669 0.8500 0.3250 0.0980
v -0.542241 -0.054455 -0.093432 0.8500 0.3250 0.0980
v -0.509976 -0.123018 -0.136788 0.8500 0.3250 0.0980
v -0.521067 -0.222838 -0.236608 0.8500 0.3250 0.0980
v 0.498305 -0.779409 -0.093432 0.8500 0.3250 0.0980
v -0.457545 -0.230904 -0.199302 0.8500 0.3250 0.0980
v 0.049620 -0.519273 -0.135780 0.8500 0.3250 0.0980
v -0.151028 -0.393238 -0.145863 0.8500 0.3250 0.0980
v -0.824559 0.311551 0.053777 0.8500 0.3250 0.0980
v 0.035504 -0.577753 -0.193252 0.8500 0.3250 0.0980
v 0.117175 -0.293418 0.109232 0.8500 0.3250 0.0980
v 0.464024 -0.562629 0.091083 0.8500 0.3250 0.0980
v -0.091539 -0.236954 0.019495 0.8500 0.3250 0.0980
v 0.245227 -0.513223 0.008404 0.8500 0.3250 0.0980
v -0.859849 0.132077 -0.133763 0.8500 0.3250 0.0980
v 0.289591 -0.779409 -0.204343 0.8500 0.3250 0.0980
v -0.158086 -0.003033 0.191911 0.8500 0.3250 0.0980
v -0.741880 0.338774 0.129398 0.8500 0.3250 0.0980
v -0.026001 -0.334757 -0.004703 0.8500 0.3250 0.0980
v -0.096580 -0.184523 0.068901 0.8500 0.3250 0.0980
v 0.133308 -0.441635 -0.007728 0.8500 0.3250 0.0980
v -0.420239 -0.330724 -0.265848 0.8500 0.3250 0.0980
v 0.366221 -0.359964 0.211069 0.8500 0.3250 0.0980
v -0.730789 -0.063530 -0.221484 0.8500 0.3250 0.0980
v -0.558373 -0.155283 -0.198293 0.8500 0.3250 0.0980
v 0.302699 -0.417436 0.115282 0.8500 0.3250 0.0980
v -0.114729 -0.070588 0.153597 0.8500 0.3250 0.0980
v -0.273030 0.070572 0.185862 0.8500 0.3250 0.0980
v 0.208929 -0.622117 -0.117631 0.8500 0.3250 0.0980
v -0.307311 -0.380130 -0.240641 0.8500 0.3250 0.0980
v 0.252285 -0.688664 -0.152921 0.8500 0.3250 0.0980
v -0.900180 0.218789 -0.077300 0.8500 0.3250 0.0980
v -0.204466 -0.181499 0.011429 0.8500 0.3250 0.0980
v -0.548290 0.126027 0.059827 0.8500 0.3250 0.0980
v 0.271442 -0.265186 0.231234 0.8500 0.3250 0.0980
v 0.047604 -0.407354 -0.036968 0.8500 0.3250 0.0980
v 0.071803 -0.209730 0.156622 0.8500 0.3250 0.0980
v -0.244798 -0.323666 -0.147879 0.8500 0.3250 0.0980
v -0.794311 0.169383 -0.064192 0.8500 0.3250 0.0980
v -0.429313 -0.088737 -0.059150 0.8500 0.3250 0.0980
v -0.751963 0.120986 -0.071250 0.8500 0.3250 0.0980
v 0.146415 -0.393238 0.038653 0.8500 0.3250 0.0980
v 0.141374 -0.604977 -0.164012 0.8500 0.3250 0.0980
v -0.533166 0.177449 0.108224 0.8500 0.3250 0.0980
v 0.157506 -0.173432 0.235268 0.8500 0.3250 0.0980
v 0.238169 -0.428527 0.067893 0.8500 0.3250 0.0980
v 0.530570 -0.623126 0.081001 0.8500 0.3250 0.0980
v 0.441842 -0.741094 -0.082341 0.8500 0.3250 0.0980
v -0.646093 0.174425 0.041678 0.8500 0.3250 0.0980
v -0.461578 -0.167383 -0.141830 0.8500 0.3250 0.0980
v 0.366221 -0.742103 -0.141830 0.8500 0.3250 0.0980
v 0.343030 -0.682614 -0.096457 0.8500 0.3250 0.0980
v 0.265392 -0.329716 0.172754 0.8500 0.3250 0.0980
v -0.282104 0.137118 0.236276 0.8500 0.3250 0.0980
v 0.165573 -0.696730 -0.214426 0.8500 0.3250 0.0980
v -0.479727 0.065530 0.049744 0.8500 0.3250 0.0980
v -0.636011 -0.067563 -0.165020 0.8500 0.3250 0.0980
v 0.209937 -0.761260 -0.254757 0.8500 0.3250 0.0980
v 0.226069 -0.582794 -0.074275 0.8500 0.3250 0.0980
v 0.363196 -0.611026 -0.019828 0.8500 0.3250 0.0980
v -0.199425 0.040323 0.212077 0.8500 0.3250 0.0980
v -0.446454 -0.127051 -0.105531 0.8500 0.3250 0.0980
v 0.034496 -0.354923 0.003363 0.8500 0.3250 0.0980
v -0.650127 0.290377 0.141497 0.8500 0.3250 0.0980
v -0.590638 0.082671 -0.007728 0.8500 0.3250 0.0980
v -0.672309 -0.008074 -0.136788 0.8500 0.3250 0.0980
v -0.212533 -0.127051 0.048736 0.8500 0.3250 0.0980
v -0.669284 0.070572 -0.065200 0.8500 0.3250 0.0980
v -0.501909 -0.036306 -0.060159 0.8500 0.3250 0.0980
v -0.396040 -0.005049 0.041678 0.8500 0.3250 0.0980
v -0.198417 -0.021182 0.153597 0.8500 0.3250 0.0980
v 0.292616 -0.541455 0.006388 0.8500 0.3250 0.0980
v -0.801369 0.071580 -0.149896 0.8500 0.3250 0.0980
v 0.366221 -0.844947 -0.218459 0.8500 0.3250 0.0980
v -0.890097 0.106870 -0.172078 0.8500 0.3250 0.0980
v -0.369824 0.090737 0.143514 0.8500 0.3250 0.0980
v 0.458982 -0.517256 0.125365 0.8500 0.3250 0.0980
v -0.162119 -0.226871 -0.012770 0.8500 0.3250 0.0980
v 0.128266 -0.512215 -0.074275 0.8500 0.3250 0.0980
v -0.647102 0.381122 0.223168 0.8500 0.3250 0.0980
v 0.434784 -0.631192 0.016471 0.8500 0.3250 0.0980
v -0.386965 0.142160 0.170738 0.8500 0.3250 0.0980
v -0.776162 0.308526 0.078984 0.8500 0.3250 0.0980
v -0.724739 0.009066 -0.146871 0.8500 0.3250 0.0980
v -0.330502 0.168375 0.235268 0.8500 0.3250 0.0980
v -0.205475 -0.281318 -0.085366 0.8500 0.3250 0.0980
v -0.328485 -0.337782 -0.213417 0.8500 0.3250 0.0980
v -0.055241 -0.107894 0.156622 0.8500 0.3250 0.0980
v -0.045158 -0.402312 -0.092424 0.8500 0.3250 0.0980
v -0.037092 -0.458776 -0.130738 0.8500 0.3250 0.0980
v -0.578539 0.230888 0.125365 0.8500 0.3250 0.0980
v 0.234136 -0.211747 0.256441 0.8500 0.3250 0.0980
v -0.428305 0.230888 0.226193 0.8500 0.3250 0.0980
v -0.159094 -0.319633 -0.088391 0.8500 0.3250 0.0980
v 0.090960 -0.682614 -0.249716 0.8500 0.3250 0.0980
v -0.361758 -0.182507 -0.099482 0.8500 0.3250 0.0980
v 0.353113 -0.316608 0.238292 0.8500 0.3250 0.0980
v 0.402519 -0.463817 0.136456 0.8500 0.3250 0.0980
v -0.125821 0.015116 0.228210 0.8500 0.3250 0.0980
v -0.280087 -0.184523 -0.039993 0.8500 0.3250 0.0980
v -0.215558 -0.441635 -0.232575 0.8500 0.3250 0.0980
v 0.078860 -0.314592 0.064868 0.8500 0.3250 0.0980
v -0.116746 -0.258128 -0.019828 0.8500 0.3250 0.0980
v -0.298237 -0.258128 -0.121664 0.8500 0.3250 0.0980
v 0.304715 -0.601952 -0.038985 0.8500 0.3250 0.0980
v 0.106084 -0.541455 -0.115614 0.8500 0.3250 0.0980
v 0.510405 -0.696730 0.002355 0.8500 0.3250 0.0980
v -0.039108 -0.041348 0.243334 0.8500 0.3250 0.0980
v -0.196400 -0.094786 0.091083 0.8500 0.3250 0.0980
v -0.883039 0.041331 -0.227533 0.8500 0.3250 0.0980
v 0.029455 -0.212755 0.130406 0.8500 0.3250 0.0980
v -0.676342 0.144176 -0.005712 0.8500 0.3250 0.0980
v -0.864890 0.176441 -0.093432 0.8500 0.3250 0.0980
v 0.508388 -0.550529 0.122340 0.8500 0.3250 0.0980
v -0.755996 0.228872 0.017479 0.8500 0.3250 0.0980
v -0.266980 -0.238971 -0.083349 0.8500 0.3250 0.0980
v 0.124233 -0.661440 -0.212409 0.8500 0.3250 0.0980
v -0.841700 -0.024207 -0.260807 0.8500 0.3250 0.0980
v -0.943536 0.167367 -0.151912 0.8500 0.3250 0.0980
v -0.128845 -0.431552 -0.167037 0.8500 0.3250 0.0980
v 0.116167 -0.147217 0.237284 0.8500 0.3250 0.0980
v -0.321427 -0.006058 0.086042 0.8500 0.3250 0.0980
v 0.017355 -0.259136 0.079992 0.8500 0.3250 0.0980
v -0.508967 0.036290 0.011429 0.8500 0.3250 0.0980
v -0.718690 0.250046 0.059827 0.8500 0.3250 0.0980
v -0.650127 0.096787 -0.027894 0.8500 0.3250 0.0980
v 0.007273 -0.083695 0.228210 0.8500 0.3250 0.0980
v 0.173639 -0.292410 0.147547 0.8500 0.3250 0.0980
v 0.073819 -0.348873 0.030587 0.8500 0.3250 0.0980
v -0.083473 -0.517256 -0.213417 0.8500 0.3250 0.0980
v -0.464603 0.204673 0.179812 0.8500 0.3250 0.0980
v -0.305295 -0.049414 0.059827 0.8500 0.3250 0.0980
v -0.388982 -0.097811 -0.032935 0.8500 0.3250 0.0980
v -0.128845 -0.122010 0.109232 0.8500 0.3250 0.0980
v 0.323873 -0.756219 -0.175103 0.8500 0.3250 0.0980
v -0.557365 0.345832 0.252408 0.8500 0.3250 0.0980
v -0.239756 -0.043364 0.111249 0.8500 0.3250 0.0980
v 0.382353 -0.538430 0.052769 0.8500 0.3250 0.0980
v -0.193375 -0.377105 -0.159979 0.8500 0.3250 0.0980
v 0.375295 -0.676564 -0.062175 0.8500 0.3250 0.0980
v -0.761037 -0.086720 -0.270889 0.8500 0.3250 0.0980
v -0.780195 -0.010091 -0.209384 0.8500 0.3250 0.0980
v 0.333956 -0.513223 0.052769 0.8500 0.3250 0.0980
v -0.007852 -0.563637 -0.214426 0.8500 0.3250 0.0980
v -0.887073 0.249037 -0.044026 0.8500 0.3250 0.0980
v -0.519050 0.266178 0.204011 0.8500 0.3250 0.0980
v 0.043571 -0.645308 -0.248707 0.8500 0.3250 0.0980
v -0.645085 0.025199 -0.089399 0.8500 0.3250 0.0980
v 0.436800 -0.424494 0.188887 0.8500 0.3250 0.0980
v -0.678358 -0.096803 -0.217451 0.8500 0.3250 0.0980
v 0.206912 -0.684631 -0.179136 0.8500 0.3250 0.0980
v -0.798344 0.202656 -0.025877 0.8500 0.3250 0.0980
v -0.979834 0.121994 -0.217451 0.8500 0.3250 0.0980
v -0.087506 0.020158 0.263499 0.8500 0.3250 0.0980
v 0.303707 -0.246029 0.268541 0.8500 0.3250 0.0980
v -0.424272 -0.022190 0.002355 0.8500 0.3250 0.0980
v 0.194813 -0.254095 0.195945 0.8500 0.3250 0.0980
v -0.483760 0.281302 0.241317 0.8500 0.3250 0.0980
v 0.157506 -0.224855 0.196953 0.8500 0.3250 0.0980
v -0.425280 -0.214772 -0.158970 0.8500 0.3250 0.0980
v 0.072811 -0.602960 -0.196277 0.8500 0.3250 0.0980
v 0.486206 -0.473900 0.182837 0.8500 0.3250 0.0980
v 0.285558 -0.678581 -0.124689 0.8500 0.3250 0.0980
v 0.298666 -0.809658 -0.240641 0.8500 0.3250 0.0980
v -0.435363 -0.273252 -0.224509 0.8500 0.3250 0.0980
v -0.456537 0.130060 0.120323 0.8500 0.3250 0.0980
v -0.819518 0.281302 0.021512 0.8500 0.3250 0.0980
v -0.066332 -0.170408 0.102174 0.8500 0.3250 0.0980
v -0.709615 0.172408 0.001346 0.8500 0.3250 0.0980
v 0.220020 -0.653374 -0.150904 0.8500 0.3250 0.0980
v -0.660209 -0.152258 -0.260807 0.8500 0.3250 0.0980
v -0.581563 -0.175449 -0.229550 0.8500 0.3250 0.0980
v 0.024413 -0.118985 0.201994 0.8500 0.3250 0.0980
v -0.369824 0.169383 0.216110 0.8500 0.3250 0.0980
v -0.378899 -0.321650 -0.233583 0.8500 0.3250 0.0980
v -0.313361 -0.186540 -0.068225 0.8500 0.3250 0.0980
v -0.256897 0.152242 0.268541 0.8500 0.3250 0.0980
v -0.661218 0.213747 0.067893 0.8500 0.3250 0.0980
v -0.721714 0.090737 -0.079316 0.8500 0.3250 0.0980
v 0.094993 -0.432561 -0.025877 0.8500 0.3250 0.0980
v 0.020380 -0.532380 -0.166028 0.8500 0.3250 0.0980
v 0.378320 -0.300476 0.269549 0.8500 0.3250 0.0980
v 0.393444 -0.594894 0.006388 0.8500 0.3250 0.0980
v -0.014910 -0.117977 0.177796 0.8500 0.3250 0.0980
v -0.286137 -0.344840 -0.186194 0.8500 0.3250 0.0980
v 0.390419 -0.337782 0.242325 0.8500 0.3250 0.0980
v 0.343030 -0.399287 0.150572 0.8500 0.3250 0.0980
v 0.170614 -0.462809 -0.015794 0.8500 0.3250 0.0980
v 0.085918 -0.157300 0.208044 0.8500 0.3250 0.0980
v -0.355709 -0.081679 -0.001678 0.8500 0.3250 0.0980
v -0.005835 -0.415420 -0.078308 0.8500 0.3250 0.0980
v 0.099026 -0.240987 0.145531 0.8500 0.3250 0.0980
v -0.225640 -0.403320 -0.201318 0.8500 0.3250 0.0980
v 0.014331 -0.495074 -0.137796 0.8500 0.3250 0.0980
v -0.844725 0.095779 -0.151912 0.8500 0.3250 0.0980
v 0.430750 -0.686647 -0.037977 0.8500 0.3250 0.0980
v -0.265972 0.016124 0.130406 0.8500 0.3250 0.0980
v 0.402519 -0.783442 -0.146871 0.8500 0.3250 0.0980
v -0.574505 0.116953 0.027562 0.8500 0.3250 0.0980
v -0.288154 -0.089745 0.035628 0.8500 0.3250 0.0980
v -0.004827 -0.302492 0.022520 0.8500 0.3250 0.0980
v -0.142961 -0.355931 -0.118639 0.8500 0.3250 0.0980
v -0.066332 -0.059497 0.197961 0.8500 0.3250 0.0980
v 0.507380 -0.403320 0.253417 0.8500 0.3250 0.0980
v 0.311773 -0.277285 0.241317 0.8500 0.3250 0.0980
v 0.192796 -0.734037 -0.227533 0.8500 0.3250 0.0980
v -0.615845 0.266178 0.140489 0.8500 0.3250 0.0980
v -0.180268 -0.157300 0.035628 0.8500 0.3250 0.0980
v 0.319840 -0.458776 0.092092 0.8500 0.3250 0.0980
v -0.502918 -0.002025 -0.023861 0.8500 0.3250 0.0980
v -0.641052 -0.101844 -0.199302 0.8500 0.3250 0.0980
v -0.135903 -0.455751 -0.201318 0.8500 0.3250 0.0980
v -0.515017 -0.086720 -0.112589 0.8500 0.3250 0.0980
v 0.063736 -0.493057 -0.106540 0.8500 0.3250 0.0980
v -0.201442 -0.232921 -0.048059 0.8500 0.3250 0.0980
v 0.287575 -0.385171 0.138473 0.8500 0.3250 0.0980
v -0.734822 0.145184 -0.042010 0.8500 0.3250 0.0980
v -0.340584 0.062505 0.134439 0.8500 0.3250 0.0980
v 0.273459 -0.725970 -0.178128 0.8500 0.3250 0.0980
v -0.005835 -0.030256 0.267532 0.8500 0.3250 0.0980
v -0.203458 0.077630 0.240309 0.8500 0.3250 0.0980
v -0.587613 -0.015132 -0.093432 0.8500 0.3250 0.0980
v -0.384949 0.241979 0.268541 0.8500 0.3250 0.0980
v -0.400073 0.083679 0.116290 0.8500 0.3250 0.0980
v 0.225061 -0.477933 0.014454 0.8500 0.3250 0.0980
v -0.301261 -0.139151 -0.017811 0.8500 0.3250 0.0980
v 0.503347 -0.592877 0.085034 0.8500 0.3250 0.0980
v -0.573497 0.030240 -0.045035 0.8500 0.3250 0.0980
v 0.187755 -0.411387 0.040669 0.8500 0.3250 0.0980
v 0.228086 -0.342824 0.138473 0.8500 0.3250 0.0980
v 0.305724 -0.646316 -0.095449 0.8500 0.3250 0.0980
v -0.535183 -0.184523 -0.214426 0.8500 0.3250 0.0980
v -0.236731 0.072588 0.204011 0.8500 0.3250 0.0980
v -0.139936 -0.037314 0.179812 0.8500 0.3250 0.0980
v -0.277063 -0.294426 -0.136788 0.8500 0.3250 0.0980
v -0.241773 -0.185532 -0.018819 0.8500 0.3250 0.0980
v 0.267409 -0.458776 0.057810 0.8500 0.3250 0.0980
v -0.821534 0.153251 -0.090407 0.8500 0.3250 0.0980
v -0.568456 -0.058488 -0.123680 0.8500 0.3250 0.0980
v -0.069357 -0.466842 -0.157962 0.8500 0.3250 0.0980
v -0.687433 0.317600 0.139481 0.8500 0.3250 0.0980
v -0.570472 0.298443 0.198969 0.8500 0.3250 0.0980
v -0.735830 0.279286 0.081001 0.8500 0.3250 0.0980
v 0.057687 -0.281318 0.070918 0.8500 0.3250 0.0980
v 0.109109 -0.371055 0.029578 0.8500 0.3250 0.0980
v -0.594671 -0.123018 -0.191235 0.8500 0.3250 0.0980
v -0.129854 -0.307534 -0.064192 0.8500 0.3250 0.0980
v -0.375874 -0.208722 -0.127714 0.8500 0.3250 0.0980
v 0.196829 -0.170408 0.268541 0.8500 0.3250 0.0980
v -0.265972 -0.400296 -0.226525 0.8500 0.3250 0.0980
v -0.320419 0.134093 0.216110 0.8500 0.3250 0.0980
v -0.049191 -0.505157 -0.190227 0.8500 0.3250 0.0980
v -0.342601 -0.283335 -0.169053 0.8500 0.3250 0.0980
v 0.045587 -0.437602 -0.062175 0.8500 0.3250 0.0980
v -0.132878 -0.154275 0.081001 0.8500 0.3250 0.0980
v -0.077423 -0.552546 -0.255765 0.8500 0.3250 0.0980
v -0.500901 0.198623 0.153597 0.8500 0.3250 0.0980
v 0.130283 -0.570695 -0.125697 0.8500 0.3250 0.0980
v -0.004827 -0.195615 0.122340 0.8500 0.3250 0.0980
v 0.395461 -0.490033 0.108224 0.8500 0.3250 0.0980
v 0.204896 -0.553554 -0.059150 0.8500 0.3250 0.0980
v -0.547282 0.256095 0.174771 0.8500 0.3250 0.0980
v -0.437379 0.093762 0.100158 0.8500 0.3250 0.0980
v -0.034067 -0.577753 -0.248707 0.8500 0.3250 0.0980
v 0.442850 -0.818732 -0.149896 0.8500 0.3250 0.0980
v 0.058695 -0.548513 -0.164012 0.8500 0.3250 0.0980
v -0.131870 -0.224855 0.011429 0.8500 0.3250 0.0980
v 0.156498 -0.309550 0.117299 0.8500 0.3250 0.0980
v 0.237161 -0.240987 0.231234 0.8500 0.3250 0.0980
v 0.322864 -0.342824 0.191911 0.8500 0.3250 0.0980
v 0.409577 -0.763277 -0.114606 0.8500 0.3250 0.0980
v -0.803385 0.046373 -0.179136 0.8500 0.3250 0.0980
v 0.420668 -0.709838 -0.067217 0.8500 0.3250 0.0980
v -0.356717 0.139135 0.195945 0.8500 0.3250 0.0980
v -0.910263 0.147201 -0.145863 0.8500 0.3250 0.0980
v 0.272450 -0.302492 0.199978 0.8500 0.3250 0.0980
v 0.147424 -0.484991 -0.036968 0.8500 0.3250 0.0980
v -0.718690 -0.015132 -0.176111 0.8500 0.3250 0.0980
v -0.487793 -0.238971 -0.226525 0.8500 0.3250 0.0980
v -0.757004 0.042340 -0.146871 0.8500 0.3250 0.0980
v 0.408568 -0.864105 -0.208376 0.8500 0.3250 0.0980
v -0.225640 -0.356939 -0.163003 0.8500 0.3250 0.0980
v 0.103059 -0.626150 -0.193252 0.8500 0.3250 0.0980
v -0.124812 -0.500115 -0.224509 0.8500 0.3250 0.0980
v -0.221607 -0.463817 -0.262823 0.8500 0.3250 0.0980
v -0.047175 -0.250062 0.047727 0.8500 0.3250 0.0980
v -0.104647 -0.335766 -0.061167 0.8500 0.3250 0.0980
v -0.090531 -0.390213 -0.102507 0.8500 0.3250 0.0980
v -0.052216 -0.378113 -0.064192 0.8500 0.3250 0.0980
v -0.841700 0.233913 -0.025877 0.8500 0.3250 0.0980
v -0.761037 -0.040339 -0.221484 0.8500 0.3250 0.0980
v -0.265972 0.095779 0.213085 0.8500 0.3250 0.0980
v 0.493264 -0.652366 0.026553 0.8500 0.3250 0.0980
v 0.160531 -0.426511 0.018487 0.8500 0.3250 0.0980
v -0.628953 -0.172424 -0.254757 0.8500 0.3250 0.0980
v 0.016347 -0.385171 -0.033943 0.8500 0.3250 0.0980
v -0.627944 0.335749 0.197961 0.8500 0.3250 0.0980
v 0.257326 -0.411387 0.095116 0.8500 0.3250 0.0980
v -0.347642 -0.310559 -0.194260 0.8500 0.3250 0.0980
v -0.225640 -0.252078 -0.069233 0.8500 0.3250 0.0980
v -0.511992 0.237946 0.180820 0.8500 0.3250 0.0980
v 0.330931 -0.820749 -0.225517 0.8500 0.3250 0.0980
v -0.436371 -0.061513 -0.034952 0.8500 0.3250 0.0980
v 0.010297 -0.283335 0.052769 0.8500 0.3250 0.0980
v -0.361758 -0.157300 -0.072258 0.8500 0.3250 0.0980
v 0.038529 -0.464826 -0.086374 0.8500 0.3250 0.0980
v -0.619878 0.184507 0.065876 0.8500 0.3250 0.0980
v 0.524521 -0.646316 0.052769 0.8500 0.3250 0.0980
v -0.216566 0.129052 0.264508 0.8500 0.3250 0.0980
v 0.111125 -0.319633 0.082009 0.8500 0.3250 0.0980
v -0.667267 0.255087 0.105199 0.8500 0.3250 0.0980
v 0.352105 -0.433569 0.140489 0.8500 0.3250 0.0980
v 0.260351 -0.484991 0.026553 0.8500 0.3250 0.0980
v -0.449479 0.154259 0.150572 0.8500 0.3250 0.0980
v 0.399494 -0.395254 0.196953 0.8500 0.3250 0.0980
v 0.397477 -0.808649 -0.173086 0.8500 0.3250 0.0980
v -0.388982 -0.251070 -0.172078 0.8500 0.3250 0.0980
v -0.966727 0.070572 -0.259798 0.8500 0.3250 0.0980
v -0.231690 -0.013116 0.140489 0.8500 0.3250 0.0980
v 0.479148 -0.702780 -0.020836 0.8500 0.3250 0.0980
v 0.218003 -0.503140 -0.013778 0.8500 0.3250 0.0980
v 0.174647 -0.739078 -0.258790 0.8500 0.3250 0.0980
v -0.924379 0.096787 -0.213417 0.8500 0.3250 0.0980
v 0.556786 -0.659424 0.067893 0.8500 0.3250 0.0980
v 0.265392 -0.590861 -0.055117 0.8500 0.3250 0.0980
v -0.615845 0.154259 0.041678 0.8500 0.3250 0.0980
v -0.711632 0.341799 0.151580 0.8500 0.3250 0.0980
v -0.537199 -0.015132 -0.056126 0.8500 0.3250 0.0980
v -0.259922 0.040323 0.170738 0.8500 0.3250 0.0980
v -0.909255 0.034273 -0.251732 0.8500 0.3250 0.0980
v -0.093556 -0.213764 0.047727 0.8500 0.3250 0.0980
v -0.502918 -0.152258 -0.156954 0.8500 0.3250 0.0980
v -0.589630 0.361965 0.249383 0.8500 0.3250 0.0980
v 0.162548 -0.586828 -0.119647 0.8500 0.3250 0.0980
v -0.192367 0.003017 0.179812 0.8500 0.3250 0.0980
v 0.364204 -0.487008 0.084025 0.8500 0.3250 0.0980
v -0.564423 0.323650 0.224176 0.8500 0.3250 0.0980
v 0.529562 -0.497091 0.184853 0.8500 0.3250 0.0980
v -0.735830 0.313567 0.104191 0.8500 0.3250 0.0980
v 0.091968 -0.264178 0.118307 0.8500 0.3250 0.0980
v -0.792294 0.287352 0.050752 0.8500 0.3250 0.0980
v -0.285129 -0.208722 -0.071250 0.8500 0.3250 0.0980
v -0.413181 0.034273 0.062851 0.8500 0.3250 0.0980
v -0.568456 -0.209730 -0.264840 0.8500 0.3250 0.0980
v -0.541232 -0.141167 -0.170061 0.8500 0.3250 0.0980
v 0.203887 -0.365006 0.099150 0.8500 0.3250 0.0980
v -0.963702 0.092754 -0.230558 0.8500 0.3250 0.0980
v -0.029026 -0.430544 -0.107548 0.8500 0.3250 0.0980
v -0.161110 -0.507173 -0.259798 0.8500 0.3250 0.0980
v 0.471082 -0.488016 0.153597 0.8500 0.3250 0.0980
v -0.616853 0.004025 -0.083349 0.8500 0.3250 0.0980
v -0.008860 -0.357948 -0.025877 0.8500 0.3250 0.0980
v 0.109109 -0.121002 0.260475 0.8500 0.3250 0.0980
v 0.465032 -0.391221 0.243334 0.8500 0.3250 0.0980
v 0.036513 -0.188557 0.155613 0.8500 0.3250 0.0980
v 0.232119 -0.450710 0.040669 0.8500 0.3250 0.0980
v 0.085918 -0.289385 0.091083 0.8500 0.3250 0.0980
v 0.105076 -0.217797 0.171746 0.8500 0.3250 0.0980
v -0.120779 -0.389204 -0.127714 0.8500 0.3250 0.0980
v 0.201871 -0.591869 -0.100490 0.8500 0.3250 0.0980
v 0.079869 -0.181499 0.182837 0.8500 0.3250 0.0980
v 0.103059 -0.345848 0.053777 0.8500 0.3250 0.0980
v -0.612820 0.210723 0.092092 0.8500 0.3250 0.0980
v 0.078860 -0.102853 0.256441 0.8500 0.3250 0.0980
v -0.521067 0.142160 0.093100 0.8500 0.3250 0.0980
v -0.335543 -0.058488 0.033611 0.8500 0.3250 0.0980
v 0.266401 -0.356939 0.140489 0.8500 0.3250 0.0980
v -0.623911 0.307518 0.169729 0.8500 0.3250 0.0980
v 0.170614 -0.365006 0.076967 0.8500 0.3250 0.0980
v -0.460570 -0.072604 -0.061167 0.8500 0.3250 0.0980
v 0.544686 -0.704796 0.001346 0.8500 0.3250 0.0980
v -0.851783 0.027216 -0.219467 0.8500 0.3250 0.0980
v -0.060282 -0.198639 0.082009 0.8500 0.3250 0.0980
v 0.030463 -0.615059 -0.229550 0.8500 0.3250 0.0980
v 0.493264 -0.758235 -0.064192 0.8500 0.3250 0.0980
v -0.071373 -0.298459 -0.007728 0.8500 0.3250 0.0980
v -0.079440 -0.005049 0.240309 0.8500 0.3250 0.0980
v 0.463015 -0.447685 0.191911 0.8500 0.3250 0.0980
v 0.159523 -0.533389 -0.076291 0.8500 0.3250 0.0980
v -0.518042 -0.248045 -0.260807 0.8500 0.3250 0.0980
v -0.508967 -0.062521 -0.082341 0.8500 0.3250 0.0980
v 0.409577 -0.437602 0.158638 0.8500 0.3250 0.0980
v 0.144399 -0.195615 0.211069 0.8500 0.3250 0.0980
v -0.448470 0.290377 0.263499 0.8500 0.3250 0.0980
v -0.276054 -0.047397 0.078984 0.8500 0.3250 0.0980
v 0.266401 -0.753194 -0.203335 0.8500 0.3250 0.0980
v -0.079440 -0.269219 0.013446 0.8500 0.3250 0.0980
v 0.425709 -0.489024 0.129398 0.8500 0.3250 0.0980
v 0.199854 -0.708829 -0.203335 0.8500 0.3250 0.0980
v -0.045158 -0.141167 0.146539 0.8500 0.3250 0.0980
v -0.211524 -0.202673 -0.015794 0.8500 0.3250 0.0980
v -0.770112 0.106870 -0.097465 0.8500 0.3250 0.0980
v 0.259343 -0.776384 -0.229550 0.8500 0.3250 0.0980
v -0.528125 0.098803 0.051760 0.8500 0.3250 0.0980
v -0.598704 0.062505 -0.034952 0.8500 0.3250 0.0980
v -0.353692 0.010075 0.075959 0.8500 0.3250 0.0980
v -0.333526 0.086704 0.160655 0.8500 0.3250 0.0980
v -0.671300 -0.071596 -0.194260 0.8500 0.3250 0.0980
v 0.150448 -0.651357 -0.187202 0.8500 0.3250 0.0980
v 0.455957 -0.768318 -0.098473 0.8500 0.3250 0.0980
v -0.362767 0.117961 0.165696 0.8500 0.3250 0.0980
v -0.656176 0.317600 0.162671 0.8500 0.3250 0.0980
v 0.328914 -0.587836 -0.018819 0.8500 0.3250 0.0980
v -0.702557 0.063514 -0.088391 0.8500 0.3250 0.0980
v 0.349080 -0.867130 -0.249716 0.8500 0.3250 0.0980
v 0.438817 -0.539438 0.095116 0.8500 0.3250 0.0980
v 0.454949 -0.709838 -0.046043 0.8500 0.3250 0.0980
v -0.347642 -0.104869 -0.025877 0.8500 0.3250 0.0980
v -0.232698 -0.069579 0.090075 0.8500 0.3250 0.0980
v -0.166152 -0.090753 0.109232 0.8500 0.3250 0.0980
v -0.772129 0.359948 0.133431 0.8500 0.3250 0.0980
v 0.297657 -0.573720 -0.020836 0.8500 0.3250 0.0980
v -0.174218 -0.454743 -0.219467 0.8500 0.3250 0.0980
v -0.452504 -0.103861 -0.079316 0.8500 0.3250 0.0980
v -0.121787 -0.097811 0.132423 0.8500 0.3250 0.0980
v 0.367229 -0.379122 0.182837 0.8500 0.3250 0.0980
v -0.204466 -0.043364 0.128390 0.8500 0.3250 0.0980
v -0.488802 0.144176 0.110241 0.8500 0.3250 0.0980
v 0.232119 -0.608001 -0.096457 0.8500 0.3250 0.0980
v -0.174218 -0.289385 -0.074275 0.8500 0.3250 0.0980
v -0.479727 0.004025 0.000338 0.8500 0.3250 0.0980
v -0.436371 -0.155283 -0.121664 0.8500 0.3250 0.0980
v 0.456966 -0.587836 0.060835 0.8500 0.3250 0.0980
v -0.427296 -0.302492 -0.239633 0.8500 0.3250 0.0980
v -0.785236 0.253070 0.024537 0.8500 0.3250 0.0980
v -0.279079 -0.318625 -0.166028 0.8500 0.3250 0.0980
v 0.163556 -0.337782 0.100158 0.8500 0.3250 0.0980
v -0.554340 -0.088737 -0.128722 0.8500 0.3250 0.0980
v -0.011885 -0.539438 -0.191235 0.8500 0.3250 0.0980
v -0.601729 -0.072604 -0.150904 0.8500 0.3250 0.0980
v -0.667267 0.170391 0.013446 0.8500 0.3250 0.0980
v -0.674325 0.365998 0.192920 0.8500 0.3250 0.0980
v 0.105076 -0.600943 -0.171070 0.8500 0.3250 0.0980
v -0.243789 -0.425503 -0.242658 0.8500 0.3250 0.0980
v -0.870940 0.202656 -0.073266 0.8500 0.3250 0.0980
v 0.218003 -0.313583 0.151580 0.8500 0.3250 0.0980
v 0.052645 -0.378113 -0.012770 0.8500 0.3250 0.0980
v -0.726756 0.052423 -0.115614 0.8500 0.3250 0.0980
v -0.890097 0.068555 -0.209384 0.8500 0.3250 0.0980
v 0.299674 -0.514231 0.024537 0.8500 0.3250 0.0980
v 0.368237 -0.649341 -0.044026 0.8500 0.3250 0.0980
v -0.388982 0.050406 0.098141 0.8500 0.3250 0.0980
v -0.087506 -0.087729 0.162671 0.8500 0.3250 0.0980
v -0.585597 -0.144192 -0.218459 0.8500 0.3250 0.0980
v -0.305295 -0.281318 -0.148887 0.8500 0.3250 0.0980
v -0.211524 -0.303501 -0.109565 0.8500 0.3250 0.0980
v -0.258914 -0.110919 0.037644 0.8500 0.3250 0.0980
v -0.032050 -0.193598 0.103183 0.8500 0.3250 0.0980
v 0.065753 -0.232921 0.127381 0.8500 0.3250 0.0980
v -0.400073 0.195598 0.215102 0.8500 0.3250 0.0980
v 0.418651 -0.355931 0.242325 0.8500 0.3250 0.0980
v 0.211954 -0.530364 -0.031927 0.8500 0.3250 0.0980
v 0.414618 -0.549521 0.070918 0.8500 0.3250 0.0980
v -0.024992 -0.485999 -0.147879 0.8500 0.3250 0.0980
v 0.363196 -0.724962 -0.112589 0.8500 0.3250 0.0980
v -0.144978 -0.057480 0.150572 0.8500 0.3250 0.0980
v 0.273459 -0.613043 -0.078308 0.8500 0.3250 0.0980
v 0.375295 -0.565654 0.030587 0.8500 0.3250 0.0980
v 0.024413 -0.233929 0.100158 0.8500 0.3250 0.0980
v 0.077852 -0.520281 -0.118639 0.8500 0.3250 0.0980
v -0.072382 -0.032273 0.219135 0.8500 0.3250 0.0980
v -0.548290 -0.113944 -0.152921 0.8500 0.3250 0.0980
v -0.734822 0.365998 0.159646 0.8500 0.3250 0.0980
v 0.248252 -0.267202 0.208044 0.8500 0.3250 0.0980
v -0.808427 0.099812 -0.127714 0.8500 0.3250 0.0980
v -0.603746 0.313567 0.194936 0.8500 0.3250 0.0980
v 0.427726 -0.601952 0.029578 0.8500 0.3250 0.0980
v 0.251276 -0.535405 -0.017811 0.8500 0.3250 0.0980
v -0.491826 -0.202673 -0.208376 0.8500 0.3250 0.0980
v 0.437808 -0.658415 -0.014786 0.8500 0.3250 0.0980
v 0.340005 -0.538430 0.028570 0.8500 0.3250 0.0980
v -0.562406 0.071580 0.009413 0.8500 0.3250 0.0980
v -0.456537 0.263153 0.242325 0.8500 0.3250 0.0980
v -0.875981 0.156275 -0.116622 0.8500 0.3250 0.0980
v -0.315377 0.016124 0.109232 0.8500 0.3250 0.0980
v -0.218582 -0.149234 0.025545 0.8500 0.3250 0.0980
v -0.941520 0.049398 -0.258790 0.8500 0.3250 0.0980
v 0.389411 -0.835873 -0.196277 0.8500 0.3250 0.0980
v -0.291179 -0.363997 -0.217451 0.8500 0.3250 0.0980
v -0.392007 -0.346857 -0.263831 0.8500 0.3250 0.0980
v 0.084910 -0.129068 0.238292 0.8500 0.3250 0.0980
v -0.724739 -0.089745 -0.239633 0.8500 0.3250 0.0980
v -0.562406 -0.026223 -0.076291 0.8500 0.3250 0.0980
v -0.561398 0.203665 0.121332 0.8500 0.3250 0.0980
v 0.180697 -0.617076 -0.132755 0.8500 0.3250 0.0980
v -0.683400 0.235930 0.059827 0.8500 0.3250 0.0980
v 0.120200 -0.266194 0.137464 0.8500 0.3250 0.0980
v -0.301261 0.066538 0.161663 0.8500 0.3250 0.0980
v 0.242202 -0.644300 -0.120656 0.8500 0.3250 0.0980
v -0.422255 0.255087 0.252408 0.8500 0.3250 0.0980
v -0.621895 0.358940 0.223168 0.8500 0.3250 0.0980
v -0.490818 0.310542 0.267532 0.8500 0.3250 0.0980
v -0.716673 -0.116969 -0.272906 0.8500 0.3250 0.0980
v -0.628953 -0.043364 -0.135780 0.8500 0.3250 0.0980
v -0.400073 -0.158308 -0.099482 0.8500 0.3250 0.0980
v 0.514438 -0.736053 -0.028902 0.8500 0.3250 0.0980
v -0.474686 -0.188557 -0.170061 0.8500 0.3250 0.0980
v -0.643069 0.068555 -0.047051 0.8500 0.3250 0.0980
v 0.049620 -0.138143 0.206027 0.8500 0.3250 0.0980
v 0.265392 -0.238971 0.248375 0.8500 0.3250 0.0980
v 0.299674 -0.629175 -0.069233 0.8500 0.3250 0.0980
v -0.423263 -0.115960 -0.076291 0.8500 0.3250 0.0980
v -0.527116 0.202656 0.133431 0.8500 0.3250 0.0980
v -0.578539 0.148209 0.061843 0.8500 0.3250 0.0980
v -0.017934 -0.250062 0.059827 0.8500 0.3250 0.0980
v 0.172631 -0.673540 -0.191235 0.8500 0.3250 0.0980
v -0.144978 -0.173432 0.054785 0.8500 0.3250 0.0980
v -0.893122 0.191565 -0.096457 0.8500 0.3250 0.0980
v -0.094564 -0.060505 0.183845 0.8500 0.3250 0.0980
v 0.136332 -0.227880 0.173762 0.8500 0.3250 0.0980
v -0.665251 0.015116 -0.116622 0.8500 0.3250 0.0980
v -0.474686 -0.113944 -0.099482 0.8500 0.3250 0.0980
v 0.291608 -0.346857 0.169729 0.8500 0.3250 0.0980
v -0.273030 -0.162341 -0.018819 0.8500 0.3250 0.0980
v 0.399494 -0.627159 -0.009745 0.8500 0.3250 0.0980
v -0.417214 0.160309 0.174771 0.8500 0.3250 0.0980
v 0.335972 -0.616068 -0.037977 0.8500 0.3250 0.0980
v -0.393015 0.168375 0.194936 0.8500 0.3250 0.0980
v 0.533595 -0.518264 0.161663 0.8500 0.3250 0.0980
v 0.197838 -0.473900 -0.000670 0.8500 0.3250 0.0980
v -0.694491 0.091745 -0.063184 0.8500 0.3250 0.0980
v -0.381924 0.023182 0.079992 0.8500 0.3250 0.0980
v -0.608787 -0.098820 -0.177119 0.8500 0.3250 0.0980
v 0.001223 -0.057480 0.244342 0.8500 0.3250 0.0980
v -0.419230 -0.237962 -0.179136 0.8500 0.3250 0.0980
v -0.615845 0.381122 0.246359 0.8500 0.3250 0.0980
v -0.721714 0.221814 0.038653 0.8500 0.3250 0.0980
v -0.228665 0.039315 0.192920 0.8500 0.3250 0.0980
v -0.396040 -0.224855 -0.154937 0.8500 0.3250 0.0980
v 0.274467 -0.432561 0.079992 0.8500 0.3250 0.0980
v 0.470073 -0.421469 0.221152 0.8500 0.3250 0.0980
v -0.188334 -0.397271 -0.183169 0.8500 0.3250 0.0980
v -0.367808 -0.039331 0.028570 0.8500 0.3250 0.0980
v -0.666259 -0.128060 -0.236608 0.8500 0.3250 0.0980
v 0.018364 -0.143184 0.178804 0.8500 0.3250 0.0980
v 0.451924 -0.835873 -0.174094 0.8500 0.3250 0.0980
v -0.728772 -0.034290 -0.198293 0.8500 0.3250 0.0980
v 0.181705 -0.264178 0.169729 0.8500 0.3250 0.0980
v -0.551315 -0.203681 -0.232575 0.8500 0.3250 0.0980
v -0.643069 0.262145 0.126373 0.8500 0.3250 0.0980
v -0.172201 -0.367022 -0.139813 0.8500 0.3250 0.0980
v 0.517463 -0.671523 0.028570 0.8500 0.3250 0.0980
v -0.038100 -0.167383 0.118307 0.8500 0.3250 0.0980
v -0.113721 -0.416428 -0.144854 0.8500 0.3250 0.0980
v -0.873965 0.077630 -0.184177 0.8500 0.3250 0.0980
v -0.450487 -0.006058 0.002355 0.8500 0.3250 0.0980
v 0.003239 -0.331732 0.004371 0.8500 0.3250 0.0980
v 0.187755 -0.528347 -0.065200 0.8500 0.3250 0.0980
v -0.748938 0.200640 0.003363 0.8500 0.3250 0.0980
v -0.299245 -0.027232 0.084025 0.8500 0.3250 0.0980
v 0.211954 -0.428527 0.048736 0.8500 0.3250 0.0980
v 0.359163 -0.815707 -0.204343 0.8500 0.3250 0.0980
v 0.279508 -0.702780 -0.151912 0.8500 0.3250 0.0980
v 0.319840 -0.688664 -0.115614 0.8500 0.3250 0.0980
v 0.504355 -0.618084 0.065876 0.8500 0.3250 0.0980
v -0.640044 0.149217 0.023529 0.8500 0.3250 0.0980
v -0.382932 -0.122010 -0.052093 0.8500 0.3250 0.0980
v 0.563844 -0.634217 0.093100 0.8500 0.3250 0.0980
v -0.947569 0.146193 -0.176111 0.8500 0.3250 0.0980
v -0.185309 -0.206706 -0.000670 0.8500 0.3250 0.0980
v -0.701549 0.267186 0.088059 0.8500 0.3250 0.0980
v -0.702557 -0.078654 -0.221484 0.8500 0.3250 0.0980
v -0.058266 -0.086720 0.182837 0.8500 0.3250 0.0980
v -0.500901 0.087712 0.059827 0.8500 0.3250 0.0980
v -0.868923 -0.016141 -0.271898 0.8500 0.3250 0.0980
v 0.011306 -0.170408 0.149564 0.8500 0.3250 0.0980
v 0.076844 -0.444660 -0.047051 0.8500 0.3250 0.0980
v -0.153044 -0.423486 -0.186194 0.8500 0.3250 0.0980
v -0.076415 -0.492049 -0.187202 0.8500 0.3250 0.0980
v -0.591646 -0.042356 -0.112589 0.8500 0.3250 0.0980
v 0.349080 -0.661440 -0.072258 0.8500 0.3250 0.0980
v -0.123804 -0.284343 -0.032935 0.8500 0.3250 0.0980
v -0.366800 0.061497 0.115282 0.8500 0.3250 0.0980
v -0.828592 0.182491 -0.066208 0.8500 0.3250 0.0980
v -0.656176 0.121994 -0.008736 0.8500 0.3250 0.0980
v -0.467628 -0.141167 -0.121664 0.8500 0.3250 0.0980
v 0.082894 -0.544480 -0.135780 0.8500 0.3250 0.0980
v 0.023405 -0.412395 -0.054109 0.8500 0.3250 0.0980
v -0.118763 0.038307 0.253417 0.8500 0.3250 0.0980
v -0.053224 -0.224855 0.062851 0.8500 0.3250 0.0980
v 0.013322 -0.557587 -0.192244 0.8500 0.3250 0.0980
v -0.062299 -0.442643 -0.131747 0.8500 0.3250 0.0980
v -0.450487 -0.205697 -0.174094 0.8500 0.3250 0.0980
v 0.371262 -0.515240 0.067893 0.8500 0.3250 0.0980
v -0.507959 0.175433 0.127381 0.8500 0.3250 0.0980
v -0.563414 0.239963 0.155613 0.8500 0.3250 0.0980
v 0.032480 -0.487008 -0.115614 0.8500 0.3250 0.0980
v 0.460999 -0.736053 -0.060159 0.8500 0.3250 0.0980
v -0.442421 0.049398 0.057810 0.8500 0.3250 0.0980
v -0.723731 0.168375 -0.026886 0.8500 0.3250 0.0980
v -0.694491 -0.017149 -0.158970 0.8500 0.3250 0.0980
v 0.327906 -0.487008 0.072934 0.8500 0.3250 0.0980
v 0.202879 -0.194606 0.252408 0.8500 0.3250 0.0980
v -0.474686 -0.263169 -0.237616 0.8500 0.3250 0.0980
v -0.292187 -0.234937 -0.098473 0.8500 0.3250 0.0980
v -0.775153 0.218789 -0.002687 0.8500 0.3250 0.0980
v -0.201442 -0.068571 0.113266 0.8500 0.3250 0.0980
v 0.431759 -0.514231 0.114274 0.8500 0.3250 0.0980
v 0.374287 -0.875196 -0.236608 0.8500 0.3250 0.0980
v -0.040117 -0.059497 0.220143 0.8500 0.3250 0.0980
v 0.153473 -0.511206 -0.051084 0.8500 0.3250 0.0980
v 0.340005 -0.365006 0.182837 0.8500 0.3250 0.0980
v 0.319840 -0.552546 0.007396 0.8500 0.3250 0.0980
v -0.324452 -0.121002 -0.017811 0.8500 0.3250 0.0980
v -0.134895 -0.335766 -0.084358 0.8500 0.3250 0.0980
v 0.375295 -0.769326 -0.147879 0.8500 0.3250 0.0980
v -0.218582 -0.330724 -0.136788 0.8500 0.3250 0.0980
v -0.225640 -0.097811 0.067893 0.8500 0.3250 0.0980
v -0.421247 0.008058 0.034620 0.8500 0.3250 0.0980
v -0.355709 -0.229896 -0.128722 0.8500 0.3250 0.0980
v 0.326898 -0.414411 0.131415 0.8500 0.3250 0.0980
v -0.251856 -0.348873 -0.173086 0.8500 0.3250 0.0980
v 0.159523 -0.721937 -0.240641 0.8500 0.3250 0.0980
v -0.806410 0.326675 0.070918 0.8500 0.3250 0.0980
v -0.441412 -0.310559 -0.263831 0.8500 0.3250 0.0980
v -0.371841 -0.296443 -0.202326 0.8500 0.3250 0.0980
v -0.676342 0.044356 -0.088391 0.8500 0.3250 0.0980
v -0.462586 0.107878 0.097133 0.8500 0.3250 0.0980
v 0.037521 -0.337782 0.026553 0.8500 0.3250 0.0980
v -0.545265 -0.227880 -0.251732 0.8500 0.3250 0.0980
v -0.506951 0.299451 0.236276 0.8500 0.3250 0.0980
v -0.107671 -0.007066 0.224176 0.8500 0.3250 0.0980
v 0.239177 -0.386180 0.091083 0.8500 0.3250 0.0980
v -0.031042 -0.310559 0.013446 0.8500 0.3250 0.0980
v -0.795319 0.145184 -0.081333 0.8500 0.3250 0.0980
v -0.294203 -0.115960 0.009413 0.8500 0.3250 0.0980
v 0.347063 -0.767310 -0.161995 0.8500 0.3250 0.0980
v -0.289162 0.112919 0.212077 0.8500 0.3250 0.0980
v 0.306732 -0.737061 -0.161995 0.8500 0.3250 0.0980
v -0.141953 -0.476925 -0.223500 0.8500 0.3250 0.0980
v 0.232119 -0.764285 -0.236608 0.8500 0.3250 0.0980
v -0.090531 -0.436594 -0.147879 0.8500 0.3250 0.0980
v 0.117175 -0.686647 -0.238624 0.8500 0.3250 0.0980
v -0.295212 0.088721 0.187878 0.8500 0.3250 0.0980
v 0.543678 -0.544480 0.155613 0.8500 0.3250 0.0980
v 0.383361 -0.442643 0.133431 0.8500 0.3250 0.0980
v -0.714657 0.195598 0.023529 0.8500 0.3250 0.0980
v -0.258914 0.120986 0.241317 0.8500 0.3250 0.0980
v 0.294633 -0.452726 0.076967 0.8500 0.3250 0.0980
v -0.468636 0.083679 0.068901 0.8500 0.3250 0.0980
v -0.753979 -0.013116 -0.198293 0.8500 0.3250 0.0980
v -0.165143 -0.028240 0.169729 0.8500 0.3250 0.0980
v -0.522075 0.021166 -0.014786 0.8500 0.3250 0.0980
v -0.392007 0.215764 0.238292 0.8500 0.3250 0.0980
v -0.155061 -0.253087 -0.027894 0.8500 0.3250 0.0980
v -0.831617 0.042340 -0.191235 0.8500 0.3250 0.0980
v -0.624920 0.099812 -0.014786 0.8500 0.3250 0.0980
v -0.549298 0.279286 0.198969 0.8500 0.3250 0.0980
v 0.335972 -0.294426 0.243334 0.8500 0.3250 0.0980
v -0.701549 0.143168 -0.018819 0.8500 0.3250 0.0980
v 0.102051 -0.457768 -0.048059 0.8500 0.3250 0.0980
v -0.754988 0.291385 0.063860 0.8500 0.3250 0.0980
v 0.395461 -0.693705 -0.072258 0.8500 0.3250 0.0980
v 0.289591 -0.289385 0.219135 0.8500 0.3250 0.0980
v -0.281096 -0.411387 -0.260807 0.8500 0.3250 0.0980
v -0.132878 -0.012107 0.200986 0.8500 0.3250 0.0980
v -0.338568 -0.173432 -0.071250 0.8500 0.3250 0.0980
v 0.521496 -0.442643 0.233251 0.8500 0.3250 0.0980
v -0.535183 -0.168391 -0.189219 0.8500 0.3250 0.0980
v 0.283541 -0.492049 0.040669 0.8500 0.3250 0.0980
v 0.133308 -0.320641 0.099150 0.8500 0.3250 0.0980
v -0.237740 -0.297451 -0.123680 0.8500 0.3250 0.0980
v -0.179259 -0.183515 0.023529 0.8500 0.3250 0.0980
v -0.342601 0.191565 0.247367 0.8500 0.3250 0.0980
v -0.231690 -0.379122 -0.187202 0.8500 0.3250 0.0980
v -0.060282 -0.250062 0.020504 0.8500 0.3250 0.0980
v -0.432338 -0.185532 -0.142838 0.8500 0.3250 0.0980
v 0.249260 -0.289385 0.189895 0.8500 0.3250 0.0980
v -0.803385 -0.014124 -0.227533 0.8500 0.3250 0.0980
v -0.482752 0.033265 0.020504 0.8500 0.3250 0.0980
v -0.605762 0.236938 0.124357 0.8500 0.3250 0.0980
v 0.147424 -0.375089 0.059827 0.8500 0.3250 0.0980
v -0.333526 -0.259136 -0.144854 0.8500 0.3250 0.0980
v -0.568456 0.178458 0.102174 0.8500 0.3250 0.0980
v -0.080448 -0.117977 0.142506 0.8500 0.3250 0.0980
v 0.316815 -0.782434 -0.199302 0.8500 0.3250 0.0980
v -0.353692 -0.333749 -0.224509 0.8500 0.3250 0.0980
v 0.363196 -0.701772 -0.095449 0.8500 0.3250 0.0980
v -0.231690 -0.275269 -0.092424 0.8500 0.3250 0.0980
v 0.123225 -0.175449 0.218127 0.8500 0.3250 0.0980
v 0.030463 -0.098820 0.230226 0.8500 0.3250 0.0980
v 0.338997 -0.737061 -0.139813 0.8500 0.3250 0.0980
v 0.335972 -0.710846 -0.119647 0.8500 0.3250 0.0980
v -0.312352 -0.073613 0.034620 0.8500 0.3250 0.0980
v -0.089522 -0.158308 0.093100 0.8500 0.3250 0.0980
v -0.673317 0.282311 0.125365 0.8500 0.3250 0.0980
v -0.434354 -0.041348 -0.014786 0.8500 0.3250 0.0980
v -0.355709 -0.135118 -0.046043 0.8500 0.3250 0.0980
v -0.327477 -0.234937 -0.121664 0.8500 0.3250 0.0980
v 0.437808 -0.856038 -0.188210 0.8500 0.3250 0.0980
v -0.335543 0.035282 0.113266 0.8500 0.3250 0.0980
v -0.307311 -0.161333 -0.045035 0.8500 0.3250 0.0980
v -0.572489 -0.121002 -0.175103 0.8500 0.3250 0.0980
v 0.468057 -0.642283 0.022520 0.8500 0.3250 0.0980
v -0.507959 0.071580 0.032603 0.8500 0.3250 0.0980
v -0.056249 -0.418445 -0.111581 0.8500 0.3250 0.0980
v 0.383361 -0.742103 -0.119647 0.8500 0.3250 0.0980
v 0.347063 -0.340807 0.207036 0.8500 0.3250 0.0980
v 0.454949 -0.690680 -0.024869 0.8500 0.3250 0.0980
v -0.858841 0.056456 -0.204343 0.8500 0.3250 0.0980
v -0.654160 -0.050422 -0.153929 0.8500 0.3250 0.0980
v -0.477711 -0.161333 -0.163003 0.8500 0.3250 0.0980
v 0.218003 -0.402312 0.078984 0.8500 0.3250 0.0980
v -0.848758 0.256095 -0.011761 0.8500 0.3250 0.0980
v -0.001802 -0.218805 0.096125 0.8500 0.3250 0.0980
v 0.061720 -0.462809 -0.072258 0.8500 0.3250 0.0980
v 0.260351 -0.662449 -0.129730 0.8500 0.3250 0.0980
v 0.513430 -0.580778 0.107216 0.8500 0.3250 0.0980
v -0.409147 0.130060 0.160655 0.8500 0.3250 0.0980
v -0.728772 0.119977 -0.057134 0.8500 0.3250 0.0980
v -0.165143 -0.336774 -0.108556 0.8500 0.3250 0.0980
v -0.394023 0.107878 0.146539 0.8500 0.3250 0.0980
v 0.127258 -0.466842 -0.035960 0.8500 0.3250 0.0980
v 0.121208 -0.488016 -0.064192 0.8500 0.3250 0.0980
v 0.488222 -0.567670 0.102174 0.8500 0.3250 0.0980
v 0.443858 -0.401304 0.218127 0.8500 0.3250 0.0980
v -0.000794 -0.476925 -0.124689 0.8500 0.3250 0.0980
v -0.989917 0.097795 -0.234591 0.8500 0.3250 0.0980
v 0.229094 -0.699755 -0.181152 0.8500 0.3250 0.0980
v -0.810443 -0.039331 -0.253749 0.8500 0.3250 0.0980
v -0.778178 0.330708 0.094108 0.8500 0.3250 0.0980
v -0.057257 -0.523306 -0.208376 0.8500 0.3250 0.0980
v -0.951603 0.111911 -0.215434 0.8500 0.3250 0.0980
v -0.281096 -0.065546 0.059827 0.8500 0.3250 0.0980
v -0.668276 0.189549 0.041678 0.8500 0.3250 0.0980
v -0.188334 -0.119993 0.070918 0.8500 0.3250 0.0980
v -0.532158 0.049398 0.009413 0.8500 0.3250 0.0980
v -0.331510 -0.378113 -0.251732 0.8500 0.3250 0.0980
v -0.018943 -0.140159 0.158638 0.8500 0.3250 0.0980
v 0.187755 -0.490033 -0.022852 0.8500 0.3250 0.0980
v 0.416635 -0.736053 -0.089399 0.8500 0.3250 0.0980
v -0.488802 -0.059497 -0.060159 0.8500 0.3250 0.0980
v 0.336980 -0.445668 0.108224 0.8500 0.3250 0.0980
v 0.475115 -0.791509 -0.098473 0.8500 0.3250 0.0980
v 0.286566 -0.322658 0.189895 0.8500 0.3250 0.0980
v -0.402089 -0.304509 -0.231567 0.8500 0.3250 0.0980
v -0.154052 -0.297451 -0.059150 0.8500 0.3250 0.0980
v -0.289162 0.004025 0.120323 0.8500 0.3250 0.0980
v 0.012314 -0.434577 -0.079316 0.8500 0.3250 0.0980
v -0.036084 -0.344840 -0.026886 0.8500 0.3250 0.0980
v -0.796327 0.010075 -0.204343 0.8500 0.3250 0.0980
v -0.066332 -0.378113 -0.086374 0.8500 0.3250 0.0980
v -0.365791 -0.273252 -0.176111 0.8500 0.3250 0.0980
v -0.199425 -0.258128 -0.055117 0.8500 0.3250 0.0980
v 0.150448 -0.282327 0.140489 0.8500 0.3250 0.0980
v 0.062728 -0.573720 -0.170061 0.8500 0.3250 0.0980
v -0.865899 0.107878 -0.161995 0.8500 0.3250 0.0980
v -0.570472 0.268195 0.172754 0.8500 0.3250 0.0980
v 0.379328 -0.469867 0.122340 0.8500 0.3250 0.0980
v -0.701549 0.010075 -0.134772 0.8500 0.3250 0.0980
v -0.457545 0.175433 0.163680 0.8500 0.3250 0.0980
v 0.240185 -0.559604 -0.049068 0.8500 0.3250 0.0980
v -0.199425 -0.466842 -0.243666 0.8500 0.3250 0.0980
v -0.837667 0.118969 -0.129730 0.8500 0.3250 0.0980
v 0.073819 -0.663457 -0.245682 0.8500 0.3250 0.0980
v -0.408139 -0.083695 -0.045035 0.8500 0.3250 0.0980
v 0.369245 -0.585819 0.004371 0.8500 0.3250 0.0980
v -0.759021 0.147201 -0.051084 0.8500 0.3250 0.0980
v 0.169606 -0.210739 0.217118 0.8500 0.3250 0.0980
v -0.781203 0.079646 -0.135780 0.8500 0.3250 0.0980
v -0.440404 -0.250062 -0.202326 0.8500 0.3250 0.0980
v 0.131291 -0.634217 -0.184177 0.8500 0.3250 0.0980
v 0.450916 -0.611026 0.036636 0.8500 0.3250 0.0980
v 0.549728 -0.569687 0.138473 0.8500 0.3250 0.0980
v 0.285558 -0.255103 0.250392 0.8500 0.3250 0.0980
v -0.744905 0.092754 -0.090407 0.8500 0.3250 0.0980
v -0.826576 0.255087 0.001346 0.8500 0.3250 0.0980
v -0.119771 -0.171416 0.066885 0.8500 0.3250 0.0980
v -0.156069 -0.403320 -0.169053 0.8500 0.3250 0.0980
v -0.829601 0.022174 -0.207368 0.8500 0.3250 0.0980
v -0.883039 0.131068 -0.144854 0.8500 0.3250 0.0980
v 0.041554 -0.601952 -0.210393 0.8500 0.3250 0.0980
v 0.269426 -0.506165 0.013446 0.8500 0.3250 0.0980
v 0.536620 -0.598927 0.104191 0.8500 0.3250 0.0980
v -0.403098 -0.031265 0.013446 0.8500 0.3250 0.0980
v -0.876990 0.013100 -0.249716 0.8500 0.3250 0.0980
v 0.402519 -0.669507 -0.044026 0.8500 0.3250 0.0980
v -0.695499 0.380114 0.190903 0.8500 0.3250 0.0980
v 0.060711 -0.183515 0.161663 0.8500 0.3250 0.0980
v 0.287575 -0.575736 -0.044026 0.8500 0.3250 0.0980
v 0.326898 -0.662449 -0.084358 0.8500 0.3250 0.0980
v 0.280517 -0.408362 0.107216 0.8500 0.3250 0.0980
v -0.445446 -0.286360 -0.250724 0.8500 0.3250 0.0980
v 0.477131 -0.514231 0.142506 0.8500 0.3250 0.0980
v 0.043571 -0.073613 0.259466 0.8500 0.3250 0.0980
v -0.554340 0.102837 0.032603 0.8500 0.3250 0.0980
v 0.279508 -0.795542 -0.232575 0.8500 0.3250 0.0980
v 0.126250 -0.400296 0.025545 0.8500 0.3250 0.0980
v 0.199854 -0.573720 -0.083349 0.8500 0.3250 0.0980
v -0.521067 0.126027 0.073943 0.8500 0.3250 0.0980
v 0.083902 -0.497091 -0.092424 0.8500 0.3250 0.0980
v -0.528125 0.327683 0.257450 0.8500 0.3250 0.0980
v -0.034067 -0.600943 -0.257782 0.8500 0.3250 0.0980
v -0.853799 0.154259 -0.105531 0.8500 0.3250 0.0980
v -0.635002 0.039315 -0.070242 0.8500 0.3250 0.0980
v 0.430750 -0.567670 0.065876 0.8500 0.3250 0.0980
v -0.105655 -0.122010 0.119315 0.8500 0.3250 0.0980
v -0.844725 0.002008 -0.235600 0.8500 0.3250 0.0980
v 0.329922 -0.318625 0.220143 0.8500 0.3250 0.0980
v -0.074398 -0.228888 0.043694 0.8500 0.3250 0.0980
v -0.376882 -0.001016 0.056802 0.8500 0.3250 0.0980
v -0.921354 0.123002 -0.178128 0.8500 0.3250 0.0980
v 0.216995 -0.250062 0.206027 0.8500 0.3250 0.0980
v -0.181276 -0.315600 -0.098473 0.8500 0.3250 0.0980
v 0.177672 -0.391221 0.058818 0.8500 0.3250 0.0980
v 0.465032 -0.542463 0.105199 0.8500 0.3250 0.0980
v -0.491826 0.237946 0.194936 0.8500 0.3250 0.0980
v -0.493843 -0.260145 -0.252740 0.8500 0.3250 0.0980
v -0.558373 -0.176457 -0.215434 0.8500 0.3250 0.0980
v -0.104647 -0.485999 -0.200310 0.8500 0.3250 0.0980
v -0.436371 0.204673 0.198969 0.8500 0.3250 0.0980
v -0.287145 -0.398279 -0.238624 0.8500 0.3250 0.0980
v -0.783220 -0.030256 -0.223500 0.8500 0.3250 0.0980
v -0.225640 -0.173432 0.002355 0.8500 0.3250 0.0980
v 0.449908 -0.496082 0.144522 0.8500 0.3250 0.0980
v -0.126829 -0.196623 0.042686 0.8500 0.3250 0.0980
v 0.359163 -0.543471 0.042686 0.8500 0.3250 0.0980
v -0.660209 0.230888 0.085034 0.8500 0.3250 0.0980
v -0.649118 -0.114952 -0.225517 0.8500 0.3250 0.0980
v 0.379328 -0.431552 0.154605 0.8500 0.3250 0.0980
v -0.139936 -0.245020 -0.010753 0.8500 0.3250 0.0980
v 0.517463 -0.456759 0.205019 0.8500 0.3250 0.0980
v -0.813468 0.207698 -0.044026 0.8500 0.3250 0.0980
v 0.309757 -0.394246 0.141497 0.8500 0.3250 0.0980
v -0.042133 -0.109911 0.176787 0.8500 0.3250 0.0980
v -0.591646 0.199632 0.095116 0.8500 0.3250 0.0980
v -0.653151 0.356923 0.199978 0.8500 0.3250 0.0980
v 0.336980 -0.797558 -0.202326 0.8500 0.3250 0.0980
v -0.465611 -0.055464 -0.045035 0.8500 0.3250 0.0980
v -0.555348 -0.001016 -0.049068 0.8500 0.3250 0.0980
v 0.242202 -0.752186 -0.218459 0.8500 0.3250 0.0980
v 0.215987 -0.740086 -0.226525 0.8500 0.3250 0.0980
v 0.123225 -0.206706 0.182837 0.8500 0.3250 0.0980
v 0.006264 -0.582794 -0.217451 0.8500 0.3250 0.0980
v -0.650127 -0.016141 -0.132755 0.8500 0.3250 0.0980
v -0.464603 0.048389 0.042686 0.8500 0.3250 0.0980
v 0.285558 -0.822765 -0.255765 0.8500 0.3250 0.0980
v 0.144399 -0.584811 -0.138805 0.8500 0.3250 0.0980
v 0.319840 -0.263169 0.264508 0.8500 0.3250 0.0980
v 0.176664 -0.238971 0.198969 0.8500 0.3250 0.0980
v -0.261938 -0.210739 -0.066208 0.8500 0.3250 0.0980
v -0.769104 0.181482 -0.033943 0.8500 0.3250 0.0980
v -0.243789 0.090737 0.220143 0.8500 0.3250 0.0980
v 0.433775 -0.761260 -0.103515 0.8500 0.3250 0.0980
v -0.050199 -0.010091 0.248375 0.8500 0.3250 0.0980
v -0.279079 0.047381 0.158638 0.8500 0.3250 0.0980
v -0.584588 0.248029 0.148555 0.8500 0.3250 0.0980
v -0.530141 -0.043364 -0.076291 0.8500 0.3250 0.0980
v -0.475694 0.190557 0.162671 0.8500 0.3250 0.0980
v 0.155490 -0.156292 0.251400 0.8500 0.3250 0.0980
v 0.048612 -0.630184 -0.229550 0.8500 0.3250 0.0980
v -0.841700 0.281302 0.013446 0.8500 0.3250 0.0980
v -0.714657 0.308526 0.113266 0.8500 0.3250 0.0980
v -0.601729 0.098803 0.005379 0.8500 0.3250 0.0980
v -0.145986 -0.121002 0.093100 0.8500 0.3250 0.0980
v -0.633994 0.124010 -0.000670 0.8500 0.3250 0.0980
v -0.191359 -0.438610 -0.219467 0.8500 0.3250 0.0980
v -0.449479 -0.185532 -0.158970 0.8500 0.3250 0.0980
v -0.078431 -0.179482 0.083017 0.8500 0.3250 0.0980
v 0.080877 -0.375089 0.012437 0.8500 0.3250 0.0980
v -0.746922 0.012091 -0.169053 0.8500 0.3250 0.0980
v -0.179259 -0.039331 0.154605 0.8500 0.3250 0.0980
v 0.138349 -0.534397 -0.086374 0.8500 0.3250 0.0980
v -0.148003 0.006042 0.211069 0.8500 0.3250 0.0980
v -0.768095 -0.065546 -0.248707 0.8500 0.3250 0.0980
v -0.234715 -0.107894 0.048736 0.8500 0.3250 0.0980
v -0.010877 -0.277285 0.044702 0.8500 0.3250 0.0980
v -0.449479 0.238954 0.220143 0.8500 0.3250 0.0980
v -0.474686 0.294410 0.258458 0.8500 0.3250 0.0980
v -0.584588 0.321634 0.212077 0.8500 0.3250 0.0980
v -0.003819 -0.113944 0.197961 0.8500 0.3250 0.0980
v -0.485777 -0.127051 -0.125697 0.8500 0.3250 0.0980
v -0.828592 0.331716 0.065876 0.8500 0.3250 0.0980
v -0.152036 -0.083695 0.126373 0.8500 0.3250 0.0980
v 0.414618 -0.417436 0.187878 0.8500 0.3250 0.0980
v -0.562406 0.166358 0.079992 0.8500 0.3250 0.0980
v -0.541232 0.151234 0.086042 0.8500 0.3250 0.0980
v -0.149011 -0.279302 -0.044026 0.8500 0.3250 0.0980
v 0.314798 -0.531372 0.020504 0.8500 0.3250 0.0980
v -0.098597 -0.096803 0.144522 0.8500 0.3250 0.0980
v -0.197408 0.113928 0.267532 0.8500 0.3250 0.0980
v -0.581563 0.131068 0.046719 0.8500 0.3250 0.0980
v -0.896147 0.082671 -0.192244 0.8500 0.3250 0.0980
v -0.374866 -0.063530 0.003363 0.8500 0.3250 0.0980
v -0.088514 -0.283335 -0.007728 0.8500 0.3250 0.0980
v 0.337989 -0.770335 -0.186194 0.8500 0.3250 0.0980
v 0.024413 -0.638250 -0.258790 0.8500 0.3250 0.0980
v -0.679367 -0.034290 -0.159979 0.8500 0.3250 0.0980
v 0.415626 -0.620101 0.011429 0.8500 0.3250 0.0980
v -0.113721 -0.149234 0.092092 0.8500 0.3250 0.0980
v -0.308319 0.181482 0.268541 0.8500 0.3250 0.0980
v 0.492256 -0.499107 0.167713 0.8500 0.3250 0.0980
v -0.666259 0.308526 0.144522 0.8500 0.3250 0.0980
v 0.406552 -0.370047 0.221152 0.8500 0.3250 0.0980
v -0.443429 0.266178 0.260475 0.8500 0.3250 0.0980
v 0.347063 -0.590861 -0.005712 0.8500 0.3250 0.0980
v 0.063736 -0.154275 0.198969 0.8500 0.3250 0.0980
v -0.191359 -0.233929 -0.027894 0.8500 0.3250 0.0980
v 0.077852 -0.247037 0.114274 0.8500 0.3250 0.0980
v -0.248831 0.056456 0.193928 0.8500 0.3250 0.0980
v 0.316815 -0.299467 0.231234 0.8500 0.3250 0.0980
v 0.463015 -0.753194 -0.083349 0.8500 0.3250 0.0980
v -0.286137 0.023182 0.137464 0.8500 0.3250 0.0980
v 0.300682 -0.763277 -0.193252 0.8500 0.3250 0.0980
v -0.406123 0.061497 0.087050 0.8500 0.3250 0.0980
v 0.403527 -0.336774 0.260475 0.8500 0.3250 0.0980
v -0.042133 -0.479950 -0.160987 0.8500 0.3250 0.0980
v -0.415197 0.107878 0.117299 0.8500 0.3250 0.0980
v -0.275046 0.164342 0.263499 0.8500 0.3250 0.0980
v -0.321427 -0.366014 -0.230558 0.8500 0.3250 0.0980
v -0.006843 -0.500115 -0.151912 0.8500 0.3250 0.0980
v 0.140366 -0.417436 0.015462 0.8500 0.3250 0.0980
v -0.345626 -0.197631 -0.096457 0.8500 0.3250 0.0980
v -0.585597 -0.068571 -0.133763 0.8500 0.3250 0.0980
v 0.155490 -0.611026 -0.147879 0.8500 0.3250 0.0980
v 0.028446 -0.550529 -0.176111 0.8500 0.3250 0.0980
v -0.714657 0.132077 -0.032935 0.8500 0.3250 0.0980
v -0.208500 -0.416428 -0.206359 0.8500 0.3250 0.0980
v -0.362767 -0.201664 -0.110573 0.8500 0.3250 0.0980
v 0.418651 -0.462809 0.151580 0.8500 0.3250 0.0980
v -0.614837 -0.123018 -0.200310 0.8500 0.3250 0.0980
v 0.135324 -0.683622 -0.226525 0.8500 0.3250 0.0980
v 0.234136 -0.318625 0.165696 0.8500 0.3250 0.0980
v 0.421676 -0.815707 -0.154937 0.8500 0.3250 0.0980
v 0.157506 -0.664465 -0.204343 0.8500 0.3250 0.0980
v -0.494851 -0.093778 -0.107548 0.8500 0.3250 0.0980
v -0.601729 -0.172424 -0.237616 0.8500 0.3250 0.0980
v -0.523083 -0.071596 -0.096457 0.8500 0.3250 0.0980
v -0.255889 -0.129068 0.019495 0.8500 0.3250 0.0980
v 0.389411 -0.513223 0.079992 0.8500 0.3250 0.0980
v -0.846741 0.180474 -0.078308 0.8500 0.3250 0.0980
v -0.772129 0.199632 -0.012770 0.8500 0.3250 0.0980
v -0.702557 -0.052439 -0.192244 0.8500 0.3250 0.0980
v -0.348651 0.167367 0.221152 0.8500 0.3250 0.0980
v 0.482173 -0.590861 0.079992 0.8500 0.3250 0.0980
v 0.045587 -0.307534 0.056802 0.8500 0.3250 0.0980
v -0.697516 -0.096803 -0.232575 0.8500 0.3250 0.0980
v -0.107671 -0.442643 -0.159979 0.8500 0.3250 0.0980
v -0.328485 -0.033281 0.058818 0.8500 0.3250 0.0980
v -0.801369 0.305501 0.058818 0.8500 0.3250 0.0980
v 0.221028 -0.368031 0.112257 0.8500 0.3250 0.0980
v -0.547282 0.326675 0.237284 0.8500 0.3250 0.0980
v -0.431330 0.170391 0.161663 0.8500 0.3250 0.0980
v -0.430321 -0.133101 -0.092424 0.8500 0.3250 0.0980
v 0.508388 -0.493057 0.180820 0.8500 0.3250 0.0980
v 0.137341 -0.299467 0.117299 0.8500 0.3250 0.0980
v 0.499314 -0.678581 0.006388 0.8500 0.3250 0.0980
v 0.534603 -0.664465 0.046719 0.8500 0.3250 0.0980
v 0.246235 -0.712863 -0.182161 0.8500 0.3250 0.0980
v -0.410156 -0.169399 -0.115614 0.8500 0.3250 0.0980
v -0.610804 0.278277 0.157630 0.8500 0.3250 0.0980
v -0.500901 0.014108 -0.009745 0.8500 0.3250 0.0980
v 0.062728 -0.088737 0.257450 0.8500 0.3250 0.0980
v 0.369245 -0.792517 -0.171070 0.8500 0.3250 0.0980
v 0.105076 -0.656399 -0.220475 0.8500 0.3250 0.0980
v -0.129854 -0.350890 -0.102507 0.8500 0.3250 0.0980
v -0.506951 0.275253 0.219135 0.8500 0.3250 0.0980
v -0.603746 0.163333 0.056802 0.8500 0.3250 0.0980
v 0.318831 -0.803608 -0.221484 0.8500 0.3250 0.0980
v -0.169177 -0.198639 0.012437 0.8500 0.3250 0.0980
v -0.783220 0.060489 -0.150904 0.8500 0.3250 0.0980
v -0.442421 0.180474 0.177796 0.8500 0.3250 0.0980
v -0.495860 -0.029248 -0.041001 0.8500 0.3250 0.0980
v -0.702557 0.355915 0.164688 0.8500 0.3250 0.0980
v -0.903205 0.120986 -0.163003 0.8500 0.3250 0.0980
v 0.222036 -0.672531 -0.159979 0.8500 0.3250 0.0980
v -0.068349 -0.445668 -0.151912 0.8500 0.3250 0.0980
v -0.253872 0.013100 0.147547 0.8500 0.3250 0.0980
v -0.555348 0.305501 0.218127 0.8500 0.3250 0.0980
v -0.879006 0.232905 -0.055117 0.8500 0.3250 0.0980
v -0.201442 -0.346857 -0.141830 0.8500 0.3250 0.0980
v 0.303707 -0.831840 -0.249716 0.8500 0.3250 0.0980
v -0.245806 -0.250062 -0.075283 0.8500 0.3250 0.0980
v -0.207491 -0.319633 -0.122672 0.8500 0.3250 0.0980
v -0.049191 -0.293418 0.013446 0.8500 0.3250 0.0980
v 0.148432 -0.636233 -0.172078 0.8500 0.3250 0.0980
v -0.068349 -0.205697 0.063860 0.8500 0.3250 0.0980
v -0.412172 -0.267202 -0.201318 0.8500 0.3250 0.0980
v -0.089522 -0.541455 -0.242658 0.8500 0.3250 0.0980
v -0.791286 0.177449 -0.045035 0.8500 0.3250 0.0980
v -0.550307 0.186524 0.116290 0.8500 0.3250 0.0980
v -0.111705 -0.305517 -0.045035 0.8500 0.3250 0.0980
v -0.382932 -0.016141 0.029578 0.8500 0.3250 0.0980
v -0.778178 0.121994 -0.085366 0.8500 0.3250 0.0980
v 0.449908 -0.377105 0.240309 0.8500 0.3250 0.0980
v -0.332518 -0.073613 0.019495 0.8500 0.3250 0.0980
v 0.245227 -0.610018 -0.080324 0.8500 0.3250 0.0980
v -0.687433 0.129052 -0.028902 0.8500 0.3250 0.0980
v 0.151457 -0.558596 -0.104523 0.8500 0.3250 0.0980
v 0.218003 -0.236954 0.222160 0.8500 0.3250 0.0980
v -0.021968 -0.291401 0.018487 0.8500 0.3250 0.0980
v 0.236152 -0.665473 -0.145863 0.8500 0.3250 0.0980
v -0.618870 0.065530 -0.038985 0.8500 0.3250 0.0980
v 0.504355 -0.718912 -0.022852 0.8500 0.3250 0.0980
v 0.429742 -0.450710 0.165696 0.8500 0.3250 0.0980
v 0.089952 -0.405337 -0.013778 0.8500 0.3250 0.0980
v 0.396469 -0.576745 0.035628 0.8500 0.3250 0.0980
v 0.205904 -0.282327 0.170738 0.8500 0.3250 0.0980
v 0.391428 -0.352906 0.228210 0.8500 0.3250 0.0980
v 0.435792 -0.339799 0.266524 0.8500 0.3250 0.0980
v -0.663234 0.344824 0.180820 0.8500 0.3250 0.0980
v 0.420668 -0.792517 -0.142838 0.8500 0.3250 0.0980
v -0.663234 0.150226 0.011429 0.8500 0.3250 0.0980
v -0.280087 -0.143184 -0.015794 0.8500 0.3250 0.0980
v 0.359163 -0.293418 0.266524 0.8500 0.3250 0.0980
v 0.383361 -0.862088 -0.223500 0.8500 0.3250 0.0980
v 0.243210 -0.355931 0.133431 0.8500 0.3250 0.0980
v -0.298237 0.141151 0.224176 0.8500 0.3250 0.0980
v -0.027009 -0.575736 -0.229550 0.8500 0.3250 0.0980
v 0.198846 -0.309550 0.145531 0.8500 0.3250 0.0980
v -0.159094 -0.109911 0.104191 0.8500 0.3250 0.0980
v 0.307740 -0.503140 0.039661 0.8500 0.3250 0.0980
v -0.647102 -0.075629 -0.180144 0.8500 0.3250 0.0980
v -0.398056 0.042340 0.073943 0.8500 0.3250 0.0980
v -0.480735 -0.214772 -0.196277 0.8500 0.3250 0.0980
v -0.179259 -0.391221 -0.164012 0.8500 0.3250 0.0980
v 0.381345 -0.701772 -0.085366 0.8500 0.3250 0.0980
v 0.540653 -0.689672 0.024537 0.8500 0.3250 0.0980
v -0.681383 0.026207 -0.123680 0.8500 0.3250 0.0980
v -0.297228 -0.214772 -0.086374 0.8500 0.3250 0.0980
v 0.359163 -0.406345 0.160655 0.8500 0.3250 0.0980
v 0.230103 -0.267202 0.198969 0.8500 0.3250 0.0980
v -0.748938 -0.034290 -0.206359 0.8500 0.3250 0.0980
v -0.477711 0.101828 0.085034 0.8500 0.3250 0.0980
v 0.272450 -0.768318 -0.215434 0.8500 0.3250 0.0980
v -0.037092 -0.236954 0.064868 0.8500 0.3250 0.0980
v 0.299674 -0.374080 0.153597 0.8500 0.3250 0.0980
v -0.185309 0.027216 0.206027 0.8500 0.3250 0.0980
v -0.569464 -0.052439 -0.104523 0.8500 0.3250 0.0980
v 0.516454 -0.547505 0.140489 0.8500 0.3250 0.0980
v -0.742888 -0.083695 -0.245682 0.8500 0.3250 0.0980
v -0.626936 -0.158308 -0.240641 0.8500 0.3250 0.0980
v 0.437808 -0.360973 0.245350 0.8500 0.3250 0.0980
v -0.361758 -0.014124 0.057810 0.8500 0.3250 0.0980
v -0.528125 -0.003033 -0.043018 0.8500 0.3250 0.0980
v 0.148432 -0.431552 0.003363 0.8500 0.3250 0.0980
v 0.200862 -0.432561 0.032603 0.8500 0.3250 0.0980
v -0.629961 0.208706 0.082009 0.8500 0.3250 0.0980
v -0.529133 0.258112 0.182837 0.8500 0.3250 0.0980
v -0.812460 0.260128 0.014454 0.8500 0.3250 0.0980
v -0.281096 -0.381138 -0.218459 0.8500 0.3250 0.0980
v 0.341013 -0.475917 0.083017 0.8500 0.3250 0.0980
v -0.329493 0.009066 0.096125 0.8500 0.3250 0.0980
v -0.109688 -0.232921 0.012437 0.8500 0.3250 0.0980
v -0.294203 -0.326691 -0.176111 0.8500 0.3250 0.0980
v -0.154052 -0.216788 0.002355 0.8500 0.3250 0.0980
v -0.788261 0.020158 -0.189219 0.8500 0.3250 0.0980
v -0.281096 -0.276277 -0.129730 0.8500 0.3250 0.0980
v -0.410156 -0.014124 0.020504 0.8500 0.3250 0.0980
v 0.354121 -0.833856 -0.229550 0.8500 0.3250 0.0980
v -0.055241 -0.158308 0.122340 0.8500 0.3250 0.0980
v -0.316386 -0.278294 -0.165020 0.8500 0.3250 0.0980
v -0.665251 -0.047397 -0.170061 0.8500 0.3250 0.0980
v -0.721714 0.192574 0.005379 0.8500 0.3250 0.0980
v -0.463595 -0.255103 -0.223500 0.8500 0.3250 0.0980
v 0.110117 -0.398279 0.014454 0.8500 0.3250 0.0980
v 0.479148 -0.445668 0.203003 0.8500 0.3250 0.0980
v -0.582572 -0.201664 -0.253749 0.8500 0.3250 0.0980
v 0.026430 -0.510198 -0.140821 0.8500 0.3250 0.0980
v -0.250847 -0.042356 0.095116 0.8500 0.3250 0.0980
v 0.207920 -0.726979 -0.214426 0.8500 0.3250 0.0980
v -0.376882 0.196607 0.233251 0.8500 0.3250 0.0980
v -0.020959 -0.551538 -0.206359 0.8500 0.3250 0.0980
v 0.043571 -0.565654 -0.180144 0.8500 0.3250 0.0980
v -0.716673 -0.102853 -0.251732 0.8500 0.3250 0.0980
v 0.185738 -0.357948 0.097133 0.8500 0.3250 0.0980
v -0.232698 -0.199648 -0.028902 0.8500 0.3250 0.0980
v -0.508967 -0.134109 -0.152921 0.8500 0.3250 0.0980
v -0.186317 -0.011099 0.167713 0.8500 0.3250 0.0980
v 0.269426 -0.542463 -0.016803 0.8500 0.3250 0.0980
v 0.010297 -0.359964 -0.022852 0.8500 0.3250 0.0980
v -0.215558 -0.012107 0.151580 0.8500 0.3250 0.0980
v -0.769104 0.241979 0.023529 0.8500 0.3250 0.0980
v 0.056678 -0.658415 -0.254757 0.8500 0.3250 0.0980
v -0.021968 -0.034290 0.249383 0.8500 0.3250 0.0980
v 0.065753 -0.362989 0.014454 0.8500 0.3250 0.0980
v -0.789269 0.359948 0.116290 0.8500 0.3250 0.0980
v -0.134895 -0.048406 0.164688 0.8500 0.3250 0.0980
v 0.299674 -0.337782 0.184853 0.8500 0.3250 0.0980
v 0.416635 -0.502132 0.114274 0.8500 0.3250 0.0980
v -0.855816 0.231897 -0.038985 0.8500 0.3250 0.0980
v -0.704574 0.313567 0.131415 0.8500 0.3250 0.0980
v -0.652143 0.001000 -0.114606 0.8500 0.3250 0.0980
v -0.493843 0.223830 0.181829 0.8500 0.3250 0.0980
v 0.220020 -0.636233 -0.124689 0.8500 0.3250 0.0980
v -0.158086 -0.368031 -0.126705 0.8500 0.3250 0.0980
v 0.085918 -0.617076 -0.197285 0.8500 0.3250 0.0980
v -0.564423 0.091745 0.020504 0.8500 0.3250 0.0980
v -0.673317 0.028224 -0.098473 0.8500 0.3250 0.0980
v 0.029455 -0.440627 -0.072258 0.8500 0.3250 0.0980
v -0.447462 -0.089745 -0.067217 0.8500 0.3250 0.0980
v -0.416205 -0.313583 -0.250724 0.8500 0.3250 0.0980
v -0.362767 -0.056472 0.021512 0.8500 0.3250 0.0980
v 0.054662 -0.269219 0.091083 0.8500 0.3250 0.0980
v -0.731797 0.039315 -0.128722 0.8500 0.3250 0.0980
v -0.864890 0.020158 -0.231567 0.8500 0.3250 0.0980
v -0.902197 0.061497 -0.222492 0.8500 0.3250 0.0980
v 0.267409 -0.378113 0.125365 0.8500 0.3250 0.0980
v -0.328485 -0.310559 -0.193252 0.8500 0.3250 0.0980
v -0.430321 0.214756 0.214094 0.8500 0.3250 0.0980
v -0.740872 0.234921 0.027562 0.8500 0.3250 0.0980
v -0.410156 0.224839 0.227201 0.8500 0.3250 0.0980
v -0.086498 -0.050422 0.197961 0.8500 0.3250 0.0980
v -0.379907 0.117961 0.154605 0.8500 0.3250 0.0980
v 0.337989 -0.381138 0.172754 0.8500 0.3250 0.0980
v -0.588621 0.046373 -0.036968 0.8500 0.3250 0.0980
v -0.446454 -0.063530 -0.052093 0.8500 0.3250 0.0980
v -0.247823 -0.405337 -0.223500 0.8500 0.3250 0.0980
v -0.738855 0.066538 -0.110573 0.8500 0.3250 0.0980
v 0.087935 -0.140159 0.216110 0.8500 0.3250 0.0980
v -0.346634 0.117961 0.175779 0.8500 0.3250 0.0980
v -0.280087 0.119977 0.227201 0.8500 0.3250 0.0980
v 0.099026 -0.300476 0.083017 0.8500 0.3250 0.0980
v -0.689450 -0.004041 -0.143846 0.8500 0.3250 0.0980
v -0.181276 -0.149234 0.052769 0.8500 0.3250 0.0980
v 0.137341 -0.219813 0.190903 0.8500 0.3250 0.0980
v -0.022976 -0.407354 -0.077300 0.8500 0.3250 0.0980
v -0.298237 -0.346857 -0.213417 0.8500 0.3250 0.0980
v -0.471661 0.232905 0.204011 0.8500 0.3250 0.0980
v 0.007273 -0.314592 0.014454 0.8500 0.3250 0.0980
v 0.431759 -0.409370 0.206027 0.8500 0.3250 0.0980
v -0.271013 -0.355931 -0.184177 0.8500 0.3250 0.0980
v -0.198417 -0.152258 0.034620 0.8500 0.3250 0.0980
v -0.186317 -0.295434 -0.087382 0.8500 0.3250 0.0980
v -0.416205 -0.145201 -0.095449 0.8500 0.3250 0.0980
v -0.694491 0.364990 0.179812 0.8500 0.3250 0.0980
v 0.209937 -0.340807 0.123348 0.8500 0.3250 0.0980
v 0.555777 -0.595902 0.117299 0.8500 0.3250 0.0980
v -0.824559 0.166358 -0.077300 0.8500 0.3250 0.0980
v 0.237161 -0.331732 0.152588 0.8500 0.3250 0.0980
v -0.516025 0.052423 0.018487 0.8500 0.3250 0.0980
v -0.700541 0.183499 0.013446 0.8500 0.3250 0.0980
v -0.514009 0.250046 0.195945 0.8500 0.3250 0.0980
v -0.108680 -0.048406 0.185862 0.8500 0.3250 0.0980
v 0.283541 -0.518264 0.015462 0.8500 0.3250 0.0980
v -0.790278 0.032257 -0.175103 0.8500 0.3250 0.0980
v 0.047604 -0.241995 0.106208 0.8500 0.3250 0.0980
v -0.259922 -0.301484 -0.134772 0.8500 0.3250 0.0980
v -0.707599 0.159300 -0.011761 0.8500 0.3250 0.0980
v -0.599713 0.259120 0.146539 0.8500 0.3250 0.0980
v -0.521067 0.223830 0.166704 0.8500 0.3250 0.0980
v 0.122217 -0.539438 -0.106540 0.8500 0.3250 0.0980
v 0.305724 -0.751177 -0.174094 0.8500 0.3250 0.0980
v -0.381924 -0.277285 -0.193252 0.8500 0.3250 0.0980
v 0.170614 -0.174441 0.248375 0.8500 0.3250 0.0980
v 0.569893 -0.652366 0.078984 0.8500 0.3250 0.0980
v -0.492835 0.058472 0.038653 0.8500 0.3250 0.0980
v -0.178251 -0.076637 0.117299 0.8500 0.3250 0.0980
v 0.352105 -0.301484 0.251400 0.8500 0.3250 0.0980
v -0.708607 0.039315 -0.116622 0.8500 0.3250 0.0980
v -0.328485 -0.189565 -0.078308 0.8500 0.3250 0.0980
v 0.319840 -0.439619 0.105199 0.8500 0.3250 0.0980
v -0.769104 0.280294 0.059827 0.8500 0.3250 0.0980
v 0.002231 -0.593885 -0.231567 0.8500 0.3250 0.0980
v -0.130862 -0.472892 -0.209384 0.8500 0.3250 0.0980
v 0.520487 -0.609010 0.087050 0.8500 0.3250 0.0980
v 0.050629 -0.099828 0.241317 0.8500 0.3250 0.0980
v -0.587613 0.107878 0.018487 0.8500 0.3250 0.0980
v -0.095572 0.002008 0.235268 0.8500 0.3250 0.0980
v -0.302270 -0.297451 -0.156954 0.8500 0.3250 0.0980
v -0.656176 -0.140159 -0.247699 0.8500 0.3250 0.0980
v 0.479148 -0.598927 0.063860 0.8500 0.3250 0.0980
v 0.283541 -0.751177 -0.197285 0.8500 0.3250 0.0980
v 0.222036 -0.717904 -0.199302 0.8500 0.3250 0.0980
v -0.314369 -0.246029 -0.115614 0.8500 0.3250 0.0980
v -0.114729 0.021166 0.241317 0.8500 0.3250 0.0980
v -0.273030 -0.409370 -0.241649 0.8500 0.3250 0.0980
v -0.784228 0.148209 -0.067217 0.8500 0.3250 0.0980
v -0.568456 0.358940 0.258458 0.8500 0.3250 0.0980
v 0.068778 -0.323666 0.052769 0.8500 0.3250 0.0980
v 0.104067 -0.422478 -0.013778 0.8500 0.3250 0.0980
v 0.426717 -0.721937 -0.079316 0.8500 0.3250 0.0980
v -0.397048 -0.253087 -0.188210 0.8500 0.3250 0.0980
v -0.636011 0.192574 0.063860 0.8500 0.3250 0.0980
v -0.011885 -0.435585 -0.104523 0.8500 0.3250 0.0980
v -0.484769 0.129052 0.101166 0.8500 0.3250 0.0980
v 0.131291 -0.243004 0.160655 0.8500 0.3250 0.0980
v -0.670292 0.175433 0.030587 0.8500 0.3250 0.0980
v -0.454520 -0.114952 -0.093432 0.8500 0.3250 0.0980
v 0.157506 -0.145201 0.265516 0.8500 0.3250 0.0980
v -0.831617 0.142160 -0.100490 0.8500 0.3250 0.0980
v -0.398056 -0.320641 -0.238624 0.8500 0.3250 0.0980
v 0.403527 -0.551538 0.056802 0.8500 0.3250 0.0980
v 0.395461 -0.758235 -0.124689 0.8500 0.3250 0.0980
v 0.287575 -0.424494 0.103183 0.8500 0.3250 0.0980
v -0.217574 -0.224855 -0.048059 0.8500 0.3250 0.0980
v 0.189771 -0.292410 0.155613 0.8500 0.3250 0.0980
v -0.474686 -0.269219 -0.255765 0.8500 0.3250 0.0980
v -0.313361 0.163333 0.237284 0.8500 0.3250 0.0980
v 0.114150 -0.513223 -0.085366 0.8500 0.3250 0.0980
v -0.578539 0.334741 0.225185 0.8500 0.3250 0.0980
v -0.681383 0.060489 -0.082341 0.8500 0.3250 0.0980
v -0.762046 0.254079 0.035628 0.8500 0.3250 0.0980
v 0.008281 -0.190573 0.133431 0.8500 0.3250 0.0980
v 0.112134 -0.235946 0.156622 0.8500 0.3250 0.0980
v -0.528125 -0.136126 -0.158970 0.8500 0.3250 0.0980
v 0.205904 -0.259136 0.182837 0.8500 0.3250 0.0980
v 0.377312 -0.884270 -0.251732 0.8500 0.3250 0.0980
v 0.421676 -0.392229 0.209052 0.8500 0.3250 0.0980
v -0.706590 0.102837 -0.070242 0.8500 0.3250 0.0980
v -0.220599 -0.268211 -0.080324 0.8500 0.3250 0.0980
v -0.585597 0.309534 0.198969 0.8500 0.3250 0.0980
v -0.539216 0.345832 0.262491 0.8500 0.3250 0.0980
v -0.537199 0.133085 0.076967 0.8500 0.3250 0.0980
v 0.291608 -0.697738 -0.139813 0.8500 0.3250 0.0980
v -0.063307 -0.555571 -0.238624 0.8500 0.3250 0.0980
v -0.012893 -0.524314 -0.179136 0.8500 0.3250 0.0980
v -0.473677 -0.022190 -0.018819 0.8500 0.3250 0.0980
v 0.021388 -0.301484 0.043694 0.8500 0.3250 0.0980
v 0.125241 -0.141167 0.251400 0.8500 0.3250 0.0980
v -0.245806 -0.017149 0.130406 0.8500 0.3250 0.0980
v 0.293624 -0.789492 -0.218459 0.8500 0.3250 0.0980
v -0.293195 -0.132093 -0.003695 0.8500 0.3250 0.0980
v -0.718690 0.368014 0.166704 0.8500 0.3250 0.0980
v -0.555348 0.227863 0.145531 0.8500 0.3250 0.0980
v -0.056249 -0.036306 0.225185 0.8500 0.3250 0.0980
v -0.184301 -0.261153 -0.045035 0.8500 0.3250 0.0980
v 0.382353 -0.807641 -0.182161 0.8500 0.3250 0.0980
v 0.126250 -0.581786 -0.138805 0.8500 0.3250 0.0980
v 0.044579 -0.122010 0.211069 0.8500 0.3250 0.0980
v 0.383361 -0.626150 -0.016803 0.8500 0.3250 0.0980
v 0.178680 -0.165366 0.266524 0.8500 0.3250 0.0980
v 0.076844 -0.626150 -0.209384 0.8500 0.3250 0.0980
v 0.009289 -0.473900 -0.110573 0.8500 0.3250 0.0980
v -0.236731 -0.455751 -0.258790 0.8500 0.3250 0.0980
v 0.028446 -0.165366 0.170738 0.8500 0.3250 0.0980
v -0.251856 -0.218805 -0.054109 0.8500 0.3250 0.0980
v 0.498305 -0.743111 -0.047051 0.8500 0.3250 0.0980
v 0.469065 -0.718912 -0.041001 0.8500 0.3250 0.0980
v -0.817501 0.191565 -0.056126 0.8500 0.3250 0.0980
v -0.206483 -0.103861 0.079992 0.8500 0.3250 0.0980
v -0.677350 0.203665 0.046719 0.8500 0.3250 0.0980
v 0.142382 -0.499107 -0.057134 0.8500 0.3250 0.0980
v -0.812460 0.212739 -0.023861 0.8500 0.3250 0.0980
v 0.355129 -0.638250 -0.047051 0.8500 0.3250 0.0980
v -0.382932 0.222822 0.251400 0.8500 0.3250 0.0980
v -0.318402 0.117961 0.197961 0.8500 0.3250 0.0980
v 0.495280 -0.541455 0.129398 0.8500 0.3250 0.0980
v 0.107092 -0.472892 -0.065200 0.8500 0.3250 0.0980
v -0.647102 0.249037 0.098141 0.8500 0.3250 0.0980
v -0.523083 0.078638 0.038653 0.8500 0.3250 0.0980
v -0.286137 -0.018157 0.091083 0.8500 0.3250 0.0980
v 0.136332 -0.701772 -0.250724 0.8500 0.3250 0.0980
v -0.287145 -0.354923 -0.200310 0.8500 0.3250 0.0980
v -0.153044 -0.144192 0.073943 0.8500 0.3250 0.0980
v -0.266980 -0.271236 -0.107548 0.8500 0.3250 0.0980
v -0.527116 -0.197631 -0.206359 0.8500 0.3250 0.0980
v -0.623911 0.238954 0.113266 0.8500 0.3250 0.0980
v 0.325889 -0.682614 -0.100490 0.8500 0.3250 0.0980
v -0.568456 -0.034290 -0.090407 0.8500 0.3250 0.0980
v 0.083902 -0.419453 -0.021844 0.8500 0.3250 0.0980
v -0.640044 0.109895 -0.008736 0.8500 0.3250 0.0980
v -0.653151 0.063514 -0.060159 0.8500 0.3250 0.0980
v 0.350088 -0.750169 -0.141830 0.8500 0.3250 0.0980
v 0.435792 -0.844947 -0.175103 0.8500 0.3250 0.0980
v -0.440404 0.124010 0.121332 0.8500 0.3250 0.0980
v -0.497876 0.182491 0.139481 0.8500 0.3250 0.0980
v -0.318402 -0.330724 -0.201318 0.8500 0.3250 0.0980
v -0.310336 0.086704 0.179812 0.8500 0.3250 0.0980
v -0.632986 0.137118 0.013446 0.8500 0.3250 0.0980
v 0.068778 -0.489024 -0.090407 0.8500 0.3250 0.0980
v -0.744905 -0.009083 -0.184177 0.8500 0.3250 0.0980
v -0.660209 0.038307 -0.089399 0.8500 0.3250 0.0980
v 0.267409 -0.341815 0.160655 0.8500 0.3250 0.0980
v -0.714657 0.065530 -0.100490 0.8500 0.3250 0.0980
v -0.149011 -0.505157 -0.247699 0.8500 0.3250 0.0980
v -0.686425 -0.058488 -0.192244 0.8500 0.3250 0.0980
v -0.763054 0.134093 -0.072258 0.8500 0.3250 0.0980
v -0.111705 -0.511206 -0.225517 0.8500 0.3250 0.0980
v -0.042133 -0.431552 -0.118639 0.8500 0.3250 0.0980
v -0.322435 -0.019165 0.074951 0.8500 0.3250 0.0980
v -0.379907 0.157284 0.194936 0.8500 0.3250 0.0980
v 0.280517 -0.397271 0.120323 0.8500 0.3250 0.0980
v -0.679367 0.260128 0.094108 0.8500 0.3250 0.0980
v 0.137341 -0.330724 0.079992 0.8500 0.3250 0.0980
v 0.491247 -0.461801 0.193928 0.8500 0.3250 0.0980
v -0.093556 -0.498099 -0.205351 0.8500 0.3250 0.0980
v -0.835650 0.306509 0.041678 0.8500 0.3250 0.0980
v -0.342601 -0.338790 -0.236608 0.8500 0.3250 0.0980
v 0.137341 -0.597919 -0.148887 0.8500 0.3250 0.0980
v 0.194813 -0.673540 -0.174094 0.8500 0.3250 0.0980
v 0.334964 -0.603968 -0.025877 0.8500 0.3250 0.0980
v 0.209937 -0.224855 0.231234 0.8500 0.3250 0.0980
v 0.119192 -0.635225 -0.196277 0.8500 0.3250 0.0980
v 0.404535 -0.727987 -0.098473 0.8500 0.3250 0.0980
v -0.675334 -0.018157 -0.155945 0.8500 0.3250 0.0980
v -0.535183 -0.028240 -0.070242 0.8500 0.3250 0.0980
v 0.458982 -0.363997 0.264508 0.8500 0.3250 0.0980
v -0.817501 0.102837 -0.141830 0.8500 0.3250 0.0980
v -0.437379 0.243996 0.232243 0.8500 0.3250 0.0980
v -0.375874 -0.148225 -0.075283 0.8500 0.3250 0.0980
v -0.228665 -0.237962 -0.060159 0.8500 0.3250 0.0980
v -0.114729 -0.130076 0.104191 0.8500 0.3250 0.0980
v 0.191788 -0.599935 -0.111581 0.8500 0.3250 0.0980
v -0.466619 -0.118985 -0.113598 0.8500 0.3250 0.0980
v -0.253872 -0.292410 -0.121664 0.8500 0.3250 0.0980
v -0.428305 -0.262161 -0.203335 0.8500 0.3250 0.0980
v -0.543249 0.093762 0.023529 0.8500 0.3250 0.0980
v -0.212533 -0.456759 -0.239633 0.8500 0.3250 0.0980
v -0.245806 -0.061513 0.083017 0.8500 0.3250 0.0980
v 0.186747 -0.643291 -0.153929 0.8500 0.3250 0.0980
v 0.388403 -0.663457 -0.051084 0.8500 0.3250 0.0980
v -0.468636 0.216772 0.190903 0.8500 0.3250 0.0980
v 0.326898 -0.527339 0.031595 0.8500 0.3250 0.0980
v 0.173639 -0.480958 -0.020836 0.8500 0.3250 0.0980
v -0.283112 -0.267202 -0.115614 0.8500 0.3250 0.0980
v -0.215558 -0.393238 -0.192244 0.8500 0.3250 0.0980
v 0.139357 -0.453734 -0.017811 0.8500 0.3250 0.0980
v -0.335543 -0.163350 -0.058142 0.8500 0.3250 0.0980
v -0.395032 -0.071596 -0.016803 0.8500 0.3250 0.0980
v -0.341593 -0.081679 0.007396 0.8500 0.3250 0.0980
v 0.118183 -0.371055 0.043694 0.8500 0.3250 0.0980
v 0.359163 -0.331732 0.234259 0.8500 0.3250 0.0980
v -0.660209 0.331716 0.170738 0.8500 0.3250 0.0980
v -0.349659 0.088721 0.156622 0.8500 0.3250 0.0980
v 0.230103 -0.304509 0.173762 0.8500 0.3250 0.0980
v -0.939503 0.159300 -0.166028 0.8500 0.3250 0.0980
v 0.487214 -0.552546 0.109232 0.8500 0.3250 0.0980
v 0.057687 -0.595902 -0.197285 0.8500 0.3250 0.0980
v 0.260351 -0.316608 0.181829 0.8500 0.3250 0.0980
v -0.085489 -0.377105 -0.093432 0.8500 0.3250 0.0980
v -0.008860 -0.245020 0.072934 0.8500 0.3250 0.0980
v -0.813468 0.338774 0.079992 0.8500 0.3250 0.0980
v 0.483181 -0.668498 0.007396 0.8500 0.3250 0.0980
v -0.445446 0.018141 0.031595 0.8500 0.3250 0.0980
v -0.871948 -0.005049 -0.259798 0.8500 0.3250 0.0980
v 0.008281 -0.087729 0.212077 0.8500 0.3250 0.0980
v -0.659201 -0.079662 -0.202326 0.8500 0.3250 0.0980
v 0.124233 -0.346857 0.070918 0.8500 0.3250 0.0980
v -0.261938 0.055447 0.183845 0.8500 0.3250 0.0980
v -0.798344 0.263153 0.025545 0.8500 0.3250 0.0980
v -0.145986 -0.416428 -0.169053 0.8500 0.3250 0.0980
v 0.289591 -0.468859 0.062851 0.8500 0.3250 0.0980
v -0.448470 -0.221830 -0.177119 0.8500 0.3250 0.0980
v 0.325889 -0.832848 -0.235600 0.8500 0.3250 0.0980
v 0.423693 -0.476925 0.140489 0.8500 0.3250 0.0980
v -0.721714 0.282311 0.089067 0.8500 0.3250 0.0980
v -0.513000 0.194590 0.136456 0.8500 0.3250 0.0980
v 0.070794 -0.546496 -0.146871 0.8500 0.3250 0.0980
v -0.435363 -0.288376 -0.236608 0.8500 0.3250 0.0980
v 0.499314 -0.525322 0.144522 0.8500 0.3250 0.0980
v -0.086498 -0.525322 -0.227533 0.8500 0.3250 0.0980
v 0.100034 -0.565654 -0.142838 0.8500 0.3250 0.0980
v -0.495860 -0.015132 -0.030919 0.8500 0.3250 0.0980
v 0.521496 -0.685639 0.007396 0.8500 0.3250 0.0980
v -0.380916 -0.086720 -0.023861 0.8500 0.3250 0.0980
v -0.436371 0.073596 0.085034 0.8500 0.3250 0.0980
v 0.131291 -0.558596 -0.114606 0.8500 0.3250 0.0980
v -0.425280 0.092754 0.111249 0.8500 0.3250 0.0980
v -0.639035 0.370031 0.214094 0.8500 0.3250 0.0980
v -0.548290 0.023182 -0.024869 0.8500 0.3250 0.0980
v 0.093985 -0.588844 -0.172078 0.8500 0.3250 0.0980
v -0.410156 -0.057480 -0.010753 0.8500 0.3250 0.0980
v -0.369824 -0.025215 0.036636 0.8500 0.3250 0.0980
v -0.392007 -0.145201 -0.090407 0.8500 0.3250 0.0980
v 0.412601 -0.679589 -0.052093 0.8500 0.3250 0.0980
v 0.293624 -0.360973 0.161663 0.8500 0.3250 0.0980
v -0.299245 -0.247037 -0.109565 0.8500 0.3250 0.0980
v 0.445875 -0.568678 0.071926 0.8500 0.3250 0.0980
v -0.043142 -0.369039 -0.054109 0.8500 0.3250 0.0980
v 0.274467 -0.371055 0.139481 0.8500 0.3250 0.0980
v -0.472669 -0.079662 -0.075283 0.8500 0.3250 0.0980
v -0.614837 -0.042356 -0.127714 0.8500 0.3250 0.0980
v 0.119192 -0.604977 -0.164012 0.8500 0.3250 0.0980
v -0.817501 -0.013116 -0.235600 0.8500 0.3250 0.0980
v 0.313790 -0.575736 -0.019828 0.8500 0.3250 0.0980
v 0.175655 -0.537422 -0.071250 0.8500 0.3250 0.0980
v 0.214978 -0.754202 -0.234591 0.8500 0.3250 0.0980
v 0.398485 -0.381138 0.205019 0.8500 0.3250 0.0980
v -0.880015 0.056456 -0.213417 0.8500 0.3250 0.0980
v -0.773137 0.361965 0.116290 0.8500 0.3250 0.0980
v 0.187755 -0.520281 -0.051084 0.8500 0.3250 0.0980
v -0.507959 0.116953 0.076967 0.8500 0.3250 0.0980
v 0.167589 -0.457768 -0.000670 0.8500 0.3250 0.0980
v 0.248252 -0.619092 -0.093432 0.8500 0.3250 0.0980
v 0.506372 -0.707821 -0.008736 0.8500 0.3250 0.0980
v -0.521067 0.170391 0.119315 0.8500 0.3250 0.0980
v 0.460999 -0.785459 -0.103515 0.8500 0.3250 0.0980
v -0.590638 0.223830 0.117299 0.8500 0.3250 0.0980
v -0.028017 -0.374080 -0.060159 0.8500 0.3250 0.0980
v -0.022976 -0.229896 0.067893 0.8500 0.3250 0.0980
v -0.238748 -0.171416 -0.006720 0.8500 0.3250 0.0980
v -0.740872 0.037298 -0.141830 0.8500 0.3250 0.0980
v 0.022397 -0.523306 -0.152921 0.8500 0.3250 0.0980
v -0.938495 0.105861 -0.208376 0.8500 0.3250 0.0980
v -0.714657 0.355915 0.144522 0.8500 0.3250 0.0980
v -0.708607 0.329700 0.141497 0.8500 0.3250 0.0980
v 0.490239 -0.770335 -0.074275 0.8500 0.3250 0.0980
v -0.044150 -0.262161 0.037644 0.8500 0.3250 0.0980
v -0.405114 -0.293418 -0.220475 0.8500 0.3250 0.0980
v 0.239177 -0.740086 -0.207368 0.8500 0.3250 0.0980
v -0.471661 0.163333 0.129398 0.8500 0.3250 0.0980
v 0.009289 -0.620101 -0.246691 0.8500 0.3250 0.0980
v 0.104067 -0.202673 0.176787 0.8500 0.3250 0.0980
v -0.124812 -0.040339 0.175779 0.8500 0.3250 0.0980
v -0.238748 -0.405337 -0.210393 0.8500 0.3250 0.0980
v 0.389411 -0.732020 -0.101498 0.8500 0.3250 0.0980
v 0.142382 -0.660432 -0.201318 0.8500 0.3250 0.0980
v -0.297228 -0.076637 0.030587 0.8500 0.3250 0.0980
v -0.072382 -0.041348 0.206027 0.8500 0.3250 0.0980
v -0.287145 0.146193 0.248375 0.8500 0.3250 0.0980
v -0.541232 0.065530 0.015462 0.8500 0.3250 0.0980
v -0.294203 0.174425 0.266524 0.8500 0.3250 0.0980
v -0.782211 0.192574 -0.022852 0.8500 0.3250 0.0980
v -0.414189 0.259120 0.265516 0.8500 0.3250 0.0980
v -0.532158 0.319617 0.244342 0.8500 0.3250 0.0980
v 0.392436 -0.419453 0.174771 0.8500 0.3250 0.0980
v -0.594671 0.069563 -0.015794 0.8500 0.3250 0.0980
v 0.298666 -0.723954 -0.157962 0.8500 0.3250 0.0980
v 0.233127 -0.226871 0.237284 0.8500 0.3250 0.0980
v -0.813468 0.301468 0.048736 0.8500 0.3250 0.0980
v -0.366800 -0.079662 -0.012770 0.8500 0.3250 0.0980
v 0.420668 -0.575736 0.054785 0.8500 0.3250 0.0980
v 0.288583 -0.277285 0.229218 0.8500 0.3250 0.0980
v 0.197838 -0.321650 0.135448 0.8500 0.3250 0.0980
v 0.133308 -0.427519 0.005379 0.8500 0.3250 0.0980
v -0.633994 -0.131085 -0.218459 0.8500 0.3250 0.0980
v -0.815485 0.071580 -0.156954 0.8500 0.3250 0.0980
v 0.172631 -0.409370 0.044702 0.8500 0.3250 0.0980
v -0.315377 -0.389204 -0.250724 0.8500 0.3250 0.0980
v -0.522075 -0.112936 -0.136788 0.8500 0.3250 0.0980
v -0.093556 -0.075629 0.170738 0.8500 0.3250 0.0980
v -0.023984 -0.187548 0.115282 0.8500 0.3250 0.0980
v -0.389990 0.017133 0.067893 0.8500 0.3250 0.0980
v -0.415197 0.052423 0.077976 0.8500 0.3250 0.0980
v -0.301261 -0.102853 0.014454 0.8500 0.3250 0.0980
v -0.121787 -0.403320 -0.141830 0.8500 0.3250 0.0980
v 0.061720 -0.296443 0.071926 0.8500 0.3250 0.0980
v -0.308319 0.127035 0.209052 0.8500 0.3250 0.0980
v -0.663234 0.093762 -0.035960 0.8500 0.3250 0.0980
v -0.650127 0.142160 0.008404 0.8500 0.3250 0.0980
v 0.312782 -0.465834 0.079992 0.8500 0.3250 0.0980
v -0.887073 0.032257 -0.239633 0.8500 0.3250 0.0980
v -0.557365 0.212739 0.133431 0.8500 0.3250 0.0980
v 0.373278 -0.493057 0.095116 0.8500 0.3250 0.0980
v -0.273030 -0.426511 -0.253749 0.8500 0.3250 0.0980
v -0.221607 0.012091 0.168721 0.8500 0.3250 0.0980
v -0.073390 -0.144192 0.123348 0.8500 0.3250 0.0980
v 0.172631 -0.725970 -0.250724 0.8500 0.3250 0.0980
v -0.761037 0.052423 -0.135780 0.8500 0.3250 0.0980
v -0.248831 -0.155283 -0.002687 0.8500 0.3250 0.0980
v 0.014331 -0.108902 0.208044 0.8500 0.3250 0.0980
v -0.687433 0.338774 0.157630 0.8500 0.3250 0.0980
v -0.381924 -0.230904 -0.152921 0.8500 0.3250 0.0980
v -0.329493 0.045365 0.123348 0.8500 0.3250 0.0980
v 0.224053 -0.277285 0.188887 0.8500 0.3250 0.0980
v -0.757004 0.360956 0.136456 0.8500 0.3250 0.0980
v 0.473098 -0.676564 -0.001678 0.8500 0.3250 0.0980
v -0.201442 -0.390213 -0.179136 0.8500 0.3250 0.0980
v -0.463595 0.001000 -0.001678 0.8500 0.3250 0.0980
v -0.009868 -0.137134 0.170738 0.8500 0.3250 0.0980
v -0.218582 -0.429536 -0.223500 0.8500 0.3250 0.0980
v -0.837667 0.066538 -0.169053 0.8500 0.3250 0.0980
v -0.544257 0.160309 0.098141 0.8500 0.3250 0.0980
v 0.265392 -0.740086 -0.195268 0.8500 0.3250 0.0980
v -0.061291 -0.182507 0.094108 0.8500 0.3250 0.0980
v -0.505942 -0.201664 -0.202326 0.8500 0.3250 0.0980
v -0.140945 -0.023199 0.185862 0.8500 0.3250 0.0980
v -0.652143 0.111911 -0.025877 0.8500 0.3250 0.0980
v -0.402089 -0.198639 -0.133763 0.8500 0.3250 0.0980
v -0.062299 -0.265186 0.019495 0.8500 0.3250 0.0980
v -0.348651 -0.151250 -0.067217 0.8500 0.3250 0.0980
v 0.057687 -0.128060 0.216110 0.8500 0.3250 0.0980
v -0.956644 0.117961 -0.202326 0.8500 0.3250 0.0980
v -0.661218 -0.019165 -0.142838 0.8500 0.3250 0.0980
v -0.680375 0.230888 0.073943 0.8500 0.3250 0.0980
v 0.143390 -0.623126 -0.166028 0.8500 0.3250 0.0980
v -0.590638 0.347849 0.229218 0.8500 0.3250 0.0980
v -0.308319 -0.271236 -0.137796 0.8500 0.3250 0.0980
v 0.268417 -0.711854 -0.175103 0.8500 0.3250 0.0980
v 0.483181 -0.487008 0.169729 0.8500 0.3250 0.0980
v -0.413181 -0.191581 -0.142838 0.8500 0.3250 0.0980
v -0.721714 0.107878 -0.063184 0.8500 0.3250 0.0980
v 0.409577 -0.813691 -0.164012 0.8500 0.3250 0.0980
v 0.054662 -0.435585 -0.050076 0.8500 0.3250 0.0980
v -0.239756 -0.346857 -0.164012 0.8500 0.3250 0.0980
v -0.704574 -0.069579 -0.209384 0.8500 0.3250 0.0980
v -0.192367 -0.052439 0.130406 0.8500 0.3250 0.0980
v 0.186747 -0.376097 0.071926 0.8500 0.3250 0.0980
v -0.785236 -0.041348 -0.245682 0.8500 0.3250 0.0980
v 0.258334 -0.211747 0.268541 0.8500 0.3250 0.0980
v 0.332947 -0.391221 0.158638 0.8500 0.3250 0.0980
v -0.619878 -0.183515 -0.259798 0.8500 0.3250 0.0980
v -0.127837 -0.073613 0.146539 0.8500 0.3250 0.0980
v 0.130283 -0.203681 0.195945 0.8500 0.3250 0.0980
v 0.400502 -0.876204 -0.237616 0.8500 0.3250 0.0980
v -0.711632 -0.040339 -0.193252 0.8500 0.3250 0.0980
v -0.194384 -0.365006 -0.150904 0.8500 0.3250 0.0980
v -0.508967 0.023182 -0.000670 0.8500 0.3250 0.0980
v 0.050629 -0.539438 -0.154937 0.8500 0.3250 0.0980
v 0.177672 -0.635225 -0.167037 0.8500 0.3250 0.0980
v 0.324881 -0.328708 0.210060 0.8500 0.3250 0.0980
v -0.696507 -0.027232 -0.170061 0.8500 0.3250 0.0980
v -0.101622 -0.315600 -0.050076 0.8500 0.3250 0.0980
v 0.485198 -0.789492 -0.109565 0.8500 0.3250 0.0980
v 0.098018 -0.289385 0.100158 0.8500 0.3250 0.0980
v -0.332518 -0.211747 -0.111581 0.8500 0.3250 0.0980
v -0.103638 -0.208722 0.037644 0.8500 0.3250 0.0980
v -0.345626 -0.018157 0.058818 0.8500 0.3250 0.0980
v -0.628953 0.013100 -0.083349 0.8500 0.3250 0.0980
v -0.490818 0.154259 0.121332 0.8500 0.3250 0.0980
v -0.504934 0.210723 0.161663 0.8500 0.3250 0.0980
v 0.207920 -0.416428 0.056802 0.8500 0.3250 0.0980
v -0.211524 -0.069579 0.102174 0.8500 0.3250 0.0980
v 0.236152 -0.713871 -0.193252 0.8500 0.3250 0.0980
v -0.171193 -0.051430 0.137464 0.8500 0.3250 0.0980
v 0.458982 -0.548513 0.092092 0.8500 0.3250 0.0980
v 0.430750 -0.628167 0.002355 0.8500 0.3250 0.0980
v -0.231690 -0.145201 0.019495 0.8500 0.3250 0.0980
v -0.185309 -0.415420 -0.190227 0.8500 0.3250 0.0980
v 0.292616 -0.653374 -0.096457 0.8500 0.3250 0.0980
v -0.175226 -0.172424 0.032603 0.8500 0.3250 0.0980
v -0.487793 0.249037 0.204011 0.8500 0.3250 0.0980
v -0.225640 -0.119993 0.048736 0.8500 0.3250 0.0980
v 0.001223 -0.440627 -0.094440 0.8500 0.3250 0.0980
v -0.403098 0.103845 0.135448 0.8500 0.3250 0.0980
v -0.270005 -0.074621 0.055794 0.8500 0.3250 0.0980
v 0.311773 -0.626150 -0.061167 0.8500 0.3250 0.0980
v 0.361179 -0.469867 0.097133 0.8500 0.3250 0.0980
v 0.285558 -0.565654 -0.023861 0.8500 0.3250 0.0980
v 0.092976 -0.309550 0.072934 0.8500 0.3250 0.0980
v 0.084910 -0.236954 0.143514 0.8500 0.3250 0.0980
v -0.485777 -0.046389 -0.054109 0.8500 0.3250 0.0980
v -0.231690 -0.329716 -0.144854 0.8500 0.3250 0.0980
v 0.244219 -0.405337 0.092092 0.8500 0.3250 0.0980
v -0.787253 -0.016141 -0.222492 0.8500 0.3250 0.0980
v -0.163127 -0.430544 -0.194260 0.8500 0.3250 0.0980
v 0.409577 -0.643291 -0.014786 0.8500 0.3250 0.0980
v 0.111125 -0.342824 0.065876 0.8500 0.3250 0.0980
v -0.749946 0.333733 0.118307 0.8500 0.3250 0.0980
v 0.254301 -0.244012 0.240309 0.8500 0.3250 0.0980
v 0.413610 -0.342824 0.246359 0.8500 0.3250 0.0980
v -0.481744 0.268195 0.235268 0.8500 0.3250 0.0980
v -0.239756 -0.225863 -0.050076 0.8500 0.3250 0.0980
v -0.526108 0.293402 0.222160 0.8500 0.3250 0.0980
v 0.422684 -0.866121 -0.205351 0.8500 0.3250 0.0980
v 0.372270 -0.602960 -0.011761 0.8500 0.3250 0.0980
v -0.748938 -0.044372 -0.228542 0.8500 0.3250 0.0980
v 0.037521 -0.632200 -0.250724 0.8500 0.3250 0.0980
v 0.266401 -0.685639 -0.150904 0.8500 0.3250 0.0980
v 0.204896 -0.501124 -0.019828 0.8500 0.3250 0.0980
v -0.886064 0.166358 -0.119647 0.8500 0.3250 0.0980
v -0.081456 -0.255103 0.016471 0.8500 0.3250 0.0980
v 0.170614 -0.312575 0.116290 0.8500 0.3250 0.0980
v 0.025422 -0.380130 -0.023861 0.8500 0.3250 0.0980
v 0.219012 -0.556579 -0.058142 0.8500 0.3250 0.0980
v -0.115738 -0.380130 -0.117631 0.8500 0.3250 0.0980
v -0.973785 0.097795 -0.239633 0.8500 0.3250 0.0980
v -0.720706 -0.006058 -0.165020 0.8500 0.3250 0.0980
v 0.486206 -0.624134 0.049744 0.8500 0.3250 0.0980
v -0.814476 0.126027 -0.107548 0.8500 0.3250 0.0980
v -0.160102 -0.240987 -0.021844 0.8500 0.3250 0.0980
v 0.536620 -0.518264 0.175779 0.8500 0.3250 0.0980
v 0.157506 -0.678581 -0.207368 0.8500 0.3250 0.0980
v -0.137920 -0.445668 -0.191235 0.8500 0.3250 0.0980
v -0.917321 0.177449 -0.129730 0.8500 0.3250 0.0980
v 0.099026 -0.110919 0.262491 0.8500 0.3250 0.0980
v 0.099026 -0.184523 0.199978 0.8500 0.3250 0.0980
v -0.198417 -0.205697 -0.010753 0.8500 0.3250 0.0980
v -0.192367 0.014108 0.188887 0.8500 0.3250 0.0980
v -0.292187 -0.003033 0.108224 0.8500 0.3250 0.0980
v 0.124233 -0.708829 -0.253749 0.8500 0.3250 0.0980
v -0.591646 0.185516 0.076967 0.8500 0.3250 0.0980
v -0.405114 0.165350 0.187878 0.8500 0.3250 0.0980
v -0.408139 -0.327699 -0.258790 0.8500 0.3250 0.0980
v -0.171193 -0.461801 -0.231567 0.8500 0.3250 0.0980
v 0.083902 -0.652366 -0.227533 0.8500 0.3250 0.0980
v 0.370254 -0.753194 -0.133763 0.8500 0.3250 0.0980
v 0.279508 -0.588844 -0.054109 0.8500 0.3250 0.0980
v -0.287145 -0.160325 -0.019828 0.8500 0.3250 0.0980
v 0.072811 -0.338790 0.040669 0.8500 0.3250 0.0980
v -0.856824 0.294410 0.005379 0.8500 0.3250 0.0980
v -0.327477 -0.095795 -0.000670 0.8500 0.3250 0.0980
v -0.248831 0.120986 0.251400 0.8500 0.3250 0.0980
v 0.357146 -0.543471 0.028570 0.8500 0.3250 0.0980
v -0.178251 0.001000 0.179812 0.8500 0.3250 0.0980
v -0.821534 0.048389 -0.183169 0.8500 0.3250 0.0980
v -0.245806 -0.194606 -0.030919 0.8500 0.3250 0.0980
v 0.028446 -0.327699 0.022520 0.8500 0.3250 0.0980
v -0.639035 0.048389 -0.060159 0.8500 0.3250 0.0980
v -0.192367 -0.175449 0.015462 0.8500 0.3250 0.0980
v -0.409147 0.002008 0.030587 0.8500 0.3250 0.0980
v 0.305724 -0.492049 0.054785 0.8500 0.3250 0.0980
v -0.555348 -0.102853 -0.147879 0.8500 0.3250 0.0980
v -0.835650 0.173416 -0.083349 0.8500 0.3250 0.0980
v -0.631978 0.073596 -0.039993 0.8500 0.3250 0.0980
v 0.278500 -0.294426 0.212077 0.8500 0.3250 0.0980
v -0.602737 0.326675 0.199978 0.8500 0.3250 0.0980
v -0.630969 0.185516 0.052769 0.8500 0.3250 0.0980
v 0.470073 -0.537422 0.117299 0.8500 0.3250 0.0980
v 0.137341 -0.183515 0.210060 0.8500 0.3250 0.0980
v 0.527545 -0.638250 0.063860 0.8500 0.3250 0.0980
v -0.107671 -0.176457 0.061843 0.8500 0.3250 0.0980
v -0.263955 -0.343832 -0.178128 0.8500 0.3250 0.0980
v -0.204466 -0.333749 -0.137796 0.8500 0.3250 0.0980
v -0.851783 0.123002 -0.126705 0.8500 0.3250 0.0980
v -0.742888 0.304493 0.096125 0.8500 0.3250 0.0980
v -0.160102 -0.116969 0.092092 0.8500 0.3250 0.0980
v -0.047175 -0.030256 0.240309 0.8500 0.3250 0.0980
v -0.264963 -0.135118 0.007396 0.8500 0.3250 0.0980
v -0.145986 -0.269219 -0.034952 0.8500 0.3250 0.0980
v -0.324452 -0.353915 -0.224509 0.8500 0.3250 0.0980
v -0.462586 0.240971 0.216110 0.8500 0.3250 0.0980
v -0.265972 -0.322658 -0.164012 0.8500 0.3250 0.0980
v -0.595679 -0.149234 -0.210393 0.8500 0.3250 0.0980
v -0.620886 -0.143184 -0.231567 0.8500 0.3250 0.0980
v 0.184730 -0.436594 0.022520 0.8500 0.3250 0.0980
v -0.342601 -0.134109 -0.042010 0.8500 0.3250 0.0980
v 0.295641 -0.444660 0.088059 0.8500 0.3250 0.0980
v -0.610804 0.354907 0.216110 0.8500 0.3250 0.0980
v -0.777170 0.080654 -0.122672 0.8500 0.3250 0.0980
v -0.727764 0.169383 -0.013778 0.8500 0.3250 0.0980
v 0.221028 -0.420461 0.055794 0.8500 0.3250 0.0980
v -0.779187 0.225847 0.008404 0.8500 0.3250 0.0980
v -0.699532 -0.106886 -0.241649 0.8500 0.3250 0.0980
v 0.079869 -0.173432 0.193928 0.8500 0.3250 0.0980
v -0.403098 -0.039331 0.002355 0.8500 0.3250 0.0980
v -0.185309 -0.102853 0.091083 0.8500 0.3250 0.0980
v -0.562406 0.332725 0.234259 0.8500 0.3250 0.0980
v -0.934462 0.074605 -0.227533 0.8500 0.3250 0.0980
v -0.727764 0.083679 -0.089399 0.8500 0.3250 0.0980
v -0.496868 0.131068 0.094108 0.8500 0.3250 0.0980
v -0.490818 -0.150242 -0.150904 0.8500 0.3250 0.0980
v -0.337560 0.197615 0.258458 0.8500 0.3250 0.0980
v -0.511992 -0.027232 -0.061167 0.8500 0.3250 0.0980
v 0.322864 -0.711854 -0.146871 0.8500 0.3250 0.0980
v 0.200862 -0.698747 -0.194260 0.8500 0.3250 0.0980
v -0.458553 0.193582 0.174771 0.8500 0.3250 0.0980
v -0.715665 0.017133 -0.140821 0.8500 0.3250 0.0980
v 0.532587 -0.608001 0.093100 0.8500 0.3250 0.0980
v -0.543249 -0.003033 -0.057134 0.8500 0.3250 0.0980
v -0.672309 -0.104869 -0.226525 0.8500 0.3250 0.0980
v -0.382932 0.042340 0.089067 0.8500 0.3250 0.0980
v -0.347642 0.036290 0.107216 0.8500 0.3250 0.0980
v -0.368816 -0.330724 -0.233583 0.8500 0.3250 0.0980
v -0.299245 -0.392229 -0.239633 0.8500 0.3250 0.0980
v 0.387394 -0.441635 0.150572 0.8500 0.3250 0.0980
v -0.186317 -0.027232 0.153597 0.8500 0.3250 0.0980
v -0.375874 -0.304509 -0.212409 0.8500 0.3250 0.0980
v -0.124812 -0.254095 -0.009745 0.8500 0.3250 0.0980
v -0.819518 0.287352 0.033611 0.8500 0.3250 0.0980
v -0.373858 0.179466 0.224176 0.8500 0.3250 0.0980
v -0.514009 0.151234 0.100158 0.8500 0.3250 0.0980
v 0.447891 -0.716896 -0.055117 0.8500 0.3250 0.0980
v -0.571481 0.117961 0.040669 0.8500 0.3250 0.0980
v 0.154482 -0.366014 0.066885 0.8500 0.3250 0.0980
v -0.859849 -0.009083 -0.264840 0.8500 0.3250 0.0980
v -0.462586 -0.218805 -0.202326 0.8500 0.3250 0.0980
v 0.162548 -0.185532 0.238292 0.8500 0.3250 0.0980
v 0.317823 -0.653374 -0.080324 0.8500 0.3250 0.0980
v 0.438817 -0.437602 0.186870 0.8500 0.3250 0.0980
v 0.021388 -0.564645 -0.200310 0.8500 0.3250 0.0980
v 0.151457 -0.248045 0.164688 0.8500 0.3250 0.0980
v 0.125241 -0.433569 -0.014786 0.8500 0.3250 0.0980
v -0.552323 -0.117977 -0.165020 0.8500 0.3250 0.0980
v 0.194813 -0.701772 -0.213417 0.8500 0.3250 0.0980
v 0.040546 -0.214772 0.123348 0.8500 0.3250 0.0980
v -0.708607 0.242988 0.064868 0.8500 0.3250 0.0980
v 0.097010 -0.447685 -0.041001 0.8500 0.3250 0.0980
v 0.306732 -0.404329 0.133431 0.8500 0.3250 0.0980
v -0.748938 0.315584 0.100158 0.8500 0.3250 0.0980
v -0.794311 0.043348 -0.169053 0.8500 0.3250 0.0980
v 0.504355 -0.411387 0.243334 0.8500 0.3250 0.0980
v -0.069357 -0.082687 0.176787 0.8500 0.3250 0.0980
v 0.066761 -0.433569 -0.045035 0.8500 0.3250 0.0980
v 0.462007 -0.666482 -0.002687 0.8500 0.3250 0.0980
v -0.921354 0.039315 -0.253749 0.8500 0.3250 0.0980
v -0.583580 0.386163 0.270557 0.8500 0.3250 0.0980
v 0.489231 -0.720929 -0.034952 0.8500 0.3250 0.0980
v 0.505363 -0.611026 0.076967 0.8500 0.3250 0.0980
v 0.347063 -0.454743 0.108224 0.8500 0.3250 0.0980
v -0.480735 -0.096803 -0.094440 0.8500 0.3250 0.0980
v -0.172201 -0.310559 -0.090407 0.8500 0.3250 0.0980
v -0.028017 -0.058488 0.225185 0.8500 0.3250 0.0980
v -0.670292 0.060489 -0.075283 0.8500 0.3250 0.0980
v 0.245227 -0.660432 -0.137796 0.8500 0.3250 0.0980
v -0.858841 0.043348 -0.203335 0.8500 0.3250 0.0980
v 0.421676 -0.849989 -0.187202 0.8500 0.3250 0.0980
v -0.097589 -0.361981 -0.088391 0.8500 0.3250 0.0980
v -0.064315 -0.497091 -0.187202 0.8500 0.3250 0.0980
v 0.463015 -0.744119 -0.070242 0.8500 0.3250 0.0980
v 0.344038 -0.646316 -0.058142 0.8500 0.3250 0.0980
v -0.443429 -0.179482 -0.145863 0.8500 0.3250 0.0980
v -0.511992 -0.224855 -0.227533 0.8500 0.3250 0.0980
v 0.397477 -0.861080 -0.214426 0.8500 0.3250 0.0980
v 0.312782 -0.430544 0.111249 0.8500 0.3250 0.0980
v -0.575514 0.154259 0.072934 0.8500 0.3250 0.0980
v -0.488802 0.010075 -0.006720 0.8500 0.3250 0.0980
v -0.338568 -0.047397 0.039661 0.8500 0.3250 0.0980
v 0.528554 -0.487008 0.192920 0.8500 0.3250 0.0980
v -0.054233 -0.003033 0.258458 0.8500 0.3250 0.0980
v -0.521067 0.246012 0.185862 0.8500 0.3250 0.0980
v -0.736839 0.056456 -0.122672 0.8500 0.3250 0.0980
v -0.654160 0.203665 0.063860 0.8500 0.3250 0.0980
v -0.030034 -0.324674 0.002355 0.8500 0.3250 0.0980
v -0.771120 0.096787 -0.105531 0.8500 0.3250 0.0980
v 0.376303 -0.777393 -0.157962 0.8500 0.3250 0.0980
v 0.109109 -0.485999 -0.068225 0.8500 0.3250 0.0980
v -0.562406 -0.129068 -0.175103 0.8500 0.3250 0.0980
v -0.604754 0.172408 0.065876 0.8500 0.3250 0.0980
v -0.765071 0.069563 -0.127714 0.8500 0.3250 0.0980
v 0.008281 -0.250062 0.081001 0.8500 0.3250 0.0980
v 0.173639 -0.590861 -0.114606 0.8500 0.3250 0.0980
v 0.476123 -0.396262 0.247367 0.8500 0.3250 0.0980
v -0.776162 -0.005049 -0.198293 0.8500 0.3250 0.0980
v 0.189771 -0.300476 0.145531 0.8500 0.3250 0.0980
v -0.265972 0.063514 0.193928 0.8500 0.3250 0.0980
v 0.024413 -0.148225 0.168721 0.8500 0.3250 0.0980
v -0.348651 -0.257120 -0.147879 0.8500 0.3250 0.0980
v -0.478719 0.257104 0.219135 0.8500 0.3250 0.0980
v -0.413181 0.247021 0.256441 0.8500 0.3250 0.0980
v 0.565860 -0.644300 0.069909 0.8500 0.3250 0.0980
v 0.213970 -0.177465 0.266524 0.8500 0.3250 0.0980
v -0.835650 0.251054 -0.006720 0.8500 0.3250 0.0980
v -0.077423 -0.386180 -0.089399 0.8500 0.3250 0.0980
v -0.078431 -0.022190 0.224176 0.8500 0.3250 0.0980
v -0.023984 -0.502132 -0.172078 0.8500 0.3250 0.0980
v -0.274038 -0.210739 -0.062175 0.8500 0.3250 0.0980
v -0.214549 -0.293418 -0.102507 0.8500 0.3250 0.0980
v -0.150019 -0.382146 -0.139813 0.8500 0.3250 0.0980
v 0.058695 -0.389204 -0.013778 0.8500 0.3250 0.0980
v -0.026001 -0.111927 0.176787 0.8500 0.3250 0.0980
v -0.609795 0.289369 0.163680 0.8500 0.3250 0.0980
v 0.412601 -0.435585 0.170738 0.8500 0.3250 0.0980
v 0.237161 -0.479950 0.017479 0.8500 0.3250 0.0980
v -0.267988 -0.016141 0.112257 0.8500 0.3250 0.0980
v 0.214978 -0.646316 -0.141830 0.8500 0.3250 0.0980
v 0.385378 -0.328708 0.249383 0.8500 0.3250 0.0980
v 0.309757 -0.808649 -0.228542 0.8500 0.3250 0.0980
v -0.774145 -0.037314 -0.228542 0.8500 0.3250 0.0980
v -0.360750 0.031249 0.088059 0.8500 0.3250 0.0980
v -0.121787 0.046373 0.262491 0.8500 0.3250 0.0980
v 0.329922 -0.734037 -0.147879 0.8500 0.3250 0.0980
v -0.282104 0.078638 0.182837 0.8500 0.3250 0.0980
v -0.093556 -0.118985 0.120323 0.8500 0.3250 0.0980
v 0.163556 -0.201664 0.223168 0.8500 0.3250 0.0980
v -0.625928 0.161317 0.043694 0.8500 0.3250 0.0980
v -0.129854 -0.237962 -0.008736 0.8500 0.3250 0.0980
v -0.608787 0.249037 0.124357 0.8500 0.3250 0.0980
v -0.254880 0.032257 0.162671 0.8500 0.3250 0.0980
v -0.561398 -0.060505 -0.113598 0.8500 0.3250 0.0980
v 0.472090 -0.570695 0.086042 0.8500 0.3250 0.0980
v -0.312352 -0.153267 -0.036968 0.8500 0.3250 0.0980
v 0.097010 -0.371055 0.032603 0.8500 0.3250 0.0980
v -0.315377 -0.047397 0.052769 0.8500 0.3250 0.0980
v -0.018943 -0.359964 -0.032935 0.8500 0.3250 0.0980
v -0.305295 -0.181499 -0.060159 0.8500 0.3250 0.0980
v 0.385378 -0.310559 0.267532 0.8500 0.3250 0.0980
v -0.199425 -0.075629 0.103183 0.8500 0.3250 0.0980
v 0.119192 -0.164358 0.222160 0.8500 0.3250 0.0980
v 0.264384 -0.438610 0.075959 0.8500 0.3250 0.0980
v 0.449908 -0.793525 -0.122672 0.8500 0.3250 0.0980
v 0.439825 -0.529355 0.102174 0.8500 0.3250 0.0980
v 0.210945 -0.375089 0.098141 0.8500 0.3250 0.0980
v 0.041554 -0.383155 -0.014786 0.8500 0.3250 0.0980
v 0.982280 -0.112936 -0.269881 0.9290 0.6940 0.1250
v -0.448470 0.874171 -0.245682 0.9290 0.6940 0.1250
v 0.343030 0.328691 -0.261815 0.9290 0.6940 0.1250
v 0.420668 -0.317617 0.268541 0.9290 0.6940 0.1250
v -0.141953 0.489008 -0.097465 0.9290 0.6940 0.1250
v 0.544686 -0.031265 -0.069233 0.9290 0.6940 0.1250
v 0.797765 -0.347865 0.047727 0.9290 0.6940 0.1250
v 0.174647 0.099812 0.052769 0.9290 0.6940 0.1250
v -0.339576 0.356923 0.144522 0.9290 0.6940 0.1250
v -0.454520 0.630167 -0.023861 0.9290 0.6940 0.1250
v 0.148432 -0.128060 0.271566 0.9290 0.6940 0.1250
v 0.742309 0.055447 -0.271898 0.9290 0.6940 0.1250
v 0.091968 0.507157 -0.258790 0.9290 0.6940 0.1250
v -0.082464 0.261137 0.070918 0.9290 0.6940 0.1250
v -0.218582 0.707805 -0.239633 0.9290 0.6940 0.1250
v 0.363196 -0.104869 0.108224 0.9290 0.6940 0.1250
v 0.135324 0.307518 -0.111581 0.9290 0.6940 0.1250
v 0.578968 -0.234937 0.091083 0.9290 0.6940 0.1250
v 0.761467 -0.146209 -0.105531 0.9290 0.6940 0.1250
v 0.364204 0.133085 -0.093432 0.9290 0.6940 0.1250
v 0.533595 0.174425 -0.253749 0.9290 0.6940 0.1250
v 0.002231 0.051414 0.205019 0.9290 0.6940 0.1250
v -0.291179 0.194590 0.261483 0.9290 0.6940 0.1250
v -0.311344 0.496066 0.008404 0.9290 0.6940 0.1250
v -0.613828 0.630167 0.074951 0.9290 0.6940 0.1250
v -0.484769 0.498083 0.116290 0.9290 0.6940 0.1250
v -0.065324 0.595886 -0.239633 0.9290 0.6940 0.1250
v -0.519050 0.777376 -0.113598 0.9290 0.6940 0.1250
v -0.285129 0.615043 -0.112589 0.9290 0.6940 0.1250
v 0.914725 -0.215780 -0.130738 0.9290 0.6940 0.1250
v 0.011306 0.421453 -0.135780 0.9290 0.6940 0.1250
v 0.211954 -0.034290 0.146539 0.9290 0.6940 0.1250
v -0.367808 0.744103 -0.179136 0.9290 0.6940 0.1250
v 0.292616 -0.200656 0.249383 0.9290 0.6940 0.1250
v 0.322864 0.026207 0.020504 0.9290 0.6940 0.1250
v -0.139936 0.157284 0.198969 0.9290 0.6940 0.1250
v -0.176235 0.381122 0.021512 0.9290 0.6940 0.1250
v 0.200862 0.391205 -0.230558 0.9290 0.6940 0.1250
v 0.057687 0.203665 0.030587 0.9290 0.6940 0.1250
v 0.279508 0.250046 -0.147879 0.9290 0.6940 0.1250
v 0.843137 -0.080671 -0.218459 0.9290 0.6940 0.1250
v 0.708028 -0.231913 0.009413 0.9290 0.6940 0.1250
v 0.626357 0.034273 -0.180144 0.9290 0.6940 0.1250
v 0.552752 -0.330724 0.195945 0.9290 0.6940 0.1250
v 0.492256 -0.111927 0.037644 0.9290 0.6940 0.1250
v 0.676771 -0.337782 0.125365 0.9290 0.6940 0.1250
v 0.449908 -0.209730 0.146539 0.9290 0.6940 0.1250
v -0.000794 0.319617 -0.027894 0.9290 0.6940 0.1250
v -0.221607 0.263153 0.155613 0.9290 0.6940 0.1250
v 0.407560 0.216772 -0.208376 0.9290 0.6940 0.1250
v 0.198846 0.195598 -0.052093 0.9290 0.6940 0.1250
v 0.644506 -0.130076 -0.047051 0.9290 0.6940 0.1250
v 0.509396 0.079646 -0.142838 0.9290 0.6940 0.1250
v -0.027009 0.156275 0.132423 0.9290 0.6940 0.1250
v 0.435792 0.030240 -0.050076 0.9290 0.6940 0.1250
v 0.820955 -0.244012 -0.051084 0.9290 0.6940 0.1250
v -0.172201 0.603952 -0.175103 0.9290 0.6940 0.1250
v -0.457545 0.391205 0.190903 0.9290 0.6940 0.1250
v -0.558373 0.700747 -0.024869 0.9290 0.6940 0.1250
v -0.415197 0.281302 0.269549 0.9290 0.6940 0.1250
v 0.717102 -0.044372 -0.171070 0.9290 0.6940 0.1250
v 0.639465 0.125019 -0.270889 0.9290 0.6940 0.1250
v 0.103059 0.055447 0.134439 0.9290 0.6940 0.1250
v -0.112713 0.061497 0.271566 0.9290 0.6940 0.1250
v -0.348651 0.818716 -0.261815 0.9290 0.6940 0.1250
v -0.085489 0.389188 -0.053101 0.9290 0.6940 0.1250
v -0.051208 0.507157 -0.170061 0.9290 0.6940 0.1250
v -0.420239 0.539422 0.027562 0.9290 0.6940 0.1250
v 0.121208 -0.035298 0.207036 0.9290 0.6940 0.1250
v -0.387974 0.667474 -0.101498 0.9290 0.6940 0.1250
v 0.104067 0.420445 -0.193252 0.9290 0.6940 0.1250
v -0.289162 0.408346 0.065876 0.9290 0.6940 0.1250
v 0.273459 0.110903 -0.020836 0.9290 0.6940 0.1250
v 0.271442 -0.116969 0.187878 0.9290 0.6940 0.1250
v 0.408568 -0.036306 0.025545 0.9290 0.6940 0.1250
v -0.242781 0.532364 -0.065200 0.9290 0.6940 0.1250
v -0.381924 0.460776 0.079992 0.9290 0.6940 0.1250
v -0.576522 0.533372 0.139481 0.9290 0.6940 0.1250
v -0.320419 0.273236 0.206027 0.9290 0.6940 0.1250
v -0.547282 0.448677 0.200986 0.9290 0.6940 0.1250
v -0.523083 0.605969 0.041678 0.9290 0.6940 0.1250
v -0.227657 0.338774 0.094108 0.9290 0.6940 0.1250
v -0.367808 0.591853 -0.047051 0.9290 0.6940 0.1250
v 0.109109 0.249037 -0.042010 0.9290 0.6940 0.1250
v 0.391428 -0.231913 0.217118 0.9290 0.6940 0.1250
v 0.438817 0.141151 -0.149896 0.9290 0.6940 0.1250
v 0.596109 -0.172424 0.020504 0.9290 0.6940 0.1250
v 0.232119 0.030240 0.074951 0.9290 0.6940 0.1250
v 0.924808 -0.153267 -0.198293 0.9290 0.6940 0.1250
v 0.258334 0.324658 -0.207368 0.9290 0.6940 0.1250
v 0.090960 0.133085 0.076967 0.9290 0.6940 0.1250
v 0.642489 -0.046389 -0.119647 0.9290 0.6940 0.1250
v 0.568885 0.103845 -0.206359 0.9290 0.6940 0.1250
v -0.131870 0.221814 0.134439 0.9290 0.6940 0.1250
v -0.095572 0.331716 0.014454 0.9290 0.6940 0.1250
v -0.203458 0.464809 -0.023861 0.9290 0.6940 0.1250
v 0.345047 -0.167383 0.178804 0.9290 0.6940 0.1250
v -0.464603 0.706797 -0.083349 0.9290 0.6940 0.1250
v 0.013322 0.564629 -0.263831 0.9290 0.6940 0.1250
v 0.477131 0.239963 -0.268873 0.9290 0.6940 0.1250
v 0.288583 -0.048406 0.106208 0.9290 0.6940 0.1250
v -0.439396 0.808633 -0.188210 0.9290 0.6940 0.1250
v 0.061720 0.354907 -0.107548 0.9290 0.6940 0.1250
v -0.120779 0.659408 -0.262823 0.9290 0.6940 0.1250
v -0.066332 0.103845 0.203003 0.9290 0.6940 0.1250
v 0.029455 0.480942 -0.195268 0.9290 0.6940 0.1250
v 0.659630 -0.270227 0.074951 0.9290 0.6940 0.1250
v 0.479148 -0.287368 0.205019 0.9290 0.6940 0.1250
v -0.283112 0.676548 -0.172078 0.9290 0.6940 0.1250
v -0.282104 0.765277 -0.261815 0.9290 0.6940 0.1250
v 0.193804 -0.091762 0.207036 0.9290 0.6940 0.1250
v 0.162548 0.455735 -0.265848 0.9290 0.6940 0.1250
v 0.344038 0.196607 -0.141830 0.9290 0.6940 0.1250
v -0.161110 0.290377 0.093100 0.9290 0.6940 0.1250
v 0.789698 -0.019165 -0.228542 0.9290 0.6940 0.1250
v 0.199854 0.257104 -0.107548 0.9290 0.6940 0.1250
v -0.395032 0.336758 0.199978 0.9290 0.6940 0.1250
v 0.572918 -0.104869 -0.016803 0.9290 0.6940 0.1250
v -0.214549 0.180474 0.224176 0.9290 0.6940 0.1250
v 0.343030 -0.269219 0.272574 0.9290 0.6940 0.1250
v 0.831038 -0.149234 -0.144854 0.9290 0.6940 0.1250
v 0.288583 0.164342 -0.078308 0.9290 0.6940 0.1250
v -0.529133 0.384147 0.249383 0.9290 0.6940 0.1250
v 0.451924 -0.148225 0.095116 0.9290 0.6940 0.1250
v 0.032480 0.104853 0.137464 0.9290 0.6940 0.1250
v 0.866328 -0.031265 -0.274923 0.9290 0.6940 0.1250
v 0.131291 0.164342 0.017479 0.9290 0.6940 0.1250
v 0.521496 -0.176457 0.070918 0.9290 0.6940 0.1250
v -0.007852 0.246012 0.031595 0.9290 0.6940 0.1250
v 0.566868 0.025199 -0.130738 0.9290 0.6940 0.1250
v -0.109688 0.558580 -0.179136 0.9290 0.6940 0.1250
v 0.268417 0.378097 -0.265848 0.9290 0.6940 0.1250
v 0.348071 0.076621 -0.044026 0.9290 0.6940 0.1250
v 0.477131 -0.048406 -0.006720 0.9290 0.6940 0.1250
v 0.706011 -0.175449 -0.043018 0.9290 0.6940 0.1250
v 0.179689 0.338774 -0.165020 0.9290 0.6940 0.1250
v 0.609216 -0.307534 0.139481 0.9290 0.6940 0.1250
v 0.836079 -0.303501 -0.007728 0.9290 0.6940 0.1250
v 0.697945 -0.106886 -0.098473 0.9290 0.6940 0.1250
v 0.402519 0.283319 -0.257782 0.9290 0.6940 0.1250
v 0.344038 0.253070 -0.192244 0.9290 0.6940 0.1250
v 0.703995 0.016124 -0.212409 0.9290 0.6940 0.1250
v 0.221028 -0.149234 0.245350 0.9290 0.6940 0.1250
v -0.473677 0.335749 0.257450 0.9290 0.6940 0.1250
v 0.723152 -0.295434 0.046719 0.9290 0.6940 0.1250
v -0.432338 0.444644 0.131415 0.9290 0.6940 0.1250
v 0.474107 0.179466 -0.211401 0.9290 0.6940 0.1250
v 0.496289 0.024191 -0.090407 0.9290 0.6940 0.1250
v 0.441842 0.079646 -0.102507 0.9290 0.6940 0.1250
v -0.062299 0.459768 -0.116622 0.9290 0.6940 0.1250
v 0.057687 0.006042 0.211069 0.9290 0.6940 0.1250
v -0.284121 0.312559 0.155613 0.9290 0.6940 0.1250
v -0.452504 0.759227 -0.137796 0.9290 0.6940 0.1250
v -0.186317 0.542447 -0.115614 0.9290 0.6940 0.1250
v -0.007852 0.372048 -0.076291 0.9290 0.6940 0.1250
v 0.773566 -0.095795 -0.154937 0.9290 0.6940 0.1250
v 0.917750 -0.085712 -0.262823 0.9290 0.6940 0.1250
v 0.148432 -0.000008 0.152588 0.9290 0.6940 0.1250
v 0.677779 0.070572 -0.248707 0.9290 0.6940 0.1250
v -0.519050 0.551522 0.087050 0.9290 0.6940 0.1250
v -0.234715 0.419437 0.023529 0.9290 0.6940 0.1250
v 0.170614 0.044356 0.103183 0.9290 0.6940 0.1250
v -0.041125 0.209714 0.092092 0.9290 0.6940 0.1250
v 0.520487 -0.238971 0.126373 0.9290 0.6940 0.1250
v -0.177243 0.656383 -0.223500 0.9290 0.6940 0.1250
v 0.813897 -0.191581 -0.093432 0.9290 0.6940 0.1250
v 0.423693 -0.093778 0.067893 0.9290 0.6940 0.1250
v 0.201871 0.146193 -0.007728 0.9290 0.6940 0.1250
v 0.030463 0.155267 0.093100 0.9290 0.6940 0.1250
v -0.089522 0.174425 0.153597 0.9290 0.6940 0.1250
v 0.352105 -0.030256 0.059827 0.9290 0.6940 0.1250
v 0.732226 -0.371055 0.111249 0.9290 0.6940 0.1250
v 0.764491 -0.265186 0.002355 0.9290 0.6940 0.1250
v -0.580555 0.662432 0.023529 0.9290 0.6940 0.1250
v -0.301261 0.570679 -0.067217 0.9290 0.6940 0.1250
v 0.056678 0.314576 -0.056126 0.9290 0.6940 0.1250
v 0.110117 -0.078654 0.257450 0.9290 0.6940 0.1250
v 0.885485 -0.244012 -0.081333 0.9290 0.6940 0.1250
v -0.237740 0.632184 -0.164012 0.9290 0.6940 0.1250
v -0.341593 0.693689 -0.149896 0.9290 0.6940 0.1250
v -0.504934 0.667474 -0.032935 0.9290 0.6940 0.1250
v -0.123804 0.438594 -0.064192 0.9290 0.6940 0.1250
v 0.124233 0.367006 -0.154937 0.9290 0.6940 0.1250
v -0.467628 0.581770 0.024537 0.9290 0.6940 0.1250
v 0.658622 -0.183515 -0.002687 0.9290 0.6940 0.1250
v 0.608208 -0.066555 -0.071250 0.9290 0.6940 0.1250
v -0.492835 0.816699 -0.156954 0.9290 0.6940 0.1250
v 0.224053 0.296426 -0.154937 0.9290 0.6940 0.1250
v -0.180268 0.215764 0.172754 0.9290 0.6940 0.1250
v -0.351675 0.406329 0.111249 0.9290 0.6940 0.1250
v -0.178251 0.121994 0.257450 0.9290 0.6940 0.1250
v -0.589630 0.492033 0.181829 0.9290 0.6940 0.1250
v -0.496868 0.448677 0.167713 0.9290 0.6940 0.1250
v -0.579547 0.580762 0.102174 0.9290 0.6940 0.1250
v -0.321427 0.755194 -0.217451 0.9290 0.6940 0.1250
v -0.051208 0.286344 0.024537 0.9290 0.6940 0.1250
v -0.342601 0.540430 -0.015794 0.9290 0.6940 0.1250
v -0.536191 0.491025 0.149564 0.9290 0.6940 0.1250
v -0.431330 0.493041 0.086042 0.9290 0.6940 0.1250
v -0.535183 0.737045 -0.065200 0.9290 0.6940 0.1250
v 0.259343 -0.068571 0.153597 0.9290 0.6940 0.1250
v -0.124812 0.378097 -0.010753 0.9290 0.6940 0.1250
v 0.245227 0.219797 -0.104523 0.9290 0.6940 0.1250
v 0.550736 -0.287368 0.156622 0.9290 0.6940 0.1250
v 0.751384 -0.211747 -0.035960 0.9290 0.6940 0.1250
v 0.405543 -0.153267 0.130406 0.9290 0.6940 0.1250
v -0.104647 0.513207 -0.142838 0.9290 0.6940 0.1250
v 0.272450 0.053431 0.030587 0.9290 0.6940 0.1250
v -0.252864 0.240971 0.198969 0.9290 0.6940 0.1250
v -0.012893 0.527323 -0.208376 0.9290 0.6940 0.1250
v -0.232698 0.576729 -0.112589 0.9290 0.6940 0.1250
v -0.400073 0.833840 -0.240641 0.9290 0.6940 0.1250
v 0.320848 0.300460 -0.215434 0.9290 0.6940 0.1250
v 0.036513 0.256095 -0.003695 0.9290 0.6940 0.1250
v 0.322864 -0.118985 0.146539 0.9290 0.6940 0.1250
v -0.118763 0.615043 -0.226525 0.9290 0.6940 0.1250
v -0.408139 0.723938 -0.131747 0.9290 0.6940 0.1250
v 0.632407 -0.226871 0.050752 0.9290 0.6940 0.1250
v -0.011885 0.097795 0.171746 0.9290 0.6940 0.1250
v -0.164135 0.335749 0.052769 0.9290 0.6940 0.1250
v -0.408139 0.630167 -0.056126 0.9290 0.6940 0.1250
v -0.420239 0.587820 -0.009745 0.9290 0.6940 0.1250
v -0.168168 0.421453 -0.016803 0.9290 0.6940 0.1250
v -0.358733 0.265170 0.246359 0.9290 0.6940 0.1250
v 0.007273 0.005033 0.236276 0.9290 0.6940 0.1250
v 0.498305 0.135102 -0.188210 0.9290 0.6940 0.1250
v -0.327477 0.447669 0.057810 0.9290 0.6940 0.1250
v 0.370254 0.027216 -0.007728 0.9290 0.6940 0.1250
v -0.267988 0.710830 -0.215434 0.9290 0.6940 0.1250
v 0.276484 -0.002025 0.069909 0.9290 0.6940 0.1250
v 0.889518 -0.114952 -0.215434 0.9290 0.6940 0.1250
v 0.663663 -0.005049 -0.172078 0.9290 0.6940 0.1250
v -0.055241 0.052423 0.247367 0.9290 0.6940 0.1250
v 0.003239 0.201648 0.061843 0.9290 0.6940 0.1250
v -0.041125 0.354907 -0.036968 0.9290 0.6940 0.1250
v 0.147424 0.264162 -0.077300 0.9290 0.6940 0.1250
v -0.395032 0.402296 0.143514 0.9290 0.6940 0.1250
v 0.418651 -0.277285 0.227201 0.9290 0.6940 0.1250
v -0.270005 0.506149 -0.026886 0.9290 0.6940 0.1250
v -0.344617 0.317600 0.187878 0.9290 0.6940 0.1250
v 0.528554 -0.354923 0.237284 0.9290 0.6940 0.1250
v 0.623332 0.093762 -0.230558 0.9290 0.6940 0.1250
v 0.121208 0.454727 -0.230558 0.9290 0.6940 0.1250
v 0.524521 -0.069579 -0.018819 0.9290 0.6940 0.1250
v -0.355709 0.489008 0.036636 0.9290 0.6940 0.1250
v 0.479148 -0.250062 0.164688 0.9290 0.6940 0.1250
v -0.273030 0.460776 0.017479 0.9290 0.6940 0.1250
v 0.580984 0.151234 -0.255765 0.9290 0.6940 0.1250
v -0.276054 0.346841 0.116290 0.9290 0.6940 0.1250
v 0.162548 0.383139 -0.195268 0.9290 0.6940 0.1250
v 0.597117 -0.022190 -0.108556 0.9290 0.6940 0.1250
v 0.491247 -0.198639 0.110241 0.9290 0.6940 0.1250
v 0.046595 0.064522 0.167713 0.9290 0.6940 0.1250
v 0.071803 0.391205 -0.143846 0.9290 0.6940 0.1250
v -0.472669 0.545472 0.063860 0.9290 0.6940 0.1250
v 0.146415 0.213747 -0.034952 0.9290 0.6940 0.1250
v -0.153044 0.562613 -0.150904 0.9290 0.6940 0.1250
v 0.282533 -0.160325 0.219135 0.9290 0.6940 0.1250
v -0.469644 0.848964 -0.206359 0.9290 0.6940 0.1250
v -0.344617 0.622101 -0.081333 0.9290 0.6940 0.1250
v 0.311773 0.069563 -0.008736 0.9290 0.6940 0.1250
v 0.624340 -0.350890 0.161663 0.9290 0.6940 0.1250
v 0.770541 -0.050422 -0.193252 0.9290 0.6940 0.1250
v 0.324881 0.123002 -0.063184 0.9290 0.6940 0.1250
v 0.858262 -0.208722 -0.110573 0.9290 0.6940 0.1250
v 0.388403 0.183499 -0.161995 0.9290 0.6940 0.1250
v 0.078860 -0.038323 0.234259 0.9290 0.6940 0.1250
v 0.439825 -0.016141 -0.016803 0.9290 0.6940 0.1250
v 0.792723 -0.302492 0.020504 0.9290 0.6940 0.1250
v 0.104067 0.290377 -0.076291 0.9290 0.6940 0.1250
v 0.396469 -0.200656 0.178804 0.9290 0.6940 0.1250
v -0.303278 0.236938 0.235268 0.9290 0.6940 0.1250
v 0.475115 -0.000008 -0.051084 0.9290 0.6940 0.1250
v 0.687862 -0.309550 0.085034 0.9290 0.6940 0.1250
v 0.768525 0.016124 -0.257782 0.9290 0.6940 0.1250
v 0.753400 -0.331732 0.061843 0.9290 0.6940 0.1250
v 0.225061 0.070572 0.047727 0.9290 0.6940 0.1250
v 0.867336 -0.285352 -0.041001 0.9290 0.6940 0.1250
v 0.857253 -0.131085 -0.182161 0.9290 0.6940 0.1250
v 0.041554 0.527323 -0.249716 0.9290 0.6940 0.1250
v -0.089522 0.223830 0.110241 0.9290 0.6940 0.1250
v 0.158515 0.423470 -0.227533 0.9290 0.6940 0.1250
v 0.686854 -0.062521 -0.131747 0.9290 0.6940 0.1250
v -0.436371 0.336758 0.226193 0.9290 0.6940 0.1250
v 0.590059 -0.370047 0.207036 0.9290 0.6940 0.1250
v 0.247243 -0.020174 0.116290 0.9290 0.6940 0.1250
v 0.550736 0.078638 -0.169053 0.9290 0.6940 0.1250
v 0.109109 0.204673 0.002355 0.9290 0.6940 0.1250
v 0.347063 -0.212755 0.218127 0.9290 0.6940 0.1250
v 0.454949 -0.072604 0.028570 0.9290 0.6940 0.1250
v -0.250847 0.377089 0.076967 0.9290 0.6940 0.1250
v -0.384949 0.780401 -0.205351 0.9290 0.6940 0.1250
v -0.188334 0.493041 -0.059150 0.9290 0.6940 0.1250
v 0.244219 0.170391 -0.062175 0.9290 0.6940 0.1250
v 0.289591 0.334741 -0.241649 0.9290 0.6940 0.1250
v 0.533595 -0.126043 0.019495 0.9290 0.6940 0.1250
v -0.165143 0.686631 -0.257782 0.9290 0.6940 0.1250
v 0.294633 0.276261 -0.184177 0.9290 0.6940 0.1250
v 0.450916 0.214756 -0.232575 0.9290 0.6940 0.1250
v 0.879435 -0.185532 -0.145863 0.9290 0.6940 0.1250
v -0.520058 0.646300 0.006388 0.9290 0.6940 0.1250
v 0.163556 -0.049414 0.191911 0.9290 0.6940 0.1250
v 0.459991 -0.323666 0.243334 0.9290 0.6940 0.1250
v -0.056249 0.544464 -0.198293 0.9290 0.6940 0.1250
v 0.739284 -0.108902 -0.123680 0.9290 0.6940 0.1250
v -0.012893 0.480942 -0.163003 0.9290 0.6940 0.1250
v -0.570472 0.627143 0.052769 0.9290 0.6940 0.1250
v -0.620886 0.569671 0.131415 0.9290 0.6940 0.1250
v 0.213970 0.353898 -0.205351 0.9290 0.6940 0.1250
v 0.144399 0.082671 0.084025 0.9290 0.6940 0.1250
v 0.939932 -0.117977 -0.237616 0.9290 0.6940 0.1250
v 0.199854 0.009066 0.111249 0.9290 0.6940 0.1250
v 0.407560 0.110903 -0.104523 0.9290 0.6940 0.1250
v 0.610224 -0.141167 -0.010753 0.9290 0.6940 0.1250
v 0.385378 -0.062521 0.061843 0.9290 0.6940 0.1250
v 0.093985 0.172408 0.043694 0.9290 0.6940 0.1250
v 0.047604 0.426495 -0.164012 0.9290 0.6940 0.1250
v 0.654589 -0.094786 -0.088391 0.9290 0.6940 0.1250
v -0.039108 0.423470 -0.100490 0.9290 0.6940 0.1250
v 0.428734 -0.240987 0.191911 0.9290 0.6940 0.1250
v -0.215558 0.656383 -0.198293 0.9290 0.6940 0.1250
v -0.440404 0.671507 -0.067217 0.9290 0.6940 0.1250
v -0.395032 0.302476 0.230226 0.9290 0.6940 0.1250
v 0.586026 -0.199648 0.055794 0.9290 0.6940 0.1250
v -0.379907 0.365998 0.166704 0.9290 0.6940 0.1250
v -0.301261 0.382130 0.101166 0.9290 0.6940 0.1250
v -0.324452 0.658399 -0.126705 0.9290 0.6940 0.1250
v -0.514009 0.408346 0.214094 0.9290 0.6940 0.1250
v 0.090960 0.012091 0.180820 0.9290 0.6940 0.1250
v -0.502918 0.705789 -0.059150 0.9290 0.6940 0.1250
v 0.346055 -0.067563 0.089067 0.9290 0.6940 0.1250
v -0.130862 0.305501 0.057810 0.9290 0.6940 0.1250
v -0.210516 0.299451 0.108224 0.9290 0.6940 0.1250
v 0.537628 0.135102 -0.215434 0.9290 0.6940 0.1250
v -0.576522 0.427503 0.242325 0.9290 0.6940 0.1250
v 0.508388 -0.034290 -0.043018 0.9290 0.6940 0.1250
v -0.237740 0.741078 -0.262823 0.9290 0.6940 0.1250
v -0.415197 0.773343 -0.173086 0.9290 0.6940 0.1250
v -0.055241 0.321634 -0.002687 0.9290 0.6940 0.1250
v 0.535612 0.005033 -0.099482 0.9290 0.6940 0.1250
v 0.805831 -0.080671 -0.194260 0.9290 0.6940 0.1250
v 0.370254 -0.012107 0.023529 0.9290 0.6940 0.1250
v 0.324881 0.170391 -0.111581 0.9290 0.6940 0.1250
v 0.827005 -0.020174 -0.257782 0.9290 0.6940 0.1250
v -0.200433 0.584795 -0.146871 0.9290 0.6940 0.1250
v 0.471082 0.110903 -0.148887 0.9290 0.6940 0.1250
v 0.591067 -0.271236 0.113266 0.9290 0.6940 0.1250
v 0.066761 0.457751 -0.200310 0.9290 0.6940 0.1250
v 0.877419 -0.074621 -0.245682 0.9290 0.6940 0.1250
v 0.776591 -0.197631 -0.069233 0.9290 0.6940 0.1250
v 0.388403 0.074605 -0.061167 0.9290 0.6940 0.1250
v 0.316815 0.226855 -0.157962 0.9290 0.6940 0.1250
v -0.482752 0.741078 -0.103515 0.9290 0.6940 0.1250
v 0.151457 -0.096803 0.241317 0.9290 0.6940 0.1250
v 0.672738 -0.239979 0.040669 0.9290 0.6940 0.1250
v 0.367229 -0.135118 0.140489 0.9290 0.6940 0.1250
v -0.326468 0.719904 -0.181152 0.9290 0.6940 0.1250
v -0.379907 0.541439 0.006388 0.9290 0.6940 0.1250
v 0.359163 0.294410 -0.240641 0.9290 0.6940 0.1250
v 0.236152 -0.126043 0.211069 0.9290 0.6940 0.1250
v 0.791715 -0.132093 -0.132755 0.9290 0.6940 0.1250
v 0.384370 0.250046 -0.222492 0.9290 0.6940 0.1250
v 0.225061 -0.080671 0.179812 0.9290 0.6940 0.1250
v 0.058695 0.117961 0.106208 0.9290 0.6940 0.1250
v 0.305724 -0.142176 0.183845 0.9290 0.6940 0.1250
v -0.046166 0.123002 0.170738 0.9290 0.6940 0.1250
v 0.802806 -0.272244 -0.014786 0.9290 0.6940 0.1250
v 0.426717 0.249037 -0.238624 0.9290 0.6940 0.1250
v 0.157506 0.132077 0.025545 0.9290 0.6940 0.1250
v -0.034067 0.560596 -0.230558 0.9290 0.6940 0.1250
v 0.185738 -0.126043 0.243334 0.9290 0.6940 0.1250
v -0.316386 0.792501 -0.254757 0.9290 0.6940 0.1250
v 0.182713 0.229880 -0.080324 0.9290 0.6940 0.1250
v -0.118763 0.258112 0.092092 0.9290 0.6940 0.1250
v 0.592075 0.072588 -0.190227 0.9290 0.6940 0.1250
v 0.366221 0.163333 -0.122672 0.9290 0.6940 0.1250
v 0.249260 0.362973 -0.231567 0.9290 0.6940 0.1250
v 0.168597 0.181482 -0.019828 0.9290 0.6940 0.1250
v 0.069786 -0.069579 0.264508 0.9290 0.6940 0.1250
v 0.240185 0.252062 -0.133763 0.9290 0.6940 0.1250
v 0.552752 -0.203681 0.082009 0.9290 0.6940 0.1250
v 0.725168 -0.142176 -0.085366 0.9290 0.6940 0.1250
v -0.105655 0.457751 -0.096457 0.9290 0.6940 0.1250
v 0.033488 0.292393 -0.029910 0.9290 0.6940 0.1250
v 0.825997 -0.332741 0.021512 0.9290 0.6940 0.1250
v -0.424272 0.367006 0.192920 0.9290 0.6940 0.1250
v 0.318831 -0.007066 0.052769 0.9290 0.6940 0.1250
v 0.111125 0.089729 0.107216 0.9290 0.6940 0.1250
v 0.663663 0.028224 -0.196277 0.9290 0.6940 0.1250
v 0.027438 0.376081 -0.099482 0.9290 0.6940 0.1250
v 0.229094 0.115944 -0.002687 0.9290 0.6940 0.1250
v 0.559810 -0.157300 0.031595 0.9290 0.6940 0.1250
v -0.462586 0.426495 0.166704 0.9290 0.6940 0.1250
v 0.366221 -0.254095 0.240309 0.9290 0.6940 0.1250
v -0.386965 0.515223 0.036636 0.9290 0.6940 0.1250
v 0.691895 -0.142176 -0.062175 0.9290 0.6940 0.1250
v 0.400502 0.146193 -0.137796 0.9290 0.6940 0.1250
v -0.220599 0.216772 0.195945 0.9290 0.6940 0.1250
v -0.551315 0.549505 0.111249 0.9290 0.6940 0.1250
v -0.134895 0.344824 0.026553 0.9290 0.6940 0.1250
v -0.198417 0.356923 0.052769 0.9290 0.6940 0.1250
v -0.334535 0.218789 0.267532 0.9290 0.6940 0.1250
v 0.072811 0.254079 -0.020836 0.9290 0.6940 0.1250
v 0.723152 0.034273 -0.242658 0.9290 0.6940 0.1250
v -0.631978 0.611010 0.105199 0.9290 0.6940 0.1250
v 0.101043 0.323650 -0.098473 0.9290 0.6940 0.1250
v 0.002231 0.276261 0.001346 0.9290 0.6940 0.1250
v 0.057687 0.496066 -0.230558 0.9290 0.6940 0.1250
v 0.522504 -0.305517 0.188887 0.9290 0.6940 0.1250
v 0.227078 0.404313 -0.257782 0.9290 0.6940 0.1250
v 0.029455 0.231897 0.028570 0.9290 0.6940 0.1250
v 0.622324 -0.259136 0.084025 0.9290 0.6940 0.1250
v -0.289162 0.282311 0.182837 0.9290 0.6940 0.1250
v -0.165143 0.461785 -0.050076 0.9290 0.6940 0.1250
v 0.005256 0.133085 0.128390 0.9290 0.6940 0.1250
v 0.611233 -0.108902 -0.041001 0.9290 0.6940 0.1250
v 0.128266 0.480942 -0.259798 0.9290 0.6940 0.1250
v 0.499314 -0.085712 0.008404 0.9290 0.6940 0.1250
v -0.432338 0.835857 -0.216442 0.9290 0.6940 0.1250
v 0.737268 -0.021182 -0.196277 0.9290 0.6940 0.1250
v 0.509396 0.216772 -0.269881 0.9290 0.6940 0.1250
v -0.243789 0.610002 -0.131747 0.9290 0.6940 0.1250
v -0.176235 0.267186 0.121332 0.9290 0.6940 0.1250
v -0.142961 0.520265 -0.121664 0.9290 0.6940 0.1250
v 0.604175 0.016124 -0.152921 0.9290 0.6940 0.1250
v 0.403527 0.009066 -0.018819 0.9290 0.6940 0.1250
v 0.588042 -0.339799 0.180820 0.9290 0.6940 0.1250
v 0.096001 0.355915 -0.129730 0.9290 0.6940 0.1250
v -0.539216 0.583787 0.069909 0.9290 0.6940 0.1250
v 0.020380 0.454727 -0.160987 0.9290 0.6940 0.1250
v 0.499314 0.188540 -0.240641 0.9290 0.6940 0.1250
v -0.019951 0.033265 0.235268 0.9290 0.6940 0.1250
v 0.531579 0.040323 -0.122672 0.9290 0.6940 0.1250
v 0.256318 0.139135 -0.042010 0.9290 0.6940 0.1250
v 0.723152 -0.336774 0.086042 0.9290 0.6940 0.1250
v -0.032050 0.067547 0.214094 0.9290 0.6940 0.1250
v 0.512421 -0.142176 0.054785 0.9290 0.6940 0.1250
v 0.194813 0.434561 -0.270889 0.9290 0.6940 0.1250
v 0.165573 0.283319 -0.109565 0.9290 0.6940 0.1250
v 0.076844 0.280294 -0.049068 0.9290 0.6940 0.1250
v -0.214549 0.389188 0.038653 0.9290 0.6940 0.1250
v -0.485777 0.383139 0.222160 0.9290 0.6940 0.1250
v -0.563414 0.391205 0.265516 0.9290 0.6940 0.1250
v 0.397477 -0.122010 0.104191 0.9290 0.6940 0.1250
v -0.210516 0.522281 -0.093432 0.9290 0.6940 0.1250
v -0.523083 0.348857 0.269549 0.9290 0.6940 0.1250
v 0.714077 -0.207714 -0.019828 0.9290 0.6940 0.1250
v -0.354700 0.794517 -0.232575 0.9290 0.6940 0.1250
v 0.318831 -0.177465 0.205019 0.9290 0.6940 0.1250
v 0.578968 0.049398 -0.157962 0.9290 0.6940 0.1250
v 0.920775 -0.194606 -0.161995 0.9290 0.6940 0.1250
v 0.469065 -0.129068 0.066885 0.9290 0.6940 0.1250
v -0.467628 0.455735 0.140489 0.9290 0.6940 0.1250
v -0.016926 0.586811 -0.257782 0.9290 0.6940 0.1250
v 0.515446 0.101828 -0.173086 0.9290 0.6940 0.1250
v 0.814905 -0.047397 -0.230558 0.9290 0.6940 0.1250
v -0.133887 0.180474 0.169729 0.9290 0.6940 0.1250
v 0.431759 0.168375 -0.175103 0.9290 0.6940 0.1250
v 0.255310 0.295418 -0.176111 0.9290 0.6940 0.1250
v 0.460999 0.040323 -0.076291 0.9290 0.6940 0.1250
v 0.050629 0.177449 0.056802 0.9290 0.6940 0.1250
v 0.578968 -0.080671 -0.045035 0.9290 0.6940 0.1250
v 0.246235 0.085696 0.020504 0.9290 0.6940 0.1250
v 0.486206 -0.221830 0.139481 0.9290 0.6940 0.1250
v 0.720127 -0.264178 0.024537 0.9290 0.6940 0.1250
v 0.123225 0.135102 0.040669 0.9290 0.6940 0.1250
v 0.309757 -0.030256 0.081001 0.9290 0.6940 0.1250
v 0.597117 0.121994 -0.238624 0.9290 0.6940 0.1250
v 0.413610 -0.184523 0.149564 0.9290 0.6940 0.1250
v 0.699961 -0.014124 -0.185186 0.9290 0.6940 0.1250
v 0.799781 -0.161333 -0.110573 0.9290 0.6940 0.1250
v 0.130283 0.032257 0.146539 0.9290 0.6940 0.1250
v 0.324881 -0.087729 0.126373 0.9290 0.6940 0.1250
v -0.051208 0.386163 -0.067217 0.9290 0.6940 0.1250
v -0.191359 0.150226 0.237284 0.9290 0.6940 0.1250
v 0.444866 -0.173432 0.121332 0.9290 0.6940 0.1250
v -0.186317 0.192574 0.200986 0.9290 0.6940 0.1250
v -0.254880 0.682598 -0.195268 0.9290 0.6940 0.1250
v -0.030034 0.458760 -0.138805 0.9290 0.6940 0.1250
v 0.453941 -0.348873 0.270557 0.9290 0.6940 0.1250
v 0.062728 0.224839 -0.000670 0.9290 0.6940 0.1250
v -0.607779 0.653358 0.046719 0.9290 0.6940 0.1250
v -0.076415 0.490016 -0.137796 0.9290 0.6940 0.1250
v 0.668705 -0.033281 -0.148887 0.9290 0.6940 0.1250
v 0.654589 -0.298459 0.098141 0.9290 0.6940 0.1250
v -0.373858 0.566646 -0.020836 0.9290 0.6940 0.1250
v 0.976230 -0.138143 -0.243666 0.9290 0.6940 0.1250
v 0.802806 0.007050 -0.267865 0.9290 0.6940 0.1250
v 0.141374 0.333733 -0.136788 0.9290 0.6940 0.1250
v -0.258914 0.214756 0.224176 0.9290 0.6940 0.1250
v -0.336551 0.566646 -0.041001 0.9290 0.6940 0.1250
v 0.294633 0.190557 -0.105531 0.9290 0.6940 0.1250
v -0.077423 0.348857 -0.013778 0.9290 0.6940 0.1250
v 0.690887 -0.370047 0.137464 0.9290 0.6940 0.1250
v 0.743318 -0.183515 -0.062175 0.9290 0.6940 0.1250
v 0.671730 -0.220822 0.009413 0.9290 0.6940 0.1250
v -0.489810 0.610002 0.017479 0.9290 0.6940 0.1250
v 0.077852 0.081663 0.130406 0.9290 0.6940 0.1250
v -0.405114 0.447669 0.107216 0.9290 0.6940 0.1250
v -0.276054 0.742087 -0.232575 0.9290 0.6940 0.1250
v 0.002231 0.178458 0.094108 0.9290 0.6940 0.1250
v 0.513430 -0.261153 0.158638 0.9290 0.6940 0.1250
v 0.485198 0.054439 -0.107548 0.9290 0.6940 0.1250
v -0.424272 0.516232 0.058818 0.9290 0.6940 0.1250
v -0.309328 0.599919 -0.087382 0.9290 0.6940 0.1250
v 0.386386 0.048389 -0.035960 0.9290 0.6940 0.1250
v 0.422684 -0.064538 0.043694 0.9290 0.6940 0.1250
v 0.637448 -0.006058 -0.146871 0.9290 0.6940 0.1250
v -0.380916 0.693689 -0.125697 0.9290 0.6940 0.1250
v -0.061291 0.194590 0.118307 0.9290 0.6940 0.1250
v 0.025422 0.331716 -0.063184 0.9290 0.6940 0.1250
v 0.668705 0.103845 -0.266856 0.9290 0.6940 0.1250
v -0.534174 0.676548 -0.012770 0.9290 0.6940 0.1250
v 0.326898 -0.224855 0.250392 0.9290 0.6940 0.1250
v 0.286566 0.220805 -0.127714 0.9290 0.6940 0.1250
v -0.048183 0.238954 0.071926 0.9290 0.6940 0.1250
v -0.583580 0.465818 0.206027 0.9290 0.6940 0.1250
v 0.624340 -0.196623 0.032603 0.9290 0.6940 0.1250
v 0.351096 0.223830 -0.169053 0.9290 0.6940 0.1250
v 0.130283 0.391205 -0.181152 0.9290 0.6940 0.1250
v 0.230103 0.320625 -0.185186 0.9290 0.6940 0.1250
v 0.290599 -0.084704 0.145531 0.9290 0.6940 0.1250
v -0.529133 0.463801 0.172754 0.9290 0.6940 0.1250
v -0.294203 0.542447 -0.046043 0.9290 0.6940 0.1250
v -0.151028 0.633192 -0.215434 0.9290 0.6940 0.1250
v -0.074398 0.077630 0.226193 0.9290 0.6940 0.1250
v -0.314369 0.331716 0.153597 0.9290 0.6940 0.1250
v 0.684837 0.043348 -0.226525 0.9290 0.6940 0.1250
v 0.317823 0.094770 -0.037977 0.9290 0.6940 0.1250
v -0.174218 0.240971 0.145531 0.9290 0.6940 0.1250
v 0.117175 0.108886 0.074951 0.9290 0.6940 0.1250
v 0.562835 0.181482 -0.272906 0.9290 0.6940 0.1250
v -0.393015 0.490016 0.062851 0.9290 0.6940 0.1250
v 0.278500 0.075613 0.002355 0.9290 0.6940 0.1250
v 0.497297 -0.316608 0.214094 0.9290 0.6940 0.1250
v -0.478719 0.521273 0.090075 0.9290 0.6940 0.1250
v 0.851204 -0.234937 -0.083349 0.9290 0.6940 0.1250
v -0.219591 0.442627 0.001346 0.9290 0.6940 0.1250
v -0.128845 0.416412 -0.036968 0.9290 0.6940 0.1250
v -0.089522 0.289369 0.050752 0.9290 0.6940 0.1250
v 0.088943 0.468843 -0.227533 0.9290 0.6940 0.1250
v 0.468057 0.153251 -0.186194 0.9290 0.6940 0.1250
v 0.248252 -0.179482 0.254425 0.9290 0.6940 0.1250
v 0.139357 0.058472 0.111249 0.9290 0.6940 0.1250
v -0.110696 0.490016 -0.113598 0.9290 0.6940 0.1250
v 0.418651 0.063514 -0.075283 0.9290 0.6940 0.1250
v 0.896576 -0.056472 -0.268873 0.9290 0.6940 0.1250
v 0.430750 -0.121002 0.089067 0.9290 0.6940 0.1250
v 0.713069 -0.085712 -0.130738 0.9290 0.6940 0.1250
v 0.035504 0.398263 -0.125697 0.9290 0.6940 0.1250
v -0.308319 0.356923 0.125365 0.9290 0.6940 0.1250
v -0.012893 0.401288 -0.106540 0.9290 0.6940 0.1250
v -0.349659 0.514215 0.013446 0.9290 0.6940 0.1250
v 0.650556 -0.155283 -0.023861 0.9290 0.6940 0.1250
v 0.040546 0.039315 0.190903 0.9290 0.6940 0.1250
v -0.195392 0.316592 0.082009 0.9290 0.6940 0.1250
v -0.257905 0.413387 0.048736 0.9290 0.6940 0.1250
v -0.373858 0.432544 0.105199 0.9290 0.6940 0.1250
v -0.373858 0.719904 -0.154937 0.9290 0.6940 0.1250
v -0.461578 0.658399 -0.043018 0.9290 0.6940 0.1250
v 0.125241 -0.014124 0.179812 0.9290 0.6940 0.1250
v -0.122796 0.593869 -0.199302 0.9290 0.6940 0.1250
v -0.487793 0.777376 -0.128722 0.9290 0.6940 0.1250
v 0.565860 -0.132093 0.008404 0.9290 0.6940 0.1250
v 0.870361 -0.160325 -0.169053 0.9290 0.6940 0.1250
v -0.252864 0.270211 0.168721 0.9290 0.6940 0.1250
v -0.072382 0.623109 -0.259798 0.9290 0.6940 0.1250
v -0.420239 0.678565 -0.094440 0.9290 0.6940 0.1250
v 0.694920 -0.282327 0.061843 0.9290 0.6940 0.1250
v -0.356717 0.669490 -0.120656 0.9290 0.6940 0.1250
v 0.290599 0.026207 0.041678 0.9290 0.6940 0.1250
v -0.316386 0.629159 -0.108556 0.9290 0.6940 0.1250
v -0.293195 0.646300 -0.134772 0.9290 0.6940 0.1250
v 0.549728 -0.062521 -0.044026 0.9290 0.6940 0.1250
v -0.304286 0.466826 0.030587 0.9290 0.6940 0.1250
v -0.026001 0.296426 0.003363 0.9290 0.6940 0.1250
v 0.432767 0.272228 -0.269881 0.9290 0.6940 0.1250
v 0.519479 -0.008074 -0.071250 0.9290 0.6940 0.1250
v 0.448900 -0.293418 0.226193 0.9290 0.6940 0.1250
v 0.291608 0.127035 -0.045035 0.9290 0.6940 0.1250
v -0.587613 0.608994 0.081001 0.9290 0.6940 0.1250
v -0.207491 0.614035 -0.163003 0.9290 0.6940 0.1250
v -0.543249 0.520265 0.133431 0.9290 0.6940 0.1250
v 0.194813 0.074605 0.063860 0.9290 0.6940 0.1250
v 0.539645 -0.102853 -0.009745 0.9290 0.6940 0.1250
v 0.157506 -0.073613 0.217118 0.9290 0.6940 0.1250
v -0.270005 0.558580 -0.073266 0.9290 0.6940 0.1250
v 0.811881 -0.104869 -0.171070 0.9290 0.6940 0.1250
v -0.229673 0.163333 0.249383 0.9290 0.6940 0.1250
v -0.228665 0.294410 0.136456 0.9290 0.6940 0.1250
v 0.192796 -0.048406 0.170738 0.9290 0.6940 0.1250
v 0.154482 0.234921 -0.060159 0.9290 0.6940 0.1250
v 0.646523 -0.320641 0.122340 0.9290 0.6940 0.1250
v 0.195821 0.281302 -0.130738 0.9290 0.6940 0.1250
v 0.078860 0.413387 -0.172078 0.9290 0.6940 0.1250
v -0.083473 0.148209 0.173762 0.9290 0.6940 0.1250
v -0.177243 0.520265 -0.090407 0.9290 0.6940 0.1250
v 0.581993 -0.314592 0.159646 0.9290 0.6940 0.1250
v -0.277063 0.585803 -0.098473 0.9290 0.6940 0.1250
v 0.378320 0.224839 -0.194260 0.9290 0.6940 0.1250
v 0.168597 0.314576 -0.139813 0.9290 0.6940 0.1250
v 0.555777 -0.376097 0.229218 0.9290 0.6940 0.1250
v 0.849187 -0.178474 -0.133763 0.9290 0.6940 0.1250
v 0.454949 -0.261153 0.195945 0.9290 0.6940 0.1250
v 0.169606 -0.023199 0.163680 0.9290 0.6940 0.1250
v 0.306732 0.353898 -0.262823 0.9290 0.6940 0.1250
v -0.224632 0.685623 -0.211401 0.9290 0.6940 0.1250
v -0.054233 0.150226 0.150572 0.9290 0.6940 0.1250
v -0.495860 0.585803 0.041678 0.9290 0.6940 0.1250
v 0.813897 -0.217797 -0.070242 0.9290 0.6940 0.1250
v 0.491247 -0.334757 0.242325 0.9290 0.6940 0.1250
v -0.258914 0.321634 0.129398 0.9290 0.6940 0.1250
v -0.345626 0.429520 0.088059 0.9290 0.6940 0.1250
v -0.483760 0.634201 -0.008736 0.9290 0.6940 0.1250
v -0.506951 0.523290 0.107216 0.9290 0.6940 0.1250
v -0.420239 0.391205 0.170738 0.9290 0.6940 0.1250
v -0.070365 0.431536 -0.093432 0.9290 0.6940 0.1250
v 0.164564 0.157284 0.005379 0.9290 0.6940 0.1250
v -0.178251 0.630167 -0.194260 0.9290 0.6940 0.1250
v 0.604175 -0.226871 0.067893 0.9290 0.6940 0.1250
v 0.757433 -0.237962 -0.016803 0.9290 0.6940 0.1250
v 0.655597 0.067547 -0.224509 0.9290 0.6940 0.1250
v 0.371262 0.105861 -0.076291 0.9290 0.6940 0.1250
v 0.128266 -0.061513 0.226193 0.9290 0.6940 0.1250
v 0.289591 0.310542 -0.213417 0.9290 0.6940 0.1250
v 0.333956 0.045365 -0.006720 0.9290 0.6940 0.1250
v 0.251276 0.194590 -0.084358 0.9290 0.6940 0.1250
v -0.017934 0.123002 0.151580 0.9290 0.6940 0.1250
v 0.460999 -0.097811 0.048736 0.9290 0.6940 0.1250
v -0.446454 0.780401 -0.166028 0.9290 0.6940 0.1250
v -0.298237 0.715871 -0.197285 0.9290 0.6940 0.1250
v 0.136332 0.188540 -0.005712 0.9290 0.6940 0.1250
v 0.480156 -0.162341 0.087050 0.9290 0.6940 0.1250
v 0.567877 -0.013116 -0.097465 0.9290 0.6940 0.1250
v 0.685846 -0.191581 -0.018819 0.9290 0.6940 0.1250
v 0.447891 -0.047397 0.007396 0.9290 0.6940 0.1250
v 0.479148 0.080654 -0.125697 0.9290 0.6940 0.1250
v -0.596688 0.517240 0.162671 0.9290 0.6940 0.1250
v -0.297228 0.439602 0.046719 0.9290 0.6940 0.1250
v 0.385378 -0.171416 0.158638 0.9290 0.6940 0.1250
v 0.839104 -0.102853 -0.195268 0.9290 0.6940 0.1250
v -0.492835 0.356923 0.242325 0.9290 0.6940 0.1250
v -0.193375 0.687639 -0.240641 0.9290 0.6940 0.1250
v 0.570902 -0.052439 -0.066208 0.9290 0.6940 0.1250
v -0.266980 0.628151 -0.144854 0.9290 0.6940 0.1250
v -0.129854 0.467834 -0.076291 0.9290 0.6940 0.1250
v 0.051637 -0.021182 0.235268 0.9290 0.6940 0.1250
v 0.836079 -0.279302 -0.028902 0.9290 0.6940 0.1250
v 0.181705 0.001000 0.136456 0.9290 0.6940 0.1250
v 0.084910 -0.012107 0.200986 0.9290 0.6940 0.1250
v -0.365791 0.291385 0.223168 0.9290 0.6940 0.1250
v -0.331510 0.383139 0.120323 0.9290 0.6940 0.1250
v -0.330502 0.590844 -0.065200 0.9290 0.6940 0.1250
v 0.553761 -0.180490 0.052769 0.9290 0.6940 0.1250
v -0.550307 0.638234 0.030587 0.9290 0.6940 0.1250
v -0.511992 0.751161 -0.095449 0.9290 0.6940 0.1250
v -0.018943 0.505141 -0.186194 0.9290 0.6940 0.1250
v 0.220020 0.174425 -0.041001 0.9290 0.6940 0.1250
v -0.477711 0.829807 -0.182161 0.9290 0.6940 0.1250
v -0.056249 0.266178 0.048736 0.9290 0.6940 0.1250
v -0.034067 0.181482 0.108224 0.9290 0.6940 0.1250
v -0.424272 0.414395 0.146539 0.9290 0.6940 0.1250
v -0.281096 0.492033 -0.000670 0.9290 0.6940 0.1250
v 0.535612 -0.383155 0.256441 0.9290 0.6940 0.1250
v 0.145407 0.109895 0.059827 0.9290 0.6940 0.1250
v -0.108680 0.150226 0.192920 0.9290 0.6940 0.1250
v 0.008281 0.503124 -0.203335 0.9290 0.6940 0.1250
v 0.526537 -0.210739 0.098141 0.9290 0.6940 0.1250
v -0.161110 0.141151 0.239301 0.9290 0.6940 0.1250
v -0.353692 0.771327 -0.211401 0.9290 0.6940 0.1250
v -0.450487 0.479934 0.107216 0.9290 0.6940 0.1250
v 0.856245 -0.051430 -0.246691 0.9290 0.6940 0.1250
v 0.525529 -0.334757 0.211069 0.9290 0.6940 0.1250
v -0.254880 0.659408 -0.174094 0.9290 0.6940 0.1250
v 0.319840 -0.199648 0.227201 0.9290 0.6940 0.1250
v 0.900609 -0.168391 -0.171070 0.9290 0.6940 0.1250
v -0.471661 0.682598 -0.060159 0.9290 0.6940 0.1250
v -0.421247 0.749145 -0.144854 0.9290 0.6940 0.1250
v -0.433346 0.311551 0.244342 0.9290 0.6940 0.1250
v 0.565860 -0.256111 0.123348 0.9290 0.6940 0.1250
v -0.324452 0.407337 0.093100 0.9290 0.6940 0.1250
v -0.446454 0.602944 -0.002687 0.9290 0.6940 0.1250
v 0.239177 -0.000008 0.094108 0.9290 0.6940 0.1250
v -0.103638 0.416412 -0.056126 0.9290 0.6940 0.1250
v 0.290599 -0.113944 0.163680 0.9290 0.6940 0.1250
v -0.005835 0.548497 -0.234591 0.9290 0.6940 0.1250
v -0.333526 0.256095 0.228210 0.9290 0.6940 0.1250
v 0.745334 -0.084704 -0.148887 0.9290 0.6940 0.1250
v 0.330931 0.146193 -0.093432 0.9290 0.6940 0.1250
v -0.565431 0.471867 0.181829 0.9290 0.6940 0.1250
v 0.444866 0.100820 -0.124689 0.9290 0.6940 0.1250
v 0.318831 -0.061513 0.102174 0.9290 0.6940 0.1250
v 0.378320 -0.089745 0.086042 0.9290 0.6940 0.1250
v 0.200862 0.098803 0.036636 0.9290 0.6940 0.1250
v -0.306303 0.696714 -0.174094 0.9290 0.6940 0.1250
v 0.731218 0.005033 -0.221484 0.9290 0.6940 0.1250
v -0.531149 0.711838 -0.048059 0.9290 0.6940 0.1250
v 0.129275 0.424478 -0.210393 0.9290 0.6940 0.1250
v 0.448900 0.196607 -0.207368 0.9290 0.6940 0.1250
v 0.260351 0.031249 0.062851 0.9290 0.6940 0.1250
v -0.225640 0.548497 -0.088391 0.9290 0.6940 0.1250
v -0.046166 0.482958 -0.151912 0.9290 0.6940 0.1250
v -0.214549 0.238954 0.175779 0.9290 0.6940 0.1250
v 0.172631 0.258112 -0.093432 0.9290 0.6940 0.1250
v -0.408139 0.799559 -0.200310 0.9290 0.6940 0.1250
v -0.015918 0.010075 0.255433 0.9290 0.6940 0.1250
v 0.227078 0.201648 -0.067217 0.9290 0.6940 0.1250
v -0.031042 0.328691 -0.019828 0.9290 0.6940 0.1250
v 0.619299 0.064522 -0.201318 0.9290 0.6940 0.1250
v 0.049620 0.342807 -0.082341 0.9290 0.6940 0.1250
v 0.185738 0.361965 -0.197285 0.9290 0.6940 0.1250
v 0.118183 0.221814 -0.026886 0.9290 0.6940 0.1250
v -0.540224 0.411371 0.229218 0.9290 0.6940 0.1250
v 0.715086 0.064522 -0.261815 0.9290 0.6940 0.1250
v -0.039108 0.094770 0.192920 0.9290 0.6940 0.1250
v 0.254301 -0.155283 0.229218 0.9290 0.6940 0.1250
v -0.166152 0.170391 0.207036 0.9290 0.6940 0.1250
v 0.086927 0.199632 0.022520 0.9290 0.6940 0.1250
v 0.945982 -0.095795 -0.267865 0.9290 0.6940 0.1250
v -0.439396 0.571687 0.019495 0.9290 0.6940 0.1250
v 0.736260 -0.243004 0.004371 0.9290 0.6940 0.1250
v -0.097589 0.203665 0.131415 0.9290 0.6940 0.1250
v 0.917750 -0.126043 -0.215434 0.9290 0.6940 0.1250
v 0.310765 0.202656 -0.129730 0.9290 0.6940 0.1250
v 0.794740 -0.244012 -0.035960 0.9290 0.6940 0.1250
v 0.896576 -0.143184 -0.194260 0.9290 0.6940 0.1250
v 0.074827 0.314576 -0.080324 0.9290 0.6940 0.1250
v -0.204466 0.417420 0.008404 0.9290 0.6940 0.1250
v -0.416205 0.655374 -0.075283 0.9290 0.6940 0.1250
v -0.087506 0.565637 -0.198293 0.9290 0.6940 0.1250
v 0.885485 -0.211747 -0.124689 0.9290 0.6940 0.1250
v -0.464603 0.362973 0.215102 0.9290 0.6940 0.1250
v 0.624340 -0.056472 -0.094440 0.9290 0.6940 0.1250
v -0.521067 0.436578 0.192920 0.9290 0.6940 0.1250
v -0.497876 0.561604 0.064868 0.9290 0.6940 0.1250
v -0.001802 0.341799 -0.056126 0.9290 0.6940 0.1250
v 0.566868 0.137118 -0.233583 0.9290 0.6940 0.1250
v 0.763483 -0.023199 -0.210393 0.9290 0.6940 0.1250
v 0.496289 -0.273252 0.179812 0.9290 0.6940 0.1250
v -0.469644 0.798550 -0.161995 0.9290 0.6940 0.1250
v 0.276484 -0.025215 0.092092 0.9290 0.6940 0.1250
v -0.077423 0.519257 -0.163003 0.9290 0.6940 0.1250
v 0.098018 0.035282 0.155613 0.9290 0.6940 0.1250
v 0.675763 -0.086720 -0.107548 0.9290 0.6940 0.1250
v -0.109688 0.392213 -0.031927 0.9290 0.6940 0.1250
v 0.515446 0.166358 -0.229550 0.9290 0.6940 0.1250
v 0.397477 -0.014124 0.009413 0.9290 0.6940 0.1250
v -0.251856 0.721921 -0.237616 0.9290 0.6940 0.1250
v 0.232119 0.141151 -0.017811 0.9290 0.6940 0.1250
v 0.678788 -0.164358 -0.039993 0.9290 0.6940 0.1250
v 0.205904 0.040323 0.084025 0.9290 0.6940 0.1250
v 0.246235 -0.050422 0.134439 0.9290 0.6940 0.1250
v 0.203887 -0.114952 0.222160 0.9290 0.6940 0.1250
v 0.246235 0.275253 -0.150904 0.9290 0.6940 0.1250
v -0.159094 0.195598 0.175779 0.9290 0.6940 0.1250
v 0.751384 -0.296443 0.038653 0.9290 0.6940 0.1250
v 0.177672 -0.148225 0.270557 0.9290 0.6940 0.1250
v -0.495860 0.417420 0.192920 0.9290 0.6940 0.1250
v 0.218003 -0.011099 0.122340 0.9290 0.6940 0.1250
v 0.780624 -0.324674 0.042686 0.9290 0.6940 0.1250
v -0.358733 0.378097 0.138473 0.9290 0.6940 0.1250
v -0.386965 0.272228 0.248375 0.9290 0.6940 0.1250
v -0.134895 0.572695 -0.175103 0.9290 0.6940 0.1250
v -0.491826 0.471867 0.138473 0.9290 0.6940 0.1250
v 0.272450 -0.215780 0.264508 0.9290 0.6940 0.1250
v -0.396040 0.584795 -0.025877 0.9290 0.6940 0.1250
v -0.491826 0.716880 -0.085366 0.9290 0.6940 0.1250
v -0.265972 0.188540 0.248375 0.9290 0.6940 0.1250
v 0.585017 -0.000008 -0.122672 0.9290 0.6940 0.1250
v 0.636440 -0.098820 -0.066208 0.9290 0.6940 0.1250
v 0.345047 -0.005049 0.040669 0.9290 0.6940 0.1250
v 0.614258 -0.015132 -0.130738 0.9290 0.6940 0.1250
v 0.845154 -0.258128 -0.058142 0.9290 0.6940 0.1250
v -0.367808 0.317600 0.205019 0.9290 0.6940 0.1250
v -0.351675 0.344824 0.167713 0.9290 0.6940 0.1250
v 0.073819 0.061497 0.150572 0.9290 0.6940 0.1250
v 0.242202 -0.101844 0.188887 0.9290 0.6940 0.1250
v 0.619299 -0.167383 0.004371 0.9290 0.6940 0.1250
v -0.085489 0.588828 -0.220475 0.9290 0.6940 0.1250
v 0.782640 -0.219813 -0.052093 0.9290 0.6940 0.1250
v -0.115738 0.278277 0.071926 0.9290 0.6940 0.1250
v -0.058266 0.568662 -0.217451 0.9290 0.6940 0.1250
v -0.220599 0.362973 0.069909 0.9290 0.6940 0.1250
v 0.082894 0.103845 0.100158 0.9290 0.6940 0.1250
v -0.259922 0.298443 0.149564 0.9290 0.6940 0.1250
v -0.392007 0.811658 -0.224509 0.9290 0.6940 0.1250
v 0.117175 0.328691 -0.122672 0.9290 0.6940 0.1250
v 0.017355 -0.016141 0.252408 0.9290 0.6940 0.1250
v -0.008860 0.440611 -0.129730 0.9290 0.6940 0.1250
v 0.413610 0.197615 -0.188210 0.9290 0.6940 0.1250
v -0.593663 0.565637 0.124357 0.9290 0.6940 0.1250
v -0.066332 0.368014 -0.036968 0.9290 0.6940 0.1250
v 0.555777 -0.231913 0.107216 0.9290 0.6940 0.1250
v 0.483181 -0.024207 -0.034952 0.9290 0.6940 0.1250
v -0.255889 0.438594 0.021512 0.9290 0.6940 0.1250
v -0.010877 0.224839 0.053777 0.9290 0.6940 0.1250
v 0.751384 -0.060505 -0.175103 0.9290 0.6940 0.1250
v -0.151028 0.263153 0.109232 0.9290 0.6940 0.1250
v 0.825997 -0.171416 -0.113598 0.9290 0.6940 0.1250
v -0.354700 0.641259 -0.099482 0.9290 0.6940 0.1250
v 0.155490 0.026207 0.135448 0.9290 0.6940 0.1250
v 0.362187 0.270211 -0.226525 0.9290 0.6940 0.1250
v -0.314369 0.672515 -0.148887 0.9290 0.6940 0.1250
v -0.076415 0.410362 -0.069233 0.9290 0.6940 0.1250
v 0.536620 -0.144192 0.040669 0.9290 0.6940 0.1250
v 0.193804 0.414395 -0.244674 0.9290 0.6940 0.1250
v -0.448470 0.531356 0.063860 0.9290 0.6940 0.1250
v 0.665680 -0.356939 0.142506 0.9290 0.6940 0.1250
v 0.420668 -0.212755 0.171746 0.9290 0.6940 0.1250
v 0.756425 0.005033 -0.233583 0.9290 0.6940 0.1250
v 0.036513 0.202656 0.048736 0.9290 0.6940 0.1250
v 0.209937 0.224839 -0.083349 0.9290 0.6940 0.1250
v 0.476123 0.220805 -0.248707 0.9290 0.6940 0.1250
v 0.544686 0.107878 -0.193252 0.9290 0.6940 0.1250
v -0.385957 0.639242 -0.070242 0.9290 0.6940 0.1250
v -0.239756 0.190557 0.230226 0.9290 0.6940 0.1250
v 0.376303 -0.040339 0.047727 0.9290 0.6940 0.1250
v 0.702986 -0.353915 0.118307 0.9290 0.6940 0.1250
v 0.465032 0.131068 -0.167037 0.9290 0.6940 0.1250
v 0.078860 0.150226 0.058818 0.9290 0.6940 0.1250
v 0.403527 -0.297451 0.258458 0.9290 0.6940 0.1250
v -0.605762 0.550513 0.144522 0.9290 0.6940 0.1250
v 0.573926 -0.287368 0.141497 0.9290 0.6940 0.1250
v 0.103059 -0.053447 0.234259 0.9290 0.6940 0.1250
v -0.278071 0.246012 0.209052 0.9290 0.6940 0.1250
v 0.208929 0.116953 0.017479 0.9290 0.6940 0.1250
v 0.910692 -0.098820 -0.239633 0.9290 0.6940 0.1250
v -0.093556 0.616052 -0.243666 0.9290 0.6940 0.1250
v 0.616274 -0.282327 0.113266 0.9290 0.6940 0.1250
v -0.141953 0.374064 0.010421 0.9290 0.6940 0.1250
v -0.426288 0.858039 -0.244674 0.9290 0.6940 0.1250
v -0.207491 0.267186 0.132423 0.9290 0.6940 0.1250
v -0.319410 0.526315 -0.011761 0.9290 0.6940 0.1250
v -0.082464 0.126027 0.189895 0.9290 0.6940 0.1250
v 0.695928 -0.248045 0.028570 0.9290 0.6940 0.1250
v -0.371841 0.832832 -0.258790 0.9290 0.6940 0.1250
v -0.079440 0.541439 -0.184177 0.9290 0.6940 0.1250
v -0.018943 0.269203 0.022520 0.9290 0.6940 0.1250
v -0.062299 0.029232 0.268541 0.9290 0.6940 0.1250
v 0.147424 0.355915 -0.164012 0.9290 0.6940 0.1250
v -0.447462 0.715871 -0.102507 0.9290 0.6940 0.1250
v 0.032480 0.018141 0.206027 0.9290 0.6940 0.1250
v -0.129854 0.548497 -0.148887 0.9290 0.6940 0.1250
v 0.410585 0.036290 -0.038985 0.9290 0.6940 0.1250
v 0.347063 0.102837 -0.064192 0.9290 0.6940 0.1250
v -0.154052 0.399271 -0.009745 0.9290 0.6940 0.1250
v -0.543249 0.660416 0.007396 0.9290 0.6940 0.1250
v 0.387394 0.303484 -0.267865 0.9290 0.6940 0.1250
v -0.361758 0.466826 0.062851 0.9290 0.6940 0.1250
v -0.144978 0.666466 -0.252740 0.9290 0.6940 0.1250
v 0.183722 0.124010 0.024537 0.9290 0.6940 0.1250
v -0.390998 0.757211 -0.174094 0.9290 0.6940 0.1250
v -0.180268 0.406329 0.003363 0.9290 0.6940 0.1250
v -0.320419 0.309534 0.178804 0.9290 0.6940 0.1250
v 0.192796 0.172408 -0.027894 0.9290 0.6940 0.1250
v 0.551744 0.159300 -0.240641 0.9290 0.6940 0.1250
v 0.025422 0.079646 0.160655 0.9290 0.6940 0.1250
v -0.412172 0.568662 0.007396 0.9290 0.6940 0.1250
v -0.252864 0.344824 0.101166 0.9290 0.6940 0.1250
v 0.065753 0.139135 0.084025 0.9290 0.6940 0.1250
v 0.063736 0.029232 0.181829 0.9290 0.6940 0.1250
v 0.126250 0.009066 0.164688 0.9290 0.6940 0.1250
v -0.336551 0.469851 0.045711 0.9290 0.6940 0.1250
v -0.359742 0.232905 0.269549 0.9290 0.6940 0.1250
v -0.016926 0.202656 0.083017 0.9290 0.6940 0.1250
v 0.088943 0.224839 -0.005712 0.9290 0.6940 0.1250
v 0.542670 -0.255103 0.136456 0.9290 0.6940 0.1250
v 0.782640 -0.172424 -0.093432 0.9290 0.6940 0.1250
v 0.767516 -0.121002 -0.131747 0.9290 0.6940 0.1250
v 0.603166 0.147201 -0.269881 0.9290 0.6940 0.1250
v 0.052645 0.087712 0.139481 0.9290 0.6940 0.1250
v 0.196829 0.318609 -0.167037 0.9290 0.6940 0.1250
v -0.073390 0.239963 0.084025 0.9290 0.6940 0.1250
v 0.654589 -0.249053 0.059827 0.9290 0.6940 0.1250
v -0.165143 0.315584 0.069909 0.9290 0.6940 0.1250
v 0.571910 -0.351898 0.197961 0.9290 0.6940 0.1250
v -0.309328 0.213747 0.260475 0.9290 0.6940 0.1250
v -0.463595 0.345832 0.235268 0.9290 0.6940 0.1250
v -0.517033 0.499091 0.133431 0.9290 0.6940 0.1250
v -0.236731 0.322642 0.115282 0.9290 0.6940 0.1250
v -0.148003 0.241979 0.124357 0.9290 0.6940 0.1250
v -0.526108 0.627143 0.026553 0.9290 0.6940 0.1250
v -0.153044 0.218789 0.149564 0.9290 0.6940 0.1250
v 0.779616 -0.073613 -0.185186 0.9290 0.6940 0.1250
v -0.454520 0.505141 0.085034 0.9290 0.6940 0.1250
v 0.167589 0.073596 0.075959 0.9290 0.6940 0.1250
v 0.327906 0.273236 -0.196277 0.9290 0.6940 0.1250
v -0.558373 0.578745 0.087050 0.9290 0.6940 0.1250
v 0.353113 -0.189565 0.189895 0.9290 0.6940 0.1250
v 0.715086 -0.306525 0.068901 0.9290 0.6940 0.1250
v 0.103059 0.382130 -0.154937 0.9290 0.6940 0.1250
v -0.069357 0.177449 0.137464 0.9290 0.6940 0.1250
v 0.304715 0.044356 0.016471 0.9290 0.6940 0.1250
v -0.565431 0.605969 0.066885 0.9290 0.6940 0.1250
v -0.157077 0.431536 -0.037977 0.9290 0.6940 0.1250
v 0.338997 0.310542 -0.242658 0.9290 0.6940 0.1250
v 0.342022 -0.150242 0.159646 0.9290 0.6940 0.1250
v 0.313790 0.325667 -0.240641 0.9290 0.6940 0.1250
v 0.226069 -0.181499 0.267532 0.9290 0.6940 0.1250
v 0.007273 0.478925 -0.182161 0.9290 0.6940 0.1250
v 0.045587 0.448677 -0.177119 0.9290 0.6940 0.1250
v 0.630390 -0.373072 0.177796 0.9290 0.6940 0.1250
v 0.143390 0.443635 -0.237616 0.9290 0.6940 0.1250
v 0.260351 0.227863 -0.123680 0.9290 0.6940 0.1250
v 0.381345 -0.208722 0.197961 0.9290 0.6940 0.1250
v -0.041125 0.589836 -0.249716 0.9290 0.6940 0.1250
v 0.744326 0.028224 -0.255765 0.9290 0.6940 0.1250
v -0.506951 0.380114 0.236276 0.9290 0.6940 0.1250
v 0.064745 0.523290 -0.259798 0.9290 0.6940 0.1250
v 0.631398 0.109895 -0.248707 0.9290 0.6940 0.1250
v 0.403527 -0.227880 0.194936 0.9290 0.6940 0.1250
v 0.171622 -0.095795 0.219135 0.9290 0.6940 0.1250
v 0.271442 0.277269 -0.168045 0.9290 0.6940 0.1250
v -0.546274 0.613027 0.049744 0.9290 0.6940 0.1250
v 0.530570 -0.045381 -0.049068 0.9290 0.6940 0.1250
v 0.013322 0.394230 -0.110573 0.9290 0.6940 0.1250
v 0.537628 0.066538 -0.150904 0.9290 0.6940 0.1250
v 0.666688 -0.142176 -0.050076 0.9290 0.6940 0.1250
v 0.363196 -0.231913 0.228210 0.9290 0.6940 0.1250
v 0.838096 -0.124027 -0.167037 0.9290 0.6940 0.1250
v 0.442850 0.009066 -0.037977 0.9290 0.6940 0.1250
v -0.403098 0.856022 -0.254757 0.9290 0.6940 0.1250
v 0.556786 -0.311567 0.179812 0.9290 0.6940 0.1250
v 0.250268 0.398263 -0.265848 0.9290 0.6940 0.1250
v -0.425280 0.626134 -0.037977 0.9290 0.6940 0.1250
v 0.035504 0.505141 -0.222492 0.9290 0.6940 0.1250
v 0.494272 -0.046389 -0.025877 0.9290 0.6940 0.1250
v -0.557365 0.502116 0.157630 0.9290 0.6940 0.1250
v 0.128266 0.283319 -0.077300 0.9290 0.6940 0.1250
v -0.301261 0.767294 -0.245682 0.9290 0.6940 0.1250
v 0.809864 -0.301484 0.002355 0.9290 0.6940 0.1250
v -0.337560 0.291385 0.207036 0.9290 0.6940 0.1250
v 0.302699 -0.072604 0.127381 0.9290 0.6940 0.1250
v 0.403527 -0.097811 0.082009 0.9290 0.6940 0.1250
v -0.297228 0.261137 0.204011 0.9290 0.6940 0.1250
v 0.050629 0.474892 -0.208376 0.9290 0.6940 0.1250
v -0.138928 0.325667 0.045711 0.9290 0.6940 0.1250
v 0.019372 0.526315 -0.238624 0.9290 0.6940 0.1250
v -0.523083 0.690664 -0.029910 0.9290 0.6940 0.1250
v 0.218003 0.270211 -0.130738 0.9290 0.6940 0.1250
v 0.397477 -0.267202 0.235268 0.9290 0.6940 0.1250
v -0.099605 0.535389 -0.171070 0.9290 0.6940 0.1250
v 0.278500 0.354907 -0.250724 0.9290 0.6940 0.1250
v -0.594671 0.636217 0.058818 0.9290 0.6940 0.1250
v -0.211524 0.629159 -0.182161 0.9290 0.6940 0.1250
v -0.572489 0.552530 0.124357 0.9290 0.6940 0.1250
v 0.557794 -0.084704 -0.032935 0.9290 0.6940 0.1250
v 0.577959 -0.171416 0.040669 0.9290 0.6940 0.1250
v 0.044579 0.139135 0.105199 0.9290 0.6940 0.1250
v 0.264384 0.156275 -0.062175 0.9290 0.6940 0.1250
v 0.019372 0.055447 0.187878 0.9290 0.6940 0.1250
v 0.646523 0.051414 -0.208376 0.9290 0.6940 0.1250
v -0.054233 0.407337 -0.079316 0.9290 0.6940 0.1250
v 0.237161 0.347849 -0.210393 0.9290 0.6940 0.1250
v 0.059703 0.380114 -0.125697 0.9290 0.6940 0.1250
v 0.597117 -0.251070 0.094108 0.9290 0.6940 0.1250
v 0.252285 0.123002 -0.022852 0.9290 0.6940 0.1250
v -0.380916 0.346841 0.181829 0.9290 0.6940 0.1250
v -0.284121 0.221814 0.236276 0.9290 0.6940 0.1250
v 0.641481 -0.199648 0.015462 0.9290 0.6940 0.1250
v 0.277492 0.208706 -0.108556 0.9290 0.6940 0.1250
v 0.521496 -0.095795 0.009413 0.9290 0.6940 0.1250
v 0.176664 0.205681 -0.052093 0.9290 0.6940 0.1250
v 0.253293 0.058472 0.044702 0.9290 0.6940 0.1250
v -0.133887 0.639242 -0.231567 0.9290 0.6940 0.1250
v 0.372270 0.200640 -0.168045 0.9290 0.6940 0.1250
v -0.157077 0.616052 -0.199302 0.9290 0.6940 0.1250
v 0.786674 -0.044372 -0.210393 0.9290 0.6940 0.1250
v -0.079440 0.052423 0.249383 0.9290 0.6940 0.1250
v -0.070365 0.299451 0.031595 0.9290 0.6940 0.1250
v -0.508967 0.471867 0.155613 0.9290 0.6940 0.1250
v 0.090960 0.238954 -0.025877 0.9290 0.6940 0.1250
v -0.345626 0.741078 -0.188210 0.9290 0.6940 0.1250
v 0.020380 0.349865 -0.078308 0.9290 0.6940 0.1250
v -0.497876 0.798550 -0.141830 0.9290 0.6940 0.1250
v -0.098597 0.431536 -0.074275 0.9290 0.6940 0.1250
v -0.322435 0.232905 0.249383 0.9290 0.6940 0.1250
v -0.314369 0.555555 -0.044026 0.9290 0.6940 0.1250
v 0.643498 0.018141 -0.175103 0.9290 0.6940 0.1250
v 0.062728 -0.043364 0.251400 0.9290 0.6940 0.1250
v 0.748359 -0.158308 -0.089399 0.9290 0.6940 0.1250
v 0.790707 -0.361981 0.071926 0.9290 0.6940 0.1250
v 0.633415 -0.277285 0.095116 0.9290 0.6940 0.1250
v -0.458553 0.734020 -0.113598 0.9290 0.6940 0.1250
v 0.352105 -0.048406 0.075959 0.9290 0.6940 0.1250
v 0.415626 -0.137134 0.108224 0.9290 0.6940 0.1250
v 0.422684 -0.023199 -0.001678 0.9290 0.6940 0.1250
v 0.429742 0.125019 -0.134772 0.9290 0.6940 0.1250
v -0.434354 0.697722 -0.092424 0.9290 0.6940 0.1250
v 0.641481 -0.346857 0.145531 0.9290 0.6940 0.1250
v 0.297657 -0.224855 0.259466 0.9290 0.6940 0.1250
v 0.591067 0.096787 -0.211401 0.9290 0.6940 0.1250
v -0.518042 0.733012 -0.081333 0.9290 0.6940 0.1250
v 0.181705 0.024191 0.113266 0.9290 0.6940 0.1250
v 0.089952 0.486992 -0.242658 0.9290 0.6940 0.1250
v -0.239756 0.398263 0.047727 0.9290 0.6940 0.1250
v 0.435792 -0.269219 0.213085 0.9290 0.6940 0.1250
v -0.328485 0.783426 -0.236608 0.9290 0.6940 0.1250
v 0.080877 0.430528 -0.188210 0.9290 0.6940 0.1250
v 0.492256 0.164342 -0.211401 0.9290 0.6940 0.1250
v 0.102051 0.278277 -0.056126 0.9290 0.6940 0.1250
v 0.358154 -0.115960 0.128390 0.9290 0.6940 0.1250
v 0.455957 0.060489 -0.087382 0.9290 0.6940 0.1250
v -0.568456 0.438594 0.223168 0.9290 0.6940 0.1250
v -0.102630 0.305501 0.039661 0.9290 0.6940 0.1250
v 0.145407 -0.025215 0.184853 0.9290 0.6940 0.1250
v -0.084481 0.379106 -0.026886 0.9290 0.6940 0.1250
v -0.194384 0.428511 -0.009745 0.9290 0.6940 0.1250
v 0.521496 0.127035 -0.200310 0.9290 0.6940 0.1250
v 0.630390 -0.154275 -0.011761 0.9290 0.6940 0.1250
v -0.254880 0.581770 -0.106540 0.9290 0.6940 0.1250
v -0.428305 0.607985 -0.018819 0.9290 0.6940 0.1250
v -0.360750 0.610002 -0.069233 0.9290 0.6940 0.1250
v 0.872377 -0.262161 -0.074275 0.9290 0.6940 0.1250
v 0.401510 -0.054455 0.042686 0.9290 0.6940 0.1250
v 0.599133 0.054439 -0.177119 0.9290 0.6940 0.1250
v -0.275046 0.435569 0.034620 0.9290 0.6940 0.1250
v -0.123804 0.505141 -0.125697 0.9290 0.6940 0.1250
v 0.275475 -0.138143 0.196953 0.9290 0.6940 0.1250
v -0.443429 0.551522 0.030587 0.9290 0.6940 0.1250
v -0.183293 0.294410 0.099150 0.9290 0.6940 0.1250
v -0.398056 0.729987 -0.151912 0.9290 0.6940 0.1250
v 0.460999 -0.235946 0.168721 0.9290 0.6940 0.1250
v -0.556356 0.719904 -0.037977 0.9290 0.6940 0.1250
v -0.299245 0.506149 -0.008736 0.9290 0.6940 0.1250
v 0.122217 -0.101844 0.259466 0.9290 0.6940 0.1250
v -0.442421 0.363981 0.207036 0.9290 0.6940 0.1250
v -0.263955 0.752169 -0.255765 0.9290 0.6940 0.1250
v 0.641481 -0.076637 -0.094440 0.9290 0.6940 0.1250
v 0.949007 -0.136126 -0.226525 0.9290 0.6940 0.1250
v -0.199425 0.210723 0.188887 0.9290 0.6940 0.1250
v 0.477131 -0.349882 0.259466 0.9290 0.6940 0.1250
v -0.519050 0.570679 0.066885 0.9290 0.6940 0.1250
v 0.221028 0.380114 -0.232575 0.9290 0.6940 0.1250
v 0.410585 -0.257120 0.219135 0.9290 0.6940 0.1250
v 0.589051 -0.099828 -0.036968 0.9290 0.6940 0.1250
v -0.430321 0.721921 -0.125697 0.9290 0.6940 0.1250
v -0.262947 0.533372 -0.054109 0.9290 0.6940 0.1250
v 0.749367 -0.343832 0.081001 0.9290 0.6940 0.1250
v 0.096001 -0.024207 0.217118 0.9290 0.6940 0.1250
v 0.111125 0.403304 -0.177119 0.9290 0.6940 0.1250
v 0.013322 0.030240 0.210060 0.9290 0.6940 0.1250
v -0.069357 0.320625 0.015462 0.9290 0.6940 0.1250
v 0.018364 0.181482 0.077976 0.9290 0.6940 0.1250
v 0.366221 0.177449 -0.140821 0.9290 0.6940 0.1250
v -0.000794 0.107878 0.153597 0.9290 0.6940 0.1250
v -0.475694 0.477917 0.122340 0.9290 0.6940 0.1250
v 0.581993 -0.126043 -0.006720 0.9290 0.6940 0.1250
v -0.004827 0.069563 0.192920 0.9290 0.6940 0.1250
v 0.900609 -0.207714 -0.146871 0.9290 0.6940 0.1250
v -0.608787 0.603952 0.088059 0.9290 0.6940 0.1250
v -0.239756 0.665457 -0.194260 0.9290 0.6940 0.1250
v 0.931866 -0.181499 -0.177119 0.9290 0.6940 0.1250
v 0.426717 -0.158308 0.123348 0.9290 0.6940 0.1250
v -0.324452 0.422462 0.075959 0.9290 0.6940 0.1250
v 0.834063 -0.191581 -0.106540 0.9290 0.6940 0.1250
v -0.113721 0.632184 -0.240641 0.9290 0.6940 0.1250
v -0.126829 0.207698 0.151580 0.9290 0.6940 0.1250
v 0.775583 0.033265 -0.270889 0.9290 0.6940 0.1250
v -0.022976 0.388180 -0.081333 0.9290 0.6940 0.1250
v -0.498884 0.331716 0.268541 0.9290 0.6940 0.1250
v -0.400073 0.694697 -0.113598 0.9290 0.6940 0.1250
v 0.586026 0.025199 -0.142838 0.9290 0.6940 0.1250
v -0.282104 0.382130 0.089067 0.9290 0.6940 0.1250
v 0.720127 -0.195615 -0.037977 0.9290 0.6940 0.1250
v -0.574505 0.644283 0.038653 0.9290 0.6940 0.1250
v 0.323873 0.254079 -0.182161 0.9290 0.6940 0.1250
v 0.406552 0.053431 -0.059150 0.9290 0.6940 0.1250
v 0.100034 -0.094786 0.269549 0.9290 0.6940 0.1250
v -0.461578 0.556563 0.047727 0.9290 0.6940 0.1250
v -0.158086 0.660416 -0.234591 0.9290 0.6940 0.1250
v 0.573926 0.070572 -0.177119 0.9290 0.6940 0.1250
v 0.695928 -0.326691 0.097133 0.9290 0.6940 0.1250
v 0.529562 -0.276277 0.162671 0.9290 0.6940 0.1250
v 0.499314 -0.244012 0.155613 0.9290 0.6940 0.1250
v -0.192367 0.168375 0.224176 0.9290 0.6940 0.1250
v -0.374866 0.414395 0.118307 0.9290 0.6940 0.1250
v -0.238748 0.216772 0.209052 0.9290 0.6940 0.1250
v 0.498305 -0.003033 -0.066208 0.9290 0.6940 0.1250
v 0.011306 0.152242 0.104191 0.9290 0.6940 0.1250
v 0.427726 -0.042356 0.015462 0.9290 0.6940 0.1250
v 0.523512 0.053431 -0.138805 0.9290 0.6940 0.1250
v 0.362187 0.014108 0.008404 0.9290 0.6940 0.1250
v -0.407131 0.289369 0.250392 0.9290 0.6940 0.1250
v 0.547711 -0.357948 0.219135 0.9290 0.6940 0.1250
v 0.440833 -0.107894 0.068901 0.9290 0.6940 0.1250
v 0.962114 -0.110919 -0.260807 0.9290 0.6940 0.1250
v -0.090531 0.465818 -0.110573 0.9290 0.6940 0.1250
v 0.223045 0.015116 0.092092 0.9290 0.6940 0.1250
v -0.142961 0.600927 -0.191235 0.9290 0.6940 0.1250
v 0.511413 -0.385171 0.265516 0.9290 0.6940 0.1250
v 0.441842 -0.311567 0.247367 0.9290 0.6940 0.1250
v -0.271013 0.363981 0.103183 0.9290 0.6940 0.1250
v 0.087935 0.457751 -0.208376 0.9290 0.6940 0.1250
v 0.219012 0.339783 -0.186194 0.9290 0.6940 0.1250
v 0.632407 -0.246029 0.061843 0.9290 0.6940 0.1250
v 0.510405 -0.195615 0.099150 0.9290 0.6940 0.1250
v 0.014331 0.289369 -0.011761 0.9290 0.6940 0.1250
v 0.471082 -0.072604 0.013446 0.9290 0.6940 0.1250
v 0.174647 0.409354 -0.232575 0.9290 0.6940 0.1250
v -0.189342 0.595886 -0.164012 0.9290 0.6940 0.1250
v 0.240185 -0.075629 0.161663 0.9290 0.6940 0.1250
v -0.064315 0.471867 -0.134772 0.9290 0.6940 0.1250
v 0.555777 0.054439 -0.148887 0.9290 0.6940 0.1250
v 0.689879 -0.035298 -0.153929 0.9290 0.6940 0.1250
v -0.232698 0.515223 -0.056126 0.9290 0.6940 0.1250
v -0.231690 0.591853 -0.132755 0.9290 0.6940 0.1250
v -0.288154 0.518248 -0.025877 0.9290 0.6940 0.1250
v -0.568456 0.409354 0.251400 0.9290 0.6940 0.1250
v -0.031042 0.226855 0.065876 0.9290 0.6940 0.1250
v -0.157077 0.546480 -0.136788 0.9290 0.6940 0.1250
v 0.460999 0.235930 -0.254757 0.9290 0.6940 0.1250
v 0.259343 0.001000 0.083017 0.9290 0.6940 0.1250
v -0.363775 0.696714 -0.138805 0.9290 0.6940 0.1250
v 0.511413 -0.121002 0.032603 0.9290 0.6940 0.1250
v 0.812889 -0.291401 -0.016803 0.9290 0.6940 0.1250
v 0.492256 -0.134109 0.055794 0.9290 0.6940 0.1250
v 0.877419 -0.132093 -0.190227 0.9290 0.6940 0.1250
v 0.407560 0.173416 -0.164012 0.9290 0.6940 0.1250
v -0.027009 0.257104 0.038653 0.9290 0.6940 0.1250
v 0.738276 -0.040339 -0.186194 0.9290 0.6940 0.1250
v 0.711053 -0.068571 -0.143846 0.9290 0.6940 0.1250
v 0.929849 -0.099828 -0.249716 0.9290 0.6940 0.1250
v 0.621316 -0.042356 -0.110573 0.9290 0.6940 0.1250
v 0.501330 0.048389 -0.120656 0.9290 0.6940 0.1250
v 0.602158 -0.355931 0.183845 0.9290 0.6940 0.1250
v -0.373858 0.493041 0.047727 0.9290 0.6940 0.1250
v 0.045587 -0.043364 0.265516 0.9290 0.6940 0.1250
v 0.014331 0.324658 -0.046043 0.9290 0.6940 0.1250
v -0.550307 0.374064 0.266524 0.9290 0.6940 0.1250
v -0.021968 0.429520 -0.116622 0.9290 0.6940 0.1250
v 0.880444 -0.231913 -0.098473 0.9290 0.6940 0.1250
v -0.360750 0.443635 0.082009 0.9290 0.6940 0.1250
v -0.403098 0.433553 0.123348 0.9290 0.6940 0.1250
v -0.583580 0.399271 0.268541 0.9290 0.6940 0.1250
v -0.298237 0.300460 0.175779 0.9290 0.6940 0.1250
v 0.563844 0.167367 -0.256774 0.9290 0.6940 0.1250
v -0.329493 0.742087 -0.202326 0.9290 0.6940 0.1250
v 0.325889 -0.148225 0.179812 0.9290 0.6940 0.1250
v -0.156069 0.470859 -0.067217 0.9290 0.6940 0.1250
v 0.708028 -0.277285 0.045711 0.9290 0.6940 0.1250
v 0.308748 0.136110 -0.068225 0.9290 0.6940 0.1250
v 0.389411 0.100820 -0.086374 0.9290 0.6940 0.1250
v 0.479148 -0.181499 0.106208 0.9290 0.6940 0.1250
v 0.726177 -0.160325 -0.074275 0.9290 0.6940 0.1250
v -0.599713 0.480942 0.196953 0.9290 0.6940 0.1250
v 0.053653 0.222822 0.018487 0.9290 0.6940 0.1250
v 0.580984 -0.225863 0.071926 0.9290 0.6940 0.1250
v 0.429742 0.046373 -0.069233 0.9290 0.6940 0.1250
v 0.470073 -0.301484 0.218127 0.9290 0.6940 0.1250
v -0.189342 0.474892 -0.048059 0.9290 0.6940 0.1250
v -0.518042 0.363981 0.255433 0.9290 0.6940 0.1250
v 0.603166 -0.332741 0.167713 0.9290 0.6940 0.1250
v -0.491826 0.537406 0.086042 0.9290 0.6940 0.1250
v -0.379907 0.765277 -0.190227 0.9290 0.6940 0.1250
v 0.000215 0.452710 -0.154937 0.9290 0.6940 0.1250
v 0.374287 0.246012 -0.204343 0.9290 0.6940 0.1250
v 0.498305 -0.172424 0.083017 0.9290 0.6940 0.1250
v 0.499314 -0.152258 0.067893 0.9290 0.6940 0.1250
v -0.377891 0.607985 -0.056126 0.9290 0.6940 0.1250
v 0.535612 -0.230904 0.113266 0.9290 0.6940 0.1250
v -0.503926 0.605969 0.032603 0.9290 0.6940 0.1250
v 0.355129 0.041331 -0.011761 0.9290 0.6940 0.1250
v -0.469644 0.723938 -0.094440 0.9290 0.6940 0.1250
v 0.071803 0.332725 -0.090407 0.9290 0.6940 0.1250
v 0.465032 -0.014124 -0.031927 0.9290 0.6940 0.1250
v 0.340005 -0.239979 0.244342 0.9290 0.6940 0.1250
v -0.288154 0.553538 -0.064192 0.9290 0.6940 0.1250
v 0.423693 0.084688 -0.093432 0.9290 0.6940 0.1250
v -0.371841 0.328691 0.186870 0.9290 0.6940 0.1250
v -0.273030 0.269203 0.180820 0.9290 0.6940 0.1250
v 0.680804 -0.268211 0.055794 0.9290 0.6940 0.1250
v 0.276484 -0.174441 0.233251 0.9290 0.6940 0.1250
v -0.007852 0.566646 -0.244674 0.9290 0.6940 0.1250
v 0.123225 0.059480 0.124357 0.9290 0.6940 0.1250
v 0.580984 -0.029248 -0.096457 0.9290 0.6940 0.1250
v 0.289591 0.292393 -0.196277 0.9290 0.6940 0.1250
v 0.835071 -0.051430 -0.233583 0.9290 0.6940 0.1250
v -0.247823 0.707805 -0.219467 0.9290 0.6940 0.1250
v 0.468057 0.065530 -0.103515 0.9290 0.6940 0.1250
v -0.414189 0.501107 0.068901 0.9290 0.6940 0.1250
v 0.009289 0.301468 -0.027894 0.9290 0.6940 0.1250
v -0.405114 0.748136 -0.158970 0.9290 0.6940 0.1250
v 0.698953 -0.135118 -0.080324 0.9290 0.6940 0.1250
v 0.323873 0.078638 -0.022852 0.9290 0.6940 0.1250
v 0.192796 0.381122 -0.214426 0.9290 0.6940 0.1250
v 0.140366 0.292393 -0.098473 0.9290 0.6940 0.1250
v 0.402519 0.126027 -0.117631 0.9290 0.6940 0.1250
v 0.640473 0.086704 -0.239633 0.9290 0.6940 0.1250
v -0.277063 0.701755 -0.199302 0.9290 0.6940 0.1250
v 0.661647 0.088721 -0.254757 0.9290 0.6940 0.1250
v 0.591067 -0.186540 0.034620 0.9290 0.6940 0.1250
v 0.932874 -0.145201 -0.215434 0.9290 0.6940 0.1250
v 0.102051 0.180474 0.026553 0.9290 0.6940 0.1250
v -0.095572 0.059480 0.260475 0.9290 0.6940 0.1250
v 0.003239 0.378097 -0.092424 0.9290 0.6940 0.1250
v 0.428734 -0.000008 -0.022852 0.9290 0.6940 0.1250
v 0.571910 -0.370047 0.218127 0.9290 0.6940 0.1250
v 0.289591 -0.125035 0.182837 0.9290 0.6940 0.1250
v -0.058266 0.347849 -0.020836 0.9290 0.6940 0.1250
v 0.360171 -0.268211 0.261483 0.9290 0.6940 0.1250
v 0.617282 -0.301484 0.120323 0.9290 0.6940 0.1250
v -0.061291 0.062505 0.230226 0.9290 0.6940 0.1250
v -0.538207 0.551522 0.094108 0.9290 0.6940 0.1250
v -0.014910 0.304493 -0.011761 0.9290 0.6940 0.1250
v 0.396469 0.261137 -0.234591 0.9290 0.6940 0.1250
v 0.434784 -0.061513 0.027562 0.9290 0.6940 0.1250
v 0.675763 -0.017149 -0.160987 0.9290 0.6940 0.1250
v 0.157506 0.340791 -0.154937 0.9290 0.6940 0.1250
v 0.079869 0.362973 -0.119647 0.9290 0.6940 0.1250
v 0.027438 0.428511 -0.145863 0.9290 0.6940 0.1250
v 0.824988 -0.080671 -0.209384 0.9290 0.6940 0.1250
v 0.480156 0.203665 -0.238624 0.9290 0.6940 0.1250
v 0.527545 0.150226 -0.227533 0.9290 0.6940 0.1250
v 0.216995 0.086704 0.034620 0.9290 0.6940 0.1250
v -0.460570 0.594878 0.009413 0.9290 0.6940 0.1250
v -0.024992 0.352890 -0.049068 0.9290 0.6940 0.1250
v -0.198417 0.236938 0.163680 0.9290 0.6940 0.1250
v 0.166581 0.430528 -0.244674 0.9290 0.6940 0.1250
v 0.135324 -0.053447 0.209052 0.9290 0.6940 0.1250
v 0.263376 0.308526 -0.189219 0.9290 0.6940 0.1250
v 0.596109 -0.087729 -0.053101 0.9290 0.6940 0.1250
v 0.711053 -0.344840 0.102174 0.9290 0.6940 0.1250
v -0.473677 0.390197 0.203003 0.9290 0.6940 0.1250
v 0.237161 -0.058488 0.150572 0.9290 0.6940 0.1250
v -0.314369 0.727971 -0.198293 0.9290 0.6940 0.1250
v 0.073819 0.171400 0.043694 0.9290 0.6940 0.1250
v -0.224632 0.721921 -0.252740 0.9290 0.6940 0.1250
v -0.139936 0.450693 -0.064192 0.9290 0.6940 0.1250
v -0.057257 0.227863 0.086042 0.9290 0.6940 0.1250
v 0.187755 0.048389 0.087050 0.9290 0.6940 0.1250
v 0.334964 -0.021182 0.054785 0.9290 0.6940 0.1250
v 0.648539 -0.061513 -0.105531 0.9290 0.6940 0.1250
v -0.405114 0.546480 0.016471 0.9290 0.6940 0.1250
v 0.367229 0.045365 -0.030919 0.9290 0.6940 0.1250
v 0.207920 0.159300 -0.028902 0.9290 0.6940 0.1250
v 0.767516 -0.363997 0.081001 0.9290 0.6940 0.1250
v -0.381924 0.387172 0.142506 0.9290 0.6940 0.1250
v 0.860278 -0.222838 -0.096457 0.9290 0.6940 0.1250
v 0.692903 -0.219813 0.004371 0.9290 0.6940 0.1250
v 0.266401 -0.104869 0.172754 0.9290 0.6940 0.1250
v 0.264384 0.349865 -0.231567 0.9290 0.6940 0.1250
v 0.067769 0.045365 0.170738 0.9290 0.6940 0.1250
v 0.791715 -0.103861 -0.156954 0.9290 0.6940 0.1250
v 0.773566 -0.297451 0.022520 0.9290 0.6940 0.1250
v -0.104647 0.601936 -0.221484 0.9290 0.6940 0.1250
v 0.558802 -0.026223 -0.082341 0.9290 0.6940 0.1250
v -0.338568 0.712846 -0.167037 0.9290 0.6940 0.1250
v -0.031042 0.535389 -0.207368 0.9290 0.6940 0.1250
v -0.194384 0.664449 -0.217451 0.9290 0.6940 0.1250
v -0.623911 0.550513 0.152588 0.9290 0.6940 0.1250
v -0.119771 0.232905 0.123348 0.9290 0.6940 0.1250
v -0.172201 0.490016 -0.070242 0.9290 0.6940 0.1250
v -0.211524 0.331716 0.085034 0.9290 0.6940 0.1250
v -0.106663 0.373056 -0.016803 0.9290 0.6940 0.1250
v -0.484769 0.433553 0.171746 0.9290 0.6940 0.1250
v 0.135324 -0.088737 0.249383 0.9290 0.6940 0.1250
v 0.025422 0.002008 0.229218 0.9290 0.6940 0.1250
v -0.292187 0.740070 -0.221484 0.9290 0.6940 0.1250
v 0.699961 0.003017 -0.198293 0.9290 0.6940 0.1250
v -0.510984 0.788468 -0.127714 0.9290 0.6940 0.1250
v 0.873386 -0.054455 -0.255765 0.9290 0.6940 0.1250
v -0.220599 0.561604 -0.109565 0.9290 0.6940 0.1250
v 0.126250 0.345832 -0.139813 0.9290 0.6940 0.1250
v 0.563844 -0.114952 -0.002687 0.9290 0.6940 0.1250
v 0.660639 -0.106886 -0.074275 0.9290 0.6940 0.1250
v 0.630390 -0.124027 -0.034952 0.9290 0.6940 0.1250
v 0.754409 -0.172424 -0.077300 0.9290 0.6940 0.1250
v 0.393444 0.002008 -0.003695 0.9290 0.6940 0.1250
v 0.467049 -0.211747 0.137464 0.9290 0.6940 0.1250
v 0.165573 0.396246 -0.209384 0.9290 0.6940 0.1250
v 0.356138 -0.203681 0.203003 0.9290 0.6940 0.1250
v 0.093985 0.305501 -0.083349 0.9290 0.6940 0.1250
v 0.487214 0.042340 -0.092424 0.9290 0.6940 0.1250
v 0.441842 -0.028240 -0.001678 0.9290 0.6940 0.1250
v 0.449908 -0.327699 0.259466 0.9290 0.6940 0.1250
v 0.505363 -0.061513 -0.020836 0.9290 0.6940 0.1250
v 0.360171 -0.162341 0.167713 0.9290 0.6940 0.1250
v 0.122217 0.258112 -0.053101 0.9290 0.6940 0.1250
v 0.624340 0.137118 -0.269881 0.9290 0.6940 0.1250
v -0.324452 0.614035 -0.099482 0.9290 0.6940 0.1250
v 0.337989 -0.101844 0.124357 0.9290 0.6940 0.1250
v -0.399065 0.464809 0.088059 0.9290 0.6940 0.1250
v -0.435363 0.587820 0.002355 0.9290 0.6940 0.1250
v 0.500322 0.147201 -0.207368 0.9290 0.6940 0.1250
v -0.170185 0.566646 -0.142838 0.9290 0.6940 0.1250
v 0.088943 0.370031 -0.140821 0.9290 0.6940 0.1250
v 0.086927 0.334741 -0.105531 0.9290 0.6940 0.1250
v 0.355129 0.206689 -0.153929 0.9290 0.6940 0.1250
v 0.101043 0.144176 0.064868 0.9290 0.6940 0.1250
v 0.791715 -0.003033 -0.255765 0.9290 0.6940 0.1250
v 0.222036 0.210723 -0.088391 0.9290 0.6940 0.1250
v 0.588042 -0.057480 -0.073266 0.9290 0.6940 0.1250
v -0.250847 0.387172 0.058818 0.9290 0.6940 0.1250
v 0.166581 -0.107894 0.245350 0.9290 0.6940 0.1250
v 0.438817 -0.151250 0.110241 0.9290 0.6940 0.1250
v 0.543678 0.090737 -0.182161 0.9290 0.6940 0.1250
v 0.283541 -0.057480 0.122340 0.9290 0.6940 0.1250
v 0.527545 0.022174 -0.102507 0.9290 0.6940 0.1250
v 0.729202 -0.127051 -0.096457 0.9290 0.6940 0.1250
v -0.149011 0.340791 0.039661 0.9290 0.6940 0.1250
v 0.186747 0.313567 -0.145863 0.9290 0.6940 0.1250
v 0.549728 0.031249 -0.124689 0.9290 0.6940 0.1250
v 0.159523 0.087712 0.065876 0.9290 0.6940 0.1250
v 0.510405 -0.351898 0.242325 0.9290 0.6940 0.1250
v 0.140366 0.042340 0.121332 0.9290 0.6940 0.1250
v 0.705003 -0.317617 0.083017 0.9290 0.6940 0.1250
v -0.479727 0.406329 0.194936 0.9290 0.6940 0.1250
v 0.818939 -0.035298 -0.244674 0.9290 0.6940 0.1250
v 0.421676 0.106870 -0.116622 0.9290 0.6940 0.1250
v 0.332947 -0.216788 0.234259 0.9290 0.6940 0.1250
v -0.400073 0.617060 -0.045035 0.9290 0.6940 0.1250
v 0.452933 0.179466 -0.200310 0.9290 0.6940 0.1250
v 0.391428 -0.040339 0.032603 0.9290 0.6940 0.1250
v 0.269426 0.193582 -0.089399 0.9290 0.6940 0.1250
v 0.088943 0.115944 0.087050 0.9290 0.6940 0.1250
v -0.447462 0.646300 -0.039993 0.9290 0.6940 0.1250
v 0.508388 -0.224855 0.129398 0.9290 0.6940 0.1250
v -0.588621 0.593869 0.092092 0.9290 0.6940 0.1250
v -0.312352 0.373056 0.113266 0.9290 0.6940 0.1250
v 0.617282 -0.082687 -0.068225 0.9290 0.6940 0.1250
v 0.374287 -0.116969 0.117299 0.9290 0.6940 0.1250
v -0.023984 0.410362 -0.094440 0.9290 0.6940 0.1250
v -0.348651 0.807625 -0.246691 0.9290 0.6940 0.1250
v -0.514009 0.513207 0.121332 0.9290 0.6940 0.1250
v -0.377891 0.305501 0.215102 0.9290 0.6940 0.1250
v 0.022397 0.258112 0.008404 0.9290 0.6940 0.1250
v 0.544686 -0.186540 0.067893 0.9290 0.6940 0.1250
v -0.489810 0.658399 -0.026886 0.9290 0.6940 0.1250
v 0.856245 -0.093778 -0.216442 0.9290 0.6940 0.1250
v 0.742309 -0.317617 0.056802 0.9290 0.6940 0.1250
v -0.049191 0.074605 0.216110 0.9290 0.6940 0.1250
v -0.500901 0.347849 0.256441 0.9290 0.6940 0.1250
v 0.523512 0.189549 -0.257782 0.9290 0.6940 0.1250
v 0.264384 -0.186540 0.248375 0.9290 0.6940 0.1250
v 0.266401 0.172408 -0.071250 0.9290 0.6940 0.1250
v 0.864311 -0.164358 -0.151912 0.9290 0.6940 0.1250
v 0.680804 -0.336774 0.107216 0.9290 0.6940 0.1250
v -0.007852 0.080654 0.177796 0.9290 0.6940 0.1250
v 0.379328 -0.194606 0.182837 0.9290 0.6940 0.1250
v -0.454520 0.412379 0.175779 0.9290 0.6940 0.1250
v 0.482173 -0.320641 0.234259 0.9290 0.6940 0.1250
v 0.489231 -0.302492 0.200986 0.9290 0.6940 0.1250
v 0.656605 -0.371055 0.162671 0.9290 0.6940 0.1250
v 0.307740 0.340791 -0.249716 0.9290 0.6940 0.1250
v -0.337560 0.764269 -0.218459 0.9290 0.6940 0.1250
v -0.209508 0.401288 0.025545 0.9290 0.6940 0.1250
v -0.181276 0.368014 0.033611 0.9290 0.6940 0.1250
v 0.535612 -0.008074 -0.086374 0.9290 0.6940 0.1250
v -0.170185 0.672515 -0.241649 0.9290 0.6940 0.1250
v 0.021388 -0.037314 0.264508 0.9290 0.6940 0.1250
v -0.441412 0.763261 -0.151912 0.9290 0.6940 0.1250
v 0.373278 -0.218805 0.211069 0.9290 0.6940 0.1250
v 0.510405 0.013100 -0.094440 0.9290 0.6940 0.1250
v 0.294633 0.150226 -0.068225 0.9290 0.6940 0.1250
v 0.288583 0.266178 -0.170061 0.9290 0.6940 0.1250
v 0.214978 -0.135118 0.235268 0.9290 0.6940 0.1250
v 0.608208 0.088721 -0.221484 0.9290 0.6940 0.1250
v 0.162548 0.206689 -0.039993 0.9290 0.6940 0.1250
v -0.508967 0.533372 0.092092 0.9290 0.6940 0.1250
v 0.690887 -0.118985 -0.083349 0.9290 0.6940 0.1250
v 0.633415 -0.115960 -0.051084 0.9290 0.6940 0.1250
v -0.213541 0.588828 -0.134772 0.9290 0.6940 0.1250
v 0.529562 -0.087729 -0.008736 0.9290 0.6940 0.1250
v 0.045587 0.154259 0.083017 0.9290 0.6940 0.1250
v 0.039538 0.279286 -0.018819 0.9290 0.6940 0.1250
v -0.385957 0.841906 -0.251732 0.9290 0.6940 0.1250
v -0.200433 0.445652 -0.008736 0.9290 0.6940 0.1250
v -0.292187 0.580762 -0.079316 0.9290 0.6940 0.1250
v 0.764491 -0.010091 -0.227533 0.9290 0.6940 0.1250
v -0.051208 0.374064 -0.045035 0.9290 0.6940 0.1250
v -0.189342 0.249037 0.153597 0.9290 0.6940 0.1250
v -0.081456 0.275253 0.058818 0.9290 0.6940 0.1250
v 0.229094 0.281302 -0.139813 0.9290 0.6940 0.1250
v -0.412172 0.339783 0.205019 0.9290 0.6940 0.1250
v -0.462586 0.820733 -0.186194 0.9290 0.6940 0.1250
v -0.104647 0.346841 0.010421 0.9290 0.6940 0.1250
v 0.855237 -0.247037 -0.068225 0.9290 0.6940 0.1250
v -0.307311 0.478925 0.012437 0.9290 0.6940 0.1250
v 0.273459 -0.078654 0.148555 0.9290 0.6940 0.1250
v 0.431759 -0.226871 0.173762 0.9290 0.6940 0.1250
v -0.296220 0.625126 -0.122672 0.9290 0.6940 0.1250
v 0.789698 -0.146209 -0.121664 0.9290 0.6940 0.1250
v 0.301691 -0.098820 0.143514 0.9290 0.6940 0.1250
v -0.188334 0.343816 0.059827 0.9290 0.6940 0.1250
v -0.264963 0.388180 0.075959 0.9290 0.6940 0.1250
v -0.105655 0.233913 0.112257 0.9290 0.6940 0.1250
v -0.462586 0.772335 -0.144854 0.9290 0.6940 0.1250
v -0.363775 0.553538 -0.013778 0.9290 0.6940 0.1250
v 0.378320 0.115944 -0.089399 0.9290 0.6940 0.1250
v 0.222036 -0.114952 0.212077 0.9290 0.6940 0.1250
v 0.391428 -0.251070 0.230226 0.9290 0.6940 0.1250
v -0.569464 0.700747 -0.010753 0.9290 0.6940 0.1250
v -0.519050 0.485983 0.145531 0.9290 0.6940 0.1250
v 0.178680 0.440611 -0.265848 0.9290 0.6940 0.1250
v 0.926825 -0.168391 -0.188210 0.9290 0.6940 0.1250
v -0.333526 0.437586 0.072934 0.9290 0.6940 0.1250
v 0.047604 0.021166 0.196953 0.9290 0.6940 0.1250
v -0.560390 0.665457 0.006388 0.9290 0.6940 0.1250
v 0.453941 0.014108 -0.051084 0.9290 0.6940 0.1250
v 0.766508 -0.133101 -0.116622 0.9290 0.6940 0.1250
v 0.201871 0.305501 -0.155945 0.9290 0.6940 0.1250
v -0.097589 0.318609 0.028570 0.9290 0.6940 0.1250
v -0.339576 0.231897 0.254425 0.9290 0.6940 0.1250
v 0.480156 -0.100836 0.030587 0.9290 0.6940 0.1250
v 0.166581 0.029232 0.121332 0.9290 0.6940 0.1250
v -0.583580 0.505141 0.163680 0.9290 0.6940 0.1250
v -0.200433 0.641259 -0.189219 0.9290 0.6940 0.1250
v 0.409577 -0.073613 0.051760 0.9290 0.6940 0.1250
v 0.032480 0.305501 -0.042010 0.9290 0.6940 0.1250
v 0.075836 0.447669 -0.188210 0.9290 0.6940 0.1250
v 0.640473 -0.259136 0.070918 0.9290 0.6940 0.1250
v -0.511992 0.392213 0.224176 0.9290 0.6940 0.1250
v -0.438388 0.467834 0.112257 0.9290 0.6940 0.1250
v -0.503926 0.721921 -0.073266 0.9290 0.6940 0.1250
v 0.757433 -0.037314 -0.201318 0.9290 0.6940 0.1250
v 0.074827 0.403304 -0.157962 0.9290 0.6940 0.1250
v -0.443429 0.822749 -0.198293 0.9290 0.6940 0.1250
v 0.486206 0.224839 -0.266856 0.9290 0.6940 0.1250
v -0.329493 0.340791 0.151580 0.9290 0.6940 0.1250
v 0.064745 0.420445 -0.164012 0.9290 0.6940 0.1250
v -0.424272 0.541439 0.044702 0.9290 0.6940 0.1250
v -0.140945 0.271219 0.097133 0.9290 0.6940 0.1250
v -0.199425 0.140143 0.249383 0.9290 0.6940 0.1250
v -0.577530 0.518248 0.148555 0.9290 0.6940 0.1250
v -0.332518 0.480942 0.032603 0.9290 0.6940 0.1250
v 0.795748 -0.121002 -0.145863 0.9290 0.6940 0.1250
v 0.016347 0.103845 0.144522 0.9290 0.6940 0.1250
v 0.391428 0.275253 -0.246691 0.9290 0.6940 0.1250
v -0.076415 0.149217 0.157630 0.9290 0.6940 0.1250
v -0.044150 0.531356 -0.196277 0.9290 0.6940 0.1250
v 0.899601 -0.085712 -0.243666 0.9290 0.6940 0.1250
v 0.173639 -0.078654 0.212077 0.9290 0.6940 0.1250
v -0.047175 0.177449 0.119315 0.9290 0.6940 0.1250
v -0.168168 0.348857 0.041678 0.9290 0.6940 0.1250
v -0.546274 0.387172 0.255433 0.9290 0.6940 0.1250
v 0.633415 0.007050 -0.157962 0.9290 0.6940 0.1250
v 0.484189 0.190557 -0.227533 0.9290 0.6940 0.1250
v -0.326468 0.505141 0.008404 0.9290 0.6940 0.1250
v -0.134895 0.294410 0.070918 0.9290 0.6940 0.1250
v 0.610224 -0.199648 0.042686 0.9290 0.6940 0.1250
v -0.359742 0.709822 -0.157962 0.9290 0.6940 0.1250
v 0.435792 -0.262161 0.196953 0.9290 0.6940 0.1250
v 0.759450 -0.105878 -0.135780 0.9290 0.6940 0.1250
v 0.152465 -0.051430 0.206027 0.9290 0.6940 0.1250
v 0.146415 0.385155 -0.184177 0.9290 0.6940 0.1250
v -0.237740 0.435569 0.017479 0.9290 0.6940 0.1250
v -0.194384 0.572695 -0.135780 0.9290 0.6940 0.1250
v 0.689879 -0.235946 0.017479 0.9290 0.6940 0.1250
v 0.670721 -0.375089 0.148555 0.9290 0.6940 0.1250
v -0.352684 0.503124 0.026553 0.9290 0.6940 0.1250
v -0.546274 0.531356 0.120323 0.9290 0.6940 0.1250
v -0.571481 0.449685 0.210060 0.9290 0.6940 0.1250
v 0.026430 0.553538 -0.260807 0.9290 0.6940 0.1250
v 0.205904 -0.059497 0.173762 0.9290 0.6940 0.1250
v 0.521496 -0.027232 -0.052093 0.9290 0.6940 0.1250
v 0.042562 0.369023 -0.104523 0.9290 0.6940 0.1250
v 0.472090 -0.274260 0.195945 0.9290 0.6940 0.1250
v -0.333526 0.577737 -0.054109 0.9290 0.6940 0.1250
v 0.819947 -0.136126 -0.147879 0.9290 0.6940 0.1250
v -0.524091 0.526315 0.107216 0.9290 0.6940 0.1250
v -0.051208 0.251054 0.059827 0.9290 0.6940 0.1250
v 0.578968 -0.326691 0.171746 0.9290 0.6940 0.1250
v -0.231690 0.606977 -0.143846 0.9290 0.6940 0.1250
v -0.222615 0.302476 0.120323 0.9290 0.6940 0.1250
v -0.043142 0.273236 0.032603 0.9290 0.6940 0.1250
v -0.164135 0.574712 -0.156954 0.9290 0.6940 0.1250
v 0.441842 0.052423 -0.081333 0.9290 0.6940 0.1250
v 0.510405 -0.048406 -0.031927 0.9290 0.6940 0.1250
v -0.068349 0.090737 0.214094 0.9290 0.6940 0.1250
v -0.594671 0.655374 0.030587 0.9290 0.6940 0.1250
v -0.007852 0.331716 -0.037977 0.9290 0.6940 0.1250
v -0.468636 0.568662 0.037644 0.9290 0.6940 0.1250
v -0.233707 0.717888 -0.238624 0.9290 0.6940 0.1250
v 0.614258 0.109895 -0.246691 0.9290 0.6940 0.1250
v 0.033488 0.183499 0.069909 0.9290 0.6940 0.1250
v 0.106084 -0.069579 0.243334 0.9290 0.6940 0.1250
v -0.434354 0.429520 0.139481 0.9290 0.6940 0.1250
v 0.307740 -0.050422 0.095116 0.9290 0.6940 0.1250
v 0.640473 -0.186540 0.004371 0.9290 0.6940 0.1250
v 0.577959 0.124010 -0.232575 0.9290 0.6940 0.1250
v -0.020959 0.187532 0.090075 0.9290 0.6940 0.1250
v 0.731218 -0.355931 0.103183 0.9290 0.6940 0.1250
v -0.000794 0.469851 -0.168045 0.9290 0.6940 0.1250
v -0.534174 0.436578 0.204011 0.9290 0.6940 0.1250
v -0.013901 0.056456 0.208044 0.9290 0.6940 0.1250
v -0.594671 0.460776 0.218127 0.9290 0.6940 0.1250
v -0.135903 0.391205 -0.010753 0.9290 0.6940 0.1250
v 0.367229 -0.089745 0.101166 0.9290 0.6940 0.1250
v 0.177672 0.325667 -0.153929 0.9290 0.6940 0.1250
v -0.242781 0.729987 -0.249716 0.9290 0.6940 0.1250
v 0.708028 -0.147217 -0.072258 0.9290 0.6940 0.1250
v 0.603166 -0.266194 0.099150 0.9290 0.6940 0.1250
v 0.785665 -0.346857 0.065876 0.9290 0.6940 0.1250
v -0.610804 0.526315 0.165696 0.9290 0.6940 0.1250
v 0.673746 -0.053447 -0.125697 0.9290 0.6940 0.1250
v 0.827005 -0.238971 -0.066208 0.9290 0.6940 0.1250
v -0.201442 0.548497 -0.110573 0.9290 0.6940 0.1250
v 0.796756 -0.260145 -0.030919 0.9290 0.6940 0.1250
v 0.304715 0.177449 -0.101498 0.9290 0.6940 0.1250
v -0.248831 0.257104 0.178804 0.9290 0.6940 0.1250
v 0.091968 0.076621 0.122340 0.9290 0.6940 0.1250
v -0.582572 0.617060 0.066885 0.9290 0.6940 0.1250
v -0.037092 0.436578 -0.113598 0.9290 0.6940 0.1250
v 0.500322 0.108886 -0.170061 0.9290 0.6940 0.1250
v 0.179689 0.250046 -0.080324 0.9290 0.6940 0.1250
v 0.242202 0.391205 -0.252740 0.9290 0.6940 0.1250
v -0.054233 0.036290 0.255433 0.9290 0.6940 0.1250
v 0.069786 0.164342 0.060835 0.9290 0.6940 0.1250
v 0.685846 -0.007066 -0.179136 0.9290 0.6940 0.1250
v 0.550736 0.114936 -0.207368 0.9290 0.6940 0.1250
v -0.092547 0.493041 -0.133763 0.9290 0.6940 0.1250
v 0.456966 0.165350 -0.190227 0.9290 0.6940 0.1250
v 0.159523 0.056456 0.099150 0.9290 0.6940 0.1250
v 0.402519 -0.188557 0.161663 0.9290 0.6940 0.1250
v 0.019372 0.124010 0.126373 0.9290 0.6940 0.1250
v 0.703995 -0.095795 -0.120656 0.9290 0.6940 0.1250
v -0.240765 0.288360 0.146539 0.9290 0.6940 0.1250
v 0.902626 -0.068571 -0.258790 0.9290 0.6940 0.1250
v 0.426717 0.260128 -0.259798 0.9290 0.6940 0.1250
v -0.095572 0.163333 0.164688 0.9290 0.6940 0.1250
v -0.475694 0.611010 0.008404 0.9290 0.6940 0.1250
v -0.280087 0.533372 -0.047051 0.9290 0.6940 0.1250
v -0.000794 0.573704 -0.264840 0.9290 0.6940 0.1250
v -0.197408 0.280294 0.129398 0.9290 0.6940 0.1250
v 0.585017 -0.301484 0.149564 0.9290 0.6940 0.1250
v -0.077423 0.067547 0.239301 0.9290 0.6940 0.1250
v 0.207920 0.328691 -0.180144 0.9290 0.6940 0.1250
v 0.260351 -0.132093 0.200986 0.9290 0.6940 0.1250
v -0.270005 0.726962 -0.228542 0.9290 0.6940 0.1250
v 0.254301 0.089729 0.006388 0.9290 0.6940 0.1250
v 0.229094 0.365998 -0.228542 0.9290 0.6940 0.1250
v -0.299245 0.671507 -0.155945 0.9290 0.6940 0.1250
v 0.530570 0.165350 -0.236608 0.9290 0.6940 0.1250
v 0.601150 -0.146209 0.002355 0.9290 0.6940 0.1250
v 0.303707 -0.006058 0.059827 0.9290 0.6940 0.1250
v 0.639465 0.079646 -0.224509 0.9290 0.6940 0.1250
v 0.321856 -0.072604 0.114274 0.9290 0.6940 0.1250
v 0.334964 -0.256111 0.264508 0.9290 0.6940 0.1250
v 0.233127 0.226855 -0.095449 0.9290 0.6940 0.1250
v 0.045587 0.283319 -0.036968 0.9290 0.6940 0.1250
v 0.552752 -0.051430 -0.056126 0.9290 0.6940 0.1250
v 0.387394 -0.108902 0.102174 0.9290 0.6940 0.1250
v 0.378320 -0.284343 0.265516 0.9290 0.6940 0.1250
v 0.157506 0.101828 0.051760 0.9290 0.6940 0.1250
v -0.612820 0.577737 0.119315 0.9290 0.6940 0.1250
v -0.285129 0.503124 -0.019828 0.9290 0.6940 0.1250
v 0.662655 -0.342824 0.132423 0.9290 0.6940 0.1250
v -0.002810 0.354907 -0.066208 0.9290 0.6940 0.1250
v -0.402089 0.824766 -0.223500 0.9290 0.6940 0.1250
v 0.634423 -0.209730 0.031595 0.9290 0.6940 0.1250
v -0.374866 0.657391 -0.102507 0.9290 0.6940 0.1250
v -0.401081 0.785443 -0.195268 0.9290 0.6940 0.1250
v 0.335972 0.242988 -0.180144 0.9290 0.6940 0.1250
v 0.865320 -0.181499 -0.135780 0.9290 0.6940 0.1250
v 0.573926 -0.002025 -0.110573 0.9290 0.6940 0.1250
v 0.038529 0.406329 -0.139813 0.9290 0.6940 0.1250
v 0.935899 -0.082687 -0.267865 0.9290 0.6940 0.1250
v -0.278071 0.335749 0.128390 0.9290 0.6940 0.1250
v 0.399494 0.031249 -0.027894 0.9290 0.6940 0.1250
v -0.209508 0.538414 -0.090407 0.9290 0.6940 0.1250
v -0.322435 0.767294 -0.228542 0.9290 0.6940 0.1250
v 0.381345 0.208706 -0.179136 0.9290 0.6940 0.1250
v 0.320848 0.135102 -0.079316 0.9290 0.6940 0.1250
v 0.289591 0.049398 0.020504 0.9290 0.6940 0.1250
v 0.133308 -0.110919 0.267532 0.9290 0.6940 0.1250
v 0.096001 0.157284 0.049744 0.9290 0.6940 0.1250
v 0.721135 -0.095795 -0.120656 0.9290 0.6940 0.1250
v 0.360171 -0.062521 0.077976 0.9290 0.6940 0.1250
v 0.056678 0.239963 -0.001678 0.9290 0.6940 0.1250
v 0.630390 -0.033281 -0.120656 0.9290 0.6940 0.1250
v 0.652572 0.028224 -0.184177 0.9290 0.6940 0.1250
v 0.735251 -0.209730 -0.034952 0.9290 0.6940 0.1250
v -0.323444 0.612018 -0.083349 0.9290 0.6940 0.1250
v -0.208500 0.523290 -0.077300 0.9290 0.6940 0.1250
v -0.289162 0.721921 -0.209384 0.9290 0.6940 0.1250
v -0.371841 0.584795 -0.032935 0.9290 0.6940 0.1250
v 0.129275 -0.075629 0.234259 0.9290 0.6940 0.1250
v -0.326468 0.551522 -0.033943 0.9290 0.6940 0.1250
v -0.024992 0.476909 -0.152921 0.9290 0.6940 0.1250
v 0.237161 0.066538 0.037644 0.9290 0.6940 0.1250
v 0.769533 -0.222838 -0.043018 0.9290 0.6940 0.1250
v 0.002231 0.092754 0.158638 0.9290 0.6940 0.1250
v 0.748359 -0.196623 -0.054109 0.9290 0.6940 0.1250
v -0.162119 0.445652 -0.044026 0.9290 0.6940 0.1250
v -0.340584 0.606977 -0.077300 0.9290 0.6940 0.1250
v -0.440404 0.687639 -0.081333 0.9290 0.6940 0.1250
v 0.843137 -0.222838 -0.090407 0.9290 0.6940 0.1250
v -0.473677 0.651341 -0.034952 0.9290 0.6940 0.1250
v 0.186747 0.148209 -0.002687 0.9290 0.6940 0.1250
v 0.647531 -0.285352 0.092092 0.9290 0.6940 0.1250
v 0.270434 -0.199648 0.255433 0.9290 0.6940 0.1250
v 0.705003 -0.367022 0.130406 0.9290 0.6940 0.1250
v 0.842129 -0.184523 -0.120656 0.9290 0.6940 0.1250
v 0.757433 -0.271236 0.015462 0.9290 0.6940 0.1250
v 0.843137 -0.293418 -0.031927 0.9290 0.6940 0.1250
v -0.033059 0.448677 -0.126705 0.9290 0.6940 0.1250
v 0.213970 0.149217 -0.017811 0.9290 0.6940 0.1250
v 0.313790 0.215764 -0.146871 0.9290 0.6940 0.1250
v -0.587613 0.434561 0.233251 0.9290 0.6940 0.1250
v -0.104647 0.271219 0.081001 0.9290 0.6940 0.1250
v -0.570472 0.470859 0.196953 0.9290 0.6940 0.1250
v 0.291608 -0.007066 0.070918 0.9290 0.6940 0.1250
v 0.149440 0.464809 -0.264840 0.9290 0.6940 0.1250
v 0.303707 0.235930 -0.156954 0.9290 0.6940 0.1250
v 0.490239 -0.057480 -0.007728 0.9290 0.6940 0.1250
v -0.364783 0.353898 0.166704 0.9290 0.6940 0.1250
v 0.971189 -0.103861 -0.276939 0.9290 0.6940 0.1250
v -0.550307 0.466826 0.180820 0.9290 0.6940 0.1250
v 0.151457 0.011083 0.141497 0.9290 0.6940 0.1250
v 0.437808 -0.282327 0.223168 0.9290 0.6940 0.1250
v 0.265392 0.042340 0.039661 0.9290 0.6940 0.1250
v 0.287575 0.063514 0.007396 0.9290 0.6940 0.1250
v 0.337989 0.022174 0.017479 0.9290 0.6940 0.1250
v 0.348071 0.067547 -0.030919 0.9290 0.6940 0.1250
v 0.910692 -0.111927 -0.230558 0.9290 0.6940 0.1250
v 0.162548 -0.007066 0.150572 0.9290 0.6940 0.1250
v 0.151457 0.451702 -0.248707 0.9290 0.6940 0.1250
v -0.053224 0.425486 -0.093432 0.9290 0.6940 0.1250
v 0.598125 -0.158308 0.013446 0.9290 0.6940 0.1250
v -0.289162 0.652350 -0.148887 0.9290 0.6940 0.1250
v 0.222036 0.308526 -0.165020 0.9290 0.6940 0.1250
v 0.072811 -0.055464 0.253417 0.9290 0.6940 0.1250
v 0.720127 -0.229896 -0.000670 0.9290 0.6940 0.1250
v 0.332947 0.298443 -0.225517 0.9290 0.6940 0.1250
v -0.476702 0.316592 0.271566 0.9290 0.6940 0.1250
v 0.654589 -0.027232 -0.144854 0.9290 0.6940 0.1250
v 0.079869 0.035282 0.172754 0.9290 0.6940 0.1250
v 0.571910 -0.146209 0.012437 0.9290 0.6940 0.1250
v -0.495860 0.691673 -0.058142 0.9290 0.6940 0.1250
v -0.096580 0.442627 -0.085366 0.9290 0.6940 0.1250
v -0.410156 0.359948 0.191911 0.9290 0.6940 0.1250
v 0.065753 0.282311 -0.037977 0.9290 0.6940 0.1250
v -0.118763 0.421453 -0.048059 0.9290 0.6940 0.1250
v -0.088514 0.358940 -0.008736 0.9290 0.6940 0.1250
v -0.036084 0.340791 -0.031927 0.9290 0.6940 0.1250
v 0.211954 0.247021 -0.106540 0.9290 0.6940 0.1250
v 0.611233 0.044356 -0.178128 0.9290 0.6940 0.1250
v -0.312352 0.456743 0.039661 0.9290 0.6940 0.1250
v -0.063307 0.599919 -0.254757 0.9290 0.6940 0.1250
v 0.381345 -0.142176 0.140489 0.9290 0.6940 0.1250
v -0.126829 0.315584 0.045711 0.9290 0.6940 0.1250
v 0.076844 0.513207 -0.259798 0.9290 0.6940 0.1250
v -0.317394 0.640250 -0.119647 0.9290 0.6940 0.1250
v -0.493843 0.752169 -0.104523 0.9290 0.6940 0.1250
v 0.025422 0.356923 -0.091415 0.9290 0.6940 0.1250
v -0.034067 0.143168 0.137464 0.9290 0.6940 0.1250
v 0.599133 0.043348 -0.166028 0.9290 0.6940 0.1250
v 0.372270 -0.163350 0.155613 0.9290 0.6940 0.1250
v -0.403098 0.707805 -0.121664 0.9290 0.6940 0.1250
v 0.065753 0.090737 0.126373 0.9290 0.6940 0.1250
v 0.060711 0.263153 -0.024869 0.9290 0.6940 0.1250
v -0.298237 0.453718 0.024537 0.9290 0.6940 0.1250
v 0.172631 0.368014 -0.191235 0.9290 0.6940 0.1250
v 0.341013 0.096787 -0.051084 0.9290 0.6940 0.1250
v -0.472669 0.527323 0.076967 0.9290 0.6940 0.1250
v 0.640473 -0.020174 -0.140821 0.9290 0.6940 0.1250
v -0.559381 0.427503 0.229218 0.9290 0.6940 0.1250
v 0.138349 0.137118 0.037644 0.9290 0.6940 0.1250
v -0.401081 0.327683 0.211069 0.9290 0.6940 0.1250
v 0.360171 0.152242 -0.113598 0.9290 0.6940 0.1250
v 0.546703 -0.074621 -0.028902 0.9290 0.6940 0.1250
v -0.172201 0.145184 0.229218 0.9290 0.6940 0.1250
v 0.003239 0.419437 -0.122672 0.9290 0.6940 0.1250
v -0.226649 0.192574 0.222160 0.9290 0.6940 0.1250
v 0.300682 0.314576 -0.223500 0.9290 0.6940 0.1250
v -0.342601 0.393221 0.116290 0.9290 0.6940 0.1250
v 0.628374 -0.067563 -0.084358 0.9290 0.6940 0.1250
v -0.187326 0.697722 -0.250724 0.9290 0.6940 0.1250
v 0.499314 -0.259136 0.164688 0.9290 0.6940 0.1250
v 0.698953 0.045365 -0.232575 0.9290 0.6940 0.1250
v 0.261359 -0.082687 0.159646 0.9290 0.6940 0.1250
v -0.513000 0.678565 -0.025877 0.9290 0.6940 0.1250
v 0.106084 0.024191 0.162671 0.9290 0.6940 0.1250
v 0.282533 -0.149234 0.205019 0.9290 0.6940 0.1250
v -0.477711 0.506149 0.105199 0.9290 0.6940 0.1250
v -0.513000 0.620085 0.022520 0.9290 0.6940 0.1250
v 0.212962 0.010075 0.103183 0.9290 0.6940 0.1250
v 0.057687 0.445652 -0.186194 0.9290 0.6940 0.1250
v -0.433346 0.660416 -0.059150 0.9290 0.6940 0.1250
v 0.356138 0.245004 -0.197285 0.9290 0.6940 0.1250
v 0.112134 0.278277 -0.071250 0.9290 0.6940 0.1250
v 0.490239 -0.349882 0.251400 0.9290 0.6940 0.1250
v 0.469065 0.027216 -0.076291 0.9290 0.6940 0.1250
v 0.048612 0.301468 -0.056126 0.9290 0.6940 0.1250
v 0.686854 -0.295434 0.078984 0.9290 0.6940 0.1250
v 0.078860 0.002008 0.201994 0.9290 0.6940 0.1250
v -0.115738 0.368014 -0.003695 0.9290 0.6940 0.1250
v -0.417214 0.488000 0.083017 0.9290 0.6940 0.1250
v -0.377891 0.806617 -0.227533 0.9290 0.6940 0.1250
v -0.068349 0.590844 -0.225517 0.9290 0.6940 0.1250
v 0.160531 0.409354 -0.215434 0.9290 0.6940 0.1250
v 0.162548 -0.032273 0.173762 0.9290 0.6940 0.1250
v 0.536620 0.027216 -0.116622 0.9290 0.6940 0.1250
v -0.079440 0.613027 -0.248707 0.9290 0.6940 0.1250
v 0.161539 0.268195 -0.090407 0.9290 0.6940 0.1250
v 0.011306 0.406329 -0.119647 0.9290 0.6940 0.1250
v 0.441842 0.226855 -0.230558 0.9290 0.6940 0.1250
v -0.532158 0.603952 0.053777 0.9290 0.6940 0.1250
v -0.444437 0.442627 0.140489 0.9290 0.6940 0.1250
v -0.061291 0.123002 0.172754 0.9290 0.6940 0.1250
v -0.117754 0.463801 -0.089399 0.9290 0.6940 0.1250
v -0.463595 0.856022 -0.218459 0.9290 0.6940 0.1250
v -0.305295 0.217781 0.246359 0.9290 0.6940 0.1250
v 0.085918 0.217781 0.007396 0.9290 0.6940 0.1250
v 0.115159 0.477917 -0.252740 0.9290 0.6940 0.1250
v 0.353113 0.128044 -0.084358 0.9290 0.6940 0.1250
v -0.394023 0.699739 -0.130738 0.9290 0.6940 0.1250
v 0.336980 0.121994 -0.072258 0.9290 0.6940 0.1250
v -0.375874 0.552530 -0.004703 0.9290 0.6940 0.1250
v 0.416635 0.225847 -0.216442 0.9290 0.6940 0.1250
v 0.654589 -0.311567 0.113266 0.9290 0.6940 0.1250
v -0.476702 0.715871 -0.082341 0.9290 0.6940 0.1250
v 0.905651 -0.134109 -0.202326 0.9290 0.6940 0.1250
v 0.238169 0.266178 -0.141830 0.9290 0.6940 0.1250
v 0.113142 -0.044372 0.216110 0.9290 0.6940 0.1250
v 0.717102 -0.320641 0.073943 0.9290 0.6940 0.1250
v -0.036084 0.128044 0.160655 0.9290 0.6940 0.1250
v 0.391428 -0.097811 0.091083 0.9290 0.6940 0.1250
v 0.115159 0.429520 -0.208376 0.9290 0.6940 0.1250
v 0.158515 0.312559 -0.128722 0.9290 0.6940 0.1250
v 0.391428 -0.147217 0.130406 0.9290 0.6940 0.1250
v 0.285558 0.101828 -0.020836 0.9290 0.6940 0.1250
v 0.651564 0.076621 -0.237616 0.9290 0.6940 0.1250
v 0.061720 0.394230 -0.130738 0.9290 0.6940 0.1250
v -0.121787 0.519257 -0.130738 0.9290 0.6940 0.1250
v -0.122796 0.340791 0.018487 0.9290 0.6940 0.1250
v -0.392007 0.596894 -0.033943 0.9290 0.6940 0.1250
v 0.735251 -0.291401 0.038653 0.9290 0.6940 0.1250
v 0.001223 -0.017149 0.269549 0.9290 0.6940 0.1250
v 0.598125 -0.007066 -0.124689 0.9290 0.6940 0.1250
v -0.175226 0.193582 0.190903 0.9290 0.6940 0.1250
v -0.456537 0.518248 0.077976 0.9290 0.6940 0.1250
v 0.424701 0.040323 -0.051084 0.9290 0.6940 0.1250
v -0.098597 0.575720 -0.198293 0.9290 0.6940 0.1250
v 0.396469 -0.211747 0.188887 0.9290 0.6940 0.1250
v 0.237161 0.019149 0.089067 0.9290 0.6940 0.1250
v -0.444437 0.630167 -0.034952 0.9290 0.6940 0.1250
v 0.719119 0.070572 -0.274923 0.9290 0.6940 0.1250
v 0.566868 -0.276277 0.134439 0.9290 0.6940 0.1250
v -0.315377 0.774352 -0.239633 0.9290 0.6940 0.1250
v 0.409577 0.254079 -0.235600 0.9290 0.6940 0.1250
v 0.319840 0.346841 -0.261815 0.9290 0.6940 0.1250
v 0.417643 -0.284343 0.240309 0.9290 0.6940 0.1250
v -0.256897 0.557571 -0.080324 0.9290 0.6940 0.1250
v 0.266401 0.251054 -0.140821 0.9290 0.6940 0.1250
v -0.410156 0.460776 0.102174 0.9290 0.6940 0.1250
v 0.243210 0.134093 -0.026886 0.9290 0.6940 0.1250
v -0.201442 0.600927 -0.156954 0.9290 0.6940 0.1250
v 0.428734 -0.086720 0.055794 0.9290 0.6940 0.1250
v -0.091539 0.548497 -0.179136 0.9290 0.6940 0.1250
v 0.169606 0.145184 0.012437 0.9290 0.6940 0.1250
v 0.301691 0.164342 -0.085366 0.9290 0.6940 0.1250
v 0.477131 -0.061513 0.000338 0.9290 0.6940 0.1250
v 0.438817 -0.200656 0.150572 0.9290 0.6940 0.1250
v 0.465032 -0.155283 0.095116 0.9290 0.6940 0.1250
v 0.017355 0.234921 0.036636 0.9290 0.6940 0.1250
v -0.318402 0.431536 0.065876 0.9290 0.6940 0.1250
v 0.486206 0.138126 -0.180144 0.9290 0.6940 0.1250
v -0.477711 0.767294 -0.132755 0.9290 0.6940 0.1250
v -0.345626 0.228872 0.267532 0.9290 0.6940 0.1250
v -0.008860 0.136110 0.131415 0.9290 0.6940 0.1250
v 0.640473 -0.009083 -0.160987 0.9290 0.6940 0.1250
v 0.365212 0.297435 -0.253749 0.9290 0.6940 0.1250
v 0.742309 -0.219813 -0.026886 0.9290 0.6940 0.1250
v 0.622324 -0.233929 0.058818 0.9290 0.6940 0.1250
v 0.232119 0.178458 -0.060159 0.9290 0.6940 0.1250
v -0.043142 0.543455 -0.205351 0.9290 0.6940 0.1250
v 0.510405 -0.303501 0.196953 0.9290 0.6940 0.1250
v 0.304715 -0.059497 0.106208 0.9290 0.6940 0.1250
v 0.174647 -0.137134 0.261483 0.9290 0.6940 0.1250
v -0.021968 0.494050 -0.177119 0.9290 0.6940 0.1250
v 0.300682 0.115944 -0.042010 0.9290 0.6940 0.1250
v 0.299674 0.015116 0.044702 0.9290 0.6940 0.1250
v -0.202450 0.698731 -0.243666 0.9290 0.6940 0.1250
v 0.421676 -0.111927 0.082009 0.9290 0.6940 0.1250
v -0.569464 0.561604 0.113266 0.9290 0.6940 0.1250
v 0.357146 -0.026223 0.046719 0.9290 0.6940 0.1250
v 0.447891 -0.011099 -0.027894 0.9290 0.6940 0.1250
v -0.042133 0.017133 0.265516 0.9290 0.6940 0.1250
v 0.757433 0.034273 -0.257782 0.9290 0.6940 0.1250
v -0.068349 0.206689 0.114274 0.9290 0.6940 0.1250
v 0.188763 -0.055464 0.182837 0.9290 0.6940 0.1250
v 0.322864 0.005033 0.045711 0.9290 0.6940 0.1250
v -0.011885 0.515223 -0.200310 0.9290 0.6940 0.1250
v -0.301261 0.329700 0.147547 0.9290 0.6940 0.1250
v 0.827005 -0.163350 -0.125697 0.9290 0.6940 0.1250
v -0.071373 0.542447 -0.196277 0.9290 0.6940 0.1250
v 0.589051 0.130060 -0.247699 0.9290 0.6940 0.1250
v 0.752392 -0.080671 -0.160987 0.9290 0.6940 0.1250
v 0.801798 -0.145201 -0.129730 0.9290 0.6940 0.1250
v -0.436371 0.532364 0.055794 0.9290 0.6940 0.1250
v 0.117175 0.148209 0.038653 0.9290 0.6940 0.1250
v -0.601729 0.664449 0.039661 0.9290 0.6940 0.1250
v 0.027438 0.448677 -0.172078 0.9290 0.6940 0.1250
v 0.296649 -0.024207 0.082009 0.9290 0.6940 0.1250
v 0.411593 -0.016141 0.004371 0.9290 0.6940 0.1250
v 0.364204 0.001000 0.022520 0.9290 0.6940 0.1250
v -0.407131 0.590844 -0.018819 0.9290 0.6940 0.1250
v -0.056249 0.497074 -0.160987 0.9290 0.6940 0.1250
v -0.350667 0.306509 0.194936 0.9290 0.6940 0.1250
v 0.573926 0.076621 -0.190227 0.9290 0.6940 0.1250
v 0.371262 -0.248045 0.228210 0.9290 0.6940 0.1250
v -0.482752 0.798550 -0.155945 0.9290 0.6940 0.1250
v -0.480735 0.361965 0.236276 0.9290 0.6940 0.1250
v -0.217574 0.642267 -0.182161 0.9290 0.6940 0.1250
v 0.596109 -0.074621 -0.059150 0.9290 0.6940 0.1250
v 0.715086 0.051414 -0.255765 0.9290 0.6940 0.1250
v -0.582572 0.520265 0.162671 0.9290 0.6940 0.1250
v 0.430750 0.015116 -0.032935 0.9290 0.6940 0.1250
v 0.655597 -0.078654 -0.096457 0.9290 0.6940 0.1250
v -0.293195 0.531356 -0.036968 0.9290 0.6940 0.1250
v 0.301691 0.263153 -0.175103 0.9290 0.6940 0.1250
v 0.541661 -0.157300 0.043694 0.9290 0.6940 0.1250
v -0.112713 0.641259 -0.251732 0.9290 0.6940 0.1250
v -0.066332 0.330708 -0.003695 0.9290 0.6940 0.1250
v -0.389990 0.255087 0.271566 0.9290 0.6940 0.1250
v -0.016926 0.285335 0.004371 0.9290 0.6940 0.1250
v -0.565431 0.524298 0.139481 0.9290 0.6940 0.1250
v 0.720127 -0.184523 -0.047051 0.9290 0.6940 0.1250
v 0.844146 -0.044372 -0.249716 0.9290 0.6940 0.1250
v 0.410585 0.098803 -0.097465 0.9290 0.6940 0.1250
v 0.561827 0.078638 -0.178128 0.9290 0.6940 0.1250
v 0.139357 -0.000008 0.163680 0.9290 0.6940 0.1250
v 0.856245 -0.276277 -0.041001 0.9290 0.6940 0.1250
v -0.343609 0.333733 0.171746 0.9290 0.6940 0.1250
v -0.454520 0.742087 -0.124689 0.9290 0.6940 0.1250
v 0.457974 0.152242 -0.176111 0.9290 0.6940 0.1250
v -0.428305 0.839890 -0.229550 0.9290 0.6940 0.1250
v 0.528554 -0.148225 0.051760 0.9290 0.6940 0.1250
v 0.707019 -0.043364 -0.160987 0.9290 0.6940 0.1250
v 0.630390 0.119977 -0.258790 0.9290 0.6940 0.1250
v -0.119771 0.402296 -0.032935 0.9290 0.6940 0.1250
v -0.525100 0.444644 0.181829 0.9290 0.6940 0.1250
v -0.098597 0.610002 -0.231567 0.9290 0.6940 0.1250
v 0.124233 0.229880 -0.036968 0.9290 0.6940 0.1250
v 0.879435 -0.219813 -0.114606 0.9290 0.6940 0.1250
v 0.308748 -0.169399 0.198969 0.9290 0.6940 0.1250
v 0.190780 0.098803 0.046719 0.9290 0.6940 0.1250
v -0.194384 0.470859 -0.032935 0.9290 0.6940 0.1250
v 0.723152 -0.020174 -0.195268 0.9290 0.6940 0.1250
v -0.359742 0.562613 -0.023861 0.9290 0.6940 0.1250
v -0.452504 0.623109 -0.011761 0.9290 0.6940 0.1250
v 0.282533 -0.074621 0.138473 0.9290 0.6940 0.1250
v 0.343030 0.213747 -0.155945 0.9290 0.6940 0.1250
v 0.038529 0.127035 0.109232 0.9290 0.6940 0.1250
v 0.453941 0.083679 -0.108556 0.9290 0.6940 0.1250
v 0.181705 -0.029248 0.159646 0.9290 0.6940 0.1250
v 0.556786 -0.089745 -0.019828 0.9290 0.6940 0.1250
v 0.039538 0.423470 -0.150904 0.9290 0.6940 0.1250
v 0.345047 -0.074621 0.101166 0.9290 0.6940 0.1250
v -0.065324 0.232905 0.074951 0.9290 0.6940 0.1250
v -0.290170 0.269203 0.194936 0.9290 0.6940 0.1250
v 0.913717 -0.156292 -0.190227 0.9290 0.6940 0.1250
v -0.313361 0.399271 0.090075 0.9290 0.6940 0.1250
v 0.911700 -0.199648 -0.149896 0.9290 0.6940 0.1250
v -0.267988 0.664449 -0.174094 0.9290 0.6940 0.1250
v 0.384370 -0.260145 0.238292 0.9290 0.6940 0.1250
v -0.619878 0.605969 0.100158 0.9290 0.6940 0.1250
v 0.014331 0.046373 0.199978 0.9290 0.6940 0.1250
v 0.563844 -0.340807 0.194936 0.9290 0.6940 0.1250
v 0.397477 0.155267 -0.147879 0.9290 0.6940 0.1250
v -0.533166 0.500099 0.139481 0.9290 0.6940 0.1250
v 0.027438 -0.013116 0.243334 0.9290 0.6940 0.1250
v 0.501330 -0.376097 0.268541 0.9290 0.6940 0.1250
v 0.394452 0.019149 -0.015794 0.9290 0.6940 0.1250
v 0.802806 -0.094786 -0.174094 0.9290 0.6940 0.1250
v 0.555777 -0.104869 -0.007728 0.9290 0.6940 0.1250
v 0.772558 -0.177465 -0.085366 0.9290 0.6940 0.1250
v 0.190780 0.206689 -0.054109 0.9290 0.6940 0.1250
v -0.038100 0.302476 0.006388 0.9290 0.6940 0.1250
v -0.091539 0.401288 -0.050076 0.9290 0.6940 0.1250
v 0.055670 0.330708 -0.079316 0.9290 0.6940 0.1250
v -0.517033 0.372048 0.241317 0.9290 0.6940 0.1250
v 0.067769 0.378097 -0.136788 0.9290 0.6940 0.1250
v 0.133308 0.320625 -0.115614 0.9290 0.6940 0.1250
v 0.256318 0.337766 -0.211401 0.9290 0.6940 0.1250
v 0.416635 -0.046389 0.030587 0.9290 0.6940 0.1250
v 0.078860 0.189549 0.027562 0.9290 0.6940 0.1250
v -0.163127 0.594878 -0.170061 0.9290 0.6940 0.1250
v 0.144399 0.369023 -0.167037 0.9290 0.6940 0.1250
v -0.451495 0.415404 0.162671 0.9290 0.6940 0.1250
v 0.710044 -0.196623 -0.026886 0.9290 0.6940 0.1250
v 0.202879 0.157284 -0.015794 0.9290 0.6940 0.1250
v -0.246814 0.539422 -0.076291 0.9290 0.6940 0.1250
v -0.409147 0.685623 -0.098473 0.9290 0.6940 0.1250
v -0.296220 0.404313 0.076967 0.9290 0.6940 0.1250
v -0.345626 0.661424 -0.119647 0.9290 0.6940 0.1250
v 0.033488 0.068555 0.168721 0.9290 0.6940 0.1250
v 0.373278 0.254079 -0.215434 0.9290 0.6940 0.1250
v 0.456966 -0.198639 0.142506 0.9290 0.6940 0.1250
v 0.923800 -0.109911 -0.242658 0.9290 0.6940 0.1250
v -0.265972 0.742087 -0.246691 0.9290 0.6940 0.1250
v -0.274038 0.606977 -0.112589 0.9290 0.6940 0.1250
v 0.098018 0.266178 -0.051084 0.9290 0.6940 0.1250
v -0.430321 0.806617 -0.198293 0.9290 0.6940 0.1250
v -0.011885 0.367006 -0.064192 0.9290 0.6940 0.1250
v -0.390998 0.499091 0.052769 0.9290 0.6940 0.1250
v 0.088943 0.003017 0.190903 0.9290 0.6940 0.1250
v -0.414189 0.739062 -0.150904 0.9290 0.6940 0.1250
v -0.199425 0.178458 0.218127 0.9290 0.6940 0.1250
v -0.339576 0.453718 0.059827 0.9290 0.6940 0.1250
v 0.329922 0.279286 -0.208376 0.9290 0.6940 0.1250
v 0.276484 0.218789 -0.117631 0.9290 0.6940 0.1250
v 0.110117 0.313567 -0.099482 0.9290 0.6940 0.1250
v -0.243789 0.654366 -0.180144 0.9290 0.6940 0.1250
v 0.314798 -0.024207 0.069909 0.9290 0.6940 0.1250
v -0.023984 0.172408 0.107216 0.9290 0.6940 0.1250
v 0.250268 -0.131085 0.210060 0.9290 0.6940 0.1250
v 0.044579 0.172408 0.067893 0.9290 0.6940 0.1250
v 0.892543 -0.187548 -0.148887 0.9290 0.6940 0.1250
v -0.312352 0.504132 -0.005712 0.9290 0.6940 0.1250
v 0.315806 0.107878 -0.041001 0.9290 0.6940 0.1250
v 0.441842 0.159300 -0.176111 0.9290 0.6940 0.1250
v -0.027009 0.073596 0.203003 0.9290 0.6940 0.1250
v 0.773566 -0.162341 -0.094440 0.9290 0.6940 0.1250
v -0.175226 0.395238 0.009413 0.9290 0.6940 0.1250
v 0.756425 -0.222838 -0.029910 0.9290 0.6940 0.1250
v 0.558802 0.019149 -0.121664 0.9290 0.6940 0.1250
v 0.665680 -0.212755 0.018487 0.9290 0.6940 0.1250
v 0.229094 -0.049414 0.144522 0.9290 0.6940 0.1250
v -0.101622 0.050406 0.268541 0.9290 0.6940 0.1250
v -0.243789 0.350874 0.093100 0.9290 0.6940 0.1250
v -0.320419 0.383139 0.109232 0.9290 0.6940 0.1250
v -0.316386 0.263153 0.214094 0.9290 0.6940 0.1250
v 0.540653 -0.279302 0.152588 0.9290 0.6940 0.1250
v 0.054662 0.463801 -0.200310 0.9290 0.6940 0.1250
v -0.366800 0.404313 0.122340 0.9290 0.6940 0.1250
v 0.252285 -0.006058 0.092092 0.9290 0.6940 0.1250
v 0.942957 -0.110919 -0.248707 0.9290 0.6940 0.1250
v 0.282533 0.321634 -0.216442 0.9290 0.6940 0.1250
v -0.027009 0.055447 0.217118 0.9290 0.6940 0.1250
v 0.802806 -0.091762 -0.187202 0.9290 0.6940 0.1250
v -0.488802 0.552530 0.068901 0.9290 0.6940 0.1250
v -0.452504 0.810650 -0.186194 0.9290 0.6940 0.1250
v 0.452933 0.032257 -0.069233 0.9290 0.6940 0.1250
v 0.304715 0.077630 -0.016803 0.9290 0.6940 0.1250
v 0.759450 -0.251070 -0.014786 0.9290 0.6940 0.1250
v -0.120779 0.146193 0.196953 0.9290 0.6940 0.1250
v 0.418651 0.171400 -0.171070 0.9290 0.6940 0.1250
v 0.114150 -0.007066 0.181829 0.9290 0.6940 0.1250
v 0.415626 -0.002025 -0.021844 0.9290 0.6940 0.1250
v 0.115159 0.007050 0.171746 0.9290 0.6940 0.1250
v 0.898593 -0.161333 -0.182161 0.9290 0.6940 0.1250
v 0.446883 0.111911 -0.131747 0.9290 0.6940 0.1250
v 0.465032 -0.117977 0.060835 0.9290 0.6940 0.1250
v -0.325460 0.285335 0.208044 0.9290 0.6940 0.1250
v 0.593084 -0.227880 0.076967 0.9290 0.6940 0.1250
v -0.126829 0.430528 -0.054109 0.9290 0.6940 0.1250
v 0.275475 0.346841 -0.240641 0.9290 0.6940 0.1250
v -0.449479 0.388180 0.180820 0.9290 0.6940 0.1250
v 0.003239 0.038307 0.213085 0.9290 0.6940 0.1250
v -0.233707 0.312559 0.123348 0.9290 0.6940 0.1250
v -0.401081 0.313567 0.226193 0.9290 0.6940 0.1250
v 0.745334 -0.050422 -0.181152 0.9290 0.6940 0.1250
v -0.356717 0.525306 0.012437 0.9290 0.6940 0.1250
v -0.496868 0.482958 0.133431 0.9290 0.6940 0.1250
v -0.295212 0.226855 0.231234 0.9290 0.6940 0.1250
v -0.461578 0.478925 0.114274 0.9290 0.6940 0.1250
v -0.458553 0.681590 -0.061167 0.9290 0.6940 0.1250
v 0.089952 -0.043364 0.239301 0.9290 0.6940 0.1250
v -0.282104 0.457751 0.026553 0.9290 0.6940 0.1250
v 0.323873 -0.188557 0.210060 0.9290 0.6940 0.1250
v 0.537628 -0.020174 -0.069233 0.9290 0.6940 0.1250
v -0.043142 0.512199 -0.179136 0.9290 0.6940 0.1250
v 0.516454 -0.326691 0.216110 0.9290 0.6940 0.1250
v 0.229094 0.297435 -0.167037 0.9290 0.6940 0.1250
v -0.412172 0.415404 0.141497 0.9290 0.6940 0.1250
v 0.507380 -0.080671 -0.000670 0.9290 0.6940 0.1250
v 0.117175 0.339783 -0.129730 0.9290 0.6940 0.1250
v 0.124233 0.191565 -0.001678 0.9290 0.6940 0.1250
v 0.456966 -0.126043 0.070918 0.9290 0.6940 0.1250
v -0.011885 0.242988 0.043694 0.9290 0.6940 0.1250
v 0.220020 0.226855 -0.095449 0.9290 0.6940 0.1250
v 0.691895 0.016124 -0.207368 0.9290 0.6940 0.1250
v 0.225061 0.058472 0.052769 0.9290 0.6940 0.1250
v -0.489810 0.767294 -0.120656 0.9290 0.6940 0.1250
v -0.046166 0.397255 -0.077300 0.9290 0.6940 0.1250
v -0.083473 0.248029 0.082009 0.9290 0.6940 0.1250
v -0.170185 0.213747 0.164688 0.9290 0.6940 0.1250
v 0.532587 -0.287368 0.168721 0.9290 0.6940 0.1250
v 0.412601 -0.303501 0.251400 0.9290 0.6940 0.1250
v -0.230682 0.658399 -0.188210 0.9290 0.6940 0.1250
v -0.569464 0.667474 0.015462 0.9290 0.6940 0.1250
v -0.254880 0.698731 -0.213417 0.9290 0.6940 0.1250
v 0.544686 -0.174441 0.059827 0.9290 0.6940 0.1250
v -0.542241 0.730996 -0.056126 0.9290 0.6940 0.1250
v 0.193804 -0.107894 0.226193 0.9290 0.6940 0.1250
v 0.782640 -0.310559 0.021512 0.9290 0.6940 0.1250
v -0.433346 0.547488 0.037644 0.9290 0.6940 0.1250
v 0.127258 0.108886 0.066885 0.9290 0.6940 0.1250
v 0.533595 0.123002 -0.202326 0.9290 0.6940 0.1250
v -0.457545 0.581770 0.016471 0.9290 0.6940 0.1250
v 0.779616 -0.315600 0.033611 0.9290 0.6940 0.1250
v 0.047604 0.249037 -0.000670 0.9290 0.6940 0.1250
v -0.266980 0.330708 0.124357 0.9290 0.6940 0.1250
v 0.792723 -0.022190 -0.240641 0.9290 0.6940 0.1250
v 0.665680 -0.294426 0.093100 0.9290 0.6940 0.1250
v 0.311773 0.030240 0.025545 0.9290 0.6940 0.1250
v -0.314369 0.202656 0.264508 0.9290 0.6940 0.1250
v 0.805831 -0.250062 -0.037977 0.9290 0.6940 0.1250
v -0.264963 0.200640 0.244342 0.9290 0.6940 0.1250
v -0.037092 0.486992 -0.159979 0.9290 0.6940 0.1250
v 0.881452 -0.082687 -0.236608 0.9290 0.6940 0.1250
v 0.455957 -0.051430 -0.001678 0.9290 0.6940 0.1250
v -0.227657 0.394230 0.046719 0.9290 0.6940 0.1250
v -0.286137 0.764269 -0.249716 0.9290 0.6940 0.1250
v 0.104067 0.431536 -0.202326 0.9290 0.6940 0.1250
v -0.020959 0.280294 0.016471 0.9290 0.6940 0.1250
v 0.067769 0.196607 0.033611 0.9290 0.6940 0.1250
v 0.104067 0.169383 0.036636 0.9290 0.6940 0.1250
v 0.424701 0.196607 -0.194260 0.9290 0.6940 0.1250
v 0.358154 -0.213764 0.212077 0.9290 0.6940 0.1250
v 0.082894 0.304493 -0.077300 0.9290 0.6940 0.1250
v 0.207920 -0.164358 0.267532 0.9290 0.6940 0.1250
v 0.054662 -0.014124 0.225185 0.9290 0.6940 0.1250
v 0.231111 0.041331 0.068901 0.9290 0.6940 0.1250
v -0.589630 0.480942 0.187878 0.9290 0.6940 0.1250
v 0.024413 0.205681 0.046719 0.9290 0.6940 0.1250
v -0.057257 0.482958 -0.145863 0.9290 0.6940 0.1250
v 0.673746 0.049398 -0.226525 0.9290 0.6940 0.1250
v 0.207920 0.364990 -0.205351 0.9290 0.6940 0.1250
v -0.464603 0.330708 0.250392 0.9290 0.6940 0.1250
v 0.175655 0.154259 0.000338 0.9290 0.6940 0.1250
v -0.556356 0.611010 0.059827 0.9290 0.6940 0.1250
v -0.429313 0.683606 -0.087382 0.9290 0.6940 0.1250
v 0.479148 0.113928 -0.157962 0.9290 0.6940 0.1250
v -0.005835 0.427503 -0.125697 0.9290 0.6940 0.1250
v -0.153044 0.274244 0.098141 0.9290 0.6940 0.1250
v 0.467049 -0.260145 0.192920 0.9290 0.6940 0.1250
v 0.112134 0.374064 -0.157962 0.9290 0.6940 0.1250
v 0.462007 0.132077 -0.154937 0.9290 0.6940 0.1250
v 0.336980 0.171400 -0.114606 0.9290 0.6940 0.1250
v 0.701978 -0.257120 0.034620 0.9290 0.6940 0.1250
v 0.736260 0.033265 -0.247699 0.9290 0.6940 0.1250
v -0.164135 0.219797 0.155613 0.9290 0.6940 0.1250
v 0.603166 -0.113944 -0.032935 0.9290 0.6940 0.1250
v -0.401081 0.296426 0.239301 0.9290 0.6940 0.1250
v -0.446454 0.867113 -0.235600 0.9290 0.6940 0.1250
v -0.288154 0.396246 0.071926 0.9290 0.6940 0.1250
v 0.413610 -0.095795 0.074951 0.9290 0.6940 0.1250
v -0.377891 0.751161 -0.177119 0.9290 0.6940 0.1250
v 0.867336 -0.138143 -0.180144 0.9290 0.6940 0.1250
v 0.736260 -0.154275 -0.078308 0.9290 0.6940 0.1250
v 0.286566 -0.029248 0.098141 0.9290 0.6940 0.1250
v 0.378320 0.078638 -0.055117 0.9290 0.6940 0.1250
v 0.082894 0.284327 -0.059150 0.9290 0.6940 0.1250
v 0.207920 -0.040339 0.156622 0.9290 0.6940 0.1250
v -0.540224 0.573704 0.076967 0.9290 0.6940 0.1250
vn -0.576830 0.416991 0.702414
vn -0.576830 0.416991 0.702414
vn -0.576830 0.416991 0.702414
vn -0.576830 0.416991 0.702414
vn -0.576830 0.416991 0.702414
vn -0.576830 0.416991 0.702414
vn -0.576830 0.416991 0.702414
vn -0.576830 0.416991 0.702414
vn -0.576830 0.416991 0.702414
vn -0.576830 0.416991 0.702414
vn -0.576830 0.416991 0.702414
vn -0.576830 0.416991 0.702414
vn -0.576830 0.416991 0.702414
vn -0.576830 0.416991 0.702414
vn -0.576830 0.416991 0.702414
vn -0.576830 0.416991 0.702414
vn -0.576830 0.416991 0.702414
vn -0.576830 0.416991 0.702414
vn -0.576830 0.416991 0.702414
vn -0.576830 0.416991 0.702414
vn -0.576830 0.416991 0.702414
vn -0.576830 0.416991 0.702414
vn -0.576830 0.416991 0.702414
vn -0.576830 0.416991 0.702414
vn -0.576830 0.416991 0.702414
vn -0.576830 0.416991 0.702414
vn -0.576830 0.416991 0.702414
vn -0.576830 0.416991 0.702414
vn -0.576830 0.416991 0.702414
vn -0.576830 0.416991 0.702414
vn -0.576830 0.416991 0.702414
vn -0.576830 0.416991 0.702414
vn -0.576830 0.416991 0.702414
vn -0.576830 0.416991 0.702414
vn -0.576830 0.416991 0.702414
vn -0.576830 0.416991 0.702414
vn -0.576830 0.416991 0.702414
vn -0.576830 0.416991 0.702414
vn -0.576830 0.416991 0.702414
vn -0.576830 0.416991 0.702414
vn -0.576830 0.416991 0.702414
vn -0.576830 0.416991 0.702414
vn -0.576830 0.416991 0.702414
vn -0.576830 0.416991 0.702414
vn -0.576830 0.416991 0.702414
vn -0.576830 0.416991 0.702414
vn -0.576830 0.416991 0.702414
vn -0.576830 0.416991 0.702414
vn -0.576830 0.416991 0.702414
vn -0.576830 0.416991 0.702414
vn -0.576830 0.416991 0.702414
vn -0.576830 0.416991 0.702414
vn 0.549328 -0.410300 0.727937
vn 0.549328 -0.410300 0.727937
vn 0.549328 -0.410300 0.727937
vn 0.549328 -0.410300 0.727937
vn 0.549328 -0.410300 0.727937
vn 0.549328 -0.410300 0.727937
vn 0.549328 -0.410300 0.727937
vn 0.549328 -0.410300 0.727937
vn 0.549328 -0.410300 0.727937
vn 0.549328 -0.410300 0.727937
vn 0.549328 -0.410300 0.727937
vn 0.549328 -0.410300 0.727937
vn 0.549328 -0.410300 0.727937
vn 0.549328 -0.410300 0.727937
vn 0.549328 -0.410300 0.727937
vn 0.549328 -0.410300 0.727937
vn 0.549328 -0.410300 0.727937
vn 0.549328 -0.410300 0.727937
vn 0.549328 -0.410300 0.727937
vn 0.549328 -0.410300 0.727937
vn 0.549328 -0.410300 0.727937
vn 0.549328 -0.410300 0.727937
vn 0.549328 -0.410300 0.727937
vn 0.549328 -0.410300 0.727937
vn 0.549328 -0.410300 0.727937
vn 0.549328 -0.410300 0.727937
vn 0.549328 -0.410300 0.727937
vn 0.549328 -0.410300 0.727937
vn 0.549328 -0.410300 0.727937
vn 0.549328 -0.410300 0.727937
vn 0.549328 -0.410300 0.727937
vn 0.549328 -0.410300 0.727937
vn 0.549328 -0.410300 0.727937
vn 0.549328 -0.410300 0.727937
vn 0.549328 -0.410300 0.727937
vn 0.549328 -0.410300 0.727937
vn 0.549328 -0.410300 0.727937
vn 0.549328 -0.410300 0.727937
vn 0.549328 -0.410300 0.727937
vn 0.549328 -0.410300 0.727937
vn 0.549328 -0.410300 0.727937
vn 0.549328 -0.410300 0.727937
vn 0.549328 -0.410300 0.727937
vn 0.549328 -0.410300 0.727937
vn 0.549328 -0.410300 0.727937
vn 0.549328 -0.410300 0.727937
vn 0.549328 -0.410300 0.727937
vn 0.549328 -0.410300 0.727937
vn 0.549328 -0.410300 0.727937
vn 0.549328 -0.410300 0.727937
vn 0.549328 -0.410300 0.727937
vn 0.549328 -0.410300 0.727937
vn 0.549328 -0.410300 0.727937
vn 0.549328 -0.410300 0.727937
vn 0.549328 -0.410300 0.727937
vn 0.549328 -0.410300 0.727937
vn 0.549328 -0.410300 0.727937
vn 0.549328 -0.410300 0.727937
vn 0.549328 -0.410300 0.727937
vn 0.549328 -0.410300 0.727937
vn 0.549328 -0.410300 0.727937
vn 0.549328 -0.410300 0.727937
vn 0.549328 -0.410300 0.727937
vn 0.549328 -0.410300 0.727937
vn 0.549328 -0.410300 0.727937
vn 0.549328 -0.410300 0.727937
vn 0.549328 -0.410300 0.727937
vn 0.549328 -0.410300 0.727937
vn 0.549328 -0.410300 0.727937
vn 0.549328 -0.410300 0.727937
vn 0.549328 -0.410300 0.727937
vn 0.549328 -0.410300 0.727937
vn 0.549328 -0.410300 0.727937
vn 0.549328 -0.410300 0.727937
vn 0.549328 -0.410300 0.727937
vn 0.549328 -0.410300 0.727937
vn 0.549328 -0.410300 0.727937
vn 0.549328 -0.410300 0.727937
vn 0.549328 -0.410300 0.727937
vn 0.549328 -0.410300 0.727937
vn 0.549328 -0.410300 0.727937
vn 0.549328 -0.410300 0.727937
vn 0.549328 -0.410300 0.727937
vn 0.549328 -0.410300 0.727937
vn 0.549328 -0.410300 0.727937
vn 0.549328 -0.410300 0.727937
vn 0.549328 -0.410300 0.727937
vn 0.549328 -0.410300 0.727937
vn 0.549328 -0.410300 0.727937
vn 0.549328 -0.410300 0.727937
vn 0.549328 -0.410300 0.727937
vn 0.549328 -0.410300 0.727937
vn 0.549328 -0.410300 0.727937
vn 0.549328 -0.410300 0.727937
vn 0.549328 -0.410300 0.727937
vn 0.549328 -0.410300 0.727937
vn 0.549328 -0.410300 0.727937
vn -0.428235 -0.600460 0.675324
vn -0.428235 -0.600460 0.675324
vn -0.428235 -0.600460 0.675324
vn -0.428235 -0.600460 0.675324
vn -0.428235 -0.600460 0.675324
vn -0.428235 -0.600460 0.675324
vn -0.428235 -0.600460 0.675324
vn -0.428235 -0.600460 0.675324
vn -0.428235 -0.600460 0.675324
vn -0.428235 -0.600460 0.675324
vn -0.428235 -0.600460 0.675324
vn -0.428235 -0.600460 0.675324
vn -0.428235 -0.600460 0.675324
vn -0.428235 -0.600460 0.675324
vn -0.428235 -0.600460 0.675324
vn -0.428235 -0.600460 0.675324
vn -0.428235 -0.600460 0.675324
vn -0.428235 -0.600460 0.675324
vn -0.428235 -0.600460 0.675324
vn -0.428235 -0.600460 0.675324
vn -0.428235 -0.600460 0.675324
vn -0.428235 -0.600460 0.675324
vn -0.428235 -0.600460 0.675324
vn -0.428235 -0.600460 0.675324
vn -0.428235 -0.600460 0.675324
vn -0.428235 -0.600460 0.675324
vn -0.428235 -0.600460 0.675324
vn -0.428235 -0.600460 0.675324
vn -0.428235 -0.600460 0.675324
vn -0.428235 -0.600460 0.675324
vn -0.428235 -0.600460 0.675324
vn -0.428235 -0.600460 0.675324
vn -0.428235 -0.600460 0.675324
vn -0.428235 -0.600460 0.675324
vn -0.428235 -0.600460 0.675324
vn -0.428235 -0.600460 0.675324
vn -0.428235 -0.600460 0.675324
vn -0.428235 -0.600460 0.675324
vn -0.428235 -0.600460 0.675324
vn -0.428235 -0.600460 0.675324
vn -0.428235 -0.600460 0.675324
vn -0.428235 -0.600460 0.675324
vn -0.428235 -0.600460 0.675324
vn -0.428235 -0.600460 0.675324
vn -0.428235 -0.600460 0.675324
vn -0.428235 -0.600460 0.675324
vn -0.428235 -0.600460 0.675324
vn -0.428235 -0.600460 0.675324
vn -0.428235 -0.600460 0.675324
vn -0.428235 -0.600460 0.675324
vn -0.428235 -0.600460 0.675324
vn -0.428235 -0.600460 0.675324
vn -0.428235 -0.600460 0.675324
vn -0.428235 -0.600460 0.675324
vn -0.428235 -0.600460 0.675324
vn -0.428235 -0.600460 0.675324
vn -0.428235 -0.600460 0.675324
vn -0.428235 -0.600460 0.675324
vn -0.428235 -0.600460 0.675324
vn -0.428235 -0.600460 0.675324
vn -0.428235 -0.600460 0.675324
vn -0.428235 -0.600460 0.675324
vn -0.428235 -0.600460 0.675324
vn -0.428235 -0.600460 0.675324
vn -0.428235 -0.600460 0.675324
vn -0.428235 -0.600460 0.675324
vn -0.428235 -0.600460 0.675324
vn -0.428235 -0.600460 0.675324
vn -0.428235 -0.600460 0.675324
vn -0.428235 -0.600460 0.675324
vn -0.428235 -0.600460 0.675324
vn -0.428235 -0.600460 0.675324
vn -0.428235 -0.600460 0.675324
vn -0.428235 -0.600460 0.675324
vn -0.428235 -0.600460 0.675324
vn -0.428235 -0.600460 0.675324
vn -0.428235 -0.600460 0.675324
vn -0.428235 -0.600460 0.675324
vn -0.428235 -0.600460 0.675324
vn -0.428235 -0.600460 0.675324
vn -0.428235 -0.600460 0.675324
vn -0.428235 -0.600460 0.675324
vn -0.428235 -0.600460 0.675324
vn -0.428235 -0.600460 0.675324
vn -0.428235 -0.600460 0.675324
vn -0.428235 -0.600460 0.675324
vn -0.428235 -0.600460 0.675324
vn -0.428235 -0.600460 0.675324
vn -0.428235 -0.600460 0.675324
vn -0.428235 -0.600460 0.675324
vn -0.428235 -0.600460 0.675324
vn -0.428235 -0.600460 0.675324
vn -0.428235 -0.600460 0.675324
vn -0.428235 -0.600460 0.675324
vn -0.428235 -0.600460 0.675324
vn -0.428235 -0.600460 0.675324
vn -0.428235 -0.600460 0.675324
vn -0.428235 -0.600460 0.675324
vn -0.428235 -0.600460 0.675324
vn -0.428235 -0.600460 0.675324
vn -0.428235 -0.600460 0.675324
vn -0.428235 -0.600460 0.675324
vn -0.428235 -0.600460 0.675324
vn -0.428235 -0.600460 0.675324
vn -0.428235 -0.600460 0.675324
vn -0.428235 -0.600460 0.675324
vn -0.428235 -0.600460 0.675324
vn -0.428235 -0.600460 0.675324
vn -0.428235 -0.600460 0.675324
vn -0.428235 -0.600460 0.675324
vn -0.428235 -0.600460 0.675324
vn -0.428235 -0.600460 0.675324
vn -0.428235 -0.600460 0.675324
vn -0.428235 -0.600460 0.675324
vn -0.428235 -0.600460 0.675324
vn -0.428235 -0.600460 0.675324
vn -0.428235 -0.600460 0.675324
vn -0.428235 -0.600460 0.675324
vn -0.428235 -0.600460 0.675324
vn -0.428235 -0.600460 0.675324
vn -0.428235 -0.600460 0.675324
vn -0.428235 -0.600460 0.675324
vn -0.428235 -0.600460 0.675324
vn -0.428235 -0.600460 0.675324
vn -0.428235 -0.600460 0.675324
vn -0.428235 -0.600460 0.675324
vn -0.428235 -0.600460 0.675324
vn -0.428235 -0.600460 0.675324
vn -0.428235 -0.600460 0.675324
vn -0.428235 -0.600460 0.675324
vn -0.428235 -0.600460 0.675324
vn -0.428235 -0.600460 0.675324
vn -0.428235 -0.600460 0.675324
vn -0.428235 -0.600460 0.675324
vn -0.428235 -0.600460 0.675324
vn -0.428235 -0.600460 0.675324
vn -0.428235 -0.600460 0.675324
vn -0.428235 -0.600460 0.675324
vn -0.428235 -0.600460 0.675324
vn -0.428235 -0.600460 0.675324
vn -0.428235 -0.600460 0.675324
vn -0.428235 -0.600460 0.675324
vn -0.428235 -0.600460 0.675324
vn -0.428235 -0.600460 0.675324
vn -0.428235 -0.600460 0.675324
vn -0.428235 -0.600460 0.675324
vn -0.428235 -0.600460 0.675324
vn -0.428235 -0.600460 0.675324
vn -0.428235 -0.600460 0.675324
vn -0.428235 -0.600460 0.675324
vn -0.428235 -0.600460 0.675324
vn -0.428235 -0.600460 0.675324
vn -0.428235 -0.600460 0.675324
vn -0.428235 -0.600460 0.675324
vn -0.428235 -0.600460 0.675324
vn -0.428235 -0.600460 0.675324
vn -0.428235 -0.600460 0.675324
vn -0.428235 -0.600460 0.675324
vn -0.428235 -0.600460 0.675324
vn -0.428235 -0.600460 0.675324
vn -0.428235 -0.600460 0.675324
vn -0.428235 -0.600460 0.675324
vn -0.428235 -0.600460 0.675324
vn -0.428235 -0.600460 0.675324
vn -0.428235 -0.600460 0.675324
vn -0.428235 -0.600460 0.675324
vn -0.428235 -0.600460 0.675324
vn -0.428235 -0.600460 0.675324
vn -0.428235 -0.600460 0.675324
vn -0.428235 -0.600460 0.675324
vn -0.428235 -0.600460 0.675324
vn -0.428235 -0.600460 0.675324
vn -0.428235 -0.600460 0.675324
vn -0.428235 -0.600460 0.675324
vn -0.428235 -0.600460 0.675324
vn -0.428235 -0.600460 0.675324
vn -0.428235 -0.600460 0.675324
vn -0.428235 -0.600460 0.675324
vn -0.428235 -0.600460 0.675324
vn -0.428235 -0.600460 0.675324
vn -0.428235 -0.600460 0.675324
vn -0.428235 -0.600460 0.675324
vn -0.428235 -0.600460 0.675324
vn -0.428235 -0.600460 0.675324
vn -0.428235 -0.600460 0.675324
vn -0.428235 -0.600460 0.675324
vn -0.428235 -0.600460 0.675324
vn -0.428235 -0.600460 0.675324
vn -0.428235 -0.600460 0.675324
vn -0.428235 -0.600460 0.675324
vn -0.428235 -0.600460 0.675324
vn -0.428235 -0.600460 0.675324
vn -0.428235 -0.600460 0.675324
vn -0.428235 -0.600460 0.675324
vn -0.428235 -0.600460 0.675324
vn -0.428235 -0.600460 0.675324
vn -0.428235 -0.600460 0.675324
vn -0.428235 -0.600460 0.675324
vn -0.428235 -0.600460 0.675324
vn -0.428235 -0.600460 0.675324
vn -0.428235 -0.600460 0.675324
vn -0.428235 -0.600460 0.675324
vn -0.428235 -0.600460 0.675324
vn -0.428235 -0.600460 0.675324
vn -0.428235 -0.600460 0.675324
vn -0.428235 -0.600460 0.675324
vn -0.428235 -0.600460 0.675324
vn -0.428235 -0.600460 0.675324
vn -0.428235 -0.600460 0.675324
vn -0.428235 -0.600460 0.675324
vn -0.428235 -0.600460 0.675324
vn -0.428235 -0.600460 0.675324
vn -0.428235 -0.600460 0.675324
vn -0.428235 -0.600460 0.675324
vn -0.428235 -0.600460 0.675324
vn -0.428235 -0.600460 0.675324
vn -0.428235 -0.600460 0.675324
vn -0.428235 -0.600460 0.675324
vn -0.428235 -0.600460 0.675324
vn -0.428235 -0.600460 0.675324
vn -0.428235 -0.600460 0.675324
vn -0.428235 -0.600460 0.675324
vn -0.428235 -0.600460 0.675324
vn -0.428235 -0.600460 0.675324
vn -0.428235 -0.600460 0.675324
vn -0.428235 -0.600460 0.675324
vn -0.428235 -0.600460 0.675324
vn -0.428235 -0.600460 0.675324
vn -0.428235 -0.600460 0.675324
vn -0.428235 -0.600460 0.675324
vn -0.428235 -0.600460 0.675324
vn -0.428235 -0.600460 0.675324
vn -0.428235 -0.600460 0.675324
vn -0.428235 -0.600460 0.675324
vn -0.428235 -0.600460 0.675324
vn -0.428235 -0.600460 0.675324
vn -0.428235 -0.600460 0.675324
vn -0.428235 -0.600460 0.675324
vn -0.428235 -0.600460 0.675324
vn -0.428235 -0.600460 0.675324
vn -0.428235 -0.600460 0.675324
vn -0.428235 -0.600460 0.675324
vn -0.428235 -0.600460 0.675324
vn -0.428235 -0.600460 0.675324
vn -0.428235 -0.600460 0.675324
vn -0.428235 -0.600460 0.675324
vn -0.428235 -0.600460 0.675324
vn -0.428235 -0.600460 0.675324
vn -0.428235 -0.600460 0.675324
vn -0.428235 -0.600460 0.675324
vn -0.428235 -0.600460 0.675324
vn -0.428235 -0.600460 0.675324
vn -0.428235 -0.600460 0.675324
vn -0.428235 -0.600460 0.675324
vn -0.428235 -0.600460 0.675324
vn -0.428235 -0.600460 0.675324
vn -0.428235 -0.600460 0.675324
vn -0.428235 -0.600460 0.675324
vn -0.428235 -0.600460 0.675324
vn -0.428235 -0.600460 0.675324
vn -0.428235 -0.600460 0.675324
vn -0.428235 -0.600460 0.675324
vn -0.428235 -0.600460 0.675324
vn -0.428235 -0.600460 0.675324
vn -0.428235 -0.600460 0.675324
vn -0.428235 -0.600460 0.675324
vn -0.428235 -0.600460 0.675324
vn -0.428235 -0.600460 0.675324
vn -0.428235 -0.600460 0.675324
vn -0.428235 -0.600460 0.675324
vn -0.428235 -0.600460 0.675324
vn -0.428235 -0.600460 0.675324
vn -0.428235 -0.600460 0.675324
vn -0.428235 -0.600460 0.675324
vn -0.428235 -0.600460 0.675324
vn -0.428235 -0.600460 0.675324
vn -0.428235 -0.600460 0.675324
vn -0.428235 -0.600460 0.675324
vn -0.428235 -0.600460 0.675324
vn -0.428235 -0.600460 0.675324
vn -0.428235 -0.600460 0.675324
vn -0.428235 -0.600460 0.675324
vn -0.428235 -0.600460 0.675324
vn -0.428235 -0.600460 0.675324
vn -0.428235 -0.600460 0.675324
vn -0.428235 -0.600460 0.675324
vn -0.428235 -0.600460 0.675324
vn -0.428235 -0.600460 0.675324
vn -0.428235 -0.600460 0.675324
vn -0.428235 -0.600460 0.675324
vn -0.428235 -0.600460 0.675324
vn -0.428235 -0.600460 0.675324
vn -0.428235 -0.600460 0.675324
vn -0.428235 -0.600460 0.675324
vn -0.428235 -0.600460 0.675324
vn -0.428235 -0.600460 0.675324
vn -0.428235 -0.600460 0.675324
vn -0.428235 -0.600460 0.675324
vn -0.428235 -0.600460 0.675324
vn -0.428235 -0.600460 0.675324
vn -0.428235 -0.600460 0.675324
vn -0.428235 -0.600460 0.675324
vn -0.428235 -0.600460 0.675324
vn -0.428235 -0.600460 0.675324
vn -0.428235 -0.600460 0.675324
vn -0.428235 -0.600460 0.675324
vn -0.428235 -0.600460 0.675324
vn -0.428235 -0.600460 0.675324
vn -0.428235 -0.600460 0.675324
vn -0.428235 -0.600460 0.675324
vn -0.428235 -0.600460 0.675324
vn -0.428235 -0.600460 0.675324
vn -0.428235 -0.600460 0.675324
vn -0.428235 -0.600460 0.675324
vn -0.428235 -0.600460 0.675324
vn -0.428235 -0.600460 0.675324
vn -0.428235 -0.600460 0.675324
vn -0.428235 -0.600460 0.675324
vn -0.428235 -0.600460 0.675324
vn -0.428235 -0.600460 0.675324
vn -0.428235 -0.600460 0.675324
vn -0.428235 -0.600460 0.675324
vn -0.428235 -0.600460 0.675324
vn -0.428235 -0.600460 0.675324
vn -0.428235 -0.600460 0.675324
vn -0.428235 -0.600460 0.675324
vn -0.428235 -0.600460 0.675324
vn -0.428235 -0.600460 0.675324
vn -0.428235 -0.600460 0.675324
vn -0.428235 -0.600460 0.675324
vn -0.428235 -0.600460 0.675324
vn -0.428235 -0.600460 0.675324
vn -0.428235 -0.600460 0.675324
vn -0.428235 -0.600460 0.675324
vn -0.428235 -0.600460 0.675324
vn -0.428235 -0.600460 0.675324
vn -0.428235 -0.600460 0.675324
vn -0.428235 -0.600460 0.675324
vn -0.428235 -0.600460 0.675324
vn -0.428235 -0.600460 0.675324
vn -0.428235 -0.600460 0.675324
vn -0.428235 -0.600460 0.675324
vn -0.428235 -0.600460 0.675324
vn -0.428235 -0.600460 0.675324
vn -0.428235 -0.600460 0.675324
vn -0.428235 -0.600460 0.675324
vn -0.428235 -0.600460 0.675324
vn -0.428235 -0.600460 0.675324
vn -0.428235 -0.600460 0.675324
vn -0.428235 -0.600460 0.675324
vn -0.428235 -0.600460 0.675324
vn -0.428235 -0.600460 0.675324
vn -0.428235 -0.600460 0.675324
vn -0.428235 -0.600460 0.675324
vn -0.428235 -0.600460 0.675324
vn -0.428235 -0.600460 0.675324
vn -0.428235 -0.600460 0.675324
vn -0.428235 -0.600460 0.675324
vn -0.428235 -0.600460 0.675324
vn -0.428235 -0.600460 0.675324
vn -0.428235 -0.600460 0.675324
vn -0.428235 -0.600460 0.675324
vn -0.428235 -0.600460 0.675324
vn -0.428235 -0.600460 0.675324
vn -0.428235 -0.600460 0.675324
vn -0.428235 -0.600460 0.675324
vn -0.428235 -0.600460 0.675324
vn -0.428235 -0.600460 0.675324
vn -0.428235 -0.600460 0.675324
vn -0.428235 -0.600460 0.675324
vn -0.428235 -0.600460 0.675324
vn -0.428235 -0.600460 0.675324
vn -0.428235 -0.600460 0.675324
vn -0.428235 -0.600460 0.675324
vn -0.428235 -0.600460 0.675324
vn -0.428235 -0.600460 0.675324
vn -0.428235 -0.600460 0.675324
vn -0.428235 -0.600460 0.675324
vn -0.428235 -0.600460 0.675324
vn -0.428235 -0.600460 0.675324
vn -0.428235 -0.600460 0.675324
vn -0.428235 -0.600460 0.675324
vn -0.428235 -0.600460 0.675324
vn -0.428235 -0.600460 0.675324
vn -0.428235 -0.600460 0.675324
vn -0.428235 -0.600460 0.675324
vn -0.428235 -0.600460 0.675324
vn -0.428235 -0.600460 0.675324
vn -0.428235 -0.600460 0.675324
vn -0.428235 -0.600460 0.675324
vn -0.428235 -0.600460 0.675324
vn -0.428235 -0.600460 0.675324
vn -0.428235 -0.600460 0.675324
vn -0.428235 -0.600460 0.675324
vn -0.428235 -0.600460 0.675324
vn -0.428235 -0.600460 0.675324
vn -0.428235 -0.600460 0.675324
vn -0.428235 -0.600460 0.675324
vn -0.428235 -0.600460 0.675324
vn -0.428235 -0.600460 0.675324
vn -0.428235 -0.600460 0.675324
vn -0.428235 -0.600460 0.675324
vn -0.428235 -0.600460 0.675324
vn -0.428235 -0.600460 0.675324
vn -0.428235 -0.600460 0.675324
vn -0.428235 -0.600460 0.675324
vn -0.428235 -0.600460 0.675324
vn -0.428235 -0.600460 0.675324
vn -0.428235 -0.600460 0.675324
vn -0.428235 -0.600460 0.675324
vn -0.428235 -0.600460 0.675324
vn -0.428235 -0.600460 0.675324
vn -0.428235 -0.600460 0.675324
vn -0.428235 -0.600460 0.675324
vn -0.428235 -0.600460 0.675324
vn -0.428235 -0.600460 0.675324
vn -0.428235 -0.600460 0.675324
vn -0.428235 -0.600460 0.675324
vn -0.428235 -0.600460 0.675324
vn -0.428235 -0.600460 0.675324
vn -0.428235 -0.600460 0.675324
vn -0.428235 -0.600460 0.675324
vn -0.428235 -0.600460 0.675324
vn -0.428235 -0.600460 0.675324
vn -0.428235 -0.600460 0.675324
vn -0.428235 -0.600460 0.675324
vn -0.428235 -0.600460 0.675324
vn -0.428235 -0.600460 0.675324
vn -0.428235 -0.600460 0.675324
vn -0.428235 -0.600460 0.675324
vn -0.428235 -0.600460 0.675324
vn -0.428235 -0.600460 0.675324
vn -0.428235 -0.600460 0.675324
vn -0.428235 -0.600460 0.675324
vn -0.428235 -0.600460 0.675324
vn -0.428235 -0.600460 0.675324
vn -0.428235 -0.600460 0.675324
vn -0.428235 -0.600460 0.675324
vn -0.428235 -0.600460 0.675324
vn -0.428235 -0.600460 0.675324
vn -0.428235 -0.600460 0.675324
vn -0.428235 -0.600460 0.675324
vn -0.428235 -0.600460 0.675324
vn -0.428235 -0.600460 0.675324
vn -0.428235 -0.600460 0.675324
vn -0.428235 -0.600460 0.675324
vn -0.428235 -0.600460 0.675324
vn -0.428235 -0.600460 0.675324
vn -0.428235 -0.600460 0.675324
vn -0.428235 -0.600460 0.675324
vn -0.428235 -0.600460 0.675324
vn -0.428235 -0.600460 0.675324
vn -0.428235 -0.600460 0.675324
vn -0.428235 -0.600460 0.675324
vn -0.428235 -0.600460 0.675324
vn -0.428235 -0.600460 0.675324
vn -0.428235 -0.600460 0.675324
vn -0.428235 -0.600460 0.675324
vn -0.428235 -0.600460 0.675324
vn -0.428235 -0.600460 0.675324
vn -0.428235 -0.600460 0.675324
vn -0.428235 -0.600460 0.675324
vn -0.428235 -0.600460 0.675324
vn -0.428235 -0.600460 0.675324
vn -0.428235 -0.600460 0.675324
vn -0.428235 -0.600460 0.675324
vn -0.428235 -0.600460 0.675324
vn -0.428235 -0.600460 0.675324
vn -0.428235 -0.600460 0.675324
vn -0.428235 -0.600460 0.675324
vn -0.428235 -0.600460 0.675324
vn -0.428235 -0.600460 0.675324
vn -0.428235 -0.600460 0.675324
vn -0.428235 -0.600460 0.675324
vn -0.428235 -0.600460 0.675324
vn -0.428235 -0.600460 0.675324
vn -0.428235 -0.600460 0.675324
vn -0.428235 -0.600460 0.675324
vn -0.428235 -0.600460 0.675324
vn -0.428235 -0.600460 0.675324
vn -0.428235 -0.600460 0.675324
vn -0.428235 -0.600460 0.675324
vn -0.428235 -0.600460 0.675324
vn -0.428235 -0.600460 0.675324
vn -0.428235 -0.600460 0.675324
vn -0.428235 -0.600460 0.675324
vn -0.428235 -0.600460 0.675324
vn -0.428235 -0.600460 0.675324
vn -0.428235 -0.600460 0.675324
vn -0.428235 -0.600460 0.675324
vn -0.428235 -0.600460 0.675324
vn -0.428235 -0.600460 0.675324
vn -0.428235 -0.600460 0.675324
vn -0.428235 -0.600460 0.675324
vn -0.428235 -0.600460 0.675324
vn -0.428235 -0.600460 0.675324
vn -0.428235 -0.600460 0.675324
vn -0.428235 -0.600460 0.675324
vn -0.428235 -0.600460 0.675324
vn -0.428235 -0.600460 0.675324
vn -0.428235 -0.600460 0.675324
vn -0.428235 -0.600460 0.675324
vn -0.428235 -0.600460 0.675324
vn -0.428235 -0.600460 0.675324
vn -0.428235 -0.600460 0.675324
vn -0.428235 -0.600460 0.675324
vn -0.428235 -0.600460 0.675324
vn -0.428235 -0.600460 0.675324
vn -0.428235 -0.600460 0.675324
vn -0.428235 -0.600460 0.675324
vn -0.428235 -0.600460 0.675324
vn -0.428235 -0.600460 0.675324
vn -0.428235 -0.600460 0.675324
vn -0.428235 -0.600460 0.675324
vn -0.428235 -0.600460 0.675324
vn -0.428235 -0.600460 0.675324
vn -0.428235 -0.600460 0.675324
vn -0.428235 -0.600460 0.675324
vn -0.428235 -0.600460 0.675324
vn -0.428235 -0.600460 0.675324
vn -0.428235 -0.600460 0.675324
vn -0.428235 -0.600460 0.675324
vn -0.428235 -0.600460 0.675324
vn -0.428235 -0.600460 0.675324
vn -0.428235 -0.600460 0.675324
vn -0.428235 -0.600460 0.675324
vn -0.428235 -0.600460 0.675324
vn -0.428235 -0.600460 0.675324
vn -0.428235 -0.600460 0.675324
vn -0.428235 -0.600460 0.675324
vn -0.428235 -0.600460 0.675324
vn -0.428235 -0.600460 0.675324
vn -0.428235 -0.600460 0.675324
vn -0.428235 -0.600460 0.675324
vn -0.428235 -0.600460 0.675324
vn -0.428235 -0.600460 0.675324
vn -0.428235 -0.600460 0.675324
vn -0.428235 -0.600460 0.675324
vn -0.428235 -0.600460 0.675324
vn -0.428235 -0.600460 0.675324
vn -0.428235 -0.600460 0.675324
vn -0.428235 -0.600460 0.675324
vn -0.428235 -0.600460 0.675324
vn -0.428235 -0.600460 0.675324
vn -0.428235 -0.600460 0.675324
vn -0.428235 -0.600460 0.675324
vn -0.428235 -0.600460 0.675324
vn -0.428235 -0.600460 0.675324
vn -0.428235 -0.600460 0.675324
vn -0.428235 -0.600460 0.675324
vn -0.428235 -0.600460 0.675324
vn -0.428235 -0.600460 0.675324
vn -0.428235 -0.600460 0.675324
vn -0.428235 -0.600460 0.675324
vn -0.428235 -0.600460 0.675324
vn -0.428235 -0.600460 0.675324
vn -0.428235 -0.600460 0.675324
vn -0.428235 -0.600460 0.675324
vn -0.428235 -0.600460 0.675324
vn -0.428235 -0.600460 0.675324
vn -0.428235 -0.600460 0.675324
vn -0.428235 -0.600460 0.675324
vn -0.428235 -0.600460 0.675324
vn -0.428235 -0.600460 0.675324
vn -0.428235 -0.600460 0.675324
vn -0.428235 -0.600460 0.675324
vn -0.428235 -0.600460 0.675324
vn -0.428235 -0.600460 0.675324
vn -0.428235 -0.600460 0.675324
vn -0.428235 -0.600460 0.675324
vn -0.428235 -0.600460 0.675324
vn -0.428235 -0.600460 0.675324
vn -0.428235 -0.600460 0.675324
vn -0.428235 -0.600460 0.675324
vn -0.428235 -0.600460 0.675324
vn -0.428235 -0.600460 0.675324
vn -0.428235 -0.600460 0.675324
vn -0.428235 -0.600460 0.675324
vn -0.428235 -0.600460 0.675324
vn -0.428235 -0.600460 0.675324
vn -0.428235 -0.600460 0.675324
vn -0.428235 -0.600460 0.675324
vn -0.428235 -0.600460 0.675324
vn -0.428235 -0.600460 0.675324
vn -0.428235 -0.600460 0.675324
vn -0.428235 -0.600460 0.675324
vn -0.428235 -0.600460 0.675324
vn -0.428235 -0.600460 0.675324
vn -0.428235 -0.600460 0.675324
vn -0.428235 -0.600460 0.675324
vn -0.428235 -0.600460 0.675324
vn -0.428235 -0.600460 0.675324
vn -0.428235 -0.600460 0.675324
vn -0.428235 -0.600460 0.675324
vn -0.428235 -0.600460 0.675324
vn -0.428235 -0.600460 0.675324
vn -0.428235 -0.600460 0.675324
vn -0.428235 -0.600460 0.675324
vn -0.428235 -0.600460 0.675324
vn -0.428235 -0.600460 0.675324
vn -0.428235 -0.600460 0.675324
vn -0.428235 -0.600460 0.675324
vn -0.428235 -0.600460 0.675324
vn -0.428235 -0.600460 0.675324
vn -0.428235 -0.600460 0.675324
vn -0.428235 -0.600460 0.675324
vn -0.428235 -0.600460 0.675324
vn -0.428235 -0.600460 0.675324
vn -0.428235 -0.600460 0.675324
vn -0.428235 -0.600460 0.675324
vn -0.428235 -0.600460 0.675324
vn -0.428235 -0.600460 0.675324
vn -0.428235 -0.600460 0.675324
vn -0.428235 -0.600460 0.675324
vn -0.428235 -0.600460 0.675324
vn -0.428235 -0.600460 0.675324
vn -0.428235 -0.600460 0.675324
vn -0.428235 -0.600460 0.675324
vn -0.428235 -0.600460 0.675324
vn -0.428235 -0.600460 0.675324
vn -0.428235 -0.600460 0.675324
vn -0.428235 -0.600460 0.675324
vn -0.428235 -0.600460 0.675324
vn -0.428235 -0.600460 0.675324
vn -0.428235 -0.600460 0.675324
vn -0.428235 -0.600460 0.675324
vn -0.428235 -0.600460 0.675324
vn -0.428235 -0.600460 0.675324
vn -0.428235 -0.600460 0.675324
vn -0.428235 -0.600460 0.675324
vn -0.428235 -0.600460 0.675324
vn -0.428235 -0.600460 0.675324
vn -0.428235 -0.600460 0.675324
vn -0.428235 -0.600460 0.675324
vn -0.428235 -0.600460 0.675324
vn -0.428235 -0.600460 0.675324
vn -0.428235 -0.600460 0.675324
vn -0.428235 -0.600460 0.675324
vn -0.428235 -0.600460 0.675324
vn -0.428235 -0.600460 0.675324
vn -0.428235 -0.600460 0.675324
vn -0.428235 -0.600460 0.675324
vn -0.428235 -0.600460 0.675324
vn -0.428235 -0.600460 0.675324
vn -0.428235 -0.600460 0.675324
vn -0.428235 -0.600460 0.675324
vn -0.428235 -0.600460 0.675324
vn -0.428235 -0.600460 0.675324
vn -0.428235 -0.600460 0.675324
vn -0.428235 -0.600460 0.675324
vn -0.428235 -0.600460 0.675324
vn -0.428235 -0.600460 0.675324
vn -0.428235 -0.600460 0.675324
vn -0.428235 -0.600460 0.675324
vn -0.428235 -0.600460 0.675324
vn -0.428235 -0.600460 0.675324
vn -0.428235 -0.600460 0.675324
vn -0.428235 -0.600460 0.675324
vn -0.428235 -0.600460 0.675324
vn -0.428235 -0.600460 0.675324
vn -0.428235 -0.600460 0.675324
vn -0.428235 -0.600460 0.675324
vn -0.428235 -0.600460 0.675324
vn -0.428235 -0.600460 0.675324
vn -0.428235 -0.600460 0.675324
vn -0.428235 -0.600460 0.675324
vn -0.428235 -0.600460 0.675324
vn -0.428235 -0.600460 0.675324
vn -0.428235 -0.600460 0.675324
vn -0.428235 -0.600460 0.675324
vn -0.428235 -0.600460 0.675324
vn -0.428235 -0.600460 0.675324
vn -0.428235 -0.600460 0.675324
vn -0.428235 -0.600460 0.675324
vn -0.428235 -0.600460 0.675324
vn -0.428235 -0.600460 0.675324
vn -0.428235 -0.600460 0.675324
vn -0.428235 -0.600460 0.675324
vn -0.428235 -0.600460 0.675324
vn -0.428235 -0.600460 0.675324
vn -0.428235 -0.600460 0.675324
vn -0.428235 -0.600460 0.675324
vn -0.428235 -0.600460 0.675324
vn -0.428235 -0.600460 0.675324
vn -0.428235 -0.600460 0.675324
vn -0.428235 -0.600460 0.675324
vn -0.428235 -0.600460 0.675324
vn -0.428235 -0.600460 0.675324
vn -0.428235 -0.600460 0.675324
vn -0.428235 -0.600460 0.675324
vn -0.428235 -0.600460 0.675324
vn -0.428235 -0.600460 0.675324
vn -0.428235 -0.600460 0.675324
vn -0.428235 -0.600460 0.675324
vn -0.428235 -0.600460 0.675324
vn -0.428235 -0.600460 0.675324
vn -0.428235 -0.600460 0.675324
vn -0.428235 -0.600460 0.675324
vn -0.428235 -0.600460 0.675324
vn -0.428235 -0.600460 0.675324
vn -0.428235 -0.600460 0.675324
vn -0.428235 -0.600460 0.675324
vn -0.428235 -0.600460 0.675324
vn -0.428235 -0.600460 0.675324
vn -0.428235 -0.600460 0.675324
vn -0.428235 -0.600460 0.675324
vn -0.428235 -0.600460 0.675324
vn -0.428235 -0.600460 0.675324
vn -0.428235 -0.600460 0.675324
vn -0.428235 -0.600460 0.675324
vn -0.428235 -0.600460 0.675324
vn -0.428235 -0.600460 0.675324
vn -0.428235 -0.600460 0.675324
vn -0.428235 -0.600460 0.675324
vn -0.428235 -0.600460 0.675324
vn -0.428235 -0.600460 0.675324
vn -0.428235 -0.600460 0.675324
vn -0.428235 -0.600460 0.675324
vn -0.428235 -0.600460 0.675324
vn -0.428235 -0.600460 0.675324
vn -0.428235 -0.600460 0.675324
vn -0.428235 -0.600460 0.675324
vn -0.428235 -0.600460 0.675324
vn -0.428235 -0.600460 0.675324
vn -0.428235 -0.600460 0.675324
vn -0.428235 -0.600460 0.675324
vn -0.428235 -0.600460 0.675324
vn -0.428235 -0.600460 0.675324
vn -0.428235 -0.600460 0.675324
vn -0.428235 -0.600460 0.675324
vn -0.428235 -0.600460 0.675324
vn -0.428235 -0.600460 0.675324
vn -0.428235 -0.600460 0.675324
vn -0.428235 -0.600460 0.675324
vn -0.428235 -0.600460 0.675324
vn -0.428235 -0.600460 0.675324
vn -0.428235 -0.600460 0.675324
vn -0.428235 -0.600460 0.675324
vn -0.428235 -0.600460 0.675324
vn -0.428235 -0.600460 0.675324
vn -0.428235 -0.600460 0.675324
vn -0.428235 -0.600460 0.675324
vn -0.428235 -0.600460 0.675324
vn -0.428235 -0.600460 0.675324
vn -0.428235 -0.600460 0.675324
vn -0.428235 -0.600460 0.675324
vn -0.428235 -0.600460 0.675324
vn -0.428235 -0.600460 0.675324
vn -0.428235 -0.600460 0.675324
vn -0.428235 -0.600460 0.675324
vn -0.428235 -0.600460 0.675324
vn -0.428235 -0.600460 0.675324
vn -0.428235 -0.600460 0.675324
vn -0.428235 -0.600460 0.675324
vn -0.428235 -0.600460 0.675324
vn -0.428235 -0.600460 0.675324
vn -0.428235 -0.600460 0.675324
vn -0.428235 -0.600460 0.675324
vn -0.428235 -0.600460 0.675324
vn -0.428235 -0.600460 0.675324
vn -0.428235 -0.600460 0.675324
vn -0.428235 -0.600460 0.675324
vn -0.428235 -0.600460 0.675324
vn -0.428235 -0.600460 0.675324
vn -0.428235 -0.600460 0.675324
vn -0.428235 -0.600460 0.675324
vn -0.428235 -0.600460 0.675324
vn -0.428235 -0.600460 0.675324
vn -0.428235 -0.600460 0.675324
vn -0.428235 -0.600460 0.675324
vn -0.428235 -0.600460 0.675324
vn -0.428235 -0.600460 0.675324
vn -0.428235 -0.600460 0.675324
vn -0.428235 -0.600460 0.675324
vn -0.428235 -0.600460 0.675324
vn -0.428235 -0.600460 0.675324
vn -0.428235 -0.600460 0.675324
vn -0.428235 -0.600460 0.675324
vn -0.428235 -0.600460 0.675324
vn -0.428235 -0.600460 0.675324
vn -0.428235 -0.600460 0.675324
vn -0.428235 -0.600460 0.675324
vn -0.428235 -0.600460 0.675324
vn -0.428235 -0.600460 0.675324
vn -0.428235 -0.600460 0.675324
vn -0.428235 -0.600460 0.675324
vn -0.428235 -0.600460 0.675324
vn -0.428235 -0.600460 0.675324
vn -0.428235 -0.600460 0.675324
vn -0.428235 -0.600460 0.675324
vn -0.428235 -0.600460 0.675324
vn -0.428235 -0.600460 0.675324
vn -0.428235 -0.600460 0.675324
vn -0.428235 -0.600460 0.675324
vn -0.428235 -0.600460 0.675324
vn -0.428235 -0.600460 0.675324
vn -0.428235 -0.600460 0.675324
vn -0.428235 -0.600460 0.675324
vn -0.428235 -0.600460 0.675324
vn -0.428235 -0.600460 0.675324
vn -0.428235 -0.600460 0.675324
vn -0.428235 -0.600460 0.675324
vn -0.428235 -0.600460 0.675324
vn -0.428235 -0.600460 0.675324
vn -0.428235 -0.600460 0.675324
vn -0.428235 -0.600460 0.675324
vn -0.428235 -0.600460 0.675324
vn -0.428235 -0.600460 0.675324
vn -0.428235 -0.600460 0.675324
vn -0.428235 -0.600460 0.675324
vn -0.428235 -0.600460 0.675324
vn -0.428235 -0.600460 0.675324
vn -0.428235 -0.600460 0.675324
vn -0.428235 -0.600460 0.675324
vn -0.428235 -0.600460 0.675324
vn -0.428235 -0.600460 0.675324
vn -0.428235 -0.600460 0.675324
vn -0.428235 -0.600460 0.675324
vn -0.428235 -0.600460 0.675324
vn -0.428235 -0.600460 0.675324
vn -0.428235 -0.600460 0.675324
vn -0.428235 -0.600460 0.675324
vn -0.428235 -0.600460 0.675324
vn -0.428235 -0.600460 0.675324
vn -0.428235 -0.600460 0.675324
vn -0.428235 -0.600460 0.675324
vn -0.428235 -0.600460 0.675324
vn -0.428235 -0.600460 0.675324
vn -0.428235 -0.600460 0.675324
vn -0.428235 -0.600460 0.675324
vn -0.428235 -0.600460 0.675324
vn -0.428235 -0.600460 0.675324
vn -0.428235 -0.600460 0.675324
vn -0.428235 -0.600460 0.675324
vn -0.428235 -0.600460 0.675324
vn -0.428235 -0.600460 0.675324
vn -0.428235 -0.600460 0.675324
vn -0.428235 -0.600460 0.675324
vn -0.428235 -0.600460 0.675324
vn -0.428235 -0.600460 0.675324
vn -0.428235 -0.600460 0.675324
vn -0.428235 -0.600460 0.675324
vn -0.428235 -0.600460 0.675324
vn -0.428235 -0.600460 0.675324
vn -0.428235 -0.600460 0.675324
vn -0.428235 -0.600460 0.675324
vn -0.428235 -0.600460 0.675324
vn -0.428235 -0.600460 0.675324
vn -0.428235 -0.600460 0.675324
vn -0.428235 -0.600460 0.675324
vn -0.428235 -0.600460 0.675324
vn -0.428235 -0.600460 0.675324
vn -0.428235 -0.600460 0.675324
vn -0.428235 -0.600460 0.675324
vn -0.428235 -0.600460 0.675324
vn -0.428235 -0.600460 0.675324
vn -0.428235 -0.600460 0.675324
vn -0.428235 -0.600460 0.675324
vn -0.428235 -0.600460 0.675324
vn -0.428235 -0.600460 0.675324
vn -0.428235 -0.600460 0.675324
vn -0.428235 -0.600460 0.675324
vn -0.428235 -0.600460 0.675324
vn -0.428235 -0.600460 0.675324
vn -0.428235 -0.600460 0.675324
vn -0.428235 -0.600460 0.675324
vn -0.428235 -0.600460 0.675324
vn -0.428235 -0.600460 0.675324
vn -0.428235 -0.600460 0.675324
vn -0.428235 -0.600460 0.675324
vn -0.428235 -0.600460 0.675324
vn -0.428235 -0.600460 0.675324
vn -0.428235 -0.600460 0.675324
vn -0.428235 -0.600460 0.675324
vn -0.428235 -0.600460 0.675324
vn -0.428235 -0.600460 0.675324
vn -0.428235 -0.600460 0.675324
vn -0.428235 -0.600460 0.675324
vn -0.428235 -0.600460 0.675324
vn -0.428235 -0.600460 0.675324
vn -0.428235 -0.600460 0.675324
vn -0.428235 -0.600460 0.675324
vn -0.428235 -0.600460 0.675324
vn -0.428235 -0.600460 0.675324
vn -0.428235 -0.600460 0.675324
vn -0.428235 -0.600460 0.675324
vn -0.428235 -0.600460 0.675324
vn -0.428235 -0.600460 0.675324
vn -0.428235 -0.600460 0.675324
vn -0.428235 -0.600460 0.675324
vn -0.428235 -0.600460 0.675324
vn -0.428235 -0.600460 0.675324
vn -0.428235 -0.600460 0.675324
vn -0.428235 -0.600460 0.675324
vn -0.428235 -0.600460 0.675324
vn -0.428235 -0.600460 0.675324
vn -0.428235 -0.600460 0.675324
vn -0.428235 -0.600460 0.675324
vn -0.428235 -0.600460 0.675324
vn -0.428235 -0.600460 0.675324
vn -0.428235 -0.600460 0.675324
vn -0.428235 -0.600460 0.675324
vn -0.428235 -0.600460 0.675324
vn -0.428235 -0.600460 0.675324
vn -0.428235 -0.600460 0.675324
vn -0.428235 -0.600460 0.675324
vn -0.428235 -0.600460 0.675324
vn -0.428235 -0.600460 0.675324
vn -0.428235 -0.600460 0.675324
vn -0.428235 -0.600460 0.675324
vn -0.428235 -0.600460 0.675324
vn -0.428235 -0.600460 0.675324
vn -0.428235 -0.600460 0.675324
vn -0.428235 -0.600460 0.675324
vn -0.428235 -0.600460 0.675324
vn -0.428235 -0.600460 0.675324
vn -0.428235 -0.600460 0.675324
vn -0.428235 -0.600460 0.675324
vn -0.428235 -0.600460 0.675324
vn -0.428235 -0.600460 0.675324
vn -0.428235 -0.600460 0.675324
vn -0.428235 -0.600460 0.675324
vn -0.428235 -0.600460 0.675324
vn -0.428235 -0.600460 0.675324
vn -0.428235 -0.600460 0.675324
vn -0.428235 -0.600460 0.675324
vn -0.428235 -0.600460 0.675324
vn -0.428235 -0.600460 0.675324
vn -0.428235 -0.600460 0.675324
vn -0.428235 -0.600460 0.675324
vn -0.428235 -0.600460 0.675324
vn -0.428235 -0.600460 0.675324
vn -0.428235 -0.600460 0.675324
vn -0.428235 -0.600460 0.675324
vn -0.428235 -0.600460 0.675324
vn -0.428235 -0.600460 0.675324
vn -0.428235 -0.600460 0.675324
vn -0.428235 -0.600460 0.675324
vn -0.428235 -0.600460 0.675324
vn -0.428235 -0.600460 0.675324
vn -0.428235 -0.600460 0.675324
vn -0.428235 -0.600460 0.675324
vn -0.428235 -0.600460 0.675324
vn -0.428235 -0.600460 0.675324
vn -0.428235 -0.600460 0.675324
vn -0.428235 -0.600460 0.675324
vn -0.428235 -0.600460 0.675324
vn -0.428235 -0.600460 0.675324
vn -0.428235 -0.600460 0.675324
vn -0.428235 -0.600460 0.675324
vn -0.428235 -0.600460 0.675324
vn -0.428235 -0.600460 0.675324
vn -0.428235 -0.600460 0.675324
vn -0.428235 -0.600460 0.675324
vn -0.428235 -0.600460 0.675324
vn -0.428235 -0.600460 0.675324
vn -0.428235 -0.600460 0.675324
vn -0.428235 -0.600460 0.675324
vn -0.428235 -0.600460 0.675324
vn -0.428235 -0.600460 0.675324
vn -0.428235 -0.600460 0.675324
vn -0.428235 -0.600460 0.675324
vn -0.428235 -0.600460 0.675324
vn -0.428235 -0.600460 0.675324
vn -0.428235 -0.600460 0.675324
vn -0.428235 -0.600460 0.675324
vn -0.428235 -0.600460 0.675324
vn -0.428235 -0.600460 0.675324
vn -0.428235 -0.600460 0.675324
vn -0.428235 -0.600460 0.675324
vn -0.428235 -0.600460 0.675324
vn -0.428235 -0.600460 0.675324
vn -0.428235 -0.600460 0.675324
vn -0.428235 -0.600460 0.675324
vn -0.428235 -0.600460 0.675324
vn -0.428235 -0.600460 0.675324
vn -0.428235 -0.600460 0.675324
vn -0.428235 -0.600460 0.675324
vn -0.428235 -0.600460 0.675324
vn -0.428235 -0.600460 0.675324
vn -0.428235 -0.600460 0.675324
vn -0.428235 -0.600460 0.675324
vn -0.428235 -0.600460 0.675324
vn -0.428235 -0.600460 0.675324
vn -0.428235 -0.600460 0.675324
vn -0.428235 -0.600460 0.675324
vn -0.428235 -0.600460 0.675324
vn -0.428235 -0.600460 0.675324
vn -0.428235 -0.600460 0.675324
vn -0.428235 -0.600460 0.675324
vn -0.428235 -0.600460 0.675324
vn -0.428235 -0.600460 0.675324
vn -0.428235 -0.600460 0.675324
vn -0.428235 -0.600460 0.675324
vn -0.428235 -0.600460 0.675324
vn -0.428235 -0.600460 0.675324
vn -0.428235 -0.600460 0.675324
vn -0.428235 -0.600460 0.675324
vn -0.428235 -0.600460 0.675324
vn -0.428235 -0.600460 0.675324
vn -0.428235 -0.600460 0.675324
vn -0.428235 -0.600460 0.675324
vn -0.428235 -0.600460 0.675324
vn -0.428235 -0.600460 0.675324
vn -0.428235 -0.600460 0.675324
vn -0.428235 -0.600460 0.675324
vn -0.428235 -0.600460 0.675324
vn -0.428235 -0.600460 0.675324
vn -0.428235 -0.600460 0.675324
vn -0.428235 -0.600460 0.675324
vn -0.428235 -0.600460 0.675324
vn -0.428235 -0.600460 0.675324
vn -0.428235 -0.600460 0.675324
vn -0.428235 -0.600460 0.675324
vn -0.428235 -0.600460 0.675324
vn -0.428235 -0.600460 0.675324
vn -0.428235 -0.600460 0.675324
vn -0.428235 -0.600460 0.675324
vn -0.428235 -0.600460 0.675324
vn -0.428235 -0.600460 0.675324
vn -0.428235 -0.600460 0.675324
vn -0.428235 -0.600460 0.675324
vn -0.428235 -0.600460 0.675324
vn -0.428235 -0.600460 0.675324
vn -0.428235 -0.600460 0.675324
vn -0.428235 -0.600460 0.675324
vn -0.428235 -0.600460 0.675324
vn -0.428235 -0.600460 0.675324
vn -0.428235 -0.600460 0.675324
vn -0.428235 -0.600460 0.675324
vn -0.428235 -0.600460 0.675324
vn -0.428235 -0.600460 0.675324
vn -0.428235 -0.600460 0.675324
vn -0.428235 -0.600460 0.675324
vn -0.428235 -0.600460 0.675324
vn -0.428235 -0.600460 0.675324
vn -0.428235 -0.600460 0.675324
vn -0.428235 -0.600460 0.675324
vn -0.428235 -0.600460 0.675324
vn -0.428235 -0.600460 0.675324
vn -0.428235 -0.600460 0.675324
vn -0.428235 -0.600460 0.675324
vn -0.428235 -0.600460 0.675324
vn -0.428235 -0.600460 0.675324
vn -0.428235 -0.600460 0.675324
vn -0.428235 -0.600460 0.675324
vn -0.428235 -0.600460 0.675324
vn -0.428235 -0.600460 0.675324
vn -0.428235 -0.600460 0.675324
vn -0.428235 -0.600460 0.675324
vn -0.428235 -0.600460 0.675324
vn -0.428235 -0.600460 0.675324
vn -0.428235 -0.600460 0.675324
vn -0.428235 -0.600460 0.675324
vn -0.428235 -0.600460 0.675324
vn -0.428235 -0.600460 0.675324
vn -0.428235 -0.600460 0.675324
vn -0.428235 -0.600460 0.675324
vn -0.428235 -0.600460 0.675324
vn -0.428235 -0.600460 0.675324
vn -0.428235 -0.600460 0.675324
vn -0.428235 -0.600460 0.675324
vn -0.428235 -0.600460 0.675324
vn -0.428235 -0.600460 0.675324
vn -0.428235 -0.600460 0.675324
vn -0.428235 -0.600460 0.675324
vn -0.428235 -0.600460 0.675324
vn -0.428235 -0.600460 0.675324
vn -0.428235 -0.600460 0.675324
vn -0.428235 -0.600460 0.675324
vn -0.428235 -0.600460 0.675324
vn -0.428235 -0.600460 0.675324
vn -0.428235 -0.600460 0.675324
vn -0.428235 -0.600460 0.675324
vn -0.428235 -0.600460 0.675324
vn -0.428235 -0.600460 0.675324
vn -0.428235 -0.600460 0.675324
vn -0.428235 -0.600460 0.675324
vn -0.428235 -0.600460 0.675324
vn -0.428235 -0.600460 0.675324
vn -0.428235 -0.600460 0.675324
vn -0.428235 -0.600460 0.675324
vn -0.428235 -0.600460 0.675324
vn -0.428235 -0.600460 0.675324
vn -0.428235 -0.600460 0.675324
vn -0.428235 -0.600460 0.675324
vn -0.428235 -0.600460 0.675324
vn -0.428235 -0.600460 0.675324
vn -0.428235 -0.600460 0.675324
vn -0.428235 -0.600460 0.675324
vn -0.428235 -0.600460 0.675324
vn -0.428235 -0.600460 0.675324
vn -0.428235 -0.600460 0.675324
vn -0.428235 -0.600460 0.675324
vn -0.428235 -0.600460 0.675324
vn -0.428235 -0.600460 0.675324
vn -0.428235 -0.600460 0.675324
vn -0.428235 -0.600460 0.675324
vn -0.428235 -0.600460 0.675324
vn -0.428235 -0.600460 0.675324
vn -0.428235 -0.600460 0.675324
vn -0.428235 -0.600460 0.675324
vn -0.428235 -0.600460 0.675324
vn -0.428235 -0.600460 0.675324
vn -0.428235 -0.600460 0.675324
vn -0.428235 -0.600460 0.675324
vn -0.428235 -0.600460 0.675324
vn -0.428235 -0.600460 0.675324
vn -0.428235 -0.600460 0.675324
vn -0.428235 -0.600460 0.675324
vn -0.428235 -0.600460 0.675324
vn -0.428235 -0.600460 0.675324
vn -0.428235 -0.600460 0.675324
vn -0.428235 -0.600460 0.675324
vn -0.428235 -0.600460 0.675324
vn -0.428235 -0.600460 0.675324
vn -0.428235 -0.600460 0.675324
vn -0.428235 -0.600460 0.675324
vn -0.428235 -0.600460 0.675324
vn -0.428235 -0.600460 0.675324
vn -0.428235 -0.600460 0.675324
vn -0.428235 -0.600460 0.675324
vn -0.428235 -0.600460 0.675324
vn -0.428235 -0.600460 0.675324
vn -0.428235 -0.600460 0.675324
vn -0.428235 -0.600460 0.675324
vn -0.428235 -0.600460 0.675324
vn -0.428235 -0.600460 0.675324
vn -0.428235 -0.600460 0.675324
vn -0.428235 -0.600460 0.675324
vn -0.428235 -0.600460 0.675324
vn -0.428235 -0.600460 0.675324
vn -0.428235 -0.600460 0.675324
vn -0.428235 -0.600460 0.675324
vn -0.428235 -0.600460 0.675324
vn -0.428235 -0.600460 0.675324
vn -0.428235 -0.600460 0.675324
vn -0.428235 -0.600460 0.675324
vn -0.428235 -0.600460 0.675324
vn -0.428235 -0.600460 0.675324
vn -0.428235 -0.600460 0.675324
vn -0.428235 -0.600460 0.675324
vn -0.428235 -0.600460 0.675324
vn -0.428235 -0.600460 0.675324
vn -0.428235 -0.600460 0.675324
vn -0.428235 -0.600460 0.675324
vn -0.428235 -0.600460 0.675324
vn -0.428235 -0.600460 0.675324
vn -0.428235 -0.600460 0.675324
vn -0.428235 -0.600460 0.675324
vn -0.428235 -0.600460 0.675324
vn -0.428235 -0.600460 0.675324
vn -0.428235 -0.600460 0.675324
vn -0.428235 -0.600460 0.675324
vn -0.428235 -0.600460 0.675324
vn -0.428235 -0.600460 0.675324
vn -0.428235 -0.600460 0.675324
vn -0.428235 -0.600460 0.675324
vn -0.428235 -0.600460 0.675324
vn -0.428235 -0.600460 0.675324
vn -0.428235 -0.600460 0.675324
vn -0.428235 -0.600460 0.675324
vn -0.428235 -0.600460 0.675324
vn -0.428235 -0.600460 0.675324
vn -0.428235 -0.600460 0.675324
vn -0.428235 -0.600460 0.675324
vn -0.428235 -0.600460 0.675324
vn -0.428235 -0.600460 0.675324
vn -0.428235 -0.600460 0.675324
vn -0.428235 -0.600460 0.675324
vn -0.428235 -0.600460 0.675324
vn -0.428235 -0.600460 0.675324
vn -0.428235 -0.600460 0.675324
vn -0.428235 -0.600460 0.675324
vn -0.428235 -0.600460 0.675324
vn -0.428235 -0.600460 0.675324
vn -0.428235 -0.600460 0.675324
vn -0.428235 -0.600460 0.675324
vn -0.428235 -0.600460 0.675324
vn -0.428235 -0.600460 0.675324
vn -0.428235 -0.600460 0.675324
vn -0.428235 -0.600460 0.675324
vn -0.428235 -0.600460 0.675324
vn -0.428235 -0.600460 0.675324
vn -0.428235 -0.600460 0.675324
vn -0.428235 -0.600460 0.675324
vn -0.428235 -0.600460 0.675324
vn -0.428235 -0.600460 0.675324
vn -0.428235 -0.600460 0.675324
vn -0.428235 -0.600460 0.675324
vn -0.428235 -0.600460 0.675324
vn -0.428235 -0.600460 0.675324
vn -0.428235 -0.600460 0.675324
vn -0.428235 -0.600460 0.675324
vn -0.428235 -0.600460 0.675324
vn -0.428235 -0.600460 0.675324
vn -0.428235 -0.600460 0.675324
vn -0.428235 -0.600460 0.675324
vn -0.428235 -0.600460 0.675324
vn -0.428235 -0.600460 0.675324
vn -0.428235 -0.600460 0.675324
vn -0.428235 -0.600460 0.675324
vn -0.428235 -0.600460 0.675324
vn -0.428235 -0.600460 0.675324
vn -0.428235 -0.600460 0.675324
vn -0.428235 -0.600460 0.675324
vn -0.428235 -0.600460 0.675324
vn -0.428235 -0.600460 0.675324
vn -0.428235 -0.600460 0.675324
vn -0.428235 -0.600460 0.675324
vn -0.428235 -0.600460 0.675324
vn -0.428235 -0.600460 0.675324
vn -0.428235 -0.600460 0.675324
vn -0.428235 -0.600460 0.675324
vn -0.428235 -0.600460 0.675324
vn -0.428235 -0.600460 0.675324
vn -0.428235 -0.600460 0.675324
vn -0.428235 -0.600460 0.675324
vn -0.428235 -0.600460 0.675324
vn -0.428235 -0.600460 0.675324
vn -0.428235 -0.600460 0.675324
vn -0.428235 -0.600460 0.675324
vn -0.428235 -0.600460 0.675324
vn -0.428235 -0.600460 0.675324
vn -0.428235 -0.600460 0.675324
vn -0.428235 -0.600460 0.675324
vn -0.428235 -0.600460 0.675324
vn -0.428235 -0.600460 0.675324
vn -0.428235 -0.600460 0.675324
vn -0.428235 -0.600460 0.675324
vn -0.428235 -0.600460 0.675324
vn -0.428235 -0.600460 0.675324
vn -0.428235 -0.600460 0.675324
vn -0.428235 -0.600460 0.675324
vn -0.428235 -0.600460 0.675324
vn -0.428235 -0.600460 0.675324
vn -0.428235 -0.600460 0.675324
vn -0.428235 -0.600460 0.675324
vn -0.428235 -0.600460 0.675324
vn -0.428235 -0.600460 0.675324
vn -0.428235 -0.600460 0.675324
vn -0.428235 -0.600460 0.675324
vn -0.428235 -0.600460 0.675324
vn -0.428235 -0.600460 0.675324
vn -0.428235 -0.600460 0.675324
vn -0.428235 -0.600460 0.675324
vn -0.428235 -0.600460 0.675324
vn -0.428235 -0.600460 0.675324
vn -0.428235 -0.600460 0.675324
vn -0.428235 -0.600460 0.675324
vn -0.428235 -0.600460 0.675324
vn -0.428235 -0.600460 0.675324
vn -0.428235 -0.600460 0.675324
vn -0.428235 -0.600460 0.675324
vn -0.428235 -0.600460 0.675324
vn -0.428235 -0.600460 0.675324
vn -0.428235 -0.600460 0.675324
vn -0.428235 -0.600460 0.675324
vn -0.428235 -0.600460 0.675324
vn -0.428235 -0.600460 0.675324
vn -0.428235 -0.600460 0.675324
vn -0.428235 -0.600460 0.675324
vn -0.428235 -0.600460 0.675324
vn -0.428235 -0.600460 0.675324
vn -0.428235 -0.600460 0.675324
vn -0.428235 -0.600460 0.675324
vn -0.428235 -0.600460 0.675324
vn -0.428235 -0.600460 0.675324
vn -0.428235 -0.600460 0.675324
vn -0.428235 -0.600460 0.675324
vn -0.428235 -0.600460 0.675324
vn -0.428235 -0.600460 0.675324
vn -0.428235 -0.600460 0.675324
vn -0.428235 -0.600460 0.675324
vn -0.428235 -0.600460 0.675324
vn -0.428235 -0.600460 0.675324
vn -0.428235 -0.600460 0.675324
vn -0.428235 -0.600460 0.675324
vn -0.428235 -0.600460 0.675324
vn -0.428235 -0.600460 0.675324
vn -0.428235 -0.600460 0.675324
vn -0.428235 -0.600460 0.675324
vn -0.428235 -0.600460 0.675324
vn -0.428235 -0.600460 0.675324
vn -0.428235 -0.600460 0.675324
vn -0.428235 -0.600460 0.675324
vn -0.428235 -0.600460 0.675324
vn -0.428235 -0.600460 0.675324
vn -0.428235 -0.600460 0.675324
vn -0.428235 -0.600460 0.675324
vn -0.428235 -0.600460 0.675324
vn -0.428235 -0.600460 0.675324
vn -0.428235 -0.600460 0.675324
vn -0.428235 -0.600460 0.675324
vn -0.428235 -0.600460 0.675324
vn -0.428235 -0.600460 0.675324
vn -0.428235 -0.600460 0.675324
vn -0.428235 -0.600460 0.675324
vn -0.428235 -0.600460 0.675324
vn -0.428235 -0.600460 0.675324
vn -0.428235 -0.600460 0.675324
vn -0.428235 -0.600460 0.675324
vn -0.428235 -0.600460 0.675324
vn -0.428235 -0.600460 0.675324
vn -0.428235 -0.600460 0.675324
vn -0.428235 -0.600460 0.675324
vn -0.428235 -0.600460 0.675324
vn -0.428235 -0.600460 0.675324
vn -0.428235 -0.600460 0.675324
vn -0.428235 -0.600460 0.675324
vn -0.428235 -0.600460 0.675324
vn -0.428235 -0.600460 0.675324
vn -0.428235 -0.600460 0.675324
vn -0.428235 -0.600460 0.675324
vn -0.428235 -0.600460 0.675324
vn -0.428235 -0.600460 0.675324
vn -0.428235 -0.600460 0.675324
vn -0.428235 -0.600460 0.675324
vn -0.428235 -0.600460 0.675324
vn -0.428235 -0.600460 0.675324
vn -0.428235 -0.600460 0.675324
vn -0.428235 -0.600460 0.675324
vn -0.428235 -0.600460 0.675324
vn -0.428235 -0.600460 0.675324
vn -0.428235 -0.600460 0.675324
vn -0.428235 -0.600460 0.675324
vn -0.428235 -0.600460 0.675324
vn -0.428235 -0.600460 0.675324
vn -0.428235 -0.600460 0.675324
vn -0.428235 -0.600460 0.675324
vn -0.428235 -0.600460 0.675324
vn -0.428235 -0.600460 0.675324
vn -0.428235 -0.600460 0.675324
vn -0.428235 -0.600460 0.675324
vn -0.428235 -0.600460 0.675324
vn -0.428235 -0.600460 0.675324
vn -0.428235 -0.600460 0.675324
vn -0.428235 -0.600460 0.675324
vn -0.428235 -0.600460 0.675324
vn -0.428235 -0.600460 0.675324
vn -0.428235 -0.600460 0.675324
vn -0.428235 -0.600460 0.675324
vn -0.428235 -0.600460 0.675324
vn -0.428235 -0.600460 0.675324
vn -0.428235 -0.600460 0.675324
vn -0.428235 -0.600460 0.675324
vn -0.428235 -0.600460 0.675324
vn -0.428235 -0.600460 0.675324
vn -0.428235 -0.600460 0.675324
vn -0.428235 -0.600460 0.675324
vn -0.428235 -0.600460 0.675324
vn -0.428235 -0.600460 0.675324
vn -0.428235 -0.600460 0.675324
vn -0.428235 -0.600460 0.675324
vn -0.428235 -0.600460 0.675324
vn -0.428235 -0.600460 0.675324
vn -0.428235 -0.600460 0.675324
vn -0.428235 -0.600460 0.675324
vn -0.428235 -0.600460 0.675324
vn -0.428235 -0.600460 0.675324
vn -0.428235 -0.600460 0.675324
vn -0.428235 -0.600460 0.675324
vn -0.428235 -0.600460 0.675324
vn -0.428235 -0.600460 0.675324
vn -0.428235 -0.600460 0.675324
vn -0.428235 -0.600460 0.675324
vn -0.428235 -0.600460 0.675324
vn -0.428235 -0.600460 0.675324
vn -0.428235 -0.600460 0.675324
vn -0.428235 -0.600460 0.675324
vn -0.428235 -0.600460 0.675324
vn -0.428235 -0.600460 0.675324
vn -0.428235 -0.600460 0.675324
vn -0.428235 -0.600460 0.675324
vn -0.428235 -0.600460 0.675324
vn -0.428235 -0.600460 0.675324
vn -0.428235 -0.600460 0.675324
vn -0.428235 -0.600460 0.675324
vn -0.428235 -0.600460 0.675324
vn -0.428235 -0.600460 0.675324
vn -0.428235 -0.600460 0.675324
vn -0.428235 -0.600460 0.675324
vn -0.428235 -0.600460 0.675324
vn -0.428235 -0.600460 0.675324
vn -0.428235 -0.600460 0.675324
vn -0.428235 -0.600460 0.675324
vn -0.428235 -0.600460 0.675324
vn -0.428235 -0.600460 0.675324
vn -0.428235 -0.600460 0.675324
vn -0.428235 -0.600460 0.675324
vn -0.428235 -0.600460 0.675324
vn -0.428235 -0.600460 0.675324
vn -0.428235 -0.600460 0.675324
vn -0.428235 -0.600460 0.675324
vn -0.428235 -0.600460 0.675324
vn -0.428235 -0.600460 0.675324
vn -0.428235 -0.600460 0.675324
vn -0.428235 -0.600460 0.675324
vn -0.428235 -0.600460 0.675324
vn -0.428235 -0.600460 0.675324
vn -0.428235 -0.600460 0.675324
vn -0.428235 -0.600460 0.675324
vn -0.428235 -0.600460 0.675324
vn -0.428235 -0.600460 0.675324
vn -0.428235 -0.600460 0.675324
vn -0.428235 -0.600460 0.675324
vn -0.428235 -0.600460 0.675324
vn -0.428235 -0.600460 0.675324
vn -0.428235 -0.600460 0.675324
vn -0.428235 -0.600460 0.675324
vn -0.428235 -0.600460 0.675324
vn -0.428235 -0.600460 0.675324
vn -0.428235 -0.600460 0.675324
vn -0.428235 -0.600460 0.675324
vn -0.428235 -0.600460 0.675324
vn -0.428235 -0.600460 0.675324
vn -0.428235 -0.600460 0.675324
vn -0.428235 -0.600460 0.675324
vn -0.428235 -0.600460 0.675324
vn -0.428235 -0.600460 0.675324
vn -0.428235 -0.600460 0.675324
vn -0.428235 -0.600460 0.675324
vn -0.428235 -0.600460 0.675324
vn -0.428235 -0.600460 0.675324
vn -0.428235 -0.600460 0.675324
vn -0.428235 -0.600460 0.675324
vn -0.428235 -0.600460 0.675324
vn -0.428235 -0.600460 0.675324
vn -0.428235 -0.600460 0.675324
vn -0.428235 -0.600460 0.675324
vn -0.428235 -0.600460 0.675324
vn -0.428235 -0.600460 0.675324
vn -0.428235 -0.600460 0.675324
vn -0.428235 -0.600460 0.675324
vn -0.428235 -0.600460 0.675324
vn -0.428235 -0.600460 0.675324
vn -0.428235 -0.600460 0.675324
vn -0.428235 -0.600460 0.675324
vn -0.428235 -0.600460 0.675324
vn -0.428235 -0.600460 0.675324
vn -0.428235 -0.600460 0.675324
vn -0.428235 -0.600460 0.675324
vn -0.428235 -0.600460 0.675324
vn -0.428235 -0.600460 0.675324
vn -0.428235 -0.600460 0.675324
vn -0.428235 -0.600460 0.675324
vn -0.428235 -0.600460 0.675324
vn -0.428235 -0.600460 0.675324
vn -0.428235 -0.600460 0.675324
vn -0.428235 -0.600460 0.675324
vn -0.428235 -0.600460 0.675324
vn -0.428235 -0.600460 0.675324
vn -0.428235 -0.600460 0.675324
vn -0.428235 -0.600460 0.675324
vn -0.428235 -0.600460 0.675324
vn -0.428235 -0.600460 0.675324
vn -0.428235 -0.600460 0.675324
vn -0.428235 -0.600460 0.675324
vn -0.428235 -0.600460 0.675324
vn -0.428235 -0.600460 0.675324
vn -0.428235 -0.600460 0.675324
vn -0.428235 -0.600460 0.675324
vn -0.428235 -0.600460 0.675324
vn -0.428235 -0.600460 0.675324
vn -0.428235 -0.600460 0.675324
vn -0.428235 -0.600460 0.675324
vn -0.428235 -0.600460 0.675324
vn -0.428235 -0.600460 0.675324
vn -0.428235 -0.600460 0.675324
vn -0.428235 -0.600460 0.675324
vn -0.428235 -0.600460 0.675324
vn -0.428235 -0.600460 0.675324
vn -0.428235 -0.600460 0.675324
vn -0.428235 -0.600460 0.675324
vn -0.428235 -0.600460 0.675324
vn -0.428235 -0.600460 0.675324
vn -0.428235 -0.600460 0.675324
vn -0.428235 -0.600460 0.675324
vn -0.428235 -0.600460 0.675324
vn -0.428235 -0.600460 0.675324
vn -0.428235 -0.600460 0.675324
vn -0.428235 -0.600460 0.675324
vn -0.428235 -0.600460 0.675324
vn -0.428235 -0.600460 0.675324
vn -0.428235 -0.600460 0.675324
vn -0.428235 -0.600460 0.675324
vn -0.428235 -0.600460 0.675324
vn -0.428235 -0.600460 0.675324
vn -0.428235 -0.600460 0.675324
vn -0.428235 -0.600460 0.675324
vn -0.428235 -0.600460 0.675324
vn -0.428235 -0.600460 0.675324
vn -0.428235 -0.600460 0.675324
vn -0.428235 -0.600460 0.675324
vn -0.428235 -0.600460 0.675324
vn -0.428235 -0.600460 0.675324
vn -0.428235 -0.600460 0.675324
vn -0.428235 -0.600460 0.675324
vn -0.428235 -0.600460 0.675324
vn -0.428235 -0.600460 0.675324
vn -0.428235 -0.600460 0.675324
vn -0.428235 -0.600460 0.675324
vn -0.428235 -0.600460 0.675324
vn -0.428235 -0.600460 0.675324
vn -0.428235 -0.600460 0.675324
vn -0.428235 -0.600460 0.675324
vn -0.428235 -0.600460 0.675324
vn -0.428235 -0.600460 0.675324
vn -0.428235 -0.600460 0.675324
vn -0.428235 -0.600460 0.675324
vn -0.428235 -0.600460 0.675324
vn -0.428235 -0.600460 0.675324
vn -0.428235 -0.600460 0.675324
vn -0.428235 -0.600460 0.675324
vn -0.428235 -0.600460 0.675324
vn -0.428235 -0.600460 0.675324
vn -0.428235 -0.600460 0.675324
vn -0.428235 -0.600460 0.675324
vn -0.428235 -0.600460 0.675324
vn -0.428235 -0.600460 0.675324
vn -0.428235 -0.600460 0.675324
vn -0.428235 -0.600460 0.675324
vn -0.428235 -0.600460 0.675324
vn -0.428235 -0.600460 0.675324
vn -0.428235 -0.600460 0.675324
vn -0.428235 -0.600460 0.675324
vn -0.428235 -0.600460 0.675324
vn -0.428235 -0.600460 0.675324
vn -0.428235 -0.600460 0.675324
vn -0.428235 -0.600460 0.675324
vn -0.428235 -0.600460 0.675324
vn -0.428235 -0.600460 0.675324
vn -0.428235 -0.600460 0.675324
vn -0.428235 -0.600460 0.675324
vn -0.428235 -0.600460 0.675324
vn -0.428235 -0.600460 0.675324
vn -0.428235 -0.600460 0.675324
vn -0.428235 -0.600460 0.675324
vn -0.428235 -0.600460 0.675324
vn -0.428235 -0.600460 0.675324
vn -0.428235 -0.600460 0.675324
vn -0.428235 -0.600460 0.675324
vn -0.428235 -0.600460 0.675324
vn -0.428235 -0.600460 0.675324
vn -0.428235 -0.600460 0.675324
vn -0.428235 -0.600460 0.675324
vn -0.428235 -0.600460 0.675324
vn -0.428235 -0.600460 0.675324
vn -0.428235 -0.600460 0.675324
vn -0.428235 -0.600460 0.675324
vn -0.428235 -0.600460 0.675324
vn -0.428235 -0.600460 0.675324
vn -0.428235 -0.600460 0.675324
vn -0.428235 -0.600460 0.675324
vn -0.428235 -0.600460 0.675324
vn -0.428235 -0.600460 0.675324
vn -0.428235 -0.600460 0.675324
vn -0.428235 -0.600460 0.675324
vn -0.428235 -0.600460 0.675324
vn -0.428235 -0.600460 0.675324
vn -0.428235 -0.600460 0.675324
vn -0.428235 -0.600460 0.675324
vn -0.428235 -0.600460 0.675324
vn -0.428235 -0.600460 0.675324
vn -0.428235 -0.600460 0.675324
vn -0.428235 -0.600460 0.675324
vn -0.428235 -0.600460 0.675324
vn -0.428235 -0.600460 0.675324
vn -0.428235 -0.600460 0.675324
vn -0.428235 -0.600460 0.675324
vn -0.428235 -0.600460 0.675324
vn -0.428235 -0.600460 0.675324
vn -0.428235 -0.600460 0.675324
vn -0.428235 -0.600460 0.675324
vn -0.428235 -0.600460 0.675324
vn -0.428235 -0.600460 0.675324
vn -0.428235 -0.600460 0.675324
vn -0.428235 -0.600460 0.675324
vn -0.428235 -0.600460 0.675324
vn -0.428235 -0.600460 0.675324
vn -0.428235 -0.600460 0.675324
vn -0.428235 -0.600460 0.675324
vn -0.428235 -0.600460 0.675324
vn -0.428235 -0.600460 0.675324
vn -0.428235 -0.600460 0.675324
vn -0.428235 -0.600460 0.675324
vn -0.428235 -0.600460 0.675324
vn -0.428235 -0.600460 0.675324
vn -0.428235 -0.600460 0.675324
vn -0.428235 -0.600460 0.675324
vn -0.428235 -0.600460 0.675324
vn -0.428235 -0.600460 0.675324
vn -0.428235 -0.600460 0.675324
vn -0.428235 -0.600460 0.675324
vn -0.428235 -0.600460 0.675324
vn -0.428235 -0.600460 0.675324
vn -0.428235 -0.600460 0.675324
vn -0.428235 -0.600460 0.675324
vn -0.428235 -0.600460 0.675324
vn -0.428235 -0.600460 0.675324
vn -0.428235 -0.600460 0.675324
vn -0.428235 -0.600460 0.675324
vn -0.428235 -0.600460 0.675324
vn -0.428235 -0.600460 0.675324
vn -0.428235 -0.600460 0.675324
vn -0.428235 -0.600460 0.675324
vn -0.428235 -0.600460 0.675324
vn -0.428235 -0.600460 0.675324
vn -0.428235 -0.600460 0.675324
vn -0.428235 -0.600460 0.675324
vn -0.428235 -0.600460 0.675324
vn -0.428235 -0.600460 0.675324
vn -0.428235 -0.600460 0.675324
vn -0.428235 -0.600460 0.675324
vn -0.428235 -0.600460 0.675324
vn -0.428235 -0.600460 0.675324
vn -0.428235 -0.600460 0.675324
vn -0.428235 -0.600460 0.675324
vn -0.428235 -0.600460 0.675324
vn -0.428235 -0.600460 0.675324
vn -0.428235 -0.600460 0.675324
vn -0.428235 -0.600460 0.675324
vn -0.428235 -0.600460 0.675324
vn -0.428235 -0.600460 0.675324
vn -0.428235 -0.600460 0.675324
vn -0.428235 -0.600460 0.675324
vn -0.428235 -0.600460 0.675324
vn -0.428235 -0.600460 0.675324
vn -0.428235 -0.600460 0.675324
vn -0.428235 -0.600460 0.675324
vn -0.428235 -0.600460 0.675324
vn -0.428235 -0.600460 0.675324
vn -0.428235 -0.600460 0.675324
vn -0.428235 -0.600460 0.675324
vn -0.428235 -0.600460 0.675324
vn -0.428235 -0.600460 0.675324
vn -0.428235 -0.600460 0.675324
vn -0.428235 -0.600460 0.675324
vn -0.428235 -0.600460 0.675324
vn -0.428235 -0.600460 0.675324
vn -0.428235 -0.600460 0.675324
vn -0.428235 -0.600460 0.675324
vn -0.428235 -0.600460 0.675324
vn -0.428235 -0.600460 0.675324
vn -0.428235 -0.600460 0.675324
vn -0.428235 -0.600460 0.675324
vn -0.428235 -0.600460 0.675324
vn -0.428235 -0.600460 0.675324
vn -0.428235 -0.600460 0.675324
vn -0.428235 -0.600460 0.675324
vn -0.428235 -0.600460 0.675324
vn -0.428235 -0.600460 0.675324
vn -0.428235 -0.600460 0.675324
vn -0.428235 -0.600460 0.675324
vn -0.428235 -0.600460 0.675324
vn -0.428235 -0.600460 0.675324
vn -0.428235 -0.600460 0.675324
vn -0.428235 -0.600460 0.675324
vn -0.428235 -0.600460 0.675324
vn -0.428235 -0.600460 0.675324
vn -0.428235 -0.600460 0.675324
vn -0.428235 -0.600460 0.675324
vn -0.428235 -0.600460 0.675324
vn -0.428235 -0.600460 0.675324
vn -0.428235 -0.600460 0.675324
vn -0.428235 -0.600460 0.675324
vn -0.428235 -0.600460 0.675324
vn -0.428235 -0.600460 0.675324
vn -0.428235 -0.600460 0.675324
vn -0.428235 -0.600460 0.675324
vn -0.428235 -0.600460 0.675324
vn -0.428235 -0.600460 0.675324
vn -0.428235 -0.600460 0.675324
vn -0.428235 -0.600460 0.675324
vn -0.428235 -0.600460 0.675324
vn -0.428235 -0.600460 0.675324
vn -0.428235 -0.600460 0.675324
vn -0.428235 -0.600460 0.675324
vn -0.428235 -0.600460 0.675324
vn -0.428235 -0.600460 0.675324
vn -0.428235 -0.600460 0.675324
vn -0.428235 -0.600460 0.675324
vn -0.428235 -0.600460 0.675324
vn -0.428235 -0.600460 0.675324
vn -0.428235 -0.600460 0.675324
vn -0.428235 -0.600460 0.675324
vn -0.428235 -0.600460 0.675324
vn -0.428235 -0.600460 0.675324
vn -0.428235 -0.600460 0.675324
vn -0.428235 -0.600460 0.675324
vn -0.428235 -0.600460 0.675324
vn -0.428235 -0.600460 0.675324
vn -0.428235 -0.600460 0.675324
vn -0.428235 -0.600460 0.675324
vn -0.428235 -0.600460 0.675324
vn -0.428235 -0.600460 0.675324
vn -0.428235 -0.600460 0.675324
vn -0.428235 -0.600460 0.675324
vn -0.428235 -0.600460 0.675324
vn -0.428235 -0.600460 0.675324
vn -0.428235 -0.600460 0.675324
vn -0.428235 -0.600460 0.675324
vn -0.428235 -0.600460 0.675324
vn -0.428235 -0.600460 0.675324
vn -0.428235 -0.600460 0.675324
vn -0.428235 -0.600460 0.675324
vn -0.428235 -0.600460 0.675324
vn -0.428235 -0.600460 0.675324
vn -0.428235 -0.600460 0.675324
vn -0.428235 -0.600460 0.675324
vn -0.428235 -0.600460 0.675324
vn -0.428235 -0.600460 0.675324
vn -0.428235 -0.600460 0.675324
vn -0.428235 -0.600460 0.675324
vn -0.428235 -0.600460 0.675324
vn -0.428235 -0.600460 0.675324
vn -0.428235 -0.600460 0.675324
vn -0.428235 -0.600460 0.675324
vn -0.428235 -0.600460 0.675324
vn -0.428235 -0.600460 0.675324
vn -0.428235 -0.600460 0.675324
vn -0.428235 -0.600460 0.675324
vn -0.428235 -0.600460 0.675324
vn -0.428235 -0.600460 0.675324
vn -0.428235 -0.600460 0.675324
vn -0.428235 -0.600460 0.675324
vn -0.428235 -0.600460 0.675324
vn -0.428235 -0.600460 0.675324
vn -0.428235 -0.600460 0.675324
vn -0.428235 -0.600460 0.675324
vn -0.428235 -0.600460 0.675324
vn -0.428235 -0.600460 0.675324
vn -0.428235 -0.600460 0.675324
vn -0.428235 -0.600460 0.675324
vn -0.428235 -0.600460 0.675324
vn -0.428235 -0.600460 0.675324
vn -0.428235 -0.600460 0.675324
vn -0.428235 -0.600460 0.675324
vn -0.428235 -0.600460 0.675324
vn -0.428235 -0.600460 0.675324
vn -0.428235 -0.600460 0.675324
vn -0.428235 -0.600460 0.675324
vn -0.428235 -0.600460 0.675324
vn -0.428235 -0.600460 0.675324
vn -0.428235 -0.600460 0.675324
vn -0.428235 -0.600460 0.675324
vn -0.428235 -0.600460 0.675324
vn -0.428235 -0.600460 0.675324
vn -0.428235 -0.600460 0.675324
vn -0.428235 -0.600460 0.675324
vn -0.428235 -0.600460 0.675324
vn -0.428235 -0.600460 0.675324
vn -0.428235 -0.600460 0.675324
vn -0.428235 -0.600460 0.675324
vn -0.428235 -0.600460 0.675324
vn -0.428235 -0.600460 0.675324
vn -0.428235 -0.600460 0.675324
vn -0.428235 -0.600460 0.675324
vn -0.428235 -0.600460 0.675324
vn -0.428235 -0.600460 0.675324
vn -0.428235 -0.600460 0.675324
vn -0.428235 -0.600460 0.675324
vn -0.428235 -0.600460 0.675324
vn -0.428235 -0.600460 0.675324
vn -0.428235 -0.600460 0.675324
vn -0.428235 -0.600460 0.675324
vn -0.428235 -0.600460 0.675324
vn -0.428235 -0.600460 0.675324
vn -0.428235 -0.600460 0.675324
vn -0.428235 -0.600460 0.675324
vn -0.428235 -0.600460 0.675324
vn -0.428235 -0.600460 0.675324
vn -0.428235 -0.600460 0.675324
vn -0.428235 -0.600460 0.675324
vn -0.428235 -0.600460 0.675324
vn -0.428235 -0.600460 0.675324
vn -0.428235 -0.600460 0.675324
vn -0.428235 -0.600460 0.675324
vn -0.428235 -0.600460 0.675324
vn -0.428235 -0.600460 0.675324
vn -0.428235 -0.600460 0.675324
vn -0.428235 -0.600460 0.675324
vn -0.428235 -0.600460 0.675324
vn -0.428235 -0.600460 0.675324
vn -0.428235 -0.600460 0.675324
vn -0.428235 -0.600460 0.675324
vn -0.428235 -0.600460 0.675324
vn -0.428235 -0.600460 0.675324
vn -0.428235 -0.600460 0.675324
vn -0.428235 -0.600460 0.675324
vn -0.428235 -0.600460 0.675324
vn -0.428235 -0.600460 0.675324
vn -0.428235 -0.600460 0.675324
vn -0.428235 -0.600460 0.675324
vn -0.428235 -0.600460 0.675324
vn -0.428235 -0.600460 0.675324
vn -0.428235 -0.600460 0.675324
vn -0.428235 -0.600460 0.675324
vn -0.428235 -0.600460 0.675324
vn -0.428235 -0.600460 0.675324
vn -0.428235 -0.600460 0.675324
vn -0.428235 -0.600460 0.675324
vn -0.428235 -0.600460 0.675324
vn -0.428235 -0.600460 0.675324
vn -0.428235 -0.600460 0.675324
vn -0.428235 -0.600460 0.675324
vn -0.428235 -0.600460 0.675324
vn -0.428235 -0.600460 0.675324
vn -0.428235 -0.600460 0.675324
vn -0.428235 -0.600460 0.675324
vn -0.428235 -0.600460 0.675324
vn -0.428235 -0.600460 0.675324
vn -0.428235 -0.600460 0.675324
vn -0.428235 -0.600460 0.675324
vn -0.428235 -0.600460 0.675324
vn -0.428235 -0.600460 0.675324
vn -0.428235 -0.600460 0.675324
vn -0.428235 -0.600460 0.675324
vn -0.428235 -0.600460 0.675324
vn -0.428235 -0.600460 0.675324
vn -0.428235 -0.600460 0.675324
vn -0.428235 -0.600460 0.675324
vn -0.428235 -0.600460 0.675324
vn -0.428235 -0.600460 0.675324
vn -0.428235 -0.600460 0.675324
vn -0.428235 -0.600460 0.675324
vn -0.428235 -0.600460 0.675324
vn -0.428235 -0.600460 0.675324
vn -0.428235 -0.600460 0.675324
vn -0.428235 -0.600460 0.675324
vn -0.428235 -0.600460 0.675324
vn -0.428235 -0.600460 0.675324
vn -0.428235 -0.600460 0.675324
vn -0.428235 -0.600460 0.675324
vn -0.428235 -0.600460 0.675324
vn -0.428235 -0.600460 0.675324
vn -0.428235 -0.600460 0.675324
vn -0.428235 -0.600460 0.675324
vn -0.428235 -0.600460 0.675324
vn -0.428235 -0.600460 0.675324
vn -0.428235 -0.600460 0.675324
vn -0.428235 -0.600460 0.675324
vn -0.428235 -0.600460 0.675324
vn -0.428235 -0.600460 0.675324
vn -0.428235 -0.600460 0.675324
vn -0.428235 -0.600460 0.675324
vn -0.428235 -0.600460 0.675324
vn -0.428235 -0.600460 0.675324
vn -0.428235 -0.600460 0.675324
vn -0.428235 -0.600460 0.675324
vn -0.428235 -0.600460 0.675324
vn -0.428235 -0.600460 0.675324
vn -0.428235 -0.600460 0.675324
vn -0.428235 -0.600460 0.675324
vn -0.428235 -0.600460 0.675324
vn -0.428235 -0.600460 0.675324
vn -0.428235 -0.600460 0.675324
vn -0.428235 -0.600460 0.675324
vn -0.428235 -0.600460 0.675324
vn -0.428235 -0.600460 0.675324
vn -0.428235 -0.600460 0.675324
vn -0.428235 -0.600460 0.675324
vn -0.428235 -0.600460 0.675324
vn -0.428235 -0.600460 0.675324
vn -0.428235 -0.600460 0.675324
vn -0.428235 -0.600460 0.675324
vn -0.428235 -0.600460 0.675324
vn -0.428235 -0.600460 0.675324
vn -0.428235 -0.600460 0.675324
vn -0.428235 -0.600460 0.675324
vn -0.428235 -0.600460 0.675324
vn -0.428235 -0.600460 0.675324
vn -0.428235 -0.600460 0.675324
vn -0.428235 -0.600460 0.675324
vn -0.428235 -0.600460 0.675324
vn -0.428235 -0.600460 0.675324
vn -0.428235 -0.600460 0.675324
vn -0.428235 -0.600460 0.675324
vn -0.428235 -0.600460 0.675324
vn -0.428235 -0.600460 0.675324
vn -0.428235 -0.600460 0.675324
vn -0.428235 -0.600460 0.675324
vn -0.428235 -0.600460 0.675324
vn -0.428235 -0.600460 0.675324
vn -0.428235 -0.600460 0.675324
vn -0.428235 -0.600460 0.675324
vn -0.428235 -0.600460 0.675324
vn -0.428235 -0.600460 0.675324
vn -0.428235 -0.600460 0.675324
vn -0.428235 -0.600460 0.675324
vn -0.428235 -0.600460 0.675324
vn -0.428235 -0.600460 0.675324
vn -0.428235 -0.600460 0.675324
vn -0.428235 -0.600460 0.675324
vn -0.428235 -0.600460 0.675324
vn -0.428235 -0.600460 0.675324
vn -0.428235 -0.600460 0.675324
vn -0.428235 -0.600460 0.675324
vn -0.428235 -0.600460 0.675324
vn -0.428235 -0.600460 0.675324
vn -0.428235 -0.600460 0.675324
vn -0.428235 -0.600460 0.675324
vn -0.428235 -0.600460 0.675324
vn -0.428235 -0.600460 0.675324
vn -0.428235 -0.600460 0.675324
vn -0.428235 -0.600460 0.675324
vn -0.428235 -0.600460 0.675324
vn -0.428235 -0.600460 0.675324
vn -0.428235 -0.600460 0.675324
vn -0.428235 -0.600460 0.675324
vn 0.427354 0.603300 0.673348
vn 0.427354 0.603300 0.673348
vn 0.427354 0.603300 0.673348
vn 0.427354 0.603300 0.673348
vn 0.427354 0.603300 0.673348
vn 0.427354 0.603300 0.673348
vn 0.427354 0.603300 0.673348
vn 0.427354 0.603300 0.673348
vn 0.427354 0.603300 0.673348
vn 0.427354 0.603300 0.673348
vn 0.427354 0.603300 0.673348
vn 0.427354 0.603300 0.673348
vn 0.427354 0.603300 0.673348
vn 0.427354 0.603300 0.673348
vn 0.427354 0.603300 0.673348
vn 0.427354 0.603300 0.673348
vn 0.427354 0.603300 0.673348
vn 0.427354 0.603300 0.673348
vn 0.427354 0.603300 0.673348
vn 0.427354 0.603300 0.673348
vn 0.427354 0.603300 0.673348
vn 0.427354 0.603300 0.673348
vn 0.427354 0.603300 0.673348
vn 0.427354 0.603300 0.673348
vn 0.427354 0.603300 0.673348
vn 0.427354 0.603300 0.673348
vn 0.427354 0.603300 0.673348
vn 0.427354 0.603300 0.673348
vn 0.427354 0.603300 0.673348
vn 0.427354 0.603300 0.673348
vn 0.427354 0.603300 0.673348
vn 0.427354 0.603300 0.673348
vn 0.427354 0.603300 0.673348
vn 0.427354 0.603300 0.673348
vn 0.427354 0.603300 0.673348
vn 0.427354 0.603300 0.673348
vn 0.427354 0.603300 0.673348
vn 0.427354 0.603300 0.673348
vn 0.427354 0.603300 0.673348
vn 0.427354 0.603300 0.673348
vn 0.427354 0.603300 0.673348
vn 0.427354 0.603300 0.673348
vn 0.427354 0.603300 0.673348
vn 0.427354 0.603300 0.673348
vn 0.427354 0.603300 0.673348
vn 0.427354 0.603300 0.673348
vn 0.427354 0.603300 0.673348
vn 0.427354 0.603300 0.673348
vn 0.427354 0.603300 0.673348
vn 0.427354 0.603300 0.673348
vn 0.427354 0.603300 0.673348
vn 0.427354 0.603300 0.673348
vn 0.427354 0.603300 0.673348
vn 0.427354 0.603300 0.673348
vn 0.427354 0.603300 0.673348
vn 0.427354 0.603300 0.673348
vn 0.427354 0.603300 0.673348
vn 0.427354 0.603300 0.673348
vn 0.427354 0.603300 0.673348
vn 0.427354 0.603300 0.673348
vn 0.427354 0.603300 0.673348
vn 0.427354 0.603300 0.673348
vn 0.427354 0.603300 0.673348
vn 0.427354 0.603300 0.673348
vn 0.427354 0.603300 0.673348
vn 0.427354 0.603300 0.673348
vn 0.427354 0.603300 0.673348
vn 0.427354 0.603300 0.673348
vn 0.427354 0.603300 0.673348
vn 0.427354 0.603300 0.673348
vn 0.427354 0.603300 0.673348
vn 0.427354 0.603300 0.673348
vn 0.427354 0.603300 0.673348
vn 0.427354 0.603300 0.673348
vn 0.427354 0.603300 0.673348
vn 0.427354 0.603300 0.673348
vn 0.427354 0.603300 0.673348
vn 0.427354 0.603300 0.673348
vn 0.427354 0.603300 0.673348
vn 0.427354 0.603300 0.673348
vn 0.427354 0.603300 0.673348
vn 0.427354 0.603300 0.673348
vn 0.427354 0.603300 0.673348
vn 0.427354 0.603300 0.673348
vn 0.427354 0.603300 0.673348
vn 0.427354 0.603300 0.673348
vn 0.427354 0.603300 0.673348
vn 0.427354 0.603300 0.673348
vn 0.427354 0.603300 0.673348
vn 0.427354 0.603300 0.673348
vn 0.427354 0.603300 0.673348
vn 0.427354 0.603300 0.673348
vn 0.427354 0.603300 0.673348
vn 0.427354 0.603300 0.673348
vn 0.427354 0.603300 0.673348
vn 0.427354 0.603300 0.673348
vn 0.427354 0.603300 0.673348
vn 0.427354 0.603300 0.673348
vn 0.427354 0.603300 0.673348
vn 0.427354 0.603300 0.673348
vn 0.427354 0.603300 0.673348
vn 0.427354 0.603300 0.673348
vn 0.427354 0.603300 0.673348
vn 0.427354 0.603300 0.673348
vn 0.427354 0.603300 0.673348
vn 0.427354 0.603300 0.673348
vn 0.427354 0.603300 0.673348
vn 0.427354 0.603300 0.673348
vn 0.427354 0.603300 0.673348
vn 0.427354 0.603300 0.673348
vn 0.427354 0.603300 0.673348
vn 0.427354 0.603300 0.673348
vn 0.427354 0.603300 0.673348
vn 0.427354 0.603300 0.673348
vn 0.427354 0.603300 0.673348
vn 0.427354 0.603300 0.673348
vn 0.427354 0.603300 0.673348
vn 0.427354 0.603300 0.673348
vn 0.427354 0.603300 0.673348
vn 0.427354 0.603300 0.673348
vn 0.427354 0.603300 0.673348
vn 0.427354 0.603300 0.673348
vn 0.427354 0.603300 0.673348
vn 0.427354 0.603300 0.673348
vn 0.427354 0.603300 0.673348
vn 0.427354 0.603300 0.673348
vn 0.427354 0.603300 0.673348
vn 0.427354 0.603300 0.673348
vn 0.427354 0.603300 0.673348
vn 0.427354 0.603300 0.673348
vn 0.427354 0.603300 0.673348
vn 0.427354 0.603300 0.673348
vn 0.427354 0.603300 0.673348
vn 0.427354 0.603300 0.673348
vn 0.427354 0.603300 0.673348
vn 0.427354 0.603300 0.673348
vn 0.427354 0.603300 0.673348
vn 0.427354 0.603300 0.673348
vn 0.427354 0.603300 0.673348
vn 0.427354 0.603300 0.673348
vn 0.427354 0.603300 0.673348
vn 0.427354 0.603300 0.673348
vn 0.427354 0.603300 0.673348
vn 0.427354 0.603300 0.673348
vn 0.427354 0.603300 0.673348
vn 0.427354 0.603300 0.673348
vn 0.427354 0.603300 0.673348
vn 0.427354 0.603300 0.673348
vn 0.427354 0.603300 0.673348
vn 0.427354 0.603300 0.673348
vn 0.427354 0.603300 0.673348
vn 0.427354 0.603300 0.673348
vn 0.427354 0.603300 0.673348
vn 0.427354 0.603300 0.673348
vn 0.427354 0.603300 0.673348
vn 0.427354 0.603300 0.673348
vn 0.427354 0.603300 0.673348
vn 0.427354 0.603300 0.673348
vn 0.427354 0.603300 0.673348
vn 0.427354 0.603300 0.673348
vn 0.427354 0.603300 0.673348
vn 0.427354 0.603300 0.673348
vn 0.427354 0.603300 0.673348
vn 0.427354 0.603300 0.673348
vn 0.427354 0.603300 0.673348
vn 0.427354 0.603300 0.673348
vn 0.427354 0.603300 0.673348
vn 0.427354 0.603300 0.673348
vn 0.427354 0.603300 0.673348
vn 0.427354 0.603300 0.673348
vn 0.427354 0.603300 0.673348
vn 0.427354 0.603300 0.673348
vn 0.427354 0.603300 0.673348
vn 0.427354 0.603300 0.673348
vn 0.427354 0.603300 0.673348
vn 0.427354 0.603300 0.673348
vn 0.427354 0.603300 0.673348
vn 0.427354 0.603300 0.673348
vn 0.427354 0.603300 0.673348
vn 0.427354 0.603300 0.673348
vn 0.427354 0.603300 0.673348
vn 0.427354 0.603300 0.673348
vn 0.427354 0.603300 0.673348
vn 0.427354 0.603300 0.673348
vn 0.427354 0.603300 0.673348
vn 0.427354 0.603300 0.673348
vn 0.427354 0.603300 0.673348
vn 0.427354 0.603300 0.673348
vn 0.427354 0.603300 0.673348
vn 0.427354 0.603300 0.673348
vn 0.427354 0.603300 0.673348
vn 0.427354 0.603300 0.673348
vn 0.427354 0.603300 0.673348
vn 0.427354 0.603300 0.673348
vn 0.427354 0.603300 0.673348
vn 0.427354 0.603300 0.673348
vn 0.427354 0.603300 0.673348
vn 0.427354 0.603300 0.673348
vn 0.427354 0.603300 0.673348
vn 0.427354 0.603300 0.673348
vn 0.427354 0.603300 0.673348
vn 0.427354 0.603300 0.673348
vn 0.427354 0.603300 0.673348
vn 0.427354 0.603300 0.673348
vn 0.427354 0.603300 0.673348
vn 0.427354 0.603300 0.673348
vn 0.427354 0.603300 0.673348
vn 0.427354 0.603300 0.673348
vn 0.427354 0.603300 0.673348
vn 0.427354 0.603300 0.673348
vn 0.427354 0.603300 0.673348
vn 0.427354 0.603300 0.673348
vn 0.427354 0.603300 0.673348
vn 0.427354 0.603300 0.673348
vn 0.427354 0.603300 0.673348
vn 0.427354 0.603300 0.673348
vn 0.427354 0.603300 0.673348
vn 0.427354 0.603300 0.673348
vn 0.427354 0.603300 0.673348
vn 0.427354 0.603300 0.673348
vn 0.427354 0.603300 0.673348
vn 0.427354 0.603300 0.673348
vn 0.427354 0.603300 0.673348
vn 0.427354 0.603300 0.673348
vn 0.427354 0.603300 0.673348
vn 0.427354 0.603300 0.673348
vn 0.427354 0.603300 0.673348
vn 0.427354 0.603300 0.673348
vn 0.427354 0.603300 0.673348
vn 0.427354 0.603300 0.673348
vn 0.427354 0.603300 0.673348
vn 0.427354 0.603300 0.673348
vn 0.427354 0.603300 0.673348
vn 0.427354 0.603300 0.673348
vn 0.427354 0.603300 0.673348
vn 0.427354 0.603300 0.673348
vn 0.427354 0.603300 0.673348
vn 0.427354 0.603300 0.673348
vn 0.427354 0.603300 0.673348
vn 0.427354 0.603300 0.673348
vn 0.427354 0.603300 0.673348
vn 0.427354 0.603300 0.673348
vn 0.427354 0.603300 0.673348
vn 0.427354 0.603300 0.673348
vn 0.427354 0.603300 0.673348
vn 0.427354 0.603300 0.673348
vn 0.427354 0.603300 0.673348
vn 0.427354 0.603300 0.673348
vn 0.427354 0.603300 0.673348
vn 0.427354 0.603300 0.673348
vn 0.427354 0.603300 0.673348
vn 0.427354 0.603300 0.673348
vn 0.427354 0.603300 0.673348
vn 0.427354 0.603300 0.673348
vn 0.427354 0.603300 0.673348
vn 0.427354 0.603300 0.673348
vn 0.427354 0.603300 0.673348
vn 0.427354 0.603300 0.673348
vn 0.427354 0.603300 0.673348
vn 0.427354 0.603300 0.673348
vn 0.427354 0.603300 0.673348
vn 0.427354 0.603300 0.673348
vn 0.427354 0.603300 0.673348
vn 0.427354 0.603300 0.673348
vn 0.427354 0.603300 0.673348
vn 0.427354 0.603300 0.673348
vn 0.427354 0.603300 0.673348
vn 0.427354 0.603300 0.673348
vn 0.427354 0.603300 0.673348
vn 0.427354 0.603300 0.673348
vn 0.427354 0.603300 0.673348
vn 0.427354 0.603300 0.673348
vn 0.427354 0.603300 0.673348
vn 0.427354 0.603300 0.673348
vn 0.427354 0.603300 0.673348
vn 0.427354 0.603300 0.673348
vn 0.427354 0.603300 0.673348
vn 0.427354 0.603300 0.673348
vn 0.427354 0.603300 0.673348
vn 0.427354 0.603300 0.673348
vn 0.427354 0.603300 0.673348
vn 0.427354 0.603300 0.673348
vn 0.427354 0.603300 0.673348
vn 0.427354 0.603300 0.673348
vn 0.427354 0.603300 0.673348
vn 0.427354 0.603300 0.673348
vn 0.427354 0.603300 0.673348
vn 0.427354 0.603300 0.673348
vn 0.427354 0.603300 0.673348
vn 0.427354 0.603300 0.673348
vn 0.427354 0.603300 0.673348
vn 0.427354 0.603300 0.673348
vn 0.427354 0.603300 0.673348
vn 0.427354 0.603300 0.673348
vn 0.427354 0.603300 0.673348
vn 0.427354 0.603300 0.673348
vn 0.427354 0.603300 0.673348
vn 0.427354 0.603300 0.673348
vn 0.427354 0.603300 0.673348
vn 0.427354 0.603300 0.673348
vn 0.427354 0.603300 0.673348
vn 0.427354 0.603300 0.673348
vn 0.427354 0.603300 0.673348
vn 0.427354 0.603300 0.673348
vn 0.427354 0.603300 0.673348
vn 0.427354 0.603300 0.673348
vn 0.427354 0.603300 0.673348
vn 0.427354 0.603300 0.673348
vn 0.427354 0.603300 0.673348
vn 0.427354 0.603300 0.673348
vn 0.427354 0.603300 0.673348
vn 0.427354 0.603300 0.673348
vn 0.427354 0.603300 0.673348
vn 0.427354 0.603300 0.673348
vn 0.427354 0.603300 0.673348
vn 0.427354 0.603300 0.673348
vn 0.427354 0.603300 0.673348
vn 0.427354 0.603300 0.673348
vn 0.427354 0.603300 0.673348
vn 0.427354 0.603300 0.673348
vn 0.427354 0.603300 0.673348
vn 0.427354 0.603300 0.673348
vn 0.427354 0.603300 0.673348
vn 0.427354 0.603300 0.673348
vn 0.427354 0.603300 0.673348
vn 0.427354 0.603300 0.673348
vn 0.427354 0.603300 0.673348
vn 0.427354 0.603300 0.673348
vn 0.427354 0.603300 0.673348
vn 0.427354 0.603300 0.673348
vn 0.427354 0.603300 0.673348
vn 0.427354 0.603300 0.673348
vn 0.427354 0.603300 0.673348
vn 0.427354 0.603300 0.673348
vn 0.427354 0.603300 0.673348
vn 0.427354 0.603300 0.673348
vn 0.427354 0.603300 0.673348
vn 0.427354 0.603300 0.673348
vn 0.427354 0.603300 0.673348
vn 0.427354 0.603300 0.673348
vn 0.427354 0.603300 0.673348
vn 0.427354 0.603300 0.673348
vn 0.427354 0.603300 0.673348
vn 0.427354 0.603300 0.673348
vn 0.427354 0.603300 0.673348
vn 0.427354 0.603300 0.673348
vn 0.427354 0.603300 0.673348
vn 0.427354 0.603300 0.673348
vn 0.427354 0.603300 0.673348
vn 0.427354 0.603300 0.673348
vn 0.427354 0.603300 0.673348
vn 0.427354 0.603300 0.673348
vn 0.427354 0.603300 0.673348
vn 0.427354 0.603300 0.673348
vn 0.427354 0.603300 0.673348
vn 0.427354 0.603300 0.673348
vn 0.427354 0.603300 0.673348
vn 0.427354 0.603300 0.673348
vn 0.427354 0.603300 0.673348
vn 0.427354 0.603300 0.673348
vn 0.427354 0.603300 0.673348
vn 0.427354 0.603300 0.673348
vn 0.427354 0.603300 0.673348
vn 0.427354 0.603300 0.673348
vn 0.427354 0.603300 0.673348
vn 0.427354 0.603300 0.673348
vn 0.427354 0.603300 0.673348
vn 0.427354 0.603300 0.673348
vn 0.427354 0.603300 0.673348
vn 0.427354 0.603300 0.673348
vn 0.427354 0.603300 0.673348
vn 0.427354 0.603300 0.673348
vn 0.427354 0.603300 0.673348
vn 0.427354 0.603300 0.673348
vn 0.427354 0.603300 0.673348
vn 0.427354 0.603300 0.673348
vn 0.427354 0.603300 0.673348
vn 0.427354 0.603300 0.673348
vn 0.427354 0.603300 0.673348
vn 0.427354 0.603300 0.673348
vn 0.427354 0.603300 0.673348
vn 0.427354 0.603300 0.673348
vn 0.427354 0.603300 0.673348
vn 0.427354 0.603300 0.673348
vn 0.427354 0.603300 0.673348
vn 0.427354 0.603300 0.673348
vn 0.427354 0.603300 0.673348
vn 0.427354 0.603300 0.673348
vn 0.427354 0.603300 0.673348
vn 0.427354 0.603300 0.673348
vn 0.427354 0.603300 0.673348
vn 0.427354 0.603300 0.673348
vn 0.427354 0.603300 0.673348
vn 0.427354 0.603300 0.673348
vn 0.427354 0.603300 0.673348
vn 0.427354 0.603300 0.673348
vn 0.427354 0.603300 0.673348
vn 0.427354 0.603300 0.673348
vn 0.427354 0.603300 0.673348
vn 0.427354 0.603300 0.673348
vn 0.427354 0.603300 0.673348
vn 0.427354 0.603300 0.673348
vn 0.427354 0.603300 0.673348
vn 0.427354 0.603300 0.673348
vn 0.427354 0.603300 0.673348
vn 0.427354 0.603300 0.673348
vn 0.427354 0.603300 0.673348
vn 0.427354 0.603300 0.673348
vn 0.427354 0.603300 0.673348
vn 0.427354 0.603300 0.673348
vn 0.427354 0.603300 0.673348
vn 0.427354 0.603300 0.673348
vn 0.427354 0.603300 0.673348
vn 0.427354 0.603300 0.673348
vn 0.427354 0.603300 0.673348
vn 0.427354 0.603300 0.673348
vn 0.427354 0.603300 0.673348
vn 0.427354 0.603300 0.673348
vn 0.427354 0.603300 0.673348
vn 0.427354 0.603300 0.673348
vn 0.427354 0.603300 0.673348
vn 0.427354 0.603300 0.673348
vn 0.427354 0.603300 0.673348
vn 0.427354 0.603300 0.673348
vn 0.427354 0.603300 0.673348
vn 0.427354 0.603300 0.673348
vn 0.427354 0.603300 0.673348
vn 0.427354 0.603300 0.673348
vn 0.427354 0.603300 0.673348
vn 0.427354 0.603300 0.673348
vn 0.427354 0.603300 0.673348
vn 0.427354 0.603300 0.673348
vn 0.427354 0.603300 0.673348
vn 0.427354 0.603300 0.673348
vn 0.427354 0.603300 0.673348
vn 0.427354 0.603300 0.673348
vn 0.427354 0.603300 0.673348
vn 0.427354 0.603300 0.673348
vn 0.427354 0.603300 0.673348
vn 0.427354 0.603300 0.673348
vn 0.427354 0.603300 0.673348
vn 0.427354 0.603300 0.673348
vn 0.427354 0.603300 0.673348
vn 0.427354 0.603300 0.673348
vn 0.427354 0.603300 0.673348
vn 0.427354 0.603300 0.673348
vn 0.427354 0.603300 0.673348
vn 0.427354 0.603300 0.673348
vn 0.427354 0.603300 0.673348
vn 0.427354 0.603300 0.673348
vn 0.427354 0.603300 0.673348
vn 0.427354 0.603300 0.673348
vn 0.427354 0.603300 0.673348
vn 0.427354 0.603300 0.673348
vn 0.427354 0.603300 0.673348
vn 0.427354 0.603300 0.673348
vn 0.427354 0.603300 0.673348
vn 0.427354 0.603300 0.673348
vn 0.427354 0.603300 0.673348
vn 0.427354 0.603300 0.673348
vn 0.427354 0.603300 0.673348
vn 0.427354 0.603300 0.673348
vn 0.427354 0.603300 0.673348
vn 0.427354 0.603300 0.673348
vn 0.427354 0.603300 0.673348
vn 0.427354 0.603300 0.673348
vn 0.427354 0.603300 0.673348
vn 0.427354 0.603300 0.673348
vn 0.427354 0.603300 0.673348
vn 0.427354 0.603300 0.673348
vn 0.427354 0.603300 0.673348
vn 0.427354 0.603300 0.673348
vn 0.427354 0.603300 0.673348
vn 0.427354 0.603300 0.673348
vn 0.427354 0.603300 0.673348
vn 0.427354 0.603300 0.673348
vn 0.427354 0.603300 0.673348
vn 0.427354 0.603300 0.673348
vn 0.427354 0.603300 0.673348
vn 0.427354 0.603300 0.673348
vn 0.427354 0.603300 0.673348
vn 0.427354 0.603300 0.673348
vn 0.427354 0.603300 0.673348
vn 0.427354 0.603300 0.673348
vn 0.427354 0.603300 0.673348
vn 0.427354 0.603300 0.673348
vn 0.427354 0.603300 0.673348
vn 0.427354 0.603300 0.673348
vn 0.427354 0.603300 0.673348
vn 0.427354 0.603300 0.673348
vn 0.427354 0.603300 0.673348
vn 0.427354 0.603300 0.673348
vn 0.427354 0.603300 0.673348
vn 0.427354 0.603300 0.673348
vn 0.427354 0.603300 0.673348
vn 0.427354 0.603300 0.673348
vn 0.427354 0.603300 0.673348
vn 0.427354 0.603300 0.673348
vn 0.427354 0.603300 0.673348
vn 0.427354 0.603300 0.673348
vn 0.427354 0.603300 0.673348
vn 0.427354 0.603300 0.673348
vn 0.427354 0.603300 0.673348
vn 0.427354 0.603300 0.673348
vn 0.427354 0.603300 0.673348
vn 0.427354 0.603300 0.673348
vn 0.427354 0.603300 0.673348
vn 0.427354 0.603300 0.673348
vn 0.427354 0.603300 0.673348
vn 0.427354 0.603300 0.673348
vn 0.427354 0.603300 0.673348
vn 0.427354 0.603300 0.673348
vn 0.427354 0.603300 0.673348
vn 0.427354 0.603300 0.673348
vn 0.427354 0.603300 0.673348
vn 0.427354 0.603300 0.673348
vn 0.427354 0.603300 0.673348
vn 0.427354 0.603300 0.673348
vn 0.427354 0.603300 0.673348
vn 0.427354 0.603300 0.673348
vn 0.427354 0.603300 0.673348
vn 0.427354 0.603300 0.673348
vn 0.427354 0.603300 0.673348
vn 0.427354 0.603300 0.673348
vn 0.427354 0.603300 0.673348
vn 0.427354 0.603300 0.673348
vn 0.427354 0.603300 0.673348
vn 0.427354 0.603300 0.673348
vn 0.427354 0.603300 0.673348
vn 0.427354 0.603300 0.673348
vn 0.427354 0.603300 0.673348
vn 0.427354 0.603300 0.673348
vn 0.427354 0.603300 0.673348
vn 0.427354 0.603300 0.673348
vn 0.427354 0.603300 0.673348
vn 0.427354 0.603300 0.673348
vn 0.427354 0.603300 0.673348
vn 0.427354 0.603300 0.673348
vn 0.427354 0.603300 0.673348
vn 0.427354 0.603300 0.673348
vn 0.427354 0.603300 0.673348
vn 0.427354 0.603300 0.673348
vn 0.427354 0.603300 0.673348
vn 0.427354 0.603300 0.673348
vn 0.427354 0.603300 0.673348
vn 0.427354 0.603300 0.673348
vn 0.427354 0.603300 0.673348
vn 0.427354 0.603300 0.673348
vn 0.427354 0.603300 0.673348
vn 0.427354 0.603300 0.673348
vn 0.427354 0.603300 0.673348
vn 0.427354 0.603300 0.673348
vn 0.427354 0.603300 0.673348
vn 0.427354 0.603300 0.673348
vn 0.427354 0.603300 0.673348
vn 0.427354 0.603300 0.673348
vn 0.427354 0.603300 0.673348
vn 0.427354 0.603300 0.673348
vn 0.427354 0.603300 0.673348
vn 0.427354 0.603300 0.673348
vn 0.427354 0.603300 0.673348
vn 0.427354 0.603300 0.673348
vn 0.427354 0.603300 0.673348
vn 0.427354 0.603300 0.673348
vn 0.427354 0.603300 0.673348
vn 0.427354 0.603300 0.673348
vn 0.427354 0.603300 0.673348
vn 0.427354 0.603300 0.673348
vn 0.427354 0.603300 0.673348
vn 0.427354 0.603300 0.673348
vn 0.427354 0.603300 0.673348
vn 0.427354 0.603300 0.673348
vn 0.427354 0.603300 0.673348
vn 0.427354 0.603300 0.673348
vn 0.427354 0.603300 0.673348
vn 0.427354 0.603300 0.673348
vn 0.427354 0.603300 0.673348
vn 0.427354 0.603300 0.673348
vn 0.427354 0.603300 0.673348
vn 0.427354 0.603300 0.673348
vn 0.427354 0.603300 0.673348
vn 0.427354 0.603300 0.673348
vn 0.427354 0.603300 0.673348
vn 0.427354 0.603300 0.673348
vn 0.427354 0.603300 0.673348
vn 0.427354 0.603300 0.673348
vn 0.427354 0.603300 0.673348
vn 0.427354 0.603300 0.673348
vn 0.427354 0.603300 0.673348
vn 0.427354 0.603300 0.673348
vn 0.427354 0.603300 0.673348
vn 0.427354 0.603300 0.673348
vn 0.427354 0.603300 0.673348
vn 0.427354 0.603300 0.673348
vn 0.427354 0.603300 0.673348
vn 0.427354 0.603300 0.673348
vn 0.427354 0.603300 0.673348
vn 0.427354 0.603300 0.673348
vn 0.427354 0.603300 0.673348
vn 0.427354 0.603300 0.673348
vn 0.427354 0.603300 0.673348
vn 0.427354 0.603300 0.673348
vn 0.427354 0.603300 0.673348
vn 0.427354 0.603300 0.673348
vn 0.427354 0.603300 0.673348
vn 0.427354 0.603300 0.673348
vn 0.427354 0.603300 0.673348
vn 0.427354 0.603300 0.673348
vn 0.427354 0.603300 0.673348
vn 0.427354 0.603300 0.673348
vn 0.427354 0.603300 0.673348
vn 0.427354 0.603300 0.673348
vn 0.427354 0.603300 0.673348
vn 0.427354 0.603300 0.673348
vn 0.427354 0.603300 0.673348
vn 0.427354 0.603300 0.673348
vn 0.427354 0.603300 0.673348
vn 0.427354 0.603300 0.673348
vn 0.427354 0.603300 0.673348
vn 0.427354 0.603300 0.673348
vn 0.427354 0.603300 0.673348
vn 0.427354 0.603300 0.673348
vn 0.427354 0.603300 0.673348
vn 0.427354 0.603300 0.673348
vn 0.427354 0.603300 0.673348
vn 0.427354 0.603300 0.673348
vn 0.427354 0.603300 0.673348
vn 0.427354 0.603300 0.673348
vn 0.427354 0.603300 0.673348
vn 0.427354 0.603300 0.673348
vn 0.427354 0.603300 0.673348
vn 0.427354 0.603300 0.673348
vn 0.427354 0.603300 0.673348
vn 0.427354 0.603300 0.673348
vn 0.427354 0.603300 0.673348
vn 0.427354 0.603300 0.673348
vn 0.427354 0.603300 0.673348
vn 0.427354 0.603300 0.673348
vn 0.427354 0.603300 0.673348
vn 0.427354 0.603300 0.673348
vn 0.427354 0.603300 0.673348
vn 0.427354 0.603300 0.673348
vn 0.427354 0.603300 0.673348
vn 0.427354 0.603300 0.673348
vn 0.427354 0.603300 0.673348
vn 0.427354 0.603300 0.673348
vn 0.427354 0.603300 0.673348
vn 0.427354 0.603300 0.673348
vn 0.427354 0.603300 0.673348
vn 0.427354 0.603300 0.673348
vn 0.427354 0.603300 0.673348
vn 0.427354 0.603300 0.673348
vn 0.427354 0.603300 0.673348
vn 0.427354 0.603300 0.673348
vn 0.427354 0.603300 0.673348
vn 0.427354 0.603300 0.673348
vn 0.427354 0.603300 0.673348
vn 0.427354 0.603300 0.673348
vn 0.427354 0.603300 0.673348
vn 0.427354 0.603300 0.673348
vn 0.427354 0.603300 0.673348
vn 0.427354 0.603300 0.673348
vn 0.427354 0.603300 0.673348
vn 0.427354 0.603300 0.673348
vn 0.427354 0.603300 0.673348
vn 0.427354 0.603300 0.673348
vn 0.427354 0.603300 0.673348
vn 0.427354 0.603300 0.673348
vn 0.427354 0.603300 0.673348
vn 0.427354 0.603300 0.673348
vn 0.427354 0.603300 0.673348
vn 0.427354 0.603300 0.673348
vn 0.427354 0.603300 0.673348
vn 0.427354 0.603300 0.673348
vn 0.427354 0.603300 0.673348
vn 0.427354 0.603300 0.673348
vn 0.427354 0.603300 0.673348
vn 0.427354 0.603300 0.673348
vn 0.427354 0.603300 0.673348
vn 0.427354 0.603300 0.673348
vn 0.427354 0.603300 0.673348
vn 0.427354 0.603300 0.673348
vn 0.427354 0.603300 0.673348
vn 0.427354 0.603300 0.673348
vn 0.427354 0.603300 0.673348
vn 0.427354 0.603300 0.673348
vn 0.427354 0.603300 0.673348
vn 0.427354 0.603300 0.673348
vn 0.427354 0.603300 0.673348
vn 0.427354 0.603300 0.673348
vn 0.427354 0.603300 0.673348
vn 0.427354 0.603300 0.673348
vn 0.427354 0.603300 0.673348
vn 0.427354 0.603300 0.673348
vn 0.427354 0.603300 0.673348
vn 0.427354 0.603300 0.673348
vn 0.427354 0.603300 0.673348
vn 0.427354 0.603300 0.673348
vn 0.427354 0.603300 0.673348
vn 0.427354 0.603300 0.673348
vn 0.427354 0.603300 0.673348
vn 0.427354 0.603300 0.673348
vn 0.427354 0.603300 0.673348
vn 0.427354 0.603300 0.673348
vn 0.427354 0.603300 0.673348
vn 0.427354 0.603300 0.673348
vn 0.427354 0.603300 0.673348
vn 0.427354 0.603300 0.673348
vn 0.427354 0.603300 0.673348
vn 0.427354 0.603300 0.673348
vn 0.427354 0.603300 0.673348
vn 0.427354 0.603300 0.673348
vn 0.427354 0.603300 0.673348
vn 0.427354 0.603300 0.673348
vn 0.427354 0.603300 0.673348
vn 0.427354 0.603300 0.673348
vn 0.427354 0.603300 0.673348
vn 0.427354 0.603300 0.673348
vn 0.427354 0.603300 0.673348
vn 0.427354 0.603300 0.673348
vn 0.427354 0.603300 0.673348
vn 0.427354 0.603300 0.673348
vn 0.427354 0.603300 0.673348
vn 0.427354 0.603300 0.673348
vn 0.427354 0.603300 0.673348
vn 0.427354 0.603300 0.673348
vn 0.427354 0.603300 0.673348
vn 0.427354 0.603300 0.673348
vn 0.427354 0.603300 0.673348
vn 0.427354 0.603300 0.673348
vn 0.427354 0.603300 0.673348
vn 0.427354 0.603300 0.673348
vn 0.427354 0.603300 0.673348
vn 0.427354 0.603300 0.673348
vn 0.427354 0.603300 0.673348
vn 0.427354 0.603300 0.673348
vn 0.427354 0.603300 0.673348
vn 0.427354 0.603300 0.673348
vn 0.427354 0.603300 0.673348
vn 0.427354 0.603300 0.673348
vn 0.427354 0.603300 0.673348
vn 0.427354 0.603300 0.673348
vn 0.427354 0.603300 0.673348
vn 0.427354 0.603300 0.673348
vn 0.427354 0.603300 0.673348
vn 0.427354 0.603300 0.673348
vn 0.427354 0.603300 0.673348
vn 0.427354 0.603300 0.673348
vn 0.427354 0.603300 0.673348
vn 0.427354 0.603300 0.673348
vn 0.427354 0.603300 0.673348
vn 0.427354 0.603300 0.673348
vn 0.427354 0.603300 0.673348
vn 0.427354 0.603300 0.673348
vn 0.427354 0.603300 0.673348
vn 0.427354 0.603300 0.673348
vn 0.427354 0.603300 0.673348
vn 0.427354 0.603300 0.673348
vn 0.427354 0.603300 0.673348
vn 0.427354 0.603300 0.673348
vn 0.427354 0.603300 0.673348
vn 0.427354 0.603300 0.673348
vn 0.427354 0.603300 0.673348
vn 0.427354 0.603300 0.673348
vn 0.427354 0.603300 0.673348
vn 0.427354 0.603300 0.673348
vn 0.427354 0.603300 0.673348
vn 0.427354 0.603300 0.673348
vn 0.427354 0.603300 0.673348
vn 0.427354 0.603300 0.673348
vn 0.427354 0.603300 0.673348
vn 0.427354 0.603300 0.673348
vn 0.427354 0.603300 0.673348
vn 0.427354 0.603300 0.673348
vn 0.427354 0.603300 0.673348
vn 0.427354 0.603300 0.673348
vn 0.427354 0.603300 0.673348
vn 0.427354 0.603300 0.673348
vn 0.427354 0.603300 0.673348
vn 0.427354 0.603300 0.673348
vn 0.427354 0.603300 0.673348
vn 0.427354 0.603300 0.673348
vn 0.427354 0.603300 0.673348
vn 0.427354 0.603300 0.673348
vn 0.427354 0.603300 0.673348
vn 0.427354 0.603300 0.673348
vn 0.427354 0.603300 0.673348
vn 0.427354 0.603300 0.673348
vn 0.427354 0.603300 0.673348
vn 0.427354 0.603300 0.673348
vn 0.427354 0.603300 0.673348
vn 0.427354 0.603300 0.673348
vn 0.427354 0.603300 0.673348
vn 0.427354 0.603300 0.673348
vn 0.427354 0.603300 0.673348
vn 0.427354 0.603300 0.673348
vn 0.427354 0.603300 0.673348
vn 0.427354 0.603300 0.673348
vn 0.427354 0.603300 0.673348
vn 0.427354 0.603300 0.673348
vn 0.427354 0.603300 0.673348
vn 0.427354 0.603300 0.673348
vn 0.427354 0.603300 0.673348
vn 0.427354 0.603300 0.673348
vn 0.427354 0.603300 0.673348
vn 0.427354 0.603300 0.673348
vn 0.427354 0.603300 0.673348
vn 0.427354 0.603300 0.673348
vn 0.427354 0.603300 0.673348
vn 0.427354 0.603300 0.673348
vn 0.427354 0.603300 0.673348
vn 0.427354 0.603300 0.673348
vn 0.427354 0.603300 0.673348
vn 0.427354 0.603300 0.673348
vn 0.427354 0.603300 0.673348
vn 0.427354 0.603300 0.673348
vn 0.427354 0.603300 0.673348
vn 0.427354 0.603300 0.673348
vn 0.427354 0.603300 0.673348
vn 0.427354 0.603300 0.673348
vn 0.427354 0.603300 0.673348
vn 0.427354 0.603300 0.673348
vn 0.427354 0.603300 0.673348
vn 0.427354 0.603300 0.673348
vn 0.427354 0.603300 0.673348
vn 0.427354 0.603300 0.673348
vn 0.427354 0.603300 0.673348
vn 0.427354 0.603300 0.673348
vn 0.427354 0.603300 0.673348
vn 0.427354 0.603300 0.673348
vn 0.427354 0.603300 0.673348
vn 0.427354 0.603300 0.673348
vn 0.427354 0.603300 0.673348
vn 0.427354 0.603300 0.673348
vn 0.427354 0.603300 0.673348
vn 0.427354 0.603300 0.673348
vn 0.427354 0.603300 0.673348
vn 0.427354 0.603300 0.673348
vn 0.427354 0.603300 0.673348
vn 0.427354 0.603300 0.673348
vn 0.427354 0.603300 0.673348
vn 0.427354 0.603300 0.673348
vn 0.427354 0.603300 0.673348
vn 0.427354 0.603300 0.673348
vn 0.427354 0.603300 0.673348
vn 0.427354 0.603300 0.673348
vn 0.427354 0.603300 0.673348
vn 0.427354 0.603300 0.673348
vn 0.427354 0.603300 0.673348
vn 0.427354 0.603300 0.673348
vn 0.427354 0.603300 0.673348
vn 0.427354 0.603300 0.673348
vn 0.427354 0.603300 0.673348
vn 0.427354 0.603300 0.673348
vn 0.427354 0.603300 0.673348
vn 0.427354 0.603300 0.673348
vn 0.427354 0.603300 0.673348
vn 0.427354 0.603300 0.673348
vn 0.427354 0.603300 0.673348
vn 0.427354 0.603300 0.673348
vn 0.427354 0.603300 0.673348
vn 0.427354 0.603300 0.673348
vn 0.427354 0.603300 0.673348
vn 0.427354 0.603300 0.673348
vn 0.427354 0.603300 0.673348
vn 0.427354 0.603300 0.673348
vn 0.427354 0.603300 0.673348
vn 0.427354 0.603300 0.673348
vn 0.427354 0.603300 0.673348
vn 0.427354 0.603300 0.673348
vn 0.427354 0.603300 0.673348
vn 0.427354 0.603300 0.673348
vn 0.427354 0.603300 0.673348
vn 0.427354 0.603300 0.673348
vn 0.427354 0.603300 0.673348
vn 0.427354 0.603300 0.673348
vn 0.427354 0.603300 0.673348
vn 0.427354 0.603300 0.673348
vn 0.427354 0.603300 0.673348
vn 0.427354 0.603300 0.673348
vn 0.427354 0.603300 0.673348
vn 0.427354 0.603300 0.673348
vn 0.427354 0.603300 0.673348
vn 0.427354 0.603300 0.673348
vn 0.427354 0.603300 0.673348
vn 0.427354 0.603300 0.673348
vn 0.427354 0.603300 0.673348
vn 0.427354 0.603300 0.673348
vn 0.427354 0.603300 0.673348
vn 0.427354 0.603300 0.673348
vn 0.427354 0.603300 0.673348
vn 0.427354 0.603300 0.673348
vn 0.427354 0.603300 0.673348
vn 0.427354 0.603300 0.673348
vn 0.427354 0.603300 0.673348
vn 0.427354 0.603300 0.673348
vn 0.427354 0.603300 0.673348
vn 0.427354 0.603300 0.673348
vn 0.427354 0.603300 0.673348
vn 0.427354 0.603300 0.673348
vn 0.427354 0.603300 0.673348
vn 0.427354 0.603300 0.673348
vn 0.427354 0.603300 0.673348
vn 0.427354 0.603300 0.673348
vn 0.427354 0.603300 0.673348
vn 0.427354 0.603300 0.673348
vn 0.427354 0.603300 0.673348
vn 0.427354 0.603300 0.673348
vn 0.427354 0.603300 0.673348
vn 0.427354 0.603300 0.673348
vn 0.427354 0.603300 0.673348
vn 0.427354 0.603300 0.673348
vn 0.427354 0.603300 0.673348
vn 0.427354 0.603300 0.673348
vn 0.427354 0.603300 0.673348
vn 0.427354 0.603300 0.673348
vn 0.427354 0.603300 0.673348
vn 0.427354 0.603300 0.673348
vn 0.427354 0.603300 0.673348
vn 0.427354 0.603300 0.673348
vn 0.427354 0.603300 0.673348
vn 0.427354 0.603300 0.673348
vn 0.427354 0.603300 0.673348
vn 0.427354 0.603300 0.673348
vn 0.427354 0.603300 0.673348
vn 0.427354 0.603300 0.673348
vn 0.427354 0.603300 0.673348
vn 0.427354 0.603300 0.673348
vn 0.427354 0.603300 0.673348
vn 0.427354 0.603300 0.673348
vn 0.427354 0.603300 0.673348
vn 0.427354 0.603300 0.673348
vn 0.427354 0.603300 0.673348
vn 0.427354 0.603300 0.673348
vn 0.427354 0.603300 0.673348
vn 0.427354 0.603300 0.673348
vn 0.427354 0.603300 0.673348
vn 0.427354 0.603300 0.673348
vn 0.427354 0.603300 0.673348
vn 0.427354 0.603300 0.673348
vn 0.427354 0.603300 0.673348
vn 0.427354 0.603300 0.673348
vn 0.427354 0.603300 0.673348
vn 0.427354 0.603300 0.673348
vn 0.427354 0.603300 0.673348
vn 0.427354 0.603300 0.673348
vn 0.427354 0.603300 0.673348
vn 0.427354 0.603300 0.673348
vn 0.427354 0.603300 0.673348
vn 0.427354 0.603300 0.673348
vn 0.427354 0.603300 0.673348
vn 0.427354 0.603300 0.673348
vn 0.427354 0.603300 0.673348
vn 0.427354 0.603300 0.673348
vn 0.427354 0.603300 0.673348
vn 0.427354 0.603300 0.673348
vn 0.427354 0.603300 0.673348
vn 0.427354 0.603300 0.673348
vn 0.427354 0.603300 0.673348
vn 0.427354 0.603300 0.673348
vn 0.427354 0.603300 0.673348
vn 0.427354 0.603300 0.673348
vn 0.427354 0.603300 0.673348
vn 0.427354 0.603300 0.673348
vn 0.427354 0.603300 0.673348
vn 0.427354 0.603300 0.673348
vn 0.427354 0.603300 0.673348
vn 0.427354 0.603300 0.673348
vn 0.427354 0.603300 0.673348
vn 0.427354 0.603300 0.673348
vn 0.427354 0.603300 0.673348
vn 0.427354 0.603300 0.673348
vn 0.427354 0.603300 0.673348
vn 0.427354 0.603300 0.673348
vn 0.427354 0.603300 0.673348
vn 0.427354 0.603300 0.673348
vn 0.427354 0.603300 0.673348
vn 0.427354 0.603300 0.673348
vn 0.427354 0.603300 0.673348
vn 0.427354 0.603300 0.673348
vn 0.427354 0.603300 0.673348
vn 0.427354 0.603300 0.673348
vn 0.427354 0.603300 0.673348
vn 0.427354 0.603300 0.673348
vn 0.427354 0.603300 0.673348
vn 0.427354 0.603300 0.673348
vn 0.427354 0.603300 0.673348
vn 0.427354 0.603300 0.673348
vn 0.427354 0.603300 0.673348
vn 0.427354 0.603300 0.673348
vn 0.427354 0.603300 0.673348
vn 0.427354 0.603300 0.673348
vn 0.427354 0.603300 0.673348
vn 0.427354 0.603300 0.673348
vn 0.427354 0.603300 0.673348
vn 0.427354 0.603300 0.673348
vn 0.427354 0.603300 0.673348
vn 0.427354 0.603300 0.673348
vn 0.427354 0.603300 0.673348
vn 0.427354 0.603300 0.673348
vn 0.427354 0.603300 0.673348
vn 0.427354 0.603300 0.673348
vn 0.427354 0.603300 0.673348
vn 0.427354 0.603300 0.673348
vn 0.427354 0.603300 0.673348
vn 0.427354 0.603300 0.673348
vn 0.427354 0.603300 0.673348
vn 0.427354 0.603300 0.673348
vn 0.427354 0.603300 0.673348
vn 0.427354 0.603300 0.673348
vn 0.427354 0.603300 0.673348
vn 0.427354 0.603300 0.673348
vn 0.427354 0.603300 0.673348
vn 0.427354 0.603300 0.673348
vn 0.427354 0.603300 0.673348
vn 0.427354 0.603300 0.673348
vn 0.427354 0.603300 0.673348
vn 0.427354 0.603300 0.673348
vn 0.427354 0.603300 0.673348
vn 0.427354 0.603300 0.673348
vn 0.427354 0.603300 0.673348
vn 0.427354 0.603300 0.673348
vn 0.427354 0.603300 0.673348
vn 0.427354 0.603300 0.673348
vn 0.427354 0.603300 0.673348
vn 0.427354 0.603300 0.673348
vn 0.427354 0.603300 0.673348
vn 0.427354 0.603300 0.673348
vn 0.427354 0.603300 0.673348
vn 0.427354 0.603300 0.673348
vn 0.427354 0.603300 0.673348
vn 0.427354 0.603300 0.673348
vn 0.427354 0.603300 0.673348
vn 0.427354 0.603300 0.673348
vn 0.427354 0.603300 0.673348
vn 0.427354 0.603300 0.673348
vn 0.427354 0.603300 0.673348
vn 0.427354 0.603300 0.673348
vn 0.427354 0.603300 0.673348
vn 0.427354 0.603300 0.673348
vn 0.427354 0.603300 0.673348
vn 0.427354 0.603300 0.673348
vn 0.427354 0.603300 0.673348
vn 0.427354 0.603300 0.673348
vn 0.427354 0.603300 0.673348
vn 0.427354 0.603300 0.673348
vn 0.427354 0.603300 0.673348
vn 0.427354 0.603300 0.673348
vn 0.427354 0.603300 0.673348
vn 0.427354 0.603300 0.673348
vn 0.427354 0.603300 0.673348
vn 0.427354 0.603300 0.673348
vn 0.427354 0.603300 0.673348
vn 0.427354 0.603300 0.673348
vn 0.427354 0.603300 0.673348
vn 0.427354 0.603300 0.673348
vn 0.427354 0.603300 0.673348
vn 0.427354 0.603300 0.673348
vn 0.427354 0.603300 0.673348
vn 0.427354 0.603300 0.673348
vn 0.427354 0.603300 0.673348
vn 0.427354 0.603300 0.673348
vn 0.427354 0.603300 0.673348
vn 0.427354 0.603300 0.673348
vn 0.427354 0.603300 0.673348
vn 0.427354 0.603300 0.673348
vn 0.427354 0.603300 0.673348
vn 0.427354 0.603300 0.673348
vn 0.427354 0.603300 0.673348
vn 0.427354 0.603300 0.673348
vn 0.427354 0.603300 0.673348
vn 0.427354 0.603300 0.673348
vn 0.427354 0.603300 0.673348
vn 0.427354 0.603300 0.673348
vn 0.427354 0.603300 0.673348
vn 0.427354 0.603300 0.673348
vn 0.427354 0.603300 0.673348
vn 0.427354 0.603300 0.673348
vn 0.427354 0.603300 0.673348
vn 0.427354 0.603300 0.673348
vn 0.427354 0.603300 0.673348
vn 0.427354 0.603300 0.673348
vn 0.427354 0.603300 0.673348
vn 0.427354 0.603300 0.673348
vn 0.427354 0.603300 0.673348
vn 0.427354 0.603300 0.673348
vn 0.427354 0.603300 0.673348
vn 0.427354 0.603300 0.673348
vn 0.427354 0.603300 0.673348
vn 0.427354 0.603300 0.673348
vn 0.427354 0.603300 0.673348
vn 0.427354 0.603300 0.673348
vn 0.427354 0.603300 0.673348
vn 0.427354 0.603300 0.673348
vn 0.427354 0.603300 0.673348
vn 0.427354 0.603300 0.673348
vn 0.427354 0.603300 0.673348
vn 0.427354 0.603300 0.673348
vn 0.427354 0.603300 0.673348
vn 0.427354 0.603300 0.673348
vn 0.427354 0.603300 0.673348
vn 0.427354 0.603300 0.673348
vn 0.427354 0.603300 0.673348
vn 0.427354 0.603300 0.673348
vn 0.427354 0.603300 0.673348
vn 0.427354 0.603300 0.673348
vn 0.427354 0.603300 0.673348
vn 0.427354 0.603300 0.673348
vn 0.427354 0.603300 0.673348
vn 0.427354 0.603300 0.673348
vn 0.427354 0.603300 0.673348
vn 0.427354 0.603300 0.673348
vn 0.427354 0.603300 0.673348
vn 0.427354 0.603300 0.673348
vn 0.427354 0.603300 0.673348
vn 0.427354 0.603300 0.673348
vn 0.427354 0.603300 0.673348
vn 0.427354 0.603300 0.673348
vn 0.427354 0.603300 0.673348
vn 0.427354 0.603300 0.673348
vn 0.427354 0.603300 0.673348
vn 0.427354 0.603300 0.673348
vn 0.427354 0.603300 0.673348
vn 0.427354 0.603300 0.673348
vn 0.427354 0.603300 0.673348
vn 0.427354 0.603300 0.673348
vn 0.427354 0.603300 0.673348
vn 0.427354 0.603300 0.673348
vn 0.427354 0.603300 0.673348
vn 0.427354 0.603300 0.673348
vn 0.427354 0.603300 0.673348
vn 0.427354 0.603300 0.673348
vn 0.427354 0.603300 0.673348
vn 0.427354 0.603300 0.673348
vn 0.427354 0.603300 0.673348
vn 0.427354 0.603300 0.673348
vn 0.427354 0.603300 0.673348
vn 0.427354 0.603300 0.673348
vn 0.427354 0.603300 0.673348
vn 0.427354 0.603300 0.673348
vn 0.427354 0.603300 0.673348
vn 0.427354 0.603300 0.673348
vn 0.427354 0.603300 0.673348
vn 0.427354 0.603300 0.673348
vn 0.427354 0.603300 0.673348
vn 0.427354 0.603300 0.673348
vn 0.427354 0.603300 0.673348
vn 0.427354 0.603300 0.673348
vn 0.427354 0.603300 0.673348
vn 0.427354 0.603300 0.673348
vn 0.427354 0.603300 0.673348
vn 0.427354 0.603300 0.673348
vn 0.427354 0.603300 0.673348
vn 0.427354 0.603300 0.673348
vn 0.427354 0.603300 0.673348
vn 0.427354 0.603300 0.673348
vn 0.427354 0.603300 0.673348
vn 0.427354 0.603300 0.673348
vn 0.427354 0.603300 0.673348
vn 0.427354 0.603300 0.673348
vn 0.427354 0.603300 0.673348
vn 0.427354 0.603300 0.673348
vn 0.427354 0.603300 0.673348
vn 0.427354 0.603300 0.673348
vn 0.427354 0.603300 0.673348
vn 0.427354 0.603300 0.673348
vn 0.427354 0.603300 0.673348
vn 0.427354 0.603300 0.673348
vn 0.427354 0.603300 0.673348
vn 0.427354 0.603300 0.673348
vn 0.427354 0.603300 0.673348
vn 0.427354 0.603300 0.673348
vn 0.427354 0.603300 0.673348
vn 0.427354 0.603300 0.673348
vn 0.427354 0.603300 0.673348
vn 0.427354 0.603300 0.673348
vn 0.427354 0.603300 0.673348
vn 0.427354 0.603300 0.673348
vn 0.427354 0.603300 0.673348
vn 0.427354 0.603300 0.673348
vn 0.427354 0.603300 0.673348
vn 0.427354 0.603300 0.673348
vn 0.427354 0.603300 0.673348
vn 0.427354 0.603300 0.673348
vn 0.427354 0.603300 0.673348
vn 0.427354 0.603300 0.673348
vn 0.427354 0.603300 0.673348
vn 0.427354 0.603300 0.673348
vn 0.427354 0.603300 0.673348
vn 0.427354 0.603300 0.673348
vn 0.427354 0.603300 0.673348
vn 0.427354 0.603300 0.673348
vn 0.427354 0.603300 0.673348
vn 0.427354 0.603300 0.673348
vn 0.427354 0.603300 0.673348
vn 0.427354 0.603300 0.673348
vn 0.427354 0.603300 0.673348
vn 0.427354 0.603300 0.673348
vn 0.427354 0.603300 0.673348
vn 0.427354 0.603300 0.673348
vn 0.427354 0.603300 0.673348
vn 0.427354 0.603300 0.673348
vn 0.427354 0.603300 0.673348
vn 0.427354 0.603300 0.673348
vn 0.427354 0.603300 0.673348
vn 0.427354 0.603300 0.673348
vn 0.427354 0.603300 0.673348
vn 0.427354 0.603300 0.673348
vn 0.427354 0.603300 0.673348
vn 0.427354 0.603300 0.673348
vn 0.427354 0.603300 0.673348
vn 0.427354 0.603300 0.673348
vn 0.427354 0.603300 0.673348
vn 0.427354 0.603300 0.673348
vn 0.427354 0.603300 0.673348
vn 0.427354 0.603300 0.673348
vn 0.427354 0.603300 0.673348
vn 0.427354 0.603300 0.673348
vn 0.427354 0.603300 0.673348
vn 0.427354 0.603300 0.673348
vn 0.427354 0.603300 0.673348
vn 0.427354 0.603300 0.673348
vn 0.427354 0.603300 0.673348
vn 0.427354 0.603300 0.673348
vn 0.427354 0.603300 0.673348
vn 0.427354 0.603300 0.673348
vn 0.427354 0.603300 0.673348
vn 0.427354 0.603300 0.673348
vn 0.427354 0.603300 0.673348
vn 0.427354 0.603300 0.673348
vn 0.427354 0.603300 0.673348
vn 0.427354 0.603300 0.673348
vn 0.427354 0.603300 0.673348
vn 0.427354 0.603300 0.673348
vn 0.427354 0.603300 0.673348
vn 0.427354 0.603300 0.673348
vn 0.427354 0.603300 0.673348
vn 0.427354 0.603300 0.673348
vn 0.427354 0.603300 0.673348
vn 0.427354 0.603300 0.673348
vn 0.427354 0.603300 0.673348
vn 0.427354 0.603300 0.673348
vn 0.427354 0.603300 0.673348
vn 0.427354 0.603300 0.673348
vn 0.427354 0.603300 0.673348
vn 0.427354 0.603300 0.673348
vn 0.427354 0.603300 0.673348
vn 0.427354 0.603300 0.673348
vn 0.427354 0.603300 0.673348
vn 0.427354 0.603300 0.673348
vn 0.427354 0.603300 0.673348
vn 0.427354 0.603300 0.673348
vn 0.427354 0.603300 0.673348
vn 0.427354 0.603300 0.673348
vn 0.427354 0.603300 0.673348
vn 0.427354 0.603300 0.673348
vn 0.427354 0.603300 0.673348
vn 0.427354 0.603300 0.673348
vn 0.427354 0.603300 0.673348
vn 0.427354 0.603300 0.673348
vn 0.427354 0.603300 0.673348
vn 0.427354 0.603300 0.673348
vn 0.427354 0.603300 0.673348
vn 0.427354 0.603300 0.673348
vn 0.427354 0.603300 0.673348
vn 0.427354 0.603300 0.673348
vn 0.427354 0.603300 0.673348
vn 0.427354 0.603300 0.673348
vn 0.427354 0.603300 0.673348
vn 0.427354 0.603300 0.673348
vn 0.427354 0.603300 0.673348
vn 0.427354 0.603300 0.673348
vn 0.427354 0.603300 0.673348
vn 0.427354 0.603300 0.673348
vn 0.427354 0.603300 0.673348
vn 0.427354 0.603300 0.673348
vn 0.427354 0.603300 0.673348
vn 0.427354 0.603300 0.673348
vn 0.427354 0.603300 0.673348
vn 0.427354 0.603300 0.673348
vn 0.427354 0.603300 0.673348
vn 0.427354 0.603300 0.673348
vn 0.427354 0.603300 0.673348
vn 0.427354 0.603300 0.673348
vn 0.427354 0.603300 0.673348
vn 0.427354 0.603300 0.673348
vn 0.427354 0.603300 0.673348
vn 0.427354 0.603300 0.673348
vn 0.427354 0.603300 0.673348
vn 0.427354 0.603300 0.673348
vn 0.427354 0.603300 0.673348
vn 0.427354 0.603300 0.673348
vn 0.427354 0.603300 0.673348
vn 0.427354 0.603300 0.673348
vn 0.427354 0.603300 0.673348
vn 0.427354 0.603300 0.673348
vn 0.427354 0.603300 0.673348
vn 0.427354 0.603300 0.673348
vn 0.427354 0.603300 0.673348
vn 0.427354 0.603300 0.673348
vn 0.427354 0.603300 0.673348
vn 0.427354 0.603300 0.673348
vn 0.427354 0.603300 0.673348
vn 0.427354 0.603300 0.673348
vn 0.427354 0.603300 0.673348
vn 0.427354 0.603300 0.673348
vn 0.427354 0.603300 0.673348
vn 0.427354 0.603300 0.673348
vn 0.427354 0.603300 0.673348
vn 0.427354 0.603300 0.673348
vn 0.427354 0.603300 0.673348
vn 0.427354 0.603300 0.673348
vn 0.427354 0.603300 0.673348
vn 0.427354 0.603300 0.673348
vn 0.427354 0.603300 0.673348
vn 0.427354 0.603300 0.673348
vn 0.427354 0.603300 0.673348
vn 0.427354 0.603300 0.673348
vn 0.427354 0.603300 0.673348
vn 0.427354 0.603300 0.673348
vn 0.427354 0.603300 0.673348
vn 0.427354 0.603300 0.673348
vn 0.427354 0.603300 0.673348
vn 0.427354 0.603300 0.673348
vn 0.427354 0.603300 0.673348
vn 0.427354 0.603300 0.673348
vn 0.427354 0.603300 0.673348
vn 0.427354 0.603300 0.673348
vn 0.427354 0.603300 0.673348
vn 0.427354 0.603300 0.673348
vn 0.427354 0.603300 0.673348
vn 0.427354 0.603300 0.673348
vn 0.427354 0.603300 0.673348
vn 0.427354 0.603300 0.673348
vn 0.427354 0.603300 0.673348
vn 0.427354 0.603300 0.673348
vn 0.427354 0.603300 0.673348
vn 0.427354 0.603300 0.673348
vn 0.427354 0.603300 0.673348
vn 0.427354 0.603300 0.673348
vn 0.427354 0.603300 0.673348
vn 0.427354 0.603300 0.673348
vn 0.427354 0.603300 0.673348
vn 0.427354 0.603300 0.673348
vn 0.427354 0.603300 0.673348
vn 0.427354 0.603300 0.673348
vn 0.427354 0.603300 0.673348
vn 0.427354 0.603300 0.673348
vn 0.427354 0.603300 0.673348
vn 0.427354 0.603300 0.673348
vn 0.427354 0.603300 0.673348
vn 0.427354 0.603300 0.673348
vn 0.427354 0.603300 0.673348
vn 0.427354 0.603300 0.673348
vn 0.427354 0.603300 0.673348
vn 0.427354 0.603300 0.673348
vn 0.427354 0.603300 0.673348
vn 0.427354 0.603300 0.673348
vn 0.427354 0.603300 0.673348
vn 0.427354 0.603300 0.673348
vn 0.427354 0.603300 0.673348
vn 0.427354 0.603300 0.673348
vn 0.427354 0.603300 0.673348
vn 0.427354 0.603300 0.673348
vn 0.427354 0.603300 0.673348
vn 0.427354 0.603300 0.673348
vn 0.427354 0.603300 0.673348
vn 0.427354 0.603300 0.673348
vn 0.427354 0.603300 0.673348
vn 0.427354 0.603300 0.673348
vn 0.427354 0.603300 0.673348
vn 0.427354 0.603300 0.673348
vn 0.427354 0.603300 0.673348
vn 0.427354 0.603300 0.673348
vn 0.427354 0.603300 0.673348
vn 0.427354 0.603300 0.673348
vn 0.427354 0.603300 0.673348
vn 0.427354 0.603300 0.673348
vn 0.427354 0.603300 0.673348
vn 0.427354 0.603300 0.673348
vn 0.427354 0.603300 0.673348
vn 0.427354 0.603300 0.673348
vn 0.427354 0.603300 0.673348
vn 0.427354 0.603300 0.673348
vn 0.427354 0.603300 0.673348
vn 0.427354 0.603300 0.673348
vn 0.427354 0.603300 0.673348
vn 0.427354 0.603300 0.673348
vn 0.427354 0.603300 0.673348
vn 0.427354 0.603300 0.673348
vn 0.427354 0.603300 0.673348
vn 0.427354 0.603300 0.673348
vn 0.427354 0.603300 0.673348
vn 0.427354 0.603300 0.673348
vn 0.427354 0.603300 0.673348
vn 0.427354 0.603300 0.673348
vn 0.427354 0.603300 0.673348
vn 0.427354 0.603300 0.673348
vn 0.427354 0.603300 0.673348
vn 0.427354 0.603300 0.673348
vn 0.427354 0.603300 0.673348
vn 0.427354 0.603300 0.673348
vn 0.427354 0.603300 0.673348
vn 0.427354 0.603300 0.673348
vn 0.427354 0.603300 0.673348
vn 0.427354 0.603300 0.673348
vn 0.427354 0.603300 0.673348
vn 0.427354 0.603300 0.673348
vn 0.427354 0.603300 0.673348
vn 0.427354 0.603300 0.673348
vn 0.427354 0.603300 0.673348
vn 0.427354 0.603300 0.673348
vn 0.427354 0.603300 0.673348
vn 0.427354 0.603300 0.673348
vn 0.427354 0.603300 0.673348
vn 0.427354 0.603300 0.673348
vn 0.427354 0.603300 0.673348
vn 0.427354 0.603300 0.673348
vn 0.427354 0.603300 0.673348
vn 0.427354 0.603300 0.673348
vn 0.427354 0.603300 0.673348
vn 0.427354 0.603300 0.673348
vn 0.427354 0.603300 0.673348
vn 0.427354 0.603300 0.673348
vn 0.427354 0.603300 0.673348
vn 0.427354 0.603300 0.673348
vn 0.427354 0.603300 0.673348
vn 0.427354 0.603300 0.673348
vn 0.427354 0.603300 0.673348
vn 0.427354 0.603300 0.673348
vn 0.427354 0.603300 0.673348
vn 0.427354 0.603300 0.673348
vn 0.427354 0.603300 0.673348
vn 0.427354 0.603300 0.673348
vn 0.427354 0.603300 0.673348
vn 0.427354 0.603300 0.673348
vn 0.427354 0.603300 0.673348
vn 0.427354 0.603300 0.673348
vn 0.427354 0.603300 0.673348
vn 0.427354 0.603300 0.673348
vn 0.427354 0.603300 0.673348
vn 0.427354 0.603300 0.673348
vn 0.427354 0.603300 0.673348
vn 0.427354 0.603300 0.673348
vn 0.427354 0.603300 0.673348
vn 0.427354 0.603300 0.673348
vn 0.427354 0.603300 0.673348
vn 0.427354 0.603300 0.673348
vn 0.427354 0.603300 0.673348
vn 0.427354 0.603300 0.673348
vn 0.427354 0.603300 0.673348
vn 0.427354 0.603300 0.673348
vn 0.427354 0.603300 0.673348
vn 0.427354 0.603300 0.673348
vn 0.427354 0.603300 0.673348
vn 0.427354 0.603300 0.673348
vn 0.427354 0.603300 0.673348
vn 0.427354 0.603300 0.673348
vn 0.427354 0.603300 0.673348
vn 0.427354 0.603300 0.673348
vn 0.427354 0.603300 0.673348
vn 0.427354 0.603300 0.673348
vn 0.427354 0.603300 0.673348
vn 0.427354 0.603300 0.673348
vn 0.427354 0.603300 0.673348
vn 0.427354 0.603300 0.673348
vn 0.427354 0.603300 0.673348
vn 0.427354 0.603300 0.673348
vn 0.427354 0.603300 0.673348
vn 0.427354 0.603300 0.673348
vn 0.427354 0.603300 0.673348
vn 0.427354 0.603300 0.673348
vn 0.427354 0.603300 0.673348
vn 0.427354 0.603300 0.673348
vn 0.427354 0.603300 0.673348
vn 0.427354 0.603300 0.673348
vn 0.427354 0.603300 0.673348
vn 0.427354 0.603300 0.673348
vn 0.427354 0.603300 0.673348
vn 0.427354 0.603300 0.673348
vn 0.427354 0.603300 0.673348
vn 0.427354 0.603300 0.673348
vn 0.427354 0.603300 0.673348
vn 0.427354 0.603300 0.673348
vn 0.427354 0.603300 0.673348
vn 0.427354 0.603300 0.673348
vn 0.427354 0.603300 0.673348
vn 0.427354 0.603300 0.673348
vn 0.427354 0.603300 0.673348
vn 0.427354 0.603300 0.673348
vn 0.427354 0.603300 0.673348
vn 0.427354 0.603300 0.673348
vn 0.427354 0.603300 0.673348
vn 0.427354 0.603300 0.673348
vn 0.427354 0.603300 0.673348
vn 0.427354 0.603300 0.673348
vn 0.427354 0.603300 0.673348
vn 0.427354 0.603300 0.673348
vn 0.427354 0.603300 0.673348
vn 0.427354 0.603300 0.673348
vn 0.427354 0.603300 0.673348
vn 0.427354 0.603300 0.673348
vn 0.427354 0.603300 0.673348
vn 0.427354 0.603300 0.673348
vn 0.427354 0.603300 0.673348
vn 0.427354 0.603300 0.673348
vn 0.427354 0.603300 0.673348
vn 0.427354 0.603300 0.673348
vn 0.427354 0.603300 0.673348
vn 0.427354 0.603300 0.673348
vn 0.427354 0.603300 0.673348
vn 0.427354 0.603300 0.673348
vn 0.427354 0.603300 0.673348
vn 0.427354 0.603300 0.673348
vn 0.427354 0.603300 0.673348
vn 0.427354 0.603300 0.673348
vn 0.427354 0.603300 0.673348
vn 0.427354 0.603300 0.673348
vn 0.427354 0.603300 0.673348
vn 0.427354 0.603300 0.673348
vn 0.427354 0.603300 0.673348
vn 0.427354 0.603300 0.673348
vn 0.427354 0.603300 0.673348
vn 0.427354 0.603300 0.673348
vn 0.427354 0.603300 0.673348
vn 0.427354 0.603300 0.673348
vn 0.427354 0.603300 0.673348
vn 0.427354 0.603300 0.673348
vn 0.427354 0.603300 0.673348
vn 0.427354 0.603300 0.673348
vn 0.427354 0.603300 0.673348
vn 0.427354 0.603300 0.673348
vn 0.427354 0.603300 0.673348
vn 0.427354 0.603300 0.673348
vn 0.427354 0.603300 0.673348
vn 0.427354 0.603300 0.673348
vn 0.427354 0.603300 0.673348
vn 0.427354 0.603300 0.673348
vn 0.427354 0.603300 0.673348
vn 0.427354 0.603300 0.673348
vn 0.427354 0.603300 0.673348
vn 0.427354 0.603300 0.673348
vn 0.427354 0.603300 0.673348
vn 0.427354 0.603300 0.673348
vn 0.427354 0.603300 0.673348
vn 0.427354 0.603300 0.673348
vn 0.427354 0.603300 0.673348
vn 0.427354 0.603300 0.673348
vn 0.427354 0.603300 0.673348
vn 0.427354 0.603300 0.673348
vn 0.427354 0.603300 0.673348
vn 0.427354 0.603300 0.673348
vn 0.427354 0.603300 0.673348
vn 0.427354 0.603300 0.673348
vn 0.427354 0.603300 0.673348
vn 0.427354 0.603300 0.673348
vn 0.427354 0.603300 0.673348
vn 0.427354 0.603300 0.673348
vn 0.427354 0.603300 0.673348
vn 0.427354 0.603300 0.673348
vn 0.427354 0.603300 0.673348
vn 0.427354 0.603300 0.673348
vn 0.427354 0.603300 0.673348
vn 0.427354 0.603300 0.673348
vn 0.427354 0.603300 0.673348
vn 0.427354 0.603300 0.673348
vn 0.427354 0.603300 0.673348
vn 0.427354 0.603300 0.673348
vn 0.427354 0.603300 0.673348
vn 0.427354 0.603300 0.673348
vn 0.427354 0.603300 0.673348
vn 0.427354 0.603300 0.673348
vn 0.427354 0.603300 0.673348
vn 0.427354 0.603300 0.673348
vn 0.427354 0.603300 0.673348
vn 0.427354 0.603300 0.673348
vn 0.427354 0.603300 0.673348
vn 0.427354 0.603300 0.673348
vn 0.427354 0.603300 0.673348
vn 0.427354 0.603300 0.673348
vn 0.427354 0.603300 0.673348
vn 0.427354 0.603300 0.673348
vn 0.427354 0.603300 0.673348
vn 0.427354 0.603300 0.673348
vn 0.427354 0.603300 0.673348
vn 0.427354 0.603300 0.673348
vn 0.427354 0.603300 0.673348
vn 0.427354 0.603300 0.673348
vn 0.427354 0.603300 0.673348
vn 0.427354 0.603300 0.673348
vn 0.427354 0.603300 0.673348
vn 0.427354 0.603300 0.673348
vn 0.427354 0.603300 0.673348
vn 0.427354 0.603300 0.673348
vn 0.427354 0.603300 0.673348
vn 0.427354 0.603300 0.673348
vn 0.427354 0.603300 0.673348
vn 0.427354 0.603300 0.673348
vn 0.427354 0.603300 0.673348
vn 0.427354 0.603300 0.673348
vn 0.427354 0.603300 0.673348
vn 0.427354 0.603300 0.673348
vn 0.427354 0.603300 0.673348
vn 0.427354 0.603300 0.673348
vn 0.427354 0.603300 0.673348
vn 0.427354 0.603300 0.673348
vn 0.427354 0.603300 0.673348
vn 0.427354 0.603300 0.673348
vn 0.427354 0.603300 0.673348
vn 0.427354 0.603300 0.673348
vn 0.427354 0.603300 0.673348
vn 0.427354 0.603300 0.673348
vn 0.427354 0.603300 0.673348
vn 0.427354 0.603300 0.673348
vn 0.427354 0.603300 0.673348
vn 0.427354 0.603300 0.673348
vn 0.427354 0.603300 0.673348
vn 0.427354 0.603300 0.673348
vn 0.427354 0.603300 0.673348
vn 0.427354 0.603300 0.673348
vn 0.427354 0.603300 0.673348
vn 0.427354 0.603300 0.673348
vn 0.427354 0.603300 0.673348
vn 0.427354 0.603300 0.673348
vn 0.427354 0.603300 0.673348
vn 0.427354 0.603300 0.673348
vn 0.427354 0.603300 0.673348
vn 0.427354 0.603300 0.673348
vn 0.427354 0.603300 0.673348
vn 0.427354 0.603300 0.673348
vn 0.427354 0.603300 0.673348
vn 0.427354 0.603300 0.673348
vn 0.427354 0.603300 0.673348
vn 0.427354 0.603300 0.673348
vn 0.427354 0.603300 0.673348
vn 0.427354 0.603300 0.673348
vn 0.427354 0.603300 0.673348
vn 0.427354 0.603300 0.673348
vn 0.427354 0.603300 0.673348
vn 0.427354 0.603300 0.673348
vn 0.427354 0.603300 0.673348
vn 0.427354 0.603300 0.673348
vn 0.427354 0.603300 0.673348
vn 0.427354 0.603300 0.673348
vn 0.427354 0.603300 0.673348
vn 0.427354 0.603300 0.673348
vn 0.427354 0.603300 0.673348
vn 0.427354 0.603300 0.673348
vn 0.427354 0.603300 0.673348
vn 0.427354 0.603300 0.673348
vn 0.427354 0.603300 0.673348
vn 0.427354 0.603300 0.673348
vn 0.427354 0.603300 0.673348
vn 0.427354 0.603300 0.673348
vn 0.427354 0.603300 0.673348
vn 0.427354 0.603300 0.673348
vn 0.427354 0.603300 0.673348
vn 0.427354 0.603300 0.673348
vn 0.427354 0.603300 0.673348
vn 0.427354 0.603300 0.673348
vn 0.427354 0.603300 0.673348
vn 0.427354 0.603300 0.673348
vn 0.427354 0.603300 0.673348
vn 0.427354 0.603300 0.673348
vn 0.427354 0.603300 0.673348
vn 0.427354 0.603300 0.673348
vn 0.427354 0.603300 0.673348
vn 0.427354 0.603300 0.673348
vn 0.427354 0.603300 0.673348
vn 0.427354 0.603300 0.673348
vn 0.427354 0.603300 0.673348
vn 0.427354 0.603300 0.673348
vn 0.427354 0.603300 0.673348
vn 0.427354 0.603300 0.673348
vn 0.427354 0.603300 0.673348
vn 0.427354 0.603300 0.673348
vn 0.427354 0.603300 0.673348
vn 0.427354 0.603300 0.673348
vn 0.427354 0.603300 0.673348
vn 0.427354 0.603300 0.673348
vn 0.427354 0.603300 0.673348
vn 0.427354 0.603300 0.673348
vn 0.427354 0.603300 0.673348
vn 0.427354 0.603300 0.673348
vn 0.427354 0.603300 0.673348
vn 0.427354 0.603300 0.673348
vn 0.427354 0.603300 0.673348
vn 0.427354 0.603300 0.673348
vn 0.427354 0.603300 0.673348
vn 0.427354 0.603300 0.673348
vn 0.427354 0.603300 0.673348
vn 0.427354 0.603300 0.673348
vn 0.427354 0.603300 0.673348
vn 0.427354 0.603300 0.673348
vn 0.427354 0.603300 0.673348
vn 0.427354 0.603300 0.673348
vn 0.427354 0.603300 0.673348
vn 0.427354 0.603300 0.673348
vn 0.427354 0.603300 0.673348
vn 0.427354 0.603300 0.673348
vn 0.427354 0.603300 0.673348
vn 0.427354 0.603300 0.673348
vn 0.427354 0.603300 0.673348
vn 0.427354 0.603300 0.673348
vn 0.427354 0.603300 0.673348
vn 0.427354 0.603300 0.673348
vn 0.427354 0.603300 0.673348
vn 0.427354 0.603300 0.673348
vn 0.427354 0.603300 0.673348
vn 0.427354 0.603300 0.673348
vn 0.427354 0.603300 0.673348
vn 0.427354 0.603300 0.673348
vn 0.427354 0.603300 0.673348
vn 0.427354 0.603300 0.673348
vn 0.427354 0.603300 0.673348
vn 0.427354 0.603300 0.673348
vn 0.427354 0.603300 0.673348
vn 0.427354 0.603300 0.673348
vn 0.427354 0.603300 0.673348
vn 0.427354 0.603300 0.673348
vn 0.427354 0.603300 0.673348
vn 0.427354 0.603300 0.673348
vn 0.427354 0.603300 0.673348
vn 0.427354 0.603300 0.673348
vn 0.427354 0.603300 0.673348
vn 0.427354 0.603300 0.673348
vn 0.427354 0.603300 0.673348
vn 0.427354 0.603300 0.673348
vn 0.427354 0.603300 0.673348
vn 0.427354 0.603300 0.673348
vn 0.427354 0.603300 0.673348
vn 0.427354 0.603300 0.673348
vn 0.427354 0.603300 0.673348
vn 0.427354 0.603300 0.673348
vn 0.427354 0.603300 0.673348
vn 0.427354 0.603300 0.673348
vn 0.427354 0.603300 0.673348
vn 0.427354 0.603300 0.673348
vn 0.427354 0.603300 0.673348
vn 0.427354 0.603300 0.673348
vn 0.427354 0.603300 0.673348
vn 0.427354 0.603300 0.673348
vn 0.427354 0.603300 0.673348
vn 0.427354 0.603300 0.673348
vn 0.427354 0.603300 0.673348
vn 0.427354 0.603300 0.673348
vn 0.427354 0.603300 0.673348
vn 0.427354 0.603300 0.673348
vn 0.427354 0.603300 0.673348
vn 0.427354 0.603300 0.673348
vn 0.427354 0.603300 0.673348
vn 0.427354 0.603300 0.673348
vn 0.427354 0.603300 0.673348
vn 0.427354 0.603300 0.673348
vn 0.427354 0.603300 0.673348
vn 0.427354 0.603300 0.673348
vn 0.427354 0.603300 0.673348
vn 0.427354 0.603300 0.673348
vn 0.427354 0.603300 0.673348
vn 0.427354 0.603300 0.673348
vn 0.427354 0.603300 0.673348
vn 0.427354 0.603300 0.673348
vn 0.427354 0.603300 0.673348
vn 0.427354 0.603300 0.673348
vn 0.427354 0.603300 0.673348
vn 0.427354 0.603300 0.673348
vn 0.427354 0.603300 0.673348
vn 0.427354 0.603300 0.673348
vn 0.427354 0.603300 0.673348
vn 0.427354 0.603300 0.673348
vn 0.427354 0.603300 0.673348
vn 0.427354 0.603300 0.673348
vn 0.427354 0.603300 0.673348
vn 0.427354 0.603300 0.673348
vn 0.427354 0.603300 0.673348
vn 0.427354 0.603300 0.673348
vn 0.427354 0.603300 0.673348
vn 0.427354 0.603300 0.673348
vn 0.427354 0.603300 0.673348
vn 0.427354 0.603300 0.673348
vn 0.427354 0.603300 0.673348
vn 0.427354 0.603300 0.673348
vn 0.427354 0.603300 0.673348
vn 0.427354 0.603300 0.673348
vn 0.427354 0.603300 0.673348
vn 0.427354 0.603300 0.673348
vn 0.427354 0.603300 0.673348
vn 0.427354 0.603300 0.673348
vn 0.427354 0.603300 0.673348
vn 0.427354 0.603300 0.673348
vn 0.427354 0.603300 0.673348
vn 0.427354 0.603300 0.673348
vn 0.427354 0.603300 0.673348
vn 0.427354 0.603300 0.673348
vn 0.427354 0.603300 0.673348
vn 0.427354 0.603300 0.673348
vn 0.427354 0.603300 0.673348
vn 0.427354 0.603300 0.673348
vn 0.427354 0.603300 0.673348
vn 0.427354 0.603300 0.673348
vn 0.427354 0.603300 0.673348
vn 0.427354 0.603300 0.673348
vn 0.427354 0.603300 0.673348
vn 0.427354 0.603300 0.673348
vn 0.427354 0.603300 0.673348
vn 0.427354 0.603300 0.673348
vn 0.427354 0.603300 0.673348
vn 0.427354 0.603300 0.673348
vn 0.427354 0.603300 0.673348
vn 0.427354 0.603300 0.673348
vn 0.427354 0.603300 0.673348
vn 0.427354 0.603300 0.673348
vn 0.427354 0.603300 0.673348
vn 0.427354 0.603300 0.673348
vn 0.427354 0.603300 0.673348
vn 0.427354 0.603300 0.673348
vn 0.427354 0.603300 0.673348
vn 0.427354 0.603300 0.673348
vn 0.427354 0.603300 0.673348
vn 0.427354 0.603300 0.673348
vn 0.427354 0.603300 0.673348
vn 0.427354 0.603300 0.673348
vn 0.427354 0.603300 0.673348
vn 0.427354 0.603300 0.673348
vn 0.427354 0.603300 0.673348
vn 0.427354 0.603300 0.673348
vn 0.427354 0.603300 0.673348
vn 0.427354 0.603300 0.673348
vn 0.427354 0.603300 0.673348
vn 0.427354 0.603300 0.673348
vn 0.427354 0.603300 0.673348
vn 0.427354 0.603300 0.673348
vn 0.427354 0.603300 0.673348
vn 0.427354 0.603300 0.673348
vn 0.427354 0.603300 0.673348
vn 0.427354 0.603300 0.673348
vn 0.427354 0.603300 0.673348
vn 0.427354 0.603300 0.673348
vn 0.427354 0.603300 0.673348
vn 0.427354 0.603300 0.673348
vn 0.427354 0.603300 0.673348
vn 0.427354 0.603300 0.673348
vn 0.427354 0.603300 0.673348
vn 0.427354 0.603300 0.673348
vn 0.427354 0.603300 0.673348
vn 0.427354 0.603300 0.673348
vn 0.427354 0.603300 0.673348
vn 0.427354 0.603300 0.673348
vn 0.427354 0.603300 0.673348
vn 0.427354 0.603300 0.673348
vn 0.427354 0.603300 0.673348
vn 0.427354 0.603300 0.673348
vn 0.427354 0.603300 0.673348
vn 0.427354 0.603300 0.673348
vn 0.427354 0.603300 0.673348
vn 0.427354 0.603300 0.673348
vn 0.427354 0.603300 0.673348
vn 0.427354 0.603300 0.673348
vn 0.427354 0.603300 0.673348
vn 0.427354 0.603300 0.673348
vn 0.427354 0.603300 0.673348
vn 0.427354 0.603300 0.673348
vn 0.427354 0.603300 0.673348
vn 0.427354 0.603300 0.673348
vn 0.427354 0.603300 0.673348
vn 0.427354 0.603300 0.673348
vn 0.427354 0.603300 0.673348
vn 0.427354 0.603300 0.673348
vn 0.427354 0.603300 0.673348
vn 0.427354 0.603300 0.673348
vn 0.427354 0.603300 0.673348
vn 0.427354 0.603300 0.673348
vn 0.427354 0.603300 0.673348
vn 0.427354 0.603300 0.673348
vn 0.427354 0.603300 0.673348
vn 0.427354 0.603300 0.673348
vn 0.427354 0.603300 0.673348
vn 0.427354 0.603300 0.673348
vn 0.427354 0.603300 0.673348
vn 0.427354 0.603300 0.673348
vn 0.427354 0.603300 0.673348
vn 0.427354 0.603300 0.673348
vn 0.427354 0.603300 0.673348
vn 0.427354 0.603300 0.673348
vn 0.427354 0.603300 0.673348
vn 0.427354 0.603300 0.673348
vn 0.427354 0.603300 0.673348
vn 0.427354 0.603300 0.673348
vn 0.427354 0.603300 0.673348
vn 0.427354 0.603300 0.673348
vn 0.427354 0.603300 0.673348
vn 0.427354 0.603300 0.673348
vn 0.427354 0.603300 0.673348
vn 0.427354 0.603300 0.673348
vn 0.427354 0.603300 0.673348
vn 0.427354 0.603300 0.673348
vn 0.427354 0.603300 0.673348
vn 0.427354 0.603300 0.673348
vn 0.427354 0.603300 0.673348
vn 0.427354 0.603300 0.673348
vn 0.427354 0.603300 0.673348
vn 0.427354 0.603300 0.673348
vn 0.427354 0.603300 0.673348
vn 0.427354 0.603300 0.673348
vn 0.427354 0.603300 0.673348
vn 0.427354 0.603300 0.673348
vn 0.427354 0.603300 0.673348
vn 0.427354 0.603300 0.673348
vn 0.427354 0.603300 0.673348
vn 0.427354 0.603300 0.673348
vn 0.427354 0.603300 0.673348
vn 0.427354 0.603300 0.673348
vn 0.427354 0.603300 0.673348
vn 0.427354 0.603300 0.673348
vn 0.427354 0.603300 0.673348
vn 0.427354 0.603300 0.673348
vn 0.427354 0.603300 0.673348
vn 0.427354 0.603300 0.673348
vn 0.427354 0.603300 0.673348
vn 0.427354 0.603300 0.673348
vn 0.427354 0.603300 0.673348
vn 0.427354 0.603300 0.673348
vn 0.427354 0.603300 0.673348
vn 0.427354 0.603300 0.673348
vn 0.427354 0.603300 0.673348
vn 0.427354 0.603300 0.673348
vn 0.427354 0.603300 0.673348
vn 0.427354 0.603300 0.673348
vn 0.427354 0.603300 0.673348
vn 0.427354 0.603300 0.673348
vn 0.427354 0.603300 0.673348
vn 0.427354 0.603300 0.673348
vn 0.427354 0.603300 0.673348
vn 0.427354 0.603300 0.673348
vn 0.427354 0.603300 0.673348
vn 0.427354 0.603300 0.673348
vn 0.427354 0.603300 0.673348
vn 0.427354 0.603300 0.673348
vn 0.427354 0.603300 0.673348
vn 0.427354 0.603300 0.673348
vn 0.427354 0.603300 0.673348
vn 0.427354 0.603300 0.673348
vn 0.427354 0.603300 0.673348
vn 0.427354 0.603300 0.673348
vn 0.427354 0.603300 0.673348
vn 0.427354 0.603300 0.673348
vn 0.427354 0.603300 0.673348
vn 0.427354 0.603300 0.673348
vn 0.427354 0.603300 0.673348
vn 0.427354 0.603300 0.673348
vn 0.427354 0.603300 0.673348
vn 0.427354 0.603300 0.673348
vn 0.427354 0.603300 0.673348
vn 0.427354 0.603300 0.673348
vn 0.427354 0.603300 0.673348
vn 0.427354 0.603300 0.673348
vn 0.427354 0.603300 0.673348
vn 0.427354 0.603300 0.673348
vn 0.427354 0.603300 0.673348
vn 0.427354 0.603300 0.673348
vn 0.427354 0.603300 0.673348
vn 0.427354 0.603300 0.673348
vn 0.427354 0.603300 0.673348
vn 0.427354 0.603300 0.673348
vn 0.427354 0.603300 0.673348
vn 0.427354 0.603300 0.673348
vn 0.427354 0.603300 0.673348
vn 0.427354 0.603300 0.673348
vn 0.427354 0.603300 0.673348
vn 0.427354 0.603300 0.673348
vn 0.427354 0.603300 0.673348
vn 0.427354 0.603300 0.673348
vn 0.427354 0.603300 0.673348
vn 0.427354 0.603300 0.673348
vn 0.427354 0.603300 0.673348
vn 0.427354 0.603300 0.673348
vn 0.427354 0.603300 0.673348
vn 0.427354 0.603300 0.673348
vn 0.427354 0.603300 0.673348
vn 0.427354 0.603300 0.673348
vn 0.427354 0.603300 0.673348
vn 0.427354 0.603300 0.673348
vn 0.427354 0.603300 0.673348
vn 0.427354 0.603300 0.673348
vn 0.427354 0.603300 0.673348
vn 0.427354 0.603300 0.673348
vn 0.427354 0.603300 0.673348
vn 0.427354 0.603300 0.673348
vn 0.427354 0.603300 0.673348
vn 0.427354 0.603300 0.673348
vn 0.427354 0.603300 0.673348
vn 0.427354 0.603300 0.673348
vn 0.427354 0.603300 0.673348
vn 0.427354 0.603300 0.673348
vn 0.427354 0.603300 0.673348
vn 0.427354 0.603300 0.673348
vn 0.427354 0.603300 0.673348
vn 0.427354 0.603300 0.673348
vn 0.427354 0.603300 0.673348
vn 0.427354 0.603300 0.673348
vn 0.427354 0.603300 0.673348
vn 0.427354 0.603300 0.673348
vn 0.427354 0.603300 0.673348
vn 0.427354 0.603300 0.673348
vn 0.427354 0.603300 0.673348
vn 0.427354 0.603300 0.673348
vn 0.427354 0.603300 0.673348
vn 0.427354 0.603300 0.673348
vn 0.427354 0.603300 0.673348
vn 0.427354 0.603300 0.673348
vn 0.427354 0.603300 0.673348
vn 0.427354 0.603300 0.673348
vn 0.427354 0.603300 0.673348
vn 0.427354 0.603300 0.673348
vn 0.427354 0.603300 0.673348
vn 0.427354 0.603300 0.673348
vn 0.427354 0.603300 0.673348
vn 0.427354 0.603300 0.673348
vn 0.427354 0.603300 0.673348
vn 0.427354 0.603300 0.673348
vn 0.427354 0.603300 0.673348
vn 0.427354 0.603300 0.673348
vn 0.427354 0.603300 0.673348
vn 0.427354 0.603300 0.673348
vn 0.427354 0.603300 0.673348
vn 0.427354 0.603300 0.673348
vn 0.427354 0.603300 0.673348
vn 0.427354 0.603300 0.673348
vn 0.427354 0.603300 0.673348
vn 0.427354 0.603300 0.673348
vn 0.427354 0.603300 0.673348
vn 0.427354 0.603300 0.673348
vn 0.427354 0.603300 0.673348
vn 0.427354 0.603300 0.673348
vn 0.427354 0.603300 0.673348
vn 0.427354 0.603300 0.673348
vn 0.427354 0.603300 0.673348
vn 0.427354 0.603300 0.673348
vn 0.427354 0.603300 0.673348
vn 0.427354 0.603300 0.673348
vn 0.427354 0.603300 0.673348
vn 0.427354 0.603300 0.673348
vn 0.427354 0.603300 0.673348
vn 0.427354 0.603300 0.673348
vn 0.427354 0.603300 0.673348
vn 0.427354 0.603300 0.673348
vn 0.427354 0.603300 0.673348
vn 0.427354 0.603300 0.673348
vn 0.427354 0.603300 0.673348
vn 0.427354 0.603300 0.673348
vn 0.427354 0.603300 0.673348
vn 0.427354 0.603300 0.673348
vn 0.427354 0.603300 0.673348
vn 0.427354 0.603300 0.673348
vn 0.427354 0.603300 0.673348
