v -0.8092 -0.4109 -0.0536 0.3515625 0.35546875 0.33203125
v -0.8020 -0.4401 -0.0509 0.34765625 0.3515625 0.328125
v -0.7956 -0.4683 -0.0500 0.36328125 0.34765625 0.3359375
v -0.8047 -0.4273 -0.0536 0.3203125 0.32421875 0.30078125
v -0.7965 -0.5192 -0.0546 0.25 0.25 0.2421875
v -0.9166 0.0386 -0.0728 0.359375 0.37890625 0.35546875
v -0.9093 0.0086 -0.0755 0.328125 0.32421875 0.3046875
v -0.9030 -0.0178 -0.0700 0.37890625 0.359375 0.34375
v -0.8966 -0.0451 -0.0718 0.38671875 0.3671875 0.3515625
v -0.8893 -0.0733 -0.0673 0.33984375 0.34375 0.3125
v -0.8830 -0.1015 -0.0682 0.34765625 0.3515625 0.33203125
v -0.8766 -0.1288 -0.0655 0.375 0.36328125 0.34375
v -0.8693 -0.1598 -0.0637 0.3515625 0.34765625 0.328125
v -0.8620 -0.1889 -0.0618 0.36328125 0.375 0.33984375
v -0.8557 -0.2153 -0.0609 0.34765625 0.35546875 0.3359375
v -0.8493 -0.2435 -0.0609 0.30078125 0.296875 0.2890625
v -0.8420 -0.2717 -0.0600 0.28515625 0.28125 0.265625
v -0.8365 -0.2972 -0.0564 0.37890625 0.3671875 0.34765625
v -0.8293 -0.3254 -0.0591 0.3828125 0.37890625 0.359375
v -0.8220 -0.3554 -0.0573 0.37890625 0.3671875 0.34765625
v -0.8165 -0.3818 -0.0546 0.31640625 0.27734375 0.28125
v -0.9467 0.3017 -0.0764 0.2265625 0.2265625 0.21875
v -0.9403 0.2734 -0.0737 0.2890625 0.29296875 0.26953125
v -0.9330 0.2461 -0.0737 0.22265625 0.2265625 0.20703125
v -0.9266 0.2179 -0.0709 0.16015625 0.15625 0.17578125
v -0.9203 0.1906 -0.0691 0.3125 0.3203125 0.30078125
v -0.9139 0.1633 -0.0673 0.37890625 0.3828125 0.3515625
v -0.9066 0.1351 -0.0673 0.2578125 0.25390625 0.23828125
v -0.9002 0.1051 -0.0646 0.35546875 0.34375 0.31640625
v -0.8939 0.0796 -0.0618 0.390625 0.37890625 0.34375
v -0.8866 0.0523 -0.0637 0.390625 0.40234375 0.375
v -0.8802 0.0232 -0.0618 0.390625 0.40234375 0.375
v -0.8739 -0.0050 -0.0591 0.42578125 0.4140625 0.38671875
v -0.8666 -0.0342 -0.0573 0.390625 0.390625 0.359375
v -0.8602 -0.0633 -0.0573 0.32421875 0.3359375 0.30078125
v -0.8529 -0.0915 -0.0564 0.37890625 0.3828125 0.359375
v -0.8466 -0.1179 -0.0555 0.390625 0.39453125 0.37109375
v -0.8402 -0.1461 -0.0546 0.39453125 0.3828125 0.35546875
v -0.8338 -0.1734 -0.0509 0.390625 0.38671875 0.3671875
v -0.8265 -0.2016 -0.0527 0.421875 0.41796875 0.3984375
v -0.8202 -0.2307 -0.0491 0.39453125 0.3828125 0.36328125
v -0.8129 -0.2580 -0.0500 0.328125 0.32421875 0.3046875
v -0.9230 0.3017 -0.0600 0.08203125 0.0859375 0.10546875
v -0.9157 0.2716 -0.0673 0.30078125 0.3046875 0.28125
v -0.9093 0.2416 -0.0646 0.12109375 0.1171875 0.109375
v -0.9030 0.2161 -0.0618 0.37890625 0.37890625 0.33984375
v -0.8966 0.1897 -0.0618 0.328125 0.33203125 0.30078125
v -0.8893 0.1588 -0.0591 0.3359375 0.32421875 0.3046875
v -0.8830 0.1315 -0.0573 0.34375 0.328125 0.31640625
v -0.8766 0.1042 -0.0591 0.3125 0.30078125 0.28125
v -0.8693 0.0732 -0.0536 0.41015625 0.41015625 0.37109375
v -0.8620 0.0450 -0.0536 0.3828125 0.37109375 0.34375
v -0.8557 0.0195 -0.0509 0.38671875 0.3828125 0.36328125
v -0.8493 -0.0078 -0.0509 0.4140625 0.40234375 0.3828125
v -0.8429 -0.0369 -0.0500 0.40234375 0.3828125 0.359375
v -0.8356 -0.0633 -0.0509 0.3359375 0.34375 0.32421875
v -0.8293 -0.0933 -0.0473 0.39453125 0.36328125 0.3515625
v -0.8229 -0.1206 -0.0482 0.37890625 0.375 0.35546875
v -0.8957 0.2825 -0.0518 0.1796875 0.18359375 0.19921875
v -0.8884 0.2534 -0.0536 0.17578125 0.171875 0.19140625
v -0.8820 0.2261 -0.0546 0.3671875 0.3671875 0.3359375
v -0.8748 0.1961 -0.0527 0.29296875 0.2734375 0.26171875
v -0.8684 0.1679 -0.0509 0.265625 0.25 0.23828125
v -0.8611 0.1406 -0.0509 0.2578125 0.25390625 0.23828125
v -0.8547 0.1133 -0.0473 0.25390625 0.26171875 0.2421875
v -0.8484 0.0860 -0.0464 0.23828125 0.26953125 0.2265625
v -0.8420 0.0587 -0.0455 0.3125 0.3125 0.3046875
v -0.8347 0.0295 -0.0427 0.37109375 0.3671875 0.3515625
v -0.8529 0.2470 -0.0354 0.125 0.1328125 0.12890625
v -0.9667 0.3208 -0.0773 0.1640625 0.16796875 0.14453125
v -0.9530 0.2252 -0.0819 0.18359375 0.18359375 0.18359375
v -0.9458 0.2552 -0.0764 0.1875 0.19140625 0.171875
v -0.9385 0.2825 -0.0728 0.2890625 0.2890625 0.28125
v -0.9321 0.3108 -0.0627 0.0625 0.06640625 0.08203125
v -0.9367 0.1742 -0.0755 0.27734375 0.30078125 0.28515625
v -0.9294 0.2034 -0.0700 0.23046875 0.23828125 0.234375
v -0.9221 0.2343 -0.0682 0.12109375 0.11328125 0.1171875
v -0.9148 0.2616 -0.0618 0.38671875 0.390625 0.359375
v -0.9075 0.2907 -0.0546 0.1015625 0.10546875 0.125
v -0.9239 0.1114 -0.0764 0.23828125 0.23828125 0.23046875
v -0.9166 0.1406 -0.0718 0.2265625 0.2265625 0.21875
v -0.9093 0.1688 -0.0627 0.37890625 0.3828125 0.3515625
v -0.9030 0.1961 -0.0646 0.328125 0.33203125 0.30078125
v -0.8957 0.2243 -0.0618 0.39453125 0.39453125 0.36328125
v -0.8893 0.2516 -0.0573 0.17578125 0.171875 0.19140625
v -0.8820 0.2807 -0.0418 0.1796875 0.18359375 0.19921875
v -0.9103 0.0186 -0.0700 0.3359375 0.33984375 0.31640625
v -0.9039 0.0441 -0.0691 0.34375 0.35546875 0.3203125
v -0.8966 0.0741 -0.0646 0.35546875 0.35546875 0.31640625
v -0.8902 0.1023 -0.0627 0.34765625 0.3359375 0.31640625
v -0.8830 0.1306 -0.0609 0.34375 0.328125 0.31640625
v -0.8766 0.1588 -0.0527 0.32421875 0.3046875 0.29296875
v -0.8684 0.1888 -0.0509 0.28125 0.265625 0.25390625
v -0.8620 0.2161 -0.0491 0.359375 0.35546875 0.34765625
v -0.8884 -0.0678 -0.0655 0.33984375 0.34375 0.3125
v -0.8811 -0.0396 -0.0609 0.390625 0.390625 0.3515625
v -0.8739 -0.0096 -0.0600 0.42578125 0.4140625 0.38671875
v -0.8675 0.0177 -0.0546 0.40625 0.39453125 0.3671875
v -0.8602 0.0450 -0.0518 0.3828125 0.37109375 0.34375
v -0.8529 0.0760 -0.0473 0.34765625 0.37109375 0.33203125
v -0.8456 0.1060 -0.0400 0.2421875 0.26171875 0.23828125
v -0.8739 -0.1224 -0.0627 0.375 0.36328125 0.34375
v -0.8684 -0.0979 -0.0618 0.3046875 0.29296875 0.2734375
v -0.8611 -0.0697 -0.0600 0.33984375 0.34375 0.3125
v -0.8529 -0.0378 -0.0509 0.4140625 0.39453125 0.37109375
v -0.8402 0.0168 -0.0455 0.390625 0.38671875 0.3671875
v -0.8620 -0.1989 -0.0646 0.3515625 0.36328125 0.328125
v -0.8484 -0.1443 -0.0591 0.38671875 0.390625 0.3671875
v -0.8402 -0.1133 -0.0500 0.41015625 0.390625 0.3671875
v -0.8420 -0.2544 -0.0618 0.31640625 0.3125 0.3046875
v -0.8147 -0.2835 -0.0518 0.3984375 0.40234375 0.37890625
v -0.8211 -0.3955 -0.0564 0.31640625 0.30078125 0.2890625
v -0.8138 -0.3673 -0.0518 0.39453125 0.375 0.36328125
v -0.8074 -0.3409 -0.0518 0.3828125 0.37109375 0.3515625
v -0.7974 -0.3982 -0.0509 0.2578125 0.26171875 0.23828125
v -0.7892 -0.4938 -0.0509 0.28125 0.2734375 0.27734375
v -0.7819 -0.5247 -0.0527 0.234375 0.23046875 0.21484375
v -0.7756 -0.5520 -0.0491 0.35546875 0.359375 0.33984375
v -0.7728 -0.4264 -0.0409 0.34765625 0.34375 0.3359375
v -0.7601 -0.4819 -0.0382 0.109375 0.1171875 0.11328125
v -0.7528 -0.5092 -0.0400 0.3046875 0.32421875 0.30859375
v -0.7464 -0.5356 -0.0345 0.34765625 0.34375 0.32421875
v -0.7501 -0.4246 -0.0327 0.3125 0.3125 0.3125
v -0.7437 -0.4528 -0.0318 0.12890625 0.1328125 0.140625
v -0.7364 -0.4819 -0.0282 0.30078125 0.30078125 0.29296875
v -0.7301 -0.5083 -0.0291 0.29296875 0.28125 0.26171875
v -0.7292 -0.4146 -0.0263 0.06640625 0.08984375 0.08984375
v -0.7219 -0.4419 -0.0236 0.29296875 0.30859375 0.3046875
v -0.7155 -0.4692 -0.0227 0.1953125 0.1796875 0.17578125
v -0.7892 -0.4901 -0.0491 0.28125 0.2734375 0.27734375
v -0.7828 -0.4619 -0.0491 0.34375 0.3203125 0.328125
v -0.7756 -0.4346 -0.0436 0.30078125 0.296875 0.2890625
v -0.7692 -0.4073 -0.0409 0.35546875 0.359375 0.3359375
v -0.7801 -0.5784 -0.0491 0.28515625 0.2890625 0.265625
v -0.7719 -0.5475 -0.0482 0.34765625 0.34375 0.328125
v -0.7656 -0.5192 -0.0436 0.32421875 0.328125 0.30859375
v -0.7583 -0.4910 -0.0391 0.2578125 0.2734375 0.26953125
v -0.7510 -0.4601 -0.0364 0.09765625 0.09765625 0.10546875
v -0.7437 -0.4310 -0.0309 0.20703125 0.2109375 0.21875
v -0.7373 -0.4055 -0.0291 0.30078125 0.30859375 0.3046875
v -0.7528 -0.5475 -0.0354 0.33203125 0.328125 0.30859375
v -0.7464 -0.5202 -0.0373 0.296875 0.30078125 0.27734375
v -0.7392 -0.4919 -0.0336 0.32421875 0.328125 0.30859375
v -0.7328 -0.4637 -0.0291 0.25390625 0.26171875 0.2578125
v -0.7255 -0.4337 -0.0236 0.203125 0.2265625 0.2265625
v -0.7182 -0.4064 -0.0218 0.05859375 0.08203125 0.08203125
v -0.7201 -0.5019 -0.0254 0.28515625 0.25390625 0.2421875
v -0.7091 -0.4974 -0.0154 0.29296875 0.2734375 0.26171875
v -0.6937 -0.4219 -0.0136 0.3125 0.3125 0.3125
v -0.6864 -0.4519 -0.0100 0.26953125 0.265625 0.25
v -0.6627 -0.4210 -0.0009 0.30859375 0.31640625 0.3125
v -0.7137 -0.4746 -0.0245 0.2109375 0.1953125 0.18359375
v -0.7064 -0.4464 -0.0200 0.30078125 0.30859375 0.3046875
v -0.6991 -0.4173 -0.0172 0.25 0.265625 0.26171875
v -0.6809 -0.4655 -0.0045 0.32421875 0.3203125 0.3125
v -0.6745 -0.4401 -0.0072 0.2890625 0.2890625 0.28125
v -0.6682 -0.4146 -0.0036 0.30859375 0.31640625 0.3125
v -0.8065 -0.2853 -0.0464 0.3515625 0.36328125 0.3359375
v -0.8001 -0.3145 -0.0464 0.3671875 0.36328125 0.34375
v -0.7856 -0.3709 -0.0427 0.30078125 0.3125 0.27734375
v -0.8156 -0.1479 -0.0445 0.39453125 0.3984375 0.3671875
v -0.8092 -0.1771 -0.0427 0.40625 0.39453125 0.3671875
v -0.7956 -0.2335 -0.0436 0.3203125 0.31640625 0.296875
v -0.7892 -0.2608 -0.0400 0.296875 0.29296875 0.2734375
v -0.7819 -0.2890 -0.0400 0.3515625 0.33203125 0.31640625
v -0.7756 -0.3172 -0.0373 0.34765625 0.3359375 0.31640625
v -0.7628 -0.3709 -0.0345 0.35546875 0.35546875 0.32421875
v -0.7565 -0.3991 -0.0336 0.33984375 0.3359375 0.3203125
v -0.8284 0.0022 -0.0436 0.33203125 0.33203125 0.30078125
v -0.8220 -0.0260 -0.0427 0.30078125 0.30078125 0.26953125
v -0.8147 -0.0551 -0.0409 0.32421875 0.328125 0.3046875
v -0.8083 -0.0842 -0.0400 0.34765625 0.3359375 0.31640625
v -0.8011 -0.1106 -0.0391 0.29296875 0.2890625 0.26953125
v -0.7947 -0.1397 -0.0400 0.328125 0.33984375 0.3125
v -0.7883 -0.1670 -0.0382 0.34765625 0.34765625 0.31640625
v -0.7683 -0.2499 -0.0336 0.3203125 0.32421875 0.3046875
v -0.7619 -0.2762 -0.0327 0.32421875 0.3203125 0.3046875
v -0.7555 -0.3017 -0.0309 0.33984375 0.3359375 0.31640625
v -0.7492 -0.3318 -0.0291 0.34375 0.33984375 0.32421875
v -0.7419 -0.3591 -0.0291 0.33203125 0.31640625 0.3046875
v -0.7355 -0.3864 -0.0282 0.3359375 0.3203125 0.31640625
v -0.8456 0.2170 -0.0400 0.1796875 0.1796875 0.1875
v -0.8393 0.1888 -0.0391 0.4375 0.41796875 0.40234375
v -0.8329 0.1615 -0.0364 0.2734375 0.25390625 0.23828125
v -0.8256 0.1333 -0.0345 0.30078125 0.28515625 0.2734375
v -0.8183 0.1023 -0.0345 0.3203125 0.3046875 0.30078125
v -0.8120 0.0760 -0.0336 0.296875 0.30078125 0.26953125
v -0.8056 0.0486 -0.0327 0.3671875 0.37109375 0.33984375
v -0.7992 0.0195 -0.0318 0.38671875 0.3828125 0.36328125
v -0.7919 -0.0087 -0.0273 0.38671875 0.3828125 0.36328125
v -0.7792 -0.0615 -0.0282 0.3515625 0.35546875 0.33203125
v -0.7728 -0.0888 -0.0273 0.296875 0.29296875 0.27734375
v -0.7665 -0.1143 -0.0263 0.28125 0.2890625 0.27734375
v -0.7601 -0.1434 -0.0245 0.37890625 0.3828125 0.36328125
v -0.7528 -0.1716 -0.0236 0.36328125 0.36328125 0.33203125
v -0.7464 -0.1989 -0.0218 0.25 0.24609375 0.23046875
v -0.7401 -0.2271 -0.0245 0.265625 0.26171875 0.25390625
v -0.7337 -0.2544 -0.0182 0.26171875 0.26171875 0.25390625
v -0.7264 -0.2826 -0.0182 0.203125 0.22265625 0.20703125
v -0.7201 -0.3108 -0.0182 0.21875 0.23828125 0.22265625
v -0.8156 0.2197 -0.0200 0.140625 0.14453125 0.15234375
v -0.8092 0.1897 -0.0263 0.16015625 0.16015625 0.16015625
v -0.8020 0.1633 -0.0263 0.46875 0.46875 0.4375
v -0.7956 0.1342 -0.0282 0.296875 0.29296875 0.2734375
v -0.7892 0.1069 -0.0218 0.31640625 0.31640625 0.28515625
v -0.7828 0.0805 -0.0218 0.33203125 0.31640625 0.3046875
v -0.7765 0.0532 -0.0209 0.359375 0.36328125 0.33984375
v -0.7701 0.0268 -0.0191 0.3125 0.30859375 0.2890625
v -0.7628 -0.0032 -0.0200 0.28515625 0.28125 0.265625
v -0.7565 -0.0287 -0.0191 0.23828125 0.234375 0.21875
v -0.7501 -0.0569 -0.0172 0.29296875 0.296875 0.27734375
v -0.7428 -0.0860 -0.0172 0.27734375 0.2734375 0.2578125
v -0.7364 -0.1115 -0.0154 0.2578125 0.2578125 0.25
v -0.7301 -0.1406 -0.0136 0.27734375 0.27734375 0.26953125
v -0.7228 -0.1707 -0.0136 0.265625 0.26171875 0.24609375
v -0.7164 -0.1962 -0.0081 0.27734375 0.2734375 0.2578125
v -0.7819 0.1979 -0.0127 0.265625 0.2734375 0.26171875
v -0.7747 0.1670 -0.0182 0.1875 0.19140625 0.20703125
v -0.7683 0.1387 -0.0154 0.453125 0.44140625 0.40625
v -0.7619 0.1133 -0.0145 0.3359375 0.34375 0.30078125
v -0.7555 0.0860 -0.0154 0.359375 0.35546875 0.3359375
v -0.7483 0.0559 -0.0100 0.2890625 0.28515625 0.26953125
v -0.7419 0.0304 -0.0127 0.34765625 0.34375 0.328125
v -0.7355 0.0022 -0.0118 0.33984375 0.3359375 0.328125
v -0.7282 -0.0278 -0.0081 0.31640625 0.3125 0.3046875
v -0.7219 -0.0542 -0.0081 0.24609375 0.2421875 0.234375
v -0.7155 -0.0806 -0.0063 0.265625 0.26171875 0.24609375
v -0.7574 0.1806 -0.0036 0.21875 0.2265625 0.22265625
v -0.7510 0.1542 -0.0100 0.06640625 0.0625 0.08203125
v -0.7437 0.1251 -0.0063 0.390625 0.39453125 0.36328125
v -0.7364 0.0960 -0.0063 0.30078125 0.2890625 0.26171875
v -0.7301 0.0696 -0.0045 0.2890625 0.29296875 0.2734375
v -0.7237 0.0423 -0.0045 0.33984375 0.3359375 0.3203125
v -0.7173 0.0132 -0.0018 0.28515625 0.28125 0.2734375
v -0.8393 0.1315 -0.0409 0.36328125 0.34765625 0.34375
v -0.8120 0.1306 -0.0327 0.37109375 0.3671875 0.3515625
v -0.8047 0.1588 -0.0300 0.41015625 0.41015625 0.37890625
v -0.7983 0.1852 -0.0273 0.25390625 0.25390625 0.25390625
v -0.7919 0.2134 -0.0118 0.203125 0.2109375 0.19921875
v -0.8138 -0.0032 -0.0409 0.34765625 0.34375 0.32421875
v -0.8065 0.0241 -0.0364 0.3359375 0.33984375 0.31640625
v -0.8001 0.0514 -0.0354 0.35546875 0.359375 0.3359375
v -0.7929 0.0814 -0.0282 0.3515625 0.3359375 0.32421875
v -0.7856 0.1078 -0.0236 0.32421875 0.328125 0.296875
v -0.7792 0.1360 -0.0209 0.3828125 0.3671875 0.33203125
v -0.7719 0.1651 -0.0163 0.1875 0.19140625 0.20703125
v -0.7656 0.1924 -0.0081 0.30859375 0.32421875 0.3203125
v -0.8156 -0.1443 -0.0455 0.39453125 0.3984375 0.3671875
v -0.8083 -0.1170 -0.0436 0.34765625 0.359375 0.33203125
v -0.8011 -0.0879 -0.0400 0.33984375 0.328125 0.30859375
v -0.7947 -0.0596 -0.0345 0.3828125 0.3828125 0.3515625
v -0.7883 -0.0333 -0.0318 0.34375 0.33984375 0.3203125
v -0.7810 -0.0050 -0.0273 0.3828125 0.37890625 0.36328125
v -0.7737 0.0241 -0.0236 0.3125 0.30859375 0.2890625
v -0.7674 0.0496 -0.0200 0.33984375 0.3359375 0.3203125
v -0.7601 0.0805 -0.0172 0.35546875 0.33984375 0.328125
v -0.7528 0.1105 -0.0100 0.34765625 0.35546875 0.3125
v -0.7464 0.1360 -0.0100 0.2109375 0.21484375 0.19140625
v -0.7392 0.1642 0.0000 0.28125 0.2734375 0.27734375
v -0.8074 -0.2562 -0.0500 0.328125 0.32421875 0.3046875
v -0.8011 -0.2298 -0.0436 0.390625 0.38671875 0.37109375
v -0.7938 -0.2007 -0.0400 0.33984375 0.32421875 0.3125
v -0.7874 -0.1716 -0.0382 0.38671875 0.38671875 0.35546875
v -0.7801 -0.1452 -0.0336 0.390625 0.40234375 0.375
v -0.7737 -0.1170 -0.0300 0.3125 0.3203125 0.30078125
v -0.7665 -0.0879 -0.0245 0.29296875 0.2890625 0.2734375
v -0.7592 -0.0587 -0.0236 0.30078125 0.3046875 0.28515625
v -0.7528 -0.0323 -0.0191 0.26953125 0.265625 0.25
v -0.7455 -0.0032 -0.0145 0.32421875 0.3203125 0.3125
v -0.7383 0.0250 -0.0109 0.3046875 0.30078125 0.28515625
v -0.7319 0.0523 -0.0091 0.34765625 0.3515625 0.33203125
v -0.7246 0.0823 -0.0027 0.3515625 0.34765625 0.328125
v -0.7173 0.1124 0.0000 0.359375 0.34375 0.33203125
v -0.8001 -0.3108 -0.0473 0.42578125 0.421875 0.40234375
v -0.7938 -0.2826 -0.0436 0.359375 0.35546875 0.3359375
v -0.7865 -0.2562 -0.0391 0.33984375 0.34375 0.3203125
v -0.7792 -0.2262 -0.0345 0.32421875 0.33203125 0.3125
v -0.7719 -0.1971 -0.0327 0.3203125 0.31640625 0.296875
v -0.7656 -0.1716 -0.0300 0.3828125 0.3828125 0.3515625
v -0.7583 -0.1425 -0.0236 0.37109375 0.375 0.35546875
v -0.7519 -0.1124 -0.0200 0.26171875 0.26171875 0.25390625
v -0.7446 -0.0851 -0.0163 0.27734375 0.2734375 0.2578125
v -0.7373 -0.0560 -0.0136 0.25390625 0.25390625 0.24609375
v -0.7301 -0.0251 -0.0072 0.31640625 0.3125 0.3046875
v -0.7228 0.0031 -0.0054 0.30078125 0.296875 0.2890625
v -0.7164 0.0295 0.0010 0.33984375 0.3359375 0.3203125
v -0.7901 -0.3700 -0.0482 0.31640625 0.3203125 0.296875
v -0.7828 -0.3418 -0.0418 0.3203125 0.32421875 0.30078125
v -0.7765 -0.3136 -0.0391 0.34765625 0.3359375 0.31640625
v -0.7692 -0.2853 -0.0373 0.33203125 0.3125 0.296875
v -0.7628 -0.2580 -0.0318 0.3203125 0.32421875 0.3046875
v -0.7555 -0.2280 -0.0282 0.24609375 0.25 0.23046875
v -0.7483 -0.1980 -0.0200 0.25 0.24609375 0.23046875
v -0.7410 -0.1689 -0.0182 0.35546875 0.3515625 0.33203125
v -0.7337 -0.1406 -0.0182 0.3125 0.3125 0.3046875
v -0.7273 -0.1115 -0.0127 0.2734375 0.2734375 0.265625
v -0.7210 -0.0860 -0.0118 0.25390625 0.25 0.234375
v -0.7146 -0.0596 -0.0072 0.265625 0.265625 0.2578125
v -0.7610 -0.3764 -0.0354 0.3515625 0.3515625 0.3203125
v -0.7546 -0.3463 -0.0327 0.34375 0.34765625 0.32421875
v -0.7474 -0.3190 -0.0282 0.3515625 0.35546875 0.3359375
v -0.7401 -0.2890 -0.0254 0.2421875 0.25 0.23046875
v -0.7328 -0.2608 -0.0191 0.26171875 0.26953125 0.2578125
v -0.7264 -0.2344 -0.0182 0.29296875 0.27734375 0.2734375
v -0.7201 -0.2080 -0.0154 0.25390625 0.25390625 0.24609375
v -0.7310 -0.3773 -0.0263 0.28125 0.2734375 0.28515625
v -0.7237 -0.3481 -0.0209 0.25390625 0.25 0.2421875
v -0.7173 -0.3208 -0.0218 0.21875 0.2265625 0.21484375
v -0.7137 -0.3390 -0.0163 0.25390625 0.25390625 0.25390625
v -0.7064 -0.3663 -0.0163 0.1171875 0.1171875 0.125
v -0.7000 -0.3936 -0.0145 0.12890625 0.14453125 0.15625
v -0.7100 -0.2235 -0.0091 0.27734375 0.27734375 0.26953125
v -0.7028 -0.2526 -0.0109 0.28125 0.2890625 0.27734375
v -0.6964 -0.2808 -0.0054 0.25 0.2578125 0.25390625
v -0.6900 -0.3090 -0.0063 0.21484375 0.20703125 0.21875
v -0.6827 -0.3390 -0.0063 0.125 0.12890625 0.13671875
v -0.6755 -0.3682 -0.0027 0.171875 0.1875 0.19140625
v -0.6691 -0.3936 -0.0036 0.1953125 0.2109375 0.20703125
v -0.7082 -0.1106 -0.0054 0.25390625 0.25390625 0.24609375
v -0.7019 -0.1388 -0.0054 0.2578125 0.2578125 0.2578125
v -0.6955 -0.1661 -0.0036 0.29296875 0.2890625 0.28125
v -0.6882 -0.1971 -0.0018 0.234375 0.234375 0.2265625
v -0.6809 -0.2253 0.0000 0.2265625 0.24609375 0.23046875
v -0.6755 -0.2508 -0.0009 0.328125 0.3359375 0.32421875
v -0.6682 -0.2790 0.0028 0.25390625 0.25 0.26953125
v -0.6618 -0.3072 0.0037 0.0859375 0.08203125 0.1015625
v -0.6545 -0.3336 0.0064 0.28515625 0.28515625 0.28515625
v -0.6482 -0.3627 0.0046 0.34765625 0.35546875 0.3359375
v -0.6418 -0.3909 0.0064 0.3203125 0.328125 0.31640625
v -0.7100 -0.0151 0.0000 0.25 0.24609375 0.23828125
v -0.7037 -0.0433 -0.0009 0.23046875 0.2265625 0.21875
v -0.6964 -0.0724 -0.0009 0.2734375 0.26953125 0.26171875
v -0.6900 -0.1015 0.0010 0.2421875 0.2421875 0.234375
v -0.6836 -0.1279 0.0028 0.26171875 0.26953125 0.265625
v -0.6773 -0.1552 0.0055 0.23046875 0.23046875 0.22265625
v -0.6700 -0.1825 0.0064 0.25 0.24609375 0.23046875
v -0.6636 -0.2107 0.0046 0.31640625 0.3046875 0.28515625
v -0.6563 -0.2389 0.0073 0.27734375 0.28515625 0.2734375
v -0.6500 -0.2671 0.0091 0.27734375 0.28125 0.2890625
v -0.6436 -0.2954 0.0101 0.09765625 0.09375 0.11328125
v -0.6363 -0.3236 0.0128 0.1953125 0.1953125 0.1875
v -0.6300 -0.3527 0.0146 0.2890625 0.29296875 0.26171875
v -0.6236 -0.3800 0.0146 0.2421875 0.26171875 0.24609375
v -0.7110 0.1342 0.0064 0.24609375 0.2421875 0.26171875
v -0.7037 0.1042 0.0028 0.21875 0.21484375 0.19921875
v -0.6973 0.0760 0.0073 0.37109375 0.359375 0.33203125
v -0.6909 0.0496 0.0101 0.265625 0.26953125 0.25
v -0.6836 0.0204 0.0101 0.33984375 0.34375 0.32421875
v -0.6773 -0.0078 0.0101 0.33203125 0.328125 0.3203125
v -0.6709 -0.0333 0.0119 0.28125 0.26953125 0.25
v -0.6645 -0.0615 0.0155 0.2890625 0.2734375 0.26171875
v -0.6573 -0.0915 0.0155 0.3046875 0.31640625 0.2890625
v -0.6509 -0.1170 0.0155 0.3203125 0.32421875 0.3046875
v -0.6436 -0.1461 0.0155 0.29296875 0.296875 0.2734375
v -0.6372 -0.1761 0.0201 0.20703125 0.20703125 0.19921875
v -0.6300 -0.2034 0.0201 0.1875 0.1953125 0.19140625
v -0.6236 -0.2298 0.0192 0.1796875 0.18359375 0.19921875
v -0.6764 0.1224 0.0237 0.265625 0.26953125 0.27734375
v -0.6700 0.0942 0.0182 0.0703125 0.0703125 0.078125
v -0.6627 0.0650 0.0192 0.3125 0.30859375 0.2890625
v -0.6554 0.0377 0.0201 0.31640625 0.3125 0.296875
v -0.6491 0.0095 0.0210 0.21875 0.2109375 0.21484375
v -0.6427 -0.0187 0.0237 0.2109375 0.20703125 0.19921875
v -0.6354 -0.0478 0.0228 0.31640625 0.31640625 0.30859375
v -0.6290 -0.0760 0.0255 0.296875 0.30859375 0.2734375
v -0.6218 -0.1033 0.0274 0.31640625 0.30859375 0.3125
v -0.6154 -0.1315 0.0246 0.3359375 0.3203125 0.31640625
v -0.5890 -0.2417 0.0328 0.16796875 0.16796875 0.16796875
v -0.5826 -0.2690 0.0319 0.32421875 0.328125 0.30859375
v -0.5763 -0.2954 0.0310 0.34765625 0.34375 0.328125
v -0.5699 -0.3236 0.0410 0.296875 0.29296875 0.28515625
v -0.6372 0.0769 0.0328 0.08984375 0.09375 0.109375
v -0.6300 0.0477 0.0301 0.1015625 0.1171875 0.11328125
v -0.6036 -0.0615 0.0337 0.234375 0.23828125 0.21875
v -0.5972 -0.0870 0.0383 0.234375 0.2265625 0.23046875
v -0.5908 -0.1161 0.0374 0.34765625 0.34375 0.328125
v -0.5845 -0.1434 0.0383 0.3046875 0.30078125 0.28515625
v -0.5781 -0.1698 0.0392 0.16015625 0.16796875 0.1640625
v -0.5708 -0.1980 0.0410 0.16015625 0.1640625 0.171875
v -0.5644 -0.2271 0.0428 0.2734375 0.2734375 0.265625
v -0.5581 -0.2526 0.0410 0.19921875 0.19921875 0.19140625
v -0.5517 -0.2817 0.0428 0.23828125 0.234375 0.21875
v -0.6054 0.0541 0.0419 0.1484375 0.16796875 0.19140625
v -0.5990 0.0268 0.0428 0.06640625 0.06640625 0.06640625
v -0.5917 -0.0014 0.0410 0.3828125 0.37109375 0.3515625
v -0.5854 -0.0278 0.0428 0.328125 0.31640625 0.2890625
v -0.5790 -0.0560 0.0428 0.2734375 0.26953125 0.26171875
v -0.5726 -0.0842 0.0456 0.37890625 0.37890625 0.33984375
v -0.5653 -0.1115 0.0465 0.328125 0.32421875 0.3046875
v -0.5590 -0.1397 0.0446 0.15625 0.15625 0.1484375
v -0.5517 -0.1689 0.0474 0.1875 0.1875 0.1875
v -0.5453 -0.1953 0.0483 0.234375 0.23046875 0.2109375
v -0.5399 -0.2216 0.0510 0.29296875 0.2890625 0.28125
v -0.5326 -0.2517 0.0537 0.23828125 0.23828125 0.23046875
v -0.5599 0.0223 0.0601 0.1484375 0.15234375 0.16015625
v -0.5526 -0.0069 0.0537 0.07421875 0.08203125 0.078125
v -0.5462 -0.0351 0.0565 0.2421875 0.23828125 0.2578125
v -0.5389 -0.0624 0.0574 0.16796875 0.16015625 0.1640625
v -0.5326 -0.0906 0.0601 0.12109375 0.109375 0.14453125
v -0.5262 -0.1161 0.0628 0.1796875 0.1796875 0.1875
v -0.5189 -0.1470 0.0610 0.1953125 0.1953125 0.1875
v -0.5126 -0.1761 0.0619 0.3125 0.3125 0.3125
v -0.5053 -0.2044 0.0628 0.234375 0.234375 0.234375
v -0.4989 -0.2326 0.0683 0.29296875 0.2890625 0.2734375
v -0.5217 0.0004 0.0756 0.1953125 0.19921875 0.21875
v -0.5144 -0.0287 0.0692 0.13671875 0.13671875 0.14453125
v -0.5080 -0.0578 0.0683 0.22265625 0.22265625 0.21484375
v -0.5007 -0.0860 0.0701 0.21484375 0.21484375 0.21484375
v -0.4944 -0.1133 0.0710 0.13671875 0.14453125 0.140625
v -0.4880 -0.1406 0.0710 0.23828125 0.24609375 0.2421875
v -0.4807 -0.1679 0.0729 0.19921875 0.19921875 0.19921875
v -0.4743 -0.1943 0.0783 0.2109375 0.2109375 0.21875
v -0.4916 -0.0232 0.0847 0.17578125 0.1796875 0.1875
v -0.4843 -0.0524 0.0792 0.14453125 0.1484375 0.15625
v -0.4780 -0.0797 0.0792 0.2265625 0.2265625 0.234375
v -0.4707 -0.1079 0.0810 0.19140625 0.19140625 0.19921875
v -0.4634 -0.1361 0.0792 0.19921875 0.20703125 0.203125
v -0.4579 -0.1634 0.0820 0.1953125 0.1953125 0.1953125
v -0.4589 -0.0733 0.0847 0.09765625 0.1015625 0.12109375
v -0.4452 -0.1279 0.0892 0.2265625 0.23046875 0.23828125
v -0.4234 -0.0779 0.1065 0.18359375 0.1796875 0.19921875
v -0.4170 -0.1061 0.0974 0.12890625 0.12890625 0.13671875
v -0.4106 -0.1315 0.1056 0.1796875 0.1796875 0.171875
v -0.7100 0.1397 0.0046 0.24609375 0.2421875 0.26171875
v -0.7100 0.0578 0.0037 0.33203125 0.3359375 0.3125
v -0.7028 0.0851 0.0028 0.44921875 0.4375 0.41015625
v -0.6964 0.1133 0.0110 0.09765625 0.08984375 0.09375
v -0.7064 -0.0287 -0.0018 0.3125 0.30859375 0.30078125
v -0.6991 0.0004 0.0010 0.29296875 0.2890625 0.28125
v -0.6928 0.0259 0.0064 0.2890625 0.29296875 0.2734375
v -0.6855 0.0559 0.0073 0.30859375 0.3125 0.28125
v -0.6782 0.0851 0.0110 0.2890625 0.27734375 0.2578125
v -0.7128 -0.1771 -0.0100 0.203125 0.19921875 0.18359375
v -0.7055 -0.1488 -0.0100 0.203125 0.19921875 0.19140625
v -0.6991 -0.1224 -0.0018 0.2421875 0.25 0.24609375
v -0.6918 -0.0915 -0.0027 0.30859375 0.3125 0.29296875
v -0.6846 -0.0624 0.0028 0.3046875 0.30078125 0.29296875
v -0.6709 -0.0069 0.0110 0.33203125 0.328125 0.3203125
v -0.6573 0.0486 0.0201 0.3046875 0.30078125 0.28515625
v -0.6500 0.0778 0.0228 0.08203125 0.0859375 0.09375
v -0.7100 -0.2917 -0.0127 0.2421875 0.25 0.24609375
v -0.7028 -0.2626 -0.0091 0.24609375 0.25390625 0.2421875
v -0.6955 -0.2353 -0.0072 0.296875 0.3046875 0.29296875
v -0.6891 -0.2062 -0.0018 0.1953125 0.1953125 0.1953125
v -0.6809 -0.1752 -0.0009 0.30859375 0.3046875 0.296875
v -0.6745 -0.1488 0.0037 0.23046875 0.23046875 0.22265625
v -0.6673 -0.1206 0.0082 0.26171875 0.26953125 0.2578125
v -0.6609 -0.0915 0.0128 0.2578125 0.265625 0.24609375
v -0.6536 -0.0624 0.0164 0.265625 0.26171875 0.24609375
v -0.6472 -0.0369 0.0201 0.19140625 0.18359375 0.1875
v -0.6409 -0.0087 0.0237 0.3125 0.30859375 0.29296875
v -0.6336 0.0204 0.0283 0.23828125 0.2421875 0.22265625
v -0.6272 0.0459 0.0301 0.1015625 0.1171875 0.11328125
v -0.6199 0.0750 0.0383 0.16015625 0.1640625 0.18359375
v -0.7110 -0.3773 -0.0191 0.09375 0.09765625 0.11328125
v -0.7046 -0.3491 -0.0154 0.21484375 0.21484375 0.21484375
v -0.6964 -0.3190 -0.0100 0.265625 0.265625 0.265625
v -0.6900 -0.2917 -0.0072 0.17578125 0.16796875 0.171875
v -0.6836 -0.2635 -0.0027 0.2578125 0.265625 0.26171875
v -0.6764 -0.2353 0.0010 0.3203125 0.328125 0.30859375
v -0.6563 -0.1525 0.0101 0.23046875 0.2265625 0.2109375
v -0.6491 -0.1243 0.0146 0.37109375 0.375 0.3515625
v -0.6427 -0.0970 0.0201 0.30859375 0.3203125 0.28515625
v -0.6354 -0.0688 0.0237 0.328125 0.33984375 0.296875
v -0.6281 -0.0405 0.0237 0.328125 0.3359375 0.32421875
v -0.6218 -0.0132 0.0274 0.234375 0.2265625 0.23828125
v -0.6154 0.0141 0.0319 0.296875 0.29296875 0.27734375
v -0.6081 0.0423 0.0346 0.0625 0.07421875 0.1015625
v -0.6918 -0.3882 -0.0109 0.16796875 0.171875 0.1796875
v -0.6645 -0.2781 0.0028 0.25390625 0.25 0.26953125
v -0.6582 -0.2499 0.0073 0.28515625 0.29296875 0.2890625
v -0.6518 -0.2226 0.0064 0.28515625 0.2890625 0.26953125
v -0.6445 -0.1943 0.0128 0.27734375 0.28125 0.26171875
v -0.6372 -0.1670 0.0164 0.28515625 0.28125 0.265625
v -0.6309 -0.1388 0.0201 0.328125 0.32421875 0.30859375
v -0.6236 -0.1097 0.0219 0.35546875 0.359375 0.33984375
v -0.6172 -0.0833 0.0274 0.2421875 0.2421875 0.2421875
v -0.6099 -0.0533 0.0310 0.17578125 0.18359375 0.1640625
v -0.6027 -0.0232 0.0374 0.265625 0.265625 0.234375
v -0.5963 0.0022 0.0392 0.3359375 0.32421875 0.3046875
v -0.5899 0.0295 0.0437 0.09375 0.09375 0.1015625
v -0.6600 -0.3827 -0.0009 0.2109375 0.2265625 0.22265625
v -0.6536 -0.3563 0.0010 0.17578125 0.18359375 0.171875
v -0.6472 -0.3309 0.0028 0.24609375 0.24609375 0.23828125
v -0.6400 -0.2999 0.0101 0.18359375 0.18359375 0.19140625
v -0.6336 -0.2726 0.0119 0.11328125 0.109375 0.12890625
v -0.6263 -0.2444 0.0173 0.09375 0.09765625 0.11328125
v -0.6190 -0.2144 0.0219 0.11328125 0.12890625 0.140625
v -0.6118 -0.1862 0.0228 0.140625 0.15625 0.16015625
v -0.6054 -0.1588 0.0301 0.19921875 0.19140625 0.1953125
v -0.5981 -0.1315 0.0310 0.2109375 0.20703125 0.19921875
v -0.5908 -0.1006 0.0374 0.3671875 0.36328125 0.34765625
v -0.5835 -0.0715 0.0410 0.30078125 0.296875 0.28125
v -0.5772 -0.0442 0.0446 0.296875 0.2890625 0.29296875
v -0.5690 -0.0123 0.0501 0.39453125 0.390625 0.37109375
v -0.5626 0.0141 0.0547 0.09765625 0.1015625 0.109375
v -0.6272 -0.3882 0.0155 0.30859375 0.31640625 0.3046875
v -0.6199 -0.3591 0.0146 0.328125 0.33203125 0.30859375
v -0.6136 -0.3345 0.0173 0.3203125 0.32421875 0.30078125
v -0.6072 -0.3063 0.0219 0.2109375 0.2109375 0.203125
v -0.5999 -0.2753 0.0274 0.203125 0.203125 0.203125
v -0.5926 -0.2480 0.0319 0.16796875 0.16796875 0.16796875
v -0.5854 -0.2189 0.0337 0.1796875 0.1953125 0.20703125
v -0.5781 -0.1880 0.0392 0.12890625 0.1328125 0.140625
v -0.5708 -0.1607 0.0401 0.1875 0.1875 0.1796875
v -0.5644 -0.1334 0.0456 0.15625 0.15625 0.1484375
v -0.5571 -0.1042 0.0483 0.24609375 0.23828125 0.2421875
v -0.5508 -0.0769 0.0528 0.328125 0.3125 0.30078125
v -0.5444 -0.0505 0.0556 0.265625 0.2578125 0.26171875
v -0.5371 -0.0196 0.0610 0.05859375 0.05859375 0.08984375
v -0.5298 0.0086 0.0719 0.12890625 0.1328125 0.1484375
v -0.5881 -0.3445 0.0328 0.32421875 0.328125 0.30859375
v -0.5808 -0.3163 0.0292 0.32421875 0.3203125 0.3125
v -0.5744 -0.2872 0.0337 0.234375 0.23046875 0.21484375
v -0.5672 -0.2599 0.0401 0.33984375 0.3359375 0.3203125
v -0.5608 -0.2317 0.0410 0.27734375 0.27734375 0.26953125
v -0.5544 -0.2053 0.0456 0.25390625 0.25 0.234375
v -0.5471 -0.1761 0.0510 0.265625 0.265625 0.2578125
v -0.5399 -0.1461 0.0528 0.19140625 0.19140625 0.22265625
v -0.5326 -0.1179 0.0583 0.13671875 0.1328125 0.1640625
v -0.5262 -0.0906 0.0619 0.171875 0.171875 0.1796875
v -0.5189 -0.0615 0.0610 0.28125 0.27734375 0.26171875
v -0.5116 -0.0305 0.0710 0.20703125 0.20703125 0.21484375
v -0.5544 -0.3090 0.0492 0.34765625 0.34375 0.328125
v -0.5480 -0.2835 0.0437 0.23046875 0.2265625 0.20703125
v -0.5408 -0.2544 0.0465 0.23828125 0.23828125 0.23046875
v -0.5335 -0.2244 0.0519 0.29296875 0.2890625 0.28125
v -0.5262 -0.1962 0.0565 0.2421875 0.24609375 0.2265625
v -0.5198 -0.1689 0.0583 0.2578125 0.2578125 0.25
v -0.5126 -0.1379 0.0628 0.21484375 0.21484375 0.20703125
v -0.5062 -0.1115 0.0683 0.1953125 0.1953125 0.1953125
v -0.4989 -0.0833 0.0701 0.27734375 0.27734375 0.27734375
v -0.4916 -0.0542 0.0701 0.08984375 0.09375 0.1015625
v -0.4853 -0.0260 0.0865 0.1640625 0.16796875 0.17578125
v -0.5007 -0.2417 0.0683 0.328125 0.32421875 0.30859375
v -0.4944 -0.2116 0.0665 0.21484375 0.21484375 0.22265625
v -0.4807 -0.1570 0.0747 0.15625 0.1640625 0.16015625
v -0.4743 -0.1306 0.0756 0.20703125 0.21484375 0.2109375
v -0.4671 -0.1024 0.0783 0.1171875 0.1171875 0.125
v -0.4598 -0.0733 0.0838 0.07421875 0.08984375 0.1015625
v -0.4461 -0.1689 0.0883 0.25 0.25 0.25
v -0.4397 -0.1416 0.0911 0.23828125 0.23828125 0.23828125
v -0.4325 -0.1143 0.0920 0.1875 0.1875 0.1953125
v -0.4252 -0.0842 0.1029 0.18359375 0.1796875 0.19921875
v -0.4052 -0.1170 0.1111 0.078125 0.078125 0.0859375
v -0.8857 -0.4200 -0.0891 0.2734375 0.26953125 0.19921875
v -0.8793 -0.4473 -0.0837 0.36328125 0.37890625 0.28125
v -0.8729 -0.4756 -0.0837 0.21875 0.234375 0.16796875
v -0.8666 -0.5029 -0.0782 0.296875 0.30078125 0.26953125
v -0.8602 -0.5302 -0.0737 0.27734375 0.28125 0.26171875
v -0.8529 -0.5584 -0.0764 0.24609375 0.234375 0.19921875
v -0.8456 -0.5875 -0.0755 0.16796875 0.17578125 0.15625
v -0.8393 -0.6166 -0.0737 0.1484375 0.15625 0.14453125
v -0.8320 -0.6439 -0.0664 0.28515625 0.26953125 0.2578125
v -0.8629 -0.4091 -0.0728 0.3359375 0.33203125 0.31640625
v -0.8566 -0.4364 -0.0718 0.29296875 0.29296875 0.26171875
v -0.8493 -0.4674 -0.0737 0.32421875 0.3359375 0.30859375
v -0.8429 -0.4956 -0.0682 0.32421875 0.328125 0.30859375
v -0.8365 -0.5211 -0.0709 0.34375 0.328125 0.32421875
v -0.8302 -0.5493 -0.0682 0.33203125 0.33984375 0.296875
v -0.8229 -0.5766 -0.0673 0.09375 0.1015625 0.09765625
v -0.8165 -0.6048 -0.0655 0.265625 0.265625 0.2578125
v -0.8393 -0.4082 -0.0664 0.3984375 0.37890625 0.35546875
v -0.8329 -0.4355 -0.0627 0.3359375 0.3359375 0.3046875
v -0.8256 -0.4637 -0.0627 0.30859375 0.3203125 0.29296875
v -0.8193 -0.4919 -0.0627 0.3125 0.30859375 0.29296875
v -0.8129 -0.5202 -0.0591 0.33984375 0.33984375 0.33203125
v -0.8056 -0.5484 -0.0591 0.14453125 0.14453125 0.14453125
v -0.7992 -0.5766 -0.0573 0.25390625 0.25390625 0.24609375
v -0.8629 -0.4819 -0.0791 0.3203125 0.33203125 0.296875
v -0.8493 -0.4246 -0.0709 0.33984375 0.33984375 0.30859375
v -0.8557 -0.5356 -0.0737 0.30859375 0.2890625 0.265625
v -0.8347 -0.4519 -0.0618 0.34375 0.34765625 0.32421875
v -0.8284 -0.4246 -0.0618 0.36328125 0.36328125 0.33203125
v -0.8456 -0.5948 -0.0764 0.16796875 0.17578125 0.15625
v -0.8384 -0.5657 -0.0728 0.3046875 0.30859375 0.28515625
v -0.8320 -0.5402 -0.0709 0.328125 0.3203125 0.2734375
v -0.8247 -0.5110 -0.0664 0.33984375 0.3359375 0.328125
v -0.8183 -0.4819 -0.0627 0.265625 0.26171875 0.24609375
v -0.8120 -0.4564 -0.0609 0.32421875 0.328125 0.3046875
v -0.8238 -0.6312 -0.0709 0.3359375 0.33203125 0.3125
v -0.8174 -0.6048 -0.0655 0.265625 0.265625 0.2578125
v -0.8111 -0.5757 -0.0600 0.171875 0.1796875 0.17578125
v -0.8038 -0.5465 -0.0573 0.12109375 0.12109375 0.11328125
v -0.9039 -0.2389 -0.0828 0.2734375 0.2734375 0.2265625
v -0.8966 -0.2690 -0.0837 0.31640625 0.30859375 0.25
v -0.8893 -0.2990 -0.0828 0.27734375 0.27734375 0.23046875
v -0.8830 -0.3245 -0.0800 0.3125 0.31640625 0.29296875
v -0.8775 -0.3500 -0.0782 0.30078125 0.3046875 0.28515625
v -0.8702 -0.3809 -0.0755 0.3671875 0.37109375 0.34765625
v -0.9266 -0.0442 -0.0855 0.34375 0.359375 0.30078125
v -0.9194 -0.0733 -0.0819 0.2265625 0.25390625 0.22265625
v -0.9130 -0.0988 -0.0791 0.2734375 0.2890625 0.234375
v -0.9066 -0.1270 -0.0764 0.26953125 0.27734375 0.234375
v -0.8993 -0.1570 -0.0782 0.3828125 0.37890625 0.359375
v -0.8930 -0.1834 -0.0746 0.359375 0.33984375 0.31640625
v -0.8866 -0.2107 -0.0746 0.3984375 0.390625 0.34375
v -0.8802 -0.2389 -0.0728 0.37890625 0.3828125 0.3515625
v -0.8729 -0.2671 -0.0691 0.29296875 0.296875 0.27734375
v -0.8657 -0.2963 -0.0700 0.3359375 0.33203125 0.3125
v -0.8593 -0.3254 -0.0682 0.359375 0.36328125 0.33203125
v -0.8520 -0.3545 -0.0646 0.36328125 0.375 0.33984375
v -0.8466 -0.3809 -0.0646 0.38671875 0.3828125 0.36328125
v -0.9558 0.2015 -0.0882 0.234375 0.23046875 0.2109375
v -0.9494 0.1752 -0.0855 0.234375 0.25390625 0.23046875
v -0.9421 0.1488 -0.0809 0.24609375 0.265625 0.23828125
v -0.9357 0.1196 -0.0809 0.1796875 0.19921875 0.17578125
v -0.9294 0.0932 -0.0791 0.29296875 0.2890625 0.26953125
v -0.9230 0.0669 -0.0764 0.26953125 0.27734375 0.2578125
v -0.9430 0.1460 -0.0773 0.24609375 0.265625 0.23828125
v -0.9385 0.0532 -0.0828 0.2578125 0.265625 0.21484375
v -0.9312 0.0814 -0.0791 0.28515625 0.28515625 0.25390625
v -0.9248 -0.0396 -0.0828 0.34375 0.359375 0.30078125
v -0.9175 -0.0078 -0.0764 0.30859375 0.3203125 0.29296875
v -0.9084 -0.1507 -0.0773 0.3125 0.3125 0.265625
v -0.9021 -0.1243 -0.0755 0.3671875 0.37109375 0.34765625
v -0.8948 -0.0942 -0.0700 0.3359375 0.34375 0.32421875
v -0.9021 -0.2380 -0.0773 0.2734375 0.2734375 0.2265625
v -0.8957 -0.2098 -0.0782 0.3984375 0.390625 0.34375
v -0.8893 -0.1834 -0.0709 0.359375 0.33984375 0.31640625
v -0.8820 -0.1543 -0.0709 0.38671875 0.375 0.35546875
v -0.8893 -0.3145 -0.0819 0.296875 0.296875 0.25
v -0.8830 -0.2853 -0.0764 0.375 0.37109375 0.3515625
v -0.8766 -0.2590 -0.0718 0.29296875 0.296875 0.27734375
v -0.8693 -0.2289 -0.0709 0.34765625 0.3515625 0.33203125
v -0.8784 -0.4000 -0.0800 0.26171875 0.265625 0.2109375
v -0.8711 -0.3700 -0.0755 0.32421875 0.328125 0.3046875
v -0.8638 -0.3409 -0.0728 0.34375 0.359375 0.3046875
v -0.8493 -0.2844 -0.0637 0.34375 0.33984375 0.32421875
v 0.9845 -0.4310 -0.0682 0.32421875 0.328125 0.296875
v 1.0000 -0.4164 -0.0819 0.19140625 0.1953125 0.1640625
v 0.8335 -0.2189 -0.0282 0.21875 0.23828125 0.25390625
v 0.8398 -0.2453 -0.0291 0.09375 0.109375 0.12109375
v 0.8462 -0.2744 -0.0336 0.21875 0.2265625 0.21484375
v 0.8535 -0.3008 -0.0318 0.19921875 0.1953125 0.1875
v 0.8598 -0.3281 -0.0300 0.1171875 0.1171875 0.125
v 0.8335 -0.0988 -0.0345 0.2421875 0.2421875 0.2421875
v 0.8398 -0.1270 -0.0336 0.22265625 0.21875 0.19921875
v 0.8462 -0.1543 -0.0382 0.4296875 0.4296875 0.390625
v 0.8535 -0.1816 -0.0382 0.21484375 0.2265625 0.19921875
v 0.8598 -0.2107 -0.0382 0.08203125 0.1171875 0.11328125
v 0.8671 -0.2389 -0.0400 0.2734375 0.2734375 0.265625
v 0.8735 -0.2653 -0.0427 0.25 0.25 0.2578125
v 0.8808 -0.2954 -0.0418 0.19140625 0.19140625 0.19921875
v 0.8881 -0.3245 -0.0436 0.421875 0.43359375 0.390625
v 0.8935 -0.3500 -0.0455 0.37109375 0.40625 0.33984375
v 0.8380 0.0068 -0.0391 0.3359375 0.33984375 0.31640625
v 0.8453 -0.0214 -0.0409 0.26171875 0.2734375 0.23828125
v 0.8517 -0.0487 -0.0418 0.34375 0.36328125 0.33984375
v 0.8589 -0.0769 -0.0436 0.26171875 0.265625 0.2734375
v 0.8653 -0.1052 -0.0436 0.24609375 0.24609375 0.23828125
v 0.8717 -0.1315 -0.0464 0.3125 0.3125 0.3203125
v 0.8790 -0.1625 -0.0473 0.1328125 0.140625 0.13671875
v 0.8862 -0.1907 -0.0482 0.22265625 0.234375 0.20703125
v 0.8926 -0.2171 -0.0500 0.26953125 0.2734375 0.25
v 0.8999 -0.2444 -0.0509 0.10546875 0.109375 0.1171875
v 0.9063 -0.2744 -0.0527 0.28125 0.3046875 0.2890625
v 0.9135 -0.3026 -0.0518 0.2890625 0.3125 0.2578125
v 0.9208 -0.3318 -0.0546 0.29296875 0.29296875 0.28515625
v 0.9272 -0.3618 -0.0573 0.17578125 0.18359375 0.1796875
v 0.9345 -0.3891 -0.0518 0.2578125 0.28125 0.2421875
v 0.8335 0.1870 -0.0455 0.23828125 0.234375 0.21484375
v 0.8398 0.1624 -0.0455 0.3125 0.3203125 0.27734375
v 0.8471 0.1333 -0.0482 0.32421875 0.34765625 0.30859375
v 0.8544 0.1042 -0.0482 0.1796875 0.19921875 0.17578125
v 0.8598 0.0778 -0.0482 0.30859375 0.31640625 0.296875
v 0.8671 0.0505 -0.0509 0.31640625 0.31640625 0.31640625
v 0.8744 0.0213 -0.0527 0.2109375 0.21875 0.20703125
v 0.8817 -0.0078 -0.0546 0.22265625 0.2421875 0.21875
v 0.8881 -0.0360 -0.0555 0.3046875 0.32421875 0.30078125
v 0.8944 -0.0633 -0.0591 0.1875 0.19140625 0.171875
v 0.9017 -0.0924 -0.0591 0.1796875 0.1796875 0.1796875
v 0.9081 -0.1188 -0.0600 0.12890625 0.14453125 0.1484375
v 0.9154 -0.1488 -0.0637 0.28515625 0.3046875 0.27734375
v 0.9226 -0.1789 -0.0637 0.2890625 0.29296875 0.2734375
v 0.9299 -0.2071 -0.0637 0.13671875 0.13671875 0.14453125
v 0.9363 -0.2353 -0.0673 0.41015625 0.41796875 0.3671875
v 0.9436 -0.2635 -0.0664 0.25390625 0.26171875 0.25
v 0.9499 -0.2899 -0.0664 0.296875 0.30078125 0.30859375
v 0.9563 -0.3172 -0.0709 0.2109375 0.21875 0.21484375
v 0.9636 -0.3472 -0.0718 0.33984375 0.36328125 0.32421875
v 0.9709 -0.3764 -0.0718 0.3515625 0.359375 0.33984375
v 0.9772 -0.4028 -0.0737 0.30078125 0.3125 0.28515625
v 0.8335 0.3553 -0.0518 0.54296875 0.52734375 0.4921875
v 0.8398 0.3290 -0.0536 0.40234375 0.39453125 0.34765625
v 0.8471 0.2998 -0.0555 0.37109375 0.38671875 0.3203125
v 0.8535 0.2716 -0.0573 0.46875 0.48828125 0.4609375
v 0.8598 0.2443 -0.0582 0.34765625 0.359375 0.33203125
v 0.8671 0.2170 -0.0591 0.26953125 0.265625 0.2578125
v 0.8744 0.1879 -0.0591 0.2265625 0.23046875 0.2109375
v 0.8808 0.1615 -0.0600 0.2265625 0.234375 0.22265625
v 0.8881 0.1315 -0.0637 0.34375 0.3671875 0.3515625
v 0.8944 0.1033 -0.0627 0.32421875 0.328125 0.30859375
v 0.9017 0.0750 -0.0637 0.29296875 0.29296875 0.26171875
v 0.9081 0.0496 -0.0664 0.23046875 0.23828125 0.21875
v 0.9154 0.0186 -0.0700 0.23828125 0.2578125 0.2421875
v 0.9217 -0.0096 -0.0691 0.22265625 0.23046875 0.21875
v 0.9290 -0.0378 -0.0718 0.22265625 0.22265625 0.21484375
v 0.8335 0.4709 -0.0555 0.51953125 0.52734375 0.4765625
v 0.8380 0.4154 -0.0536 0.37890625 0.390625 0.34765625
v 0.8353 0.2753 -0.0500 0.58203125 0.61328125 0.5546875
v 0.8426 0.3035 -0.0509 0.4765625 0.48828125 0.421875
v 0.8498 0.3326 -0.0564 0.35546875 0.35546875 0.30859375
v 0.8325 0.1306 -0.0427 0.34765625 0.359375 0.31640625
v 0.8398 0.1597 -0.0418 0.36328125 0.3671875 0.3359375
v 0.8462 0.1852 -0.0491 0.265625 0.26171875 0.25390625
v 0.8526 0.2134 -0.0500 0.35546875 0.33984375 0.3359375
v 0.8598 0.2416 -0.0555 0.37109375 0.375 0.3515625
v 0.8662 0.2680 -0.0600 0.390625 0.3984375 0.37890625
v 0.8371 0.0541 -0.0391 0.34375 0.34765625 0.328125
v 0.8435 0.0805 -0.0445 0.23828125 0.26171875 0.24609375
v 0.8498 0.1078 -0.0473 0.265625 0.296875 0.25390625
v 0.8571 0.1369 -0.0509 0.3203125 0.33984375 0.3125
v 0.8635 0.1633 -0.0527 0.234375 0.2421875 0.23046875
v 0.8708 0.1924 -0.0564 0.28125 0.27734375 0.2578125
v 0.8780 0.2225 -0.0600 0.30078125 0.2890625 0.26953125
v 0.8380 -0.0433 -0.0364 0.3125 0.33203125 0.3046875
v 0.8444 -0.0178 -0.0409 0.26171875 0.2734375 0.23828125
v 0.8507 0.0122 -0.0427 0.33203125 0.3359375 0.3125
v 0.8580 0.0405 -0.0455 0.1953125 0.1953125 0.1953125
v 0.8644 0.0659 -0.0491 0.296875 0.296875 0.2890625
v 0.8717 0.0969 -0.0536 0.27734375 0.28515625 0.28125
v 0.8780 0.1260 -0.0564 0.29296875 0.31640625 0.30078125
v 0.8844 0.1497 -0.0600 0.33203125 0.3515625 0.3359375
v 0.8335 -0.2025 -0.0282 0.2421875 0.265625 0.265625
v 0.8407 -0.1761 -0.0364 0.25 0.26171875 0.234375
v 0.8471 -0.1461 -0.0336 0.23046875 0.23046875 0.19140625
v 0.8544 -0.1179 -0.0391 0.2890625 0.28515625 0.27734375
v 0.8608 -0.0915 -0.0455 0.22265625 0.23046875 0.21875
v 0.8680 -0.0624 -0.0473 0.12890625 0.14453125 0.1484375
v 0.8744 -0.0351 -0.0536 0.23046875 0.25 0.234375
v 0.8808 -0.0096 -0.0536 0.22265625 0.2421875 0.21875
v 0.8871 0.0159 -0.0564 0.203125 0.2109375 0.19140625
v 0.8935 0.0459 -0.0609 0.3515625 0.36328125 0.3359375
v 0.9008 0.0741 -0.0618 0.29296875 0.29296875 0.26171875
v 0.8462 -0.3054 -0.0291 0.171875 0.1640625 0.16796875
v 0.8526 -0.2790 -0.0309 0.23046875 0.2265625 0.21875
v 0.8589 -0.2508 -0.0354 0.2578125 0.2578125 0.265625
v 0.8662 -0.2207 -0.0400 0.29296875 0.31640625 0.30078125
v 0.8726 -0.1943 -0.0445 0.25390625 0.2734375 0.24609375
v 0.8790 -0.1689 -0.0491 0.13671875 0.14453125 0.1328125
v 0.8862 -0.1406 -0.0509 0.1015625 0.10546875 0.11328125
v 0.8926 -0.1143 -0.0546 0.24609375 0.25 0.2578125
v 0.8990 -0.0870 -0.0573 0.1796875 0.1796875 0.1796875
v 0.9054 -0.0578 -0.0637 0.2109375 0.20703125 0.19140625
v 0.9126 -0.0296 -0.0637 0.25390625 0.26171875 0.2421875
v 0.9190 -0.0032 -0.0691 0.25390625 0.2734375 0.2578125
v 0.8662 -0.3318 -0.0309 0.18359375 0.203125 0.1875
v 0.8726 -0.3063 -0.0382 0.1171875 0.1171875 0.1171875
v 0.8790 -0.2808 -0.0418 0.1328125 0.13671875 0.15625
v 0.8862 -0.2517 -0.0464 0.17578125 0.17578125 0.17578125
v 0.8926 -0.2262 -0.0500 0.17578125 0.17578125 0.16796875
v 0.8990 -0.1971 -0.0573 0.37109375 0.375 0.35546875
v 0.9063 -0.1689 -0.0573 0.26953125 0.28125 0.24609375
v 0.9126 -0.1425 -0.0582 0.296875 0.32421875 0.296875
v 0.9199 -0.1143 -0.0646 0.2109375 0.2265625 0.23046875
v 0.9263 -0.0833 -0.0673 0.08203125 0.08984375 0.0859375
v 0.9327 -0.0587 -0.0709 0.1796875 0.18359375 0.19140625
v 0.8917 -0.3436 -0.0400 0.42578125 0.44921875 0.39453125
v 0.8981 -0.3163 -0.0464 0.21484375 0.2265625 0.18359375
v 0.9044 -0.2917 -0.0518 0.234375 0.25390625 0.23046875
v 0.9117 -0.2608 -0.0536 0.26953125 0.29296875 0.28515625
v 0.9181 -0.2335 -0.0582 0.1875 0.203125 0.19921875
v 0.9317 -0.1780 -0.0655 0.1953125 0.1953125 0.203125
v 0.9445 -0.1252 -0.0746 0.29296875 0.30078125 0.296875
v 0.9172 -0.3754 -0.0427 0.2109375 0.2265625 0.22265625
v 0.9236 -0.3500 -0.0527 0.15625 0.15234375 0.171875
v 0.9308 -0.3208 -0.0591 0.25 0.2578125 0.23828125
v 0.9363 -0.2945 -0.0609 0.42578125 0.4296875 0.41015625
v 0.9436 -0.2681 -0.0682 0.296875 0.3046875 0.30078125
v 0.9499 -0.2398 -0.0691 0.2734375 0.28515625 0.25
v 0.9563 -0.2125 -0.0746 0.34375 0.3515625 0.33203125
v 0.9663 -0.3299 -0.0728 0.24609375 0.26953125 0.23046875
v 0.9727 -0.3026 -0.0755 0.25390625 0.2734375 0.25
v 0.9709 -0.3955 -0.0709 0.30078125 0.3125 0.28515625
v 0.9772 -0.3682 -0.0764 0.26171875 0.26953125 0.25
v 0.9845 -0.3409 -0.0782 0.30859375 0.3203125 0.29296875
v 0.4412 -0.0096 0.1102 0.27734375 0.296875 0.28125
v 0.4576 0.0177 0.0983 0.26171875 0.26953125 0.25
v 0.4649 -0.0105 0.0983 0.3828125 0.41015625 0.34765625
v 0.4712 -0.0369 0.1011 0.55078125 0.55859375 0.50390625
v 0.4876 0.0441 0.0865 0.19921875 0.20703125 0.1953125
v 0.4949 0.0141 0.0865 0.5546875 0.5703125 0.50390625
v 0.5004 -0.0096 0.1220 0.53515625 0.55078125 0.484375
v 0.5149 -0.0678 0.0865 0.234375 0.26171875 0.29296875
v 0.5086 0.0932 0.0783 0.32421875 0.328125 0.3046875
v 0.5158 0.0641 0.0719 0.41015625 0.41796875 0.3671875
v 0.5231 0.0350 0.0729 0.453125 0.45703125 0.40234375
v 0.5295 0.0068 0.0719 0.40625 0.42578125 0.40234375
v 0.5368 -0.0223 0.0701 0.1171875 0.12890625 0.1484375
v 0.5440 -0.0524 0.0683 0.07421875 0.08984375 0.0859375
v 0.5504 -0.0779 0.0692 0.26953125 0.30859375 0.27734375
v 0.5568 -0.1042 0.0729 0.55078125 0.55078125 0.51171875
v 0.5340 0.0932 0.0656 0.3828125 0.3828125 0.3359375
v 0.5413 0.0641 0.0647 0.46875 0.47265625 0.41796875
v 0.5477 0.0377 0.0638 0.296875 0.3046875 0.29296875
v 0.5541 0.0104 0.0638 0.08984375 0.1171875 0.140625
v 0.5613 -0.0178 0.0610 0.1171875 0.13671875 0.15234375
v 0.5677 -0.0460 0.0610 0.34375 0.3671875 0.3125
v 0.5750 -0.0742 0.0610 0.50390625 0.51953125 0.4609375
v 0.5814 -0.1024 0.0592 0.546875 0.5546875 0.50390625
v 0.5886 -0.1297 0.0656 0.515625 0.55078125 0.46875
v 0.5477 0.1387 0.0638 0.296875 0.32421875 0.296875
v 0.5550 0.1078 0.0583 0.5234375 0.5546875 0.50390625
v 0.5623 0.0805 0.0574 0.40234375 0.390625 0.36328125
v 0.5686 0.0523 0.0556 0.15625 0.15625 0.1640625
v 0.5759 0.0232 0.0547 0.10546875 0.13671875 0.14453125
v 0.5832 -0.0041 0.0537 0.20703125 0.2265625 0.19921875
v 0.5968 -0.0624 0.0519 0.46875 0.45703125 0.421875
v 0.6032 -0.0897 0.0537 0.3984375 0.3828125 0.3359375
v 0.6096 -0.1170 0.0501 0.3046875 0.3359375 0.28515625
v 0.6169 -0.1470 0.0474 0.3671875 0.390625 0.3515625
v 0.5805 0.1469 0.0492 0.4140625 0.4296875 0.37109375
v 0.5877 0.1169 0.0483 0.47265625 0.484375 0.41796875
v 0.5941 0.0905 0.0465 0.4609375 0.46484375 0.43359375
v 0.6214 -0.0205 0.0410 0.33984375 0.328125 0.30859375
v 0.6278 -0.0496 0.0410 0.40234375 0.40625 0.34375
v 0.6351 -0.0779 0.0410 0.35546875 0.421875 0.3515625
v 0.6414 -0.1033 0.0383 0.37109375 0.41015625 0.375
v 0.6478 -0.1315 0.0365 0.390625 0.3828125 0.3359375
v 0.6551 -0.1607 0.0355 0.28125 0.28515625 0.25390625
v 0.6605 -0.1862 0.0392 0.35546875 0.375 0.3515625
v 0.6050 0.1879 0.0374 0.390625 0.4140625 0.375
v 0.6114 0.1597 0.0383 0.49609375 0.51953125 0.47265625
v 0.6250 0.1051 0.0365 0.53515625 0.53515625 0.49609375
v 0.6314 0.0769 0.0319 0.4921875 0.5390625 0.4609375
v 0.6378 0.0505 0.0319 0.38671875 0.3984375 0.36328125
v 0.6451 0.0204 0.0319 0.375 0.36328125 0.328125
v 0.6514 -0.0060 0.0292 0.390625 0.390625 0.34375
v 0.6578 -0.0323 0.0283 0.42578125 0.45703125 0.3984375
v 0.6651 -0.0615 0.0274 0.27734375 0.3046875 0.2734375
v 0.6715 -0.0897 0.0264 0.375 0.359375 0.32421875
v 0.6787 -0.1179 0.0246 0.359375 0.35546875 0.33984375
v 0.6860 -0.1479 0.0228 0.23828125 0.2421875 0.25
v 0.6924 -0.1743 0.0210 0.21875 0.2265625 0.21484375
v 0.6988 -0.2007 0.0219 0.31640625 0.30078125 0.2890625
v 0.6223 0.2352 0.0328 0.3046875 0.3125 0.29296875
v 0.6287 0.2070 0.0237 0.39453125 0.40234375 0.359375
v 0.6360 0.1779 0.0264 0.51171875 0.51171875 0.46484375
v 0.6423 0.1515 0.0255 0.50390625 0.51171875 0.45703125
v 0.6496 0.1242 0.0219 0.39453125 0.42578125 0.3828125
v 0.6560 0.0960 0.0219 0.55078125 0.5625 0.51953125
v 0.6633 0.0659 0.0210 0.46484375 0.4453125 0.421875
v 0.6696 0.0414 0.0192 0.4921875 0.47265625 0.44921875
v 0.6760 0.0113 0.0192 0.453125 0.4765625 0.421875
v 0.6842 -0.0187 0.0155 0.3828125 0.38671875 0.36328125
v 0.6897 -0.0451 0.0164 0.31640625 0.31640625 0.28515625
v 0.6969 -0.0715 0.0155 0.33984375 0.34765625 0.3359375
v 0.7042 -0.1024 0.0137 0.2890625 0.29296875 0.26171875
v 0.7106 -0.1297 0.0110 0.25390625 0.2734375 0.24609375
v 0.7179 -0.1579 0.0091 0.3125 0.32421875 0.2890625
v 0.7252 -0.1889 0.0091 0.24609375 0.2734375 0.24609375
v 0.7324 -0.2171 0.0082 0.2109375 0.234375 0.234375
v 0.7379 -0.2426 0.0155 0.28125 0.29296875 0.265625
v 0.6451 0.2561 0.0237 0.17578125 0.1953125 0.171875
v 0.6523 0.2279 0.0201 0.5078125 0.51171875 0.45703125
v 0.6587 0.1988 0.0210 0.40625 0.39453125 0.375
v 0.6651 0.1724 0.0182 0.4140625 0.42578125 0.3828125
v 0.6724 0.1424 0.0164 0.3515625 0.3828125 0.32421875
v 0.6797 0.1133 0.0137 0.44921875 0.453125 0.4296875
v 0.6860 0.0860 0.0128 0.53515625 0.5234375 0.50390625
v 0.6924 0.0605 0.0128 0.41796875 0.44140625 0.39453125
v 0.6997 0.0304 0.0128 0.35546875 0.36328125 0.3203125
v 0.7070 0.0013 0.0073 0.26953125 0.2734375 0.25
v 0.7142 -0.0269 0.0091 0.3515625 0.37109375 0.34765625
v 0.7206 -0.0569 0.0082 0.23828125 0.26171875 0.24609375
v 0.7279 -0.0860 0.0064 0.22265625 0.2265625 0.234375
v 0.7343 -0.1124 0.0046 0.23046875 0.23046875 0.23046875
v 0.7406 -0.1388 0.0046 0.21875 0.22265625 0.19140625
v 0.7479 -0.1670 0.0028 0.2265625 0.234375 0.23046875
v 0.7543 -0.1953 0.0019 0.35546875 0.375 0.34765625
v 0.7616 -0.2244 -0.0009 0.36328125 0.34765625 0.3359375
v 0.7688 -0.2517 0.0010 0.26953125 0.2734375 0.25
v 0.6742 0.2871 0.0091 0.35546875 0.359375 0.3359375
v 0.6815 0.2607 0.0073 0.41796875 0.421875 0.3515625
v 0.6878 0.2334 0.0055 0.37890625 0.40234375 0.35546875
v 0.6951 0.2043 0.0028 0.38671875 0.40234375 0.34765625
v 0.7015 0.1761 0.0037 0.4140625 0.41796875 0.38671875
v 0.7088 0.1488 0.0000 0.421875 0.421875 0.375
v 0.7161 0.1178 0.0010 0.4140625 0.421875 0.37890625
v 0.7224 0.0896 0.0000 0.4375 0.44921875 0.4140625
v 0.7297 0.0614 -0.0045 0.40625 0.40234375 0.3828125
v 0.7361 0.0341 -0.0036 0.2890625 0.3046875 0.25
v 0.7434 0.0050 -0.0045 0.3125 0.33203125 0.30859375
v 0.7488 -0.0205 -0.0072 0.32421875 0.34375 0.3203125
v 0.7561 -0.0496 -0.0063 0.23828125 0.23828125 0.23828125
v 0.7643 -0.0806 -0.0100 0.25390625 0.25390625 0.24609375
v 0.7697 -0.1061 -0.0100 0.2265625 0.234375 0.21484375
v 0.7770 -0.1343 -0.0109 0.19921875 0.21484375 0.21875
v 0.7843 -0.1652 -0.0136 0.27734375 0.28515625 0.28125
v 0.7916 -0.1934 -0.0109 0.34375 0.33984375 0.3203125
v 0.7980 -0.2198 -0.0145 0.1484375 0.15234375 0.12890625
v 0.8052 -0.2508 -0.0182 0.2421875 0.26171875 0.23828125
v 0.7024 0.3199 -0.0063 0.23828125 0.2421875 0.21875
v 0.7097 0.2907 -0.0063 0.42578125 0.4375 0.37109375
v 0.7161 0.2625 -0.0054 0.390625 0.421875 0.37109375
v 0.7233 0.2334 -0.0081 0.43359375 0.4453125 0.40234375
v 0.7306 0.2034 -0.0100 0.46484375 0.46484375 0.42578125
v 0.7379 0.1752 -0.0100 0.48828125 0.5 0.45703125
v 0.7443 0.1488 -0.0109 0.4921875 0.515625 0.4765625
v 0.7506 0.1215 -0.0118 0.4296875 0.43359375 0.40234375
v 0.7570 0.0932 -0.0145 0.30859375 0.30078125 0.25
v 0.7643 0.0641 -0.0145 0.3046875 0.328125 0.28125
v 0.7716 0.0359 -0.0182 0.390625 0.41015625 0.39453125
v 0.7779 0.0077 -0.0182 0.27734375 0.2734375 0.2578125
v 0.7852 -0.0196 -0.0200 0.20703125 0.203125 0.1953125
v 0.7925 -0.0496 -0.0218 0.28125 0.28515625 0.26171875
v 0.7998 -0.0797 -0.0236 0.23046875 0.25390625 0.21484375
v 0.8062 -0.1061 -0.0236 0.32421875 0.34375 0.3203125
v 0.8134 -0.1352 -0.0245 0.203125 0.20703125 0.21484375
v 0.8198 -0.1625 -0.0236 0.2265625 0.2265625 0.21875
v 0.8262 -0.1916 -0.0263 0.2578125 0.265625 0.25390625
v 0.7242 0.3481 -0.0118 0.35546875 0.38671875 0.3359375
v 0.7306 0.3217 -0.0145 0.40234375 0.41796875 0.3515625
v 0.7370 0.2953 -0.0145 0.40234375 0.4140625 0.37890625
v 0.7443 0.2671 -0.0145 0.47265625 0.453125 0.44140625
v 0.7515 0.2361 -0.0191 0.328125 0.328125 0.28125
v 0.7579 0.2106 -0.0200 0.40625 0.4296875 0.390625
v 0.7643 0.1833 -0.0200 0.53515625 0.56640625 0.5078125
v 0.7716 0.1533 -0.0209 0.453125 0.453125 0.421875
v 0.7789 0.1251 -0.0227 0.32421875 0.3125 0.28515625
v 0.7925 0.0678 -0.0273 0.23828125 0.26953125 0.21875
v 0.7998 0.0386 -0.0282 0.25 0.25390625 0.26171875
v 0.8262 -0.0706 -0.0327 0.29296875 0.3125 0.2890625
v 0.7497 0.3708 -0.0245 0.29296875 0.31640625 0.27734375
v 0.7570 0.3435 -0.0236 0.55859375 0.57421875 0.5078125
v 0.7634 0.3162 -0.0245 0.44140625 0.44140625 0.41015625
v 0.7707 0.2862 -0.0245 0.49609375 0.49609375 0.45703125
v 0.7770 0.2580 -0.0273 0.328125 0.33984375 0.2734375
v 0.7843 0.2288 -0.0282 0.37109375 0.38671875 0.328125
v 0.7916 0.2006 -0.0300 0.421875 0.4453125 0.40625
v 0.7980 0.1724 -0.0345 0.42578125 0.421875 0.40625
v 0.8043 0.1460 -0.0318 0.375 0.35546875 0.33203125
v 0.8180 0.0896 -0.0345 0.3125 0.33984375 0.3125
v 0.8253 0.0623 -0.0354 0.2578125 0.27734375 0.26171875
v 0.8316 0.0341 -0.0364 0.26171875 0.26171875 0.25390625
v 0.7789 0.4127 -0.0345 0.3671875 0.39453125 0.33203125
v 0.7861 0.3817 -0.0345 0.4609375 0.50390625 0.44140625
v 0.7934 0.3544 -0.0373 0.34375 0.36328125 0.34765625
v 0.7998 0.3271 -0.0364 0.40234375 0.39453125 0.34765625
v 0.8071 0.2989 -0.0400 0.5390625 0.53125 0.47265625
v 0.8134 0.2698 -0.0391 0.4765625 0.5078125 0.42578125
v 0.8198 0.2434 -0.0409 0.375 0.4140625 0.37890625
v 0.8271 0.2161 -0.0427 0.36328125 0.3828125 0.359375
v 0.8271 0.3826 -0.0500 0.5390625 0.54296875 0.51953125
v 0.4530 -0.0178 0.1065 0.42578125 0.44921875 0.39453125
v 0.4585 0.0059 0.0965 0.26171875 0.28125 0.2578125
v 0.4658 0.0341 0.0956 0.2734375 0.28125 0.26953125
v 0.4831 -0.0205 0.0983 0.4375 0.45703125 0.3671875
v 0.4894 0.0059 0.0865 0.4453125 0.46484375 0.38671875
v 0.4958 0.0350 0.0838 0.42578125 0.4296875 0.40625
v 0.5022 0.0605 0.0792 0.29296875 0.3125 0.2890625
v 0.5095 0.0887 0.0801 0.32421875 0.328125 0.3046875
v 0.5004 -0.0587 0.0938 0.1875 0.234375 0.234375
v 0.5140 -0.0060 0.1011 0.4140625 0.44140625 0.37890625
v 0.5204 0.0213 0.0765 0.4453125 0.453125 0.40234375
v 0.5268 0.0486 0.0719 0.484375 0.48828125 0.43359375
v 0.5331 0.0760 0.0683 0.4453125 0.44921875 0.38671875
v 0.5404 0.1051 0.0628 0.3125 0.32421875 0.2890625
v 0.5477 0.1342 0.0619 0.296875 0.32421875 0.296875
v 0.5322 -0.0806 0.0829 0.1171875 0.1171875 0.125
v 0.5386 -0.0542 0.0701 0.0625 0.08203125 0.09765625
v 0.5459 -0.0251 0.0729 0.1171875 0.12890625 0.15625
v 0.5513 -0.0005 0.0628 0.10546875 0.1328125 0.15625
v 0.5577 0.0250 0.0628 0.078125 0.09765625 0.11328125
v 0.5650 0.0550 0.0583 0.15625 0.15625 0.1640625
v 0.5723 0.0832 0.0537 0.44140625 0.4375 0.41796875
v 0.5777 0.1078 0.0519 0.51953125 0.546875 0.484375
v 0.5850 0.1378 0.0474 0.47265625 0.48828125 0.421875
v 0.5923 0.1670 0.0419 0.36328125 0.375 0.34765625
v 0.5987 0.1934 0.0437 0.2578125 0.28125 0.2421875
v 0.5623 -0.1124 0.0729 0.5390625 0.5390625 0.4921875
v 0.5686 -0.0870 0.0647 0.5859375 0.625 0.58984375
v 0.5750 -0.0596 0.0601 0.4609375 0.4765625 0.41015625
v 0.5823 -0.0296 0.0547 0.4296875 0.44140625 0.40625
v 0.5886 -0.0041 0.0519 0.29296875 0.3046875 0.26171875
v 0.5950 0.0223 0.0483 0.1796875 0.21484375 0.1953125
v 0.6023 0.0523 0.0419 0.109375 0.125 0.12109375
v 0.6087 0.0814 0.0383 0.140625 0.171875 0.12890625
v 0.6150 0.1060 0.0355 0.37109375 0.35546875 0.30859375
v 0.6223 0.1351 0.0328 0.515625 0.50390625 0.46875
v 0.6287 0.1633 0.0310 0.359375 0.39453125 0.3203125
v 0.6351 0.1897 0.0283 0.51953125 0.51953125 0.47265625
v 0.6414 0.2161 0.0237 0.40234375 0.4375 0.36328125
v 0.6487 0.2443 0.0201 0.2578125 0.27734375 0.26171875
v 0.6551 0.2698 0.0219 0.2734375 0.296875 0.2578125
v 0.5832 -0.1288 0.0692 0.453125 0.47265625 0.38671875
v 0.5896 -0.1033 0.0565 0.3984375 0.4140625 0.34765625
v 0.5959 -0.0742 0.0492 0.5390625 0.53125 0.484375
v 0.6032 -0.0451 0.0465 0.53125 0.5390625 0.48828125
v 0.6096 -0.0205 0.0428 0.41015625 0.3984375 0.37109375
v 0.6159 0.0086 0.0410 0.33203125 0.33984375 0.3203125
v 0.6223 0.0350 0.0374 0.3671875 0.41796875 0.37890625
v 0.6296 0.0632 0.0337 0.34765625 0.3828125 0.31640625
v 0.6360 0.0887 0.0310 0.359375 0.40234375 0.34765625
v 0.6423 0.1169 0.0283 0.39453125 0.42578125 0.3828125
v 0.6487 0.1442 0.0219 0.4453125 0.4609375 0.40625
v 0.6551 0.1688 0.0201 0.3984375 0.4140625 0.359375
v 0.6614 0.1979 0.0155 0.359375 0.34765625 0.328125
v 0.6687 0.2252 0.0128 0.51953125 0.51171875 0.453125
v 0.6751 0.2498 0.0091 0.48046875 0.484375 0.421875
v 0.6815 0.2789 0.0064 0.46484375 0.46484375 0.41796875
v 0.6878 0.3062 -0.0018 0.375 0.38671875 0.3515625
v 0.6068 -0.1370 0.0574 0.30859375 0.33984375 0.2890625
v 0.6196 -0.0842 0.0446 0.63671875 0.6328125 0.5546875
v 0.6260 -0.0569 0.0419 0.40234375 0.40625 0.34375
v 0.6323 -0.0323 0.0365 0.37890625 0.37890625 0.33984375
v 0.6387 -0.0060 0.0328 0.55859375 0.53515625 0.47265625
v 0.6451 0.0223 0.0301 0.375 0.36328125 0.328125
v 0.6523 0.0496 0.0264 0.4140625 0.38671875 0.35546875
v 0.6578 0.0760 0.0228 0.44140625 0.44140625 0.41015625
v 0.6651 0.1042 0.0173 0.328125 0.33984375 0.3046875
v 0.6715 0.1324 0.0146 0.38671875 0.41796875 0.359375
v 0.6778 0.1579 0.0128 0.33984375 0.37109375 0.328125
v 0.6851 0.1861 0.0082 0.46875 0.484375 0.41796875
v 0.6915 0.2143 0.0037 0.375 0.3984375 0.3515625
v 0.6979 0.2407 0.0019 0.5078125 0.53125 0.4765625
v 0.7042 0.2671 -0.0009 0.546875 0.55859375 0.4921875
v 0.7115 0.2962 -0.0054 0.42578125 0.4375 0.37109375
v 0.7179 0.3235 -0.0100 0.4140625 0.41796875 0.36328125
v 0.7242 0.3517 -0.0081 0.35546875 0.38671875 0.3359375
v 0.6314 -0.1534 0.0483 0.359375 0.3828125 0.34375
v 0.6378 -0.1261 0.0392 0.34765625 0.35546875 0.3125
v 0.6451 -0.0970 0.0365 0.30078125 0.33984375 0.3046875
v 0.6514 -0.0715 0.0328 0.45703125 0.50390625 0.46484375
v 0.6578 -0.0451 0.0301 0.328125 0.37109375 0.31640625
v 0.6651 -0.0151 0.0246 0.46875 0.48046875 0.4375
v 0.6715 0.0095 0.0228 0.453125 0.4765625 0.421875
v 0.6778 0.0377 0.0210 0.4140625 0.421875 0.41015625
v 0.6851 0.0678 0.0164 0.40625 0.41796875 0.390625
v 0.6915 0.0932 0.0110 0.38671875 0.390625 0.359375
v 0.6969 0.1178 0.0055 0.39453125 0.39453125 0.36328125
v 0.7051 0.1488 0.0055 0.3671875 0.3671875 0.3359375
v 0.7115 0.1770 -0.0009 0.4765625 0.48046875 0.44921875
v 0.7188 0.2043 -0.0045 0.37890625 0.3828125 0.359375
v 0.7252 0.2325 -0.0091 0.51953125 0.52734375 0.4765625
v 0.7324 0.2616 -0.0118 0.37890625 0.390625 0.36328125
v 0.7379 0.2862 -0.0127 0.37890625 0.3828125 0.359375
v 0.7443 0.3135 -0.0163 0.49609375 0.51953125 0.46484375
v 0.7515 0.3417 -0.0200 0.375 0.41015625 0.34375
v 0.7579 0.3681 -0.0254 0.4921875 0.515625 0.4609375
v 0.7652 0.3963 -0.0282 0.3125 0.3359375 0.296875
v 0.6587 -0.1652 0.0337 0.28125 0.28515625 0.25390625
v 0.6660 -0.1361 0.0283 0.3828125 0.37890625 0.359375
v 0.6724 -0.1088 0.0264 0.328125 0.31640625 0.28125
v 0.6797 -0.0806 0.0237 0.4296875 0.4140625 0.37890625
v 0.6860 -0.0533 0.0201 0.43359375 0.42578125 0.37890625
v 0.6924 -0.0251 0.0155 0.37890625 0.3828125 0.359375
v 0.6988 0.0004 0.0110 0.40625 0.41015625 0.37890625
v 0.7051 0.0268 0.0082 0.35546875 0.36328125 0.3203125
v 0.7124 0.0568 0.0046 0.36328125 0.36328125 0.31640625
v 0.7197 0.0851 -0.0009 0.31640625 0.32421875 0.3046875
v 0.7261 0.1124 -0.0009 0.3671875 0.37890625 0.34375
v 0.7333 0.1406 -0.0091 0.40234375 0.42578125 0.38671875
v 0.7397 0.1688 -0.0118 0.44921875 0.46484375 0.41015625
v 0.7452 0.1934 -0.0136 0.3828125 0.38671875 0.35546875
v 0.7525 0.2197 -0.0191 0.5 0.5078125 0.46484375
v 0.7588 0.2498 -0.0209 0.56640625 0.55859375 0.5078125
v 0.7661 0.2771 -0.0227 0.34765625 0.34375 0.32421875
v 0.7725 0.3026 -0.0254 0.5234375 0.5078125 0.4609375
v 0.7798 0.3326 -0.0327 0.3984375 0.37890625 0.39453125
v 0.7861 0.3617 -0.0336 0.5078125 0.5390625 0.48828125
v 0.7925 0.3872 -0.0373 0.52734375 0.5625 0.49609375
v 0.7998 0.4154 -0.0427 0.4609375 0.49609375 0.4296875
v 0.8062 0.4445 -0.0445 0.3359375 0.33203125 0.31640625
v 0.8125 0.4700 -0.0445 0.28515625 0.28515625 0.29296875
v 0.6742 -0.1880 0.0365 0.23046875 0.25 0.234375
v 0.6806 -0.1616 0.0255 0.2734375 0.29296875 0.27734375
v 0.6869 -0.1334 0.0201 0.23046875 0.234375 0.2421875
v 0.6942 -0.1061 0.0164 0.2421875 0.24609375 0.21484375
v 0.7006 -0.0779 0.0164 0.3515625 0.35546875 0.33203125
v 0.7079 -0.0487 0.0128 0.29296875 0.31640625 0.30078125
v 0.7142 -0.0214 0.0064 0.2734375 0.28515625 0.2578125
v 0.7206 0.0041 0.0028 0.2734375 0.28515625 0.2578125
v 0.7279 0.0332 0.0019 0.375 0.38671875 0.3515625
v 0.7333 0.0587 -0.0009 0.2890625 0.296875 0.25390625
v 0.7406 0.0869 -0.0045 0.35546875 0.3515625 0.33203125
v 0.7479 0.1160 -0.0100 0.4296875 0.43359375 0.40234375
v 0.7543 0.1424 -0.0127 0.41015625 0.421875 0.38671875
v 0.7606 0.1688 -0.0154 0.4921875 0.515625 0.4765625
v 0.7679 0.1979 -0.0200 0.4375 0.4765625 0.43359375
v 0.7743 0.2270 -0.0236 0.28125 0.2890625 0.24609375
v 0.7807 0.2525 -0.0273 0.4609375 0.48046875 0.40234375
v 0.7943 0.3089 -0.0336 0.34375 0.328125 0.29296875
v 0.8007 0.3353 -0.0400 0.55859375 0.55859375 0.51953125
v 0.8071 0.3626 -0.0418 0.484375 0.4921875 0.44921875
v 0.8143 0.3899 -0.0464 0.36328125 0.390625 0.328125
v 0.8198 0.4163 -0.0464 0.5078125 0.53515625 0.46484375
v 0.8262 0.4409 -0.0564 0.51171875 0.52734375 0.4609375
v 0.6924 -0.1862 0.0255 0.34375 0.33984375 0.33203125
v 0.6997 -0.1570 0.0182 0.1953125 0.21484375 0.19921875
v 0.7060 -0.1306 0.0137 0.21484375 0.23046875 0.2265625
v 0.7115 -0.1061 0.0110 0.32421875 0.34375 0.328125
v 0.7188 -0.0788 0.0091 0.25 0.265625 0.26171875
v 0.7261 -0.0487 0.0037 0.23046875 0.23828125 0.21875
v 0.7324 -0.0223 0.0000 0.30859375 0.33203125 0.29296875
v 0.7388 0.0041 -0.0054 0.28515625 0.3125 0.28515625
v 0.7461 0.0341 -0.0054 0.38671875 0.40234375 0.34375
v 0.7525 0.0614 -0.0100 0.41796875 0.42578125 0.37109375
v 0.7652 0.1160 -0.0163 0.4609375 0.4609375 0.421875
v 0.7789 0.1697 -0.0245 0.375 0.359375 0.34765625
v 0.7852 0.1988 -0.0291 0.38671875 0.41796875 0.3671875
v 0.7916 0.2252 -0.0327 0.375 0.3984375 0.34375
v 0.7980 0.2507 -0.0364 0.27734375 0.30859375 0.2578125
v 0.8043 0.2771 -0.0382 0.36328125 0.3828125 0.3046875
v 0.8116 0.3053 -0.0418 0.5390625 0.53125 0.47265625
v 0.8180 0.3335 -0.0427 0.46484375 0.44921875 0.40625
v 0.8244 0.3590 -0.0473 0.58984375 0.5703125 0.5546875
v 0.8307 0.3881 -0.0491 0.359375 0.37109375 0.3359375
v 0.7170 -0.2153 0.0173 0.2578125 0.2734375 0.28515625
v 0.7242 -0.1871 0.0091 0.24609375 0.2734375 0.24609375
v 0.7306 -0.1625 0.0082 0.296875 0.3046875 0.28515625
v 0.7370 -0.1334 0.0037 0.21875 0.22265625 0.19140625
v 0.7443 -0.1024 0.0010 0.26171875 0.2578125 0.25
v 0.7506 -0.0779 -0.0027 0.26171875 0.2578125 0.2421875
v 0.7570 -0.0505 -0.0081 0.23828125 0.23828125 0.23828125
v 0.7643 -0.0205 -0.0091 0.359375 0.3515625 0.35546875
v 0.7707 0.0059 -0.0127 0.34375 0.328125 0.31640625
v 0.7770 0.0314 -0.0200 0.3203125 0.328125 0.31640625
v 0.7898 0.0869 -0.0254 0.26953125 0.31640625 0.23828125
v 0.7961 0.1114 -0.0254 0.33984375 0.34375 0.3125
v 0.8034 0.1397 -0.0327 0.484375 0.46484375 0.44140625
v 0.8098 0.1688 -0.0345 0.28125 0.26953125 0.2421875
v 0.8162 0.1934 -0.0382 0.46484375 0.46875 0.4453125
v 0.8225 0.2207 -0.0418 0.44140625 0.4609375 0.4375
v 0.8298 0.2507 -0.0418 0.3359375 0.375 0.33203125
v 0.7406 -0.2499 0.0164 0.26953125 0.27734375 0.2578125
v 0.7470 -0.2226 0.0055 0.3828125 0.390625 0.34765625
v 0.7606 -0.1679 -0.0036 0.21875 0.2265625 0.21484375
v 0.7943 -0.0305 -0.0209 0.34375 0.33984375 0.32421875
v 0.8007 -0.0041 -0.0236 0.24609375 0.23828125 0.25
v 0.8062 0.0204 -0.0254 0.25390625 0.25 0.26953125
v 0.8134 0.0505 -0.0318 0.2578125 0.265625 0.26171875
v 0.8198 0.0778 -0.0336 0.30078125 0.32421875 0.32421875
v 0.8262 0.1023 -0.0382 0.20703125 0.234375 0.203125
v 0.7652 -0.2435 -0.0018 0.31640625 0.3125 0.29296875
v 0.7716 -0.2180 -0.0045 0.28515625 0.2734375 0.25390625
v 0.7779 -0.1916 -0.0081 0.375 0.37109375 0.36328125
v 0.7843 -0.1643 -0.0136 0.27734375 0.28515625 0.28125
v 0.7916 -0.1370 -0.0136 0.18359375 0.1875 0.203125
v 0.7971 -0.1106 -0.0209 0.28515625 0.3046875 0.2890625
v 0.8043 -0.0824 -0.0227 0.23046875 0.25390625 0.21484375
v 0.8107 -0.0551 -0.0245 0.28515625 0.29296875 0.28125
v 0.8171 -0.0287 -0.0327 0.2578125 0.26171875 0.2421875
v 0.8234 -0.0032 -0.0364 0.1484375 0.1484375 0.140625
v 0.8307 0.0277 -0.0382 0.25 0.25 0.2421875
v 0.7852 -0.2617 -0.0063 0.3046875 0.32421875 0.296875
v 0.7916 -0.2344 -0.0118 0.28125 0.29296875 0.2578125
v 0.7980 -0.2080 -0.0154 0.20703125 0.2109375 0.1875
v 0.8043 -0.1807 -0.0182 0.16796875 0.16796875 0.16015625
v 0.8116 -0.1516 -0.0218 0.30078125 0.30078125 0.30078125
v 0.8180 -0.1261 -0.0218 0.20703125 0.20703125 0.19921875
v 0.8244 -0.0979 -0.0282 0.2421875 0.25 0.23828125
v 0.8316 -0.0688 -0.0327 0.29296875 0.3125 0.2890625
v 0.8143 -0.2835 -0.0145 0.06640625 0.078125 0.09765625
v 0.8207 -0.2571 -0.0209 0.171875 0.19140625 0.203125
v 0.8271 -0.2289 -0.0236 0.1640625 0.18359375 0.1953125
v 0.9363 -0.0678 -0.0737 0.11328125 0.12890625 0.1328125
v 0.9436 -0.0970 -0.0737 0.24609375 0.25390625 0.2421875
v 0.9499 -0.1234 -0.0755 0.29296875 0.30078125 0.296875
v 0.9563 -0.1516 -0.0791 0.12890625 0.13671875 0.1328125
v 0.9636 -0.1789 -0.0791 0.19140625 0.19921875 0.1875
v 0.9700 -0.2071 -0.0791 0.09765625 0.1171875 0.1015625
v 0.9772 -0.2362 -0.0819 0.19140625 0.19921875 0.1953125
v 0.8344 0.4828 -0.0536 0.36328125 0.37109375 0.328125
v 0.8407 0.4545 -0.0573 0.52734375 0.54296875 0.48828125
v 0.8480 0.4245 -0.0627 0.3671875 0.390625 0.34375
v 0.8544 0.3981 -0.0609 0.5078125 0.51171875 0.48828125
v 0.8617 0.3717 -0.0618 0.515625 0.5 0.46484375
v 0.8689 0.3417 -0.0637 0.51953125 0.5234375 0.4921875
v 0.8753 0.3144 -0.0646 0.4609375 0.4921875 0.44921875
v 0.8817 0.2862 -0.0664 0.37890625 0.390625 0.35546875
v 0.8890 0.2571 -0.0655 0.3515625 0.33984375 0.3203125
v 0.8963 0.2288 -0.0700 0.40234375 0.3984375 0.37890625
v 0.9026 0.2025 -0.0700 0.26953125 0.27734375 0.265625
v 0.9090 0.1733 -0.0709 0.23828125 0.2578125 0.23046875
v 0.9163 0.1433 -0.0718 0.265625 0.2734375 0.26953125
v 0.9236 0.1160 -0.0728 0.27734375 0.27734375 0.26953125
v 0.9308 0.0869 -0.0746 0.296875 0.296875 0.3046875
v 0.9381 0.0559 -0.0764 0.31640625 0.3359375 0.3125
v 0.9445 0.0295 -0.0800 0.12890625 0.12890625 0.13671875
v 0.9509 0.0041 -0.0800 0.1640625 0.15625 0.16796875
v 0.8662 0.4800 -0.0700 0.40625 0.41796875 0.34375
v 0.8735 0.4518 -0.0700 0.546875 0.578125 0.51953125
v 0.8799 0.4245 -0.0755 0.41015625 0.41796875 0.40625
v 0.8871 0.3954 -0.0755 0.57421875 0.5625 0.53515625
v 0.8935 0.3672 -0.0737 0.3671875 0.375 0.3203125
v 0.8999 0.3399 -0.0764 0.35546875 0.3828125 0.3203125
v 0.9072 0.3117 -0.0764 0.21484375 0.234375 0.24609375
v 0.9145 0.2825 -0.0800 0.27734375 0.2734375 0.29296875
v 0.9217 0.2543 -0.0819 0.1015625 0.09375 0.10546875
v 0.8398 0.4982 -0.0555 0.26953125 0.26953125 0.23046875
v 0.8444 0.4418 -0.0573 0.53125 0.5546875 0.5
v 0.8507 0.4691 -0.0627 0.40234375 0.41796875 0.36328125
v 0.8580 0.4982 -0.0655 0.515625 0.51953125 0.45703125
v 0.8562 0.3590 -0.0618 0.49609375 0.48828125 0.44140625
v 0.8617 0.3836 -0.0618 0.3515625 0.33984375 0.3046875
v 0.8689 0.4145 -0.0655 0.375 0.37890625 0.35546875
v 0.8762 0.4418 -0.0746 0.4453125 0.4765625 0.43359375
v 0.8826 0.4691 -0.0737 0.390625 0.421875 0.37109375
v 0.8899 0.4982 -0.0800 0.07421875 0.07421875 0.07421875
v 0.8726 0.2944 -0.0627 0.4765625 0.50390625 0.47265625
v 0.8799 0.3244 -0.0646 0.24609375 0.27734375 0.21875
v 0.8871 0.3535 -0.0700 0.45703125 0.46484375 0.4140625
v 0.8926 0.3790 -0.0746 0.3984375 0.3984375 0.3671875
v 0.8999 0.4090 -0.0782 0.1640625 0.14453125 0.16796875
v 0.8844 0.2480 -0.0646 0.31640625 0.30078125 0.296875
v 0.8908 0.2753 -0.0691 0.3515625 0.359375 0.31640625
v 0.8972 0.3035 -0.0718 0.3515625 0.375 0.328125
v 0.9035 0.3290 -0.0746 0.3984375 0.421875 0.3671875
v 0.8908 0.1779 -0.0618 0.21484375 0.22265625 0.21875
v 0.8972 0.2052 -0.0700 0.23828125 0.24609375 0.2265625
v 0.9044 0.2316 -0.0709 0.4296875 0.43359375 0.41015625
v 0.9108 0.2598 -0.0755 0.296875 0.28125 0.28515625
v 0.9172 0.2871 -0.0837 0.078125 0.07421875 0.10546875
v 0.9072 0.0987 -0.0673 0.29296875 0.2890625 0.2734375
v 0.9145 0.1287 -0.0709 0.26171875 0.26953125 0.2578125
v 0.9208 0.1569 -0.0746 0.22265625 0.23828125 0.234375
v 0.9254 0.0250 -0.0728 0.25390625 0.26171875 0.2421875
v 0.9390 0.0796 -0.0809 0.1953125 0.1953125 0.203125
v 0.9399 -0.0305 -0.0746 0.328125 0.328125 0.3203125
v 0.9463 -0.0032 -0.0764 0.1640625 0.15625 0.16796875
v 0.9627 -0.1880 -0.0773 0.2578125 0.265625 0.24609375
v 0.9691 -0.1607 -0.0800 0.1015625 0.10546875 0.11328125
v 0.9791 -0.2781 -0.0828 0.15234375 0.16015625 0.140625
v 0.8598 0.5082 -0.0673 0.33203125 0.33984375 0.296875
v 0.8644 0.5237 -0.0673 0.41015625 0.4140625 0.390625
v 0.8708 0.5510 -0.0673 0.06640625 0.0625 0.08203125
v -0.5817 0.4427 -0.0709 0.49609375 0.47265625 0.41796875
v -0.5462 0.4336 -0.0564 0.15234375 0.1484375 0.16796875
v -0.5399 0.4063 -0.0573 0.46484375 0.46484375 0.43359375
v -0.5180 0.4573 -0.0482 0.26953125 0.27734375 0.2578125
v -0.5116 0.4309 -0.0373 0.22265625 0.22265625 0.22265625
v -0.5053 0.4036 -0.0473 0.203125 0.1953125 0.19921875
v -0.4980 0.3745 -0.0418 0.38671875 0.375 0.35546875
v -0.4953 0.4555 -0.0500 0.29296875 0.30078125 0.28125
v -0.4880 0.4282 -0.0318 0.25390625 0.25390625 0.25390625
v -0.4816 0.3981 -0.0300 0.1484375 0.1484375 0.1484375
v -0.4725 0.4518 -0.0482 0.30859375 0.31640625 0.3046875
v -0.4661 0.4263 -0.0382 0.27734375 0.27734375 0.27734375
v -0.4598 0.4009 -0.0218 0.234375 0.234375 0.234375
v -0.4534 0.3726 -0.0245 0.09375 0.09375 0.1015625
v -0.4461 0.3444 -0.0273 0.26953125 0.265625 0.25
v -0.4407 0.4591 -0.0500 0.2734375 0.2734375 0.2734375
v -0.4343 0.4309 -0.0400 0.26171875 0.26953125 0.265625
v -0.4288 0.4072 -0.0300 0.140625 0.1484375 0.14453125
v -0.4225 0.3808 -0.0127 0.16796875 0.16796875 0.17578125
v -0.4152 0.3526 -0.0109 0.12890625 0.125 0.14453125
v -0.4088 0.3253 -0.0154 0.109375 0.109375 0.1015625
v -0.4097 0.4618 -0.0500 0.26171875 0.26171875 0.26953125
v -0.4024 0.4336 -0.0400 0.22265625 0.23046875 0.2265625
v -0.3970 0.4081 -0.0309 0.19140625 0.19921875 0.1875
v -0.3897 0.3808 -0.0163 0.12890625 0.1328125 0.140625
v -0.3833 0.3526 -0.0054 0.17578125 0.1796875 0.1875
v -0.3770 0.3271 0.0073 0.18359375 0.1875 0.1953125
v -0.3706 0.2998 -0.0045 0.11328125 0.109375 0.1015625
v -0.3815 0.4491 -0.0427 0.15234375 0.16015625 0.15625
v -0.3742 0.4200 -0.0318 0.15234375 0.16015625 0.15625
v -0.3679 0.3918 -0.0209 0.19140625 0.19140625 0.19140625
v -0.3615 0.3654 -0.0100 0.22265625 0.22265625 0.22265625
v -0.3551 0.3381 0.0019 0.24609375 0.25390625 0.25
v -0.3487 0.3108 0.0146 0.2890625 0.2890625 0.28125
v -0.3424 0.2844 0.0064 0.12109375 0.12109375 0.11328125
v -0.3360 0.2571 0.0091 0.359375 0.359375 0.359375
v -0.3551 0.4436 -0.0400 0.1796875 0.1875 0.18359375
v -0.3487 0.4172 -0.0291 0.1875 0.1875 0.1796875
v -0.3424 0.3927 -0.0200 0.16796875 0.16796875 0.16015625
v -0.3351 0.3635 -0.0100 0.24609375 0.24609375 0.23828125
v -0.3287 0.3371 0.0010 0.27734375 0.27734375 0.26953125
v -0.3233 0.3117 0.0119 0.26171875 0.26953125 0.2578125
v -0.3160 0.2835 0.0255 0.25 0.25390625 0.26953125
v -0.3096 0.2534 0.0192 0.11328125 0.109375 0.12890625
v -0.3251 0.4609 -0.0473 0.1953125 0.1953125 0.1875
v -0.3187 0.4318 -0.0364 0.234375 0.234375 0.2265625
v -0.3123 0.4054 -0.0282 0.23828125 0.23828125 0.23046875
v -0.2996 0.3517 -0.0063 0.296875 0.29296875 0.28515625
v -0.2932 0.3253 0.0010 0.19140625 0.19140625 0.18359375
v -0.2869 0.2998 0.0155 0.14453125 0.15234375 0.1484375
v -0.2805 0.2707 0.0283 0.16015625 0.1640625 0.1796875
v -0.2741 0.2452 0.0392 0.15234375 0.15625 0.1640625
v -0.2677 0.2197 0.0346 0.07421875 0.078125 0.0859375
v -0.2650 0.3499 -0.0027 0.21875 0.21875 0.2109375
v -0.2596 0.3244 0.0055 0.203125 0.203125 0.2109375
v -0.2532 0.2998 0.0164 0.15234375 0.14453125 0.1640625
v -0.2459 0.2707 0.0274 0.171875 0.171875 0.1640625
v -0.2404 0.2452 0.0383 0.15234375 0.16015625 0.15625
v -0.2341 0.2197 0.0528 0.203125 0.2109375 0.20703125
v -0.2268 0.1906 0.0465 0.125 0.12890625 0.14453125
v -0.2659 0.4473 -0.0382 0.2890625 0.28515625 0.27734375
v -0.2596 0.4200 -0.0300 0.3203125 0.31640625 0.30859375
v -0.2523 0.3918 -0.0200 0.2734375 0.2734375 0.265625
v -0.2468 0.3672 -0.0063 0.21875 0.21875 0.2109375
v -0.2404 0.3417 0.0028 0.16015625 0.16015625 0.16015625
v -0.2332 0.3117 0.0101 0.140625 0.140625 0.1484375
v -0.2277 0.2880 0.0228 0.203125 0.2109375 0.20703125
v -0.2213 0.2607 0.0301 0.20703125 0.21484375 0.2109375
v -0.2140 0.2316 0.0437 0.20703125 0.21484375 0.2109375
v -0.2077 0.2070 0.0610 0.21484375 0.23046875 0.2265625
v -0.2022 0.1815 0.0601 0.20703125 0.21484375 0.1953125
v -0.2404 0.4473 -0.0373 0.2890625 0.28515625 0.27734375
v -0.2341 0.4218 -0.0273 0.30078125 0.3046875 0.28515625
v -0.2277 0.3954 -0.0163 0.26953125 0.26953125 0.26953125
v -0.2213 0.3663 -0.0072 0.22265625 0.22265625 0.22265625
v -0.2150 0.3408 0.0028 0.19140625 0.19921875 0.1953125
v -0.2095 0.3153 0.0155 0.203125 0.2109375 0.20703125
v -0.2022 0.2871 0.0246 0.18359375 0.18359375 0.18359375
v -0.1958 0.2598 0.0346 0.16796875 0.16796875 0.16796875
v -0.1886 0.2325 0.0437 0.2265625 0.2265625 0.2265625
v -0.1822 0.2052 0.0574 0.26953125 0.26953125 0.26171875
v -0.1758 0.1770 0.0701 0.30078125 0.30078125 0.26953125
v -0.1695 0.1506 0.0628 0.1640625 0.15625 0.17578125
v -0.2113 0.4536 -0.0354 0.3125 0.31640625 0.296875
v -0.2049 0.4245 -0.0291 0.26953125 0.2734375 0.25390625
v -0.1986 0.3990 -0.0182 0.2421875 0.2421875 0.234375
v -0.1913 0.3699 -0.0072 0.27734375 0.27734375 0.27734375
v -0.1849 0.3417 0.0037 0.22265625 0.22265625 0.22265625
v -0.1795 0.3180 0.0119 0.1875 0.1875 0.1875
v -0.1722 0.2916 0.0237 0.1796875 0.1796875 0.1796875
v -0.1658 0.2643 0.0337 0.2578125 0.2578125 0.25
v -0.1594 0.2370 0.0437 0.2734375 0.2734375 0.265625
v -0.1531 0.2097 0.0519 0.3046875 0.3046875 0.3046875
v -0.1467 0.1833 0.0656 0.3046875 0.30859375 0.2890625
v -0.1403 0.1579 0.0792 0.2890625 0.29296875 0.2734375
v -0.1340 0.1306 0.0820 0.265625 0.26953125 0.24609375
v -0.1786 0.4627 -0.0382 0.28125 0.28515625 0.265625
v -0.1731 0.4373 -0.0282 0.2421875 0.24609375 0.2265625
v -0.1667 0.4109 -0.0218 0.23046875 0.234375 0.21484375
v -0.1604 0.3854 -0.0100 0.19140625 0.19140625 0.18359375
v -0.1540 0.3563 -0.0018 0.19921875 0.19921875 0.19140625
v -0.1476 0.3299 0.0073 0.21875 0.21875 0.2109375
v -0.1412 0.3035 0.0192 0.26953125 0.26953125 0.26171875
v -0.1340 0.2753 0.0292 0.29296875 0.29296875 0.28515625
v -0.1276 0.2489 0.0392 0.32421875 0.328125 0.30859375
v -0.1212 0.2216 0.0501 0.29296875 0.296875 0.27734375
v -0.1148 0.1952 0.0592 0.2578125 0.2578125 0.25
v -0.1076 0.1670 0.0692 0.22265625 0.22265625 0.21484375
v -0.1021 0.1424 0.0829 0.21484375 0.22265625 0.203125
v -0.0957 0.1151 0.0983 0.31640625 0.3203125 0.30078125
v -0.1558 0.4727 -0.0427 0.21875 0.22265625 0.203125
v -0.1494 0.4482 -0.0336 0.2265625 0.23046875 0.2109375
v -0.1431 0.4191 -0.0245 0.23828125 0.2421875 0.22265625
v -0.1367 0.3908 -0.0100 0.2890625 0.29296875 0.2734375
v -0.1303 0.3654 -0.0027 0.26171875 0.265625 0.24609375
v -0.1240 0.3390 0.0082 0.28515625 0.28515625 0.27734375
v -0.1167 0.3089 0.0164 0.296875 0.296875 0.2890625
v -0.1112 0.2862 0.0292 0.3125 0.31640625 0.296875
v -0.1039 0.2580 0.0392 0.25 0.25390625 0.234375
v -0.0976 0.2307 0.0501 0.23046875 0.234375 0.21484375
v -0.0912 0.2052 0.0574 0.20703125 0.2109375 0.19140625
v -0.0857 0.1806 0.0665 0.30859375 0.30859375 0.30078125
v -0.0784 0.1533 0.0774 0.3203125 0.3203125 0.3125
v -0.0721 0.1260 0.0874 0.3046875 0.30859375 0.2890625
v -0.0666 0.1014 0.1020 0.3203125 0.3203125 0.3125
v -0.0593 0.0741 0.1065 0.25 0.25 0.2421875
v -0.1312 0.4764 -0.0427 0.28125 0.28515625 0.265625
v -0.1121 0.3954 -0.0127 0.234375 0.23828125 0.21875
v -0.1057 0.3681 -0.0018 0.28125 0.28515625 0.265625
v -0.0994 0.3426 0.0082 0.32421875 0.32421875 0.31640625
v -0.0930 0.3180 0.0164 0.26953125 0.2734375 0.25390625
v -0.0866 0.2916 0.0283 0.20703125 0.20703125 0.19921875
v -0.0803 0.2634 0.0365 0.18359375 0.18359375 0.17578125
v -0.0739 0.2379 0.0465 0.22265625 0.22265625 0.21484375
v -0.0675 0.2125 0.0583 0.26953125 0.2734375 0.25390625
v -0.0612 0.1843 0.0701 0.3046875 0.3046875 0.296875
v -0.0548 0.1579 0.0783 0.30078125 0.30859375 0.296875
v -0.0484 0.1315 0.0874 0.31640625 0.32421875 0.3046875
v -0.0411 0.1023 0.0974 0.32421875 0.33203125 0.3203125
v -0.0357 0.0787 0.1174 0.296875 0.3046875 0.29296875
v -0.0293 0.0514 0.1156 0.234375 0.2421875 0.23828125
v -0.1021 0.4764 -0.0445 0.30078125 0.3046875 0.28515625
v -0.0966 0.4500 -0.0318 0.2265625 0.2265625 0.21875
v -0.0894 0.4227 -0.0227 0.234375 0.23828125 0.21875
v -0.0839 0.3972 -0.0127 0.20703125 0.21484375 0.1953125
v -0.0766 0.3708 -0.0045 0.3046875 0.30859375 0.2890625
v -0.0703 0.3444 0.0082 0.3046875 0.30078125 0.28515625
v -0.0639 0.3171 0.0173 0.2890625 0.29296875 0.2734375
v -0.0584 0.2926 0.0283 0.2734375 0.2734375 0.265625
v -0.0511 0.2625 0.0374 0.20703125 0.20703125 0.19921875
v -0.0448 0.2361 0.0483 0.22265625 0.22265625 0.21484375
v -0.0384 0.2106 0.0574 0.21484375 0.2109375 0.203125
v -0.0320 0.1843 0.0683 0.27734375 0.27734375 0.26953125
v -0.0257 0.1560 0.0801 0.296875 0.3046875 0.29296875
v -0.0193 0.1296 0.0892 0.3046875 0.3125 0.30078125
v -0.0120 0.1023 0.1038 0.32421875 0.33203125 0.3125
v -0.0047 0.0714 0.1020 0.2890625 0.30078125 0.2734375
v 0.0016 0.0450 0.1002 0.3125 0.32421875 0.2890625
v 0.0080 0.0177 0.0992 0.3203125 0.3203125 0.3203125
v -0.0693 0.4764 -0.0391 0.29296875 0.296875 0.27734375
v -0.0621 0.4491 -0.0282 0.31640625 0.3203125 0.30078125
v -0.0557 0.4218 -0.0191 0.23828125 0.23828125 0.23046875
v -0.0493 0.3963 -0.0072 0.23046875 0.23046875 0.22265625
v -0.0430 0.3681 0.0000 0.18359375 0.18359375 0.17578125
v -0.0366 0.3417 0.0091 0.22265625 0.2265625 0.20703125
v -0.0302 0.3162 0.0192 0.30078125 0.30078125 0.29296875
v -0.0238 0.2889 0.0301 0.30859375 0.30859375 0.30078125
v -0.0175 0.2607 0.0392 0.30078125 0.30078125 0.29296875
v -0.0111 0.2334 0.0528 0.3203125 0.32421875 0.3046875
v -0.0038 0.2052 0.0619 0.30859375 0.30859375 0.30078125
v 0.0035 0.1770 0.0719 0.26171875 0.265625 0.24609375
v 0.0089 0.1524 0.0810 0.25 0.25390625 0.234375
v 0.0153 0.1269 0.0965 0.29296875 0.29296875 0.29296875
v 0.0217 0.0987 0.0874 0.2734375 0.26953125 0.25390625
v 0.0289 0.0687 0.0838 0.27734375 0.27734375 0.24609375
v 0.0362 0.0414 0.0883 0.359375 0.359375 0.3515625
v -0.0411 0.4564 -0.0309 0.19140625 0.19140625 0.18359375
v -0.0348 0.4291 -0.0191 0.21875 0.21875 0.2109375
v -0.0275 0.3999 -0.0118 0.22265625 0.22265625 0.21484375
v -0.0211 0.3735 0.0000 0.26953125 0.26953125 0.26171875
v -0.0147 0.3472 0.0119 0.28125 0.28515625 0.265625
v -0.0084 0.3189 0.0192 0.30078125 0.30078125 0.29296875
v -0.0020 0.2926 0.0310 0.29296875 0.29296875 0.28515625
v 0.0044 0.2689 0.0410 0.30078125 0.3046875 0.28515625
v 0.0107 0.2407 0.0510 0.25390625 0.2578125 0.23828125
v 0.0171 0.2125 0.0601 0.23046875 0.23046875 0.22265625
v 0.0235 0.1870 0.0683 0.2109375 0.21484375 0.1953125
v 0.0299 0.1606 0.0847 0.3125 0.31640625 0.29296875
v 0.0371 0.1306 0.0847 0.265625 0.2578125 0.26171875
v 0.0444 0.1023 0.0820 0.34375 0.33984375 0.3203125
v 0.0508 0.0760 0.0783 0.3046875 0.30859375 0.28515625
v -0.0220 0.4727 -0.0364 0.30078125 0.296875 0.2890625
v -0.0157 0.4445 -0.0273 0.3046875 0.3046875 0.296875
v -0.0093 0.4181 -0.0182 0.30078125 0.30078125 0.29296875
v -0.0029 0.3927 -0.0063 0.31640625 0.31640625 0.30859375
v 0.0035 0.3654 0.0037 0.22265625 0.22265625 0.21484375
v 0.0098 0.3381 0.0119 0.203125 0.203125 0.1953125
v 0.0162 0.3117 0.0237 0.171875 0.1796875 0.16796875
v 0.0226 0.2853 0.0319 0.265625 0.265625 0.2578125
v 0.0299 0.2561 0.0437 0.28515625 0.2890625 0.26953125
v 0.0353 0.2307 0.0565 0.3203125 0.32421875 0.3046875
v 0.0426 0.2034 0.0656 0.31640625 0.31640625 0.30859375
v 0.0490 0.1770 0.0810 0.3203125 0.32421875 0.30078125
v 0.0117 0.4727 -0.0354 0.296875 0.296875 0.2890625
v 0.0180 0.4454 -0.0263 0.28515625 0.28515625 0.27734375
v 0.0253 0.4172 -0.0163 0.30859375 0.30859375 0.30078125
v 0.0317 0.3918 -0.0063 0.3125 0.3125 0.3046875
v 0.0380 0.3644 0.0073 0.28515625 0.29296875 0.28125
v 0.0444 0.3362 0.0164 0.2578125 0.265625 0.25390625
v 0.0699 0.2307 0.0592 0.2890625 0.296875 0.29296875
v 0.0763 0.2052 0.0701 0.31640625 0.31640625 0.30859375
v 0.0835 0.1761 0.0619 0.27734375 0.2734375 0.2578125
v 0.0899 0.1488 0.0601 0.359375 0.35546875 0.3359375
v 0.0963 0.1224 0.0583 0.28125 0.28515625 0.265625
v 0.0499 0.4582 -0.0309 0.265625 0.265625 0.2578125
v 0.0635 0.4045 -0.0081 0.26171875 0.26171875 0.25390625
v 0.0699 0.3772 0.0028 0.25 0.25 0.2421875
v 0.0763 0.3499 0.0110 0.17578125 0.18359375 0.1796875
v 0.0826 0.3244 0.0219 0.2421875 0.2421875 0.234375
v 0.0890 0.2989 0.0328 0.3125 0.3203125 0.30859375
v 0.0945 0.2725 0.0419 0.32421875 0.33203125 0.3203125
v 0.1018 0.2452 0.0574 0.28515625 0.2890625 0.26953125
v 0.1081 0.2188 0.0528 0.23828125 0.2265625 0.20703125
v 0.1145 0.1906 0.0510 0.3203125 0.30859375 0.2890625
v 0.1218 0.1615 0.0465 0.36328125 0.3515625 0.33203125
v 0.0808 0.4627 -0.0254 0.27734375 0.27734375 0.26953125
v 0.0872 0.4354 -0.0182 0.265625 0.265625 0.2578125
v 0.0945 0.4081 -0.0063 0.21484375 0.21484375 0.20703125
v 0.0999 0.3826 0.0037 0.19921875 0.203125 0.18359375
v 0.1063 0.3572 0.0119 0.25390625 0.25 0.2421875
v 0.1136 0.3280 0.0237 0.28125 0.28125 0.2734375
v 0.1200 0.3026 0.0319 0.3203125 0.328125 0.32421875
v 0.1263 0.2771 0.0501 0.296875 0.3046875 0.29296875
v 0.1336 0.2452 0.0410 0.27734375 0.2734375 0.25390625
v 0.1400 0.2170 0.0365 0.34375 0.33203125 0.3046875
v 0.1463 0.1924 0.0374 0.27734375 0.2734375 0.25390625
v 0.1045 0.4627 -0.0273 0.2890625 0.2890625 0.28125
v 0.1109 0.4354 -0.0163 0.29296875 0.29296875 0.28515625
v 0.1172 0.4100 -0.0072 0.24609375 0.24609375 0.23828125
v 0.1245 0.3826 0.0037 0.21484375 0.21875 0.19921875
v 0.1309 0.3535 0.0137 0.203125 0.19921875 0.18359375
v 0.1372 0.3290 0.0237 0.24609375 0.2421875 0.234375
v 0.1436 0.3035 0.0392 0.2890625 0.2890625 0.28125
v 0.1509 0.2743 0.0392 0.2734375 0.27734375 0.2578125
v 0.1573 0.2452 0.0346 0.34375 0.33984375 0.3203125
v 0.1645 0.2170 0.0310 0.26953125 0.265625 0.25
v 0.1418 0.4673 -0.0282 0.29296875 0.29296875 0.28515625
v 0.1482 0.4400 -0.0172 0.29296875 0.29296875 0.28515625
v 0.1545 0.4136 -0.0072 0.30078125 0.30078125 0.29296875
v 0.1609 0.3854 0.0037 0.28515625 0.29296875 0.28125
v 0.1682 0.3572 0.0164 0.2109375 0.2109375 0.203125
v 0.1746 0.3308 0.0310 0.24609375 0.25 0.23046875
v 0.1809 0.3026 0.0182 0.375 0.36328125 0.34375
v 0.1882 0.2743 0.0192 0.3125 0.30078125 0.2734375
v 0.1946 0.2480 0.0182 0.2890625 0.28515625 0.26953125
v 0.1746 0.4755 -0.0291 0.29296875 0.29296875 0.28515625
v 0.1809 0.4491 -0.0182 0.28125 0.28125 0.2734375
v 0.1873 0.4236 -0.0091 0.25390625 0.25390625 0.24609375
v 0.1937 0.3981 0.0028 0.28125 0.2890625 0.27734375
v -0.5926 0.4327 -0.0828 0.40625 0.390625 0.34375
v -0.5644 0.4245 -0.0664 0.51171875 0.50390625 0.45703125
v -0.5571 0.4545 -0.0609 0.08984375 0.09375 0.1015625
v -0.5399 0.3990 -0.0600 0.37890625 0.3671875 0.34765625
v -0.5326 0.4282 -0.0555 0.16015625 0.15625 0.140625
v -0.5253 0.4573 -0.0509 0.27734375 0.28515625 0.2734375
v -0.5217 0.3963 -0.0536 0.37109375 0.3671875 0.3515625
v -0.5135 0.4272 -0.0445 0.10546875 0.10546875 0.10546875
v -0.5071 0.4527 -0.0455 0.28125 0.2890625 0.26953125
v -0.5025 0.3854 -0.0491 0.39453125 0.390625 0.375
v -0.4880 0.4409 -0.0464 0.18359375 0.19140625 0.1796875
v -0.4771 0.3654 -0.0400 0.44140625 0.4375 0.421875
v -0.4698 0.3927 -0.0300 0.14453125 0.14453125 0.14453125
v -0.4634 0.4200 -0.0327 0.296875 0.296875 0.296875
v -0.4570 0.4464 -0.0445 0.26171875 0.26953125 0.265625
v -0.4443 0.3581 -0.0245 0.11328125 0.109375 0.1015625
v -0.4370 0.3845 -0.0136 0.18359375 0.18359375 0.19140625
v -0.4306 0.4109 -0.0318 0.140625 0.1484375 0.14453125
v -0.4243 0.4400 -0.0391 0.2421875 0.25 0.24609375
v -0.4197 0.3435 -0.0154 0.0859375 0.0859375 0.09375
v -0.4124 0.3726 -0.0109 0.1875 0.19140625 0.20703125
v -0.4061 0.3990 -0.0263 0.23828125 0.24609375 0.234375
v -0.3997 0.4245 -0.0382 0.23046875 0.23828125 0.2265625
v -0.3933 0.4509 -0.0427 0.15234375 0.15625 0.1640625
v -0.3997 0.3226 -0.0145 0.14453125 0.1484375 0.12890625
v -0.3924 0.3517 -0.0009 0.1953125 0.19921875 0.21484375
v -0.3851 0.3790 -0.0182 0.16796875 0.16796875 0.16796875
v -0.3788 0.4063 -0.0309 0.1796875 0.1796875 0.1796875
v -0.3724 0.4318 -0.0354 0.19921875 0.20703125 0.203125
v -0.3660 0.4573 -0.0455 0.1953125 0.203125 0.19921875
v -0.3733 0.2807 -0.0027 0.3671875 0.35546875 0.328125
v -0.3669 0.3062 0.0010 0.109375 0.10546875 0.09765625
v -0.3597 0.3353 0.0055 0.23828125 0.24609375 0.2421875
v -0.3533 0.3608 -0.0109 0.22265625 0.22265625 0.22265625
v -0.3469 0.3863 -0.0209 0.265625 0.265625 0.2578125
v -0.3405 0.4145 -0.0282 0.26171875 0.26171875 0.25390625
v -0.3342 0.4427 -0.0382 0.2578125 0.2578125 0.2578125
v -0.3387 0.2689 0.0064 0.16015625 0.16015625 0.16796875
v -0.3324 0.2953 0.0201 0.1875 0.1875 0.1875
v -0.3260 0.3226 0.0046 0.30078125 0.30859375 0.2890625
v -0.3187 0.3517 -0.0063 0.30078125 0.296875 0.2890625
v -0.3060 0.4036 -0.0218 0.23828125 0.23828125 0.23046875
v -0.2987 0.4318 -0.0354 0.234375 0.23046875 0.22265625
v -0.3114 0.2634 0.0173 0.12109375 0.125 0.14453125
v -0.3051 0.2916 0.0219 0.2109375 0.21484375 0.22265625
v -0.2978 0.3189 0.0091 0.25 0.2578125 0.23828125
v -0.2914 0.3462 -0.0009 0.265625 0.26171875 0.25390625
v -0.2850 0.3708 -0.0081 0.2578125 0.2578125 0.25
v -0.2787 0.3981 -0.0191 0.203125 0.19921875 0.19140625
v -0.2723 0.4245 -0.0300 0.203125 0.19921875 0.19140625
v -0.2659 0.4500 -0.0354 0.2890625 0.28515625 0.27734375
v -0.2896 0.2434 0.0228 0.12109375 0.12109375 0.12890625
v -0.2832 0.2698 0.0310 0.16015625 0.1640625 0.1796875
v -0.2778 0.2953 0.0182 0.2109375 0.21484375 0.22265625
v -0.2705 0.3226 0.0091 0.21484375 0.21484375 0.21484375
v -0.2641 0.3490 0.0010 0.21875 0.21875 0.2109375
v -0.2577 0.3735 -0.0100 0.203125 0.203125 0.1953125
v -0.2514 0.4009 -0.0200 0.1796875 0.17578125 0.16796875
v -0.2450 0.4282 -0.0300 0.22265625 0.21875 0.2109375
v -0.2386 0.4527 -0.0400 0.3203125 0.32421875 0.3046875
v -0.2596 0.2070 0.0310 0.08203125 0.08203125 0.08203125
v -0.2532 0.2352 0.0492 0.1875 0.19140625 0.19921875
v -0.2468 0.2625 0.0283 0.23828125 0.23828125 0.23046875
v -0.2395 0.2889 0.0219 0.234375 0.234375 0.234375
v -0.2341 0.3135 0.0128 0.140625 0.140625 0.1484375
v -0.2268 0.3417 0.0010 0.1640625 0.171875 0.16796875
v -0.2204 0.3699 -0.0072 0.22265625 0.22265625 0.22265625
v -0.2140 0.3945 -0.0172 0.25 0.25 0.25
v -0.2077 0.4200 -0.0236 0.28515625 0.2890625 0.26953125
v -0.2004 0.4500 -0.0364 0.28125 0.28515625 0.265625
v -0.2222 0.2034 0.0501 0.2734375 0.2890625 0.28515625
v -0.2159 0.2298 0.0456 0.20703125 0.21484375 0.2109375
v -0.2095 0.2561 0.0346 0.20703125 0.21484375 0.2109375
v -0.2031 0.2825 0.0219 0.18359375 0.18359375 0.18359375
v -0.1968 0.3080 0.0146 0.18359375 0.18359375 0.18359375
v -0.1895 0.3362 0.0064 0.23046875 0.23046875 0.23046875
v -0.1822 0.3663 -0.0036 0.2734375 0.2734375 0.265625
v -0.1758 0.3908 -0.0191 0.265625 0.265625 0.2578125
v -0.1695 0.4191 -0.0254 0.26953125 0.2734375 0.25390625
v -0.1631 0.4464 -0.0345 0.23046875 0.234375 0.21484375
v -0.1567 0.4718 -0.0409 0.21875 0.22265625 0.203125
v -0.1958 0.1715 0.0610 0.234375 0.234375 0.234375
v -0.1895 0.1979 0.0565 0.24609375 0.25390625 0.234375
v -0.1822 0.2270 0.0456 0.21484375 0.21484375 0.20703125
v -0.1749 0.2552 0.0355 0.19140625 0.19140625 0.18359375
v -0.1685 0.2816 0.0264 0.14453125 0.14453125 0.13671875
v -0.1622 0.3089 0.0164 0.20703125 0.20703125 0.19921875
v -0.1558 0.3353 0.0055 0.26171875 0.26171875 0.25390625
v -0.1494 0.3608 -0.0036 0.23046875 0.23046875 0.22265625
v -0.1431 0.3854 -0.0118 0.1640625 0.16796875 0.1484375
v -0.1358 0.4154 -0.0209 0.25390625 0.2578125 0.23828125
v -0.1294 0.4418 -0.0318 0.3125 0.31640625 0.296875
v -0.1230 0.4673 -0.0391 0.3125 0.31640625 0.296875
v -0.1704 0.1715 0.0710 0.30078125 0.30078125 0.26953125
v -0.1640 0.1970 0.0610 0.265625 0.265625 0.2578125
v -0.1585 0.2225 0.0492 0.23046875 0.23046875 0.22265625
v -0.1513 0.2498 0.0383 0.28515625 0.28515625 0.27734375
v -0.1449 0.2753 0.0292 0.30078125 0.30078125 0.29296875
v -0.1385 0.3026 0.0201 0.30859375 0.30859375 0.30078125
v -0.1321 0.3299 0.0101 0.23046875 0.23046875 0.22265625
v -0.1249 0.3572 0.0019 0.21875 0.21875 0.2109375
v -0.1185 0.3836 -0.0072 0.22265625 0.2265625 0.20703125
v -0.1048 0.4382 -0.0282 0.33203125 0.33203125 0.32421875
v -0.0994 0.4646 -0.0345 0.3125 0.31640625 0.296875
v -0.1412 0.1406 0.0856 0.265625 0.26953125 0.24609375
v -0.1340 0.1679 0.0692 0.21875 0.22265625 0.203125
v -0.1267 0.1979 0.0601 0.25 0.25390625 0.234375
v -0.1212 0.2234 0.0510 0.29296875 0.296875 0.27734375
v -0.1139 0.2489 0.0410 0.3203125 0.32421875 0.3046875
v -0.1067 0.2789 0.0310 0.296875 0.30078125 0.28125
v -0.1012 0.3026 0.0219 0.29296875 0.296875 0.27734375
v -0.0948 0.3290 0.0101 0.21875 0.22265625 0.203125
v -0.0875 0.3572 0.0046 0.19140625 0.1953125 0.17578125
v -0.0821 0.3826 -0.0054 0.28515625 0.29296875 0.2734375
v -0.0757 0.4072 -0.0136 0.30859375 0.3125 0.29296875
v -0.0693 0.4327 -0.0254 0.24609375 0.25 0.23046875
v -0.0621 0.4627 -0.0336 0.296875 0.30078125 0.28125
v -0.1167 0.1060 0.0801 0.20703125 0.20703125 0.19921875
v -0.1103 0.1324 0.0920 0.28515625 0.29296875 0.2734375
v -0.1039 0.1579 0.0747 0.32421875 0.32421875 0.31640625
v -0.0976 0.1852 0.0638 0.30859375 0.30859375 0.30078125
v -0.0912 0.2134 0.0556 0.296875 0.30078125 0.28125
v -0.0848 0.2379 0.0446 0.234375 0.234375 0.2265625
v -0.0784 0.2643 0.0383 0.18359375 0.18359375 0.17578125
v -0.0721 0.2907 0.0264 0.2578125 0.2578125 0.25
v -0.0657 0.3153 0.0182 0.2890625 0.29296875 0.2734375
v -0.0593 0.3435 0.0091 0.31640625 0.3125 0.296875
v -0.0521 0.3708 0.0010 0.3046875 0.3046875 0.296875
v -0.0466 0.3945 -0.0091 0.23046875 0.23046875 0.22265625
v -0.0393 0.4227 -0.0200 0.2734375 0.2734375 0.265625
v -0.0329 0.4491 -0.0291 0.3125 0.3125 0.3046875
v -0.0266 0.4764 -0.0382 0.30078125 0.296875 0.2890625
v -0.0939 0.1042 0.0983 0.28515625 0.2890625 0.265625
v -0.0875 0.1287 0.0856 0.3046875 0.30859375 0.28515625
v -0.0803 0.1560 0.0774 0.3203125 0.3203125 0.3125
v -0.0748 0.1806 0.0674 0.296875 0.296875 0.2890625
v -0.0684 0.2079 0.0565 0.26953125 0.2734375 0.25390625
v -0.0621 0.2352 0.0483 0.21484375 0.21484375 0.20703125
v -0.0548 0.2607 0.0383 0.3046875 0.3046875 0.296875
v -0.0484 0.2871 0.0310 0.296875 0.296875 0.2890625
v -0.0420 0.3144 0.0237 0.29296875 0.296875 0.27734375
v -0.0357 0.3417 0.0119 0.22265625 0.2265625 0.20703125
v -0.0293 0.3681 0.0019 0.2109375 0.2109375 0.203125
v -0.0229 0.3945 -0.0100 0.24609375 0.24609375 0.23828125
v -0.0166 0.4209 -0.0163 0.31640625 0.31640625 0.30859375
v -0.0102 0.4473 -0.0300 0.31640625 0.31640625 0.30859375
v -0.0029 0.4746 -0.0391 0.29296875 0.29296875 0.28515625
v -0.0739 0.0942 0.1056 0.31640625 0.31640625 0.30859375
v -0.0675 0.1187 0.0892 0.30078125 0.3046875 0.28125
v -0.0612 0.1469 0.0820 0.2578125 0.2578125 0.25
v -0.0548 0.1733 0.0701 0.1953125 0.1953125 0.1953125
v -0.0484 0.1988 0.0619 0.26171875 0.2578125 0.2421875
v -0.0411 0.2270 0.0528 0.28515625 0.2890625 0.26953125
v -0.0348 0.2552 0.0419 0.29296875 0.29296875 0.28515625
v -0.0284 0.2789 0.0328 0.22265625 0.22265625 0.21484375
v -0.0220 0.3053 0.0228 0.1875 0.1875 0.1796875
v -0.0147 0.3335 0.0164 0.23046875 0.234375 0.21484375
v -0.0084 0.3599 0.0037 0.30859375 0.3125 0.29296875
v -0.0020 0.3872 -0.0036 0.32421875 0.32421875 0.31640625
v 0.0053 0.4172 -0.0127 0.2890625 0.2890625 0.28125
v 0.0117 0.4427 -0.0218 0.23828125 0.23828125 0.23046875
v 0.0180 0.4682 -0.0336 0.1953125 0.1953125 0.1875
v -0.0411 0.0851 0.1102 0.2265625 0.234375 0.23046875
v -0.0348 0.1114 0.0974 0.23046875 0.23828125 0.21875
v -0.0293 0.1342 0.0883 0.28125 0.2890625 0.27734375
v -0.0220 0.1633 0.0774 0.3203125 0.3203125 0.3125
v -0.0147 0.1924 0.0674 0.30078125 0.30078125 0.29296875
v -0.0084 0.2170 0.0556 0.29296875 0.296875 0.27734375
v -0.0020 0.2443 0.0465 0.24609375 0.25 0.23046875
v 0.0053 0.2743 0.0383 0.20703125 0.20703125 0.19921875
v 0.0117 0.2989 0.0301 0.26171875 0.26171875 0.25390625
v 0.0171 0.3235 0.0192 0.29296875 0.30078125 0.2890625
v 0.0244 0.3508 0.0091 0.22265625 0.23046875 0.21875
v 0.0308 0.3790 0.0028 0.296875 0.296875 0.2890625
v 0.0371 0.4045 -0.0091 0.2109375 0.21875 0.20703125
v 0.0444 0.4318 -0.0191 0.28125 0.28125 0.2734375
v 0.0508 0.4600 -0.0273 0.296875 0.29296875 0.28515625
v -0.0175 0.0541 0.1065 0.2421875 0.24609375 0.2265625
v -0.0093 0.0841 0.1093 0.21484375 0.22265625 0.203125
v -0.0020 0.1133 0.1047 0.30078125 0.30078125 0.29296875
v 0.0035 0.1387 0.0892 0.328125 0.328125 0.328125
v 0.0107 0.1651 0.0792 0.32421875 0.328125 0.30859375
v 0.0171 0.1934 0.0701 0.28515625 0.2890625 0.26953125
v 0.0226 0.2170 0.0601 0.2734375 0.27734375 0.2578125
v 0.0289 0.2425 0.0501 0.20703125 0.2109375 0.19140625
v 0.0362 0.2716 0.0365 0.234375 0.2421875 0.23046875
v 0.0426 0.2989 0.0301 0.2890625 0.296875 0.28515625
v 0.0490 0.3235 0.0228 0.28515625 0.29296875 0.28125
v 0.0562 0.3517 0.0128 0.1640625 0.1796875 0.17578125
v 0.0626 0.3790 0.0000 0.234375 0.234375 0.2265625
v 0.0690 0.4054 -0.0072 0.26171875 0.26171875 0.25390625
v 0.0754 0.4327 -0.0154 0.30078125 0.30078125 0.29296875
v 0.0826 0.4609 -0.0282 0.29296875 0.29296875 0.28515625
v 0.0881 0.4846 -0.0354 0.2734375 0.27734375 0.2578125
v -0.0011 0.0259 0.1047 0.234375 0.23828125 0.21484375
v 0.0053 0.0541 0.0983 0.328125 0.33984375 0.3125
v 0.0117 0.0787 0.0929 0.2734375 0.27734375 0.24609375
v 0.0180 0.1069 0.0920 0.3125 0.30859375 0.30078125
v 0.0262 0.1369 0.0956 0.3203125 0.3203125 0.3125
v 0.0317 0.1624 0.0820 0.3125 0.31640625 0.29296875
v 0.0380 0.1879 0.0701 0.203125 0.20703125 0.1875
v 0.0453 0.2161 0.0574 0.2109375 0.2109375 0.203125
v 0.0517 0.2443 0.0492 0.203125 0.2109375 0.19921875
v 0.0581 0.2689 0.0410 0.29296875 0.29296875 0.28515625
v 0.0653 0.2980 0.0292 0.328125 0.32421875 0.30859375
v 0.0717 0.3244 0.0228 0.25 0.25 0.2421875
v 0.0781 0.3508 0.0128 0.17578125 0.18359375 0.1796875
v 0.0845 0.3763 0.0037 0.26171875 0.26171875 0.25390625
v 0.0908 0.4036 -0.0063 0.30078125 0.30078125 0.29296875
v 0.0972 0.4282 -0.0145 0.30859375 0.30859375 0.30078125
v 0.1036 0.4536 -0.0254 0.30078125 0.30078125 0.29296875
v 0.1099 0.4828 -0.0354 0.234375 0.23828125 0.21875
v 0.0262 0.0432 0.0938 0.1875 0.19140625 0.16015625
v 0.0326 0.0705 0.0865 0.3671875 0.3671875 0.328125
v 0.0390 0.0969 0.0820 0.3203125 0.30859375 0.2890625
v 0.0462 0.1251 0.0783 0.28515625 0.28125 0.2734375
v 0.0526 0.1533 0.0774 0.203125 0.19921875 0.18359375
v 0.0599 0.1806 0.0810 0.2578125 0.2578125 0.25
v 0.0663 0.2070 0.0692 0.30859375 0.30859375 0.30078125
v 0.0726 0.2343 0.0556 0.30859375 0.31640625 0.3125
v 0.0790 0.2589 0.0474 0.2265625 0.2265625 0.21875
v 0.0845 0.2835 0.0355 0.21875 0.22265625 0.203125
v 0.0917 0.3108 0.0264 0.26953125 0.26953125 0.26171875
v 0.0981 0.3381 0.0173 0.296875 0.296875 0.2890625
v 0.1045 0.3635 0.0119 0.2890625 0.29296875 0.2734375
v 0.1109 0.3899 0.0010 0.2734375 0.27734375 0.2578125
v 0.1172 0.4172 -0.0091 0.2421875 0.2421875 0.234375
v 0.1236 0.4418 -0.0191 0.3046875 0.3046875 0.296875
v 0.1309 0.4709 -0.0282 0.25390625 0.2578125 0.23828125
v 0.0672 0.0914 0.0729 0.30859375 0.3125 0.2890625
v 0.0735 0.1160 0.0665 0.28515625 0.2890625 0.26953125
v 0.0799 0.1424 0.0647 0.25390625 0.25 0.23046875
v 0.0863 0.1706 0.0592 0.27734375 0.2734375 0.2578125
v 0.0936 0.1970 0.0537 0.28125 0.27734375 0.26171875
v 0.0999 0.2252 0.0610 0.25390625 0.2578125 0.23828125
v 0.1072 0.2525 0.0583 0.19140625 0.1953125 0.17578125
v 0.1136 0.2789 0.0419 0.3046875 0.3125 0.30078125
v 0.1190 0.3026 0.0310 0.3203125 0.328125 0.32421875
v 0.1263 0.3317 0.0246 0.28125 0.27734375 0.26953125
v 0.1336 0.3608 0.0119 0.30859375 0.3125 0.29296875
v 0.1391 0.3836 0.0028 0.2421875 0.24609375 0.2265625
v 0.1454 0.4100 -0.0054 0.30078125 0.30078125 0.29296875
v 0.1527 0.4400 -0.0145 0.29296875 0.29296875 0.28515625
v 0.1591 0.4655 -0.0254 0.31640625 0.31640625 0.30859375
v 0.1172 0.1551 0.0519 0.2734375 0.26953125 0.25
v 0.1245 0.1833 0.0456 0.33984375 0.328125 0.30859375
v 0.1309 0.2088 0.0419 0.32421875 0.3125 0.29296875
v 0.1372 0.2370 0.0392 0.26171875 0.2578125 0.23828125
v 0.1445 0.2662 0.0383 0.21484375 0.2109375 0.1953125
v 0.1509 0.2916 0.0374 0.1875 0.19140625 0.171875
v 0.1573 0.3199 0.0310 0.23828125 0.23828125 0.23046875
v 0.1645 0.3490 0.0192 0.296875 0.296875 0.2890625
v 0.1709 0.3754 0.0073 0.296875 0.3046875 0.29296875
v 0.1773 0.4018 0.0000 0.28515625 0.28515625 0.27734375
v 0.1846 0.4300 -0.0100 0.21875 0.21875 0.2109375
v 0.1900 0.4545 -0.0191 0.203125 0.203125 0.1953125
v 0.1436 0.1897 0.0374 0.27734375 0.2734375 0.25390625
v 0.1509 0.2197 0.0374 0.29296875 0.2890625 0.26953125
v 0.1582 0.2489 0.0337 0.34375 0.33984375 0.3203125
v 0.1645 0.2753 0.0301 0.37109375 0.3671875 0.34765625
v 0.1709 0.3035 0.0283 0.26953125 0.265625 0.24609375
v 0.1782 0.3308 0.0283 0.19921875 0.203125 0.18359375
v 0.1837 0.3553 0.0246 0.25390625 0.26171875 0.25
v 0.1909 0.3826 0.0037 0.296875 0.3046875 0.29296875
v 0.1827 0.2288 0.0219 0.33984375 0.33984375 0.33984375
v 0.1891 0.2561 0.0201 0.23828125 0.234375 0.21484375
v 0.2000 0.3699 0.0182 0.23046875 0.23046875 0.22265625
v 0.2073 0.3417 0.0110 0.26171875 0.25 0.23046875
v 0.2137 0.3144 0.0091 0.3046875 0.30078125 0.28125
v 0.2210 0.2844 0.0064 0.28515625 0.28125 0.26171875
v 0.2037 0.4746 -0.0273 0.3046875 0.3125 0.29296875
v 0.2100 0.4454 -0.0172 0.3125 0.30859375 0.29296875
v 0.2173 0.4172 -0.0045 0.3125 0.30859375 0.29296875
v 0.2301 0.3644 0.0010 0.23828125 0.234375 0.21875
v 0.2374 0.3344 0.0000 0.30859375 0.3046875 0.28515625
v 0.2437 0.3071 0.0010 0.33203125 0.328125 0.30859375
v 0.2273 0.4800 -0.0282 0.2890625 0.29296875 0.2734375
v 0.2346 0.4518 -0.0172 0.26171875 0.265625 0.24609375
v 0.2401 0.4272 -0.0018 0.19921875 0.203125 0.18359375
v 0.2474 0.3981 -0.0072 0.24609375 0.25 0.23046875
v 0.2537 0.3699 -0.0072 0.3125 0.30078125 0.28125
v 0.2610 0.3435 -0.0100 0.29296875 0.2890625 0.2734375
v 0.2637 0.4855 -0.0273 0.3359375 0.33203125 0.32421875
v 0.2701 0.4591 -0.0109 0.296875 0.30078125 0.28125
v 0.2765 0.4336 -0.0172 0.20703125 0.21484375 0.1953125
v 0.2838 0.4045 -0.0200 0.33984375 0.3359375 0.31640625
v 0.2901 0.3763 -0.0218 0.296875 0.28515625 0.265625
v 0.3001 0.4673 -0.0300 0.21875 0.22265625 0.203125
v 0.3074 0.4400 -0.0309 0.30078125 0.296875 0.27734375
v 0.3138 0.4118 -0.0327 0.28125 0.27734375 0.26171875
v 0.3229 0.4809 -0.0382 0.27734375 0.28125 0.26171875
v 0.3302 0.4518 -0.0391 0.3203125 0.31640625 0.296875
v 0.3375 0.4209 -0.0418 0.28125 0.27734375 0.2578125
v 0.3484 0.4718 -0.0464 0.23828125 0.2421875 0.21875
v 0.3548 0.4454 -0.0518 0.3125 0.31640625 0.296875
v 0.1964 0.4791 -0.0282 0.2421875 0.25 0.23046875
v 0.1973 0.4118 -0.0018 0.30078125 0.296875 0.28125
v 0.2037 0.4354 -0.0118 0.31640625 0.3125 0.296875
v 0.2100 0.4627 -0.0191 0.28515625 0.2890625 0.26953125
v 0.2173 0.4919 -0.0309 0.203125 0.2109375 0.19921875
v 0.1964 0.2853 0.0137 0.3125 0.30859375 0.2890625
v 0.2028 0.3126 0.0128 0.30078125 0.296875 0.27734375
v 0.2091 0.3399 0.0073 0.26171875 0.25 0.23046875
v 0.2164 0.3690 0.0110 0.2109375 0.20703125 0.19921875
v 0.2237 0.3990 0.0128 0.26171875 0.2578125 0.2421875
v 0.2292 0.4227 -0.0045 0.31640625 0.3125 0.296875
v 0.2355 0.4491 -0.0163 0.3046875 0.3125 0.29296875
v 0.2428 0.4764 -0.0300 0.296875 0.296875 0.2890625
v 0.2301 0.2935 0.0028 0.35546875 0.3515625 0.33203125
v 0.2364 0.3235 -0.0018 0.28125 0.27734375 0.2578125
v 0.2437 0.3517 -0.0054 0.30078125 0.296875 0.27734375
v 0.2492 0.3754 -0.0072 0.375 0.359375 0.34765625
v 0.2565 0.4027 -0.0081 0.3515625 0.35546875 0.33203125
v 0.2628 0.4309 -0.0100 0.21484375 0.22265625 0.203125
v 0.2701 0.4582 -0.0109 0.296875 0.30078125 0.28125
v 0.2756 0.4828 -0.0227 0.328125 0.32421875 0.31640625
v 0.2792 0.3481 -0.0209 0.31640625 0.3125 0.296875
v 0.2847 0.3735 -0.0200 0.3203125 0.30078125 0.28515625
v 0.2910 0.4018 -0.0254 0.32421875 0.3203125 0.30078125
v 0.2983 0.4300 -0.0291 0.265625 0.26953125 0.24609375
v 0.3047 0.4564 -0.0291 0.28515625 0.2890625 0.26953125
v 0.3120 0.4846 -0.0382 0.26171875 0.265625 0.24609375
v 0.3102 0.3817 -0.0300 0.2890625 0.28515625 0.26953125
v 0.3165 0.4081 -0.0318 0.3046875 0.30078125 0.28515625
v 0.3229 0.4345 -0.0364 0.3125 0.30859375 0.2890625
v 0.3302 0.4646 -0.0400 0.36328125 0.359375 0.33984375
v 0.3493 0.4318 -0.0482 0.33203125 0.328125 0.3125
v 0.3557 0.4600 -0.0500 0.32421875 0.328125 0.3046875
v 0.3629 0.4873 -0.0555 0.3125 0.31640625 0.29296875
v -0.6136 0.4873 -0.0864 0.1640625 0.17578125 0.1953125
v -0.6072 0.4618 -0.0846 0.38671875 0.40234375 0.3984375
v -0.5954 0.5010 -0.0655 0.08203125 0.0859375 0.1015625
v -0.5890 0.4700 -0.0691 0.19140625 0.1875 0.16796875
v -0.5599 0.4919 -0.0664 0.1015625 0.12109375 0.1328125
v -0.5535 0.4646 -0.0527 0.203125 0.20703125 0.21484375
v -0.5235 0.4818 -0.0637 0.3203125 0.328125 0.31640625
v -0.5007 0.4800 -0.0582 0.31640625 0.32421875 0.3125
v -0.4789 0.4800 -0.0609 0.32421875 0.33203125 0.3203125
v -0.4470 0.4855 -0.0627 0.2890625 0.2890625 0.28125
v -0.4152 0.4873 -0.0600 0.2265625 0.2265625 0.21875
v -0.3942 0.5000 -0.0609 0.2734375 0.2734375 0.2734375
v -0.3879 0.4746 -0.0518 0.2109375 0.2109375 0.2109375
v -0.3679 0.4982 -0.0609 0.24609375 0.24609375 0.24609375
v -0.3606 0.4691 -0.0509 0.23046875 0.23828125 0.234375
v -0.3314 0.4873 -0.0573 0.1953125 0.1953125 0.1953125
v -0.2969 0.4846 -0.0546 0.265625 0.265625 0.2578125
v -0.2778 0.4964 -0.0591 0.1953125 0.203125 0.18359375
v -0.2714 0.4718 -0.0473 0.29296875 0.296875 0.27734375
v -0.2532 0.5019 -0.0564 0.21875 0.2265625 0.20703125
v -0.2477 0.4764 -0.0464 0.26953125 0.2734375 0.25390625
v -0.2186 0.4818 -0.0473 0.30078125 0.30078125 0.29296875
v -0.1858 0.4909 -0.0518 0.29296875 0.29296875 0.28515625
v -0.1622 0.4991 -0.0536 0.25 0.25 0.2421875
v -0.0757 0.5028 -0.0491 0.30859375 0.30859375 0.30078125
v -0.0475 0.4818 -0.0427 0.2578125 0.2578125 0.25
v -0.0293 0.5000 -0.0473 0.3046875 0.30078125 0.29296875
v 0.0053 0.4982 -0.0445 0.23828125 0.23828125 0.23046875
v 0.0754 0.4864 -0.0364 0.296875 0.29296875 0.28515625
v 0.0981 0.4900 -0.0391 0.3125 0.30859375 0.29296875
v 0.1354 0.4946 -0.0391 0.3046875 0.30859375 0.2890625
v 0.1682 0.5028 -0.0382 0.30859375 0.30859375 0.30078125
v -0.6099 0.4627 -0.0809 0.38671875 0.40234375 0.3984375
v -0.6027 0.4909 -0.0773 0.0859375 0.08203125 0.1015625
v -0.5863 0.4600 -0.0755 0.4375 0.4296875 0.37890625
v -0.5790 0.4900 -0.0618 0.09375 0.09765625 0.11328125
v -0.5499 0.4828 -0.0582 0.296875 0.3046875 0.28515625
v -0.5198 0.4818 -0.0637 0.30859375 0.31640625 0.3046875
v -0.5007 0.4791 -0.0600 0.31640625 0.32421875 0.3125
v -0.4816 0.4682 -0.0536 0.1953125 0.203125 0.18359375
v -0.4752 0.4955 -0.0627 0.32421875 0.328125 0.30859375
v -0.4507 0.4718 -0.0564 0.2265625 0.2265625 0.21875
v -0.4443 0.4973 -0.0637 0.19921875 0.20703125 0.1953125
v -0.4179 0.4655 -0.0491 0.2578125 0.2578125 0.265625
v -0.4115 0.4909 -0.0609 0.30859375 0.30859375 0.30078125
v -0.3870 0.4791 -0.0564 0.18359375 0.18359375 0.18359375
v -0.3597 0.4846 -0.0555 0.1328125 0.140625 0.13671875
v -0.3269 0.4682 -0.0509 0.23046875 0.23046875 0.22265625
v -0.3205 0.4946 -0.0591 0.20703125 0.21484375 0.203125
v -0.2859 0.4837 -0.0536 0.26953125 0.26953125 0.26171875
v -0.2596 0.4764 -0.0473 0.26953125 0.2734375 0.25390625
v -0.2523 0.5046 -0.0564 0.21875 0.2265625 0.20703125
v -0.2313 0.4818 -0.0491 0.33203125 0.33203125 0.32421875
v -0.1940 0.4764 -0.0445 0.20703125 0.2109375 0.19140625
v -0.1877 0.5028 -0.0527 0.234375 0.234375 0.2265625
v -0.1513 0.4964 -0.0500 0.3203125 0.32421875 0.3046875
v -0.1167 0.4955 -0.0500 0.3125 0.31640625 0.296875
v -0.0921 0.4909 -0.0427 0.28515625 0.2890625 0.26953125
v -0.0566 0.4864 -0.0445 0.25390625 0.25390625 0.24609375
v -0.0202 0.5028 -0.0482 0.2890625 0.28515625 0.27734375
v 0.0035 0.5037 -0.0464 0.2734375 0.2734375 0.265625
v 0.0244 0.4946 -0.0427 0.2578125 0.2578125 0.25
v 0.0572 0.4855 -0.0382 0.296875 0.29296875 0.28515625
v 0.1372 0.4991 -0.0364 0.3046875 0.3046875 0.296875
v 0.1655 0.4928 -0.0336 0.28125 0.28125 0.2734375
v -0.5653 0.5164 -0.0800 0.0625 0.0625 0.09375
v -0.5308 0.5110 -0.0728 0.0859375 0.08984375 0.10546875
v -0.5071 0.5073 -0.0728 0.08203125 0.0859375 0.1015625
v -0.4534 0.5101 -0.0682 0.046875 0.05859375 0.078125
v -0.4215 0.5128 -0.0718 0.078125 0.08203125 0.08984375
v -0.3378 0.5137 -0.0655 0.25390625 0.26171875 0.2578125
v -0.3032 0.5101 -0.0609 0.30859375 0.31640625 0.3046875
v -0.2250 0.5064 -0.0591 0.21484375 0.22265625 0.2109375
v -0.5954 0.5201 -0.0809 0.08984375 0.1015625 0.12890625
v -0.5726 0.5183 -0.0764 0.078125 0.08984375 0.1171875
v -0.5444 0.5082 -0.0728 0.0703125 0.07421875 0.09375
v -0.5135 0.5064 -0.0700 0.0546875 0.05859375 0.06640625
v -0.4944 0.5073 -0.0709 0.07421875 0.0859375 0.10546875
v -0.3797 0.5073 -0.0655 0.1640625 0.16796875 0.17578125
v -0.3524 0.5110 -0.0637 0.23046875 0.23828125 0.234375
v -0.2796 0.5101 -0.0627 0.3125 0.3125 0.3046875
v -0.2250 0.5101 -0.0591 0.28515625 0.3046875 0.28125
v 0.1982 0.4973 -0.0382 0.30859375 0.31640625 0.296875
v 0.2938 0.4973 -0.0254 0.19140625 0.1875 0.1796875
v 0.3366 0.4937 -0.0436 0.32421875 0.33203125 0.3125
v -0.4916 0.5328 -0.0846 0.05078125 0.05078125 0.08984375
v -0.4598 0.5374 -0.0809 0.03515625 0.046875 0.07421875
v -0.4279 0.5392 -0.0864 0.05078125 0.05078125 0.08203125
v -0.4006 0.5283 -0.0746 0.078125 0.0703125 0.11328125
v -0.3742 0.5237 -0.0728 0.03515625 0.05078125 0.0625
v -0.3451 0.5419 -0.0800 0.05859375 0.0625 0.08203125
v -0.3096 0.5365 -0.0728 0.08984375 0.0859375 0.109375
v -0.2905 0.5510 -0.0819 0.046875 0.04296875 0.07421875
v -0.2668 0.5556 -0.0773 0.0625 0.05859375 0.08203125
v -0.2596 0.5264 -0.0673 0.09375 0.08984375 0.109375
v -0.2377 0.5610 -0.0819 0.0234375 0.01953125 0.0390625
v -0.2304 0.5328 -0.0664 0.16015625 0.17578125 0.171875
v -0.1986 0.5446 -0.0737 0.05859375 0.0546875 0.07421875
v -0.1922 0.5173 -0.0646 0.32421875 0.33203125 0.3203125
v -0.1758 0.5547 -0.0746 0.07421875 0.0703125 0.09375
v -0.1695 0.5301 -0.0627 0.33203125 0.33203125 0.32421875
v -0.1503 0.5565 -0.0746 0.06640625 0.0625 0.0859375
v -0.1440 0.5292 -0.0646 0.33984375 0.34375 0.32421875
v -0.0948 0.5820 -0.0791 0.0546875 0.05859375 0.078125
v -0.0885 0.5565 -0.0700 0.0234375 0.015625 0.02734375
v -0.0812 0.5274 -0.0609 0.296875 0.29296875 0.27734375
v -0.0666 0.5619 -0.0718 0.08984375 0.0859375 0.10546875
v -0.0602 0.5365 -0.0600 0.3359375 0.3203125 0.30859375
v -0.0539 0.5101 -0.0500 0.27734375 0.28515625 0.28125
v -0.0493 0.5820 -0.0809 0.05859375 0.05859375 0.08984375
v -0.0420 0.5547 -0.0691 0.04296875 0.03515625 0.0390625
v -0.0357 0.5283 -0.0564 0.2578125 0.25390625 0.23828125
v -0.0138 0.5783 -0.0746 0.0625 0.06640625 0.0859375
v -0.0075 0.5537 -0.0655 0.1171875 0.109375 0.11328125
v -0.0011 0.5264 -0.0536 0.24609375 0.23046875 0.21875
v 0.0180 0.5920 -0.0846 0.05078125 0.0546875 0.07421875
v 0.0244 0.5665 -0.0691 0.046875 0.05078125 0.06640625
v 0.0308 0.5383 -0.0600 0.2734375 0.26171875 0.2421875
v 0.0371 0.5110 -0.0482 0.27734375 0.27734375 0.26953125
v 0.0735 0.5947 -0.0782 0.05859375 0.05859375 0.06640625
v 0.0790 0.5692 -0.0673 0.2109375 0.21484375 0.22265625
v 0.0854 0.5419 -0.0573 0.15625 0.15625 0.15625
v 0.0926 0.5146 -0.0455 0.23828125 0.234375 0.21875
v 0.1090 0.6011 -0.0828 0.06640625 0.0625 0.08203125
v 0.1154 0.5765 -0.0682 0.1171875 0.12109375 0.12890625
v 0.1227 0.5456 -0.0573 0.23828125 0.24609375 0.234375
v 0.1291 0.5192 -0.0473 0.234375 0.2421875 0.23828125
v 0.1418 0.6111 -0.0928 0.0625 0.06640625 0.0859375
v 0.1482 0.5856 -0.0718 0.03515625 0.0390625 0.0546875
v 0.1545 0.5574 -0.0609 0.26171875 0.26171875 0.26953125
v 0.1609 0.5310 -0.0500 0.3359375 0.33984375 0.31640625
v 0.1718 0.6056 -0.0782 0.04296875 0.0546875 0.07421875
v 0.1782 0.5801 -0.0655 0.06640625 0.0703125 0.078125
v 0.1837 0.5556 -0.0600 0.1796875 0.171875 0.18359375
v 0.1909 0.5264 -0.0482 0.28515625 0.2890625 0.265625
v 0.1946 0.6156 -0.0800 0.046875 0.05078125 0.0703125
v -0.4689 0.5219 -0.0746 0.0625 0.07421875 0.1015625
v -0.4370 0.5255 -0.0746 0.0625 0.0625 0.1015625
v -0.4043 0.5201 -0.0691 0.04296875 0.046875 0.0625
v -0.3979 0.5456 -0.0800 0.05078125 0.04296875 0.0625
v -0.3733 0.5337 -0.0737 0.05859375 0.0625 0.08203125
v -0.3460 0.5383 -0.0773 0.05859375 0.0625 0.08203125
v -0.3132 0.5255 -0.0682 0.0625 0.05859375 0.078125
v -0.3078 0.5492 -0.0773 0.0546875 0.05078125 0.08203125
v -0.2723 0.5383 -0.0691 0.0390625 0.03515625 0.05859375
v -0.2668 0.5610 -0.0828 0.0546875 0.05078125 0.0703125
v -0.2468 0.5292 -0.0673 0.11328125 0.1171875 0.1328125
v -0.2395 0.5565 -0.0764 0.0625 0.06640625 0.08203125
v -0.2186 0.5346 -0.0664 0.0546875 0.05859375 0.06640625
v -0.2122 0.5601 -0.0746 0.05859375 0.0625 0.078125
v -0.1804 0.5328 -0.0673 0.328125 0.328125 0.3203125
v -0.1740 0.5592 -0.0764 0.07421875 0.0703125 0.09375
v -0.1431 0.5255 -0.0618 0.33984375 0.34375 0.32421875
v -0.1367 0.5528 -0.0691 0.06640625 0.0625 0.0859375
v -0.1303 0.5765 -0.0864 0.03125 0.03125 0.0625
v -0.1094 0.5237 -0.0618 0.2421875 0.24609375 0.2265625
v -0.0966 0.5765 -0.0809 0.05078125 0.05078125 0.08203125
v -0.0730 0.5692 -0.0737 0.09375 0.08984375 0.109375
v -0.0502 0.5119 -0.0509 0.27734375 0.28515625 0.28125
v -0.0430 0.5419 -0.0627 0.34375 0.328125 0.31640625
v -0.0366 0.5665 -0.0691 0.06640625 0.0625 0.08203125
v -0.0302 0.5920 -0.0901 0.04296875 0.0546875 0.07421875
v -0.0129 0.5301 -0.0582 0.2890625 0.28515625 0.26953125
v -0.0065 0.5565 -0.0637 0.1171875 0.109375 0.11328125
v -0.0002 0.5820 -0.0755 0.04296875 0.0546875 0.08203125
v 0.0107 0.5310 -0.0564 0.23828125 0.234375 0.21875
v 0.0171 0.5574 -0.0664 0.23046875 0.23046875 0.23046875
v 0.0235 0.5856 -0.0746 0.0625 0.07421875 0.1015625
v 0.0308 0.5210 -0.0509 0.29296875 0.296875 0.27734375
v 0.0371 0.5474 -0.0627 0.3359375 0.33203125 0.32421875
v 0.0444 0.5756 -0.0718 0.05859375 0.0703125 0.08984375
v 0.0508 0.6020 -0.0846 0.05078125 0.046875 0.06640625
v 0.0635 0.5137 -0.0500 0.27734375 0.265625 0.24609375
v 0.0708 0.5419 -0.0600 0.19140625 0.19140625 0.19140625
v 0.0772 0.5674 -0.0664 0.16796875 0.171875 0.1796875
v 0.1018 0.5401 -0.0491 0.16796875 0.16796875 0.16796875
v 0.1081 0.5647 -0.0646 0.2734375 0.27734375 0.28515625
v 0.1145 0.5901 -0.0764 0.0703125 0.06640625 0.0859375
v 0.1163 0.5082 -0.0427 0.203125 0.203125 0.203125
v 0.1218 0.5328 -0.0518 0.27734375 0.28515625 0.28125
v 0.1291 0.5610 -0.0618 0.29296875 0.29296875 0.29296875
v 0.1354 0.5874 -0.0718 0.04296875 0.046875 0.0625
v 0.1427 0.6138 -0.0846 0.0625 0.06640625 0.0859375
v 0.1436 0.5237 -0.0509 0.234375 0.25 0.24609375
v 0.1500 0.5501 -0.0555 0.05078125 0.05078125 0.05859375
v 0.1573 0.5792 -0.0646 0.21484375 0.21484375 0.20703125
v 0.1627 0.6047 -0.0782 0.03515625 0.046875 0.06640625
v 0.1727 0.5219 -0.0464 0.1796875 0.1875 0.18359375
v 0.1791 0.5492 -0.0536 0.01953125 0.01171875 0.0234375
v 0.1855 0.5738 -0.0627 0.2734375 0.27734375 0.2578125
v 0.1918 0.6011 -0.0737 0.03515625 0.046875 0.07421875
v 0.3411 0.5028 -0.0482 0.30859375 0.3125 0.29296875
v 0.3775 0.5000 -0.0582 0.32421875 0.328125 0.3046875
v 0.2492 0.5046 -0.0364 0.29296875 0.29296875 0.28515625
v 0.2009 0.5892 -0.0709 0.046875 0.046875 0.078125
v 0.2082 0.5610 -0.0609 0.28515625 0.2890625 0.2578125
v 0.2146 0.5337 -0.0473 0.2890625 0.29296875 0.26953125
v 0.2210 0.5064 -0.0391 0.28515625 0.29296875 0.28125
v 0.2319 0.6175 -0.0819 0.0625 0.06640625 0.07421875
v 0.2619 0.6275 -0.0855 0.05078125 0.0546875 0.0625
v 0.2674 0.6020 -0.0737 0.03515625 0.0390625 0.0546875
v 0.2747 0.5756 -0.0627 0.31640625 0.3203125 0.30078125
v 0.2810 0.5474 -0.0518 0.23828125 0.23828125 0.23828125
v 0.2874 0.5228 -0.0418 0.296875 0.29296875 0.27734375
v 0.2901 0.6165 -0.0746 0.0625 0.06640625 0.0859375
v 0.2974 0.5883 -0.0637 0.2109375 0.21484375 0.1953125
v 0.3029 0.5628 -0.0536 0.12890625 0.12890625 0.12890625
v 0.3102 0.5346 -0.0445 0.23828125 0.234375 0.2265625
v 0.3156 0.5101 -0.0254 0.2890625 0.28515625 0.265625
v 0.3138 0.6147 -0.0764 0.046875 0.04296875 0.06640625
v 0.3202 0.5865 -0.0609 0.328125 0.33203125 0.30859375
v 0.3275 0.5583 -0.0527 0.30078125 0.296875 0.28125
v 0.3338 0.5328 -0.0354 0.24609375 0.2421875 0.2265625
v 0.3447 0.6338 -0.0846 0.046875 0.05078125 0.0703125
v 0.3502 0.6102 -0.0718 0.03125 0.03515625 0.05078125
v 0.3566 0.5856 -0.0582 0.3046875 0.30859375 0.2890625
v 0.3639 0.5565 -0.0491 0.25390625 0.25 0.23046875
v 0.3702 0.5283 -0.0573 0.31640625 0.3125 0.29296875
v 0.3784 0.6329 -0.0782 0.08203125 0.0859375 0.1015625
v 0.3848 0.6065 -0.0591 0.015625 0.015625 0.015625
v 0.3921 0.5756 -0.0682 0.34375 0.33203125 0.3125
v 0.3993 0.5474 -0.0682 0.3515625 0.34765625 0.33203125
v 0.4030 0.6357 -0.0746 0.04296875 0.05859375 0.0625
v 0.4103 0.6056 -0.0755 0.28125 0.2734375 0.27734375
v 0.2037 0.5082 -0.0382 0.30859375 0.30859375 0.30078125
v 0.2100 0.5365 -0.0500 0.33203125 0.33203125 0.32421875
v 0.2164 0.5601 -0.0600 0.078125 0.07421875 0.09765625
v 0.2228 0.5892 -0.0682 0.0390625 0.04296875 0.0625
v 0.2301 0.6165 -0.0819 0.0625 0.06640625 0.07421875
v 0.2301 0.5456 -0.0500 0.1171875 0.11328125 0.14453125
v 0.2374 0.5738 -0.0582 0.33203125 0.3359375 0.3046875
v 0.2492 0.6238 -0.0837 0.0390625 0.04296875 0.05078125
v 0.2556 0.5283 -0.0464 0.21484375 0.21875 0.19921875
v 0.2619 0.5556 -0.0518 0.0234375 0.0234375 0.03125
v 0.2683 0.5829 -0.0609 0.3125 0.31640625 0.296875
v 0.2738 0.6065 -0.0718 0.0390625 0.04296875 0.0625
v 0.2829 0.5101 -0.0364 0.30859375 0.3046875 0.2890625
v 0.2892 0.5374 -0.0455 0.25390625 0.25 0.2421875
v 0.2956 0.5619 -0.0536 0.125 0.125 0.125
v 0.3020 0.5911 -0.0637 0.2109375 0.21484375 0.1953125
v 0.3092 0.6193 -0.0755 0.05078125 0.05078125 0.08203125
v 0.3183 0.5128 -0.0345 0.2890625 0.28515625 0.265625
v 0.3256 0.5392 -0.0364 0.2265625 0.22265625 0.21484375
v 0.3311 0.5647 -0.0546 0.18359375 0.18359375 0.19140625
v 0.3384 0.5938 -0.0637 0.3203125 0.32421875 0.3046875
v 0.3457 0.6211 -0.0746 0.06640625 0.0703125 0.08984375
v 0.3438 0.5201 -0.0455 0.33203125 0.31640625 0.3046875
v 0.3502 0.5501 -0.0427 0.28125 0.27734375 0.2578125
v 0.3575 0.5765 -0.0500 0.265625 0.26953125 0.25
v 0.3629 0.6011 -0.0646 0.1640625 0.1640625 0.1640625
v 0.3693 0.6266 -0.0755 0.0625 0.06640625 0.08203125
v 0.3693 0.5137 -0.0555 0.26953125 0.265625 0.24609375
v 0.3766 0.5428 -0.0618 0.37109375 0.3671875 0.34765625
v 0.3830 0.5701 -0.0655 0.296875 0.28515625 0.265625
v 0.3893 0.5974 -0.0646 0.3359375 0.33203125 0.31640625
v 0.3966 0.6256 -0.0709 0.0625 0.06640625 0.07421875
v 0.4057 0.5210 -0.0709 0.3125 0.33203125 0.30859375
v 0.4048 0.5128 -0.0673 0.2890625 0.296875 0.27734375
v 0.4112 0.5383 -0.0737 0.2890625 0.296875 0.27734375
v 0.4175 0.5647 -0.0737 0.203125 0.1875 0.19140625
v 0.4239 0.5938 -0.0873 0.08984375 0.08203125 0.0859375
v -0.3041 -0.1115 0.1029 0.17578125 0.19140625 0.1953125
v -0.2714 -0.1124 0.1056 0.14453125 0.15234375 0.1484375
v -0.2514 -0.0933 0.1129 0.2265625 0.2265625 0.21875
v -0.2441 -0.1252 0.0974 0.203125 0.19921875 0.19140625
v -0.2250 -0.0961 0.1102 0.1640625 0.18359375 0.15625
v -0.2186 -0.1224 0.1020 0.125 0.12109375 0.11328125
v -0.1895 -0.1079 0.1038 0.3359375 0.33984375 0.3203125
v -0.1822 -0.1361 0.0901 0.3515625 0.34375 0.296875
v -0.1604 -0.0842 0.1138 0.3125 0.3125 0.3046875
v -0.1540 -0.1133 0.0983 0.15625 0.15625 0.15625
v -0.1476 -0.1416 0.0847 0.515625 0.4921875 0.4296875
v -0.1349 -0.0970 0.1047 0.33203125 0.328125 0.30859375
v -0.1276 -0.1261 0.0938 0.265625 0.26171875 0.25390625
v -0.1094 -0.0988 0.1020 0.3359375 0.3203125 0.30859375
v -0.1021 -0.1288 0.0883 0.37109375 0.3671875 0.34765625
v -0.0812 -0.0906 0.1056 0.3203125 0.3203125 0.3203125
v -0.0739 -0.1188 0.0938 0.15625 0.16015625 0.140625
v -0.0675 -0.1470 0.0820 0.4453125 0.4296875 0.38671875
v -0.0502 -0.0751 0.1129 0.40234375 0.42578125 0.37109375
v -0.0420 -0.1052 0.0974 0.05859375 0.04296875 0.03125
v -0.0357 -0.1334 0.0856 0.47265625 0.453125 0.375
v -0.0284 -0.1634 0.0738 0.4765625 0.4375 0.3984375
v -0.0266 -0.0651 0.1147 0.375 0.359375 0.32421875
v -0.0193 -0.0933 0.1011 0.3125 0.30859375 0.30078125
v -0.0120 -0.1252 0.0892 0.5234375 0.5 0.453125
v -0.0047 -0.1552 0.0756 0.45703125 0.4296875 0.390625
v -0.0011 -0.0651 0.1093 0.3984375 0.375 0.3828125
v 0.0062 -0.0951 0.0965 0.109375 0.11328125 0.12890625
v 0.0126 -0.1234 0.0856 0.484375 0.4921875 0.44140625
v 0.0198 -0.1507 0.0765 0.45703125 0.44140625 0.3984375
v 0.0271 -0.0633 0.1138 0.2265625 0.234375 0.22265625
v 0.0353 -0.0961 0.0965 0.1015625 0.078125 0.078125
v 0.0417 -0.1243 0.0865 0.44921875 0.42578125 0.37109375
v 0.0490 -0.1525 0.0738 0.46875 0.4453125 0.3984375
v 0.0626 -0.0706 0.1002 0.3046875 0.3125 0.30859375
v 0.0699 -0.0988 0.0929 0.1640625 0.15625 0.10546875
v 0.0835 -0.0615 0.1093 0.2421875 0.25 0.23046875
v 0.0899 -0.0879 0.1002 0.08203125 0.06640625 0.0703125
v 0.0972 -0.1170 0.0901 0.5078125 0.5 0.44921875
v 0.1036 -0.1461 0.0920 0.4296875 0.421875 0.375
v 0.1109 -0.1734 0.0820 0.45703125 0.46484375 0.453125
v 0.1081 -0.0678 0.1029 0.328125 0.328125 0.3359375
v 0.1154 -0.0979 0.0929 0.37109375 0.37109375 0.32421875
v 0.1218 -0.1261 0.0901 0.46484375 0.45703125 0.40625
v 0.1281 -0.1525 0.0911 0.42578125 0.4140625 0.37890625
v 0.1363 -0.1852 0.0628 0.1796875 0.18359375 0.19140625
v 0.1418 -0.0678 0.1002 0.3359375 0.3203125 0.31640625
v 0.1491 -0.0979 0.0929 0.55859375 0.53515625 0.48046875
v 0.1564 -0.1279 0.0783 0.48046875 0.44140625 0.40234375
v 0.1636 -0.1561 0.0665 0.42578125 0.41796875 0.37109375
v 0.1709 -0.1880 0.0547 0.51953125 0.50390625 0.4609375
v 0.1736 -0.0560 0.1083 0.25390625 0.26171875 0.2578125
v 0.1818 -0.0870 0.0947 0.39453125 0.3984375 0.375
v 0.1891 -0.1170 0.0820 0.45703125 0.4609375 0.3984375
v 0.1955 -0.1443 0.0756 0.4453125 0.4296875 0.38671875
v -0.2623 -0.0979 0.1120 0.16015625 0.16796875 0.1640625
v -0.2386 -0.1052 0.1029 0.296875 0.30078125 0.28125
v -0.2013 -0.1070 0.1047 0.30859375 0.31640625 0.296875
v -0.1722 -0.1188 0.0974 0.23828125 0.23046875 0.234375
v -0.1649 -0.0897 0.1083 0.21875 0.21875 0.2109375
v -0.1485 -0.1206 0.0929 0.125 0.125 0.125
v -0.1412 -0.0915 0.1047 0.21875 0.21875 0.2109375
v -0.1276 -0.1270 0.0901 0.265625 0.26171875 0.25390625
v -0.0957 -0.1416 0.0847 0.47265625 0.44921875 0.38671875
v -0.0885 -0.1124 0.0947 0.23828125 0.234375 0.21875
v -0.0812 -0.0806 0.1065 0.15234375 0.16015625 0.1484375
v -0.0648 -0.1443 0.0820 0.4375 0.4296875 0.3828125
v -0.0575 -0.1143 0.0911 0.26953125 0.2578125 0.23046875
v -0.0502 -0.0842 0.1020 0.24609375 0.265625 0.23828125
v -0.0430 -0.1461 0.0801 0.46484375 0.44140625 0.38671875
v -0.0357 -0.1161 0.0911 0.34375 0.33203125 0.2734375
v -0.0293 -0.0870 0.1056 0.52734375 0.5078125 0.484375
v -0.0220 -0.1534 0.0765 0.47265625 0.44140625 0.390625
v -0.0147 -0.1243 0.0874 0.5546875 0.5234375 0.47265625
v -0.0084 -0.0979 0.0947 0.0625 0.05859375 0.078125
v -0.0011 -0.0697 0.1056 0.2734375 0.26953125 0.26171875
v 0.0062 -0.1616 0.0710 0.45703125 0.4296875 0.390625
v 0.0126 -0.1334 0.0810 0.453125 0.453125 0.40625
v 0.0208 -0.1015 0.0938 0.1171875 0.12109375 0.12890625
v 0.0280 -0.0733 0.1038 0.23046875 0.23828125 0.2265625
v 0.0371 -0.1725 0.0701 0.4609375 0.43359375 0.39453125
v 0.0572 -0.1661 0.0656 0.44921875 0.44140625 0.3828125
v 0.0644 -0.1370 0.0756 0.4375 0.42578125 0.390625
v 0.0708 -0.1097 0.0856 0.5078125 0.49609375 0.4375
v 0.0781 -0.0806 0.0974 0.3203125 0.31640625 0.30859375
v 0.0845 -0.0515 0.1102 0.26171875 0.2734375 0.24609375
v 0.0817 -0.1843 0.0601 0.59765625 0.6015625 0.5703125
v 0.0890 -0.1552 0.0729 0.44921875 0.44921875 0.40234375
v 0.0963 -0.1252 0.0874 0.4609375 0.46484375 0.41015625
v 0.1027 -0.0988 0.0911 0.296875 0.28125 0.23828125
v 0.1099 -0.0688 0.1011 0.328125 0.328125 0.3359375
v 0.1163 -0.1725 0.0810 0.4375 0.4296875 0.43359375
v 0.1236 -0.1434 0.0901 0.44140625 0.43359375 0.3828125
v 0.1309 -0.1133 0.0865 0.46484375 0.453125 0.38671875
v 0.1382 -0.0851 0.0947 0.10546875 0.08203125 0.08203125
v 0.1445 -0.0560 0.1056 0.25 0.25 0.2421875
v 0.1463 -0.1962 0.0547 0.40625 0.46875 0.41796875
v 0.1536 -0.1670 0.0756 0.59765625 0.62109375 0.57421875
v 0.1600 -0.1406 0.0729 0.4375 0.4375 0.390625
v 0.1673 -0.1106 0.0865 0.5078125 0.4765625 0.42578125
v 0.1736 -0.0842 0.0920 0.0390625 0.03125 0.03515625
v 0.1809 -0.0542 0.1065 0.29296875 0.30859375 0.3046875
v 0.1700 -0.1925 0.0556 0.51953125 0.50390625 0.4609375
v 0.1782 -0.1616 0.0647 0.45703125 0.44921875 0.3984375
v 0.1846 -0.1343 0.0747 0.47265625 0.45703125 0.4140625
v 0.1918 -0.1042 0.0874 0.47265625 0.46484375 0.40625
v 0.2028 -0.1734 0.0638 0.47265625 0.46484375 0.4140625
v 0.2091 -0.2016 0.0528 0.45703125 0.44140625 0.39453125
v 0.2055 -0.0542 0.1038 0.3046875 0.3046875 0.296875
v 0.2128 -0.0833 0.0892 0.15234375 0.15234375 0.12109375
v 0.2201 -0.1133 0.0774 0.4609375 0.4296875 0.38671875
v 0.2273 -0.1443 0.0692 0.484375 0.4609375 0.4140625
v 0.2346 -0.1725 0.0565 0.4765625 0.4609375 0.4140625
v 0.2419 -0.2034 0.0465 0.4375 0.421875 0.37890625
v 0.2301 -0.0560 0.1029 0.31640625 0.31640625 0.30859375
v 0.2383 -0.0879 0.0920 0.5 0.4921875 0.44140625
v 0.2446 -0.1152 0.0810 0.44921875 0.42578125 0.37890625
v 0.2519 -0.1452 0.0692 0.46875 0.4453125 0.3984375
v 0.2583 -0.1734 0.0610 0.453125 0.4375 0.390625
v 0.2738 -0.0806 0.0920 0.38671875 0.375 0.33984375
v 0.2801 -0.1088 0.0792 0.4765625 0.453125 0.3984375
v 0.2865 -0.1352 0.0710 0.4609375 0.4453125 0.3984375
v 0.2947 -0.1670 0.0583 0.46875 0.44140625 0.40234375
v 0.3011 -0.1953 0.0483 0.45703125 0.4296875 0.390625
v 0.3083 -0.2226 0.0401 0.45703125 0.44140625 0.39453125
v 0.2983 -0.0360 0.1065 0.2265625 0.2265625 0.2265625
v 0.3056 -0.0660 0.0965 0.125 0.1484375 0.1484375
v 0.3120 -0.0951 0.0847 0.4609375 0.4375 0.3828125
v 0.3193 -0.1243 0.0729 0.4609375 0.453125 0.40234375
v 0.3265 -0.1534 0.0628 0.4609375 0.43359375 0.39453125
v 0.3338 -0.1834 0.0510 0.44921875 0.421875 0.3828125
v 0.3402 -0.2116 0.0410 0.4453125 0.4296875 0.39453125
v 0.3284 -0.0424 0.1038 0.30078125 0.30859375 0.296875
v 0.3347 -0.0688 0.0929 0.29296875 0.30859375 0.3046875
v 0.3420 -0.0997 0.0820 0.46875 0.4453125 0.390625
v 0.3493 -0.1306 0.0710 0.44921875 0.44140625 0.3828125
v 0.3566 -0.1598 0.0565 0.46875 0.4453125 0.3984375
v 0.3639 -0.1898 0.0492 0.45703125 0.4296875 0.390625
v 0.3711 -0.2207 0.0374 0.44921875 0.44140625 0.390625
v 0.3511 -0.0333 0.1047 0.28125 0.28515625 0.265625
v 0.3593 -0.0642 0.0938 0.06640625 0.0703125 0.078125
v 0.3666 -0.0951 0.0792 0.45703125 0.43359375 0.38671875
v 0.3730 -0.1224 0.0701 0.45703125 0.44921875 0.3984375
v 0.3802 -0.1516 0.0574 0.484375 0.4609375 0.4140625
v 0.3875 -0.1798 0.0519 0.48046875 0.44921875 0.40625
v 0.3939 -0.2098 0.0392 0.4609375 0.4375 0.375
v 0.4012 -0.2389 0.0283 0.45703125 0.44140625 0.3984375
v 0.3875 -0.0278 0.1047 0.24609375 0.2421875 0.234375
v 0.3948 -0.0587 0.0956 0.2578125 0.25 0.19921875
v 0.4021 -0.0897 0.0792 0.43359375 0.421875 0.36328125
v 0.4094 -0.1161 0.0729 0.47265625 0.4609375 0.40234375
v 0.4157 -0.1461 0.0628 0.48046875 0.4453125 0.41015625
v 0.4239 -0.1780 0.0483 0.4375 0.421875 0.37890625
v 0.4376 -0.2362 0.0246 0.4609375 0.4453125 0.40234375
v 0.4185 -0.0205 0.1138 0.2421875 0.25 0.23828125
v 0.4266 -0.0533 0.0974 0.3671875 0.3828125 0.328125
v 0.4330 -0.0806 0.0874 0.74609375 0.7421875 0.671875
v 0.4403 -0.1106 0.0747 0.46484375 0.4453125 0.37109375
v 0.4467 -0.1388 0.0619 0.45703125 0.43359375 0.37890625
v 0.4549 -0.1707 0.0501 0.453125 0.4453125 0.3984375
v 0.4612 -0.1980 0.0401 0.4765625 0.44921875 0.41796875
v 0.4676 -0.2253 0.0292 0.45703125 0.44140625 0.3984375
v 0.4749 -0.2562 0.0164 0.45703125 0.44140625 0.3984375
v 0.4476 -0.0360 0.1083 0.421875 0.44921875 0.37890625
v 0.4549 -0.0633 0.0892 0.3828125 0.38671875 0.3671875
v 0.4612 -0.0933 0.0801 0.38671875 0.4140625 0.3515625
v 0.4685 -0.1243 0.0701 0.41796875 0.40625 0.34765625
v 0.4758 -0.1516 0.0574 0.45703125 0.4453125 0.38671875
v 0.4831 -0.1798 0.0428 0.4453125 0.4296875 0.38671875
v 0.4904 -0.2107 0.0337 0.45703125 0.44140625 0.39453125
v 0.4967 -0.2389 0.0246 0.44140625 0.4296875 0.39453125
v 0.4785 -0.0651 0.0920 0.43359375 0.421875 0.38671875
v 0.4849 -0.0961 0.0774 0.27734375 0.30078125 0.26171875
v 0.4922 -0.1243 0.0674 0.76953125 0.78515625 0.6953125
v 0.4995 -0.1543 0.0565 0.4453125 0.43359375 0.3671875
v 0.5067 -0.1852 0.0419 0.421875 0.3984375 0.3515625
v 0.5140 -0.2125 0.0328 0.45703125 0.44140625 0.39453125
v 0.5213 -0.2417 0.0219 0.421875 0.41015625 0.375
v 0.5286 -0.2717 0.0119 0.4140625 0.40234375 0.3671875
v 0.5222 -0.0979 0.0765 0.48828125 0.48046875 0.43359375
v 0.5286 -0.1270 0.0638 0.1328125 0.16015625 0.12890625
v 0.5368 -0.1588 0.0537 0.703125 0.72265625 0.63671875
v 0.5440 -0.1898 0.0374 0.41796875 0.421875 0.3671875
v 0.5513 -0.2180 0.0283 0.44140625 0.4140625 0.375
v 0.5577 -0.2471 0.0182 0.4140625 0.40234375 0.3671875
v 0.5650 -0.2762 0.0064 0.44921875 0.4375 0.40234375
v 0.5632 -0.1334 0.0619 0.56640625 0.53515625 0.4921875
v 0.5714 -0.1643 0.0474 0.15625 0.17578125 0.15234375
v 0.5786 -0.1934 0.0374 0.609375 0.625 0.55859375
v 0.5850 -0.2226 0.0264 0.37890625 0.36328125 0.3203125
v 0.5932 -0.2535 0.0119 0.40234375 0.390625 0.35546875
v 0.5996 -0.2835 0.0010 0.38671875 0.375 0.33984375
v 0.5950 -0.1588 0.0510 0.32421875 0.34375 0.31640625
v 0.6032 -0.1916 0.0374 0.328125 0.328125 0.28125
v 0.6096 -0.2198 0.0246 0.51953125 0.51171875 0.46484375
v 0.6241 -0.1734 0.0483 0.3515625 0.33984375 0.3203125
v 0.6305 -0.2025 0.0301 0.08203125 0.09765625 0.1015625
v 0.6378 -0.2317 0.0219 0.55078125 0.54296875 0.4921875
v 0.6442 -0.2599 0.0119 0.33203125 0.3359375 0.28125
v 0.6523 -0.2899 -0.0018 0.29296875 0.29296875 0.24609375
v 0.6687 -0.2171 0.0237 0.2265625 0.24609375 0.23046875
v 0.6760 -0.2462 0.0128 0.38671875 0.390625 0.3671875
v 0.6833 -0.2762 0.0000 0.46484375 0.47265625 0.4296875
v 0.7133 -0.2617 0.0073 0.0625 0.06640625 0.07421875
v 0.7206 -0.2908 -0.0045 0.5859375 0.58984375 0.51953125
v 0.7452 -0.2726 0.0000 0.22265625 0.23046875 0.2265625
v 0.7525 -0.3017 -0.0127 0.12890625 0.1328125 0.1484375
v 0.7825 -0.3117 -0.0163 0.0625 0.07421875 0.09375
v 0.1991 -0.0733 0.0992 0.18359375 0.1796875 0.171875
v 0.2064 -0.0433 0.1111 0.21484375 0.21875 0.19921875
v 0.1973 -0.1943 0.0519 0.46484375 0.4375 0.3984375
v 0.2037 -0.1661 0.0601 0.45703125 0.44140625 0.39453125
v 0.2110 -0.1361 0.0719 0.48046875 0.44921875 0.40625
v 0.2173 -0.1097 0.0810 0.45703125 0.4296875 0.390625
v 0.2255 -0.0788 0.0920 0.1875 0.1875 0.15625
v 0.2319 -0.0487 0.1038 0.2109375 0.21484375 0.1953125
v 0.2319 -0.1980 0.0474 0.4453125 0.4296875 0.3828125
v 0.2383 -0.1725 0.0601 0.4765625 0.4609375 0.4140625
v 0.2455 -0.1443 0.0683 0.48828125 0.46484375 0.41796875
v 0.2528 -0.1124 0.0810 0.46484375 0.44921875 0.40234375
v 0.2592 -0.0860 0.0883 0.515625 0.5 0.453125
v 0.2656 -0.0578 0.0983 0.2734375 0.27734375 0.28515625
v 0.2701 -0.2062 0.0428 0.42578125 0.41015625 0.3671875
v 0.2774 -0.1771 0.0574 0.4453125 0.41796875 0.37890625
v 0.2838 -0.1497 0.0656 0.4375 0.41015625 0.37109375
v 0.2910 -0.1179 0.0729 0.4375 0.421875 0.375
v 0.2983 -0.0888 0.0847 0.5 0.46875 0.41796875
v 0.3047 -0.0624 0.0974 0.125 0.1484375 0.1484375
v 0.3120 -0.0314 0.1047 0.25 0.2421875 0.24609375
v 0.3011 -0.2053 0.0446 0.43359375 0.41796875 0.375
v 0.3092 -0.1743 0.0565 0.45703125 0.421875 0.38671875
v 0.3165 -0.1452 0.0638 0.4453125 0.4296875 0.38671875
v 0.3229 -0.1152 0.0783 0.43359375 0.42578125 0.375
v 0.3311 -0.0842 0.0874 0.5078125 0.4921875 0.44921875
v 0.3384 -0.0542 0.0983 0.26171875 0.28125 0.265625
v 0.3447 -0.0269 0.1083 0.2265625 0.22265625 0.21484375
v 0.3302 -0.2125 0.0392 0.453125 0.4375 0.39453125
v 0.3375 -0.1816 0.0474 0.44921875 0.421875 0.3828125
v 0.3447 -0.1525 0.0628 0.46875 0.4453125 0.3984375
v 0.3511 -0.1261 0.0692 0.4453125 0.4375 0.37890625
v 0.3584 -0.0979 0.0783 0.46484375 0.44140625 0.38671875
v 0.3657 -0.0669 0.0920 0.09375 0.09375 0.0859375
v 0.3730 -0.0378 0.1011 0.32421875 0.32421875 0.31640625
v 0.3666 -0.2271 0.0328 0.4453125 0.4375 0.390625
v 0.3739 -0.1980 0.0419 0.453125 0.4296875 0.3828125
v 0.3802 -0.1707 0.0556 0.47265625 0.44140625 0.3984375
v 0.3884 -0.1397 0.0647 0.4609375 0.4453125 0.40234375
v 0.3948 -0.1097 0.0756 0.44921875 0.44140625 0.390625
v 0.4021 -0.0806 0.0865 0.484375 0.47265625 0.40625
v 0.4094 -0.0515 0.0947 0.1640625 0.16015625 0.14453125
v 0.4166 -0.0214 0.1093 0.2421875 0.25 0.23828125
v 0.4048 -0.2198 0.0319 0.453125 0.4296875 0.375
v 0.4112 -0.1916 0.0419 0.4609375 0.4375 0.390625
v 0.4185 -0.1616 0.0556 0.453125 0.42578125 0.38671875
v 0.4248 -0.1334 0.0619 0.4765625 0.4453125 0.40234375
v 0.4458 -0.0478 0.0983 0.4296875 0.44921875 0.36328125
v 0.4276 -0.2480 0.0228 0.453125 0.4375 0.39453125
v 0.4339 -0.2207 0.0337 0.453125 0.4453125 0.3984375
v 0.4412 -0.1925 0.0410 0.44140625 0.4296875 0.39453125
v 0.4485 -0.1634 0.0528 0.453125 0.4375 0.39453125
v 0.4549 -0.1361 0.0619 0.48046875 0.45703125 0.40234375
v 0.4621 -0.1061 0.0729 0.71875 0.73046875 0.6640625
v 0.4694 -0.0760 0.0847 0.34765625 0.34765625 0.30078125
v 0.4585 -0.2344 0.0274 0.46875 0.453125 0.41015625
v 0.4649 -0.2080 0.0355 0.484375 0.45703125 0.42578125
v 0.4712 -0.1789 0.0456 0.47265625 0.45703125 0.4140625
v 0.4794 -0.1479 0.0574 0.4375 0.42578125 0.359375
v 0.4858 -0.1206 0.0674 0.75390625 0.76171875 0.70703125
v 0.4931 -0.0915 0.0765 0.40234375 0.42578125 0.38671875
v 0.4894 -0.2590 0.0155 0.4296875 0.41796875 0.3828125
v 0.4967 -0.2298 0.0237 0.44921875 0.44140625 0.39453125
v 0.5031 -0.1998 0.0383 0.43359375 0.40625 0.3671875
v 0.5104 -0.1716 0.0474 0.4453125 0.4296875 0.3828125
v 0.5177 -0.1416 0.0592 0.796875 0.80859375 0.734375
v 0.5249 -0.1097 0.0692 0.625 0.625 0.578125
v 0.5268 -0.2599 0.0164 0.4375 0.42578125 0.390625
v 0.5340 -0.2298 0.0246 0.4375 0.421875 0.38671875
v 0.5413 -0.1989 0.0365 0.46484375 0.44921875 0.40234375
v 0.5486 -0.1698 0.0528 0.63671875 0.65625 0.578125
v 0.5550 -0.1416 0.0556 0.1328125 0.10546875 0.08203125
v 0.5541 -0.2462 0.0155 0.4140625 0.40234375 0.3671875
v 0.5613 -0.2189 0.0246 0.4375 0.4140625 0.3671875
v 0.5677 -0.1898 0.0374 0.44921875 0.46484375 0.3984375
v 0.5759 -0.1579 0.0519 0.22265625 0.2421875 0.21875
v 0.5777 -0.2562 0.0119 0.41015625 0.3984375 0.36328125
v 0.5850 -0.2271 0.0246 0.37890625 0.36328125 0.3203125
v 0.5914 -0.1980 0.0346 0.69140625 0.69921875 0.6171875
v 0.5987 -0.1689 0.0456 0.23828125 0.22265625 0.21875
v 0.6114 -0.2371 0.0164 0.35546875 0.34375 0.30859375
v 0.6260 -0.1798 0.0419 0.30859375 0.29296875 0.28125
v 0.6314 -0.2772 0.0019 0.3828125 0.3828125 0.3515625
v 0.6387 -0.2508 0.0128 0.390625 0.37890625 0.34375
v 0.6460 -0.2189 0.0219 0.1015625 0.125 0.109375
v 0.6533 -0.1898 0.0355 0.35546875 0.375 0.3515625
v 0.6523 -0.2772 0.0000 0.33984375 0.33984375 0.29296875
v 0.6605 -0.2453 0.0137 0.640625 0.640625 0.59375
v 0.6678 -0.2153 0.0255 0.2265625 0.24609375 0.23046875
v 0.6715 -0.2753 -0.0009 0.3125 0.3203125 0.27734375
v 0.6778 -0.2444 0.0119 0.38671875 0.390625 0.3671875
v 0.6960 -0.3008 -0.0081 0.3046875 0.29296875 0.265625
v 0.7033 -0.2735 0.0010 0.60546875 0.609375 0.578125
v 0.7097 -0.2453 0.0164 0.265625 0.28515625 0.26953125
v 0.7333 -0.2799 -0.0018 0.0859375 0.0859375 0.09375
v 0.7515 -0.3008 -0.0063 0.3359375 0.34375 0.33203125
v 0.7588 -0.2717 0.0064 0.24609375 0.25390625 0.2421875
v 0.7789 -0.2890 0.0010 0.26953125 0.29296875 0.28515625
v 0.8080 -0.3117 -0.0145 0.12890625 0.125 0.15625
v -0.7419 -0.5902 -0.0500 0.34375 0.33203125 0.3046875
v -0.6882 -0.5857 -0.0491 0.27734375 0.2734375 0.25390625
v -0.5417 -0.5738 -0.0546 0.34765625 0.33203125 0.3203125
v -0.5135 -0.5566 -0.0491 0.265625 0.26171875 0.2421875
v -0.4880 -0.5465 -0.0482 0.33203125 0.3203125 0.30078125
v -0.4616 -0.5456 -0.0482 0.3203125 0.31640625 0.296875
v -0.3897 -0.5475 -0.0500 0.27734375 0.2734375 0.25390625
v -0.3669 -0.5420 -0.0518 0.28515625 0.28125 0.2734375
v -0.3478 -0.5338 -0.0500 0.32421875 0.3203125 0.3046875
v -0.3114 -0.5447 -0.0518 0.30078125 0.296875 0.28125
v -0.2832 -0.5220 -0.0473 0.25390625 0.2578125 0.234375
v -0.2759 -0.5520 -0.0609 0.2890625 0.28515625 0.27734375
v -0.2596 -0.5274 -0.0491 0.27734375 0.28125 0.2578125
v -0.2377 -0.5256 -0.0509 0.21875 0.22265625 0.23828125
v -0.2059 -0.5192 -0.0527 0.2734375 0.27734375 0.2578125
v -0.1995 -0.5475 -0.0627 0.31640625 0.3203125 0.30078125
v -0.1740 -0.5202 -0.0491 0.3046875 0.30078125 0.28125
v -0.1513 -0.5092 -0.0482 0.29296875 0.2890625 0.28125
v -0.1449 -0.5384 -0.0600 0.33203125 0.328125 0.3125
v -0.1267 -0.5083 -0.0491 0.26953125 0.26953125 0.26171875
v -0.1194 -0.5384 -0.0582 0.2734375 0.265625 0.26953125
v -0.0894 -0.5202 -0.0509 0.36328125 0.3515625 0.33203125
v -0.0548 -0.5229 -0.0582 0.265625 0.26171875 0.24609375
v -0.0430 -0.4774 -0.0409 0.3203125 0.31640625 0.296875
v -0.0366 -0.5065 -0.0518 0.28125 0.27734375 0.2578125
v -0.0184 -0.4774 -0.0418 0.3046875 0.30078125 0.28515625
v -0.0111 -0.5074 -0.0536 0.26171875 0.265625 0.24609375
v 0.0117 -0.4728 -0.0427 0.3359375 0.33203125 0.31640625
v 0.0180 -0.5019 -0.0509 0.1484375 0.1484375 0.1484375
v 0.0426 -0.4592 -0.0382 0.24609375 0.2421875 0.234375
v 0.0499 -0.4874 -0.0500 0.2265625 0.2265625 0.2265625
v 0.0572 -0.5174 -0.0618 0.2265625 0.234375 0.23046875
v 0.0735 -0.4792 -0.0491 0.1953125 0.1953125 0.1875
v 0.0808 -0.5110 -0.0591 0.20703125 0.20703125 0.19921875
v 0.1272 -0.4756 -0.0455 0.24609375 0.24609375 0.24609375
v 0.1336 -0.5047 -0.0582 0.1953125 0.203125 0.19921875
v 0.1536 -0.4464 -0.0409 0.30859375 0.3046875 0.2890625
v 0.1609 -0.4783 -0.0509 0.19921875 0.20703125 0.203125
v 0.1682 -0.5083 -0.0655 0.2265625 0.234375 0.23046875
v 0.1755 -0.4419 -0.0391 0.2734375 0.26953125 0.25390625
v 0.1818 -0.4701 -0.0500 0.2109375 0.2109375 0.203125
v 0.1891 -0.5010 -0.0600 0.22265625 0.23046875 0.21875
v -0.6463 -0.5802 -0.0527 0.33984375 0.33984375 0.30859375
v -0.6199 -0.5757 -0.0482 0.26953125 0.26953125 0.26171875
v -0.5107 -0.5529 -0.0482 0.2421875 0.23828125 0.22265625
v -0.4843 -0.5493 -0.0509 0.375 0.36328125 0.34375
v -0.4461 -0.5547 -0.0509 0.28125 0.27734375 0.26171875
v -0.4088 -0.5611 -0.0582 0.3125 0.30859375 0.2890625
v -0.3751 -0.5629 -0.0564 0.34375 0.33984375 0.32421875
v -0.3688 -0.5347 -0.0455 0.3046875 0.30078125 0.29296875
v -0.3451 -0.5420 -0.0518 0.3125 0.30859375 0.29296875
v -0.3069 -0.5393 -0.0518 0.3046875 0.30078125 0.28515625
v -0.2714 -0.5274 -0.0491 0.22265625 0.2265625 0.203125
v -0.2486 -0.5302 -0.0518 0.2421875 0.25 0.23828125
v -0.2277 -0.5393 -0.0546 0.1875 0.19140625 0.2109375
v -0.2204 -0.5083 -0.0482 0.26171875 0.2578125 0.2421875
v -0.1886 -0.5202 -0.0536 0.203125 0.20703125 0.18359375
v -0.1567 -0.5202 -0.0564 0.328125 0.32421875 0.31640625
v -0.1139 -0.5338 -0.0582 0.2734375 0.265625 0.26953125
v -0.1076 -0.5056 -0.0509 0.26953125 0.26953125 0.26171875
v -0.0794 -0.5120 -0.0509 0.40234375 0.390625 0.36328125
v -0.0721 -0.4837 -0.0445 0.3671875 0.35546875 0.3359375
v -0.0484 -0.5256 -0.0591 0.25390625 0.25 0.234375
v -0.0402 -0.4928 -0.0473 0.30078125 0.296875 0.27734375
v -0.0284 -0.5165 -0.0555 0.28515625 0.28515625 0.27734375
v -0.0211 -0.4874 -0.0482 0.28515625 0.28125 0.265625
v -0.0020 -0.5302 -0.0618 0.19140625 0.19140625 0.19140625
v 0.0044 -0.5010 -0.0518 0.234375 0.234375 0.2265625
v 0.0117 -0.4719 -0.0418 0.3359375 0.33203125 0.31640625
v 0.0317 -0.5211 -0.0627 0.203125 0.1953125 0.19921875
v 0.0390 -0.4910 -0.0500 0.17578125 0.17578125 0.17578125
v 0.0453 -0.4637 -0.0400 0.24609375 0.2421875 0.234375
v 0.0672 -0.5220 -0.0646 0.1796875 0.1875 0.18359375
v 0.0744 -0.4910 -0.0546 0.22265625 0.22265625 0.21484375
v 0.0817 -0.4628 -0.0427 0.19140625 0.19140625 0.19140625
v 0.0926 -0.5129 -0.0582 0.19921875 0.19921875 0.19921875
v 0.0990 -0.4865 -0.0527 0.2265625 0.2265625 0.2265625
v 0.1063 -0.4574 -0.0409 0.2265625 0.2265625 0.2265625
v 0.1190 -0.5165 -0.0637 0.1953125 0.203125 0.19921875
v 0.1263 -0.4874 -0.0527 0.17578125 0.17578125 0.17578125
v 0.1327 -0.4574 -0.0427 0.32421875 0.3203125 0.3125
v 0.1609 -0.4892 -0.0555 0.18359375 0.19140625 0.1875
v 0.1673 -0.4637 -0.0473 0.25390625 0.25390625 0.24609375
v 0.2000 -0.4519 -0.0409 0.24609375 0.2421875 0.22265625
v 0.2073 -0.4801 -0.0518 0.3203125 0.31640625 0.296875
v 0.2146 -0.5092 -0.0637 0.3359375 0.33203125 0.31640625
v 0.2346 -0.4510 -0.0445 0.28125 0.27734375 0.2578125
v 0.2419 -0.4828 -0.0555 0.33984375 0.3359375 0.31640625
v 0.2974 -0.4355 -0.0418 0.42578125 0.4140625 0.37890625
v 0.3047 -0.4637 -0.0564 0.40234375 0.40234375 0.37109375
v 0.3120 -0.4928 -0.0646 0.40234375 0.40234375 0.36328125
v 0.3220 -0.4346 -0.0400 0.43359375 0.421875 0.38671875
v 0.3284 -0.4637 -0.0536 0.421875 0.4140625 0.3671875
v 0.3356 -0.4938 -0.0627 0.41796875 0.40625 0.37109375
v 0.3575 -0.4282 -0.0409 0.44921875 0.4375 0.40234375
v 0.3657 -0.4601 -0.0509 0.43359375 0.421875 0.39453125
v 0.3730 -0.4910 -0.0646 0.41796875 0.41796875 0.38671875
v 0.3912 -0.4200 -0.0400 0.42578125 0.4140625 0.37890625
v 0.3984 -0.4492 -0.0518 0.421875 0.41015625 0.3828125
v 0.4048 -0.4774 -0.0609 0.39453125 0.39453125 0.36328125
v 0.4212 -0.4255 -0.0427 0.42578125 0.4140625 0.37890625
v 0.4276 -0.4537 -0.0500 0.41015625 0.3984375 0.37109375
v 0.4357 -0.4847 -0.0637 0.4140625 0.4140625 0.3828125
v 0.4803 -0.4091 -0.0400 0.37890625 0.3671875 0.33203125
v 0.4867 -0.4382 -0.0473 0.42578125 0.4140625 0.38671875
v 0.4949 -0.4701 -0.0618 0.32421875 0.3203125 0.30078125
v 0.5167 -0.4282 -0.0464 0.375 0.37109375 0.3515625
v 0.5249 -0.4601 -0.0600 0.3515625 0.34765625 0.328125
v 0.5313 -0.4892 -0.0700 0.37109375 0.3671875 0.34765625
v 0.5395 -0.4164 -0.0409 0.41015625 0.41015625 0.37890625
v 0.5468 -0.4455 -0.0536 0.26171875 0.2578125 0.23828125
v 0.5541 -0.4765 -0.0673 0.30859375 0.3046875 0.2890625
v 0.5641 -0.4219 -0.0482 0.35546875 0.3515625 0.33203125
v 0.5714 -0.4501 -0.0573 0.2265625 0.22265625 0.20703125
v 0.5777 -0.4774 -0.0655 0.328125 0.32421875 0.30859375
v 0.6005 -0.4228 -0.0473 0.28515625 0.2890625 0.26953125
v 0.6087 -0.4546 -0.0591 0.26953125 0.2734375 0.25390625
v 0.6423 -0.4592 -0.0655 0.3359375 0.33203125 0.31640625
v 0.6596 -0.4219 -0.0509 0.27734375 0.2734375 0.25390625
v 0.6660 -0.4519 -0.0618 0.23046875 0.24609375 0.25
v 0.6797 -0.4055 -0.0455 0.29296875 0.2890625 0.26953125
v 0.6878 -0.4364 -0.0591 0.28125 0.26953125 0.25
v 0.6951 -0.4665 -0.0691 0.33203125 0.31640625 0.3046875
v 0.7188 -0.4237 -0.0555 0.2578125 0.2578125 0.25
v 0.7261 -0.4546 -0.0664 0.09375 0.09765625 0.1171875
v 0.7488 -0.4073 -0.0482 0.07421875 0.078125 0.0859375
v 0.7561 -0.4364 -0.0600 0.1875 0.1875 0.1875
v 0.7634 -0.4674 -0.0728 0.06640625 0.06640625 0.07421875
v 0.7807 -0.4191 -0.0582 0.16015625 0.1640625 0.171875
v 0.7889 -0.4501 -0.0709 0.23046875 0.23046875 0.23046875
v 0.8453 -0.4182 -0.0609 0.26171875 0.26171875 0.26171875
v 0.8535 -0.4501 -0.0728 0.10546875 0.109375 0.08984375
v 0.8808 -0.4155 -0.0609 0.1015625 0.1015625 0.109375
v 0.8881 -0.4446 -0.0709 0.3203125 0.3125 0.31640625
v 0.9081 -0.4091 -0.0555 0.1171875 0.12109375 0.140625
v 0.9154 -0.4382 -0.0682 0.546875 0.5546875 0.5
v 0.9418 -0.4164 -0.0573 0.11328125 0.125 0.14453125
v 0.9490 -0.4473 -0.0764 0.44140625 0.45703125 0.40234375
v 0.2009 -0.4928 -0.0609 0.2890625 0.28515625 0.26953125
v 0.2310 -0.4956 -0.0609 0.3203125 0.31640625 0.296875
v 0.2383 -0.4665 -0.0518 0.30859375 0.3046875 0.28515625
v 0.2455 -0.4355 -0.0382 0.28125 0.27734375 0.2578125
v 0.2592 -0.5083 -0.0682 0.37890625 0.3828125 0.359375
v 0.2665 -0.4774 -0.0564 0.33984375 0.3359375 0.31640625
v 0.2738 -0.4483 -0.0473 0.33203125 0.33203125 0.30078125
v 0.3020 -0.4928 -0.0627 0.41015625 0.41015625 0.37890625
v 0.3092 -0.4628 -0.0482 0.421875 0.41015625 0.375
v 0.3165 -0.4328 -0.0427 0.43359375 0.421875 0.38671875
v 0.3402 -0.4828 -0.0609 0.4296875 0.41796875 0.3828125
v 0.3475 -0.4564 -0.0491 0.421875 0.41015625 0.375
v 0.3538 -0.4273 -0.0418 0.44921875 0.4375 0.40234375
v 0.3711 -0.4828 -0.0591 0.4296875 0.4296875 0.3984375
v 0.3784 -0.4537 -0.0500 0.41015625 0.3984375 0.36328125
v 0.3848 -0.4255 -0.0418 0.42578125 0.4140625 0.37890625
v 0.4021 -0.4655 -0.0564 0.421875 0.41015625 0.3828125
v 0.4166 -0.4082 -0.0364 0.43359375 0.421875 0.38671875
v 0.4339 -0.4901 -0.0655 0.42578125 0.42578125 0.39453125
v 0.4394 -0.4628 -0.0573 0.43359375 0.421875 0.39453125
v 0.4467 -0.4328 -0.0482 0.44140625 0.4296875 0.40234375
v 0.4703 -0.4928 -0.0691 0.390625 0.390625 0.359375
v 0.4767 -0.4646 -0.0573 0.32421875 0.3125 0.28515625
v 0.4840 -0.4364 -0.0482 0.42578125 0.4140625 0.38671875
v 0.4913 -0.4046 -0.0354 0.38671875 0.3828125 0.36328125
v 0.4976 -0.4828 -0.0682 0.35546875 0.3515625 0.33203125
v 0.5049 -0.4528 -0.0536 0.28125 0.27734375 0.2578125
v 0.5122 -0.4228 -0.0445 0.3671875 0.36328125 0.34375
v 0.5286 -0.4601 -0.0609 0.3515625 0.34765625 0.328125
v 0.5359 -0.4310 -0.0509 0.4140625 0.41015625 0.390625
v 0.5559 -0.4701 -0.0637 0.30859375 0.3046875 0.2890625
v 0.5613 -0.4437 -0.0527 0.26953125 0.265625 0.25
v 0.5695 -0.4128 -0.0455 0.2890625 0.28515625 0.265625
v 0.5832 -0.4783 -0.0709 0.34765625 0.34375 0.328125
v 0.5896 -0.4519 -0.0600 0.22265625 0.2265625 0.20703125
v 0.5968 -0.4210 -0.0482 0.3046875 0.30078125 0.28515625
v 0.6041 -0.4774 -0.0673 0.41015625 0.40625 0.390625
v 0.6114 -0.4483 -0.0591 0.32421875 0.328125 0.30859375
v 0.6178 -0.4200 -0.0491 0.26953125 0.265625 0.2578125
v 0.6287 -0.4492 -0.0627 0.25390625 0.2578125 0.23828125
v 0.6360 -0.4210 -0.0518 0.30078125 0.296875 0.28125
v 0.6605 -0.4510 -0.0627 0.296875 0.30078125 0.30859375
v 0.6678 -0.4200 -0.0500 0.296875 0.296875 0.265625
v 0.6924 -0.4537 -0.0637 0.27734375 0.26171875 0.25
v 0.6988 -0.4255 -0.0564 0.25390625 0.25 0.234375
v 0.7161 -0.4501 -0.0655 0.08984375 0.109375 0.1328125
v 0.7233 -0.4191 -0.0573 0.3046875 0.30078125 0.28515625
v 0.7361 -0.4628 -0.0709 0.16015625 0.16015625 0.16796875
v 0.7725 -0.4601 -0.0709 0.08203125 0.09765625 0.109375
v 0.7798 -0.4291 -0.0646 0.109375 0.10546875 0.12890625
v 0.8107 -0.4546 -0.0728 0.24609375 0.25 0.21875
v 0.8180 -0.4228 -0.0609 0.23828125 0.23828125 0.23046875
v 0.8380 -0.4519 -0.0718 0.2890625 0.29296875 0.26171875
v 0.8453 -0.4219 -0.0618 0.3125 0.3125 0.3046875
v 0.8644 -0.4583 -0.0773 0.21875 0.21875 0.2109375
v 0.8708 -0.4301 -0.0664 0.08984375 0.08984375 0.09765625
v 0.9026 -0.4373 -0.0709 0.3828125 0.390625 0.3359375
v 0.9099 -0.4055 -0.0591 0.1171875 0.12109375 0.140625
v 0.9399 -0.4401 -0.0709 0.3203125 0.33984375 0.31640625
v 0.9572 -0.4519 -0.0828 0.53515625 0.546875 0.50390625
v 0.9936 -0.4419 -0.0709 0.296875 0.30859375 0.28125
v 0.5104 -0.4000 -0.0373 0.359375 0.34765625 0.3203125
v 0.5322 -0.3864 -0.0309 0.37109375 0.359375 0.33203125
v 0.5568 -0.3918 -0.0373 0.34375 0.33203125 0.3046875
v 0.5932 -0.3936 -0.0391 0.36328125 0.359375 0.33984375
v 0.6214 -0.3718 -0.0291 0.30859375 0.3046875 0.2890625
v 0.6460 -0.3645 -0.0291 0.34375 0.33984375 0.32421875
v 0.6523 -0.3946 -0.0391 0.3125 0.30859375 0.2890625
v 0.6733 -0.3764 -0.0327 0.27734375 0.28125 0.26171875
v 0.7042 -0.3645 -0.0318 0.37890625 0.3828125 0.359375
v 0.7115 -0.3927 -0.0427 0.35546875 0.3515625 0.33203125
v 0.7352 -0.3518 -0.0282 0.25 0.2421875 0.24609375
v 0.7424 -0.3791 -0.0391 0.19140625 0.1953125 0.203125
v 0.7670 -0.3609 -0.0354 0.09765625 0.0859375 0.11328125
v 0.7743 -0.3900 -0.0482 0.2109375 0.2109375 0.21875
v 0.7898 -0.3427 -0.0291 0.25390625 0.26171875 0.25
v 0.7971 -0.3709 -0.0364 0.26171875 0.26953125 0.25
v 0.8325 -0.3627 -0.0373 0.2734375 0.28125 0.26953125
v 0.8389 -0.3900 -0.0500 0.31640625 0.32421875 0.28125
v 0.8662 -0.3563 -0.0291 0.30859375 0.35546875 0.31640625
v 0.8735 -0.3855 -0.0491 0.11328125 0.12109375 0.109375
v 0.9008 -0.3773 -0.0391 0.12890625 0.1328125 0.1484375
v 0.4540 -0.4028 -0.0364 0.4375 0.42578125 0.390625
v 0.5186 -0.3946 -0.0354 0.38671875 0.375 0.34765625
v 0.5422 -0.4037 -0.0418 0.375 0.375 0.34375
v 0.5768 -0.3809 -0.0345 0.37890625 0.3671875 0.33984375
v 0.6041 -0.3918 -0.0400 0.30859375 0.3046875 0.2890625
v 0.6250 -0.3900 -0.0382 0.28515625 0.28125 0.2734375
v 0.6323 -0.3627 -0.0273 0.35546875 0.34375 0.32421875
v 0.6432 -0.3918 -0.0445 0.30859375 0.3125 0.29296875
v 0.6496 -0.3627 -0.0318 0.34375 0.33984375 0.32421875
v 0.6751 -0.3882 -0.0409 0.27734375 0.28125 0.2578125
v 0.6824 -0.3600 -0.0282 0.30859375 0.30859375 0.26953125
v 0.7060 -0.3955 -0.0445 0.3125 0.31640625 0.296875
v 0.7124 -0.3682 -0.0336 0.375 0.37109375 0.35546875
v 0.7306 -0.3900 -0.0418 0.28515625 0.28515625 0.27734375
v 0.7861 -0.4000 -0.0527 0.1640625 0.171875 0.16015625
v 0.7925 -0.3727 -0.0418 0.26171875 0.26953125 0.25
v 0.7998 -0.3436 -0.0291 0.375 0.37890625 0.35546875
v 0.8253 -0.3909 -0.0473 0.1875 0.19140625 0.171875
v 0.8316 -0.3645 -0.0391 0.2734375 0.28125 0.26953125
v 0.8389 -0.3363 -0.0263 0.20703125 0.20703125 0.21484375
v 0.8526 -0.3927 -0.0482 0.4921875 0.50390625 0.4375
v 0.8598 -0.3618 -0.0382 0.1875 0.21484375 0.1875
v 0.8771 -0.4037 -0.0573 0.37890625 0.3828125 0.36328125
v 0.8844 -0.3736 -0.0409 0.234375 0.25 0.24609375
v -0.8247 -0.6749 -0.0755 0.29296875 0.27734375 0.265625
v -0.8102 -0.6321 -0.0609 0.28515625 0.2890625 0.26953125
v -0.8029 -0.6630 -0.0782 0.28125 0.27734375 0.2578125
v -0.7856 -0.6348 -0.0627 0.26953125 0.26953125 0.23828125
v -0.7783 -0.6649 -0.0791 0.33984375 0.34765625 0.3046875
v -0.7628 -0.6066 -0.0527 0.35546875 0.35546875 0.32421875
v -0.7555 -0.6366 -0.0655 0.33203125 0.3203125 0.29296875
v -0.7483 -0.6649 -0.0819 0.41015625 0.3828125 0.3515625
v -0.7328 -0.5939 -0.0536 0.36328125 0.3515625 0.32421875
v -0.7255 -0.6230 -0.0637 0.30078125 0.296875 0.27734375
v -0.7191 -0.6512 -0.0764 0.34375 0.33984375 0.3203125
v -0.8302 -0.6585 -0.0664 0.33203125 0.31640625 0.3125
v -0.8011 -0.6639 -0.0755 0.28125 0.27734375 0.2578125
v -0.7929 -0.6312 -0.0573 0.26171875 0.2578125 0.23828125
v -0.7865 -0.6048 -0.0473 0.296875 0.30078125 0.28125
v -0.7819 -0.6649 -0.0791 0.33984375 0.34765625 0.3046875
v -0.7747 -0.6357 -0.0673 0.30078125 0.30078125 0.26953125
v -0.7674 -0.6048 -0.0609 0.35546875 0.35546875 0.32421875
v -0.7565 -0.6503 -0.0737 0.3828125 0.37109375 0.34375
v -0.7492 -0.6212 -0.0618 0.34375 0.33203125 0.3046875
v -0.7173 -0.6139 -0.0618 0.32421875 0.3125 0.28515625
v -0.7091 -0.5966 -0.0527 0.32421875 0.3203125 0.30078125
v -0.7019 -0.6257 -0.0655 0.33984375 0.3359375 0.3203125
v -0.6946 -0.6558 -0.0773 0.2421875 0.23828125 0.21875
v -0.6809 -0.6157 -0.0627 0.30078125 0.296875 0.28125
v -0.6727 -0.6467 -0.0773 0.234375 0.234375 0.2265625
v -0.6518 -0.5948 -0.0582 0.30078125 0.2890625 0.26953125
v -0.6445 -0.6266 -0.0709 0.25390625 0.25 0.2421875
v -0.6209 -0.5984 -0.0591 0.14453125 0.15234375 0.1484375
v -0.6127 -0.6285 -0.0700 0.296875 0.29296875 0.2734375
v -0.5744 -0.5802 -0.0555 0.359375 0.359375 0.3203125
v -0.5672 -0.6121 -0.0700 0.390625 0.390625 0.3828125
v -0.5608 -0.6403 -0.0791 0.4375 0.42578125 0.40625
v -0.5353 -0.6011 -0.0655 0.421875 0.40234375 0.37890625
v -0.5271 -0.6339 -0.0819 0.33203125 0.3203125 0.30078125
v -0.5062 -0.5857 -0.0618 0.30078125 0.296875 0.2890625
v -0.4989 -0.6175 -0.0728 0.3125 0.30859375 0.29296875
v -0.4807 -0.5757 -0.0582 0.296875 0.29296875 0.28515625
v -0.4734 -0.6039 -0.0664 0.29296875 0.27734375 0.265625
v -0.4543 -0.5766 -0.0609 0.2890625 0.28515625 0.26953125
v -0.4470 -0.6057 -0.0728 0.3125 0.30078125 0.28125
v -0.4070 -0.6139 -0.0746 0.3203125 0.30859375 0.2890625
v -0.3833 -0.5757 -0.0618 0.3203125 0.31640625 0.296875
v -0.3760 -0.6057 -0.0746 0.3671875 0.34765625 0.33203125
v -0.3597 -0.5702 -0.0618 0.36328125 0.359375 0.33984375
v -0.3524 -0.6021 -0.0746 0.33984375 0.328125 0.30859375
v -0.3405 -0.5638 -0.0609 0.3125 0.30859375 0.29296875
v -0.3333 -0.5939 -0.0718 0.27734375 0.2734375 0.2578125
v -0.3041 -0.5757 -0.0646 0.19921875 0.1953125 0.1875
v -0.2978 -0.6030 -0.0764 0.25390625 0.25 0.2421875
v -0.2687 -0.5811 -0.0691 0.27734375 0.26953125 0.2734375
v -0.2304 -0.5547 -0.0609 0.1796875 0.1875 0.18359375
v -0.2241 -0.5829 -0.0700 0.203125 0.20703125 0.18359375
v -0.1913 -0.5793 -0.0746 0.265625 0.2578125 0.26171875
v -0.1667 -0.5484 -0.0591 0.296875 0.296875 0.265625
v -0.1594 -0.5775 -0.0718 0.3203125 0.3125 0.32421875
v -0.1376 -0.5657 -0.0718 0.296875 0.29296875 0.28515625
v -0.1112 -0.5675 -0.0737 0.2890625 0.28515625 0.265625
v -0.0821 -0.5520 -0.0637 0.32421875 0.32421875 0.29296875
v -0.0748 -0.5820 -0.0755 0.234375 0.234375 0.2265625
v -0.0484 -0.5520 -0.0682 0.2734375 0.26953125 0.25390625
v -0.0293 -0.5365 -0.0600 0.27734375 0.28125 0.26171875
v -0.0220 -0.5647 -0.0737 0.26171875 0.2578125 0.25
v -0.0038 -0.5356 -0.0646 0.203125 0.203125 0.1953125
v 0.0035 -0.5657 -0.0764 0.16015625 0.16015625 0.16015625
v 0.0253 -0.5320 -0.0646 0.16796875 0.16796875 0.16015625
v 0.0326 -0.5611 -0.0737 0.24609375 0.25390625 0.25
v 0.0644 -0.5475 -0.0718 0.17578125 0.18359375 0.1796875
v 0.0881 -0.5393 -0.0700 0.23046875 0.23046875 0.23046875
v 0.1118 -0.5347 -0.0728 0.20703125 0.20703125 0.20703125
v 0.1409 -0.5320 -0.0691 0.2109375 0.21875 0.21484375
v 0.1746 -0.5356 -0.0737 0.26171875 0.26171875 0.25390625
v -0.6900 -0.6476 -0.0755 0.1875 0.1875 0.1796875
v -0.6836 -0.6212 -0.0664 0.30078125 0.296875 0.28125
v -0.6764 -0.5920 -0.0573 0.28515625 0.28125 0.2734375
v -0.6600 -0.6385 -0.0746 0.328125 0.328125 0.3203125
v -0.6527 -0.6084 -0.0627 0.32421875 0.3125 0.29296875
v -0.6336 -0.6339 -0.0764 0.1953125 0.1875 0.19140625
v -0.6263 -0.6030 -0.0646 0.26171875 0.26953125 0.265625
v -0.5945 -0.6212 -0.0700 0.3203125 0.30859375 0.28125
v -0.5863 -0.5893 -0.0591 0.3203125 0.31640625 0.30078125
v -0.5599 -0.6348 -0.0791 0.4375 0.42578125 0.40625
v -0.5526 -0.6057 -0.0682 0.3359375 0.33203125 0.31640625
v -0.5453 -0.5757 -0.0591 0.34765625 0.33203125 0.3203125
v -0.5253 -0.6102 -0.0718 0.25 0.234375 0.22265625
v -0.5180 -0.5793 -0.0573 0.296875 0.29296875 0.28515625
v -0.5044 -0.6330 -0.0800 0.35546875 0.34375 0.31640625
v -0.4971 -0.6030 -0.0691 0.27734375 0.2734375 0.265625
v -0.4907 -0.5766 -0.0600 0.265625 0.26171875 0.25390625
v -0.4607 -0.6148 -0.0700 0.3828125 0.37109375 0.3515625
v -0.4534 -0.5848 -0.0600 0.28515625 0.28125 0.265625
v -0.4234 -0.6203 -0.0764 0.34765625 0.3359375 0.31640625
v -0.4170 -0.5939 -0.0691 0.26953125 0.265625 0.24609375
v -0.3824 -0.5920 -0.0664 0.2890625 0.27734375 0.2578125
v -0.3588 -0.6002 -0.0728 0.33984375 0.328125 0.30859375
v -0.3515 -0.5693 -0.0646 0.36328125 0.359375 0.33984375
v -0.3214 -0.6002 -0.0746 0.3046875 0.30078125 0.29296875
v -0.3151 -0.5711 -0.0646 0.23828125 0.234375 0.2265625
v -0.2859 -0.5875 -0.0709 0.25 0.24609375 0.23828125
v -0.2787 -0.5566 -0.0591 0.31640625 0.3125 0.3046875
v -0.2623 -0.5875 -0.0746 0.31640625 0.3125 0.3046875
v -0.2559 -0.5611 -0.0627 0.29296875 0.28515625 0.2890625
v -0.2414 -0.5957 -0.0755 0.23046875 0.2265625 0.2109375
v -0.2350 -0.5684 -0.0664 0.15234375 0.15625 0.13671875
v -0.2013 -0.5748 -0.0746 0.28125 0.27734375 0.26953125
v -0.1949 -0.5475 -0.0646 0.31640625 0.3203125 0.30078125
v -0.1704 -0.5766 -0.0728 0.25390625 0.24609375 0.2578125
v -0.1631 -0.5475 -0.0655 0.296875 0.296875 0.265625
v -0.1221 -0.5657 -0.0728 0.30859375 0.3046875 0.2890625
v -0.0939 -0.5711 -0.0737 0.30078125 0.3046875 0.28125
v -0.0866 -0.5429 -0.0618 0.2890625 0.27734375 0.2578125
v -0.0548 -0.5538 -0.0673 0.27734375 0.2734375 0.2578125
v -0.0420 -0.5729 -0.0764 0.2109375 0.20703125 0.19921875
v -0.0348 -0.5456 -0.0655 0.3046875 0.30859375 0.2890625
v -0.0102 -0.5620 -0.0737 0.1953125 0.1953125 0.1875
v 0.0244 -0.5493 -0.0691 0.1796875 0.1796875 0.171875
v 0.0608 -0.5493 -0.0728 0.17578125 0.18359375 0.1796875
v 0.0854 -0.5429 -0.0718 0.23046875 0.23046875 0.23046875
v 0.1118 -0.5475 -0.0773 0.20703125 0.20703125 0.20703125
v 0.1463 -0.5520 -0.0764 0.19921875 0.19921875 0.19140625
v 0.1536 -0.5211 -0.0664 0.2265625 0.2421875 0.23828125
v 0.1973 -0.5329 -0.0718 0.27734375 0.2734375 0.2578125
v 0.2219 -0.5384 -0.0764 0.23828125 0.2421875 0.22265625
v 0.2492 -0.5129 -0.0673 0.359375 0.37109375 0.34375
v 0.2565 -0.5411 -0.0819 0.40234375 0.40234375 0.37109375
v 0.2883 -0.5274 -0.0728 0.42578125 0.4140625 0.38671875
v 0.3183 -0.5220 -0.0755 0.421875 0.421875 0.390625
v 0.3429 -0.5238 -0.0755 0.421875 0.421875 0.390625
v 0.3793 -0.5192 -0.0728 0.39453125 0.3828125 0.35546875
v 0.4121 -0.5065 -0.0737 0.38671875 0.38671875 0.35546875
v 0.4421 -0.5147 -0.0737 0.375 0.375 0.34375
v 0.5013 -0.4965 -0.0709 0.37890625 0.375 0.35546875
v 0.6496 -0.4865 -0.0746 0.265625 0.265625 0.2578125
v 0.6742 -0.4819 -0.0728 0.14453125 0.1484375 0.15625
v 0.2246 -0.5220 -0.0728 0.265625 0.26953125 0.25
v 0.2528 -0.5347 -0.0773 0.39453125 0.39453125 0.36328125
v 0.2956 -0.5211 -0.0746 0.43359375 0.421875 0.39453125
v 0.3329 -0.5129 -0.0755 0.42578125 0.42578125 0.39453125
v 0.3629 -0.5138 -0.0773 0.4140625 0.40234375 0.375
v 0.3884 -0.5238 -0.0791 0.34765625 0.3359375 0.30859375
v 0.4266 -0.5183 -0.0782 0.38671875 0.38671875 0.35546875
v 0.4904 -0.5101 -0.0791 0.30859375 0.3125 0.2890625
v 0.5213 -0.4910 -0.0746 0.35546875 0.3515625 0.33203125
v 0.5486 -0.5001 -0.0764 0.3046875 0.30078125 0.28515625
v 0.6214 -0.4810 -0.0764 0.34375 0.34765625 0.32421875
v 0.6533 -0.4792 -0.0728 0.265625 0.265625 0.265625
v 0.6851 -0.4819 -0.0773 0.23828125 0.23828125 0.24609375
v 0.7088 -0.4792 -0.0746 0.078125 0.08203125 0.09765625
v -0.7401 -0.5629 -0.0364 0.3125 0.3125 0.28125
v -0.7237 -0.5347 -0.0218 0.3359375 0.33203125 0.3125
v -0.7164 -0.5657 -0.0409 0.30078125 0.296875 0.27734375
v -0.7592 -0.5738 -0.0382 0.34765625 0.34765625 0.31640625
v -0.7346 -0.5611 -0.0373 0.3125 0.3125 0.28125
v -0.7273 -0.5320 -0.0227 0.3359375 0.33203125 0.3125
v -0.7019 -0.5265 -0.0254 0.23828125 0.23828125 0.23046875
v -0.6955 -0.5556 -0.0382 0.3046875 0.30078125 0.28515625
v -0.6800 -0.4792 -0.0081 0.2109375 0.2109375 0.203125
v -0.6718 -0.5101 -0.0236 0.25390625 0.265625 0.23828125
v -0.6654 -0.5402 -0.0382 0.3515625 0.34765625 0.328125
v -0.6582 -0.5675 -0.0464 0.296875 0.30078125 0.27734375
v -0.6563 -0.4483 0.0064 0.2890625 0.28515625 0.26953125
v -0.6491 -0.4792 -0.0118 0.34765625 0.34375 0.32421875
v -0.6418 -0.5092 -0.0245 0.26171875 0.26171875 0.23046875
v -0.6345 -0.5384 -0.0345 0.36328125 0.359375 0.34375
v -0.6281 -0.5684 -0.0500 0.2890625 0.29296875 0.26953125
v -0.6345 -0.4173 0.0146 0.36328125 0.3671875 0.34765625
v -0.6272 -0.4483 -0.0063 0.359375 0.34765625 0.328125
v -0.6136 -0.5083 -0.0263 0.36328125 0.3515625 0.31640625
v -0.5890 -0.5238 -0.0327 0.43359375 0.41796875 0.3828125
v -0.5817 -0.5538 -0.0455 0.1796875 0.18359375 0.1640625
v -0.5772 -0.4255 0.0010 0.3046875 0.29296875 0.2734375
v -0.5699 -0.4574 -0.0109 0.34765625 0.3359375 0.30859375
v -0.5626 -0.4847 -0.0200 0.28125 0.27734375 0.26171875
v -0.5562 -0.5129 -0.0336 0.16796875 0.171875 0.1875
v -0.5490 -0.5447 -0.0418 0.3125 0.30859375 0.30078125
v -0.5490 -0.4100 0.0064 0.30078125 0.296875 0.28125
v -0.5417 -0.4382 -0.0045 0.28515625 0.28125 0.265625
v -0.5344 -0.4692 -0.0172 0.328125 0.32421875 0.31640625
v -0.5271 -0.5001 -0.0300 0.2109375 0.2109375 0.203125
v -0.5207 -0.5283 -0.0382 0.3828125 0.37109375 0.3359375
v -0.5162 -0.4282 -0.0018 0.328125 0.31640625 0.296875
v -0.5089 -0.4574 -0.0109 0.3203125 0.31640625 0.30078125
v -0.5016 -0.4901 -0.0245 0.33203125 0.328125 0.3125
v -0.4944 -0.5183 -0.0327 0.4140625 0.40234375 0.375
v -0.4898 -0.4282 -0.0045 0.2734375 0.26953125 0.25390625
v -0.4834 -0.4564 -0.0127 0.26171875 0.2578125 0.2421875
v -0.4762 -0.4856 -0.0254 0.37890625 0.3671875 0.34765625
v -0.4680 -0.5165 -0.0373 0.3671875 0.35546875 0.3359375
v -0.4570 -0.4055 0.0028 0.21875 0.21875 0.21875
v -0.4498 -0.4373 -0.0072 0.2421875 0.2421875 0.234375
v -0.4425 -0.4683 -0.0191 0.33984375 0.3359375 0.3203125
v -0.4288 -0.5256 -0.0436 0.29296875 0.2890625 0.26953125
v -0.3970 -0.5174 -0.0382 0.35546875 0.3515625 0.33203125
v -0.3942 -0.4255 -0.0072 0.29296875 0.29296875 0.28515625
v -0.3879 -0.4546 -0.0200 0.26953125 0.2734375 0.25390625
v -0.3806 -0.4828 -0.0263 0.375 0.375 0.34375
v -0.3733 -0.5129 -0.0391 0.33984375 0.3359375 0.3203125
v -0.3770 -0.4146 -0.0036 0.30078125 0.30078125 0.29296875
v -0.3688 -0.4464 -0.0154 0.203125 0.20703125 0.1875
v -0.3615 -0.4756 -0.0245 0.296875 0.29296875 0.2734375
v -0.3551 -0.5038 -0.0354 0.375 0.375 0.34375
v -0.3396 -0.4264 -0.0091 0.19140625 0.19140625 0.19140625
v -0.3324 -0.4574 -0.0182 0.296875 0.29296875 0.27734375
v -0.3251 -0.4874 -0.0282 0.359375 0.34765625 0.328125
v -0.3178 -0.5165 -0.0409 0.25 0.24609375 0.23046875
v -0.3114 -0.4046 -0.0027 0.36328125 0.3671875 0.34375
v -0.3041 -0.4337 -0.0109 0.3515625 0.34765625 0.328125
v -0.2978 -0.4619 -0.0227 0.3828125 0.37109375 0.34375
v -0.2905 -0.4919 -0.0364 0.3671875 0.35546875 0.328125
v -0.2878 -0.4082 -0.0045 0.3828125 0.37890625 0.359375
v -0.2805 -0.4392 -0.0191 0.328125 0.32421875 0.3046875
v -0.2732 -0.4674 -0.0282 0.34765625 0.3359375 0.30859375
v -0.2341 -0.4046 -0.0063 0.29296875 0.27734375 0.265625
v -0.2277 -0.4319 -0.0209 0.2890625 0.28515625 0.265625
v -0.2204 -0.4610 -0.0309 0.33984375 0.3359375 0.3203125
v -0.2122 -0.4919 -0.0400 0.3046875 0.30078125 0.28515625
v -0.1949 -0.4310 -0.0163 0.3515625 0.33984375 0.3203125
v -0.1886 -0.4601 -0.0263 0.3125 0.30859375 0.29296875
v -0.1804 -0.4910 -0.0391 0.2734375 0.26953125 0.26171875
v -0.1731 -0.4182 -0.0118 0.33203125 0.3203125 0.30078125
v -0.1667 -0.4473 -0.0254 0.30078125 0.296875 0.28125
v -0.1594 -0.4765 -0.0373 0.19921875 0.1953125 0.1875
v -0.1467 -0.4210 -0.0163 0.296875 0.28515625 0.265625
v -0.1403 -0.4501 -0.0282 0.26171875 0.2578125 0.2421875
v -0.1331 -0.4783 -0.0382 0.2578125 0.25390625 0.24609375
v -0.1112 -0.4319 -0.0209 0.22265625 0.21875 0.203125
v -0.1030 -0.4628 -0.0300 0.2578125 0.2578125 0.25
v -0.0757 -0.4355 -0.0273 0.28125 0.28515625 0.265625
v -0.0684 -0.4683 -0.0409 0.328125 0.32421875 0.30859375
v -0.0575 -0.4200 -0.0172 0.29296875 0.2890625 0.26953125
v -0.0511 -0.4483 -0.0291 0.296875 0.29296875 0.27734375
v -0.0320 -0.4191 -0.0200 0.2734375 0.2734375 0.2421875
v -0.0257 -0.4464 -0.0318 0.21875 0.21484375 0.1953125
v -0.0029 -0.4119 -0.0209 0.40625 0.39453125 0.3671875
v 0.0035 -0.4410 -0.0291 0.34765625 0.3359375 0.31640625
v 0.0362 -0.4291 -0.0245 0.328125 0.30859375 0.28515625
v 0.0590 -0.4200 -0.0227 0.32421875 0.3125 0.29296875
v 0.0663 -0.4492 -0.0364 0.2421875 0.2421875 0.234375
v 0.1127 -0.4173 -0.0227 0.28515625 0.28125 0.265625
v 0.1190 -0.4437 -0.0345 0.234375 0.234375 0.2265625
v 0.1463 -0.4173 -0.0273 0.2890625 0.28515625 0.265625
v 0.1682 -0.4100 -0.0254 0.27734375 0.2734375 0.25390625
v 0.1937 -0.4228 -0.0318 0.40234375 0.3984375 0.37890625
v -0.7019 -0.5538 -0.0436 0.3046875 0.30078125 0.28515625
v -0.6873 -0.4947 -0.0118 0.265625 0.265625 0.265625
v -0.6700 -0.5629 -0.0500 0.29296875 0.2734375 0.26171875
v -0.6627 -0.5329 -0.0336 0.296875 0.296875 0.265625
v -0.6563 -0.5065 -0.0254 0.296875 0.29296875 0.2734375
v -0.6491 -0.4774 -0.0172 0.34765625 0.34375 0.32421875
v -0.6409 -0.4464 -0.0018 0.33984375 0.32421875 0.3125
v -0.6345 -0.4200 0.0137 0.36328125 0.3671875 0.34765625
v -0.6391 -0.5520 -0.0427 0.328125 0.328125 0.296875
v -0.6318 -0.5211 -0.0309 0.296875 0.29296875 0.27734375
v -0.6245 -0.4910 -0.0227 0.3203125 0.30859375 0.28125
v -0.6172 -0.4628 -0.0081 0.36328125 0.34375 0.3203125
v -0.6099 -0.4346 -0.0018 0.34375 0.33203125 0.3125
v -0.6027 -0.4046 0.0091 0.2265625 0.22265625 0.203125
v -0.6118 -0.5456 -0.0409 0.375 0.359375 0.34765625
v -0.6045 -0.5138 -0.0300 0.42578125 0.42578125 0.37890625
v -0.5972 -0.4847 -0.0218 0.41015625 0.390625 0.3671875
v -0.5899 -0.4564 -0.0127 0.4140625 0.39453125 0.37109375
v -0.5826 -0.4255 0.0000 0.34375 0.33203125 0.3125
v -0.5790 -0.5611 -0.0491 0.30078125 0.3046875 0.28515625
v -0.5735 -0.5347 -0.0418 0.17578125 0.16796875 0.171875
v -0.5653 -0.5056 -0.0282 0.27734375 0.26953125 0.2734375
v -0.5581 -0.4746 -0.0209 0.21484375 0.2109375 0.1953125
v -0.5517 -0.4455 -0.0081 0.296875 0.28515625 0.265625
v -0.5444 -0.4182 0.0019 0.32421875 0.3203125 0.3046875
v -0.5380 -0.5456 -0.0427 0.30859375 0.3046875 0.296875
v -0.5308 -0.5165 -0.0327 0.3203125 0.3203125 0.2890625
v -0.5162 -0.4564 -0.0127 0.31640625 0.3125 0.296875
v -0.5035 -0.5211 -0.0400 0.390625 0.37890625 0.3515625
v -0.4971 -0.4928 -0.0273 0.33203125 0.328125 0.3125
v -0.4898 -0.4655 -0.0163 0.2734375 0.26953125 0.25390625
v -0.4834 -0.4382 -0.0100 0.17578125 0.171875 0.15625
v -0.4762 -0.4082 0.0028 0.21875 0.21875 0.2109375
v -0.4762 -0.5174 -0.0382 0.3671875 0.35546875 0.3359375
v -0.4689 -0.4892 -0.0273 0.421875 0.41015625 0.390625
v -0.4625 -0.4628 -0.0200 0.2734375 0.26953125 0.25390625
v -0.4552 -0.4319 -0.0091 0.2265625 0.2265625 0.21875
v -0.4397 -0.5265 -0.0409 0.33203125 0.328125 0.30859375
v -0.4316 -0.4965 -0.0300 0.328125 0.31640625 0.2890625
v -0.4252 -0.4665 -0.0218 0.3046875 0.30078125 0.28515625
v -0.4179 -0.4392 -0.0091 0.22265625 0.22265625 0.21484375
v -0.4115 -0.4109 -0.0009 0.24609375 0.24609375 0.23828125
v -0.4024 -0.5320 -0.0455 0.3359375 0.33203125 0.3125
v -0.3952 -0.5038 -0.0373 0.390625 0.390625 0.359375
v -0.3870 -0.4710 -0.0236 0.3671875 0.37109375 0.34765625
v -0.3797 -0.4410 -0.0136 0.18359375 0.1875 0.16796875
v -0.3733 -0.4146 -0.0009 0.27734375 0.27734375 0.26953125
v -0.3615 -0.5065 -0.0354 0.3671875 0.36328125 0.34375
v -0.3542 -0.4783 -0.0291 0.31640625 0.31640625 0.28515625
v -0.3478 -0.4492 -0.0200 0.28515625 0.28125 0.2734375
v -0.3396 -0.4182 -0.0081 0.2265625 0.2265625 0.2265625
v -0.3369 -0.5110 -0.0418 0.3359375 0.33203125 0.31640625
v -0.3296 -0.4801 -0.0300 0.375 0.36328125 0.34375
v -0.3160 -0.4246 -0.0109 0.19921875 0.203125 0.18359375
v -0.2932 -0.4837 -0.0300 0.37890625 0.3671875 0.33984375
v -0.2859 -0.4555 -0.0245 0.35546875 0.34375 0.31640625
v -0.2796 -0.4282 -0.0154 0.26953125 0.265625 0.24609375
v -0.2650 -0.5010 -0.0400 0.35546875 0.3515625 0.33203125
v -0.2577 -0.4701 -0.0291 0.30859375 0.2890625 0.2734375
v -0.2505 -0.4401 -0.0172 0.37109375 0.3671875 0.3515625
v -0.2441 -0.4137 -0.0063 0.3125 0.30859375 0.29296875
v -0.2404 -0.4983 -0.0400 0.31640625 0.3125 0.296875
v -0.2341 -0.4719 -0.0309 0.2734375 0.26953125 0.25
v -0.2268 -0.4437 -0.0200 0.28515625 0.28125 0.26171875
v -0.2195 -0.4128 -0.0118 0.3125 0.30078125 0.28125
v -0.2131 -0.4783 -0.0345 0.296875 0.29296875 0.27734375
v -0.2059 -0.4492 -0.0263 0.34375 0.33984375 0.3203125
v -0.1986 -0.4173 -0.0136 0.33984375 0.328125 0.30859375
v -0.1804 -0.4883 -0.0382 0.2734375 0.26953125 0.26171875
v -0.1731 -0.4583 -0.0282 0.33984375 0.32421875 0.3125
v -0.1667 -0.4319 -0.0200 0.2734375 0.2578125 0.24609375
v -0.1485 -0.4883 -0.0409 0.2109375 0.20703125 0.19921875
v -0.1412 -0.4574 -0.0300 0.25 0.24609375 0.23046875
v -0.1349 -0.4310 -0.0218 0.28125 0.27734375 0.26171875
v -0.1203 -0.4637 -0.0300 0.32421875 0.32421875 0.31640625
v -0.1139 -0.4355 -0.0236 0.25390625 0.25 0.234375
v -0.1067 -0.4064 -0.0136 0.28125 0.27734375 0.26171875
v -0.1012 -0.4792 -0.0400 0.22265625 0.22265625 0.21484375
v -0.0930 -0.4483 -0.0291 0.234375 0.23828125 0.21875
v -0.0857 -0.4182 -0.0200 0.26171875 0.265625 0.24609375
v -0.0657 -0.4555 -0.0318 0.328125 0.33203125 0.3125
v -0.0584 -0.4264 -0.0209 0.3125 0.31640625 0.296875
v -0.0329 -0.4628 -0.0345 0.27734375 0.2734375 0.25390625
v -0.0266 -0.4364 -0.0254 0.265625 0.26171875 0.2421875
v -0.0193 -0.4073 -0.0200 0.359375 0.34765625 0.3203125
v -0.0138 -0.4574 -0.0354 0.296875 0.29296875 0.2734375
v -0.0065 -0.4282 -0.0254 0.3671875 0.35546875 0.3359375
v 0.0189 -0.4419 -0.0309 0.34765625 0.3359375 0.31640625
v 0.0262 -0.4128 -0.0191 0.359375 0.34765625 0.3203125
v 0.0517 -0.4364 -0.0291 0.28125 0.27734375 0.26171875
v 0.0599 -0.4046 -0.0200 0.33984375 0.33984375 0.30859375
v 0.0881 -0.4346 -0.0309 0.19921875 0.1953125 0.1875
v 0.1136 -0.4264 -0.0300 0.2421875 0.23828125 0.23046875
v 0.1409 -0.4282 -0.0327 0.26171875 0.2578125 0.2421875
v 0.1755 -0.4328 -0.0327 0.296875 0.29296875 0.2734375
v -0.5908 -0.3700 0.0319 0.27734375 0.28515625 0.2734375
v -0.5835 -0.3982 0.0101 0.30078125 0.3046875 0.28515625
v -0.5626 -0.3527 0.0283 0.30859375 0.3046875 0.296875
v -0.5562 -0.3809 0.0164 0.28125 0.28125 0.2734375
v -0.5444 -0.3108 0.0519 0.33203125 0.328125 0.30859375
v -0.5380 -0.3390 0.0319 0.25 0.24609375 0.23046875
v -0.5308 -0.3663 0.0237 0.296875 0.296875 0.2890625
v -0.5235 -0.3982 0.0128 0.21875 0.21484375 0.19921875
v -0.5180 -0.3099 0.0392 0.296875 0.29296875 0.2734375
v -0.5107 -0.3409 0.0283 0.26953125 0.265625 0.25
v -0.5035 -0.3709 0.0182 0.203125 0.20703125 0.1875
v -0.4962 -0.3991 0.0055 0.22265625 0.2265625 0.20703125
v -0.4916 -0.2608 0.0619 0.203125 0.19921875 0.18359375
v -0.4853 -0.2899 0.0465 0.3125 0.3125 0.28125
v -0.4789 -0.3172 0.0374 0.41015625 0.41015625 0.37109375
v -0.4707 -0.3481 0.0246 0.38671875 0.375 0.35546875
v -0.4634 -0.3800 0.0119 0.2578125 0.2578125 0.2578125
v -0.4680 -0.2235 0.0783 0.2734375 0.26953125 0.25390625
v -0.4607 -0.2535 0.0601 0.29296875 0.2890625 0.2734375
v -0.4534 -0.2844 0.0446 0.265625 0.26171875 0.25390625
v -0.4461 -0.3136 0.0365 0.29296875 0.2890625 0.2734375
v -0.4388 -0.3454 0.0255 0.23046875 0.2265625 0.21875
v -0.4325 -0.3727 0.0146 0.1640625 0.16015625 0.15234375
v -0.4507 -0.1925 0.0892 0.2109375 0.2109375 0.2109375
v -0.4434 -0.2226 0.0692 0.21875 0.21484375 0.19921875
v -0.4361 -0.2517 0.0592 0.27734375 0.2734375 0.265625
v -0.4297 -0.2799 0.0465 0.2265625 0.21875 0.22265625
v -0.4088 -0.3663 0.0173 0.24609375 0.24609375 0.23828125
v -0.4015 -0.3973 0.0064 0.28125 0.27734375 0.26171875
v -0.4252 -0.2125 0.0747 0.27734375 0.2734375 0.2578125
v -0.4179 -0.2417 0.0619 0.29296875 0.27734375 0.265625
v -0.4106 -0.2699 0.0501 0.22265625 0.21875 0.2109375
v -0.4043 -0.2999 0.0392 0.26171875 0.265625 0.24609375
v -0.3970 -0.3281 0.0292 0.21875 0.22265625 0.203125
v -0.3897 -0.3572 0.0182 0.24609375 0.25390625 0.2421875
v -0.3833 -0.3864 0.0082 0.27734375 0.2734375 0.2578125
v -0.4033 -0.1616 0.0947 0.34765625 0.34375 0.328125
v -0.3961 -0.1916 0.0838 0.28125 0.26953125 0.25
v -0.3897 -0.2189 0.0710 0.2890625 0.27734375 0.25
v -0.3824 -0.2480 0.0592 0.265625 0.265625 0.234375
v -0.3751 -0.2790 0.0492 0.31640625 0.3125 0.29296875
v -0.3679 -0.3090 0.0355 0.30078125 0.296875 0.27734375
v -0.3615 -0.3372 0.0246 0.30859375 0.3046875 0.2890625
v -0.3542 -0.3673 0.0155 0.28125 0.27734375 0.26171875
v -0.3469 -0.3973 0.0046 0.28125 0.27734375 0.26953125
v -0.3833 -0.1070 0.1220 0.1796875 0.18359375 0.19921875
v -0.3751 -0.1379 0.0983 0.11328125 0.11328125 0.14453125
v -0.3679 -0.1689 0.0838 0.37890625 0.3671875 0.33984375
v -0.3615 -0.1980 0.0756 0.37109375 0.3515625 0.328125
v -0.3542 -0.2253 0.0647 0.296875 0.28515625 0.2578125
v -0.3469 -0.2562 0.0537 0.25390625 0.25 0.23046875
v -0.3396 -0.2853 0.0446 0.28515625 0.28125 0.265625
v -0.3324 -0.3154 0.0283 0.26171875 0.2578125 0.2421875
v -0.3251 -0.3463 0.0192 0.25390625 0.25 0.234375
v -0.3178 -0.3782 0.0091 0.36328125 0.3515625 0.32421875
v -0.3588 -0.1124 0.1102 0.15234375 0.15625 0.1640625
v -0.3515 -0.1434 0.0947 0.04296875 0.04296875 0.05078125
v -0.3442 -0.1743 0.0847 0.390625 0.37890625 0.3515625
v -0.3369 -0.2034 0.0710 0.3515625 0.33203125 0.30859375
v -0.3296 -0.2344 0.0601 0.328125 0.32421875 0.30859375
v -0.3233 -0.2608 0.0528 0.25390625 0.25 0.234375
v -0.3160 -0.2899 0.0419 0.2734375 0.26953125 0.25390625
v -0.3087 -0.3199 0.0283 0.296875 0.29296875 0.27734375
v -0.3023 -0.3491 0.0192 0.27734375 0.2734375 0.25390625
v -0.2950 -0.3773 0.0055 0.42578125 0.4140625 0.37890625
v -0.3360 -0.1152 0.1074 0.203125 0.203125 0.2109375
v -0.3296 -0.1434 0.0947 0.03515625 0.03515625 0.04296875
v -0.3223 -0.1725 0.0847 0.296875 0.296875 0.265625
v -0.3160 -0.2016 0.0729 0.30078125 0.28515625 0.2734375
v -0.3087 -0.2317 0.0610 0.30859375 0.3046875 0.296875
v -0.3014 -0.2617 0.0492 0.1796875 0.17578125 0.16796875
v -0.2941 -0.2917 0.0392 0.265625 0.26171875 0.24609375
v -0.2869 -0.3199 0.0301 0.28515625 0.28125 0.26171875
v -0.2723 -0.3800 0.0046 0.37890625 0.3671875 0.33984375
v -0.2978 -0.1379 0.0938 0.1171875 0.11328125 0.13671875
v -0.2905 -0.1689 0.0829 0.234375 0.23828125 0.21484375
v -0.2832 -0.2007 0.0692 0.2265625 0.2265625 0.21875
v -0.2759 -0.2289 0.0583 0.203125 0.203125 0.1953125
v -0.2687 -0.2580 0.0474 0.22265625 0.22265625 0.21484375
v -0.2614 -0.2890 0.0383 0.3125 0.30859375 0.2890625
v -0.2550 -0.3172 0.0264 0.390625 0.390625 0.359375
v -0.2404 -0.3764 0.0028 0.33203125 0.31640625 0.3046875
v -0.2650 -0.1406 0.0974 0.26171875 0.2578125 0.25
v -0.2441 -0.2280 0.0638 0.28125 0.27734375 0.26171875
v -0.2368 -0.2571 0.0510 0.26171875 0.25 0.23046875
v -0.2304 -0.2853 0.0419 0.3515625 0.3359375 0.30078125
v -0.2231 -0.3136 0.0292 0.4453125 0.4296875 0.38671875
v -0.2159 -0.3436 0.0182 0.44921875 0.4375 0.40234375
v -0.2086 -0.3736 0.0064 0.34375 0.33203125 0.3046875
v -0.2022 -0.4018 -0.0045 0.31640625 0.3046875 0.27734375
v -0.2368 -0.1543 0.0838 0.5078125 0.484375 0.4375
v -0.2304 -0.1807 0.0756 0.42578125 0.41015625 0.375
v -0.2231 -0.2116 0.0610 0.36328125 0.34765625 0.3125
v -0.2159 -0.2417 0.0537 0.2890625 0.27734375 0.2578125
v -0.2095 -0.2690 0.0401 0.37890625 0.359375 0.3359375
v -0.2013 -0.2999 0.0292 0.34765625 0.33203125 0.296875
v -0.1940 -0.3299 0.0210 0.3515625 0.3359375 0.30078125
v -0.1877 -0.3582 0.0091 0.3515625 0.33984375 0.3046875
v -0.1813 -0.3864 -0.0027 0.3671875 0.35546875 0.328125
v -0.2113 -0.1543 0.0847 0.51171875 0.48828125 0.43359375
v -0.2040 -0.1852 0.0729 0.3828125 0.3671875 0.33203125
v -0.1968 -0.2135 0.0619 0.390625 0.37890625 0.34375
v -0.1904 -0.2417 0.0519 0.38671875 0.375 0.33984375
v -0.1831 -0.2735 0.0401 0.4140625 0.3984375 0.35546875
v -0.1758 -0.3017 0.0310 0.3984375 0.3828125 0.34765625
v -0.1685 -0.3309 0.0192 0.35546875 0.34375 0.31640625
v -0.1613 -0.3627 0.0064 0.32421875 0.3125 0.28515625
v -0.1540 -0.3936 -0.0054 0.31640625 0.3046875 0.27734375
v -0.1749 -0.1670 0.0820 0.45703125 0.43359375 0.38671875
v -0.1667 -0.1998 0.0665 0.3984375 0.3828125 0.33984375
v -0.1604 -0.2271 0.0583 0.39453125 0.37890625 0.3359375
v -0.1531 -0.2562 0.0456 0.41796875 0.40234375 0.359375
v -0.1458 -0.2853 0.0374 0.44921875 0.43359375 0.390625
v -0.1394 -0.3136 0.0246 0.4375 0.421875 0.38671875
v -0.1321 -0.3427 0.0128 0.34375 0.33203125 0.3046875
v -0.1249 -0.3745 0.0028 0.33984375 0.328125 0.30859375
v -0.1185 -0.4028 -0.0091 0.32421875 0.3203125 0.3046875
v -0.1394 -0.1707 0.0765 0.4453125 0.4140625 0.37109375
v -0.1331 -0.1998 0.0665 0.38671875 0.37890625 0.33203125
v -0.1258 -0.2298 0.0565 0.421875 0.40625 0.359375
v -0.1185 -0.2580 0.0419 0.4609375 0.4375 0.390625
v -0.1112 -0.2899 0.0319 0.4609375 0.4375 0.390625
v -0.1039 -0.3190 0.0219 0.4375 0.421875 0.38671875
v -0.0903 -0.3782 -0.0018 0.33984375 0.3359375 0.31640625
v -0.1212 -0.1561 0.0829 0.45703125 0.4453125 0.38671875
v -0.1139 -0.1862 0.0692 0.45703125 0.44140625 0.3984375
v -0.1067 -0.2162 0.0592 0.45703125 0.44921875 0.40234375
v -0.0994 -0.2462 0.0465 0.5 0.484375 0.44140625
v -0.0930 -0.2735 0.0401 0.4453125 0.43359375 0.375
v -0.0857 -0.3026 0.0274 0.47265625 0.46875 0.44921875
v -0.0784 -0.3345 0.0164 0.359375 0.375 0.37890625
v -0.0648 -0.3900 -0.0100 0.40625 0.40234375 0.3828125
v -0.0957 -0.1570 0.0801 0.453125 0.44140625 0.3828125
v -0.0875 -0.1880 0.0683 0.46875 0.4453125 0.3984375
v -0.0812 -0.2162 0.0574 0.3125 0.30078125 0.265625
v -0.0739 -0.2444 0.0483 0.5625 0.5546875 0.5078125
v -0.0675 -0.2708 0.0547 0.43359375 0.42578125 0.3671875
v -0.0466 -0.3609 0.0028 0.13671875 0.15234375 0.1640625
v -0.0393 -0.3900 -0.0100 0.37109375 0.37109375 0.33984375
v -0.0593 -0.1771 0.0710 0.28515625 0.28515625 0.25390625
v -0.0530 -0.2062 0.0592 0.375 0.3828125 0.36328125
v -0.0466 -0.2344 0.0483 0.46875 0.4765625 0.42578125
v -0.0393 -0.2644 0.0365 0.09375 0.0859375 0.08984375
v -0.0311 -0.2954 0.0246 0.10546875 0.109375 0.125
v -0.0248 -0.3245 0.0155 0.171875 0.171875 0.1640625
v -0.0175 -0.3527 0.0037 0.38671875 0.38671875 0.34765625
v -0.0102 -0.3818 -0.0054 0.40625 0.39453125 0.359375
v -0.0211 -0.1943 0.0628 0.48828125 0.45703125 0.4140625
v -0.0147 -0.2216 0.0510 0.46484375 0.45703125 0.40625
v -0.0075 -0.2499 0.0437 0.0859375 0.08203125 0.07421875
v -0.0002 -0.2808 0.0328 0.234375 0.21875 0.20703125
v 0.0071 -0.3099 0.0210 0.44921875 0.43359375 0.3984375
v 0.0144 -0.3409 0.0082 0.44140625 0.42578125 0.390625
v 0.0217 -0.3727 -0.0036 0.4609375 0.44921875 0.4140625
v 0.0289 -0.4018 -0.0172 0.3984375 0.38671875 0.3515625
v 0.0026 -0.1834 0.0656 0.4453125 0.4140625 0.37109375
v 0.0098 -0.2153 0.0547 0.45703125 0.44140625 0.39453125
v 0.0171 -0.2462 0.0437 0.4609375 0.44921875 0.390625
v 0.0235 -0.2735 0.0292 0.4765625 0.46875 0.421875
v 0.0308 -0.3026 0.0182 0.4296875 0.421875 0.37109375
v 0.0380 -0.3318 0.0101 0.4609375 0.4453125 0.41015625
v 0.0444 -0.3600 -0.0018 0.4296875 0.4140625 0.37890625
v 0.0517 -0.3900 -0.0118 0.41015625 0.3984375 0.36328125
v 0.0271 -0.1807 0.0665 0.42578125 0.41015625 0.36328125
v 0.0344 -0.2107 0.0537 0.4609375 0.4453125 0.40234375
v 0.0408 -0.2398 0.0410 0.46484375 0.44921875 0.40625
v 0.0481 -0.2690 0.0319 0.453125 0.4296875 0.375
v 0.0553 -0.2999 0.0173 0.43359375 0.41796875 0.37109375
v 0.0626 -0.3290 0.0082 0.4375 0.4296875 0.3828125
v 0.0772 -0.3882 -0.0118 0.4140625 0.40234375 0.3671875
v 0.0562 -0.1843 0.0647 0.4609375 0.453125 0.39453125
v 0.0708 -0.2417 0.0419 0.55078125 0.54296875 0.49609375
v 0.0854 -0.3026 0.0201 0.453125 0.4375 0.390625
v 0.0917 -0.3309 0.0082 0.44140625 0.42578125 0.3828125
v 0.0990 -0.3591 -0.0027 0.42578125 0.41015625 0.375
v 0.1063 -0.3891 -0.0136 0.44140625 0.4296875 0.40234375
v 0.1045 -0.2444 0.0383 0.65234375 0.6640625 0.62109375
v 0.1118 -0.2735 0.0283 0.46875 0.453125 0.41796875
v 0.1181 -0.3008 0.0155 0.453125 0.42578125 0.38671875
v 0.1254 -0.3318 0.0028 0.42578125 0.4140625 0.37890625
v 0.1327 -0.3600 -0.0045 0.43359375 0.421875 0.38671875
v 0.1391 -0.3882 -0.0163 0.39453125 0.3828125 0.35546875
v 0.1181 -0.2034 0.0519 0.79296875 0.78515625 0.73828125
v 0.1254 -0.2353 0.0419 0.41015625 0.44921875 0.40625
v 0.1327 -0.2635 0.0310 0.44140625 0.44140625 0.40234375
v 0.1391 -0.2926 0.0201 0.453125 0.42578125 0.38671875
v 0.1473 -0.3245 0.0091 0.4609375 0.4453125 0.40234375
v 0.1536 -0.3518 -0.0018 0.4375 0.421875 0.38671875
v 0.1600 -0.3791 -0.0127 0.40625 0.40625 0.3671875
v 0.1436 -0.2153 0.0510 0.36328125 0.41015625 0.36328125
v 0.1500 -0.2435 0.0337 0.6875 0.69921875 0.65625
v 0.1573 -0.2717 0.0274 0.4609375 0.4453125 0.41015625
v 0.1645 -0.3026 0.0173 0.46484375 0.44921875 0.40625
v 0.1718 -0.3318 0.0055 0.4375 0.421875 0.38671875
v 0.1791 -0.3627 -0.0091 0.453125 0.43359375 0.41015625
v 0.1864 -0.3936 -0.0191 0.37109375 0.37109375 0.33984375
v 0.1782 -0.2189 0.0456 0.41015625 0.390625 0.3671875
v 0.1855 -0.2462 0.0337 0.4453125 0.4375 0.390625
v 0.1928 -0.2753 0.0210 0.43359375 0.40625 0.3671875
v -0.5954 -0.3745 0.0255 0.27734375 0.28515625 0.2734375
v -0.5763 -0.3982 0.0110 0.23046875 0.234375 0.21484375
v -0.5690 -0.3709 0.0237 0.24609375 0.24609375 0.23828125
v -0.5617 -0.3390 0.0365 0.3125 0.30859375 0.30078125
v -0.5362 -0.3855 0.0128 0.25 0.25 0.2421875
v -0.5298 -0.3572 0.0237 0.26171875 0.26171875 0.25390625
v -0.5153 -0.2990 0.0465 0.3203125 0.31640625 0.296875
v -0.5071 -0.2671 0.0647 0.35546875 0.3515625 0.3359375
v -0.4944 -0.3673 0.0219 0.22265625 0.21875 0.203125
v -0.4880 -0.3418 0.0292 0.3046875 0.30078125 0.28125
v -0.4816 -0.3136 0.0401 0.41015625 0.41015625 0.37109375
v -0.4743 -0.2844 0.0492 0.26953125 0.265625 0.24609375
v -0.4671 -0.2562 0.0574 0.29296875 0.2890625 0.2734375
v -0.4607 -0.2271 0.0729 0.29296875 0.2890625 0.2734375
v -0.4525 -0.1971 0.0883 0.19140625 0.19140625 0.19140625
v -0.4689 -0.3782 0.0146 0.26953125 0.26953125 0.26953125
v -0.4625 -0.3518 0.0210 0.3125 0.296875 0.28515625
v -0.4552 -0.3218 0.0337 0.32421875 0.3203125 0.30078125
v -0.4479 -0.2917 0.0456 0.33203125 0.328125 0.3203125
v -0.4407 -0.2644 0.0556 0.23046875 0.22265625 0.2265625
v -0.4334 -0.2344 0.0610 0.265625 0.26171875 0.24609375
v -0.4261 -0.2044 0.0747 0.27734375 0.2734375 0.2578125
v -0.4197 -0.1771 0.0874 0.2265625 0.22265625 0.20703125
v -0.4124 -0.1470 0.1065 0.265625 0.265625 0.2578125
v -0.4479 -0.4028 0.0028 0.203125 0.203125 0.203125
v -0.4407 -0.3745 0.0137 0.1640625 0.16015625 0.15234375
v -0.4334 -0.3436 0.0237 0.23046875 0.2265625 0.21875
v -0.4261 -0.3136 0.0383 0.21875 0.21484375 0.20703125
v -0.4197 -0.2872 0.0446 0.25390625 0.25 0.2421875
v -0.4124 -0.2590 0.0528 0.2421875 0.23828125 0.23046875
v -0.4052 -0.2262 0.0647 0.25390625 0.2421875 0.22265625
v -0.3979 -0.1962 0.0765 0.3359375 0.32421875 0.296875
v -0.3906 -0.1679 0.0856 0.359375 0.35546875 0.3359375
v -0.3833 -0.1370 0.0983 0.1015625 0.10546875 0.125
v -0.3760 -0.1070 0.1202 0.14453125 0.16015625 0.171875
v -0.4033 -0.3791 0.0101 0.29296875 0.28125 0.26171875
v -0.3961 -0.3472 0.0246 0.25390625 0.26171875 0.25
v -0.3888 -0.3208 0.0328 0.24609375 0.25 0.23046875
v -0.3815 -0.2890 0.0446 0.32421875 0.3203125 0.30078125
v -0.3742 -0.2608 0.0510 0.29296875 0.29296875 0.26171875
v -0.3679 -0.2344 0.0610 0.328125 0.328125 0.296875
v -0.3615 -0.2062 0.0719 0.34765625 0.3203125 0.296875
v -0.3533 -0.1743 0.0820 0.40625 0.39453125 0.359375
v -0.3460 -0.1461 0.0974 0.046875 0.046875 0.0546875
v -0.3396 -0.1179 0.1056 0.203125 0.203125 0.2109375
v -0.3660 -0.3855 0.0073 0.3125 0.29296875 0.27734375
v -0.3588 -0.3563 0.0137 0.25390625 0.25 0.2421875
v -0.3524 -0.3281 0.0274 0.33203125 0.328125 0.3125
v -0.3451 -0.2972 0.0392 0.3046875 0.30078125 0.28515625
v -0.3378 -0.2690 0.0446 0.33984375 0.3359375 0.31640625
v -0.3305 -0.2389 0.0601 0.328125 0.32421875 0.30859375
v -0.3233 -0.2080 0.0665 0.30078125 0.28125 0.26953125
v -0.3087 -0.1497 0.0929 0.2734375 0.27734375 0.25390625
v -0.3023 -0.1224 0.0992 0.2265625 0.23046875 0.24609375
v -0.3324 -0.3891 0.0037 0.2734375 0.26953125 0.25
v -0.3260 -0.3609 0.0155 0.29296875 0.2890625 0.2734375
v -0.3187 -0.3299 0.0237 0.2734375 0.26953125 0.25390625
v -0.3041 -0.2717 0.0483 0.24609375 0.2421875 0.234375
v -0.2687 -0.1270 0.0965 0.2109375 0.2109375 0.21875
v -0.3014 -0.3654 0.0128 0.36328125 0.36328125 0.33203125
v -0.2941 -0.3354 0.0246 0.28515625 0.2734375 0.25390625
v -0.2869 -0.3054 0.0310 0.2421875 0.23828125 0.21875
v -0.2805 -0.2790 0.0383 0.25 0.24609375 0.23046875
v -0.2741 -0.2517 0.0501 0.22265625 0.22265625 0.21484375
v -0.2668 -0.2226 0.0619 0.21875 0.21875 0.2109375
v -0.2596 -0.1916 0.0710 0.23828125 0.234375 0.21484375
v -0.2532 -0.1643 0.0838 0.4140625 0.40625 0.34765625
v -0.2459 -0.1361 0.0965 0.09765625 0.09375 0.0859375
v -0.2723 -0.3991 -0.0027 0.34375 0.33984375 0.3203125
v -0.2650 -0.3682 0.0082 0.37109375 0.359375 0.33203125
v -0.2586 -0.3409 0.0210 0.35546875 0.34375 0.30859375
v -0.2514 -0.3127 0.0283 0.390625 0.390625 0.359375
v -0.2441 -0.2826 0.0365 0.31640625 0.3125 0.29296875
v -0.2368 -0.2526 0.0501 0.26171875 0.25 0.23046875
v -0.2304 -0.2244 0.0601 0.2890625 0.27734375 0.2578125
v -0.2231 -0.1953 0.0729 0.4140625 0.38671875 0.35546875
v -0.2159 -0.1670 0.0801 0.421875 0.38671875 0.3515625
v -0.2086 -0.1379 0.0901 0.21875 0.22265625 0.16796875
v -0.2359 -0.3827 0.0028 0.328125 0.31640625 0.296875
v -0.2286 -0.3518 0.0137 0.421875 0.4140625 0.3671875
v -0.2222 -0.3254 0.0228 0.44921875 0.43359375 0.3984375
v -0.2150 -0.2963 0.0328 0.37109375 0.35546875 0.3203125
v -0.2077 -0.2653 0.0428 0.39453125 0.375 0.3515625
v -0.2004 -0.2362 0.0528 0.328125 0.31640625 0.2890625
v -0.1940 -0.2080 0.0610 0.33984375 0.328125 0.29296875
v -0.1858 -0.1752 0.0738 0.421875 0.39453125 0.35546875
v -0.1786 -0.1461 0.0874 0.5625 0.5546875 0.49609375
v -0.2122 -0.3818 0.0037 0.36328125 0.3515625 0.32421875
v -0.2049 -0.3536 0.0128 0.39453125 0.3828125 0.34765625
v -0.1977 -0.3227 0.0237 0.36328125 0.34765625 0.3125
v -0.1904 -0.2926 0.0319 0.3984375 0.3828125 0.34765625
v -0.1840 -0.2662 0.0401 0.39453125 0.37890625 0.3359375
v -0.1767 -0.2362 0.0519 0.36328125 0.34765625 0.3046875
v -0.1695 -0.2080 0.0619 0.359375 0.34765625 0.3125
v -0.1631 -0.1789 0.0738 0.4453125 0.41796875 0.37890625
v -0.1549 -0.1488 0.0856 0.46484375 0.453125 0.39453125
v -0.1913 -0.3891 -0.0018 0.37890625 0.3671875 0.33984375
v -0.1849 -0.3627 0.0064 0.36328125 0.3515625 0.32421875
v -0.1776 -0.3345 0.0173 0.3828125 0.37109375 0.34375
v -0.1704 -0.3036 0.0255 0.3984375 0.3828125 0.34765625
v -0.1631 -0.2744 0.0401 0.44921875 0.43359375 0.390625
v -0.1567 -0.2462 0.0474 0.4140625 0.3984375 0.35546875
v -0.1485 -0.2144 0.0574 0.40234375 0.39453125 0.34765625
v -0.1422 -0.1852 0.0719 0.44140625 0.4140625 0.375
v -0.1594 -0.4018 -0.0100 0.296875 0.28515625 0.2578125
v -0.1513 -0.3691 0.0028 0.30859375 0.296875 0.26953125
v -0.1449 -0.3418 0.0137 0.33984375 0.328125 0.30078125
v -0.1376 -0.3136 0.0237 0.4375 0.421875 0.38671875
v -0.1230 -0.2544 0.0437 0.45703125 0.43359375 0.38671875
v -0.1167 -0.2253 0.0556 0.4609375 0.4453125 0.3984375
v -0.1094 -0.1962 0.0638 0.453125 0.4453125 0.3984375
v -0.1021 -0.1670 0.0783 0.43359375 0.41796875 0.37109375
v -0.1203 -0.3691 0.0101 0.34375 0.33203125 0.3125
v -0.1067 -0.3145 0.0237 0.4375 0.421875 0.38671875
v -0.0994 -0.2844 0.0310 0.4375 0.421875 0.375
v -0.0921 -0.2571 0.0401 0.44921875 0.43359375 0.390625
v -0.0866 -0.2307 0.0519 0.4453125 0.42578125 0.40234375
v -0.0784 -0.1989 0.0610 0.4609375 0.4453125 0.41015625
v -0.0712 -0.1689 0.0847 0.484375 0.45703125 0.42578125
v -0.0994 -0.3782 -0.0018 0.34375 0.33984375 0.32421875
v -0.0930 -0.3500 0.0064 0.33984375 0.3671875 0.3359375
v -0.0857 -0.3199 0.0201 0.234375 0.23828125 0.24609375
v -0.0721 -0.2626 0.0401 0.4296875 0.421875 0.36328125
v -0.0639 -0.2317 0.0510 0.4921875 0.4921875 0.453125
v -0.0566 -0.2025 0.0592 0.24609375 0.25390625 0.234375
v -0.0502 -0.1752 0.0683 0.421875 0.4296875 0.38671875
v -0.0794 -0.3900 -0.0091 0.359375 0.35546875 0.3359375
v -0.0721 -0.3600 0.0019 0.4296875 0.44921875 0.43359375
v -0.0502 -0.2726 0.0465 0.30859375 0.31640625 0.3046875
v -0.0439 -0.2435 0.0465 0.48828125 0.4921875 0.4609375
v -0.0366 -0.2135 0.0547 0.4296875 0.4296875 0.390625
v -0.0293 -0.1843 0.0656 0.46484375 0.4375 0.375
v -0.0511 -0.3946 -0.0118 0.37890625 0.37890625 0.34765625
v -0.0439 -0.3645 0.0019 0.13671875 0.15234375 0.1640625
v -0.0366 -0.3363 0.0101 0.12890625 0.12890625 0.12890625
v -0.0293 -0.3054 0.0219 0.07421875 0.0703125 0.08984375
v -0.0220 -0.2772 0.0292 0.1015625 0.09765625 0.12109375
v -0.0157 -0.2499 0.0392 0.03125 0.03125 0.03125
v -0.0084 -0.2216 0.0492 0.46875 0.45703125 0.3984375
v -0.0011 -0.1898 0.0592 0.44140625 0.41015625 0.3671875
v -0.0120 -0.3782 -0.0054 0.40625 0.39453125 0.359375
v -0.0056 -0.3509 0.0046 0.33984375 0.33203125 0.28515625
v 0.0016 -0.3199 0.0137 0.46484375 0.44921875 0.4140625
v 0.0089 -0.2899 0.0246 0.46875 0.453125 0.41796875
v 0.0162 -0.2608 0.0355 0.47265625 0.45703125 0.4140625
v 0.0235 -0.2326 0.0456 0.46484375 0.453125 0.38671875
v 0.0007 -0.3982 -0.0182 0.42578125 0.4140625 0.37890625
v 0.0080 -0.3691 -0.0054 0.4453125 0.4296875 0.39453125
v 0.0226 -0.3099 0.0146 0.4453125 0.4375 0.390625
v 0.0435 -0.2216 0.0492 0.44140625 0.42578125 0.390625
v 0.0326 -0.3864 -0.0136 0.40234375 0.390625 0.35546875
v 0.0535 -0.2990 0.0201 0.43359375 0.41796875 0.37109375
v 0.0608 -0.2717 0.0283 0.4453125 0.421875 0.375
v 0.0681 -0.2417 0.0374 0.46875 0.4609375 0.4140625
v 0.0744 -0.2125 0.0492 0.56640625 0.5546875 0.51953125
v 0.0672 -0.3764 -0.0118 0.42578125 0.41015625 0.3671875
v 0.0735 -0.3491 0.0019 0.4296875 0.4140625 0.37890625
v 0.0808 -0.3190 0.0119 0.44140625 0.42578125 0.3828125
v 0.0881 -0.2899 0.0173 0.4609375 0.43359375 0.39453125
v 0.0945 -0.2617 0.0310 0.44140625 0.43359375 0.38671875
v 0.1018 -0.2326 0.0401 0.50390625 0.53515625 0.484375
v 0.1090 -0.2025 0.0510 0.8515625 0.85546875 0.80078125
v 0.0963 -0.4037 -0.0209 0.328125 0.32421875 0.3046875
v 0.1027 -0.3745 -0.0145 0.421875 0.41015625 0.375
v 0.1099 -0.3472 -0.0009 0.4375 0.4296875 0.3828125
v 0.1172 -0.3172 0.0110 0.42578125 0.41015625 0.3671875
v 0.1245 -0.2863 0.0210 0.46875 0.44140625 0.40234375
v 0.1309 -0.2590 0.0292 0.4140625 0.4140625 0.375
v 0.1382 -0.2280 0.0419 0.38671875 0.42578125 0.3828125
v 0.1209 -0.3973 -0.0172 0.39453125 0.3828125 0.35546875
v 0.1281 -0.3673 -0.0091 0.40625 0.39453125 0.359375
v 0.1354 -0.3354 0.0055 0.40625 0.39453125 0.359375
v 0.1427 -0.3072 0.0137 0.4453125 0.41796875 0.37890625
v 0.1491 -0.2790 0.0219 0.4453125 0.41796875 0.37890625
v 0.1564 -0.2499 0.0355 0.47265625 0.47265625 0.43359375
v 0.1627 -0.2216 0.0419 0.59375 0.6015625 0.55859375
v 0.1473 -0.4009 -0.0227 0.3203125 0.3203125 0.2890625
v 0.1536 -0.3736 -0.0154 0.4140625 0.4140625 0.375
v 0.1609 -0.3418 -0.0045 0.44140625 0.42578125 0.390625
v 0.1682 -0.3117 0.0101 0.4375 0.421875 0.37890625
v 0.1755 -0.2853 0.0155 0.4765625 0.44921875 0.41015625
v 0.1827 -0.2535 0.0264 0.421875 0.40625 0.36328125
v 0.1891 -0.2253 0.0374 0.44921875 0.44140625 0.39453125
v 0.1827 -0.4009 -0.0209 0.33984375 0.33984375 0.30859375
v 0.1891 -0.3718 -0.0100 0.37890625 0.3671875 0.33203125
v 0.2283 -0.4228 -0.0345 0.40234375 0.3984375 0.37890625
v 0.2601 -0.4100 -0.0282 0.3984375 0.38671875 0.359375
v 0.2901 -0.4055 -0.0291 0.3828125 0.37109375 0.3359375
v 0.3138 -0.4046 -0.0291 0.41796875 0.40625 0.37109375
v 0.2528 -0.4082 -0.0273 0.3984375 0.38671875 0.359375
v 0.2810 -0.4191 -0.0336 0.390625 0.37890625 0.3515625
v 0.1991 -0.3054 0.0119 0.4375 0.421875 0.37890625
v 0.2055 -0.3327 0.0028 0.40625 0.39453125 0.359375
v 0.2137 -0.3627 -0.0118 0.4296875 0.41796875 0.3828125
v 0.2210 -0.3946 -0.0236 0.41796875 0.40625 0.37109375
v 0.2164 -0.2326 0.0383 0.4453125 0.4296875 0.3828125
v 0.2237 -0.2617 0.0274 0.4453125 0.4296875 0.38671875
v 0.2310 -0.2917 0.0164 0.4375 0.421875 0.37890625
v 0.2383 -0.3208 0.0064 0.44921875 0.43359375 0.3984375
v 0.2455 -0.3500 -0.0054 0.4296875 0.41796875 0.3828125
v 0.2528 -0.3818 -0.0182 0.41015625 0.3984375 0.36328125
v 0.2492 -0.2326 0.0346 0.44140625 0.42578125 0.3828125
v 0.2556 -0.2617 0.0255 0.44140625 0.42578125 0.3828125
v 0.2628 -0.2890 0.0155 0.4453125 0.4296875 0.38671875
v 0.2838 -0.3764 -0.0191 0.41796875 0.40625 0.37109375
v 0.2792 -0.2599 0.0255 0.4453125 0.4296875 0.38671875
v 0.2865 -0.2899 0.0146 0.4375 0.421875 0.37890625
v 0.2929 -0.3172 0.0055 0.4453125 0.4296875 0.39453125
v 0.3001 -0.3472 -0.0063 0.44140625 0.4296875 0.39453125
v 0.3074 -0.3773 -0.0172 0.43359375 0.41796875 0.3828125
v 0.3156 -0.2535 0.0264 0.4375 0.421875 0.37890625
v 0.3220 -0.2817 0.0173 0.4609375 0.4453125 0.40234375
v 0.3293 -0.3108 0.0064 0.44921875 0.43359375 0.390625
v 0.3366 -0.3409 -0.0091 0.4375 0.42578125 0.390625
v 0.3438 -0.3718 -0.0200 0.44140625 0.43359375 0.38671875
v 0.3502 -0.3991 -0.0263 0.43359375 0.421875 0.38671875
v 0.3475 -0.2408 0.0274 0.44140625 0.43359375 0.38671875
v 0.3548 -0.2717 0.0182 0.4453125 0.4296875 0.38671875
v 0.3620 -0.3008 0.0073 0.453125 0.4375 0.39453125
v 0.3693 -0.3309 -0.0036 0.44140625 0.42578125 0.390625
v 0.3766 -0.3618 -0.0200 0.4296875 0.41796875 0.3828125
v 0.3839 -0.3918 -0.0273 0.42578125 0.4140625 0.37890625
v 0.3775 -0.2480 0.0274 0.44921875 0.43359375 0.390625
v 0.3848 -0.2762 0.0146 0.45703125 0.44140625 0.3984375
v 0.3921 -0.3063 0.0037 0.45703125 0.44140625 0.3984375
v 0.3993 -0.3354 -0.0081 0.453125 0.4375 0.39453125
v 0.4066 -0.3645 -0.0172 0.4296875 0.4140625 0.37109375
v 0.4130 -0.3936 -0.0273 0.4375 0.42578125 0.390625
v 0.4084 -0.2690 0.0173 0.44140625 0.42578125 0.3828125
v 0.4157 -0.2981 0.0064 0.4453125 0.4296875 0.38671875
v 0.4230 -0.3290 -0.0054 0.47265625 0.45703125 0.4140625
v 0.4376 -0.3873 -0.0300 0.4140625 0.40234375 0.3671875
v 0.4594 -0.3245 -0.0081 0.453125 0.4375 0.40234375
v 0.4667 -0.3545 -0.0191 0.44140625 0.42578125 0.390625
v 0.4731 -0.3827 -0.0291 0.43359375 0.421875 0.38671875
v 0.4822 -0.2835 0.0082 0.43359375 0.421875 0.38671875
v 0.4894 -0.3127 -0.0018 0.41796875 0.41796875 0.37890625
v 0.4958 -0.3418 -0.0145 0.4296875 0.41796875 0.3828125
v 0.5031 -0.3700 -0.0245 0.4140625 0.40234375 0.375
v 0.5040 -0.2690 0.0091 0.42578125 0.4140625 0.37890625
v 0.5113 -0.2999 0.0000 0.4140625 0.4140625 0.375
v 0.5186 -0.3272 -0.0081 0.40234375 0.40234375 0.36328125
v 0.5249 -0.3554 -0.0200 0.390625 0.390625 0.3515625
v 0.5349 -0.3017 -0.0009 0.421875 0.41015625 0.375
v 0.5422 -0.3327 -0.0109 0.3359375 0.32421875 0.2890625
v 0.5504 -0.3636 -0.0236 0.359375 0.34765625 0.3203125
v 0.5723 -0.3036 -0.0036 0.41015625 0.3984375 0.36328125
v 0.5795 -0.3336 -0.0163 0.359375 0.34765625 0.3203125
v 0.5868 -0.3654 -0.0263 0.41796875 0.40625 0.37890625
v 0.6141 -0.3427 -0.0191 0.3515625 0.33984375 0.3125
v 0.6587 -0.3172 -0.0127 0.3671875 0.3671875 0.3359375
v 0.6660 -0.3472 -0.0254 0.3203125 0.31640625 0.30859375
v 0.6897 -0.3054 -0.0081 0.296875 0.28125 0.26953125
v 0.6969 -0.3354 -0.0227 0.2890625 0.28515625 0.27734375
v 0.7279 -0.3208 -0.0163 0.3359375 0.34375 0.30078125
v 0.7597 -0.3299 -0.0236 0.34765625 0.3515625 0.328125
v 0.1964 -0.3445 0.0000 0.41796875 0.40625 0.37109375
v 0.2283 -0.3782 -0.0191 0.421875 0.4140625 0.3671875
v 0.2346 -0.3509 -0.0063 0.4296875 0.41796875 0.3828125
v 0.2419 -0.3208 0.0019 0.4375 0.421875 0.38671875
v 0.2492 -0.2926 0.0128 0.44921875 0.43359375 0.390625
v 0.2565 -0.2644 0.0246 0.44140625 0.42578125 0.3828125
v 0.2628 -0.2353 0.0337 0.43359375 0.41796875 0.375
v 0.2592 -0.3791 -0.0200 0.41015625 0.3984375 0.36328125
v 0.2665 -0.3491 -0.0100 0.43359375 0.421875 0.38671875
v 0.2728 -0.3218 0.0000 0.42578125 0.41015625 0.375
v 0.2810 -0.2917 0.0119 0.4375 0.421875 0.37890625
v 0.2883 -0.2599 0.0228 0.453125 0.4375 0.39453125
v 0.2947 -0.2335 0.0310 0.4375 0.421875 0.37890625
v 0.2883 -0.3891 -0.0254 0.421875 0.41015625 0.375
v 0.2947 -0.3591 -0.0136 0.4296875 0.41796875 0.3828125
v 0.3020 -0.3318 -0.0036 0.4375 0.42578125 0.390625
v 0.3083 -0.3036 0.0046 0.453125 0.4375 0.39453125
v 0.3165 -0.2717 0.0173 0.4453125 0.4296875 0.38671875
v 0.3238 -0.2417 0.0255 0.4609375 0.4453125 0.3984375
v 0.3247 -0.4028 -0.0318 0.44140625 0.42578125 0.390625
v 0.3311 -0.3736 -0.0182 0.4296875 0.4140625 0.37890625
v 0.3393 -0.3427 -0.0063 0.4375 0.42578125 0.390625
v 0.3457 -0.3136 0.0037 0.453125 0.4375 0.40234375
v 0.3520 -0.2863 0.0155 0.4453125 0.4296875 0.39453125
v 0.3593 -0.2590 0.0210 0.44921875 0.43359375 0.390625
v 0.3611 -0.3973 -0.0318 0.421875 0.41015625 0.375
v 0.3675 -0.3691 -0.0191 0.421875 0.41015625 0.375
v 0.3748 -0.3400 -0.0091 0.44140625 0.42578125 0.390625
v 0.3830 -0.3090 0.0037 0.44921875 0.43359375 0.390625
v 0.3893 -0.2808 0.0110 0.4453125 0.4296875 0.38671875
v 0.3966 -0.2517 0.0219 0.4375 0.421875 0.37890625
v 0.3921 -0.3955 -0.0282 0.4296875 0.41796875 0.3828125
v 0.4066 -0.3354 -0.0081 0.44140625 0.42578125 0.3828125
v 0.4239 -0.3782 -0.0254 0.4375 0.42578125 0.390625
v 0.4312 -0.3481 -0.0163 0.44921875 0.43359375 0.390625
v 0.4376 -0.3218 -0.0063 0.453125 0.4375 0.39453125
v 0.4439 -0.2935 0.0055 0.45703125 0.44921875 0.40234375
v 0.4503 -0.2644 0.0119 0.4609375 0.4453125 0.40234375
v 0.4612 -0.3764 -0.0273 0.4296875 0.41796875 0.3828125
v 0.4676 -0.3472 -0.0154 0.4453125 0.4296875 0.39453125
v 0.4749 -0.3172 -0.0072 0.4453125 0.43359375 0.3984375
v 0.4822 -0.2872 0.0037 0.4296875 0.41796875 0.3828125
v 0.4985 -0.3754 -0.0282 0.4140625 0.40234375 0.375
v 0.5049 -0.3491 -0.0145 0.4140625 0.4140625 0.375
v 0.5122 -0.3190 -0.0054 0.41015625 0.41015625 0.37109375
v 0.5195 -0.2890 0.0037 0.4375 0.42578125 0.390625
v 0.5268 -0.3627 -0.0254 0.39453125 0.39453125 0.35546875
v 0.5340 -0.3318 -0.0172 0.35546875 0.35546875 0.31640625
v 0.5404 -0.3026 0.0000 0.421875 0.41015625 0.375
v 0.5477 -0.2753 0.0064 0.421875 0.41015625 0.375
v 0.5486 -0.3754 -0.0282 0.34375 0.33203125 0.296875
v 0.5568 -0.3445 -0.0200 0.3671875 0.35546875 0.3203125
v 0.5632 -0.3154 -0.0081 0.3828125 0.37109375 0.34375
v 0.5704 -0.2881 0.0010 0.42578125 0.4140625 0.37890625
v 0.5832 -0.3536 -0.0200 0.390625 0.37890625 0.3515625
v 0.5905 -0.3245 -0.0118 0.37890625 0.3671875 0.33984375
v 0.6114 -0.3627 -0.0309 0.31640625 0.3046875 0.28515625
v 0.6178 -0.3354 -0.0182 0.36328125 0.3515625 0.32421875
v 0.6250 -0.3063 -0.0100 0.40625 0.40625 0.375
v 0.6387 -0.3336 -0.0200 0.38671875 0.37890625 0.328125
v 0.6460 -0.3045 -0.0072 0.38671875 0.3828125 0.3671875
v 0.6578 -0.3318 -0.0200 0.375 0.37109375 0.3515625
v 0.6642 -0.3045 -0.0100 0.34765625 0.34375 0.32421875
v 0.6897 -0.3299 -0.0182 0.20703125 0.19921875 0.21875
v 0.7188 -0.3409 -0.0273 0.27734375 0.27734375 0.27734375
v 0.7270 -0.3081 -0.0136 0.3984375 0.41015625 0.34375
v 0.7443 -0.3299 -0.0236 0.296875 0.30078125 0.27734375
v 0.7716 -0.3181 -0.0182 0.26171875 0.265625 0.28125
v 0.4885 0.5255 -0.0873 0.03125 0.03515625 0.05078125
v 0.5513 0.5283 -0.0800 0.0390625 0.03515625 0.0546875
v 0.6505 0.5328 -0.0755 0.04296875 0.0625 0.078125
v 0.6778 0.5392 -0.0782 0.0546875 0.05859375 0.078125
v 0.6851 0.5119 -0.0682 0.23046875 0.234375 0.2421875
v 0.7106 0.5346 -0.0737 0.0625 0.05078125 0.078125
v 0.7170 0.5064 -0.0646 0.33203125 0.3359375 0.31640625
v 0.7461 0.5474 -0.0773 0.0546875 0.05078125 0.07421875
v 0.7525 0.5219 -0.0664 0.19921875 0.19921875 0.19140625
v 0.7870 0.5465 -0.0737 0.078125 0.07421875 0.10546875
v 0.8280 0.5082 -0.0509 0.328125 0.3359375 0.29296875
v 0.8462 0.5619 -0.0809 0.0546875 0.05859375 0.07421875
v 0.8526 0.5365 -0.0618 0.078125 0.078125 0.0859375
v 0.5095 0.5228 -0.0800 0.0625 0.05859375 0.08203125
v 0.5832 0.5173 -0.0728 0.0625 0.05859375 0.08203125
v 0.5886 0.5401 -0.0846 0.05078125 0.046875 0.06640625
v 0.6132 0.5192 -0.0718 0.06640625 0.0625 0.0859375
v 0.6442 0.5337 -0.0764 0.04296875 0.0625 0.078125
v 0.6760 0.5128 -0.0664 0.1953125 0.19921875 0.20703125
v 0.6824 0.5374 -0.0746 0.0546875 0.05859375 0.078125
v 0.7124 0.5101 -0.0646 0.328125 0.328125 0.3203125
v 0.7188 0.5355 -0.0746 0.08203125 0.0703125 0.09765625
v 0.7406 0.5228 -0.0655 0.15234375 0.14453125 0.1484375
v 0.7470 0.5510 -0.0773 0.0546875 0.05078125 0.07421875
v 0.7634 0.5119 -0.0618 0.3359375 0.33984375 0.3203125
v 0.7707 0.5401 -0.0718 0.0859375 0.08203125 0.10546875
v 0.7916 0.5073 -0.0582 0.33984375 0.34375 0.3125
v 0.7980 0.5328 -0.0673 0.1015625 0.1015625 0.109375
v 0.8034 0.5583 -0.0800 0.05859375 0.0546875 0.0859375
v 0.8262 0.5255 -0.0600 0.19921875 0.19921875 0.19140625
v 0.8316 0.5501 -0.0718 0.078125 0.07421875 0.09765625
v 0.8526 0.5510 -0.0728 0.078125 0.07421875 0.09375
v 0.8771 0.5783 -0.0873 0.06640625 0.0703125 0.078125
v 0.4276 0.0459 0.0956 0.2578125 0.2578125 0.25
v 0.4339 0.0195 0.1111 0.296875 0.296875 0.296875
v 0.4330 0.1224 0.0638 0.3125 0.3125 0.3046875
v 0.4449 0.0705 0.0856 0.22265625 0.22265625 0.21484375
v 0.4512 0.0459 0.1020 0.20703125 0.2109375 0.19140625
v 0.4367 0.2561 0.0164 0.28515625 0.2890625 0.26953125
v 0.4430 0.2307 0.0246 0.2734375 0.27734375 0.2578125
v 0.4494 0.2034 0.0374 0.20703125 0.20703125 0.19921875
v 0.4549 0.1770 0.0456 0.25 0.25 0.25
v 0.4612 0.1515 0.0574 0.31640625 0.31640625 0.30859375
v 0.4685 0.1242 0.0674 0.32421875 0.32421875 0.31640625
v 0.4749 0.0978 0.0738 0.30859375 0.3125 0.2890625
v 0.4803 0.0723 0.0947 0.2734375 0.28125 0.26953125
v 0.4439 0.3608 -0.0200 0.2890625 0.28515625 0.26953125
v 0.4503 0.3353 -0.0091 0.3125 0.30859375 0.29296875
v 0.4576 0.3062 -0.0018 0.25 0.24609375 0.23046875
v 0.4640 0.2798 0.0082 0.3203125 0.32421875 0.3046875
v 0.4694 0.2543 0.0173 0.328125 0.328125 0.3203125
v 0.4767 0.2270 0.0283 0.2890625 0.2890625 0.28125
v 0.4831 0.2006 0.0401 0.26171875 0.26171875 0.25390625
v 0.4894 0.1742 0.0483 0.2109375 0.20703125 0.2265625
v 0.4958 0.1460 0.0601 0.25 0.24609375 0.23046875
v 0.5022 0.1196 0.0747 0.265625 0.26171875 0.2421875
v 0.4430 0.4727 -0.0637 0.34375 0.34375 0.3359375
v 0.4494 0.4454 -0.0509 0.2890625 0.28515625 0.26953125
v 0.4558 0.4172 -0.0409 0.26953125 0.265625 0.25
v 0.4621 0.3927 -0.0327 0.203125 0.19921875 0.18359375
v 0.4685 0.3654 -0.0254 0.26953125 0.265625 0.25
v 0.4758 0.3371 -0.0127 0.26171875 0.2578125 0.2421875
v 0.4813 0.3126 -0.0027 0.3515625 0.34765625 0.33203125
v 0.4885 0.2844 0.0073 0.30078125 0.30078125 0.30078125
v 0.4949 0.2561 0.0192 0.34765625 0.3515625 0.33203125
v 0.5013 0.2316 0.0301 0.28515625 0.3046875 0.28125
v 0.5067 0.2061 0.0374 0.23828125 0.23828125 0.23828125
v 0.5140 0.1779 0.0474 0.2265625 0.23046875 0.2109375
v 0.5204 0.1506 0.0592 0.24609375 0.24609375 0.23828125
v 0.5268 0.1251 0.0774 0.29296875 0.3125 0.296875
v 0.4640 0.4864 -0.0673 0.28125 0.28125 0.28125
v 0.4703 0.4600 -0.0555 0.1953125 0.19140625 0.18359375
v 0.4767 0.4336 -0.0482 0.3203125 0.31640625 0.30078125
v 0.4840 0.4045 -0.0382 0.2734375 0.26953125 0.25390625
v 0.4894 0.3799 -0.0273 0.33203125 0.3359375 0.3125
v 0.4958 0.3535 -0.0200 0.3203125 0.32421875 0.3046875
v 0.5022 0.3271 -0.0063 0.23828125 0.234375 0.2265625
v 0.5095 0.2980 0.0037 0.21875 0.21484375 0.20703125
v 0.5158 0.2707 0.0137 0.22265625 0.21875 0.2109375
v 0.5222 0.2443 0.0237 0.25390625 0.26171875 0.25
v 0.5295 0.2152 0.0365 0.22265625 0.23046875 0.2109375
v 0.5359 0.1897 0.0456 0.3125 0.31640625 0.296875
v 0.5413 0.1651 0.0592 0.3203125 0.31640625 0.296875
v 0.4949 0.5010 -0.0691 0.03515625 0.03125 0.05078125
v 0.5022 0.4709 -0.0582 0.3046875 0.3046875 0.296875
v 0.5076 0.4454 -0.0473 0.33984375 0.33984375 0.33203125
v 0.5149 0.4181 -0.0382 0.3125 0.31640625 0.296875
v 0.5222 0.3881 -0.0282 0.33203125 0.3359375 0.31640625
v 0.5286 0.3617 -0.0182 0.2421875 0.23828125 0.23046875
v 0.5340 0.3381 -0.0063 0.23046875 0.23046875 0.22265625
v 0.5404 0.3098 0.0019 0.23046875 0.2265625 0.2109375
v 0.5477 0.2835 0.0119 0.2890625 0.28515625 0.27734375
v 0.5532 0.2571 0.0210 0.3046875 0.30078125 0.28515625
v 0.5604 0.2288 0.0328 0.32421875 0.3203125 0.3125
v 0.5668 0.2015 0.0401 0.3359375 0.34375 0.33984375
v 0.5331 0.4837 -0.0627 0.34375 0.3515625 0.33984375
v 0.5395 0.4582 -0.0527 0.32421875 0.32421875 0.31640625
v 0.5450 0.4336 -0.0436 0.24609375 0.25 0.23046875
v 0.5522 0.4045 -0.0345 0.25 0.24609375 0.23828125
v 0.5586 0.3772 -0.0227 0.23046875 0.2265625 0.2109375
v 0.5650 0.3517 -0.0136 0.25 0.25 0.2421875
v 0.5723 0.3244 -0.0054 0.2734375 0.2734375 0.265625
v 0.5786 0.2962 0.0082 0.31640625 0.3203125 0.30078125
v 0.5850 0.2698 0.0182 0.3046875 0.30859375 0.2890625
v 0.5914 0.2434 0.0283 0.23828125 0.2421875 0.22265625
v 0.5977 0.2161 0.0446 0.2421875 0.2421875 0.234375
v 0.5577 0.5019 -0.0682 0.07421875 0.08203125 0.078125
v 0.5641 0.4773 -0.0564 0.25390625 0.25390625 0.24609375
v 0.5714 0.4473 -0.0473 0.32421875 0.328125 0.30859375
v 0.5777 0.4209 -0.0382 0.31640625 0.3203125 0.30078125
v 0.5905 0.3672 -0.0163 0.33203125 0.328125 0.3125
v 0.5968 0.3399 -0.0045 0.33203125 0.328125 0.3125
v 0.6032 0.3144 0.0010 0.2421875 0.2421875 0.234375
v 0.6096 0.2862 0.0110 0.2265625 0.23828125 0.2109375
v 0.6169 0.2589 0.0264 0.20703125 0.21484375 0.2109375
v 0.5877 0.4937 -0.0664 0.359375 0.36328125 0.33984375
v 0.6005 0.4409 -0.0427 0.234375 0.23046875 0.22265625
v 0.6068 0.4136 -0.0318 0.23828125 0.2421875 0.21875
v 0.6141 0.3863 -0.0245 0.2734375 0.27734375 0.2578125
v 0.6196 0.3617 -0.0154 0.3203125 0.32421875 0.30078125
v 0.6260 0.3353 -0.0063 0.33203125 0.328125 0.3125
v 0.6323 0.3089 0.0073 0.26953125 0.26953125 0.26953125
v 0.6387 0.2825 0.0192 0.28515625 0.296875 0.26171875
v 0.6223 0.5028 -0.0646 0.2734375 0.26953125 0.25390625
v 0.6287 0.4746 -0.0564 0.2734375 0.26953125 0.25390625
v 0.6351 0.4500 -0.0455 0.2265625 0.23046875 0.2109375
v 0.6414 0.4236 -0.0336 0.29296875 0.296875 0.27734375
v 0.6487 0.3963 -0.0273 0.3046875 0.30078125 0.28125
v 0.6542 0.3690 -0.0172 0.3359375 0.33984375 0.31640625
v 0.6614 0.3435 -0.0063 0.28515625 0.3046875 0.28125
v 0.6669 0.3171 0.0082 0.23828125 0.23046875 0.234375
v 0.6633 0.4809 -0.0555 0.21484375 0.21875 0.1953125
v 0.6696 0.4545 -0.0464 0.29296875 0.296875 0.27734375
v 0.6760 0.4282 -0.0364 0.3046875 0.30078125 0.28515625
v 0.6833 0.4009 -0.0245 0.3359375 0.33203125 0.31640625
v 0.6897 0.3735 -0.0154 0.33203125 0.328125 0.30859375
v 0.6951 0.3481 0.0000 0.3359375 0.3203125 0.32421875
v 0.6906 0.4873 -0.0591 0.2265625 0.23046875 0.20703125
v 0.6969 0.4600 -0.0473 0.2421875 0.24609375 0.2265625
v 0.7042 0.4309 -0.0354 0.296875 0.29296875 0.27734375
v 0.7106 0.4045 -0.0263 0.3203125 0.31640625 0.30078125
v 0.7170 0.3790 -0.0100 0.296875 0.30078125 0.27734375
v 0.7233 0.4782 -0.0509 0.33203125 0.3359375 0.31640625
v 0.7306 0.4518 -0.0418 0.23828125 0.2421875 0.22265625
v 0.7361 0.4263 -0.0318 0.21875 0.21484375 0.19921875
v 0.7424 0.4009 -0.0172 0.25390625 0.265625 0.23828125
v 0.7597 0.4946 -0.0546 0.21875 0.22265625 0.203125
v 0.7661 0.4664 -0.0473 0.2421875 0.23828125 0.23046875
v 0.7725 0.4409 -0.0300 0.3125 0.30859375 0.2890625
v 0.7998 0.4937 -0.0546 0.24609375 0.25 0.2578125
v 0.4421 0.3745 -0.0273 0.3203125 0.31640625 0.30078125
v 0.4485 0.3990 -0.0364 0.3203125 0.31640625 0.296875
v 0.4549 0.4263 -0.0445 0.2734375 0.26953125 0.25390625
v 0.4612 0.4527 -0.0546 0.234375 0.23046875 0.22265625
v 0.4676 0.4800 -0.0618 0.28125 0.28125 0.28125
v 0.4740 0.5055 -0.0728 0.0546875 0.0546875 0.0625
v 0.4385 0.2316 0.0274 0.24609375 0.25 0.23046875
v 0.4449 0.2580 0.0173 0.30078125 0.3046875 0.28515625
v 0.4512 0.2844 0.0064 0.33984375 0.34375 0.32421875
v 0.4576 0.3108 -0.0027 0.31640625 0.3125 0.296875
v 0.4640 0.3362 -0.0109 0.30859375 0.3046875 0.2890625
v 0.4703 0.3635 -0.0200 0.2578125 0.2578125 0.25
v 0.4767 0.3908 -0.0300 0.234375 0.23828125 0.21875
v 0.4831 0.4163 -0.0409 0.27734375 0.2734375 0.2578125
v 0.4894 0.4436 -0.0482 0.3125 0.31640625 0.296875
v 0.4967 0.4727 -0.0582 0.3046875 0.3046875 0.296875
v 0.5031 0.4964 -0.0655 0.109375 0.109375 0.109375
v 0.4294 0.0323 0.0992 0.32421875 0.33203125 0.328125
v 0.4357 0.0596 0.0883 0.33203125 0.31640625 0.3125
v 0.4421 0.0841 0.0783 0.29296875 0.29296875 0.28515625
v 0.4485 0.1087 0.0701 0.2421875 0.2421875 0.234375
v 0.4549 0.1360 0.0601 0.22265625 0.2265625 0.20703125
v 0.4612 0.1642 0.0519 0.2734375 0.2734375 0.2734375
v 0.4676 0.1888 0.0456 0.30859375 0.3125 0.29296875
v 0.4740 0.2170 0.0355 0.296875 0.296875 0.2890625
v 0.4813 0.2443 0.0246 0.2890625 0.2890625 0.28125
v 0.4867 0.2671 0.0128 0.2265625 0.23046875 0.2109375
v 0.4931 0.2953 0.0046 0.31640625 0.30859375 0.3125
v 0.5004 0.3244 -0.0072 0.30859375 0.3046875 0.28515625
v 0.5067 0.3481 -0.0163 0.33203125 0.3359375 0.31640625
v 0.5131 0.3754 -0.0218 0.296875 0.296875 0.2890625
v 0.5195 0.4045 -0.0336 0.234375 0.234375 0.2265625
v 0.5268 0.4309 -0.0436 0.2578125 0.26171875 0.2421875
v 0.5331 0.4573 -0.0527 0.3125 0.3125 0.3125
v 0.5404 0.4864 -0.0627 0.36328125 0.37109375 0.3515625
v 0.4731 0.0623 0.0947 0.3046875 0.31640625 0.2890625
v 0.4785 0.0878 0.0820 0.31640625 0.3203125 0.296875
v 0.4849 0.1133 0.0692 0.19140625 0.19140625 0.18359375
v 0.4913 0.1406 0.0647 0.30859375 0.3046875 0.28515625
v 0.4985 0.1688 0.0528 0.34375 0.34375 0.34375
v 0.5049 0.1934 0.0428 0.31640625 0.31640625 0.31640625
v 0.5113 0.2216 0.0337 0.32421875 0.33203125 0.3125
v 0.5177 0.2480 0.0219 0.25390625 0.26171875 0.25
v 0.5240 0.2743 0.0146 0.22265625 0.21875 0.2109375
v 0.5304 0.3017 0.0037 0.26953125 0.265625 0.2578125
v 0.5377 0.3290 -0.0063 0.3125 0.3125 0.3046875
v 0.5440 0.3563 -0.0118 0.31640625 0.3203125 0.30078125
v 0.5504 0.3836 -0.0218 0.3203125 0.31640625 0.30078125
v 0.5568 0.4109 -0.0336 0.25390625 0.25 0.2421875
v 0.5632 0.4363 -0.0409 0.21484375 0.21875 0.19921875
v 0.5695 0.4609 -0.0518 0.31640625 0.3203125 0.30078125
v 0.5759 0.4891 -0.0618 0.3359375 0.34375 0.32421875
v 0.5158 0.1169 0.0774 0.2421875 0.25 0.23046875
v 0.5222 0.1424 0.0665 0.31640625 0.31640625 0.30859375
v 0.5286 0.1688 0.0510 0.3359375 0.33203125 0.31640625
v 0.5359 0.1979 0.0410 0.3359375 0.34375 0.32421875
v 0.5422 0.2252 0.0337 0.3203125 0.31640625 0.30078125
v 0.5486 0.2507 0.0210 0.23046875 0.2265625 0.21875
v 0.5559 0.2789 0.0119 0.2421875 0.23828125 0.23046875
v 0.5613 0.3053 0.0037 0.30078125 0.3046875 0.28515625
v 0.5677 0.3299 -0.0054 0.3125 0.31640625 0.296875
v 0.5741 0.3572 -0.0163 0.31640625 0.31640625 0.30859375
v 0.5814 0.3863 -0.0245 0.3125 0.30859375 0.29296875
v 0.5877 0.4109 -0.0336 0.24609375 0.2421875 0.22265625
v 0.5941 0.4382 -0.0418 0.203125 0.203125 0.1953125
v 0.6014 0.4673 -0.0564 0.3125 0.30859375 0.2890625
v 0.5541 0.1606 0.0647 0.3125 0.31640625 0.29296875
v 0.5595 0.1861 0.0528 0.2109375 0.21484375 0.19140625
v 0.5668 0.2125 0.0392 0.26171875 0.26953125 0.265625
v 0.5732 0.2379 0.0274 0.31640625 0.3125 0.296875
v 0.5795 0.2662 0.0182 0.31640625 0.31640625 0.30859375
v 0.5859 0.2926 0.0128 0.30859375 0.3125 0.29296875
v 0.5923 0.3189 0.0010 0.2734375 0.2734375 0.265625
v 0.5987 0.3462 -0.0100 0.2109375 0.20703125 0.19921875
v 0.6059 0.3754 -0.0172 0.3046875 0.30859375 0.28515625
v 0.6123 0.3999 -0.0282 0.35546875 0.359375 0.3359375
v 0.6187 0.4282 -0.0382 0.33203125 0.33203125 0.32421875
v 0.6050 0.2216 0.0419 0.2421875 0.2421875 0.234375
v 0.6123 0.2498 0.0337 0.26171875 0.265625 0.24609375
v 0.6178 0.2743 0.0201 0.30859375 0.31640625 0.296875
v 0.6250 0.3007 0.0082 0.328125 0.3359375 0.31640625
v 0.6314 0.3280 0.0010 0.32421875 0.3203125 0.3046875
v 0.6378 0.3535 -0.0072 0.2890625 0.265625 0.28125
v 0.6432 0.3772 -0.0209 0.31640625 0.31640625 0.28515625
v 0.6496 0.4045 -0.0282 0.34765625 0.34375 0.32421875
v 0.6569 0.4327 -0.0400 0.3125 0.30859375 0.29296875
v 0.6624 0.4573 -0.0491 0.29296875 0.296875 0.27734375
v 0.6687 0.4837 -0.0564 0.21484375 0.21875 0.1953125
v 0.6605 0.2953 0.0164 0.21484375 0.21484375 0.21484375
v 0.6678 0.3244 0.0037 0.23828125 0.23046875 0.234375
v 0.6742 0.3499 -0.0081 0.3125 0.3203125 0.30078125
v 0.6797 0.3735 -0.0182 0.35546875 0.34375 0.32421875
v 0.6869 0.4018 -0.0282 0.3359375 0.33203125 0.31640625
v 0.6933 0.4300 -0.0364 0.32421875 0.3203125 0.3046875
v 0.6997 0.4555 -0.0445 0.2421875 0.24609375 0.2265625
v 0.7060 0.4828 -0.0573 0.234375 0.23828125 0.21484375
v 0.6951 0.3335 0.0037 0.31640625 0.30859375 0.3203125
v 0.7015 0.3608 -0.0027 0.3125 0.30859375 0.29296875
v 0.7079 0.3872 -0.0209 0.30078125 0.296875 0.27734375
v 0.7142 0.4145 -0.0273 0.32421875 0.3203125 0.3046875
v 0.7206 0.4400 -0.0391 0.33203125 0.328125 0.3203125
v 0.7279 0.4682 -0.0445 0.30859375 0.3125 0.29296875
v 0.7343 0.4964 -0.0555 0.23828125 0.2421875 0.22265625
v 0.7315 0.3808 -0.0109 0.30859375 0.3203125 0.29296875
v 0.7388 0.4081 -0.0191 0.33984375 0.34375 0.3203125
v 0.7443 0.4327 -0.0327 0.21875 0.22265625 0.203125
v 0.7515 0.4600 -0.0427 0.2421875 0.23828125 0.23046875
v 0.7570 0.4864 -0.0536 0.3046875 0.3046875 0.296875
v 0.7789 0.4527 -0.0354 0.32421875 0.3125 0.29296875
v 0.7843 0.4773 -0.0491 0.359375 0.36328125 0.33203125
v 0.8189 0.4982 -0.0464 0.25390625 0.2578125 0.234375
v 0.4576 0.5146 -0.0800 0.06640625 0.0625 0.08203125
v 0.5268 0.5110 -0.0746 0.0703125 0.06640625 0.0859375
v 0.6569 0.5082 -0.0646 0.1171875 0.1328125 0.14453125
v 0.4430 0.5064 -0.0755 0.03125 0.03125 0.0390625
v 0.5468 0.5137 -0.0728 0.04296875 0.0390625 0.05859375
v -0.5999 0.4336 -0.0800 0.421875 0.421875 0.375
v -0.5936 0.4045 -0.0819 0.37109375 0.359375 0.32421875
v -0.5872 0.3799 -0.0755 0.36328125 0.359375 0.33984375
v -0.5754 0.4154 -0.0718 0.34765625 0.328125 0.3046875
v -0.5681 0.3854 -0.0718 0.2890625 0.29296875 0.2734375
v -0.5326 0.3772 -0.0591 0.29296875 0.2734375 0.25
v -0.5253 0.3472 -0.0582 0.21875 0.21875 0.2265625
v -0.4916 0.3462 -0.0427 0.23046875 0.2265625 0.2109375
v -0.4853 0.3199 -0.0418 0.265625 0.26953125 0.24609375
v -0.4680 0.3435 -0.0354 0.33203125 0.33203125 0.30078125
v -0.4407 0.3189 -0.0273 0.29296875 0.2890625 0.2734375
v -0.4334 0.2916 -0.0245 0.26953125 0.265625 0.2578125
v -0.4024 0.2980 -0.0145 0.3515625 0.3515625 0.3203125
v -0.3961 0.2698 -0.0100 0.296875 0.29296875 0.2734375
v -0.3633 0.2698 0.0028 0.4609375 0.45703125 0.4375
v -0.3569 0.2416 0.0019 0.23046875 0.2265625 0.2109375
v -0.3287 0.2279 0.0110 0.3046875 0.2890625 0.27734375
v -0.3023 0.2252 0.0192 0.2421875 0.23828125 0.22265625
v -0.2605 0.1906 0.0346 0.34765625 0.34375 0.3359375
v -0.2204 0.1642 0.0483 0.1640625 0.16015625 0.1796875
v -0.1940 0.1506 0.0574 0.203125 0.19140625 0.21875
v -0.5999 0.4036 -0.0873 0.30078125 0.3046875 0.28125
v -0.5781 0.3717 -0.0737 0.3359375 0.3359375 0.328125
v -0.5708 0.3972 -0.0728 0.28125 0.27734375 0.2578125
v -0.5471 0.3717 -0.0655 0.29296875 0.2734375 0.2578125
v -0.5289 0.3663 -0.0573 0.2421875 0.23046875 0.2109375
v -0.5089 0.3563 -0.0500 0.25390625 0.25 0.2421875
v -0.4834 0.3381 -0.0418 0.28515625 0.28125 0.26171875
v -0.4589 0.2998 -0.0336 0.2578125 0.25390625 0.24609375
v -0.4507 0.3290 -0.0291 0.3671875 0.36328125 0.34375
v -0.4334 0.2871 -0.0282 0.25390625 0.24609375 0.25
v -0.4270 0.3153 -0.0218 0.33984375 0.3359375 0.3203125
v -0.4061 0.2935 -0.0163 0.3203125 0.31640625 0.296875
v -0.3460 0.2379 0.0064 0.265625 0.26171875 0.25390625
v -0.3178 0.2379 0.0146 0.28125 0.27734375 0.26953125
v -0.2969 0.2161 0.0192 0.30078125 0.296875 0.28125
v -0.2295 0.1733 0.0437 0.19921875 0.19921875 0.19921875
v -0.1776 0.1415 0.0610 0.1875 0.16796875 0.1953125
v -0.9539 0.3299 -0.0700 0.20703125 0.20703125 0.21484375
v -0.9294 0.3271 -0.0618 0.1875 0.19140625 0.19921875
v -0.9084 0.3371 -0.0737 0.18359375 0.1953125 0.16796875
v -0.9021 0.3108 -0.0573 0.26171875 0.265625 0.2734375
v -0.8784 0.3508 -0.0782 0.4375 0.44140625 0.41796875
v -0.8720 0.3262 -0.0682 0.3046875 0.30859375 0.28515625
v -0.8657 0.2998 -0.0555 0.13671875 0.140625 0.15625
v -0.8593 0.2734 -0.0400 0.15234375 0.16796875 0.1796875
v -0.8475 0.3526 -0.0809 0.390625 0.3828125 0.33203125
v -0.8420 0.3280 -0.0691 0.1875 0.18359375 0.16796875
v -0.8356 0.2998 -0.0564 0.1484375 0.15625 0.15234375
v -0.8193 0.3553 -0.0737 0.359375 0.3515625 0.35546875
v -0.8129 0.3262 -0.0637 0.12109375 0.12109375 0.12890625
v -0.8074 0.3017 -0.0555 0.14453125 0.1484375 0.15625
v -0.7956 0.3399 -0.0709 0.05078125 0.05078125 0.05859375
v -0.7892 0.3144 -0.0609 0.2109375 0.2109375 0.2109375
v -0.7619 0.3499 -0.0728 0.0546875 0.05859375 0.078125
v -0.7565 0.3235 -0.0618 0.26953125 0.2734375 0.28125
v -0.7337 0.3626 -0.0773 0.0859375 0.09765625 0.125
v -0.7273 0.3381 -0.0646 0.2421875 0.25 0.23828125
v -0.9248 0.3390 -0.0718 0.25390625 0.26171875 0.25
v -0.9012 0.3180 -0.0637 0.11328125 0.12109375 0.109375
v -0.8948 0.3435 -0.0737 0.35546875 0.359375 0.3359375
v -0.8757 0.3089 -0.0627 0.22265625 0.23046875 0.2265625
v -0.8693 0.3344 -0.0718 0.51953125 0.5234375 0.4921875
v -0.8475 0.2734 -0.0427 0.1484375 0.16015625 0.1796875
v -0.8411 0.2998 -0.0555 0.1171875 0.12109375 0.12890625
v -0.7992 0.2953 -0.0536 0.22265625 0.2265625 0.234375
v -0.7929 0.3199 -0.0637 0.21484375 0.21484375 0.21484375
v -0.7856 0.3490 -0.0746 0.0703125 0.07421875 0.08984375
v -0.7656 0.3189 -0.0627 0.28125 0.28515625 0.29296875
v -0.7592 0.3453 -0.0700 0.0546875 0.05859375 0.078125
v -0.7319 0.3271 -0.0609 0.2890625 0.296875 0.28515625
v -0.7255 0.3544 -0.0709 0.08203125 0.09375 0.12890625
v -0.7082 0.3735 -0.0800 0.07421875 0.078125 0.09765625
v -0.7009 0.3453 -0.0673 0.08203125 0.09375 0.11328125
v -0.6818 0.3754 -0.0791 0.0625 0.07421875 0.1015625
v -0.6928 0.3535 -0.0709 0.0625 0.07421875 0.109375
v 0.4221 0.0696 0.0829 0.22265625 0.22265625 0.21484375
v 0.4130 0.2025 0.0346 0.25 0.25390625 0.234375
v 0.4194 0.1770 0.0492 0.26171875 0.26171875 0.25390625
v 0.4048 0.3881 -0.0318 0.3125 0.30859375 0.2890625
v 0.4112 0.3617 -0.0245 0.328125 0.32421875 0.30859375
v 0.4175 0.3353 -0.0127 0.33203125 0.328125 0.3125
v 0.4239 0.3098 -0.0027 0.3359375 0.33203125 0.31640625
v 0.4303 0.2798 0.0073 0.32421875 0.328125 0.30859375
v 0.4130 0.4909 -0.0718 0.359375 0.3671875 0.34765625
v 0.4194 0.4655 -0.0600 0.28515625 0.2890625 0.26953125
v 0.4257 0.4373 -0.0518 0.34765625 0.34375 0.32421875
v 0.4321 0.4118 -0.0418 0.33203125 0.3203125 0.30078125
v 0.4376 0.3854 -0.0309 0.28125 0.27734375 0.26171875
v 0.4367 0.4964 -0.0728 0.14453125 0.14453125 0.14453125
v 0.4103 0.3708 -0.0291 0.33984375 0.3359375 0.3203125
v 0.4175 0.4009 -0.0373 0.33984375 0.328125 0.30859375
v 0.4239 0.4272 -0.0464 0.3046875 0.30078125 0.28125
v 0.4303 0.4527 -0.0573 0.21484375 0.21875 0.19921875
v 0.4367 0.4791 -0.0646 0.17578125 0.17578125 0.16796875
v 0.4103 0.2416 0.0237 0.29296875 0.296875 0.27734375
v 0.4166 0.2671 0.0119 0.265625 0.26953125 0.25
v 0.4357 0.3481 -0.0154 0.34765625 0.34375 0.328125
v 0.4194 0.1524 0.0556 0.30859375 0.3125 0.29296875
v 0.4257 0.1797 0.0446 0.328125 0.33203125 0.3125
v 0.4321 0.2070 0.0346 0.3046875 0.3046875 0.296875
v -0.3114 -0.0815 0.1129 0.14453125 0.16015625 0.1640625
v -0.2787 -0.0842 0.1129 0.171875 0.1875 0.19140625
v -0.2577 -0.0678 0.1065 0.140625 0.14453125 0.15234375
v -0.2322 -0.0669 0.1074 0.2578125 0.2578125 0.2578125
v -0.2031 -0.0505 0.1020 0.32421875 0.32421875 0.31640625
v -0.1968 -0.0769 0.1165 0.32421875 0.32421875 0.31640625
v -0.1676 -0.0560 0.1056 0.296875 0.29296875 0.27734375
v -0.1485 -0.0414 0.0992 0.328125 0.33203125 0.3125
v -0.1422 -0.0669 0.1147 0.234375 0.21875 0.20703125
v -0.1230 -0.0424 0.1038 0.30078125 0.3046875 0.28125
v -0.0939 -0.0351 0.1047 0.421875 0.41015625 0.3828125
v -0.0875 -0.0606 0.1138 0.15625 0.15625 0.1484375
v -0.0621 -0.0232 0.0956 0.51953125 0.4921875 0.4609375
v -0.0566 -0.0478 0.1038 0.40625 0.40625 0.3671875
v -0.0393 -0.0096 0.1083 0.4765625 0.453125 0.40625
v -0.0320 -0.0405 0.1029 0.51171875 0.4765625 0.44921875
v -0.0157 -0.0078 0.1111 0.2421875 0.23828125 0.21875
v -0.0084 -0.0360 0.1038 0.29296875 0.2890625 0.2734375
v 0.0153 -0.0114 0.0947 0.33203125 0.328125 0.3203125
v 0.0208 -0.0360 0.1065 0.26953125 0.265625 0.25
v 0.0426 0.0141 0.0865 0.3359375 0.33203125 0.31640625
v 0.0490 -0.0132 0.1011 0.328125 0.3125 0.30078125
v 0.0553 -0.0396 0.1156 0.3125 0.31640625 0.29296875
v 0.0708 -0.0078 0.0965 0.328125 0.32421875 0.3046875
v 0.0772 -0.0333 0.1083 0.2109375 0.2109375 0.203125
v 0.0945 -0.0132 0.1011 0.30859375 0.3125 0.29296875
v 0.1008 -0.0396 0.1156 0.32421875 0.328125 0.30859375
v 0.1291 -0.0132 0.1029 0.29296875 0.30078125 0.2890625
v 0.1354 -0.0396 0.1147 0.29296875 0.29296875 0.28515625
v 0.1609 0.0004 0.0974 0.296875 0.296875 0.296875
v 0.1673 -0.0269 0.1102 0.25390625 0.2578125 0.23828125
v 0.1918 0.0022 0.1011 0.3515625 0.34375 0.34765625
v -0.3324 -0.0870 0.1120 0.1953125 0.203125 0.19921875
v -0.2559 -0.0733 0.1093 0.140625 0.14453125 0.15234375
v -0.2313 -0.0779 0.1156 0.31640625 0.3203125 0.30078125
v -0.1940 -0.0760 0.1147 0.25390625 0.26171875 0.25
v -0.1877 -0.0505 0.1029 0.32421875 0.32421875 0.32421875
v -0.1576 -0.0606 0.1111 0.2109375 0.1953125 0.19140625
v -0.1522 -0.0369 0.1002 0.27734375 0.28515625 0.265625
v -0.1340 -0.0624 0.1120 0.26953125 0.25390625 0.2421875
v -0.1276 -0.0333 0.0983 0.19140625 0.1953125 0.17578125
v -0.1067 -0.0414 0.1020 0.1953125 0.19140625 0.171875
v -0.0748 -0.0551 0.1138 0.41015625 0.390625 0.375
v -0.0693 -0.0305 0.0974 0.48828125 0.453125 0.41796875
v -0.0430 -0.0551 0.1138 0.3984375 0.40625 0.35546875
v -0.0375 -0.0287 0.0992 0.47265625 0.43359375 0.4296875
v -0.0293 0.0013 0.1129 0.4609375 0.4453125 0.40234375
v -0.0211 -0.0560 0.1174 0.1875 0.1875 0.1796875
v -0.0138 -0.0278 0.1093 0.2109375 0.19921875 0.1796875
v -0.0075 -0.0005 0.1074 0.359375 0.3515625 0.35546875
v 0.0062 -0.0405 0.1056 0.3359375 0.30078125 0.3046875
v 0.0126 -0.0132 0.0938 0.28515625 0.265625 0.25390625
v 0.0189 0.0132 0.0965 0.3203125 0.3203125 0.328125
v 0.0344 -0.0442 0.1138 0.29296875 0.29296875 0.25390625
v 0.0408 -0.0178 0.1020 0.296875 0.28125 0.27734375
v 0.0481 0.0113 0.0911 0.3359375 0.33203125 0.31640625
v 0.0726 -0.0305 0.1047 0.3046875 0.30078125 0.29296875
v 0.0790 -0.0041 0.0965 0.3359375 0.33203125 0.3125
v 0.0917 -0.0242 0.1056 0.26171875 0.26171875 0.25390625
v 0.0981 0.0013 0.0956 0.1875 0.19140625 0.171875
v 0.1172 -0.0378 0.1156 0.29296875 0.29296875 0.28515625
v 0.1236 -0.0123 0.1038 0.30859375 0.31640625 0.296875
v 0.1518 -0.0251 0.1147 0.21484375 0.21875 0.19921875
v 0.1582 0.0004 0.0992 0.32421875 0.32421875 0.31640625
v 0.1882 -0.0232 0.1138 0.31640625 0.3203125 0.30078125
v 0.1946 0.0031 0.1029 0.3515625 0.34375 0.34765625
v 0.1982 -0.0251 0.1156 0.29296875 0.30078125 0.2890625
v 0.2164 0.0004 0.1020 0.34375 0.34375 0.3359375
v 0.2228 -0.0260 0.1174 0.31640625 0.31640625 0.31640625
v 0.2910 -0.0087 0.1093 0.2421875 0.23828125 0.21875
v 0.3211 -0.0132 0.1156 0.33203125 0.328125 0.3125
v 0.3447 -0.0041 0.1093 0.28515625 0.28125 0.265625
v 0.2128 -0.0178 0.1083 0.22265625 0.23046875 0.2109375
v 0.2392 -0.0214 0.1165 0.26171875 0.26171875 0.25390625
v 0.2738 -0.0260 0.1147 0.32421875 0.3203125 0.3125
v 0.2792 -0.0005 0.1065 0.30859375 0.3125 0.29296875
v 0.3193 -0.0032 0.1093 0.25 0.25390625 0.234375
v 0.3793 -0.0105 0.1165 0.3203125 0.3203125 0.3125
v -0.8284 0.2725 -0.0445 0.14453125 0.15625 0.17578125
v -0.8220 0.2452 -0.0336 0.21484375 0.21875 0.23828125
v -0.8001 0.2743 -0.0455 0.171875 0.17578125 0.18359375
v -0.7938 0.2470 -0.0318 0.19921875 0.203125 0.22265625
v -0.7883 0.2225 -0.0182 0.21484375 0.22265625 0.203125
v -0.7828 0.2871 -0.0500 0.21875 0.22265625 0.23828125
v -0.7765 0.2598 -0.0391 0.20703125 0.21484375 0.203125
v -0.7701 0.2343 -0.0291 0.17578125 0.1796875 0.1953125
v -0.7637 0.2088 -0.0163 0.21484375 0.21875 0.19921875
v -0.7501 0.2953 -0.0518 0.25390625 0.26171875 0.2578125
v -0.7428 0.2680 -0.0391 0.2109375 0.2109375 0.203125
v -0.7373 0.2425 -0.0291 0.16796875 0.16796875 0.17578125
v -0.7310 0.2161 -0.0218 0.21484375 0.21484375 0.20703125
v -0.7246 0.1888 -0.0109 0.26953125 0.265625 0.2578125
v -0.7210 0.3108 -0.0582 0.046875 0.05078125 0.06640625
v -0.7146 0.2835 -0.0436 0.17578125 0.18359375 0.1796875
v -0.8056 0.2698 -0.0418 0.171875 0.17578125 0.18359375
v -0.7847 0.2398 -0.0300 0.17578125 0.1796875 0.19921875
v -0.7783 0.2662 -0.0391 0.203125 0.2109375 0.19921875
v -0.7728 0.2907 -0.0491 0.21484375 0.22265625 0.21875
v -0.7583 0.2207 -0.0182 0.24609375 0.25390625 0.234375
v -0.7519 0.2480 -0.0309 0.16015625 0.1640625 0.1796875
v -0.7455 0.2725 -0.0409 0.15234375 0.16015625 0.15625
v -0.7392 0.2980 -0.0527 0.1484375 0.15625 0.15234375
v -0.7319 0.1934 -0.0109 0.26953125 0.265625 0.2578125
v -0.7255 0.2197 -0.0200 0.21484375 0.21484375 0.20703125
v -0.7191 0.2461 -0.0309 0.1796875 0.1796875 0.1875
v -0.7082 0.2561 -0.0364 0.21875 0.21875 0.21875
v -0.7019 0.2288 -0.0227 0.28125 0.28515625 0.265625
v -0.6946 0.1997 -0.0136 0.32421875 0.3203125 0.30078125
v -0.6882 0.1724 -0.0036 0.28515625 0.29296875 0.28125
v -0.6818 0.1478 0.0101 0.3203125 0.3125 0.31640625
v -0.6946 0.3180 -0.0573 0.13671875 0.15234375 0.1640625
v -0.6891 0.2944 -0.0491 0.28125 0.2890625 0.27734375
v -0.6827 0.2680 -0.0391 0.30078125 0.30078125 0.30078125
v -0.6755 0.2398 -0.0273 0.27734375 0.28125 0.2578125
v -0.6691 0.2125 -0.0182 0.296875 0.296875 0.2890625
v -0.6636 0.1879 -0.0072 0.25390625 0.25390625 0.25390625
v -0.6563 0.1579 0.0028 0.2109375 0.21875 0.21484375
v -0.6500 0.1315 0.0128 0.1640625 0.171875 0.16796875
v -0.6436 0.1060 0.0310 0.21875 0.22265625 0.23046875
v -0.6755 0.3481 -0.0682 0.17578125 0.17578125 0.18359375
v -0.6691 0.3217 -0.0582 0.10546875 0.10546875 0.11328125
v -0.6627 0.2935 -0.0473 0.21484375 0.21875 0.19921875
v -0.6563 0.2671 -0.0364 0.25390625 0.25390625 0.25390625
v -0.6500 0.2389 -0.0282 0.29296875 0.296875 0.27734375
v -0.6436 0.2125 -0.0172 0.28125 0.28125 0.28125
v -0.6363 0.1852 -0.0054 0.23046875 0.23046875 0.23046875
v -0.6309 0.1606 0.0055 0.14453125 0.15234375 0.1484375
v -0.6245 0.1324 0.0155 0.16796875 0.17578125 0.171875
v -0.6172 0.1051 0.0264 0.16796875 0.171875 0.1796875
v -0.6118 0.0814 0.0428 0.1875 0.19140625 0.20703125
v -0.6354 0.3399 -0.0618 0.296875 0.3046875 0.29296875
v -0.6045 0.2070 -0.0100 0.19921875 0.19921875 0.19921875
v -0.5972 0.1797 -0.0018 0.2109375 0.2109375 0.2109375
v -0.5917 0.1551 0.0073 0.22265625 0.23046875 0.2265625
v -0.5854 0.1278 0.0164 0.2109375 0.21484375 0.22265625
v -0.5790 0.1014 0.0292 0.1640625 0.16796875 0.17578125
v -0.5726 0.0760 0.0374 0.16796875 0.171875 0.1875
v -0.5662 0.0505 0.0565 0.171875 0.171875 0.1640625
v -0.6099 0.3726 -0.0755 0.07421875 0.08984375 0.09375
v -0.6045 0.3472 -0.0627 0.21875 0.22265625 0.23046875
v -0.5981 0.3226 -0.0518 0.10546875 0.109375 0.1171875
v -0.5917 0.2944 -0.0455 0.17578125 0.1796875 0.1953125
v -0.5854 0.2671 -0.0345 0.140625 0.14453125 0.15234375
v -0.5790 0.2425 -0.0227 0.23046875 0.234375 0.2421875
v -0.5726 0.2152 -0.0118 0.1953125 0.1953125 0.203125
v -0.5662 0.1870 -0.0009 0.203125 0.203125 0.2109375
v -0.5599 0.1624 0.0055 0.1796875 0.18359375 0.19140625
v -0.5535 0.1342 0.0192 0.1328125 0.13671875 0.14453125
v -0.5471 0.1060 0.0301 0.17578125 0.1796875 0.1875
v -0.5408 0.0805 0.0374 0.16015625 0.1640625 0.1796875
v -0.5344 0.0550 0.0474 0.19140625 0.1953125 0.203125
v -0.5280 0.0268 0.0601 0.16796875 0.171875 0.1796875
v -0.5681 0.2998 -0.0436 0.171875 0.17578125 0.18359375
v -0.5617 0.2725 -0.0309 0.1796875 0.1796875 0.1875
v -0.5544 0.2434 -0.0236 0.19140625 0.19140625 0.19921875
v -0.5490 0.2179 -0.0145 0.21875 0.21875 0.2109375
v -0.5426 0.1934 -0.0045 0.2421875 0.2421875 0.25
v -0.5362 0.1642 0.0064 0.16015625 0.1640625 0.171875
v -0.5289 0.1369 0.0182 0.1953125 0.19921875 0.20703125
v -0.5235 0.1114 0.0292 0.1796875 0.1875 0.18359375
v -0.5162 0.0823 0.0374 0.171875 0.17578125 0.18359375
v -0.5098 0.0532 0.0492 0.109375 0.1171875 0.11328125
v -0.5044 0.0295 0.0610 0.1796875 0.18359375 0.19921875
v -0.4980 0.0041 0.0719 0.1875 0.19140625 0.20703125
v -0.5226 0.1943 -0.0054 0.16796875 0.171875 0.1875
v -0.5162 0.1697 0.0073 0.19921875 0.203125 0.2109375
v -0.5107 0.1442 0.0192 0.203125 0.20703125 0.21484375
v -0.5044 0.1178 0.0264 0.1484375 0.15234375 0.16015625
v -0.4980 0.0905 0.0392 0.140625 0.14453125 0.15234375
v -0.4907 0.0632 0.0483 0.18359375 0.1875 0.1953125
v -0.4853 0.0377 0.0574 0.22265625 0.2265625 0.234375
v -0.4780 0.0086 0.0683 0.22265625 0.2265625 0.234375
v -0.4716 -0.0178 0.0810 0.2109375 0.21875 0.21484375
v -0.4488 0.0268 0.0601 0.13671875 0.14453125 0.140625
v -0.4297 -0.0515 0.0947 0.12109375 0.13671875 0.1484375
v -0.7119 0.2753 -0.0409 0.265625 0.2734375 0.26953125
v -0.7055 0.3026 -0.0527 0.16796875 0.17578125 0.171875
v -0.6991 0.3262 -0.0618 0.27734375 0.296875 0.28125
v -0.7037 0.1679 0.0000 0.25 0.25390625 0.234375
v -0.6964 0.1961 -0.0100 0.23046875 0.234375 0.21484375
v -0.6909 0.2197 -0.0182 0.2421875 0.23828125 0.22265625
v -0.6846 0.2443 -0.0300 0.28125 0.28125 0.2734375
v -0.6773 0.2734 -0.0391 0.3046875 0.30859375 0.2890625
v -0.6709 0.3017 -0.0500 0.3203125 0.3203125 0.3125
v -0.6645 0.3253 -0.0600 0.27734375 0.28125 0.26171875
v -0.6573 0.3535 -0.0718 0.05078125 0.046875 0.06640625
v -0.6882 0.1433 0.0137 0.30078125 0.28515625 0.28125
v -0.6818 0.1697 0.0019 0.25 0.25 0.2578125
v -0.6755 0.1952 -0.0145 0.18359375 0.18359375 0.17578125
v -0.6691 0.2225 -0.0209 0.24609375 0.24609375 0.23828125
v -0.6563 0.2762 -0.0400 0.28125 0.28125 0.2734375
v -0.6427 0.3299 -0.0582 0.2265625 0.2265625 0.21875
v -0.6363 0.3572 -0.0700 0.0859375 0.0859375 0.09375
v -0.6654 0.1406 0.0128 0.234375 0.2421875 0.23828125
v -0.6582 0.1688 0.0046 0.17578125 0.18359375 0.1796875
v -0.6454 0.2197 -0.0209 0.26171875 0.26171875 0.26171875
v -0.6327 0.2725 -0.0364 0.265625 0.2734375 0.26171875
v -0.6263 0.2971 -0.0445 0.28125 0.28515625 0.29296875
v -0.6199 0.3244 -0.0564 0.0625 0.06640625 0.08203125
v -0.6127 0.3526 -0.0618 0.0859375 0.08984375 0.09765625
v -0.6063 0.3772 -0.0755 0.07421875 0.08984375 0.09375
v -0.6427 0.1078 0.0274 0.21875 0.22265625 0.23046875
v -0.6372 0.1306 0.0137 0.1796875 0.1875 0.18359375
v -0.6309 0.1560 0.0037 0.1953125 0.203125 0.19921875
v -0.6236 0.1843 -0.0045 0.2109375 0.2109375 0.2109375
v -0.6172 0.2106 -0.0145 0.1953125 0.1953125 0.1953125
v -0.6108 0.2352 -0.0191 0.16796875 0.17578125 0.171875
v -0.6045 0.2625 -0.0300 0.1328125 0.13671875 0.14453125
v -0.5981 0.2907 -0.0427 0.16015625 0.1640625 0.1796875
v -0.5917 0.3144 -0.0509 0.23046875 0.234375 0.2421875
v -0.6127 0.1023 0.0274 0.16796875 0.171875 0.1796875
v -0.6072 0.1278 0.0164 0.21875 0.22265625 0.23046875
v -0.5999 0.1533 0.0073 0.25 0.2578125 0.25390625
v -0.5936 0.1815 -0.0018 0.23828125 0.23828125 0.23828125
v -0.5872 0.2088 -0.0100 0.21484375 0.21484375 0.22265625
v -0.5799 0.2352 -0.0172 0.18359375 0.1875 0.1953125
v -0.5735 0.2616 -0.0327 0.13671875 0.14453125 0.140625
v -0.5672 0.2880 -0.0409 0.1796875 0.17578125 0.1953125
v -0.6008 0.0741 0.0446 0.13671875 0.140625 0.15625
v -0.5945 0.0996 0.0301 0.16015625 0.1640625 0.171875
v -0.5881 0.1251 0.0246 0.1875 0.19140625 0.19921875
v -0.5808 0.1533 0.0128 0.22265625 0.2265625 0.234375
v -0.5754 0.1779 0.0028 0.1953125 0.19921875 0.20703125
v -0.5681 0.2061 -0.0072 0.1953125 0.1953125 0.203125
v -0.5608 0.2343 -0.0182 0.16015625 0.16015625 0.16796875
v -0.5544 0.2607 -0.0291 0.203125 0.203125 0.203125
v -0.5817 0.0605 0.0537 0.2265625 0.23046875 0.23828125
v -0.5754 0.0860 0.0355 0.16015625 0.1640625 0.1796875
v -0.5690 0.1133 0.0264 0.109375 0.11328125 0.12109375
v -0.5617 0.1424 0.0155 0.16015625 0.1640625 0.171875
v -0.5553 0.1688 0.0019 0.1796875 0.18359375 0.19140625
v -0.5499 0.1934 -0.0054 0.2421875 0.2421875 0.25
v -0.5426 0.2216 -0.0127 0.21875 0.21875 0.2109375
v -0.5562 0.0405 0.0574 0.21875 0.2265625 0.21484375
v -0.5499 0.0659 0.0419 0.2421875 0.2421875 0.25
v -0.5435 0.0960 0.0346 0.2109375 0.21484375 0.22265625
v -0.5362 0.1205 0.0246 0.17578125 0.1796875 0.1875
v -0.5308 0.1469 0.0137 0.1484375 0.15234375 0.16015625
v -0.5235 0.1761 0.0037 0.1171875 0.12109375 0.12890625
v -0.5235 0.0341 0.0583 0.19140625 0.20703125 0.2109375
v -0.5162 0.0623 0.0465 0.1796875 0.1953125 0.19140625
v -0.5098 0.0914 0.0383 0.16015625 0.1640625 0.171875
v -0.5035 0.1151 0.0292 0.1484375 0.15234375 0.16015625
v -0.4971 0.1433 0.0192 0.16015625 0.1640625 0.171875
v -0.4916 0.0496 0.0519 0.2109375 0.21484375 0.22265625
v -0.4853 0.0760 0.0437 0.22265625 0.2265625 0.234375
v -0.4789 0.1014 0.0337 0.18359375 0.1875 0.1953125
v -0.4789 -0.0023 0.0719 0.1953125 0.19921875 0.20703125
v -0.4725 0.0250 0.0628 0.16015625 0.16796875 0.1640625
v -0.4652 0.0523 0.0537 0.1953125 0.19140625 0.2109375
v -0.4470 -0.0187 0.0829 0.18359375 0.19140625 0.1875
v -0.4397 0.0086 0.0710 0.19921875 0.20703125 0.203125
v -0.4188 -0.0578 0.0983 0.12890625 0.1328125 0.140625
v 0.0581 0.0432 0.0738 0.28125 0.28515625 0.265625
v 0.0644 0.0186 0.0847 0.28125 0.265625 0.26953125
v 0.0763 0.0632 0.0619 0.265625 0.265625 0.265625
v 0.0817 0.0395 0.0810 0.27734375 0.2734375 0.2578125
v 0.0881 0.0132 0.0929 0.26953125 0.2734375 0.25390625
v 0.1027 0.0942 0.0565 0.35546875 0.359375 0.33984375
v 0.1090 0.0669 0.0701 0.3203125 0.31640625 0.30859375
v 0.1154 0.0414 0.0829 0.2265625 0.22265625 0.20703125
v 0.1218 0.0159 0.0911 0.32421875 0.32421875 0.31640625
v 0.1281 0.1342 0.0419 0.33984375 0.3359375 0.3203125
v 0.1345 0.1078 0.0574 0.3515625 0.35546875 0.3359375
v 0.1418 0.0787 0.0692 0.21875 0.2265625 0.21484375
v 0.1482 0.0541 0.0765 0.3203125 0.32421875 0.3046875
v 0.1536 0.0277 0.0883 0.33203125 0.3359375 0.31640625
v 0.1536 0.1624 0.0328 0.29296875 0.2890625 0.26953125
v 0.1600 0.1342 0.0474 0.3359375 0.33203125 0.31640625
v 0.1664 0.1087 0.0583 0.21875 0.21875 0.2109375
v 0.1727 0.0814 0.0692 0.30078125 0.30078125 0.29296875
v 0.1800 0.0523 0.0820 0.30078125 0.3203125 0.29296875
v 0.1864 0.0277 0.0911 0.34765625 0.3515625 0.328125
v 0.1718 0.1870 0.0264 0.25390625 0.25 0.234375
v 0.1782 0.1588 0.0401 0.30859375 0.3046875 0.2890625
v 0.1846 0.1342 0.0510 0.1875 0.19140625 0.171875
v 0.1909 0.1069 0.0583 0.2421875 0.2421875 0.234375
v 0.0535 0.0332 0.0738 0.3046875 0.296875 0.30078125
v 0.0608 0.0641 0.0756 0.23828125 0.23828125 0.23828125
v 0.0845 0.0195 0.0865 0.2890625 0.28515625 0.27734375
v 0.0917 0.0477 0.0774 0.32421875 0.3203125 0.3046875
v 0.0981 0.0750 0.0665 0.3359375 0.3359375 0.328125
v 0.1036 0.0996 0.0537 0.29296875 0.296875 0.27734375
v 0.1099 0.1269 0.0528 0.30078125 0.296875 0.27734375
v 0.1045 0.0286 0.0883 0.25390625 0.25 0.2421875
v 0.1109 0.0559 0.0756 0.26953125 0.25390625 0.25
v 0.1172 0.0823 0.0665 0.28125 0.2890625 0.27734375
v 0.1236 0.1078 0.0556 0.3359375 0.33984375 0.3203125
v 0.1300 0.1351 0.0456 0.33984375 0.3359375 0.3203125
v 0.1372 0.1624 0.0446 0.3125 0.30078125 0.28125
v 0.1300 0.0122 0.0929 0.22265625 0.23046875 0.21875
v 0.1372 0.0423 0.0829 0.296875 0.29296875 0.28515625
v 0.1427 0.0678 0.0683 0.30078125 0.3046875 0.28515625
v 0.1500 0.0951 0.0610 0.28125 0.28125 0.2734375
v 0.1573 0.1242 0.0510 0.2734375 0.27734375 0.2578125
v 0.1627 0.1506 0.0428 0.31640625 0.3125 0.296875
v 0.1691 0.1752 0.0292 0.3125 0.30859375 0.29296875
v 0.1764 0.2025 0.0228 0.3046875 0.30859375 0.2890625
v 0.1645 0.0259 0.0901 0.32421875 0.328125 0.30859375
v 0.1709 0.0505 0.0810 0.234375 0.25390625 0.23828125
v 0.1773 0.0805 0.0701 0.30078125 0.30078125 0.29296875
v 0.1846 0.1060 0.0592 0.19921875 0.19921875 0.19140625
v 0.1909 0.1324 0.0501 0.30859375 0.3125 0.29296875
v 0.1973 0.0805 0.0683 0.2421875 0.2421875 0.234375
v 0.2037 0.0541 0.0801 0.30078125 0.30859375 0.2890625
v 0.2100 0.0277 0.0911 0.3046875 0.3046875 0.3046875
v 0.2009 0.2197 0.0137 0.32421875 0.328125 0.30859375
v 0.2082 0.1915 0.0283 0.2734375 0.27734375 0.2578125
v 0.2146 0.1651 0.0374 0.2890625 0.2890625 0.28125
v 0.2201 0.1397 0.0501 0.2734375 0.2734375 0.265625
v 0.2273 0.1105 0.0601 0.21875 0.21875 0.2109375
v 0.2401 0.0578 0.0820 0.2734375 0.2734375 0.265625
v 0.2273 0.2552 0.0028 0.33203125 0.3359375 0.31640625
v 0.2337 0.2288 0.0137 0.2734375 0.27734375 0.2578125
v 0.2410 0.2015 0.0255 0.26953125 0.26953125 0.26171875
v 0.2719 0.0696 0.0783 0.33203125 0.33984375 0.3203125
v 0.2783 0.0450 0.0883 0.3203125 0.32421875 0.3046875
v 0.2847 0.0177 0.0983 0.234375 0.2421875 0.23828125
v 0.2510 0.2789 -0.0018 0.28515625 0.28125 0.265625
v 0.2574 0.2516 0.0101 0.28125 0.28515625 0.265625
v 0.2637 0.2252 0.0173 0.3046875 0.30859375 0.2890625
v 0.2692 0.2015 0.0292 0.33203125 0.33203125 0.32421875
v 0.2756 0.1752 0.0383 0.27734375 0.27734375 0.26953125
v 0.2829 0.1460 0.0483 0.21484375 0.22265625 0.2109375
v 0.2883 0.1224 0.0592 0.2109375 0.21875 0.20703125
v 0.2947 0.0960 0.0692 0.2421875 0.25 0.23828125
v 0.3020 0.0669 0.0801 0.28125 0.2734375 0.27734375
v 0.3074 0.0423 0.0892 0.3125 0.3125 0.3046875
v 0.3138 0.0159 0.1011 0.28125 0.296875 0.29296875
v 0.2674 0.3162 -0.0118 0.2734375 0.26953125 0.25390625
v 0.2738 0.2889 -0.0054 0.24609375 0.25 0.23046875
v 0.2801 0.2616 0.0046 0.2890625 0.29296875 0.2734375
v 0.2865 0.2361 0.0155 0.296875 0.30078125 0.28125
v 0.2929 0.2106 0.0255 0.21875 0.22265625 0.203125
v 0.2992 0.1824 0.0374 0.234375 0.234375 0.2265625
v 0.3056 0.1579 0.0474 0.21484375 0.21484375 0.20703125
v 0.3120 0.1296 0.0592 0.2734375 0.2734375 0.265625
v 0.3183 0.1023 0.0674 0.28125 0.28125 0.2734375
v 0.3247 0.0769 0.0783 0.32421875 0.3203125 0.3125
v 0.3311 0.0505 0.0874 0.30078125 0.296875 0.2890625
v 0.3384 0.0223 0.0983 0.31640625 0.3203125 0.328125
v 0.2965 0.3490 -0.0282 0.26171875 0.265625 0.24609375
v 0.3029 0.3235 -0.0136 0.328125 0.33203125 0.3125
v 0.3092 0.2953 -0.0054 0.3203125 0.3203125 0.3125
v 0.3165 0.2671 0.0073 0.328125 0.328125 0.3203125
v 0.3220 0.2416 0.0173 0.30859375 0.30859375 0.30078125
v 0.3284 0.2152 0.0255 0.3046875 0.30859375 0.2890625
v 0.3356 0.1879 0.0365 0.26171875 0.265625 0.24609375
v 0.3411 0.1624 0.0492 0.2890625 0.29296875 0.2734375
v 0.3484 0.1342 0.0565 0.33203125 0.33203125 0.33203125
v 0.3557 0.1051 0.0683 0.26953125 0.26953125 0.26953125
v 0.3620 0.0796 0.0792 0.32421875 0.32421875 0.31640625
v 0.3684 0.0514 0.0892 0.3203125 0.31640625 0.30859375
v 0.3748 0.0250 0.0992 0.2890625 0.29296875 0.26171875
v 0.3811 -0.0005 0.1120 0.23828125 0.24609375 0.234375
v 0.3211 0.3817 -0.0382 0.2734375 0.26953125 0.25390625
v 0.3275 0.3563 -0.0291 0.2890625 0.29296875 0.2734375
v 0.3329 0.3317 -0.0163 0.33203125 0.3359375 0.31640625
v 0.3402 0.3035 -0.0054 0.328125 0.328125 0.3203125
v 0.3466 0.2753 0.0064 0.3203125 0.3203125 0.3125
v 0.3538 0.2480 0.0155 0.27734375 0.27734375 0.26953125
v 0.3602 0.2207 0.0237 0.23046875 0.23046875 0.22265625
v 0.3675 0.1924 0.0337 0.2265625 0.2265625 0.21875
v 0.3730 0.1670 0.0456 0.24609375 0.25 0.2265625
v 0.3793 0.1406 0.0528 0.3046875 0.3046875 0.296875
v 0.3857 0.1142 0.0638 0.3203125 0.32421875 0.3046875
v 0.3921 0.0869 0.0738 0.3203125 0.32421875 0.3046875
v 0.3984 0.0596 0.0847 0.30078125 0.30859375 0.3046875
v 0.4048 0.0341 0.0983 0.18359375 0.19140625 0.171875
v 0.4121 0.0068 0.1083 0.22265625 0.234375 0.19921875
v 0.3438 0.3945 -0.0418 0.296875 0.30078125 0.28125
v 0.3502 0.3681 -0.0282 0.30078125 0.3046875 0.28515625
v 0.3566 0.3390 -0.0182 0.328125 0.32421875 0.30859375
v 0.3629 0.3153 -0.0045 0.203125 0.19921875 0.18359375
v 0.3693 0.2898 0.0010 0.2734375 0.26953125 0.25390625
v 0.3757 0.2607 0.0119 0.2265625 0.2265625 0.21875
v 0.3830 0.2325 0.0228 0.23828125 0.2421875 0.22265625
v 0.3884 0.2088 0.0319 0.32421875 0.328125 0.30859375
v 0.3957 0.1806 0.0428 0.3125 0.3125 0.3046875
v 0.4030 0.1506 0.0537 0.328125 0.328125 0.3203125
v 0.4084 0.1260 0.0638 0.2734375 0.2734375 0.265625
v 0.4148 0.0996 0.0747 0.21875 0.22265625 0.203125
v 0.3602 0.4200 -0.0491 0.34375 0.34765625 0.328125
v 0.3675 0.3927 -0.0382 0.26171875 0.265625 0.24609375
v 0.3739 0.3654 -0.0263 0.328125 0.33203125 0.3125
v 0.3802 0.3381 -0.0172 0.3359375 0.33203125 0.31640625
v 0.3866 0.3117 -0.0100 0.3359375 0.33203125 0.31640625
v 0.3939 0.2835 0.0037 0.27734375 0.28125 0.26171875
v 0.4003 0.2571 0.0164 0.2578125 0.26171875 0.2421875
v 0.3848 0.4709 -0.0600 0.328125 0.33203125 0.30859375
v 0.3912 0.4436 -0.0546 0.3125 0.30859375 0.2890625
v 0.3975 0.4172 -0.0436 0.22265625 0.21875 0.19921875
v 0.1973 0.1606 0.0410 0.28125 0.28125 0.2734375
v 0.2037 0.1870 0.0337 0.2421875 0.24609375 0.2265625
v 0.2100 0.2134 0.0210 0.33984375 0.34375 0.32421875
v 0.2173 0.2407 0.0055 0.32421875 0.328125 0.30859375
v 0.2237 0.2689 0.0046 0.30078125 0.3046875 0.28515625
v 0.2009 0.0277 0.0920 0.3359375 0.3359375 0.328125
v 0.2073 0.0559 0.0810 0.296875 0.3046875 0.28515625
v 0.2146 0.0851 0.0719 0.24609375 0.24609375 0.23828125
v 0.2201 0.1087 0.0610 0.22265625 0.22265625 0.21484375
v 0.2273 0.1360 0.0519 0.265625 0.265625 0.2578125
v 0.2337 0.1633 0.0410 0.3046875 0.3046875 0.3046875
v 0.2401 0.1906 0.0355 0.30859375 0.30859375 0.30078125
v 0.2465 0.2152 0.0237 0.1875 0.1875 0.1796875
v 0.2528 0.2425 0.0137 0.21484375 0.21875 0.19921875
v 0.2592 0.2689 0.0055 0.28125 0.28515625 0.265625
v 0.2647 0.2926 -0.0054 0.2734375 0.26953125 0.25390625
v 0.2719 0.3217 -0.0200 0.31640625 0.3125 0.296875
v 0.2192 0.0104 0.0983 0.2890625 0.2890625 0.2890625
v 0.2264 0.0368 0.0865 0.32421875 0.328125 0.30859375
v 0.2328 0.0632 0.0801 0.296875 0.296875 0.2890625
v 0.2383 0.0896 0.0683 0.296875 0.3046875 0.28515625
v 0.2455 0.1169 0.0628 0.26171875 0.26953125 0.2578125
v 0.2510 0.1415 0.0492 0.30859375 0.30859375 0.30078125
v 0.2574 0.1661 0.0392 0.3125 0.3125 0.3125
v 0.2647 0.1952 0.0319 0.3125 0.3125 0.3125
v 0.2710 0.2216 0.0237 0.30078125 0.3046875 0.28515625
v 0.2765 0.2452 0.0128 0.19921875 0.203125 0.18359375
v 0.2838 0.2734 -0.0018 0.20703125 0.2109375 0.19140625
v 0.2901 0.3007 -0.0045 0.3203125 0.32421875 0.3046875
v 0.2965 0.3262 -0.0209 0.25 0.25390625 0.234375
v 0.3029 0.3535 -0.0309 0.30078125 0.3046875 0.28515625
v 0.2446 0.0031 0.1029 0.30859375 0.30859375 0.30078125
v 0.2519 0.0304 0.0911 0.265625 0.2734375 0.26953125
v 0.2583 0.0578 0.0838 0.21484375 0.21484375 0.20703125
v 0.2637 0.0814 0.0738 0.22265625 0.23046875 0.2109375
v 0.2710 0.1096 0.0638 0.26953125 0.27734375 0.265625
v 0.2774 0.1369 0.0519 0.3125 0.3203125 0.30859375
v 0.2838 0.1615 0.0456 0.3046875 0.3046875 0.296875
v 0.2901 0.1897 0.0355 0.28515625 0.28515625 0.27734375
v 0.2974 0.2179 0.0264 0.26953125 0.26953125 0.26171875
v 0.3038 0.2425 0.0164 0.20703125 0.20703125 0.19921875
v 0.3092 0.2671 0.0046 0.328125 0.328125 0.3203125
v 0.3165 0.2971 -0.0036 0.32421875 0.32421875 0.31640625
v 0.3229 0.3235 -0.0127 0.26171875 0.265625 0.24609375
v 0.3293 0.3508 -0.0218 0.26953125 0.2734375 0.25390625
v 0.3366 0.3799 -0.0318 0.34375 0.34765625 0.328125
v 0.3429 0.4054 -0.0464 0.33203125 0.3359375 0.31640625
v 0.2865 0.0250 0.0956 0.2421875 0.25 0.24609375
v 0.2929 0.0550 0.0865 0.19921875 0.1953125 0.1875
v 0.2992 0.0805 0.0738 0.26171875 0.26953125 0.25
v 0.3056 0.1042 0.0674 0.29296875 0.30078125 0.2890625
v 0.3120 0.1324 0.0528 0.2734375 0.2734375 0.265625
v 0.3193 0.1624 0.0474 0.3125 0.31640625 0.296875
v 0.3256 0.1879 0.0365 0.24609375 0.25 0.2265625
v 0.3320 0.2152 0.0255 0.3046875 0.30859375 0.2890625
v 0.3393 0.2434 0.0164 0.25 0.25 0.2421875
v 0.3457 0.2689 0.0064 0.3359375 0.3359375 0.328125
v 0.3511 0.2935 -0.0009 0.30078125 0.296875 0.2890625
v 0.3584 0.3208 -0.0118 0.23046875 0.2265625 0.2109375
v 0.3648 0.3481 -0.0200 0.25390625 0.25 0.234375
v 0.3711 0.3745 -0.0291 0.29296875 0.30078125 0.28125
v 0.3775 0.4018 -0.0400 0.30078125 0.3046875 0.28515625
v 0.3848 0.4309 -0.0482 0.296875 0.29296875 0.27734375
v 0.3902 0.4555 -0.0600 0.34375 0.34765625 0.32421875
v 0.3256 0.0223 0.0983 0.30859375 0.32421875 0.3203125
v 0.3320 0.0514 0.0892 0.30078125 0.296875 0.2890625
v 0.3393 0.0796 0.0774 0.3203125 0.3203125 0.3125
v 0.3457 0.1051 0.0665 0.28125 0.28125 0.28125
v 0.3520 0.1324 0.0583 0.21484375 0.21484375 0.20703125
v 0.3593 0.1588 0.0510 0.23828125 0.2421875 0.22265625
v 0.3648 0.1833 0.0383 0.29296875 0.29296875 0.28515625
v 0.3711 0.2106 0.0328 0.33984375 0.34375 0.32421875
v 0.3784 0.2398 0.0210 0.33203125 0.3359375 0.31640625
v 0.3848 0.2652 0.0119 0.2890625 0.29296875 0.2734375
v 0.3912 0.2907 0.0037 0.25 0.24609375 0.23046875
v 0.3975 0.3199 -0.0100 0.23828125 0.234375 0.21875
v 0.3511 -0.0005 0.1102 0.23828125 0.234375 0.21875
v 0.3575 0.0268 0.0974 0.25390625 0.24609375 0.2578125
v 0.3639 0.0532 0.0901 0.3125 0.3046875 0.30859375
v 0.3711 0.0805 0.0792 0.328125 0.328125 0.3203125
v 0.3775 0.1069 0.0710 0.30859375 0.3125 0.29296875
v 0.3839 0.1342 0.0601 0.3046875 0.3046875 0.296875
v 0.3902 0.1606 0.0492 0.23828125 0.2421875 0.22265625
v 0.3975 0.1897 0.0392 0.25390625 0.25390625 0.24609375
v 0.4039 0.2152 0.0310 0.33984375 0.34375 0.32421875
v 0.3866 0.0195 0.1029 0.31640625 0.328125 0.28515625
v 0.3930 0.0468 0.0929 0.30859375 0.328125 0.3125
v 0.4003 0.0723 0.0847 0.234375 0.23828125 0.21875
v 0.4057 0.0996 0.0719 0.2109375 0.2109375 0.203125
v 0.4130 0.1278 0.0656 0.2734375 0.2734375 0.265625
v 0.4230 0.0059 0.1184 0.2890625 0.30078125 0.2734375
v -0.5817 0.3544 -0.0646 0.28125 0.2890625 0.28515625
v -0.5744 0.3244 -0.0527 0.21875 0.2265625 0.22265625
v -0.5617 0.3581 -0.0682 0.24609375 0.24609375 0.23828125
v -0.5553 0.3335 -0.0555 0.23828125 0.23828125 0.24609375
v -0.5490 0.3062 -0.0445 0.12890625 0.12890625 0.13671875
v -0.5426 0.2780 -0.0336 0.1640625 0.1640625 0.171875
v -0.5362 0.2507 -0.0245 0.18359375 0.1796875 0.19921875
v -0.5289 0.2234 -0.0127 0.1796875 0.1796875 0.1875
v -0.5198 0.3226 -0.0509 0.22265625 0.23046875 0.2265625
v -0.5135 0.2971 -0.0418 0.140625 0.15625 0.15234375
v -0.5071 0.2698 -0.0282 0.11328125 0.1171875 0.1328125
v -0.4998 0.2416 -0.0209 0.1953125 0.203125 0.19921875
v -0.4934 0.2161 -0.0100 0.23046875 0.23828125 0.234375
v -0.4871 0.1888 0.0019 0.2265625 0.23046875 0.23828125
v -0.4807 0.1606 0.0119 0.21875 0.2265625 0.22265625
v -0.4743 0.1342 0.0210 0.203125 0.203125 0.203125
v -0.4616 0.0796 0.0428 0.19921875 0.1953125 0.21484375
v -0.4780 0.2907 -0.0400 0.28515625 0.28515625 0.27734375
v -0.4716 0.2625 -0.0263 0.2421875 0.2421875 0.25
v -0.4652 0.2352 -0.0163 0.171875 0.1796875 0.17578125
v -0.4589 0.2106 -0.0045 0.1875 0.1875 0.1875
v -0.4516 0.1815 0.0055 0.19140625 0.19140625 0.19140625
v -0.4461 0.1569 0.0146 0.1171875 0.1171875 0.1171875
v -0.4397 0.1287 0.0255 0.16015625 0.1640625 0.171875
v -0.4325 0.1023 0.0355 0.1640625 0.16796875 0.17578125
v -0.4270 0.0769 0.0446 0.1484375 0.15234375 0.16796875
v -0.4206 0.0514 0.0547 0.22265625 0.2265625 0.234375
v -0.4143 0.0241 0.0628 0.14453125 0.1484375 0.15625
v -0.4079 -0.0032 0.0738 0.14453125 0.1484375 0.15625
v -0.4015 -0.0278 0.0847 0.1171875 0.12109375 0.13671875
v -0.3952 -0.0533 0.0947 0.14453125 0.1484375 0.15625
v -0.3888 -0.0815 0.1074 0.20703125 0.2109375 0.2265625
v -0.4543 0.2871 -0.0400 0.27734375 0.27734375 0.28515625
v -0.4352 0.2070 -0.0045 0.1875 0.19140625 0.19921875
v -0.4297 0.1824 0.0055 0.17578125 0.1796875 0.1875
v -0.4234 0.1560 0.0146 0.125 0.12890625 0.13671875
v -0.4161 0.1278 0.0274 0.125 0.12890625 0.13671875
v -0.4106 0.1033 0.0355 0.125 0.12890625 0.13671875
v -0.4043 0.0769 0.0465 0.19921875 0.203125 0.2109375
v -0.3970 0.0477 0.0547 0.15625 0.171875 0.17578125
v -0.3915 0.0232 0.0647 0.171875 0.17578125 0.19140625
v -0.3851 -0.0032 0.0774 0.140625 0.14453125 0.16015625
v -0.3779 -0.0333 0.0883 0.1796875 0.18359375 0.19921875
v -0.3715 -0.0587 0.0974 0.21484375 0.21875 0.2265625
v -0.3660 -0.0833 0.1065 0.1875 0.19140625 0.19921875
v -0.4261 0.2616 -0.0300 0.265625 0.2578125 0.26171875
v -0.4206 0.2361 -0.0154 0.2421875 0.234375 0.24609375
v -0.4143 0.2106 -0.0063 0.109375 0.11328125 0.12890625
v -0.4079 0.1815 0.0046 0.16796875 0.171875 0.1875
v -0.4015 0.1560 0.0137 0.13671875 0.140625 0.1484375
v -0.3952 0.1296 0.0246 0.15234375 0.15625 0.1640625
v -0.3879 0.1014 0.0374 0.1171875 0.12109375 0.12890625
v -0.3815 0.0741 0.0437 0.1328125 0.140625 0.13671875
v -0.3760 0.0505 0.0574 0.15625 0.16015625 0.17578125
v -0.3688 0.0213 0.0683 0.17578125 0.1796875 0.1953125
v -0.3624 -0.0060 0.0792 0.171875 0.17578125 0.19140625
v -0.3560 -0.0323 0.0901 0.21875 0.22265625 0.23046875
v -0.3497 -0.0606 0.0974 0.17578125 0.18359375 0.1796875
v -0.3433 -0.0879 0.1147 0.15625 0.1640625 0.16015625
v -0.3888 0.2407 -0.0154 0.20703125 0.19921875 0.203125
v -0.3824 0.2143 -0.0045 0.2265625 0.2265625 0.2265625
v -0.3760 0.1870 0.0046 0.20703125 0.21484375 0.203125
v -0.3697 0.1606 0.0164 0.11328125 0.12109375 0.1171875
v -0.3633 0.1342 0.0264 0.1328125 0.13671875 0.14453125
v -0.3569 0.1060 0.0365 0.15234375 0.15625 0.1640625
v -0.3497 0.0778 0.0474 0.16796875 0.171875 0.1875
v -0.3433 0.0523 0.0565 0.1796875 0.18359375 0.19921875
v -0.3369 0.0241 0.0683 0.1484375 0.15234375 0.16796875
v -0.3305 -0.0023 0.0801 0.2109375 0.21484375 0.22265625
v -0.3242 -0.0287 0.0874 0.1796875 0.18359375 0.19140625
v -0.3187 -0.0524 0.0992 0.1484375 0.15625 0.15234375
v -0.3497 0.2134 0.0000 0.2578125 0.26171875 0.2421875
v -0.3424 0.1833 0.0000 0.2890625 0.2890625 0.28125
v -0.3360 0.1569 0.0155 0.20703125 0.21484375 0.2109375
v -0.3296 0.1315 0.0246 0.12109375 0.125 0.1328125
v -0.3242 0.1051 0.0355 0.1875 0.19140625 0.20703125
v -0.3178 0.0796 0.0456 0.1328125 0.13671875 0.15234375
v -0.3114 0.0523 0.0574 0.15234375 0.15625 0.171875
v -0.3051 0.0250 0.0683 0.21484375 0.21875 0.2265625
v -0.2987 -0.0014 0.0792 0.21875 0.22265625 0.23046875
v -0.2914 -0.0296 0.0874 0.21875 0.2265625 0.22265625
v -0.2850 -0.0560 0.1002 0.17578125 0.18359375 0.1796875
v -0.3223 0.2006 0.0128 0.24609375 0.25 0.23046875
v -0.3151 0.1733 0.0082 0.18359375 0.18359375 0.17578125
v -0.3087 0.1451 0.0228 0.19921875 0.20703125 0.203125
v -0.3023 0.1178 0.0346 0.140625 0.14453125 0.15234375
v -0.2960 0.0905 0.0456 0.14453125 0.1484375 0.1640625
v -0.2896 0.0641 0.0537 0.203125 0.20703125 0.21484375
v -0.2832 0.0368 0.0692 0.19921875 0.203125 0.2109375
v -0.2768 0.0113 0.0756 0.21875 0.2265625 0.22265625
v -0.2696 -0.0169 0.0874 0.171875 0.1796875 0.17578125
v -0.2632 -0.0442 0.0965 0.15625 0.16015625 0.16796875
v -0.2960 0.1988 0.0182 0.21484375 0.2109375 0.1953125
v -0.2887 0.1697 0.0201 0.25 0.25 0.2421875
v -0.2823 0.1433 0.0210 0.21875 0.21875 0.2109375
v -0.2759 0.1160 0.0346 0.1953125 0.203125 0.19921875
v -0.2696 0.0896 0.0474 0.15625 0.16015625 0.16796875
v -0.2632 0.0641 0.0565 0.2109375 0.21484375 0.22265625
v -0.2577 0.0377 0.0665 0.265625 0.2734375 0.26953125
v -0.2514 0.0122 0.0765 0.21484375 0.22265625 0.2109375
v -0.2450 -0.0160 0.0856 0.2265625 0.234375 0.23046875
v -0.2386 -0.0396 0.0974 0.203125 0.2109375 0.20703125
v -0.2541 0.1633 0.0355 0.30859375 0.3125 0.29296875
v -0.2477 0.1369 0.0355 0.15625 0.16015625 0.140625
v -0.2414 0.1087 0.0337 0.29296875 0.29296875 0.29296875
v -0.2350 0.0814 0.0483 0.33203125 0.328125 0.3125
v -0.2286 0.0559 0.0583 0.12890625 0.13671875 0.125
v -0.2222 0.0314 0.0710 0.171875 0.17578125 0.15625
v -0.2150 0.0013 0.0820 0.26953125 0.26953125 0.26953125
v -0.2086 -0.0260 0.0929 0.3046875 0.3046875 0.296875
v -0.2140 0.1360 0.0492 0.26953125 0.2578125 0.23046875
v -0.2059 0.1060 0.0492 0.25390625 0.23828125 0.2265625
v -0.1995 0.0787 0.0465 0.2890625 0.28515625 0.26953125
v -0.1940 0.0541 0.0619 0.3515625 0.34765625 0.33203125
v -0.1877 0.0268 0.0756 0.13671875 0.15625 0.140625
v -0.1804 -0.0023 0.0820 0.1875 0.1953125 0.18359375
v -0.1740 -0.0296 0.0911 0.2890625 0.2890625 0.28125
v -0.1877 0.1215 0.0565 0.37890625 0.3671875 0.33203125
v -0.1813 0.0942 0.0601 0.33203125 0.33203125 0.29296875
v -0.1740 0.0641 0.0556 0.28515625 0.2734375 0.25390625
v -0.1676 0.0368 0.0710 0.40625 0.40625 0.375
v -0.1613 0.0122 0.0783 0.31640625 0.3125 0.296875
v -0.1549 -0.0132 0.0874 0.22265625 0.23046875 0.2109375
v -0.1631 0.1233 0.0656 0.234375 0.23046875 0.21484375
v -0.1558 0.0951 0.0683 0.50390625 0.50390625 0.45703125
v -0.1494 0.0669 0.0665 0.375 0.375 0.3359375
v -0.1422 0.0395 0.0692 0.4140625 0.38671875 0.35546875
v -0.1358 0.0122 0.0810 0.4375 0.42578125 0.390625
v -0.1294 -0.0151 0.0938 0.35546875 0.359375 0.328125
v -0.1267 0.0987 0.0738 0.0625 0.05859375 0.08984375
v -0.1203 0.0723 0.0810 0.4375 0.4375 0.40625
v -0.1139 0.0459 0.0820 0.4375 0.40234375 0.3671875
v -0.1067 0.0177 0.0792 0.421875 0.4140625 0.3671875
v -0.1003 -0.0114 0.0911 0.3984375 0.38671875 0.359375
v -0.0885 0.0851 0.0992 0.1953125 0.1875 0.19140625
v -0.0830 0.0605 0.0965 0.09375 0.0859375 0.09765625
v -0.0757 0.0341 0.0956 0.453125 0.453125 0.4140625
v -0.0693 0.0068 0.1002 0.38671875 0.37109375 0.328125
v -0.0530 0.0441 0.1038 0.09765625 0.09765625 0.09765625
v -0.0466 0.0186 0.1056 0.3046875 0.30078125 0.28125
v -0.0220 0.0223 0.1129 0.21484375 0.2109375 0.1953125
v -0.5845 0.3426 -0.0618 0.17578125 0.1796875 0.1875
v -0.5608 0.3135 -0.0500 0.171875 0.171875 0.171875
v -0.5535 0.3426 -0.0600 0.234375 0.234375 0.234375
v -0.5480 0.2880 -0.0373 0.19921875 0.1953125 0.21484375
v -0.5417 0.3144 -0.0500 0.09375 0.09375 0.0859375
v -0.5353 0.3399 -0.0582 0.2734375 0.2734375 0.28125
v -0.5362 0.2470 -0.0227 0.18359375 0.1796875 0.19921875
v -0.5289 0.2743 -0.0300 0.16796875 0.171875 0.1875
v -0.5226 0.3017 -0.0427 0.1015625 0.10546875 0.11328125
v -0.5162 0.3271 -0.0564 0.1796875 0.1875 0.18359375
v -0.5171 0.2015 -0.0063 0.1875 0.19140625 0.20703125
v -0.5098 0.2298 -0.0163 0.19921875 0.203125 0.2109375
v -0.5035 0.2561 -0.0263 0.21875 0.22265625 0.23046875
v -0.4962 0.2844 -0.0345 0.12109375 0.125 0.1328125
v -0.4907 0.3071 -0.0491 0.2890625 0.29296875 0.2734375
v -0.4898 0.1706 0.0101 0.21484375 0.22265625 0.21875
v -0.4834 0.1970 -0.0018 0.23828125 0.2421875 0.25
v -0.4707 0.2489 -0.0191 0.109375 0.1171875 0.11328125
v -0.4643 0.2753 -0.0300 0.2890625 0.2890625 0.296875
v -0.4725 0.1287 0.0264 0.17578125 0.17578125 0.17578125
v -0.4661 0.1542 0.0173 0.15234375 0.15234375 0.15234375
v -0.4598 0.1788 0.0037 0.1796875 0.1796875 0.1796875
v -0.4534 0.2079 -0.0054 0.1875 0.1875 0.1875
v -0.4470 0.2334 -0.0127 0.12109375 0.12890625 0.125
v -0.4407 0.2589 -0.0236 0.265625 0.2578125 0.26953125
v -0.4598 0.0769 0.0437 0.21875 0.21484375 0.234375
v -0.4525 0.1042 0.0337 0.1953125 0.1953125 0.203125
v -0.4461 0.1324 0.0246 0.1640625 0.1640625 0.171875
v -0.4397 0.1560 0.0146 0.125 0.12890625 0.13671875
v -0.4334 0.1833 0.0046 0.171875 0.17578125 0.18359375
v -0.4261 0.2125 -0.0036 0.1328125 0.13671875 0.14453125
v -0.4197 0.2379 -0.0136 0.2421875 0.234375 0.24609375
v -0.4143 0.2625 -0.0245 0.24609375 0.23828125 0.2421875
v -0.4343 0.0323 0.0619 0.17578125 0.1796875 0.1875
v -0.4270 0.0605 0.0501 0.1015625 0.10546875 0.12109375
v -0.4197 0.0896 0.0410 0.13671875 0.140625 0.1484375
v -0.4143 0.1133 0.0310 0.16015625 0.1640625 0.171875
v -0.4079 0.1397 0.0210 0.12109375 0.125 0.1328125
v -0.4006 0.1688 0.0119 0.15234375 0.15625 0.171875
v -0.3942 0.1943 0.0019 0.1484375 0.15234375 0.16015625
v -0.3879 0.2207 -0.0109 0.1796875 0.1796875 0.1875
v -0.3806 0.2516 -0.0091 0.203125 0.19140625 0.1640625
v -0.4124 -0.0314 0.0865 0.12109375 0.125 0.1328125
v -0.4061 -0.0050 0.0747 0.24609375 0.25 0.2578125
v -0.3997 0.0223 0.0665 0.19140625 0.1953125 0.2109375
v -0.3924 0.0486 0.0565 0.15234375 0.16796875 0.171875
v -0.3861 0.0778 0.0446 0.16796875 0.171875 0.1796875
v -0.3788 0.1051 0.0355 0.125 0.12890625 0.13671875
v -0.3724 0.1306 0.0274 0.14453125 0.1484375 0.15625
v -0.3660 0.1579 0.0164 0.1328125 0.13671875 0.14453125
v -0.3597 0.1843 0.0082 0.28515625 0.28515625 0.27734375
v -0.3542 0.2079 -0.0027 0.2734375 0.2734375 0.265625
v -0.3915 -0.0615 0.1020 0.1796875 0.18359375 0.19140625
v -0.3842 -0.0333 0.0883 0.1796875 0.18359375 0.19921875
v -0.3779 -0.0060 0.0792 0.15234375 0.15625 0.171875
v -0.3715 0.0177 0.0665 0.17578125 0.1796875 0.1953125
v -0.3651 0.0450 0.0610 0.16015625 0.1640625 0.1796875
v -0.3588 0.0714 0.0492 0.16015625 0.1640625 0.171875
v -0.3524 0.0969 0.0401 0.21875 0.22265625 0.23046875
v -0.3451 0.1251 0.0328 0.203125 0.20703125 0.21484375
v -0.3387 0.1515 0.0182 0.20703125 0.21484375 0.2109375
v -0.3333 0.1770 0.0073 0.171875 0.1796875 0.17578125
v -0.3251 0.2079 0.0119 0.2578125 0.25390625 0.23828125
v -0.3697 -0.0824 0.1120 0.19140625 0.20703125 0.21875
v -0.3633 -0.0560 0.0992 0.16015625 0.1640625 0.171875
v -0.3569 -0.0278 0.0901 0.17578125 0.1796875 0.1953125
v -0.3497 -0.0023 0.0756 0.19140625 0.1953125 0.2109375
v -0.3442 0.0241 0.0692 0.14453125 0.1484375 0.1640625
v -0.3369 0.0523 0.0583 0.171875 0.17578125 0.19140625
v -0.3305 0.0787 0.0492 0.140625 0.14453125 0.16015625
v -0.3169 0.1324 0.0283 0.09765625 0.1015625 0.109375
v -0.3041 0.1852 0.0128 0.2265625 0.23046875 0.2109375
v -0.3251 -0.0596 0.0992 0.21875 0.2265625 0.22265625
v -0.3187 -0.0342 0.0911 0.19140625 0.1953125 0.203125
v -0.3123 -0.0069 0.0783 0.20703125 0.2109375 0.21875
v -0.3060 0.0204 0.0683 0.19921875 0.203125 0.2109375
v -0.2996 0.0450 0.0592 0.1484375 0.15234375 0.16796875
v -0.2932 0.0732 0.0483 0.15625 0.16015625 0.17578125
v -0.2859 0.1005 0.0446 0.08984375 0.09375 0.1015625
v -0.2805 0.1242 0.0337 0.20703125 0.21484375 0.2109375
v -0.2741 0.1497 0.0219 0.19140625 0.19140625 0.18359375
v -0.2668 0.1797 0.0328 0.375 0.37109375 0.36328125
v -0.2759 -0.0141 0.0810 0.171875 0.1796875 0.17578125
v -0.2687 0.0132 0.0765 0.21875 0.2265625 0.22265625
v -0.2632 0.0377 0.0647 0.234375 0.2421875 0.23828125
v -0.2559 0.0641 0.0565 0.1953125 0.203125 0.19921875
v -0.2495 0.0914 0.0456 0.2734375 0.28125 0.27734375
v -0.2432 0.1169 0.0310 0.21484375 0.21484375 0.20703125
v -0.2368 0.1442 0.0392 0.23046875 0.23046875 0.19921875
v -0.2486 -0.0451 0.0992 0.17578125 0.18359375 0.1796875
v -0.2423 -0.0187 0.0865 0.2265625 0.234375 0.23046875
v -0.2359 0.0068 0.0792 0.2578125 0.25390625 0.24609375
v -0.2295 0.0323 0.0665 0.19140625 0.1875 0.1796875
v -0.2231 0.0614 0.0583 0.234375 0.2421875 0.22265625
v -0.2168 0.0869 0.0428 0.30859375 0.3046875 0.28515625
v -0.2095 0.1151 0.0492 0.30078125 0.2890625 0.26953125
v -0.2022 0.1433 0.0501 0.39453125 0.38671875 0.3984375
v -0.2250 -0.0515 0.1020 0.28125 0.28125 0.2734375
v -0.2177 -0.0223 0.0929 0.2890625 0.2890625 0.2890625
v -0.2122 0.0031 0.0838 0.26953125 0.27734375 0.2734375
v -0.2059 0.0277 0.0719 0.109375 0.1171875 0.09765625
v -0.1986 0.0559 0.0610 0.36328125 0.359375 0.34375
v -0.1922 0.0841 0.0519 0.27734375 0.2734375 0.2578125
v -0.1849 0.1124 0.0583 0.33984375 0.33203125 0.2734375
v -0.1804 -0.0232 0.0929 0.26171875 0.2578125 0.25
v -0.1749 0.0041 0.0829 0.13671875 0.140625 0.12109375
v -0.1676 0.0304 0.0765 0.38671875 0.38671875 0.35546875
v -0.1622 0.0541 0.0592 0.375 0.375 0.34375
v -0.1549 0.0841 0.0674 0.3515625 0.3515625 0.3125
v -0.1476 0.1142 0.0738 0.125 0.1171875 0.13671875
v -0.1449 -0.0087 0.0865 0.265625 0.26953125 0.25
v -0.1385 0.0195 0.0783 0.3828125 0.36328125 0.33984375
v -0.1321 0.0441 0.0719 0.421875 0.3984375 0.3515625
v -0.1249 0.0741 0.0774 0.5234375 0.52734375 0.47265625
v -0.1203 -0.0078 0.0892 0.38671875 0.38671875 0.34765625
v -0.1148 0.0177 0.0774 0.390625 0.3828125 0.3359375
v -0.1076 0.0468 0.0856 0.50390625 0.46484375 0.42578125
v -0.1003 0.0760 0.0874 0.12890625 0.109375 0.1328125
v -0.1003 -0.0160 0.0938 0.3984375 0.38671875 0.359375
v -0.0939 0.0095 0.0810 0.35546875 0.34375 0.30859375
v -0.0875 0.0368 0.0883 0.50390625 0.5 0.421875
v -0.0803 0.0659 0.0920 0.09375 0.0859375 0.09765625
v -0.0612 -0.0005 0.0983 0.39453125 0.37890625 0.3359375
v -0.0548 0.0277 0.1047 0.265625 0.26953125 0.25
v -0.0484 0.0550 0.1111 0.26171875 0.265625 0.24609375
v -0.0238 0.0277 0.1129 0.21484375 0.21484375 0.21484375
