v 0.196398 0.285271 0.013699 1.0000 0.0000 0.0000
v 0.011652 0.078682 0.092876 1.0000 0.0000 0.0000
v 0.143614 0.189712 0.037361 1.0000 0.0000 0.0000
v 0.370224 0.528262 -0.057287 1.0000 0.0000 0.0000
v 0.253734 0.369908 -0.007233 1.0000 0.0000 0.0000
v 0.073538 0.115996 0.066484 1.0000 0.0000 0.0000
v 0.276486 0.433614 -0.017244 1.0000 0.0000 0.0000
v 0.310159 0.381739 -0.029985 1.0000 0.0000 0.0000
v 0.417548 0.564666 -0.073669 1.0000 0.0000 0.0000
v 0.157265 0.245227 0.034631 1.0000 0.0000 0.0000
v 0.330180 0.464557 -0.039996 1.0000 0.0000 0.0000
v 0.060796 0.064121 0.075585 1.0000 0.0000 0.0000
v 0.093559 0.196993 0.053743 1.0000 0.0000 0.0000
v 0.267385 0.316214 -0.011783 1.0000 0.0000 0.0000
v -0.001089 0.025898 0.104707 1.0000 0.0000 0.0000
v 0.117221 0.155129 0.051923 1.0000 0.0000 0.0000
v 0.333821 0.532813 -0.035445 1.0000 0.0000 0.0000
v 0.389336 0.597429 -0.064568 1.0000 0.0000 0.0000
v 0.362943 0.487309 -0.055467 1.0000 0.0000 0.0000
v 0.404807 0.512791 -0.067298 1.0000 0.0000 0.0000
v -0.029302 0.051380 0.115628 1.0000 0.0000 0.0000
v 0.052606 0.153309 0.077405 1.0000 0.0000 0.0000
v 0.216420 0.368998 0.010969 1.0000 0.0000 0.0000
v 0.194578 0.247958 0.018250 1.0000 0.0000 0.0000
v -0.015650 -0.007775 0.111078 1.0000 0.0000 0.0000
v 0.237352 0.334415 0.000048 1.0000 0.0000 0.0000
v 0.230071 0.293462 0.002778 1.0000 0.0000 0.0000
v 0.044415 0.102345 0.081955 1.0000 0.0000 0.0000
v 0.296507 0.348977 -0.028164 1.0000 0.0000 0.0000
v 0.176377 0.202454 0.022800 1.0000 0.0000 0.0000
v 0.307428 0.439985 -0.030895 1.0000 0.0000 0.0000
v 0.026213 0.043189 0.093786 1.0000 0.0000 0.0000
v 0.126322 0.277080 0.050102 1.0000 0.0000 0.0000
v 0.164546 0.275260 0.030081 1.0000 0.0000 0.0000
v 0.101750 0.245227 0.057383 1.0000 0.0000 0.0000
v 0.315619 0.510061 -0.025434 1.0000 0.0000 0.0000
v -0.001999 0.113266 0.104707 1.0000 0.0000 0.0000
v 0.256464 0.402671 -0.008143 1.0000 0.0000 0.0000
v 0.283766 0.404491 -0.019974 1.0000 0.0000 0.0000
v 0.209140 0.339876 0.007329 1.0000 0.0000 0.0000
v 0.336551 0.493679 -0.043636 1.0000 0.0000 0.0000
v -0.008370 -0.035988 0.103797 1.0000 0.0000 0.0000
v 0.089919 0.148759 0.060113 1.0000 0.0000 0.0000
v 0.109941 0.126917 0.052833 1.0000 0.0000 0.0000
v 0.313799 0.411772 -0.032715 1.0000 0.0000 0.0000
v 0.170916 0.303472 0.028261 1.0000 0.0000 0.0000
v 0.284676 0.373549 -0.019974 1.0000 0.0000 0.0000
v 0.037134 0.130557 0.084686 1.0000 0.0000 0.0000
v 0.300148 0.467287 -0.029985 1.0000 0.0000 0.0000
v 0.382965 0.570126 -0.065478 1.0000 0.0000 0.0000
v 0.202769 0.312573 0.012789 1.0000 0.0000 0.0000
v 0.355663 0.460006 -0.050006 1.0000 0.0000 0.0000
v 0.384785 0.470927 -0.060017 1.0000 0.0000 0.0000
v 0.139973 0.217015 0.036451 1.0000 0.0000 0.0000
v 0.261014 0.343516 -0.009963 1.0000 0.0000 0.0000
v -0.009280 0.084143 0.109258 1.0000 0.0000 0.0000
v 0.411178 0.538273 -0.073669 1.0000 0.0000 0.0000
v 0.174557 0.330775 0.030991 1.0000 0.0000 0.0000
v 0.108121 0.218835 0.052833 1.0000 0.0000 0.0000
v 0.067167 0.091424 0.072854 1.0000 0.0000 0.0000
v 0.059886 0.180612 0.081045 1.0000 0.0000 0.0000
v 0.223701 0.268889 0.004598 1.0000 0.0000 0.0000
v 0.018933 0.013157 0.096517 1.0000 0.0000 0.0000
v 0.410268 0.605619 -0.075489 1.0000 0.0000 0.0000
v 0.350202 0.550104 -0.042726 1.0000 0.0000 0.0000
v 0.083548 0.176061 0.061934 1.0000 0.0000 0.0000
v 0.018023 0.106895 0.091966 1.0000 0.0000 0.0000
v 0.133603 0.245227 0.041002 1.0000 0.0000 0.0000
v -0.023841 0.027718 0.112898 1.0000 0.0000 0.0000
v 0.005281 0.054110 0.098337 1.0000 0.0000 0.0000
v 0.337461 0.420873 -0.041816 1.0000 0.0000 0.0000
v 0.412998 0.490949 -0.071848 1.0000 0.0000 0.0000
v 0.144524 0.266159 0.038271 1.0000 0.0000 0.0000
v 0.032584 0.070492 0.086506 1.0000 0.0000 0.0000
v 0.182747 0.228846 0.021890 1.0000 0.0000 0.0000
v 0.137243 0.162410 0.044642 1.0000 0.0000 0.0000
v 0.311979 0.484579 -0.038175 1.0000 0.0000 0.0000
v 0.114491 0.190622 0.051013 1.0000 0.0000 0.0000
v 0.164546 0.217015 0.030991 1.0000 0.0000 0.0000
v 0.377505 0.500050 -0.058197 1.0000 0.0000 0.0000
v 0.243723 0.307113 0.000958 1.0000 0.0000 0.0000
v 0.243723 0.351707 -0.005412 1.0000 0.0000 0.0000
v 0.343832 0.520072 -0.045456 1.0000 0.0000 0.0000
v 0.279216 0.348066 -0.020884 1.0000 0.0000 0.0000
v 0.015292 0.126917 0.096517 1.0000 0.0000 0.0000
v 0.200039 0.369908 0.018250 1.0000 0.0000 0.0000
v 0.230071 0.364448 0.000958 1.0000 0.0000 0.0000
v 0.322900 0.434524 -0.036355 1.0000 0.0000 0.0000
v 0.376595 0.542824 -0.061837 1.0000 0.0000 0.0000
v 0.363853 0.556475 -0.049096 1.0000 0.0000 0.0000
v 0.349292 0.431794 -0.048186 1.0000 0.0000 0.0000
v 0.399347 0.547374 -0.068208 1.0000 0.0000 0.0000
v 0.050786 0.075952 0.078315 1.0000 0.0000 0.0000
v 0.262834 0.430884 -0.009963 1.0000 0.0000 0.0000
v -0.029302 0.001326 0.112898 1.0000 0.0000 0.0000
v 0.096290 0.122366 0.058293 1.0000 0.0000 0.0000
v -0.004729 0.071402 0.101977 1.0000 0.0000 0.0000
v -0.017471 0.054110 0.106527 1.0000 0.0000 0.0000
v 0.026213 0.136928 0.095607 1.0000 0.0000 0.0000
v -0.012010 0.102345 0.103797 1.0000 0.0000 0.0000
v 0.354753 0.445445 -0.051827 1.0000 0.0000 0.0000
v 0.369314 0.513701 -0.055467 1.0000 0.0000 0.0000
v 0.188208 0.274350 0.019160 1.0000 0.0000 0.0000
v 0.348382 0.471837 -0.046366 1.0000 0.0000 0.0000
v 0.180927 0.302562 0.018250 1.0000 0.0000 0.0000
v 0.150894 0.291641 0.037361 1.0000 0.0000 0.0000
v 0.321080 0.381739 -0.038175 1.0000 0.0000 0.0000
v 0.298328 0.429974 -0.029075 1.0000 0.0000 0.0000
v 0.124502 0.183342 0.045552 1.0000 0.0000 0.0000
v 0.130873 0.208824 0.041912 1.0000 0.0000 0.0000
v 0.220971 0.284361 0.006419 1.0000 0.0000 0.0000
v 0.099930 0.225206 0.061023 1.0000 0.0000 0.0000
v 0.330180 0.451816 -0.039085 1.0000 0.0000 0.0000
v 0.079908 0.142388 0.064664 1.0000 0.0000 0.0000
v 0.046235 0.125097 0.078315 1.0000 0.0000 0.0000
v 0.008012 0.017707 0.099247 1.0000 0.0000 0.0000
v 0.342922 0.405402 -0.046366 1.0000 0.0000 0.0000
v 0.304698 0.456366 -0.029075 1.0000 0.0000 0.0000
v 0.213690 0.314393 0.009149 1.0000 0.0000 0.0000
v 0.036224 0.041369 0.088326 1.0000 0.0000 0.0000
v -0.007460 -0.000495 0.107438 1.0000 0.0000 0.0000
v 0.048965 0.176971 0.081045 1.0000 0.0000 0.0000
v 0.322900 0.480938 -0.038175 1.0000 0.0000 0.0000
v 0.150894 0.219745 0.037361 1.0000 0.0000 0.0000
v -0.013830 -0.027797 0.109258 1.0000 0.0000 0.0000
v 0.341101 0.502780 -0.048186 1.0000 0.0000 0.0000
v 0.236442 0.323494 -0.001772 1.0000 0.0000 0.0000
v -0.021111 -0.056009 0.117448 1.0000 0.0000 0.0000
v 0.392066 0.575587 -0.068208 1.0000 0.0000 0.0000
v 0.150894 0.274350 0.039181 1.0000 0.0000 0.0000
v 0.247363 0.398121 -0.007233 1.0000 0.0000 0.0000
v 0.076268 0.205184 0.070124 1.0000 0.0000 0.0000
v 0.021663 0.098704 0.087416 1.0000 0.0000 0.0000
v 0.189118 0.256148 0.020070 1.0000 0.0000 0.0000
v 0.001641 0.045009 0.100157 1.0000 0.0000 0.0000
v 0.318349 0.512791 -0.034535 1.0000 0.0000 0.0000
v 0.121772 0.161500 0.046462 1.0000 0.0000 0.0000
v 0.291047 0.401761 -0.025434 1.0000 0.0000 0.0000
v 0.107211 0.252508 0.058293 1.0000 0.0000 0.0000
v 0.137243 0.237037 0.039181 1.0000 0.0000 0.0000
v 0.405717 0.520982 -0.070938 1.0000 0.0000 0.0000
v -0.107569 0.046830 0.085596 0.0000 0.4470 0.7410
v -0.535307 0.339876 -0.058197 0.0000 0.4470 0.7410
v -0.342369 0.284361 0.006419 0.0000 0.4470 0.7410
v -0.599922 0.433614 -0.080039 0.0000 0.4470 0.7410
v -0.267743 0.219745 0.034631 0.0000 0.4470 0.7410
v -0.177645 0.141478 0.061023 0.0000 0.4470 0.7410
v -0.433378 0.291641 -0.024524 0.0000 0.4470 0.7410
v -0.513465 0.427244 -0.044546 0.0000 0.4470 0.7410
v -0.046593 0.018617 0.105617 0.0000 0.4470 0.7410
v -0.247721 0.136928 0.035541 0.0000 0.4470 0.7410
v -0.477061 0.365358 -0.039996 0.0000 0.4470 0.7410
v -0.325078 0.207914 0.011879 0.0000 0.4470 0.7410
v -0.154893 0.084143 0.067394 0.0000 0.4470 0.7410
v -0.073896 0.094154 0.105617 0.0000 0.4470 0.7410
v -0.568070 0.385380 -0.071848 0.0000 0.4470 0.7410
v -0.553508 0.464557 -0.052737 0.0000 0.4470 0.7410
v -0.415176 0.352617 -0.010873 0.0000 0.4470 0.7410
v -0.380593 0.251598 -0.009053 0.0000 0.4470 0.7410
v -0.133961 0.130557 0.081955 0.0000 0.4470 0.7410
v -0.309607 0.253418 0.019160 0.0000 0.4470 0.7410
v -0.376953 0.327135 0.007329 0.0000 0.4470 0.7410
v -0.209498 0.115086 0.049192 0.0000 0.4470 0.7410
v -0.229519 0.173331 0.043732 0.0000 0.4470 0.7410
v -0.450669 0.328955 -0.029075 0.0000 0.4470 0.7410
v -0.266833 0.179701 0.032811 0.0000 0.4470 0.7410
v -0.564429 0.424513 -0.066388 0.0000 0.4470 0.7410
v -0.485252 0.319854 -0.041816 0.0000 0.4470 0.7410
v -0.532576 0.377189 -0.059107 0.0000 0.4470 0.7410
v -0.346010 0.237947 0.006419 0.0000 0.4470 0.7410
v -0.195846 0.171511 0.061023 0.0000 0.4470 0.7410
v -0.481612 0.398121 -0.029985 0.0000 0.4470 0.7410
v -0.075716 0.034089 0.095607 0.0000 0.4470 0.7410
v -0.124860 0.074132 0.077405 0.0000 0.4470 0.7410
v -0.402435 0.298012 -0.014513 0.0000 0.4470 0.7410
v -0.333269 0.176971 0.007329 0.0000 0.4470 0.7410
v -0.508914 0.356257 -0.050006 0.0000 0.4470 0.7410
v -0.589001 0.470017 -0.069118 0.0000 0.4470 0.7410
v -0.315977 0.283451 0.025530 0.0000 0.4470 0.7410
v -0.613574 0.487309 -0.086410 0.0000 0.4470 0.7410
v -0.373312 0.280720 -0.002682 0.0000 0.4470 0.7410
v -0.539857 0.406312 -0.057287 0.0000 0.4470 0.7410
v -0.387874 0.220655 -0.010873 0.0000 0.4470 0.7410
v -0.502544 0.385380 -0.049096 0.0000 0.4470 0.7410
v -0.444299 0.358077 -0.024524 0.0000 0.4470 0.7410
v -0.181285 0.094154 0.060113 0.0000 0.4470 0.7410
v -0.302326 0.225206 0.019160 0.0000 0.4470 0.7410
v -0.440658 0.258879 -0.023614 0.0000 0.4470 0.7410
v -0.458860 0.299832 -0.033625 0.0000 0.4470 0.7410
v -0.095738 0.115086 0.098337 0.0000 0.4470 0.7410
v -0.561699 0.358077 -0.068208 0.0000 0.4470 0.7410
v -0.408805 0.325314 -0.015423 0.0000 0.4470 0.7410
v -0.082996 0.060481 0.096517 0.0000 0.4470 0.7410
v -0.170364 0.171511 0.071034 0.0000 0.4470 0.7410
v -0.274113 0.245227 0.039181 0.0000 0.4470 0.7410
v -0.069345 0.006786 0.100157 0.0000 0.4470 0.7410
v -0.052964 0.044099 0.103797 0.0000 0.4470 0.7410
v -0.253182 0.235216 0.049192 0.0000 0.4470 0.7410
v -0.607203 0.461827 -0.084590 0.0000 0.4470 0.7410
v -0.100288 0.075952 0.087416 0.0000 0.4470 0.7410
v -0.234070 0.219745 0.052833 0.0000 0.4470 0.7410
v -0.396064 0.269799 -0.009963 0.0000 0.4470 0.7410
v -0.039312 -0.009595 0.108348 0.0000 0.4470 0.7410
v -0.163084 0.123276 0.065574 0.0000 0.4470 0.7410
v -0.467961 0.343516 -0.035445 0.0000 0.4470 0.7410
v -0.366942 0.306203 0.000958 0.0000 0.4470 0.7410
v -0.187656 0.121456 0.056473 0.0000 0.4470 0.7410
v -0.546228 0.433614 -0.056377 0.0000 0.4470 0.7410
v -0.519835 0.322584 -0.050917 0.0000 0.4470 0.7410
v -0.289585 0.243407 0.022800 0.0000 0.4470 0.7410
v -0.581721 0.442715 -0.070938 0.0000 0.4470 0.7410
v -0.335999 0.257058 0.009149 0.0000 0.4470 0.7410
v -0.427007 0.315304 -0.021794 0.0000 0.4470 0.7410
v -0.059334 0.074132 0.106527 0.0000 0.4470 0.7410
v -0.214048 0.136018 0.049192 0.0000 0.4470 0.7410
v -0.491623 0.346246 -0.042726 0.0000 0.4470 0.7410
v -0.521655 0.396301 -0.053647 0.0000 0.4470 0.7410
v -0.254092 0.163320 0.035541 0.0000 0.4470 0.7410
v -0.328718 0.227936 0.010969 0.0000 0.4470 0.7410
v -0.587181 0.379919 -0.075489 0.0000 0.4470 0.7410
v -0.332359 0.295282 0.020070 0.0000 0.4470 0.7410
v -0.477972 0.290731 -0.039996 0.0000 0.4470 0.7410
v -0.147612 0.114176 0.073765 0.0000 0.4470 0.7410
v -0.194026 0.150579 0.057383 0.0000 0.4470 0.7410
v -0.222239 0.203364 0.050102 0.0000 0.4470 0.7410
v -0.505274 0.403581 -0.047276 0.0000 0.4470 0.7410
v -0.088457 0.085053 0.099247 0.0000 0.4470 0.7410
v -0.453399 0.372639 -0.024524 0.0000 0.4470 0.7410
v -0.547138 0.371729 -0.065478 0.0000 0.4470 0.7410
v -0.363301 0.269799 0.002778 0.0000 0.4470 0.7410
v -0.317797 0.237947 0.014609 0.0000 0.4470 0.7410
v -0.575350 0.415412 -0.071848 0.0000 0.4470 0.7410
v -0.532576 0.428154 -0.055467 0.0000 0.4470 0.7410
v -0.602653 0.490949 -0.077309 0.0000 0.4470 0.7410
v -0.440658 0.318944 -0.027254 0.0000 0.4470 0.7410
v -0.446119 0.344426 -0.027254 0.0000 0.4470 0.7410
v -0.226789 0.190622 0.046462 0.0000 0.4470 0.7410
v -0.048413 0.055020 0.111078 0.0000 0.4470 0.7410
v -0.497993 0.374459 -0.041816 0.0000 0.4470 0.7410
v -0.220419 0.164230 0.048282 0.0000 0.4470 0.7410
v -0.236800 0.144208 0.039181 0.0000 0.4470 0.7410
v -0.557149 0.454546 -0.060927 0.0000 0.4470 0.7410
v -0.469781 0.392660 -0.029985 0.0000 0.4470 0.7410
v -0.141242 0.140568 0.085596 0.0000 0.4470 0.7410
v -0.260462 0.190622 0.034631 0.0000 0.4470 0.7410
v -0.338729 0.268889 0.006419 0.0000 0.4470 0.7410
v -0.578080 0.371729 -0.073669 0.0000 0.4470 0.7410
v -0.525296 0.347156 -0.058197 0.0000 0.4470 0.7410
v -0.356931 0.241587 0.001868 0.0000 0.4470 0.7410
v -0.169454 0.150579 0.062844 0.0000 0.4470 0.7410
v -0.054784 0.027718 0.104707 0.0000 0.4470 0.7410
v -0.570800 0.397211 -0.072758 0.0000 0.4470 0.7410
v -0.586271 0.460006 -0.075489 0.0000 0.4470 0.7410
v -0.202217 0.181522 0.060113 0.0000 0.4470 0.7410
v -0.528936 0.366268 -0.057287 0.0000 0.4470 0.7410
v -0.483432 0.338056 -0.041816 0.0000 0.4470 0.7410
v -0.419726 0.343516 -0.015423 0.0000 0.4470 0.7410
v -0.061154 -0.000495 0.098337 0.0000 0.4470 0.7410
v -0.093917 0.104165 0.098337 0.0000 0.4470 0.7410
v -0.155803 0.095064 0.068304 0.0000 0.4470 0.7410
v -0.382413 0.214285 -0.004502 0.0000 0.4470 0.7410
v -0.311427 0.263429 0.017340 0.0000 0.4470 0.7410
v -0.184925 0.112355 0.058293 0.0000 0.4470 0.7410
v -0.399705 0.322584 -0.014513 0.0000 0.4470 0.7410
v -0.370582 0.299832 -0.004502 0.0000 0.4470 0.7410
v -0.511645 0.430884 -0.037265 0.0000 0.4470 0.7410
v -0.487072 0.188802 0.001868 0.8500 0.3250 0.0980
v -0.318707 -0.034168 0.091056 0.8500 0.3250 0.0980
v -0.705492 0.302562 -0.052737 0.8500 0.3250 0.0980
v -0.497993 0.004056 0.071944 0.8500 0.3250 0.0980
v -0.316887 0.132377 0.028261 0.8500 0.3250 0.0980
v -0.617214 0.210644 -0.014513 0.8500 0.3250 0.0980
v -0.187656 -0.050549 0.102887 0.8500 0.3250 0.0980
v -0.819252 0.355347 -0.073669 0.8500 0.3250 0.0980
v -0.578991 0.101435 0.029171 0.8500 0.3250 0.0980
v -0.228609 0.055930 0.058293 0.8500 0.3250 0.0980
v -0.392424 0.048650 0.056473 0.8500 0.3250 0.0980
v -0.731884 0.193353 -0.010873 0.8500 0.3250 0.0980
v -0.478882 0.101435 0.033721 0.8500 0.3250 0.0980
v -0.394244 0.194263 0.001868 0.8500 0.3250 0.0980
v -0.429737 -0.051459 0.094696 0.8500 0.3250 0.0980
v -0.800140 0.274350 -0.045456 0.8500 0.3250 0.0980
v -0.619944 0.324404 -0.056377 0.8500 0.3250 0.0980
v -0.895699 0.282541 -0.051827 0.8500 0.3250 0.0980
v -0.536217 0.250688 -0.024524 0.8500 0.3250 0.0980
v -0.106658 -0.041448 0.101977 0.8500 0.3250 0.0980
v -0.311427 0.052290 0.057383 0.8500 0.3250 0.0980
v -0.681830 0.375369 -0.079129 0.8500 0.3250 0.0980
v -0.555328 0.168781 0.001868 0.8500 0.3250 0.0980
v -0.649977 0.131467 0.012789 0.8500 0.3250 0.0980
v -0.556239 0.040459 0.057383 0.8500 0.3250 0.0980
v -0.244991 -0.015966 0.085596 0.8500 0.3250 0.0980
v -0.395154 0.129647 0.024620 0.8500 0.3250 0.0980
v -0.675459 0.239767 -0.027254 0.8500 0.3250 0.0980
v -0.894789 0.343516 -0.073669 0.8500 0.3250 0.0980
v -0.161263 0.012247 0.078315 0.8500 0.3250 0.0980
v -0.759187 0.345336 -0.070028 0.8500 0.3250 0.0980
v -0.447029 0.233396 -0.012693 0.8500 0.3250 0.0980
v -0.377863 -0.005955 0.079225 0.8500 0.3250 0.0980
v -0.788309 0.222475 -0.018154 0.8500 0.3250 0.0980
v -0.439748 0.008606 0.071034 0.8500 0.3250 0.0980
v -0.332359 -0.086952 0.111988 0.8500 0.3250 0.0980
v -0.604473 0.262519 -0.029985 0.8500 0.3250 0.0980
v -0.568070 0.299832 -0.043636 0.8500 0.3250 0.0980
v -0.269563 0.089603 0.047372 0.8500 0.3250 0.0980
v -0.465230 0.052290 0.053743 0.8500 0.3250 0.0980
v -0.446119 0.156949 0.014609 0.8500 0.3250 0.0980
v -0.510734 0.144208 0.019160 0.8500 0.3250 0.0980
v -0.496173 0.284361 -0.034535 0.8500 0.3250 0.0980
v -0.737345 0.242497 -0.029075 0.8500 0.3250 0.0980
v -0.663628 0.187892 -0.007233 0.8500 0.3250 0.0980
v -0.352380 0.096884 0.040092 0.8500 0.3250 0.0980
v -0.371492 -0.058740 0.097427 0.8500 0.3250 0.0980
v -0.419726 0.089603 0.041002 0.8500 0.3250 0.0980
v -0.841094 0.299832 -0.055467 0.8500 0.3250 0.0980
v -0.599922 0.153309 0.007329 0.8500 0.3250 0.0980
v -0.516195 0.062301 0.046462 0.8500 0.3250 0.0980
v -0.142152 -0.066930 0.114718 0.8500 0.3250 0.0980
v -0.750086 0.295282 -0.051827 0.8500 0.3250 0.0980
v -0.572620 0.215195 -0.011783 0.8500 0.3250 0.0980
v -0.344190 0.024078 0.069214 0.8500 0.3250 0.0980
v -0.664538 0.325314 -0.060017 0.8500 0.3250 0.0980
v -0.789219 0.314393 -0.060927 0.8500 0.3250 0.0980
v -0.609933 0.372639 -0.075489 0.8500 0.3250 0.0980
v -0.232250 -0.066930 0.107438 0.8500 0.3250 0.0980
v -0.276844 0.011336 0.075585 0.8500 0.3250 0.0980
v -0.656347 0.276170 -0.039996 0.8500 0.3250 0.0980
v -0.366032 0.157860 0.016429 0.8500 0.3250 0.0980
v -0.285034 -0.056009 0.100157 0.8500 0.3250 0.0980
v -0.611753 0.081413 0.042822 0.8500 0.3250 0.0980
v -0.584451 0.342606 -0.061837 0.8500 0.3250 0.0980
v -0.932102 0.310753 -0.062748 0.8500 0.3250 0.0980
v -0.205857 0.027718 0.071944 0.8500 0.3250 0.0980
v -0.553508 0.134197 0.019160 0.8500 0.3250 0.0980
v -0.120310 -0.007775 0.089236 0.8500 0.3250 0.0980
v -0.821982 0.245227 -0.033625 0.8500 0.3250 0.0980
v -0.499813 0.241587 -0.020884 0.8500 0.3250 0.0980
v -0.700941 0.345336 -0.067298 0.8500 0.3250 0.0980
v -0.522566 0.194263 -0.005412 0.8500 0.3250 0.0980
v -0.523476 0.111445 0.029171 0.8500 0.3250 0.0980
v -0.056604 -0.047819 0.103797 0.8500 0.3250 0.0980
v -0.859295 0.273440 -0.039996 0.8500 0.3250 0.0980
v -0.474331 0.134197 0.020980 0.8500 0.3250 0.0980
v -0.471601 -0.017786 0.081045 0.8500 0.3250 0.0980
v -0.280484 0.124187 0.033721 0.8500 0.3250 0.0980
v -0.875677 0.308933 -0.062748 0.8500 0.3250 0.0980
v -0.152163 -0.036898 0.100157 0.8500 0.3250 0.0980
v -0.731884 0.327135 -0.060927 0.8500 0.3250 0.0980
v -0.696391 0.196083 -0.009963 0.8500 0.3250 0.0980
v -0.471601 0.262519 -0.026344 0.8500 0.3250 0.0980
v -0.257732 0.037729 0.066484 0.8500 0.3250 0.0980
v -0.208588 -0.025977 0.092876 0.8500 0.3250 0.0980
v -0.765557 0.192443 -0.008143 0.8500 0.3250 0.0980
v -0.708222 0.256148 -0.036355 0.8500 0.3250 0.0980
v -0.401525 -0.027797 0.084686 0.8500 0.3250 0.0980
v -0.581721 0.060481 0.053743 0.8500 0.3250 0.0980
v -0.522566 0.301652 -0.042726 0.8500 0.3250 0.0980
v -0.356931 -0.027797 0.090146 0.8500 0.3250 0.0980
v -0.386053 0.077772 0.044642 0.8500 0.3250 0.0980
v -0.643606 0.105985 0.030991 0.8500 0.3250 0.0980
v -0.739165 0.164230 0.000048 0.8500 0.3250 0.0980
v -0.540767 0.080503 0.037361 0.8500 0.3250 0.0980
v -0.630865 0.160590 0.005508 0.8500 0.3250 0.0980
v -0.330538 -0.002315 0.080135 0.8500 0.3250 0.0980
v -0.733704 0.362628 -0.077309 0.8500 0.3250 0.0980
v -0.429737 0.182432 0.005508 0.8500 0.3250 0.0980
v -0.528026 0.026808 0.060113 0.8500 0.3250 0.0980
v -0.657257 0.353527 -0.071848 0.8500 0.3250 0.0980
v -0.598102 0.290731 -0.042726 0.8500 0.3250 0.0980
v -0.427007 0.060481 0.050102 0.8500 0.3250 0.0980
v -0.305966 0.020437 0.068304 0.8500 0.3250 0.0980
v -0.842004 0.328045 -0.069118 0.8500 0.3250 0.0980
v -0.573530 0.261609 -0.032715 0.8500 0.3250 0.0980
v -0.196757 -0.076941 0.116538 0.8500 0.3250 0.0980
v -0.426097 0.212464 -0.003592 0.8500 0.3250 0.0980
v -0.343280 0.052290 0.056473 0.8500 0.3250 0.0980
v -0.439748 0.128737 0.025530 0.8500 0.3250 0.0980
v -0.414266 0.024078 0.062844 0.8500 0.3250 0.0980
v -0.542587 0.221565 -0.012693 0.8500 0.3250 0.0980
v -0.194026 0.054110 0.061934 0.8500 0.3250 0.0980
v -0.924821 0.338966 -0.071848 0.8500 0.3250 0.0980
v -0.317797 0.079593 0.045552 0.8500 0.3250 0.0980
v -0.645426 0.219745 -0.020884 0.8500 0.3250 0.0980
v -0.593552 0.181522 -0.001772 0.8500 0.3250 0.0980
v -0.758276 0.220655 -0.018154 0.8500 0.3250 0.0980
v -0.585361 0.127827 0.016429 0.8500 0.3250 0.0980
v -0.681830 0.147849 0.010059 0.8500 0.3250 0.0980
v -0.388784 -0.081492 0.107438 0.8500 0.3250 0.0980
v -0.472511 0.024988 0.062844 0.8500 0.3250 0.0980
v -0.214958 0.001326 0.081955 0.8500 0.3250 0.0980
v -0.345100 0.125097 0.032811 0.8500 0.3250 0.0980
v -0.542587 0.277990 -0.033625 0.8500 0.3250 0.0980
v -0.461590 0.079593 0.042822 0.8500 0.3250 0.0980
v -0.703672 0.167870 0.000048 0.8500 0.3250 0.0980
v -0.401525 0.156039 0.013699 0.8500 0.3250 0.0980
v -0.626315 0.297102 -0.044546 0.8500 0.3250 0.0980
v -0.701851 0.228846 -0.022704 0.8500 0.3250 0.0980
v -0.480702 0.160590 0.011879 0.8500 0.3250 0.0980
v -0.248631 -0.045089 0.099247 0.8500 0.3250 0.0980
v -0.776478 0.259789 -0.039085 0.8500 0.3250 0.0980
v -0.493443 0.216105 -0.009963 0.8500 0.3250 0.0980
v -0.516195 0.169691 0.007329 0.8500 0.3250 0.0980
v -0.180375 -0.023247 0.092876 0.8500 0.3250 0.0980
v -0.828353 0.272530 -0.044546 0.8500 0.3250 0.0980
v -0.255912 0.064121 0.056473 0.8500 0.3250 0.0980
v -0.795590 0.339876 -0.070938 0.8500 0.3250 0.0980
v -0.324168 0.105075 0.035541 0.8500 0.3250 0.0980
v -0.234980 0.081413 0.048282 0.8500 0.3250 0.0980
v -0.338729 0.151489 0.018250 0.8500 0.3250 0.0980
v -0.378773 0.105075 0.035541 0.8500 0.3250 0.0980
v -0.459770 0.178791 0.003688 0.8500 0.3250 0.0980
v -0.742805 0.267979 -0.039085 0.8500 0.3250 0.0980
v -0.291405 -0.029617 0.087416 0.8500 0.3250 0.0980
v -0.847464 0.352617 -0.080949 0.8500 0.3250 0.0980
v -0.419726 0.237947 -0.013603 0.8500 0.3250 0.0980
v -0.682740 0.267979 -0.039085 0.8500 0.3250 0.0980
v -0.407895 -0.003225 0.073765 0.8500 0.3250 0.0980
v -0.371492 0.017707 0.066484 0.8500 0.3250 0.0980
v -0.325078 -0.059650 0.099247 0.8500 0.3250 0.0980
v -0.636326 0.185162 -0.005412 0.8500 0.3250 0.0980
v -0.359661 0.184252 0.008239 0.8500 0.3250 0.0980
v -0.453399 0.207914 -0.005412 0.8500 0.3250 0.0980
v -0.869306 0.334415 -0.071848 0.8500 0.3250 0.0980
v -0.901159 0.318034 -0.063658 0.8500 0.3250 0.0980
v -0.154893 -0.013236 0.087416 0.8500 0.3250 0.0980
v -0.617214 0.105075 0.026440 0.8500 0.3250 0.0980
v -0.491623 0.049560 0.051923 0.8500 0.3250 0.0980
v -0.452489 0.104165 0.033721 0.8500 0.3250 0.0980
v -0.708222 0.373549 -0.080039 0.8500 0.3250 0.0980
v -0.670909 0.301652 -0.050006 0.8500 0.3250 0.0980
v -0.167634 0.036819 0.071034 0.8500 0.3250 0.0980
v -0.549868 0.193353 -0.005412 0.8500 0.3250 0.0980
v -0.414266 0.113266 0.030991 0.8500 0.3250 0.0980
v -0.509824 0.091424 0.038271 0.8500 0.3250 0.0980
v -0.591732 0.314393 -0.050917 0.8500 0.3250 0.0980
v -0.610843 0.235216 -0.019064 0.8500 0.3250 0.0980
v -0.656347 0.157860 0.002778 0.8500 0.3250 0.0980
v -0.624495 0.132377 0.015519 0.8500 0.3250 0.0980
v -0.283214 0.036819 0.069214 0.8500 0.3250 0.0980
v -0.358751 0.071402 0.049192 0.8500 0.3250 0.0980
v -0.135781 0.012247 0.081045 0.8500 0.3250 0.0980
v -0.293225 0.073222 0.048282 0.8500 0.3250 0.0980
v -0.257732 -0.067841 0.106527 0.8500 0.3250 0.0980
v -0.251361 0.012247 0.076495 0.8500 0.3250 0.0980
v -0.725514 0.219745 -0.019974 0.8500 0.3250 0.0980
v -0.298686 -0.001405 0.079225 0.8500 0.3250 0.0980
v -0.676369 0.122366 0.023710 0.8500 0.3250 0.0980
v -0.669089 0.212464 -0.018154 0.8500 0.3250 0.0980
v -0.229519 0.032268 0.066484 0.8500 0.3250 0.0980
v -0.447029 -0.018696 0.082865 0.8500 0.3250 0.0980
v -0.269563 -0.016876 0.087416 0.8500 0.3250 0.0980
v -0.395154 -0.053279 0.094696 0.8500 0.3250 0.0980
v -0.612664 0.352617 -0.061837 0.8500 0.3250 0.0980
v -0.547138 0.105985 0.030081 0.8500 0.3250 0.0980
v -0.572620 0.075952 0.037361 0.8500 0.3250 0.0980
v -0.632685 0.272530 -0.036355 0.8500 0.3250 0.0980
v -0.765557 0.318944 -0.062748 0.8500 0.3250 0.0980
v -0.541677 0.314393 -0.050006 0.8500 0.3250 0.0980
v -0.485252 0.075952 0.043732 0.8500 0.3250 0.0980
v -0.504364 0.029538 0.061023 0.8500 0.3250 0.0980
v -0.180375 -0.002315 0.081955 0.8500 0.3250 0.0980
v -0.365121 0.045009 0.061023 0.8500 0.3250 0.0980
v -0.772838 0.290731 -0.049096 0.8500 0.3250 0.0980
v -0.812881 0.326225 -0.063658 0.8500 0.3250 0.0980
v -0.448849 0.026808 0.060113 0.8500 0.3250 0.0980
v -0.714593 0.283451 -0.043636 0.8500 0.3250 0.0980
v -0.372402 0.130557 0.027350 0.8500 0.3250 0.0980
v -0.807421 0.301652 -0.055467 0.8500 0.3250 0.0980
v -0.560789 0.234306 -0.018154 0.8500 0.3250 0.0980
v -0.366032 -0.083312 0.106527 0.8500 0.3250 0.0980
v -0.127590 -0.033257 0.098337 0.8500 0.3250 0.0980
v -0.793770 0.247047 -0.031805 0.8500 0.3250 0.0980
v -0.635416 0.339876 -0.061837 0.8500 0.3250 0.0980
v -0.087547 -0.060560 0.113808 0.8500 0.3250 0.0980
v -0.100288 -0.015966 0.093786 0.8500 0.3250 0.0980
v -0.681830 0.169691 0.001868 0.8500 0.3250 0.0980
v -0.349650 -0.060560 0.097427 0.8500 0.3250 0.0980
v -0.423367 0.156039 0.014609 0.8500 0.3250 0.0980
v -0.377863 -0.033257 0.088326 0.8500 0.3250 0.0980
v -0.311427 -0.081492 0.112898 0.8500 0.3250 0.0980
v -0.302326 0.117816 0.034631 0.8500 0.3250 0.0980
v -0.278664 -0.084222 0.112898 0.8500 0.3250 0.0980
v -0.555328 0.333505 -0.055467 0.8500 0.3250 0.0980
v -0.770108 0.234306 -0.029075 0.8500 0.3250 0.0980
v -0.649977 0.238857 -0.028164 0.8500 0.3250 0.0980
v -0.530756 0.146939 0.013699 0.8500 0.3250 0.0980
v -0.167634 -0.056009 0.105617 0.8500 0.3250 0.0980
v -0.391514 0.023168 0.064664 0.8500 0.3250 0.0980
v -0.578991 0.242497 -0.022704 0.8500 0.3250 0.0980
v -0.503454 0.115086 0.029171 0.8500 0.3250 0.0980
v -0.574440 0.324404 -0.052737 0.8500 0.3250 0.0980
v -0.699121 0.326225 -0.061837 0.8500 0.3250 0.0980
v -0.285944 0.100524 0.044642 0.8500 0.3250 0.0980
v -0.580811 0.153309 0.012789 0.8500 0.3250 0.0980
v -0.349650 -0.002315 0.075585 0.8500 0.3250 0.0980
v -0.534397 0.055020 0.047372 0.8500 0.3250 0.0980
v -0.536217 0.164230 0.006419 0.8500 0.3250 0.0980
v -0.554418 0.260699 -0.029075 0.8500 0.3250 0.0980
v -0.478882 -0.002315 0.071944 0.8500 0.3250 0.0980
v -0.675459 0.348066 -0.068208 0.8500 0.3250 0.0980
v -0.507094 0.269799 -0.028164 0.8500 0.3250 0.0980
v -0.636326 0.357167 -0.070028 0.8500 0.3250 0.0980
v -0.575350 0.177881 0.002778 0.8500 0.3250 0.0980
v -0.407895 0.181522 0.004598 0.8500 0.3250 0.0980
v -0.432467 0.102345 0.035541 0.8500 0.3250 0.0980
v -0.689110 0.294372 -0.049096 0.8500 0.3250 0.0980
v -0.465230 0.235216 -0.016333 0.8500 0.3250 0.0980
v -0.187656 0.026808 0.075585 0.8500 0.3250 0.0980
v -0.878407 0.350797 -0.078219 0.8500 0.3250 0.0980
v -0.042953 -0.055099 0.113808 0.8500 0.3250 0.0980
v -0.720963 0.310753 -0.058197 0.8500 0.3250 0.0980
v -0.404255 0.076862 0.046462 0.8500 0.3250 0.0980
v -0.665448 0.140568 0.012789 0.8500 0.3250 0.0980
v -0.224969 -0.051459 0.101977 0.8500 0.3250 0.0980
v -0.607203 0.127827 0.016429 0.8500 0.3250 0.0980
v -0.249541 0.091424 0.045552 0.8500 0.3250 0.0980
v -0.781939 0.197903 -0.012693 0.8500 0.3250 0.0980
v -0.549868 0.065941 0.041912 0.8500 0.3250 0.0980
v -0.953944 0.329865 -0.070028 0.8500 0.3250 0.0980
v -0.376042 0.186982 0.004598 0.8500 0.3250 0.0980
v -0.466140 0.154219 0.017340 0.8500 0.3250 0.0980
v -0.560789 0.313483 -0.050006 0.8500 0.3250 0.0980
v -0.235890 0.006786 0.079225 0.8500 0.3250 0.0980
v -0.407895 0.139658 0.020980 0.8500 0.3250 0.0980
v -0.536217 0.120546 0.024620 0.8500 0.3250 0.0980
v -0.509824 0.229756 -0.016333 0.8500 0.3250 0.0980
v -0.308696 0.145118 0.022800 0.8500 0.3250 0.0980
v -0.587181 0.208824 -0.009963 0.8500 0.3250 0.0980
v -0.719143 0.246137 -0.030895 0.8500 0.3250 0.0980
v -0.568980 0.113266 0.026440 0.8500 0.3250 0.0980
v -0.675459 0.195173 -0.014513 0.8500 0.3250 0.0980
v -0.751906 0.247958 -0.030895 0.8500 0.3250 0.0980
v -0.434288 0.032268 0.061934 0.8500 0.3250 0.0980
v -0.594462 0.099614 0.030081 0.8500 0.3250 0.0980
v -0.203127 -0.050549 0.101977 0.8500 0.3250 0.0980
v -0.865666 0.299832 -0.055467 0.8500 0.3250 0.0980
v -0.416086 0.127827 0.027350 0.8500 0.3250 0.0980
v -0.427007 0.076862 0.044642 0.8500 0.3250 0.0980
v -0.757366 0.180612 -0.003592 0.8500 0.3250 0.0980
v -0.908440 0.337145 -0.073669 0.8500 0.3250 0.0980
v -0.470691 0.248868 -0.019064 0.8500 0.3250 0.0980
v -0.690930 0.219745 -0.018154 0.8500 0.3250 0.0980
v -0.263192 -0.044178 0.096517 0.8500 0.3250 0.0980
v -0.312337 -0.006865 0.078315 0.8500 0.3250 0.0980
v -0.907530 0.290731 -0.054557 0.8500 0.3250 0.0980
v -0.528936 0.274350 -0.029985 0.8500 0.3250 0.0980
v -0.485252 0.037729 0.057383 0.8500 0.3250 0.0980
v -0.093917 -0.035078 0.104707 0.8500 0.3250 0.0980
v -0.503454 0.256148 -0.026344 0.8500 0.3250 0.0980
v -0.566249 0.050470 0.056473 0.8500 0.3250 0.0980
v -0.295955 0.090514 0.045552 0.8500 0.3250 0.0980
v -0.490713 0.063211 0.048282 0.8500 0.3250 0.0980
v -0.299596 0.045009 0.059203 0.8500 0.3250 0.0980
v -0.604473 0.207004 -0.009963 0.8500 0.3250 0.0980
v -0.561699 0.272530 -0.030895 0.8500 0.3250 0.0980
v -0.785579 0.348977 -0.074579 0.8500 0.3250 0.0980
v -0.074806 -0.055099 0.113808 0.8500 0.3250 0.0980
v -0.528936 0.223385 -0.012693 0.8500 0.3250 0.0980
v -0.362391 -0.005955 0.079225 0.8500 0.3250 0.0980
v -0.231340 -0.077851 0.115628 0.8500 0.3250 0.0980
v -0.497083 0.143298 0.019160 0.8500 0.3250 0.0980
v -0.489803 0.170601 0.010059 0.8500 0.3250 0.0980
v -0.566249 0.186982 -0.000862 0.8500 0.3250 0.0980
v -0.330538 0.078682 0.049192 0.8500 0.3250 0.0980
v -0.329628 0.131467 0.024620 0.8500 0.3250 0.0980
v -0.600832 0.074132 0.044642 0.8500 0.3250 0.0980
v -0.725514 0.354437 -0.070938 0.8500 0.3250 0.0980
v -0.585361 0.267069 -0.034535 0.8500 0.3250 0.0980
v -0.418816 -0.057830 0.098337 0.8500 0.3250 0.0980
v -0.763737 0.208824 -0.016333 0.8500 0.3250 0.0980
v -0.923001 0.301652 -0.060017 0.8500 0.3250 0.0980
v -0.642696 0.329865 -0.058197 0.8500 0.3250 0.0980
v -0.400615 0.168781 0.011879 0.8500 0.3250 0.0980
v -0.623584 0.184252 -0.004502 0.8500 0.3250 0.0980
v -0.637236 0.130557 0.013699 0.8500 0.3250 0.0980
v -0.376042 0.050470 0.057383 0.8500 0.3250 0.0980
v -0.129411 -0.015056 0.093786 0.8500 0.3250 0.0980
v -0.581721 0.354437 -0.064568 0.8500 0.3250 0.0980
v -0.554418 0.243407 -0.023614 0.8500 0.3250 0.0980
v -0.727334 0.338056 -0.064568 0.8500 0.3250 0.0980
v -0.157623 -0.060560 0.111078 0.8500 0.3250 0.0980
v -0.414266 0.210644 -0.006323 0.8500 0.3250 0.0980
v -0.548958 0.306203 -0.044546 0.8500 0.3250 0.0980
v -0.567159 0.288001 -0.040906 0.8500 0.3250 0.0980
v -0.847464 0.273440 -0.042726 0.8500 0.3250 0.0980
v -0.561699 0.142388 0.015519 0.8500 0.3250 0.0980
v -0.692751 0.353527 -0.070938 0.8500 0.3250 0.0980
v -0.420636 0.051380 0.054653 0.8500 0.3250 0.0980
v -0.548048 0.288001 -0.037265 0.8500 0.3250 0.0980
v -0.497993 0.090514 0.039181 0.8500 0.3250 0.0980
v -0.662718 0.293462 -0.047276 0.8500 0.3250 0.0980
v -0.784669 0.239767 -0.029985 0.8500 0.3250 0.0980
v -0.412446 -0.031437 0.086506 0.8500 0.3250 0.0980
v -0.543497 0.095974 0.034631 0.8500 0.3250 0.0980
v -0.410626 0.103255 0.035541 0.8500 0.3250 0.0980
v -0.123040 -0.042358 0.103797 0.8500 0.3250 0.0980
v -0.477972 0.008606 0.068304 0.8500 0.3250 0.0980
v -0.391514 -0.061470 0.101977 0.8500 0.3250 0.0980
v -0.238620 -0.039628 0.097427 0.8500 0.3250 0.0980
v -0.509824 0.053200 0.049192 0.8500 0.3250 0.0980
v -0.619944 0.075042 0.038271 0.8500 0.3250 0.0980
v -0.739165 0.298012 -0.052737 0.8500 0.3250 0.0980
v -0.343280 -0.087862 0.114718 0.8500 0.3250 0.0980
v -0.349650 0.077772 0.047372 0.8500 0.3250 0.0980
v -0.289585 0.064121 0.053743 0.8500 0.3250 0.0980
v -0.658168 0.168781 0.004598 0.8500 0.3250 0.0980
v -0.516195 0.082323 0.037361 0.8500 0.3250 0.0980
v -0.568070 0.206094 -0.007233 0.8500 0.3250 0.0980
v -0.528936 0.136928 0.018250 0.8500 0.3250 0.0980
v -0.144882 -0.008685 0.086506 0.8500 0.3250 0.0980
v -0.356931 0.105985 0.036451 0.8500 0.3250 0.0980
v -0.782849 0.287091 -0.050006 0.8500 0.3250 0.0980
v -0.435198 0.207004 -0.004502 0.8500 0.3250 0.0980
v -0.575350 0.085963 0.035541 0.8500 0.3250 0.0980
v -0.799230 0.295282 -0.053647 0.8500 0.3250 0.0980
v -0.684560 0.244317 -0.029985 0.8500 0.3250 0.0980
v -0.598102 0.322584 -0.051827 0.8500 0.3250 0.0980
v -0.694571 0.318034 -0.057287 0.8500 0.3250 0.0980
v -0.669089 0.222475 -0.020884 0.8500 0.3250 0.0980
v -0.553508 0.342606 -0.060017 0.8500 0.3250 0.0980
v -0.523476 0.176061 0.003688 0.8500 0.3250 0.0980
v -0.513465 0.297102 -0.041816 0.8500 0.3250 0.0980
v -0.756456 0.323494 -0.061837 0.8500 0.3250 0.0980
v -0.387874 0.101435 0.037361 0.8500 0.3250 0.0980
v -0.604473 0.347156 -0.062748 0.8500 0.3250 0.0980
v -0.363301 0.134197 0.026440 0.8500 0.3250 0.0980
v -0.217688 -0.022337 0.092876 0.8500 0.3250 0.0980
v -0.656347 0.267069 -0.036355 0.8500 0.3250 0.0980
v -0.133961 -0.062380 0.111988 0.8500 0.3250 0.0980
v -0.902069 0.310753 -0.057287 0.8500 0.3250 0.0980
v -0.318707 -0.052369 0.099247 0.8500 0.3250 0.0980
v -0.483432 0.196993 -0.001772 0.8500 0.3250 0.0980
v -0.275934 -0.014146 0.081045 0.8500 0.3250 0.0980
v -0.275934 0.115996 0.034631 0.8500 0.3250 0.0980
v -0.872037 0.326225 -0.068208 0.8500 0.3250 0.0980
v -0.174004 -0.029617 0.091056 0.8500 0.3250 0.0980
v -0.517105 0.201543 -0.006323 0.8500 0.3250 0.0980
v -0.579901 0.235216 -0.017244 0.8500 0.3250 0.0980
v -0.588091 0.125097 0.024620 0.8500 0.3250 0.0980
v -0.711862 0.275260 -0.040906 0.8500 0.3250 0.0980
v -0.363301 -0.056009 0.099247 0.8500 0.3250 0.0980
v -0.688200 0.172421 -0.003592 0.8500 0.3250 0.0980
v -0.451579 0.181522 0.005508 0.8500 0.3250 0.0980
v -0.523476 0.034089 0.058293 0.8500 0.3250 0.0980
v -0.559879 0.162410 0.005508 0.8500 0.3250 0.0980
v -0.222239 0.031358 0.071034 0.8500 0.3250 0.0980
v -0.688200 0.143298 0.013699 0.8500 0.3250 0.0980
v -0.724603 0.188802 -0.010873 0.8500 0.3250 0.0980
v -0.324168 -0.028707 0.087416 0.8500 0.3250 0.0980
v -0.174915 0.004056 0.082865 0.8500 0.3250 0.0980
v -0.399705 0.022257 0.066484 0.8500 0.3250 0.0980
v -0.268653 0.013157 0.076495 0.8500 0.3250 0.0980
v -0.167634 0.030448 0.076495 0.8500 0.3250 0.0980
v -0.591732 0.155129 0.007329 0.8500 0.3250 0.0980
v -0.643606 0.212464 -0.017244 0.8500 0.3250 0.0980
v -0.138511 0.019527 0.078315 0.8500 0.3250 0.0980
v -0.385143 -0.003225 0.077405 0.8500 0.3250 0.0980
v -0.805601 0.269799 -0.041816 0.8500 0.3250 0.0980
v -0.472511 0.128737 0.026440 0.8500 0.3250 0.0980
v 0.877139 0.578317 -0.087320 0.9290 0.6940 0.1250
v 0.558611 0.377189 -0.022704 0.9290 0.6940 0.1250
v 0.121772 0.015887 0.091056 0.9290 0.6940 0.1250
v 0.403897 0.215195 0.030991 0.9290 0.6940 0.1250
v 0.360213 0.419963 -0.049096 0.9290 0.6940 0.1250
v 0.677831 0.539183 -0.078219 0.9290 0.6940 0.1250
v 0.597744 0.216105 0.044642 0.9290 0.6940 0.1250
v 0.488534 0.525532 -0.087320 0.9290 0.6940 0.1250
v 0.245543 0.116906 0.062844 0.9290 0.6940 0.1250
v 0.710594 0.404491 -0.026344 0.9290 0.6940 0.1250
v 0.371134 0.080503 0.079225 0.9290 0.6940 0.1250
v 0.316529 0.297102 -0.003592 0.9290 0.6940 0.1250
v 0.450311 0.335325 -0.009053 0.9290 0.6940 0.1250
v 0.791591 0.507331 -0.058197 0.9290 0.6940 0.1250
v 0.495815 0.146028 0.060113 0.9290 0.6940 0.1250
v 0.601385 0.467287 -0.056377 0.9290 0.6940 0.1250
v 0.476703 0.433614 -0.048186 0.9290 0.6940 0.1250
v 0.212780 -0.017786 0.108348 0.9290 0.6940 0.1250
v 0.524028 0.274350 0.014609 0.9290 0.6940 0.1250
v 0.292867 0.210644 0.025530 0.9290 0.6940 0.1250
v 0.631417 0.328045 0.000958 0.9290 0.6940 0.1250
v 0.149984 0.095064 0.061023 0.9290 0.6940 0.1250
v 0.278306 0.045009 0.088326 0.9290 0.6940 0.1250
v 0.588643 0.540094 -0.084590 0.9290 0.6940 0.1250
v 0.391156 0.290731 0.003688 0.9290 0.6940 0.1250
v 0.359303 0.158770 0.051013 0.9290 0.6940 0.1250
v 0.723335 0.478208 -0.050917 0.9290 0.6940 0.1250
v 0.048055 0.011336 0.091056 0.9290 0.6940 0.1250
v 0.210050 0.213374 0.020980 0.9290 0.6940 0.1250
v 0.207319 0.055930 0.081045 0.9290 0.6940 0.1250
v 0.381145 -0.000495 0.111988 0.9290 0.6940 0.1250
v 0.442120 0.084143 0.078315 0.9290 0.6940 0.1250
v 0.473973 0.217015 0.035541 0.9290 0.6940 0.1250
v 0.364763 0.348066 -0.019974 0.9290 0.6940 0.1250
v 0.419368 0.465467 -0.060017 0.9290 0.6940 0.1250
v 0.533128 0.483669 -0.062748 0.9290 0.6940 0.1250
v 0.746997 0.551015 -0.077309 0.9290 0.6940 0.1250
v 0.535859 0.197903 0.041002 0.9290 0.6940 0.1250
v 0.259194 0.268889 0.005508 0.9290 0.6940 0.1250
v 0.641428 0.423603 -0.033625 0.9290 0.6940 0.1250
v 0.417548 0.400851 -0.037265 0.9290 0.6940 0.1250
v 0.305608 0.104165 0.067394 0.9290 0.6940 0.1250
v 0.585003 0.269799 0.018250 0.9290 0.6940 0.1250
v 0.419368 0.152399 0.055563 0.9290 0.6940 0.1250
v 0.663270 0.480938 -0.055467 0.9290 0.6940 0.1250
v 0.463962 0.279810 0.008239 0.9290 0.6940 0.1250
v 0.489445 0.379919 -0.027254 0.9290 0.6940 0.1250
v 0.353842 0.247958 0.015519 0.9290 0.6940 0.1250
v 0.197309 0.160590 0.041002 0.9290 0.6940 0.1250
v 0.429379 0.032268 0.099247 0.9290 0.6940 0.1250
v 0.572262 0.324404 -0.005412 0.9290 0.6940 0.1250
v 0.803423 0.558295 -0.080039 0.9290 0.6940 0.1250
v 0.257374 0.166050 0.039181 0.9290 0.6940 0.1250
v 0.544960 0.433614 -0.043636 0.9290 0.6940 0.1250
v 0.020753 -0.035988 0.106527 0.9290 0.6940 0.1250
v 0.325630 0.022257 0.098337 0.9290 0.6940 0.1250
v 0.502186 0.327135 -0.006323 0.9290 0.6940 0.1250
v 0.091739 -0.024157 0.105617 0.9290 0.6940 0.1250
v 0.654169 0.368998 -0.017244 0.9290 0.6940 0.1250
v 0.463962 0.486399 -0.067298 0.9290 0.6940 0.1250
v 0.305608 0.157860 0.047372 0.9290 0.6940 0.1250
v 0.109031 0.066851 0.070124 0.9290 0.6940 0.1250
v 0.605935 0.375369 -0.017244 0.9290 0.6940 0.1250
v 0.167276 -0.026887 0.110168 0.9290 0.6940 0.1250
v 0.279216 -0.000495 0.106527 0.9290 0.6940 0.1250
v 0.766109 0.466377 -0.047276 0.9290 0.6940 0.1250
v 0.454861 0.176971 0.045552 0.9290 0.6940 0.1250
v 0.164546 0.025898 0.090146 0.9290 0.6940 0.1250
v 0.587733 0.410862 -0.033625 0.9290 0.6940 0.1250
v 0.190938 0.106895 0.058293 0.9290 0.6940 0.1250
v 0.744267 0.432704 -0.032715 0.9290 0.6940 0.1250
v 0.159995 0.134197 0.047372 0.9290 0.6940 0.1250
v 0.622316 0.502780 -0.064568 0.9290 0.6940 0.1250
v 0.480344 0.072312 0.094696 0.9290 0.6940 0.1250
v 0.411178 0.361718 -0.024524 0.9290 0.6940 0.1250
v 0.263744 0.081413 0.073765 0.9290 0.6940 0.1250
v 0.560431 0.228846 0.032811 0.9290 0.6940 0.1250
v 0.335641 0.187892 0.036451 0.9290 0.6940 0.1250
v 0.405717 0.099614 0.071944 0.9290 0.6940 0.1250
v 0.392976 0.046830 0.092876 0.9290 0.6940 0.1250
v 0.551330 0.528262 -0.080039 0.9290 0.6940 0.1250
v 0.454861 0.136018 0.060113 0.9290 0.6940 0.1250
v 0.519477 0.404491 -0.033625 0.9290 0.6940 0.1250
v 0.438480 0.231576 0.027350 0.9290 0.6940 0.1250
v 0.541319 0.165140 0.059203 0.9290 0.6940 0.1250
v 0.345652 0.105075 0.066484 0.9290 0.6940 0.1250
v 0.084459 0.019527 0.086506 0.9290 0.6940 0.1250
v 0.395706 0.180612 0.042822 0.9290 0.6940 0.1250
v 0.423919 0.309843 -0.002682 0.9290 0.6940 0.1250
v 0.400257 0.257058 0.016429 0.9290 0.6940 0.1250
v 0.496725 0.472748 -0.058197 0.9290 0.6940 0.1250
v 0.246453 0.215195 0.023710 0.9290 0.6940 0.1250
v 0.712414 0.510061 -0.064568 0.9290 0.6940 0.1250
v 0.362943 0.315304 -0.004502 0.9290 0.6940 0.1250
v 0.391156 0.443625 -0.054557 0.9290 0.6940 0.1250
v 0.332911 0.331685 -0.016333 0.9290 0.6940 0.1250
v 0.383875 0.134197 0.060113 0.9290 0.6940 0.1250
v 0.689662 0.373549 -0.015423 0.9290 0.6940 0.1250
v 0.540409 0.309843 0.001868 0.9290 0.6940 0.1250
v 0.484894 0.113266 0.069214 0.9290 0.6940 0.1250
v 0.277396 0.136928 0.051923 0.9290 0.6940 0.1250
v 0.148164 0.054110 0.076495 0.9290 0.6940 0.1250
v 0.055336 -0.039628 0.115628 0.9290 0.6940 0.1250
v 0.324720 0.076862 0.078315 0.9290 0.6940 0.1250
v 0.676011 0.428154 -0.036355 0.9290 0.6940 0.1250
v 0.244633 0.003146 0.102887 0.9290 0.6940 0.1250
v 0.511287 0.221565 0.033721 0.9290 0.6940 0.1250
v 0.303788 0.242497 0.016429 0.9290 0.6940 0.1250
v 0.612305 0.249778 0.033721 0.9290 0.6940 0.1250
v 0.526758 0.125097 0.077405 0.9290 0.6940 0.1250
v 0.494905 0.256148 0.019160 0.9290 0.6940 0.1250
v 0.644158 0.533723 -0.076399 0.9290 0.6940 0.1250
v 0.528578 0.361718 -0.018154 0.9290 0.6940 0.1250
v 0.575902 0.489129 -0.061837 0.9290 0.6940 0.1250
v 0.442120 0.374459 -0.027254 0.9290 0.6940 0.1250
v 0.699673 0.455456 -0.044546 0.9290 0.6940 0.1250
v 0.493085 0.295282 0.004598 0.9290 0.6940 0.1250
v 0.371134 0.210644 0.032811 0.9290 0.6940 0.1250
v 0.240082 0.057751 0.081955 0.9290 0.6940 0.1250
v 0.846196 0.561935 -0.080949 0.9290 0.6940 0.1250
v 0.135423 -0.039628 0.114718 0.9290 0.6940 0.1250
v 0.430289 0.279810 0.007329 0.9290 0.6940 0.1250
v 0.220061 0.139658 0.050102 0.9290 0.6940 0.1250
v 0.357483 0.026808 0.097427 0.9290 0.6940 0.1250
v 0.412088 0.006786 0.108348 0.9290 0.6940 0.1250
v 0.177287 0.080503 0.070124 0.9290 0.6940 0.1250
v 0.457592 0.514611 -0.080039 0.9290 0.6940 0.1250
v 0.752458 0.521892 -0.066388 0.9290 0.6940 0.1250
v 0.553150 0.257058 0.020980 0.9290 0.6940 0.1250
v 0.214600 0.085053 0.071944 0.9290 0.6940 0.1250
v 0.507646 0.445445 -0.047276 0.9290 0.6940 0.1250
v 0.603205 0.314393 0.000958 0.9290 0.6940 0.1250
v 0.489445 0.174241 0.048282 0.9290 0.6940 0.1250
v 0.102660 0.094154 0.056473 0.9290 0.6940 0.1250
v 0.343832 0.394481 -0.041816 0.9290 0.6940 0.1250
v 0.123592 -0.012326 0.103797 0.9290 0.6940 0.1250
v 0.666910 0.317124 0.008239 0.9290 0.6940 0.1250
v 0.200949 0.027718 0.091966 0.9290 0.6940 0.1250
v 0.598654 0.346246 -0.009963 0.9290 0.6940 0.1250
v 0.569532 0.460917 -0.051827 0.9290 0.6940 0.1250
v 0.552240 0.404491 -0.034535 0.9290 0.6940 0.1250
v 0.526758 0.510971 -0.074579 0.9290 0.6940 0.1250
v 0.609575 0.286181 0.010969 0.9290 0.6940 0.1250
v 0.494905 0.500960 -0.069118 0.9290 0.6940 0.1250
v 0.328360 0.215195 0.025530 0.9290 0.6940 0.1250
v 0.251913 0.030448 0.091056 0.9290 0.6940 0.1250
v 0.344742 -0.004135 0.109258 0.9290 0.6940 0.1250
v 0.425739 0.437254 -0.051827 0.9290 0.6940 0.1250
v 0.302878 0.323494 -0.013603 0.9290 0.6940 0.1250
v 0.759739 0.494590 -0.054557 0.9290 0.6940 0.1250
v 0.600474 0.440895 -0.042726 0.9290 0.6940 0.1250
v 0.346562 0.275260 0.006419 0.9290 0.6940 0.1250
v 0.635058 0.449996 -0.045456 0.9290 0.6940 0.1250
v 0.656899 0.508241 -0.064568 0.9290 0.6940 0.1250
v 0.425739 0.179701 0.044642 0.9290 0.6940 0.1250
v 0.397526 0.319854 -0.009963 0.9290 0.6940 0.1250
v 0.316529 0.267069 0.007329 0.9290 0.6940 0.1250
v 0.674191 0.349887 -0.008143 0.9290 0.6940 0.1250
v 0.169096 0.175151 0.029171 0.9290 0.6940 0.1250
v 0.648709 0.396301 -0.027254 0.9290 0.6940 0.1250
v 0.566801 0.201543 0.040092 0.9290 0.6940 0.1250
v 0.578632 0.296192 0.008239 0.9290 0.6940 0.1250
v 0.457592 0.306203 -0.001772 0.9290 0.6940 0.1250
v 0.436660 0.496410 -0.072758 0.9290 0.6940 0.1250
v 0.332001 0.051380 0.089236 0.9290 0.6940 0.1250
v 0.738807 0.408132 -0.019064 0.9290 0.6940 0.1250
v 0.371134 0.374459 -0.029075 0.9290 0.6940 0.1250
v 0.669641 0.454546 -0.046366 0.9290 0.6940 0.1250
v 0.826175 0.525532 -0.060017 0.9290 0.6940 0.1250
v 0.191848 0.002236 0.101067 0.9290 0.6940 0.1250
v 0.377505 0.106895 0.071034 0.9290 0.6940 0.1250
v 0.252824 0.242497 0.013699 0.9290 0.6940 0.1250
v 0.352022 0.132377 0.058293 0.9290 0.6940 0.1250
v 0.690572 0.487309 -0.059107 0.9290 0.6940 0.1250
v 0.264655 0.195173 0.031901 0.9290 0.6940 0.1250
v 0.364763 0.183342 0.038271 0.9290 0.6940 0.1250
v 0.327450 0.356257 -0.029075 0.9290 0.6940 0.1250
v 0.449401 0.203364 0.037361 0.9290 0.6940 0.1250
v 0.718785 0.535543 -0.074579 0.9290 0.6940 0.1250
v 0.495815 0.353527 -0.019974 0.9290 0.6940 0.1250
v 0.203679 0.186982 0.033721 0.9290 0.6940 0.1250
v 0.470333 0.460006 -0.055467 0.9290 0.6940 0.1250
v 0.363853 0.053200 0.090146 0.9290 0.6940 0.1250
v 0.444851 0.257968 0.017340 0.9290 0.6940 0.1250
v 0.070807 -0.007775 0.096517 0.9290 0.6940 0.1250
v 0.533128 0.457276 -0.052737 0.9290 0.6940 0.1250
v 0.239172 -0.021426 0.116538 0.9290 0.6940 0.1250
v 0.564981 0.351707 -0.013603 0.9290 0.6940 0.1250
v 0.797962 0.532813 -0.067298 0.9290 0.6940 0.1250
v 0.158175 0.000416 0.099247 0.9290 0.6940 0.1250
v 0.400257 0.072312 0.084686 0.9290 0.6940 0.1250
v 0.628687 0.474568 -0.056377 0.9290 0.6940 0.1250
v 0.462142 0.392660 -0.032715 0.9290 0.6940 0.1250
v 0.683292 0.400851 -0.024524 0.9290 0.6940 0.1250
v 0.180017 0.052290 0.081955 0.9290 0.6940 0.1250
v 0.638698 0.282541 0.019160 0.9290 0.6940 0.1250
v 0.311979 0.129647 0.059203 0.9290 0.6940 0.1250
v 0.115401 0.041369 0.082865 0.9290 0.6940 0.1250
v 0.040775 -0.017786 0.101977 0.9290 0.6940 0.1250
v 0.612305 0.399941 -0.028164 0.9290 0.6940 0.1250
v 0.273755 -0.025977 0.114718 0.9290 0.6940 0.1250
v 0.412998 0.127827 0.065574 0.9290 0.6940 0.1250
v 0.435750 0.059571 0.088326 0.9290 0.6940 0.1250
v 0.299238 0.182432 0.037361 0.9290 0.6940 0.1250
v 0.522207 0.244317 0.023710 0.9290 0.6940 0.1250
v 0.273755 0.288911 -0.005412 0.9290 0.6940 0.1250
v 0.534039 0.338056 -0.006323 0.9290 0.6940 0.1250
v 0.251003 0.141478 0.049192 0.9290 0.6940 0.1250
v 0.382965 0.232486 0.022800 0.9290 0.6940 0.1250
v 0.685112 0.511881 -0.068208 0.9290 0.6940 0.1250
v 0.190938 0.132377 0.050102 0.9290 0.6940 0.1250
v 0.377505 0.401761 -0.039996 0.9290 0.6940 0.1250
v 0.455772 0.417233 -0.040906 0.9290 0.6940 0.1250
v 0.448491 0.108715 0.070124 0.9290 0.6940 0.1250
v 0.220061 0.108715 0.061023 0.9290 0.6940 0.1250
v 0.704224 0.430884 -0.035445 0.9290 0.6940 0.1250
v 0.271025 0.109625 0.063754 0.9290 0.6940 0.1250
v 0.770660 0.540094 -0.071848 0.9290 0.6940 0.1250
v 0.583183 0.517342 -0.072758 0.9290 0.6940 0.1250
v 0.470333 0.363538 -0.019974 0.9290 0.6940 0.1250
v 0.307428 0.042279 0.089236 0.9290 0.6940 0.1250
v 0.219151 0.010426 0.098337 0.9290 0.6940 0.1250
v 0.475793 0.337145 -0.012693 0.9290 0.6940 0.1250
v 0.397526 0.417233 -0.043636 0.9290 0.6940 0.1250
v 0.319259 -0.003225 0.109258 0.9290 0.6940 0.1250
v 0.547690 0.283451 0.011879 0.9290 0.6940 0.1250
v 0.417548 0.335325 -0.012693 0.9290 0.6940 0.1250
v 0.483984 0.404491 -0.038175 0.9290 0.6940 0.1250
v 0.226431 0.036819 0.086506 0.9290 0.6940 0.1250
v 0.299238 0.080503 0.073765 0.9290 0.6940 0.1250
v 0.375684 0.260699 0.011879 0.9290 0.6940 0.1250
v 0.240082 0.190622 0.035541 0.9290 0.6940 0.1250
v 0.504916 0.193353 0.042822 0.9290 0.6940 0.1250
v 0.730616 0.451816 -0.041816 0.9290 0.6940 0.1250
v 0.091739 0.047740 0.077405 0.9290 0.6940 0.1250
v 0.449401 0.445445 -0.050917 0.9290 0.6940 0.1250
v 0.443030 0.472748 -0.063658 0.9290 0.6940 0.1250
v 0.520387 0.150579 0.059203 0.9290 0.6940 0.1250
v 0.469423 0.254328 0.017340 0.9290 0.6940 0.1250
v 0.637788 0.353527 -0.007233 0.9290 0.6940 0.1250
v 0.581363 0.386290 -0.024524 0.9290 0.6940 0.1250
v 0.340191 0.303472 -0.005412 0.9290 0.6940 0.1250
v 0.098110 0.001326 0.095607 0.9290 0.6940 0.1250
v 0.271025 0.221565 0.023710 0.9290 0.6940 0.1250
v 0.238262 0.089603 0.068304 0.9290 0.6940 0.1250
v 0.233712 0.163320 0.041002 0.9290 0.6940 0.1250
v 0.276486 0.245227 0.012789 0.9290 0.6940 0.1250
v 0.123592 0.107805 0.055563 0.9290 0.6940 0.1250
v 0.557701 0.501870 -0.068208 0.9290 0.6940 0.1250
v 0.286497 0.024988 0.095607 0.9290 0.6940 0.1250
v 0.618676 0.428154 -0.038175 0.9290 0.6940 0.1250
v 0.386605 0.019527 0.102887 0.9290 0.6940 0.1250
v 0.591374 0.243407 0.028261 0.9290 0.6940 0.1250
v 0.283766 0.161500 0.045552 0.9290 0.6940 0.1250
v 0.481254 0.312573 -0.002682 0.9290 0.6940 0.1250
v 0.778850 0.452726 -0.035445 0.9290 0.6940 0.1250
v 0.369314 0.289821 0.000958 0.9290 0.6940 0.1250
v 0.350202 0.368088 -0.028164 0.9290 0.6940 0.1250
v 0.390246 0.160590 0.049192 0.9290 0.6940 0.1250
v 0.734256 0.496410 -0.055467 0.9290 0.6940 0.1250
v 0.509466 0.522802 -0.080039 0.9290 0.6940 0.1250
v 0.188208 -0.023247 0.113808 0.9290 0.6940 0.1250
v 0.701493 0.360808 -0.002682 0.9290 0.6940 0.1250
v 0.166366 0.108715 0.058293 0.9290 0.6940 0.1250
v 0.625047 0.300742 0.008239 0.9290 0.6940 0.1250
v 0.559521 0.186072 0.052833 0.9290 0.6940 0.1250
v 0.784311 0.477298 -0.049096 0.9290 0.6940 0.1250
v 0.233712 0.228846 0.013699 0.9290 0.6940 0.1250
v 0.513107 0.375369 -0.021794 0.9290 0.6940 0.1250
v 0.831635 0.550104 -0.071848 0.9290 0.6940 0.1250
v 0.433020 0.122366 0.063754 0.9290 0.6940 0.1250
v 0.100840 -0.039628 0.115628 0.9290 0.6940 0.1250
v 0.435750 0.348066 -0.015423 0.9290 0.6940 0.1250
v 0.290137 0.300742 -0.004502 0.9290 0.6940 0.1250
v 0.072627 -0.030527 0.104707 0.9290 0.6940 0.1250
v 0.478524 0.087783 0.081955 0.9290 0.6940 0.1250
v 0.473973 0.505510 -0.072758 0.9290 0.6940 0.1250
v 0.613216 0.519162 -0.071848 0.9290 0.6940 0.1250
v 0.141794 0.078682 0.069214 0.9290 0.6940 0.1250
v 0.561341 0.305293 0.003688 0.9290 0.6940 0.1250
v 0.451221 0.045920 0.101977 0.9290 0.6940 0.1250
v 0.410268 0.241587 0.023710 0.9290 0.6940 0.1250
v 0.288317 0.122366 0.059203 0.9290 0.6940 0.1250
v 0.468513 0.124187 0.067394 0.9290 0.6940 0.1250
v 0.619586 0.361718 -0.015423 0.9290 0.6940 0.1250
v 0.483074 0.200633 0.040092 0.9290 0.6940 0.1250
v 0.502186 0.119636 0.074675 0.9290 0.6940 0.1250
v 0.178197 0.158770 0.040092 0.9290 0.6940 0.1250
v 0.416638 0.267069 0.011879 0.9290 0.6940 0.1250
v 0.656899 0.432704 -0.039996 0.9290 0.6940 0.1250
v 0.064437 0.018617 0.084686 0.9290 0.6940 0.1250
v 0.529488 0.215195 0.036451 0.9290 0.6940 0.1250
v 0.404807 0.388110 -0.031805 0.9290 0.6940 0.1250
v 0.283766 0.273440 -0.001772 0.9290 0.6940 0.1250
v 0.392066 0.086873 0.073765 0.9290 0.6940 0.1250
v 0.432109 0.411772 -0.041816 0.9290 0.6940 0.1250
v 0.341101 0.162410 0.049192 0.9290 0.6940 0.1250
v 0.380235 0.338056 -0.017244 0.9290 0.6940 0.1250
v 0.563161 0.436344 -0.040906 0.9290 0.6940 0.1250
v 0.514017 0.177881 0.047372 0.9290 0.6940 0.1250
v 0.336551 0.379919 -0.031805 0.9290 0.6940 0.1250
v 0.526758 0.430884 -0.043636 0.9290 0.6940 0.1250
v 0.707864 0.387200 -0.020884 0.9290 0.6940 0.1250
v 0.258284 0.057751 0.083775 0.9290 0.6940 0.1250
v 0.321990 0.241587 0.017340 0.9290 0.6940 0.1250
v 0.214600 0.165140 0.037361 0.9290 0.6940 0.1250
v 0.197309 0.080503 0.068304 0.9290 0.6940 0.1250
v 0.404807 0.034089 0.098337 0.9290 0.6940 0.1250
v 0.433930 0.019527 0.111078 0.9290 0.6940 0.1250
v 0.432109 0.207004 0.034631 0.9290 0.6940 0.1250
v 0.117221 0.082323 0.066484 0.9290 0.6940 0.1250
v 0.422099 0.069582 0.082865 0.9290 0.6940 0.1250
v 0.292867 0.055020 0.086506 0.9290 0.6940 0.1250
v 0.787041 0.546464 -0.073669 0.9290 0.6940 0.1250
v 0.104480 0.028628 0.088326 0.9290 0.6940 0.1250
v 0.544049 0.356257 -0.011783 0.9290 0.6940 0.1250
v 0.564071 0.477298 -0.056377 0.9290 0.6940 0.1250
v 0.590464 0.367178 -0.016333 0.9290 0.6940 0.1250
v 0.275576 0.175151 0.038271 0.9290 0.6940 0.1250
v 0.034404 -0.044178 0.113808 0.9290 0.6940 0.1250
v 0.360213 0.220655 0.023710 0.9290 0.6940 0.1250
v 0.467603 0.188802 0.045552 0.9290 0.6940 0.1250
v 0.137243 0.042279 0.082865 0.9290 0.6940 0.1250
v 0.162725 0.150579 0.042822 0.9290 0.6940 0.1250
v 0.481254 0.244317 0.024620 0.9290 0.6940 0.1250
v 0.617766 0.274350 0.020070 0.9290 0.6940 0.1250
v 0.430289 0.452726 -0.057287 0.9290 0.6940 0.1250
v 0.461232 0.151489 0.057383 0.9290 0.6940 0.1250
v 0.522207 0.388110 -0.028164 0.9290 0.6940 0.1250
v 0.372954 0.166960 0.045552 0.9290 0.6940 0.1250
v 0.388426 0.208824 0.031901 0.9290 0.6940 0.1250
v 0.546780 0.513701 -0.072758 0.9290 0.6940 0.1250
v 0.509466 0.298012 0.003688 0.9290 0.6940 0.1250
v 0.402987 0.150579 0.053743 0.9290 0.6940 0.1250
v 0.573172 0.237947 0.027350 0.9290 0.6940 0.1250
v 0.751548 0.460006 -0.042726 0.9290 0.6940 0.1250
v 0.117221 -0.037808 0.115628 0.9290 0.6940 0.1250
v 0.542229 0.225206 0.033721 0.9290 0.6940 0.1250
v 0.799782 0.493679 -0.054557 0.9290 0.6940 0.1250
v 0.151805 -0.025067 0.114718 0.9290 0.6940 0.1250
v 0.706044 0.482758 -0.057287 0.9290 0.6940 0.1250
v 0.489445 0.443625 -0.048186 0.9290 0.6940 0.1250
v 0.412998 0.202454 0.034631 0.9290 0.6940 0.1250
v 0.222791 -0.025977 0.117448 0.9290 0.6940 0.1250
v 0.720605 0.439985 -0.039085 0.9290 0.6940 0.1250
v 0.384785 0.430884 -0.048186 0.9290 0.6940 0.1250
v 0.528578 0.168781 0.051013 0.9290 0.6940 0.1250
v 0.443941 0.360808 -0.019974 0.9290 0.6940 0.1250
v 0.763379 0.511881 -0.061837 0.9290 0.6940 0.1250
v 0.448491 0.399031 -0.036355 0.9290 0.6940 0.1250
v 0.351112 0.293462 -0.000862 0.9290 0.6940 0.1250
v 0.301968 0.066851 0.080135 0.9290 0.6940 0.1250
v 0.339281 0.243407 0.016429 0.9290 0.6940 0.1250
v 0.006192 -0.040538 0.105617 0.9290 0.6940 0.1250
v 0.606845 0.413592 -0.031805 0.9290 0.6940 0.1250
v 0.514927 0.418143 -0.038175 0.9290 0.6940 0.1250
v 0.271935 0.069582 0.078315 0.9290 0.6940 0.1250
v 0.486714 0.267069 0.012789 0.9290 0.6940 0.1250
v 0.852567 0.551015 -0.072758 0.9290 0.6940 0.1250
v 0.476703 0.390840 -0.029985 0.9290 0.6940 0.1250
v 0.577722 0.420873 -0.038175 0.9290 0.6940 0.1250
v 0.251003 0.278900 -0.001772 0.9290 0.6940 0.1250
v 0.423009 0.005876 0.118359 0.9290 0.6940 0.1250
v 0.339281 0.079593 0.077405 0.9290 0.6940 0.1250
v 0.240992 0.201543 0.025530 0.9290 0.6940 0.1250
v 0.716965 0.379009 -0.009963 0.9290 0.6940 0.1250
v 0.291047 -0.008685 0.109258 0.9290 0.6940 0.1250
v 0.501276 0.231576 0.030081 0.9290 0.6940 0.1250
v 0.186388 0.027718 0.091056 0.9290 0.6940 0.1250
v 0.554060 0.160590 0.064664 0.9290 0.6940 0.1250
v 0.695123 0.348066 0.000048 0.9290 0.6940 0.1250
v 0.571352 0.447265 -0.047276 0.9290 0.6940 0.1250
v 0.444851 0.070492 0.085596 0.9290 0.6940 0.1250
v 0.319259 0.162410 0.047372 0.9290 0.6940 0.1250
v 0.661450 0.343516 -0.006323 0.9290 0.6940 0.1250
v 0.614126 0.386290 -0.024524 0.9290 0.6940 0.1250
v 0.427559 0.045920 0.095607 0.9290 0.6940 0.1250
v 0.098110 0.075042 0.066484 0.9290 0.6940 0.1250
v 0.643248 0.377189 -0.020884 0.9290 0.6940 0.1250
v 0.506736 0.206094 0.037361 0.9290 0.6940 0.1250
v 0.280126 0.261609 0.004598 0.9290 0.6940 0.1250
v 0.461232 0.164230 0.051923 0.9290 0.6940 0.1250
v 0.286497 0.236127 0.015519 0.9290 0.6940 0.1250
v 0.294687 0.095974 0.069214 0.9290 0.6940 0.1250
v 0.313799 0.015887 0.101067 0.9290 0.6940 0.1250
v 0.515837 0.116906 0.077405 0.9290 0.6940 0.1250
v 0.386605 0.311663 -0.009963 0.9290 0.6940 0.1250
v 0.451221 0.284361 0.006419 0.9290 0.6940 0.1250
v 0.367494 0.392660 -0.038175 0.9290 0.6940 0.1250
v 0.374774 0.024988 0.099247 0.9290 0.6940 0.1250
v 0.587733 0.493679 -0.066388 0.9290 0.6940 0.1250
v 0.322900 0.323494 -0.012693 0.9290 0.6940 0.1250
v 0.081728 0.039549 0.081045 0.9290 0.6940 0.1250
v 0.474883 0.097794 0.073765 0.9290 0.6940 0.1250
v 0.385695 0.114176 0.063754 0.9290 0.6940 0.1250
v 0.390246 0.455456 -0.060017 0.9290 0.6940 0.1250
v 0.530398 0.301652 0.003688 0.9290 0.6940 0.1250
v 0.398436 0.059571 0.084686 0.9290 0.6940 0.1250
v 0.318349 0.102345 0.067394 0.9290 0.6940 0.1250
v 0.506736 0.348066 -0.016333 0.9290 0.6940 0.1250
v 0.338371 0.022257 0.098337 0.9290 0.6940 0.1250
v 0.727886 0.468197 -0.044546 0.9290 0.6940 0.1250
v 0.476703 0.227026 0.028261 0.9290 0.6940 0.1250
v 0.616856 0.258879 0.026440 0.9290 0.6940 0.1250
v 0.473063 0.062301 0.094696 0.9290 0.6940 0.1250
v 0.437570 0.385380 -0.030895 0.9290 0.6940 0.1250
v 0.356573 0.338966 -0.018154 0.9290 0.6940 0.1250
v 0.110851 0.055930 0.075585 0.9290 0.6940 0.1250
v 0.443030 0.506421 -0.075489 0.9290 0.6940 0.1250
v 0.483074 0.416323 -0.040906 0.9290 0.6940 0.1250
v 0.488534 0.284361 0.007329 0.9290 0.6940 0.1250
v 0.094469 -0.013236 0.101067 0.9290 0.6940 0.1250
v 0.321080 -0.013236 0.115628 0.9290 0.6940 0.1250
v 0.463962 0.336235 -0.010873 0.9290 0.6940 0.1250
v 0.740627 0.522802 -0.065478 0.9290 0.6940 0.1250
v 0.592284 0.318944 0.000958 0.9290 0.6940 0.1250
v 0.290137 0.189712 0.035541 0.9290 0.6940 0.1250
v 0.461232 0.452726 -0.054557 0.9290 0.6940 0.1250
v 0.625957 0.335325 -0.006323 0.9290 0.6940 0.1250
v 0.423919 0.427244 -0.046366 0.9290 0.6940 0.1250
v 0.498545 0.168781 0.052833 0.9290 0.6940 0.1250
v 0.153625 0.027718 0.088326 0.9290 0.6940 0.1250
v 0.282856 0.146028 0.048282 0.9290 0.6940 0.1250
v 0.379325 -0.010505 0.116538 0.9290 0.6940 0.1250
v 0.522207 0.142388 0.066484 0.9290 0.6940 0.1250
v 0.134513 0.107805 0.057383 0.9290 0.6940 0.1250
v 0.157265 0.124187 0.051013 0.9290 0.6940 0.1250
v 0.142704 0.067762 0.068304 0.9290 0.6940 0.1250
v 0.693303 0.429974 -0.036355 0.9290 0.6940 0.1250
v 0.632327 0.308933 0.007329 0.9290 0.6940 0.1250
v 0.216420 0.000416 0.101977 0.9290 0.6940 0.1250
v 0.574082 0.357167 -0.016333 0.9290 0.6940 0.1250
v 0.566801 0.212464 0.039181 0.9290 0.6940 0.1250
v 0.257374 0.251598 0.010059 0.9290 0.6940 0.1250
v 0.714235 0.414502 -0.027254 0.9290 0.6940 0.1250
v 0.379325 0.140568 0.052833 0.9290 0.6940 0.1250
v 0.367494 0.192443 0.033721 0.9290 0.6940 0.1250
v 0.550420 0.383560 -0.021794 0.9290 0.6940 0.1250
v 0.736077 0.426333 -0.031805 0.9290 0.6940 0.1250
v 0.679651 0.373549 -0.018154 0.9290 0.6940 0.1250
v 0.263744 0.225206 0.017340 0.9290 0.6940 0.1250
v 0.198219 -0.025067 0.115628 0.9290 0.6940 0.1250
v 0.410268 0.370818 -0.029075 0.9290 0.6940 0.1250
v 0.355663 0.105075 0.068304 0.9290 0.6940 0.1250
v 0.384785 0.265249 0.011879 0.9290 0.6940 0.1250
v 0.358393 0.320764 -0.011783 0.9290 0.6940 0.1250
v 0.503096 0.496410 -0.065478 0.9290 0.6940 0.1250
v 0.296507 0.326225 -0.020884 0.9290 0.6940 0.1250
v 0.325630 0.187892 0.036451 0.9290 0.6940 0.1250
v 0.397526 0.189712 0.039181 0.9290 0.6940 0.1250
v 0.373864 0.365358 -0.026344 0.9290 0.6940 0.1250
v 0.454861 0.426333 -0.044546 0.9290 0.6940 0.1250
v 0.537679 0.328955 -0.006323 0.9290 0.6940 0.1250
v 0.264655 0.292552 -0.005412 0.9290 0.6940 0.1250
v 0.088099 0.013157 0.092876 0.9290 0.6940 0.1250
v 0.414818 0.099614 0.074675 0.9290 0.6940 0.1250
v 0.048965 -0.013236 0.101067 0.9290 0.6940 0.1250
v 0.535859 0.189712 0.045552 0.9290 0.6940 0.1250
v 0.555880 0.278900 0.011879 0.9290 0.6940 0.1250
v 0.585913 0.292552 0.012789 0.9290 0.6940 0.1250
v 0.676011 0.512791 -0.066388 0.9290 0.6940 0.1250
v 0.170916 0.050470 0.081045 0.9290 0.6940 0.1250
v 0.329270 0.350797 -0.021794 0.9290 0.6940 0.1250
v 0.232802 0.063211 0.080135 0.9290 0.6940 0.1250
v 0.467603 0.480028 -0.061837 0.9290 0.6940 0.1250
v 0.362033 0.079593 0.079225 0.9290 0.6940 0.1250
v 0.129963 0.012247 0.092876 0.9290 0.6940 0.1250
v 0.210050 0.027718 0.091056 0.9290 0.6940 0.1250
v 0.436660 0.479118 -0.064568 0.9290 0.6940 0.1250
v 0.515837 0.270710 0.013699 0.9290 0.6940 0.1250
v 0.078998 -0.004135 0.096517 0.9290 0.6940 0.1250
v 0.378415 0.239767 0.020980 0.9290 0.6940 0.1250
v 0.757008 0.486399 -0.053647 0.9290 0.6940 0.1250
v 0.667820 0.324404 0.003688 0.9290 0.6940 0.1250
v 0.297417 0.217925 0.026440 0.9290 0.6940 0.1250
v 0.596834 0.339876 -0.004502 0.9290 0.6940 0.1250
v 0.208230 0.191533 0.028261 0.9290 0.6940 0.1250
v 0.436660 0.256148 0.016429 0.9290 0.6940 0.1250
v 0.491265 0.140568 0.064664 0.9290 0.6940 0.1250
v 0.227341 0.136018 0.051923 0.9290 0.6940 0.1250
v 0.269205 0.201543 0.029171 0.9290 0.6940 0.1250
v 0.419368 0.176971 0.049192 0.9290 0.6940 0.1250
v 0.710594 0.534633 -0.073669 0.9290 0.6940 0.1250
v 0.649619 0.404491 -0.028164 0.9290 0.6940 0.1250
v 0.662360 0.457276 -0.049096 0.9290 0.6940 0.1250
v 0.284676 0.017707 0.098337 0.9290 0.6940 0.1250
v 0.495815 0.034999 0.083775 0.4940 0.1840 0.5560
v 0.939025 0.079593 -0.080949 0.4940 0.1840 0.5560
v 0.791591 -0.193432 -0.010873 0.4940 0.1840 0.5560
v 0.811613 0.305293 -0.041816 0.4940 0.1840 0.5560
v 0.719695 0.085053 -0.000862 0.4940 0.1840 0.5560
v 0.977248 -0.236206 -0.081859 0.4940 0.1840 0.5560
v 0.651439 -0.071481 0.032811 0.4940 0.1840 0.5560
v 0.926283 -0.083312 -0.067298 0.4940 0.1840 0.5560
v 0.792502 -0.049639 -0.021794 0.4940 0.1840 0.5560
v 0.879869 0.424513 -0.075489 0.4940 0.1840 0.5560
v 0.839826 0.162410 -0.045456 0.4940 0.1840 0.5560
v 0.921733 0.254328 -0.081859 0.4940 0.1840 0.5560
v 0.704224 0.267069 -0.000862 0.4940 0.1840 0.5560
v 0.594104 0.090514 0.046462 0.4940 0.1840 0.5560
v 0.532218 -0.080582 0.082865 0.4940 0.1840 0.5560
v 0.837096 0.054110 -0.039085 0.4940 0.1840 0.5560
v 0.886240 -0.190701 -0.048186 0.4940 0.1840 0.5560
v 0.984529 -0.340865 -0.078219 0.4940 0.1840 0.5560
v 0.699673 -0.157028 0.018250 0.4940 0.1840 0.5560
v 0.583183 -0.004135 0.053743 0.4940 0.1840 0.5560
v 0.737897 0.175151 -0.009963 0.4940 0.1840 0.5560
v 0.814343 -0.283530 -0.014513 0.4940 0.1840 0.5560
v 0.698763 0.000416 0.010969 0.4940 0.1840 0.5560
v 0.799782 0.415412 -0.042726 0.4940 0.1840 0.5560
v 0.899891 0.339876 -0.076399 0.4940 0.1840 0.5560
v 0.906262 -0.274429 -0.052737 0.4940 0.1840 0.5560
v 0.946305 -0.003225 -0.076399 0.4940 0.1840 0.5560
v 0.642338 0.151489 0.025530 0.4940 0.1840 0.5560
v 0.839826 -0.126996 -0.033625 0.4940 0.1840 0.5560
v 0.920823 0.156949 -0.074579 0.4940 0.1840 0.5560
v 0.727886 -0.086042 0.006419 0.4940 0.1840 0.5560
v 0.791591 0.225206 -0.032715 0.4940 0.1840 0.5560
v 0.969057 -0.160669 -0.080039 0.4940 0.1840 0.5560
v 0.889880 0.498230 -0.080039 0.4940 0.1840 0.5560
v 0.934474 -0.389099 -0.051827 0.4940 0.1840 0.5560
v 0.751548 0.341696 -0.019974 0.4940 0.1840 0.5560
v 0.874409 -0.035078 -0.053647 0.4940 0.1840 0.5560
v 0.771570 0.035909 -0.018154 0.4940 0.1840 0.5560
v 0.796142 0.111445 -0.025434 0.4940 0.1840 0.5560
v 0.652349 0.049560 0.026440 0.4940 0.1840 0.5560
v 0.859848 0.241587 -0.055467 0.4940 0.1840 0.5560
v 0.589553 -0.103334 0.056473 0.4940 0.1840 0.5560
v 0.645068 0.256148 0.023710 0.4940 0.1840 0.5560
v 0.534039 0.093244 0.065574 0.4940 0.1840 0.5560
v 0.695123 0.333505 0.003688 0.4940 0.1840 0.5560
v 0.777030 -0.134276 -0.010873 0.4940 0.1840 0.5560
v 0.647799 -0.131546 0.036451 0.4940 0.1840 0.5560
v 0.893521 0.045920 -0.060927 0.4940 0.1840 0.5560
v 0.920823 -0.331764 -0.054557 0.4940 0.1840 0.5560
v 0.483074 -0.020516 0.098337 0.4940 0.1840 0.5560
v 0.580453 0.146939 0.049192 0.4940 0.1840 0.5560
v 0.823444 -0.003225 -0.036355 0.4940 0.1840 0.5560
v 0.638698 -0.005955 0.032811 0.4940 0.1840 0.5560
v 0.685112 0.186072 0.008239 0.4940 0.1840 0.5560
v 0.766109 0.277080 -0.022704 0.4940 0.1840 0.5560
v 0.871679 0.096884 -0.053647 0.4940 0.1840 0.5560
v 0.912632 -0.142467 -0.058197 0.4940 0.1840 0.5560
v 0.547690 0.037729 0.063754 0.4940 0.1840 0.5560
v 0.858937 -0.250767 -0.035445 0.4940 0.1840 0.5560
v 0.833455 0.470927 -0.055467 0.4940 0.1840 0.5560
v 0.833455 0.355347 -0.051827 0.4940 0.1840 0.5560
v 0.852567 0.536453 -0.061837 0.4940 0.1840 0.5560
v 0.872589 0.294372 -0.062748 0.4940 0.1840 0.5560
v 0.748818 -0.020516 -0.007233 0.4940 0.1840 0.5560
v 0.897161 0.205184 -0.070028 0.4940 0.1840 0.5560
v 0.665090 0.104165 0.017340 0.4940 0.1840 0.5560
v 0.536769 -0.022337 0.070124 0.4940 0.1840 0.5560
v 0.840736 -0.176140 -0.036355 0.4940 0.1840 0.5560
v 0.929924 -0.207083 -0.063658 0.4940 0.1840 0.5560
v 0.872589 -0.306282 -0.038175 0.4940 0.1840 0.5560
v 0.750638 0.121456 -0.011783 0.4940 0.1840 0.5560
v 0.949946 -0.289900 -0.066388 0.4940 0.1840 0.5560
v 0.689662 -0.045089 0.016429 0.4940 0.1840 0.5560
v 0.574992 -0.059650 0.060113 0.4940 0.1840 0.5560
v 0.747908 -0.167039 0.002778 0.4940 0.1840 0.5560
v 0.858937 -0.076941 -0.043636 0.4940 0.1840 0.5560
v 0.441210 -0.009595 0.110168 0.4940 0.1840 0.5560
v 0.727886 0.033178 0.001868 0.4940 0.1840 0.5560
v 0.797962 0.172421 -0.034535 0.4940 0.1840 0.5560
v 0.698763 -0.200712 0.021890 0.4940 0.1840 0.5560
v 0.751548 0.236127 -0.019064 0.4940 0.1840 0.5560
v 0.880779 0.161500 -0.060017 0.4940 0.1840 0.5560
v 0.793412 0.354437 -0.037265 0.4940 0.1840 0.5560
v 0.977248 -0.402750 -0.073669 0.4940 0.1840 0.5560
v 0.705134 0.148759 0.005508 0.4940 0.1840 0.5560
v 0.949946 -0.123355 -0.075489 0.4940 0.1840 0.5560
v 0.765199 0.396301 -0.028164 0.4940 0.1840 0.5560
v 0.833455 -0.218914 -0.028164 0.4940 0.1840 0.5560
v 0.861668 0.383560 -0.061837 0.4940 0.1840 0.5560
v 0.791591 -0.234385 -0.011783 0.4940 0.1840 0.5560
v 0.806153 -0.106064 -0.023614 0.4940 0.1840 0.5560
v 0.668731 0.225206 0.012789 0.4940 0.1840 0.5560
v 0.694213 -0.106064 0.016429 0.4940 0.1840 0.5560
v 0.923553 0.115996 -0.072758 0.4940 0.1840 0.5560
v 0.838006 -0.043268 -0.036355 0.4940 0.1840 0.5560
v 0.764289 -0.080582 -0.009963 0.4940 0.1840 0.5560
v 0.912632 -0.029617 -0.063658 0.4940 0.1840 0.5560
v 0.838006 0.415412 -0.053647 0.4940 0.1840 0.5560
v 0.602295 0.052290 0.041912 0.4940 0.1840 0.5560
v 0.811613 -0.151568 -0.021794 0.4940 0.1840 0.5560
v 0.692393 0.060481 0.012789 0.4940 0.1840 0.5560
v 0.792502 0.067762 -0.027254 0.4940 0.1840 0.5560
v 0.835275 0.275260 -0.050006 0.4940 0.1840 0.5560
v 0.635058 0.189712 0.028261 0.4940 0.1840 0.5560
v 0.767929 0.197903 -0.019974 0.4940 0.1840 0.5560
v 0.827085 0.216105 -0.042726 0.4940 0.1840 0.5560
v 0.726066 -0.048729 0.003688 0.4940 0.1840 0.5560
v 0.674191 0.287091 0.009149 0.4940 0.1840 0.5560
v 0.500366 -0.058740 0.093786 0.4940 0.1840 0.5560
v 0.619586 -0.084222 0.044642 0.4940 0.1840 0.5560
v 0.915362 0.018617 -0.070028 0.4940 0.1840 0.5560
v 0.892610 -0.226195 -0.050006 0.4940 0.1840 0.5560
v 0.635968 0.088693 0.030991 0.4940 0.1840 0.5560
v 0.556791 -0.104244 0.072854 0.4940 0.1840 0.5560
v 0.979068 -0.278069 -0.082769 0.4940 0.1840 0.5560
v 0.736987 -0.133366 0.003688 0.4940 0.1840 0.5560
v 0.771570 0.153309 -0.020884 0.4940 0.1840 0.5560
v 0.736987 0.295282 -0.014513 0.4940 0.1840 0.5560
v 0.718785 0.204274 -0.004502 0.4940 0.1840 0.5560
v 0.731526 0.380829 -0.010873 0.4940 0.1840 0.5560
v 0.858027 0.498230 -0.065478 0.4940 0.1840 0.5560
v 0.894431 -0.063290 -0.059107 0.4940 0.1840 0.5560
v 0.606845 -0.137007 0.057383 0.4940 0.1840 0.5560
v 0.515837 0.064121 0.071944 0.4940 0.1840 0.5560
v 0.892610 -0.114255 -0.054557 0.4940 0.1840 0.5560
v 0.732436 -0.217094 0.008239 0.4940 0.1840 0.5560
v 0.603205 -0.045089 0.046462 0.4940 0.1840 0.5560
v 0.888970 0.257058 -0.065478 0.4940 0.1840 0.5560
v 0.611395 0.159680 0.038271 0.4940 0.1840 0.5560
v 0.826175 0.102345 -0.038175 0.4940 0.1840 0.5560
v 0.892610 0.379009 -0.074579 0.4940 0.1840 0.5560
v 0.868948 0.341696 -0.063658 0.4940 0.1840 0.5560
v 0.917183 0.287091 -0.083679 0.4940 0.1840 0.5560
v 0.716055 0.117816 0.000958 0.4940 0.1840 0.5560
v 0.657810 -0.032347 0.028261 0.4940 0.1840 0.5560
v 0.752458 0.061391 -0.009963 0.4940 0.1840 0.5560
v 0.944485 0.029538 -0.080039 0.4940 0.1840 0.5560
v 0.672371 0.142388 0.016429 0.4940 0.1840 0.5560
v 0.870768 0.192443 -0.056377 0.4940 0.1840 0.5560
v 0.465782 0.034089 0.095607 0.4940 0.1840 0.5560
v 0.874409 0.021347 -0.052737 0.4940 0.1840 0.5560
v 0.562251 0.080503 0.057383 0.4940 0.1840 0.5560
v 0.864398 0.065941 -0.049096 0.4940 0.1840 0.5560
v 0.761559 -0.224374 -0.000862 0.4940 0.1840 0.5560
v 0.806153 0.020437 -0.025434 0.4940 0.1840 0.5560
v 0.857117 0.136928 -0.050917 0.4940 0.1840 0.5560
v 0.724245 -0.187061 0.009149 0.4940 0.1840 0.5560
v 0.888060 0.131467 -0.063658 0.4940 0.1840 0.5560
v 0.671461 0.009516 0.022800 0.4940 0.1840 0.5560
v 0.785221 -0.019606 -0.019974 0.4940 0.1840 0.5560
v 0.757008 -0.050549 -0.008143 0.4940 0.1840 0.5560
v 0.544049 -0.052369 0.068304 0.4940 0.1840 0.5560
v 0.732436 0.261609 -0.011783 0.4940 0.1840 0.5560
v 0.882600 0.469107 -0.073669 0.4940 0.1840 0.5560
v 0.891700 -0.343595 -0.039996 0.4940 0.1840 0.5560
v 0.901711 0.075042 -0.063658 0.4940 0.1840 0.5560
v 0.949946 -0.239846 -0.069118 0.4940 0.1840 0.5560
v 0.679651 -0.080582 0.023710 0.4940 0.1840 0.5560
v 0.770660 0.005876 -0.012693 0.4940 0.1840 0.5560
v 0.784311 -0.164309 -0.013603 0.4940 0.1840 0.5560
v 0.969967 -0.207083 -0.079129 0.4940 0.1840 0.5560
v 0.724245 0.351707 -0.008143 0.4940 0.1840 0.5560
v 0.699673 0.030448 0.012789 0.4940 0.1840 0.5560
v 0.529488 0.006786 0.071944 0.4940 0.1840 0.5560
v 0.803423 0.139658 -0.032715 0.4940 0.1840 0.5560
v 0.826175 -0.070571 -0.032715 0.4940 0.1840 0.5560
v 0.806153 0.444535 -0.044546 0.4940 0.1840 0.5560
v 0.631417 -0.153388 0.048282 0.4940 0.1840 0.5560
v 0.723335 0.233396 -0.008143 0.4940 0.1840 0.5560
v 0.792502 0.387200 -0.037265 0.4940 0.1840 0.5560
v 0.489445 0.005876 0.086506 0.4940 0.1840 0.5560
v 0.595014 0.022257 0.048282 0.4940 0.1840 0.5560
v 0.859848 -0.210723 -0.038175 0.4940 0.1840 0.5560
v 0.804333 0.277080 -0.038175 0.4940 0.1840 0.5560
v 0.852567 -0.278979 -0.030895 0.4940 0.1840 0.5560
v 0.691483 0.093244 0.010969 0.4940 0.1840 0.5560
v 0.931744 -0.177960 -0.065478 0.4940 0.1840 0.5560
v 0.878959 -0.162489 -0.047276 0.4940 0.1840 0.5560
v 0.842556 0.303472 -0.050917 0.4940 0.1840 0.5560
v 0.913542 -0.302641 -0.051827 0.4940 0.1840 0.5560
v 0.919913 -0.114255 -0.064568 0.4940 0.1840 0.5560
v 0.757008 0.093244 -0.014513 0.4940 0.1840 0.5560
v 0.641428 -0.103334 0.038271 0.4940 0.1840 0.5560
v 0.605025 0.187892 0.037361 0.4940 0.1840 0.5560
v 0.833455 -0.098783 -0.034535 0.4940 0.1840 0.5560
v 0.754278 -0.195252 0.001868 0.4940 0.1840 0.5560
v 0.780670 0.252508 -0.027254 0.4940 0.1840 0.5560
v 0.865308 -0.105154 -0.043636 0.4940 0.1840 0.5560
v 0.927194 -0.361797 -0.057287 0.4940 0.1840 0.5560
v 0.830725 0.388110 -0.049096 0.4940 0.1840 0.5560
v 0.785221 -0.261688 -0.006323 0.4940 0.1840 0.5560
v 0.645068 0.022257 0.030081 0.4940 0.1840 0.5560
v 0.508556 0.093244 0.078315 0.4940 0.1840 0.5560
v 0.763379 0.316214 -0.024524 0.4940 0.1840 0.5560
v 0.956316 -0.317203 -0.070938 0.4940 0.1840 0.5560
v 0.717875 0.323494 -0.009963 0.4940 0.1840 0.5560
v 0.819804 0.243407 -0.040906 0.4940 0.1840 0.5560
v 0.977248 -0.368167 -0.076399 0.4940 0.1840 0.5560
v 0.817984 0.333505 -0.042726 0.4940 0.1840 0.5560
v 0.642338 0.116906 0.028261 0.4940 0.1840 0.5560
v 0.881689 -0.007775 -0.054557 0.4940 0.1840 0.5560
v 0.939935 -0.030527 -0.074579 0.4940 0.1840 0.5560
v 0.711504 0.176971 -0.000862 0.4940 0.1840 0.5560
v 0.820714 -0.257137 -0.020884 0.4940 0.1840 0.5560
v 0.655079 -0.160669 0.035541 0.4940 0.1840 0.5560
v 1.000000 -0.416402 -0.081859 0.4940 0.1840 0.5560
v 0.918093 -0.233475 -0.058197 0.4940 0.1840 0.5560
v 0.897161 0.303472 -0.071848 0.4940 0.1840 0.5560
v 0.757918 0.368088 -0.025434 0.4940 0.1840 0.5560
v 0.710594 -0.129726 0.010969 0.4940 0.1840 0.5560
v 0.547690 0.134197 0.061934 0.4940 0.1840 0.5560
v 0.641428 0.216105 0.023710 0.4940 0.1840 0.5560
v 0.615036 0.105985 0.035541 0.4940 0.1840 0.5560
v 0.661450 0.197903 0.015519 0.4940 0.1840 0.5560
v 0.904441 0.231576 -0.070938 0.4940 0.1840 0.5560
v 0.844376 0.441805 -0.057287 0.4940 0.1840 0.5560
v 0.871679 -0.131546 -0.046366 0.4940 0.1840 0.5560
v 0.697853 0.240677 0.001868 0.4940 0.1840 0.5560
v 0.850747 0.012247 -0.042726 0.4940 0.1840 0.5560
v 0.587733 0.116906 0.048282 0.4940 0.1840 0.5560
v 0.846196 -0.305372 -0.029075 0.4940 0.1840 0.5560
v 0.744267 0.148759 -0.010873 0.4940 0.1840 0.5560
v 0.906262 -0.168860 -0.057287 0.4940 0.1840 0.5560
v 0.714235 -0.021426 0.006419 0.4940 0.1840 0.5560
v 0.799782 -0.079672 -0.023614 0.4940 0.1840 0.5560
v 0.711504 0.296192 -0.005412 0.4940 0.1840 0.5560
v 0.458502 0.005876 0.096517 0.4940 0.1840 0.5560
v 0.622316 0.135108 0.032811 0.4940 0.1840 0.5560
v 0.622316 0.034999 0.037361 0.4940 0.1840 0.5560
v 0.691483 0.214285 0.003688 0.4940 0.1840 0.5560
v 0.568622 0.052290 0.055563 0.4940 0.1840 0.5560
v 0.878049 0.222475 -0.060017 0.4940 0.1840 0.5560
v 0.632327 -0.032347 0.036451 0.4940 0.1840 0.5560
v 0.832545 0.130557 -0.042726 0.4940 0.1840 0.5560
v 0.852567 0.213374 -0.050006 0.4940 0.1840 0.5560
v 0.738807 0.004056 -0.005412 0.4940 0.1840 0.5560
v 0.561341 -0.017786 0.061023 0.4940 0.1840 0.5560
v 0.657810 0.075952 0.022800 0.4940 0.1840 0.5560
v 0.886240 -0.251677 -0.046366 0.4940 0.1840 0.5560
v 0.554970 0.107805 0.058293 0.4940 0.1840 0.5560
v 0.878959 -0.280800 -0.041816 0.4940 0.1840 0.5560
v 0.541319 0.064121 0.064664 0.4940 0.1840 0.5560
v 0.629597 0.063211 0.033721 0.4940 0.1840 0.5560
v 0.523118 0.034999 0.072854 0.4940 0.1840 0.5560
v 0.554060 0.010426 0.063754 0.4940 0.1840 0.5560
v 0.595924 -0.074211 0.049192 0.4940 0.1840 0.5560
v 0.769750 -0.106064 -0.009963 0.4940 0.1840 0.5560
v 0.615946 0.008606 0.041002 0.4940 0.1840 0.5560
v 0.625957 -0.056920 0.041912 0.4940 0.1840 0.5560
v 0.844376 -0.017786 -0.040906 0.4940 0.1840 0.5560
v 0.843466 0.080503 -0.044546 0.4940 0.1840 0.5560
v 0.665090 0.172421 0.018250 0.4940 0.1840 0.5560
v 0.866218 0.267979 -0.060017 0.4940 0.1840 0.5560
v 0.858027 0.040459 -0.045456 0.4940 0.1840 0.5560
v 0.819804 0.077772 -0.033625 0.4940 0.1840 0.5560
v 0.817074 -0.028707 -0.032715 0.4940 0.1840 0.5560
v 0.830725 0.027718 -0.038175 0.4940 0.1840 0.5560
v 0.932654 -0.058740 -0.070938 0.4940 0.1840 0.5560
v 0.687842 0.306203 -0.001772 0.4940 0.1840 0.5560
v 0.816164 0.193353 -0.038175 0.4940 0.1840 0.5560
v 0.609575 -0.020516 0.042822 0.4940 0.1840 0.5560
v 0.686932 -0.133366 0.020070 0.4940 0.1840 0.5560
v 0.675101 0.249778 0.009149 0.4940 0.1840 0.5560
v 0.899891 0.409042 -0.078219 0.4940 0.1840 0.5560
v 0.894431 0.103255 -0.062748 0.4940 0.1840 0.5560
v 0.849837 0.107805 -0.047276 0.4940 0.1840 0.5560
v 0.813433 0.050470 -0.031805 0.4940 0.1840 0.5560
v 0.582273 -0.029617 0.054653 0.4940 0.1840 0.5560
v 0.839826 0.328955 -0.053647 0.4940 0.1840 0.5560
v 0.791591 0.200633 -0.029985 0.4940 0.1840 0.5560
v 0.943575 -0.263508 -0.066388 0.4940 0.1840 0.5560
v 0.866218 -0.331764 -0.030895 0.4940 0.1840 0.5560
v 0.779760 0.332595 -0.032715 0.4940 0.1840 0.5560
v 0.684202 -0.018696 0.015519 0.4940 0.1840 0.5560
v 0.677831 0.037729 0.020980 0.4940 0.1840 0.5560
v 0.672371 -0.108794 0.026440 0.4940 0.1840 0.5560
v 0.898981 -0.086952 -0.057287 0.4940 0.1840 0.5560
v 0.938114 0.055930 -0.076399 0.4940 0.1840 0.5560
v 0.870768 0.551015 -0.067298 0.4940 0.1840 0.5560
v 0.846196 0.185162 -0.049096 0.4940 0.1840 0.5560
v 0.744267 -0.102424 0.000958 0.4940 0.1840 0.5560
v 0.812523 0.470017 -0.044546 0.4940 0.1840 0.5560
v 0.826175 -0.191612 -0.026344 0.4940 0.1840 0.5560
v 0.729706 0.061391 -0.004502 0.4940 0.1840 0.5560
v 0.817984 -0.126086 -0.021794 0.4940 0.1840 0.5560
v 0.943575 -0.096963 -0.073669 0.4940 0.1840 0.5560
v 0.550420 -0.077851 0.069214 0.4940 0.1840 0.5560
v 0.963597 -0.347235 -0.071848 0.4940 0.1840 0.5560
v 0.921733 -0.009595 -0.069118 0.4940 0.1840 0.5560
v 0.846196 -0.154298 -0.038175 0.4940 0.1840 0.5560
v 0.972698 -0.302641 -0.075489 0.4940 0.1840 0.5560
v 0.700583 -0.077851 0.016429 0.4940 0.1840 0.5560
v 0.778850 0.412682 -0.034535 0.4940 0.1840 0.5560
v 0.778850 0.125097 -0.022704 0.4940 0.1840 0.5560
v 0.800692 -0.004135 -0.023614 0.4940 0.1840 0.5560
v 0.856207 0.358987 -0.061837 0.4940 0.1840 0.5560
v 0.609575 -0.116985 0.050102 0.4940 0.1840 0.5560
v 0.898071 -0.316293 -0.046366 0.4940 0.1840 0.5560
v 0.588643 -0.129726 0.065574 0.4940 0.1840 0.5560
v 0.674191 -0.187971 0.036451 0.4940 0.1840 0.5560
v 0.680562 -0.161579 0.025530 0.4940 0.1840 0.5560
v 0.839826 -0.245306 -0.029075 0.4940 0.1840 0.5560
v 0.568622 -0.086952 0.064664 0.4940 0.1840 0.5560
v 0.839826 0.498230 -0.055467 0.4940 0.1840 0.5560
v 0.592284 0.166960 0.041912 0.4940 0.1840 0.5560
v 0.768839 -0.251677 0.000958 0.4940 0.1840 0.5560
v 0.962687 -0.187971 -0.077309 0.4940 0.1840 0.5560
v 0.908992 0.173331 -0.070938 0.4940 0.1840 0.5560
v 0.879869 0.324404 -0.064568 0.4940 0.1840 0.5560
v 0.666000 -0.136097 0.028261 0.4940 0.1840 0.5560
v 0.471243 -0.036898 0.101067 0.4940 0.1840 0.5560
v 0.717875 -0.157939 0.009149 0.4940 0.1840 0.5560
v 0.799782 0.327135 -0.036355 0.4940 0.1840 0.5560
v 0.740627 0.086873 -0.004502 0.4940 0.1840 0.5560
v 0.575902 0.023168 0.054653 0.4940 0.1840 0.5560
v 0.712414 0.056841 0.004598 0.4940 0.1840 0.5560
v 0.866218 0.480028 -0.070028 0.4940 0.1840 0.5560
v 0.720605 0.004056 0.002778 0.4940 0.1840 0.5560
v 0.745177 0.193353 -0.013603 0.4940 0.1840 0.5560
v 0.873499 0.451816 -0.070028 0.4940 0.1840 0.5560
v 0.887150 0.353527 -0.070028 0.4940 0.1840 0.5560
v 0.760649 0.168781 -0.015423 0.4940 0.1840 0.5560
v 0.744267 0.313483 -0.016333 0.4940 0.1840 0.5560
v 0.696943 0.117816 0.005508 0.4940 0.1840 0.5560
v 0.746087 0.034089 -0.005412 0.4940 0.1840 0.5560
v 0.819804 0.416323 -0.046366 0.4940 0.1840 0.5560
v 0.774300 0.227026 -0.023614 0.4940 0.1840 0.5560
v 0.797962 0.250688 -0.036355 0.4940 0.1840 0.5560
v 0.804333 -0.180691 -0.018154 0.4940 0.1840 0.5560
v 0.789771 0.086873 -0.025434 0.4940 0.1840 0.5560
v 0.890790 0.177881 -0.061837 0.4940 0.1840 0.5560
v 0.794322 0.308933 -0.033625 0.4940 0.1840 0.5560
v 0.810703 -0.055099 -0.024524 0.4940 0.1840 0.5560
v 0.665090 -0.015056 0.024620 0.4940 0.1840 0.5560
v 0.608665 0.081413 0.038271 0.4940 0.1840 0.5560
v 0.707864 -0.048729 0.012789 0.4940 0.1840 0.5560
v 0.628687 0.163320 0.030991 0.4940 0.1840 0.5560
v 0.863488 0.163320 -0.052737 0.4940 0.1840 0.5560
v 0.850747 0.469107 -0.062748 0.4940 0.1840 0.5560
v 0.890790 0.275260 -0.069118 0.4940 0.1840 0.5560
v 0.514927 -0.067841 0.086506 0.4940 0.1840 0.5560
v 0.799782 0.038639 -0.028164 0.4940 0.1840 0.5560
v 0.778850 0.169691 -0.024524 0.4940 0.1840 0.5560
v 0.826175 0.440895 -0.056377 0.4940 0.1840 0.5560
v 0.864398 0.523712 -0.067298 0.4940 0.1840 0.5560
v 0.711504 -0.106064 0.010969 0.4940 0.1840 0.5560
v 0.716965 -0.215274 0.017340 0.4940 0.1840 0.5560
v 0.732436 -0.022337 0.000048 0.4940 0.1840 0.5560
v 0.692393 -0.174320 0.020980 0.4940 0.1840 0.5560
v 0.868948 0.414502 -0.065478 0.4940 0.1840 0.5560
v 0.665090 -0.061470 0.027350 0.4940 0.1840 0.5560
v 0.886240 -0.140647 -0.050917 0.4940 0.1840 0.5560
v 0.622316 0.235216 0.032811 0.4940 0.1840 0.5560
v 0.603205 -0.089682 0.053743 0.4940 0.1840 0.5560
v 0.464872 -0.010505 0.098337 0.4940 0.1840 0.5560
v 0.868038 -0.062380 -0.047276 0.4940 0.1840 0.5560
v 0.679651 0.113266 0.013699 0.4940 0.1840 0.5560
v 0.854387 -0.117895 -0.039085 0.4940 0.1840 0.5560
v 0.887150 0.395391 -0.075489 0.4940 0.1840 0.5560
v 0.635058 -0.077851 0.041002 0.4940 0.1840 0.5560
v 0.655079 0.269799 0.021890 0.4940 0.1840 0.5560
v 0.805243 -0.250767 -0.018154 0.4940 0.1840 0.5560
v 0.898981 -0.197072 -0.057287 0.4940 0.1840 0.5560
v 0.917183 -0.375448 -0.042726 0.4940 0.1840 0.5560
v 0.677831 0.157860 0.012789 0.4940 0.1840 0.5560
v 0.814343 0.389930 -0.046366 0.4940 0.1840 0.5560
v 0.807063 0.362628 -0.041816 0.4940 0.1840 0.5560
v 0.797962 -0.207993 -0.015423 0.4940 0.1840 0.5560
v 0.652349 0.227936 0.020070 0.4940 0.1840 0.5560
v 0.772480 0.302562 -0.025434 0.4940 0.1840 0.5560
v 0.873499 -0.265328 -0.042726 0.4940 0.1840 0.5560
v 0.752458 0.219745 -0.019064 0.4940 0.1840 0.5560
v 0.966327 -0.329944 -0.072758 0.4940 0.1840 0.5560
v 0.702404 0.319854 -0.006323 0.4940 0.1840 0.5560
v 0.848016 0.424513 -0.062748 0.4940 0.1840 0.5560
v 0.854387 0.398121 -0.060927 0.4940 0.1840 0.5560
v 0.765199 0.115996 -0.016333 0.4940 0.1840 0.5560
v 0.899891 -0.244396 -0.050917 0.4940 0.1840 0.5560
v 0.908082 0.049560 -0.066388 0.4940 0.1840 0.5560
v 0.616856 -0.147018 0.047372 0.4940 0.1840 0.5560
v 0.502186 0.060481 0.079225 0.4940 0.1840 0.5560
v 0.746997 -0.222554 0.005508 0.4940 0.1840 0.5560
v 0.914452 0.128737 -0.070938 0.4940 0.1840 0.5560
v 0.750638 -0.077851 -0.002682 0.4940 0.1840 0.5560
v 0.956316 -0.151568 -0.079129 0.4940 0.1840 0.5560
v 0.851657 -0.048729 -0.041816 0.4940 0.1840 0.5560
v 0.628687 0.207004 0.023710 0.4940 0.1840 0.5560
v 0.764289 -0.020516 -0.009053 0.4940 0.1840 0.5560
v 0.758829 0.249778 -0.020884 0.4940 0.1840 0.5560
v 0.930834 -0.320843 -0.059107 0.4940 0.1840 0.5560
v 0.567712 -0.045999 0.061023 0.4940 0.1840 0.5560
v 0.956316 -0.212543 -0.074579 0.4940 0.1840 0.5560
v 0.936294 -0.294451 -0.060927 0.4940 0.1840 0.5560
v 0.637788 0.050470 0.031901 0.4940 0.1840 0.5560
v 0.867128 -0.238936 -0.039996 0.4940 0.1840 0.5560
v 0.791591 -0.137007 -0.013603 0.4940 0.1840 0.5560
v 0.557701 0.024988 0.062844 0.4940 0.1840 0.5560
v 0.764289 0.183342 -0.019974 0.4940 0.1840 0.5560
v 0.686022 -0.147928 0.022800 0.4940 0.1840 0.5560
v 0.533128 0.075952 0.068304 0.4940 0.1840 0.5560
v 0.825264 0.062301 -0.035445 0.4940 0.1840 0.5560
v 0.453041 -0.017786 0.106527 0.4940 0.1840 0.5560
v 0.911722 -0.260778 -0.053647 0.4940 0.1840 0.5560
v 0.916273 0.143298 -0.071848 0.4940 0.1840 0.5560
v 0.734256 -0.112435 0.004598 0.4940 0.1840 0.5560
v 0.867128 0.050470 -0.050917 0.4940 0.1840 0.5560
v 0.574992 -0.074211 0.061023 0.4940 0.1840 0.5560
v 0.872589 -0.194342 -0.044546 0.4940 0.1840 0.5560
v 0.936294 -0.235295 -0.067298 0.4940 0.1840 0.5560
v 0.860758 -0.091503 -0.045456 0.4940 0.1840 0.5560
v 0.984529 -0.430963 -0.068208 0.4940 0.1840 0.5560
v 0.520387 0.021347 0.076495 0.4940 0.1840 0.5560
v 0.838006 0.006786 -0.039085 0.4940 0.1840 0.5560
v 0.887150 0.015887 -0.056377 0.4940 0.1840 0.5560
v 0.907172 0.098704 -0.067298 0.4940 0.1840 0.5560
v 0.760649 -0.167949 -0.003592 0.4940 0.1840 0.5560
v 0.794322 -0.030527 -0.020884 0.4940 0.1840 0.5560
v 0.904441 -0.291720 -0.051827 0.4940 0.1840 0.5560
v 0.526758 0.048650 0.071944 0.4940 0.1840 0.5560
v 0.880779 -0.295361 -0.041816 0.4940 0.1840 0.5560
v 0.777940 -0.191612 -0.008143 0.4940 0.1840 0.5560
v 0.577722 0.107805 0.051923 0.4940 0.1840 0.5560
v 0.853477 -0.181601 -0.038175 0.4940 0.1840 0.5560
v 0.888060 -0.035988 -0.055467 0.4940 0.1840 0.5560
v 0.733346 0.140568 -0.009053 0.4940 0.1840 0.5560
v 0.910812 0.259789 -0.075489 0.4940 0.1840 0.5560
v 0.819804 -0.162489 -0.023614 0.4940 0.1840 0.5560
v 0.907172 0.311663 -0.076399 0.4940 0.1840 0.5560
v 0.540409 0.105075 0.062844 0.4940 0.1840 0.5560
v 0.730616 0.321674 -0.014513 0.4940 0.1840 0.5560
v 0.730616 -0.162489 0.008239 0.4940 0.1840 0.5560
v 0.853477 0.271620 -0.057287 0.4940 0.1840 0.5560
v 0.878049 0.126007 -0.056377 0.4940 0.1840 0.5560
v 0.908082 -0.118805 -0.060017 0.4940 0.1840 0.5560
v 0.716055 0.262519 -0.005412 0.4940 0.1840 0.5560
v 0.929014 -0.037808 -0.071848 0.4940 0.1840 0.5560
v 0.833455 0.186982 -0.045456 0.4940 0.1840 0.5560
v 0.744267 0.267069 -0.014513 0.4940 0.1840 0.5560
v 0.833455 -0.202533 -0.028164 0.4940 0.1840 0.5560
v 0.651439 -0.005955 0.029171 0.4940 0.1840 0.5560
v 0.840736 0.454546 -0.057287 0.4940 0.1840 0.5560
v 0.888060 -0.324483 -0.043636 0.4940 0.1840 0.5560
v 0.923553 -0.349966 -0.052737 0.4940 0.1840 0.5560
v 0.730616 0.203364 -0.009963 0.4940 0.1840 0.5560
v 0.655989 0.095974 0.021890 0.4940 0.1840 0.5560
v 0.905352 -0.057830 -0.063658 0.4940 0.1840 0.5560
v 0.764289 0.064121 -0.014513 0.4940 0.1840 0.5560
v 0.687842 0.233396 0.005508 0.4940 0.1840 0.5560
v 0.648709 0.244317 0.020070 0.4940 0.1840 0.5560
v 0.657810 -0.045089 0.030081 0.4940 0.1840 0.5560
v 0.681472 0.260699 0.007329 0.4940 0.1840 0.5560
v 0.881689 0.286181 -0.066388 0.4940 0.1840 0.5560
v 0.827085 -0.228925 -0.023614 0.4940 0.1840 0.5560
v 0.859848 0.077772 -0.048186 0.4940 0.1840 0.5560
v 0.631417 0.076862 0.031901 0.4940 0.1840 0.5560
v 0.930834 0.086873 -0.074579 0.4940 0.1840 0.5560
v 0.692393 -0.186151 0.025530 0.4940 0.1840 0.5560
v 0.487624 0.044099 0.086506 0.4940 0.1840 0.5560
v 0.671461 -0.089682 0.026440 0.4940 0.1840 0.5560
v 0.771570 -0.218004 -0.004502 0.4940 0.1840 0.5560
v 0.829815 0.250688 -0.041816 0.4940 0.1840 0.5560
v 0.809793 0.168781 -0.034535 0.4940 0.1840 0.5560
v 0.884420 0.149669 -0.060017 0.4940 0.1840 0.5560
v 0.867128 0.217015 -0.059107 0.4940 0.1840 0.5560
v 0.925373 0.024988 -0.072758 0.4940 0.1840 0.5560
v 0.596834 -0.062380 0.051923 0.4940 0.1840 0.5560
v 0.649619 0.124187 0.021890 0.4940 0.1840 0.5560
v 0.866218 -0.220734 -0.039996 0.4940 0.1840 0.5560
v 0.754278 0.142388 -0.012693 0.4940 0.1840 0.5560
v 0.817984 0.089603 -0.034535 0.4940 0.1840 0.5560
v 0.834365 0.482758 -0.053647 0.4940 0.1840 0.5560
v 0.635968 0.177881 0.026440 0.4940 0.1840 0.5560
v 0.457592 0.017707 0.098337 0.4940 0.1840 0.5560
v 0.718785 -0.078762 0.009149 0.4940 0.1840 0.5560
v 0.621406 -0.020516 0.041002 0.4940 0.1840 0.5560
v 0.893521 0.367178 -0.073669 0.4940 0.1840 0.5560
v 0.797962 -0.219824 -0.014513 0.4940 0.1840 0.5560
v 0.861668 0.371729 -0.061837 0.4940 0.1840 0.5560
v 0.637788 -0.126086 0.039181 0.4940 0.1840 0.5560
v 0.813433 0.269799 -0.039085 0.4940 0.1840 0.5560
v 0.903531 0.328955 -0.074579 0.4940 0.1840 0.5560
v 0.726066 0.112355 -0.000862 0.4940 0.1840 0.5560
v 0.663270 0.065941 0.020980 0.4940 0.1840 0.5560
v 0.876229 0.441805 -0.074579 0.4940 0.1840 0.5560
v 0.970877 -0.376358 -0.071848 0.4940 0.1840 0.5560
v 0.551330 -0.000495 0.062844 0.4940 0.1840 0.5560
v 0.681472 0.278900 0.006419 0.4940 0.1840 0.5560
v 0.678741 -0.117895 0.024620 0.4940 0.1840 0.5560
v 0.824354 -0.097873 -0.028164 0.4940 0.1840 0.5560
v 0.701493 0.176061 0.003688 0.4940 0.1840 0.5560
v 0.875319 0.314393 -0.064568 0.4940 0.1840 0.5560
v 0.849837 0.332595 -0.056377 0.4940 0.1840 0.5560
v 0.847106 0.133287 -0.048186 0.4940 0.1840 0.5560
v 0.572262 0.083233 0.053743 0.4940 0.1840 0.5560
v 0.786131 0.361718 -0.033625 0.4940 0.1840 0.5560
v 0.685112 0.067762 0.016429 0.4940 0.1840 0.5560
v 0.720605 -0.056920 0.008239 0.4940 0.1840 0.5560
v 0.655079 0.168781 0.020070 0.4940 0.1840 0.5560
v 0.824354 0.358987 -0.047276 0.4940 0.1840 0.5560
v 0.695123 0.204274 0.002778 0.4940 0.1840 0.5560
v 0.757918 0.210644 -0.019974 0.4940 0.1840 0.5560
v 0.797052 -0.110614 -0.020884 0.4940 0.1840 0.5560
v 0.598654 0.193353 0.043732 0.4940 0.1840 0.5560
v 0.813433 -0.135187 -0.024524 0.4940 0.1840 0.5560
v 0.692393 -0.025067 0.015519 0.4940 0.1840 0.5560
v 0.648709 0.144208 0.021890 0.4940 0.1840 0.5560
v 0.770660 0.286181 -0.024524 0.4940 0.1840 0.5560
v 0.585003 0.137838 0.047372 0.4940 0.1840 0.5560
v 0.859848 0.508241 -0.067298 0.4940 0.1840 0.5560
v 0.671461 0.132377 0.014609 0.4940 0.1840 0.5560
v 0.884420 0.247958 -0.064568 0.4940 0.1840 0.5560
v 0.936294 -0.067841 -0.073669 0.4940 0.1840 0.5560
v 0.625047 0.105075 0.036451 0.4940 0.1840 0.5560
v 0.970877 -0.395470 -0.070938 0.4940 0.1840 0.5560
v 0.545870 -0.025067 0.072854 0.4940 0.1840 0.5560
v 0.736077 0.034089 -0.003592 0.4940 0.1840 0.5560
v 0.494905 0.014067 0.086506 0.4940 0.1840 0.5560
v 0.686022 -0.053279 0.020070 0.4940 0.1840 0.5560
v 0.847106 -0.146108 -0.033625 0.4940 0.1840 0.5560
v 0.765199 -0.243486 -0.001772 0.4940 0.1840 0.5560
v 0.950856 0.004056 -0.080039 0.4940 0.1840 0.5560
v 0.784311 0.228846 -0.028164 0.4940 0.1840 0.5560
v 0.922643 -0.178870 -0.063658 0.4940 0.1840 0.5560
v 0.963597 -0.178870 -0.079129 0.4940 0.1840 0.5560
v 0.737897 0.286181 -0.012693 0.4940 0.1840 0.5560
v 0.686022 0.085963 0.012789 0.4940 0.1840 0.5560
v 0.777940 0.007696 -0.018154 0.4940 0.1840 0.5560
v 0.669641 0.041369 0.019160 0.4940 0.1840 0.5560
v 0.892610 -0.217094 -0.050006 0.4940 0.1840 0.5560
v 0.706954 0.001326 0.007329 0.4940 0.1840 0.5560
v 0.853477 -0.300821 -0.031805 0.4940 0.1840 0.5560
v 0.800692 0.335325 -0.039996 0.4940 0.1840 0.5560
v 0.786131 0.381739 -0.034535 0.4940 0.1840 0.5560
v 0.915362 -0.148838 -0.063658 0.4940 0.1840 0.5560
v 0.896251 0.228846 -0.070028 0.4940 0.1840 0.5560
v 0.581363 -0.102424 0.059203 0.4940 0.1840 0.5560
v 0.749728 0.370818 -0.024524 0.4940 0.1840 0.5560
v 0.893521 -0.349966 -0.045456 0.4940 0.1840 0.5560
v 0.704224 -0.102424 0.013699 0.4940 0.1840 0.5560
v 0.846196 -0.274429 -0.033625 0.4940 0.1840 0.5560
v 0.807063 0.298922 -0.039996 0.4940 0.1840 0.5560
v 0.705134 0.026808 0.008239 0.4940 0.1840 0.5560
v -0.159443 0.237037 0.043732 0.4660 0.6740 0.1880
v 0.290137 0.616540 -0.074579 0.4660 0.6740 0.1880
v -0.530756 0.510971 -0.072758 0.4660 0.6740 0.1880
v -0.094827 0.581957 -0.079129 0.4660 0.6740 0.1880
v -0.298686 0.431794 -0.035445 0.4660 0.6740 0.1880
v -0.002909 0.392660 -0.006323 0.4660 0.6740 0.1880
v 0.038044 0.187892 0.070124 0.4660 0.6740 0.1880
v 0.108121 0.564666 -0.064568 0.4660 0.6740 0.1880
v 0.210050 0.445445 -0.017244 0.4660 0.6740 0.1880
v -0.149432 0.448175 -0.033625 0.4660 0.6740 0.1880
v -0.237710 0.561025 -0.081859 0.4660 0.6740 0.1880
v -0.397884 0.545554 -0.080039 0.4660 0.6740 0.1880
v -0.430647 0.410862 -0.031805 0.4660 0.6740 0.1880
v -0.214958 0.340786 0.002778 0.4660 0.6740 0.1880
v -0.048413 0.287091 0.030991 0.4660 0.6740 0.1880
v 0.003461 0.503690 -0.046366 0.4660 0.6740 0.1880
v 0.106300 0.357167 0.011879 0.4660 0.6740 0.1880
v 0.402987 0.635652 -0.074579 0.4660 0.6740 0.1880
v -0.080266 0.156039 0.077405 0.4660 0.6740 0.1880
v 0.104480 0.462737 -0.027254 0.4660 0.6740 0.1880
v 0.208230 0.561025 -0.060927 0.4660 0.6740 0.1880
v -0.105748 0.368088 -0.001772 0.4660 0.6740 0.1880
v 0.282856 0.510061 -0.036355 0.4660 0.6740 0.1880
v 0.094469 0.272530 0.041912 0.4660 0.6740 0.1880
v 0.023483 0.585598 -0.074579 0.4660 0.6740 0.1880
v -0.231340 0.481848 -0.049096 0.4660 0.6740 0.1880
v -0.361481 0.365358 -0.009963 0.4660 0.6740 0.1880
v -0.062065 0.449085 -0.028164 0.4660 0.6740 0.1880
v -0.313247 0.525532 -0.068208 0.4660 0.6740 0.1880
v -0.447029 0.485489 -0.062748 0.4660 0.6740 0.1880
v -0.169454 0.530083 -0.062748 0.4660 0.6740 0.1880
v 0.017113 0.323494 0.019160 0.4660 0.6740 0.1880
v 0.168186 0.502780 -0.038175 0.4660 0.6740 0.1880
v -0.360571 0.469107 -0.050917 0.4660 0.6740 0.1880
v -0.291405 0.346246 -0.000862 0.4660 0.6740 0.1880
v -0.141242 0.303472 0.019160 0.4660 0.6740 0.1880
v 0.183657 0.355347 0.024620 0.4660 0.6740 0.1880
v -0.038402 0.210644 0.057383 0.4660 0.6740 0.1880
v 0.145434 0.409952 -0.005412 0.4660 0.6740 0.1880
v 0.063527 0.404491 -0.008143 0.4660 0.6740 0.1880
v 0.029854 0.256148 0.043732 0.4660 0.6740 0.1880
v -0.595372 0.500960 -0.065478 0.4660 0.6740 0.1880
v -0.207677 0.419963 -0.023614 0.4660 0.6740 0.1880
v 0.162725 0.604709 -0.078219 0.4660 0.6740 0.1880
v -0.097558 0.230666 0.050102 0.4660 0.6740 0.1880
v -0.203127 0.282541 0.021890 0.4660 0.6740 0.1880
v -0.042953 0.541914 -0.062748 0.4660 0.6740 0.1880
v 0.063527 0.513701 -0.050006 0.4660 0.6740 0.1880
v 0.003461 0.138748 0.089236 0.4660 0.6740 0.1880
v 0.230071 0.616540 -0.081859 0.4660 0.6740 0.1880
v -0.109389 0.523712 -0.061837 0.4660 0.6740 0.1880
v 0.018023 0.445445 -0.026344 0.4660 0.6740 0.1880
v -0.207677 0.207004 0.061023 0.4660 0.6740 0.1880
v 0.302878 0.562846 -0.053647 0.4660 0.6740 0.1880
v 0.350202 0.610170 -0.071848 0.4660 0.6740 0.1880
v 0.143614 0.303472 0.039181 0.4660 0.6740 0.1880
v -0.160353 0.385380 -0.009963 0.4660 0.6740 0.1880
v -0.036582 0.341696 0.009149 0.4660 0.6740 0.1880
v -0.459770 0.537363 -0.080949 0.4660 0.6740 0.1880
v -0.277754 0.295282 0.018250 0.4660 0.6740 0.1880
v -0.374222 0.419963 -0.031805 0.4660 0.6740 0.1880
v 0.220971 0.506421 -0.039085 0.4660 0.6740 0.1880
v -0.252271 0.391750 -0.019974 0.4660 0.6740 0.1880
v -0.146702 0.183342 0.065574 0.4660 0.6740 0.1880
v -0.285944 0.483669 -0.053647 0.4660 0.6740 0.1880
v -0.102108 0.476388 -0.044546 0.4660 0.6740 0.1880
v -0.093007 0.318034 0.016429 0.4660 0.6740 0.1880
v 0.116311 0.508241 -0.042726 0.4660 0.6740 0.1880
v 0.193668 0.398121 0.002778 0.4660 0.6740 0.1880
v 0.071717 0.324404 0.022800 0.4660 0.6740 0.1880
v 0.073538 0.594698 -0.078219 0.4660 0.6740 0.1880
v 0.038044 0.364448 0.007329 0.4660 0.6740 0.1880
v 0.154535 0.557385 -0.060927 0.4660 0.6740 0.1880
v -0.394244 0.500050 -0.060927 0.4660 0.6740 0.1880
v -0.049323 0.396301 -0.007233 0.4660 0.6740 0.1880
v -0.246811 0.262519 0.028261 0.4660 0.6740 0.1880
v -0.500724 0.479118 -0.060017 0.4660 0.6740 0.1880
v -0.049323 0.581957 -0.080949 0.4660 0.6740 0.1880
v -0.457040 0.446355 -0.044546 0.4660 0.6740 0.1880
v -0.106658 0.278900 0.030991 0.4660 0.6740 0.1880
v -0.185836 0.490949 -0.051827 0.4660 0.6740 0.1880
v -0.034762 0.111445 0.097427 0.4660 0.6740 0.1880
v -0.259552 0.526442 -0.067298 0.4660 0.6740 0.1880
v 0.072627 0.234306 0.055563 0.4660 0.6740 0.1880
v -0.409715 0.461827 -0.050006 0.4660 0.6740 0.1880
v 0.037134 0.547374 -0.062748 0.4660 0.6740 0.1880
v -0.352380 0.510971 -0.063658 0.4660 0.6740 0.1880
v -0.104838 0.438164 -0.028164 0.4660 0.6740 0.1880
v 0.261924 0.555565 -0.051827 0.4660 0.6740 0.1880
v -0.325988 0.322584 0.004598 0.4660 0.6740 0.1880
v -0.179465 0.318034 0.011879 0.4660 0.6740 0.1880
v -0.017471 0.260699 0.039181 0.4660 0.6740 0.1880
v -0.026571 0.476388 -0.038175 0.4660 0.6740 0.1880
v 0.357483 0.576497 -0.050006 0.4660 0.6740 0.1880
v 0.159085 0.465467 -0.025434 0.4660 0.6740 0.1880
v -0.136691 0.552835 -0.069118 0.4660 0.6740 0.1880
v -0.006550 0.556475 -0.063658 0.4660 0.6740 0.1880
v -0.244991 0.428154 -0.029985 0.4660 0.6740 0.1880
v 0.240082 0.427244 -0.001772 0.4660 0.6740 0.1880
v 0.196398 0.479118 -0.028164 0.4660 0.6740 0.1880
v -0.135781 0.415412 -0.020884 0.4660 0.6740 0.1880
v -0.075716 0.502780 -0.049096 0.4660 0.6740 0.1880
v 0.097200 0.428154 -0.014513 0.4660 0.6740 0.1880
v -0.022021 0.163320 0.077405 0.4660 0.6740 0.1880
v -0.334179 0.442715 -0.038175 0.4660 0.6740 0.1880
v 0.042595 0.298922 0.030081 0.4660 0.6740 0.1880
v -0.290495 0.551015 -0.081859 0.4660 0.6740 0.1880
v -0.259552 0.324404 0.005508 0.4660 0.6740 0.1880
v -0.097558 0.185162 0.063754 0.4660 0.6740 0.1880
v -0.001999 0.292552 0.030991 0.4660 0.6740 0.1880
v -0.218598 0.534633 -0.066388 0.4660 0.6740 0.1880
v -0.211318 0.453636 -0.035445 0.4660 0.6740 0.1880
v 0.050786 0.460006 -0.027254 0.4660 0.6740 0.1880
v -0.123950 0.338966 0.008239 0.4660 0.6740 0.1880
v -0.565339 0.516431 -0.080039 0.4660 0.6740 0.1880
v -0.345100 0.541914 -0.080039 0.4660 0.6740 0.1880
v -0.003819 0.205184 0.061934 0.4660 0.6740 0.1880
v -0.062065 0.235216 0.048282 0.4660 0.6740 0.1880
v -0.151252 0.496410 -0.050006 0.4660 0.6740 0.1880
v -0.034762 0.429064 -0.019064 0.4660 0.6740 0.1880
v -0.083906 0.397211 -0.012693 0.4660 0.6740 0.1880
v -0.168544 0.281631 0.026440 0.4660 0.6740 0.1880
v -0.061154 0.184252 0.070124 0.4660 0.6740 0.1880
v 0.110851 0.389930 0.000958 0.4660 0.6740 0.1880
v 0.126322 0.331685 0.024620 0.4660 0.6740 0.1880
v -0.342369 0.392660 -0.019974 0.4660 0.6740 0.1880
v -0.191296 0.369908 -0.007233 0.4660 0.6740 0.1880
v 0.190938 0.526442 -0.048186 0.4660 0.6740 0.1880
v -0.127590 0.248868 0.039181 0.4660 0.6740 0.1880
v -0.169454 0.419053 -0.025434 0.4660 0.6740 0.1880
v -0.008370 0.359898 0.003688 0.4660 0.6740 0.1880
v -0.070255 0.344426 0.008239 0.4660 0.6740 0.1880
v 0.194578 0.615630 -0.080039 0.4660 0.6740 0.1880
v -0.320528 0.494590 -0.059107 0.4660 0.6740 0.1880
v 0.085369 0.541914 -0.057287 0.4660 0.6740 0.1880
v 0.135423 0.587418 -0.071848 0.4660 0.6740 0.1880
v -0.389694 0.380829 -0.016333 0.4660 0.6740 0.1880
v 0.075358 0.486399 -0.036355 0.4660 0.6740 0.1880
v -0.072075 0.126007 0.087416 0.4660 0.6740 0.1880
v -0.437018 0.384470 -0.013603 0.4660 0.6740 0.1880
v -0.078446 0.264339 0.038271 0.4660 0.6740 0.1880
v -0.174004 0.559205 -0.076399 0.4660 0.6740 0.1880
v 0.143614 0.523712 -0.050917 0.4660 0.6740 0.1880
v 0.263744 0.485489 -0.027254 0.4660 0.6740 0.1880
v -0.491623 0.532813 -0.084590 0.4660 0.6740 0.1880
v -0.178555 0.462737 -0.038175 0.4660 0.6740 0.1880
v -0.305966 0.403581 -0.021794 0.4660 0.6740 0.1880
v -0.421547 0.512791 -0.071848 0.4660 0.6740 0.1880
v 0.045325 0.216105 0.057383 0.4660 0.6740 0.1880
v 0.178197 0.580137 -0.065478 0.4660 0.6740 0.1880
v 0.222791 0.589238 -0.068208 0.4660 0.6740 0.1880
v 0.031674 0.391750 -0.006323 0.4660 0.6740 0.1880
v 0.058066 0.268889 0.041002 0.4660 0.6740 0.1880
v -0.153983 0.356257 -0.001772 0.4660 0.6740 0.1880
v -0.402435 0.433614 -0.039996 0.4660 0.6740 0.1880
v -0.265923 0.449996 -0.035445 0.4660 0.6740 0.1880
v -0.214048 0.231576 0.043732 0.4660 0.6740 0.1880
v 0.184567 0.429974 -0.009963 0.4660 0.6740 0.1880
v -0.011100 0.233396 0.052833 0.4660 0.6740 0.1880
v 0.160905 0.385380 0.003688 0.4660 0.6740 0.1880
v -0.518015 0.457276 -0.048186 0.4660 0.6740 0.1880
v 0.044415 0.336235 0.016429 0.4660 0.6740 0.1880
v 0.320169 0.586508 -0.060927 0.4660 0.6740 0.1880
v 0.069897 0.377189 0.002778 0.4660 0.6740 0.1880
v 0.044415 0.431794 -0.019064 0.4660 0.6740 0.1880
v -0.041133 0.085053 0.110168 0.4660 0.6740 0.1880
v 0.010742 0.530993 -0.056377 0.4660 0.6740 0.1880
v -0.475241 0.495500 -0.062748 0.4660 0.6740 0.1880
v -0.233160 0.311663 0.010059 0.4660 0.6740 0.1880
v 0.123592 0.441805 -0.019064 0.4660 0.6740 0.1880
v 0.268295 0.582867 -0.060927 0.4660 0.6740 0.1880
v 0.289227 0.537363 -0.045456 0.4660 0.6740 0.1880
v 0.011652 0.472748 -0.035445 0.4660 0.6740 0.1880
v 0.003461 0.176971 0.071944 0.4660 0.6740 0.1880
v 0.227341 0.480028 -0.028164 0.4660 0.6740 0.1880
v -0.153073 0.209734 0.051923 0.4660 0.6740 0.1880
v -0.131231 0.476388 -0.042726 0.4660 0.6740 0.1880
v -0.063885 0.317124 0.017340 0.4660 0.6740 0.1880
v -0.220419 0.369908 -0.007233 0.4660 0.6740 0.1880
v -0.283214 0.269799 0.030991 0.4660 0.6740 0.1880
v -0.487982 0.440895 -0.046366 0.4660 0.6740 0.1880
v -0.069345 0.476388 -0.039085 0.4660 0.6740 0.1880
v 0.078088 0.350797 0.012789 0.4660 0.6740 0.1880
v 0.230071 0.545554 -0.050006 0.4660 0.6740 0.1880
v -0.297775 0.318944 0.009149 0.4660 0.6740 0.1880
v -0.559879 0.491859 -0.066388 0.4660 0.6740 0.1880
v -0.042953 0.368088 0.000048 0.4660 0.6740 0.1880
v -0.076626 0.370818 -0.004502 0.4660 0.6740 0.1880
v -0.463410 0.419963 -0.032715 0.4660 0.6740 0.1880
v 0.255554 0.528262 -0.046366 0.4660 0.6740 0.1880
v -0.010190 0.447265 -0.029985 0.4660 0.6740 0.1880
v 0.152715 0.439985 -0.014513 0.4660 0.6740 0.1880
v 0.089009 0.298922 0.032811 0.4660 0.6740 0.1880
v -0.318707 0.351707 -0.006323 0.4660 0.6740 0.1880
v -0.326898 0.468197 -0.050917 0.4660 0.6740 0.1880
v 0.077178 0.567396 -0.066388 0.4660 0.6740 0.1880
v -0.112119 0.395391 -0.012693 0.4660 0.6740 0.1880
v -0.068435 0.207914 0.056473 0.4660 0.6740 0.1880
v -0.140331 0.157860 0.079225 0.4660 0.6740 0.1880
v -0.030212 0.316214 0.019160 0.4660 0.6740 0.1880
v -0.259552 0.476388 -0.047276 0.4660 0.6740 0.1880
v -0.373312 0.533723 -0.073669 0.4660 0.6740 0.1880
v -0.066615 0.561935 -0.071848 0.4660 0.6740 0.1880
v -0.081176 0.527352 -0.060927 0.4660 0.6740 0.1880
v -0.009280 0.418143 -0.018154 0.4660 0.6740 0.1880
v 0.130873 0.470927 -0.028164 0.4660 0.6740 0.1880
v -0.253182 0.501870 -0.056377 0.4660 0.6740 0.1880
v -0.133961 0.275260 0.029171 0.4660 0.6740 0.1880
v 0.133603 0.360808 0.011879 0.4660 0.6740 0.1880
v -0.348740 0.310753 0.014609 0.4660 0.6740 0.1880
v -0.238620 0.452726 -0.039996 0.4660 0.6740 0.1880
v -0.224969 0.506421 -0.059107 0.4660 0.6740 0.1880
v -0.278664 0.398121 -0.019064 0.4660 0.6740 0.1880
v -0.050233 0.511881 -0.050917 0.4660 0.6740 0.1880
v -0.195846 0.259789 0.034631 0.4660 0.6740 0.1880
v -0.214048 0.394481 -0.017244 0.4660 0.6740 0.1880
v 0.270115 0.459096 -0.010873 0.4660 0.6740 0.1880
v -0.272293 0.424513 -0.029985 0.4660 0.6740 0.1880
v -0.143062 0.525532 -0.061837 0.4660 0.6740 0.1880
v -0.265013 0.349887 -0.002682 0.4660 0.6740 0.1880
v 0.037134 0.510971 -0.048186 0.4660 0.6740 0.1880
v -0.212228 0.560115 -0.074579 0.4660 0.6740 0.1880
v -0.406075 0.399031 -0.026344 0.4660 0.6740 0.1880
v -0.239530 0.288911 0.021890 0.4660 0.6740 0.1880
v -0.285034 0.370818 -0.008143 0.4660 0.6740 0.1880
v -0.102108 0.142388 0.082865 0.4660 0.6740 0.1880
v -0.279574 0.510061 -0.062748 0.4660 0.6740 0.1880
v 0.179107 0.549194 -0.053647 0.4660 0.6740 0.1880
v -0.381503 0.449085 -0.042726 0.4660 0.6740 0.1880
v -0.192206 0.517342 -0.064568 0.4660 0.6740 0.1880
v -0.453399 0.510061 -0.068208 0.4660 0.6740 0.1880
v 0.119042 0.302562 0.030991 0.4660 0.6740 0.1880
v -0.182195 0.205184 0.057383 0.4660 0.6740 0.1880
v -0.348740 0.417233 -0.029075 0.4660 0.6740 0.1880
v 0.235532 0.449085 -0.016333 0.4660 0.6740 0.1880
v 0.066257 0.207004 0.069214 0.4660 0.6740 0.1880
v -0.266833 0.561025 -0.082769 0.4660 0.6740 0.1880
v 0.249183 0.504600 -0.036355 0.4660 0.6740 0.1880
v -0.383323 0.352617 -0.005412 0.4660 0.6740 0.1880
v -0.184925 0.341696 0.003688 0.4660 0.6740 0.1880
v -0.221329 0.260699 0.030081 0.4660 0.6740 0.1880
v -0.054784 0.157860 0.078315 0.4660 0.6740 0.1880
v -0.051144 0.262519 0.037361 0.4660 0.6740 0.1880
v -0.240440 0.341696 0.002778 0.4660 0.6740 0.1880
v -0.188566 0.232486 0.043732 0.4660 0.6740 0.1880
v -0.013830 0.578317 -0.074579 0.4660 0.6740 0.1880
v 0.369314 0.626551 -0.075489 0.4660 0.6740 0.1880
v -0.147612 0.329865 0.007329 0.4660 0.6740 0.1880
v -0.246811 0.367178 -0.006323 0.4660 0.6740 0.1880
v -0.387874 0.474568 -0.051827 0.4660 0.6740 0.1880
v -0.126680 0.197903 0.060113 0.4660 0.6740 0.1880
v -0.121220 0.221565 0.050102 0.4660 0.6740 0.1880
v -0.116669 0.308933 0.016429 0.4660 0.6740 0.1880
v 0.090829 0.403581 -0.006323 0.4660 0.6740 0.1880
v 0.331090 0.564666 -0.054557 0.4660 0.6740 0.1880
v -0.029302 0.134197 0.088326 0.4660 0.6740 0.1880
v 0.122682 0.545554 -0.057287 0.4660 0.6740 0.1880
v -0.355111 0.338056 0.001868 0.4660 0.6740 0.1880
v 0.217330 0.417233 -0.004502 0.4660 0.6740 0.1880
v 0.029854 0.160590 0.084686 0.4660 0.6740 0.1880
v -0.032032 0.184252 0.068304 0.4660 0.6740 0.1880
v -0.367852 0.391750 -0.020884 0.4660 0.6740 0.1880
v -0.155803 0.472748 -0.042726 0.4660 0.6740 0.1880
v -0.099378 0.342606 0.008239 0.4660 0.6740 0.1880
v -0.130321 0.365358 -0.002682 0.4660 0.6740 0.1880
v 0.092649 0.514611 -0.045456 0.4660 0.6740 0.1880
v -0.116669 0.495500 -0.050006 0.4660 0.6740 0.1880
v -0.595372 0.520072 -0.080949 0.4660 0.6740 0.1880
v -0.209498 0.315304 0.015519 0.4660 0.6740 0.1880
v -0.415176 0.487309 -0.060017 0.4660 0.6740 0.1880
v -0.072075 0.290731 0.026440 0.4660 0.6740 0.1880
v -0.029302 0.500050 -0.047276 0.4660 0.6740 0.1880
v 0.022573 0.285271 0.031901 0.4660 0.6740 0.1880
v -0.136691 0.390840 -0.009963 0.4660 0.6740 0.1880
v 0.025303 0.417233 -0.016333 0.4660 0.6740 0.1880
v 0.051696 0.244317 0.049192 0.4660 0.6740 0.1880
v -0.507094 0.507331 -0.072758 0.4660 0.6740 0.1880
v 0.313799 0.614720 -0.076399 0.4660 0.6740 0.1880
v 0.135423 0.494590 -0.039085 0.4660 0.6740 0.1880
v -0.012920 0.530083 -0.058197 0.4660 0.6740 0.1880
v 0.080818 0.462737 -0.025434 0.4660 0.6740 0.1880
v 0.237352 0.573767 -0.058197 0.4660 0.6740 0.1880
v 0.117221 0.417233 -0.009053 0.4660 0.6740 0.1880
v 0.004371 0.268889 0.041002 0.4660 0.6740 0.1880
v 0.044415 0.575587 -0.071848 0.4660 0.6740 0.1880
v -0.014740 0.333505 0.016429 0.4660 0.6740 0.1880
v -0.036582 0.566486 -0.069118 0.4660 0.6740 0.1880
v -0.523476 0.481848 -0.063658 0.4660 0.6740 0.1880
v 0.098110 0.490039 -0.039085 0.4660 0.6740 0.1880
v 0.010742 0.240677 0.051013 0.4660 0.6740 0.1880
v 0.297417 0.588328 -0.063658 0.4660 0.6740 0.1880
v 0.267385 0.601979 -0.073669 0.4660 0.6740 0.1880
v 0.022573 0.217015 0.060113 0.4660 0.6740 0.1880
v -0.481612 0.468197 -0.053647 0.4660 0.6740 0.1880
v 0.065347 0.298012 0.029171 0.4660 0.6740 0.1880
v -0.424277 0.439985 -0.039085 0.4660 0.6740 0.1880
v 0.017113 0.557385 -0.066388 0.4660 0.6740 0.1880
v -0.103928 0.257968 0.039181 0.4660 0.6740 0.1880
v -0.027481 0.399941 -0.011783 0.4660 0.6740 0.1880
v -0.088457 0.556475 -0.070028 0.4660 0.6740 0.1880
v -0.089367 0.422693 -0.022704 0.4660 0.6740 0.1880
v -0.032942 0.449085 -0.029075 0.4660 0.6740 0.1880
v 0.075358 0.432704 -0.015423 0.4660 0.6740 0.1880
v -0.459770 0.400851 -0.021794 0.4660 0.6740 0.1880
v -0.055694 0.421783 -0.019064 0.4660 0.6740 0.1880
v -0.023841 0.288911 0.030081 0.4660 0.6740 0.1880
v -0.047503 0.481848 -0.042726 0.4660 0.6740 0.1880
v 0.190028 0.454546 -0.019064 0.4660 0.6740 0.1880
v 0.200949 0.589238 -0.070938 0.4660 0.6740 0.1880
v -0.091187 0.205184 0.057383 0.4660 0.6740 0.1880
v 0.139063 0.383560 0.002778 0.4660 0.6740 0.1880
v 0.210050 0.536453 -0.050006 0.4660 0.6740 0.1880
v 0.114491 0.590148 -0.076399 0.4660 0.6740 0.1880
v 0.098110 0.338056 0.017340 0.4660 0.6740 0.1880
v -0.107569 0.166960 0.069214 0.4660 0.6740 0.1880
v -0.440658 0.459096 -0.050006 0.4660 0.6740 0.1880
v 0.024393 0.494590 -0.042726 0.4660 0.6740 0.1880
v -0.174915 0.255238 0.035541 0.4660 0.6740 0.1880
v 0.017113 0.193353 0.070124 0.4660 0.6740 0.1880
v 0.078998 0.258879 0.047372 0.4660 0.6740 0.1880
v 0.310159 0.534633 -0.044546 0.4660 0.6740 0.1880
v -0.129411 0.441805 -0.031805 0.4660 0.6740 0.1880
v -0.355111 0.443625 -0.039996 0.4660 0.6740 0.1880
v 0.157265 0.579227 -0.064568 0.4660 0.6740 0.1880
v 0.164546 0.348977 0.019160 0.4660 0.6740 0.1880
v 0.198219 0.497320 -0.038175 0.4660 0.6740 0.1880
v -0.198577 0.544644 -0.073669 0.4660 0.6740 0.1880
v -0.335089 0.363538 -0.009963 0.4660 0.6740 0.1880
v 0.157265 0.319854 0.030991 0.4660 0.6740 0.1880
v -0.437018 0.525532 -0.074579 0.4660 0.6740 0.1880
v -0.367852 0.498230 -0.060927 0.4660 0.6740 0.1880
v -0.412446 0.372639 -0.010873 0.4660 0.6740 0.1880
v -0.162173 0.308933 0.016429 0.4660 0.6740 0.1880
v 0.293777 0.497320 -0.025434 0.4660 0.6740 0.1880
v 0.056246 0.351707 0.012789 0.4660 0.6740 0.1880
v -0.303236 0.510061 -0.060927 0.4660 0.6740 0.1880
v 0.338371 0.593788 -0.063658 0.4660 0.6740 0.1880
v -0.578991 0.490039 -0.061837 0.4660 0.6740 0.1880
v -0.240440 0.245227 0.038271 0.4660 0.6740 0.1880
v 0.024393 0.350797 0.009149 0.4660 0.6740 0.1880
v -0.487982 0.428154 -0.031805 0.4660 0.6740 0.1880
v -0.048413 0.131467 0.087416 0.4660 0.6740 0.1880
v -0.087547 0.357167 0.004598 0.4660 0.6740 0.1880
v -0.163994 0.196993 0.061023 0.4660 0.6740 0.1880
v -0.468871 0.521892 -0.074579 0.4660 0.6740 0.1880
v -0.021111 0.373549 0.000048 0.4660 0.6740 0.1880
v -0.318707 0.431794 -0.036355 0.4660 0.6740 0.1880
v -0.404255 0.520072 -0.069118 0.4660 0.6740 0.1880
v 0.172736 0.521892 -0.046366 0.4660 0.6740 0.1880
v 0.174557 0.475478 -0.029075 0.4660 0.6740 0.1880
v -0.173094 0.437254 -0.028164 0.4660 0.6740 0.1880
v 0.101750 0.540094 -0.049096 0.4660 0.6740 0.1880
v -0.034762 0.255238 0.041912 0.4660 0.6740 0.1880
v -0.060244 0.536453 -0.060017 0.4660 0.6740 0.1880
v 0.057156 0.485489 -0.038175 0.4660 0.6740 0.1880
v -0.253182 0.299832 0.016429 0.4660 0.6740 0.1880
v 0.036224 0.271620 0.036451 0.4660 0.6740 0.1880
v -0.194026 0.476388 -0.044546 0.4660 0.6740 0.1880
v -0.069345 0.432704 -0.025434 0.4660 0.6740 0.1880
v -0.307786 0.549194 -0.077309 0.4660 0.6740 0.1880
v 0.009832 0.338056 0.011879 0.4660 0.6740 0.1880
v -0.092097 0.490949 -0.042726 0.4660 0.6740 0.1880
v 0.035314 0.230666 0.056473 0.4660 0.6740 0.1880
v -0.014740 0.192443 0.067394 0.4660 0.6740 0.1880
v -0.101198 0.302562 0.021890 0.4660 0.6740 0.1880
v -0.272293 0.538273 -0.069118 0.4660 0.6740 0.1880
v 0.210050 0.462737 -0.019064 0.4660 0.6740 0.1880
v 0.129052 0.561025 -0.061837 0.4660 0.6740 0.1880
v -0.044773 0.236127 0.048282 0.4660 0.6740 0.1880
v 0.362943 0.601069 -0.064568 0.4660 0.6740 0.1880
v 0.177287 0.401761 0.000048 0.4660 0.6740 0.1880
v 0.008922 0.152399 0.081045 0.4660 0.6740 0.1880
v -0.472511 0.451816 -0.048186 0.4660 0.6740 0.1880
v -0.035672 0.528262 -0.056377 0.4660 0.6740 0.1880
v -0.495263 0.455456 -0.050006 0.4660 0.6740 0.1880
v -0.198577 0.399031 -0.018154 0.4660 0.6740 0.1880
v -0.359661 0.484579 -0.055467 0.4660 0.6740 0.1880
v -0.048413 0.198813 0.061934 0.4660 0.6740 0.1880
v 0.084459 0.283451 0.035541 0.4660 0.6740 0.1880
v -0.008370 0.318944 0.019160 0.4660 0.6740 0.1880
v -0.151252 0.249778 0.038271 0.4660 0.6740 0.1880
v -0.110299 0.132377 0.091966 0.4660 0.6740 0.1880
v -0.087547 0.128737 0.085596 0.4660 0.6740 0.1880
v -0.549868 0.482758 -0.058197 0.4660 0.6740 0.1880
v 0.190938 0.382650 0.003688 0.4660 0.6740 0.1880
v -0.099378 0.464557 -0.034535 0.4660 0.6740 0.1880
v 0.217330 0.491859 -0.030895 0.4660 0.6740 0.1880
v 0.030764 0.379009 0.002778 0.4660 0.6740 0.1880
v 0.129052 0.519162 -0.047276 0.4660 0.6740 0.1880
v -0.084817 0.237947 0.044642 0.4660 0.6740 0.1880
v -0.379683 0.507331 -0.065478 0.4660 0.6740 0.1880
v 0.005281 0.417233 -0.012693 0.4660 0.6740 0.1880
v -0.133961 0.167870 0.069214 0.4660 0.6740 0.1880
v -0.450669 0.471837 -0.056377 0.4660 0.6740 0.1880
v 0.042595 0.203364 0.065574 0.4660 0.6740 0.1880
v 0.160905 0.530993 -0.050006 0.4660 0.6740 0.1880
v 0.113581 0.278900 0.041912 0.4660 0.6740 0.1880
v -0.328718 0.337145 0.000958 0.4660 0.6740 0.1880
v 0.191848 0.601069 -0.073669 0.4660 0.6740 0.1880
v -0.150342 0.556475 -0.074579 0.4660 0.6740 0.1880
v -0.002909 0.474568 -0.039085 0.4660 0.6740 0.1880
v 0.011652 0.298922 0.030081 0.4660 0.6740 0.1880
v 0.048965 0.323494 0.022800 0.4660 0.6740 0.1880
v -0.337819 0.513701 -0.065478 0.4660 0.6740 0.1880
v 0.028944 0.242497 0.050102 0.4660 0.6740 0.1880
v 0.197309 0.411772 -0.001772 0.4660 0.6740 0.1880
v -0.096648 0.449996 -0.031805 0.4660 0.6740 0.1880
v 0.070807 0.541914 -0.060017 0.4660 0.6740 0.1880
v -0.196757 0.308023 0.014609 0.4660 0.6740 0.1880
v -0.086637 0.291641 0.028261 0.4660 0.6740 0.1880
v -0.062065 0.462737 -0.033625 0.4660 0.6740 0.1880
v 0.170916 0.375369 0.007329 0.4660 0.6740 0.1880
v 0.124502 0.382650 0.003688 0.4660 0.6740 0.1880
v 0.084459 0.376279 0.003688 0.4660 0.6740 0.1880
v 0.287407 0.522802 -0.041816 0.4660 0.6740 0.1880
v 0.110851 0.435434 -0.016333 0.4660 0.6740 0.1880
v -0.118490 0.383560 -0.007233 0.4660 0.6740 0.1880
v 0.281036 0.547374 -0.051827 0.4660 0.6740 0.1880
v -0.378773 0.406312 -0.030895 0.4660 0.6740 0.1880
v -0.014740 0.347156 0.011879 0.4660 0.6740 0.1880
v -0.074806 0.180612 0.067394 0.4660 0.6740 0.1880
v 0.109941 0.482758 -0.035445 0.4660 0.6740 0.1880
v 0.115401 0.576497 -0.068208 0.4660 0.6740 0.1880
v -0.277754 0.496410 -0.059107 0.4660 0.6740 0.1880
v -0.008370 0.217015 0.055563 0.4660 0.6740 0.1880
v -0.000179 0.581957 -0.075489 0.4660 0.6740 0.1880
v -0.478882 0.480028 -0.060927 0.4660 0.6740 0.1880
v -0.022021 0.305293 0.022800 0.4660 0.6740 0.1880
v -0.366032 0.457276 -0.045456 0.4660 0.6740 0.1880
v -0.305056 0.291641 0.021890 0.4660 0.6740 0.1880
v 0.037134 0.404491 -0.009053 0.4660 0.6740 0.1880
v -0.158533 0.222475 0.049192 0.4660 0.6740 0.1880
v -0.001999 0.244317 0.046462 0.4660 0.6740 0.1880
v -0.544407 0.508241 -0.072758 0.4660 0.6740 0.1880
v 0.121772 0.532813 -0.051827 0.4660 0.6740 0.1880
v -0.163084 0.446355 -0.034535 0.4660 0.6740 0.1880
v -0.227699 0.395391 -0.016333 0.4660 0.6740 0.1880
v 0.091739 0.310753 0.026440 0.4660 0.6740 0.1880
v -0.113939 0.248868 0.041002 0.4660 0.6740 0.1880
v -0.396974 0.408132 -0.030895 0.4660 0.6740 0.1880
v -0.434288 0.430884 -0.039996 0.4660 0.6740 0.1880
v -0.259552 0.419963 -0.029985 0.4660 0.6740 0.1880
v -0.209498 0.256148 0.034631 0.4660 0.6740 0.1880
v 0.099930 0.382650 0.003688 0.4660 0.6740 0.1880
v -0.323258 0.311663 0.011879 0.4660 0.6740 0.1880
v 0.113581 0.328045 0.023710 0.4660 0.6740 0.1880
v -0.331448 0.487309 -0.057287 0.4660 0.6740 0.1880
v -0.257732 0.373549 -0.009963 0.4660 0.6740 0.1880
v -0.061154 0.146939 0.081955 0.4660 0.6740 0.1880
v 0.203679 0.435434 -0.011783 0.4660 0.6740 0.1880
v -0.422457 0.380829 -0.012693 0.4660 0.6740 0.1880
v -0.082086 0.382650 -0.005412 0.4660 0.6740 0.1880
v 0.003461 0.365358 0.003688 0.4660 0.6740 0.1880
v -0.246811 0.529173 -0.067298 0.4660 0.6740 0.1880
v -0.042043 0.554655 -0.069118 0.4660 0.6740 0.1880
v -0.165814 0.264339 0.033721 0.4660 0.6740 0.1880
v 0.010742 0.165140 0.079225 0.4660 0.6740 0.1880
v -0.075716 0.407222 -0.013603 0.4660 0.6740 0.1880
v -0.001089 0.526442 -0.053647 0.4660 0.6740 0.1880
v 0.275576 0.482758 -0.022704 0.4660 0.6740 0.1880
v -0.234070 0.421783 -0.027254 0.4660 0.6740 0.1880
v -0.494353 0.507331 -0.070938 0.4660 0.6740 0.1880
v 0.148164 0.585598 -0.071848 0.4660 0.6740 0.1880
v -0.218598 0.481848 -0.047276 0.4660 0.6740 0.1880
v -0.042043 0.314393 0.023710 0.4660 0.6740 0.1880
v -0.094827 0.328955 0.010059 0.4660 0.6740 0.1880
v -0.123040 0.467287 -0.039085 0.4660 0.6740 0.1880
v 0.016202 0.311663 0.023710 0.4660 0.6740 0.1880
v -0.271383 0.471837 -0.047276 0.4660 0.6740 0.1880
v -0.054784 0.173331 0.070124 0.4660 0.6740 0.1880
v -0.372402 0.431794 -0.035445 0.4660 0.6740 0.1880
v 0.087189 0.435434 -0.018154 0.4660 0.6740 0.1880
v 0.396616 0.625641 -0.070938 0.4660 0.6740 0.1880
v -0.132141 0.329865 0.010059 0.4660 0.6740 0.1880
v -0.309607 0.536453 -0.072758 0.4660 0.6740 0.1880
v 0.356573 0.585598 -0.058197 0.4660 0.6740 0.1880
v 0.203679 0.508241 -0.038175 0.4660 0.6740 0.1880
v -0.444299 0.497320 -0.063658 0.4660 0.6740 0.1880
v 0.030764 0.520982 -0.050917 0.4660 0.6740 0.1880
v -0.114849 0.195173 0.059203 0.4660 0.6740 0.1880
v 0.345652 0.621091 -0.074579 0.4660 0.6740 0.1880
v -0.180375 0.532813 -0.067298 0.4660 0.6740 0.1880
v 0.229161 0.422693 -0.004502 0.4660 0.6740 0.1880
v -0.507094 0.452726 -0.045456 0.4660 0.6740 0.1880
v -0.226789 0.341696 0.000958 0.4660 0.6740 0.1880
v -0.187656 0.502780 -0.052737 0.4660 0.6740 0.1880
v 0.024393 0.566486 -0.069118 0.4660 0.6740 0.1880
v 0.088099 0.484579 -0.035445 0.4660 0.6740 0.1880
v -0.393334 0.450906 -0.042726 0.4660 0.6740 0.1880
v -0.230430 0.532813 -0.066388 0.4660 0.6740 0.1880
v -0.227699 0.288001 0.022800 0.4660 0.6740 0.1880
v -0.247721 0.476388 -0.046366 0.4660 0.6740 0.1880
v -0.162173 0.499140 -0.053647 0.4660 0.6740 0.1880
v -0.058424 0.292552 0.028261 0.4660 0.6740 0.1880
v -0.270473 0.322584 0.009149 0.4660 0.6740 0.1880
v -0.200397 0.449996 -0.036355 0.4660 0.6740 0.1880
v 0.384785 0.606529 -0.059107 0.4660 0.6740 0.1880
v 0.141794 0.467287 -0.028164 0.4660 0.6740 0.1880
v 0.030764 0.538273 -0.060017 0.4660 0.6740 0.1880
v 0.378415 0.632922 -0.078219 0.4660 0.6740 0.1880
v 0.165456 0.492769 -0.033625 0.4660 0.6740 0.1880
v -0.028392 0.278900 0.032811 0.4660 0.6740 0.1880
v -0.293225 0.325314 0.000958 0.4660 0.6740 0.1880
v 0.137243 0.328955 0.023710 0.4660 0.6740 0.1880
v -0.299596 0.351707 -0.006323 0.4660 0.6740 0.1880
v -0.103928 0.157860 0.074675 0.4660 0.6740 0.1880
v -0.041133 0.102345 0.097427 0.4660 0.6740 0.1880
v -0.041133 0.456366 -0.030895 0.4660 0.6740 0.1880
v -0.073896 0.237947 0.046462 0.4660 0.6740 0.1880
v -0.019291 0.129647 0.089236 0.4660 0.6740 0.1880
v -0.296865 0.484579 -0.054557 0.4660 0.6740 0.1880
v -0.059334 0.343516 0.009149 0.4660 0.6740 0.1880
v -0.172184 0.291641 0.023710 0.4660 0.6740 0.1880
v -0.085727 0.180612 0.066484 0.4660 0.6740 0.1880
v 0.082638 0.324404 0.021890 0.4660 0.6740 0.1880
v -0.066615 0.101435 0.101977 0.4660 0.6740 0.1880
v -0.144882 0.275260 0.029171 0.4660 0.6740 0.1880
v -0.124860 0.357167 0.001868 0.4660 0.6740 0.1880
v -0.041133 0.227026 0.052833 0.4660 0.6740 0.1880
v 0.180927 0.449085 -0.018154 0.4660 0.6740 0.1880
v -0.286855 0.299832 0.015519 0.4660 0.6740 0.1880
v -0.400615 0.528262 -0.074579 0.4660 0.6740 0.1880
v -0.182195 0.366268 -0.003592 0.4660 0.6740 0.1880
v 0.325630 0.539183 -0.036355 0.4660 0.6740 0.1880
v -0.189476 0.197903 0.056473 0.4660 0.6740 0.1880
v -0.056604 0.486399 -0.044546 0.4660 0.6740 0.1880
v -0.392424 0.351707 -0.000862 0.4660 0.6740 0.1880
v 0.149984 0.550104 -0.055467 0.4660 0.6740 0.1880
v 0.183657 0.555565 -0.060017 0.4660 0.6740 0.1880
v -0.374222 0.523712 -0.072758 0.4660 0.6740 0.1880
v 0.185478 0.573767 -0.062748 0.4660 0.6740 0.1880
v -0.155803 0.335325 0.005508 0.4660 0.6740 0.1880
v -0.029302 0.368088 0.001868 0.4660 0.6740 0.1880
v 0.154535 0.413592 -0.007233 0.4660 0.6740 0.1880
v -0.072985 0.569216 -0.073669 0.4660 0.6740 0.1880
v 0.274665 0.575587 -0.062748 0.4660 0.6740 0.1880
v -0.399705 0.424513 -0.038175 0.4660 0.6740 0.1880
v -0.020201 0.502780 -0.048186 0.4660 0.6740 0.1880
v -0.052054 0.370818 0.000958 0.4660 0.6740 0.1880
v -0.353290 0.360808 -0.010873 0.4660 0.6740 0.1880
v 0.168186 0.357167 0.016429 0.4660 0.6740 0.1880
v -0.166724 0.410862 -0.021794 0.4660 0.6740 0.1880
v 0.103570 0.453636 -0.025434 0.4660 0.6740 0.1880
v -0.312337 0.405402 -0.028164 0.4660 0.6740 0.1880
v 0.023483 0.186982 0.068304 0.4660 0.6740 0.1880
v 0.171826 0.605619 -0.078219 0.4660 0.6740 0.1880
v -0.251361 0.400851 -0.019974 0.4660 0.6740 0.1880
v -0.417906 0.465467 -0.049096 0.4660 0.6740 0.1880
v -0.143062 0.419053 -0.024524 0.4660 0.6740 0.1880
v -0.466140 0.426333 -0.038175 0.4660 0.6740 0.1880
v -0.111209 0.286181 0.029171 0.4660 0.6740 0.1880
v -0.067525 0.118726 0.089236 0.4660 0.6740 0.1880
v -0.340549 0.414502 -0.028164 0.4660 0.6740 0.1880
v 0.203679 0.474568 -0.027254 0.4660 0.6740 0.1880
v -0.143062 0.385380 -0.011783 0.4660 0.6740 0.1880
v -0.182195 0.227026 0.045552 0.4660 0.6740 0.1880
v -0.025661 0.156039 0.080135 0.4660 0.6740 0.1880
v -0.091187 0.213374 0.055563 0.4660 0.6740 0.1880
v -0.325078 0.460917 -0.047276 0.4660 0.6740 0.1880
v -0.572620 0.518252 -0.076399 0.4660 0.6740 0.1880
v 0.011652 0.442715 -0.021794 0.4660 0.6740 0.1880
v 0.216420 0.560115 -0.060017 0.4660 0.6740 0.1880
v -0.245901 0.270710 0.027350 0.4660 0.6740 0.1880
v 0.018023 0.468197 -0.033625 0.4660 0.6740 0.1880
v 0.273755 0.606529 -0.071848 0.4660 0.6740 0.1880
v 0.130873 0.353527 0.013699 0.4660 0.6740 0.1880
v 0.062617 0.379009 0.000048 0.4660 0.6740 0.1880
v -0.016560 0.420873 -0.016333 0.4660 0.6740 0.1880
v -0.966685 0.320764 -0.077309 0.3010 0.7450 0.9330
v -0.615394 -0.131546 0.024620 0.3010 0.7450 0.9330
v -0.889328 -0.314473 -0.081859 0.3010 0.7450 0.9330
v -0.909350 0.008606 -0.075489 0.3010 0.7450 0.9330
v -0.702762 0.085053 0.002778 0.3010 0.7450 0.9330
v -0.794680 -0.139737 -0.039996 0.3010 0.7450 0.9330
v -0.819252 -0.491938 -0.062748 0.3010 0.7450 0.9330
v -0.839274 0.188802 -0.039085 0.3010 0.7450 0.9330
v -0.710042 -0.291720 -0.012693 0.3010 0.7450 0.9330
v -0.548048 -0.283530 0.043732 0.3010 0.7450 0.9330
v -0.439748 -0.141557 0.091056 0.3010 0.7450 0.9330
v -0.791949 -0.008685 -0.027254 0.3010 0.7450 0.9330
v -0.949393 0.175151 -0.085500 0.3010 0.7450 0.9330
v -0.908440 -0.150658 -0.077309 0.3010 0.7450 0.9330
v -0.621764 -0.013236 0.027350 0.3010 0.7450 0.9330
v -0.737345 -0.405481 -0.029075 0.3010 0.7450 0.9330
v -0.807421 -0.256227 -0.050006 0.3010 0.7450 0.9330
v -0.715503 -0.080582 -0.006323 0.3010 0.7450 0.9330
v -0.848374 0.085963 -0.046366 0.3010 0.7450 0.9330
v -0.885688 -0.420042 -0.089140 0.3010 0.7450 0.9330
v -0.526206 -0.090593 0.061934 0.3010 0.7450 0.9330
v -0.688200 -0.197072 -0.001772 0.3010 0.7450 0.9330
v -0.861116 -0.069661 -0.060017 0.3010 0.7450 0.9330
v -0.720053 -0.501949 -0.025434 0.3010 0.7450 0.9330
v -0.780118 -0.578396 -0.049096 0.3010 0.7450 0.9330
v -0.494353 -0.211633 0.066484 0.3010 0.7450 0.9330
v -0.648157 -0.362707 0.004598 0.3010 0.7450 0.9330
v -0.813791 -0.367257 -0.051827 0.3010 0.7450 0.9330
v -0.929372 0.093244 -0.079129 0.3010 0.7450 0.9330
v -0.699121 0.000416 0.000958 0.3010 0.7450 0.9330
v -0.633595 -0.272609 0.011879 0.3010 0.7450 0.9330
v -0.570800 -0.197982 0.041002 0.3010 0.7450 0.9330
v -0.902069 -0.238026 -0.077309 0.3010 0.7450 0.9330
v -0.852925 -0.558374 -0.076399 0.3010 0.7450 0.9330
v -0.779208 0.136018 -0.020884 0.3010 0.7450 0.9330
v -0.902979 0.216105 -0.061837 0.3010 0.7450 0.9330
v -0.776478 -0.313562 -0.039085 0.3010 0.7450 0.9330
v -0.740075 -0.227105 -0.024524 0.3010 0.7450 0.9330
v -0.776478 0.053200 -0.020884 0.3010 0.7450 0.9330
v -0.583541 -0.071481 0.041002 0.3010 0.7450 0.9330
v -0.733704 -0.140647 -0.018154 0.3010 0.7450 0.9330
v -0.629955 -0.203443 0.020070 0.3010 0.7450 0.9330
v -0.919361 -0.073301 -0.081859 0.3010 0.7450 0.9330
v -0.862026 -0.188881 -0.061837 0.3010 0.7450 0.9330
v -0.849285 -0.007775 -0.050917 0.3010 0.7450 0.9330
v -0.629955 0.047740 0.030081 0.3010 0.7450 0.9330
v -0.804691 -0.427323 -0.053647 0.3010 0.7450 0.9330
v -0.839274 -0.616619 -0.073669 0.3010 0.7450 0.9330
v -0.945753 0.255238 -0.076399 0.3010 0.7450 0.9330
v -0.653617 -0.062380 0.016429 0.3010 0.7450 0.9330
v -0.558969 -0.139737 0.044642 0.3010 0.7450 0.9330
v -0.686380 -0.451895 -0.009963 0.3010 0.7450 0.9330
v -0.889328 0.158770 -0.059107 0.3010 0.7450 0.9330
v -0.723693 -0.348145 -0.020884 0.3010 0.7450 0.9330
v -0.793770 -0.200712 -0.039996 0.3010 0.7450 0.9330
v -0.872947 -0.475557 -0.083679 0.3010 0.7450 0.9330
v -0.808331 -0.084222 -0.039996 0.3010 0.7450 0.9330
v -0.484342 -0.052369 0.079225 0.3010 0.7450 0.9330
v -0.683650 -0.127906 0.002778 0.3010 0.7450 0.9330
v -0.710042 0.139658 0.004598 0.3010 0.7450 0.9330
v -0.568980 -0.012326 0.050102 0.3010 0.7450 0.9330
v -0.871127 -0.369987 -0.075489 0.3010 0.7450 0.9330
v -0.750996 -0.460085 -0.036355 0.3010 0.7450 0.9330
v -0.849285 -0.284440 -0.063658 0.3010 0.7450 0.9330
v -0.487982 -0.140647 0.071034 0.3010 0.7450 0.9330
v -0.691841 -0.388189 -0.010873 0.3010 0.7450 0.9330
v -0.765557 -0.519241 -0.043636 0.3010 0.7450 0.9330
v -0.759187 -0.058740 -0.023614 0.3010 0.7450 0.9330
v -0.592642 -0.248037 0.031901 0.3010 0.7450 0.9330
v -0.588091 -0.344505 0.032811 0.3010 0.7450 0.9330
v -0.886598 0.052290 -0.063658 0.3010 0.7450 0.9330
v -0.846554 -0.117895 -0.055467 0.3010 0.7450 0.9330
v -0.675459 -0.250767 -0.000862 0.3010 0.7450 0.9330
v -0.825622 0.133287 -0.034535 0.3010 0.7450 0.9330
v -0.745535 -0.003225 -0.014513 0.3010 0.7450 0.9330
v -0.723693 0.042279 -0.004502 0.3010 0.7450 0.9330
v -0.661808 -0.307192 0.003688 0.3010 0.7450 0.9330
v -0.829263 -0.325393 -0.059107 0.3010 0.7450 0.9330
v -0.544407 -0.050549 0.055563 0.3010 0.7450 0.9330
v -0.519835 -0.168860 0.058293 0.3010 0.7450 0.9330
v -0.467051 -0.102424 0.078315 0.3010 0.7450 0.9330
v -0.607203 -0.306282 0.021890 0.3010 0.7450 0.9330
v -0.533486 -0.224374 0.051923 0.3010 0.7450 0.9330
v -0.890238 0.102345 -0.062748 0.3010 0.7450 0.9330
v -0.762827 -0.370898 -0.034535 0.3010 0.7450 0.9330
v -0.765557 -0.171590 -0.029985 0.3010 0.7450 0.9330
v -0.416996 -0.106064 0.097427 0.3010 0.7450 0.9330
v -0.839274 -0.408211 -0.066388 0.3010 0.7450 0.9330
v -0.938473 0.053200 -0.082769 0.3010 0.7450 0.9330
v -0.849285 -0.243486 -0.060927 0.3010 0.7450 0.9330
v -0.834723 0.029538 -0.042726 0.3010 0.7450 0.9330
v -0.805601 -0.548363 -0.059107 0.3010 0.7450 0.9330
v -0.761917 -0.276249 -0.032715 0.3010 0.7450 0.9330
v -0.766467 -0.114255 -0.026344 0.3010 0.7450 0.9330
v -0.662718 -0.420952 -0.000862 0.3010 0.7450 0.9330
v -0.811971 0.075952 -0.033625 0.3010 0.7450 0.9330
v -0.798320 0.185162 -0.027254 0.3010 0.7450 0.9330
v -0.834723 -0.451895 -0.061837 0.3010 0.7450 0.9330
v -0.703672 -0.043268 -0.000862 0.3010 0.7450 0.9330
v -0.882958 -0.101514 -0.068208 0.3010 0.7450 0.9330
v -0.599012 0.026808 0.042822 0.3010 0.7450 0.9330
v -0.682740 -0.339045 -0.006323 0.3010 0.7450 0.9330
v -0.755546 0.085963 -0.015423 0.3010 0.7450 0.9330
v -0.662718 0.065031 0.019160 0.3010 0.7450 0.9330
v -0.743715 0.125097 -0.006323 0.3010 0.7450 0.9330
v -0.617214 -0.083312 0.027350 0.3010 0.7450 0.9330
v -0.896609 -0.045089 -0.071848 0.3010 0.7450 0.9330
v -0.656347 -0.152478 0.010059 0.3010 0.7450 0.9330
v -0.862026 0.216105 -0.049096 0.3010 0.7450 0.9330
v -0.514375 -0.028707 0.069214 0.3010 0.7450 0.9330
v -0.721873 -0.441884 -0.023614 0.3010 0.7450 0.9330
v -0.650887 -0.116985 0.015519 0.3010 0.7450 0.9330
v -0.649067 0.009516 0.020980 0.3010 0.7450 0.9330
v -0.795590 -0.468276 -0.050006 0.3010 0.7450 0.9330
v -0.557149 -0.104244 0.048282 0.3010 0.7450 0.9330
v -0.916631 0.140568 -0.071848 0.3010 0.7450 0.9330
v -0.826533 -0.201622 -0.052737 0.3010 0.7450 0.9330
v -0.732794 -0.260778 -0.019064 0.3010 0.7450 0.9330
v -0.836543 -0.521061 -0.070938 0.3010 0.7450 0.9330
v -0.861116 0.140568 -0.050917 0.3010 0.7450 0.9330
v -0.772838 -0.426412 -0.040906 0.3010 0.7450 0.9330
v -0.670909 -0.033257 0.011879 0.3010 0.7450 0.9330
v -0.822892 -0.576576 -0.067298 0.3010 0.7450 0.9330
v -0.710042 -0.223464 -0.009053 0.3010 0.7450 0.9330
v -0.892968 -0.183421 -0.074579 0.3010 0.7450 0.9330
v -0.821982 -0.025977 -0.042726 0.3010 0.7450 0.9330
v -0.690930 0.049560 0.010059 0.3010 0.7450 0.9330
v -0.876587 -0.258958 -0.071848 0.3010 0.7450 0.9330
v -0.576260 -0.295361 0.030991 0.3010 0.7450 0.9330
v -0.712772 -0.177050 -0.009963 0.3010 0.7450 0.9330
v -0.558059 -0.252587 0.041002 0.3010 0.7450 0.9330
v -0.866576 -0.034168 -0.057287 0.3010 0.7450 0.9330
v -0.651797 -0.222554 0.006419 0.3010 0.7450 0.9330
v -0.889328 0.251598 -0.057287 0.3010 0.7450 0.9330
v -0.590822 -0.116075 0.037361 0.3010 0.7450 0.9330
v -0.920271 0.190622 -0.069118 0.3010 0.7450 0.9330
v -0.636326 -0.323573 0.012789 0.3010 0.7450 0.9330
v -0.747356 -0.319023 -0.028164 0.3010 0.7450 0.9330
v -0.867486 0.017707 -0.054557 0.3010 0.7450 0.9330
v -0.953034 0.225206 -0.081859 0.3010 0.7450 0.9330
v -0.859295 -0.325393 -0.068208 0.3010 0.7450 0.9330
v -0.693661 -0.421862 -0.013603 0.3010 0.7450 0.9330
v -0.609933 -0.053279 0.030991 0.3010 0.7450 0.9330
v -0.744625 -0.085132 -0.016333 0.3010 0.7450 0.9330
v -0.458860 -0.073301 0.084686 0.3010 0.7450 0.9330
v -0.708222 -0.110614 -0.005412 0.3010 0.7450 0.9330
v -0.796500 -0.519241 -0.054557 0.3010 0.7450 0.9330
v -0.789219 0.106895 -0.021794 0.3010 0.7450 0.9330
v -0.623584 -0.379998 0.014609 0.3010 0.7450 0.9330
v -0.924821 -0.039628 -0.082769 0.3010 0.7450 0.9330
v -0.748266 -0.197982 -0.019974 0.3010 0.7450 0.9330
v -0.793770 -0.282620 -0.043636 0.3010 0.7450 0.9330
v -0.702762 -0.262598 -0.009053 0.3010 0.7450 0.9330
v -0.551688 -0.168860 0.047372 0.3010 0.7450 0.9330
v -0.797410 -0.398200 -0.050917 0.3010 0.7450 0.9330
v -0.869306 -0.159759 -0.063658 0.3010 0.7450 0.9330
v -0.696391 0.113266 0.010969 0.3010 0.7450 0.9330
v -0.669999 0.094154 0.018250 0.3010 0.7450 0.9330
v -0.728244 -0.027797 -0.008143 0.3010 0.7450 0.9330
v -0.779208 -0.226195 -0.034535 0.3010 0.7450 0.9330
v -0.457950 -0.163399 0.081955 0.3010 0.7450 0.9330
v -0.814702 -0.055099 -0.040906 0.3010 0.7450 0.9330
v -0.506184 -0.111524 0.068304 0.3010 0.7450 0.9330
v -0.626315 -0.244396 0.017340 0.3010 0.7450 0.9330
v -0.423367 -0.077851 0.106527 0.3010 0.7450 0.9330
v -0.605383 -0.158849 0.030081 0.3010 0.7450 0.9330
v -0.799230 0.019527 -0.031805 0.3010 0.7450 0.9330
v -0.758276 -0.491028 -0.039085 0.3010 0.7450 0.9330
v -0.771928 -0.547453 -0.048186 0.3010 0.7450 0.9330
v -0.664538 -0.278069 0.002778 0.3010 0.7450 0.9330
v -0.771928 0.165140 -0.016333 0.3010 0.7450 0.9330
v -0.833813 -0.173410 -0.050917 0.3010 0.7450 0.9330
v -0.498903 -0.083312 0.070124 0.3010 0.7450 0.9330
v -0.705492 -0.148838 -0.009963 0.3010 0.7450 0.9330
v -0.782849 -0.341775 -0.041816 0.3010 0.7450 0.9330
v -0.730974 -0.377268 -0.026344 0.3010 0.7450 0.9330
v -0.889328 -0.073301 -0.067298 0.3010 0.7450 0.9330
v -0.569890 -0.323573 0.041002 0.3010 0.7450 0.9330
v -0.748266 0.055930 -0.009963 0.3010 0.7450 0.9330
v -0.599922 -0.275339 0.027350 0.3010 0.7450 0.9330
v -0.856565 -0.436423 -0.071848 0.3010 0.7450 0.9330
v -0.866576 -0.502859 -0.078219 0.3010 0.7450 0.9330
v -0.820162 -0.230745 -0.049096 0.3010 0.7450 0.9330
v -0.938473 0.282541 -0.072758 0.3010 0.7450 0.9330
v -0.860206 0.045009 -0.051827 0.3010 0.7450 0.9330
v -0.846554 -0.380908 -0.064568 0.3010 0.7450 0.9330
v -0.532576 -0.117895 0.058293 0.3010 0.7450 0.9330
v -0.655437 0.037729 0.020070 0.3010 0.7450 0.9330
v -0.840184 -0.146108 -0.054557 0.3010 0.7450 0.9330
v -0.577170 -0.044178 0.044642 0.3010 0.7450 0.9330
v -0.518925 -0.061470 0.061023 0.3010 0.7450 0.9330
v -0.637236 -0.176140 0.020070 0.3010 0.7450 0.9330
v -0.876587 -0.128816 -0.065478 0.3010 0.7450 0.9330
v -0.832903 0.161500 -0.036355 0.3010 0.7450 0.9330
v -0.756456 -0.028707 -0.019064 0.3010 0.7450 0.9330
v -0.868396 0.188802 -0.050917 0.3010 0.7450 0.9330
v -0.526206 -0.196162 0.056473 0.3010 0.7450 0.9330
v -0.916631 0.038639 -0.072758 0.3010 0.7450 0.9330
v -0.854745 0.113266 -0.047276 0.3010 0.7450 0.9330
v -0.713683 -0.474647 -0.024524 0.3010 0.7450 0.9330
v -0.717323 -0.320843 -0.021794 0.3010 0.7450 0.9330
v -0.805601 0.048650 -0.032715 0.3010 0.7450 0.9330
v -0.886598 -0.210723 -0.074579 0.3010 0.7450 0.9330
v -0.879317 -0.447344 -0.083679 0.3010 0.7450 0.9330
v -0.942113 0.148759 -0.080949 0.3010 0.7450 0.9330
v -0.637236 0.076862 0.032811 0.3010 0.7450 0.9330
v -0.914810 0.261609 -0.061837 0.3010 0.7450 0.9330
v -0.902979 -0.017786 -0.070028 0.3010 0.7450 0.9330
v -0.578080 -0.169770 0.039181 0.3010 0.7450 0.9330
v -0.736435 -0.111524 -0.015423 0.3010 0.7450 0.9330
v -0.882958 -0.285350 -0.076399 0.3010 0.7450 0.9330
v -0.660898 -0.091503 0.012789 0.3010 0.7450 0.9330
v -0.740985 -0.168860 -0.018154 0.3010 0.7450 0.9330
v -0.801050 -0.110614 -0.039085 0.3010 0.7450 0.9330
v -0.532576 -0.251677 0.053743 0.3010 0.7450 0.9330
v -0.804691 0.158770 -0.029985 0.3010 0.7450 0.9330
v -0.562609 0.014067 0.054653 0.3010 0.7450 0.9330
v -0.550778 -0.076941 0.052833 0.3010 0.7450 0.9330
v -0.760097 -0.143377 -0.024524 0.3010 0.7450 0.9330
v -0.684560 -0.062380 0.002778 0.3010 0.7450 0.9330
v -0.690020 -0.309012 -0.006323 0.3010 0.7450 0.9330
v -0.902069 -0.124266 -0.075489 0.3010 0.7450 0.9330
v -0.935742 0.119636 -0.080949 0.3010 0.7450 0.9330
v -0.605383 0.054110 0.041912 0.3010 0.7450 0.9330
v -0.770108 0.026808 -0.019064 0.3010 0.7450 0.9330
v -0.818342 0.102345 -0.034535 0.3010 0.7450 0.9330
v -0.855655 -0.215274 -0.060927 0.3010 0.7450 0.9330
v -0.922091 0.234306 -0.068208 0.3010 0.7450 0.9330
v -0.782849 0.080503 -0.021794 0.3010 0.7450 0.9330
v -0.675459 -0.368167 -0.002682 0.3010 0.7450 0.9330
v -0.816522 -0.604788 -0.065478 0.3010 0.7450 0.9330
v -0.852015 -0.354516 -0.064568 0.3010 0.7450 0.9330
v -0.683650 0.020437 0.010059 0.3010 0.7450 0.9330
v -0.591732 -0.001405 0.041002 0.3010 0.7450 0.9330
v -0.807421 -0.340865 -0.051827 0.3010 0.7450 0.9330
v -0.845644 -0.587497 -0.075489 0.3010 0.7450 0.9330
v -0.500724 -0.241666 0.068304 0.3010 0.7450 0.9330
v -0.584451 -0.143377 0.038271 0.3010 0.7450 0.9330
v -0.585361 -0.218914 0.033721 0.3010 0.7450 0.9330
v -0.912990 -0.098783 -0.079129 0.3010 0.7450 0.9330
v -0.670909 -0.006865 0.010969 0.3010 0.7450 0.9330
v -0.740075 -0.288990 -0.025434 0.3010 0.7450 0.9330
v -0.463410 -0.136097 0.079225 0.3010 0.7450 0.9330
v -0.789219 -0.493758 -0.050917 0.3010 0.7450 0.9330
v -0.772838 -0.088772 -0.027254 0.3010 0.7450 0.9330
v -0.809241 -0.177050 -0.042726 0.3010 0.7450 0.9330
v -0.474331 -0.194342 0.078315 0.3010 0.7450 0.9330
v -0.680920 -0.225285 0.000048 0.3010 0.7450 0.9330
v -0.768287 -0.249857 -0.033625 0.3010 0.7450 0.9330
v -0.512555 -0.137917 0.062844 0.3010 0.7450 0.9330
v -0.882958 0.130557 -0.060927 0.3010 0.7450 0.9330
v -0.754636 -0.346325 -0.032715 0.3010 0.7450 0.9330
v -0.830173 -0.549273 -0.068208 0.3010 0.7450 0.9330
v -0.537127 -0.019606 0.061023 0.3010 0.7450 0.9330
v -0.873857 -0.009595 -0.060017 0.3010 0.7450 0.9330
v -0.613574 -0.334494 0.017340 0.3010 0.7450 0.9330
v -0.869306 0.073222 -0.053647 0.3010 0.7450 0.9330
v -0.706402 -0.366347 -0.016333 0.3010 0.7450 0.9330
v -0.860206 -0.530162 -0.073669 0.3010 0.7450 0.9330
v -0.743715 -0.430963 -0.030895 0.3010 0.7450 0.9330
v -0.831993 -0.643922 -0.066388 0.3010 0.7450 0.9330
v -0.691841 -0.091503 -0.002682 0.3010 0.7450 0.9330
v -0.647247 -0.036898 0.020070 0.3010 0.7450 0.9330
v -0.611753 -0.186151 0.022800 0.3010 0.7450 0.9330
v -0.788309 -0.033257 -0.031805 0.3010 0.7450 0.9330
v -0.800140 -0.310832 -0.047276 0.3010 0.7450 0.9330
v -0.480702 -0.167949 0.072854 0.3010 0.7450 0.9330
v -0.822892 -0.120625 -0.048186 0.3010 0.7450 0.9330
v -0.896609 0.189712 -0.061837 0.3010 0.7450 0.9330
v -0.842914 -0.036898 -0.050006 0.3010 0.7450 0.9330
v -0.669999 -0.182511 0.006419 0.3010 0.7450 0.9330
v -0.722783 0.003146 -0.005412 0.3010 0.7450 0.9330
v -0.955764 0.201543 -0.088230 0.3010 0.7450 0.9330
v -0.835633 -0.063290 -0.050917 0.3010 0.7450 0.9330
v -0.842914 -0.495579 -0.068208 0.3010 0.7450 0.9330
v -0.862936 -0.409121 -0.072758 0.3010 0.7450 0.9330
v -0.669089 -0.393650 -0.003592 0.3010 0.7450 0.9330
v -0.821072 -0.395470 -0.056377 0.3010 0.7450 0.9330
v -0.828353 0.002236 -0.043636 0.3010 0.7450 0.9330
v -0.849285 -0.467366 -0.073669 0.3010 0.7450 0.9330
v -0.564429 -0.227105 0.042822 0.3010 0.7450 0.9330
v -0.737345 -0.056009 -0.013603 0.3010 0.7450 0.9330
v -0.785579 -0.370898 -0.042726 0.3010 0.7450 0.9330
v -0.736435 -0.481927 -0.028164 0.3010 0.7450 0.9330
v -0.896609 0.074132 -0.064568 0.3010 0.7450 0.9330
v -0.829263 -0.093323 -0.047276 0.3010 0.7450 0.9330
v -0.639966 -0.299911 0.010059 0.3010 0.7450 0.9330
v -0.602653 -0.023247 0.037361 0.3010 0.7450 0.9330
v -0.788309 -0.167039 -0.038175 0.3010 0.7450 0.9330
v -0.842004 0.058661 -0.045456 0.3010 0.7450 0.9330
v -0.717323 0.112355 0.000048 0.3010 0.7450 0.9330
v -0.852925 -0.091503 -0.056377 0.3010 0.7450 0.9330
v -0.738255 0.024988 -0.010873 0.3010 0.7450 0.9330
v -0.623584 -0.109704 0.021890 0.3010 0.7450 0.9330
v -0.615394 0.014067 0.031901 0.3010 0.7450 0.9330
v -0.736435 0.095974 -0.006323 0.3010 0.7450 0.9330
v -0.730064 0.069582 -0.004502 0.3010 0.7450 0.9330
v -0.913900 0.163320 -0.067298 0.3010 0.7450 0.9330
v -0.771928 -0.197072 -0.032715 0.3010 0.7450 0.9330
v -0.761917 0.113266 -0.014513 0.3010 0.7450 0.9330
v -0.629955 -0.352696 0.014609 0.3010 0.7450 0.9330
v -0.882047 0.226116 -0.054557 0.3010 0.7450 0.9330
v -0.811971 -0.456445 -0.060927 0.3010 0.7450 0.9330
v -0.815612 -0.147928 -0.044546 0.3010 0.7450 0.9330
v -0.752816 -0.547453 -0.035445 0.3010 0.7450 0.9330
v -0.641786 -0.390919 0.006419 0.3010 0.7450 0.9330
v -0.896609 -0.268968 -0.083679 0.3010 0.7450 0.9330
v -0.814702 -0.283530 -0.051827 0.3010 0.7450 0.9330
v -0.869306 -0.228925 -0.070938 0.3010 0.7450 0.9330
v -0.539857 -0.146108 0.052833 0.3010 0.7450 0.9330
v -0.710042 0.057751 0.003688 0.3010 0.7450 0.9330
v -0.654527 -0.333584 0.006419 0.3010 0.7450 0.9330
v -0.923001 0.066851 -0.076399 0.3010 0.7450 0.9330
v -0.677279 -0.155208 0.005508 0.3010 0.7450 0.9330
v -0.794680 -0.059650 -0.034535 0.3010 0.7450 0.9330
v -0.789219 -0.260778 -0.039996 0.3010 0.7450 0.9330
v -0.865666 -0.296271 -0.070028 0.3010 0.7450 0.9330
v -0.877497 -0.349966 -0.078219 0.3010 0.7450 0.9330
v -0.946663 0.301652 -0.076399 0.3010 0.7450 0.9330
v -0.405165 -0.116985 0.111078 0.3010 0.7450 0.9330
v -0.491623 -0.023247 0.084686 0.3010 0.7450 0.9330
v -0.695481 -0.166129 -0.003592 0.3010 0.7450 0.9330
v -0.868396 0.167870 -0.050917 0.3010 0.7450 0.9330
v -0.477972 -0.079672 0.079225 0.3010 0.7450 0.9330
v -0.799230 -0.576576 -0.057287 0.3010 0.7450 0.9330
v -0.545318 -0.195252 0.048282 0.3010 0.7450 0.9330
v -0.597192 -0.086952 0.038271 0.3010 0.7450 0.9330
v -0.714593 -0.059650 -0.007233 0.3010 0.7450 0.9330
v -0.756456 -0.399110 -0.033625 0.3010 0.7450 0.9330
v -0.635416 -0.068751 0.023710 0.3010 0.7450 0.9330
v -0.718233 -0.406391 -0.021794 0.3010 0.7450 0.9330
v -0.642696 -0.096963 0.020070 0.3010 0.7450 0.9330
v -0.828353 -0.424592 -0.061837 0.3010 0.7450 0.9330
v -0.746445 -0.520151 -0.037265 0.3010 0.7450 0.9330
v -0.795590 -0.233475 -0.043636 0.3010 0.7450 0.9330
v -0.640876 -0.008685 0.023710 0.3010 0.7450 0.9330
v -0.628135 -0.040538 0.023710 0.3010 0.7450 0.9330
v -0.633595 0.020437 0.028261 0.3010 0.7450 0.9330
v -0.716413 -0.196162 -0.008143 0.3010 0.7450 0.9330
v -0.836543 -0.297181 -0.056377 0.3010 0.7450 0.9330
v -0.878407 -0.400020 -0.080039 0.3010 0.7450 0.9330
v -0.755546 -0.301731 -0.030895 0.3010 0.7450 0.9330
v -0.658168 -0.249857 0.007329 0.3010 0.7450 0.9330
v -0.582631 -0.268968 0.031901 0.3010 0.7450 0.9330
v -0.710042 -0.015056 0.000048 0.3010 0.7450 0.9330
v -0.696391 -0.280800 -0.005412 0.3010 0.7450 0.9330
v -0.695481 -0.235295 -0.007233 0.3010 0.7450 0.9330
v -0.845644 0.217015 -0.039996 0.3010 0.7450 0.9330
v -0.644516 -0.194342 0.012789 0.3010 0.7450 0.9330
v -0.732794 -0.463726 -0.029075 0.3010 0.7450 0.9330
v -0.750996 0.154219 -0.009963 0.3010 0.7450 0.9330
v -0.585361 -0.027797 0.042822 0.3010 0.7450 0.9330
v -0.741895 -0.359066 -0.029075 0.3010 0.7450 0.9330
v -0.917541 -0.007775 -0.076399 0.3010 0.7450 0.9330
v -0.432467 -0.114255 0.091966 0.3010 0.7450 0.9330
v -0.667268 -0.120625 0.008239 0.3010 0.7450 0.9330
v -0.598102 -0.131546 0.030991 0.3010 0.7450 0.9330
v -0.762827 -0.003225 -0.019974 0.3010 0.7450 0.9330
v -0.795590 0.134197 -0.028164 0.3010 0.7450 0.9330
v -0.630865 -0.138827 0.020070 0.3010 0.7450 0.9330
v -0.580811 -0.316293 0.029171 0.3010 0.7450 0.9330
v -0.552598 -0.006865 0.053743 0.3010 0.7450 0.9330
v -0.649977 -0.267148 0.009149 0.3010 0.7450 0.9330
v -0.704582 -0.349056 -0.015423 0.3010 0.7450 0.9330
v -0.572620 -0.084222 0.045552 0.3010 0.7450 0.9330
v -0.926641 0.217925 -0.070938 0.3010 0.7450 0.9330
v -0.812881 -0.520151 -0.059107 0.3010 0.7450 0.9330
v -0.809241 -0.410941 -0.053647 0.3010 0.7450 0.9330
v -0.674549 -0.440064 -0.007233 0.3010 0.7450 0.9330
v -0.779208 -0.061470 -0.028164 0.3010 0.7450 0.9330
v -0.663628 -0.210723 0.004598 0.3010 0.7450 0.9330
v -0.780118 -0.145197 -0.033625 0.3010 0.7450 0.9330
v -0.769197 -0.407301 -0.040906 0.3010 0.7450 0.9330
v -0.863846 -0.340865 -0.072758 0.3010 0.7450 0.9330
v -0.726424 -0.282620 -0.018154 0.3010 0.7450 0.9330
v -0.726424 -0.234385 -0.018154 0.3010 0.7450 0.9330
v -0.838364 -0.565655 -0.072758 0.3010 0.7450 0.9330
v -0.706402 -0.446434 -0.019974 0.3010 0.7450 0.9330
v -0.868396 -0.097873 -0.061837 0.3010 0.7450 0.9330
v -0.936652 0.174241 -0.075489 0.3010 0.7450 0.9330
v -0.649977 0.077772 0.022800 0.3010 0.7450 0.9330
v -0.824712 -0.511050 -0.066388 0.3010 0.7450 0.9330
v -0.751906 -0.112435 -0.019974 0.3010 0.7450 0.9330
v -0.881137 -0.039628 -0.060927 0.3010 0.7450 0.9330
v -0.696391 -0.072391 -0.000862 0.3010 0.7450 0.9330
v -0.755546 -0.228015 -0.028164 0.3010 0.7450 0.9330
v -0.933012 0.246137 -0.073669 0.3010 0.7450 0.9330
v -0.823802 -0.631181 -0.070938 0.3010 0.7450 0.9330
v -0.813791 -0.003225 -0.040906 0.3010 0.7450 0.9330
v -0.716413 0.029538 0.000958 0.3010 0.7450 0.9330
v -0.781939 -0.524701 -0.052737 0.3010 0.7450 0.9330
v -0.882047 -0.154298 -0.070938 0.3010 0.7450 0.9330
v -0.880227 0.023168 -0.061837 0.3010 0.7450 0.9330
v -0.546228 -0.035078 0.056473 0.3010 0.7450 0.9330
v -0.410626 -0.131546 0.105617 0.3010 0.7450 0.9330
v -0.619034 -0.214364 0.021890 0.3010 0.7450 0.9330
v -0.889328 -0.299001 -0.082769 0.3010 0.7450 0.9330
v -0.821982 -0.355426 -0.057287 0.3010 0.7450 0.9330
v -0.699121 -0.122445 -0.001772 0.3010 0.7450 0.9330
v -0.643606 -0.146108 0.015519 0.3010 0.7450 0.9330
v -0.683650 -0.263508 -0.002682 0.3010 0.7450 0.9330
v -0.839274 0.131467 -0.040906 0.3010 0.7450 0.9330
v -0.842004 -0.271699 -0.060017 0.3010 0.7450 0.9330
v -0.909350 0.241587 -0.064568 0.3010 0.7450 0.9330
v -0.590822 -0.100603 0.037361 0.3010 0.7450 0.9330
v -0.923911 0.111445 -0.076399 0.3010 0.7450 0.9330
v -0.680920 -0.175230 -0.000862 0.3010 0.7450 0.9330
v -0.825622 -0.463726 -0.062748 0.3010 0.7450 0.9330
v -0.880227 -0.238936 -0.072758 0.3010 0.7450 0.9330
v -0.623584 -0.229835 0.019160 0.3010 0.7450 0.9330
v -0.929372 0.203364 -0.070028 0.3010 0.7450 0.9330
v -0.445209 -0.127906 0.089236 0.3010 0.7450 0.9330
v -0.816522 -0.381818 -0.054557 0.3010 0.7450 0.9330
v -0.446119 -0.168860 0.088326 0.3010 0.7450 0.9330
v -0.659988 -0.382729 -0.000862 0.3010 0.7450 0.9330
v -0.720053 -0.207993 -0.015423 0.3010 0.7450 0.9330
v -0.903889 0.044099 -0.069118 0.3010 0.7450 0.9330
v -0.782849 -0.461906 -0.049096 0.3010 0.7450 0.9330
v -0.876587 0.104165 -0.059107 0.3010 0.7450 0.9330
v -0.678189 0.085053 0.010969 0.3010 0.7450 0.9330
v -0.703672 0.104165 0.002778 0.3010 0.7450 0.9330
v -0.706402 -0.028707 -0.001772 0.3010 0.7450 0.9330
v -0.608113 0.042279 0.034631 0.3010 0.7450 0.9330
v -0.840184 0.016797 -0.045456 0.3010 0.7450 0.9330
v -0.811971 0.130557 -0.032715 0.3010 0.7450 0.9330
v -0.894789 -0.094233 -0.070028 0.3010 0.7450 0.9330
v -0.724603 0.082323 -0.002682 0.3010 0.7450 0.9330
v -0.781939 -0.288990 -0.039996 0.3010 0.7450 0.9330
v -0.849285 -0.424592 -0.070938 0.3010 0.7450 0.9330
v -0.554418 -0.205263 0.045552 0.3010 0.7450 0.9330
v -0.845644 0.105985 -0.039996 0.3010 0.7450 0.9330
v -0.731884 0.052290 -0.009053 0.3010 0.7450 0.9330
v -0.505274 -0.204353 0.062844 0.3010 0.7450 0.9330
v -0.508004 -0.057830 0.068304 0.3010 0.7450 0.9330
v -0.713683 -0.339045 -0.016333 0.3010 0.7450 0.9330
v -0.746445 -0.535622 -0.034535 0.3010 0.7450 0.9330
v -0.801960 -0.440064 -0.050917 0.3010 0.7450 0.9330
v -0.752816 -0.171590 -0.023614 0.3010 0.7450 0.9330
v -0.842004 -0.254407 -0.061837 0.3010 0.7450 0.9330
v -0.538947 -0.062380 0.057383 0.3010 0.7450 0.9330
v -0.752816 -0.509230 -0.039996 0.3010 0.7450 0.9330
v -0.749176 -0.331764 -0.029075 0.3010 0.7450 0.9330
v -0.690020 -0.291720 -0.007233 0.3010 0.7450 0.9330
v -0.474331 -0.130636 0.075585 0.3010 0.7450 0.9330
v -0.862936 -0.481927 -0.079129 0.3010 0.7450 0.9330
v -0.729154 -0.414581 -0.026344 0.3010 0.7450 0.9330
v -0.769197 -0.285350 -0.037265 0.3010 0.7450 0.9330
v -0.578080 -0.187971 0.039181 0.3010 0.7450 0.9330
v -0.768287 0.138748 -0.015423 0.3010 0.7450 0.9330
v -0.855655 0.019527 -0.050917 0.3010 0.7450 0.9330
v -0.696391 -0.319023 -0.009963 0.3010 0.7450 0.9330
v -0.730064 -0.508320 -0.029075 0.3010 0.7450 0.9330
v -0.722783 -0.170680 -0.013603 0.3010 0.7450 0.9330
v -0.876587 0.158770 -0.052737 0.3010 0.7450 0.9330
v -0.906620 0.135108 -0.067298 0.3010 0.7450 0.9330
v -0.494353 -0.113345 0.071034 0.3010 0.7450 0.9330
v -0.811061 -0.575666 -0.060017 0.3010 0.7450 0.9330
v -0.710952 -0.377268 -0.019064 0.3010 0.7450 0.9330
v -0.578991 -0.056009 0.042822 0.3010 0.7450 0.9330
v -0.882958 -0.324483 -0.080039 0.3010 0.7450 0.9330
v -0.717323 0.013157 -0.001772 0.3010 0.7450 0.9330
v -0.931192 0.081413 -0.079129 0.3010 0.7450 0.9330
v -0.792860 0.081413 -0.028164 0.3010 0.7450 0.9330
v -0.809241 0.189712 -0.026344 0.3010 0.7450 0.9330
v -0.619944 -0.359066 0.014609 0.3010 0.7450 0.9330
v -0.832903 -0.435513 -0.062748 0.3010 0.7450 0.9330
v -0.746445 0.136018 -0.009963 0.3010 0.7450 0.9330
v -0.491623 -0.054189 0.070124 0.3010 0.7450 0.9330
v -0.735524 0.002236 -0.011783 0.3010 0.7450 0.9330
v -0.739165 -0.491938 -0.033625 0.3010 0.7450 0.9330
v -0.567159 -0.259868 0.040092 0.3010 0.7450 0.9330
v -0.570800 -0.160669 0.040092 0.3010 0.7450 0.9330
v -0.701851 -0.138827 -0.005412 0.3010 0.7450 0.9330
v -0.697301 0.075952 0.007329 0.3010 0.7450 0.9330
v -0.781029 -0.005045 -0.027254 0.3010 0.7450 0.9330
v -0.915720 0.271620 -0.067298 0.3010 0.7450 0.9330
v -0.910260 0.018617 -0.070028 0.3010 0.7450 0.9330
v -0.540767 -0.254407 0.046462 0.3010 0.7450 0.9330
v -0.743715 -0.452805 -0.031805 0.3010 0.7450 0.9330
v -0.750086 -0.056920 -0.017244 0.3010 0.7450 0.9330
v -0.518925 -0.147018 0.061023 0.3010 0.7450 0.9330
v -0.692751 0.025898 0.006419 0.3010 0.7450 0.9330
v -0.899339 -0.157028 -0.078219 0.3010 0.7450 0.9330
v -0.565339 -0.111524 0.046462 0.3010 0.7450 0.9330
v -0.657257 0.048650 0.020070 0.3010 0.7450 0.9330
v -0.480702 -0.157028 0.074675 0.3010 0.7450 0.9330
v -0.656347 -0.238936 0.007329 0.3010 0.7450 0.9330
v -0.852925 0.075952 -0.047276 0.3010 0.7450 0.9330
v -0.676369 -0.235295 0.000958 0.3010 0.7450 0.9330
v -0.664538 -0.061470 0.015519 0.3010 0.7450 0.9330
v -0.720053 -0.310832 -0.018154 0.3010 0.7450 0.9330
v -0.895699 0.224295 -0.061837 0.3010 0.7450 0.9330
v -0.870216 -0.380908 -0.075489 0.3010 0.7450 0.9330
v -0.512555 -0.176140 0.061934 0.3010 0.7450 0.9330
v -0.690020 -0.101514 0.000958 0.3010 0.7450 0.9330
v -0.603563 -0.061470 0.033721 0.3010 0.7450 0.9330
v -0.808331 -0.116985 -0.043636 0.3010 0.7450 0.9330
v -0.900249 0.105075 -0.064568 0.3010 0.7450 0.9330
v -0.752816 0.110535 -0.009963 0.3010 0.7450 0.9330
v -0.700031 -0.393650 -0.014513 0.3010 0.7450 0.9330
v -0.862026 -0.198892 -0.064568 0.3010 0.7450 0.9330
v -0.635416 -0.047819 0.022800 0.3010 0.7450 0.9330
v -0.735524 -0.386369 -0.028164 0.3010 0.7450 0.9330
v -0.559879 0.022257 0.060113 0.3010 0.7450 0.9330
v -0.702762 -0.252587 -0.010873 0.3010 0.7450 0.9330
v -0.642696 -0.018696 0.023710 0.3010 0.7450 0.9330
v -0.852925 -0.037808 -0.050917 0.3010 0.7450 0.9330
v -0.818342 -0.481927 -0.062748 0.3010 0.7450 0.9330
v -0.762827 -0.258047 -0.031805 0.3010 0.7450 0.9330
v -0.806511 -0.285350 -0.046366 0.3010 0.7450 0.9330
v -0.629045 -0.076031 0.025530 0.3010 0.7450 0.9330
v -0.874767 0.196083 -0.052737 0.3010 0.7450 0.9330
v -0.895699 -0.209813 -0.078219 0.3010 0.7450 0.9330
v -0.767377 0.049560 -0.019974 0.3010 0.7450 0.9330
v -0.637236 -0.167039 0.016429 0.3010 0.7450 0.9330
v -0.806511 0.024078 -0.036355 0.3010 0.7450 0.9330
v -0.831993 -0.540173 -0.070938 0.3010 0.7450 0.9330
v -0.840184 -0.113345 -0.050006 0.3010 0.7450 0.9330
v -0.848374 -0.144287 -0.059107 0.3010 0.7450 0.9330
v -0.589911 0.029538 0.043732 0.3010 0.7450 0.9330
v -0.727334 -0.111524 -0.012693 0.3010 0.7450 0.9330
v -0.720963 -0.086042 -0.011783 0.3010 0.7450 0.9330
v -0.902979 0.196083 -0.064568 0.3010 0.7450 0.9330
v -0.872947 -0.267148 -0.069118 0.3010 0.7450 0.9330
v -0.547138 -0.176140 0.051013 0.3010 0.7450 0.9330
v -0.940293 0.273440 -0.073669 0.3010 0.7450 0.9330
v -0.760097 -0.481927 -0.038175 0.3010 0.7450 0.9330
v -0.498903 -0.232565 0.068304 0.3010 0.7450 0.9330
v -0.750086 -0.424592 -0.032715 0.3010 0.7450 0.9330
v -0.721873 -0.054189 -0.008143 0.3010 0.7450 0.9330
v -0.689110 -0.206173 -0.001772 0.3010 0.7450 0.9330
v -0.653617 -0.356336 0.000958 0.3010 0.7450 0.9330
v -0.775568 -0.434603 -0.043636 0.3010 0.7450 0.9330
v -0.627225 -0.388189 0.015519 0.3010 0.7450 0.9330
v -0.725514 -0.433693 -0.023614 0.3010 0.7450 0.9330
v -0.668178 -0.414581 -0.003592 0.3010 0.7450 0.9330
v -0.574440 -0.287170 0.033721 0.3010 0.7450 0.9330
v -0.685470 0.055930 0.007329 0.3010 0.7450 0.9330
v -0.647247 -0.330854 0.002778 0.3010 0.7450 0.9330
v -0.773748 -0.116985 -0.029985 0.3010 0.7450 0.9330
v -0.621764 -0.103334 0.027350 0.3010 0.7450 0.9330
v -0.909350 0.168781 -0.062748 0.3010 0.7450 0.9330
v -0.564429 -0.133366 0.045552 0.3010 0.7450 0.9330
v -0.801050 -0.087862 -0.039996 0.3010 0.7450 0.9330
v -0.526206 -0.116075 0.062844 0.3010 0.7450 0.9330
v -0.699121 -0.417312 -0.017244 0.3010 0.7450 0.9330
v 0.993629 -0.441884 -0.070938 0.6350 0.0780 0.1840
v -0.824712 -0.674865 -0.075489 0.6350 0.0780 0.1840
v 0.146344 -0.552004 -0.076399 0.6350 0.0780 0.1840
v -0.345100 -0.541993 -0.051827 0.6350 0.0780 0.1840
v 0.556791 -0.391829 -0.037265 0.6350 0.0780 0.1840
v -0.078446 -0.198892 0.061023 0.6350 0.0780 0.1840
v 0.262834 -0.235295 0.033721 0.6350 0.0780 0.1840
v -0.627225 -0.448254 -0.006323 0.6350 0.0780 0.1840
v -0.381503 -0.288990 0.044642 0.6350 0.0780 0.1840
v -0.093007 -0.448254 -0.029075 0.6350 0.0780 0.1840
v 0.506736 -0.185241 0.041912 0.6350 0.0780 0.1840
v 0.763379 -0.467366 -0.072758 0.6350 0.0780 0.1840
v 0.379325 -0.519241 -0.072758 0.6350 0.0780 0.1840
v -0.560789 -0.640281 -0.079129 0.6350 0.0780 0.1840
v 0.099020 -0.359066 -0.002682 0.6350 0.0780 0.1840
v 0.311979 -0.031437 0.104707 0.6350 0.0780 0.1840
v 0.089009 -0.155208 0.072854 0.6350 0.0780 0.1840
v -0.197667 -0.322663 0.023710 0.6350 0.0780 0.1840
v 0.399347 -0.335404 -0.008143 0.6350 0.0780 0.1840
v 0.252824 -0.408211 -0.027254 0.6350 0.0780 0.1840
v -0.455220 -0.431873 -0.009053 0.6350 0.0780 0.1840
v -0.191296 -0.579306 -0.074579 0.6350 0.0780 0.1840
v 0.644158 -0.259868 0.011879 0.6350 0.0780 0.1840
v 0.866218 -0.356336 -0.029075 0.6350 0.0780 0.1840
v -0.230430 -0.180691 0.075585 0.6350 0.0780 0.1840
v -0.010190 -0.562015 -0.073669 0.6350 0.0780 0.1840
v -0.311427 -0.404571 -0.002682 0.6350 0.0780 0.1840
v -0.688200 -0.585677 -0.049096 0.6350 0.0780 0.1840
v -0.026571 -0.065110 0.114718 0.6350 0.0780 0.1840
v 0.380235 -0.151568 0.057383 0.6350 0.0780 0.1840
v -0.036582 -0.336314 0.010059 0.6350 0.0780 0.1840
v 0.735166 -0.351786 -0.028164 0.6350 0.0780 0.1840
v 0.220061 -0.113345 0.077405 0.6350 0.0780 0.1840
v 0.501276 -0.496489 -0.070938 0.6350 0.0780 0.1840
v -0.487982 -0.546543 -0.048186 0.6350 0.0780 0.1840
v 0.042595 -0.459175 -0.038175 0.6350 0.0780 0.1840
v 0.621406 -0.481017 -0.076399 0.6350 0.0780 0.1840
v 0.149984 -0.243486 0.033721 0.6350 0.0780 0.1840
v -0.205857 -0.449164 -0.026344 0.6350 0.0780 0.1840
v 0.519477 -0.288990 0.003688 0.6350 0.0780 0.1840
v 0.256464 -0.541083 -0.081859 0.6350 0.0780 0.1840
v 0.426649 -0.053279 0.097427 0.6350 0.0780 0.1840
v 0.017113 -0.246216 0.043732 0.6350 0.0780 0.1840
v -0.329628 -0.143377 0.094696 0.6350 0.0780 0.1840
v 0.153625 -0.446434 -0.040906 0.6350 0.0780 0.1840
v -0.423367 -0.620260 -0.076399 0.6350 0.0780 0.1840
v 0.864398 -0.458265 -0.077309 0.6350 0.0780 0.1840
v -0.556239 -0.380908 0.016429 0.6350 0.0780 0.1840
v 0.353842 -0.427323 -0.041816 0.6350 0.0780 0.1840
v 0.427559 -0.248037 0.022800 0.6350 0.0780 0.1840
v -0.280484 -0.278979 0.038271 0.6350 0.0780 0.1840
v 0.205499 -0.332674 0.002778 0.6350 0.0780 0.1840
v -0.581721 -0.553824 -0.045456 0.6350 0.0780 0.1840
v 0.301968 -0.331764 -0.003592 0.6350 0.0780 0.1840
v 0.652349 -0.394560 -0.039085 0.6350 0.0780 0.1840
v -0.127590 -0.126086 0.093786 0.6350 0.0780 0.1840
v 0.598654 -0.168860 0.045552 0.6350 0.0780 0.1840
v -0.470691 -0.348145 0.024620 0.6350 0.0780 0.1840
v -0.113939 -0.533802 -0.058197 0.6350 0.0780 0.1840
v 0.453951 -0.402750 -0.036355 0.6350 0.0780 0.1840
v -0.111209 -0.289900 0.031901 0.6350 0.0780 0.1840
v 0.062617 -0.070571 0.100157 0.6350 0.0780 0.1840
v -0.534397 -0.469186 -0.017244 0.6350 0.0780 0.1840
v -0.004729 -0.155208 0.075585 0.6350 0.0780 0.1840
v -0.259552 -0.527431 -0.049096 0.6350 0.0780 0.1840
v -0.124860 -0.374538 0.002778 0.6350 0.0780 0.1840
v -0.160353 -0.227105 0.058293 0.6350 0.0780 0.1840
v -0.262282 -0.097873 0.111988 0.6350 0.0780 0.1840
v -0.297775 -0.602968 -0.076399 0.6350 0.0780 0.1840
v 0.740627 -0.249857 0.016429 0.6350 0.0780 0.1840
v 0.347472 -0.240756 0.027350 0.6350 0.0780 0.1840
v -0.386963 -0.471006 -0.023614 0.6350 0.0780 0.1840
v 0.590464 -0.324483 -0.011783 0.6350 0.0780 0.1840
v 0.294687 -0.167039 0.058293 0.6350 0.0780 0.1840
v 0.141794 -0.067841 0.100157 0.6350 0.0780 0.1840
v -0.019291 -0.407301 -0.019974 0.6350 0.0780 0.1840
v -0.719143 -0.651202 -0.076399 0.6350 0.0780 0.1840
v 0.468513 -0.124266 0.070124 0.6350 0.0780 0.1840
v 0.064437 -0.547453 -0.071848 0.6350 0.0780 0.1840
v -0.403345 -0.379088 0.010059 0.6350 0.0780 0.1840
v -0.389694 -0.218914 0.071034 0.6350 0.0780 0.1840
v -0.235890 -0.382729 0.002778 0.6350 0.0780 0.1840
v 0.786131 -0.400020 -0.052737 0.6350 0.0780 0.1840
v -0.633595 -0.633911 -0.076399 0.6350 0.0780 0.1840
v 0.692393 -0.453715 -0.063658 0.6350 0.0780 0.1840
v 0.088099 -0.289900 0.017340 0.6350 0.0780 0.1840
v 0.311979 -0.492848 -0.064568 0.6350 0.0780 0.1840
v 0.163636 -0.156118 0.066484 0.6350 0.0780 0.1840
v -0.040223 -0.492848 -0.047276 0.6350 0.0780 0.1840
v -0.383323 -0.106974 0.121999 0.6350 0.0780 0.1840
v 0.200949 -0.492848 -0.060927 0.6350 0.0780 0.1840
v -0.453399 -0.284440 0.044642 0.6350 0.0780 0.1840
v 0.342011 -0.099693 0.081955 0.6350 0.0780 0.1840
v -0.323258 -0.207993 0.066484 0.6350 0.0780 0.1840
v 0.689662 -0.305372 -0.008143 0.6350 0.0780 0.1840
v 0.435750 -0.484658 -0.063658 0.6350 0.0780 0.1840
v 0.577722 -0.256227 0.011879 0.6350 0.0780 0.1840
v -0.498903 -0.617529 -0.072758 0.6350 0.0780 0.1840
v 0.186388 -0.393650 -0.019064 0.6350 0.0780 0.1840
v 0.209140 -0.201622 0.052833 0.6350 0.0780 0.1840
v 0.038044 -0.331764 0.010059 0.6350 0.0780 0.1840
v -0.318707 -0.329944 0.023710 0.6350 0.0780 0.1840
v -0.641786 -0.509230 -0.024524 0.6350 0.0780 0.1840
v -0.273203 -0.467366 -0.028164 0.6350 0.0780 0.1840
v -0.050233 -0.272609 0.046462 0.6350 0.0780 0.1840
v -0.074806 -0.582036 -0.075489 0.6350 0.0780 0.1840
v 0.504916 -0.349056 -0.014513 0.6350 0.0780 0.1840
v 0.099020 -0.486478 -0.052737 0.6350 0.0780 0.1840
v 0.074448 -0.212543 0.049192 0.6350 0.0780 0.1840
v -0.408805 -0.561104 -0.058197 0.6350 0.0780 0.1840
v 0.273755 -0.080582 0.091966 0.6350 0.0780 0.1840
v -0.188566 -0.520151 -0.053647 0.6350 0.0780 0.1840
v -0.057514 -0.114255 0.091056 0.6350 0.0780 0.1840
v 0.799782 -0.343595 -0.029075 0.6350 0.0780 0.1840
v 0.571352 -0.450075 -0.057287 0.6350 0.0780 0.1840
v -0.468871 -0.489208 -0.027254 0.6350 0.0780 0.1840
v -0.207677 -0.265328 0.042822 0.6350 0.0780 0.1840
v -0.358751 -0.600238 -0.072758 0.6350 0.0780 0.1840
v 0.343832 -0.371808 -0.019974 0.6350 0.0780 0.1840
v 0.059886 -0.404571 -0.019974 0.6350 0.0780 0.1840
v 0.249183 -0.292631 0.012789 0.6350 0.0780 0.1840
v 0.441210 -0.192522 0.041002 0.6350 0.0780 0.1840
v 0.147254 -0.324483 0.009149 0.6350 0.0780 0.1840
v 0.653259 -0.189791 0.035541 0.6350 0.0780 0.1840
v -0.774658 -0.635731 -0.067298 0.6350 0.0780 0.1840
v -0.201307 -0.106974 0.104707 0.6350 0.0780 0.1840
v -0.329628 -0.480107 -0.029985 0.6350 0.0780 0.1840
v -0.174915 -0.167039 0.081955 0.6350 0.0780 0.1840
v 0.496725 -0.238936 0.024620 0.6350 0.0780 0.1840
v -0.266833 -0.222554 0.061934 0.6350 0.0780 0.1840
v 0.751548 -0.300821 -0.006323 0.6350 0.0780 0.1840
v 0.041685 -0.124266 0.086506 0.6350 0.0780 0.1840
v 0.877139 -0.403660 -0.057287 0.6350 0.0780 0.1840
v -0.181285 -0.386369 -0.002682 0.6350 0.0780 0.1840
v -0.159443 -0.476467 -0.037265 0.6350 0.0780 0.1840
v 0.516747 -0.428233 -0.046366 0.6350 0.0780 0.1840
v 0.192758 -0.275339 0.020980 0.6350 0.0780 0.1840
v -0.496173 -0.399110 0.005508 0.6350 0.0780 0.1840
v 0.297417 -0.435513 -0.041816 0.6350 0.0780 0.1840
v 0.706044 -0.395470 -0.044546 0.6350 0.0780 0.1840
v 0.939935 -0.440064 -0.070938 0.6350 0.0780 0.1840
v 0.112671 -0.417312 -0.022704 0.6350 0.0780 0.1840
v 0.362033 -0.300821 0.007329 0.6350 0.0780 0.1840
v -0.390604 -0.167949 0.085596 0.6350 0.0780 0.1840
v -0.241350 -0.595688 -0.075489 0.6350 0.0780 0.1840
v -0.602653 -0.404571 0.009149 0.6350 0.0780 0.1840
v -0.443388 -0.222554 0.069214 0.6350 0.0780 0.1840
v 0.459412 -0.324483 -0.008143 0.6350 0.0780 0.1840
v 0.392066 -0.395470 -0.028164 0.6350 0.0780 0.1840
v 0.554970 -0.141557 0.055563 0.6350 0.0780 0.1840
v 0.666000 -0.347235 -0.025434 0.6350 0.0780 0.1840
v -0.258642 -0.340865 0.020980 0.6350 0.0780 0.1840
v 0.018023 -0.501949 -0.050917 0.6350 0.0780 0.1840
v -0.354201 -0.367257 0.015519 0.6350 0.0780 0.1840
v -0.146702 -0.420952 -0.016333 0.6350 0.0780 0.1840
v 0.398436 -0.449164 -0.051827 0.6350 0.0780 0.1840
v 0.393886 -0.209813 0.039181 0.6350 0.0780 0.1840
v 0.199129 -0.073301 0.099247 0.6350 0.0780 0.1840
v 0.469423 -0.076031 0.084686 0.6350 0.0780 0.1840
v -0.734614 -0.561104 -0.037265 0.6350 0.0780 0.1840
v 0.609575 -0.219824 0.024620 0.6350 0.0780 0.1840
v -0.530756 -0.516510 -0.032715 0.6350 0.0780 0.1840
v 0.167276 -0.110614 0.086506 0.6350 0.0780 0.1840
v 0.102660 -0.098783 0.091056 0.6350 0.0780 0.1840
v -0.064795 -0.390009 -0.009963 0.6350 0.0780 0.1840
v -0.597192 -0.484658 -0.021794 0.6350 0.0780 0.1840
v 0.234622 -0.450985 -0.044546 0.6350 0.0780 0.1840
v -0.396974 -0.517421 -0.038175 0.6350 0.0780 0.1840
v -0.453399 -0.584767 -0.060017 0.6350 0.0780 0.1840
v 0.551330 -0.218004 0.028261 0.6350 0.0780 0.1840
v 0.008012 -0.369077 -0.005412 0.6350 0.0780 0.1840
v 0.810703 -0.454625 -0.072758 0.6350 0.0780 0.1840
v -0.394244 -0.425502 -0.007233 0.6350 0.0780 0.1840
v -0.628135 -0.568385 -0.050006 0.6350 0.0780 0.1840
v -0.507094 -0.267148 0.064664 0.6350 0.0780 0.1840
v -0.323258 -0.260778 0.052833 0.6350 0.0780 0.1840
v 0.409357 -0.116075 0.072854 0.6350 0.0780 0.1840
v 0.008922 -0.289900 0.024620 0.6350 0.0780 0.1840
v -0.538037 -0.339045 0.031901 0.6350 0.0780 0.1840
v -0.290495 -0.168860 0.082865 0.6350 0.0780 0.1840
v 0.548600 -0.500129 -0.076399 0.6350 0.0780 0.1840
v 0.611395 -0.362707 -0.030895 0.6350 0.0780 0.1840
v -0.099378 -0.246216 0.046462 0.6350 0.0780 0.1840
v 0.006192 -0.095143 0.096517 0.6350 0.0780 0.1840
v 0.337461 -0.181601 0.047372 0.6350 0.0780 0.1840
v -0.095738 -0.157028 0.080135 0.6350 0.0780 0.1840
v -0.013830 -0.457355 -0.035445 0.6350 0.0780 0.1840
v 0.251913 -0.145197 0.069214 0.6350 0.0780 0.1840
v -0.541677 -0.573846 -0.054557 0.6350 0.0780 0.1840
v 0.037134 -0.172500 0.070124 0.6350 0.0780 0.1840
v -0.163084 -0.274429 0.040092 0.6350 0.0780 0.1840
v 0.321990 -0.281710 0.017340 0.6350 0.0780 0.1840
v 0.291047 -0.117895 0.072854 0.6350 0.0780 0.1840
v 0.146344 -0.196162 0.054653 0.6350 0.0780 0.1840
v 0.283766 -0.376358 -0.019064 0.6350 0.0780 0.1840
v 0.104480 -0.244396 0.038271 0.6350 0.0780 0.1840
v 0.308338 -0.222554 0.040092 0.6350 0.0780 0.1840
v -0.396974 -0.328124 0.029171 0.6350 0.0780 0.1840
v -0.036582 -0.213454 0.054653 0.6350 0.0780 0.1840
v 0.245543 -0.349966 -0.005412 0.6350 0.0780 0.1840
v -0.245901 -0.136097 0.096517 0.6350 0.0780 0.1840
v 0.617766 -0.420042 -0.049096 0.6350 0.0780 0.1840
v -0.081176 -0.080582 0.106527 0.6350 0.0780 0.1840
v -0.412446 -0.258958 0.052833 0.6350 0.0780 0.1840
v -0.439748 -0.526521 -0.040906 0.6350 0.0780 0.1840
v 0.645978 -0.304462 -0.007233 0.6350 0.0780 0.1840
v 0.415728 -0.298091 0.006419 0.6350 0.0780 0.1840
v 0.266475 -0.477377 -0.056377 0.6350 0.0780 0.1840
v 0.476703 -0.464636 -0.057287 0.6350 0.0780 0.1840
v -0.078446 -0.334494 0.016429 0.6350 0.0780 0.1840
v -0.137601 -0.565655 -0.071848 0.6350 0.0780 0.1840
v -0.544407 -0.418222 0.001868 0.6350 0.0780 0.1840
v 0.197309 -0.532892 -0.071848 0.6350 0.0780 0.1840
v -0.279574 -0.428233 -0.015423 0.6350 0.0780 0.1840
v 0.365674 -0.066930 0.091966 0.6350 0.0780 0.1840
v -0.230430 -0.554734 -0.060927 0.6350 0.0780 0.1840
v -0.079356 -0.511960 -0.050917 0.6350 0.0780 0.1840
v -0.665448 -0.540173 -0.038175 0.6350 0.0780 0.1840
v 0.838916 -0.390009 -0.050006 0.6350 0.0780 0.1840
v -0.672729 -0.646652 -0.077309 0.6350 0.0780 0.1840
v -0.301416 -0.365437 0.012789 0.6350 0.0780 0.1840
v 0.542229 -0.332674 -0.010873 0.6350 0.0780 0.1840
v 0.160905 -0.489208 -0.055467 0.6350 0.0780 0.1840
v 0.034404 -0.210723 0.053743 0.6350 0.0780 0.1840
v 0.048055 -0.268968 0.031901 0.6350 0.0780 0.1840
v -0.106658 -0.406391 -0.013603 0.6350 0.0780 0.1840
v -0.717323 -0.613889 -0.061837 0.6350 0.0780 0.1840
v -0.144882 -0.341775 0.013699 0.6350 0.0780 0.1840
v -0.048413 -0.552004 -0.068208 0.6350 0.0780 0.1840
v 0.139063 -0.388189 -0.016333 0.6350 0.0780 0.1840
v -0.594462 -0.621170 -0.070028 0.6350 0.0780 0.1840
v 0.371134 -0.482837 -0.059107 0.6350 0.0780 0.1840
v 0.418458 -0.161579 0.055563 0.6350 0.0780 0.1840
v -0.133051 -0.199802 0.066484 0.6350 0.0780 0.1840
v -0.481612 -0.313562 0.040092 0.6350 0.0780 0.1840
v -0.212228 -0.491938 -0.039996 0.6350 0.0780 0.1840
v -0.196757 -0.213454 0.061934 0.6350 0.0780 0.1840
v -0.051144 -0.448254 -0.029075 0.6350 0.0780 0.1840
v -0.317797 -0.516510 -0.040906 0.6350 0.0780 0.1840
v 0.351112 -0.033257 0.104707 0.6350 0.0780 0.1840
v 0.111761 -0.534712 -0.072758 0.6350 0.0780 0.1840
v -0.425187 -0.466456 -0.021794 0.6350 0.0780 0.1840
v -0.304146 -0.111524 0.102887 0.6350 0.0780 0.1840
v -0.001089 -0.189791 0.059203 0.6350 0.0780 0.1840
v 0.402077 -0.080582 0.086506 0.6350 0.0780 0.1840
v 0.748818 -0.407301 -0.048186 0.6350 0.0780 0.1840
v 0.324720 -0.402750 -0.031805 0.6350 0.0780 0.1840
v -0.315067 -0.571115 -0.064568 0.6350 0.0780 0.1840
v -0.353290 -0.174320 0.081955 0.6350 0.0780 0.1840
v 0.482164 -0.283530 0.008239 0.6350 0.0780 0.1840
v -0.569890 -0.457355 -0.010873 0.6350 0.0780 0.1840
v 0.900801 -0.377268 -0.039085 0.6350 0.0780 0.1840
v 0.426649 -0.518331 -0.078219 0.6350 0.0780 0.1840
v -0.440658 -0.374538 0.013699 0.6350 0.0780 0.1840
v -0.345100 -0.297181 0.039181 0.6350 0.0780 0.1840
v -0.483432 -0.456445 -0.012693 0.6350 0.0780 0.1840
v -0.050233 -0.175230 0.068304 0.6350 0.0780 0.1840
v 0.517657 -0.141557 0.059203 0.6350 0.0780 0.1840
v 0.149074 -0.278979 0.021890 0.6350 0.0780 0.1840
v 0.902621 -0.437333 -0.070938 0.6350 0.0780 0.1840
v -0.347830 -0.449164 -0.019974 0.6350 0.0780 0.1840
v -0.361481 -0.506500 -0.035445 0.6350 0.0780 0.1840
v -0.219509 -0.412761 -0.011783 0.6350 0.0780 0.1840
v 0.024393 -0.549273 -0.069118 0.6350 0.0780 0.1840
v 0.677831 -0.244396 0.011879 0.6350 0.0780 0.1840
v 0.288317 -0.259868 0.022800 0.6350 0.0780 0.1840
v 0.528578 -0.460085 -0.060927 0.6350 0.0780 0.1840
v -0.031122 -0.295361 0.024620 0.6350 0.0780 0.1840
v -0.450669 -0.192522 0.089236 0.6350 0.0780 0.1840
v 0.342922 -0.523791 -0.075489 0.6350 0.0780 0.1840
v 0.231892 -0.048729 0.103797 0.6350 0.0780 0.1840
v 0.203679 -0.166129 0.060113 0.6350 0.0780 0.1840
v -0.244081 -0.282620 0.036451 0.6350 0.0780 0.1840
v 0.599564 -0.283530 0.000958 0.6350 0.0780 0.1840
v -0.565339 -0.505590 -0.028164 0.6350 0.0780 0.1840
v 0.593194 -0.393650 -0.039085 0.6350 0.0780 0.1840
v 0.491265 -0.404571 -0.035445 0.6350 0.0780 0.1840
v -0.651797 -0.594777 -0.058197 0.6350 0.0780 0.1840
v 0.423919 -0.378178 -0.025434 0.6350 0.0780 0.1840
v -0.515285 -0.299001 0.046462 0.6350 0.0780 0.1840
v -0.552598 -0.605698 -0.068208 0.6350 0.0780 0.1840
v -0.278664 -0.556554 -0.059107 0.6350 0.0780 0.1840
v -0.687290 -0.494669 -0.011783 0.6350 0.0780 0.1840
v 0.178197 -0.218914 0.045552 0.6350 0.0780 0.1840
v -0.375132 -0.137917 0.098337 0.6350 0.0780 0.1840
v -0.166724 -0.548363 -0.059107 0.6350 0.0780 0.1840
v 0.109031 -0.202533 0.051013 0.6350 0.0780 0.1840
v 0.288317 -0.527431 -0.072758 0.6350 0.0780 0.1840
v 0.703314 -0.273519 0.000958 0.6350 0.0780 0.1840
v 0.228251 -0.378178 -0.019064 0.6350 0.0780 0.1840
v -0.151252 -0.509230 -0.048186 0.6350 0.0780 0.1840
v -0.354201 -0.225285 0.064664 0.6350 0.0780 0.1840
v -0.230430 -0.224374 0.060113 0.6350 0.0780 0.1840
v -0.460680 -0.253497 0.060113 0.6350 0.0780 0.1840
v -0.810151 -0.632091 -0.060927 0.6350 0.0780 0.1840
v 0.305608 -0.066020 0.096517 0.6350 0.0780 0.1840
v 0.328360 -0.463726 -0.053647 0.6350 0.0780 0.1840
v 0.216420 -0.232565 0.038271 0.6350 0.0780 0.1840
v -0.208588 -0.137917 0.090146 0.6350 0.0780 0.1840
v 0.674191 -0.481927 -0.072758 0.6350 0.0780 0.1840
v 0.200039 -0.451895 -0.040906 0.6350 0.0780 0.1840
v 0.817984 -0.422772 -0.060927 0.6350 0.0780 0.1840
v 0.026213 -0.412761 -0.019064 0.6350 0.0780 0.1840
v -0.586271 -0.589317 -0.059107 0.6350 0.0780 0.1840
v -0.014740 -0.124266 0.087416 0.6350 0.0780 0.1840
v 0.238262 -0.087862 0.091966 0.6350 0.0780 0.1840
v -0.506184 -0.585677 -0.061837 0.6350 0.0780 0.1840
v 0.782491 -0.311742 -0.016333 0.6350 0.0780 0.1840
v 0.384785 -0.276249 0.014609 0.6350 0.0780 0.1840
v 0.055336 -0.299911 0.017340 0.6350 0.0780 0.1840
v 0.376595 -0.361797 -0.019974 0.6350 0.0780 0.1840
v -0.701851 -0.553824 -0.043636 0.6350 0.0780 0.1840
v 0.458502 -0.234385 0.027350 0.6350 0.0780 0.1840
v 0.421188 -0.425502 -0.042726 0.6350 0.0780 0.1840
v 0.608665 -0.454625 -0.059107 0.6350 0.0780 0.1840
v -0.286855 -0.319933 0.030081 0.6350 0.0780 0.1840
v 0.326540 -0.153388 0.062844 0.6350 0.0780 0.1840
v 0.838916 -0.336314 -0.026344 0.6350 0.0780 0.1840
v 0.259194 -0.508320 -0.068208 0.6350 0.0780 0.1840
v 0.767019 -0.360887 -0.035445 0.6350 0.0780 0.1840
v -0.352380 -0.328124 0.027350 0.6350 0.0780 0.1840
v -0.527116 -0.633911 -0.081859 0.6350 0.0780 0.1840
v 0.567712 -0.189791 0.037361 0.6350 0.0780 0.1840
v -0.109389 -0.098783 0.101977 0.6350 0.0780 0.1840
v -0.101198 -0.479197 -0.039996 0.6350 0.0780 0.1840
v -0.426097 -0.313562 0.038271 0.6350 0.0780 0.1840
v 0.726066 -0.454625 -0.066388 0.6350 0.0780 0.1840
v -0.680920 -0.615709 -0.062748 0.6350 0.0780 0.1840
v -0.375132 -0.562925 -0.056377 0.6350 0.0780 0.1840
v 0.336551 -0.340865 -0.009053 0.6350 0.0780 0.1840
v -0.204947 -0.353606 0.012789 0.6350 0.0780 0.1840
v 0.108121 -0.067841 0.102887 0.6350 0.0780 0.1840
v -0.272293 -0.379998 0.004598 0.6350 0.0780 0.1840
v -0.577170 -0.425502 0.000958 0.6350 0.0780 0.1840
v 0.704224 -0.364527 -0.031805 0.6350 0.0780 0.1840
v 0.583183 -0.478287 -0.070938 0.6350 0.0780 0.1840
v -0.649067 -0.477377 -0.017244 0.6350 0.0780 0.1840
v 0.241903 -0.203443 0.046462 0.6350 0.0780 0.1840
v -0.001999 -0.530162 -0.061837 0.6350 0.0780 0.1840
v -0.170364 -0.303552 0.025530 0.6350 0.0780 0.1840
v 0.121772 -0.126086 0.090146 0.6350 0.0780 0.1840
v 0.153625 -0.521061 -0.066388 0.6350 0.0780 0.1840
v 0.179107 -0.362707 -0.009053 0.6350 0.0780 0.1840
v -0.433378 -0.343595 0.023710 0.6350 0.0780 0.1840
v 0.471243 -0.178870 0.045552 0.6350 0.0780 0.1840
v -0.762827 -0.606609 -0.052737 0.6350 0.0780 0.1840
v -0.015650 -0.249857 0.039181 0.6350 0.0780 0.1840
v 0.349292 -0.130636 0.071034 0.6350 0.0780 0.1840
v -0.082086 -0.552004 -0.063658 0.6350 0.0780 0.1840
v -0.063885 -0.231655 0.051013 0.6350 0.0780 0.1840
v 0.645978 -0.218914 0.021890 0.6350 0.0780 0.1840
v -0.501634 -0.490118 -0.024524 0.6350 0.0780 0.1840
v 0.718785 -0.423682 -0.055467 0.6350 0.0780 0.1840
v -0.164904 -0.089682 0.108348 0.6350 0.0780 0.1840
v -0.346920 -0.397290 0.004598 0.6350 0.0780 0.1840
v 0.466693 -0.354516 -0.019064 0.6350 0.0780 0.1840
v 0.001641 -0.319933 0.013699 0.6350 0.0780 0.1840
v -0.748266 -0.664854 -0.081859 0.6350 0.0780 0.1840
v -0.548958 -0.544723 -0.041816 0.6350 0.0780 0.1840
v 0.526758 -0.259868 0.016429 0.6350 0.0780 0.1840
v 0.070807 -0.109704 0.085596 0.6350 0.0780 0.1840
v 0.727886 -0.320843 -0.016333 0.6350 0.0780 0.1840
v 0.524938 -0.109704 0.069214 0.6350 0.0780 0.1840
v 0.057156 -0.517421 -0.061837 0.6350 0.0780 0.1840
v -0.125770 -0.229835 0.056473 0.6350 0.0780 0.1840
v -0.460680 -0.614799 -0.070028 0.6350 0.0780 0.1840
v -0.634505 -0.417312 0.014609 0.6350 0.0780 0.1840
v -0.214958 -0.296271 0.032811 0.6350 0.0780 0.1840
v 0.756098 -0.436423 -0.060017 0.6350 0.0780 0.1840
v -0.042953 -0.146108 0.080135 0.6350 0.0780 0.1840
v -0.382413 -0.248037 0.059203 0.6350 0.0780 0.1840
v -0.781939 -0.664854 -0.079129 0.6350 0.0780 0.1840
v 0.106300 -0.457355 -0.040906 0.6350 0.0780 0.1840
v -0.166724 -0.447344 -0.025434 0.6350 0.0780 0.1840
v 0.431199 -0.348145 -0.016333 0.6350 0.0780 0.1840
v 0.512197 -0.319023 -0.005412 0.6350 0.0780 0.1840
v 0.642338 -0.459175 -0.065478 0.6350 0.0780 0.1840
v 0.068077 -0.241666 0.037361 0.6350 0.0780 0.1840
v 0.118132 -0.300821 0.015519 0.6350 0.0780 0.1840
v 0.550420 -0.363617 -0.023614 0.6350 0.0780 0.1840
v 0.671461 -0.275339 -0.000862 0.6350 0.0780 0.1840
v 0.223701 -0.261688 0.027350 0.6350 0.0780 0.1840
v -0.172184 -0.118805 0.097427 0.6350 0.0780 0.1840
v 0.329270 -0.310832 0.006419 0.6350 0.0780 0.1840
v 0.146344 -0.417312 -0.027254 0.6350 0.0780 0.1840
v 0.281036 -0.291720 0.011879 0.6350 0.0780 0.1840
v -0.412446 -0.147018 0.106527 0.6350 0.0780 0.1840
v 0.238262 -0.172500 0.060113 0.6350 0.0780 0.1840
v -0.503454 -0.370898 0.018250 0.6350 0.0780 0.1840
v -0.431557 -0.496489 -0.029985 0.6350 0.0780 0.1840
v -0.595372 -0.374538 0.025530 0.6350 0.0780 0.1840
v 0.667820 -0.420042 -0.050006 0.6350 0.0780 0.1840
v 0.028033 -0.073301 0.103797 0.6350 0.0780 0.1840
v -0.250451 -0.440064 -0.017244 0.6350 0.0780 0.1840
v -0.050233 -0.084222 0.101977 0.6350 0.0780 0.1840
v 0.440300 -0.110614 0.074675 0.6350 0.0780 0.1840
v 0.908082 -0.409121 -0.055467 0.6350 0.0780 0.1840
v 0.049875 -0.487388 -0.050006 0.6350 0.0780 0.1840
v 0.290137 -0.405481 -0.029075 0.6350 0.0780 0.1840
v -0.139421 -0.170680 0.076495 0.6350 0.0780 0.1840
v -0.259552 -0.191612 0.071034 0.6350 0.0780 0.1840
v 0.696943 -0.335404 -0.022704 0.6350 0.0780 0.1840
v 0.184567 -0.134276 0.074675 0.6350 0.0780 0.1840
v 0.709684 -0.245306 0.016429 0.6350 0.0780 0.1840
v -0.057514 -0.420042 -0.017244 0.6350 0.0780 0.1840
v 0.132693 -0.359977 -0.004502 0.6350 0.0780 0.1840
v 0.044415 -0.359977 -0.001772 0.6350 0.0780 0.1840
v -0.634505 -0.538352 -0.034535 0.6350 0.0780 0.1840
v 0.361123 -0.397290 -0.031805 0.6350 0.0780 0.1840
v 0.470333 -0.492848 -0.069118 0.6350 0.0780 0.1840
v 0.193668 -0.422772 -0.031805 0.6350 0.0780 0.1840
v -0.620854 -0.598418 -0.059107 0.6350 0.0780 0.1840
v 0.256464 -0.264418 0.024620 0.6350 0.0780 0.1840
v 0.708774 -0.479197 -0.074579 0.6350 0.0780 0.1840
v -0.290495 -0.491938 -0.036355 0.6350 0.0780 0.1840
v 0.081728 -0.184331 0.060113 0.6350 0.0780 0.1840
v -0.447939 -0.402750 0.002778 0.6350 0.0780 0.1840
v -0.604473 -0.513780 -0.029985 0.6350 0.0780 0.1840
v 0.583183 -0.353606 -0.019974 0.6350 0.0780 0.1840
v -0.322348 -0.172500 0.084686 0.6350 0.0780 0.1840
v 0.091739 -0.330854 0.008239 0.6350 0.0780 0.1840
v -0.476151 -0.517421 -0.038175 0.6350 0.0780 0.1840
v -0.727334 -0.531982 -0.022704 0.6350 0.0780 0.1840
v 0.272845 -0.321753 0.000048 0.6350 0.0780 0.1840
v 0.638698 -0.333584 -0.019974 0.6350 0.0780 0.1840
v -0.234070 -0.471917 -0.030895 0.6350 0.0780 0.1840
v 0.238262 -0.320843 0.006419 0.6350 0.0780 0.1840
v 0.377505 -0.248037 0.027350 0.6350 0.0780 0.1840
v 0.340191 -0.211633 0.041002 0.6350 0.0780 0.1840
v -0.137601 -0.313562 0.023710 0.6350 0.0780 0.1840
v 0.088099 -0.434603 -0.030895 0.6350 0.0780 0.1840
v -0.199487 -0.547453 -0.062748 0.6350 0.0780 0.1840
v 0.111761 -0.273519 0.028261 0.6350 0.0780 0.1840
v 0.369314 -0.330854 -0.003592 0.6350 0.0780 0.1840
v 0.011652 -0.472827 -0.042726 0.6350 0.0780 0.1840
v 0.185478 -0.246216 0.033721 0.6350 0.0780 0.1840
v -0.446119 -0.554734 -0.050917 0.6350 0.0780 0.1840
v -0.236800 -0.252587 0.050102 0.6350 0.0780 0.1840
v -0.190386 -0.241666 0.051923 0.6350 0.0780 0.1840
v 0.354753 -0.271699 0.018250 0.6350 0.0780 0.1840
v 0.252824 -0.112435 0.081045 0.6350 0.0780 0.1840
v -0.419726 -0.177050 0.087416 0.6350 0.0780 0.1840
v 0.483984 -0.436423 -0.048186 0.6350 0.0780 0.1840
v 0.564071 -0.421862 -0.048186 0.6350 0.0780 0.1840
v 0.311979 -0.095143 0.084686 0.6350 0.0780 0.1840
v -0.274113 -0.251677 0.050102 0.6350 0.0780 0.1840
v 0.498545 -0.375448 -0.028164 0.6350 0.0780 0.1840
v 0.490355 -0.210723 0.033721 0.6350 0.0780 0.1840
v 0.106300 -0.389099 -0.013603 0.6350 0.0780 0.1840
v 0.404807 -0.477377 -0.060927 0.6350 0.0780 0.1840
v -0.103928 -0.319023 0.021890 0.6350 0.0780 0.1840
v 0.742447 -0.379088 -0.039085 0.6350 0.0780 0.1840
v -0.043863 -0.364527 0.001868 0.6350 0.0780 0.1840
v 0.018933 -0.441884 -0.030895 0.6350 0.0780 0.1840
v 0.230982 -0.495579 -0.060927 0.6350 0.0780 0.1840
v -0.516195 -0.428233 -0.001772 0.6350 0.0780 0.1840
v 0.758829 -0.271699 0.006419 0.6350 0.0780 0.1840
v -0.315977 -0.289900 0.041912 0.6350 0.0780 0.1840
v 0.475793 -0.151568 0.057383 0.6350 0.0780 0.1840
v 0.450311 -0.264418 0.011879 0.6350 0.0780 0.1840
v 0.759739 -0.329944 -0.023614 0.6350 0.0780 0.1840
v -0.251361 -0.312652 0.028261 0.6350 0.0780 0.1840
v -0.008370 -0.221644 0.049192 0.6350 0.0780 0.1840
v 0.173646 -0.056009 0.108348 0.6350 0.0780 0.1840
v -0.072075 -0.483748 -0.044546 0.6350 0.0780 0.1840
v 0.067167 -0.376358 -0.011783 0.6350 0.0780 0.1840
v 0.433020 -0.080582 0.087416 0.6350 0.0780 0.1840
v 0.387515 -0.179781 0.051923 0.6350 0.0780 0.1840
v -0.311427 -0.544723 -0.051827 0.6350 0.0780 0.1840
v 0.427559 -0.453715 -0.050006 0.6350 0.0780 0.1840
v 0.570442 -0.288080 0.000958 0.6350 0.0780 0.1840
v 0.228251 -0.422772 -0.034535 0.6350 0.0780 0.1840
v 0.334731 -0.068751 0.092876 0.6350 0.0780 0.1840
v 0.199129 -0.305372 0.011879 0.6350 0.0780 0.1840
v -0.339639 -0.117895 0.105617 0.6350 0.0780 0.1840
v 0.493085 -0.091503 0.076495 0.6350 0.0780 0.1840
v 0.224611 -0.521971 -0.072758 0.6350 0.0780 0.1840
v 0.301058 -0.195252 0.048282 0.6350 0.0780 0.1840
v -0.658168 -0.567475 -0.046366 0.6350 0.0780 0.1840
v 0.832545 -0.362707 -0.037265 0.6350 0.0780 0.1840
v -0.090277 -0.378178 -0.001772 0.6350 0.0780 0.1840
v -0.253182 -0.164309 0.083775 0.6350 0.0780 0.1840
v -0.166724 -0.199802 0.066484 0.6350 0.0780 0.1840
v 0.384785 -0.425502 -0.041816 0.6350 0.0780 0.1840
v 0.548600 -0.169770 0.052833 0.6350 0.0780 0.1840
v 0.387515 -0.027797 0.104707 0.6350 0.0780 0.1840
v -0.656347 -0.448254 0.006419 0.6350 0.0780 0.1840
v -0.107569 -0.505590 -0.050917 0.6350 0.0780 0.1840
v 0.319259 -0.124266 0.072854 0.6350 0.0780 0.1840
v 0.433930 -0.220734 0.033721 0.6350 0.0780 0.1840
v 0.792502 -0.372718 -0.041816 0.6350 0.0780 0.1840
v -0.544407 -0.310832 0.051923 0.6350 0.0780 0.1840
v -0.240440 -0.498309 -0.039996 0.6350 0.0780 0.1840
v -0.297775 -0.137917 0.093786 0.6350 0.0780 0.1840
v 0.870768 -0.430053 -0.066388 0.6350 0.0780 0.1840
v 0.164546 -0.302641 0.017340 0.6350 0.0780 0.1840
v 0.518567 -0.394560 -0.035445 0.6350 0.0780 0.1840
v 0.084459 -0.051459 0.110168 0.6350 0.0780 0.1840
v 0.443941 -0.293541 0.005508 0.6350 0.0780 0.1840
v 0.270115 -0.206173 0.042822 0.6350 0.0780 0.1840
v 0.673281 -0.376358 -0.032715 0.6350 0.0780 0.1840
v -0.468871 -0.378178 0.014609 0.6350 0.0780 0.1840
v 0.448491 -0.163399 0.052833 0.6350 0.0780 0.1840
v -0.153983 -0.393650 -0.005412 0.6350 0.0780 0.1840
v 0.012562 -0.133366 0.081045 0.6350 0.0780 0.1840
v -0.268653 -0.581126 -0.069118 0.6350 0.0780 0.1840
v -0.455220 -0.321753 0.033721 0.6350 0.0780 0.1840
v -0.308696 -0.231655 0.061023 0.6350 0.0780 0.1840
v 0.064437 -0.137007 0.075585 0.6350 0.0780 0.1840
v 0.315619 -0.253497 0.026440 0.6350 0.0780 0.1840
v -0.523476 -0.398200 0.012789 0.6350 0.0780 0.1840
v -0.530756 -0.366347 0.023710 0.6350 0.0780 0.1840
v 0.127232 -0.475557 -0.045456 0.6350 0.0780 0.1840
v -0.416996 -0.593867 -0.069118 0.6350 0.0780 0.1840
v 0.733346 -0.279889 -0.001772 0.6350 0.0780 0.1840
v -0.048413 -0.525611 -0.059107 0.6350 0.0780 0.1840
v -0.419726 -0.287170 0.044642 0.6350 0.0780 0.1840
v 0.625047 -0.390009 -0.038175 0.6350 0.0780 0.1840
v 0.092649 -0.512870 -0.058197 0.6350 0.0780 0.1840
v 0.625957 -0.179781 0.041912 0.6350 0.0780 0.1840
v 0.032584 -0.386369 -0.013603 0.6350 0.0780 0.1840
v 0.173646 -0.084222 0.091966 0.6350 0.0780 0.1840
v 0.845286 -0.418222 -0.060927 0.6350 0.0780 0.1840
v -0.480702 -0.575666 -0.058197 0.6350 0.0780 0.1840
v -0.503454 -0.521061 -0.039996 0.6350 0.0780 0.1840
v -0.510734 -0.340865 0.028261 0.6350 0.0780 0.1840
v -0.161263 -0.362707 0.006419 0.6350 0.0780 0.1840
v 0.838006 -0.451895 -0.071848 0.6350 0.0780 0.1840
v -0.001089 -0.069661 0.105617 0.6350 0.0780 0.1840
v 0.273755 -0.448254 -0.047276 0.6350 0.0780 0.1840
v -0.513465 -0.556554 -0.049096 0.6350 0.0780 0.1840
v 0.941755 -0.416402 -0.057287 0.6350 0.0780 0.1840
v -0.141242 -0.457355 -0.029985 0.6350 0.0780 0.1840
v -0.417906 -0.439154 -0.009053 0.6350 0.0780 0.1840
v -0.071165 -0.168860 0.084686 0.6350 0.0780 0.1840
v 0.181837 -0.470096 -0.050006 0.6350 0.0780 0.1840
v -0.154893 -0.148838 0.085596 0.6350 0.0780 0.1840
v 0.416638 -0.021426 0.109258 0.6350 0.0780 0.1840
v 0.563161 -0.315383 -0.008143 0.6350 0.0780 0.1840
v 0.447581 -0.035988 0.108348 0.6350 0.0780 0.1840
v -0.562609 -0.352696 0.028261 0.6350 0.0780 0.1840
v 0.133603 -0.504679 -0.058197 0.6350 0.0780 0.1840
v 0.446671 -0.432783 -0.048186 0.6350 0.0780 0.1840
v -0.389694 -0.357246 0.018250 0.6350 0.0780 0.1840
v 0.778850 -0.288990 0.000958 0.6350 0.0780 0.1840
v -0.576260 -0.398200 0.010969 0.6350 0.0780 0.1840
v -0.173094 -0.418222 -0.011783 0.6350 0.0780 0.1840
v -0.204037 -0.185241 0.072854 0.6350 0.0780 0.1840
v -0.741895 -0.590227 -0.050006 0.6350 0.0780 0.1840
v 0.645978 -0.364527 -0.029075 0.6350 0.0780 0.1840
v 0.547690 -0.275339 0.006419 0.6350 0.0780 0.1840
v -0.168544 -0.330854 0.019160 0.6350 0.0780 0.1840
v -0.224969 -0.096053 0.110168 0.6350 0.0780 0.1840
v -0.339639 -0.426412 -0.009053 0.6350 0.0780 0.1840
v -0.489803 -0.428233 -0.004502 0.6350 0.0780 0.1840
v 0.073538 -0.349056 0.001868 0.6350 0.0780 0.1840
v -0.111209 -0.567475 -0.073669 0.6350 0.0780 0.1840
v 0.473063 -0.382729 -0.029075 0.6350 0.0780 0.1840
v -0.026571 -0.436423 -0.025434 0.6350 0.0780 0.1840
v 0.206409 -0.043268 0.111078 0.6350 0.0780 0.1840
v 0.474883 -0.256227 0.016429 0.6350 0.0780 0.1840
v -0.333269 -0.593867 -0.071848 0.6350 0.0780 0.1840
v 0.446671 -0.138827 0.061934 0.6350 0.0780 0.1840
v -0.467961 -0.223464 0.078315 0.6350 0.0780 0.1840
v -0.701851 -0.526521 -0.025434 0.6350 0.0780 0.1840
v 0.539499 -0.416402 -0.040906 0.6350 0.0780 0.1840
v -0.102108 -0.128816 0.088326 0.6350 0.0780 0.1840
v 0.051696 -0.436423 -0.029075 0.6350 0.0780 0.1840
v 0.555880 -0.470096 -0.063658 0.6350 0.0780 0.1840
v 0.575902 -0.157939 0.051923 0.6350 0.0780 0.1840
v -0.072075 -0.359977 0.001868 0.6350 0.0780 0.1840
v -0.017471 -0.352696 0.003688 0.6350 0.0780 0.1840
v -0.019291 -0.093323 0.101067 0.6350 0.0780 0.1840
v 0.554060 -0.246216 0.015519 0.6350 0.0780 0.1840
v 0.160905 -0.341775 -0.004502 0.6350 0.0780 0.1840
v -0.361481 -0.475557 -0.024524 0.6350 0.0780 0.1840
v 0.170916 -0.187971 0.054653 0.6350 0.0780 0.1840
v -0.367852 -0.309012 0.035541 0.6350 0.0780 0.1840
v 0.363853 -0.189791 0.049192 0.6350 0.0780 0.1840
v -0.351470 -0.569295 -0.064568 0.6350 0.0780 0.1840
v -0.011100 -0.507410 -0.053647 0.6350 0.0780 0.1840
v -0.382413 -0.592047 -0.066388 0.6350 0.0780 0.1840
v -0.361481 -0.197982 0.075585 0.6350 0.0780 0.1840
v -0.111209 -0.431873 -0.020884 0.6350 0.0780 0.1840
v -0.093007 -0.273519 0.040092 0.6350 0.0780 0.1840
v 0.504916 -0.452805 -0.053647 0.6350 0.0780 0.1840
v -0.525296 -0.610249 -0.071848 0.6350 0.0780 0.1840
v -0.297775 -0.461906 -0.022704 0.6350 0.0780 0.1840
v 0.031674 -0.521061 -0.062748 0.6350 0.0780 0.1840
v -0.426097 -0.204353 0.074675 0.6350 0.0780 0.1840
v -0.134871 -0.096963 0.104707 0.6350 0.0780 0.1840
v 0.464872 -0.207993 0.035541 0.6350 0.0780 0.1840
v 0.096290 -0.125176 0.087416 0.6350 0.0780 0.1840
v 0.585003 -0.227105 0.024620 0.6350 0.0780 0.1840
v -0.304146 -0.433693 -0.010873 0.6350 0.0780 0.1840
v -0.180375 -0.491028 -0.039085 0.6350 0.0780 0.1840
v -0.508914 -0.457355 -0.010873 0.6350 0.0780 0.1840
v 0.504006 -0.268968 0.009149 0.6350 0.0780 0.1840
v -0.368762 -0.534712 -0.045456 0.6350 0.0780 0.1840
v 0.807973 -0.311742 -0.014513 0.6350 0.0780 0.1840
v -0.039312 -0.390009 -0.009963 0.6350 0.0780 0.1840
v -0.283214 -0.200712 0.069214 0.6350 0.0780 0.1840
v 0.191848 -0.104244 0.087416 0.6350 0.0780 0.1840
v 0.401167 -0.238936 0.028261 0.6350 0.0780 0.1840
v 0.371134 -0.220734 0.037361 0.6350 0.0780 0.1840
v 0.411178 -0.191612 0.041912 0.6350 0.0780 0.1840
v 0.540409 -0.302641 0.000048 0.6350 0.0780 0.1840
v 0.081728 -0.462816 -0.042726 0.6350 0.0780 0.1840
v -0.123040 -0.254407 0.043732 0.6350 0.0780 0.1840
v -0.244081 -0.413671 -0.006323 0.6350 0.0780 0.1840
v 0.392066 -0.306282 0.003688 0.6350 0.0780 0.1840
v 0.591374 -0.197982 0.034631 0.6350 0.0780 0.1840
v -0.624495 -0.491028 -0.022704 0.6350 0.0780 0.1840
v 0.779760 -0.429143 -0.064568 0.6350 0.0780 0.1840
v 0.366584 -0.095143 0.079225 0.6350 0.0780 0.1840
v -0.325988 -0.360887 0.015519 0.6350 0.0780 0.1840
v 0.210960 -0.136097 0.071944 0.6350 0.0780 0.1840
v 0.014382 -0.340865 0.008239 0.6350 0.0780 0.1840
v -0.085727 -0.302641 0.027350 0.6350 0.0780 0.1840
v 0.074448 -0.491028 -0.054557 0.6350 0.0780 0.1840
v 0.649619 -0.486478 -0.074579 0.6350 0.0780 0.1840
v 0.356573 -0.159759 0.056473 0.6350 0.0780 0.1840
v 0.372954 -0.122445 0.070124 0.6350 0.0780 0.1840
v 0.666000 -0.451895 -0.061837 0.6350 0.0780 0.1840
v 0.265565 -0.057830 0.098337 0.6350 0.0780 0.1840
v 0.035314 -0.096053 0.096517 0.6350 0.0780 0.1840
v 0.408447 -0.268968 0.017340 0.6350 0.0780 0.1840
v -0.085727 -0.418222 -0.019974 0.6350 0.0780 0.1840
v -0.671819 -0.510140 -0.023614 0.6350 0.0780 0.1840
v 0.252824 -0.381818 -0.018154 0.6350 0.0780 0.1840
v -0.159443 -0.577486 -0.071848 0.6350 0.0780 0.1840
v -0.397884 -0.196162 0.076495 0.6350 0.0780 0.1840
v 0.365674 -0.460085 -0.050917 0.6350 0.0780 0.1840
v -0.485252 -0.289900 0.046462 0.6350 0.0780 0.1840
v 0.394796 -0.058740 0.095607 0.6350 0.0780 0.1840
v -0.222239 -0.325393 0.022800 0.6350 0.0780 0.1840
v 0.030764 -0.302641 0.018250 0.6350 0.0780 0.1840
v -0.265013 -0.501039 -0.039996 0.6350 0.0780 0.1840
v -0.611753 -0.545633 -0.040906 0.6350 0.0780 0.1840
v 0.321990 -0.434603 -0.039996 0.6350 0.0780 0.1840
v -0.436108 -0.251677 0.059203 0.6350 0.0780 0.1840
v 0.040775 -0.239846 0.041002 0.6350 0.0780 0.1840
v 0.318349 -0.521971 -0.075489 0.6350 0.0780 0.1840
v -0.268653 -0.126996 0.096517 0.6350 0.0780 0.1840
v -0.373312 -0.414581 -0.000862 0.6350 0.0780 0.1840
v 0.546780 -0.445524 -0.053647 0.6350 0.0780 0.1840
v -0.283214 -0.521971 -0.047276 0.6350 0.0780 0.1840
v -0.786489 -0.604788 -0.047276 0.6350 0.0780 0.1840
v 0.088099 -0.539263 -0.070028 0.6350 0.0780 0.1840
v -0.121220 -0.156118 0.082865 0.6350 0.0780 0.1840
v -0.346920 -0.256227 0.053743 0.6350 0.0780 0.1840
v -0.109389 -0.196162 0.063754 0.6350 0.0780 0.1840
v 0.957226 -0.451895 -0.082769 0.6350 0.0780 0.1840
v 0.130873 -0.258958 0.029171 0.6350 0.0780 0.1840
v -0.759187 -0.573846 -0.038175 0.6350 0.0780 0.1840
v -0.144882 -0.538352 -0.060017 0.6350 0.0780 0.1840
v -0.287765 -0.408211 -0.004502 0.6350 0.0780 0.1840
v 0.630507 -0.202533 0.030081 0.6350 0.0780 0.1840
v -0.133051 -0.478287 -0.038175 0.6350 0.0780 0.1840
v 0.489445 -0.312652 -0.001772 0.6350 0.0780 0.1840
v 0.125412 -0.331764 0.002778 0.6350 0.0780 0.1840
v 0.304698 -0.463726 -0.056377 0.6350 0.0780 0.1840
v 0.492175 -0.124266 0.067394 0.6350 0.0780 0.1840
v -0.228609 -0.351786 0.013699 0.6350 0.0780 0.1840
v 0.514017 -0.212543 0.032811 0.6350 0.0780 0.1840
v 0.307428 -0.377268 -0.017244 0.6350 0.0780 0.1840
v 0.335641 -0.493758 -0.062748 0.6350 0.0780 0.1840
v 0.526758 -0.362707 -0.025434 0.6350 0.0780 0.1840
v 0.631417 -0.277159 0.001868 0.6350 0.0780 0.1840
v -0.212228 -0.381818 0.003688 0.6350 0.0780 0.1840
v -0.043863 -0.243486 0.046462 0.6350 0.0780 0.1840
v 0.062617 -0.329034 0.008239 0.6350 0.0780 0.1840
v -0.190386 -0.292631 0.031901 0.6350 0.0780 0.1840
v 0.544049 -0.189791 0.037361 0.6350 0.0780 0.1840
v -0.694571 -0.655753 -0.077309 0.6350 0.0780 0.1840
v -0.072075 -0.262598 0.040092 0.6350 0.0780 0.1840
v 0.406627 -0.364527 -0.017244 0.6350 0.0780 0.1840
v -0.028392 -0.163399 0.073765 0.6350 0.0780 0.1840
v -0.255912 -0.561104 -0.062748 0.6350 0.0780 0.1840
v -0.411536 -0.410941 -0.000862 0.6350 0.0780 0.1840
v -0.093007 -0.349966 0.006419 0.6350 0.0780 0.1840
v 0.423009 -0.329034 -0.005412 0.6350 0.0780 0.1840
v -0.215868 -0.241666 0.053743 0.6350 0.0780 0.1840
v -0.194936 -0.430963 -0.016333 0.6350 0.0780 0.1840
v 0.614126 -0.342685 -0.019064 0.6350 0.0780 0.1840
v -0.042043 -0.572936 -0.076399 0.6350 0.0780 0.1840
v -0.558059 -0.474647 -0.020884 0.6350 0.0780 0.1840
v 0.056246 -0.184331 0.064664 0.6350 0.0780 0.1840
v 0.149074 -0.097873 0.092876 0.6350 0.0780 0.1840
v 0.125412 -0.235295 0.041912 0.6350 0.0780 0.1840
v 0.159995 -0.379088 -0.012693 0.6350 0.0780 0.1840
v 0.168186 -0.410031 -0.025434 0.6350 0.0780 0.1840
v -0.462500 -0.462816 -0.019974 0.6350 0.0780 0.1840
v -0.330538 -0.238936 0.060113 0.6350 0.0780 0.1840
v 0.174557 -0.535622 -0.073669 0.6350 0.0780 0.1840
v 0.668731 -0.217094 0.023710 0.6350 0.0780 0.1840
v -0.184925 -0.362707 0.006419 0.6350 0.0780 0.1840
v -0.227699 -0.431873 -0.020884 0.6350 0.0780 0.1840
v -0.366032 -0.385459 0.007329 0.6350 0.0780 0.1840
v 0.424829 -0.133366 0.061934 0.6350 0.0780 0.1840
v -0.609933 -0.434603 -0.001772 0.6350 0.0780 0.1840
v -0.029302 -0.184331 0.065574 0.6350 0.0780 0.1840
v -0.184015 -0.266238 0.040092 0.6350 0.0780 0.1840
v -0.304146 -0.271699 0.048282 0.6350 0.0780 0.1840
v 0.213690 -0.362707 -0.011783 0.6350 0.0780 0.1840
v 0.175467 -0.441884 -0.039085 0.6350 0.0780 0.1840
v 0.788861 -0.450075 -0.070938 0.6350 0.0780 0.1840
v 0.499455 -0.154298 0.056473 0.6350 0.0780 0.1840
v 0.023483 -0.273519 0.029171 0.6350 0.0780 0.1840
v -0.067525 -0.147018 0.081955 0.6350 0.0780 0.1840
v -0.156713 -0.246216 0.047372 0.6350 0.0780 0.1840
v -0.088457 -0.112435 0.094696 0.6350 0.0780 0.1840
v 0.308338 -0.303552 0.004598 0.6350 0.0780 0.1840
v -0.056604 -0.202533 0.059203 0.6350 0.0780 0.1840
v -0.010190 -0.381818 -0.005412 0.6350 0.0780 0.1840
v -0.379683 -0.440974 -0.013603 0.6350 0.0780 0.1840
v -0.389694 -0.547453 -0.050006 0.6350 0.0780 0.1840
v -0.224059 -0.582946 -0.070028 0.6350 0.0780 0.1840
v -0.476151 -0.408211 0.002778 0.6350 0.0780 0.1840
v 0.000731 -0.398200 -0.018154 0.6350 0.0780 0.1840
v -0.029302 -0.536532 -0.060017 0.6350 0.0780 0.1840
v 0.156355 -0.127906 0.078315 0.6350 0.0780 0.1840
v -0.237710 -0.525611 -0.050917 0.6350 0.0780 0.1840
v 0.048965 -0.152478 0.073765 0.6350 0.0780 0.1840
v -0.178555 -0.146108 0.087416 0.6350 0.0780 0.1840
v -0.749176 -0.621170 -0.061837 0.6350 0.0780 0.1840
v -0.035672 -0.116075 0.091056 0.6350 0.0780 0.1840
v -0.218598 -0.122445 0.101977 0.6350 0.0780 0.1840
v -0.551688 -0.445524 -0.008143 0.6350 0.0780 0.1840
v -0.351470 -0.143377 0.094696 0.6350 0.0780 0.1840
v 0.283766 -0.149748 0.065574 0.6350 0.0780 0.1840
v -0.202217 -0.401840 -0.004502 0.6350 0.0780 0.1840
v -0.148522 -0.120625 0.092876 0.6350 0.0780 0.1840
v -0.006550 -0.428233 -0.025434 0.6350 0.0780 0.1840
v -0.018381 -0.477377 -0.041816 0.6350 0.0780 0.1840
v 0.266475 -0.349056 -0.009963 0.6350 0.0780 0.1840
v 0.531308 -0.489208 -0.070028 0.6350 0.0780 0.1840
v 0.534039 -0.229835 0.024620 0.6350 0.0780 0.1840
v -0.075716 -0.435513 -0.027254 0.6350 0.0780 0.1840
v 0.576812 -0.380908 -0.034535 0.6350 0.0780 0.1840
v 0.625047 -0.306282 -0.009963 0.6350 0.0780 0.1840
v -0.709132 -0.596598 -0.052737 0.6350 0.0780 0.1840
v 0.294687 -0.359066 -0.013603 0.6350 0.0780 0.1840
v 0.094469 -0.261688 0.030991 0.6350 0.0780 0.1840
v -0.573530 -0.534712 -0.041816 0.6350 0.0780 0.1840
v -0.802870 -0.663034 -0.078219 0.6350 0.0780 0.1840
v -0.120310 -0.463726 -0.029985 0.6350 0.0780 0.1840
v 0.596834 -0.420952 -0.048186 0.6350 0.0780 0.1840
v -0.022021 -0.277159 0.029171 0.6350 0.0780 0.1840
v -0.404255 -0.299911 0.039181 0.6350 0.0780 0.1840
v -0.086637 -0.230745 0.051923 0.6350 0.0780 0.1840
v -0.106658 -0.216184 0.059203 0.6350 0.0780 0.1840
v 0.066257 -0.449164 -0.036355 0.6350 0.0780 0.1840
v -0.145792 -0.285350 0.037361 0.6350 0.0780 0.1840
v 0.175467 -0.285350 0.015519 0.6350 0.0780 0.1840
v -0.332359 -0.315383 0.028261 0.6350 0.0780 0.1840
v 0.556791 -0.344505 -0.019974 0.6350 0.0780 0.1840
v -0.215868 -0.167039 0.080135 0.6350 0.0780 0.1840
v -0.188566 -0.460085 -0.026344 0.6350 0.0780 0.1840
v -0.358751 -0.112435 0.110168 0.6350 0.0780 0.1840
v -0.417906 -0.241666 0.061934 0.6350 0.0780 0.1840
v 0.873499 -0.385459 -0.049096 0.6350 0.0780 0.1840
v -0.317797 -0.378178 0.009149 0.6350 0.0780 0.1840
v 0.698763 -0.425502 -0.056377 0.6350 0.0780 0.1840
v -0.589911 -0.456445 -0.012693 0.6350 0.0780 0.1840
v -0.220419 -0.508320 -0.048186 0.6350 0.0780 0.1840
v 0.258284 -0.173410 0.061023 0.6350 0.0780 0.1840
v 0.009832 -0.215274 0.054653 0.6350 0.0780 0.1840
v 0.245543 -0.435513 -0.038175 0.6350 0.0780 0.1840
v -0.336909 -0.511050 -0.041816 0.6350 0.0780 0.1840
v -0.032942 -0.462816 -0.034535 0.6350 0.0780 0.1840
v 0.454861 -0.063290 0.089236 0.6350 0.0780 0.1840
v 0.604115 -0.477377 -0.067298 0.6350 0.0780 0.1840
v -0.701851 -0.625720 -0.065478 0.6350 0.0780 0.1840
v 0.277396 -0.177050 0.057383 0.6350 0.0780 0.1840
v 0.119042 -0.443704 -0.034535 0.6350 0.0780 0.1840
v 0.718785 -0.340865 -0.027254 0.6350 0.0780 0.1840
v 0.294687 -0.233475 0.030991 0.6350 0.0780 0.1840
v 0.328360 -0.042358 0.103797 0.6350 0.0780 0.1840
v 0.212780 -0.083312 0.089236 0.6350 0.0780 0.1840
v 0.461232 -0.093323 0.080135 0.6350 0.0780 0.1840
v 0.143614 -0.215274 0.051013 0.6350 0.0780 0.1840
v -0.028392 -0.516510 -0.055467 0.6350 0.0780 0.1840
v -0.612664 -0.628450 -0.070028 0.6350 0.0780 0.1840
v 0.494905 -0.470096 -0.061837 0.6350 0.0780 0.1840
v 0.119042 -0.516510 -0.063658 0.6350 0.0780 0.1840
v 0.292867 -0.317203 0.005508 0.6350 0.0780 0.1840
v -0.126680 -0.508320 -0.049096 0.6350 0.0780 0.1840
v 0.168186 -0.508320 -0.065478 0.6350 0.0780 0.1840
v 0.490355 -0.510140 -0.079129 0.6350 0.0780 0.1840
v 0.679651 -0.405481 -0.045456 0.6350 0.0780 0.1840
v 0.412088 -0.506500 -0.073669 0.6350 0.0780 0.1840
v 0.019843 -0.150658 0.076495 0.6350 0.0780 0.1840
v 0.682382 -0.359977 -0.028164 0.6350 0.0780 0.1840
v 0.652349 -0.277159 0.000048 0.6350 0.0780 0.1840
v 0.611395 -0.237116 0.016429 0.6350 0.0780 0.1840
v 0.132693 -0.457355 -0.042726 0.6350 0.0780 0.1840
v -0.236800 -0.154298 0.083775 0.6350 0.0780 0.1840
v 0.096290 -0.403660 -0.020884 0.6350 0.0780 0.1840
v 0.089919 -0.087862 0.100157 0.6350 0.0780 0.1840
v 0.412998 -0.393650 -0.027254 0.6350 0.0780 0.1840
v -0.487982 -0.341775 0.029171 0.6350 0.0780 0.1840
v -0.716413 -0.565655 -0.040906 0.6350 0.0780 0.1840
v 0.658720 -0.317203 -0.012693 0.6350 0.0780 0.1840
v 0.423919 -0.177960 0.048282 0.6350 0.0780 0.1840
v -0.294135 -0.291720 0.039181 0.6350 0.0780 0.1840
v 0.347472 -0.456445 -0.049096 0.6350 0.0780 0.1840
v -0.589001 -0.523791 -0.032715 0.6350 0.0780 0.1840
v -0.163084 -0.178870 0.073765 0.6350 0.0780 0.1840
v -0.756456 -0.650292 -0.073669 0.6350 0.0780 0.1840
v 0.051696 -0.390009 -0.011783 0.6350 0.0780 0.1840
v 0.230982 -0.291720 0.016429 0.6350 0.0780 0.1840
v 0.214600 -0.509230 -0.063658 0.6350 0.0780 0.1840
v 0.227341 -0.144287 0.069214 0.6350 0.0780 0.1840
v -0.261372 -0.288990 0.038271 0.6350 0.0780 0.1840
v -0.285944 -0.587497 -0.070938 0.6350 0.0780 0.1840
v 0.220971 -0.394560 -0.023614 0.6350 0.0780 0.1840
v 0.528578 -0.126996 0.063754 0.6350 0.0780 0.1840
v 0.589553 -0.451895 -0.060017 0.6350 0.0780 0.1840
v 0.142704 -0.307192 0.013699 0.6350 0.0780 0.1840
v -0.401525 -0.397290 0.006419 0.6350 0.0780 0.1840
v 0.635968 -0.420952 -0.051827 0.6350 0.0780 0.1840
v -0.405165 -0.226195 0.064664 0.6350 0.0780 0.1840
v -0.461590 -0.545633 -0.048186 0.6350 0.0780 0.1840
v -0.337819 -0.268968 0.044642 0.6350 0.0780 0.1840
v 0.372954 -0.037808 0.101067 0.6350 0.0780 0.1840
v 0.535859 -0.430963 -0.050917 0.6350 0.0780 0.1840
v -0.272293 -0.399110 -0.002682 0.6350 0.0780 0.1840
v -0.536217 -0.385459 0.012789 0.6350 0.0780 0.1840
v -0.294135 -0.335404 0.024620 0.6350 0.0780 0.1840
v -0.504364 -0.633001 -0.080039 0.6350 0.0780 0.1840
v -0.238620 -0.105154 0.102887 0.6350 0.0780 0.1840
v 0.057156 -0.166129 0.065574 0.6350 0.0780 0.1840
v 0.171826 -0.331764 0.005508 0.6350 0.0780 0.1840
v 0.362943 -0.513780 -0.077309 0.6350 0.0780 0.1840
v -0.568980 -0.370898 0.023710 0.6350 0.0780 0.1840
v -0.617214 -0.462816 -0.008143 0.6350 0.0780 0.1840
v 0.036224 -0.429143 -0.024524 0.6350 0.0780 0.1840
v -0.792860 -0.631181 -0.057287 0.6350 0.0780 0.1840
v -0.406985 -0.613889 -0.074579 0.6350 0.0780 0.1840
v -0.093917 -0.571115 -0.073669 0.6350 0.0780 0.1840
v 0.241903 -0.482837 -0.055467 0.6350 0.0780 0.1840
v -0.442478 -0.468276 -0.019064 0.6350 0.0780 0.1840
v 0.521297 -0.241666 0.021890 0.6350 0.0780 0.1840
v -0.024751 -0.324483 0.015519 0.6350 0.0780 0.1840
v -0.332359 -0.457355 -0.018154 0.6350 0.0780 0.1840
v 0.416638 -0.408211 -0.036355 0.6350 0.0780 0.1840
v -0.220419 -0.460996 -0.030895 0.6350 0.0780 0.1840
v -0.680010 -0.479197 -0.008143 0.6350 0.0780 0.1840
v 0.660540 -0.245306 0.013699 0.6350 0.0780 0.1840
v -0.148522 -0.214364 0.057383 0.6350 0.0780 0.1840
v -0.271383 -0.112435 0.105617 0.6350 0.0780 0.1840
v 0.153625 -0.167039 0.075585 0.6350 0.0780 0.1840
v -0.032032 -0.419132 -0.019974 0.6350 0.0780 0.1840
v -0.205857 -0.519241 -0.052737 0.6350 0.0780 0.1840
v -0.383323 -0.386369 0.008239 0.6350 0.0780 0.1840
v -0.103018 -0.462816 -0.029985 0.6350 0.0780 0.1840
v -0.374222 -0.260778 0.051013 0.6350 0.0780 0.1840
v -0.402435 -0.531982 -0.045456 0.6350 0.0780 0.1840
v -0.473421 -0.603878 -0.066388 0.6350 0.0780 0.1840
v 0.238262 -0.466456 -0.051827 0.6350 0.0780 0.1840
v 0.628687 -0.449164 -0.062748 0.6350 0.0780 0.1840
v -0.376042 -0.605698 -0.074579 0.6350 0.0780 0.1840
v -0.433378 -0.234385 0.061023 0.6350 0.0780 0.1840
v 0.120862 -0.397290 -0.017244 0.6350 0.0780 0.1840
v 0.437570 -0.387279 -0.029985 0.6350 0.0780 0.1840
v 0.281036 -0.419132 -0.033625 0.6350 0.0780 0.1840
v 0.117221 -0.317203 0.010969 0.6350 0.0780 0.1840
v -0.527116 -0.500129 -0.029985 0.6350 0.0780 0.1840
v 0.221881 -0.538352 -0.076399 0.6350 0.0780 0.1840
v 0.140884 -0.531982 -0.069118 0.6350 0.0780 0.1840
v 0.720605 -0.290810 -0.004502 0.6350 0.0780 0.1840
v -0.042953 -0.477377 -0.040906 0.6350 0.0780 0.1840
v -0.491623 -0.260778 0.061934 0.6350 0.0780 0.1840
v -0.227699 -0.539263 -0.054557 0.6350 0.0780 0.1840
v 0.136333 -0.185241 0.062844 0.6350 0.0780 0.1840
v -0.039312 -0.264418 0.036451 0.6350 0.0780 0.1840
v 0.207319 -0.480107 -0.051827 0.6350 0.0780 0.1840
v -0.403345 -0.161579 0.094696 0.6350 0.0780 0.1840
v 0.884420 -0.373628 -0.040906 0.6350 0.0780 0.1840
v 0.138153 -0.085132 0.094696 0.6350 0.0780 0.1840
v -0.302326 -0.349056 0.019160 0.6350 0.0780 0.1840
v 0.345652 -0.313562 0.003688 0.6350 0.0780 0.1840
v -0.387874 -0.454625 -0.019974 0.6350 0.0780 0.1840
v 0.124502 -0.286260 0.020980 0.6350 0.0780 0.1840
v 0.331090 -0.084222 0.087416 0.6350 0.0780 0.1840
v -0.367852 -0.234385 0.061023 0.6350 0.0780 0.1840
v 0.713324 -0.261688 0.007329 0.6350 0.0780 0.1840
v -0.631775 -0.521061 -0.030895 0.6350 0.0780 0.1840
v -0.332359 -0.389099 0.003688 0.6350 0.0780 0.1840
v -0.085727 -0.319933 0.020070 0.6350 0.0780 0.1840
v -0.447029 -0.605698 -0.072758 0.6350 0.0780 0.1840
v 0.439390 -0.462816 -0.057287 0.6350 0.0780 0.1840
v 0.532218 -0.386369 -0.030895 0.6350 0.0780 0.1840
v -0.639056 -0.552004 -0.042726 0.6350 0.0780 0.1840
v 0.442120 -0.514690 -0.073669 0.6350 0.0780 0.1840
v 0.404807 -0.219824 0.031901 0.6350 0.0780 0.1840
v -0.223149 -0.195252 0.072854 0.6350 0.0780 0.1840
v -0.065705 -0.455535 -0.031805 0.6350 0.0780 0.1840
v -0.148522 -0.488298 -0.040906 0.6350 0.0780 0.1840
v 0.080818 -0.319023 0.011879 0.6350 0.0780 0.1840
v -0.646337 -0.580216 -0.052737 0.6350 0.0780 0.1840
v -0.081176 -0.216184 0.057383 0.6350 0.0780 0.1840
v -0.520745 -0.528342 -0.038175 0.6350 0.0780 0.1840
v -0.073896 -0.244396 0.048282 0.6350 0.0780 0.1840
v 0.147254 -0.400930 -0.022704 0.6350 0.0780 0.1840
v -0.134871 -0.430963 -0.021794 0.6350 0.0780 0.1840
v -0.166724 -0.431873 -0.019974 0.6350 0.0780 0.1840
v 0.309249 -0.174320 0.056473 0.6350 0.0780 0.1840
v 0.730616 -0.390009 -0.041816 0.6350 0.0780 0.1840
v 0.657810 -0.331764 -0.019974 0.6350 0.0780 0.1840
v 0.437570 -0.321753 -0.006323 0.6350 0.0780 0.1840
v 0.409357 -0.051459 0.094696 0.6350 0.0780 0.1840
v 0.888060 -0.444614 -0.070938 0.6350 0.0780 0.1840
v 0.109941 -0.347235 -0.000862 0.6350 0.0780 0.1840
v 0.474883 -0.317203 -0.007233 0.6350 0.0780 0.1840
v 0.774300 -0.390009 -0.048186 0.6350 0.0780 0.1840
v 0.388426 -0.139737 0.064664 0.6350 0.0780 0.1840
v 0.162725 -0.221644 0.041912 0.6350 0.0780 0.1840
v 0.536769 -0.158849 0.053743 0.6350 0.0780 0.1840
v 0.167276 -0.463726 -0.047276 0.6350 0.0780 0.1840
v 0.394796 -0.109704 0.075585 0.6350 0.0780 0.1840
v -0.308696 -0.149748 0.092876 0.6350 0.0780 0.1840
v -0.383323 -0.575666 -0.061837 0.6350 0.0780 0.1840
v 0.130873 -0.113345 0.086506 0.6350 0.0780 0.1840
v 0.016202 -0.260778 0.035541 0.6350 0.0780 0.1840
v -0.567159 -0.612069 -0.070028 0.6350 0.0780 0.1840
v 0.338371 -0.054189 0.098337 0.6350 0.0780 0.1840
v -0.087547 -0.187971 0.068304 0.6350 0.0780 0.1840
v 0.478524 -0.065110 0.091966 0.6350 0.0780 0.1840
v 0.259194 -0.086042 0.088326 0.6350 0.0780 0.1840
v -0.755546 -0.636641 -0.065478 0.6350 0.0780 0.1840
v -0.561699 -0.339045 0.036451 0.6350 0.0780 0.1840
v 0.139063 -0.292631 0.020070 0.6350 0.0780 0.1840
v -0.073896 -0.118805 0.093786 0.6350 0.0780 0.1840
v -0.185836 -0.175230 0.073765 0.6350 0.0780 0.1840
v -0.068435 -0.468276 -0.040906 0.6350 0.0780 0.1840
v -0.215868 -0.343595 0.018250 0.6350 0.0780 0.1840
v 0.286497 -0.135187 0.071034 0.6350 0.0780 0.1840
v 0.020753 -0.101514 0.093786 0.6350 0.0780 0.1840
v -0.676369 -0.592047 -0.057287 0.6350 0.0780 0.1840
v -0.257732 -0.470096 -0.029075 0.6350 0.0780 0.1840
v 0.058976 -0.420042 -0.022704 0.6350 0.0780 0.1840
v 0.593194 -0.253497 0.011879 0.6350 0.0780 0.1840
v 0.687842 -0.436423 -0.059107 0.6350 0.0780 0.1840
v 0.415728 -0.146108 0.062844 0.6350 0.0780 0.1840
v -0.408805 -0.366347 0.017340 0.6350 0.0780 0.1840
v -0.367852 -0.168860 0.083775 0.6350 0.0780 0.1840
v 0.178197 -0.161579 0.064664 0.6350 0.0780 0.1840
v -0.035672 -0.133366 0.085596 0.6350 0.0780 0.1840
v 0.003461 -0.440974 -0.029075 0.6350 0.0780 0.1840
v 0.445761 -0.047819 0.098337 0.6350 0.0780 0.1840
v 0.437570 -0.236206 0.024620 0.6350 0.0780 0.1840
v 0.572262 -0.303552 -0.003592 0.6350 0.0780 0.1840
v 0.280126 -0.108794 0.079225 0.6350 0.0780 0.1840
v 0.077178 -0.388189 -0.011783 0.6350 0.0780 0.1840
v -0.142152 -0.185241 0.071944 0.6350 0.0780 0.1840
v 0.744267 -0.329944 -0.023614 0.6350 0.0780 0.1840
v 0.503096 -0.199802 0.038271 0.6350 0.0780 0.1840
v -0.659988 -0.638461 -0.074579 0.6350 0.0780 0.1840
v -0.234980 -0.568385 -0.066388 0.6350 0.0780 0.1840
v -0.574440 -0.580216 -0.055467 0.6350 0.0780 0.1840
v 0.344742 -0.152478 0.062844 0.6350 0.0780 0.1840
v -0.295045 -0.377268 0.005508 0.6350 0.0780 0.1840
v -0.174004 -0.520151 -0.049096 0.6350 0.0780 0.1840
v -0.000179 -0.280800 0.032811 0.6350 0.0780 0.1840
v 0.196398 -0.344505 0.000048 0.6350 0.0780 0.1840
v 0.023483 -0.232565 0.045552 0.6350 0.0780 0.1840
v 0.637788 -0.231655 0.021890 0.6350 0.0780 0.1840
v 0.510376 -0.171590 0.047372 0.6350 0.0780 0.1840
v -0.497083 -0.602968 -0.069118 0.6350 0.0780 0.1840
v 0.032584 -0.561104 -0.073669 0.6350 0.0780 0.1840
v -0.336909 -0.203443 0.071034 0.6350 0.0780 0.1840
v 0.352022 -0.286260 0.015519 0.6350 0.0780 0.1840
v 0.298328 -0.088772 0.084686 0.6350 0.0780 0.1840
v 0.189118 -0.225285 0.037361 0.6350 0.0780 0.1840
v 0.102660 -0.374538 -0.014513 0.6350 0.0780 0.1840
v -0.325078 -0.346325 0.019160 0.6350 0.0780 0.1840
v -0.230430 -0.285350 0.041912 0.6350 0.0780 0.1840
v -0.535307 -0.601148 -0.065478 0.6350 0.0780 0.1840
v 0.288317 -0.389099 -0.025434 0.6350 0.0780 0.1840
v 0.396616 -0.251677 0.021890 0.6350 0.0780 0.1840
v 0.579543 -0.333584 -0.016333 0.6350 0.0780 0.1840
v 0.043505 -0.221644 0.049192 0.6350 0.0780 0.1840
v 0.300148 -0.347235 -0.006323 0.6350 0.0780 0.1840
v -0.315977 -0.424592 -0.010873 0.6350 0.0780 0.1840
v -0.308696 -0.319933 0.028261 0.6350 0.0780 0.1840
v 0.195488 -0.144287 0.075585 0.6350 0.0780 0.1840
v -0.656347 -0.506500 -0.025434 0.6350 0.0780 0.1840
v 0.489445 -0.258958 0.015519 0.6350 0.0780 0.1840
v 0.373864 -0.197982 0.041912 0.6350 0.0780 0.1840
v 0.332911 -0.512870 -0.075489 0.6350 0.0780 0.1840
v -0.213138 -0.478287 -0.034535 0.6350 0.0780 0.1840
v 0.462142 -0.106064 0.072854 0.6350 0.0780 0.1840
v -0.223149 -0.211633 0.061023 0.6350 0.0780 0.1840
v -0.156713 -0.520151 -0.056377 0.6350 0.0780 0.1840
v -0.176735 -0.236206 0.051923 0.6350 0.0780 0.1840
v -0.095738 -0.141557 0.084686 0.6350 0.0780 0.1840
v -0.830173 -0.658483 -0.066388 0.6350 0.0780 0.1840
v 0.138153 -0.228015 0.041912 0.6350 0.0780 0.1840
v -0.286855 -0.305372 0.030991 0.6350 0.0780 0.1840
v -0.092097 -0.257137 0.040092 0.6350 0.0780 0.1840
v -0.079356 -0.390009 -0.009053 0.6350 0.0780 0.1840
v -0.244081 -0.228015 0.063754 0.6350 0.0780 0.1840
v -0.640876 -0.446434 -0.001772 0.6350 0.0780 0.1840
v 0.298328 -0.035988 0.106527 0.6350 0.0780 0.1840
v 0.675101 -0.388189 -0.040906 0.6350 0.0780 0.1840
v -0.652707 -0.608429 -0.062748 0.6350 0.0780 0.1840
v 0.189118 -0.501039 -0.060017 0.6350 0.0780 0.1840
v 0.323810 -0.241666 0.025530 0.6350 0.0780 0.1840
v 0.262834 -0.288990 0.015519 0.6350 0.0780 0.1840
v 0.003461 -0.565655 -0.076399 0.6350 0.0780 0.1840
v 0.853477 -0.450075 -0.072758 0.6350 0.0780 0.1840
v 0.497635 -0.482837 -0.068208 0.6350 0.0780 0.1840
v -0.198577 -0.417312 -0.013603 0.6350 0.0780 0.1840
v -0.002909 -0.411851 -0.020884 0.6350 0.0780 0.1840
v -0.265013 -0.368167 0.008239 0.6350 0.0780 0.1840
v 0.159995 -0.140647 0.072854 0.6350 0.0780 0.1840
v -0.211318 -0.154298 0.084686 0.6350 0.0780 0.1840
v 0.378415 -0.453715 -0.050006 0.6350 0.0780 0.1840
v 0.021663 -0.372718 -0.003592 0.6350 0.0780 0.1840
v -0.050233 -0.075121 0.112898 0.6350 0.0780 0.1840
v -0.644516 -0.626630 -0.070938 0.6350 0.0780 0.1840
v 0.027123 -0.063290 0.113808 0.6350 0.0780 0.1840
v -0.518015 -0.579306 -0.057287 0.6350 0.0780 0.1840
v -0.265013 -0.140647 0.097427 0.6350 0.0780 0.1840
v -0.042043 -0.105154 0.097427 0.6350 0.0780 0.1840
v 0.078088 -0.080582 0.097427 0.6350 0.0780 0.1840
v 0.522207 -0.097873 0.076495 0.6350 0.0780 0.1840
v 0.564981 -0.276249 0.006419 0.6350 0.0780 0.1840
v 0.695123 -0.466456 -0.069118 0.6350 0.0780 0.1840
v 0.511287 -0.299911 0.000048 0.6350 0.0780 0.1840
v -0.339639 -0.285350 0.044642 0.6350 0.0780 0.1840
v 0.664180 -0.304462 -0.009963 0.6350 0.0780 0.1840
v 0.189118 -0.116985 0.081955 0.6350 0.0780 0.1840
v 0.852567 -0.392739 -0.048186 0.6350 0.0780 0.1840
v 0.745177 -0.272609 0.000048 0.6350 0.0780 0.1840
v -0.440658 -0.264418 0.055563 0.6350 0.0780 0.1840
v 0.249183 -0.232565 0.034631 0.6350 0.0780 0.1840
v 0.825264 -0.390919 -0.047276 0.6350 0.0780 0.1840
v -0.373312 -0.512870 -0.039085 0.6350 0.0780 0.1840
v 0.197309 -0.194342 0.051923 0.6350 0.0780 0.1840
v 0.586823 -0.365437 -0.026344 0.6350 0.0780 0.1840
v 0.126322 -0.487388 -0.052737 0.6350 0.0780 0.1840
v 0.632327 -0.362707 -0.027254 0.6350 0.0780 0.1840
v -0.395154 -0.503769 -0.037265 0.6350 0.0780 0.1840
v 0.225521 -0.078762 0.091966 0.6350 0.0780 0.1840
v 0.359303 -0.258958 0.020980 0.6350 0.0780 0.1840
v 0.736077 -0.462816 -0.070938 0.6350 0.0780 0.1840
v -0.321438 -0.600238 -0.074579 0.6350 0.0780 0.1840
v 0.603205 -0.191612 0.037361 0.6350 0.0780 0.1840
v 0.004371 -0.501039 -0.051827 0.6350 0.0780 0.1840
v -0.380593 -0.482837 -0.026344 0.6350 0.0780 0.1840
v 0.621406 -0.371808 -0.029075 0.6350 0.0780 0.1840
v 0.189118 -0.371808 -0.009963 0.6350 0.0780 0.1840
v 0.461232 -0.376358 -0.027254 0.6350 0.0780 0.1840
v -0.285944 -0.455535 -0.024524 0.6350 0.0780 0.1840
v -0.234070 -0.404571 -0.006323 0.6350 0.0780 0.1840
v 0.007102 -0.309922 0.020980 0.6350 0.0780 0.1840
v 0.060796 -0.271699 0.028261 0.6350 0.0780 0.1840
v 0.111761 -0.547453 -0.077309 0.6350 0.0780 0.1840
v -0.396064 -0.347235 0.024620 0.6350 0.0780 0.1840
v -0.223149 -0.313562 0.029171 0.6350 0.0780 0.1840
v -0.036582 -0.506500 -0.051827 0.6350 0.0780 0.1840
v 0.006192 -0.161579 0.071034 0.6350 0.0780 0.1840
v -0.008370 -0.097873 0.094696 0.6350 0.0780 0.1840
v 0.027123 -0.180691 0.066484 0.6350 0.0780 0.1840
v -0.518015 -0.309922 0.039181 0.6350 0.0780 0.1840
v -0.201307 -0.299911 0.029171 0.6350 0.0780 0.1840
v 0.140884 -0.428233 -0.032715 0.6350 0.0780 0.1840
v 0.144524 -0.056009 0.105617 0.6350 0.0780 0.1840
v 0.085369 -0.302641 0.020070 0.6350 0.0780 0.1840
v -0.021111 -0.194342 0.062844 0.6350 0.0780 0.1840
v 0.563161 -0.133366 0.061934 0.6350 0.0780 0.1840
v -0.118490 -0.402750 -0.009053 0.6350 0.0780 0.1840
v -0.669999 -0.562925 -0.050006 0.6350 0.0780 0.1840
v 0.205499 -0.054189 0.103797 0.6350 0.0780 0.1840
v -0.361481 -0.337225 0.024620 0.6350 0.0780 0.1840
v 0.069897 -0.098783 0.092876 0.6350 0.0780 0.1840
v -0.483432 -0.438244 -0.009963 0.6350 0.0780 0.1840
v 0.915362 -0.438244 -0.068208 0.6350 0.0780 0.1840
v 0.073538 -0.479197 -0.049096 0.6350 0.0780 0.1840
v -0.099378 -0.284440 0.030991 0.6350 0.0780 0.1840
v 0.542229 -0.403660 -0.041816 0.6350 0.0780 0.1840
v 0.726976 -0.308102 -0.013603 0.6350 0.0780 0.1840
v 0.331090 -0.373628 -0.018154 0.6350 0.0780 0.1840
v 0.467603 -0.225285 0.029171 0.6350 0.0780 0.1840
v 0.316529 -0.145197 0.063754 0.6350 0.0780 0.1840
v 0.402077 -0.465546 -0.056377 0.6350 0.0780 0.1840
v -0.089367 -0.520151 -0.050917 0.6350 0.0780 0.1840
v -0.173094 -0.458265 -0.028164 0.6350 0.0780 0.1840
v 0.115401 -0.097873 0.092876 0.6350 0.0780 0.1840
v -0.541677 -0.438244 -0.004502 0.6350 0.0780 0.1840
v 0.880779 -0.415491 -0.060927 0.6350 0.0780 0.1840
v -0.556239 -0.512870 -0.033625 0.6350 0.0780 0.1840
v 0.652349 -0.289900 -0.001772 0.6350 0.0780 0.1840
v 0.548600 -0.375448 -0.028164 0.6350 0.0780 0.1840
v -0.051144 -0.394560 -0.011783 0.6350 0.0780 0.1840
v -0.132141 -0.342685 0.012789 0.6350 0.0780 0.1840
v 0.528578 -0.271699 0.011879 0.6350 0.0780 0.1840
v 0.025303 -0.531982 -0.064568 0.6350 0.0780 0.1840
v 0.771570 -0.318113 -0.018154 0.6350 0.0780 0.1840
v -0.340549 -0.563835 -0.060927 0.6350 0.0780 0.1840
v -0.375132 -0.278979 0.049192 0.6350 0.0780 0.1840
v -0.029302 -0.086952 0.105617 0.6350 0.0780 0.1840
v 0.561341 -0.443704 -0.052737 0.6350 0.0780 0.1840
v 0.480344 -0.409121 -0.039996 0.6350 0.0780 0.1840
v 0.153625 -0.351786 -0.001772 0.6350 0.0780 0.1840
v -0.446119 -0.313562 0.036451 0.6350 0.0780 0.1840
v -0.429737 -0.279889 0.046462 0.6350 0.0780 0.1840
v -0.474331 -0.284440 0.049192 0.6350 0.0780 0.1840
v -0.151252 -0.369077 0.002778 0.6350 0.0780 0.1840
v -0.725514 -0.622990 -0.063658 0.6350 0.0780 0.1840
v 0.859848 -0.361797 -0.038175 0.6350 0.0780 0.1840
v 0.350202 -0.399110 -0.026344 0.6350 0.0780 0.1840
v -0.368762 -0.446434 -0.015423 0.6350 0.0780 0.1840
v 0.101750 -0.232565 0.040092 0.6350 0.0780 0.1840
v -0.113939 -0.186151 0.069214 0.6350 0.0780 0.1840
v 0.157265 -0.271699 0.027350 0.6350 0.0780 0.1840
v 0.168186 -0.311742 0.010059 0.6350 0.0780 0.1840
v 0.380235 -0.170680 0.055563 0.6350 0.0780 0.1840
v -0.021111 -0.487388 -0.048186 0.6350 0.0780 0.1840
v -0.022021 -0.153388 0.076495 0.6350 0.0780 0.1840
v 0.483074 -0.179781 0.042822 0.6350 0.0780 0.1840
v -0.022021 -0.564745 -0.073669 0.6350 0.0780 0.1840
v -0.102108 -0.167039 0.078315 0.6350 0.0780 0.1840
v 0.388426 -0.523791 -0.079129 0.6350 0.0780 0.1840
v -0.005639 -0.350876 0.004598 0.6350 0.0780 0.1840
v 0.080818 -0.511050 -0.059107 0.6350 0.0780 0.1840
v 0.595014 -0.158849 0.051013 0.6350 0.0780 0.1840
v 0.340191 -0.482837 -0.060927 0.6350 0.0780 0.1840
v -0.494353 -0.518331 -0.032715 0.6350 0.0780 0.1840
v -0.358751 -0.356336 0.013699 0.6350 0.0780 0.1840
v -0.034762 -0.545633 -0.065478 0.6350 0.0780 0.1840
v 0.374774 -0.339955 -0.009053 0.6350 0.0780 0.1840
v -0.226789 -0.443704 -0.019974 0.6350 0.0780 0.1840
v 0.780670 -0.419132 -0.058197 0.6350 0.0780 0.1840
v -0.189476 -0.107884 0.103797 0.6350 0.0780 0.1840
v 0.683292 -0.276249 0.000048 0.6350 0.0780 0.1840
v -0.025661 -0.446434 -0.031805 0.6350 0.0780 0.1840
v -0.251361 -0.093323 0.112898 0.6350 0.0780 0.1840
v 0.160905 -0.478287 -0.050917 0.6350 0.0780 0.1840
v -0.271383 -0.527431 -0.049096 0.6350 0.0780 0.1840
v 0.685112 -0.481927 -0.077309 0.6350 0.0780 0.1840
v -0.304146 -0.575666 -0.064568 0.6350 0.0780 0.1840
v 0.772480 -0.460085 -0.070938 0.6350 0.0780 0.1840
v -0.275934 -0.228925 0.058293 0.6350 0.0780 0.1840
v 0.367494 -0.369077 -0.019064 0.6350 0.0780 0.1840
v -0.489803 -0.465546 -0.016333 0.6350 0.0780 0.1840
v 0.113581 -0.426412 -0.029985 0.6350 0.0780 0.1840
v -0.302326 -0.122445 0.099247 0.6350 0.0780 0.1840
v 0.495815 -0.341775 -0.014513 0.6350 0.0780 0.1840
v 0.402077 -0.089682 0.079225 0.6350 0.0780 0.1840
v -0.248631 -0.530162 -0.051827 0.6350 0.0780 0.1840
v -0.315977 -0.201622 0.072854 0.6350 0.0780 0.1840
v 0.461232 -0.197982 0.040092 0.6350 0.0780 0.1840
v -0.280484 -0.439154 -0.019064 0.6350 0.0780 0.1840
v 0.022573 -0.309922 0.014609 0.6350 0.0780 0.1840
v -0.388784 -0.320843 0.032811 0.6350 0.0780 0.1840
v 0.038954 -0.491028 -0.050006 0.6350 0.0780 0.1840
v 0.578632 -0.193432 0.037361 0.6350 0.0780 0.1840
v 0.231892 -0.197982 0.047372 0.6350 0.0780 0.1840
v -0.200397 -0.236206 0.052833 0.6350 0.0780 0.1840
v 0.316529 -0.271699 0.017340 0.6350 0.0780 0.1840
v -0.410626 -0.269879 0.050102 0.6350 0.0780 0.1840
v 0.313799 -0.404571 -0.029075 0.6350 0.0780 0.1840
v 0.028944 -0.401840 -0.017244 0.6350 0.0780 0.1840
v 0.067167 -0.521971 -0.064568 0.6350 0.0780 0.1840
v 0.949035 -0.447344 -0.076399 0.6350 0.0780 0.1840
v -0.428827 -0.525611 -0.043636 0.6350 0.0780 0.1840
v -0.613574 -0.508320 -0.026344 0.6350 0.0780 0.1840
v 0.322900 -0.115165 0.078315 0.6350 0.0780 0.1840
v 0.521297 -0.491028 -0.074579 0.6350 0.0780 0.1840
v -0.619944 -0.575666 -0.048186 0.6350 0.0780 0.1840
v -0.122130 -0.565655 -0.072758 0.6350 0.0780 0.1840
v 0.604115 -0.391829 -0.039996 0.6350 0.0780 0.1840
v 0.175467 -0.432783 -0.032715 0.6350 0.0780 0.1840
v -0.244081 -0.125176 0.097427 0.6350 0.0780 0.1840
v 0.249183 -0.512870 -0.067298 0.6350 0.0780 0.1840
v 0.716055 -0.450075 -0.065478 0.6350 0.0780 0.1840
v -0.562609 -0.484658 -0.019974 0.6350 0.0780 0.1840
v -0.182195 -0.136097 0.090146 0.6350 0.0780 0.1840
v 0.012562 -0.123355 0.085596 0.6350 0.0780 0.1840
v 0.135423 -0.335404 0.005508 0.6350 0.0780 0.1840
v -0.538037 -0.545633 -0.042726 0.6350 0.0780 0.1840
v -0.170364 -0.576576 -0.072758 0.6350 0.0780 0.1840
v 0.234622 -0.350876 -0.006323 0.6350 0.0780 0.1840
v -0.201307 -0.574756 -0.074579 0.6350 0.0780 0.1840
v 0.569532 -0.412761 -0.045456 0.6350 0.0780 0.1840
v 0.643248 -0.391829 -0.044546 0.6350 0.0780 0.1840
v -0.159443 -0.401840 -0.009963 0.6350 0.0780 0.1840
v -0.153073 -0.256227 0.045552 0.6350 0.0780 0.1840
v 0.518567 -0.327214 -0.008143 0.6350 0.0780 0.1840
v -0.293225 -0.483748 -0.029985 0.6350 0.0780 0.1840
v 0.561341 -0.218914 0.024620 0.6350 0.0780 0.1840
v 0.301058 -0.205263 0.044642 0.6350 0.0780 0.1840
v 0.182747 -0.253497 0.026440 0.6350 0.0780 0.1840
v 0.638698 -0.250767 0.012789 0.6350 0.0780 0.1840
v -0.153983 -0.113345 0.098337 0.6350 0.0780 0.1840
v -0.029302 -0.305372 0.021890 0.6350 0.0780 0.1840
v -0.262282 -0.587497 -0.074579 0.6350 0.0780 0.1840
v -0.732794 -0.593867 -0.053647 0.6350 0.0780 0.1840
v -0.494353 -0.367257 0.021890 0.6350 0.0780 0.1840
v -0.191296 -0.389099 -0.001772 0.6350 0.0780 0.1840
v 0.534039 -0.331764 -0.017244 0.6350 0.0780 0.1840
v -0.548958 -0.410031 0.006419 0.6350 0.0780 0.1840
v -0.301416 -0.261688 0.049192 0.6350 0.0780 0.1840
v -0.147612 -0.141557 0.084686 0.6350 0.0780 0.1840
v -0.086637 -0.542903 -0.061837 0.6350 0.0780 0.1840
v -0.490713 -0.576576 -0.060017 0.6350 0.0780 0.1840
v 0.330180 -0.212543 0.039181 0.6350 0.0780 0.1840
v -0.116669 -0.225285 0.055563 0.6350 0.0780 0.1840
v 0.301968 -0.492848 -0.062748 0.6350 0.0780 0.1840
v -0.120310 -0.369077 0.010059 0.6350 0.0780 0.1840
v 0.689662 -0.329944 -0.018154 0.6350 0.0780 0.1840
v 0.083548 -0.061470 0.109258 0.6350 0.0780 0.1840
v 0.454861 -0.170680 0.050102 0.6350 0.0780 0.1840
v 0.789771 -0.342685 -0.029075 0.6350 0.0780 0.1840
v -0.081176 -0.090593 0.105617 0.6350 0.0780 0.1840
v 0.372954 -0.491028 -0.064568 0.6350 0.0780 0.1840
v 0.510376 -0.400020 -0.037265 0.6350 0.0780 0.1840
v -0.177645 -0.334494 0.017340 0.6350 0.0780 0.1840
v 0.295597 -0.521061 -0.074579 0.6350 0.0780 0.1840
v -0.366942 -0.541993 -0.051827 0.6350 0.0780 0.1840
v -0.460680 -0.227105 0.072854 0.6350 0.0780 0.1840
v -0.785579 -0.634821 -0.062748 0.6350 0.0780 0.1840
v -0.169454 -0.207993 0.061934 0.6350 0.0780 0.1840
v 0.002551 -0.183421 0.065574 0.6350 0.0780 0.1840
v 0.128142 -0.367257 -0.009053 0.6350 0.0780 0.1840
v 0.344742 -0.026887 0.108348 0.6350 0.0780 0.1840
v -0.046593 -0.234385 0.048282 0.6350 0.0780 0.1840
v -0.059334 -0.177050 0.071034 0.6350 0.0780 0.1840
v -0.462500 -0.351786 0.020980 0.6350 0.0780 0.1840
v -0.767377 -0.604788 -0.060927 0.6350 0.0780 0.1840
v -0.690020 -0.647562 -0.075489 0.6350 0.0780 0.1840
v 0.541319 -0.198892 0.036451 0.6350 0.0780 0.1840
v -0.344190 -0.174320 0.084686 0.6350 0.0780 0.1840
v 0.382965 -0.309012 0.003688 0.6350 0.0780 0.1840
v 0.279216 -0.259868 0.025530 0.6350 0.0780 0.1840
v -0.457040 -0.405481 0.002778 0.6350 0.0780 0.1840
v 0.309249 -0.462816 -0.048186 0.6350 0.0780 0.1840
v 0.484894 -0.096053 0.077405 0.6350 0.0780 0.1840
v -0.007460 -0.249857 0.043732 0.6350 0.0780 0.1840
v -0.208588 -0.373628 0.006419 0.6350 0.0780 0.1840
v 0.524938 -0.355426 -0.019974 0.6350 0.0780 0.1840
v 0.624137 -0.173410 0.048282 0.6350 0.0780 0.1840
v 0.118132 -0.203443 0.051923 0.6350 0.0780 0.1840
v 0.156355 -0.249857 0.035541 0.6350 0.0780 0.1840
v 0.496725 -0.229835 0.023710 0.6350 0.0780 0.1840
v 0.712414 -0.368167 -0.033625 0.6350 0.0780 0.1840
v -0.529846 -0.357246 0.023710 0.6350 0.0780 0.1840
v -0.447939 -0.291720 0.045552 0.6350 0.0780 0.1840
v -0.099378 -0.378178 -0.001772 0.6350 0.0780 0.1840
v 0.571352 -0.164309 0.047372 0.6350 0.0780 0.1840
v -0.590822 -0.369987 0.031901 0.6350 0.0780 0.1840
v 0.181837 -0.086952 0.094696 0.6350 0.0780 0.1840
v 0.366584 -0.227105 0.032811 0.6350 0.0780 0.1840
v -0.662718 -0.532892 -0.033625 0.6350 0.0780 0.1840
v -0.354201 -0.478287 -0.029075 0.6350 0.0780 0.1840
v 0.383875 -0.391829 -0.027254 0.6350 0.0780 0.1840
v -0.626315 -0.602968 -0.064568 0.6350 0.0780 0.1840
v -0.361481 -0.206173 0.071944 0.6350 0.0780 0.1840
v -0.160353 -0.084222 0.113808 0.6350 0.0780 0.1840
v 0.153625 -0.373628 -0.015423 0.6350 0.0780 0.1840
v -0.268653 -0.258047 0.047372 0.6350 0.0780 0.1840
v -0.347830 -0.533802 -0.050006 0.6350 0.0780 0.1840
v -0.325078 -0.487388 -0.028164 0.6350 0.0780 0.1840
v -0.396064 -0.191612 0.083775 0.6350 0.0780 0.1840
v 0.097200 -0.116985 0.090146 0.6350 0.0780 0.1840
v -0.359661 -0.570205 -0.061837 0.6350 0.0780 0.1840
v 0.358393 -0.097873 0.078315 0.6350 0.0780 0.1840
v 0.454861 -0.136097 0.061934 0.6350 0.0780 0.1840
v 0.244633 -0.115165 0.081045 0.6350 0.0780 0.1840
v 0.252824 -0.534712 -0.077309 0.6350 0.0780 0.1840
v 0.391156 -0.420042 -0.039996 0.6350 0.0780 0.1840
v -0.578991 -0.561104 -0.049096 0.6350 0.0780 0.1840
v -0.194026 -0.329944 0.020980 0.6350 0.0780 0.1840
v -0.695481 -0.555644 -0.038175 0.6350 0.0780 0.1840
v 0.659630 -0.421862 -0.050917 0.6350 0.0780 0.1840
v -0.432467 -0.372718 0.014609 0.6350 0.0780 0.1840
v -0.141242 -0.091503 0.104707 0.6350 0.0780 0.1840
v 0.653259 -0.479197 -0.072758 0.6350 0.0780 0.1840
v 0.182747 -0.400930 -0.020884 0.6350 0.0780 0.1840
v -0.476151 -0.485568 -0.025434 0.6350 0.0780 0.1840
v -0.467961 -0.516510 -0.037265 0.6350 0.0780 0.1840
v -0.454309 -0.576576 -0.060927 0.6350 0.0780 0.1840
v -0.425187 -0.212543 0.074675 0.6350 0.0780 0.1840
v -0.383323 -0.137007 0.098337 0.6350 0.0780 0.1840
v -0.339639 -0.418222 -0.008143 0.6350 0.0780 0.1840
v 0.617766 -0.335404 -0.018154 0.6350 0.0780 0.1840
v 0.467603 -0.347235 -0.015423 0.6350 0.0780 0.1840
v 0.202769 -0.173410 0.063754 0.6350 0.0780 0.1840
v 0.503096 -0.369987 -0.024524 0.6350 0.0780 0.1840
v -0.449759 -0.437333 -0.007233 0.6350 0.0780 0.1840
v -0.175825 -0.301731 0.030991 0.6350 0.0780 0.1840
vn 0.365959 0.022532 0.930358
vn 0.365959 0.022532 0.930358
vn 0.365959 0.022532 0.930358
vn 0.365959 0.022532 0.930358
vn 0.365959 0.022532 0.930358
vn 0.365959 0.022532 0.930358
vn 0.365959 0.022532 0.930358
vn 0.365959 0.022532 0.930358
vn 0.365959 0.022532 0.930358
vn 0.365959 0.022532 0.930358
vn 0.365959 0.022532 0.930358
vn 0.365959 0.022532 0.930358
vn 0.365959 0.022532 0.930358
vn 0.365959 0.022532 0.930358
vn 0.365959 0.022532 0.930358
vn 0.365959 0.022532 0.930358
vn 0.365959 0.022532 0.930358
vn 0.365959 0.022532 0.930358
vn 0.365959 0.022532 0.930358
vn 0.365959 0.022532 0.930358
vn 0.365959 0.022532 0.930358
vn 0.365959 0.022532 0.930358
vn 0.365959 0.022532 0.930358
vn 0.365959 0.022532 0.930358
vn 0.365959 0.022532 0.930358
vn 0.365959 0.022532 0.930358
vn 0.365959 0.022532 0.930358
vn 0.365959 0.022532 0.930358
vn 0.365959 0.022532 0.930358
vn 0.365959 0.022532 0.930358
vn 0.365959 0.022532 0.930358
vn 0.365959 0.022532 0.930358
vn 0.365959 0.022532 0.930358
vn 0.365959 0.022532 0.930358
vn 0.365959 0.022532 0.930358
vn 0.365959 0.022532 0.930358
vn 0.365959 0.022532 0.930358
vn 0.365959 0.022532 0.930358
vn 0.365959 0.022532 0.930358
vn 0.365959 0.022532 0.930358
vn 0.365959 0.022532 0.930358
vn 0.365959 0.022532 0.930358
vn 0.365959 0.022532 0.930358
vn 0.365959 0.022532 0.930358
vn 0.365959 0.022532 0.930358
vn 0.365959 0.022532 0.930358
vn 0.365959 0.022532 0.930358
vn 0.365959 0.022532 0.930358
vn 0.365959 0.022532 0.930358
vn 0.365959 0.022532 0.930358
vn 0.365959 0.022532 0.930358
vn 0.365959 0.022532 0.930358
vn 0.365959 0.022532 0.930358
vn 0.365959 0.022532 0.930358
vn 0.365959 0.022532 0.930358
vn 0.365959 0.022532 0.930358
vn 0.365959 0.022532 0.930358
vn 0.365959 0.022532 0.930358
vn 0.365959 0.022532 0.930358
vn 0.365959 0.022532 0.930358
vn 0.365959 0.022532 0.930358
vn 0.365959 0.022532 0.930358
vn 0.365959 0.022532 0.930358
vn 0.365959 0.022532 0.930358
vn 0.365959 0.022532 0.930358
vn 0.365959 0.022532 0.930358
vn 0.365959 0.022532 0.930358
vn 0.365959 0.022532 0.930358
vn 0.365959 0.022532 0.930358
vn 0.365959 0.022532 0.930358
vn 0.365959 0.022532 0.930358
vn 0.365959 0.022532 0.930358
vn 0.365959 0.022532 0.930358
vn 0.365959 0.022532 0.930358
vn 0.365959 0.022532 0.930358
vn 0.365959 0.022532 0.930358
vn 0.365959 0.022532 0.930358
vn 0.365959 0.022532 0.930358
vn 0.365959 0.022532 0.930358
vn 0.365959 0.022532 0.930358
vn 0.365959 0.022532 0.930358
vn 0.365959 0.022532 0.930358
vn 0.365959 0.022532 0.930358
vn 0.365959 0.022532 0.930358
vn 0.365959 0.022532 0.930358
vn 0.365959 0.022532 0.930358
vn 0.365959 0.022532 0.930358
vn 0.365959 0.022532 0.930358
vn 0.365959 0.022532 0.930358
vn 0.365959 0.022532 0.930358
vn 0.365959 0.022532 0.930358
vn 0.365959 0.022532 0.930358
vn 0.365959 0.022532 0.930358
vn 0.365959 0.022532 0.930358
vn 0.365959 0.022532 0.930358
vn 0.365959 0.022532 0.930358
vn 0.365959 0.022532 0.930358
vn 0.365959 0.022532 0.930358
vn 0.365959 0.022532 0.930358
vn 0.365959 0.022532 0.930358
vn 0.365959 0.022532 0.930358
vn 0.365959 0.022532 0.930358
vn 0.365959 0.022532 0.930358
vn 0.365959 0.022532 0.930358
vn 0.365959 0.022532 0.930358
vn 0.365959 0.022532 0.930358
vn 0.365959 0.022532 0.930358
vn 0.365959 0.022532 0.930358
vn 0.365959 0.022532 0.930358
vn 0.365959 0.022532 0.930358
vn 0.365959 0.022532 0.930358
vn 0.365959 0.022532 0.930358
vn 0.365959 0.022532 0.930358
vn 0.365959 0.022532 0.930358
vn 0.365959 0.022532 0.930358
vn 0.365959 0.022532 0.930358
vn 0.365959 0.022532 0.930358
vn 0.365959 0.022532 0.930358
vn 0.365959 0.022532 0.930358
vn 0.365959 0.022532 0.930358
vn 0.365959 0.022532 0.930358
vn 0.365959 0.022532 0.930358
vn 0.365959 0.022532 0.930358
vn 0.365959 0.022532 0.930358
vn 0.365959 0.022532 0.930358
vn 0.365959 0.022532 0.930358
vn 0.365959 0.022532 0.930358
vn 0.365959 0.022532 0.930358
vn 0.365959 0.022532 0.930358
vn 0.365959 0.022532 0.930358
vn 0.365959 0.022532 0.930358
vn 0.365959 0.022532 0.930358
vn 0.365959 0.022532 0.930358
vn 0.365959 0.022532 0.930358
vn 0.365959 0.022532 0.930358
vn 0.365959 0.022532 0.930358
vn 0.365959 0.022532 0.930358
vn 0.365959 0.022532 0.930358
vn 0.365959 0.022532 0.930358
vn 0.365959 0.022532 0.930358
vn 0.365959 0.022532 0.930358
vn 0.365959 0.022532 0.930358
vn 0.365959 0.022532 0.930358
vn 0.365959 0.022532 0.930358
vn 0.365959 0.022532 0.930358
vn -0.329755 -0.014784 0.943951
vn -0.329755 -0.014784 0.943951
vn -0.329755 -0.014784 0.943951
vn -0.329755 -0.014784 0.943951
vn -0.329755 -0.014784 0.943951
vn -0.329755 -0.014784 0.943951
vn -0.329755 -0.014784 0.943951
vn -0.329755 -0.014784 0.943951
vn -0.329755 -0.014784 0.943951
vn -0.329755 -0.014784 0.943951
vn -0.329755 -0.014784 0.943951
vn -0.329755 -0.014784 0.943951
vn -0.329755 -0.014784 0.943951
vn -0.329755 -0.014784 0.943951
vn -0.329755 -0.014784 0.943951
vn -0.329755 -0.014784 0.943951
vn -0.329755 -0.014784 0.943951
vn -0.329755 -0.014784 0.943951
vn -0.329755 -0.014784 0.943951
vn -0.329755 -0.014784 0.943951
vn -0.329755 -0.014784 0.943951
vn -0.329755 -0.014784 0.943951
vn -0.329755 -0.014784 0.943951
vn -0.329755 -0.014784 0.943951
vn -0.329755 -0.014784 0.943951
vn -0.329755 -0.014784 0.943951
vn -0.329755 -0.014784 0.943951
vn -0.329755 -0.014784 0.943951
vn -0.329755 -0.014784 0.943951
vn -0.329755 -0.014784 0.943951
vn -0.329755 -0.014784 0.943951
vn -0.329755 -0.014784 0.943951
vn -0.329755 -0.014784 0.943951
vn -0.329755 -0.014784 0.943951
vn -0.329755 -0.014784 0.943951
vn -0.329755 -0.014784 0.943951
vn -0.329755 -0.014784 0.943951
vn -0.329755 -0.014784 0.943951
vn -0.329755 -0.014784 0.943951
vn -0.329755 -0.014784 0.943951
vn -0.329755 -0.014784 0.943951
vn -0.329755 -0.014784 0.943951
vn -0.329755 -0.014784 0.943951
vn -0.329755 -0.014784 0.943951
vn -0.329755 -0.014784 0.943951
vn -0.329755 -0.014784 0.943951
vn -0.329755 -0.014784 0.943951
vn -0.329755 -0.014784 0.943951
vn -0.329755 -0.014784 0.943951
vn -0.329755 -0.014784 0.943951
vn -0.329755 -0.014784 0.943951
vn -0.329755 -0.014784 0.943951
vn -0.329755 -0.014784 0.943951
vn -0.329755 -0.014784 0.943951
vn -0.329755 -0.014784 0.943951
vn -0.329755 -0.014784 0.943951
vn -0.329755 -0.014784 0.943951
vn -0.329755 -0.014784 0.943951
vn -0.329755 -0.014784 0.943951
vn -0.329755 -0.014784 0.943951
vn -0.329755 -0.014784 0.943951
vn -0.329755 -0.014784 0.943951
vn -0.329755 -0.014784 0.943951
vn -0.329755 -0.014784 0.943951
vn -0.329755 -0.014784 0.943951
vn -0.329755 -0.014784 0.943951
vn -0.329755 -0.014784 0.943951
vn -0.329755 -0.014784 0.943951
vn -0.329755 -0.014784 0.943951
vn -0.329755 -0.014784 0.943951
vn -0.329755 -0.014784 0.943951
vn -0.329755 -0.014784 0.943951
vn -0.329755 -0.014784 0.943951
vn -0.329755 -0.014784 0.943951
vn -0.329755 -0.014784 0.943951
vn -0.329755 -0.014784 0.943951
vn -0.329755 -0.014784 0.943951
vn -0.329755 -0.014784 0.943951
vn -0.329755 -0.014784 0.943951
vn -0.329755 -0.014784 0.943951
vn -0.329755 -0.014784 0.943951
vn -0.329755 -0.014784 0.943951
vn -0.329755 -0.014784 0.943951
vn -0.329755 -0.014784 0.943951
vn -0.329755 -0.014784 0.943951
vn -0.329755 -0.014784 0.943951
vn -0.329755 -0.014784 0.943951
vn -0.329755 -0.014784 0.943951
vn -0.329755 -0.014784 0.943951
vn -0.329755 -0.014784 0.943951
vn -0.329755 -0.014784 0.943951
vn -0.329755 -0.014784 0.943951
vn -0.329755 -0.014784 0.943951
vn -0.329755 -0.014784 0.943951
vn -0.329755 -0.014784 0.943951
vn -0.329755 -0.014784 0.943951
vn -0.329755 -0.014784 0.943951
vn -0.329755 -0.014784 0.943951
vn -0.329755 -0.014784 0.943951
vn -0.329755 -0.014784 0.943951
vn -0.329755 -0.014784 0.943951
vn -0.329755 -0.014784 0.943951
vn -0.329755 -0.014784 0.943951
vn -0.329755 -0.014784 0.943951
vn -0.329755 -0.014784 0.943951
vn -0.329755 -0.014784 0.943951
vn -0.329755 -0.014784 0.943951
vn -0.329755 -0.014784 0.943951
vn -0.329755 -0.014784 0.943951
vn -0.329755 -0.014784 0.943951
vn -0.329755 -0.014784 0.943951
vn -0.329755 -0.014784 0.943951
vn -0.329755 -0.014784 0.943951
vn -0.329755 -0.014784 0.943951
vn -0.329755 -0.014784 0.943951
vn -0.329755 -0.014784 0.943951
vn -0.329755 -0.014784 0.943951
vn -0.329755 -0.014784 0.943951
vn -0.329755 -0.014784 0.943951
vn -0.329755 -0.014784 0.943951
vn -0.329755 -0.014784 0.943951
vn -0.329755 -0.014784 0.943951
vn -0.329755 -0.014784 0.943951
vn -0.329755 -0.014784 0.943951
vn -0.329755 -0.014784 0.943951
vn -0.329755 -0.014784 0.943951
vn -0.329755 -0.014784 0.943951
vn -0.329755 -0.014784 0.943951
vn -0.329755 -0.014784 0.943951
vn -0.053916 0.340733 0.938613
vn -0.053916 0.340733 0.938613
vn -0.053916 0.340733 0.938613
vn -0.053916 0.340733 0.938613
vn -0.053916 0.340733 0.938613
vn -0.053916 0.340733 0.938613
vn -0.053916 0.340733 0.938613
vn -0.053916 0.340733 0.938613
vn -0.053916 0.340733 0.938613
vn -0.053916 0.340733 0.938613
vn -0.053916 0.340733 0.938613
vn -0.053916 0.340733 0.938613
vn -0.053916 0.340733 0.938613
vn -0.053916 0.340733 0.938613
vn -0.053916 0.340733 0.938613
vn -0.053916 0.340733 0.938613
vn -0.053916 0.340733 0.938613
vn -0.053916 0.340733 0.938613
vn -0.053916 0.340733 0.938613
vn -0.053916 0.340733 0.938613
vn -0.053916 0.340733 0.938613
vn -0.053916 0.340733 0.938613
vn -0.053916 0.340733 0.938613
vn -0.053916 0.340733 0.938613
vn -0.053916 0.340733 0.938613
vn -0.053916 0.340733 0.938613
vn -0.053916 0.340733 0.938613
vn -0.053916 0.340733 0.938613
vn -0.053916 0.340733 0.938613
vn -0.053916 0.340733 0.938613
vn -0.053916 0.340733 0.938613
vn -0.053916 0.340733 0.938613
vn -0.053916 0.340733 0.938613
vn -0.053916 0.340733 0.938613
vn -0.053916 0.340733 0.938613
vn -0.053916 0.340733 0.938613
vn -0.053916 0.340733 0.938613
vn -0.053916 0.340733 0.938613
vn -0.053916 0.340733 0.938613
vn -0.053916 0.340733 0.938613
vn -0.053916 0.340733 0.938613
vn -0.053916 0.340733 0.938613
vn -0.053916 0.340733 0.938613
vn -0.053916 0.340733 0.938613
vn -0.053916 0.340733 0.938613
vn -0.053916 0.340733 0.938613
vn -0.053916 0.340733 0.938613
vn -0.053916 0.340733 0.938613
vn -0.053916 0.340733 0.938613
vn -0.053916 0.340733 0.938613
vn -0.053916 0.340733 0.938613
vn -0.053916 0.340733 0.938613
vn -0.053916 0.340733 0.938613
vn -0.053916 0.340733 0.938613
vn -0.053916 0.340733 0.938613
vn -0.053916 0.340733 0.938613
vn -0.053916 0.340733 0.938613
vn -0.053916 0.340733 0.938613
vn -0.053916 0.340733 0.938613
vn -0.053916 0.340733 0.938613
vn -0.053916 0.340733 0.938613
vn -0.053916 0.340733 0.938613
vn -0.053916 0.340733 0.938613
vn -0.053916 0.340733 0.938613
vn -0.053916 0.340733 0.938613
vn -0.053916 0.340733 0.938613
vn -0.053916 0.340733 0.938613
vn -0.053916 0.340733 0.938613
vn -0.053916 0.340733 0.938613
vn -0.053916 0.340733 0.938613
vn -0.053916 0.340733 0.938613
vn -0.053916 0.340733 0.938613
vn -0.053916 0.340733 0.938613
vn -0.053916 0.340733 0.938613
vn -0.053916 0.340733 0.938613
vn -0.053916 0.340733 0.938613
vn -0.053916 0.340733 0.938613
vn -0.053916 0.340733 0.938613
vn -0.053916 0.340733 0.938613
vn -0.053916 0.340733 0.938613
vn -0.053916 0.340733 0.938613
vn -0.053916 0.340733 0.938613
vn -0.053916 0.340733 0.938613
vn -0.053916 0.340733 0.938613
vn -0.053916 0.340733 0.938613
vn -0.053916 0.340733 0.938613
vn -0.053916 0.340733 0.938613
vn -0.053916 0.340733 0.938613
vn -0.053916 0.340733 0.938613
vn -0.053916 0.340733 0.938613
vn -0.053916 0.340733 0.938613
vn -0.053916 0.340733 0.938613
vn -0.053916 0.340733 0.938613
vn -0.053916 0.340733 0.938613
vn -0.053916 0.340733 0.938613
vn -0.053916 0.340733 0.938613
vn -0.053916 0.340733 0.938613
vn -0.053916 0.340733 0.938613
vn -0.053916 0.340733 0.938613
vn -0.053916 0.340733 0.938613
vn -0.053916 0.340733 0.938613
vn -0.053916 0.340733 0.938613
vn -0.053916 0.340733 0.938613
vn -0.053916 0.340733 0.938613
vn -0.053916 0.340733 0.938613
vn -0.053916 0.340733 0.938613
vn -0.053916 0.340733 0.938613
vn -0.053916 0.340733 0.938613
vn -0.053916 0.340733 0.938613
vn -0.053916 0.340733 0.938613
vn -0.053916 0.340733 0.938613
vn -0.053916 0.340733 0.938613
vn -0.053916 0.340733 0.938613
vn -0.053916 0.340733 0.938613
vn -0.053916 0.340733 0.938613
vn -0.053916 0.340733 0.938613
vn -0.053916 0.340733 0.938613
vn -0.053916 0.340733 0.938613
vn -0.053916 0.340733 0.938613
vn -0.053916 0.340733 0.938613
vn -0.053916 0.340733 0.938613
vn -0.053916 0.340733 0.938613
vn -0.053916 0.340733 0.938613
vn -0.053916 0.340733 0.938613
vn -0.053916 0.340733 0.938613
vn -0.053916 0.340733 0.938613
vn -0.053916 0.340733 0.938613
vn -0.053916 0.340733 0.938613
vn -0.053916 0.340733 0.938613
vn -0.053916 0.340733 0.938613
vn -0.053916 0.340733 0.938613
vn -0.053916 0.340733 0.938613
vn -0.053916 0.340733 0.938613
vn -0.053916 0.340733 0.938613
vn -0.053916 0.340733 0.938613
vn -0.053916 0.340733 0.938613
vn -0.053916 0.340733 0.938613
vn -0.053916 0.340733 0.938613
vn -0.053916 0.340733 0.938613
vn -0.053916 0.340733 0.938613
vn -0.053916 0.340733 0.938613
vn -0.053916 0.340733 0.938613
vn -0.053916 0.340733 0.938613
vn -0.053916 0.340733 0.938613
vn -0.053916 0.340733 0.938613
vn -0.053916 0.340733 0.938613
vn -0.053916 0.340733 0.938613
vn -0.053916 0.340733 0.938613
vn -0.053916 0.340733 0.938613
vn -0.053916 0.340733 0.938613
vn -0.053916 0.340733 0.938613
vn -0.053916 0.340733 0.938613
vn -0.053916 0.340733 0.938613
vn -0.053916 0.340733 0.938613
vn -0.053916 0.340733 0.938613
vn -0.053916 0.340733 0.938613
vn -0.053916 0.340733 0.938613
vn -0.053916 0.340733 0.938613
vn -0.053916 0.340733 0.938613
vn -0.053916 0.340733 0.938613
vn -0.053916 0.340733 0.938613
vn -0.053916 0.340733 0.938613
vn -0.053916 0.340733 0.938613
vn -0.053916 0.340733 0.938613
vn -0.053916 0.340733 0.938613
vn -0.053916 0.340733 0.938613
vn -0.053916 0.340733 0.938613
vn -0.053916 0.340733 0.938613
vn -0.053916 0.340733 0.938613
vn -0.053916 0.340733 0.938613
vn -0.053916 0.340733 0.938613
vn -0.053916 0.340733 0.938613
vn -0.053916 0.340733 0.938613
vn -0.053916 0.340733 0.938613
vn -0.053916 0.340733 0.938613
vn -0.053916 0.340733 0.938613
vn -0.053916 0.340733 0.938613
vn -0.053916 0.340733 0.938613
vn -0.053916 0.340733 0.938613
vn -0.053916 0.340733 0.938613
vn -0.053916 0.340733 0.938613
vn -0.053916 0.340733 0.938613
vn -0.053916 0.340733 0.938613
vn -0.053916 0.340733 0.938613
vn -0.053916 0.340733 0.938613
vn -0.053916 0.340733 0.938613
vn -0.053916 0.340733 0.938613
vn -0.053916 0.340733 0.938613
vn -0.053916 0.340733 0.938613
vn -0.053916 0.340733 0.938613
vn -0.053916 0.340733 0.938613
vn -0.053916 0.340733 0.938613
vn -0.053916 0.340733 0.938613
vn -0.053916 0.340733 0.938613
vn -0.053916 0.340733 0.938613
vn -0.053916 0.340733 0.938613
vn -0.053916 0.340733 0.938613
vn -0.053916 0.340733 0.938613
vn -0.053916 0.340733 0.938613
vn -0.053916 0.340733 0.938613
vn -0.053916 0.340733 0.938613
vn -0.053916 0.340733 0.938613
vn -0.053916 0.340733 0.938613
vn -0.053916 0.340733 0.938613
vn -0.053916 0.340733 0.938613
vn -0.053916 0.340733 0.938613
vn -0.053916 0.340733 0.938613
vn -0.053916 0.340733 0.938613
vn -0.053916 0.340733 0.938613
vn -0.053916 0.340733 0.938613
vn -0.053916 0.340733 0.938613
vn -0.053916 0.340733 0.938613
vn -0.053916 0.340733 0.938613
vn -0.053916 0.340733 0.938613
vn -0.053916 0.340733 0.938613
vn -0.053916 0.340733 0.938613
vn -0.053916 0.340733 0.938613
vn -0.053916 0.340733 0.938613
vn -0.053916 0.340733 0.938613
vn -0.053916 0.340733 0.938613
vn -0.053916 0.340733 0.938613
vn -0.053916 0.340733 0.938613
vn -0.053916 0.340733 0.938613
vn -0.053916 0.340733 0.938613
vn -0.053916 0.340733 0.938613
vn -0.053916 0.340733 0.938613
vn -0.053916 0.340733 0.938613
vn -0.053916 0.340733 0.938613
vn -0.053916 0.340733 0.938613
vn -0.053916 0.340733 0.938613
vn -0.053916 0.340733 0.938613
vn -0.053916 0.340733 0.938613
vn -0.053916 0.340733 0.938613
vn -0.053916 0.340733 0.938613
vn -0.053916 0.340733 0.938613
vn -0.053916 0.340733 0.938613
vn -0.053916 0.340733 0.938613
vn -0.053916 0.340733 0.938613
vn -0.053916 0.340733 0.938613
vn -0.053916 0.340733 0.938613
vn -0.053916 0.340733 0.938613
vn -0.053916 0.340733 0.938613
vn -0.053916 0.340733 0.938613
vn -0.053916 0.340733 0.938613
vn -0.053916 0.340733 0.938613
vn -0.053916 0.340733 0.938613
vn -0.053916 0.340733 0.938613
vn -0.053916 0.340733 0.938613
vn -0.053916 0.340733 0.938613
vn -0.053916 0.340733 0.938613
vn -0.053916 0.340733 0.938613
vn -0.053916 0.340733 0.938613
vn -0.053916 0.340733 0.938613
vn -0.053916 0.340733 0.938613
vn -0.053916 0.340733 0.938613
vn -0.053916 0.340733 0.938613
vn -0.053916 0.340733 0.938613
vn -0.053916 0.340733 0.938613
vn -0.053916 0.340733 0.938613
vn -0.053916 0.340733 0.938613
vn -0.053916 0.340733 0.938613
vn -0.053916 0.340733 0.938613
vn -0.053916 0.340733 0.938613
vn -0.053916 0.340733 0.938613
vn -0.053916 0.340733 0.938613
vn -0.053916 0.340733 0.938613
vn -0.053916 0.340733 0.938613
vn -0.053916 0.340733 0.938613
vn -0.053916 0.340733 0.938613
vn -0.053916 0.340733 0.938613
vn -0.053916 0.340733 0.938613
vn -0.053916 0.340733 0.938613
vn -0.053916 0.340733 0.938613
vn -0.053916 0.340733 0.938613
vn -0.053916 0.340733 0.938613
vn -0.053916 0.340733 0.938613
vn -0.053916 0.340733 0.938613
vn -0.053916 0.340733 0.938613
vn -0.053916 0.340733 0.938613
vn -0.053916 0.340733 0.938613
vn -0.053916 0.340733 0.938613
vn -0.053916 0.340733 0.938613
vn -0.053916 0.340733 0.938613
vn -0.053916 0.340733 0.938613
vn -0.053916 0.340733 0.938613
vn -0.053916 0.340733 0.938613
vn -0.053916 0.340733 0.938613
vn -0.053916 0.340733 0.938613
vn -0.053916 0.340733 0.938613
vn -0.053916 0.340733 0.938613
vn -0.053916 0.340733 0.938613
vn -0.053916 0.340733 0.938613
vn -0.053916 0.340733 0.938613
vn -0.053916 0.340733 0.938613
vn -0.053916 0.340733 0.938613
vn -0.053916 0.340733 0.938613
vn -0.053916 0.340733 0.938613
vn -0.053916 0.340733 0.938613
vn -0.053916 0.340733 0.938613
vn -0.053916 0.340733 0.938613
vn -0.053916 0.340733 0.938613
vn -0.053916 0.340733 0.938613
vn -0.053916 0.340733 0.938613
vn -0.053916 0.340733 0.938613
vn -0.053916 0.340733 0.938613
vn -0.053916 0.340733 0.938613
vn -0.053916 0.340733 0.938613
vn -0.053916 0.340733 0.938613
vn -0.053916 0.340733 0.938613
vn -0.053916 0.340733 0.938613
vn -0.053916 0.340733 0.938613
vn -0.053916 0.340733 0.938613
vn -0.053916 0.340733 0.938613
vn -0.053916 0.340733 0.938613
vn -0.053916 0.340733 0.938613
vn -0.053916 0.340733 0.938613
vn -0.053916 0.340733 0.938613
vn -0.053916 0.340733 0.938613
vn -0.053916 0.340733 0.938613
vn -0.053916 0.340733 0.938613
vn -0.053916 0.340733 0.938613
vn -0.053916 0.340733 0.938613
vn -0.053916 0.340733 0.938613
vn -0.053916 0.340733 0.938613
vn -0.053916 0.340733 0.938613
vn -0.053916 0.340733 0.938613
vn -0.053916 0.340733 0.938613
vn -0.053916 0.340733 0.938613
vn -0.053916 0.340733 0.938613
vn -0.053916 0.340733 0.938613
vn -0.053916 0.340733 0.938613
vn -0.053916 0.340733 0.938613
vn -0.053916 0.340733 0.938613
vn -0.053916 0.340733 0.938613
vn -0.053916 0.340733 0.938613
vn -0.053916 0.340733 0.938613
vn -0.053916 0.340733 0.938613
vn -0.053916 0.340733 0.938613
vn -0.053916 0.340733 0.938613
vn -0.053916 0.340733 0.938613
vn -0.053916 0.340733 0.938613
vn -0.053916 0.340733 0.938613
vn -0.053916 0.340733 0.938613
vn -0.053916 0.340733 0.938613
vn -0.053916 0.340733 0.938613
vn -0.053916 0.340733 0.938613
vn -0.053916 0.340733 0.938613
vn -0.053916 0.340733 0.938613
vn -0.053916 0.340733 0.938613
vn -0.053916 0.340733 0.938613
vn -0.053916 0.340733 0.938613
vn -0.053916 0.340733 0.938613
vn -0.053916 0.340733 0.938613
vn -0.053916 0.340733 0.938613
vn -0.053916 0.340733 0.938613
vn -0.053916 0.340733 0.938613
vn -0.053916 0.340733 0.938613
vn -0.053916 0.340733 0.938613
vn -0.053916 0.340733 0.938613
vn -0.053916 0.340733 0.938613
vn -0.053916 0.340733 0.938613
vn -0.053916 0.340733 0.938613
vn -0.053916 0.340733 0.938613
vn -0.053916 0.340733 0.938613
vn -0.053916 0.340733 0.938613
vn -0.053916 0.340733 0.938613
vn -0.053916 0.340733 0.938613
vn -0.053916 0.340733 0.938613
vn -0.053916 0.340733 0.938613
vn -0.053916 0.340733 0.938613
vn -0.053916 0.340733 0.938613
vn -0.053916 0.340733 0.938613
vn -0.053916 0.340733 0.938613
vn -0.053916 0.340733 0.938613
vn -0.053916 0.340733 0.938613
vn -0.053916 0.340733 0.938613
vn -0.053916 0.340733 0.938613
vn -0.053916 0.340733 0.938613
vn -0.053916 0.340733 0.938613
vn -0.053916 0.340733 0.938613
vn -0.053916 0.340733 0.938613
vn -0.053916 0.340733 0.938613
vn -0.053916 0.340733 0.938613
vn -0.053916 0.340733 0.938613
vn -0.053916 0.340733 0.938613
vn -0.053916 0.340733 0.938613
vn -0.053916 0.340733 0.938613
vn -0.053916 0.340733 0.938613
vn -0.053916 0.340733 0.938613
vn -0.053916 0.340733 0.938613
vn -0.053916 0.340733 0.938613
vn -0.053916 0.340733 0.938613
vn -0.053916 0.340733 0.938613
vn -0.053916 0.340733 0.938613
vn -0.053916 0.340733 0.938613
vn -0.053916 0.340733 0.938613
vn -0.053916 0.340733 0.938613
vn -0.036777 0.346588 0.937296
vn -0.036777 0.346588 0.937296
vn -0.036777 0.346588 0.937296
vn -0.036777 0.346588 0.937296
vn -0.036777 0.346588 0.937296
vn -0.036777 0.346588 0.937296
vn -0.036777 0.346588 0.937296
vn -0.036777 0.346588 0.937296
vn -0.036777 0.346588 0.937296
vn -0.036777 0.346588 0.937296
vn -0.036777 0.346588 0.937296
vn -0.036777 0.346588 0.937296
vn -0.036777 0.346588 0.937296
vn -0.036777 0.346588 0.937296
vn -0.036777 0.346588 0.937296
vn -0.036777 0.346588 0.937296
vn -0.036777 0.346588 0.937296
vn -0.036777 0.346588 0.937296
vn -0.036777 0.346588 0.937296
vn -0.036777 0.346588 0.937296
vn -0.036777 0.346588 0.937296
vn -0.036777 0.346588 0.937296
vn -0.036777 0.346588 0.937296
vn -0.036777 0.346588 0.937296
vn -0.036777 0.346588 0.937296
vn -0.036777 0.346588 0.937296
vn -0.036777 0.346588 0.937296
vn -0.036777 0.346588 0.937296
vn -0.036777 0.346588 0.937296
vn -0.036777 0.346588 0.937296
vn -0.036777 0.346588 0.937296
vn -0.036777 0.346588 0.937296
vn -0.036777 0.346588 0.937296
vn -0.036777 0.346588 0.937296
vn -0.036777 0.346588 0.937296
vn -0.036777 0.346588 0.937296
vn -0.036777 0.346588 0.937296
vn -0.036777 0.346588 0.937296
vn -0.036777 0.346588 0.937296
vn -0.036777 0.346588 0.937296
vn -0.036777 0.346588 0.937296
vn -0.036777 0.346588 0.937296
vn -0.036777 0.346588 0.937296
vn -0.036777 0.346588 0.937296
vn -0.036777 0.346588 0.937296
vn -0.036777 0.346588 0.937296
vn -0.036777 0.346588 0.937296
vn -0.036777 0.346588 0.937296
vn -0.036777 0.346588 0.937296
vn -0.036777 0.346588 0.937296
vn -0.036777 0.346588 0.937296
vn -0.036777 0.346588 0.937296
vn -0.036777 0.346588 0.937296
vn -0.036777 0.346588 0.937296
vn -0.036777 0.346588 0.937296
vn -0.036777 0.346588 0.937296
vn -0.036777 0.346588 0.937296
vn -0.036777 0.346588 0.937296
vn -0.036777 0.346588 0.937296
vn -0.036777 0.346588 0.937296
vn -0.036777 0.346588 0.937296
vn -0.036777 0.346588 0.937296
vn -0.036777 0.346588 0.937296
vn -0.036777 0.346588 0.937296
vn -0.036777 0.346588 0.937296
vn -0.036777 0.346588 0.937296
vn -0.036777 0.346588 0.937296
vn -0.036777 0.346588 0.937296
vn -0.036777 0.346588 0.937296
vn -0.036777 0.346588 0.937296
vn -0.036777 0.346588 0.937296
vn -0.036777 0.346588 0.937296
vn -0.036777 0.346588 0.937296
vn -0.036777 0.346588 0.937296
vn -0.036777 0.346588 0.937296
vn -0.036777 0.346588 0.937296
vn -0.036777 0.346588 0.937296
vn -0.036777 0.346588 0.937296
vn -0.036777 0.346588 0.937296
vn -0.036777 0.346588 0.937296
vn -0.036777 0.346588 0.937296
vn -0.036777 0.346588 0.937296
vn -0.036777 0.346588 0.937296
vn -0.036777 0.346588 0.937296
vn -0.036777 0.346588 0.937296
vn -0.036777 0.346588 0.937296
vn -0.036777 0.346588 0.937296
vn -0.036777 0.346588 0.937296
vn -0.036777 0.346588 0.937296
vn -0.036777 0.346588 0.937296
vn -0.036777 0.346588 0.937296
vn -0.036777 0.346588 0.937296
vn -0.036777 0.346588 0.937296
vn -0.036777 0.346588 0.937296
vn -0.036777 0.346588 0.937296
vn -0.036777 0.346588 0.937296
vn -0.036777 0.346588 0.937296
vn -0.036777 0.346588 0.937296
vn -0.036777 0.346588 0.937296
vn -0.036777 0.346588 0.937296
vn -0.036777 0.346588 0.937296
vn -0.036777 0.346588 0.937296
vn -0.036777 0.346588 0.937296
vn -0.036777 0.346588 0.937296
vn -0.036777 0.346588 0.937296
vn -0.036777 0.346588 0.937296
vn -0.036777 0.346588 0.937296
vn -0.036777 0.346588 0.937296
vn -0.036777 0.346588 0.937296
vn -0.036777 0.346588 0.937296
vn -0.036777 0.346588 0.937296
vn -0.036777 0.346588 0.937296
vn -0.036777 0.346588 0.937296
vn -0.036777 0.346588 0.937296
vn -0.036777 0.346588 0.937296
vn -0.036777 0.346588 0.937296
vn -0.036777 0.346588 0.937296
vn -0.036777 0.346588 0.937296
vn -0.036777 0.346588 0.937296
vn -0.036777 0.346588 0.937296
vn -0.036777 0.346588 0.937296
vn -0.036777 0.346588 0.937296
vn -0.036777 0.346588 0.937296
vn -0.036777 0.346588 0.937296
vn -0.036777 0.346588 0.937296
vn -0.036777 0.346588 0.937296
vn -0.036777 0.346588 0.937296
vn -0.036777 0.346588 0.937296
vn -0.036777 0.346588 0.937296
vn -0.036777 0.346588 0.937296
vn -0.036777 0.346588 0.937296
vn -0.036777 0.346588 0.937296
vn -0.036777 0.346588 0.937296
vn -0.036777 0.346588 0.937296
vn -0.036777 0.346588 0.937296
vn -0.036777 0.346588 0.937296
vn -0.036777 0.346588 0.937296
vn -0.036777 0.346588 0.937296
vn -0.036777 0.346588 0.937296
vn -0.036777 0.346588 0.937296
vn -0.036777 0.346588 0.937296
vn -0.036777 0.346588 0.937296
vn -0.036777 0.346588 0.937296
vn -0.036777 0.346588 0.937296
vn -0.036777 0.346588 0.937296
vn -0.036777 0.346588 0.937296
vn -0.036777 0.346588 0.937296
vn -0.036777 0.346588 0.937296
vn -0.036777 0.346588 0.937296
vn -0.036777 0.346588 0.937296
vn -0.036777 0.346588 0.937296
vn -0.036777 0.346588 0.937296
vn -0.036777 0.346588 0.937296
vn -0.036777 0.346588 0.937296
vn -0.036777 0.346588 0.937296
vn -0.036777 0.346588 0.937296
vn -0.036777 0.346588 0.937296
vn -0.036777 0.346588 0.937296
vn -0.036777 0.346588 0.937296
vn -0.036777 0.346588 0.937296
vn -0.036777 0.346588 0.937296
vn -0.036777 0.346588 0.937296
vn -0.036777 0.346588 0.937296
vn -0.036777 0.346588 0.937296
vn -0.036777 0.346588 0.937296
vn -0.036777 0.346588 0.937296
vn -0.036777 0.346588 0.937296
vn -0.036777 0.346588 0.937296
vn -0.036777 0.346588 0.937296
vn -0.036777 0.346588 0.937296
vn -0.036777 0.346588 0.937296
vn -0.036777 0.346588 0.937296
vn -0.036777 0.346588 0.937296
vn -0.036777 0.346588 0.937296
vn -0.036777 0.346588 0.937296
vn -0.036777 0.346588 0.937296
vn -0.036777 0.346588 0.937296
vn -0.036777 0.346588 0.937296
vn -0.036777 0.346588 0.937296
vn -0.036777 0.346588 0.937296
vn -0.036777 0.346588 0.937296
vn -0.036777 0.346588 0.937296
vn -0.036777 0.346588 0.937296
vn -0.036777 0.346588 0.937296
vn -0.036777 0.346588 0.937296
vn -0.036777 0.346588 0.937296
vn -0.036777 0.346588 0.937296
vn -0.036777 0.346588 0.937296
vn -0.036777 0.346588 0.937296
vn -0.036777 0.346588 0.937296
vn -0.036777 0.346588 0.937296
vn -0.036777 0.346588 0.937296
vn -0.036777 0.346588 0.937296
vn -0.036777 0.346588 0.937296
vn -0.036777 0.346588 0.937296
vn -0.036777 0.346588 0.937296
vn -0.036777 0.346588 0.937296
vn -0.036777 0.346588 0.937296
vn -0.036777 0.346588 0.937296
vn -0.036777 0.346588 0.937296
vn -0.036777 0.346588 0.937296
vn -0.036777 0.346588 0.937296
vn -0.036777 0.346588 0.937296
vn -0.036777 0.346588 0.937296
vn -0.036777 0.346588 0.937296
vn -0.036777 0.346588 0.937296
vn -0.036777 0.346588 0.937296
vn -0.036777 0.346588 0.937296
vn -0.036777 0.346588 0.937296
vn -0.036777 0.346588 0.937296
vn -0.036777 0.346588 0.937296
vn -0.036777 0.346588 0.937296
vn -0.036777 0.346588 0.937296
vn -0.036777 0.346588 0.937296
vn -0.036777 0.346588 0.937296
vn -0.036777 0.346588 0.937296
vn -0.036777 0.346588 0.937296
vn -0.036777 0.346588 0.937296
vn -0.036777 0.346588 0.937296
vn -0.036777 0.346588 0.937296
vn -0.036777 0.346588 0.937296
vn -0.036777 0.346588 0.937296
vn -0.036777 0.346588 0.937296
vn -0.036777 0.346588 0.937296
vn -0.036777 0.346588 0.937296
vn -0.036777 0.346588 0.937296
vn -0.036777 0.346588 0.937296
vn -0.036777 0.346588 0.937296
vn -0.036777 0.346588 0.937296
vn -0.036777 0.346588 0.937296
vn -0.036777 0.346588 0.937296
vn -0.036777 0.346588 0.937296
vn -0.036777 0.346588 0.937296
vn -0.036777 0.346588 0.937296
vn -0.036777 0.346588 0.937296
vn -0.036777 0.346588 0.937296
vn -0.036777 0.346588 0.937296
vn -0.036777 0.346588 0.937296
vn -0.036777 0.346588 0.937296
vn -0.036777 0.346588 0.937296
vn -0.036777 0.346588 0.937296
vn -0.036777 0.346588 0.937296
vn -0.036777 0.346588 0.937296
vn -0.036777 0.346588 0.937296
vn -0.036777 0.346588 0.937296
vn -0.036777 0.346588 0.937296
vn -0.036777 0.346588 0.937296
vn -0.036777 0.346588 0.937296
vn -0.036777 0.346588 0.937296
vn -0.036777 0.346588 0.937296
vn -0.036777 0.346588 0.937296
vn -0.036777 0.346588 0.937296
vn -0.036777 0.346588 0.937296
vn -0.036777 0.346588 0.937296
vn -0.036777 0.346588 0.937296
vn -0.036777 0.346588 0.937296
vn -0.036777 0.346588 0.937296
vn -0.036777 0.346588 0.937296
vn -0.036777 0.346588 0.937296
vn -0.036777 0.346588 0.937296
vn -0.036777 0.346588 0.937296
vn -0.036777 0.346588 0.937296
vn -0.036777 0.346588 0.937296
vn -0.036777 0.346588 0.937296
vn -0.036777 0.346588 0.937296
vn -0.036777 0.346588 0.937296
vn -0.036777 0.346588 0.937296
vn -0.036777 0.346588 0.937296
vn -0.036777 0.346588 0.937296
vn -0.036777 0.346588 0.937296
vn -0.036777 0.346588 0.937296
vn -0.036777 0.346588 0.937296
vn -0.036777 0.346588 0.937296
vn -0.036777 0.346588 0.937296
vn -0.036777 0.346588 0.937296
vn -0.036777 0.346588 0.937296
vn -0.036777 0.346588 0.937296
vn -0.036777 0.346588 0.937296
vn -0.036777 0.346588 0.937296
vn -0.036777 0.346588 0.937296
vn -0.036777 0.346588 0.937296
vn -0.036777 0.346588 0.937296
vn -0.036777 0.346588 0.937296
vn -0.036777 0.346588 0.937296
vn -0.036777 0.346588 0.937296
vn -0.036777 0.346588 0.937296
vn -0.036777 0.346588 0.937296
vn -0.036777 0.346588 0.937296
vn -0.036777 0.346588 0.937296
vn -0.036777 0.346588 0.937296
vn -0.036777 0.346588 0.937296
vn -0.036777 0.346588 0.937296
vn -0.036777 0.346588 0.937296
vn -0.036777 0.346588 0.937296
vn -0.036777 0.346588 0.937296
vn -0.036777 0.346588 0.937296
vn -0.036777 0.346588 0.937296
vn -0.036777 0.346588 0.937296
vn -0.036777 0.346588 0.937296
vn -0.036777 0.346588 0.937296
vn -0.036777 0.346588 0.937296
vn -0.036777 0.346588 0.937296
vn -0.036777 0.346588 0.937296
vn -0.036777 0.346588 0.937296
vn -0.036777 0.346588 0.937296
vn -0.036777 0.346588 0.937296
vn -0.036777 0.346588 0.937296
vn -0.036777 0.346588 0.937296
vn -0.036777 0.346588 0.937296
vn -0.036777 0.346588 0.937296
vn -0.036777 0.346588 0.937296
vn -0.036777 0.346588 0.937296
vn -0.036777 0.346588 0.937296
vn -0.036777 0.346588 0.937296
vn -0.036777 0.346588 0.937296
vn -0.036777 0.346588 0.937296
vn -0.036777 0.346588 0.937296
vn -0.036777 0.346588 0.937296
vn -0.036777 0.346588 0.937296
vn -0.036777 0.346588 0.937296
vn -0.036777 0.346588 0.937296
vn -0.036777 0.346588 0.937296
vn -0.036777 0.346588 0.937296
vn -0.036777 0.346588 0.937296
vn -0.036777 0.346588 0.937296
vn -0.036777 0.346588 0.937296
vn -0.036777 0.346588 0.937296
vn -0.036777 0.346588 0.937296
vn -0.036777 0.346588 0.937296
vn -0.036777 0.346588 0.937296
vn -0.036777 0.346588 0.937296
vn -0.036777 0.346588 0.937296
vn -0.036777 0.346588 0.937296
vn -0.036777 0.346588 0.937296
vn -0.036777 0.346588 0.937296
vn -0.036777 0.346588 0.937296
vn -0.036777 0.346588 0.937296
vn -0.036777 0.346588 0.937296
vn -0.036777 0.346588 0.937296
vn -0.036777 0.346588 0.937296
vn -0.036777 0.346588 0.937296
vn -0.036777 0.346588 0.937296
vn -0.036777 0.346588 0.937296
vn -0.036777 0.346588 0.937296
vn -0.036777 0.346588 0.937296
vn -0.036777 0.346588 0.937296
vn -0.036777 0.346588 0.937296
vn -0.036777 0.346588 0.937296
vn -0.036777 0.346588 0.937296
vn -0.036777 0.346588 0.937296
vn -0.036777 0.346588 0.937296
vn -0.036777 0.346588 0.937296
vn -0.036777 0.346588 0.937296
vn -0.036777 0.346588 0.937296
vn -0.036777 0.346588 0.937296
vn -0.036777 0.346588 0.937296
vn -0.036777 0.346588 0.937296
vn -0.036777 0.346588 0.937296
vn -0.036777 0.346588 0.937296
vn -0.036777 0.346588 0.937296
vn -0.036777 0.346588 0.937296
vn -0.036777 0.346588 0.937296
vn -0.036777 0.346588 0.937296
vn -0.036777 0.346588 0.937296
vn -0.036777 0.346588 0.937296
vn -0.036777 0.346588 0.937296
vn -0.036777 0.346588 0.937296
vn -0.036777 0.346588 0.937296
vn -0.036777 0.346588 0.937296
vn -0.036777 0.346588 0.937296
vn -0.036777 0.346588 0.937296
vn -0.036777 0.346588 0.937296
vn -0.036777 0.346588 0.937296
vn -0.036777 0.346588 0.937296
vn -0.036777 0.346588 0.937296
vn -0.036777 0.346588 0.937296
vn -0.036777 0.346588 0.937296
vn -0.036777 0.346588 0.937296
vn -0.036777 0.346588 0.937296
vn -0.036777 0.346588 0.937296
vn -0.036777 0.346588 0.937296
vn -0.036777 0.346588 0.937296
vn -0.036777 0.346588 0.937296
vn -0.036777 0.346588 0.937296
vn -0.036777 0.346588 0.937296
vn -0.036777 0.346588 0.937296
vn -0.036777 0.346588 0.937296
vn -0.036777 0.346588 0.937296
vn -0.036777 0.346588 0.937296
vn -0.036777 0.346588 0.937296
vn -0.036777 0.346588 0.937296
vn -0.036777 0.346588 0.937296
vn -0.036777 0.346588 0.937296
vn -0.036777 0.346588 0.937296
vn -0.036777 0.346588 0.937296
vn -0.036777 0.346588 0.937296
vn -0.036777 0.346588 0.937296
vn -0.036777 0.346588 0.937296
vn -0.036777 0.346588 0.937296
vn -0.036777 0.346588 0.937296
vn -0.036777 0.346588 0.937296
vn -0.036777 0.346588 0.937296
vn -0.036777 0.346588 0.937296
vn -0.036777 0.346588 0.937296
vn -0.036777 0.346588 0.937296
vn -0.036777 0.346588 0.937296
vn -0.036777 0.346588 0.937296
vn -0.036777 0.346588 0.937296
vn -0.036777 0.346588 0.937296
vn -0.036777 0.346588 0.937296
vn -0.036777 0.346588 0.937296
vn -0.036777 0.346588 0.937296
vn -0.036777 0.346588 0.937296
vn -0.036777 0.346588 0.937296
vn -0.036777 0.346588 0.937296
vn -0.036777 0.346588 0.937296
vn -0.036777 0.346588 0.937296
vn -0.036777 0.346588 0.937296
vn -0.036777 0.346588 0.937296
vn -0.036777 0.346588 0.937296
vn -0.036777 0.346588 0.937296
vn -0.036777 0.346588 0.937296
vn -0.036777 0.346588 0.937296
vn -0.036777 0.346588 0.937296
vn -0.036777 0.346588 0.937296
vn -0.036777 0.346588 0.937296
vn -0.036777 0.346588 0.937296
vn -0.036777 0.346588 0.937296
vn -0.036777 0.346588 0.937296
vn -0.036777 0.346588 0.937296
vn -0.036777 0.346588 0.937296
vn -0.036777 0.346588 0.937296
vn -0.036777 0.346588 0.937296
vn -0.036777 0.346588 0.937296
vn -0.036777 0.346588 0.937296
vn -0.036777 0.346588 0.937296
vn -0.036777 0.346588 0.937296
vn -0.036777 0.346588 0.937296
vn -0.036777 0.346588 0.937296
vn -0.036777 0.346588 0.937296
vn -0.036777 0.346588 0.937296
vn -0.036777 0.346588 0.937296
vn -0.036777 0.346588 0.937296
vn -0.036777 0.346588 0.937296
vn -0.036777 0.346588 0.937296
vn -0.036777 0.346588 0.937296
vn -0.036777 0.346588 0.937296
vn -0.036777 0.346588 0.937296
vn -0.036777 0.346588 0.937296
vn -0.036777 0.346588 0.937296
vn -0.036777 0.346588 0.937296
vn -0.036777 0.346588 0.937296
vn -0.036777 0.346588 0.937296
vn -0.036777 0.346588 0.937296
vn -0.036777 0.346588 0.937296
vn -0.036777 0.346588 0.937296
vn -0.036777 0.346588 0.937296
vn -0.036777 0.346588 0.937296
vn -0.036777 0.346588 0.937296
vn -0.036777 0.346588 0.937296
vn -0.036777 0.346588 0.937296
vn -0.036777 0.346588 0.937296
vn -0.036777 0.346588 0.937296
vn -0.036777 0.346588 0.937296
vn -0.036777 0.346588 0.937296
vn -0.036777 0.346588 0.937296
vn -0.036777 0.346588 0.937296
vn -0.036777 0.346588 0.937296
vn -0.036777 0.346588 0.937296
vn -0.036777 0.346588 0.937296
vn -0.036777 0.346588 0.937296
vn -0.036777 0.346588 0.937296
vn -0.036777 0.346588 0.937296
vn -0.036777 0.346588 0.937296
vn -0.036777 0.346588 0.937296
vn -0.036777 0.346588 0.937296
vn -0.036777 0.346588 0.937296
vn -0.036777 0.346588 0.937296
vn -0.036777 0.346588 0.937296
vn -0.036777 0.346588 0.937296
vn -0.036777 0.346588 0.937296
vn -0.036777 0.346588 0.937296
vn -0.036777 0.346588 0.937296
vn -0.036777 0.346588 0.937296
vn -0.036777 0.346588 0.937296
vn -0.036777 0.346588 0.937296
vn -0.036777 0.346588 0.937296
vn -0.036777 0.346588 0.937296
vn -0.036777 0.346588 0.937296
vn -0.036777 0.346588 0.937296
vn 0.343829 0.045033 0.937952
vn 0.343829 0.045033 0.937952
vn 0.343829 0.045033 0.937952
vn 0.343829 0.045033 0.937952
vn 0.343829 0.045033 0.937952
vn 0.343829 0.045033 0.937952
vn 0.343829 0.045033 0.937952
vn 0.343829 0.045033 0.937952
vn 0.343829 0.045033 0.937952
vn 0.343829 0.045033 0.937952
vn 0.343829 0.045033 0.937952
vn 0.343829 0.045033 0.937952
vn 0.343829 0.045033 0.937952
vn 0.343829 0.045033 0.937952
vn 0.343829 0.045033 0.937952
vn 0.343829 0.045033 0.937952
vn 0.343829 0.045033 0.937952
vn 0.343829 0.045033 0.937952
vn 0.343829 0.045033 0.937952
vn 0.343829 0.045033 0.937952
vn 0.343829 0.045033 0.937952
vn 0.343829 0.045033 0.937952
vn 0.343829 0.045033 0.937952
vn 0.343829 0.045033 0.937952
vn 0.343829 0.045033 0.937952
vn 0.343829 0.045033 0.937952
vn 0.343829 0.045033 0.937952
vn 0.343829 0.045033 0.937952
vn 0.343829 0.045033 0.937952
vn 0.343829 0.045033 0.937952
vn 0.343829 0.045033 0.937952
vn 0.343829 0.045033 0.937952
vn 0.343829 0.045033 0.937952
vn 0.343829 0.045033 0.937952
vn 0.343829 0.045033 0.937952
vn 0.343829 0.045033 0.937952
vn 0.343829 0.045033 0.937952
vn 0.343829 0.045033 0.937952
vn 0.343829 0.045033 0.937952
vn 0.343829 0.045033 0.937952
vn 0.343829 0.045033 0.937952
vn 0.343829 0.045033 0.937952
vn 0.343829 0.045033 0.937952
vn 0.343829 0.045033 0.937952
vn 0.343829 0.045033 0.937952
vn 0.343829 0.045033 0.937952
vn 0.343829 0.045033 0.937952
vn 0.343829 0.045033 0.937952
vn 0.343829 0.045033 0.937952
vn 0.343829 0.045033 0.937952
vn 0.343829 0.045033 0.937952
vn 0.343829 0.045033 0.937952
vn 0.343829 0.045033 0.937952
vn 0.343829 0.045033 0.937952
vn 0.343829 0.045033 0.937952
vn 0.343829 0.045033 0.937952
vn 0.343829 0.045033 0.937952
vn 0.343829 0.045033 0.937952
vn 0.343829 0.045033 0.937952
vn 0.343829 0.045033 0.937952
vn 0.343829 0.045033 0.937952
vn 0.343829 0.045033 0.937952
vn 0.343829 0.045033 0.937952
vn 0.343829 0.045033 0.937952
vn 0.343829 0.045033 0.937952
vn 0.343829 0.045033 0.937952
vn 0.343829 0.045033 0.937952
vn 0.343829 0.045033 0.937952
vn 0.343829 0.045033 0.937952
vn 0.343829 0.045033 0.937952
vn 0.343829 0.045033 0.937952
vn 0.343829 0.045033 0.937952
vn 0.343829 0.045033 0.937952
vn 0.343829 0.045033 0.937952
vn 0.343829 0.045033 0.937952
vn 0.343829 0.045033 0.937952
vn 0.343829 0.045033 0.937952
vn 0.343829 0.045033 0.937952
vn 0.343829 0.045033 0.937952
vn 0.343829 0.045033 0.937952
vn 0.343829 0.045033 0.937952
vn 0.343829 0.045033 0.937952
vn 0.343829 0.045033 0.937952
vn 0.343829 0.045033 0.937952
vn 0.343829 0.045033 0.937952
vn 0.343829 0.045033 0.937952
vn 0.343829 0.045033 0.937952
vn 0.343829 0.045033 0.937952
vn 0.343829 0.045033 0.937952
vn 0.343829 0.045033 0.937952
vn 0.343829 0.045033 0.937952
vn 0.343829 0.045033 0.937952
vn 0.343829 0.045033 0.937952
vn 0.343829 0.045033 0.937952
vn 0.343829 0.045033 0.937952
vn 0.343829 0.045033 0.937952
vn 0.343829 0.045033 0.937952
vn 0.343829 0.045033 0.937952
vn 0.343829 0.045033 0.937952
vn 0.343829 0.045033 0.937952
vn 0.343829 0.045033 0.937952
vn 0.343829 0.045033 0.937952
vn 0.343829 0.045033 0.937952
vn 0.343829 0.045033 0.937952
vn 0.343829 0.045033 0.937952
vn 0.343829 0.045033 0.937952
vn 0.343829 0.045033 0.937952
vn 0.343829 0.045033 0.937952
vn 0.343829 0.045033 0.937952
vn 0.343829 0.045033 0.937952
vn 0.343829 0.045033 0.937952
vn 0.343829 0.045033 0.937952
vn 0.343829 0.045033 0.937952
vn 0.343829 0.045033 0.937952
vn 0.343829 0.045033 0.937952
vn 0.343829 0.045033 0.937952
vn 0.343829 0.045033 0.937952
vn 0.343829 0.045033 0.937952
vn 0.343829 0.045033 0.937952
vn 0.343829 0.045033 0.937952
vn 0.343829 0.045033 0.937952
vn 0.343829 0.045033 0.937952
vn 0.343829 0.045033 0.937952
vn 0.343829 0.045033 0.937952
vn 0.343829 0.045033 0.937952
vn 0.343829 0.045033 0.937952
vn 0.343829 0.045033 0.937952
vn 0.343829 0.045033 0.937952
vn 0.343829 0.045033 0.937952
vn 0.343829 0.045033 0.937952
vn 0.343829 0.045033 0.937952
vn 0.343829 0.045033 0.937952
vn 0.343829 0.045033 0.937952
vn 0.343829 0.045033 0.937952
vn 0.343829 0.045033 0.937952
vn 0.343829 0.045033 0.937952
vn 0.343829 0.045033 0.937952
vn 0.343829 0.045033 0.937952
vn 0.343829 0.045033 0.937952
vn 0.343829 0.045033 0.937952
vn 0.343829 0.045033 0.937952
vn 0.343829 0.045033 0.937952
vn 0.343829 0.045033 0.937952
vn 0.343829 0.045033 0.937952
vn 0.343829 0.045033 0.937952
vn 0.343829 0.045033 0.937952
vn 0.343829 0.045033 0.937952
vn 0.343829 0.045033 0.937952
vn 0.343829 0.045033 0.937952
vn 0.343829 0.045033 0.937952
vn 0.343829 0.045033 0.937952
vn 0.343829 0.045033 0.937952
vn 0.343829 0.045033 0.937952
vn 0.343829 0.045033 0.937952
vn 0.343829 0.045033 0.937952
vn 0.343829 0.045033 0.937952
vn 0.343829 0.045033 0.937952
vn 0.343829 0.045033 0.937952
vn 0.343829 0.045033 0.937952
vn 0.343829 0.045033 0.937952
vn 0.343829 0.045033 0.937952
vn 0.343829 0.045033 0.937952
vn 0.343829 0.045033 0.937952
vn 0.343829 0.045033 0.937952
vn 0.343829 0.045033 0.937952
vn 0.343829 0.045033 0.937952
vn 0.343829 0.045033 0.937952
vn 0.343829 0.045033 0.937952
vn 0.343829 0.045033 0.937952
vn 0.343829 0.045033 0.937952
vn 0.343829 0.045033 0.937952
vn 0.343829 0.045033 0.937952
vn 0.343829 0.045033 0.937952
vn 0.343829 0.045033 0.937952
vn 0.343829 0.045033 0.937952
vn 0.343829 0.045033 0.937952
vn 0.343829 0.045033 0.937952
vn 0.343829 0.045033 0.937952
vn 0.343829 0.045033 0.937952
vn 0.343829 0.045033 0.937952
vn 0.343829 0.045033 0.937952
vn 0.343829 0.045033 0.937952
vn 0.343829 0.045033 0.937952
vn 0.343829 0.045033 0.937952
vn 0.343829 0.045033 0.937952
vn 0.343829 0.045033 0.937952
vn 0.343829 0.045033 0.937952
vn 0.343829 0.045033 0.937952
vn 0.343829 0.045033 0.937952
vn 0.343829 0.045033 0.937952
vn 0.343829 0.045033 0.937952
vn 0.343829 0.045033 0.937952
vn 0.343829 0.045033 0.937952
vn 0.343829 0.045033 0.937952
vn 0.343829 0.045033 0.937952
vn 0.343829 0.045033 0.937952
vn 0.343829 0.045033 0.937952
vn 0.343829 0.045033 0.937952
vn 0.343829 0.045033 0.937952
vn 0.343829 0.045033 0.937952
vn 0.343829 0.045033 0.937952
vn 0.343829 0.045033 0.937952
vn 0.343829 0.045033 0.937952
vn 0.343829 0.045033 0.937952
vn 0.343829 0.045033 0.937952
vn 0.343829 0.045033 0.937952
vn 0.343829 0.045033 0.937952
vn 0.343829 0.045033 0.937952
vn 0.343829 0.045033 0.937952
vn 0.343829 0.045033 0.937952
vn 0.343829 0.045033 0.937952
vn 0.343829 0.045033 0.937952
vn 0.343829 0.045033 0.937952
vn 0.343829 0.045033 0.937952
vn 0.343829 0.045033 0.937952
vn 0.343829 0.045033 0.937952
vn 0.343829 0.045033 0.937952
vn 0.343829 0.045033 0.937952
vn 0.343829 0.045033 0.937952
vn 0.343829 0.045033 0.937952
vn 0.343829 0.045033 0.937952
vn 0.343829 0.045033 0.937952
vn 0.343829 0.045033 0.937952
vn 0.343829 0.045033 0.937952
vn 0.343829 0.045033 0.937952
vn 0.343829 0.045033 0.937952
vn 0.343829 0.045033 0.937952
vn 0.343829 0.045033 0.937952
vn 0.343829 0.045033 0.937952
vn 0.343829 0.045033 0.937952
vn 0.343829 0.045033 0.937952
vn 0.343829 0.045033 0.937952
vn 0.343829 0.045033 0.937952
vn 0.343829 0.045033 0.937952
vn 0.343829 0.045033 0.937952
vn 0.343829 0.045033 0.937952
vn 0.343829 0.045033 0.937952
vn 0.343829 0.045033 0.937952
vn 0.343829 0.045033 0.937952
vn 0.343829 0.045033 0.937952
vn 0.343829 0.045033 0.937952
vn 0.343829 0.045033 0.937952
vn 0.343829 0.045033 0.937952
vn 0.343829 0.045033 0.937952
vn 0.343829 0.045033 0.937952
vn 0.343829 0.045033 0.937952
vn 0.343829 0.045033 0.937952
vn 0.343829 0.045033 0.937952
vn 0.343829 0.045033 0.937952
vn 0.343829 0.045033 0.937952
vn 0.343829 0.045033 0.937952
vn 0.343829 0.045033 0.937952
vn 0.343829 0.045033 0.937952
vn 0.343829 0.045033 0.937952
vn 0.343829 0.045033 0.937952
vn 0.343829 0.045033 0.937952
vn 0.343829 0.045033 0.937952
vn 0.343829 0.045033 0.937952
vn 0.343829 0.045033 0.937952
vn 0.343829 0.045033 0.937952
vn 0.343829 0.045033 0.937952
vn 0.343829 0.045033 0.937952
vn 0.343829 0.045033 0.937952
vn 0.343829 0.045033 0.937952
vn 0.343829 0.045033 0.937952
vn 0.343829 0.045033 0.937952
vn 0.343829 0.045033 0.937952
vn 0.343829 0.045033 0.937952
vn 0.343829 0.045033 0.937952
vn 0.343829 0.045033 0.937952
vn 0.343829 0.045033 0.937952
vn 0.343829 0.045033 0.937952
vn 0.343829 0.045033 0.937952
vn 0.343829 0.045033 0.937952
vn 0.343829 0.045033 0.937952
vn 0.343829 0.045033 0.937952
vn 0.343829 0.045033 0.937952
vn 0.343829 0.045033 0.937952
vn 0.343829 0.045033 0.937952
vn 0.343829 0.045033 0.937952
vn 0.343829 0.045033 0.937952
vn 0.343829 0.045033 0.937952
vn 0.343829 0.045033 0.937952
vn 0.343829 0.045033 0.937952
vn 0.343829 0.045033 0.937952
vn 0.343829 0.045033 0.937952
vn 0.343829 0.045033 0.937952
vn 0.343829 0.045033 0.937952
vn 0.343829 0.045033 0.937952
vn 0.343829 0.045033 0.937952
vn 0.343829 0.045033 0.937952
vn 0.343829 0.045033 0.937952
vn 0.343829 0.045033 0.937952
vn 0.343829 0.045033 0.937952
vn 0.343829 0.045033 0.937952
vn 0.343829 0.045033 0.937952
vn 0.343829 0.045033 0.937952
vn 0.343829 0.045033 0.937952
vn 0.343829 0.045033 0.937952
vn 0.343829 0.045033 0.937952
vn 0.343829 0.045033 0.937952
vn 0.343829 0.045033 0.937952
vn 0.343829 0.045033 0.937952
vn 0.343829 0.045033 0.937952
vn 0.343829 0.045033 0.937952
vn 0.343829 0.045033 0.937952
vn 0.343829 0.045033 0.937952
vn 0.343829 0.045033 0.937952
vn 0.343829 0.045033 0.937952
vn 0.343829 0.045033 0.937952
vn 0.343829 0.045033 0.937952
vn 0.343829 0.045033 0.937952
vn 0.343829 0.045033 0.937952
vn 0.343829 0.045033 0.937952
vn 0.343829 0.045033 0.937952
vn 0.343829 0.045033 0.937952
vn 0.343829 0.045033 0.937952
vn 0.343829 0.045033 0.937952
vn 0.343829 0.045033 0.937952
vn 0.343829 0.045033 0.937952
vn 0.343829 0.045033 0.937952
vn 0.343829 0.045033 0.937952
vn 0.343829 0.045033 0.937952
vn 0.343829 0.045033 0.937952
vn 0.343829 0.045033 0.937952
vn 0.343829 0.045033 0.937952
vn 0.343829 0.045033 0.937952
vn 0.343829 0.045033 0.937952
vn 0.343829 0.045033 0.937952
vn 0.343829 0.045033 0.937952
vn 0.343829 0.045033 0.937952
vn 0.343829 0.045033 0.937952
vn 0.343829 0.045033 0.937952
vn 0.343829 0.045033 0.937952
vn 0.343829 0.045033 0.937952
vn 0.343829 0.045033 0.937952
vn 0.343829 0.045033 0.937952
vn 0.343829 0.045033 0.937952
vn 0.343829 0.045033 0.937952
vn 0.343829 0.045033 0.937952
vn 0.343829 0.045033 0.937952
vn 0.343829 0.045033 0.937952
vn 0.343829 0.045033 0.937952
vn 0.343829 0.045033 0.937952
vn 0.343829 0.045033 0.937952
vn 0.343829 0.045033 0.937952
vn 0.343829 0.045033 0.937952
vn 0.343829 0.045033 0.937952
vn 0.343829 0.045033 0.937952
vn 0.343829 0.045033 0.937952
vn 0.343829 0.045033 0.937952
vn 0.343829 0.045033 0.937952
vn 0.343829 0.045033 0.937952
vn 0.343829 0.045033 0.937952
vn 0.343829 0.045033 0.937952
vn 0.343829 0.045033 0.937952
vn 0.343829 0.045033 0.937952
vn 0.343829 0.045033 0.937952
vn 0.343829 0.045033 0.937952
vn 0.343829 0.045033 0.937952
vn 0.343829 0.045033 0.937952
vn 0.343829 0.045033 0.937952
vn 0.343829 0.045033 0.937952
vn 0.343829 0.045033 0.937952
vn 0.343829 0.045033 0.937952
vn 0.343829 0.045033 0.937952
vn 0.343829 0.045033 0.937952
vn 0.343829 0.045033 0.937952
vn 0.343829 0.045033 0.937952
vn 0.343829 0.045033 0.937952
vn 0.343829 0.045033 0.937952
vn 0.343829 0.045033 0.937952
vn 0.343829 0.045033 0.937952
vn 0.343829 0.045033 0.937952
vn 0.343829 0.045033 0.937952
vn 0.343829 0.045033 0.937952
vn 0.343829 0.045033 0.937952
vn 0.343829 0.045033 0.937952
vn 0.343829 0.045033 0.937952
vn 0.343829 0.045033 0.937952
vn 0.343829 0.045033 0.937952
vn 0.343829 0.045033 0.937952
vn 0.343829 0.045033 0.937952
vn 0.343829 0.045033 0.937952
vn 0.343829 0.045033 0.937952
vn 0.343829 0.045033 0.937952
vn 0.343829 0.045033 0.937952
vn 0.343829 0.045033 0.937952
vn 0.343829 0.045033 0.937952
vn 0.343829 0.045033 0.937952
vn 0.343829 0.045033 0.937952
vn 0.343829 0.045033 0.937952
vn 0.343829 0.045033 0.937952
vn 0.343829 0.045033 0.937952
vn 0.343829 0.045033 0.937952
vn 0.343829 0.045033 0.937952
vn 0.343829 0.045033 0.937952
vn 0.343829 0.045033 0.937952
vn 0.343829 0.045033 0.937952
vn 0.343829 0.045033 0.937952
vn 0.343829 0.045033 0.937952
vn 0.343829 0.045033 0.937952
vn 0.343829 0.045033 0.937952
vn 0.343829 0.045033 0.937952
vn 0.343829 0.045033 0.937952
vn 0.343829 0.045033 0.937952
vn 0.343829 0.045033 0.937952
vn 0.343829 0.045033 0.937952
vn 0.343829 0.045033 0.937952
vn 0.343829 0.045033 0.937952
vn 0.343829 0.045033 0.937952
vn 0.343829 0.045033 0.937952
vn 0.343829 0.045033 0.937952
vn 0.343829 0.045033 0.937952
vn 0.343829 0.045033 0.937952
vn 0.343829 0.045033 0.937952
vn 0.343829 0.045033 0.937952
vn 0.343829 0.045033 0.937952
vn 0.343829 0.045033 0.937952
vn 0.343829 0.045033 0.937952
vn 0.343829 0.045033 0.937952
vn 0.343829 0.045033 0.937952
vn 0.343829 0.045033 0.937952
vn 0.343829 0.045033 0.937952
vn 0.343829 0.045033 0.937952
vn 0.343829 0.045033 0.937952
vn 0.343829 0.045033 0.937952
vn 0.343829 0.045033 0.937952
vn 0.343829 0.045033 0.937952
vn 0.343829 0.045033 0.937952
vn 0.343829 0.045033 0.937952
vn 0.343829 0.045033 0.937952
vn 0.343829 0.045033 0.937952
vn 0.343829 0.045033 0.937952
vn 0.343829 0.045033 0.937952
vn 0.343829 0.045033 0.937952
vn 0.343829 0.045033 0.937952
vn 0.343829 0.045033 0.937952
vn 0.343829 0.045033 0.937952
vn 0.343829 0.045033 0.937952
vn 0.343829 0.045033 0.937952
vn 0.343829 0.045033 0.937952
vn 0.343829 0.045033 0.937952
vn 0.343829 0.045033 0.937952
vn 0.343829 0.045033 0.937952
vn 0.343829 0.045033 0.937952
vn 0.343829 0.045033 0.937952
vn 0.343829 0.045033 0.937952
vn 0.343829 0.045033 0.937952
vn 0.343829 0.045033 0.937952
vn 0.343829 0.045033 0.937952
vn 0.343829 0.045033 0.937952
vn 0.343829 0.045033 0.937952
vn 0.343829 0.045033 0.937952
vn 0.343829 0.045033 0.937952
vn 0.343829 0.045033 0.937952
vn 0.343829 0.045033 0.937952
vn 0.343829 0.045033 0.937952
vn 0.343829 0.045033 0.937952
vn 0.343829 0.045033 0.937952
vn 0.343829 0.045033 0.937952
vn 0.343829 0.045033 0.937952
vn 0.343829 0.045033 0.937952
vn 0.343829 0.045033 0.937952
vn 0.343829 0.045033 0.937952
vn 0.343829 0.045033 0.937952
vn 0.343829 0.045033 0.937952
vn 0.343829 0.045033 0.937952
vn 0.343829 0.045033 0.937952
vn 0.343829 0.045033 0.937952
vn 0.343829 0.045033 0.937952
vn 0.343829 0.045033 0.937952
vn 0.343829 0.045033 0.937952
vn 0.343829 0.045033 0.937952
vn 0.343829 0.045033 0.937952
vn 0.343829 0.045033 0.937952
vn 0.343829 0.045033 0.937952
vn 0.343829 0.045033 0.937952
vn 0.343829 0.045033 0.937952
vn 0.343829 0.045033 0.937952
vn 0.343829 0.045033 0.937952
vn 0.343829 0.045033 0.937952
vn 0.343829 0.045033 0.937952
vn 0.343829 0.045033 0.937952
vn 0.343829 0.045033 0.937952
vn 0.343829 0.045033 0.937952
vn 0.343829 0.045033 0.937952
vn 0.343829 0.045033 0.937952
vn 0.343829 0.045033 0.937952
vn 0.343829 0.045033 0.937952
vn 0.343829 0.045033 0.937952
vn 0.343829 0.045033 0.937952
vn 0.343829 0.045033 0.937952
vn 0.343829 0.045033 0.937952
vn 0.343829 0.045033 0.937952
vn 0.343829 0.045033 0.937952
vn 0.343829 0.045033 0.937952
vn 0.343829 0.045033 0.937952
vn 0.343829 0.045033 0.937952
vn 0.343829 0.045033 0.937952
vn 0.343829 0.045033 0.937952
vn 0.343829 0.045033 0.937952
vn 0.343829 0.045033 0.937952
vn 0.343829 0.045033 0.937952
vn 0.343829 0.045033 0.937952
vn 0.343829 0.045033 0.937952
vn 0.343829 0.045033 0.937952
vn 0.343829 0.045033 0.937952
vn 0.343829 0.045033 0.937952
vn 0.343829 0.045033 0.937952
vn 0.343829 0.045033 0.937952
vn 0.343829 0.045033 0.937952
vn 0.343829 0.045033 0.937952
vn 0.343829 0.045033 0.937952
vn 0.343829 0.045033 0.937952
vn 0.343829 0.045033 0.937952
vn 0.343829 0.045033 0.937952
vn 0.343829 0.045033 0.937952
vn 0.343829 0.045033 0.937952
vn 0.343829 0.045033 0.937952
vn 0.343829 0.045033 0.937952
vn 0.343829 0.045033 0.937952
vn 0.343829 0.045033 0.937952
vn 0.343829 0.045033 0.937952
vn 0.343829 0.045033 0.937952
vn 0.343829 0.045033 0.937952
vn 0.343829 0.045033 0.937952
vn 0.343829 0.045033 0.937952
vn 0.343829 0.045033 0.937952
vn 0.343829 0.045033 0.937952
vn 0.343829 0.045033 0.937952
vn 0.343829 0.045033 0.937952
vn 0.343829 0.045033 0.937952
vn 0.343829 0.045033 0.937952
vn 0.343829 0.045033 0.937952
vn 0.343829 0.045033 0.937952
vn 0.343829 0.045033 0.937952
vn 0.343829 0.045033 0.937952
vn 0.343829 0.045033 0.937952
vn 0.343829 0.045033 0.937952
vn 0.343829 0.045033 0.937952
vn 0.343829 0.045033 0.937952
vn 0.343829 0.045033 0.937952
vn 0.343829 0.045033 0.937952
vn 0.343829 0.045033 0.937952
vn -0.047238 0.347424 0.936517
vn -0.047238 0.347424 0.936517
vn -0.047238 0.347424 0.936517
vn -0.047238 0.347424 0.936517
vn -0.047238 0.347424 0.936517
vn -0.047238 0.347424 0.936517
vn -0.047238 0.347424 0.936517
vn -0.047238 0.347424 0.936517
vn -0.047238 0.347424 0.936517
vn -0.047238 0.347424 0.936517
vn -0.047238 0.347424 0.936517
vn -0.047238 0.347424 0.936517
vn -0.047238 0.347424 0.936517
vn -0.047238 0.347424 0.936517
vn -0.047238 0.347424 0.936517
vn -0.047238 0.347424 0.936517
vn -0.047238 0.347424 0.936517
vn -0.047238 0.347424 0.936517
vn -0.047238 0.347424 0.936517
vn -0.047238 0.347424 0.936517
vn -0.047238 0.347424 0.936517
vn -0.047238 0.347424 0.936517
vn -0.047238 0.347424 0.936517
vn -0.047238 0.347424 0.936517
vn -0.047238 0.347424 0.936517
vn -0.047238 0.347424 0.936517
vn -0.047238 0.347424 0.936517
vn -0.047238 0.347424 0.936517
vn -0.047238 0.347424 0.936517
vn -0.047238 0.347424 0.936517
vn -0.047238 0.347424 0.936517
vn -0.047238 0.347424 0.936517
vn -0.047238 0.347424 0.936517
vn -0.047238 0.347424 0.936517
vn -0.047238 0.347424 0.936517
vn -0.047238 0.347424 0.936517
vn -0.047238 0.347424 0.936517
vn -0.047238 0.347424 0.936517
vn -0.047238 0.347424 0.936517
vn -0.047238 0.347424 0.936517
vn -0.047238 0.347424 0.936517
vn -0.047238 0.347424 0.936517
vn -0.047238 0.347424 0.936517
vn -0.047238 0.347424 0.936517
vn -0.047238 0.347424 0.936517
vn -0.047238 0.347424 0.936517
vn -0.047238 0.347424 0.936517
vn -0.047238 0.347424 0.936517
vn -0.047238 0.347424 0.936517
vn -0.047238 0.347424 0.936517
vn -0.047238 0.347424 0.936517
vn -0.047238 0.347424 0.936517
vn -0.047238 0.347424 0.936517
vn -0.047238 0.347424 0.936517
vn -0.047238 0.347424 0.936517
vn -0.047238 0.347424 0.936517
vn -0.047238 0.347424 0.936517
vn -0.047238 0.347424 0.936517
vn -0.047238 0.347424 0.936517
vn -0.047238 0.347424 0.936517
vn -0.047238 0.347424 0.936517
vn -0.047238 0.347424 0.936517
vn -0.047238 0.347424 0.936517
vn -0.047238 0.347424 0.936517
vn -0.047238 0.347424 0.936517
vn -0.047238 0.347424 0.936517
vn -0.047238 0.347424 0.936517
vn -0.047238 0.347424 0.936517
vn -0.047238 0.347424 0.936517
vn -0.047238 0.347424 0.936517
vn -0.047238 0.347424 0.936517
vn -0.047238 0.347424 0.936517
vn -0.047238 0.347424 0.936517
vn -0.047238 0.347424 0.936517
vn -0.047238 0.347424 0.936517
vn -0.047238 0.347424 0.936517
vn -0.047238 0.347424 0.936517
vn -0.047238 0.347424 0.936517
vn -0.047238 0.347424 0.936517
vn -0.047238 0.347424 0.936517
vn -0.047238 0.347424 0.936517
vn -0.047238 0.347424 0.936517
vn -0.047238 0.347424 0.936517
vn -0.047238 0.347424 0.936517
vn -0.047238 0.347424 0.936517
vn -0.047238 0.347424 0.936517
vn -0.047238 0.347424 0.936517
vn -0.047238 0.347424 0.936517
vn -0.047238 0.347424 0.936517
vn -0.047238 0.347424 0.936517
vn -0.047238 0.347424 0.936517
vn -0.047238 0.347424 0.936517
vn -0.047238 0.347424 0.936517
vn -0.047238 0.347424 0.936517
vn -0.047238 0.347424 0.936517
vn -0.047238 0.347424 0.936517
vn -0.047238 0.347424 0.936517
vn -0.047238 0.347424 0.936517
vn -0.047238 0.347424 0.936517
vn -0.047238 0.347424 0.936517
vn -0.047238 0.347424 0.936517
vn -0.047238 0.347424 0.936517
vn -0.047238 0.347424 0.936517
vn -0.047238 0.347424 0.936517
vn -0.047238 0.347424 0.936517
vn -0.047238 0.347424 0.936517
vn -0.047238 0.347424 0.936517
vn -0.047238 0.347424 0.936517
vn -0.047238 0.347424 0.936517
vn -0.047238 0.347424 0.936517
vn -0.047238 0.347424 0.936517
vn -0.047238 0.347424 0.936517
vn -0.047238 0.347424 0.936517
vn -0.047238 0.347424 0.936517
vn -0.047238 0.347424 0.936517
vn -0.047238 0.347424 0.936517
vn -0.047238 0.347424 0.936517
vn -0.047238 0.347424 0.936517
vn -0.047238 0.347424 0.936517
vn -0.047238 0.347424 0.936517
vn -0.047238 0.347424 0.936517
vn -0.047238 0.347424 0.936517
vn -0.047238 0.347424 0.936517
vn -0.047238 0.347424 0.936517
vn -0.047238 0.347424 0.936517
vn -0.047238 0.347424 0.936517
vn -0.047238 0.347424 0.936517
vn -0.047238 0.347424 0.936517
vn -0.047238 0.347424 0.936517
vn -0.047238 0.347424 0.936517
vn -0.047238 0.347424 0.936517
vn -0.047238 0.347424 0.936517
vn -0.047238 0.347424 0.936517
vn -0.047238 0.347424 0.936517
vn -0.047238 0.347424 0.936517
vn -0.047238 0.347424 0.936517
vn -0.047238 0.347424 0.936517
vn -0.047238 0.347424 0.936517
vn -0.047238 0.347424 0.936517
vn -0.047238 0.347424 0.936517
vn -0.047238 0.347424 0.936517
vn -0.047238 0.347424 0.936517
vn -0.047238 0.347424 0.936517
vn -0.047238 0.347424 0.936517
vn -0.047238 0.347424 0.936517
vn -0.047238 0.347424 0.936517
vn -0.047238 0.347424 0.936517
vn -0.047238 0.347424 0.936517
vn -0.047238 0.347424 0.936517
vn -0.047238 0.347424 0.936517
vn -0.047238 0.347424 0.936517
vn -0.047238 0.347424 0.936517
vn -0.047238 0.347424 0.936517
vn -0.047238 0.347424 0.936517
vn -0.047238 0.347424 0.936517
vn -0.047238 0.347424 0.936517
vn -0.047238 0.347424 0.936517
vn -0.047238 0.347424 0.936517
vn -0.047238 0.347424 0.936517
vn -0.047238 0.347424 0.936517
vn -0.047238 0.347424 0.936517
vn -0.047238 0.347424 0.936517
vn -0.047238 0.347424 0.936517
vn -0.047238 0.347424 0.936517
vn -0.047238 0.347424 0.936517
vn -0.047238 0.347424 0.936517
vn -0.047238 0.347424 0.936517
vn -0.047238 0.347424 0.936517
vn -0.047238 0.347424 0.936517
vn -0.047238 0.347424 0.936517
vn -0.047238 0.347424 0.936517
vn -0.047238 0.347424 0.936517
vn -0.047238 0.347424 0.936517
vn -0.047238 0.347424 0.936517
vn -0.047238 0.347424 0.936517
vn -0.047238 0.347424 0.936517
vn -0.047238 0.347424 0.936517
vn -0.047238 0.347424 0.936517
vn -0.047238 0.347424 0.936517
vn -0.047238 0.347424 0.936517
vn -0.047238 0.347424 0.936517
vn -0.047238 0.347424 0.936517
vn -0.047238 0.347424 0.936517
vn -0.047238 0.347424 0.936517
vn -0.047238 0.347424 0.936517
vn -0.047238 0.347424 0.936517
vn -0.047238 0.347424 0.936517
vn -0.047238 0.347424 0.936517
vn -0.047238 0.347424 0.936517
vn -0.047238 0.347424 0.936517
vn -0.047238 0.347424 0.936517
vn -0.047238 0.347424 0.936517
vn -0.047238 0.347424 0.936517
vn -0.047238 0.347424 0.936517
vn -0.047238 0.347424 0.936517
vn -0.047238 0.347424 0.936517
vn -0.047238 0.347424 0.936517
vn -0.047238 0.347424 0.936517
vn -0.047238 0.347424 0.936517
vn -0.047238 0.347424 0.936517
vn -0.047238 0.347424 0.936517
vn -0.047238 0.347424 0.936517
vn -0.047238 0.347424 0.936517
vn -0.047238 0.347424 0.936517
vn -0.047238 0.347424 0.936517
vn -0.047238 0.347424 0.936517
vn -0.047238 0.347424 0.936517
vn -0.047238 0.347424 0.936517
vn -0.047238 0.347424 0.936517
vn -0.047238 0.347424 0.936517
vn -0.047238 0.347424 0.936517
vn -0.047238 0.347424 0.936517
vn -0.047238 0.347424 0.936517
vn -0.047238 0.347424 0.936517
vn -0.047238 0.347424 0.936517
vn -0.047238 0.347424 0.936517
vn -0.047238 0.347424 0.936517
vn -0.047238 0.347424 0.936517
vn -0.047238 0.347424 0.936517
vn -0.047238 0.347424 0.936517
vn -0.047238 0.347424 0.936517
vn -0.047238 0.347424 0.936517
vn -0.047238 0.347424 0.936517
vn -0.047238 0.347424 0.936517
vn -0.047238 0.347424 0.936517
vn -0.047238 0.347424 0.936517
vn -0.047238 0.347424 0.936517
vn -0.047238 0.347424 0.936517
vn -0.047238 0.347424 0.936517
vn -0.047238 0.347424 0.936517
vn -0.047238 0.347424 0.936517
vn -0.047238 0.347424 0.936517
vn -0.047238 0.347424 0.936517
vn -0.047238 0.347424 0.936517
vn -0.047238 0.347424 0.936517
vn -0.047238 0.347424 0.936517
vn -0.047238 0.347424 0.936517
vn -0.047238 0.347424 0.936517
vn -0.047238 0.347424 0.936517
vn -0.047238 0.347424 0.936517
vn -0.047238 0.347424 0.936517
vn -0.047238 0.347424 0.936517
vn -0.047238 0.347424 0.936517
vn -0.047238 0.347424 0.936517
vn -0.047238 0.347424 0.936517
vn -0.047238 0.347424 0.936517
vn -0.047238 0.347424 0.936517
vn -0.047238 0.347424 0.936517
vn -0.047238 0.347424 0.936517
vn -0.047238 0.347424 0.936517
vn -0.047238 0.347424 0.936517
vn -0.047238 0.347424 0.936517
vn -0.047238 0.347424 0.936517
vn -0.047238 0.347424 0.936517
vn -0.047238 0.347424 0.936517
vn -0.047238 0.347424 0.936517
vn -0.047238 0.347424 0.936517
vn -0.047238 0.347424 0.936517
vn -0.047238 0.347424 0.936517
vn -0.047238 0.347424 0.936517
vn -0.047238 0.347424 0.936517
vn -0.047238 0.347424 0.936517
vn -0.047238 0.347424 0.936517
vn -0.047238 0.347424 0.936517
vn -0.047238 0.347424 0.936517
vn -0.047238 0.347424 0.936517
vn -0.047238 0.347424 0.936517
vn -0.047238 0.347424 0.936517
vn -0.047238 0.347424 0.936517
vn -0.047238 0.347424 0.936517
vn -0.047238 0.347424 0.936517
vn -0.047238 0.347424 0.936517
vn -0.047238 0.347424 0.936517
vn -0.047238 0.347424 0.936517
vn -0.047238 0.347424 0.936517
vn -0.047238 0.347424 0.936517
vn -0.047238 0.347424 0.936517
vn -0.047238 0.347424 0.936517
vn -0.047238 0.347424 0.936517
vn -0.047238 0.347424 0.936517
vn -0.047238 0.347424 0.936517
vn -0.047238 0.347424 0.936517
vn -0.047238 0.347424 0.936517
vn -0.047238 0.347424 0.936517
vn -0.047238 0.347424 0.936517
vn -0.047238 0.347424 0.936517
vn -0.047238 0.347424 0.936517
vn -0.047238 0.347424 0.936517
vn -0.047238 0.347424 0.936517
vn -0.047238 0.347424 0.936517
vn -0.047238 0.347424 0.936517
vn -0.047238 0.347424 0.936517
vn -0.047238 0.347424 0.936517
vn -0.047238 0.347424 0.936517
vn -0.047238 0.347424 0.936517
vn -0.047238 0.347424 0.936517
vn -0.047238 0.347424 0.936517
vn -0.047238 0.347424 0.936517
vn -0.047238 0.347424 0.936517
vn -0.047238 0.347424 0.936517
vn -0.047238 0.347424 0.936517
vn -0.047238 0.347424 0.936517
vn -0.047238 0.347424 0.936517
vn -0.047238 0.347424 0.936517
vn -0.047238 0.347424 0.936517
vn -0.047238 0.347424 0.936517
vn -0.047238 0.347424 0.936517
vn -0.047238 0.347424 0.936517
vn -0.047238 0.347424 0.936517
vn -0.047238 0.347424 0.936517
vn -0.047238 0.347424 0.936517
vn -0.047238 0.347424 0.936517
vn -0.047238 0.347424 0.936517
vn -0.047238 0.347424 0.936517
vn -0.047238 0.347424 0.936517
vn -0.047238 0.347424 0.936517
vn -0.047238 0.347424 0.936517
vn -0.047238 0.347424 0.936517
vn -0.047238 0.347424 0.936517
vn -0.047238 0.347424 0.936517
vn -0.047238 0.347424 0.936517
vn -0.047238 0.347424 0.936517
vn -0.047238 0.347424 0.936517
vn -0.047238 0.347424 0.936517
vn -0.047238 0.347424 0.936517
vn -0.047238 0.347424 0.936517
vn -0.047238 0.347424 0.936517
vn -0.047238 0.347424 0.936517
vn -0.047238 0.347424 0.936517
vn -0.047238 0.347424 0.936517
vn -0.047238 0.347424 0.936517
vn -0.047238 0.347424 0.936517
vn -0.047238 0.347424 0.936517
vn -0.047238 0.347424 0.936517
vn -0.047238 0.347424 0.936517
vn -0.047238 0.347424 0.936517
vn -0.047238 0.347424 0.936517
vn -0.047238 0.347424 0.936517
vn -0.047238 0.347424 0.936517
vn -0.047238 0.347424 0.936517
vn -0.047238 0.347424 0.936517
vn -0.047238 0.347424 0.936517
vn -0.047238 0.347424 0.936517
vn -0.047238 0.347424 0.936517
vn -0.047238 0.347424 0.936517
vn -0.047238 0.347424 0.936517
vn -0.047238 0.347424 0.936517
vn -0.047238 0.347424 0.936517
vn -0.047238 0.347424 0.936517
vn -0.047238 0.347424 0.936517
vn -0.047238 0.347424 0.936517
vn -0.047238 0.347424 0.936517
vn -0.047238 0.347424 0.936517
vn -0.047238 0.347424 0.936517
vn -0.047238 0.347424 0.936517
vn -0.047238 0.347424 0.936517
vn -0.047238 0.347424 0.936517
vn -0.047238 0.347424 0.936517
vn -0.047238 0.347424 0.936517
vn -0.047238 0.347424 0.936517
vn -0.047238 0.347424 0.936517
vn -0.047238 0.347424 0.936517
vn -0.047238 0.347424 0.936517
vn -0.047238 0.347424 0.936517
vn -0.047238 0.347424 0.936517
vn -0.047238 0.347424 0.936517
vn -0.047238 0.347424 0.936517
vn -0.047238 0.347424 0.936517
vn -0.047238 0.347424 0.936517
vn -0.047238 0.347424 0.936517
vn -0.047238 0.347424 0.936517
vn -0.047238 0.347424 0.936517
vn -0.047238 0.347424 0.936517
vn -0.047238 0.347424 0.936517
vn -0.047238 0.347424 0.936517
vn -0.047238 0.347424 0.936517
vn -0.047238 0.347424 0.936517
vn -0.047238 0.347424 0.936517
vn -0.047238 0.347424 0.936517
vn -0.047238 0.347424 0.936517
vn -0.047238 0.347424 0.936517
vn -0.047238 0.347424 0.936517
vn -0.047238 0.347424 0.936517
vn -0.047238 0.347424 0.936517
vn -0.047238 0.347424 0.936517
vn -0.047238 0.347424 0.936517
vn -0.047238 0.347424 0.936517
vn -0.047238 0.347424 0.936517
vn -0.047238 0.347424 0.936517
vn -0.047238 0.347424 0.936517
vn -0.047238 0.347424 0.936517
vn -0.047238 0.347424 0.936517
vn -0.047238 0.347424 0.936517
vn -0.047238 0.347424 0.936517
vn -0.047238 0.347424 0.936517
vn -0.047238 0.347424 0.936517
vn -0.047238 0.347424 0.936517
vn -0.047238 0.347424 0.936517
vn -0.047238 0.347424 0.936517
vn -0.047238 0.347424 0.936517
vn -0.047238 0.347424 0.936517
vn -0.047238 0.347424 0.936517
vn -0.047238 0.347424 0.936517
vn -0.047238 0.347424 0.936517
vn -0.047238 0.347424 0.936517
vn -0.047238 0.347424 0.936517
vn -0.047238 0.347424 0.936517
vn -0.047238 0.347424 0.936517
vn -0.047238 0.347424 0.936517
vn -0.047238 0.347424 0.936517
vn -0.047238 0.347424 0.936517
vn -0.047238 0.347424 0.936517
vn -0.047238 0.347424 0.936517
vn -0.047238 0.347424 0.936517
vn -0.047238 0.347424 0.936517
vn -0.047238 0.347424 0.936517
vn -0.047238 0.347424 0.936517
vn -0.047238 0.347424 0.936517
vn -0.047238 0.347424 0.936517
vn -0.047238 0.347424 0.936517
vn -0.047238 0.347424 0.936517
vn -0.047238 0.347424 0.936517
vn -0.047238 0.347424 0.936517
vn -0.047238 0.347424 0.936517
vn -0.047238 0.347424 0.936517
vn -0.047238 0.347424 0.936517
vn -0.047238 0.347424 0.936517
vn -0.047238 0.347424 0.936517
vn -0.047238 0.347424 0.936517
vn -0.047238 0.347424 0.936517
vn -0.047238 0.347424 0.936517
vn -0.047238 0.347424 0.936517
vn -0.047238 0.347424 0.936517
vn -0.047238 0.347424 0.936517
vn -0.047238 0.347424 0.936517
vn -0.047238 0.347424 0.936517
vn -0.047238 0.347424 0.936517
vn -0.047238 0.347424 0.936517
vn -0.047238 0.347424 0.936517
vn -0.047238 0.347424 0.936517
vn -0.047238 0.347424 0.936517
vn -0.047238 0.347424 0.936517
vn -0.047238 0.347424 0.936517
vn -0.047238 0.347424 0.936517
vn -0.047238 0.347424 0.936517
vn -0.047238 0.347424 0.936517
vn -0.047238 0.347424 0.936517
vn -0.047238 0.347424 0.936517
vn -0.047238 0.347424 0.936517
vn -0.047238 0.347424 0.936517
vn -0.047238 0.347424 0.936517
vn -0.047238 0.347424 0.936517
vn -0.047238 0.347424 0.936517
vn -0.047238 0.347424 0.936517
vn -0.047238 0.347424 0.936517
vn -0.047238 0.347424 0.936517
vn -0.047238 0.347424 0.936517
vn -0.047238 0.347424 0.936517
vn -0.047238 0.347424 0.936517
vn -0.047238 0.347424 0.936517
vn -0.047238 0.347424 0.936517
vn -0.047238 0.347424 0.936517
vn -0.047238 0.347424 0.936517
vn -0.047238 0.347424 0.936517
vn -0.047238 0.347424 0.936517
vn -0.047238 0.347424 0.936517
vn -0.047238 0.347424 0.936517
vn -0.047238 0.347424 0.936517
vn -0.047238 0.347424 0.936517
vn -0.047238 0.347424 0.936517
vn -0.047238 0.347424 0.936517
vn -0.047238 0.347424 0.936517
vn -0.047238 0.347424 0.936517
vn -0.047238 0.347424 0.936517
vn -0.047238 0.347424 0.936517
vn -0.047238 0.347424 0.936517
vn -0.047238 0.347424 0.936517
vn -0.047238 0.347424 0.936517
vn -0.047238 0.347424 0.936517
vn -0.047238 0.347424 0.936517
vn -0.047238 0.347424 0.936517
vn -0.047238 0.347424 0.936517
vn -0.047238 0.347424 0.936517
vn -0.047238 0.347424 0.936517
vn -0.047238 0.347424 0.936517
vn -0.047238 0.347424 0.936517
vn -0.047238 0.347424 0.936517
vn -0.047238 0.347424 0.936517
vn -0.047238 0.347424 0.936517
vn -0.047238 0.347424 0.936517
vn -0.047238 0.347424 0.936517
vn -0.047238 0.347424 0.936517
vn -0.047238 0.347424 0.936517
vn -0.047238 0.347424 0.936517
vn -0.047238 0.347424 0.936517
vn -0.047238 0.347424 0.936517
vn -0.047238 0.347424 0.936517
vn -0.047238 0.347424 0.936517
vn -0.047238 0.347424 0.936517
vn -0.047238 0.347424 0.936517
vn -0.047238 0.347424 0.936517
vn -0.047238 0.347424 0.936517
vn -0.047238 0.347424 0.936517
vn -0.047238 0.347424 0.936517
vn -0.047238 0.347424 0.936517
vn -0.047238 0.347424 0.936517
vn -0.047238 0.347424 0.936517
vn -0.047238 0.347424 0.936517
vn -0.047238 0.347424 0.936517
vn -0.047238 0.347424 0.936517
vn -0.047238 0.347424 0.936517
vn -0.047238 0.347424 0.936517
vn -0.047238 0.347424 0.936517
vn -0.047238 0.347424 0.936517
vn -0.047238 0.347424 0.936517
vn -0.047238 0.347424 0.936517
vn -0.047238 0.347424 0.936517
vn -0.047238 0.347424 0.936517
vn -0.047238 0.347424 0.936517
vn -0.047238 0.347424 0.936517
vn -0.047238 0.347424 0.936517
vn -0.047238 0.347424 0.936517
vn -0.047238 0.347424 0.936517
vn -0.047238 0.347424 0.936517
vn -0.047238 0.347424 0.936517
vn -0.047238 0.347424 0.936517
vn -0.047238 0.347424 0.936517
vn -0.047238 0.347424 0.936517
vn -0.047238 0.347424 0.936517
vn -0.047238 0.347424 0.936517
vn -0.047238 0.347424 0.936517
vn -0.047238 0.347424 0.936517
vn -0.047238 0.347424 0.936517
vn -0.047238 0.347424 0.936517
vn -0.047238 0.347424 0.936517
vn -0.047238 0.347424 0.936517
vn -0.047238 0.347424 0.936517
vn -0.047238 0.347424 0.936517
vn -0.047238 0.347424 0.936517
vn -0.047238 0.347424 0.936517
vn -0.047238 0.347424 0.936517
vn -0.047238 0.347424 0.936517
vn -0.047238 0.347424 0.936517
vn -0.047238 0.347424 0.936517
vn -0.047238 0.347424 0.936517
vn -0.047238 0.347424 0.936517
vn -0.047238 0.347424 0.936517
vn -0.047238 0.347424 0.936517
vn -0.047238 0.347424 0.936517
vn -0.047238 0.347424 0.936517
vn -0.047238 0.347424 0.936517
vn -0.047238 0.347424 0.936517
vn -0.047238 0.347424 0.936517
vn -0.047238 0.347424 0.936517
vn -0.047238 0.347424 0.936517
vn -0.047238 0.347424 0.936517
vn -0.047238 0.347424 0.936517
vn -0.047238 0.347424 0.936517
vn -0.047238 0.347424 0.936517
vn -0.047238 0.347424 0.936517
vn -0.047238 0.347424 0.936517
vn -0.047238 0.347424 0.936517
vn -0.047238 0.347424 0.936517
vn -0.047238 0.347424 0.936517
vn -0.047238 0.347424 0.936517
vn -0.047238 0.347424 0.936517
vn -0.047238 0.347424 0.936517
vn -0.047238 0.347424 0.936517
vn -0.047238 0.347424 0.936517
vn -0.047238 0.347424 0.936517
vn -0.047238 0.347424 0.936517
vn -0.337506 -0.042355 0.940370
vn -0.337506 -0.042355 0.940370
vn -0.337506 -0.042355 0.940370
vn -0.337506 -0.042355 0.940370
vn -0.337506 -0.042355 0.940370
vn -0.337506 -0.042355 0.940370
vn -0.337506 -0.042355 0.940370
vn -0.337506 -0.042355 0.940370
vn -0.337506 -0.042355 0.940370
vn -0.337506 -0.042355 0.940370
vn -0.337506 -0.042355 0.940370
vn -0.337506 -0.042355 0.940370
vn -0.337506 -0.042355 0.940370
vn -0.337506 -0.042355 0.940370
vn -0.337506 -0.042355 0.940370
vn -0.337506 -0.042355 0.940370
vn -0.337506 -0.042355 0.940370
vn -0.337506 -0.042355 0.940370
vn -0.337506 -0.042355 0.940370
vn -0.337506 -0.042355 0.940370
vn -0.337506 -0.042355 0.940370
vn -0.337506 -0.042355 0.940370
vn -0.337506 -0.042355 0.940370
vn -0.337506 -0.042355 0.940370
vn -0.337506 -0.042355 0.940370
vn -0.337506 -0.042355 0.940370
vn -0.337506 -0.042355 0.940370
vn -0.337506 -0.042355 0.940370
vn -0.337506 -0.042355 0.940370
vn -0.337506 -0.042355 0.940370
vn -0.337506 -0.042355 0.940370
vn -0.337506 -0.042355 0.940370
vn -0.337506 -0.042355 0.940370
vn -0.337506 -0.042355 0.940370
vn -0.337506 -0.042355 0.940370
vn -0.337506 -0.042355 0.940370
vn -0.337506 -0.042355 0.940370
vn -0.337506 -0.042355 0.940370
vn -0.337506 -0.042355 0.940370
vn -0.337506 -0.042355 0.940370
vn -0.337506 -0.042355 0.940370
vn -0.337506 -0.042355 0.940370
vn -0.337506 -0.042355 0.940370
vn -0.337506 -0.042355 0.940370
vn -0.337506 -0.042355 0.940370
vn -0.337506 -0.042355 0.940370
vn -0.337506 -0.042355 0.940370
vn -0.337506 -0.042355 0.940370
vn -0.337506 -0.042355 0.940370
vn -0.337506 -0.042355 0.940370
vn -0.337506 -0.042355 0.940370
vn -0.337506 -0.042355 0.940370
vn -0.337506 -0.042355 0.940370
vn -0.337506 -0.042355 0.940370
vn -0.337506 -0.042355 0.940370
vn -0.337506 -0.042355 0.940370
vn -0.337506 -0.042355 0.940370
vn -0.337506 -0.042355 0.940370
vn -0.337506 -0.042355 0.940370
vn -0.337506 -0.042355 0.940370
vn -0.337506 -0.042355 0.940370
vn -0.337506 -0.042355 0.940370
vn -0.337506 -0.042355 0.940370
vn -0.337506 -0.042355 0.940370
vn -0.337506 -0.042355 0.940370
vn -0.337506 -0.042355 0.940370
vn -0.337506 -0.042355 0.940370
vn -0.337506 -0.042355 0.940370
vn -0.337506 -0.042355 0.940370
vn -0.337506 -0.042355 0.940370
vn -0.337506 -0.042355 0.940370
vn -0.337506 -0.042355 0.940370
vn -0.337506 -0.042355 0.940370
vn -0.337506 -0.042355 0.940370
vn -0.337506 -0.042355 0.940370
vn -0.337506 -0.042355 0.940370
vn -0.337506 -0.042355 0.940370
vn -0.337506 -0.042355 0.940370
vn -0.337506 -0.042355 0.940370
vn -0.337506 -0.042355 0.940370
vn -0.337506 -0.042355 0.940370
vn -0.337506 -0.042355 0.940370
vn -0.337506 -0.042355 0.940370
vn -0.337506 -0.042355 0.940370
vn -0.337506 -0.042355 0.940370
vn -0.337506 -0.042355 0.940370
vn -0.337506 -0.042355 0.940370
vn -0.337506 -0.042355 0.940370
vn -0.337506 -0.042355 0.940370
vn -0.337506 -0.042355 0.940370
vn -0.337506 -0.042355 0.940370
vn -0.337506 -0.042355 0.940370
vn -0.337506 -0.042355 0.940370
vn -0.337506 -0.042355 0.940370
vn -0.337506 -0.042355 0.940370
vn -0.337506 -0.042355 0.940370
vn -0.337506 -0.042355 0.940370
vn -0.337506 -0.042355 0.940370
vn -0.337506 -0.042355 0.940370
vn -0.337506 -0.042355 0.940370
vn -0.337506 -0.042355 0.940370
vn -0.337506 -0.042355 0.940370
vn -0.337506 -0.042355 0.940370
vn -0.337506 -0.042355 0.940370
vn -0.337506 -0.042355 0.940370
vn -0.337506 -0.042355 0.940370
vn -0.337506 -0.042355 0.940370
vn -0.337506 -0.042355 0.940370
vn -0.337506 -0.042355 0.940370
vn -0.337506 -0.042355 0.940370
vn -0.337506 -0.042355 0.940370
vn -0.337506 -0.042355 0.940370
vn -0.337506 -0.042355 0.940370
vn -0.337506 -0.042355 0.940370
vn -0.337506 -0.042355 0.940370
vn -0.337506 -0.042355 0.940370
vn -0.337506 -0.042355 0.940370
vn -0.337506 -0.042355 0.940370
vn -0.337506 -0.042355 0.940370
vn -0.337506 -0.042355 0.940370
vn -0.337506 -0.042355 0.940370
vn -0.337506 -0.042355 0.940370
vn -0.337506 -0.042355 0.940370
vn -0.337506 -0.042355 0.940370
vn -0.337506 -0.042355 0.940370
vn -0.337506 -0.042355 0.940370
vn -0.337506 -0.042355 0.940370
vn -0.337506 -0.042355 0.940370
vn -0.337506 -0.042355 0.940370
vn -0.337506 -0.042355 0.940370
vn -0.337506 -0.042355 0.940370
vn -0.337506 -0.042355 0.940370
vn -0.337506 -0.042355 0.940370
vn -0.337506 -0.042355 0.940370
vn -0.337506 -0.042355 0.940370
vn -0.337506 -0.042355 0.940370
vn -0.337506 -0.042355 0.940370
vn -0.337506 -0.042355 0.940370
vn -0.337506 -0.042355 0.940370
vn -0.337506 -0.042355 0.940370
vn -0.337506 -0.042355 0.940370
vn -0.337506 -0.042355 0.940370
vn -0.337506 -0.042355 0.940370
vn -0.337506 -0.042355 0.940370
vn -0.337506 -0.042355 0.940370
vn -0.337506 -0.042355 0.940370
vn -0.337506 -0.042355 0.940370
vn -0.337506 -0.042355 0.940370
vn -0.337506 -0.042355 0.940370
vn -0.337506 -0.042355 0.940370
vn -0.337506 -0.042355 0.940370
vn -0.337506 -0.042355 0.940370
vn -0.337506 -0.042355 0.940370
vn -0.337506 -0.042355 0.940370
vn -0.337506 -0.042355 0.940370
vn -0.337506 -0.042355 0.940370
vn -0.337506 -0.042355 0.940370
vn -0.337506 -0.042355 0.940370
vn -0.337506 -0.042355 0.940370
vn -0.337506 -0.042355 0.940370
vn -0.337506 -0.042355 0.940370
vn -0.337506 -0.042355 0.940370
vn -0.337506 -0.042355 0.940370
vn -0.337506 -0.042355 0.940370
vn -0.337506 -0.042355 0.940370
vn -0.337506 -0.042355 0.940370
vn -0.337506 -0.042355 0.940370
vn -0.337506 -0.042355 0.940370
vn -0.337506 -0.042355 0.940370
vn -0.337506 -0.042355 0.940370
vn -0.337506 -0.042355 0.940370
vn -0.337506 -0.042355 0.940370
vn -0.337506 -0.042355 0.940370
vn -0.337506 -0.042355 0.940370
vn -0.337506 -0.042355 0.940370
vn -0.337506 -0.042355 0.940370
vn -0.337506 -0.042355 0.940370
vn -0.337506 -0.042355 0.940370
vn -0.337506 -0.042355 0.940370
vn -0.337506 -0.042355 0.940370
vn -0.337506 -0.042355 0.940370
vn -0.337506 -0.042355 0.940370
vn -0.337506 -0.042355 0.940370
vn -0.337506 -0.042355 0.940370
vn -0.337506 -0.042355 0.940370
vn -0.337506 -0.042355 0.940370
vn -0.337506 -0.042355 0.940370
vn -0.337506 -0.042355 0.940370
vn -0.337506 -0.042355 0.940370
vn -0.337506 -0.042355 0.940370
vn -0.337506 -0.042355 0.940370
vn -0.337506 -0.042355 0.940370
vn -0.337506 -0.042355 0.940370
vn -0.337506 -0.042355 0.940370
vn -0.337506 -0.042355 0.940370
vn -0.337506 -0.042355 0.940370
vn -0.337506 -0.042355 0.940370
vn -0.337506 -0.042355 0.940370
vn -0.337506 -0.042355 0.940370
vn -0.337506 -0.042355 0.940370
vn -0.337506 -0.042355 0.940370
vn -0.337506 -0.042355 0.940370
vn -0.337506 -0.042355 0.940370
vn -0.337506 -0.042355 0.940370
vn -0.337506 -0.042355 0.940370
vn -0.337506 -0.042355 0.940370
vn -0.337506 -0.042355 0.940370
vn -0.337506 -0.042355 0.940370
vn -0.337506 -0.042355 0.940370
vn -0.337506 -0.042355 0.940370
vn -0.337506 -0.042355 0.940370
vn -0.337506 -0.042355 0.940370
vn -0.337506 -0.042355 0.940370
vn -0.337506 -0.042355 0.940370
vn -0.337506 -0.042355 0.940370
vn -0.337506 -0.042355 0.940370
vn -0.337506 -0.042355 0.940370
vn -0.337506 -0.042355 0.940370
vn -0.337506 -0.042355 0.940370
vn -0.337506 -0.042355 0.940370
vn -0.337506 -0.042355 0.940370
vn -0.337506 -0.042355 0.940370
vn -0.337506 -0.042355 0.940370
vn -0.337506 -0.042355 0.940370
vn -0.337506 -0.042355 0.940370
vn -0.337506 -0.042355 0.940370
vn -0.337506 -0.042355 0.940370
vn -0.337506 -0.042355 0.940370
vn -0.337506 -0.042355 0.940370
vn -0.337506 -0.042355 0.940370
vn -0.337506 -0.042355 0.940370
vn -0.337506 -0.042355 0.940370
vn -0.337506 -0.042355 0.940370
vn -0.337506 -0.042355 0.940370
vn -0.337506 -0.042355 0.940370
vn -0.337506 -0.042355 0.940370
vn -0.337506 -0.042355 0.940370
vn -0.337506 -0.042355 0.940370
vn -0.337506 -0.042355 0.940370
vn -0.337506 -0.042355 0.940370
vn -0.337506 -0.042355 0.940370
vn -0.337506 -0.042355 0.940370
vn -0.337506 -0.042355 0.940370
vn -0.337506 -0.042355 0.940370
vn -0.337506 -0.042355 0.940370
vn -0.337506 -0.042355 0.940370
vn -0.337506 -0.042355 0.940370
vn -0.337506 -0.042355 0.940370
vn -0.337506 -0.042355 0.940370
vn -0.337506 -0.042355 0.940370
vn -0.337506 -0.042355 0.940370
vn -0.337506 -0.042355 0.940370
vn -0.337506 -0.042355 0.940370
vn -0.337506 -0.042355 0.940370
vn -0.337506 -0.042355 0.940370
vn -0.337506 -0.042355 0.940370
vn -0.337506 -0.042355 0.940370
vn -0.337506 -0.042355 0.940370
vn -0.337506 -0.042355 0.940370
vn -0.337506 -0.042355 0.940370
vn -0.337506 -0.042355 0.940370
vn -0.337506 -0.042355 0.940370
vn -0.337506 -0.042355 0.940370
vn -0.337506 -0.042355 0.940370
vn -0.337506 -0.042355 0.940370
vn -0.337506 -0.042355 0.940370
vn -0.337506 -0.042355 0.940370
vn -0.337506 -0.042355 0.940370
vn -0.337506 -0.042355 0.940370
vn -0.337506 -0.042355 0.940370
vn -0.337506 -0.042355 0.940370
vn -0.337506 -0.042355 0.940370
vn -0.337506 -0.042355 0.940370
vn -0.337506 -0.042355 0.940370
vn -0.337506 -0.042355 0.940370
vn -0.337506 -0.042355 0.940370
vn -0.337506 -0.042355 0.940370
vn -0.337506 -0.042355 0.940370
vn -0.337506 -0.042355 0.940370
vn -0.337506 -0.042355 0.940370
vn -0.337506 -0.042355 0.940370
vn -0.337506 -0.042355 0.940370
vn -0.337506 -0.042355 0.940370
vn -0.337506 -0.042355 0.940370
vn -0.337506 -0.042355 0.940370
vn -0.337506 -0.042355 0.940370
vn -0.337506 -0.042355 0.940370
vn -0.337506 -0.042355 0.940370
vn -0.337506 -0.042355 0.940370
vn -0.337506 -0.042355 0.940370
vn -0.337506 -0.042355 0.940370
vn -0.337506 -0.042355 0.940370
vn -0.337506 -0.042355 0.940370
vn -0.337506 -0.042355 0.940370
vn -0.337506 -0.042355 0.940370
vn -0.337506 -0.042355 0.940370
vn -0.337506 -0.042355 0.940370
vn -0.337506 -0.042355 0.940370
vn -0.337506 -0.042355 0.940370
vn -0.337506 -0.042355 0.940370
vn -0.337506 -0.042355 0.940370
vn -0.337506 -0.042355 0.940370
vn -0.337506 -0.042355 0.940370
vn -0.337506 -0.042355 0.940370
vn -0.337506 -0.042355 0.940370
vn -0.337506 -0.042355 0.940370
vn -0.337506 -0.042355 0.940370
vn -0.337506 -0.042355 0.940370
vn -0.337506 -0.042355 0.940370
vn -0.337506 -0.042355 0.940370
vn -0.337506 -0.042355 0.940370
vn -0.337506 -0.042355 0.940370
vn -0.337506 -0.042355 0.940370
vn -0.337506 -0.042355 0.940370
vn -0.337506 -0.042355 0.940370
vn -0.337506 -0.042355 0.940370
vn -0.337506 -0.042355 0.940370
vn -0.337506 -0.042355 0.940370
vn -0.337506 -0.042355 0.940370
vn -0.337506 -0.042355 0.940370
vn -0.337506 -0.042355 0.940370
vn -0.337506 -0.042355 0.940370
vn -0.337506 -0.042355 0.940370
vn -0.337506 -0.042355 0.940370
vn -0.337506 -0.042355 0.940370
vn -0.337506 -0.042355 0.940370
vn -0.337506 -0.042355 0.940370
vn -0.337506 -0.042355 0.940370
vn -0.337506 -0.042355 0.940370
vn -0.337506 -0.042355 0.940370
vn -0.337506 -0.042355 0.940370
vn -0.337506 -0.042355 0.940370
vn -0.337506 -0.042355 0.940370
vn -0.337506 -0.042355 0.940370
vn -0.337506 -0.042355 0.940370
vn -0.337506 -0.042355 0.940370
vn -0.337506 -0.042355 0.940370
vn -0.337506 -0.042355 0.940370
vn -0.337506 -0.042355 0.940370
vn -0.337506 -0.042355 0.940370
vn -0.337506 -0.042355 0.940370
vn -0.337506 -0.042355 0.940370
vn -0.337506 -0.042355 0.940370
vn -0.337506 -0.042355 0.940370
vn -0.337506 -0.042355 0.940370
vn -0.337506 -0.042355 0.940370
vn -0.337506 -0.042355 0.940370
vn -0.337506 -0.042355 0.940370
vn -0.337506 -0.042355 0.940370
vn -0.337506 -0.042355 0.940370
vn -0.337506 -0.042355 0.940370
vn -0.337506 -0.042355 0.940370
vn -0.337506 -0.042355 0.940370
vn -0.337506 -0.042355 0.940370
vn -0.337506 -0.042355 0.940370
vn -0.337506 -0.042355 0.940370
vn -0.337506 -0.042355 0.940370
vn -0.337506 -0.042355 0.940370
vn -0.337506 -0.042355 0.940370
vn -0.337506 -0.042355 0.940370
vn -0.337506 -0.042355 0.940370
vn -0.337506 -0.042355 0.940370
vn -0.337506 -0.042355 0.940370
vn -0.337506 -0.042355 0.940370
vn -0.337506 -0.042355 0.940370
vn -0.337506 -0.042355 0.940370
vn -0.337506 -0.042355 0.940370
vn -0.337506 -0.042355 0.940370
vn -0.337506 -0.042355 0.940370
vn -0.337506 -0.042355 0.940370
vn -0.337506 -0.042355 0.940370
vn -0.337506 -0.042355 0.940370
vn -0.337506 -0.042355 0.940370
vn -0.337506 -0.042355 0.940370
vn -0.337506 -0.042355 0.940370
vn -0.337506 -0.042355 0.940370
vn -0.337506 -0.042355 0.940370
vn -0.337506 -0.042355 0.940370
vn -0.337506 -0.042355 0.940370
vn -0.337506 -0.042355 0.940370
vn -0.337506 -0.042355 0.940370
vn -0.337506 -0.042355 0.940370
vn -0.337506 -0.042355 0.940370
vn -0.337506 -0.042355 0.940370
vn -0.337506 -0.042355 0.940370
vn -0.337506 -0.042355 0.940370
vn -0.337506 -0.042355 0.940370
vn -0.337506 -0.042355 0.940370
vn -0.337506 -0.042355 0.940370
vn -0.337506 -0.042355 0.940370
vn -0.337506 -0.042355 0.940370
vn -0.337506 -0.042355 0.940370
vn -0.337506 -0.042355 0.940370
vn -0.337506 -0.042355 0.940370
vn -0.337506 -0.042355 0.940370
vn -0.337506 -0.042355 0.940370
vn -0.337506 -0.042355 0.940370
vn -0.337506 -0.042355 0.940370
vn -0.337506 -0.042355 0.940370
vn -0.337506 -0.042355 0.940370
vn -0.337506 -0.042355 0.940370
vn -0.337506 -0.042355 0.940370
vn -0.337506 -0.042355 0.940370
vn -0.337506 -0.042355 0.940370
vn -0.337506 -0.042355 0.940370
vn -0.337506 -0.042355 0.940370
vn -0.337506 -0.042355 0.940370
vn -0.337506 -0.042355 0.940370
vn -0.337506 -0.042355 0.940370
vn -0.337506 -0.042355 0.940370
vn -0.337506 -0.042355 0.940370
vn -0.337506 -0.042355 0.940370
vn -0.337506 -0.042355 0.940370
vn -0.337506 -0.042355 0.940370
vn -0.337506 -0.042355 0.940370
vn -0.337506 -0.042355 0.940370
vn -0.337506 -0.042355 0.940370
vn -0.337506 -0.042355 0.940370
vn -0.337506 -0.042355 0.940370
vn -0.337506 -0.042355 0.940370
vn -0.337506 -0.042355 0.940370
vn -0.337506 -0.042355 0.940370
vn -0.337506 -0.042355 0.940370
vn -0.337506 -0.042355 0.940370
vn -0.337506 -0.042355 0.940370
vn -0.337506 -0.042355 0.940370
vn -0.337506 -0.042355 0.940370
vn -0.337506 -0.042355 0.940370
vn -0.337506 -0.042355 0.940370
vn -0.337506 -0.042355 0.940370
vn -0.337506 -0.042355 0.940370
vn -0.337506 -0.042355 0.940370
vn -0.337506 -0.042355 0.940370
vn -0.337506 -0.042355 0.940370
vn -0.337506 -0.042355 0.940370
vn -0.337506 -0.042355 0.940370
vn -0.337506 -0.042355 0.940370
vn -0.337506 -0.042355 0.940370
vn -0.337506 -0.042355 0.940370
vn -0.337506 -0.042355 0.940370
vn -0.337506 -0.042355 0.940370
vn -0.337506 -0.042355 0.940370
vn -0.337506 -0.042355 0.940370
vn -0.337506 -0.042355 0.940370
vn -0.337506 -0.042355 0.940370
vn -0.337506 -0.042355 0.940370
vn -0.337506 -0.042355 0.940370
vn -0.337506 -0.042355 0.940370
vn -0.337506 -0.042355 0.940370
vn -0.337506 -0.042355 0.940370
vn -0.337506 -0.042355 0.940370
vn -0.337506 -0.042355 0.940370
vn -0.337506 -0.042355 0.940370
vn -0.337506 -0.042355 0.940370
vn -0.337506 -0.042355 0.940370
vn -0.337506 -0.042355 0.940370
vn -0.337506 -0.042355 0.940370
vn -0.337506 -0.042355 0.940370
vn -0.337506 -0.042355 0.940370
vn -0.337506 -0.042355 0.940370
vn -0.337506 -0.042355 0.940370
vn -0.337506 -0.042355 0.940370
vn -0.337506 -0.042355 0.940370
vn -0.337506 -0.042355 0.940370
vn -0.337506 -0.042355 0.940370
vn -0.337506 -0.042355 0.940370
vn -0.337506 -0.042355 0.940370
vn -0.337506 -0.042355 0.940370
vn -0.337506 -0.042355 0.940370
vn -0.337506 -0.042355 0.940370
vn -0.337506 -0.042355 0.940370
vn -0.337506 -0.042355 0.940370
vn -0.337506 -0.042355 0.940370
vn -0.337506 -0.042355 0.940370
vn -0.337506 -0.042355 0.940370
vn -0.337506 -0.042355 0.940370
vn -0.337506 -0.042355 0.940370
vn -0.337506 -0.042355 0.940370
vn -0.337506 -0.042355 0.940370
vn -0.337506 -0.042355 0.940370
vn -0.337506 -0.042355 0.940370
vn -0.337506 -0.042355 0.940370
vn -0.337506 -0.042355 0.940370
vn -0.337506 -0.042355 0.940370
vn -0.337506 -0.042355 0.940370
vn -0.337506 -0.042355 0.940370
vn -0.337506 -0.042355 0.940370
vn -0.337506 -0.042355 0.940370
vn -0.337506 -0.042355 0.940370
vn -0.337506 -0.042355 0.940370
vn -0.337506 -0.042355 0.940370
vn -0.337506 -0.042355 0.940370
vn -0.337506 -0.042355 0.940370
vn -0.337506 -0.042355 0.940370
vn -0.337506 -0.042355 0.940370
vn -0.337506 -0.042355 0.940370
vn -0.337506 -0.042355 0.940370
vn -0.337506 -0.042355 0.940370
vn -0.337506 -0.042355 0.940370
vn -0.337506 -0.042355 0.940370
vn -0.337506 -0.042355 0.940370
vn -0.337506 -0.042355 0.940370
vn -0.337506 -0.042355 0.940370
vn -0.337506 -0.042355 0.940370
vn -0.337506 -0.042355 0.940370
vn -0.337506 -0.042355 0.940370
vn -0.337506 -0.042355 0.940370
vn -0.337506 -0.042355 0.940370
vn -0.337506 -0.042355 0.940370
vn -0.337506 -0.042355 0.940370
vn -0.337506 -0.042355 0.940370
vn -0.337506 -0.042355 0.940370
vn -0.337506 -0.042355 0.940370
vn -0.337506 -0.042355 0.940370
vn -0.337506 -0.042355 0.940370
vn -0.337506 -0.042355 0.940370
vn -0.337506 -0.042355 0.940370
vn -0.337506 -0.042355 0.940370
vn -0.337506 -0.042355 0.940370
vn -0.337506 -0.042355 0.940370
vn -0.337506 -0.042355 0.940370
vn -0.337506 -0.042355 0.940370
vn -0.337506 -0.042355 0.940370
vn -0.337506 -0.042355 0.940370
vn -0.337506 -0.042355 0.940370
vn -0.337506 -0.042355 0.940370
vn -0.337506 -0.042355 0.940370
vn -0.337506 -0.042355 0.940370
vn -0.337506 -0.042355 0.940370
vn -0.337506 -0.042355 0.940370
vn -0.337506 -0.042355 0.940370
vn -0.337506 -0.042355 0.940370
vn -0.337506 -0.042355 0.940370
vn -0.337506 -0.042355 0.940370
vn -0.337506 -0.042355 0.940370
vn -0.337506 -0.042355 0.940370
vn -0.337506 -0.042355 0.940370
vn -0.337506 -0.042355 0.940370
vn -0.337506 -0.042355 0.940370
vn -0.337506 -0.042355 0.940370
vn -0.337506 -0.042355 0.940370
vn -0.337506 -0.042355 0.940370
vn -0.337506 -0.042355 0.940370
vn -0.337506 -0.042355 0.940370
vn -0.337506 -0.042355 0.940370
vn -0.337506 -0.042355 0.940370
vn -0.337506 -0.042355 0.940370
vn -0.337506 -0.042355 0.940370
vn -0.337506 -0.042355 0.940370
vn 0.041708 -0.357197 0.933097
vn 0.041708 -0.357197 0.933097
vn 0.041708 -0.357197 0.933097
vn 0.041708 -0.357197 0.933097
vn 0.041708 -0.357197 0.933097
vn 0.041708 -0.357197 0.933097
vn 0.041708 -0.357197 0.933097
vn 0.041708 -0.357197 0.933097
vn 0.041708 -0.357197 0.933097
vn 0.041708 -0.357197 0.933097
vn 0.041708 -0.357197 0.933097
vn 0.041708 -0.357197 0.933097
vn 0.041708 -0.357197 0.933097
vn 0.041708 -0.357197 0.933097
vn 0.041708 -0.357197 0.933097
vn 0.041708 -0.357197 0.933097
vn 0.041708 -0.357197 0.933097
vn 0.041708 -0.357197 0.933097
vn 0.041708 -0.357197 0.933097
vn 0.041708 -0.357197 0.933097
vn 0.041708 -0.357197 0.933097
vn 0.041708 -0.357197 0.933097
vn 0.041708 -0.357197 0.933097
vn 0.041708 -0.357197 0.933097
vn 0.041708 -0.357197 0.933097
vn 0.041708 -0.357197 0.933097
vn 0.041708 -0.357197 0.933097
vn 0.041708 -0.357197 0.933097
vn 0.041708 -0.357197 0.933097
vn 0.041708 -0.357197 0.933097
vn 0.041708 -0.357197 0.933097
vn 0.041708 -0.357197 0.933097
vn 0.041708 -0.357197 0.933097
vn 0.041708 -0.357197 0.933097
vn 0.041708 -0.357197 0.933097
vn 0.041708 -0.357197 0.933097
vn 0.041708 -0.357197 0.933097
vn 0.041708 -0.357197 0.933097
vn 0.041708 -0.357197 0.933097
vn 0.041708 -0.357197 0.933097
vn 0.041708 -0.357197 0.933097
vn 0.041708 -0.357197 0.933097
vn 0.041708 -0.357197 0.933097
vn 0.041708 -0.357197 0.933097
vn 0.041708 -0.357197 0.933097
vn 0.041708 -0.357197 0.933097
vn 0.041708 -0.357197 0.933097
vn 0.041708 -0.357197 0.933097
vn 0.041708 -0.357197 0.933097
vn 0.041708 -0.357197 0.933097
vn 0.041708 -0.357197 0.933097
vn 0.041708 -0.357197 0.933097
vn 0.041708 -0.357197 0.933097
vn 0.041708 -0.357197 0.933097
vn 0.041708 -0.357197 0.933097
vn 0.041708 -0.357197 0.933097
vn 0.041708 -0.357197 0.933097
vn 0.041708 -0.357197 0.933097
vn 0.041708 -0.357197 0.933097
vn 0.041708 -0.357197 0.933097
vn 0.041708 -0.357197 0.933097
vn 0.041708 -0.357197 0.933097
vn 0.041708 -0.357197 0.933097
vn 0.041708 -0.357197 0.933097
vn 0.041708 -0.357197 0.933097
vn 0.041708 -0.357197 0.933097
vn 0.041708 -0.357197 0.933097
vn 0.041708 -0.357197 0.933097
vn 0.041708 -0.357197 0.933097
vn 0.041708 -0.357197 0.933097
vn 0.041708 -0.357197 0.933097
vn 0.041708 -0.357197 0.933097
vn 0.041708 -0.357197 0.933097
vn 0.041708 -0.357197 0.933097
vn 0.041708 -0.357197 0.933097
vn 0.041708 -0.357197 0.933097
vn 0.041708 -0.357197 0.933097
vn 0.041708 -0.357197 0.933097
vn 0.041708 -0.357197 0.933097
vn 0.041708 -0.357197 0.933097
vn 0.041708 -0.357197 0.933097
vn 0.041708 -0.357197 0.933097
vn 0.041708 -0.357197 0.933097
vn 0.041708 -0.357197 0.933097
vn 0.041708 -0.357197 0.933097
vn 0.041708 -0.357197 0.933097
vn 0.041708 -0.357197 0.933097
vn 0.041708 -0.357197 0.933097
vn 0.041708 -0.357197 0.933097
vn 0.041708 -0.357197 0.933097
vn 0.041708 -0.357197 0.933097
vn 0.041708 -0.357197 0.933097
vn 0.041708 -0.357197 0.933097
vn 0.041708 -0.357197 0.933097
vn 0.041708 -0.357197 0.933097
vn 0.041708 -0.357197 0.933097
vn 0.041708 -0.357197 0.933097
vn 0.041708 -0.357197 0.933097
vn 0.041708 -0.357197 0.933097
vn 0.041708 -0.357197 0.933097
vn 0.041708 -0.357197 0.933097
vn 0.041708 -0.357197 0.933097
vn 0.041708 -0.357197 0.933097
vn 0.041708 -0.357197 0.933097
vn 0.041708 -0.357197 0.933097
vn 0.041708 -0.357197 0.933097
vn 0.041708 -0.357197 0.933097
vn 0.041708 -0.357197 0.933097
vn 0.041708 -0.357197 0.933097
vn 0.041708 -0.357197 0.933097
vn 0.041708 -0.357197 0.933097
vn 0.041708 -0.357197 0.933097
vn 0.041708 -0.357197 0.933097
vn 0.041708 -0.357197 0.933097
vn 0.041708 -0.357197 0.933097
vn 0.041708 -0.357197 0.933097
vn 0.041708 -0.357197 0.933097
vn 0.041708 -0.357197 0.933097
vn 0.041708 -0.357197 0.933097
vn 0.041708 -0.357197 0.933097
vn 0.041708 -0.357197 0.933097
vn 0.041708 -0.357197 0.933097
vn 0.041708 -0.357197 0.933097
vn 0.041708 -0.357197 0.933097
vn 0.041708 -0.357197 0.933097
vn 0.041708 -0.357197 0.933097
vn 0.041708 -0.357197 0.933097
vn 0.041708 -0.357197 0.933097
vn 0.041708 -0.357197 0.933097
vn 0.041708 -0.357197 0.933097
vn 0.041708 -0.357197 0.933097
vn 0.041708 -0.357197 0.933097
vn 0.041708 -0.357197 0.933097
vn 0.041708 -0.357197 0.933097
vn 0.041708 -0.357197 0.933097
vn 0.041708 -0.357197 0.933097
vn 0.041708 -0.357197 0.933097
vn 0.041708 -0.357197 0.933097
vn 0.041708 -0.357197 0.933097
vn 0.041708 -0.357197 0.933097
vn 0.041708 -0.357197 0.933097
vn 0.041708 -0.357197 0.933097
vn 0.041708 -0.357197 0.933097
vn 0.041708 -0.357197 0.933097
vn 0.041708 -0.357197 0.933097
vn 0.041708 -0.357197 0.933097
vn 0.041708 -0.357197 0.933097
vn 0.041708 -0.357197 0.933097
vn 0.041708 -0.357197 0.933097
vn 0.041708 -0.357197 0.933097
vn 0.041708 -0.357197 0.933097
vn 0.041708 -0.357197 0.933097
vn 0.041708 -0.357197 0.933097
vn 0.041708 -0.357197 0.933097
vn 0.041708 -0.357197 0.933097
vn 0.041708 -0.357197 0.933097
vn 0.041708 -0.357197 0.933097
vn 0.041708 -0.357197 0.933097
vn 0.041708 -0.357197 0.933097
vn 0.041708 -0.357197 0.933097
vn 0.041708 -0.357197 0.933097
vn 0.041708 -0.357197 0.933097
vn 0.041708 -0.357197 0.933097
vn 0.041708 -0.357197 0.933097
vn 0.041708 -0.357197 0.933097
vn 0.041708 -0.357197 0.933097
vn 0.041708 -0.357197 0.933097
vn 0.041708 -0.357197 0.933097
vn 0.041708 -0.357197 0.933097
vn 0.041708 -0.357197 0.933097
vn 0.041708 -0.357197 0.933097
vn 0.041708 -0.357197 0.933097
vn 0.041708 -0.357197 0.933097
vn 0.041708 -0.357197 0.933097
vn 0.041708 -0.357197 0.933097
vn 0.041708 -0.357197 0.933097
vn 0.041708 -0.357197 0.933097
vn 0.041708 -0.357197 0.933097
vn 0.041708 -0.357197 0.933097
vn 0.041708 -0.357197 0.933097
vn 0.041708 -0.357197 0.933097
vn 0.041708 -0.357197 0.933097
vn 0.041708 -0.357197 0.933097
vn 0.041708 -0.357197 0.933097
vn 0.041708 -0.357197 0.933097
vn 0.041708 -0.357197 0.933097
vn 0.041708 -0.357197 0.933097
vn 0.041708 -0.357197 0.933097
vn 0.041708 -0.357197 0.933097
vn 0.041708 -0.357197 0.933097
vn 0.041708 -0.357197 0.933097
vn 0.041708 -0.357197 0.933097
vn 0.041708 -0.357197 0.933097
vn 0.041708 -0.357197 0.933097
vn 0.041708 -0.357197 0.933097
vn 0.041708 -0.357197 0.933097
vn 0.041708 -0.357197 0.933097
vn 0.041708 -0.357197 0.933097
vn 0.041708 -0.357197 0.933097
vn 0.041708 -0.357197 0.933097
vn 0.041708 -0.357197 0.933097
vn 0.041708 -0.357197 0.933097
vn 0.041708 -0.357197 0.933097
vn 0.041708 -0.357197 0.933097
vn 0.041708 -0.357197 0.933097
vn 0.041708 -0.357197 0.933097
vn 0.041708 -0.357197 0.933097
vn 0.041708 -0.357197 0.933097
vn 0.041708 -0.357197 0.933097
vn 0.041708 -0.357197 0.933097
vn 0.041708 -0.357197 0.933097
vn 0.041708 -0.357197 0.933097
vn 0.041708 -0.357197 0.933097
vn 0.041708 -0.357197 0.933097
vn 0.041708 -0.357197 0.933097
vn 0.041708 -0.357197 0.933097
vn 0.041708 -0.357197 0.933097
vn 0.041708 -0.357197 0.933097
vn 0.041708 -0.357197 0.933097
vn 0.041708 -0.357197 0.933097
vn 0.041708 -0.357197 0.933097
vn 0.041708 -0.357197 0.933097
vn 0.041708 -0.357197 0.933097
vn 0.041708 -0.357197 0.933097
vn 0.041708 -0.357197 0.933097
vn 0.041708 -0.357197 0.933097
vn 0.041708 -0.357197 0.933097
vn 0.041708 -0.357197 0.933097
vn 0.041708 -0.357197 0.933097
vn 0.041708 -0.357197 0.933097
vn 0.041708 -0.357197 0.933097
vn 0.041708 -0.357197 0.933097
vn 0.041708 -0.357197 0.933097
vn 0.041708 -0.357197 0.933097
vn 0.041708 -0.357197 0.933097
vn 0.041708 -0.357197 0.933097
vn 0.041708 -0.357197 0.933097
vn 0.041708 -0.357197 0.933097
vn 0.041708 -0.357197 0.933097
vn 0.041708 -0.357197 0.933097
vn 0.041708 -0.357197 0.933097
vn 0.041708 -0.357197 0.933097
vn 0.041708 -0.357197 0.933097
vn 0.041708 -0.357197 0.933097
vn 0.041708 -0.357197 0.933097
vn 0.041708 -0.357197 0.933097
vn 0.041708 -0.357197 0.933097
vn 0.041708 -0.357197 0.933097
vn 0.041708 -0.357197 0.933097
vn 0.041708 -0.357197 0.933097
vn 0.041708 -0.357197 0.933097
vn 0.041708 -0.357197 0.933097
vn 0.041708 -0.357197 0.933097
vn 0.041708 -0.357197 0.933097
vn 0.041708 -0.357197 0.933097
vn 0.041708 -0.357197 0.933097
vn 0.041708 -0.357197 0.933097
vn 0.041708 -0.357197 0.933097
vn 0.041708 -0.357197 0.933097
vn 0.041708 -0.357197 0.933097
vn 0.041708 -0.357197 0.933097
vn 0.041708 -0.357197 0.933097
vn 0.041708 -0.357197 0.933097
vn 0.041708 -0.357197 0.933097
vn 0.041708 -0.357197 0.933097
vn 0.041708 -0.357197 0.933097
vn 0.041708 -0.357197 0.933097
vn 0.041708 -0.357197 0.933097
vn 0.041708 -0.357197 0.933097
vn 0.041708 -0.357197 0.933097
vn 0.041708 -0.357197 0.933097
vn 0.041708 -0.357197 0.933097
vn 0.041708 -0.357197 0.933097
vn 0.041708 -0.357197 0.933097
vn 0.041708 -0.357197 0.933097
vn 0.041708 -0.357197 0.933097
vn 0.041708 -0.357197 0.933097
vn 0.041708 -0.357197 0.933097
vn 0.041708 -0.357197 0.933097
vn 0.041708 -0.357197 0.933097
vn 0.041708 -0.357197 0.933097
vn 0.041708 -0.357197 0.933097
vn 0.041708 -0.357197 0.933097
vn 0.041708 -0.357197 0.933097
vn 0.041708 -0.357197 0.933097
vn 0.041708 -0.357197 0.933097
vn 0.041708 -0.357197 0.933097
vn 0.041708 -0.357197 0.933097
vn 0.041708 -0.357197 0.933097
vn 0.041708 -0.357197 0.933097
vn 0.041708 -0.357197 0.933097
vn 0.041708 -0.357197 0.933097
vn 0.041708 -0.357197 0.933097
vn 0.041708 -0.357197 0.933097
vn 0.041708 -0.357197 0.933097
vn 0.041708 -0.357197 0.933097
vn 0.041708 -0.357197 0.933097
vn 0.041708 -0.357197 0.933097
vn 0.041708 -0.357197 0.933097
vn 0.041708 -0.357197 0.933097
vn 0.041708 -0.357197 0.933097
vn 0.041708 -0.357197 0.933097
vn 0.041708 -0.357197 0.933097
vn 0.041708 -0.357197 0.933097
vn 0.041708 -0.357197 0.933097
vn 0.041708 -0.357197 0.933097
vn 0.041708 -0.357197 0.933097
vn 0.041708 -0.357197 0.933097
vn 0.041708 -0.357197 0.933097
vn 0.041708 -0.357197 0.933097
vn 0.041708 -0.357197 0.933097
vn 0.041708 -0.357197 0.933097
vn 0.041708 -0.357197 0.933097
vn 0.041708 -0.357197 0.933097
vn 0.041708 -0.357197 0.933097
vn 0.041708 -0.357197 0.933097
vn 0.041708 -0.357197 0.933097
vn 0.041708 -0.357197 0.933097
vn 0.041708 -0.357197 0.933097
vn 0.041708 -0.357197 0.933097
vn 0.041708 -0.357197 0.933097
vn 0.041708 -0.357197 0.933097
vn 0.041708 -0.357197 0.933097
vn 0.041708 -0.357197 0.933097
vn 0.041708 -0.357197 0.933097
vn 0.041708 -0.357197 0.933097
vn 0.041708 -0.357197 0.933097
vn 0.041708 -0.357197 0.933097
vn 0.041708 -0.357197 0.933097
vn 0.041708 -0.357197 0.933097
vn 0.041708 -0.357197 0.933097
vn 0.041708 -0.357197 0.933097
vn 0.041708 -0.357197 0.933097
vn 0.041708 -0.357197 0.933097
vn 0.041708 -0.357197 0.933097
vn 0.041708 -0.357197 0.933097
vn 0.041708 -0.357197 0.933097
vn 0.041708 -0.357197 0.933097
vn 0.041708 -0.357197 0.933097
vn 0.041708 -0.357197 0.933097
vn 0.041708 -0.357197 0.933097
vn 0.041708 -0.357197 0.933097
vn 0.041708 -0.357197 0.933097
vn 0.041708 -0.357197 0.933097
vn 0.041708 -0.357197 0.933097
vn 0.041708 -0.357197 0.933097
vn 0.041708 -0.357197 0.933097
vn 0.041708 -0.357197 0.933097
vn 0.041708 -0.357197 0.933097
vn 0.041708 -0.357197 0.933097
vn 0.041708 -0.357197 0.933097
vn 0.041708 -0.357197 0.933097
vn 0.041708 -0.357197 0.933097
vn 0.041708 -0.357197 0.933097
vn 0.041708 -0.357197 0.933097
vn 0.041708 -0.357197 0.933097
vn 0.041708 -0.357197 0.933097
vn 0.041708 -0.357197 0.933097
vn 0.041708 -0.357197 0.933097
vn 0.041708 -0.357197 0.933097
vn 0.041708 -0.357197 0.933097
vn 0.041708 -0.357197 0.933097
vn 0.041708 -0.357197 0.933097
vn 0.041708 -0.357197 0.933097
vn 0.041708 -0.357197 0.933097
vn 0.041708 -0.357197 0.933097
vn 0.041708 -0.357197 0.933097
vn 0.041708 -0.357197 0.933097
vn 0.041708 -0.357197 0.933097
vn 0.041708 -0.357197 0.933097
vn 0.041708 -0.357197 0.933097
vn 0.041708 -0.357197 0.933097
vn 0.041708 -0.357197 0.933097
vn 0.041708 -0.357197 0.933097
vn 0.041708 -0.357197 0.933097
vn 0.041708 -0.357197 0.933097
vn 0.041708 -0.357197 0.933097
vn 0.041708 -0.357197 0.933097
vn 0.041708 -0.357197 0.933097
vn 0.041708 -0.357197 0.933097
vn 0.041708 -0.357197 0.933097
vn 0.041708 -0.357197 0.933097
vn 0.041708 -0.357197 0.933097
vn 0.041708 -0.357197 0.933097
vn 0.041708 -0.357197 0.933097
vn 0.041708 -0.357197 0.933097
vn 0.041708 -0.357197 0.933097
vn 0.041708 -0.357197 0.933097
vn 0.041708 -0.357197 0.933097
vn 0.041708 -0.357197 0.933097
vn 0.041708 -0.357197 0.933097
vn 0.041708 -0.357197 0.933097
vn 0.041708 -0.357197 0.933097
vn 0.041708 -0.357197 0.933097
vn 0.041708 -0.357197 0.933097
vn 0.041708 -0.357197 0.933097
vn 0.041708 -0.357197 0.933097
vn 0.041708 -0.357197 0.933097
vn 0.041708 -0.357197 0.933097
vn 0.041708 -0.357197 0.933097
vn 0.041708 -0.357197 0.933097
vn 0.041708 -0.357197 0.933097
vn 0.041708 -0.357197 0.933097
vn 0.041708 -0.357197 0.933097
vn 0.041708 -0.357197 0.933097
vn 0.041708 -0.357197 0.933097
vn 0.041708 -0.357197 0.933097
vn 0.041708 -0.357197 0.933097
vn 0.041708 -0.357197 0.933097
vn 0.041708 -0.357197 0.933097
vn 0.041708 -0.357197 0.933097
vn 0.041708 -0.357197 0.933097
vn 0.041708 -0.357197 0.933097
vn 0.041708 -0.357197 0.933097
vn 0.041708 -0.357197 0.933097
vn 0.041708 -0.357197 0.933097
vn 0.041708 -0.357197 0.933097
vn 0.041708 -0.357197 0.933097
vn 0.041708 -0.357197 0.933097
vn 0.041708 -0.357197 0.933097
vn 0.041708 -0.357197 0.933097
vn 0.041708 -0.357197 0.933097
vn 0.041708 -0.357197 0.933097
vn 0.041708 -0.357197 0.933097
vn 0.041708 -0.357197 0.933097
vn 0.041708 -0.357197 0.933097
vn 0.041708 -0.357197 0.933097
vn 0.041708 -0.357197 0.933097
vn 0.041708 -0.357197 0.933097
vn 0.041708 -0.357197 0.933097
vn 0.041708 -0.357197 0.933097
vn 0.041708 -0.357197 0.933097
vn 0.041708 -0.357197 0.933097
vn 0.041708 -0.357197 0.933097
vn 0.041708 -0.357197 0.933097
vn 0.041708 -0.357197 0.933097
vn 0.041708 -0.357197 0.933097
vn 0.041708 -0.357197 0.933097
vn 0.041708 -0.357197 0.933097
vn 0.041708 -0.357197 0.933097
vn 0.041708 -0.357197 0.933097
vn 0.041708 -0.357197 0.933097
vn 0.041708 -0.357197 0.933097
vn 0.041708 -0.357197 0.933097
vn 0.041708 -0.357197 0.933097
vn 0.041708 -0.357197 0.933097
vn 0.041708 -0.357197 0.933097
vn 0.041708 -0.357197 0.933097
vn 0.041708 -0.357197 0.933097
vn 0.041708 -0.357197 0.933097
vn 0.041708 -0.357197 0.933097
vn 0.041708 -0.357197 0.933097
vn 0.041708 -0.357197 0.933097
vn 0.041708 -0.357197 0.933097
vn 0.041708 -0.357197 0.933097
vn 0.041708 -0.357197 0.933097
vn 0.041708 -0.357197 0.933097
vn 0.041708 -0.357197 0.933097
vn 0.041708 -0.357197 0.933097
vn 0.041708 -0.357197 0.933097
vn 0.041708 -0.357197 0.933097
vn 0.041708 -0.357197 0.933097
vn 0.041708 -0.357197 0.933097
vn 0.041708 -0.357197 0.933097
vn 0.041708 -0.357197 0.933097
vn 0.041708 -0.357197 0.933097
vn 0.041708 -0.357197 0.933097
vn 0.041708 -0.357197 0.933097
vn 0.041708 -0.357197 0.933097
vn 0.041708 -0.357197 0.933097
vn 0.041708 -0.357197 0.933097
vn 0.041708 -0.357197 0.933097
vn 0.041708 -0.357197 0.933097
vn 0.041708 -0.357197 0.933097
vn 0.041708 -0.357197 0.933097
vn 0.041708 -0.357197 0.933097
vn 0.041708 -0.357197 0.933097
vn 0.041708 -0.357197 0.933097
vn 0.041708 -0.357197 0.933097
vn 0.041708 -0.357197 0.933097
vn 0.041708 -0.357197 0.933097
vn 0.041708 -0.357197 0.933097
vn 0.041708 -0.357197 0.933097
vn 0.041708 -0.357197 0.933097
vn 0.041708 -0.357197 0.933097
vn 0.041708 -0.357197 0.933097
vn 0.041708 -0.357197 0.933097
vn 0.041708 -0.357197 0.933097
vn 0.041708 -0.357197 0.933097
vn 0.041708 -0.357197 0.933097
vn 0.041708 -0.357197 0.933097
vn 0.041708 -0.357197 0.933097
vn 0.041708 -0.357197 0.933097
vn 0.041708 -0.357197 0.933097
vn 0.041708 -0.357197 0.933097
vn 0.041708 -0.357197 0.933097
vn 0.041708 -0.357197 0.933097
vn 0.041708 -0.357197 0.933097
vn 0.041708 -0.357197 0.933097
vn 0.041708 -0.357197 0.933097
vn 0.041708 -0.357197 0.933097
vn 0.041708 -0.357197 0.933097
vn 0.041708 -0.357197 0.933097
vn 0.041708 -0.357197 0.933097
vn 0.041708 -0.357197 0.933097
vn 0.041708 -0.357197 0.933097
vn 0.041708 -0.357197 0.933097
vn 0.041708 -0.357197 0.933097
vn 0.041708 -0.357197 0.933097
vn 0.041708 -0.357197 0.933097
vn 0.041708 -0.357197 0.933097
vn 0.041708 -0.357197 0.933097
vn 0.041708 -0.357197 0.933097
vn 0.041708 -0.357197 0.933097
vn 0.041708 -0.357197 0.933097
vn 0.041708 -0.357197 0.933097
vn 0.041708 -0.357197 0.933097
vn 0.041708 -0.357197 0.933097
vn 0.041708 -0.357197 0.933097
vn 0.041708 -0.357197 0.933097
vn 0.041708 -0.357197 0.933097
vn 0.041708 -0.357197 0.933097
vn 0.041708 -0.357197 0.933097
vn 0.041708 -0.357197 0.933097
vn 0.041708 -0.357197 0.933097
vn 0.041708 -0.357197 0.933097
vn 0.041708 -0.357197 0.933097
vn 0.041708 -0.357197 0.933097
vn 0.041708 -0.357197 0.933097
vn 0.041708 -0.357197 0.933097
vn 0.041708 -0.357197 0.933097
vn 0.041708 -0.357197 0.933097
vn 0.041708 -0.357197 0.933097
vn 0.041708 -0.357197 0.933097
vn 0.041708 -0.357197 0.933097
vn 0.041708 -0.357197 0.933097
vn 0.041708 -0.357197 0.933097
vn 0.041708 -0.357197 0.933097
vn 0.041708 -0.357197 0.933097
vn 0.041708 -0.357197 0.933097
vn 0.041708 -0.357197 0.933097
vn 0.041708 -0.357197 0.933097
vn 0.041708 -0.357197 0.933097
vn 0.041708 -0.357197 0.933097
vn 0.041708 -0.357197 0.933097
vn 0.041708 -0.357197 0.933097
vn 0.041708 -0.357197 0.933097
vn 0.041708 -0.357197 0.933097
vn 0.041708 -0.357197 0.933097
vn 0.041708 -0.357197 0.933097
vn 0.041708 -0.357197 0.933097
vn 0.041708 -0.357197 0.933097
vn 0.041708 -0.357197 0.933097
vn 0.041708 -0.357197 0.933097
vn 0.041708 -0.357197 0.933097
vn 0.041708 -0.357197 0.933097
vn 0.041708 -0.357197 0.933097
vn 0.041708 -0.357197 0.933097
vn 0.041708 -0.357197 0.933097
vn 0.041708 -0.357197 0.933097
vn 0.041708 -0.357197 0.933097
vn 0.041708 -0.357197 0.933097
vn 0.041708 -0.357197 0.933097
vn 0.041708 -0.357197 0.933097
vn 0.041708 -0.357197 0.933097
vn 0.041708 -0.357197 0.933097
vn 0.041708 -0.357197 0.933097
vn 0.041708 -0.357197 0.933097
vn 0.041708 -0.357197 0.933097
vn 0.041708 -0.357197 0.933097
vn 0.041708 -0.357197 0.933097
vn 0.041708 -0.357197 0.933097
vn 0.041708 -0.357197 0.933097
vn 0.041708 -0.357197 0.933097
vn 0.041708 -0.357197 0.933097
vn 0.041708 -0.357197 0.933097
vn 0.041708 -0.357197 0.933097
vn 0.041708 -0.357197 0.933097
vn 0.041708 -0.357197 0.933097
vn 0.041708 -0.357197 0.933097
vn 0.041708 -0.357197 0.933097
vn 0.041708 -0.357197 0.933097
vn 0.041708 -0.357197 0.933097
vn 0.041708 -0.357197 0.933097
vn 0.041708 -0.357197 0.933097
vn 0.041708 -0.357197 0.933097
vn 0.041708 -0.357197 0.933097
vn 0.041708 -0.357197 0.933097
vn 0.041708 -0.357197 0.933097
vn 0.041708 -0.357197 0.933097
vn 0.041708 -0.357197 0.933097
vn 0.041708 -0.357197 0.933097
vn 0.041708 -0.357197 0.933097
vn 0.041708 -0.357197 0.933097
vn 0.041708 -0.357197 0.933097
vn 0.041708 -0.357197 0.933097
vn 0.041708 -0.357197 0.933097
vn 0.041708 -0.357197 0.933097
vn 0.041708 -0.357197 0.933097
vn 0.041708 -0.357197 0.933097
vn 0.041708 -0.357197 0.933097
vn 0.041708 -0.357197 0.933097
vn 0.041708 -0.357197 0.933097
vn 0.041708 -0.357197 0.933097
vn 0.041708 -0.357197 0.933097
vn 0.041708 -0.357197 0.933097
vn 0.041708 -0.357197 0.933097
vn 0.041708 -0.357197 0.933097
vn 0.041708 -0.357197 0.933097
vn 0.041708 -0.357197 0.933097
vn 0.041708 -0.357197 0.933097
vn 0.041708 -0.357197 0.933097
vn 0.041708 -0.357197 0.933097
vn 0.041708 -0.357197 0.933097
vn 0.041708 -0.357197 0.933097
vn 0.041708 -0.357197 0.933097
vn 0.041708 -0.357197 0.933097
vn 0.041708 -0.357197 0.933097
vn 0.041708 -0.357197 0.933097
vn 0.041708 -0.357197 0.933097
vn 0.041708 -0.357197 0.933097
vn 0.041708 -0.357197 0.933097
vn 0.041708 -0.357197 0.933097
vn 0.041708 -0.357197 0.933097
vn 0.041708 -0.357197 0.933097
vn 0.041708 -0.357197 0.933097
vn 0.041708 -0.357197 0.933097
vn 0.041708 -0.357197 0.933097
vn 0.041708 -0.357197 0.933097
vn 0.041708 -0.357197 0.933097
vn 0.041708 -0.357197 0.933097
vn 0.041708 -0.357197 0.933097
vn 0.041708 -0.357197 0.933097
vn 0.041708 -0.357197 0.933097
vn 0.041708 -0.357197 0.933097
vn 0.041708 -0.357197 0.933097
vn 0.041708 -0.357197 0.933097
vn 0.041708 -0.357197 0.933097
vn 0.041708 -0.357197 0.933097
vn 0.041708 -0.357197 0.933097
vn 0.041708 -0.357197 0.933097
vn 0.041708 -0.357197 0.933097
vn 0.041708 -0.357197 0.933097
vn 0.041708 -0.357197 0.933097
vn 0.041708 -0.357197 0.933097
vn 0.041708 -0.357197 0.933097
vn 0.041708 -0.357197 0.933097
vn 0.041708 -0.357197 0.933097
vn 0.041708 -0.357197 0.933097
vn 0.041708 -0.357197 0.933097
vn 0.041708 -0.357197 0.933097
vn 0.041708 -0.357197 0.933097
vn 0.041708 -0.357197 0.933097
vn 0.041708 -0.357197 0.933097
vn 0.041708 -0.357197 0.933097
vn 0.041708 -0.357197 0.933097
vn 0.041708 -0.357197 0.933097
vn 0.041708 -0.357197 0.933097
vn 0.041708 -0.357197 0.933097
vn 0.041708 -0.357197 0.933097
vn 0.041708 -0.357197 0.933097
vn 0.041708 -0.357197 0.933097
vn 0.041708 -0.357197 0.933097
vn 0.041708 -0.357197 0.933097
vn 0.041708 -0.357197 0.933097
vn 0.041708 -0.357197 0.933097
vn 0.041708 -0.357197 0.933097
vn 0.041708 -0.357197 0.933097
vn 0.041708 -0.357197 0.933097
vn 0.041708 -0.357197 0.933097
vn 0.041708 -0.357197 0.933097
vn 0.041708 -0.357197 0.933097
vn 0.041708 -0.357197 0.933097
vn 0.041708 -0.357197 0.933097
vn 0.041708 -0.357197 0.933097
vn 0.041708 -0.357197 0.933097
vn 0.041708 -0.357197 0.933097
vn 0.041708 -0.357197 0.933097
vn 0.041708 -0.357197 0.933097
vn 0.041708 -0.357197 0.933097
vn 0.041708 -0.357197 0.933097
vn 0.041708 -0.357197 0.933097
vn 0.041708 -0.357197 0.933097
vn 0.041708 -0.357197 0.933097
vn 0.041708 -0.357197 0.933097
vn 0.041708 -0.357197 0.933097
vn 0.041708 -0.357197 0.933097
vn 0.041708 -0.357197 0.933097
vn 0.041708 -0.357197 0.933097
vn 0.041708 -0.357197 0.933097
vn 0.041708 -0.357197 0.933097
vn 0.041708 -0.357197 0.933097
vn 0.041708 -0.357197 0.933097
vn 0.041708 -0.357197 0.933097
vn 0.041708 -0.357197 0.933097
vn 0.041708 -0.357197 0.933097
vn 0.041708 -0.357197 0.933097
vn 0.041708 -0.357197 0.933097
vn 0.041708 -0.357197 0.933097
vn 0.041708 -0.357197 0.933097
vn 0.041708 -0.357197 0.933097
vn 0.041708 -0.357197 0.933097
vn 0.041708 -0.357197 0.933097
vn 0.041708 -0.357197 0.933097
vn 0.041708 -0.357197 0.933097
vn 0.041708 -0.357197 0.933097
vn 0.041708 -0.357197 0.933097
vn 0.041708 -0.357197 0.933097
vn 0.041708 -0.357197 0.933097
vn 0.041708 -0.357197 0.933097
vn 0.041708 -0.357197 0.933097
vn 0.041708 -0.357197 0.933097
vn 0.041708 -0.357197 0.933097
vn 0.041708 -0.357197 0.933097
vn 0.041708 -0.357197 0.933097
vn 0.041708 -0.357197 0.933097
vn 0.041708 -0.357197 0.933097
vn 0.041708 -0.357197 0.933097
vn 0.041708 -0.357197 0.933097
vn 0.041708 -0.357197 0.933097
vn 0.041708 -0.357197 0.933097
vn 0.041708 -0.357197 0.933097
vn 0.041708 -0.357197 0.933097
vn 0.041708 -0.357197 0.933097
vn 0.041708 -0.357197 0.933097
vn 0.041708 -0.357197 0.933097
vn 0.041708 -0.357197 0.933097
vn 0.041708 -0.357197 0.933097
vn 0.041708 -0.357197 0.933097
vn 0.041708 -0.357197 0.933097
vn 0.041708 -0.357197 0.933097
vn 0.041708 -0.357197 0.933097
vn 0.041708 -0.357197 0.933097
vn 0.041708 -0.357197 0.933097
vn 0.041708 -0.357197 0.933097
vn 0.041708 -0.357197 0.933097
vn 0.041708 -0.357197 0.933097
vn 0.041708 -0.357197 0.933097
vn 0.041708 -0.357197 0.933097
vn 0.041708 -0.357197 0.933097
vn 0.041708 -0.357197 0.933097
vn 0.041708 -0.357197 0.933097
vn 0.041708 -0.357197 0.933097
vn 0.041708 -0.357197 0.933097
vn 0.041708 -0.357197 0.933097
vn 0.041708 -0.357197 0.933097
vn 0.041708 -0.357197 0.933097
vn 0.041708 -0.357197 0.933097
vn 0.041708 -0.357197 0.933097
vn 0.041708 -0.357197 0.933097
vn 0.041708 -0.357197 0.933097
vn 0.041708 -0.357197 0.933097
vn 0.041708 -0.357197 0.933097
vn 0.041708 -0.357197 0.933097
vn 0.041708 -0.357197 0.933097
vn 0.041708 -0.357197 0.933097
vn 0.041708 -0.357197 0.933097
vn 0.041708 -0.357197 0.933097
vn 0.041708 -0.357197 0.933097
vn 0.041708 -0.357197 0.933097
vn 0.041708 -0.357197 0.933097
vn 0.041708 -0.357197 0.933097
vn 0.041708 -0.357197 0.933097
vn 0.041708 -0.357197 0.933097
vn 0.041708 -0.357197 0.933097
vn 0.041708 -0.357197 0.933097
vn 0.041708 -0.357197 0.933097
vn 0.041708 -0.357197 0.933097
vn 0.041708 -0.357197 0.933097
vn 0.041708 -0.357197 0.933097
vn 0.041708 -0.357197 0.933097
vn 0.041708 -0.357197 0.933097
vn 0.041708 -0.357197 0.933097
vn 0.041708 -0.357197 0.933097
vn 0.041708 -0.357197 0.933097
vn 0.041708 -0.357197 0.933097
vn 0.041708 -0.357197 0.933097
vn 0.041708 -0.357197 0.933097
vn 0.041708 -0.357197 0.933097
vn 0.041708 -0.357197 0.933097
vn 0.041708 -0.357197 0.933097
vn 0.041708 -0.357197 0.933097
vn 0.041708 -0.357197 0.933097
vn 0.041708 -0.357197 0.933097
vn 0.041708 -0.357197 0.933097
vn 0.041708 -0.357197 0.933097
vn 0.041708 -0.357197 0.933097
vn 0.041708 -0.357197 0.933097
vn 0.041708 -0.357197 0.933097
vn 0.041708 -0.357197 0.933097
vn 0.041708 -0.357197 0.933097
vn 0.041708 -0.357197 0.933097
vn 0.041708 -0.357197 0.933097
vn 0.041708 -0.357197 0.933097
vn 0.041708 -0.357197 0.933097
vn 0.041708 -0.357197 0.933097
vn 0.041708 -0.357197 0.933097
vn 0.041708 -0.357197 0.933097
vn 0.041708 -0.357197 0.933097
vn 0.041708 -0.357197 0.933097
vn 0.041708 -0.357197 0.933097
vn 0.041708 -0.357197 0.933097
vn 0.041708 -0.357197 0.933097
vn 0.041708 -0.357197 0.933097
vn 0.041708 -0.357197 0.933097
vn 0.041708 -0.357197 0.933097
vn 0.041708 -0.357197 0.933097
vn 0.041708 -0.357197 0.933097
vn 0.041708 -0.357197 0.933097
vn 0.041708 -0.357197 0.933097
vn 0.041708 -0.357197 0.933097
vn 0.041708 -0.357197 0.933097
vn 0.041708 -0.357197 0.933097
vn 0.041708 -0.357197 0.933097
vn 0.041708 -0.357197 0.933097
vn 0.041708 -0.357197 0.933097
vn 0.041708 -0.357197 0.933097
vn 0.041708 -0.357197 0.933097
vn 0.041708 -0.357197 0.933097
vn 0.041708 -0.357197 0.933097
vn 0.041708 -0.357197 0.933097
vn 0.041708 -0.357197 0.933097
vn 0.041708 -0.357197 0.933097
vn 0.041708 -0.357197 0.933097
vn 0.041708 -0.357197 0.933097
vn 0.041708 -0.357197 0.933097
vn 0.041708 -0.357197 0.933097
vn 0.041708 -0.357197 0.933097
vn 0.041708 -0.357197 0.933097
vn 0.041708 -0.357197 0.933097
vn 0.041708 -0.357197 0.933097
vn 0.041708 -0.357197 0.933097
vn 0.041708 -0.357197 0.933097
vn 0.041708 -0.357197 0.933097
vn 0.041708 -0.357197 0.933097
vn 0.041708 -0.357197 0.933097
vn 0.041708 -0.357197 0.933097
vn 0.041708 -0.357197 0.933097
vn 0.041708 -0.357197 0.933097
vn 0.041708 -0.357197 0.933097
vn 0.041708 -0.357197 0.933097
vn 0.041708 -0.357197 0.933097
vn 0.041708 -0.357197 0.933097
vn 0.041708 -0.357197 0.933097
vn 0.041708 -0.357197 0.933097
vn 0.041708 -0.357197 0.933097
vn 0.041708 -0.357197 0.933097
vn 0.041708 -0.357197 0.933097
vn 0.041708 -0.357197 0.933097
vn 0.041708 -0.357197 0.933097
vn 0.041708 -0.357197 0.933097
vn 0.041708 -0.357197 0.933097
vn 0.041708 -0.357197 0.933097
vn 0.041708 -0.357197 0.933097
vn 0.041708 -0.357197 0.933097
vn 0.041708 -0.357197 0.933097
vn 0.041708 -0.357197 0.933097
vn 0.041708 -0.357197 0.933097
vn 0.041708 -0.357197 0.933097
vn 0.041708 -0.357197 0.933097
vn 0.041708 -0.357197 0.933097
vn 0.041708 -0.357197 0.933097
vn 0.041708 -0.357197 0.933097
vn 0.041708 -0.357197 0.933097
vn 0.041708 -0.357197 0.933097
vn 0.041708 -0.357197 0.933097
vn 0.041708 -0.357197 0.933097
vn 0.041708 -0.357197 0.933097
vn 0.041708 -0.357197 0.933097
vn 0.041708 -0.357197 0.933097
vn 0.041708 -0.357197 0.933097
vn 0.041708 -0.357197 0.933097
vn 0.041708 -0.357197 0.933097
vn 0.041708 -0.357197 0.933097
vn 0.041708 -0.357197 0.933097
vn 0.041708 -0.357197 0.933097
vn 0.041708 -0.357197 0.933097
vn 0.041708 -0.357197 0.933097
vn 0.041708 -0.357197 0.933097
vn 0.041708 -0.357197 0.933097
vn 0.041708 -0.357197 0.933097
vn 0.041708 -0.357197 0.933097
vn 0.041708 -0.357197 0.933097
vn 0.041708 -0.357197 0.933097
vn 0.041708 -0.357197 0.933097
vn 0.041708 -0.357197 0.933097
vn 0.041708 -0.357197 0.933097
vn 0.041708 -0.357197 0.933097
vn 0.041708 -0.357197 0.933097
vn 0.041708 -0.357197 0.933097
vn 0.041708 -0.357197 0.933097
vn 0.041708 -0.357197 0.933097
vn 0.041708 -0.357197 0.933097
vn 0.041708 -0.357197 0.933097
vn 0.041708 -0.357197 0.933097
vn 0.041708 -0.357197 0.933097
vn 0.041708 -0.357197 0.933097
vn 0.041708 -0.357197 0.933097
vn 0.041708 -0.357197 0.933097
vn 0.041708 -0.357197 0.933097
vn 0.041708 -0.357197 0.933097
vn 0.041708 -0.357197 0.933097
vn 0.041708 -0.357197 0.933097
vn 0.041708 -0.357197 0.933097
vn 0.041708 -0.357197 0.933097
vn 0.041708 -0.357197 0.933097
vn 0.041708 -0.357197 0.933097
vn 0.041708 -0.357197 0.933097
vn 0.041708 -0.357197 0.933097
vn 0.041708 -0.357197 0.933097
vn 0.041708 -0.357197 0.933097
vn 0.041708 -0.357197 0.933097
vn 0.041708 -0.357197 0.933097
vn 0.041708 -0.357197 0.933097
vn 0.041708 -0.357197 0.933097
vn 0.041708 -0.357197 0.933097
vn 0.041708 -0.357197 0.933097
vn 0.041708 -0.357197 0.933097
vn 0.041708 -0.357197 0.933097
vn 0.041708 -0.357197 0.933097
vn 0.041708 -0.357197 0.933097
vn 0.041708 -0.357197 0.933097
vn 0.041708 -0.357197 0.933097
vn 0.041708 -0.357197 0.933097
vn 0.041708 -0.357197 0.933097
vn 0.041708 -0.357197 0.933097
vn 0.041708 -0.357197 0.933097
vn 0.041708 -0.357197 0.933097
vn 0.041708 -0.357197 0.933097
vn 0.041708 -0.357197 0.933097
vn 0.041708 -0.357197 0.933097
vn 0.041708 -0.357197 0.933097
vn 0.041708 -0.357197 0.933097
vn 0.041708 -0.357197 0.933097
vn 0.041708 -0.357197 0.933097
vn 0.041708 -0.357197 0.933097
vn 0.041708 -0.357197 0.933097
vn 0.041708 -0.357197 0.933097
vn 0.041708 -0.357197 0.933097
vn 0.041708 -0.357197 0.933097
vn 0.041708 -0.357197 0.933097
vn 0.041708 -0.357197 0.933097
vn 0.041708 -0.357197 0.933097
vn 0.041708 -0.357197 0.933097
vn 0.041708 -0.357197 0.933097
vn 0.041708 -0.357197 0.933097
vn 0.041708 -0.357197 0.933097
vn 0.041708 -0.357197 0.933097
vn 0.041708 -0.357197 0.933097
vn 0.041708 -0.357197 0.933097
vn 0.041708 -0.357197 0.933097
vn 0.041708 -0.357197 0.933097
vn 0.041708 -0.357197 0.933097
vn 0.041708 -0.357197 0.933097
vn 0.041708 -0.357197 0.933097
vn 0.041708 -0.357197 0.933097
vn 0.041708 -0.357197 0.933097
vn 0.041708 -0.357197 0.933097
vn 0.041708 -0.357197 0.933097
vn 0.041708 -0.357197 0.933097
vn 0.041708 -0.357197 0.933097
vn 0.041708 -0.357197 0.933097
vn 0.041708 -0.357197 0.933097
vn 0.041708 -0.357197 0.933097
vn 0.041708 -0.357197 0.933097
vn 0.041708 -0.357197 0.933097
vn 0.041708 -0.357197 0.933097
vn 0.041708 -0.357197 0.933097
vn 0.041708 -0.357197 0.933097
vn 0.041708 -0.357197 0.933097
vn 0.041708 -0.357197 0.933097
vn 0.041708 -0.357197 0.933097
vn 0.041708 -0.357197 0.933097
vn 0.041708 -0.357197 0.933097
vn 0.041708 -0.357197 0.933097
vn 0.041708 -0.357197 0.933097
vn 0.041708 -0.357197 0.933097
vn 0.041708 -0.357197 0.933097
vn 0.041708 -0.357197 0.933097
vn 0.041708 -0.357197 0.933097
vn 0.041708 -0.357197 0.933097
vn 0.041708 -0.357197 0.933097
vn 0.041708 -0.357197 0.933097
vn 0.041708 -0.357197 0.933097
vn 0.041708 -0.357197 0.933097
vn 0.041708 -0.357197 0.933097
vn 0.041708 -0.357197 0.933097
vn 0.041708 -0.357197 0.933097
vn 0.041708 -0.357197 0.933097
vn 0.041708 -0.357197 0.933097
vn 0.041708 -0.357197 0.933097
vn 0.041708 -0.357197 0.933097
vn 0.041708 -0.357197 0.933097
vn 0.041708 -0.357197 0.933097
vn 0.041708 -0.357197 0.933097
vn 0.041708 -0.357197 0.933097
vn 0.041708 -0.357197 0.933097
vn 0.041708 -0.357197 0.933097
vn 0.041708 -0.357197 0.933097
vn 0.041708 -0.357197 0.933097
vn 0.041708 -0.357197 0.933097
vn 0.041708 -0.357197 0.933097
vn 0.041708 -0.357197 0.933097
vn 0.041708 -0.357197 0.933097
vn 0.041708 -0.357197 0.933097
vn 0.041708 -0.357197 0.933097
vn 0.041708 -0.357197 0.933097
vn 0.041708 -0.357197 0.933097
vn 0.041708 -0.357197 0.933097
vn 0.041708 -0.357197 0.933097
vn 0.041708 -0.357197 0.933097
vn 0.041708 -0.357197 0.933097
vn 0.041708 -0.357197 0.933097
vn 0.041708 -0.357197 0.933097
vn 0.041708 -0.357197 0.933097
vn 0.041708 -0.357197 0.933097
vn 0.041708 -0.357197 0.933097
vn 0.041708 -0.357197 0.933097
vn 0.041708 -0.357197 0.933097
vn 0.041708 -0.357197 0.933097
vn 0.041708 -0.357197 0.933097
vn 0.041708 -0.357197 0.933097
vn 0.041708 -0.357197 0.933097
vn 0.041708 -0.357197 0.933097
vn 0.041708 -0.357197 0.933097
vn 0.041708 -0.357197 0.933097
vn 0.041708 -0.357197 0.933097
vn 0.041708 -0.357197 0.933097
vn 0.041708 -0.357197 0.933097
vn 0.041708 -0.357197 0.933097
vn 0.041708 -0.357197 0.933097
vn 0.041708 -0.357197 0.933097
vn 0.041708 -0.357197 0.933097
vn 0.041708 -0.357197 0.933097
vn 0.041708 -0.357197 0.933097
vn 0.041708 -0.357197 0.933097
vn 0.041708 -0.357197 0.933097
vn 0.041708 -0.357197 0.933097
vn 0.041708 -0.357197 0.933097
vn 0.041708 -0.357197 0.933097
vn 0.041708 -0.357197 0.933097
vn 0.041708 -0.357197 0.933097
vn 0.041708 -0.357197 0.933097
vn 0.041708 -0.357197 0.933097
vn 0.041708 -0.357197 0.933097
vn 0.041708 -0.357197 0.933097
vn 0.041708 -0.357197 0.933097
vn 0.041708 -0.357197 0.933097
vn 0.041708 -0.357197 0.933097
vn 0.041708 -0.357197 0.933097
vn 0.041708 -0.357197 0.933097
vn 0.041708 -0.357197 0.933097
vn 0.041708 -0.357197 0.933097
vn 0.041708 -0.357197 0.933097
vn 0.041708 -0.357197 0.933097
vn 0.041708 -0.357197 0.933097
vn 0.041708 -0.357197 0.933097
vn 0.041708 -0.357197 0.933097
vn 0.041708 -0.357197 0.933097
vn 0.041708 -0.357197 0.933097
vn 0.041708 -0.357197 0.933097
vn 0.041708 -0.357197 0.933097
vn 0.041708 -0.357197 0.933097
vn 0.041708 -0.357197 0.933097
vn 0.041708 -0.357197 0.933097
vn 0.041708 -0.357197 0.933097
vn 0.041708 -0.357197 0.933097
vn 0.041708 -0.357197 0.933097
vn 0.041708 -0.357197 0.933097
vn 0.041708 -0.357197 0.933097
vn 0.041708 -0.357197 0.933097
vn 0.041708 -0.357197 0.933097
vn 0.041708 -0.357197 0.933097
vn 0.041708 -0.357197 0.933097
vn 0.041708 -0.357197 0.933097
vn 0.041708 -0.357197 0.933097
vn 0.041708 -0.357197 0.933097
vn 0.041708 -0.357197 0.933097
vn 0.041708 -0.357197 0.933097
vn 0.041708 -0.357197 0.933097
vn 0.041708 -0.357197 0.933097
vn 0.041708 -0.357197 0.933097
vn 0.041708 -0.357197 0.933097
vn 0.041708 -0.357197 0.933097
vn 0.041708 -0.357197 0.933097
vn 0.041708 -0.357197 0.933097
vn 0.041708 -0.357197 0.933097
vn 0.041708 -0.357197 0.933097
vn 0.041708 -0.357197 0.933097
vn 0.041708 -0.357197 0.933097
vn 0.041708 -0.357197 0.933097
vn 0.041708 -0.357197 0.933097
vn 0.041708 -0.357197 0.933097
vn 0.041708 -0.357197 0.933097
vn 0.041708 -0.357197 0.933097
vn 0.041708 -0.357197 0.933097
vn 0.041708 -0.357197 0.933097
vn 0.041708 -0.357197 0.933097
vn 0.041708 -0.357197 0.933097
vn 0.041708 -0.357197 0.933097
vn 0.041708 -0.357197 0.933097
vn 0.041708 -0.357197 0.933097
vn 0.041708 -0.357197 0.933097
vn 0.041708 -0.357197 0.933097
vn 0.041708 -0.357197 0.933097
vn 0.041708 -0.357197 0.933097
vn 0.041708 -0.357197 0.933097
vn 0.041708 -0.357197 0.933097
vn 0.041708 -0.357197 0.933097
vn 0.041708 -0.357197 0.933097
vn 0.041708 -0.357197 0.933097
vn 0.041708 -0.357197 0.933097
vn 0.041708 -0.357197 0.933097
vn 0.041708 -0.357197 0.933097
vn 0.041708 -0.357197 0.933097
vn 0.041708 -0.357197 0.933097
vn 0.041708 -0.357197 0.933097
vn 0.041708 -0.357197 0.933097
vn 0.041708 -0.357197 0.933097
vn 0.041708 -0.357197 0.933097
vn 0.041708 -0.357197 0.933097
vn 0.041708 -0.357197 0.933097
vn 0.041708 -0.357197 0.933097
vn 0.041708 -0.357197 0.933097
vn 0.041708 -0.357197 0.933097
vn 0.041708 -0.357197 0.933097
vn 0.041708 -0.357197 0.933097
vn 0.041708 -0.357197 0.933097
vn 0.041708 -0.357197 0.933097
vn 0.041708 -0.357197 0.933097
vn 0.041708 -0.357197 0.933097
vn 0.041708 -0.357197 0.933097
vn 0.041708 -0.357197 0.933097
vn 0.041708 -0.357197 0.933097
vn 0.041708 -0.357197 0.933097
vn 0.041708 -0.357197 0.933097
vn 0.041708 -0.357197 0.933097
vn 0.041708 -0.357197 0.933097
vn 0.041708 -0.357197 0.933097
vn 0.041708 -0.357197 0.933097
vn 0.041708 -0.357197 0.933097
vn 0.041708 -0.357197 0.933097
vn 0.041708 -0.357197 0.933097
vn 0.041708 -0.357197 0.933097
vn 0.041708 -0.357197 0.933097
vn 0.041708 -0.357197 0.933097
vn 0.041708 -0.357197 0.933097
vn 0.041708 -0.357197 0.933097
vn 0.041708 -0.357197 0.933097
vn 0.041708 -0.357197 0.933097
vn 0.041708 -0.357197 0.933097
vn 0.041708 -0.357197 0.933097
vn 0.041708 -0.357197 0.933097
vn 0.041708 -0.357197 0.933097
vn 0.041708 -0.357197 0.933097
vn 0.041708 -0.357197 0.933097
vn 0.041708 -0.357197 0.933097
vn 0.041708 -0.357197 0.933097
vn 0.041708 -0.357197 0.933097
vn 0.041708 -0.357197 0.933097
vn 0.041708 -0.357197 0.933097
vn 0.041708 -0.357197 0.933097
vn 0.041708 -0.357197 0.933097
vn 0.041708 -0.357197 0.933097
vn 0.041708 -0.357197 0.933097
vn 0.041708 -0.357197 0.933097
vn 0.041708 -0.357197 0.933097
vn 0.041708 -0.357197 0.933097
vn 0.041708 -0.357197 0.933097
vn 0.041708 -0.357197 0.933097
vn 0.041708 -0.357197 0.933097
vn 0.041708 -0.357197 0.933097
vn 0.041708 -0.357197 0.933097
vn 0.041708 -0.357197 0.933097
vn 0.041708 -0.357197 0.933097
vn 0.041708 -0.357197 0.933097
vn 0.041708 -0.357197 0.933097
vn 0.041708 -0.357197 0.933097
vn 0.041708 -0.357197 0.933097
vn 0.041708 -0.357197 0.933097
vn 0.041708 -0.357197 0.933097
vn 0.041708 -0.357197 0.933097
vn 0.041708 -0.357197 0.933097
vn 0.041708 -0.357197 0.933097
vn 0.041708 -0.357197 0.933097
vn 0.041708 -0.357197 0.933097
vn 0.041708 -0.357197 0.933097
vn 0.041708 -0.357197 0.933097
vn 0.041708 -0.357197 0.933097
vn 0.041708 -0.357197 0.933097
vn 0.041708 -0.357197 0.933097
vn 0.041708 -0.357197 0.933097
vn 0.041708 -0.357197 0.933097
vn 0.041708 -0.357197 0.933097
vn 0.041708 -0.357197 0.933097
vn 0.041708 -0.357197 0.933097
vn 0.041708 -0.357197 0.933097
vn 0.041708 -0.357197 0.933097
vn 0.041708 -0.357197 0.933097
vn 0.041708 -0.357197 0.933097
vn 0.041708 -0.357197 0.933097
vn 0.041708 -0.357197 0.933097
vn 0.041708 -0.357197 0.933097
vn 0.041708 -0.357197 0.933097
vn 0.041708 -0.357197 0.933097
vn 0.041708 -0.357197 0.933097
vn 0.041708 -0.357197 0.933097
vn 0.041708 -0.357197 0.933097
vn 0.041708 -0.357197 0.933097
vn 0.041708 -0.357197 0.933097
vn 0.041708 -0.357197 0.933097
vn 0.041708 -0.357197 0.933097
vn 0.041708 -0.357197 0.933097
vn 0.041708 -0.357197 0.933097
vn 0.041708 -0.357197 0.933097
vn 0.041708 -0.357197 0.933097
vn 0.041708 -0.357197 0.933097
vn 0.041708 -0.357197 0.933097
vn 0.041708 -0.357197 0.933097
vn 0.041708 -0.357197 0.933097
vn 0.041708 -0.357197 0.933097
vn 0.041708 -0.357197 0.933097
vn 0.041708 -0.357197 0.933097
vn 0.041708 -0.357197 0.933097
vn 0.041708 -0.357197 0.933097
vn 0.041708 -0.357197 0.933097
vn 0.041708 -0.357197 0.933097
vn 0.041708 -0.357197 0.933097
vn 0.041708 -0.357197 0.933097
vn 0.041708 -0.357197 0.933097
vn 0.041708 -0.357197 0.933097
vn 0.041708 -0.357197 0.933097
vn 0.041708 -0.357197 0.933097
vn 0.041708 -0.357197 0.933097
vn 0.041708 -0.357197 0.933097
vn 0.041708 -0.357197 0.933097
vn 0.041708 -0.357197 0.933097
vn 0.041708 -0.357197 0.933097
vn 0.041708 -0.357197 0.933097
vn 0.041708 -0.357197 0.933097
vn 0.041708 -0.357197 0.933097
vn 0.041708 -0.357197 0.933097
vn 0.041708 -0.357197 0.933097
vn 0.041708 -0.357197 0.933097
vn 0.041708 -0.357197 0.933097
vn 0.041708 -0.357197 0.933097
vn 0.041708 -0.357197 0.933097
vn 0.041708 -0.357197 0.933097
vn 0.041708 -0.357197 0.933097
vn 0.041708 -0.357197 0.933097
vn 0.041708 -0.357197 0.933097
vn 0.041708 -0.357197 0.933097
vn 0.041708 -0.357197 0.933097
vn 0.041708 -0.357197 0.933097
vn 0.041708 -0.357197 0.933097
vn 0.041708 -0.357197 0.933097
vn 0.041708 -0.357197 0.933097
vn 0.041708 -0.357197 0.933097
vn 0.041708 -0.357197 0.933097
vn 0.041708 -0.357197 0.933097
vn 0.041708 -0.357197 0.933097
vn 0.041708 -0.357197 0.933097
vn 0.041708 -0.357197 0.933097
vn 0.041708 -0.357197 0.933097
vn 0.041708 -0.357197 0.933097
vn 0.041708 -0.357197 0.933097
vn 0.041708 -0.357197 0.933097
vn 0.041708 -0.357197 0.933097
vn 0.041708 -0.357197 0.933097
vn 0.041708 -0.357197 0.933097
vn 0.041708 -0.357197 0.933097
vn 0.041708 -0.357197 0.933097
vn 0.041708 -0.357197 0.933097
vn 0.041708 -0.357197 0.933097
vn 0.041708 -0.357197 0.933097
vn 0.041708 -0.357197 0.933097
vn 0.041708 -0.357197 0.933097
vn 0.041708 -0.357197 0.933097
vn 0.041708 -0.357197 0.933097
vn 0.041708 -0.357197 0.933097
vn 0.041708 -0.357197 0.933097
vn 0.041708 -0.357197 0.933097
vn 0.041708 -0.357197 0.933097
vn 0.041708 -0.357197 0.933097
vn 0.041708 -0.357197 0.933097
vn 0.041708 -0.357197 0.933097
vn 0.041708 -0.357197 0.933097
vn 0.041708 -0.357197 0.933097
vn 0.041708 -0.357197 0.933097
vn 0.041708 -0.357197 0.933097
vn 0.041708 -0.357197 0.933097
vn 0.041708 -0.357197 0.933097
vn 0.041708 -0.357197 0.933097
vn 0.041708 -0.357197 0.933097
vn 0.041708 -0.357197 0.933097
vn 0.041708 -0.357197 0.933097
vn 0.041708 -0.357197 0.933097
vn 0.041708 -0.357197 0.933097
vn 0.041708 -0.357197 0.933097
vn 0.041708 -0.357197 0.933097
